# v41 decision funnel | BNBUSDT | days=180 | path=RC3 binary TR→Confidence→Decision
# finalConfidence = Confidence Engine (Decision threshold SSOT); confTR = detail.confidence
# bands vs decisionConfig thresholds: ignore/watch floor 45, long/short 75
symbol,openTime,iso,trendDirection,proposedSide,confTR,finalConfidence,decision,trendReversalConfirmed,trState,preContextState,trActive,contextApplied,contextPass,ctxBtc,ctxFunding,ctxOi,ctxWhale,ctxVolatility,ewSeverity,ewPass,momentumLong,momentumShort,momentumPass,eligible,hardBlocks,activeConditionCount,completenessMultiplier,proposedDirection,bandLt45,band45to75,bandGe75,finalPropose
BNBUSDT,1770249600000,2026-02-05T00:00:00.000Z,BEAR,LONG,30.34722222222222,17.57734375,IGNORE,0,WATCH,,0,0,0,NA,NA,NA,NA,NA,CLEAR,1,0,0,0,0,TREND_REVERSAL_UNCONFIRMED,2,0.45,LONG,1,0,0,0
BNBUSDT,1770253200000,2026-02-05T01:00:00.000Z,BEAR,LONG,25.723260929242002,17.21320679817781,IGNORE,0,WATCH,,0,0,0,NA,NA,NA,NA,NA,CLEAR,1,0,0,0,0,TREND_REVERSAL_UNCONFIRMED,2,0.45,LONG,1,0,0,0
BNBUSDT,1770256800000,2026-02-05T02:00:00.000Z,BEAR,LONG,12.847222222222221,12.54296875,IGNORE,0,WATCH,,0,0,0,NA,NA,NA,NA,NA,CLEAR,1,0,0,0,0,TREND_REVERSAL_UNCONFIRMED,1,0.45,LONG,1,0,0,0
BNBUSDT,1770260400000,2026-02-05T03:00:00.000Z,BEAR,LONG,12.847222222222221,12.54296875,IGNORE,0,WATCH,,0,0,0,NA,NA,NA,NA,NA,CLEAR,1,0,0,0,0,TREND_REVERSAL_UNCONFIRMED,1,0.45,LONG,1,0,0,0
BNBUSDT,1770264000000,2026-02-05T04:00:00.000Z,BEAR,LONG,12.847222222222221,12.54296875,IGNORE,0,WATCH,,0,0,0,NA,NA,NA,NA,NA,CLEAR,1,0,0,0,0,TREND_REVERSAL_UNCONFIRMED,1,0.45,LONG,1,0,0,0
BNBUSDT,1770267600000,2026-02-05T05:00:00.000Z,BEAR,LONG,0,7.875,IGNORE,0,WATCH,,0,0,0,NA,NA,NA,NA,NA,CLEAR,1,0,0,0,0,TREND_REVERSAL_UNCONFIRMED,0,0.45,LONG,1,0,0,0
BNBUSDT,1770271200000,2026-02-05T06:00:00.000Z,BEAR,LONG,13.194444444444445,12.5703125,IGNORE,0,WATCH,,0,0,0,NA,NA,NA,NA,NA,CLEAR,1,0,0,0,0,TREND_REVERSAL_UNCONFIRMED,1,0.45,LONG,1,0,0,0
BNBUSDT,1770274800000,2026-02-05T07:00:00.000Z,BEAR,LONG,13.194444444444445,12.5703125,IGNORE,0,WATCH,,0,0,0,NA,NA,NA,NA,NA,CLEAR,1,0,0,0,0,TREND_REVERSAL_UNCONFIRMED,1,0.45,LONG,1,0,0,0
BNBUSDT,1770278400000,2026-02-05T08:00:00.000Z,BEAR,LONG,0,7.875,IGNORE,0,WATCH,,0,0,0,NA,NA,NA,NA,NA,CLEAR,1,0,0,0,0,TREND_REVERSAL_UNCONFIRMED,0,0.45,LONG,1,0,0,0
BNBUSDT,1770282000000,2026-02-05T09:00:00.000Z,BEAR,LONG,25,13.5,IGNORE,0,WATCH,,0,0,0,NA,NA,NA,NA,NA,WARNING_SOFT,1,0,0,0,0,TREND_REVERSAL_UNCONFIRMED,1,0.45,LONG,1,0,0,0
BNBUSDT,1770285600000,2026-02-05T10:00:00.000Z,BEAR,LONG,0,7.875,IGNORE,0,WATCH,,0,0,0,NA,NA,NA,NA,NA,WARNING_SOFT,1,0,0,0,0,TREND_REVERSAL_UNCONFIRMED,0,0.45,LONG,1,0,0,0
BNBUSDT,1770289200000,2026-02-05T11:00:00.000Z,BEAR,LONG,24.431838720432545,13.455257299234063,IGNORE,0,WATCH,,0,0,0,NA,NA,NA,NA,NA,CLEAR,1,0,0,0,0,TREND_REVERSAL_UNCONFIRMED,1,0.45,LONG,1,0,0,0
BNBUSDT,1770292800000,2026-02-05T12:00:00.000Z,BEAR,LONG,34.68694882509956,17.919097219976592,IGNORE,0,WATCH,,0,0,0,NA,NA,NA,NA,NA,CLEAR,1,0,1,0,0,TREND_REVERSAL_UNCONFIRMED,2,0.45,LONG,1,0,0,0
BNBUSDT,1770296400000,2026-02-05T13:00:00.000Z,BEAR,LONG,14.583333333333332,12.6796875,IGNORE,0,WATCH,,0,0,0,NA,NA,NA,NA,NA,CLEAR,1,0,0,0,0,TREND_REVERSAL_UNCONFIRMED,1,0.45,LONG,1,0,0,0
BNBUSDT,1770300000000,2026-02-05T14:00:00.000Z,BEAR,LONG,42.10031237133721,18.502899599242806,IGNORE,0,WATCH,,0,0,0,NA,NA,NA,NA,NA,CLEAR,1,0,0,0,0,TREND_REVERSAL_UNCONFIRMED,2,0.45,LONG,1,0,0,0
BNBUSDT,1770303600000,2026-02-05T15:00:00.000Z,BEAR,LONG,39.58333333333333,18.3046875,IGNORE,0,WATCH,,0,0,0,NA,NA,NA,NA,NA,CLEAR,1,0,0,0,0,TREND_REVERSAL_UNCONFIRMED,2,0.45,LONG,1,0,0,0
BNBUSDT,1770307200000,2026-02-05T16:00:00.000Z,BEAR,LONG,21.07147178035015,13.190628402702574,IGNORE,0,WATCH,,0,0,0,NA,NA,NA,NA,NA,CLEAR,1,0,0,0,0,TREND_REVERSAL_UNCONFIRMED,1,0.45,LONG,1,0,0,0
BNBUSDT,1770310800000,2026-02-05T17:00:00.000Z,BEAR,LONG,27.508080333903404,17.353761326294894,IGNORE,0,WATCH,,0,0,0,NA,NA,NA,NA,NA,CLEAR,1,0,0,0,0,TREND_REVERSAL_UNCONFIRMED,2,0.45,LONG,1,0,0,0
BNBUSDT,1770314400000,2026-02-05T18:00:00.000Z,BEAR,LONG,35.61032906481468,17.991813413854157,IGNORE,0,WATCH,,0,0,0,NA,NA,NA,NA,NA,CLEAR,1,0,0,0,0,TREND_REVERSAL_UNCONFIRMED,2,0.45,LONG,1,0,0,0
BNBUSDT,1770318000000,2026-02-05T19:00:00.000Z,BEAR,LONG,16.319444444444443,12.81640625,IGNORE,0,WATCH,,0,0,0,NA,NA,NA,NA,NA,CLEAR,1,0,0,0,0,TREND_REVERSAL_UNCONFIRMED,1,0.45,LONG,1,0,0,0
BNBUSDT,1770321600000,2026-02-05T20:00:00.000Z,BEAR,LONG,43.05555555555556,18.578125,IGNORE,0,WATCH,,0,0,0,NA,NA,NA,NA,NA,CLEAR,1,0,1,0,0,TREND_REVERSAL_UNCONFIRMED,2,0.45,LONG,1,0,0,0
BNBUSDT,1770325200000,2026-02-05T21:00:00.000Z,BEAR,LONG,45.138888888888886,18.7421875,IGNORE,0,WATCH,,0,0,0,NA,NA,NA,NA,NA,CLEAR,1,0,1,0,0,TREND_REVERSAL_UNCONFIRMED,2,0.45,LONG,1,0,0,0
BNBUSDT,1770328800000,2026-02-05T22:00:00.000Z,BEAR,LONG,56.922071026167636,60.76254444084664,WATCH,1,ACTIVE,ACTIVE,1,1,1,PASS,PASS,SKIP,SKIP,PASS,CLEAR,1,0,0,0,1,,3,0.84,LONG,0,1,0,0
BNBUSDT,1770332400000,2026-02-05T23:00:00.000Z,BEAR,LONG,16.319444444444443,12.81640625,IGNORE,0,WATCH,,0,0,0,NA,NA,NA,NA,NA,CLEAR,1,0,0,0,0,TREND_REVERSAL_UNCONFIRMED,1,0.45,LONG,1,0,0,0
BNBUSDT,1770336000000,2026-02-06T00:00:00.000Z,BEAR,LONG,41.31944444444444,18.44140625,IGNORE,0,WATCH,,0,0,0,NA,NA,NA,NA,NA,CLEAR,1,0,0,0,0,TREND_REVERSAL_UNCONFIRMED,2,0.45,LONG,1,0,0,0
BNBUSDT,1770339600000,2026-02-06T01:00:00.000Z,BEAR,LONG,0,7.875,IGNORE,0,WATCH,,0,0,0,NA,NA,NA,NA,NA,CLEAR,1,0,0,0,0,TREND_REVERSAL_UNCONFIRMED,0,0.45,LONG,1,0,0,0
BNBUSDT,1770343200000,2026-02-06T02:00:00.000Z,BEAR,LONG,0,7.875,IGNORE,0,WATCH,,0,0,0,NA,NA,NA,NA,NA,CLEAR,1,0,0,0,0,TREND_REVERSAL_UNCONFIRMED,0,0.45,LONG,1,0,0,0
BNBUSDT,1770346800000,2026-02-06T03:00:00.000Z,BEAR,LONG,0,7.875,IGNORE,0,WATCH,,0,0,0,NA,NA,NA,NA,NA,CLEAR,1,0,0,0,0,TREND_REVERSAL_UNCONFIRMED,0,0.45,LONG,1,0,0,0
BNBUSDT,1770350400000,2026-02-06T04:00:00.000Z,BEAR,LONG,0,7.875,IGNORE,0,WATCH,,0,0,0,NA,NA,NA,NA,NA,CLEAR,1,0,0,0,0,TREND_REVERSAL_UNCONFIRMED,0,0.45,LONG,1,0,0,0
BNBUSDT,1770354000000,2026-02-06T05:00:00.000Z,BEAR,LONG,0,7.875,IGNORE,0,WATCH,,0,0,0,NA,NA,NA,NA,NA,WARNING_SOFT,1,0,0,0,0,TREND_REVERSAL_UNCONFIRMED,0,0.45,LONG,1,0,0,0
BNBUSDT,1770357600000,2026-02-06T06:00:00.000Z,BEAR,LONG,0,7.875,IGNORE,0,WATCH,,0,0,0,NA,NA,NA,NA,NA,WARNING_SOFT,1,0,0,0,0,TREND_REVERSAL_UNCONFIRMED,0,0.45,LONG,1,0,0,0
BNBUSDT,1770361200000,2026-02-06T07:00:00.000Z,BEAR,LONG,0,7.875,IGNORE,0,WATCH,,0,0,0,NA,NA,NA,NA,NA,WARNING_SOFT,1,0,0,0,0,TREND_REVERSAL_UNCONFIRMED,0,0.45,LONG,1,0,0,0
BNBUSDT,1770364800000,2026-02-06T08:00:00.000Z,BEAR,LONG,0,7.875,IGNORE,0,WATCH,,0,0,0,NA,NA,NA,NA,NA,CLEAR,1,0,0,0,0,TREND_REVERSAL_UNCONFIRMED,0,0.45,LONG,1,0,0,0
BNBUSDT,1770368400000,2026-02-06T09:00:00.000Z,BEAR,LONG,25,13.5,IGNORE,0,WATCH,,0,0,0,NA,NA,NA,NA,NA,CLEAR,1,0,0,0,0,TREND_REVERSAL_UNCONFIRMED,1,0.45,LONG,1,0,0,0
BNBUSDT,1770372000000,2026-02-06T10:00:00.000Z,BEAR,LONG,0,7.875,IGNORE,0,WATCH,,0,0,0,NA,NA,NA,NA,NA,WARNING_SOFT,1,0,0,0,0,TREND_REVERSAL_UNCONFIRMED,0,0.45,LONG,1,0,0,0
BNBUSDT,1770375600000,2026-02-06T11:00:00.000Z,BEAR,LONG,17.5,12.909375,IGNORE,0,WATCH,,0,0,0,NA,NA,NA,NA,NA,WARNING_SOFT,1,0,0,0,0,TREND_REVERSAL_UNCONFIRMED,1,0.45,LONG,1,0,0,0
BNBUSDT,1770379200000,2026-02-06T12:00:00.000Z,NEUTRAL,NONE,0,7.875,IGNORE,0,WATCH,,0,0,0,NA,NA,NA,NA,NA,CLEAR,1,0,0,0,0,TREND_REVERSAL_UNCONFIRMED,0,0.45,NONE,1,0,0,0
BNBUSDT,1770382800000,2026-02-06T13:00:00.000Z,NEUTRAL,NONE,0,7.875,IGNORE,0,WATCH,,0,0,0,NA,NA,NA,NA,NA,CLEAR,1,0,0,0,0,TREND_REVERSAL_UNCONFIRMED,0,0.45,NONE,1,0,0,0
BNBUSDT,1770386400000,2026-02-06T14:00:00.000Z,NEUTRAL,NONE,0,7.875,IGNORE,0,WATCH,,0,0,0,NA,NA,NA,NA,NA,CLEAR,1,0,0,0,0,TREND_REVERSAL_UNCONFIRMED,0,0.45,NONE,1,0,0,0
BNBUSDT,1770390000000,2026-02-06T15:00:00.000Z,NEUTRAL,NONE,0,7.875,IGNORE,0,WATCH,,0,0,0,NA,NA,NA,NA,NA,CLEAR,1,0,0,0,0,TREND_REVERSAL_UNCONFIRMED,0,0.45,NONE,1,0,0,0
BNBUSDT,1770393600000,2026-02-06T16:00:00.000Z,NEUTRAL,NONE,0,7.875,IGNORE,0,WATCH,,0,0,0,NA,NA,NA,NA,NA,CLEAR,1,0,0,0,0,TREND_REVERSAL_UNCONFIRMED,0,0.45,NONE,1,0,0,0
BNBUSDT,1770397200000,2026-02-06T17:00:00.000Z,NEUTRAL,NONE,0,7.875,IGNORE,0,WATCH,,0,0,0,NA,NA,NA,NA,NA,CLEAR,1,0,0,0,0,TREND_REVERSAL_UNCONFIRMED,0,0.45,NONE,1,0,0,0
BNBUSDT,1770400800000,2026-02-06T18:00:00.000Z,NEUTRAL,NONE,0,7.875,IGNORE,0,WATCH,,0,0,0,NA,NA,NA,NA,NA,CLEAR,1,0,0,0,0,TREND_REVERSAL_UNCONFIRMED,0,0.45,NONE,1,0,0,0
BNBUSDT,1770404400000,2026-02-06T19:00:00.000Z,NEUTRAL,NONE,0,7.875,IGNORE,0,WATCH,,0,0,0,NA,NA,NA,NA,NA,CLEAR,1,0,0,0,0,TREND_REVERSAL_UNCONFIRMED,0,0.45,NONE,1,0,0,0
BNBUSDT,1770408000000,2026-02-06T20:00:00.000Z,NEUTRAL,NONE,0,7.875,IGNORE,0,WATCH,,0,0,0,NA,NA,NA,NA,NA,CLEAR,1,0,0,0,0,TREND_REVERSAL_UNCONFIRMED,0,0.45,NONE,1,0,0,0
BNBUSDT,1770411600000,2026-02-06T21:00:00.000Z,NEUTRAL,NONE,0,7.875,IGNORE,0,WATCH,,0,0,0,NA,NA,NA,NA,NA,CLEAR,1,0,0,0,0,TREND_REVERSAL_UNCONFIRMED,0,0.45,NONE,1,0,0,0
BNBUSDT,1770415200000,2026-02-06T22:00:00.000Z,NEUTRAL,NONE,0,7.875,IGNORE,0,WATCH,,0,0,0,NA,NA,NA,NA,NA,CLEAR,1,0,0,0,0,TREND_REVERSAL_UNCONFIRMED,0,0.45,NONE,1,0,0,0
BNBUSDT,1770418800000,2026-02-06T23:00:00.000Z,NEUTRAL,NONE,0,7.875,IGNORE,0,WATCH,,0,0,0,NA,NA,NA,NA,NA,CLEAR,1,0,0,0,0,TREND_REVERSAL_UNCONFIRMED,0,0.45,NONE,1,0,0,0
BNBUSDT,1770422400000,2026-02-07T00:00:00.000Z,NEUTRAL,NONE,0,7.875,IGNORE,0,WATCH,,0,0,0,NA,NA,NA,NA,NA,WARNING_SOFT,1,0,0,0,0,TREND_REVERSAL_UNCONFIRMED,0,0.45,NONE,1,0,0,0
BNBUSDT,1770426000000,2026-02-07T01:00:00.000Z,NEUTRAL,NONE,0,7.875,IGNORE,0,WATCH,,0,0,0,NA,NA,NA,NA,NA,WARNING_SOFT,1,0,0,0,0,TREND_REVERSAL_UNCONFIRMED,0,0.45,NONE,1,0,0,0
BNBUSDT,1770429600000,2026-02-07T02:00:00.000Z,NEUTRAL,NONE,0,7.875,IGNORE,0,WATCH,,0,0,0,NA,NA,NA,NA,NA,CLEAR,1,0,0,0,0,TREND_REVERSAL_UNCONFIRMED,0,0.45,NONE,1,0,0,0
BNBUSDT,1770433200000,2026-02-07T03:00:00.000Z,NEUTRAL,NONE,0,7.875,IGNORE,0,WATCH,,0,0,0,NA,NA,NA,NA,NA,CLEAR,1,0,0,0,0,TREND_REVERSAL_UNCONFIRMED,0,0.45,NONE,1,0,0,0
BNBUSDT,1770436800000,2026-02-07T04:00:00.000Z,NEUTRAL,NONE,0,7.875,IGNORE,0,WATCH,,0,0,0,NA,NA,NA,NA,NA,CLEAR,1,0,0,0,0,TREND_REVERSAL_UNCONFIRMED,0,0.45,NONE,1,0,0,0
BNBUSDT,1770440400000,2026-02-07T05:00:00.000Z,NEUTRAL,NONE,0,7.875,IGNORE,0,WATCH,,0,0,0,NA,NA,NA,NA,NA,WARNING_SOFT,1,0,0,0,0,TREND_REVERSAL_UNCONFIRMED,0,0.45,NONE,1,0,0,0
BNBUSDT,1770444000000,2026-02-07T06:00:00.000Z,BEAR,LONG,17.5,12.909375,IGNORE,0,WATCH,,0,0,0,NA,NA,NA,NA,NA,CLEAR,1,0,0,0,0,TREND_REVERSAL_UNCONFIRMED,1,0.45,LONG,1,0,0,0
BNBUSDT,1770447600000,2026-02-07T07:00:00.000Z,BEAR,LONG,42.5,18.534375,IGNORE,0,WATCH,,0,0,0,NA,NA,NA,NA,NA,CLEAR,1,0,1,0,0,TREND_REVERSAL_UNCONFIRMED,2,0.45,LONG,1,0,0,0
BNBUSDT,1770451200000,2026-02-07T08:00:00.000Z,BEAR,LONG,42.5,18.534375,IGNORE,0,WATCH,,0,0,0,NA,NA,NA,NA,NA,CLEAR,1,0,0,0,0,TREND_REVERSAL_UNCONFIRMED,2,0.45,LONG,1,0,0,0
BNBUSDT,1770454800000,2026-02-07T09:00:00.000Z,BEAR,LONG,30.34722222222222,17.57734375,IGNORE,0,WATCH,,0,0,0,NA,NA,NA,NA,NA,CLEAR,1,0,0,0,0,TREND_REVERSAL_UNCONFIRMED,2,0.45,LONG,1,0,0,0
BNBUSDT,1770458400000,2026-02-07T10:00:00.000Z,BEAR,LONG,30.34722222222222,17.57734375,IGNORE,0,WATCH,,0,0,0,NA,NA,NA,NA,NA,CLEAR,1,0,0,0,0,TREND_REVERSAL_UNCONFIRMED,2,0.45,LONG,1,0,0,0
BNBUSDT,1770462000000,2026-02-07T11:00:00.000Z,BEAR,LONG,42.5,18.534375,IGNORE,0,WATCH,,0,0,0,NA,NA,NA,NA,NA,CLEAR,1,0,0,0,0,TREND_REVERSAL_UNCONFIRMED,2,0.45,LONG,1,0,0,0
BNBUSDT,1770465600000,2026-02-07T12:00:00.000Z,BEAR,LONG,34.47573943832343,17.90246448076797,IGNORE,0,WATCH,,0,0,0,NA,NA,NA,NA,NA,CLEAR,1,0,0,0,0,TREND_REVERSAL_UNCONFIRMED,2,0.45,LONG,1,0,0,0
BNBUSDT,1770469200000,2026-02-07T13:00:00.000Z,BEAR,LONG,0,7.875,IGNORE,0,WATCH,,0,0,0,NA,NA,NA,NA,NA,CLEAR,1,0,0,0,0,TREND_REVERSAL_UNCONFIRMED,0,0.45,LONG,1,0,0,0
BNBUSDT,1770472800000,2026-02-07T14:00:00.000Z,BEAR,LONG,0,7.875,IGNORE,0,WATCH,,0,0,0,NA,NA,NA,NA,NA,CLEAR,1,0,0,0,0,TREND_REVERSAL_UNCONFIRMED,0,0.45,LONG,1,0,0,0
BNBUSDT,1770476400000,2026-02-07T15:00:00.000Z,BEAR,LONG,25,13.5,IGNORE,0,WATCH,,0,0,0,NA,NA,NA,NA,NA,WARNING_SOFT,1,0,0,0,0,TREND_REVERSAL_UNCONFIRMED,1,0.45,LONG,1,0,0,0
BNBUSDT,1770480000000,2026-02-07T16:00:00.000Z,BEAR,LONG,25,13.5,IGNORE,0,WATCH,,0,0,0,NA,NA,NA,NA,NA,BLOCK,0,0,0,0,0,TREND_REVERSAL_UNCONFIRMED,1,0.45,LONG,1,0,0,0
BNBUSDT,1770483600000,2026-02-07T17:00:00.000Z,NEUTRAL,NONE,0,7.875,IGNORE,0,WATCH,,0,0,0,NA,NA,NA,NA,NA,CLEAR,1,0,0,0,0,TREND_REVERSAL_UNCONFIRMED,0,0.45,NONE,1,0,0,0
BNBUSDT,1770487200000,2026-02-07T18:00:00.000Z,NEUTRAL,NONE,0,7.875,IGNORE,0,WATCH,,0,0,0,NA,NA,NA,NA,NA,CLEAR,1,0,0,0,0,TREND_REVERSAL_UNCONFIRMED,0,0.45,NONE,1,0,0,0
BNBUSDT,1770490800000,2026-02-07T19:00:00.000Z,NEUTRAL,NONE,0,7.875,IGNORE,0,WATCH,,0,0,0,NA,NA,NA,NA,NA,CLEAR,1,0,0,0,0,TREND_REVERSAL_UNCONFIRMED,0,0.45,NONE,1,0,0,0
BNBUSDT,1770494400000,2026-02-07T20:00:00.000Z,NEUTRAL,NONE,0,7.875,IGNORE,0,WATCH,,0,0,0,NA,NA,NA,NA,NA,CLEAR,1,0,0,0,0,TREND_REVERSAL_UNCONFIRMED,0,0.45,NONE,1,0,0,0
BNBUSDT,1770498000000,2026-02-07T21:00:00.000Z,NEUTRAL,NONE,0,7.875,IGNORE,0,WATCH,,0,0,0,NA,NA,NA,NA,NA,CLEAR,1,0,0,0,0,TREND_REVERSAL_UNCONFIRMED,0,0.45,NONE,1,0,0,0
BNBUSDT,1770501600000,2026-02-07T22:00:00.000Z,NEUTRAL,NONE,0,7.875,IGNORE,0,WATCH,,0,0,0,NA,NA,NA,NA,NA,CLEAR,1,0,0,0,0,TREND_REVERSAL_UNCONFIRMED,0,0.45,NONE,1,0,0,0
BNBUSDT,1770505200000,2026-02-07T23:00:00.000Z,NEUTRAL,NONE,0,7.875,IGNORE,0,WATCH,,0,0,0,NA,NA,NA,NA,NA,WARNING_SOFT,1,0,0,0,0,TREND_REVERSAL_UNCONFIRMED,0,0.45,NONE,1,0,0,0
BNBUSDT,1770508800000,2026-02-08T00:00:00.000Z,NEUTRAL,NONE,0,7.875,IGNORE,0,WATCH,,0,0,0,NA,NA,NA,NA,NA,WARNING_SOFT,1,0,0,0,0,TREND_REVERSAL_UNCONFIRMED,0,0.45,NONE,1,0,0,0
BNBUSDT,1770512400000,2026-02-08T01:00:00.000Z,NEUTRAL,NONE,0,7.875,IGNORE,0,WATCH,,0,0,0,NA,NA,NA,NA,NA,WARNING_SOFT,1,0,0,0,0,TREND_REVERSAL_UNCONFIRMED,0,0.45,NONE,1,0,0,0
BNBUSDT,1770516000000,2026-02-08T02:00:00.000Z,BEAR,LONG,17.5,12.909375,IGNORE,0,WATCH,,0,0,0,NA,NA,NA,NA,NA,WARNING_SOFT,1,0,0,0,0,TREND_REVERSAL_UNCONFIRMED,1,0.45,LONG,1,0,0,0
BNBUSDT,1770519600000,2026-02-08T03:00:00.000Z,BEAR,LONG,17.5,12.909375,IGNORE,0,WATCH,,0,0,0,NA,NA,NA,NA,NA,CLEAR,1,0,0,0,0,TREND_REVERSAL_UNCONFIRMED,1,0.45,LONG,1,0,0,0
BNBUSDT,1770523200000,2026-02-08T04:00:00.000Z,BEAR,LONG,17.5,12.909375,IGNORE,0,WATCH,,0,0,0,NA,NA,NA,NA,NA,WARNING_HARD,1,0,0,0,0,TREND_REVERSAL_UNCONFIRMED,1,0.45,LONG,1,0,0,0
BNBUSDT,1770526800000,2026-02-08T05:00:00.000Z,BEAR,LONG,17.5,12.909375,IGNORE,0,WATCH,,0,0,0,NA,NA,NA,NA,NA,WARNING_SOFT,1,0,0,0,0,TREND_REVERSAL_UNCONFIRMED,1,0.45,LONG,1,0,0,0
BNBUSDT,1770530400000,2026-02-08T06:00:00.000Z,BEAR,LONG,17.5,12.909375,IGNORE,0,WATCH,,0,0,0,NA,NA,NA,NA,NA,WARNING_SOFT,1,0,0,0,0,TREND_REVERSAL_UNCONFIRMED,1,0.45,LONG,1,0,0,0
BNBUSDT,1770534000000,2026-02-08T07:00:00.000Z,BEAR,LONG,17.5,12.909375,IGNORE,0,WATCH,,0,0,0,NA,NA,NA,NA,NA,WARNING_HARD,1,0,0,0,0,TREND_REVERSAL_UNCONFIRMED,1,0.45,LONG,1,0,0,0
BNBUSDT,1770537600000,2026-02-08T08:00:00.000Z,NEUTRAL,NONE,0,7.875,IGNORE,0,WATCH,,0,0,0,NA,NA,NA,NA,NA,WARNING_SOFT,1,0,0,0,0,TREND_REVERSAL_UNCONFIRMED,0,0.45,NONE,1,0,0,0
BNBUSDT,1770541200000,2026-02-08T09:00:00.000Z,BEAR,LONG,33.138067531728176,17.797122818123594,IGNORE,0,WATCH,,0,0,0,NA,NA,NA,NA,NA,BLOCK,0,0,0,0,0,TREND_REVERSAL_UNCONFIRMED,2,0.45,LONG,1,0,0,0
BNBUSDT,1770544800000,2026-02-08T10:00:00.000Z,BEAR,LONG,17.5,12.909375,IGNORE,0,WATCH,,0,0,0,NA,NA,NA,NA,NA,WARNING_HARD,1,0,0,0,0,TREND_REVERSAL_UNCONFIRMED,1,0.45,LONG,1,0,0,0
BNBUSDT,1770548400000,2026-02-08T11:00:00.000Z,NEUTRAL,NONE,0,7.875,IGNORE,0,WATCH,,0,0,0,NA,NA,NA,NA,NA,WARNING_SOFT,1,0,0,0,0,TREND_REVERSAL_UNCONFIRMED,0,0.45,NONE,1,0,0,0
BNBUSDT,1770552000000,2026-02-08T12:00:00.000Z,NEUTRAL,NONE,0,7.875,IGNORE,0,WATCH,,0,0,0,NA,NA,NA,NA,NA,WARNING_SOFT,1,0,0,0,0,TREND_REVERSAL_UNCONFIRMED,0,0.45,NONE,1,0,0,0
BNBUSDT,1770555600000,2026-02-08T13:00:00.000Z,BEAR,LONG,16.602811320474594,12.838721391487374,IGNORE,0,WATCH,,0,0,0,NA,NA,NA,NA,NA,BLOCK,0,0,0,0,0,TREND_REVERSAL_UNCONFIRMED,1,0.45,LONG,1,0,0,0
BNBUSDT,1770559200000,2026-02-08T14:00:00.000Z,NEUTRAL,NONE,0,7.875,IGNORE,0,WATCH,,0,0,0,NA,NA,NA,NA,NA,WARNING_SOFT,1,0,0,0,0,TREND_REVERSAL_UNCONFIRMED,0,0.45,NONE,1,0,0,0
BNBUSDT,1770562800000,2026-02-08T15:00:00.000Z,BEAR,LONG,19.033642506942336,13.03014934742171,IGNORE,0,WATCH,,0,0,0,NA,NA,NA,NA,NA,WARNING_HARD,1,0,0,0,0,TREND_REVERSAL_UNCONFIRMED,1,0.45,LONG,1,0,0,0
BNBUSDT,1770566400000,2026-02-08T16:00:00.000Z,BEAR,LONG,21.413342248947345,13.217550702104603,IGNORE,0,WATCH,,0,0,0,NA,NA,NA,NA,NA,WARNING_SOFT,1,0,0,0,0,TREND_REVERSAL_UNCONFIRMED,1,0.45,LONG,1,0,0,0
BNBUSDT,1770570000000,2026-02-08T17:00:00.000Z,BEAR,LONG,0,7.875,IGNORE,0,WATCH,,0,0,0,NA,NA,NA,NA,NA,WARNING_SOFT,1,0,0,0,0,TREND_REVERSAL_UNCONFIRMED,0,0.45,LONG,1,0,0,0
BNBUSDT,1770573600000,2026-02-08T18:00:00.000Z,NEUTRAL,NONE,0,7.875,IGNORE,0,WATCH,,0,0,0,NA,NA,NA,NA,NA,WARNING_SOFT,1,0,0,0,0,TREND_REVERSAL_UNCONFIRMED,0,0.45,NONE,1,0,0,0
BNBUSDT,1770577200000,2026-02-08T19:00:00.000Z,NEUTRAL,NONE,0,7.875,IGNORE,0,WATCH,,0,0,0,NA,NA,NA,NA,NA,CLEAR,1,0,0,0,0,TREND_REVERSAL_UNCONFIRMED,0,0.45,NONE,1,0,0,0
BNBUSDT,1770580800000,2026-02-08T20:00:00.000Z,BEAR,LONG,0,7.875,IGNORE,0,WATCH,,0,0,0,NA,NA,NA,NA,NA,WARNING_SOFT,1,0,0,0,0,TREND_REVERSAL_UNCONFIRMED,0,0.45,LONG,1,0,0,0
BNBUSDT,1770584400000,2026-02-08T21:00:00.000Z,BEAR,LONG,25,13.5,IGNORE,0,WATCH,,0,0,0,NA,NA,NA,NA,NA,WARNING_SOFT,1,0,0,0,0,TREND_REVERSAL_UNCONFIRMED,1,0.45,LONG,1,0,0,0
BNBUSDT,1770588000000,2026-02-08T22:00:00.000Z,BEAR,LONG,0,7.875,IGNORE,0,WATCH,,0,0,0,NA,NA,NA,NA,NA,WARNING_SOFT,1,0,0,0,0,TREND_REVERSAL_UNCONFIRMED,0,0.45,LONG,1,0,0,0
BNBUSDT,1770591600000,2026-02-08T23:00:00.000Z,BEAR,LONG,25,13.5,IGNORE,0,WATCH,,0,0,0,NA,NA,NA,NA,NA,CLEAR,1,0,0,0,0,TREND_REVERSAL_UNCONFIRMED,1,0.45,LONG,1,0,0,0
BNBUSDT,1770595200000,2026-02-09T00:00:00.000Z,BEAR,LONG,0,7.875,IGNORE,0,WATCH,,0,0,0,NA,NA,NA,NA,NA,CLEAR,1,0,0,0,0,TREND_REVERSAL_UNCONFIRMED,0,0.45,LONG,1,0,0,0
BNBUSDT,1770598800000,2026-02-09T01:00:00.000Z,BEAR,LONG,0,7.875,IGNORE,0,WATCH,,0,0,0,NA,NA,NA,NA,NA,CLEAR,1,0,0,0,0,TREND_REVERSAL_UNCONFIRMED,0,0.45,LONG,1,0,0,0
BNBUSDT,1770602400000,2026-02-09T02:00:00.000Z,BEAR,LONG,0,7.875,IGNORE,0,WATCH,,0,0,0,NA,NA,NA,NA,NA,CLEAR,1,0,0,0,0,TREND_REVERSAL_UNCONFIRMED,0,0.45,LONG,1,0,0,0
BNBUSDT,1770606000000,2026-02-09T03:00:00.000Z,NEUTRAL,NONE,0,7.875,IGNORE,0,WATCH,,0,0,0,NA,NA,NA,NA,NA,WARNING_SOFT,1,0,0,0,0,TREND_REVERSAL_UNCONFIRMED,0,0.45,NONE,1,0,0,0
BNBUSDT,1770609600000,2026-02-09T04:00:00.000Z,BEAR,LONG,17.5,12.909375,IGNORE,0,WATCH,,0,0,0,NA,NA,NA,NA,NA,WARNING_SOFT,1,0,0,0,0,TREND_REVERSAL_UNCONFIRMED,1,0.45,LONG,1,0,0,0
BNBUSDT,1770613200000,2026-02-09T05:00:00.000Z,BEAR,LONG,17.5,12.909375,IGNORE,0,WATCH,,0,0,0,NA,NA,NA,NA,NA,WARNING_SOFT,1,0,0,0,0,TREND_REVERSAL_UNCONFIRMED,1,0.45,LONG,1,0,0,0
BNBUSDT,1770616800000,2026-02-09T06:00:00.000Z,BEAR,LONG,30.660895215306617,17.6020454982054,IGNORE,0,WATCH,,0,0,0,NA,NA,NA,NA,NA,CLEAR,1,0,0,0,0,TREND_REVERSAL_UNCONFIRMED,2,0.45,LONG,1,0,0,0
BNBUSDT,1770620400000,2026-02-09T07:00:00.000Z,BEAR,LONG,31.46146870722922,17.6650906606943,IGNORE,0,WATCH,,0,0,0,NA,NA,NA,NA,NA,CLEAR,1,0,0,0,0,TREND_REVERSAL_UNCONFIRMED,2,0.45,LONG,1,0,0,0
BNBUSDT,1770624000000,2026-02-09T08:00:00.000Z,BEAR,LONG,42.5,18.534375,IGNORE,0,WATCH,,0,0,0,NA,NA,NA,NA,NA,CLEAR,1,0,0,0,0,TREND_REVERSAL_UNCONFIRMED,2,0.45,LONG,1,0,0,0
BNBUSDT,1770627600000,2026-02-09T09:00:00.000Z,BEAR,LONG,42.5,18.534375,IGNORE,0,WATCH,,0,0,0,NA,NA,NA,NA,NA,CLEAR,1,0,0,0,0,TREND_REVERSAL_UNCONFIRMED,2,0.45,LONG,1,0,0,0
BNBUSDT,1770631200000,2026-02-09T10:00:00.000Z,BEAR,LONG,57.08333333333333,52.38625,WATCH,1,WATCH,ACTIVE,1,1,0,PASS,PASS,SKIP,SKIP,FAIL,CLEAR,1,0,0,0,0,MARKET_CONTEXT_DENIED,3,0.84,LONG,0,1,0,0
BNBUSDT,1770634800000,2026-02-09T11:00:00.000Z,BEAR,LONG,17.5,12.909375,IGNORE,0,WATCH,,0,0,0,NA,NA,NA,NA,NA,CLEAR,1,0,0,0,0,TREND_REVERSAL_UNCONFIRMED,1,0.45,LONG,1,0,0,0
BNBUSDT,1770638400000,2026-02-09T12:00:00.000Z,BEAR,LONG,17.5,12.909375,IGNORE,0,WATCH,,0,0,0,NA,NA,NA,NA,NA,CLEAR,1,0,0,0,0,TREND_REVERSAL_UNCONFIRMED,1,0.45,LONG,1,0,0,0
BNBUSDT,1770642000000,2026-02-09T13:00:00.000Z,BEAR,LONG,0,7.875,IGNORE,0,WATCH,,0,0,0,NA,NA,NA,NA,NA,WARNING_SOFT,1,0,0,0,0,TREND_REVERSAL_UNCONFIRMED,0,0.45,LONG,1,0,0,0
BNBUSDT,1770645600000,2026-02-09T14:00:00.000Z,BEAR,LONG,25,13.5,IGNORE,0,WATCH,,0,0,0,NA,NA,NA,NA,NA,CLEAR,1,0,0,0,0,TREND_REVERSAL_UNCONFIRMED,1,0.45,LONG,1,0,0,0
BNBUSDT,1770649200000,2026-02-09T15:00:00.000Z,BEAR,LONG,15.046390498474125,12.716153251754838,IGNORE,0,WATCH,,0,0,0,NA,NA,NA,NA,NA,CLEAR,1,0,0,0,0,TREND_REVERSAL_UNCONFIRMED,1,0.45,LONG,1,0,0,0
BNBUSDT,1770652800000,2026-02-09T16:00:00.000Z,NEUTRAL,NONE,0,7.875,IGNORE,0,WATCH,,0,0,0,NA,NA,NA,NA,NA,CLEAR,1,0,0,0,0,TREND_REVERSAL_UNCONFIRMED,0,0.45,NONE,1,0,0,0
BNBUSDT,1770656400000,2026-02-09T17:00:00.000Z,NEUTRAL,NONE,0,7.875,IGNORE,0,WATCH,,0,0,0,NA,NA,NA,NA,NA,CLEAR,1,0,0,0,0,TREND_REVERSAL_UNCONFIRMED,0,0.45,NONE,1,0,0,0
BNBUSDT,1770660000000,2026-02-09T18:00:00.000Z,NEUTRAL,NONE,0,7.875,IGNORE,0,WATCH,,0,0,0,NA,NA,NA,NA,NA,CLEAR,1,0,0,0,0,TREND_REVERSAL_UNCONFIRMED,0,0.45,NONE,1,0,0,0
BNBUSDT,1770663600000,2026-02-09T19:00:00.000Z,NEUTRAL,NONE,0,7.875,IGNORE,0,WATCH,,0,0,0,NA,NA,NA,NA,NA,CLEAR,1,0,0,0,0,TREND_REVERSAL_UNCONFIRMED,0,0.45,NONE,1,0,0,0
BNBUSDT,1770667200000,2026-02-09T20:00:00.000Z,NEUTRAL,NONE,0,7.875,IGNORE,0,WATCH,,0,0,0,NA,NA,NA,NA,NA,CLEAR,1,0,0,0,0,TREND_REVERSAL_UNCONFIRMED,0,0.45,NONE,1,0,0,0
BNBUSDT,1770670800000,2026-02-09T21:00:00.000Z,NEUTRAL,NONE,0,7.875,IGNORE,0,WATCH,,0,0,0,NA,NA,NA,NA,NA,CLEAR,1,0,0,0,0,TREND_REVERSAL_UNCONFIRMED,0,0.45,NONE,1,0,0,0
BNBUSDT,1770674400000,2026-02-09T22:00:00.000Z,NEUTRAL,NONE,0,7.875,IGNORE,0,WATCH,,0,0,0,NA,NA,NA,NA,NA,CLEAR,1,0,0,0,0,TREND_REVERSAL_UNCONFIRMED,0,0.45,NONE,1,0,0,0
BNBUSDT,1770678000000,2026-02-09T23:00:00.000Z,NEUTRAL,NONE,0,7.875,IGNORE,0,WATCH,,0,0,0,NA,NA,NA,NA,NA,WARNING_SOFT,1,0,0,0,0,TREND_REVERSAL_UNCONFIRMED,0,0.45,NONE,1,0,0,0
BNBUSDT,1770681600000,2026-02-10T00:00:00.000Z,NEUTRAL,NONE,0,7.875,IGNORE,0,WATCH,,0,0,0,NA,NA,NA,NA,NA,WARNING_SOFT,1,0,0,0,0,TREND_REVERSAL_UNCONFIRMED,0,0.45,NONE,1,0,0,0
BNBUSDT,1770685200000,2026-02-10T01:00:00.000Z,NEUTRAL,NONE,0,7.875,IGNORE,0,WATCH,,0,0,0,NA,NA,NA,NA,NA,CLEAR,1,0,0,0,0,TREND_REVERSAL_UNCONFIRMED,0,0.45,NONE,1,0,0,0
BNBUSDT,1770688800000,2026-02-10T02:00:00.000Z,NEUTRAL,NONE,0,7.875,IGNORE,0,WATCH,,0,0,0,NA,NA,NA,NA,NA,WARNING_SOFT,1,0,0,0,0,TREND_REVERSAL_UNCONFIRMED,0,0.45,NONE,1,0,0,0
BNBUSDT,1770692400000,2026-02-10T03:00:00.000Z,BEAR,LONG,30.74502866632832,17.608671007473355,IGNORE,0,WATCH,,0,0,0,NA,NA,NA,NA,NA,CLEAR,1,0,0,0,0,TREND_REVERSAL_UNCONFIRMED,2,0.45,LONG,1,0,0,0
BNBUSDT,1770696000000,2026-02-10T04:00:00.000Z,NEUTRAL,NONE,0,7.875,IGNORE,0,WATCH,,0,0,0,NA,NA,NA,NA,NA,WARNING_SOFT,1,0,0,0,0,TREND_REVERSAL_UNCONFIRMED,0,0.45,NONE,1,0,0,0
BNBUSDT,1770699600000,2026-02-10T05:00:00.000Z,NEUTRAL,NONE,0,7.875,IGNORE,0,WATCH,,0,0,0,NA,NA,NA,NA,NA,WARNING_SOFT,1,0,0,0,0,TREND_REVERSAL_UNCONFIRMED,0,0.45,NONE,1,0,0,0
BNBUSDT,1770703200000,2026-02-10T06:00:00.000Z,BEAR,LONG,33.8411961628605,17.852494197825266,IGNORE,0,WATCH,,0,0,0,NA,NA,NA,NA,NA,CLEAR,1,0,0,0,0,TREND_REVERSAL_UNCONFIRMED,2,0.45,LONG,1,0,0,0
BNBUSDT,1770706800000,2026-02-10T07:00:00.000Z,BEAR,LONG,17.5,12.909375,IGNORE,0,WATCH,,0,0,0,NA,NA,NA,NA,NA,CLEAR,1,0,0,0,0,TREND_REVERSAL_UNCONFIRMED,1,0.45,LONG,1,0,0,0
BNBUSDT,1770710400000,2026-02-10T08:00:00.000Z,BEAR,LONG,17.5,12.909375,IGNORE,0,WATCH,,0,0,0,NA,NA,NA,NA,NA,CLEAR,1,0,0,0,0,TREND_REVERSAL_UNCONFIRMED,1,0.45,LONG,1,0,0,0
BNBUSDT,1770714000000,2026-02-10T09:00:00.000Z,BEAR,LONG,33.13022016084625,17.796504837666642,IGNORE,0,WATCH,,0,0,0,NA,NA,NA,NA,NA,CLEAR,1,0,0,0,0,TREND_REVERSAL_UNCONFIRMED,2,0.45,LONG,1,0,0,0
BNBUSDT,1770717600000,2026-02-10T10:00:00.000Z,BEAR,LONG,17.5,12.909375,IGNORE,0,WATCH,,0,0,0,NA,NA,NA,NA,NA,CLEAR,1,0,0,0,0,TREND_REVERSAL_UNCONFIRMED,1,0.45,LONG,1,0,0,0
BNBUSDT,1770721200000,2026-02-10T11:00:00.000Z,BEAR,LONG,17.5,12.909375,IGNORE,0,WATCH,,0,0,0,NA,NA,NA,NA,NA,CLEAR,1,0,0,0,0,TREND_REVERSAL_UNCONFIRMED,1,0.45,LONG,1,0,0,0
BNBUSDT,1770724800000,2026-02-10T12:00:00.000Z,BEAR,LONG,17.5,12.909375,IGNORE,0,WATCH,,0,0,0,NA,NA,NA,NA,NA,CLEAR,1,0,0,0,0,TREND_REVERSAL_UNCONFIRMED,1,0.45,LONG,1,0,0,0
BNBUSDT,1770728400000,2026-02-10T13:00:00.000Z,BEAR,LONG,31.910676913759424,17.700465806958555,IGNORE,0,WATCH,,0,0,0,NA,NA,NA,NA,NA,CLEAR,1,0,0,0,0,TREND_REVERSAL_UNCONFIRMED,2,0.45,LONG,1,0,0,0
BNBUSDT,1770732000000,2026-02-10T14:00:00.000Z,BEAR,LONG,42.5,18.534375,IGNORE,0,WATCH,,0,0,0,NA,NA,NA,NA,NA,CLEAR,1,0,1,0,0,TREND_REVERSAL_UNCONFIRMED,2,0.45,LONG,1,0,0,0
BNBUSDT,1770735600000,2026-02-10T15:00:00.000Z,BEAR,LONG,41.46806924844903,18.45311045331536,IGNORE,0,WATCH,,0,0,0,NA,NA,NA,NA,NA,CLEAR,1,0,0,0,0,TREND_REVERSAL_UNCONFIRMED,2,0.45,LONG,1,0,0,0
BNBUSDT,1770739200000,2026-02-10T16:00:00.000Z,BEAR,LONG,30.241290348719474,17.56900161496166,IGNORE,0,WATCH,,0,0,0,NA,NA,NA,NA,NA,CLEAR,1,0,0,0,0,TREND_REVERSAL_UNCONFIRMED,2,0.45,LONG,1,0,0,0
BNBUSDT,1770742800000,2026-02-10T17:00:00.000Z,BEAR,LONG,25,13.5,IGNORE,0,WATCH,,0,0,0,NA,NA,NA,NA,NA,WARNING_SOFT,1,0,0,0,0,TREND_REVERSAL_UNCONFIRMED,1,0.45,LONG,1,0,0,0
BNBUSDT,1770746400000,2026-02-10T18:00:00.000Z,BEAR,LONG,13.322331170515149,12.580383579678069,IGNORE,0,WATCH,,0,0,0,NA,NA,NA,NA,NA,CLEAR,1,0,0,0,0,TREND_REVERSAL_UNCONFIRMED,1,0.45,LONG,1,0,0,0
BNBUSDT,1770750000000,2026-02-10T19:00:00.000Z,BEAR,LONG,0,7.875,IGNORE,0,WATCH,,0,0,0,NA,NA,NA,NA,NA,CLEAR,1,0,0,0,0,TREND_REVERSAL_UNCONFIRMED,0,0.45,LONG,1,0,0,0
BNBUSDT,1770753600000,2026-02-10T20:00:00.000Z,BEAR,LONG,25,13.5,IGNORE,0,WATCH,,0,0,0,NA,NA,NA,NA,NA,CLEAR,1,0,0,0,0,TREND_REVERSAL_UNCONFIRMED,1,0.45,LONG,1,0,0,0
BNBUSDT,1770757200000,2026-02-10T21:00:00.000Z,BEAR,LONG,17.5,12.909375,IGNORE,0,WATCH,,0,0,0,NA,NA,NA,NA,NA,CLEAR,1,0,0,0,0,TREND_REVERSAL_UNCONFIRMED,1,0.45,LONG,1,0,0,0
BNBUSDT,1770760800000,2026-02-10T22:00:00.000Z,BEAR,LONG,17.5,12.909375,IGNORE,0,WATCH,,0,0,0,NA,NA,NA,NA,NA,CLEAR,1,0,0,0,0,TREND_REVERSAL_UNCONFIRMED,1,0.45,LONG,1,0,0,0
BNBUSDT,1770764400000,2026-02-10T23:00:00.000Z,BEAR,LONG,17.5,12.909375,IGNORE,0,WATCH,,0,0,0,NA,NA,NA,NA,NA,CLEAR,1,0,0,0,0,TREND_REVERSAL_UNCONFIRMED,1,0.45,LONG,1,0,0,0
BNBUSDT,1770768000000,2026-02-11T00:00:00.000Z,BEAR,LONG,17.5,12.909375,IGNORE,0,WATCH,,0,0,0,NA,NA,NA,NA,NA,WARNING_SOFT,1,0,0,0,0,TREND_REVERSAL_UNCONFIRMED,1,0.45,LONG,1,0,0,0
BNBUSDT,1770771600000,2026-02-11T01:00:00.000Z,BEAR,LONG,17.5,12.909375,IGNORE,0,WATCH,,0,0,0,NA,NA,NA,NA,NA,WARNING_SOFT,1,0,0,0,0,TREND_REVERSAL_UNCONFIRMED,1,0.45,LONG,1,0,0,0
BNBUSDT,1770775200000,2026-02-11T02:00:00.000Z,BEAR,LONG,17.5,12.909375,IGNORE,0,WATCH,,0,0,0,NA,NA,NA,NA,NA,WARNING_SOFT,1,0,0,0,0,TREND_REVERSAL_UNCONFIRMED,1,0.45,LONG,1,0,0,0
BNBUSDT,1770778800000,2026-02-11T03:00:00.000Z,BEAR,LONG,17.5,12.909375,IGNORE,0,WATCH,,0,0,0,NA,NA,NA,NA,NA,CLEAR,1,0,0,0,0,TREND_REVERSAL_UNCONFIRMED,1,0.45,LONG,1,0,0,0
BNBUSDT,1770782400000,2026-02-11T04:00:00.000Z,BEAR,LONG,39.254040625226104,18.278755699236555,IGNORE,0,WATCH,,0,0,0,NA,NA,NA,NA,NA,CLEAR,1,0,0,0,0,TREND_REVERSAL_UNCONFIRMED,2,0.45,LONG,1,0,0,0
BNBUSDT,1770786000000,2026-02-11T05:00:00.000Z,BEAR,LONG,17.5,12.909375,IGNORE,0,WATCH,,0,0,0,NA,NA,NA,NA,NA,CLEAR,1,0,0,0,0,TREND_REVERSAL_UNCONFIRMED,1,0.45,LONG,1,0,0,0
BNBUSDT,1770789600000,2026-02-11T06:00:00.000Z,BEAR,LONG,59.166666666666664,52.692499999999995,WATCH,1,WATCH,ACTIVE,1,1,0,PASS,PASS,SKIP,SKIP,FAIL,CLEAR,1,0,1,0,0,MARKET_CONTEXT_DENIED,3,0.84,LONG,0,1,0,0
BNBUSDT,1770793200000,2026-02-11T07:00:00.000Z,BEAR,LONG,42.5,18.534375,IGNORE,0,WATCH,,0,0,0,NA,NA,NA,NA,NA,CLEAR,1,0,0,0,0,TREND_REVERSAL_UNCONFIRMED,2,0.45,LONG,1,0,0,0
BNBUSDT,1770796800000,2026-02-11T08:00:00.000Z,BEAR,LONG,51.28511946961436,51.53391256203331,WATCH,1,WATCH,ACTIVE,1,1,0,PASS,PASS,SKIP,SKIP,FAIL,CLEAR,1,0,0,0,0,MARKET_CONTEXT_DENIED,3,0.84,LONG,0,1,0,0
BNBUSDT,1770800400000,2026-02-11T09:00:00.000Z,BEAR,LONG,32.08333333333333,17.714062499999997,IGNORE,0,WATCH,,0,0,0,NA,NA,NA,NA,NA,CLEAR,1,0,0,0,0,TREND_REVERSAL_UNCONFIRMED,2,0.45,LONG,1,0,0,0
BNBUSDT,1770804000000,2026-02-11T10:00:00.000Z,BEAR,LONG,56.787282864885384,52.34273058113815,WATCH,1,WATCH,ACTIVE,1,1,0,PASS,PASS,SKIP,SKIP,FAIL,CLEAR,1,0,1,0,0,MARKET_CONTEXT_DENIED,3,0.84,LONG,0,1,0,0
BNBUSDT,1770807600000,2026-02-11T11:00:00.000Z,BEAR,LONG,42.5,18.534375,IGNORE,0,WATCH,,0,0,0,NA,NA,NA,NA,NA,CLEAR,1,0,0,0,0,TREND_REVERSAL_UNCONFIRMED,2,0.45,LONG,1,0,0,0
BNBUSDT,1770811200000,2026-02-11T12:00:00.000Z,BEAR,LONG,17.5,12.909375,IGNORE,0,WATCH,,0,0,0,NA,NA,NA,NA,NA,CLEAR,1,0,0,0,0,TREND_REVERSAL_UNCONFIRMED,1,0.45,LONG,1,0,0,0
BNBUSDT,1770814800000,2026-02-11T13:00:00.000Z,BEAR,LONG,23.946158686622567,13.417009996571528,IGNORE,0,WATCH,,0,0,0,NA,NA,NA,NA,NA,CLEAR,1,1,0,1,0,TREND_REVERSAL_UNCONFIRMED,1,0.45,LONG,1,0,0,0
BNBUSDT,1770818400000,2026-02-11T14:00:00.000Z,BEAR,LONG,25,13.5,IGNORE,0,WATCH,,0,0,0,NA,NA,NA,NA,NA,WARNING_SOFT,1,0,0,0,0,TREND_REVERSAL_UNCONFIRMED,1,0.45,LONG,1,0,0,0
BNBUSDT,1770822000000,2026-02-11T15:00:00.000Z,BEAR,LONG,25,13.5,IGNORE,0,WATCH,,0,0,0,NA,NA,NA,NA,NA,CLEAR,1,0,0,0,0,TREND_REVERSAL_UNCONFIRMED,1,0.45,LONG,1,0,0,0
BNBUSDT,1770825600000,2026-02-11T16:00:00.000Z,BEAR,LONG,17.082317229348707,12.87648248181121,IGNORE,0,WATCH,,0,0,0,NA,NA,NA,NA,NA,CLEAR,1,0,0,0,0,TREND_REVERSAL_UNCONFIRMED,1,0.45,LONG,1,0,0,0
BNBUSDT,1770829200000,2026-02-11T17:00:00.000Z,NEUTRAL,NONE,0,7.875,IGNORE,0,WATCH,,0,0,0,NA,NA,NA,NA,NA,WARNING_SOFT,1,0,0,0,0,TREND_REVERSAL_UNCONFIRMED,0,0.45,NONE,1,0,0,0
BNBUSDT,1770832800000,2026-02-11T18:00:00.000Z,NEUTRAL,NONE,0,7.875,IGNORE,0,WATCH,,0,0,0,NA,NA,NA,NA,NA,WARNING_HARD,1,0,0,0,0,TREND_REVERSAL_UNCONFIRMED,0,0.45,NONE,1,0,0,0
BNBUSDT,1770836400000,2026-02-11T19:00:00.000Z,NEUTRAL,NONE,0,7.875,IGNORE,0,WATCH,,0,0,0,NA,NA,NA,NA,NA,CLEAR,1,0,0,0,0,TREND_REVERSAL_UNCONFIRMED,0,0.45,NONE,1,0,0,0
BNBUSDT,1770840000000,2026-02-11T20:00:00.000Z,NEUTRAL,NONE,0,7.875,IGNORE,0,WATCH,,0,0,0,NA,NA,NA,NA,NA,CLEAR,1,0,0,0,0,TREND_REVERSAL_UNCONFIRMED,0,0.45,NONE,1,0,0,0
BNBUSDT,1770843600000,2026-02-11T21:00:00.000Z,NEUTRAL,NONE,0,7.875,IGNORE,0,WATCH,,0,0,0,NA,NA,NA,NA,NA,CLEAR,1,0,0,0,0,TREND_REVERSAL_UNCONFIRMED,0,0.45,NONE,1,0,0,0
BNBUSDT,1770847200000,2026-02-11T22:00:00.000Z,NEUTRAL,NONE,0,7.875,IGNORE,0,WATCH,,0,0,0,NA,NA,NA,NA,NA,CLEAR,1,0,0,0,0,TREND_REVERSAL_UNCONFIRMED,0,0.45,NONE,1,0,0,0
BNBUSDT,1770850800000,2026-02-11T23:00:00.000Z,NEUTRAL,NONE,0,7.875,IGNORE,0,WATCH,,0,0,0,NA,NA,NA,NA,NA,WARNING_SOFT,1,0,0,0,0,TREND_REVERSAL_UNCONFIRMED,0,0.45,NONE,1,0,0,0
BNBUSDT,1770854400000,2026-02-12T00:00:00.000Z,NEUTRAL,NONE,0,7.875,IGNORE,0,WATCH,,0,0,0,NA,NA,NA,NA,NA,CLEAR,1,0,0,0,0,TREND_REVERSAL_UNCONFIRMED,0,0.45,NONE,1,0,0,0
BNBUSDT,1770858000000,2026-02-12T01:00:00.000Z,NEUTRAL,NONE,0,7.875,IGNORE,0,WATCH,,0,0,0,NA,NA,NA,NA,NA,CLEAR,1,0,0,0,0,TREND_REVERSAL_UNCONFIRMED,0,0.45,NONE,1,0,0,0
BNBUSDT,1770861600000,2026-02-12T02:00:00.000Z,NEUTRAL,NONE,0,7.875,IGNORE,0,WATCH,,0,0,0,NA,NA,NA,NA,NA,CLEAR,1,0,0,0,0,TREND_REVERSAL_UNCONFIRMED,0,0.45,NONE,1,0,0,0
BNBUSDT,1770865200000,2026-02-12T03:00:00.000Z,NEUTRAL,NONE,0,7.875,IGNORE,0,WATCH,,0,0,0,NA,NA,NA,NA,NA,CLEAR,1,0,0,0,0,TREND_REVERSAL_UNCONFIRMED,0,0.45,NONE,1,0,0,0
BNBUSDT,1770868800000,2026-02-12T04:00:00.000Z,NEUTRAL,NONE,0,7.875,IGNORE,0,WATCH,,0,0,0,NA,NA,NA,NA,NA,WARNING_SOFT,1,0,0,0,0,TREND_REVERSAL_UNCONFIRMED,0,0.45,NONE,1,0,0,0
BNBUSDT,1770872400000,2026-02-12T05:00:00.000Z,NEUTRAL,NONE,0,7.875,IGNORE,0,WATCH,,0,0,0,NA,NA,NA,NA,NA,WARNING_SOFT,1,0,0,0,0,TREND_REVERSAL_UNCONFIRMED,0,0.45,NONE,1,0,0,0
BNBUSDT,1770876000000,2026-02-12T06:00:00.000Z,NEUTRAL,NONE,0,7.875,IGNORE,0,WATCH,,0,0,0,NA,NA,NA,NA,NA,WARNING_SOFT,1,0,0,0,0,TREND_REVERSAL_UNCONFIRMED,0,0.45,NONE,1,0,0,0
BNBUSDT,1770879600000,2026-02-12T07:00:00.000Z,NEUTRAL,NONE,0,7.875,IGNORE,0,WATCH,,0,0,0,NA,NA,NA,NA,NA,WARNING_SOFT,1,0,0,0,0,TREND_REVERSAL_UNCONFIRMED,0,0.45,NONE,1,0,0,0
BNBUSDT,1770883200000,2026-02-12T08:00:00.000Z,NEUTRAL,NONE,0,7.875,IGNORE,0,WATCH,,0,0,0,NA,NA,NA,NA,NA,BLOCK,0,0,0,0,0,TREND_REVERSAL_UNCONFIRMED,0,0.45,NONE,1,0,0,0
BNBUSDT,1770886800000,2026-02-12T09:00:00.000Z,NEUTRAL,NONE,0,7.875,IGNORE,0,WATCH,,0,0,0,NA,NA,NA,NA,NA,WARNING_SOFT,1,0,0,0,0,TREND_REVERSAL_UNCONFIRMED,0,0.45,NONE,1,0,0,0
BNBUSDT,1770890400000,2026-02-12T10:00:00.000Z,NEUTRAL,NONE,0,7.875,IGNORE,0,WATCH,,0,0,0,NA,NA,NA,NA,NA,CLEAR,1,0,0,0,0,TREND_REVERSAL_UNCONFIRMED,0,0.45,NONE,1,0,0,0
BNBUSDT,1770894000000,2026-02-12T11:00:00.000Z,NEUTRAL,NONE,0,7.875,IGNORE,0,WATCH,,0,0,0,NA,NA,NA,NA,NA,CLEAR,1,0,0,0,0,TREND_REVERSAL_UNCONFIRMED,0,0.45,NONE,1,0,0,0
BNBUSDT,1770897600000,2026-02-12T12:00:00.000Z,NEUTRAL,NONE,0,7.875,IGNORE,0,WATCH,,0,0,0,NA,NA,NA,NA,NA,CLEAR,1,0,0,0,0,TREND_REVERSAL_UNCONFIRMED,0,0.45,NONE,1,0,0,0
BNBUSDT,1770901200000,2026-02-12T13:00:00.000Z,NEUTRAL,NONE,0,7.875,IGNORE,0,WATCH,,0,0,0,NA,NA,NA,NA,NA,WARNING_SOFT,1,0,0,0,0,TREND_REVERSAL_UNCONFIRMED,0,0.45,NONE,1,0,0,0
BNBUSDT,1770904800000,2026-02-12T14:00:00.000Z,BEAR,LONG,38.53338849739274,18.22200434416968,IGNORE,0,WATCH,,0,0,0,NA,NA,NA,NA,NA,CLEAR,1,0,0,0,0,TREND_REVERSAL_UNCONFIRMED,2,0.45,LONG,1,0,0,0
BNBUSDT,1770908400000,2026-02-12T15:00:00.000Z,BEAR,LONG,42.5,18.534375,IGNORE,0,WATCH,,0,0,0,NA,NA,NA,NA,NA,CLEAR,1,0,0,0,0,TREND_REVERSAL_UNCONFIRMED,2,0.45,LONG,1,0,0,0
BNBUSDT,1770912000000,2026-02-12T16:00:00.000Z,BEAR,LONG,67.5,53.9175,WATCH,1,WATCH,ACTIVE,1,1,0,PASS,PASS,SKIP,SKIP,FAIL,CLEAR,1,0,0,0,0,MARKET_CONTEXT_DENIED,3,0.84,LONG,0,1,0,0
BNBUSDT,1770915600000,2026-02-12T17:00:00.000Z,BEAR,LONG,17.5,12.909375,IGNORE,0,WATCH,,0,0,0,NA,NA,NA,NA,NA,CLEAR,1,0,0,0,0,TREND_REVERSAL_UNCONFIRMED,1,0.45,LONG,1,0,0,0
BNBUSDT,1770919200000,2026-02-12T18:00:00.000Z,BEAR,LONG,17.5,12.909375,IGNORE,0,WATCH,,0,0,0,NA,NA,NA,NA,NA,CLEAR,1,0,0,0,0,TREND_REVERSAL_UNCONFIRMED,1,0.45,LONG,1,0,0,0
BNBUSDT,1770922800000,2026-02-12T19:00:00.000Z,BEAR,LONG,0,7.875,IGNORE,0,WATCH,,0,0,0,NA,NA,NA,NA,NA,CLEAR,1,0,0,0,0,TREND_REVERSAL_UNCONFIRMED,0,0.45,LONG,1,0,0,0
BNBUSDT,1770926400000,2026-02-12T20:00:00.000Z,BEAR,LONG,0,7.875,IGNORE,0,WATCH,,0,0,0,NA,NA,NA,NA,NA,CLEAR,1,0,0,0,0,TREND_REVERSAL_UNCONFIRMED,0,0.45,LONG,1,0,0,0
BNBUSDT,1770930000000,2026-02-12T21:00:00.000Z,BEAR,LONG,0,7.875,IGNORE,0,WATCH,,0,0,0,NA,NA,NA,NA,NA,CLEAR,1,0,0,0,0,TREND_REVERSAL_UNCONFIRMED,0,0.45,LONG,1,0,0,0
BNBUSDT,1770933600000,2026-02-12T22:00:00.000Z,NEUTRAL,NONE,0,7.875,IGNORE,0,WATCH,,0,0,0,NA,NA,NA,NA,NA,WARNING_SOFT,1,0,0,0,0,TREND_REVERSAL_UNCONFIRMED,0,0.45,NONE,1,0,0,0
BNBUSDT,1770937200000,2026-02-12T23:00:00.000Z,NEUTRAL,NONE,0,7.875,IGNORE,0,WATCH,,0,0,0,NA,NA,NA,NA,NA,WARNING_SOFT,1,0,0,0,0,TREND_REVERSAL_UNCONFIRMED,0,0.45,NONE,1,0,0,0
BNBUSDT,1770940800000,2026-02-13T00:00:00.000Z,NEUTRAL,NONE,0,7.875,IGNORE,0,WATCH,,0,0,0,NA,NA,NA,NA,NA,WARNING_SOFT,1,0,0,0,0,TREND_REVERSAL_UNCONFIRMED,0,0.45,NONE,1,0,0,0
BNBUSDT,1770944400000,2026-02-13T01:00:00.000Z,NEUTRAL,NONE,0,7.875,IGNORE,0,WATCH,,0,0,0,NA,NA,NA,NA,NA,WARNING_SOFT,1,0,0,0,0,TREND_REVERSAL_UNCONFIRMED,0,0.45,NONE,1,0,0,0
BNBUSDT,1770948000000,2026-02-13T02:00:00.000Z,BEAR,LONG,0,7.875,IGNORE,0,WATCH,,0,0,0,NA,NA,NA,NA,NA,BLOCK,0,0,0,0,0,TREND_REVERSAL_UNCONFIRMED,0,0.45,LONG,1,0,0,0
BNBUSDT,1770951600000,2026-02-13T03:00:00.000Z,BEAR,LONG,0,7.875,IGNORE,0,WATCH,,0,0,0,NA,NA,NA,NA,NA,CLEAR,1,0,0,0,0,TREND_REVERSAL_UNCONFIRMED,0,0.45,LONG,1,0,0,0
BNBUSDT,1770955200000,2026-02-13T04:00:00.000Z,BEAR,LONG,0,7.875,IGNORE,0,WATCH,,0,0,0,NA,NA,NA,NA,NA,CLEAR,1,0,0,0,0,TREND_REVERSAL_UNCONFIRMED,0,0.45,LONG,1,0,0,0
BNBUSDT,1770958800000,2026-02-13T05:00:00.000Z,BEAR,LONG,14.466344320958598,12.67047461527549,IGNORE,0,WATCH,,0,0,0,NA,NA,NA,NA,NA,CLEAR,1,0,0,0,0,TREND_REVERSAL_UNCONFIRMED,1,0.45,LONG,1,0,0,0
BNBUSDT,1770962400000,2026-02-13T06:00:00.000Z,BEAR,LONG,48.75046528180436,19.026599140942096,IGNORE,0,WATCH,,0,0,0,NA,NA,NA,NA,NA,CLEAR,1,0,0,0,0,TREND_REVERSAL_UNCONFIRMED,2,0.45,LONG,1,0,0,0
BNBUSDT,1770966000000,2026-02-13T07:00:00.000Z,BEAR,LONG,0,7.875,IGNORE,0,WATCH,,0,0,0,NA,NA,NA,NA,NA,CLEAR,1,0,0,0,0,TREND_REVERSAL_UNCONFIRMED,0,0.45,LONG,1,0,0,0
BNBUSDT,1770969600000,2026-02-13T08:00:00.000Z,BEAR,LONG,0,7.875,IGNORE,0,WATCH,,0,0,0,NA,NA,NA,NA,NA,CLEAR,1,0,0,0,0,TREND_REVERSAL_UNCONFIRMED,0,0.45,LONG,1,0,0,0
BNBUSDT,1770973200000,2026-02-13T09:00:00.000Z,BEAR,LONG,0,7.875,IGNORE,0,WATCH,,0,0,0,NA,NA,NA,NA,NA,WARNING_SOFT,1,0,0,0,0,TREND_REVERSAL_UNCONFIRMED,0,0.45,LONG,1,0,0,0
BNBUSDT,1770976800000,2026-02-13T10:00:00.000Z,BEAR,LONG,0,7.875,IGNORE,0,WATCH,,0,0,0,NA,NA,NA,NA,NA,WARNING_SOFT,1,0,0,0,0,TREND_REVERSAL_UNCONFIRMED,0,0.45,LONG,1,0,0,0
BNBUSDT,1770980400000,2026-02-13T11:00:00.000Z,BEAR,LONG,0,7.875,IGNORE,0,WATCH,,0,0,0,NA,NA,NA,NA,NA,WARNING_SOFT,1,0,0,0,0,TREND_REVERSAL_UNCONFIRMED,0,0.45,LONG,1,0,0,0
BNBUSDT,1770984000000,2026-02-13T12:00:00.000Z,BEAR,LONG,0,7.875,IGNORE,0,WATCH,,0,0,0,NA,NA,NA,NA,NA,WARNING_SOFT,1,0,0,0,0,TREND_REVERSAL_UNCONFIRMED,0,0.45,LONG,1,0,0,0
BNBUSDT,1770987600000,2026-02-13T13:00:00.000Z,BEAR,LONG,23.33243865358545,13.368679543969856,IGNORE,0,WATCH,,0,0,0,NA,NA,NA,NA,NA,WARNING_SOFT,1,0,0,0,0,TREND_REVERSAL_UNCONFIRMED,1,0.45,LONG,1,0,0,0
BNBUSDT,1770991200000,2026-02-13T14:00:00.000Z,BEAR,LONG,25,13.5,IGNORE,0,WATCH,,0,0,0,NA,NA,NA,NA,NA,WARNING_HARD,1,0,0,0,0,TREND_REVERSAL_UNCONFIRMED,1,0.45,LONG,1,0,0,0
BNBUSDT,1770994800000,2026-02-13T15:00:00.000Z,NEUTRAL,NONE,0,7.875,IGNORE,0,WATCH,,0,0,0,NA,NA,NA,NA,NA,CLEAR,1,0,0,0,0,TREND_REVERSAL_UNCONFIRMED,0,0.45,NONE,1,0,0,0
BNBUSDT,1770998400000,2026-02-13T16:00:00.000Z,NEUTRAL,NONE,0,7.875,IGNORE,0,WATCH,,0,0,0,NA,NA,NA,NA,NA,CLEAR,1,0,0,0,0,TREND_REVERSAL_UNCONFIRMED,0,0.45,NONE,1,0,0,0
BNBUSDT,1771002000000,2026-02-13T17:00:00.000Z,NEUTRAL,NONE,0,7.875,IGNORE,0,WATCH,,0,0,0,NA,NA,NA,NA,NA,CLEAR,1,0,0,0,0,TREND_REVERSAL_UNCONFIRMED,0,0.45,NONE,1,0,0,0
BNBUSDT,1771005600000,2026-02-13T18:00:00.000Z,NEUTRAL,NONE,0,7.875,IGNORE,0,WATCH,,0,0,0,NA,NA,NA,NA,NA,CLEAR,1,0,0,0,0,TREND_REVERSAL_UNCONFIRMED,0,0.45,NONE,1,0,0,0
BNBUSDT,1771009200000,2026-02-13T19:00:00.000Z,NEUTRAL,NONE,0,7.875,IGNORE,0,WATCH,,0,0,0,NA,NA,NA,NA,NA,CLEAR,1,0,0,0,0,TREND_REVERSAL_UNCONFIRMED,0,0.45,NONE,1,0,0,0
BNBUSDT,1771012800000,2026-02-13T20:00:00.000Z,NEUTRAL,NONE,0,7.875,IGNORE,0,WATCH,,0,0,0,NA,NA,NA,NA,NA,CLEAR,1,0,0,0,0,TREND_REVERSAL_UNCONFIRMED,0,0.45,NONE,1,0,0,0
BNBUSDT,1771016400000,2026-02-13T21:00:00.000Z,BULL,SHORT,30.34722222222222,17.57734375,IGNORE,0,WATCH,,0,0,0,NA,NA,NA,NA,NA,CLEAR,1,0,0,0,0,TREND_REVERSAL_UNCONFIRMED,2,0.45,SHORT,1,0,0,0
BNBUSDT,1771020000000,2026-02-13T22:00:00.000Z,BULL,SHORT,17.5,12.909375,IGNORE,0,WATCH,,0,0,0,NA,NA,NA,NA,NA,CLEAR,1,0,0,0,0,TREND_REVERSAL_UNCONFIRMED,1,0.45,SHORT,1,0,0,0
BNBUSDT,1771023600000,2026-02-13T23:00:00.000Z,BULL,SHORT,17.5,12.909375,IGNORE,0,WATCH,,0,0,0,NA,NA,NA,NA,NA,CLEAR,1,0,0,0,0,TREND_REVERSAL_UNCONFIRMED,1,0.45,SHORT,1,0,0,0
BNBUSDT,1771027200000,2026-02-14T00:00:00.000Z,BULL,SHORT,30.34722222222222,17.57734375,IGNORE,0,WATCH,,0,0,0,NA,NA,NA,NA,NA,CLEAR,1,0,0,0,0,TREND_REVERSAL_UNCONFIRMED,2,0.45,SHORT,1,0,0,0
BNBUSDT,1771030800000,2026-02-14T01:00:00.000Z,BULL,SHORT,30.34722222222222,17.57734375,IGNORE,0,WATCH,,0,0,0,NA,NA,NA,NA,NA,CLEAR,1,0,0,0,0,TREND_REVERSAL_UNCONFIRMED,2,0.45,SHORT,1,0,0,0
BNBUSDT,1771034400000,2026-02-14T02:00:00.000Z,BULL,SHORT,42.5,18.534375,IGNORE,0,WATCH,,0,0,0,NA,NA,NA,NA,NA,CLEAR,1,0,0,0,0,TREND_REVERSAL_UNCONFIRMED,2,0.45,SHORT,1,0,0,0
BNBUSDT,1771038000000,2026-02-14T03:00:00.000Z,BULL,SHORT,17.5,12.909375,IGNORE,0,WATCH,,0,0,0,NA,NA,NA,NA,NA,CLEAR,1,0,0,0,0,TREND_REVERSAL_UNCONFIRMED,1,0.45,SHORT,1,0,0,0
BNBUSDT,1771041600000,2026-02-14T04:00:00.000Z,BULL,SHORT,0,7.875,IGNORE,0,WATCH,,0,0,0,NA,NA,NA,NA,NA,WARNING_SOFT,1,0,0,0,0,TREND_REVERSAL_UNCONFIRMED,0,0.45,SHORT,1,0,0,0
BNBUSDT,1771045200000,2026-02-14T05:00:00.000Z,BULL,SHORT,0,7.875,IGNORE,0,WATCH,,0,0,0,NA,NA,NA,NA,NA,WARNING_SOFT,1,0,0,0,0,TREND_REVERSAL_UNCONFIRMED,0,0.45,SHORT,1,0,0,0
BNBUSDT,1771048800000,2026-02-14T06:00:00.000Z,BULL,SHORT,0,7.875,IGNORE,0,WATCH,,0,0,0,NA,NA,NA,NA,NA,WARNING_SOFT,1,0,0,0,0,TREND_REVERSAL_UNCONFIRMED,0,0.45,SHORT,1,0,0,0
BNBUSDT,1771052400000,2026-02-14T07:00:00.000Z,BULL,SHORT,0,7.875,IGNORE,0,WATCH,,0,0,0,NA,NA,NA,NA,NA,CLEAR,1,0,0,0,0,TREND_REVERSAL_UNCONFIRMED,0,0.45,SHORT,1,0,0,0
BNBUSDT,1771056000000,2026-02-14T08:00:00.000Z,BULL,SHORT,25,13.5,IGNORE,0,WATCH,,0,0,0,NA,NA,NA,NA,NA,CLEAR,1,0,0,0,0,TREND_REVERSAL_UNCONFIRMED,1,0.45,SHORT,1,0,0,0
BNBUSDT,1771059600000,2026-02-14T09:00:00.000Z,BULL,SHORT,12.847222222222221,12.54296875,IGNORE,0,WATCH,,0,0,0,NA,NA,NA,NA,NA,CLEAR,1,0,0,0,0,TREND_REVERSAL_UNCONFIRMED,1,0.45,SHORT,1,0,0,0
BNBUSDT,1771063200000,2026-02-14T10:00:00.000Z,BULL,SHORT,0,7.875,IGNORE,0,WATCH,,0,0,0,NA,NA,NA,NA,NA,CLEAR,1,0,0,0,0,TREND_REVERSAL_UNCONFIRMED,0,0.45,SHORT,1,0,0,0
BNBUSDT,1771066800000,2026-02-14T11:00:00.000Z,BULL,SHORT,0,7.875,IGNORE,0,WATCH,,0,0,0,NA,NA,NA,NA,NA,CLEAR,1,0,0,0,0,TREND_REVERSAL_UNCONFIRMED,0,0.45,SHORT,1,0,0,0
BNBUSDT,1771070400000,2026-02-14T12:00:00.000Z,BULL,SHORT,19.646377824759202,13.078402253699787,IGNORE,0,WATCH,,0,0,0,NA,NA,NA,NA,NA,CLEAR,1,0,0,0,0,TREND_REVERSAL_UNCONFIRMED,1,0.45,SHORT,1,0,0,0
BNBUSDT,1771074000000,2026-02-14T13:00:00.000Z,BULL,SHORT,16.084041114464547,12.797868237764083,IGNORE,0,WATCH,,0,0,0,NA,NA,NA,NA,NA,CLEAR,1,0,0,0,0,TREND_REVERSAL_UNCONFIRMED,1,0.45,SHORT,1,0,0,0
BNBUSDT,1771077600000,2026-02-14T14:00:00.000Z,BULL,SHORT,16.6473941163866,12.842232286665444,IGNORE,0,WATCH,,0,0,0,NA,NA,NA,NA,NA,CLEAR,1,0,0,0,0,TREND_REVERSAL_UNCONFIRMED,1,0.45,SHORT,1,0,0,0
BNBUSDT,1771081200000,2026-02-14T15:00:00.000Z,BULL,SHORT,25,13.5,IGNORE,0,WATCH,,0,0,0,NA,NA,NA,NA,NA,CLEAR,1,0,0,0,0,TREND_REVERSAL_UNCONFIRMED,1,0.45,SHORT,1,0,0,0
BNBUSDT,1771084800000,2026-02-14T16:00:00.000Z,BULL,SHORT,18.06240747621902,12.953664588752247,IGNORE,0,WATCH,,0,0,0,NA,NA,NA,NA,NA,CLEAR,1,0,0,0,0,TREND_REVERSAL_UNCONFIRMED,1,0.45,SHORT,1,0,0,0
BNBUSDT,1771088400000,2026-02-14T17:00:00.000Z,BULL,SHORT,0,7.875,IGNORE,0,WATCH,,0,0,0,NA,NA,NA,NA,NA,CLEAR,1,0,0,0,0,TREND_REVERSAL_UNCONFIRMED,0,0.45,SHORT,1,0,0,0
BNBUSDT,1771092000000,2026-02-14T18:00:00.000Z,BULL,SHORT,0,7.875,IGNORE,0,WATCH,,0,0,0,NA,NA,NA,NA,NA,CLEAR,1,0,0,0,0,TREND_REVERSAL_UNCONFIRMED,0,0.45,SHORT,1,0,0,0
BNBUSDT,1771095600000,2026-02-14T19:00:00.000Z,BULL,SHORT,0,7.875,IGNORE,0,WATCH,,0,0,0,NA,NA,NA,NA,NA,CLEAR,1,0,0,0,0,TREND_REVERSAL_UNCONFIRMED,0,0.45,SHORT,1,0,0,0
BNBUSDT,1771099200000,2026-02-14T20:00:00.000Z,BULL,SHORT,0,7.875,IGNORE,0,WATCH,,0,0,0,NA,NA,NA,NA,NA,CLEAR,1,0,0,0,0,TREND_REVERSAL_UNCONFIRMED,0,0.45,SHORT,1,0,0,0
BNBUSDT,1771102800000,2026-02-14T21:00:00.000Z,BULL,SHORT,13.612093841672031,12.603202390031672,IGNORE,0,WATCH,,0,0,0,NA,NA,NA,NA,NA,CLEAR,1,0,0,0,0,TREND_REVERSAL_UNCONFIRMED,1,0.45,SHORT,1,0,0,0
BNBUSDT,1771106400000,2026-02-14T22:00:00.000Z,BULL,SHORT,0,7.875,IGNORE,0,WATCH,,0,0,0,NA,NA,NA,NA,NA,CLEAR,1,0,0,0,0,TREND_REVERSAL_UNCONFIRMED,0,0.45,SHORT,1,0,0,0
BNBUSDT,1771110000000,2026-02-14T23:00:00.000Z,BULL,SHORT,0,7.875,IGNORE,0,WATCH,,0,0,0,NA,NA,NA,NA,NA,CLEAR,1,0,0,0,0,TREND_REVERSAL_UNCONFIRMED,0,0.45,SHORT,1,0,0,0
BNBUSDT,1771113600000,2026-02-15T00:00:00.000Z,BULL,SHORT,42.5,18.534375,IGNORE,0,WATCH,,0,0,0,NA,NA,NA,NA,NA,WARNING_SOFT,1,0,0,0,0,TREND_REVERSAL_UNCONFIRMED,2,0.45,SHORT,1,0,0,0
BNBUSDT,1771117200000,2026-02-15T01:00:00.000Z,BULL,SHORT,17.5,12.909375,IGNORE,0,WATCH,,0,0,0,NA,NA,NA,NA,NA,BLOCK,0,0,0,0,0,TREND_REVERSAL_UNCONFIRMED,1,0.45,SHORT,1,0,0,0
BNBUSDT,1771120800000,2026-02-15T02:00:00.000Z,BULL,SHORT,31.79513289963267,17.691366715846073,IGNORE,0,WATCH,,0,0,0,NA,NA,NA,NA,NA,BLOCK,0,0,0,0,0,TREND_REVERSAL_UNCONFIRMED,2,0.45,SHORT,1,0,0,0
BNBUSDT,1771124400000,2026-02-15T03:00:00.000Z,BULL,SHORT,17.5,12.909375,IGNORE,0,WATCH,,0,0,0,NA,NA,NA,NA,NA,WARNING_SOFT,1,0,0,0,0,TREND_REVERSAL_UNCONFIRMED,1,0.45,SHORT,1,0,0,0
BNBUSDT,1771128000000,2026-02-15T04:00:00.000Z,BULL,SHORT,34.73134793943618,17.9225936502306,IGNORE,0,WATCH,,0,0,0,NA,NA,NA,NA,NA,CLEAR,1,0,0,0,0,TREND_REVERSAL_UNCONFIRMED,2,0.45,SHORT,1,0,0,0
BNBUSDT,1771131600000,2026-02-15T05:00:00.000Z,BULL,SHORT,30.34722222222222,17.57734375,IGNORE,0,WATCH,,0,0,0,NA,NA,NA,NA,NA,CLEAR,1,0,0,0,0,TREND_REVERSAL_UNCONFIRMED,2,0.45,SHORT,1,0,0,0
BNBUSDT,1771135200000,2026-02-15T06:00:00.000Z,BULL,SHORT,17.5,12.909375,IGNORE,0,WATCH,,0,0,0,NA,NA,NA,NA,NA,CLEAR,1,0,0,0,0,TREND_REVERSAL_UNCONFIRMED,1,0.45,SHORT,1,0,0,0
BNBUSDT,1771138800000,2026-02-15T07:00:00.000Z,BULL,SHORT,17.5,12.909375,IGNORE,0,WATCH,,0,0,0,NA,NA,NA,NA,NA,CLEAR,1,0,0,0,0,TREND_REVERSAL_UNCONFIRMED,1,0.45,SHORT,1,0,0,0
BNBUSDT,1771142400000,2026-02-15T08:00:00.000Z,NEUTRAL,NONE,0,7.875,IGNORE,0,WATCH,,0,0,0,NA,NA,NA,NA,NA,BLOCK,0,0,0,0,0,TREND_REVERSAL_UNCONFIRMED,0,0.45,NONE,1,0,0,0
BNBUSDT,1771146000000,2026-02-15T09:00:00.000Z,NEUTRAL,NONE,0,7.875,IGNORE,0,WATCH,,0,0,0,NA,NA,NA,NA,NA,WARNING_SOFT,1,0,0,0,0,TREND_REVERSAL_UNCONFIRMED,0,0.45,NONE,1,0,0,0
BNBUSDT,1771149600000,2026-02-15T10:00:00.000Z,NEUTRAL,NONE,0,7.875,IGNORE,0,WATCH,,0,0,0,NA,NA,NA,NA,NA,BLOCK,0,0,1,0,0,TREND_REVERSAL_UNCONFIRMED,0,0.45,NONE,1,0,0,0
BNBUSDT,1771153200000,2026-02-15T11:00:00.000Z,NEUTRAL,NONE,0,7.875,IGNORE,0,WATCH,,0,0,0,NA,NA,NA,NA,NA,WARNING_SOFT,1,0,0,0,0,TREND_REVERSAL_UNCONFIRMED,0,0.45,NONE,1,0,0,0
BNBUSDT,1771156800000,2026-02-15T12:00:00.000Z,NEUTRAL,NONE,0,7.875,IGNORE,0,WATCH,,0,0,0,NA,NA,NA,NA,NA,BLOCK,0,0,1,0,0,TREND_REVERSAL_UNCONFIRMED,0,0.45,NONE,1,0,0,0
BNBUSDT,1771160400000,2026-02-15T13:00:00.000Z,NEUTRAL,NONE,0,7.875,IGNORE,0,WATCH,,0,0,0,NA,NA,NA,NA,NA,BLOCK,0,0,1,0,0,TREND_REVERSAL_UNCONFIRMED,0,0.45,NONE,1,0,0,0
BNBUSDT,1771164000000,2026-02-15T14:00:00.000Z,NEUTRAL,NONE,0,7.875,IGNORE,0,WATCH,,0,0,0,NA,NA,NA,NA,NA,WARNING_SOFT,1,0,0,0,0,TREND_REVERSAL_UNCONFIRMED,0,0.45,NONE,1,0,0,0
BNBUSDT,1771167600000,2026-02-15T15:00:00.000Z,NEUTRAL,NONE,0,7.875,IGNORE,0,WATCH,,0,0,0,NA,NA,NA,NA,NA,WARNING_SOFT,1,0,0,0,0,TREND_REVERSAL_UNCONFIRMED,0,0.45,NONE,1,0,0,0
BNBUSDT,1771171200000,2026-02-15T16:00:00.000Z,NEUTRAL,NONE,0,7.875,IGNORE,0,WATCH,,0,0,0,NA,NA,NA,NA,NA,WARNING_SOFT,1,0,0,0,0,TREND_REVERSAL_UNCONFIRMED,0,0.45,NONE,1,0,0,0
BNBUSDT,1771174800000,2026-02-15T17:00:00.000Z,NEUTRAL,NONE,0,7.875,IGNORE,0,WATCH,,0,0,0,NA,NA,NA,NA,NA,WARNING_SOFT,1,0,0,0,0,TREND_REVERSAL_UNCONFIRMED,0,0.45,NONE,1,0,0,0
BNBUSDT,1771178400000,2026-02-15T18:00:00.000Z,NEUTRAL,NONE,0,7.875,IGNORE,0,WATCH,,0,0,0,NA,NA,NA,NA,NA,WARNING_SOFT,1,0,0,0,0,TREND_REVERSAL_UNCONFIRMED,0,0.45,NONE,1,0,0,0
BNBUSDT,1771182000000,2026-02-15T19:00:00.000Z,BEAR,LONG,0,7.875,IGNORE,0,WATCH,,0,0,0,NA,NA,NA,NA,NA,CLEAR,1,0,0,0,0,TREND_REVERSAL_UNCONFIRMED,0,0.45,LONG,1,0,0,0
BNBUSDT,1771185600000,2026-02-15T20:00:00.000Z,BEAR,LONG,25,13.5,IGNORE,0,WATCH,,0,0,0,NA,NA,NA,NA,NA,CLEAR,1,0,0,0,0,TREND_REVERSAL_UNCONFIRMED,1,0.45,LONG,1,0,0,0
BNBUSDT,1771189200000,2026-02-15T21:00:00.000Z,BEAR,LONG,0,7.875,IGNORE,0,WATCH,,0,0,0,NA,NA,NA,NA,NA,CLEAR,1,0,0,0,0,TREND_REVERSAL_UNCONFIRMED,0,0.45,LONG,1,0,0,0
BNBUSDT,1771192800000,2026-02-15T22:00:00.000Z,BEAR,LONG,0,7.875,IGNORE,0,WATCH,,0,0,0,NA,NA,NA,NA,NA,CLEAR,1,0,0,0,0,TREND_REVERSAL_UNCONFIRMED,0,0.45,LONG,1,0,0,0
BNBUSDT,1771196400000,2026-02-15T23:00:00.000Z,BEAR,LONG,0,7.875,IGNORE,0,WATCH,,0,0,0,NA,NA,NA,NA,NA,CLEAR,1,0,0,0,0,TREND_REVERSAL_UNCONFIRMED,0,0.45,LONG,1,0,0,0
BNBUSDT,1771200000000,2026-02-16T00:00:00.000Z,BEAR,LONG,0,7.875,IGNORE,0,WATCH,,0,0,0,NA,NA,NA,NA,NA,CLEAR,1,0,0,0,0,TREND_REVERSAL_UNCONFIRMED,0,0.45,LONG,1,0,0,0
BNBUSDT,1771203600000,2026-02-16T01:00:00.000Z,BEAR,LONG,0,7.875,IGNORE,0,WATCH,,0,0,0,NA,NA,NA,NA,NA,CLEAR,1,0,0,0,0,TREND_REVERSAL_UNCONFIRMED,0,0.45,LONG,1,0,0,0
BNBUSDT,1771207200000,2026-02-16T02:00:00.000Z,BEAR,LONG,0,7.875,IGNORE,0,WATCH,,0,0,0,NA,NA,NA,NA,NA,CLEAR,1,0,0,0,0,TREND_REVERSAL_UNCONFIRMED,0,0.45,LONG,1,0,0,0
BNBUSDT,1771210800000,2026-02-16T03:00:00.000Z,BEAR,LONG,0,7.875,IGNORE,0,WATCH,,0,0,0,NA,NA,NA,NA,NA,CLEAR,1,0,0,0,0,TREND_REVERSAL_UNCONFIRMED,0,0.45,LONG,1,0,0,0
BNBUSDT,1771214400000,2026-02-16T04:00:00.000Z,BEAR,LONG,25,13.5,IGNORE,0,WATCH,,0,0,0,NA,NA,NA,NA,NA,WARNING_SOFT,1,0,0,0,0,TREND_REVERSAL_UNCONFIRMED,1,0.45,LONG,1,0,0,0
BNBUSDT,1771218000000,2026-02-16T05:00:00.000Z,BEAR,LONG,0,7.875,IGNORE,0,WATCH,,0,0,0,NA,NA,NA,NA,NA,WARNING_SOFT,1,0,0,0,0,TREND_REVERSAL_UNCONFIRMED,0,0.45,LONG,1,0,0,0
BNBUSDT,1771221600000,2026-02-16T06:00:00.000Z,BEAR,LONG,0,7.875,IGNORE,0,WATCH,,0,0,0,NA,NA,NA,NA,NA,CLEAR,1,0,0,0,0,TREND_REVERSAL_UNCONFIRMED,0,0.45,LONG,1,0,0,0
BNBUSDT,1771225200000,2026-02-16T07:00:00.000Z,BEAR,LONG,0,7.875,IGNORE,0,WATCH,,0,0,0,NA,NA,NA,NA,NA,CLEAR,1,0,0,0,0,TREND_REVERSAL_UNCONFIRMED,0,0.45,LONG,1,0,0,0
BNBUSDT,1771228800000,2026-02-16T08:00:00.000Z,BEAR,LONG,0,7.875,IGNORE,0,WATCH,,0,0,0,NA,NA,NA,NA,NA,CLEAR,1,0,0,0,0,TREND_REVERSAL_UNCONFIRMED,0,0.45,LONG,1,0,0,0
BNBUSDT,1771232400000,2026-02-16T09:00:00.000Z,NEUTRAL,NONE,0,7.875,IGNORE,0,WATCH,,0,0,0,NA,NA,NA,NA,NA,CLEAR,1,0,0,0,0,TREND_REVERSAL_UNCONFIRMED,0,0.45,NONE,1,0,0,0
BNBUSDT,1771236000000,2026-02-16T10:00:00.000Z,NEUTRAL,NONE,0,7.875,IGNORE,0,WATCH,,0,0,0,NA,NA,NA,NA,NA,WARNING_SOFT,1,0,0,0,0,TREND_REVERSAL_UNCONFIRMED,0,0.45,NONE,1,0,0,0
BNBUSDT,1771239600000,2026-02-16T11:00:00.000Z,NEUTRAL,NONE,0,7.875,IGNORE,0,WATCH,,0,0,0,NA,NA,NA,NA,NA,WARNING_HARD,1,0,0,0,0,TREND_REVERSAL_UNCONFIRMED,0,0.45,NONE,1,0,0,0
BNBUSDT,1771243200000,2026-02-16T12:00:00.000Z,NEUTRAL,NONE,0,7.875,IGNORE,0,WATCH,,0,0,0,NA,NA,NA,NA,NA,CLEAR,1,0,0,0,0,TREND_REVERSAL_UNCONFIRMED,0,0.45,NONE,1,0,0,0
BNBUSDT,1771246800000,2026-02-16T13:00:00.000Z,BEAR,LONG,42.5,18.534375,IGNORE,0,WATCH,,0,0,0,NA,NA,NA,NA,NA,BLOCK,0,0,0,0,0,TREND_REVERSAL_UNCONFIRMED,2,0.45,LONG,1,0,0,0
BNBUSDT,1771250400000,2026-02-16T14:00:00.000Z,BEAR,LONG,37.93688595843905,18.175029769227077,IGNORE,0,WATCH,,0,0,0,NA,NA,NA,NA,NA,CLEAR,1,0,0,0,0,TREND_REVERSAL_UNCONFIRMED,2,0.45,LONG,1,0,0,0
BNBUSDT,1771254000000,2026-02-16T15:00:00.000Z,BEAR,LONG,42.5,18.534375,IGNORE,0,WATCH,,0,0,0,NA,NA,NA,NA,NA,CLEAR,1,0,1,0,0,TREND_REVERSAL_UNCONFIRMED,2,0.45,LONG,1,0,0,0
BNBUSDT,1771257600000,2026-02-16T16:00:00.000Z,BEAR,LONG,56.3215757032321,52.27427162837511,WATCH,1,WATCH,ACTIVE,1,1,0,PASS,PASS,SKIP,SKIP,FAIL,CLEAR,1,0,0,0,0,MARKET_CONTEXT_DENIED,3,0.84,LONG,0,1,0,0
BNBUSDT,1771261200000,2026-02-16T17:00:00.000Z,BEAR,LONG,17.5,12.909375,IGNORE,0,WATCH,,0,0,0,NA,NA,NA,NA,NA,CLEAR,1,0,0,0,0,TREND_REVERSAL_UNCONFIRMED,1,0.45,LONG,1,0,0,0
BNBUSDT,1771264800000,2026-02-16T18:00:00.000Z,BEAR,LONG,0,7.875,IGNORE,0,WATCH,,0,0,0,NA,NA,NA,NA,NA,WARNING_SOFT,1,0,0,0,0,TREND_REVERSAL_UNCONFIRMED,0,0.45,LONG,1,0,0,0
BNBUSDT,1771268400000,2026-02-16T19:00:00.000Z,NEUTRAL,NONE,0,7.875,IGNORE,0,WATCH,,0,0,0,NA,NA,NA,NA,NA,WARNING_SOFT,1,0,0,0,0,TREND_REVERSAL_UNCONFIRMED,0,0.45,NONE,1,0,0,0
BNBUSDT,1771272000000,2026-02-16T20:00:00.000Z,NEUTRAL,NONE,0,7.875,IGNORE,0,WATCH,,0,0,0,NA,NA,NA,NA,NA,CLEAR,1,0,0,0,0,TREND_REVERSAL_UNCONFIRMED,0,0.45,NONE,1,0,0,0
BNBUSDT,1771275600000,2026-02-16T21:00:00.000Z,NEUTRAL,NONE,0,7.875,IGNORE,0,WATCH,,0,0,0,NA,NA,NA,NA,NA,CLEAR,1,0,0,0,0,TREND_REVERSAL_UNCONFIRMED,0,0.45,NONE,1,0,0,0
BNBUSDT,1771279200000,2026-02-16T22:00:00.000Z,NEUTRAL,NONE,0,7.875,IGNORE,0,WATCH,,0,0,0,NA,NA,NA,NA,NA,CLEAR,1,0,0,0,0,TREND_REVERSAL_UNCONFIRMED,0,0.45,NONE,1,0,0,0
BNBUSDT,1771282800000,2026-02-16T23:00:00.000Z,NEUTRAL,NONE,0,7.875,IGNORE,0,WATCH,,0,0,0,NA,NA,NA,NA,NA,CLEAR,1,0,0,0,0,TREND_REVERSAL_UNCONFIRMED,0,0.45,NONE,1,0,0,0
BNBUSDT,1771286400000,2026-02-17T00:00:00.000Z,BULL,SHORT,0,7.875,IGNORE,0,WATCH,,0,0,0,NA,NA,NA,NA,NA,CLEAR,1,0,0,0,0,TREND_REVERSAL_UNCONFIRMED,0,0.45,SHORT,1,0,0,0
BNBUSDT,1771290000000,2026-02-17T01:00:00.000Z,BULL,SHORT,0,7.875,IGNORE,0,WATCH,,0,0,0,NA,NA,NA,NA,NA,CLEAR,1,0,0,0,0,TREND_REVERSAL_UNCONFIRMED,0,0.45,SHORT,1,0,0,0
BNBUSDT,1771293600000,2026-02-17T02:00:00.000Z,BULL,SHORT,20.197052508905873,13.121767885076338,IGNORE,0,WATCH,,0,0,0,NA,NA,NA,NA,NA,CLEAR,1,0,0,0,0,TREND_REVERSAL_UNCONFIRMED,1,0.45,SHORT,1,0,0,0
BNBUSDT,1771297200000,2026-02-17T03:00:00.000Z,BULL,SHORT,0,7.875,IGNORE,0,WATCH,,0,0,0,NA,NA,NA,NA,NA,WARNING_SOFT,1,0,0,0,0,TREND_REVERSAL_UNCONFIRMED,0,0.45,SHORT,1,0,0,0
BNBUSDT,1771300800000,2026-02-17T04:00:00.000Z,BULL,SHORT,0,7.875,IGNORE,0,WATCH,,0,0,0,NA,NA,NA,NA,NA,WARNING_SOFT,1,0,0,0,0,TREND_REVERSAL_UNCONFIRMED,0,0.45,SHORT,1,0,0,0
BNBUSDT,1771304400000,2026-02-17T05:00:00.000Z,BULL,SHORT,0,7.875,IGNORE,0,WATCH,,0,0,0,NA,NA,NA,NA,NA,BLOCK,0,0,0,0,0,TREND_REVERSAL_UNCONFIRMED,0,0.45,SHORT,1,0,0,0
BNBUSDT,1771308000000,2026-02-17T06:00:00.000Z,BULL,SHORT,0,7.875,IGNORE,0,WATCH,,0,0,0,NA,NA,NA,NA,NA,WARNING_SOFT,1,0,0,0,0,TREND_REVERSAL_UNCONFIRMED,0,0.45,SHORT,1,0,0,0
BNBUSDT,1771311600000,2026-02-17T07:00:00.000Z,BULL,SHORT,0,7.875,IGNORE,0,WATCH,,0,0,0,NA,NA,NA,NA,NA,WARNING_SOFT,1,0,0,0,0,TREND_REVERSAL_UNCONFIRMED,0,0.45,SHORT,1,0,0,0
BNBUSDT,1771315200000,2026-02-17T08:00:00.000Z,NEUTRAL,NONE,0,7.875,IGNORE,0,WATCH,,0,0,0,NA,NA,NA,NA,NA,WARNING_SOFT,1,0,0,0,0,TREND_REVERSAL_UNCONFIRMED,0,0.45,NONE,1,0,0,0
BNBUSDT,1771318800000,2026-02-17T09:00:00.000Z,NEUTRAL,NONE,0,7.875,IGNORE,0,WATCH,,0,0,0,NA,NA,NA,NA,NA,WARNING_SOFT,1,0,0,0,0,TREND_REVERSAL_UNCONFIRMED,0,0.45,NONE,1,0,0,0
BNBUSDT,1771322400000,2026-02-17T10:00:00.000Z,NEUTRAL,NONE,0,7.875,IGNORE,0,WATCH,,0,0,0,NA,NA,NA,NA,NA,WARNING_SOFT,1,0,0,0,0,TREND_REVERSAL_UNCONFIRMED,0,0.45,NONE,1,0,0,0
BNBUSDT,1771326000000,2026-02-17T11:00:00.000Z,NEUTRAL,NONE,0,7.875,IGNORE,0,WATCH,,0,0,0,NA,NA,NA,NA,NA,WARNING_SOFT,1,0,0,0,0,TREND_REVERSAL_UNCONFIRMED,0,0.45,NONE,1,0,0,0
BNBUSDT,1771329600000,2026-02-17T12:00:00.000Z,NEUTRAL,NONE,0,7.875,IGNORE,0,WATCH,,0,0,0,NA,NA,NA,NA,NA,WARNING_SOFT,1,0,0,0,0,TREND_REVERSAL_UNCONFIRMED,0,0.45,NONE,1,0,0,0
BNBUSDT,1771333200000,2026-02-17T13:00:00.000Z,BULL,SHORT,0,7.875,IGNORE,0,WATCH,,0,0,0,NA,NA,NA,NA,NA,BLOCK,0,0,0,0,0,TREND_REVERSAL_UNCONFIRMED,0,0.45,SHORT,1,0,0,0
BNBUSDT,1771336800000,2026-02-17T14:00:00.000Z,BEAR,LONG,42.5,18.534375,IGNORE,0,WATCH,,0,0,0,NA,NA,NA,NA,NA,BLOCK,0,0,0,0,0,TREND_REVERSAL_UNCONFIRMED,2,0.45,LONG,1,0,0,0
BNBUSDT,1771340400000,2026-02-17T15:00:00.000Z,BEAR,LONG,39.72157693055115,18.315574183280905,IGNORE,0,WATCH,,0,0,0,NA,NA,NA,NA,NA,CLEAR,1,0,0,0,0,TREND_REVERSAL_UNCONFIRMED,2,0.45,LONG,1,0,0,0
BNBUSDT,1771344000000,2026-02-17T16:00:00.000Z,BEAR,LONG,39.21013496815982,18.275298128742584,IGNORE,0,WATCH,,0,0,0,NA,NA,NA,NA,NA,CLEAR,1,0,0,0,0,TREND_REVERSAL_UNCONFIRMED,2,0.45,LONG,1,0,0,0
BNBUSDT,1771347600000,2026-02-17T17:00:00.000Z,BEAR,LONG,17.5,12.909375,IGNORE,0,WATCH,,0,0,0,NA,NA,NA,NA,NA,CLEAR,1,0,0,0,0,TREND_REVERSAL_UNCONFIRMED,1,0.45,LONG,1,0,0,0
BNBUSDT,1771351200000,2026-02-17T18:00:00.000Z,NEUTRAL,NONE,0,7.875,IGNORE,0,WATCH,,0,0,0,NA,NA,NA,NA,NA,WARNING_SOFT,1,0,0,0,0,TREND_REVERSAL_UNCONFIRMED,0,0.45,NONE,1,0,0,0
BNBUSDT,1771354800000,2026-02-17T19:00:00.000Z,NEUTRAL,NONE,0,7.875,IGNORE,0,WATCH,,0,0,0,NA,NA,NA,NA,NA,WARNING_SOFT,1,0,0,0,0,TREND_REVERSAL_UNCONFIRMED,0,0.45,NONE,1,0,0,0
BNBUSDT,1771358400000,2026-02-17T20:00:00.000Z,BEAR,LONG,0,7.875,IGNORE,0,WATCH,,0,0,0,NA,NA,NA,NA,NA,WARNING_SOFT,1,0,0,0,0,TREND_REVERSAL_UNCONFIRMED,0,0.45,LONG,1,0,0,0
BNBUSDT,1771362000000,2026-02-17T21:00:00.000Z,BEAR,LONG,0,7.875,IGNORE,0,WATCH,,0,0,0,NA,NA,NA,NA,NA,CLEAR,1,0,0,0,0,TREND_REVERSAL_UNCONFIRMED,0,0.45,LONG,1,0,0,0
BNBUSDT,1771365600000,2026-02-17T22:00:00.000Z,BEAR,LONG,0,7.875,IGNORE,0,WATCH,,0,0,0,NA,NA,NA,NA,NA,CLEAR,1,0,0,0,0,TREND_REVERSAL_UNCONFIRMED,0,0.45,LONG,1,0,0,0
BNBUSDT,1771369200000,2026-02-17T23:00:00.000Z,BEAR,LONG,0,7.875,IGNORE,0,WATCH,,0,0,0,NA,NA,NA,NA,NA,CLEAR,1,0,0,0,0,TREND_REVERSAL_UNCONFIRMED,0,0.45,LONG,1,0,0,0
BNBUSDT,1771372800000,2026-02-18T00:00:00.000Z,BEAR,LONG,0,7.875,IGNORE,0,WATCH,,0,0,0,NA,NA,NA,NA,NA,CLEAR,1,0,0,0,0,TREND_REVERSAL_UNCONFIRMED,0,0.45,LONG,1,0,0,0
BNBUSDT,1771376400000,2026-02-18T01:00:00.000Z,BEAR,LONG,0,7.875,IGNORE,0,WATCH,,0,0,0,NA,NA,NA,NA,NA,CLEAR,1,0,0,0,0,TREND_REVERSAL_UNCONFIRMED,0,0.45,LONG,1,0,0,0
BNBUSDT,1771380000000,2026-02-18T02:00:00.000Z,BEAR,LONG,25,13.5,IGNORE,0,WATCH,,0,0,0,NA,NA,NA,NA,NA,CLEAR,1,0,0,0,0,TREND_REVERSAL_UNCONFIRMED,1,0.45,LONG,1,0,0,0
BNBUSDT,1771383600000,2026-02-18T03:00:00.000Z,NEUTRAL,NONE,0,7.875,IGNORE,0,WATCH,,0,0,0,NA,NA,NA,NA,NA,WARNING_SOFT,1,0,0,0,0,TREND_REVERSAL_UNCONFIRMED,0,0.45,NONE,1,0,0,0
BNBUSDT,1771387200000,2026-02-18T04:00:00.000Z,BEAR,LONG,17.5,12.909375,IGNORE,0,WATCH,,0,0,0,NA,NA,NA,NA,NA,WARNING_SOFT,1,0,0,0,0,TREND_REVERSAL_UNCONFIRMED,1,0.45,LONG,1,0,0,0
BNBUSDT,1771390800000,2026-02-18T05:00:00.000Z,BEAR,LONG,17.5,12.909375,IGNORE,0,WATCH,,0,0,0,NA,NA,NA,NA,NA,CLEAR,1,0,0,0,0,TREND_REVERSAL_UNCONFIRMED,1,0.45,LONG,1,0,0,0
BNBUSDT,1771394400000,2026-02-18T06:00:00.000Z,BEAR,LONG,42.5,18.534375,IGNORE,0,WATCH,,0,0,0,NA,NA,NA,NA,NA,WARNING_SOFT,1,0,0,0,0,TREND_REVERSAL_UNCONFIRMED,2,0.45,LONG,1,0,0,0
BNBUSDT,1771398000000,2026-02-18T07:00:00.000Z,NEUTRAL,NONE,0,7.875,IGNORE,0,WATCH,,0,0,0,NA,NA,NA,NA,NA,WARNING_SOFT,1,0,0,0,0,TREND_REVERSAL_UNCONFIRMED,0,0.45,NONE,1,0,0,0
BNBUSDT,1771401600000,2026-02-18T08:00:00.000Z,NEUTRAL,NONE,0,7.875,IGNORE,0,WATCH,,0,0,0,NA,NA,NA,NA,NA,CLEAR,1,1,0,0,0,TREND_REVERSAL_UNCONFIRMED,0,0.45,NONE,1,0,0,0
BNBUSDT,1771405200000,2026-02-18T09:00:00.000Z,NEUTRAL,NONE,0,7.875,IGNORE,0,WATCH,,0,0,0,NA,NA,NA,NA,NA,CLEAR,1,0,0,0,0,TREND_REVERSAL_UNCONFIRMED,0,0.45,NONE,1,0,0,0
BNBUSDT,1771408800000,2026-02-18T10:00:00.000Z,NEUTRAL,NONE,0,7.875,IGNORE,0,WATCH,,0,0,0,NA,NA,NA,NA,NA,WARNING_SOFT,1,0,0,0,0,TREND_REVERSAL_UNCONFIRMED,0,0.45,NONE,1,0,0,0
BNBUSDT,1771412400000,2026-02-18T11:00:00.000Z,BEAR,LONG,36.59145992580799,18.069077469157378,IGNORE,0,WATCH,,0,0,0,NA,NA,NA,NA,NA,CLEAR,1,0,1,0,0,TREND_REVERSAL_UNCONFIRMED,2,0.45,LONG,1,0,0,0
BNBUSDT,1771416000000,2026-02-18T12:00:00.000Z,BEAR,LONG,42.5,18.534375,IGNORE,0,WATCH,,0,0,0,NA,NA,NA,NA,NA,CLEAR,1,0,0,0,0,TREND_REVERSAL_UNCONFIRMED,2,0.45,LONG,1,0,0,0
BNBUSDT,1771419600000,2026-02-18T13:00:00.000Z,BEAR,LONG,42.5,18.534375,IGNORE,0,WATCH,,0,0,0,NA,NA,NA,NA,NA,CLEAR,1,0,0,0,0,TREND_REVERSAL_UNCONFIRMED,2,0.45,LONG,1,0,0,0
BNBUSDT,1771423200000,2026-02-18T14:00:00.000Z,BEAR,LONG,42.5,18.534375,IGNORE,0,WATCH,,0,0,0,NA,NA,NA,NA,NA,CLEAR,1,0,0,0,0,TREND_REVERSAL_UNCONFIRMED,2,0.45,LONG,1,0,0,0
BNBUSDT,1771426800000,2026-02-18T15:00:00.000Z,NEUTRAL,NONE,0,7.875,IGNORE,0,WATCH,,0,0,0,NA,NA,NA,NA,NA,BLOCK,0,0,0,0,0,TREND_REVERSAL_UNCONFIRMED,0,0.45,NONE,1,0,0,0
BNBUSDT,1771430400000,2026-02-18T16:00:00.000Z,BEAR,LONG,60.83426236310554,52.93763656737651,WATCH,1,WATCH,ACTIVE,1,1,0,PASS,PASS,SKIP,SKIP,FAIL,BLOCK,0,0,0,0,0,MARKET_CONTEXT_DENIED,3,0.84,LONG,0,1,0,0
BNBUSDT,1771434000000,2026-02-18T17:00:00.000Z,BEAR,LONG,0,7.875,IGNORE,0,WATCH,,0,0,0,NA,NA,NA,NA,NA,WARNING_SOFT,1,0,0,0,0,TREND_REVERSAL_UNCONFIRMED,0,0.45,LONG,1,0,0,0
BNBUSDT,1771437600000,2026-02-18T18:00:00.000Z,BEAR,LONG,18.162436862733056,12.96154190294023,IGNORE,0,WATCH,,0,0,0,NA,NA,NA,NA,NA,CLEAR,1,0,0,0,0,TREND_REVERSAL_UNCONFIRMED,1,0.45,LONG,1,0,0,0
BNBUSDT,1771441200000,2026-02-18T19:00:00.000Z,BEAR,LONG,25,13.5,IGNORE,0,WATCH,,0,0,0,NA,NA,NA,NA,NA,CLEAR,1,0,0,0,0,TREND_REVERSAL_UNCONFIRMED,1,0.45,LONG,1,0,0,0
BNBUSDT,1771444800000,2026-02-18T20:00:00.000Z,BEAR,LONG,0,7.875,IGNORE,0,WATCH,,0,0,0,NA,NA,NA,NA,NA,CLEAR,1,0,0,0,0,TREND_REVERSAL_UNCONFIRMED,0,0.45,LONG,1,0,0,0
BNBUSDT,1771448400000,2026-02-18T21:00:00.000Z,BEAR,LONG,0,7.875,IGNORE,0,WATCH,,0,0,0,NA,NA,NA,NA,NA,CLEAR,1,0,0,0,0,TREND_REVERSAL_UNCONFIRMED,0,0.45,LONG,1,0,0,0
BNBUSDT,1771452000000,2026-02-18T22:00:00.000Z,BEAR,LONG,25,13.5,IGNORE,0,WATCH,,0,0,0,NA,NA,NA,NA,NA,CLEAR,1,0,0,0,0,TREND_REVERSAL_UNCONFIRMED,1,0.45,LONG,1,0,0,0
BNBUSDT,1771455600000,2026-02-18T23:00:00.000Z,BEAR,LONG,0,7.875,IGNORE,0,WATCH,,0,0,0,NA,NA,NA,NA,NA,CLEAR,1,0,0,0,0,TREND_REVERSAL_UNCONFIRMED,0,0.45,LONG,1,0,0,0
BNBUSDT,1771459200000,2026-02-19T00:00:00.000Z,BEAR,LONG,12.847222222222221,12.54296875,IGNORE,0,WATCH,,0,0,0,NA,NA,NA,NA,NA,CLEAR,1,0,0,0,0,TREND_REVERSAL_UNCONFIRMED,1,0.45,LONG,1,0,0,0
BNBUSDT,1771462800000,2026-02-19T01:00:00.000Z,BEAR,LONG,0,7.875,IGNORE,0,WATCH,,0,0,0,NA,NA,NA,NA,NA,CLEAR,1,0,0,0,0,TREND_REVERSAL_UNCONFIRMED,0,0.45,LONG,1,0,0,0
BNBUSDT,1771466400000,2026-02-19T02:00:00.000Z,BEAR,LONG,0,7.875,IGNORE,0,WATCH,,0,0,0,NA,NA,NA,NA,NA,CLEAR,1,0,0,0,0,TREND_REVERSAL_UNCONFIRMED,0,0.45,LONG,1,0,0,0
BNBUSDT,1771470000000,2026-02-19T03:00:00.000Z,BEAR,LONG,0,7.875,IGNORE,0,WATCH,,0,0,0,NA,NA,NA,NA,NA,WARNING_SOFT,1,0,0,0,0,TREND_REVERSAL_UNCONFIRMED,0,0.45,LONG,1,0,0,0
BNBUSDT,1771473600000,2026-02-19T04:00:00.000Z,BEAR,LONG,0,7.875,IGNORE,0,WATCH,,0,0,0,NA,NA,NA,NA,NA,WARNING_SOFT,1,0,0,0,0,TREND_REVERSAL_UNCONFIRMED,0,0.45,LONG,1,0,0,0
BNBUSDT,1771477200000,2026-02-19T05:00:00.000Z,BEAR,LONG,0,7.875,IGNORE,0,WATCH,,0,0,0,NA,NA,NA,NA,NA,WARNING_SOFT,1,0,0,0,0,TREND_REVERSAL_UNCONFIRMED,0,0.45,LONG,1,0,0,0
BNBUSDT,1771480800000,2026-02-19T06:00:00.000Z,NEUTRAL,NONE,0,7.875,IGNORE,0,WATCH,,0,0,0,NA,NA,NA,NA,NA,CLEAR,1,0,0,0,0,TREND_REVERSAL_UNCONFIRMED,0,0.45,NONE,1,0,0,0
BNBUSDT,1771484400000,2026-02-19T07:00:00.000Z,NEUTRAL,NONE,0,7.875,IGNORE,0,WATCH,,0,0,0,NA,NA,NA,NA,NA,CLEAR,1,0,0,0,0,TREND_REVERSAL_UNCONFIRMED,0,0.45,NONE,1,0,0,0
BNBUSDT,1771488000000,2026-02-19T08:00:00.000Z,BEAR,LONG,0,7.875,IGNORE,0,WATCH,,0,0,0,NA,NA,NA,NA,NA,WARNING_SOFT,1,0,0,0,0,TREND_REVERSAL_UNCONFIRMED,0,0.45,LONG,1,0,0,0
BNBUSDT,1771491600000,2026-02-19T09:00:00.000Z,BEAR,LONG,0,7.875,IGNORE,0,WATCH,,0,0,0,NA,NA,NA,NA,NA,CLEAR,1,0,0,0,0,TREND_REVERSAL_UNCONFIRMED,0,0.45,LONG,1,0,0,0
BNBUSDT,1771495200000,2026-02-19T10:00:00.000Z,BEAR,LONG,25,13.5,IGNORE,0,WATCH,,0,0,0,NA,NA,NA,NA,NA,CLEAR,1,0,0,0,0,TREND_REVERSAL_UNCONFIRMED,1,0.45,LONG,1,0,0,0
BNBUSDT,1771498800000,2026-02-19T11:00:00.000Z,BEAR,LONG,0,7.875,IGNORE,0,WATCH,,0,0,0,NA,NA,NA,NA,NA,CLEAR,1,0,0,0,0,TREND_REVERSAL_UNCONFIRMED,0,0.45,LONG,1,0,0,0
BNBUSDT,1771502400000,2026-02-19T12:00:00.000Z,BEAR,LONG,0,7.875,IGNORE,0,WATCH,,0,0,0,NA,NA,NA,NA,NA,CLEAR,1,0,0,0,0,TREND_REVERSAL_UNCONFIRMED,0,0.45,LONG,1,0,0,0
BNBUSDT,1771506000000,2026-02-19T13:00:00.000Z,BEAR,LONG,25,13.5,IGNORE,0,WATCH,,0,0,0,NA,NA,NA,NA,NA,CLEAR,1,0,1,0,0,TREND_REVERSAL_UNCONFIRMED,1,0.45,LONG,1,0,0,0
BNBUSDT,1771509600000,2026-02-19T14:00:00.000Z,BEAR,LONG,50,19.125,IGNORE,0,WATCH,,0,0,0,NA,NA,NA,NA,NA,CLEAR,1,0,0,0,0,TREND_REVERSAL_UNCONFIRMED,2,0.45,LONG,1,0,0,0
BNBUSDT,1771513200000,2026-02-19T15:00:00.000Z,BEAR,LONG,18.668390016451603,13.001385713795564,IGNORE,0,WATCH,,0,0,0,NA,NA,NA,NA,NA,CLEAR,1,0,0,0,0,TREND_REVERSAL_UNCONFIRMED,1,0.45,LONG,1,0,0,0
BNBUSDT,1771516800000,2026-02-19T16:00:00.000Z,BEAR,LONG,16.779931910654255,12.852669637964024,IGNORE,0,WATCH,,0,0,0,NA,NA,NA,NA,NA,CLEAR,1,0,0,0,0,TREND_REVERSAL_UNCONFIRMED,1,0.45,LONG,1,0,0,0
BNBUSDT,1771520400000,2026-02-19T17:00:00.000Z,BEAR,LONG,18.015622447040627,12.949980267704449,IGNORE,0,WATCH,,0,0,0,NA,NA,NA,NA,NA,CLEAR,1,0,1,0,0,TREND_REVERSAL_UNCONFIRMED,1,0.45,LONG,1,0,0,0
BNBUSDT,1771524000000,2026-02-19T18:00:00.000Z,NEUTRAL,NONE,0,7.875,IGNORE,0,WATCH,,0,0,0,NA,NA,NA,NA,NA,WARNING_SOFT,1,0,0,0,0,TREND_REVERSAL_UNCONFIRMED,0,0.45,NONE,1,0,0,0
BNBUSDT,1771527600000,2026-02-19T19:00:00.000Z,BEAR,LONG,0,7.875,IGNORE,0,WATCH,,0,0,0,NA,NA,NA,NA,NA,WARNING_SOFT,1,0,0,0,0,TREND_REVERSAL_UNCONFIRMED,0,0.45,LONG,1,0,0,0
BNBUSDT,1771531200000,2026-02-19T20:00:00.000Z,NEUTRAL,NONE,0,7.875,IGNORE,0,WATCH,,0,0,0,NA,NA,NA,NA,NA,CLEAR,1,0,0,0,0,TREND_REVERSAL_UNCONFIRMED,0,0.45,NONE,1,0,0,0
BNBUSDT,1771534800000,2026-02-19T21:00:00.000Z,NEUTRAL,NONE,0,7.875,IGNORE,0,WATCH,,0,0,0,NA,NA,NA,NA,NA,CLEAR,1,0,0,0,0,TREND_REVERSAL_UNCONFIRMED,0,0.45,NONE,1,0,0,0
BNBUSDT,1771538400000,2026-02-19T22:00:00.000Z,NEUTRAL,NONE,0,7.875,IGNORE,0,WATCH,,0,0,0,NA,NA,NA,NA,NA,CLEAR,1,0,0,0,0,TREND_REVERSAL_UNCONFIRMED,0,0.45,NONE,1,0,0,0
BNBUSDT,1771542000000,2026-02-19T23:00:00.000Z,NEUTRAL,NONE,0,7.875,IGNORE,0,WATCH,,0,0,0,NA,NA,NA,NA,NA,CLEAR,1,0,0,0,0,TREND_REVERSAL_UNCONFIRMED,0,0.45,NONE,1,0,0,0
BNBUSDT,1771545600000,2026-02-20T00:00:00.000Z,NEUTRAL,NONE,0,7.875,IGNORE,0,WATCH,,0,0,0,NA,NA,NA,NA,NA,CLEAR,1,0,0,0,0,TREND_REVERSAL_UNCONFIRMED,0,0.45,NONE,1,0,0,0
BNBUSDT,1771549200000,2026-02-20T01:00:00.000Z,NEUTRAL,NONE,0,7.875,IGNORE,0,WATCH,,0,0,0,NA,NA,NA,NA,NA,CLEAR,1,0,0,0,0,TREND_REVERSAL_UNCONFIRMED,0,0.45,NONE,1,0,0,0
BNBUSDT,1771552800000,2026-02-20T02:00:00.000Z,NEUTRAL,NONE,0,7.875,IGNORE,0,WATCH,,0,0,0,NA,NA,NA,NA,NA,CLEAR,1,0,0,0,0,TREND_REVERSAL_UNCONFIRMED,0,0.45,NONE,1,0,0,0
BNBUSDT,1771556400000,2026-02-20T03:00:00.000Z,NEUTRAL,NONE,0,7.875,IGNORE,0,WATCH,,0,0,0,NA,NA,NA,NA,NA,CLEAR,1,0,0,0,0,TREND_REVERSAL_UNCONFIRMED,0,0.45,NONE,1,0,0,0
BNBUSDT,1771560000000,2026-02-20T04:00:00.000Z,NEUTRAL,NONE,0,7.875,IGNORE,0,WATCH,,0,0,0,NA,NA,NA,NA,NA,CLEAR,1,0,0,0,0,TREND_REVERSAL_UNCONFIRMED,0,0.45,NONE,1,0,0,0
BNBUSDT,1771563600000,2026-02-20T05:00:00.000Z,NEUTRAL,NONE,0,7.875,IGNORE,0,WATCH,,0,0,0,NA,NA,NA,NA,NA,CLEAR,1,0,0,0,0,TREND_REVERSAL_UNCONFIRMED,0,0.45,NONE,1,0,0,0
BNBUSDT,1771567200000,2026-02-20T06:00:00.000Z,NEUTRAL,NONE,0,7.875,IGNORE,0,WATCH,,0,0,0,NA,NA,NA,NA,NA,CLEAR,1,0,0,0,0,TREND_REVERSAL_UNCONFIRMED,0,0.45,NONE,1,0,0,0
BNBUSDT,1771570800000,2026-02-20T07:00:00.000Z,NEUTRAL,NONE,0,7.875,IGNORE,0,WATCH,,0,0,0,NA,NA,NA,NA,NA,CLEAR,1,0,0,0,0,TREND_REVERSAL_UNCONFIRMED,0,0.45,NONE,1,0,0,0
BNBUSDT,1771574400000,2026-02-20T08:00:00.000Z,NEUTRAL,NONE,0,7.875,IGNORE,0,WATCH,,0,0,0,NA,NA,NA,NA,NA,CLEAR,1,0,0,0,0,TREND_REVERSAL_UNCONFIRMED,0,0.45,NONE,1,0,0,0
BNBUSDT,1771578000000,2026-02-20T09:00:00.000Z,NEUTRAL,NONE,0,7.875,IGNORE,0,WATCH,,0,0,0,NA,NA,NA,NA,NA,CLEAR,1,0,0,0,0,TREND_REVERSAL_UNCONFIRMED,0,0.45,NONE,1,0,0,0
BNBUSDT,1771581600000,2026-02-20T10:00:00.000Z,NEUTRAL,NONE,0,7.875,IGNORE,0,WATCH,,0,0,0,NA,NA,NA,NA,NA,CLEAR,1,0,0,0,0,TREND_REVERSAL_UNCONFIRMED,0,0.45,NONE,1,0,0,0
BNBUSDT,1771585200000,2026-02-20T11:00:00.000Z,BEAR,LONG,30.369459046785003,17.57909489993432,IGNORE,0,WATCH,,0,0,0,NA,NA,NA,NA,NA,WARNING_SOFT,1,0,0,0,0,TREND_REVERSAL_UNCONFIRMED,2,0.45,LONG,1,0,0,0
BNBUSDT,1771588800000,2026-02-20T12:00:00.000Z,NEUTRAL,NONE,0,7.875,IGNORE,0,WATCH,,0,0,0,NA,NA,NA,NA,NA,WARNING_SOFT,1,0,0,0,0,TREND_REVERSAL_UNCONFIRMED,0,0.45,NONE,1,0,0,0
BNBUSDT,1771592400000,2026-02-20T13:00:00.000Z,BEAR,LONG,42.5,18.534375,IGNORE,0,WATCH,,0,0,0,NA,NA,NA,NA,NA,CLEAR,1,0,0,0,0,TREND_REVERSAL_UNCONFIRMED,2,0.45,LONG,1,0,0,0
BNBUSDT,1771596000000,2026-02-20T14:00:00.000Z,NEUTRAL,NONE,0,7.875,IGNORE,0,WATCH,,0,0,0,NA,NA,NA,NA,NA,BLOCK,0,0,0,0,0,TREND_REVERSAL_UNCONFIRMED,0,0.45,NONE,1,0,0,0
BNBUSDT,1771599600000,2026-02-20T15:00:00.000Z,NEUTRAL,NONE,0,7.875,IGNORE,0,WATCH,,0,0,0,NA,NA,NA,NA,NA,CLEAR,1,0,0,0,0,TREND_REVERSAL_UNCONFIRMED,0,0.45,NONE,1,0,0,0
BNBUSDT,1771603200000,2026-02-20T16:00:00.000Z,BULL,SHORT,25,13.5,IGNORE,0,WATCH,,0,0,0,NA,NA,NA,NA,NA,CLEAR,1,1,0,0,0,TREND_REVERSAL_UNCONFIRMED,1,0.45,SHORT,1,0,0,0
BNBUSDT,1771606800000,2026-02-20T17:00:00.000Z,BULL,SHORT,25,13.5,IGNORE,0,WATCH,,0,0,0,NA,NA,NA,NA,NA,CLEAR,1,1,0,0,0,TREND_REVERSAL_UNCONFIRMED,1,0.45,SHORT,1,0,0,0
BNBUSDT,1771610400000,2026-02-20T18:00:00.000Z,BULL,SHORT,33.81326659542953,17.850294744390077,IGNORE,0,WATCH,,0,0,0,NA,NA,NA,NA,NA,CLEAR,1,1,0,0,0,TREND_REVERSAL_UNCONFIRMED,2,0.45,SHORT,1,0,0,0
BNBUSDT,1771614000000,2026-02-20T19:00:00.000Z,BULL,SHORT,25,13.5,IGNORE,0,WATCH,,0,0,0,NA,NA,NA,NA,NA,CLEAR,1,0,0,0,0,TREND_REVERSAL_UNCONFIRMED,1,0.45,SHORT,1,0,0,0
BNBUSDT,1771617600000,2026-02-20T20:00:00.000Z,BULL,SHORT,0,7.875,IGNORE,0,WATCH,,0,0,0,NA,NA,NA,NA,NA,CLEAR,1,0,0,0,0,TREND_REVERSAL_UNCONFIRMED,0,0.45,SHORT,1,0,0,0
BNBUSDT,1771621200000,2026-02-20T21:00:00.000Z,BULL,SHORT,0,7.875,IGNORE,0,WATCH,,0,0,0,NA,NA,NA,NA,NA,CLEAR,1,0,0,0,0,TREND_REVERSAL_UNCONFIRMED,0,0.45,SHORT,1,0,0,0
BNBUSDT,1771624800000,2026-02-20T22:00:00.000Z,BULL,SHORT,0,7.875,IGNORE,0,WATCH,,0,0,0,NA,NA,NA,NA,NA,CLEAR,1,0,0,0,0,TREND_REVERSAL_UNCONFIRMED,0,0.45,SHORT,1,0,0,0
BNBUSDT,1771628400000,2026-02-20T23:00:00.000Z,BULL,SHORT,0,7.875,IGNORE,0,WATCH,,0,0,0,NA,NA,NA,NA,NA,CLEAR,1,0,0,0,0,TREND_REVERSAL_UNCONFIRMED,0,0.45,SHORT,1,0,0,0
BNBUSDT,1771632000000,2026-02-21T00:00:00.000Z,BULL,SHORT,0,7.875,IGNORE,0,WATCH,,0,0,0,NA,NA,NA,NA,NA,CLEAR,1,0,0,0,0,TREND_REVERSAL_UNCONFIRMED,0,0.45,SHORT,1,0,0,0
BNBUSDT,1771635600000,2026-02-21T01:00:00.000Z,BULL,SHORT,0,7.875,IGNORE,0,WATCH,,0,0,0,NA,NA,NA,NA,NA,CLEAR,1,0,0,0,0,TREND_REVERSAL_UNCONFIRMED,0,0.45,SHORT,1,0,0,0
BNBUSDT,1771639200000,2026-02-21T02:00:00.000Z,BULL,SHORT,0,7.875,IGNORE,0,WATCH,,0,0,0,NA,NA,NA,NA,NA,CLEAR,1,0,0,0,0,TREND_REVERSAL_UNCONFIRMED,0,0.45,SHORT,1,0,0,0
BNBUSDT,1771642800000,2026-02-21T03:00:00.000Z,BULL,SHORT,25,13.5,IGNORE,0,WATCH,,0,0,0,NA,NA,NA,NA,NA,WARNING_SOFT,1,0,0,0,0,TREND_REVERSAL_UNCONFIRMED,1,0.45,SHORT,1,0,0,0
BNBUSDT,1771646400000,2026-02-21T04:00:00.000Z,BULL,SHORT,0,7.875,IGNORE,0,WATCH,,0,0,0,NA,NA,NA,NA,NA,CLEAR,1,0,0,0,0,TREND_REVERSAL_UNCONFIRMED,0,0.45,SHORT,1,0,0,0
BNBUSDT,1771650000000,2026-02-21T05:00:00.000Z,BULL,SHORT,17.5,12.909375,IGNORE,0,WATCH,,0,0,0,NA,NA,NA,NA,NA,CLEAR,1,0,0,0,0,TREND_REVERSAL_UNCONFIRMED,1,0.45,SHORT,1,0,0,0
BNBUSDT,1771653600000,2026-02-21T06:00:00.000Z,BULL,SHORT,17.5,12.909375,IGNORE,0,WATCH,,0,0,0,NA,NA,NA,NA,NA,CLEAR,1,0,0,0,0,TREND_REVERSAL_UNCONFIRMED,1,0.45,SHORT,1,0,0,0
BNBUSDT,1771657200000,2026-02-21T07:00:00.000Z,BULL,SHORT,17.5,12.909375,IGNORE,0,WATCH,,0,0,0,NA,NA,NA,NA,NA,CLEAR,1,0,0,0,0,TREND_REVERSAL_UNCONFIRMED,1,0.45,SHORT,1,0,0,0
BNBUSDT,1771660800000,2026-02-21T08:00:00.000Z,BULL,SHORT,17.5,12.909375,IGNORE,0,WATCH,,0,0,0,NA,NA,NA,NA,NA,CLEAR,1,0,0,0,0,TREND_REVERSAL_UNCONFIRMED,1,0.45,SHORT,1,0,0,0
BNBUSDT,1771664400000,2026-02-21T09:00:00.000Z,BULL,SHORT,17.5,12.909375,IGNORE,0,WATCH,,0,0,0,NA,NA,NA,NA,NA,CLEAR,1,0,0,0,0,TREND_REVERSAL_UNCONFIRMED,1,0.45,SHORT,1,0,0,0
BNBUSDT,1771668000000,2026-02-21T10:00:00.000Z,BULL,SHORT,30.34722222222222,17.57734375,IGNORE,0,WATCH,,0,0,0,NA,NA,NA,NA,NA,CLEAR,1,0,0,0,0,TREND_REVERSAL_UNCONFIRMED,2,0.45,SHORT,1,0,0,0
BNBUSDT,1771671600000,2026-02-21T11:00:00.000Z,BULL,SHORT,57.43055555555556,52.43729166666667,WATCH,1,WATCH,ACTIVE,1,1,0,PASS,PASS,SKIP,SKIP,FAIL,CLEAR,1,0,0,0,0,MARKET_CONTEXT_DENIED,3,0.84,SHORT,0,1,0,0
BNBUSDT,1771675200000,2026-02-21T12:00:00.000Z,BULL,SHORT,32.43055555555556,17.74140625,IGNORE,0,WATCH,,0,0,0,NA,NA,NA,NA,NA,CLEAR,1,0,0,0,0,TREND_REVERSAL_UNCONFIRMED,2,0.45,SHORT,1,0,0,0
BNBUSDT,1771678800000,2026-02-21T13:00:00.000Z,BULL,SHORT,32.08333333333333,17.714062499999997,IGNORE,0,WATCH,,0,0,0,NA,NA,NA,NA,NA,CLEAR,1,0,0,0,0,TREND_REVERSAL_UNCONFIRMED,2,0.45,SHORT,1,0,0,0
BNBUSDT,1771682400000,2026-02-21T14:00:00.000Z,BULL,SHORT,38.15887615458965,18.192511497173932,IGNORE,0,WATCH,,0,0,0,NA,NA,NA,NA,NA,CLEAR,1,0,0,0,0,TREND_REVERSAL_UNCONFIRMED,2,0.45,SHORT,1,0,0,0
BNBUSDT,1771686000000,2026-02-21T15:00:00.000Z,BULL,SHORT,67.5,53.9175,WATCH,1,WATCH,ACTIVE,1,1,0,PASS,PASS,SKIP,SKIP,FAIL,CLEAR,1,0,0,0,0,MARKET_CONTEXT_DENIED,3,0.84,SHORT,0,1,0,0
BNBUSDT,1771689600000,2026-02-21T16:00:00.000Z,NEUTRAL,NONE,0,7.875,IGNORE,0,WATCH,,0,0,0,NA,NA,NA,NA,NA,BLOCK,0,0,0,0,0,TREND_REVERSAL_UNCONFIRMED,0,0.45,NONE,1,0,0,0
BNBUSDT,1771693200000,2026-02-21T17:00:00.000Z,BULL,SHORT,0,7.875,IGNORE,0,WATCH,,0,0,0,NA,NA,NA,NA,NA,WARNING_SOFT,1,0,0,0,0,TREND_REVERSAL_UNCONFIRMED,0,0.45,SHORT,1,0,0,0
BNBUSDT,1771696800000,2026-02-21T18:00:00.000Z,BULL,SHORT,0,7.875,IGNORE,0,WATCH,,0,0,0,NA,NA,NA,NA,NA,WARNING_SOFT,1,0,0,0,0,TREND_REVERSAL_UNCONFIRMED,0,0.45,SHORT,1,0,0,0
BNBUSDT,1771700400000,2026-02-21T19:00:00.000Z,NEUTRAL,NONE,0,7.875,IGNORE,0,WATCH,,0,0,0,NA,NA,NA,NA,NA,WARNING_SOFT,1,0,0,0,0,TREND_REVERSAL_UNCONFIRMED,0,0.45,NONE,1,0,0,0
BNBUSDT,1771704000000,2026-02-21T20:00:00.000Z,NEUTRAL,NONE,0,7.875,IGNORE,0,WATCH,,0,0,0,NA,NA,NA,NA,NA,WARNING_SOFT,1,0,0,0,0,TREND_REVERSAL_UNCONFIRMED,0,0.45,NONE,1,0,0,0
BNBUSDT,1771707600000,2026-02-21T21:00:00.000Z,NEUTRAL,NONE,0,7.875,IGNORE,0,WATCH,,0,0,0,NA,NA,NA,NA,NA,WARNING_SOFT,1,0,0,0,0,TREND_REVERSAL_UNCONFIRMED,0,0.45,NONE,1,0,0,0
BNBUSDT,1771711200000,2026-02-21T22:00:00.000Z,NEUTRAL,NONE,0,7.875,IGNORE,0,WATCH,,0,0,0,NA,NA,NA,NA,NA,WARNING_SOFT,1,0,0,0,0,TREND_REVERSAL_UNCONFIRMED,0,0.45,NONE,1,0,0,0
BNBUSDT,1771714800000,2026-02-21T23:00:00.000Z,NEUTRAL,NONE,0,7.875,IGNORE,0,WATCH,,0,0,0,NA,NA,NA,NA,NA,BLOCK,0,0,0,0,0,TREND_REVERSAL_UNCONFIRMED,0,0.45,NONE,1,0,0,0
BNBUSDT,1771718400000,2026-02-22T00:00:00.000Z,NEUTRAL,NONE,0,7.875,IGNORE,0,WATCH,,0,0,0,NA,NA,NA,NA,NA,BLOCK,0,0,0,0,0,TREND_REVERSAL_UNCONFIRMED,0,0.45,NONE,1,0,0,0
BNBUSDT,1771722000000,2026-02-22T01:00:00.000Z,BULL,SHORT,0,7.875,IGNORE,0,WATCH,,0,0,0,NA,NA,NA,NA,NA,WARNING_SOFT,1,0,0,0,0,TREND_REVERSAL_UNCONFIRMED,0,0.45,SHORT,1,0,0,0
BNBUSDT,1771725600000,2026-02-22T02:00:00.000Z,NEUTRAL,NONE,0,7.875,IGNORE,0,WATCH,,0,0,0,NA,NA,NA,NA,NA,WARNING_SOFT,1,0,0,0,0,TREND_REVERSAL_UNCONFIRMED,0,0.45,NONE,1,0,0,0
BNBUSDT,1771729200000,2026-02-22T03:00:00.000Z,NEUTRAL,NONE,0,7.875,IGNORE,0,WATCH,,0,0,0,NA,NA,NA,NA,NA,BLOCK,0,0,0,0,0,TREND_REVERSAL_UNCONFIRMED,0,0.45,NONE,1,0,0,0
BNBUSDT,1771732800000,2026-02-22T04:00:00.000Z,NEUTRAL,NONE,0,7.875,IGNORE,0,WATCH,,0,0,0,NA,NA,NA,NA,NA,WARNING_SOFT,1,0,0,0,0,TREND_REVERSAL_UNCONFIRMED,0,0.45,NONE,1,0,0,0
BNBUSDT,1771736400000,2026-02-22T05:00:00.000Z,NEUTRAL,NONE,0,7.875,IGNORE,0,WATCH,,0,0,0,NA,NA,NA,NA,NA,WARNING_SOFT,1,0,0,0,0,TREND_REVERSAL_UNCONFIRMED,0,0.45,NONE,1,0,0,0
BNBUSDT,1771740000000,2026-02-22T06:00:00.000Z,NEUTRAL,NONE,0,7.875,IGNORE,0,WATCH,,0,0,0,NA,NA,NA,NA,NA,BLOCK,0,0,0,0,0,TREND_REVERSAL_UNCONFIRMED,0,0.45,NONE,1,0,0,0
BNBUSDT,1771743600000,2026-02-22T07:00:00.000Z,NEUTRAL,NONE,0,7.875,IGNORE,0,WATCH,,0,0,0,NA,NA,NA,NA,NA,BLOCK,0,0,0,0,0,TREND_REVERSAL_UNCONFIRMED,0,0.45,NONE,1,0,0,0
BNBUSDT,1771747200000,2026-02-22T08:00:00.000Z,NEUTRAL,NONE,0,7.875,IGNORE,0,WATCH,,0,0,0,NA,NA,NA,NA,NA,WARNING_SOFT,1,0,0,0,0,TREND_REVERSAL_UNCONFIRMED,0,0.45,NONE,1,0,0,0
BNBUSDT,1771750800000,2026-02-22T09:00:00.000Z,NEUTRAL,NONE,0,7.875,IGNORE,0,WATCH,,0,0,0,NA,NA,NA,NA,NA,WARNING_SOFT,1,0,0,0,0,TREND_REVERSAL_UNCONFIRMED,0,0.45,NONE,1,0,0,0
BNBUSDT,1771754400000,2026-02-22T10:00:00.000Z,NEUTRAL,NONE,0,7.875,IGNORE,0,WATCH,,0,0,0,NA,NA,NA,NA,NA,WARNING_SOFT,1,0,0,0,0,TREND_REVERSAL_UNCONFIRMED,0,0.45,NONE,1,0,0,0
BNBUSDT,1771758000000,2026-02-22T11:00:00.000Z,BULL,SHORT,17.5,12.909375,IGNORE,0,WATCH,,0,0,0,NA,NA,NA,NA,NA,CLEAR,1,0,0,0,0,TREND_REVERSAL_UNCONFIRMED,1,0.45,SHORT,1,0,0,0
BNBUSDT,1771761600000,2026-02-22T12:00:00.000Z,NEUTRAL,NONE,0,7.875,IGNORE,0,WATCH,,0,0,0,NA,NA,NA,NA,NA,WARNING_SOFT,1,0,0,0,0,TREND_REVERSAL_UNCONFIRMED,0,0.45,NONE,1,0,0,0
BNBUSDT,1771765200000,2026-02-22T13:00:00.000Z,NEUTRAL,NONE,0,7.875,IGNORE,0,WATCH,,0,0,0,NA,NA,NA,NA,NA,BLOCK,0,0,0,0,0,TREND_REVERSAL_UNCONFIRMED,0,0.45,NONE,1,0,0,0
BNBUSDT,1771768800000,2026-02-22T14:00:00.000Z,NEUTRAL,NONE,0,7.875,IGNORE,0,WATCH,,0,0,0,NA,NA,NA,NA,NA,BLOCK,0,0,0,0,0,TREND_REVERSAL_UNCONFIRMED,0,0.45,NONE,1,0,0,0
BNBUSDT,1771772400000,2026-02-22T15:00:00.000Z,NEUTRAL,NONE,0,7.875,IGNORE,0,WATCH,,0,0,0,NA,NA,NA,NA,NA,BLOCK,0,0,0,0,0,TREND_REVERSAL_UNCONFIRMED,0,0.45,NONE,1,0,0,0
BNBUSDT,1771776000000,2026-02-22T16:00:00.000Z,BEAR,LONG,41.652108551413406,18.467603548423806,IGNORE,0,WATCH,,0,0,0,NA,NA,NA,NA,NA,CLEAR,1,0,0,0,0,TREND_REVERSAL_UNCONFIRMED,2,0.45,LONG,1,0,0,0
BNBUSDT,1771779600000,2026-02-22T17:00:00.000Z,BEAR,LONG,29.54483114917779,17.514155452997752,IGNORE,0,WATCH,,0,0,0,NA,NA,NA,NA,NA,CLEAR,1,0,0,0,0,TREND_REVERSAL_UNCONFIRMED,2,0.45,LONG,1,0,0,0
BNBUSDT,1771783200000,2026-02-22T18:00:00.000Z,BEAR,LONG,0,7.875,IGNORE,0,WATCH,,0,0,0,NA,NA,NA,NA,NA,CLEAR,1,0,0,0,0,TREND_REVERSAL_UNCONFIRMED,0,0.45,LONG,1,0,0,0
BNBUSDT,1771786800000,2026-02-22T19:00:00.000Z,BEAR,LONG,0,7.875,IGNORE,0,WATCH,,0,0,0,NA,NA,NA,NA,NA,CLEAR,1,0,0,0,0,TREND_REVERSAL_UNCONFIRMED,0,0.45,LONG,1,0,0,0
BNBUSDT,1771790400000,2026-02-22T20:00:00.000Z,BEAR,LONG,0,7.875,IGNORE,0,WATCH,,0,0,0,NA,NA,NA,NA,NA,CLEAR,1,0,0,0,0,TREND_REVERSAL_UNCONFIRMED,0,0.45,LONG,1,0,0,0
BNBUSDT,1771794000000,2026-02-22T21:00:00.000Z,BEAR,LONG,0,7.875,IGNORE,0,WATCH,,0,0,0,NA,NA,NA,NA,NA,CLEAR,1,0,0,0,0,TREND_REVERSAL_UNCONFIRMED,0,0.45,LONG,1,0,0,0
BNBUSDT,1771797600000,2026-02-22T22:00:00.000Z,BEAR,LONG,0,7.875,IGNORE,0,WATCH,,0,0,0,NA,NA,NA,NA,NA,WARNING_SOFT,1,0,0,0,0,TREND_REVERSAL_UNCONFIRMED,0,0.45,LONG,1,0,0,0
BNBUSDT,1771801200000,2026-02-22T23:00:00.000Z,BEAR,LONG,0,7.875,IGNORE,0,WATCH,,0,0,0,NA,NA,NA,NA,NA,WARNING_SOFT,1,0,0,0,0,TREND_REVERSAL_UNCONFIRMED,0,0.45,LONG,1,0,0,0
BNBUSDT,1771804800000,2026-02-23T00:00:00.000Z,BEAR,LONG,25,13.5,IGNORE,0,WATCH,,0,0,0,NA,NA,NA,NA,NA,CLEAR,1,0,0,0,0,TREND_REVERSAL_UNCONFIRMED,1,0.45,LONG,1,0,0,0
BNBUSDT,1771808400000,2026-02-23T01:00:00.000Z,BEAR,LONG,39.58333333333333,18.3046875,IGNORE,0,WATCH,,0,0,0,NA,NA,NA,NA,NA,CLEAR,1,0,1,0,0,TREND_REVERSAL_UNCONFIRMED,2,0.45,LONG,1,0,0,0
BNBUSDT,1771812000000,2026-02-23T02:00:00.000Z,BEAR,LONG,63.141584442188844,53.276812913001756,WATCH,1,WATCH,ACTIVE,1,1,0,PASS,PASS,SKIP,SKIP,FAIL,CLEAR,1,0,0,0,0,MARKET_CONTEXT_DENIED,3,0.84,LONG,0,1,0,0
BNBUSDT,1771815600000,2026-02-23T03:00:00.000Z,BEAR,LONG,28.543841663229124,17.435327530979293,IGNORE,0,WATCH,,0,0,0,NA,NA,NA,NA,NA,CLEAR,1,0,0,0,0,TREND_REVERSAL_UNCONFIRMED,2,0.45,LONG,1,0,0,0
BNBUSDT,1771819200000,2026-02-23T04:00:00.000Z,BEAR,LONG,14.583333333333332,12.6796875,IGNORE,0,WATCH,,0,0,0,NA,NA,NA,NA,NA,CLEAR,1,0,0,0,0,TREND_REVERSAL_UNCONFIRMED,1,0.45,LONG,1,0,0,0
BNBUSDT,1771822800000,2026-02-23T05:00:00.000Z,BEAR,LONG,16.462770490399052,12.827693176118926,IGNORE,0,WATCH,,0,0,0,NA,NA,NA,NA,NA,CLEAR,1,0,0,0,0,TREND_REVERSAL_UNCONFIRMED,1,0.45,LONG,1,0,0,0
BNBUSDT,1771826400000,2026-02-23T06:00:00.000Z,BEAR,LONG,12.809464860278975,12.539995357746971,IGNORE,0,WATCH,,0,0,0,NA,NA,NA,NA,NA,CLEAR,1,0,0,0,0,TREND_REVERSAL_UNCONFIRMED,1,0.45,LONG,1,0,0,0
BNBUSDT,1771830000000,2026-02-23T07:00:00.000Z,BEAR,LONG,0,7.875,IGNORE,0,WATCH,,0,0,0,NA,NA,NA,NA,NA,CLEAR,1,0,0,0,0,TREND_REVERSAL_UNCONFIRMED,0,0.45,LONG,1,0,0,0
BNBUSDT,1771833600000,2026-02-23T08:00:00.000Z,BEAR,LONG,0,7.875,IGNORE,0,WATCH,,0,0,0,NA,NA,NA,NA,NA,CLEAR,1,0,0,0,0,TREND_REVERSAL_UNCONFIRMED,0,0.45,LONG,1,0,0,0
BNBUSDT,1771837200000,2026-02-23T09:00:00.000Z,NEUTRAL,NONE,0,7.875,IGNORE,0,WATCH,,0,0,0,NA,NA,NA,NA,NA,CLEAR,1,0,0,0,0,TREND_REVERSAL_UNCONFIRMED,0,0.45,NONE,1,0,0,0
BNBUSDT,1771840800000,2026-02-23T10:00:00.000Z,NEUTRAL,NONE,0,7.875,IGNORE,0,WATCH,,0,0,0,NA,NA,NA,NA,NA,WARNING_SOFT,1,0,0,0,0,TREND_REVERSAL_UNCONFIRMED,0,0.45,NONE,1,0,0,0
BNBUSDT,1771844400000,2026-02-23T11:00:00.000Z,NEUTRAL,NONE,0,7.875,IGNORE,0,WATCH,,0,0,0,NA,NA,NA,NA,NA,WARNING_SOFT,1,0,0,0,0,TREND_REVERSAL_UNCONFIRMED,0,0.45,NONE,1,0,0,0
BNBUSDT,1771848000000,2026-02-23T12:00:00.000Z,NEUTRAL,NONE,0,7.875,IGNORE,0,WATCH,,0,0,0,NA,NA,NA,NA,NA,WARNING_SOFT,1,0,0,0,0,TREND_REVERSAL_UNCONFIRMED,0,0.45,NONE,1,0,0,0
BNBUSDT,1771851600000,2026-02-23T13:00:00.000Z,NEUTRAL,NONE,0,7.875,IGNORE,0,WATCH,,0,0,0,NA,NA,NA,NA,NA,WARNING_SOFT,1,0,0,0,0,TREND_REVERSAL_UNCONFIRMED,0,0.45,NONE,1,0,0,0
BNBUSDT,1771855200000,2026-02-23T14:00:00.000Z,NEUTRAL,NONE,0,7.875,IGNORE,0,WATCH,,0,0,0,NA,NA,NA,NA,NA,WARNING_SOFT,1,0,0,0,0,TREND_REVERSAL_UNCONFIRMED,0,0.45,NONE,1,0,0,0
BNBUSDT,1771858800000,2026-02-23T15:00:00.000Z,BEAR,LONG,0,7.875,IGNORE,0,WATCH,,0,0,0,NA,NA,NA,NA,NA,WARNING_SOFT,1,0,0,0,0,TREND_REVERSAL_UNCONFIRMED,0,0.45,LONG,1,0,0,0
BNBUSDT,1771862400000,2026-02-23T16:00:00.000Z,BEAR,LONG,0,7.875,IGNORE,0,WATCH,,0,0,0,NA,NA,NA,NA,NA,BLOCK,0,0,0,0,0,TREND_REVERSAL_UNCONFIRMED,0,0.45,LONG,1,0,0,0
BNBUSDT,1771866000000,2026-02-23T17:00:00.000Z,BEAR,LONG,17.676235333350427,12.923253532501347,IGNORE,0,WATCH,,0,0,0,NA,NA,NA,NA,NA,CLEAR,1,0,1,0,0,TREND_REVERSAL_UNCONFIRMED,1,0.45,LONG,1,0,0,0
BNBUSDT,1771869600000,2026-02-23T18:00:00.000Z,BEAR,LONG,25,13.5,IGNORE,0,WATCH,,0,0,0,NA,NA,NA,NA,NA,CLEAR,1,0,0,0,0,TREND_REVERSAL_UNCONFIRMED,1,0.45,LONG,1,0,0,0
BNBUSDT,1771873200000,2026-02-23T19:00:00.000Z,BEAR,LONG,0,7.875,IGNORE,0,WATCH,,0,0,0,NA,NA,NA,NA,NA,CLEAR,1,0,0,0,0,TREND_REVERSAL_UNCONFIRMED,0,0.45,LONG,1,0,0,0
BNBUSDT,1771876800000,2026-02-23T20:00:00.000Z,BEAR,LONG,0,7.875,IGNORE,0,WATCH,,0,0,0,NA,NA,NA,NA,NA,CLEAR,1,0,0,0,0,TREND_REVERSAL_UNCONFIRMED,0,0.45,LONG,1,0,0,0
BNBUSDT,1771880400000,2026-02-23T21:00:00.000Z,BEAR,LONG,25,13.5,IGNORE,0,WATCH,,0,0,0,NA,NA,NA,NA,NA,CLEAR,1,0,0,0,0,TREND_REVERSAL_UNCONFIRMED,1,0.45,LONG,1,0,0,0
BNBUSDT,1771884000000,2026-02-23T22:00:00.000Z,BEAR,LONG,0,7.875,IGNORE,0,WATCH,,0,0,0,NA,NA,NA,NA,NA,CLEAR,1,0,0,0,0,TREND_REVERSAL_UNCONFIRMED,0,0.45,LONG,1,0,0,0
BNBUSDT,1771887600000,2026-02-23T23:00:00.000Z,BEAR,LONG,17.5,12.909375,IGNORE,0,WATCH,,0,0,0,NA,NA,NA,NA,NA,CLEAR,1,0,0,0,0,TREND_REVERSAL_UNCONFIRMED,1,0.45,LONG,1,0,0,0
BNBUSDT,1771891200000,2026-02-24T00:00:00.000Z,NEUTRAL,NONE,0,7.875,IGNORE,0,WATCH,,0,0,0,NA,NA,NA,NA,NA,WARNING_SOFT,1,0,0,0,0,TREND_REVERSAL_UNCONFIRMED,0,0.45,NONE,1,0,0,0
BNBUSDT,1771894800000,2026-02-24T01:00:00.000Z,BEAR,LONG,42.5,18.534375,IGNORE,0,WATCH,,0,0,0,NA,NA,NA,NA,NA,BLOCK,0,0,0,0,0,TREND_REVERSAL_UNCONFIRMED,2,0.45,LONG,1,0,0,0
BNBUSDT,1771898400000,2026-02-24T02:00:00.000Z,BEAR,LONG,17.5,12.909375,IGNORE,0,WATCH,,0,0,0,NA,NA,NA,NA,NA,WARNING_SOFT,1,0,0,0,0,TREND_REVERSAL_UNCONFIRMED,1,0.45,LONG,1,0,0,0
BNBUSDT,1771902000000,2026-02-24T03:00:00.000Z,BEAR,LONG,17.5,12.909375,IGNORE,0,WATCH,,0,0,0,NA,NA,NA,NA,NA,CLEAR,1,0,0,0,0,TREND_REVERSAL_UNCONFIRMED,1,0.45,LONG,1,0,0,0
BNBUSDT,1771905600000,2026-02-24T04:00:00.000Z,BEAR,LONG,17.5,12.909375,IGNORE,0,WATCH,,0,0,0,NA,NA,NA,NA,NA,CLEAR,1,0,0,0,0,TREND_REVERSAL_UNCONFIRMED,1,0.45,LONG,1,0,0,0
BNBUSDT,1771909200000,2026-02-24T05:00:00.000Z,BEAR,LONG,42.5,18.534375,IGNORE,0,WATCH,,0,0,0,NA,NA,NA,NA,NA,CLEAR,1,0,0,0,0,TREND_REVERSAL_UNCONFIRMED,2,0.45,LONG,1,0,0,0
BNBUSDT,1771912800000,2026-02-24T06:00:00.000Z,BEAR,LONG,17.5,12.909375,IGNORE,0,WATCH,,0,0,0,NA,NA,NA,NA,NA,CLEAR,1,0,0,0,0,TREND_REVERSAL_UNCONFIRMED,1,0.45,LONG,1,0,0,0
BNBUSDT,1771916400000,2026-02-24T07:00:00.000Z,BEAR,LONG,17.5,12.909375,IGNORE,0,WATCH,,0,0,0,NA,NA,NA,NA,NA,CLEAR,1,0,0,0,0,TREND_REVERSAL_UNCONFIRMED,1,0.45,LONG,1,0,0,0
BNBUSDT,1771920000000,2026-02-24T08:00:00.000Z,BEAR,LONG,17.5,12.909375,IGNORE,0,WATCH,,0,0,0,NA,NA,NA,NA,NA,CLEAR,1,0,0,0,0,TREND_REVERSAL_UNCONFIRMED,1,0.45,LONG,1,0,0,0
BNBUSDT,1771923600000,2026-02-24T09:00:00.000Z,BEAR,LONG,17.5,12.909375,IGNORE,0,WATCH,,0,0,0,NA,NA,NA,NA,NA,CLEAR,1,0,0,0,0,TREND_REVERSAL_UNCONFIRMED,1,0.45,LONG,1,0,0,0
BNBUSDT,1771927200000,2026-02-24T10:00:00.000Z,BEAR,LONG,0,7.875,IGNORE,0,WATCH,,0,0,0,NA,NA,NA,NA,NA,CLEAR,1,0,0,0,0,TREND_REVERSAL_UNCONFIRMED,0,0.45,LONG,1,0,0,0
BNBUSDT,1771930800000,2026-02-24T11:00:00.000Z,BEAR,LONG,12.847222222222221,12.54296875,IGNORE,0,WATCH,,0,0,0,NA,NA,NA,NA,NA,CLEAR,1,0,0,0,0,TREND_REVERSAL_UNCONFIRMED,1,0.45,LONG,1,0,0,0
BNBUSDT,1771934400000,2026-02-24T12:00:00.000Z,BEAR,LONG,12.847222222222221,12.54296875,IGNORE,0,WATCH,,0,0,0,NA,NA,NA,NA,NA,CLEAR,1,0,0,0,0,TREND_REVERSAL_UNCONFIRMED,1,0.45,LONG,1,0,0,0
BNBUSDT,1771938000000,2026-02-24T13:00:00.000Z,BEAR,LONG,25,13.5,IGNORE,0,WATCH,,0,0,0,NA,NA,NA,NA,NA,CLEAR,1,0,1,0,0,TREND_REVERSAL_UNCONFIRMED,1,0.45,LONG,1,0,0,0
BNBUSDT,1771941600000,2026-02-24T14:00:00.000Z,BEAR,LONG,25,13.5,IGNORE,0,WATCH,,0,0,0,NA,NA,NA,NA,NA,CLEAR,1,0,1,0,0,TREND_REVERSAL_UNCONFIRMED,1,0.45,LONG,1,0,0,0
BNBUSDT,1771945200000,2026-02-24T15:00:00.000Z,BEAR,LONG,39.490491165029624,18.297376179246083,IGNORE,0,WATCH,,0,0,0,NA,NA,NA,NA,NA,CLEAR,1,0,0,0,0,TREND_REVERSAL_UNCONFIRMED,2,0.45,LONG,1,0,0,0
BNBUSDT,1771948800000,2026-02-24T16:00:00.000Z,BEAR,LONG,12.77838513881302,12.537547829681525,IGNORE,0,WATCH,,0,0,0,NA,NA,NA,NA,NA,WARNING_HARD,1,0,0,0,0,TREND_REVERSAL_UNCONFIRMED,1,0.45,LONG,1,0,0,0
BNBUSDT,1771952400000,2026-02-24T17:00:00.000Z,BEAR,LONG,0,7.875,IGNORE,0,WATCH,,0,0,0,NA,NA,NA,NA,NA,WARNING_SOFT,1,0,0,0,0,TREND_REVERSAL_UNCONFIRMED,0,0.45,LONG,1,0,0,0
BNBUSDT,1771956000000,2026-02-24T18:00:00.000Z,BEAR,LONG,25,13.5,IGNORE,0,WATCH,,0,0,0,NA,NA,NA,NA,NA,WARNING_SOFT,1,0,0,0,0,TREND_REVERSAL_UNCONFIRMED,1,0.45,LONG,1,0,0,0
BNBUSDT,1771959600000,2026-02-24T19:00:00.000Z,BEAR,LONG,0,7.875,IGNORE,0,WATCH,,0,0,0,NA,NA,NA,NA,NA,WARNING_SOFT,1,0,0,0,0,TREND_REVERSAL_UNCONFIRMED,0,0.45,LONG,1,0,0,0
BNBUSDT,1771963200000,2026-02-24T20:00:00.000Z,BEAR,LONG,0,7.875,IGNORE,0,WATCH,,0,0,0,NA,NA,NA,NA,NA,WARNING_SOFT,1,0,0,0,0,TREND_REVERSAL_UNCONFIRMED,0,0.45,LONG,1,0,0,0
BNBUSDT,1771966800000,2026-02-24T21:00:00.000Z,BEAR,LONG,0,7.875,IGNORE,0,WATCH,,0,0,0,NA,NA,NA,NA,NA,WARNING_SOFT,1,0,0,0,0,TREND_REVERSAL_UNCONFIRMED,0,0.45,LONG,1,0,0,0
BNBUSDT,1771970400000,2026-02-24T22:00:00.000Z,BEAR,LONG,25,13.5,IGNORE,0,WATCH,,0,0,0,NA,NA,NA,NA,NA,WARNING_SOFT,1,0,0,0,0,TREND_REVERSAL_UNCONFIRMED,1,0.45,LONG,1,0,0,0
BNBUSDT,1771974000000,2026-02-24T23:00:00.000Z,BEAR,LONG,0,7.875,IGNORE,0,WATCH,,0,0,0,NA,NA,NA,NA,NA,WARNING_SOFT,1,0,0,0,0,TREND_REVERSAL_UNCONFIRMED,0,0.45,LONG,1,0,0,0
BNBUSDT,1771977600000,2026-02-25T00:00:00.000Z,BEAR,LONG,0,7.875,IGNORE,0,WATCH,,0,0,0,NA,NA,NA,NA,NA,WARNING_SOFT,1,0,0,0,0,TREND_REVERSAL_UNCONFIRMED,0,0.45,LONG,1,0,0,0
BNBUSDT,1771981200000,2026-02-25T01:00:00.000Z,NEUTRAL,NONE,0,7.875,IGNORE,0,WATCH,,0,0,0,NA,NA,NA,NA,NA,CLEAR,1,0,0,0,0,TREND_REVERSAL_UNCONFIRMED,0,0.45,NONE,1,0,0,0
BNBUSDT,1771984800000,2026-02-25T02:00:00.000Z,NEUTRAL,NONE,0,7.875,IGNORE,0,WATCH,,0,0,0,NA,NA,NA,NA,NA,CLEAR,1,0,0,0,0,TREND_REVERSAL_UNCONFIRMED,0,0.45,NONE,1,0,0,0
BNBUSDT,1771988400000,2026-02-25T03:00:00.000Z,NEUTRAL,NONE,0,7.875,IGNORE,0,WATCH,,0,0,0,NA,NA,NA,NA,NA,CLEAR,1,0,0,0,0,TREND_REVERSAL_UNCONFIRMED,0,0.45,NONE,1,0,0,0
BNBUSDT,1771992000000,2026-02-25T04:00:00.000Z,NEUTRAL,NONE,0,7.875,IGNORE,0,WATCH,,0,0,0,NA,NA,NA,NA,NA,CLEAR,1,0,0,0,0,TREND_REVERSAL_UNCONFIRMED,0,0.45,NONE,1,0,0,0
BNBUSDT,1771995600000,2026-02-25T05:00:00.000Z,NEUTRAL,NONE,0,7.875,IGNORE,0,WATCH,,0,0,0,NA,NA,NA,NA,NA,CLEAR,1,0,0,0,0,TREND_REVERSAL_UNCONFIRMED,0,0.45,NONE,1,0,0,0
BNBUSDT,1771999200000,2026-02-25T06:00:00.000Z,NEUTRAL,NONE,0,7.875,IGNORE,0,WATCH,,0,0,0,NA,NA,NA,NA,NA,CLEAR,1,0,0,0,0,TREND_REVERSAL_UNCONFIRMED,0,0.45,NONE,1,0,0,0
BNBUSDT,1772002800000,2026-02-25T07:00:00.000Z,NEUTRAL,NONE,0,7.875,IGNORE,0,WATCH,,0,0,0,NA,NA,NA,NA,NA,CLEAR,1,0,0,0,0,TREND_REVERSAL_UNCONFIRMED,0,0.45,NONE,1,0,0,0
BNBUSDT,1772006400000,2026-02-25T08:00:00.000Z,NEUTRAL,NONE,0,7.875,IGNORE,0,WATCH,,0,0,0,NA,NA,NA,NA,NA,CLEAR,1,0,0,0,0,TREND_REVERSAL_UNCONFIRMED,0,0.45,NONE,1,0,0,0
BNBUSDT,1772010000000,2026-02-25T09:00:00.000Z,NEUTRAL,NONE,0,7.875,IGNORE,0,WATCH,,0,0,0,NA,NA,NA,NA,NA,CLEAR,1,0,0,0,0,TREND_REVERSAL_UNCONFIRMED,0,0.45,NONE,1,0,0,0
BNBUSDT,1772013600000,2026-02-25T10:00:00.000Z,NEUTRAL,NONE,0,7.875,IGNORE,0,WATCH,,0,0,0,NA,NA,NA,NA,NA,CLEAR,1,0,0,0,0,TREND_REVERSAL_UNCONFIRMED,0,0.45,NONE,1,0,0,0
BNBUSDT,1772017200000,2026-02-25T11:00:00.000Z,NEUTRAL,NONE,0,7.875,IGNORE,0,WATCH,,0,0,0,NA,NA,NA,NA,NA,CLEAR,1,0,0,0,0,TREND_REVERSAL_UNCONFIRMED,0,0.45,NONE,1,0,0,0
BNBUSDT,1772020800000,2026-02-25T12:00:00.000Z,BULL,SHORT,19.091999240768658,13.034744940210533,IGNORE,0,WATCH,,0,0,0,NA,NA,NA,NA,NA,CLEAR,1,1,0,0,0,TREND_REVERSAL_UNCONFIRMED,1,0.45,SHORT,1,0,0,0
BNBUSDT,1772024400000,2026-02-25T13:00:00.000Z,BULL,SHORT,21.22914652380335,13.203045288749514,IGNORE,0,WATCH,,0,0,0,NA,NA,NA,NA,NA,CLEAR,1,1,0,0,0,TREND_REVERSAL_UNCONFIRMED,1,0.45,SHORT,1,0,0,0
BNBUSDT,1772028000000,2026-02-25T14:00:00.000Z,BULL,SHORT,33.83456950479286,17.85197234850244,IGNORE,0,WATCH,,0,0,0,NA,NA,NA,NA,NA,CLEAR,1,1,0,0,0,TREND_REVERSAL_UNCONFIRMED,2,0.45,SHORT,1,0,0,0
BNBUSDT,1772031600000,2026-02-25T15:00:00.000Z,BULL,SHORT,41.666666666666664,18.46875,IGNORE,0,WATCH,,0,0,0,NA,NA,NA,NA,NA,CLEAR,1,1,0,0,0,TREND_REVERSAL_UNCONFIRMED,2,0.45,SHORT,1,0,0,0
BNBUSDT,1772035200000,2026-02-25T16:00:00.000Z,BULL,SHORT,36.01185628399553,18.023433682364647,IGNORE,0,WATCH,,0,0,0,NA,NA,NA,NA,NA,CLEAR,1,1,0,0,0,TREND_REVERSAL_UNCONFIRMED,2,0.45,SHORT,1,0,0,0
BNBUSDT,1772038800000,2026-02-25T17:00:00.000Z,BULL,SHORT,34.669560812234955,17.917727913963503,IGNORE,0,WATCH,,0,0,0,NA,NA,NA,NA,NA,CLEAR,1,0,0,0,0,TREND_REVERSAL_UNCONFIRMED,2,0.45,SHORT,1,0,0,0
BNBUSDT,1772042400000,2026-02-25T18:00:00.000Z,BULL,SHORT,32.190297464257874,17.72248592531031,IGNORE,0,WATCH,,0,0,0,NA,NA,NA,NA,NA,CLEAR,1,0,0,0,0,TREND_REVERSAL_UNCONFIRMED,2,0.45,SHORT,1,0,0,0
BNBUSDT,1772046000000,2026-02-25T19:00:00.000Z,BULL,SHORT,39.58333333333333,18.3046875,IGNORE,0,WATCH,,0,0,0,NA,NA,NA,NA,NA,CLEAR,1,0,0,0,0,TREND_REVERSAL_UNCONFIRMED,2,0.45,SHORT,1,0,0,0
BNBUSDT,1772049600000,2026-02-25T20:00:00.000Z,BULL,SHORT,14.583333333333332,12.6796875,IGNORE,0,WATCH,,0,0,0,NA,NA,NA,NA,NA,CLEAR,1,0,0,0,0,TREND_REVERSAL_UNCONFIRMED,1,0.45,SHORT,1,0,0,0
BNBUSDT,1772053200000,2026-02-25T21:00:00.000Z,BULL,SHORT,29.740240242154858,17.529543919069695,IGNORE,0,WATCH,,0,0,0,NA,NA,NA,NA,NA,CLEAR,1,0,0,0,0,TREND_REVERSAL_UNCONFIRMED,2,0.45,SHORT,1,0,0,0
BNBUSDT,1772056800000,2026-02-25T22:00:00.000Z,BULL,SHORT,12.847222222222221,12.54296875,IGNORE,0,WATCH,,0,0,0,NA,NA,NA,NA,NA,CLEAR,1,0,0,0,0,TREND_REVERSAL_UNCONFIRMED,1,0.45,SHORT,1,0,0,0
BNBUSDT,1772060400000,2026-02-25T23:00:00.000Z,BULL,SHORT,17.588349399905425,12.916332515242551,IGNORE,0,WATCH,,0,0,0,NA,NA,NA,NA,NA,CLEAR,1,0,0,0,0,TREND_REVERSAL_UNCONFIRMED,1,0.45,SHORT,1,0,0,0
BNBUSDT,1772064000000,2026-02-26T00:00:00.000Z,BULL,SHORT,0,7.875,IGNORE,0,WATCH,,0,0,0,NA,NA,NA,NA,NA,CLEAR,1,0,0,0,0,TREND_REVERSAL_UNCONFIRMED,0,0.45,SHORT,1,0,0,0
BNBUSDT,1772067600000,2026-02-26T01:00:00.000Z,BULL,SHORT,0,7.875,IGNORE,0,WATCH,,0,0,0,NA,NA,NA,NA,NA,CLEAR,1,0,0,0,0,TREND_REVERSAL_UNCONFIRMED,0,0.45,SHORT,1,0,0,0
BNBUSDT,1772071200000,2026-02-26T02:00:00.000Z,BULL,SHORT,0,7.875,IGNORE,0,WATCH,,0,0,0,NA,NA,NA,NA,NA,WARNING_SOFT,1,0,0,0,0,TREND_REVERSAL_UNCONFIRMED,0,0.45,SHORT,1,0,0,0
BNBUSDT,1772074800000,2026-02-26T03:00:00.000Z,BULL,SHORT,0,7.875,IGNORE,0,WATCH,,0,0,0,NA,NA,NA,NA,NA,WARNING_SOFT,1,0,0,0,0,TREND_REVERSAL_UNCONFIRMED,0,0.45,SHORT,1,0,0,0
BNBUSDT,1772078400000,2026-02-26T04:00:00.000Z,BULL,SHORT,0,7.875,IGNORE,0,WATCH,,0,0,0,NA,NA,NA,NA,NA,CLEAR,1,0,0,0,0,TREND_REVERSAL_UNCONFIRMED,0,0.45,SHORT,1,0,0,0
BNBUSDT,1772082000000,2026-02-26T05:00:00.000Z,BULL,SHORT,0,7.875,IGNORE,0,WATCH,,0,0,0,NA,NA,NA,NA,NA,WARNING_SOFT,1,0,0,0,0,TREND_REVERSAL_UNCONFIRMED,0,0.45,SHORT,1,0,0,0
BNBUSDT,1772085600000,2026-02-26T06:00:00.000Z,BULL,SHORT,0,7.875,IGNORE,0,WATCH,,0,0,0,NA,NA,NA,NA,NA,WARNING_SOFT,1,0,0,0,0,TREND_REVERSAL_UNCONFIRMED,0,0.45,SHORT,1,0,0,0
BNBUSDT,1772089200000,2026-02-26T07:00:00.000Z,BULL,SHORT,17.5,12.909375,IGNORE,0,WATCH,,0,0,0,NA,NA,NA,NA,NA,WARNING_SOFT,1,0,0,0,0,TREND_REVERSAL_UNCONFIRMED,1,0.45,SHORT,1,0,0,0
BNBUSDT,1772092800000,2026-02-26T08:00:00.000Z,BULL,SHORT,17.5,12.909375,IGNORE,0,WATCH,,0,0,0,NA,NA,NA,NA,NA,WARNING_SOFT,1,0,0,0,0,TREND_REVERSAL_UNCONFIRMED,1,0.45,SHORT,1,0,0,0
BNBUSDT,1772096400000,2026-02-26T09:00:00.000Z,BULL,SHORT,17.5,12.909375,IGNORE,0,WATCH,,0,0,0,NA,NA,NA,NA,NA,CLEAR,1,0,0,0,0,TREND_REVERSAL_UNCONFIRMED,1,0.45,SHORT,1,0,0,0
BNBUSDT,1772100000000,2026-02-26T10:00:00.000Z,BULL,SHORT,17.5,12.909375,IGNORE,0,WATCH,,0,0,0,NA,NA,NA,NA,NA,WARNING_SOFT,1,0,0,0,0,TREND_REVERSAL_UNCONFIRMED,1,0.45,SHORT,1,0,0,0
BNBUSDT,1772103600000,2026-02-26T11:00:00.000Z,NEUTRAL,NONE,0,7.875,IGNORE,0,WATCH,,0,0,0,NA,NA,NA,NA,NA,BLOCK,0,0,0,0,0,TREND_REVERSAL_UNCONFIRMED,0,0.45,NONE,1,0,0,0
BNBUSDT,1772107200000,2026-02-26T12:00:00.000Z,BULL,SHORT,17.5,12.909375,IGNORE,0,WATCH,,0,0,0,NA,NA,NA,NA,NA,WARNING_SOFT,1,0,0,0,0,TREND_REVERSAL_UNCONFIRMED,1,0.45,SHORT,1,0,0,0
BNBUSDT,1772110800000,2026-02-26T13:00:00.000Z,BULL,SHORT,17.5,12.909375,IGNORE,0,WATCH,,0,0,0,NA,NA,NA,NA,NA,WARNING_SOFT,1,0,0,0,0,TREND_REVERSAL_UNCONFIRMED,1,0.45,SHORT,1,0,0,0
BNBUSDT,1772114400000,2026-02-26T14:00:00.000Z,BULL,SHORT,65.3814435603923,62.00607220337766,WATCH,1,ACTIVE,ACTIVE,1,1,1,PASS,PASS,SKIP,SKIP,PASS,WARNING_HARD,1,0,0,0,1,,3,0.84,SHORT,0,1,0,0
BNBUSDT,1772118000000,2026-02-26T15:00:00.000Z,NEUTRAL,NONE,0,7.875,IGNORE,0,WATCH,,0,0,0,NA,NA,NA,NA,NA,BLOCK,0,0,0,0,0,TREND_REVERSAL_UNCONFIRMED,0,0.45,NONE,1,0,0,0
BNBUSDT,1772121600000,2026-02-26T16:00:00.000Z,NEUTRAL,NONE,0,7.875,IGNORE,0,WATCH,,0,0,0,NA,NA,NA,NA,NA,WARNING_SOFT,1,0,1,0,0,TREND_REVERSAL_UNCONFIRMED,0,0.45,NONE,1,0,0,0
BNBUSDT,1772125200000,2026-02-26T17:00:00.000Z,NEUTRAL,NONE,0,7.875,IGNORE,0,WATCH,,0,0,0,NA,NA,NA,NA,NA,WARNING_SOFT,1,0,0,0,0,TREND_REVERSAL_UNCONFIRMED,0,0.45,NONE,1,0,0,0
BNBUSDT,1772128800000,2026-02-26T18:00:00.000Z,NEUTRAL,NONE,0,7.875,IGNORE,0,WATCH,,0,0,0,NA,NA,NA,NA,NA,WARNING_SOFT,1,0,0,0,0,TREND_REVERSAL_UNCONFIRMED,0,0.45,NONE,1,0,0,0
BNBUSDT,1772132400000,2026-02-26T19:00:00.000Z,BULL,SHORT,17.5,12.909375,IGNORE,0,WATCH,,0,0,0,NA,NA,NA,NA,NA,WARNING_SOFT,1,0,0,0,0,TREND_REVERSAL_UNCONFIRMED,1,0.45,SHORT,1,0,0,0
BNBUSDT,1772136000000,2026-02-26T20:00:00.000Z,NEUTRAL,NONE,0,7.875,IGNORE,0,WATCH,,0,0,0,NA,NA,NA,NA,NA,WARNING_SOFT,1,0,0,0,0,TREND_REVERSAL_UNCONFIRMED,0,0.45,NONE,1,0,0,0
BNBUSDT,1772139600000,2026-02-26T21:00:00.000Z,BULL,SHORT,17.5,12.909375,IGNORE,0,WATCH,,0,0,0,NA,NA,NA,NA,NA,WARNING_SOFT,1,0,0,0,0,TREND_REVERSAL_UNCONFIRMED,1,0.45,SHORT,1,0,0,0
BNBUSDT,1772143200000,2026-02-26T22:00:00.000Z,BULL,SHORT,17.5,12.909375,IGNORE,0,WATCH,,0,0,0,NA,NA,NA,NA,NA,WARNING_SOFT,1,0,0,0,0,TREND_REVERSAL_UNCONFIRMED,1,0.45,SHORT,1,0,0,0
BNBUSDT,1772146800000,2026-02-26T23:00:00.000Z,BULL,SHORT,17.5,12.909375,IGNORE,0,WATCH,,0,0,0,NA,NA,NA,NA,NA,WARNING_SOFT,1,0,0,0,0,TREND_REVERSAL_UNCONFIRMED,1,0.45,SHORT,1,0,0,0
BNBUSDT,1772150400000,2026-02-27T00:00:00.000Z,BULL,SHORT,42.5,18.534375,IGNORE,0,WATCH,,0,0,0,NA,NA,NA,NA,NA,WARNING_SOFT,1,0,0,0,0,TREND_REVERSAL_UNCONFIRMED,2,0.45,SHORT,1,0,0,0
BNBUSDT,1772154000000,2026-02-27T01:00:00.000Z,BULL,SHORT,17.5,12.909375,IGNORE,0,WATCH,,0,0,0,NA,NA,NA,NA,NA,WARNING_SOFT,1,0,0,0,0,TREND_REVERSAL_UNCONFIRMED,1,0.45,SHORT,1,0,0,0
BNBUSDT,1772157600000,2026-02-27T02:00:00.000Z,BULL,SHORT,30.34722222222222,17.57734375,IGNORE,0,WATCH,,0,0,0,NA,NA,NA,NA,NA,WARNING_SOFT,1,0,0,0,0,TREND_REVERSAL_UNCONFIRMED,2,0.45,SHORT,1,0,0,0
BNBUSDT,1772161200000,2026-02-27T03:00:00.000Z,BULL,SHORT,17.5,12.909375,IGNORE,0,WATCH,,0,0,0,NA,NA,NA,NA,NA,CLEAR,1,0,0,0,0,TREND_REVERSAL_UNCONFIRMED,1,0.45,SHORT,1,0,0,0
BNBUSDT,1772164800000,2026-02-27T04:00:00.000Z,BULL,SHORT,33.66920322944691,17.838949754318946,IGNORE,0,WATCH,,0,0,0,NA,NA,NA,NA,NA,CLEAR,1,0,0,0,0,TREND_REVERSAL_UNCONFIRMED,2,0.45,SHORT,1,0,0,0
BNBUSDT,1772168400000,2026-02-27T05:00:00.000Z,BULL,SHORT,17.5,12.909375,IGNORE,0,WATCH,,0,0,0,NA,NA,NA,NA,NA,CLEAR,1,0,0,0,0,TREND_REVERSAL_UNCONFIRMED,1,0.45,SHORT,1,0,0,0
BNBUSDT,1772172000000,2026-02-27T06:00:00.000Z,BULL,SHORT,17.5,12.909375,IGNORE,0,WATCH,,0,0,0,NA,NA,NA,NA,NA,CLEAR,1,0,0,0,0,TREND_REVERSAL_UNCONFIRMED,1,0.45,SHORT,1,0,0,0
BNBUSDT,1772175600000,2026-02-27T07:00:00.000Z,BULL,SHORT,17.5,12.909375,IGNORE,0,WATCH,,0,0,0,NA,NA,NA,NA,NA,WARNING_SOFT,1,0,0,0,0,TREND_REVERSAL_UNCONFIRMED,1,0.45,SHORT,1,0,0,0
BNBUSDT,1772179200000,2026-02-27T08:00:00.000Z,BULL,SHORT,0,7.875,IGNORE,0,WATCH,,0,0,0,NA,NA,NA,NA,NA,WARNING_SOFT,1,0,0,0,0,TREND_REVERSAL_UNCONFIRMED,0,0.45,SHORT,1,0,0,0
BNBUSDT,1772182800000,2026-02-27T09:00:00.000Z,NEUTRAL,NONE,0,7.875,IGNORE,0,WATCH,,0,0,0,NA,NA,NA,NA,NA,WARNING_SOFT,1,0,0,0,0,TREND_REVERSAL_UNCONFIRMED,0,0.45,NONE,1,0,0,0
BNBUSDT,1772186400000,2026-02-27T10:00:00.000Z,NEUTRAL,NONE,0,7.875,IGNORE,0,WATCH,,0,0,0,NA,NA,NA,NA,NA,BLOCK,0,0,1,0,0,TREND_REVERSAL_UNCONFIRMED,0,0.45,NONE,1,0,0,0
BNBUSDT,1772190000000,2026-02-27T11:00:00.000Z,NEUTRAL,NONE,0,7.875,IGNORE,0,WATCH,,0,0,0,NA,NA,NA,NA,NA,BLOCK,0,0,0,0,0,TREND_REVERSAL_UNCONFIRMED,0,0.45,NONE,1,0,0,0
BNBUSDT,1772193600000,2026-02-27T12:00:00.000Z,NEUTRAL,NONE,0,7.875,IGNORE,0,WATCH,,0,0,0,NA,NA,NA,NA,NA,BLOCK,0,0,0,0,0,TREND_REVERSAL_UNCONFIRMED,0,0.45,NONE,1,0,0,0
BNBUSDT,1772197200000,2026-02-27T13:00:00.000Z,NEUTRAL,NONE,0,7.875,IGNORE,0,WATCH,,0,0,0,NA,NA,NA,NA,NA,WARNING_SOFT,1,0,0,0,0,TREND_REVERSAL_UNCONFIRMED,0,0.45,NONE,1,0,0,0
BNBUSDT,1772200800000,2026-02-27T14:00:00.000Z,NEUTRAL,NONE,0,7.875,IGNORE,0,WATCH,,0,0,0,NA,NA,NA,NA,NA,WARNING_SOFT,1,0,0,0,0,TREND_REVERSAL_UNCONFIRMED,0,0.45,NONE,1,0,0,0
BNBUSDT,1772204400000,2026-02-27T15:00:00.000Z,NEUTRAL,NONE,0,7.875,IGNORE,0,WATCH,,0,0,0,NA,NA,NA,NA,NA,BLOCK,0,0,0,0,0,TREND_REVERSAL_UNCONFIRMED,0,0.45,NONE,1,0,0,0
BNBUSDT,1772208000000,2026-02-27T16:00:00.000Z,NEUTRAL,NONE,0,7.875,IGNORE,0,WATCH,,0,0,0,NA,NA,NA,NA,NA,WARNING_SOFT,1,0,0,0,0,TREND_REVERSAL_UNCONFIRMED,0,0.45,NONE,1,0,0,0
BNBUSDT,1772211600000,2026-02-27T17:00:00.000Z,BEAR,LONG,16.347201510307585,12.818592118936722,IGNORE,0,WATCH,,0,0,0,NA,NA,NA,NA,NA,CLEAR,1,0,0,0,0,TREND_REVERSAL_UNCONFIRMED,1,0.45,LONG,1,0,0,0
BNBUSDT,1772215200000,2026-02-27T18:00:00.000Z,BEAR,LONG,0,7.875,IGNORE,0,WATCH,,0,0,0,NA,NA,NA,NA,NA,CLEAR,1,0,0,0,0,TREND_REVERSAL_UNCONFIRMED,0,0.45,LONG,1,0,0,0
BNBUSDT,1772218800000,2026-02-27T19:00:00.000Z,BEAR,LONG,12.847222222222221,12.54296875,IGNORE,0,WATCH,,0,0,0,NA,NA,NA,NA,NA,CLEAR,1,0,0,0,0,TREND_REVERSAL_UNCONFIRMED,1,0.45,LONG,1,0,0,0
BNBUSDT,1772222400000,2026-02-27T20:00:00.000Z,BEAR,LONG,0,7.875,IGNORE,0,WATCH,,0,0,0,NA,NA,NA,NA,NA,CLEAR,1,0,0,0,0,TREND_REVERSAL_UNCONFIRMED,0,0.45,LONG,1,0,0,0
BNBUSDT,1772226000000,2026-02-27T21:00:00.000Z,BEAR,LONG,0,7.875,IGNORE,0,WATCH,,0,0,0,NA,NA,NA,NA,NA,CLEAR,1,0,0,0,0,TREND_REVERSAL_UNCONFIRMED,0,0.45,LONG,1,0,0,0
BNBUSDT,1772229600000,2026-02-27T22:00:00.000Z,BEAR,LONG,0,7.875,IGNORE,0,WATCH,,0,0,0,NA,NA,NA,NA,NA,CLEAR,1,0,0,0,0,TREND_REVERSAL_UNCONFIRMED,0,0.45,LONG,1,0,0,0
BNBUSDT,1772233200000,2026-02-27T23:00:00.000Z,BEAR,LONG,0,7.875,IGNORE,0,WATCH,,0,0,0,NA,NA,NA,NA,NA,WARNING_SOFT,1,0,0,0,0,TREND_REVERSAL_UNCONFIRMED,0,0.45,LONG,1,0,0,0
BNBUSDT,1772236800000,2026-02-28T00:00:00.000Z,BEAR,LONG,0,7.875,IGNORE,0,WATCH,,0,0,0,NA,NA,NA,NA,NA,WARNING_SOFT,1,0,0,0,0,TREND_REVERSAL_UNCONFIRMED,0,0.45,LONG,1,0,0,0
BNBUSDT,1772240400000,2026-02-28T01:00:00.000Z,BEAR,LONG,0,7.875,IGNORE,0,WATCH,,0,0,0,NA,NA,NA,NA,NA,WARNING_SOFT,1,0,0,0,0,TREND_REVERSAL_UNCONFIRMED,0,0.45,LONG,1,0,0,0
BNBUSDT,1772244000000,2026-02-28T02:00:00.000Z,BEAR,LONG,25,13.5,IGNORE,0,WATCH,,0,0,0,NA,NA,NA,NA,NA,WARNING_SOFT,1,0,0,0,0,TREND_REVERSAL_UNCONFIRMED,1,0.45,LONG,1,0,0,0
BNBUSDT,1772247600000,2026-02-28T03:00:00.000Z,BEAR,LONG,0,7.875,IGNORE,0,WATCH,,0,0,0,NA,NA,NA,NA,NA,WARNING_SOFT,1,0,0,0,0,TREND_REVERSAL_UNCONFIRMED,0,0.45,LONG,1,0,0,0
BNBUSDT,1772251200000,2026-02-28T04:00:00.000Z,BEAR,LONG,0,7.875,IGNORE,0,WATCH,,0,0,0,NA,NA,NA,NA,NA,WARNING_SOFT,1,0,0,0,0,TREND_REVERSAL_UNCONFIRMED,0,0.45,LONG,1,0,0,0
BNBUSDT,1772254800000,2026-02-28T05:00:00.000Z,BEAR,LONG,0,7.875,IGNORE,0,WATCH,,0,0,0,NA,NA,NA,NA,NA,CLEAR,1,0,0,0,0,TREND_REVERSAL_UNCONFIRMED,0,0.45,LONG,1,0,0,0
BNBUSDT,1772258400000,2026-02-28T06:00:00.000Z,BEAR,LONG,39.58333333333333,18.3046875,IGNORE,0,WATCH,,0,0,0,NA,NA,NA,NA,NA,CLEAR,1,0,1,0,0,TREND_REVERSAL_UNCONFIRMED,2,0.45,LONG,1,0,0,0
BNBUSDT,1772262000000,2026-02-28T07:00:00.000Z,BEAR,LONG,50,19.125,IGNORE,0,WATCH,,0,0,0,NA,NA,NA,NA,NA,CLEAR,1,0,0,0,0,TREND_REVERSAL_UNCONFIRMED,2,0.45,LONG,1,0,0,0
BNBUSDT,1772265600000,2026-02-28T08:00:00.000Z,BEAR,LONG,17.88332681705811,12.939561986843326,IGNORE,0,WATCH,,0,0,0,NA,NA,NA,NA,NA,CLEAR,1,0,0,0,0,TREND_REVERSAL_UNCONFIRMED,1,0.45,LONG,1,0,0,0
BNBUSDT,1772269200000,2026-02-28T09:00:00.000Z,BEAR,LONG,15.368230407067573,12.741498144556571,IGNORE,0,WATCH,,0,0,0,NA,NA,NA,NA,NA,CLEAR,1,0,0,0,0,TREND_REVERSAL_UNCONFIRMED,1,0.45,LONG,1,0,0,0
BNBUSDT,1772272800000,2026-02-28T10:00:00.000Z,BEAR,LONG,44.87095475525244,18.72108768697613,IGNORE,0,WATCH,,0,0,0,NA,NA,NA,NA,NA,CLEAR,1,0,0,0,0,TREND_REVERSAL_UNCONFIRMED,2,0.45,LONG,1,0,0,0
BNBUSDT,1772276400000,2026-02-28T11:00:00.000Z,BEAR,LONG,12.696920374671134,12.531132479505352,IGNORE,0,WATCH,,0,0,0,NA,NA,NA,NA,NA,CLEAR,1,0,0,0,0,TREND_REVERSAL_UNCONFIRMED,1,0.45,LONG,1,0,0,0
BNBUSDT,1772280000000,2026-02-28T12:00:00.000Z,BEAR,LONG,0,7.875,IGNORE,0,WATCH,,0,0,0,NA,NA,NA,NA,NA,CLEAR,1,0,0,0,0,TREND_REVERSAL_UNCONFIRMED,0,0.45,LONG,1,0,0,0
BNBUSDT,1772283600000,2026-02-28T13:00:00.000Z,BEAR,LONG,25,13.5,IGNORE,0,WATCH,,0,0,0,NA,NA,NA,NA,NA,CLEAR,1,0,0,0,0,TREND_REVERSAL_UNCONFIRMED,1,0.45,LONG,1,0,0,0
BNBUSDT,1772287200000,2026-02-28T14:00:00.000Z,BEAR,LONG,25,13.5,IGNORE,0,WATCH,,0,0,0,NA,NA,NA,NA,NA,BLOCK,0,0,0,0,0,TREND_REVERSAL_UNCONFIRMED,1,0.45,LONG,1,0,0,0
BNBUSDT,1772290800000,2026-02-28T15:00:00.000Z,NEUTRAL,NONE,0,7.875,IGNORE,0,WATCH,,0,0,0,NA,NA,NA,NA,NA,WARNING_SOFT,1,0,0,0,0,TREND_REVERSAL_UNCONFIRMED,0,0.45,NONE,1,0,0,0
BNBUSDT,1772294400000,2026-02-28T16:00:00.000Z,BEAR,LONG,0,7.875,IGNORE,0,WATCH,,0,0,0,NA,NA,NA,NA,NA,WARNING_SOFT,1,0,0,0,0,TREND_REVERSAL_UNCONFIRMED,0,0.45,LONG,1,0,0,0
BNBUSDT,1772298000000,2026-02-28T17:00:00.000Z,NEUTRAL,NONE,0,7.875,IGNORE,0,WATCH,,0,0,0,NA,NA,NA,NA,NA,CLEAR,1,0,0,0,0,TREND_REVERSAL_UNCONFIRMED,0,0.45,NONE,1,0,0,0
BNBUSDT,1772301600000,2026-02-28T18:00:00.000Z,NEUTRAL,NONE,0,7.875,IGNORE,0,WATCH,,0,0,0,NA,NA,NA,NA,NA,CLEAR,1,0,0,0,0,TREND_REVERSAL_UNCONFIRMED,0,0.45,NONE,1,0,0,0
BNBUSDT,1772305200000,2026-02-28T19:00:00.000Z,NEUTRAL,NONE,0,7.875,IGNORE,0,WATCH,,0,0,0,NA,NA,NA,NA,NA,CLEAR,1,0,0,0,0,TREND_REVERSAL_UNCONFIRMED,0,0.45,NONE,1,0,0,0
BNBUSDT,1772308800000,2026-02-28T20:00:00.000Z,NEUTRAL,NONE,0,7.875,IGNORE,0,WATCH,,0,0,0,NA,NA,NA,NA,NA,CLEAR,1,0,0,0,0,TREND_REVERSAL_UNCONFIRMED,0,0.45,NONE,1,0,0,0
BNBUSDT,1772312400000,2026-02-28T21:00:00.000Z,NEUTRAL,NONE,0,7.875,IGNORE,0,WATCH,,0,0,0,NA,NA,NA,NA,NA,CLEAR,1,0,0,0,0,TREND_REVERSAL_UNCONFIRMED,0,0.45,NONE,1,0,0,0
BNBUSDT,1772316000000,2026-02-28T22:00:00.000Z,NEUTRAL,NONE,0,7.875,IGNORE,0,WATCH,,0,0,0,NA,NA,NA,NA,NA,CLEAR,1,0,0,0,0,TREND_REVERSAL_UNCONFIRMED,0,0.45,NONE,1,0,0,0
BNBUSDT,1772319600000,2026-02-28T23:00:00.000Z,NEUTRAL,NONE,0,7.875,IGNORE,0,WATCH,,0,0,0,NA,NA,NA,NA,NA,CLEAR,1,0,0,0,0,TREND_REVERSAL_UNCONFIRMED,0,0.45,NONE,1,0,0,0
BNBUSDT,1772323200000,2026-03-01T00:00:00.000Z,NEUTRAL,NONE,0,7.875,IGNORE,0,WATCH,,0,0,0,NA,NA,NA,NA,NA,CLEAR,1,0,0,0,0,TREND_REVERSAL_UNCONFIRMED,0,0.45,NONE,1,0,0,0
BNBUSDT,1772326800000,2026-03-01T01:00:00.000Z,NEUTRAL,NONE,0,7.875,IGNORE,0,WATCH,,0,0,0,NA,NA,NA,NA,NA,CLEAR,1,0,0,0,0,TREND_REVERSAL_UNCONFIRMED,0,0.45,NONE,1,0,0,0
BNBUSDT,1772330400000,2026-03-01T02:00:00.000Z,BULL,SHORT,32.99294258484559,17.78569422855659,IGNORE,0,WATCH,,0,0,0,NA,NA,NA,NA,NA,CLEAR,1,0,0,0,0,TREND_REVERSAL_UNCONFIRMED,2,0.45,SHORT,1,0,0,0
BNBUSDT,1772334000000,2026-03-01T03:00:00.000Z,BULL,SHORT,17.5,12.909375,IGNORE,0,WATCH,,0,0,0,NA,NA,NA,NA,NA,CLEAR,1,0,0,0,0,TREND_REVERSAL_UNCONFIRMED,1,0.45,SHORT,1,0,0,0
BNBUSDT,1772337600000,2026-03-01T04:00:00.000Z,BULL,SHORT,25,13.5,IGNORE,0,WATCH,,0,0,0,NA,NA,NA,NA,NA,CLEAR,1,0,0,0,0,TREND_REVERSAL_UNCONFIRMED,1,0.45,SHORT,1,0,0,0
BNBUSDT,1772341200000,2026-03-01T05:00:00.000Z,BULL,SHORT,0,7.875,IGNORE,0,WATCH,,0,0,0,NA,NA,NA,NA,NA,CLEAR,1,0,0,0,0,TREND_REVERSAL_UNCONFIRMED,0,0.45,SHORT,1,0,0,0
BNBUSDT,1772344800000,2026-03-01T06:00:00.000Z,BULL,SHORT,0,7.875,IGNORE,0,WATCH,,0,0,0,NA,NA,NA,NA,NA,CLEAR,1,0,0,0,0,TREND_REVERSAL_UNCONFIRMED,0,0.45,SHORT,1,0,0,0
BNBUSDT,1772348400000,2026-03-01T07:00:00.000Z,BULL,SHORT,0,7.875,IGNORE,0,WATCH,,0,0,0,NA,NA,NA,NA,NA,CLEAR,1,0,0,0,0,TREND_REVERSAL_UNCONFIRMED,0,0.45,SHORT,1,0,0,0
BNBUSDT,1772352000000,2026-03-01T08:00:00.000Z,BULL,SHORT,0,7.875,IGNORE,0,WATCH,,0,0,0,NA,NA,NA,NA,NA,CLEAR,1,0,0,0,0,TREND_REVERSAL_UNCONFIRMED,0,0.45,SHORT,1,0,0,0
BNBUSDT,1772355600000,2026-03-01T09:00:00.000Z,BULL,SHORT,0,7.875,IGNORE,0,WATCH,,0,0,0,NA,NA,NA,NA,NA,WARNING_SOFT,1,0,0,0,0,TREND_REVERSAL_UNCONFIRMED,0,0.45,SHORT,1,0,0,0
BNBUSDT,1772359200000,2026-03-01T10:00:00.000Z,BULL,SHORT,0,7.875,IGNORE,0,WATCH,,0,0,0,NA,NA,NA,NA,NA,WARNING_SOFT,1,0,0,0,0,TREND_REVERSAL_UNCONFIRMED,0,0.45,SHORT,1,0,0,0
BNBUSDT,1772362800000,2026-03-01T11:00:00.000Z,BULL,SHORT,0,7.875,IGNORE,0,WATCH,,0,0,0,NA,NA,NA,NA,NA,WARNING_SOFT,1,0,0,0,0,TREND_REVERSAL_UNCONFIRMED,0,0.45,SHORT,1,0,0,0
BNBUSDT,1772366400000,2026-03-01T12:00:00.000Z,BULL,SHORT,25,13.5,IGNORE,0,WATCH,,0,0,0,NA,NA,NA,NA,NA,WARNING_SOFT,1,0,0,0,0,TREND_REVERSAL_UNCONFIRMED,1,0.45,SHORT,1,0,0,0
BNBUSDT,1772370000000,2026-03-01T13:00:00.000Z,BULL,SHORT,16.59542032964458,12.83813935095951,IGNORE,0,WATCH,,0,0,0,NA,NA,NA,NA,NA,WARNING_SOFT,1,0,0,0,0,TREND_REVERSAL_UNCONFIRMED,1,0.45,SHORT,1,0,0,0
BNBUSDT,1772373600000,2026-03-01T14:00:00.000Z,BULL,SHORT,0,7.875,IGNORE,0,WATCH,,0,0,0,NA,NA,NA,NA,NA,CLEAR,1,0,0,0,0,TREND_REVERSAL_UNCONFIRMED,0,0.45,SHORT,1,0,0,0
BNBUSDT,1772377200000,2026-03-01T15:00:00.000Z,BULL,SHORT,0,7.875,IGNORE,0,WATCH,,0,0,0,NA,NA,NA,NA,NA,CLEAR,1,0,0,0,0,TREND_REVERSAL_UNCONFIRMED,0,0.45,SHORT,1,0,0,0
BNBUSDT,1772380800000,2026-03-01T16:00:00.000Z,BULL,SHORT,43.93136778266221,18.64709521288465,IGNORE,0,WATCH,,0,0,0,NA,NA,NA,NA,NA,WARNING_HARD,1,0,0,0,0,TREND_REVERSAL_UNCONFIRMED,2,0.45,SHORT,1,0,0,0
BNBUSDT,1772384400000,2026-03-01T17:00:00.000Z,NEUTRAL,NONE,0,7.875,IGNORE,0,WATCH,,0,0,0,NA,NA,NA,NA,NA,BLOCK,0,0,0,0,0,TREND_REVERSAL_UNCONFIRMED,0,0.45,NONE,1,0,0,0
BNBUSDT,1772388000000,2026-03-01T18:00:00.000Z,BULL,SHORT,17.5,12.909375,IGNORE,0,WATCH,,0,0,0,NA,NA,NA,NA,NA,BLOCK,0,0,0,0,0,TREND_REVERSAL_UNCONFIRMED,1,0.45,SHORT,1,0,0,0
BNBUSDT,1772391600000,2026-03-01T19:00:00.000Z,NEUTRAL,NONE,0,7.875,IGNORE,0,WATCH,,0,0,0,NA,NA,NA,NA,NA,WARNING_SOFT,1,0,0,0,0,TREND_REVERSAL_UNCONFIRMED,0,0.45,NONE,1,0,0,0
BNBUSDT,1772395200000,2026-03-01T20:00:00.000Z,NEUTRAL,NONE,0,7.875,IGNORE,0,WATCH,,0,0,0,NA,NA,NA,NA,NA,BLOCK,0,0,0,0,0,TREND_REVERSAL_UNCONFIRMED,0,0.45,NONE,1,0,0,0
BNBUSDT,1772398800000,2026-03-01T21:00:00.000Z,NEUTRAL,NONE,0,7.875,IGNORE,0,WATCH,,0,0,0,NA,NA,NA,NA,NA,BLOCK,0,0,0,0,0,TREND_REVERSAL_UNCONFIRMED,0,0.45,NONE,1,0,0,0
BNBUSDT,1772402400000,2026-03-01T22:00:00.000Z,NEUTRAL,NONE,0,7.875,IGNORE,0,WATCH,,0,0,0,NA,NA,NA,NA,NA,BLOCK,0,0,0,0,0,TREND_REVERSAL_UNCONFIRMED,0,0.45,NONE,1,0,0,0
BNBUSDT,1772406000000,2026-03-01T23:00:00.000Z,NEUTRAL,NONE,0,7.875,IGNORE,0,WATCH,,0,0,0,NA,NA,NA,NA,NA,WARNING_SOFT,1,0,0,0,0,TREND_REVERSAL_UNCONFIRMED,0,0.45,NONE,1,0,0,0
BNBUSDT,1772409600000,2026-03-02T00:00:00.000Z,BULL,SHORT,17.5,12.909375,IGNORE,0,WATCH,,0,0,0,NA,NA,NA,NA,NA,WARNING_SOFT,1,0,0,0,0,TREND_REVERSAL_UNCONFIRMED,1,0.45,SHORT,1,0,0,0
BNBUSDT,1772413200000,2026-03-02T01:00:00.000Z,BULL,SHORT,17.5,12.909375,IGNORE,0,WATCH,,0,0,0,NA,NA,NA,NA,NA,WARNING_SOFT,1,0,0,0,0,TREND_REVERSAL_UNCONFIRMED,1,0.45,SHORT,1,0,0,0
BNBUSDT,1772416800000,2026-03-02T02:00:00.000Z,BULL,SHORT,17.5,12.909375,IGNORE,0,WATCH,,0,0,0,NA,NA,NA,NA,NA,CLEAR,1,0,0,0,0,TREND_REVERSAL_UNCONFIRMED,1,0.45,SHORT,1,0,0,0
BNBUSDT,1772420400000,2026-03-02T03:00:00.000Z,BULL,SHORT,17.5,12.909375,IGNORE,0,WATCH,,0,0,0,NA,NA,NA,NA,NA,CLEAR,1,0,0,0,0,TREND_REVERSAL_UNCONFIRMED,1,0.45,SHORT,1,0,0,0
BNBUSDT,1772424000000,2026-03-02T04:00:00.000Z,BULL,SHORT,42.5,18.534375,IGNORE,0,WATCH,,0,0,0,NA,NA,NA,NA,NA,CLEAR,1,0,0,0,0,TREND_REVERSAL_UNCONFIRMED,2,0.45,SHORT,1,0,0,0
BNBUSDT,1772427600000,2026-03-02T05:00:00.000Z,BULL,SHORT,17.5,12.909375,IGNORE,0,WATCH,,0,0,0,NA,NA,NA,NA,NA,CLEAR,1,0,0,0,0,TREND_REVERSAL_UNCONFIRMED,1,0.45,SHORT,1,0,0,0
BNBUSDT,1772431200000,2026-03-02T06:00:00.000Z,NEUTRAL,NONE,0,7.875,IGNORE,0,WATCH,,0,0,0,NA,NA,NA,NA,NA,WARNING_SOFT,1,0,0,0,0,TREND_REVERSAL_UNCONFIRMED,0,0.45,NONE,1,0,0,0
BNBUSDT,1772434800000,2026-03-02T07:00:00.000Z,NEUTRAL,NONE,0,7.875,IGNORE,0,WATCH,,0,0,0,NA,NA,NA,NA,NA,BLOCK,0,0,0,0,0,TREND_REVERSAL_UNCONFIRMED,0,0.45,NONE,1,0,0,0
BNBUSDT,1772438400000,2026-03-02T08:00:00.000Z,NEUTRAL,NONE,0,7.875,IGNORE,0,WATCH,,0,0,0,NA,NA,NA,NA,NA,WARNING_SOFT,1,0,0,0,0,TREND_REVERSAL_UNCONFIRMED,0,0.45,NONE,1,0,0,0
BNBUSDT,1772442000000,2026-03-02T09:00:00.000Z,NEUTRAL,NONE,0,7.875,IGNORE,0,WATCH,,0,0,0,NA,NA,NA,NA,NA,BLOCK,0,0,0,0,0,TREND_REVERSAL_UNCONFIRMED,0,0.45,NONE,1,0,0,0
BNBUSDT,1772445600000,2026-03-02T10:00:00.000Z,BULL,SHORT,17.5,12.909375,IGNORE,0,WATCH,,0,0,0,NA,NA,NA,NA,NA,WARNING_SOFT,1,0,0,0,0,TREND_REVERSAL_UNCONFIRMED,1,0.45,SHORT,1,0,0,0
BNBUSDT,1772449200000,2026-03-02T11:00:00.000Z,BULL,SHORT,17.5,12.909375,IGNORE,0,WATCH,,0,0,0,NA,NA,NA,NA,NA,WARNING_SOFT,1,0,0,0,0,TREND_REVERSAL_UNCONFIRMED,1,0.45,SHORT,1,0,0,0
BNBUSDT,1772452800000,2026-03-02T12:00:00.000Z,BULL,SHORT,17.5,12.909375,IGNORE,0,WATCH,,0,0,0,NA,NA,NA,NA,NA,WARNING_HARD,1,0,0,0,0,TREND_REVERSAL_UNCONFIRMED,1,0.45,SHORT,1,0,0,0
BNBUSDT,1772456400000,2026-03-02T13:00:00.000Z,NEUTRAL,NONE,0,7.875,IGNORE,0,WATCH,,0,0,0,NA,NA,NA,NA,NA,BLOCK,0,0,0,0,0,TREND_REVERSAL_UNCONFIRMED,0,0.45,NONE,1,0,0,0
BNBUSDT,1772460000000,2026-03-02T14:00:00.000Z,BULL,SHORT,42.5,18.534375,IGNORE,0,WATCH,,0,0,0,NA,NA,NA,NA,NA,CLEAR,1,0,0,0,0,TREND_REVERSAL_UNCONFIRMED,2,0.45,SHORT,1,0,0,0
BNBUSDT,1772463600000,2026-03-02T15:00:00.000Z,BULL,SHORT,57.08333333333333,60.786249999999995,WATCH,1,ACTIVE,ACTIVE,1,1,1,PASS,PASS,SKIP,SKIP,PASS,CLEAR,1,0,0,0,1,,3,0.84,SHORT,0,1,0,0
BNBUSDT,1772467200000,2026-03-02T16:00:00.000Z,BULL,SHORT,56.77030557105176,60.74023491894461,WATCH,1,ACTIVE,ACTIVE,1,1,1,PASS,PASS,SKIP,SKIP,PASS,CLEAR,1,1,0,0,1,,3,0.84,SHORT,0,1,0,0
BNBUSDT,1772470800000,2026-03-02T17:00:00.000Z,BULL,SHORT,42.5,18.534375,IGNORE,0,WATCH,,0,0,0,NA,NA,NA,NA,NA,CLEAR,1,0,0,0,0,TREND_REVERSAL_UNCONFIRMED,2,0.45,SHORT,1,0,0,0
BNBUSDT,1772474400000,2026-03-02T18:00:00.000Z,BULL,SHORT,17.5,12.909375,IGNORE,0,WATCH,,0,0,0,NA,NA,NA,NA,NA,CLEAR,1,0,0,0,0,TREND_REVERSAL_UNCONFIRMED,1,0.45,SHORT,1,0,0,0
BNBUSDT,1772478000000,2026-03-02T19:00:00.000Z,BULL,SHORT,0,7.875,IGNORE,0,WATCH,,0,0,0,NA,NA,NA,NA,NA,CLEAR,1,0,0,0,0,TREND_REVERSAL_UNCONFIRMED,0,0.45,SHORT,1,0,0,0
BNBUSDT,1772481600000,2026-03-02T20:00:00.000Z,BULL,SHORT,0,7.875,IGNORE,0,WATCH,,0,0,0,NA,NA,NA,NA,NA,WARNING_SOFT,1,0,0,0,0,TREND_REVERSAL_UNCONFIRMED,0,0.45,SHORT,1,0,0,0
BNBUSDT,1772485200000,2026-03-02T21:00:00.000Z,BULL,SHORT,0,7.875,IGNORE,0,WATCH,,0,0,0,NA,NA,NA,NA,NA,WARNING_SOFT,1,0,0,0,0,TREND_REVERSAL_UNCONFIRMED,0,0.45,SHORT,1,0,0,0
BNBUSDT,1772488800000,2026-03-02T22:00:00.000Z,BULL,SHORT,0,7.875,IGNORE,0,WATCH,,0,0,0,NA,NA,NA,NA,NA,CLEAR,1,0,0,0,0,TREND_REVERSAL_UNCONFIRMED,0,0.45,SHORT,1,0,0,0
BNBUSDT,1772492400000,2026-03-02T23:00:00.000Z,BULL,SHORT,0,7.875,IGNORE,0,WATCH,,0,0,0,NA,NA,NA,NA,NA,CLEAR,1,0,0,0,0,TREND_REVERSAL_UNCONFIRMED,0,0.45,SHORT,1,0,0,0
BNBUSDT,1772496000000,2026-03-03T00:00:00.000Z,BULL,SHORT,0,7.875,IGNORE,0,WATCH,,0,0,0,NA,NA,NA,NA,NA,CLEAR,1,0,0,0,0,TREND_REVERSAL_UNCONFIRMED,0,0.45,SHORT,1,0,0,0
BNBUSDT,1772499600000,2026-03-03T01:00:00.000Z,BULL,SHORT,25,13.5,IGNORE,0,WATCH,,0,0,0,NA,NA,NA,NA,NA,CLEAR,1,0,0,0,0,TREND_REVERSAL_UNCONFIRMED,1,0.45,SHORT,1,0,0,0
BNBUSDT,1772503200000,2026-03-03T02:00:00.000Z,BULL,SHORT,0,7.875,IGNORE,0,WATCH,,0,0,0,NA,NA,NA,NA,NA,BLOCK,0,0,0,0,0,TREND_REVERSAL_UNCONFIRMED,0,0.45,SHORT,1,0,0,0
BNBUSDT,1772506800000,2026-03-03T03:00:00.000Z,BULL,SHORT,0,7.875,IGNORE,0,WATCH,,0,0,0,NA,NA,NA,NA,NA,WARNING_SOFT,1,0,0,0,0,TREND_REVERSAL_UNCONFIRMED,0,0.45,SHORT,1,0,0,0
BNBUSDT,1772510400000,2026-03-03T04:00:00.000Z,BULL,SHORT,17.5,12.909375,IGNORE,0,WATCH,,0,0,0,NA,NA,NA,NA,NA,WARNING_SOFT,1,0,0,0,0,TREND_REVERSAL_UNCONFIRMED,1,0.45,SHORT,1,0,0,0
BNBUSDT,1772514000000,2026-03-03T05:00:00.000Z,NEUTRAL,NONE,0,7.875,IGNORE,0,WATCH,,0,0,0,NA,NA,NA,NA,NA,WARNING_SOFT,1,0,0,0,0,TREND_REVERSAL_UNCONFIRMED,0,0.45,NONE,1,0,0,0
BNBUSDT,1772517600000,2026-03-03T06:00:00.000Z,NEUTRAL,NONE,0,7.875,IGNORE,0,WATCH,,0,0,0,NA,NA,NA,NA,NA,WARNING_SOFT,1,0,0,0,0,TREND_REVERSAL_UNCONFIRMED,0,0.45,NONE,1,0,0,0
BNBUSDT,1772521200000,2026-03-03T07:00:00.000Z,NEUTRAL,NONE,0,7.875,IGNORE,0,WATCH,,0,0,0,NA,NA,NA,NA,NA,WARNING_SOFT,1,0,0,0,0,TREND_REVERSAL_UNCONFIRMED,0,0.45,NONE,1,0,0,0
BNBUSDT,1772524800000,2026-03-03T08:00:00.000Z,NEUTRAL,NONE,0,7.875,IGNORE,0,WATCH,,0,0,0,NA,NA,NA,NA,NA,WARNING_SOFT,1,0,0,0,0,TREND_REVERSAL_UNCONFIRMED,0,0.45,NONE,1,0,0,0
BNBUSDT,1772528400000,2026-03-03T09:00:00.000Z,NEUTRAL,NONE,0,7.875,IGNORE,0,WATCH,,0,0,0,NA,NA,NA,NA,NA,BLOCK,0,0,0,0,0,TREND_REVERSAL_UNCONFIRMED,0,0.45,NONE,1,0,0,0
BNBUSDT,1772532000000,2026-03-03T10:00:00.000Z,NEUTRAL,NONE,0,7.875,IGNORE,0,WATCH,,0,0,0,NA,NA,NA,NA,NA,BLOCK,0,0,0,0,0,TREND_REVERSAL_UNCONFIRMED,0,0.45,NONE,1,0,0,0
BNBUSDT,1772535600000,2026-03-03T11:00:00.000Z,NEUTRAL,NONE,0,7.875,IGNORE,0,WATCH,,0,0,0,NA,NA,NA,NA,NA,WARNING_SOFT,1,0,0,0,0,TREND_REVERSAL_UNCONFIRMED,0,0.45,NONE,1,0,0,0
BNBUSDT,1772539200000,2026-03-03T12:00:00.000Z,NEUTRAL,NONE,0,7.875,IGNORE,0,WATCH,,0,0,0,NA,NA,NA,NA,NA,BLOCK,0,0,0,0,0,TREND_REVERSAL_UNCONFIRMED,0,0.45,NONE,1,0,0,0
BNBUSDT,1772542800000,2026-03-03T13:00:00.000Z,NEUTRAL,NONE,0,7.875,IGNORE,0,WATCH,,0,0,0,NA,NA,NA,NA,NA,WARNING_SOFT,1,0,0,0,0,TREND_REVERSAL_UNCONFIRMED,0,0.45,NONE,1,0,0,0
BNBUSDT,1772546400000,2026-03-03T14:00:00.000Z,NEUTRAL,NONE,0,7.875,IGNORE,0,WATCH,,0,0,0,NA,NA,NA,NA,NA,WARNING_SOFT,1,0,1,0,0,TREND_REVERSAL_UNCONFIRMED,0,0.45,NONE,1,0,0,0
BNBUSDT,1772550000000,2026-03-03T15:00:00.000Z,BULL,SHORT,17.5,12.909375,IGNORE,0,WATCH,,0,0,0,NA,NA,NA,NA,NA,WARNING_SOFT,1,0,0,0,0,TREND_REVERSAL_UNCONFIRMED,1,0.45,SHORT,1,0,0,0
BNBUSDT,1772553600000,2026-03-03T16:00:00.000Z,BULL,SHORT,42.5,18.534375,IGNORE,0,WATCH,,0,0,0,NA,NA,NA,NA,NA,CLEAR,1,0,0,0,0,TREND_REVERSAL_UNCONFIRMED,2,0.45,SHORT,1,0,0,0
BNBUSDT,1772557200000,2026-03-03T17:00:00.000Z,BULL,SHORT,42.5,18.534375,IGNORE,0,WATCH,,0,0,0,NA,NA,NA,NA,NA,CLEAR,1,0,0,0,0,TREND_REVERSAL_UNCONFIRMED,2,0.45,SHORT,1,0,0,0
BNBUSDT,1772560800000,2026-03-03T18:00:00.000Z,BULL,SHORT,17.5,12.909375,IGNORE,0,WATCH,,0,0,0,NA,NA,NA,NA,NA,CLEAR,1,0,0,0,0,TREND_REVERSAL_UNCONFIRMED,1,0.45,SHORT,1,0,0,0
BNBUSDT,1772564400000,2026-03-03T19:00:00.000Z,BULL,SHORT,0,7.875,IGNORE,0,WATCH,,0,0,0,NA,NA,NA,NA,NA,CLEAR,1,0,0,0,0,TREND_REVERSAL_UNCONFIRMED,0,0.45,SHORT,1,0,0,0
BNBUSDT,1772568000000,2026-03-03T20:00:00.000Z,BULL,SHORT,0,7.875,IGNORE,0,WATCH,,0,0,0,NA,NA,NA,NA,NA,CLEAR,1,0,0,0,0,TREND_REVERSAL_UNCONFIRMED,0,0.45,SHORT,1,0,0,0
BNBUSDT,1772571600000,2026-03-03T21:00:00.000Z,NEUTRAL,NONE,0,7.875,IGNORE,0,WATCH,,0,0,0,NA,NA,NA,NA,NA,WARNING_SOFT,1,0,0,0,0,TREND_REVERSAL_UNCONFIRMED,0,0.45,NONE,1,0,0,0
BNBUSDT,1772575200000,2026-03-03T22:00:00.000Z,BULL,SHORT,0,7.875,IGNORE,0,WATCH,,0,0,0,NA,NA,NA,NA,NA,WARNING_SOFT,1,0,0,0,0,TREND_REVERSAL_UNCONFIRMED,0,0.45,SHORT,1,0,0,0
BNBUSDT,1772578800000,2026-03-03T23:00:00.000Z,BULL,SHORT,0,7.875,IGNORE,0,WATCH,,0,0,0,NA,NA,NA,NA,NA,CLEAR,1,0,0,0,0,TREND_REVERSAL_UNCONFIRMED,0,0.45,SHORT,1,0,0,0
BNBUSDT,1772582400000,2026-03-04T00:00:00.000Z,BULL,SHORT,25,13.5,IGNORE,0,WATCH,,0,0,0,NA,NA,NA,NA,NA,CLEAR,1,0,0,0,0,TREND_REVERSAL_UNCONFIRMED,1,0.45,SHORT,1,0,0,0
BNBUSDT,1772586000000,2026-03-04T01:00:00.000Z,BULL,SHORT,0,7.875,IGNORE,0,WATCH,,0,0,0,NA,NA,NA,NA,NA,CLEAR,1,0,0,0,0,TREND_REVERSAL_UNCONFIRMED,0,0.45,SHORT,1,0,0,0
BNBUSDT,1772589600000,2026-03-04T02:00:00.000Z,BULL,SHORT,17.5,12.909375,IGNORE,0,WATCH,,0,0,0,NA,NA,NA,NA,NA,WARNING_SOFT,1,0,0,0,0,TREND_REVERSAL_UNCONFIRMED,1,0.45,SHORT,1,0,0,0
BNBUSDT,1772593200000,2026-03-04T03:00:00.000Z,NEUTRAL,NONE,0,7.875,IGNORE,0,WATCH,,0,0,0,NA,NA,NA,NA,NA,WARNING_SOFT,1,0,0,0,0,TREND_REVERSAL_UNCONFIRMED,0,0.45,NONE,1,0,0,0
BNBUSDT,1772596800000,2026-03-04T04:00:00.000Z,NEUTRAL,NONE,0,7.875,IGNORE,0,WATCH,,0,0,0,NA,NA,NA,NA,NA,WARNING_SOFT,1,0,0,0,0,TREND_REVERSAL_UNCONFIRMED,0,0.45,NONE,1,0,0,0
BNBUSDT,1772600400000,2026-03-04T05:00:00.000Z,BULL,SHORT,17.5,12.909375,IGNORE,0,WATCH,,0,0,0,NA,NA,NA,NA,NA,WARNING_SOFT,1,0,0,0,0,TREND_REVERSAL_UNCONFIRMED,1,0.45,SHORT,1,0,0,0
BNBUSDT,1772604000000,2026-03-04T06:00:00.000Z,BULL,SHORT,17.5,12.909375,IGNORE,0,WATCH,,0,0,0,NA,NA,NA,NA,NA,CLEAR,1,0,0,0,0,TREND_REVERSAL_UNCONFIRMED,1,0.45,SHORT,1,0,0,0
BNBUSDT,1772607600000,2026-03-04T07:00:00.000Z,BULL,SHORT,30.29981674977616,17.573610569044874,IGNORE,0,WATCH,,0,0,0,NA,NA,NA,NA,NA,CLEAR,1,0,0,0,0,TREND_REVERSAL_UNCONFIRMED,2,0.45,SHORT,1,0,0,0
BNBUSDT,1772611200000,2026-03-04T08:00:00.000Z,BULL,SHORT,55.69444444444444,60.58208333333332,WATCH,1,ACTIVE,ACTIVE,1,1,1,PASS,PASS,SKIP,SKIP,PASS,CLEAR,1,1,0,0,1,,3,0.84,SHORT,0,1,0,0
BNBUSDT,1772614800000,2026-03-04T09:00:00.000Z,BULL,SHORT,80.69444444444444,71.08208333333333,WATCH,1,ACTIVE,ACTIVE,1,1,1,PASS,PASS,SKIP,SKIP,PASS,CLEAR,1,0,0,0,1,,4,0.84,SHORT,0,1,0,0
BNBUSDT,1772618400000,2026-03-04T10:00:00.000Z,BULL,SHORT,36.424131166043,18.055900329325887,IGNORE,0,WATCH,,0,0,0,NA,NA,NA,NA,NA,CLEAR,1,0,0,0,0,TREND_REVERSAL_UNCONFIRMED,2,0.45,SHORT,1,0,0,0
BNBUSDT,1772622000000,2026-03-04T11:00:00.000Z,BULL,SHORT,17.5,12.909375,IGNORE,0,WATCH,,0,0,0,NA,NA,NA,NA,NA,CLEAR,1,0,0,0,0,TREND_REVERSAL_UNCONFIRMED,1,0.45,SHORT,1,0,0,0
BNBUSDT,1772625600000,2026-03-04T12:00:00.000Z,BULL,SHORT,12.789812834720244,12.53844776073422,IGNORE,0,WATCH,,0,0,0,NA,NA,NA,NA,NA,CLEAR,1,0,0,0,0,TREND_REVERSAL_UNCONFIRMED,1,0.45,SHORT,1,0,0,0
BNBUSDT,1772629200000,2026-03-04T13:00:00.000Z,BULL,SHORT,0,7.875,IGNORE,0,WATCH,,0,0,0,NA,NA,NA,NA,NA,CLEAR,1,0,0,0,0,TREND_REVERSAL_UNCONFIRMED,0,0.45,SHORT,1,0,0,0
BNBUSDT,1772632800000,2026-03-04T14:00:00.000Z,BULL,SHORT,25,13.5,IGNORE,0,WATCH,,0,0,0,NA,NA,NA,NA,NA,CLEAR,1,0,0,0,0,TREND_REVERSAL_UNCONFIRMED,1,0.45,SHORT,1,0,0,0
BNBUSDT,1772636400000,2026-03-04T15:00:00.000Z,BULL,SHORT,37.84722222222222,18.16796875,IGNORE,0,WATCH,,0,0,0,NA,NA,NA,NA,NA,CLEAR,1,1,0,0,0,TREND_REVERSAL_UNCONFIRMED,2,0.45,SHORT,1,0,0,0
BNBUSDT,1772640000000,2026-03-04T16:00:00.000Z,BULL,SHORT,16.131486187341533,12.801604537253146,IGNORE,0,WATCH,,0,0,0,NA,NA,NA,NA,NA,CLEAR,1,0,0,0,0,TREND_REVERSAL_UNCONFIRMED,1,0.45,SHORT,1,0,0,0
BNBUSDT,1772643600000,2026-03-04T17:00:00.000Z,BULL,SHORT,25,13.5,IGNORE,0,WATCH,,0,0,0,NA,NA,NA,NA,NA,CLEAR,1,0,0,0,0,TREND_REVERSAL_UNCONFIRMED,1,0.45,SHORT,1,0,0,0
BNBUSDT,1772647200000,2026-03-04T18:00:00.000Z,BULL,SHORT,14.583333333333332,12.6796875,IGNORE,0,WATCH,,0,0,0,NA,NA,NA,NA,NA,CLEAR,1,0,0,0,0,TREND_REVERSAL_UNCONFIRMED,1,0.45,SHORT,1,0,0,0
BNBUSDT,1772650800000,2026-03-04T19:00:00.000Z,BULL,SHORT,0,7.875,IGNORE,0,WATCH,,0,0,0,NA,NA,NA,NA,NA,CLEAR,1,0,0,0,0,TREND_REVERSAL_UNCONFIRMED,0,0.45,SHORT,1,0,0,0
BNBUSDT,1772654400000,2026-03-04T20:00:00.000Z,BULL,SHORT,25,13.5,IGNORE,0,WATCH,,0,0,0,NA,NA,NA,NA,NA,CLEAR,1,0,0,0,0,TREND_REVERSAL_UNCONFIRMED,1,0.45,SHORT,1,0,0,0
BNBUSDT,1772658000000,2026-03-04T21:00:00.000Z,BULL,SHORT,0,7.875,IGNORE,0,WATCH,,0,0,0,NA,NA,NA,NA,NA,CLEAR,1,0,0,0,0,TREND_REVERSAL_UNCONFIRMED,0,0.45,SHORT,1,0,0,0
BNBUSDT,1772661600000,2026-03-04T22:00:00.000Z,BULL,SHORT,0,7.875,IGNORE,0,WATCH,,0,0,0,NA,NA,NA,NA,NA,CLEAR,1,0,0,0,0,TREND_REVERSAL_UNCONFIRMED,0,0.45,SHORT,1,0,0,0
BNBUSDT,1772665200000,2026-03-04T23:00:00.000Z,BULL,SHORT,0,7.875,IGNORE,0,WATCH,,0,0,0,NA,NA,NA,NA,NA,CLEAR,1,0,0,0,0,TREND_REVERSAL_UNCONFIRMED,0,0.45,SHORT,1,0,0,0
BNBUSDT,1772668800000,2026-03-05T00:00:00.000Z,BULL,SHORT,0,7.875,IGNORE,0,WATCH,,0,0,0,NA,NA,NA,NA,NA,CLEAR,1,0,0,0,0,TREND_REVERSAL_UNCONFIRMED,0,0.45,SHORT,1,0,0,0
BNBUSDT,1772672400000,2026-03-05T01:00:00.000Z,BULL,SHORT,0,7.875,IGNORE,0,WATCH,,0,0,0,NA,NA,NA,NA,NA,CLEAR,1,0,0,0,0,TREND_REVERSAL_UNCONFIRMED,0,0.45,SHORT,1,0,0,0
BNBUSDT,1772676000000,2026-03-05T02:00:00.000Z,BULL,SHORT,0,7.875,IGNORE,0,WATCH,,0,0,0,NA,NA,NA,NA,NA,WARNING_SOFT,1,0,0,0,0,TREND_REVERSAL_UNCONFIRMED,0,0.45,SHORT,1,0,0,0
BNBUSDT,1772679600000,2026-03-05T03:00:00.000Z,BULL,SHORT,0,7.875,IGNORE,0,WATCH,,0,0,0,NA,NA,NA,NA,NA,WARNING_SOFT,1,0,0,0,0,TREND_REVERSAL_UNCONFIRMED,0,0.45,SHORT,1,0,0,0
BNBUSDT,1772683200000,2026-03-05T04:00:00.000Z,BULL,SHORT,0,7.875,IGNORE,0,WATCH,,0,0,0,NA,NA,NA,NA,NA,WARNING_SOFT,1,0,0,0,0,TREND_REVERSAL_UNCONFIRMED,0,0.45,SHORT,1,0,0,0
BNBUSDT,1772686800000,2026-03-05T05:00:00.000Z,NEUTRAL,NONE,0,7.875,IGNORE,0,WATCH,,0,0,0,NA,NA,NA,NA,NA,WARNING_SOFT,1,0,0,0,0,TREND_REVERSAL_UNCONFIRMED,0,0.45,NONE,1,0,0,0
BNBUSDT,1772690400000,2026-03-05T06:00:00.000Z,BULL,SHORT,0,7.875,IGNORE,0,WATCH,,0,0,0,NA,NA,NA,NA,NA,BLOCK,0,0,0,0,0,TREND_REVERSAL_UNCONFIRMED,0,0.45,SHORT,1,0,0,0
BNBUSDT,1772694000000,2026-03-05T07:00:00.000Z,NEUTRAL,NONE,0,7.875,IGNORE,0,WATCH,,0,0,0,NA,NA,NA,NA,NA,WARNING_SOFT,1,0,0,0,0,TREND_REVERSAL_UNCONFIRMED,0,0.45,NONE,1,0,0,0
BNBUSDT,1772697600000,2026-03-05T08:00:00.000Z,NEUTRAL,NONE,0,7.875,IGNORE,0,WATCH,,0,0,0,NA,NA,NA,NA,NA,WARNING_SOFT,1,0,0,0,0,TREND_REVERSAL_UNCONFIRMED,0,0.45,NONE,1,0,0,0
BNBUSDT,1772701200000,2026-03-05T09:00:00.000Z,BULL,SHORT,0,7.875,IGNORE,0,WATCH,,0,0,0,NA,NA,NA,NA,NA,WARNING_SOFT,1,0,0,0,0,TREND_REVERSAL_UNCONFIRMED,0,0.45,SHORT,1,0,0,0
BNBUSDT,1772704800000,2026-03-05T10:00:00.000Z,BULL,SHORT,16.52982955409781,12.832974077385202,IGNORE,0,WATCH,,0,0,0,NA,NA,NA,NA,NA,CLEAR,1,0,0,0,0,TREND_REVERSAL_UNCONFIRMED,1,0.45,SHORT,1,0,0,0
BNBUSDT,1772708400000,2026-03-05T11:00:00.000Z,BULL,SHORT,25,13.5,IGNORE,0,WATCH,,0,0,0,NA,NA,NA,NA,NA,CLEAR,1,0,0,0,0,TREND_REVERSAL_UNCONFIRMED,1,0.45,SHORT,1,0,0,0
BNBUSDT,1772712000000,2026-03-05T12:00:00.000Z,BULL,SHORT,15.094461699093044,12.719938858803577,IGNORE,0,WATCH,,0,0,0,NA,NA,NA,NA,NA,WARNING_SOFT,1,0,0,0,0,TREND_REVERSAL_UNCONFIRMED,1,0.45,SHORT,1,0,0,0
BNBUSDT,1772715600000,2026-03-05T13:00:00.000Z,BULL,SHORT,17.5,12.909375,IGNORE,0,WATCH,,0,0,0,NA,NA,NA,NA,NA,WARNING_SOFT,1,0,0,0,0,TREND_REVERSAL_UNCONFIRMED,1,0.45,SHORT,1,0,0,0
BNBUSDT,1772719200000,2026-03-05T14:00:00.000Z,BULL,SHORT,37.2903312612174,18.124113586820872,IGNORE,0,WATCH,,0,0,0,NA,NA,NA,NA,NA,WARNING_SOFT,1,0,0,0,0,TREND_REVERSAL_UNCONFIRMED,2,0.45,SHORT,1,0,0,0
BNBUSDT,1772722800000,2026-03-05T15:00:00.000Z,NEUTRAL,NONE,0,7.875,IGNORE,0,WATCH,,0,0,0,NA,NA,NA,NA,NA,BLOCK,0,0,0,0,0,TREND_REVERSAL_UNCONFIRMED,0,0.45,NONE,1,0,0,0
BNBUSDT,1772726400000,2026-03-05T16:00:00.000Z,NEUTRAL,NONE,0,7.875,IGNORE,0,WATCH,,0,0,0,NA,NA,NA,NA,NA,BLOCK,0,0,0,0,0,TREND_REVERSAL_UNCONFIRMED,0,0.45,NONE,1,0,0,0
BNBUSDT,1772730000000,2026-03-05T17:00:00.000Z,NEUTRAL,NONE,0,7.875,IGNORE,0,WATCH,,0,0,0,NA,NA,NA,NA,NA,WARNING_SOFT,1,0,0,0,0,TREND_REVERSAL_UNCONFIRMED,0,0.45,NONE,1,0,0,0
BNBUSDT,1772733600000,2026-03-05T18:00:00.000Z,NEUTRAL,NONE,0,7.875,IGNORE,0,WATCH,,0,0,0,NA,NA,NA,NA,NA,WARNING_SOFT,1,0,0,0,0,TREND_REVERSAL_UNCONFIRMED,0,0.45,NONE,1,0,0,0
BNBUSDT,1772737200000,2026-03-05T19:00:00.000Z,NEUTRAL,NONE,0,7.875,IGNORE,0,WATCH,,0,0,0,NA,NA,NA,NA,NA,WARNING_SOFT,1,0,0,0,0,TREND_REVERSAL_UNCONFIRMED,0,0.45,NONE,1,0,0,0
BNBUSDT,1772740800000,2026-03-05T20:00:00.000Z,NEUTRAL,NONE,0,7.875,IGNORE,0,WATCH,,0,0,0,NA,NA,NA,NA,NA,WARNING_SOFT,1,0,0,0,0,TREND_REVERSAL_UNCONFIRMED,0,0.45,NONE,1,0,0,0
BNBUSDT,1772744400000,2026-03-05T21:00:00.000Z,NEUTRAL,NONE,0,7.875,IGNORE,0,WATCH,,0,0,0,NA,NA,NA,NA,NA,WARNING_SOFT,1,0,0,0,0,TREND_REVERSAL_UNCONFIRMED,0,0.45,NONE,1,0,0,0
BNBUSDT,1772748000000,2026-03-05T22:00:00.000Z,NEUTRAL,NONE,0,7.875,IGNORE,0,WATCH,,0,0,0,NA,NA,NA,NA,NA,WARNING_SOFT,1,0,0,0,0,TREND_REVERSAL_UNCONFIRMED,0,0.45,NONE,1,0,0,0
BNBUSDT,1772751600000,2026-03-05T23:00:00.000Z,NEUTRAL,NONE,0,7.875,IGNORE,0,WATCH,,0,0,0,NA,NA,NA,NA,NA,WARNING_SOFT,1,0,0,0,0,TREND_REVERSAL_UNCONFIRMED,0,0.45,NONE,1,0,0,0
BNBUSDT,1772755200000,2026-03-06T00:00:00.000Z,NEUTRAL,NONE,0,7.875,IGNORE,0,WATCH,,0,0,0,NA,NA,NA,NA,NA,WARNING_SOFT,1,0,0,0,0,TREND_REVERSAL_UNCONFIRMED,0,0.45,NONE,1,0,0,0
BNBUSDT,1772758800000,2026-03-06T01:00:00.000Z,NEUTRAL,NONE,0,7.875,IGNORE,0,WATCH,,0,0,0,NA,NA,NA,NA,NA,WARNING_SOFT,1,0,0,0,0,TREND_REVERSAL_UNCONFIRMED,0,0.45,NONE,1,0,0,0
BNBUSDT,1772762400000,2026-03-06T02:00:00.000Z,NEUTRAL,NONE,0,7.875,IGNORE,0,WATCH,,0,0,0,NA,NA,NA,NA,NA,WARNING_SOFT,1,0,0,0,0,TREND_REVERSAL_UNCONFIRMED,0,0.45,NONE,1,0,0,0
BNBUSDT,1772766000000,2026-03-06T03:00:00.000Z,NEUTRAL,NONE,0,7.875,IGNORE,0,WATCH,,0,0,0,NA,NA,NA,NA,NA,WARNING_SOFT,1,0,0,0,0,TREND_REVERSAL_UNCONFIRMED,0,0.45,NONE,1,0,0,0
BNBUSDT,1772769600000,2026-03-06T04:00:00.000Z,NEUTRAL,NONE,0,7.875,IGNORE,0,WATCH,,0,0,0,NA,NA,NA,NA,NA,WARNING_SOFT,1,0,0,0,0,TREND_REVERSAL_UNCONFIRMED,0,0.45,NONE,1,0,0,0
BNBUSDT,1772773200000,2026-03-06T05:00:00.000Z,NEUTRAL,NONE,0,7.875,IGNORE,0,WATCH,,0,0,0,NA,NA,NA,NA,NA,WARNING_SOFT,1,0,0,0,0,TREND_REVERSAL_UNCONFIRMED,0,0.45,NONE,1,0,0,0
BNBUSDT,1772776800000,2026-03-06T06:00:00.000Z,NEUTRAL,NONE,0,7.875,IGNORE,0,WATCH,,0,0,0,NA,NA,NA,NA,NA,WARNING_SOFT,1,0,0,0,0,TREND_REVERSAL_UNCONFIRMED,0,0.45,NONE,1,0,0,0
BNBUSDT,1772780400000,2026-03-06T07:00:00.000Z,NEUTRAL,NONE,0,7.875,IGNORE,0,WATCH,,0,0,0,NA,NA,NA,NA,NA,WARNING_SOFT,1,0,0,0,0,TREND_REVERSAL_UNCONFIRMED,0,0.45,NONE,1,0,0,0
BNBUSDT,1772784000000,2026-03-06T08:00:00.000Z,NEUTRAL,NONE,0,7.875,IGNORE,0,WATCH,,0,0,0,NA,NA,NA,NA,NA,WARNING_SOFT,1,0,0,0,0,TREND_REVERSAL_UNCONFIRMED,0,0.45,NONE,1,0,0,0
BNBUSDT,1772787600000,2026-03-06T09:00:00.000Z,BEAR,LONG,19.800025380426852,13.090501998708614,IGNORE,0,WATCH,,0,0,0,NA,NA,NA,NA,NA,CLEAR,1,0,0,0,0,TREND_REVERSAL_UNCONFIRMED,1,0.45,LONG,1,0,0,0
BNBUSDT,1772791200000,2026-03-06T10:00:00.000Z,BEAR,LONG,12.847222222222221,12.54296875,IGNORE,0,WATCH,,0,0,0,NA,NA,NA,NA,NA,CLEAR,1,0,0,0,0,TREND_REVERSAL_UNCONFIRMED,1,0.45,LONG,1,0,0,0
BNBUSDT,1772794800000,2026-03-06T11:00:00.000Z,BEAR,LONG,12.847222222222221,12.54296875,IGNORE,0,WATCH,,0,0,0,NA,NA,NA,NA,NA,CLEAR,1,0,0,0,0,TREND_REVERSAL_UNCONFIRMED,1,0.45,LONG,1,0,0,0
BNBUSDT,1772798400000,2026-03-06T12:00:00.000Z,BEAR,LONG,41.57472710010899,18.461509759133584,IGNORE,0,WATCH,,0,0,0,NA,NA,NA,NA,NA,CLEAR,1,0,0,0,0,TREND_REVERSAL_UNCONFIRMED,2,0.45,LONG,1,0,0,0
BNBUSDT,1772802000000,2026-03-06T13:00:00.000Z,BEAR,LONG,25,13.5,IGNORE,0,WATCH,,0,0,0,NA,NA,NA,NA,NA,CLEAR,1,0,0,0,0,TREND_REVERSAL_UNCONFIRMED,1,0.45,LONG,1,0,0,0
BNBUSDT,1772805600000,2026-03-06T14:00:00.000Z,BEAR,LONG,37.84722222222222,18.16796875,IGNORE,0,WATCH,,0,0,0,NA,NA,NA,NA,NA,CLEAR,1,0,0,0,0,TREND_REVERSAL_UNCONFIRMED,2,0.45,LONG,1,0,0,0
BNBUSDT,1772809200000,2026-03-06T15:00:00.000Z,BEAR,LONG,50,19.125,IGNORE,0,WATCH,,0,0,0,NA,NA,NA,NA,NA,CLEAR,1,0,0,0,0,TREND_REVERSAL_UNCONFIRMED,2,0.45,LONG,1,0,0,0
BNBUSDT,1772812800000,2026-03-06T16:00:00.000Z,BEAR,LONG,15.611422768094716,12.76064954298746,IGNORE,0,WATCH,,0,0,0,NA,NA,NA,NA,NA,CLEAR,1,0,0,0,0,TREND_REVERSAL_UNCONFIRMED,1,0.45,LONG,1,0,0,0
BNBUSDT,1772816400000,2026-03-06T17:00:00.000Z,BEAR,LONG,0,7.875,IGNORE,0,WATCH,,0,0,0,NA,NA,NA,NA,NA,CLEAR,1,0,0,0,0,TREND_REVERSAL_UNCONFIRMED,0,0.45,LONG,1,0,0,0
BNBUSDT,1772820000000,2026-03-06T18:00:00.000Z,BEAR,LONG,0,7.875,IGNORE,0,WATCH,,0,0,0,NA,NA,NA,NA,NA,CLEAR,1,0,0,0,0,TREND_REVERSAL_UNCONFIRMED,0,0.45,LONG,1,0,0,0
BNBUSDT,1772823600000,2026-03-06T19:00:00.000Z,BEAR,LONG,0,7.875,IGNORE,0,WATCH,,0,0,0,NA,NA,NA,NA,NA,CLEAR,1,0,0,0,0,TREND_REVERSAL_UNCONFIRMED,0,0.45,LONG,1,0,0,0
BNBUSDT,1772827200000,2026-03-06T20:00:00.000Z,BEAR,LONG,0,7.875,IGNORE,0,WATCH,,0,0,0,NA,NA,NA,NA,NA,CLEAR,1,0,0,0,0,TREND_REVERSAL_UNCONFIRMED,0,0.45,LONG,1,0,0,0
BNBUSDT,1772830800000,2026-03-06T21:00:00.000Z,BEAR,LONG,0,7.875,IGNORE,0,WATCH,,0,0,0,NA,NA,NA,NA,NA,CLEAR,1,0,0,0,0,TREND_REVERSAL_UNCONFIRMED,0,0.45,LONG,1,0,0,0
BNBUSDT,1772834400000,2026-03-06T22:00:00.000Z,BEAR,LONG,0,7.875,IGNORE,0,WATCH,,0,0,0,NA,NA,NA,NA,NA,CLEAR,1,0,0,0,0,TREND_REVERSAL_UNCONFIRMED,0,0.45,LONG,1,0,0,0
BNBUSDT,1772838000000,2026-03-06T23:00:00.000Z,BEAR,LONG,0,7.875,IGNORE,0,WATCH,,0,0,0,NA,NA,NA,NA,NA,CLEAR,1,0,0,0,0,TREND_REVERSAL_UNCONFIRMED,0,0.45,LONG,1,0,0,0
BNBUSDT,1772841600000,2026-03-07T00:00:00.000Z,BEAR,LONG,0,7.875,IGNORE,0,WATCH,,0,0,0,NA,NA,NA,NA,NA,CLEAR,1,0,0,0,0,TREND_REVERSAL_UNCONFIRMED,0,0.45,LONG,1,0,0,0
BNBUSDT,1772845200000,2026-03-07T01:00:00.000Z,BEAR,LONG,0,7.875,IGNORE,0,WATCH,,0,0,0,NA,NA,NA,NA,NA,CLEAR,1,0,0,0,0,TREND_REVERSAL_UNCONFIRMED,0,0.45,LONG,1,0,0,0
BNBUSDT,1772848800000,2026-03-07T02:00:00.000Z,BEAR,LONG,0,7.875,IGNORE,0,WATCH,,0,0,0,NA,NA,NA,NA,NA,CLEAR,1,0,0,0,0,TREND_REVERSAL_UNCONFIRMED,0,0.45,LONG,1,0,0,0
BNBUSDT,1772852400000,2026-03-07T03:00:00.000Z,BEAR,LONG,25,13.5,IGNORE,0,WATCH,,0,0,0,NA,NA,NA,NA,NA,CLEAR,1,0,0,0,0,TREND_REVERSAL_UNCONFIRMED,1,0.45,LONG,1,0,0,0
BNBUSDT,1772856000000,2026-03-07T04:00:00.000Z,BEAR,LONG,0,7.875,IGNORE,0,WATCH,,0,0,0,NA,NA,NA,NA,NA,CLEAR,1,0,0,0,0,TREND_REVERSAL_UNCONFIRMED,0,0.45,LONG,1,0,0,0
BNBUSDT,1772859600000,2026-03-07T05:00:00.000Z,BEAR,LONG,0,7.875,IGNORE,0,WATCH,,0,0,0,NA,NA,NA,NA,NA,CLEAR,1,0,0,0,0,TREND_REVERSAL_UNCONFIRMED,0,0.45,LONG,1,0,0,0
BNBUSDT,1772863200000,2026-03-07T06:00:00.000Z,BEAR,LONG,0,7.875,IGNORE,0,WATCH,,0,0,0,NA,NA,NA,NA,NA,CLEAR,1,0,0,0,0,TREND_REVERSAL_UNCONFIRMED,0,0.45,LONG,1,0,0,0
BNBUSDT,1772866800000,2026-03-07T07:00:00.000Z,BEAR,LONG,17.5,12.909375,IGNORE,0,WATCH,,0,0,0,NA,NA,NA,NA,NA,CLEAR,1,0,0,0,0,TREND_REVERSAL_UNCONFIRMED,1,0.45,LONG,1,0,0,0
BNBUSDT,1772870400000,2026-03-07T08:00:00.000Z,BEAR,LONG,17.5,12.909375,IGNORE,0,WATCH,,0,0,0,NA,NA,NA,NA,NA,WARNING_SOFT,1,0,0,0,0,TREND_REVERSAL_UNCONFIRMED,1,0.45,LONG,1,0,0,0
BNBUSDT,1772874000000,2026-03-07T09:00:00.000Z,BEAR,LONG,17.5,12.909375,IGNORE,0,WATCH,,0,0,0,NA,NA,NA,NA,NA,WARNING_SOFT,1,0,0,0,0,TREND_REVERSAL_UNCONFIRMED,1,0.45,LONG,1,0,0,0
BNBUSDT,1772877600000,2026-03-07T10:00:00.000Z,BEAR,LONG,17.5,12.909375,IGNORE,0,WATCH,,0,0,0,NA,NA,NA,NA,NA,WARNING_SOFT,1,0,0,0,0,TREND_REVERSAL_UNCONFIRMED,1,0.45,LONG,1,0,0,0
BNBUSDT,1772881200000,2026-03-07T11:00:00.000Z,BEAR,LONG,17.5,12.909375,IGNORE,0,WATCH,,0,0,0,NA,NA,NA,NA,NA,CLEAR,1,0,0,0,0,TREND_REVERSAL_UNCONFIRMED,1,0.45,LONG,1,0,0,0
BNBUSDT,1772884800000,2026-03-07T12:00:00.000Z,BEAR,LONG,17.5,12.909375,IGNORE,0,WATCH,,0,0,0,NA,NA,NA,NA,NA,CLEAR,1,0,0,0,0,TREND_REVERSAL_UNCONFIRMED,1,0.45,LONG,1,0,0,0
BNBUSDT,1772888400000,2026-03-07T13:00:00.000Z,BEAR,LONG,17.5,12.909375,IGNORE,0,WATCH,,0,0,0,NA,NA,NA,NA,NA,CLEAR,1,0,0,0,0,TREND_REVERSAL_UNCONFIRMED,1,0.45,LONG,1,0,0,0
BNBUSDT,1772892000000,2026-03-07T14:00:00.000Z,BEAR,LONG,67.5,53.9175,WATCH,1,WATCH,ACTIVE,1,1,0,PASS,PASS,SKIP,SKIP,FAIL,CLEAR,1,0,0,0,0,MARKET_CONTEXT_DENIED,3,0.84,LONG,0,1,0,0
BNBUSDT,1772895600000,2026-03-07T15:00:00.000Z,BEAR,LONG,38.30420280448676,18.203955970853333,IGNORE,0,WATCH,,0,0,0,NA,NA,NA,NA,NA,CLEAR,1,0,0,0,0,TREND_REVERSAL_UNCONFIRMED,2,0.45,LONG,1,0,0,0
BNBUSDT,1772899200000,2026-03-07T16:00:00.000Z,BEAR,LONG,17.5,12.909375,IGNORE,0,WATCH,,0,0,0,NA,NA,NA,NA,NA,CLEAR,1,0,0,0,0,TREND_REVERSAL_UNCONFIRMED,1,0.45,LONG,1,0,0,0
BNBUSDT,1772902800000,2026-03-07T17:00:00.000Z,BEAR,LONG,30.34722222222222,17.57734375,IGNORE,0,WATCH,,0,0,0,NA,NA,NA,NA,NA,CLEAR,1,0,0,0,0,TREND_REVERSAL_UNCONFIRMED,2,0.45,LONG,1,0,0,0
BNBUSDT,1772906400000,2026-03-07T18:00:00.000Z,BEAR,LONG,33.67046701450303,17.839049277392114,IGNORE,0,WATCH,,0,0,0,NA,NA,NA,NA,NA,CLEAR,1,0,0,0,0,TREND_REVERSAL_UNCONFIRMED,2,0.45,LONG,1,0,0,0
BNBUSDT,1772910000000,2026-03-07T19:00:00.000Z,BEAR,LONG,55.57963446582509,52.16520626647629,WATCH,1,WATCH,ACTIVE,1,1,0,PASS,PASS,SKIP,SKIP,FAIL,CLEAR,1,0,1,0,0,MARKET_CONTEXT_DENIED,3,0.84,LONG,0,1,0,0
BNBUSDT,1772913600000,2026-03-07T20:00:00.000Z,BEAR,LONG,17.5,12.909375,IGNORE,0,WATCH,,0,0,0,NA,NA,NA,NA,NA,CLEAR,1,0,0,0,0,TREND_REVERSAL_UNCONFIRMED,1,0.45,LONG,1,0,0,0
BNBUSDT,1772917200000,2026-03-07T21:00:00.000Z,BEAR,LONG,42.5,18.534375,IGNORE,0,WATCH,,0,0,0,NA,NA,NA,NA,NA,CLEAR,1,0,0,0,0,TREND_REVERSAL_UNCONFIRMED,2,0.45,LONG,1,0,0,0
BNBUSDT,1772920800000,2026-03-07T22:00:00.000Z,BEAR,LONG,17.5,12.909375,IGNORE,0,WATCH,,0,0,0,NA,NA,NA,NA,NA,CLEAR,1,0,0,0,0,TREND_REVERSAL_UNCONFIRMED,1,0.45,LONG,1,0,0,0
BNBUSDT,1772924400000,2026-03-07T23:00:00.000Z,BEAR,LONG,17.5,12.909375,IGNORE,0,WATCH,,0,0,0,NA,NA,NA,NA,NA,CLEAR,1,0,0,0,0,TREND_REVERSAL_UNCONFIRMED,1,0.45,LONG,1,0,0,0
BNBUSDT,1772928000000,2026-03-08T00:00:00.000Z,BEAR,LONG,42.5,18.534375,IGNORE,0,WATCH,,0,0,0,NA,NA,NA,NA,NA,CLEAR,1,0,0,0,0,TREND_REVERSAL_UNCONFIRMED,2,0.45,LONG,1,0,0,0
BNBUSDT,1772931600000,2026-03-08T01:00:00.000Z,BEAR,LONG,0,7.875,IGNORE,0,WATCH,,0,0,0,NA,NA,NA,NA,NA,CLEAR,1,0,0,0,0,TREND_REVERSAL_UNCONFIRMED,0,0.45,LONG,1,0,0,0
BNBUSDT,1772935200000,2026-03-08T02:00:00.000Z,BEAR,LONG,18.115897748325565,12.957876947680637,IGNORE,0,WATCH,,0,0,0,NA,NA,NA,NA,NA,CLEAR,1,0,0,0,0,TREND_REVERSAL_UNCONFIRMED,1,0.45,LONG,1,0,0,0
BNBUSDT,1772938800000,2026-03-08T03:00:00.000Z,BEAR,LONG,0,7.875,IGNORE,0,WATCH,,0,0,0,NA,NA,NA,NA,NA,CLEAR,1,0,0,0,0,TREND_REVERSAL_UNCONFIRMED,0,0.45,LONG,1,0,0,0
BNBUSDT,1772942400000,2026-03-08T04:00:00.000Z,BEAR,LONG,25,13.5,IGNORE,0,WATCH,,0,0,0,NA,NA,NA,NA,NA,CLEAR,1,0,0,0,0,TREND_REVERSAL_UNCONFIRMED,1,0.45,LONG,1,0,0,0
BNBUSDT,1772946000000,2026-03-08T05:00:00.000Z,BEAR,LONG,0,7.875,IGNORE,0,WATCH,,0,0,0,NA,NA,NA,NA,NA,CLEAR,1,0,0,0,0,TREND_REVERSAL_UNCONFIRMED,0,0.45,LONG,1,0,0,0
BNBUSDT,1772949600000,2026-03-08T06:00:00.000Z,BEAR,LONG,0,7.875,IGNORE,0,WATCH,,0,0,0,NA,NA,NA,NA,NA,CLEAR,1,0,0,0,0,TREND_REVERSAL_UNCONFIRMED,0,0.45,LONG,1,0,0,0
BNBUSDT,1772953200000,2026-03-08T07:00:00.000Z,BEAR,LONG,13.851741560243626,12.622074647869185,IGNORE,0,WATCH,,0,0,0,NA,NA,NA,NA,NA,BLOCK,0,0,0,0,0,TREND_REVERSAL_UNCONFIRMED,1,0.45,LONG,1,0,0,0
BNBUSDT,1772956800000,2026-03-08T08:00:00.000Z,BEAR,LONG,0,7.875,IGNORE,0,WATCH,,0,0,0,NA,NA,NA,NA,NA,WARNING_SOFT,1,0,0,0,0,TREND_REVERSAL_UNCONFIRMED,0,0.45,LONG,1,0,0,0
BNBUSDT,1772960400000,2026-03-08T09:00:00.000Z,BEAR,LONG,0,7.875,IGNORE,0,WATCH,,0,0,0,NA,NA,NA,NA,NA,BLOCK,0,0,0,0,0,TREND_REVERSAL_UNCONFIRMED,0,0.45,LONG,1,0,0,0
BNBUSDT,1772964000000,2026-03-08T10:00:00.000Z,NEUTRAL,NONE,0,7.875,IGNORE,0,WATCH,,0,0,0,NA,NA,NA,NA,NA,CLEAR,1,0,0,0,0,TREND_REVERSAL_UNCONFIRMED,0,0.45,NONE,1,0,0,0
BNBUSDT,1772967600000,2026-03-08T11:00:00.000Z,BEAR,LONG,0,7.875,IGNORE,0,WATCH,,0,0,0,NA,NA,NA,NA,NA,BLOCK,0,0,0,0,0,TREND_REVERSAL_UNCONFIRMED,0,0.45,LONG,1,0,0,0
BNBUSDT,1772971200000,2026-03-08T12:00:00.000Z,BEAR,LONG,19.764946140214196,13.087739508541867,IGNORE,0,WATCH,,0,0,0,NA,NA,NA,NA,NA,WARNING_SOFT,1,0,0,0,0,TREND_REVERSAL_UNCONFIRMED,1,0.45,LONG,1,0,0,0
BNBUSDT,1772974800000,2026-03-08T13:00:00.000Z,BEAR,LONG,25,13.5,IGNORE,0,WATCH,,0,0,0,NA,NA,NA,NA,NA,CLEAR,1,0,1,0,0,TREND_REVERSAL_UNCONFIRMED,1,0.45,LONG,1,0,0,0
BNBUSDT,1772978400000,2026-03-08T14:00:00.000Z,BEAR,LONG,25,13.5,IGNORE,0,WATCH,,0,0,0,NA,NA,NA,NA,NA,CLEAR,1,0,0,0,0,TREND_REVERSAL_UNCONFIRMED,1,0.45,LONG,1,0,0,0
BNBUSDT,1772982000000,2026-03-08T15:00:00.000Z,BEAR,LONG,0,7.875,IGNORE,0,WATCH,,0,0,0,NA,NA,NA,NA,NA,CLEAR,1,0,0,0,0,TREND_REVERSAL_UNCONFIRMED,0,0.45,LONG,1,0,0,0
BNBUSDT,1772985600000,2026-03-08T16:00:00.000Z,BEAR,LONG,19.700790171003597,13.082687225966533,IGNORE,0,WATCH,,0,0,0,NA,NA,NA,NA,NA,CLEAR,1,0,0,0,0,TREND_REVERSAL_UNCONFIRMED,1,0.45,LONG,1,0,0,0
BNBUSDT,1772989200000,2026-03-08T17:00:00.000Z,BEAR,LONG,25,13.5,IGNORE,0,WATCH,,0,0,0,NA,NA,NA,NA,NA,CLEAR,1,0,0,0,0,TREND_REVERSAL_UNCONFIRMED,1,0.45,LONG,1,0,0,0
BNBUSDT,1772992800000,2026-03-08T18:00:00.000Z,BEAR,LONG,0,7.875,IGNORE,0,WATCH,,0,0,0,NA,NA,NA,NA,NA,CLEAR,1,0,0,0,0,TREND_REVERSAL_UNCONFIRMED,0,0.45,LONG,1,0,0,0
BNBUSDT,1772996400000,2026-03-08T19:00:00.000Z,NEUTRAL,NONE,0,7.875,IGNORE,0,WATCH,,0,0,0,NA,NA,NA,NA,NA,WARNING_SOFT,1,0,0,0,0,TREND_REVERSAL_UNCONFIRMED,0,0.45,NONE,1,0,0,0
BNBUSDT,1773000000000,2026-03-08T20:00:00.000Z,BEAR,LONG,0,7.875,IGNORE,0,WATCH,,0,0,0,NA,NA,NA,NA,NA,WARNING_SOFT,1,0,0,0,0,TREND_REVERSAL_UNCONFIRMED,0,0.45,LONG,1,0,0,0
BNBUSDT,1773003600000,2026-03-08T21:00:00.000Z,BEAR,LONG,0,7.875,IGNORE,0,WATCH,,0,0,0,NA,NA,NA,NA,NA,WARNING_SOFT,1,0,0,0,0,TREND_REVERSAL_UNCONFIRMED,0,0.45,LONG,1,0,0,0
BNBUSDT,1773007200000,2026-03-08T22:00:00.000Z,BEAR,LONG,25,13.5,IGNORE,0,WATCH,,0,0,0,NA,NA,NA,NA,NA,CLEAR,1,0,0,0,0,TREND_REVERSAL_UNCONFIRMED,1,0.45,LONG,1,0,0,0
BNBUSDT,1773010800000,2026-03-08T23:00:00.000Z,BEAR,LONG,12.835165363057811,12.542019272340802,IGNORE,0,WATCH,,0,0,0,NA,NA,NA,NA,NA,CLEAR,1,0,0,0,0,TREND_REVERSAL_UNCONFIRMED,1,0.45,LONG,1,0,0,0
BNBUSDT,1773014400000,2026-03-09T00:00:00.000Z,BEAR,LONG,47.05449528047175,18.89304150333715,IGNORE,0,WATCH,,0,0,0,NA,NA,NA,NA,NA,CLEAR,1,0,0,0,0,TREND_REVERSAL_UNCONFIRMED,2,0.45,LONG,1,0,0,0
BNBUSDT,1773018000000,2026-03-09T01:00:00.000Z,BEAR,LONG,0,7.875,IGNORE,0,WATCH,,0,0,0,NA,NA,NA,NA,NA,WARNING_SOFT,1,0,0,0,0,TREND_REVERSAL_UNCONFIRMED,0,0.45,LONG,1,0,0,0
BNBUSDT,1773021600000,2026-03-09T02:00:00.000Z,NEUTRAL,NONE,0,7.875,IGNORE,0,WATCH,,0,0,0,NA,NA,NA,NA,NA,WARNING_SOFT,1,0,0,0,0,TREND_REVERSAL_UNCONFIRMED,0,0.45,NONE,1,0,0,0
BNBUSDT,1773025200000,2026-03-09T03:00:00.000Z,NEUTRAL,NONE,0,7.875,IGNORE,0,WATCH,,0,0,0,NA,NA,NA,NA,NA,CLEAR,1,1,0,0,0,TREND_REVERSAL_UNCONFIRMED,0,0.45,NONE,1,0,0,0
BNBUSDT,1773028800000,2026-03-09T04:00:00.000Z,NEUTRAL,NONE,0,7.875,IGNORE,0,WATCH,,0,0,0,NA,NA,NA,NA,NA,CLEAR,1,0,0,0,0,TREND_REVERSAL_UNCONFIRMED,0,0.45,NONE,1,0,0,0
BNBUSDT,1773032400000,2026-03-09T05:00:00.000Z,NEUTRAL,NONE,0,7.875,IGNORE,0,WATCH,,0,0,0,NA,NA,NA,NA,NA,CLEAR,1,0,0,0,0,TREND_REVERSAL_UNCONFIRMED,0,0.45,NONE,1,0,0,0
BNBUSDT,1773036000000,2026-03-09T06:00:00.000Z,NEUTRAL,NONE,0,7.875,IGNORE,0,WATCH,,0,0,0,NA,NA,NA,NA,NA,CLEAR,1,0,1,0,0,TREND_REVERSAL_UNCONFIRMED,0,0.45,NONE,1,0,0,0
BNBUSDT,1773039600000,2026-03-09T07:00:00.000Z,NEUTRAL,NONE,0,7.875,IGNORE,0,WATCH,,0,0,0,NA,NA,NA,NA,NA,WARNING_SOFT,1,0,0,0,0,TREND_REVERSAL_UNCONFIRMED,0,0.45,NONE,1,0,0,0
BNBUSDT,1773043200000,2026-03-09T08:00:00.000Z,NEUTRAL,NONE,0,7.875,IGNORE,0,WATCH,,0,0,0,NA,NA,NA,NA,NA,CLEAR,1,0,0,0,0,TREND_REVERSAL_UNCONFIRMED,0,0.45,NONE,1,0,0,0
BNBUSDT,1773046800000,2026-03-09T09:00:00.000Z,NEUTRAL,NONE,0,7.875,IGNORE,0,WATCH,,0,0,0,NA,NA,NA,NA,NA,CLEAR,1,0,0,0,0,TREND_REVERSAL_UNCONFIRMED,0,0.45,NONE,1,0,0,0
BNBUSDT,1773050400000,2026-03-09T10:00:00.000Z,NEUTRAL,NONE,0,7.875,IGNORE,0,WATCH,,0,0,0,NA,NA,NA,NA,NA,CLEAR,1,0,0,0,0,TREND_REVERSAL_UNCONFIRMED,0,0.45,NONE,1,0,0,0
BNBUSDT,1773054000000,2026-03-09T11:00:00.000Z,NEUTRAL,NONE,0,7.875,IGNORE,0,WATCH,,0,0,0,NA,NA,NA,NA,NA,CLEAR,1,0,0,0,0,TREND_REVERSAL_UNCONFIRMED,0,0.45,NONE,1,0,0,0
BNBUSDT,1773057600000,2026-03-09T12:00:00.000Z,NEUTRAL,NONE,0,7.875,IGNORE,0,WATCH,,0,0,0,NA,NA,NA,NA,NA,CLEAR,1,0,0,0,0,TREND_REVERSAL_UNCONFIRMED,0,0.45,NONE,1,0,0,0
BNBUSDT,1773061200000,2026-03-09T13:00:00.000Z,BULL,SHORT,24.254811602191282,13.441316413672563,IGNORE,0,WATCH,,0,0,0,NA,NA,NA,NA,NA,CLEAR,1,1,0,0,0,TREND_REVERSAL_UNCONFIRMED,1,0.45,SHORT,1,0,0,0
BNBUSDT,1773064800000,2026-03-09T14:00:00.000Z,BULL,SHORT,13.927705299045817,12.628056792299859,IGNORE,0,WATCH,,0,0,0,NA,NA,NA,NA,NA,CLEAR,1,0,0,0,0,TREND_REVERSAL_UNCONFIRMED,1,0.45,SHORT,1,0,0,0
BNBUSDT,1773068400000,2026-03-09T15:00:00.000Z,BULL,SHORT,14.30772827785396,12.657983601881,IGNORE,0,WATCH,,0,0,0,NA,NA,NA,NA,NA,CLEAR,1,0,0,0,0,TREND_REVERSAL_UNCONFIRMED,1,0.45,SHORT,1,0,0,0
BNBUSDT,1773072000000,2026-03-09T16:00:00.000Z,BULL,SHORT,25,13.5,IGNORE,0,WATCH,,0,0,0,NA,NA,NA,NA,NA,CLEAR,1,0,0,0,0,TREND_REVERSAL_UNCONFIRMED,1,0.45,SHORT,1,0,0,0
BNBUSDT,1773075600000,2026-03-09T17:00:00.000Z,BULL,SHORT,0,7.875,IGNORE,0,WATCH,,0,0,0,NA,NA,NA,NA,NA,CLEAR,1,0,0,0,0,TREND_REVERSAL_UNCONFIRMED,0,0.45,SHORT,1,0,0,0
BNBUSDT,1773079200000,2026-03-09T18:00:00.000Z,BULL,SHORT,0,7.875,IGNORE,0,WATCH,,0,0,0,NA,NA,NA,NA,NA,CLEAR,1,0,0,0,0,TREND_REVERSAL_UNCONFIRMED,0,0.45,SHORT,1,0,0,0
BNBUSDT,1773082800000,2026-03-09T19:00:00.000Z,BULL,SHORT,19.435952599316295,13.061831267196158,IGNORE,0,WATCH,,0,0,0,NA,NA,NA,NA,NA,CLEAR,1,0,0,0,0,TREND_REVERSAL_UNCONFIRMED,1,0.45,SHORT,1,0,0,0
BNBUSDT,1773086400000,2026-03-09T20:00:00.000Z,BULL,SHORT,0,7.875,IGNORE,0,WATCH,,0,0,0,NA,NA,NA,NA,NA,CLEAR,1,0,0,0,0,TREND_REVERSAL_UNCONFIRMED,0,0.45,SHORT,1,0,0,0
BNBUSDT,1773090000000,2026-03-09T21:00:00.000Z,BULL,SHORT,12.847222222222221,12.54296875,IGNORE,0,WATCH,,0,0,0,NA,NA,NA,NA,NA,CLEAR,1,0,0,0,0,TREND_REVERSAL_UNCONFIRMED,1,0.45,SHORT,1,0,0,0
BNBUSDT,1773093600000,2026-03-09T22:00:00.000Z,BULL,SHORT,0,7.875,IGNORE,0,WATCH,,0,0,0,NA,NA,NA,NA,NA,CLEAR,1,0,0,0,0,TREND_REVERSAL_UNCONFIRMED,0,0.45,SHORT,1,0,0,0
BNBUSDT,1773097200000,2026-03-09T23:00:00.000Z,BULL,SHORT,0,7.875,IGNORE,0,WATCH,,0,0,0,NA,NA,NA,NA,NA,WARNING_SOFT,1,0,0,0,0,TREND_REVERSAL_UNCONFIRMED,0,0.45,SHORT,1,0,0,0
BNBUSDT,1773100800000,2026-03-10T00:00:00.000Z,BULL,SHORT,0,7.875,IGNORE,0,WATCH,,0,0,0,NA,NA,NA,NA,NA,WARNING_SOFT,1,0,0,0,0,TREND_REVERSAL_UNCONFIRMED,0,0.45,SHORT,1,0,0,0
BNBUSDT,1773104400000,2026-03-10T01:00:00.000Z,BULL,SHORT,0,7.875,IGNORE,0,WATCH,,0,0,0,NA,NA,NA,NA,NA,CLEAR,1,0,0,0,0,TREND_REVERSAL_UNCONFIRMED,0,0.45,SHORT,1,0,0,0
BNBUSDT,1773108000000,2026-03-10T02:00:00.000Z,BULL,SHORT,12.918425533486648,12.548576010762073,IGNORE,0,WATCH,,0,0,0,NA,NA,NA,NA,NA,CLEAR,1,0,0,0,0,TREND_REVERSAL_UNCONFIRMED,1,0.45,SHORT,1,0,0,0
BNBUSDT,1773111600000,2026-03-10T03:00:00.000Z,BULL,SHORT,25,13.5,IGNORE,0,WATCH,,0,0,0,NA,NA,NA,NA,NA,CLEAR,1,0,0,0,0,TREND_REVERSAL_UNCONFIRMED,1,0.45,SHORT,1,0,0,0
BNBUSDT,1773115200000,2026-03-10T04:00:00.000Z,BULL,SHORT,0,7.875,IGNORE,0,WATCH,,0,0,0,NA,NA,NA,NA,NA,CLEAR,1,0,0,0,0,TREND_REVERSAL_UNCONFIRMED,0,0.45,SHORT,1,0,0,0
BNBUSDT,1773118800000,2026-03-10T05:00:00.000Z,BULL,SHORT,12.847222222222221,12.54296875,IGNORE,0,WATCH,,0,0,0,NA,NA,NA,NA,NA,CLEAR,1,0,0,0,0,TREND_REVERSAL_UNCONFIRMED,1,0.45,SHORT,1,0,0,0
BNBUSDT,1773122400000,2026-03-10T06:00:00.000Z,BULL,SHORT,0,7.875,IGNORE,0,WATCH,,0,0,0,NA,NA,NA,NA,NA,CLEAR,1,0,0,0,0,TREND_REVERSAL_UNCONFIRMED,0,0.45,SHORT,1,0,0,0
BNBUSDT,1773126000000,2026-03-10T07:00:00.000Z,BULL,SHORT,12.847222222222221,12.54296875,IGNORE,0,WATCH,,0,0,0,NA,NA,NA,NA,NA,CLEAR,1,0,0,0,0,TREND_REVERSAL_UNCONFIRMED,1,0.45,SHORT,1,0,0,0
BNBUSDT,1773129600000,2026-03-10T08:00:00.000Z,BULL,SHORT,0,7.875,IGNORE,0,WATCH,,0,0,0,NA,NA,NA,NA,NA,CLEAR,1,0,0,0,0,TREND_REVERSAL_UNCONFIRMED,0,0.45,SHORT,1,0,0,0
BNBUSDT,1773133200000,2026-03-10T09:00:00.000Z,BULL,SHORT,13.601483596588917,12.602366833231377,IGNORE,0,WATCH,,0,0,0,NA,NA,NA,NA,NA,CLEAR,1,0,0,0,0,TREND_REVERSAL_UNCONFIRMED,1,0.45,SHORT,1,0,0,0
BNBUSDT,1773136800000,2026-03-10T10:00:00.000Z,BULL,SHORT,0,7.875,IGNORE,0,WATCH,,0,0,0,NA,NA,NA,NA,NA,CLEAR,1,0,0,0,0,TREND_REVERSAL_UNCONFIRMED,0,0.45,SHORT,1,0,0,0
BNBUSDT,1773140400000,2026-03-10T11:00:00.000Z,BULL,SHORT,25,13.5,IGNORE,0,WATCH,,0,0,0,NA,NA,NA,NA,NA,CLEAR,1,0,0,0,0,TREND_REVERSAL_UNCONFIRMED,1,0.45,SHORT,1,0,0,0
BNBUSDT,1773144000000,2026-03-10T12:00:00.000Z,BULL,SHORT,0,7.875,IGNORE,0,WATCH,,0,0,0,NA,NA,NA,NA,NA,CLEAR,1,0,0,0,0,TREND_REVERSAL_UNCONFIRMED,0,0.45,SHORT,1,0,0,0
BNBUSDT,1773147600000,2026-03-10T13:00:00.000Z,BULL,SHORT,20.837393510309383,13.172194738936865,IGNORE,0,WATCH,,0,0,0,NA,NA,NA,NA,NA,CLEAR,1,0,0,0,0,TREND_REVERSAL_UNCONFIRMED,1,0.45,SHORT,1,0,0,0
BNBUSDT,1773151200000,2026-03-10T14:00:00.000Z,BULL,SHORT,25,13.5,IGNORE,0,WATCH,,0,0,0,NA,NA,NA,NA,NA,BLOCK,0,0,0,0,0,TREND_REVERSAL_UNCONFIRMED,1,0.45,SHORT,1,0,0,0
BNBUSDT,1773154800000,2026-03-10T15:00:00.000Z,BULL,SHORT,20.764877276109896,13.166484085493655,IGNORE,0,WATCH,,0,0,0,NA,NA,NA,NA,NA,CLEAR,1,0,0,0,0,TREND_REVERSAL_UNCONFIRMED,1,0.45,SHORT,1,0,0,0
BNBUSDT,1773158400000,2026-03-10T16:00:00.000Z,BULL,SHORT,0,7.875,IGNORE,0,WATCH,,0,0,0,NA,NA,NA,NA,NA,CLEAR,1,0,0,0,0,TREND_REVERSAL_UNCONFIRMED,0,0.45,SHORT,1,0,0,0
BNBUSDT,1773162000000,2026-03-10T17:00:00.000Z,BULL,SHORT,25,13.5,IGNORE,0,WATCH,,0,0,0,NA,NA,NA,NA,NA,CLEAR,1,0,0,0,0,TREND_REVERSAL_UNCONFIRMED,1,0.45,SHORT,1,0,0,0
BNBUSDT,1773165600000,2026-03-10T18:00:00.000Z,NEUTRAL,NONE,0,7.875,IGNORE,0,WATCH,,0,0,0,NA,NA,NA,NA,NA,BLOCK,0,0,0,0,0,TREND_REVERSAL_UNCONFIRMED,0,0.45,NONE,1,0,0,0
BNBUSDT,1773169200000,2026-03-10T19:00:00.000Z,NEUTRAL,NONE,0,7.875,IGNORE,0,WATCH,,0,0,0,NA,NA,NA,NA,NA,WARNING_SOFT,1,0,0,0,0,TREND_REVERSAL_UNCONFIRMED,0,0.45,NONE,1,0,0,0
BNBUSDT,1773172800000,2026-03-10T20:00:00.000Z,BULL,SHORT,0,7.875,IGNORE,0,WATCH,,0,0,0,NA,NA,NA,NA,NA,WARNING_SOFT,1,0,0,0,0,TREND_REVERSAL_UNCONFIRMED,0,0.45,SHORT,1,0,0,0
BNBUSDT,1773176400000,2026-03-10T21:00:00.000Z,NEUTRAL,NONE,0,7.875,IGNORE,0,WATCH,,0,0,0,NA,NA,NA,NA,NA,WARNING_SOFT,1,0,0,0,0,TREND_REVERSAL_UNCONFIRMED,0,0.45,NONE,1,0,0,0
BNBUSDT,1773180000000,2026-03-10T22:00:00.000Z,NEUTRAL,NONE,0,7.875,IGNORE,0,WATCH,,0,0,0,NA,NA,NA,NA,NA,WARNING_SOFT,1,0,0,0,0,TREND_REVERSAL_UNCONFIRMED,0,0.45,NONE,1,0,0,0
BNBUSDT,1773183600000,2026-03-10T23:00:00.000Z,NEUTRAL,NONE,0,7.875,IGNORE,0,WATCH,,0,0,0,NA,NA,NA,NA,NA,WARNING_SOFT,1,0,0,0,0,TREND_REVERSAL_UNCONFIRMED,0,0.45,NONE,1,0,0,0
BNBUSDT,1773187200000,2026-03-11T00:00:00.000Z,BULL,SHORT,0,7.875,IGNORE,0,WATCH,,0,0,0,NA,NA,NA,NA,NA,WARNING_SOFT,1,0,0,0,0,TREND_REVERSAL_UNCONFIRMED,0,0.45,SHORT,1,0,0,0
BNBUSDT,1773190800000,2026-03-11T01:00:00.000Z,BULL,SHORT,0,7.875,IGNORE,0,WATCH,,0,0,0,NA,NA,NA,NA,NA,WARNING_SOFT,1,0,0,0,0,TREND_REVERSAL_UNCONFIRMED,0,0.45,SHORT,1,0,0,0
BNBUSDT,1773194400000,2026-03-11T02:00:00.000Z,NEUTRAL,NONE,0,7.875,IGNORE,0,WATCH,,0,0,0,NA,NA,NA,NA,NA,WARNING_SOFT,1,0,0,0,0,TREND_REVERSAL_UNCONFIRMED,0,0.45,NONE,1,0,0,0
BNBUSDT,1773198000000,2026-03-11T03:00:00.000Z,NEUTRAL,NONE,0,7.875,IGNORE,0,WATCH,,0,0,0,NA,NA,NA,NA,NA,WARNING_SOFT,1,0,0,0,0,TREND_REVERSAL_UNCONFIRMED,0,0.45,NONE,1,0,0,0
BNBUSDT,1773201600000,2026-03-11T04:00:00.000Z,BULL,SHORT,0,7.875,IGNORE,0,WATCH,,0,0,0,NA,NA,NA,NA,NA,WARNING_SOFT,1,0,0,0,0,TREND_REVERSAL_UNCONFIRMED,0,0.45,SHORT,1,0,0,0
BNBUSDT,1773205200000,2026-03-11T05:00:00.000Z,NEUTRAL,NONE,0,7.875,IGNORE,0,WATCH,,0,0,0,NA,NA,NA,NA,NA,WARNING_SOFT,1,0,0,0,0,TREND_REVERSAL_UNCONFIRMED,0,0.45,NONE,1,0,0,0
BNBUSDT,1773208800000,2026-03-11T06:00:00.000Z,BULL,SHORT,0,7.875,IGNORE,0,WATCH,,0,0,0,NA,NA,NA,NA,NA,BLOCK,0,0,0,0,0,TREND_REVERSAL_UNCONFIRMED,0,0.45,SHORT,1,0,0,0
BNBUSDT,1773212400000,2026-03-11T07:00:00.000Z,NEUTRAL,NONE,0,7.875,IGNORE,0,WATCH,,0,0,0,NA,NA,NA,NA,NA,WARNING_SOFT,1,0,0,0,0,TREND_REVERSAL_UNCONFIRMED,0,0.45,NONE,1,0,0,0
BNBUSDT,1773216000000,2026-03-11T08:00:00.000Z,NEUTRAL,NONE,0,7.875,IGNORE,0,WATCH,,0,0,0,NA,NA,NA,NA,NA,WARNING_SOFT,1,0,0,0,0,TREND_REVERSAL_UNCONFIRMED,0,0.45,NONE,1,0,0,0
BNBUSDT,1773219600000,2026-03-11T09:00:00.000Z,NEUTRAL,NONE,0,7.875,IGNORE,0,WATCH,,0,0,0,NA,NA,NA,NA,NA,WARNING_SOFT,1,0,0,0,0,TREND_REVERSAL_UNCONFIRMED,0,0.45,NONE,1,0,0,0
BNBUSDT,1773223200000,2026-03-11T10:00:00.000Z,BULL,SHORT,17.5,12.909375,IGNORE,0,WATCH,,0,0,0,NA,NA,NA,NA,NA,WARNING_SOFT,1,0,0,0,0,TREND_REVERSAL_UNCONFIRMED,1,0.45,SHORT,1,0,0,0
BNBUSDT,1773226800000,2026-03-11T11:00:00.000Z,NEUTRAL,NONE,0,7.875,IGNORE,0,WATCH,,0,0,0,NA,NA,NA,NA,NA,BLOCK,0,0,0,0,0,TREND_REVERSAL_UNCONFIRMED,0,0.45,NONE,1,0,0,0
BNBUSDT,1773230400000,2026-03-11T12:00:00.000Z,NEUTRAL,NONE,0,7.875,IGNORE,0,WATCH,,0,0,0,NA,NA,NA,NA,NA,BLOCK,0,0,0,0,0,TREND_REVERSAL_UNCONFIRMED,0,0.45,NONE,1,0,0,0
BNBUSDT,1773234000000,2026-03-11T13:00:00.000Z,BULL,SHORT,42.5,18.534375,IGNORE,0,WATCH,,0,0,0,NA,NA,NA,NA,NA,CLEAR,1,0,0,0,0,TREND_REVERSAL_UNCONFIRMED,2,0.45,SHORT,1,0,0,0
BNBUSDT,1773237600000,2026-03-11T14:00:00.000Z,BULL,SHORT,59.78863149168178,52.783928829277215,WATCH,1,WATCH,ACTIVE,1,1,0,PASS,PASS,SKIP,SKIP,FAIL,CLEAR,1,0,0,0,0,MARKET_CONTEXT_DENIED,3,0.84,SHORT,0,1,0,0
BNBUSDT,1773241200000,2026-03-11T15:00:00.000Z,BULL,SHORT,17.5,12.909375,IGNORE,0,WATCH,,0,0,0,NA,NA,NA,NA,NA,CLEAR,1,0,0,0,0,TREND_REVERSAL_UNCONFIRMED,1,0.45,SHORT,1,0,0,0
BNBUSDT,1773244800000,2026-03-11T16:00:00.000Z,BULL,SHORT,0,7.875,IGNORE,0,WATCH,,0,0,0,NA,NA,NA,NA,NA,CLEAR,1,0,0,0,0,TREND_REVERSAL_UNCONFIRMED,0,0.45,SHORT,1,0,0,0
BNBUSDT,1773248400000,2026-03-11T17:00:00.000Z,BULL,SHORT,24.318520639482706,13.446333500359263,IGNORE,0,WATCH,,0,0,0,NA,NA,NA,NA,NA,CLEAR,1,0,0,0,0,TREND_REVERSAL_UNCONFIRMED,1,0.45,SHORT,1,0,0,0
BNBUSDT,1773252000000,2026-03-11T18:00:00.000Z,BULL,SHORT,0,7.875,IGNORE,0,WATCH,,0,0,0,NA,NA,NA,NA,NA,CLEAR,1,0,0,0,0,TREND_REVERSAL_UNCONFIRMED,0,0.45,SHORT,1,0,0,0
BNBUSDT,1773255600000,2026-03-11T19:00:00.000Z,BULL,SHORT,12.847222222222221,12.54296875,IGNORE,0,WATCH,,0,0,0,NA,NA,NA,NA,NA,CLEAR,1,0,0,0,0,TREND_REVERSAL_UNCONFIRMED,1,0.45,SHORT,1,0,0,0
BNBUSDT,1773259200000,2026-03-11T20:00:00.000Z,BULL,SHORT,0,7.875,IGNORE,0,WATCH,,0,0,0,NA,NA,NA,NA,NA,CLEAR,1,0,0,0,0,TREND_REVERSAL_UNCONFIRMED,0,0.45,SHORT,1,0,0,0
BNBUSDT,1773262800000,2026-03-11T21:00:00.000Z,BULL,SHORT,12.847222222222221,12.54296875,IGNORE,0,WATCH,,0,0,0,NA,NA,NA,NA,NA,CLEAR,1,0,0,0,0,TREND_REVERSAL_UNCONFIRMED,1,0.45,SHORT,1,0,0,0
BNBUSDT,1773266400000,2026-03-11T22:00:00.000Z,BULL,SHORT,0,7.875,IGNORE,0,WATCH,,0,0,0,NA,NA,NA,NA,NA,CLEAR,1,0,0,0,0,TREND_REVERSAL_UNCONFIRMED,0,0.45,SHORT,1,0,0,0
BNBUSDT,1773270000000,2026-03-11T23:00:00.000Z,BULL,SHORT,25,13.5,IGNORE,0,WATCH,,0,0,0,NA,NA,NA,NA,NA,WARNING_SOFT,1,0,0,0,0,TREND_REVERSAL_UNCONFIRMED,1,0.45,SHORT,1,0,0,0
BNBUSDT,1773273600000,2026-03-12T00:00:00.000Z,BULL,SHORT,0,7.875,IGNORE,0,WATCH,,0,0,0,NA,NA,NA,NA,NA,WARNING_SOFT,1,0,0,0,0,TREND_REVERSAL_UNCONFIRMED,0,0.45,SHORT,1,0,0,0
BNBUSDT,1773277200000,2026-03-12T01:00:00.000Z,NEUTRAL,NONE,0,7.875,IGNORE,0,WATCH,,0,0,0,NA,NA,NA,NA,NA,WARNING_SOFT,1,0,0,0,0,TREND_REVERSAL_UNCONFIRMED,0,0.45,NONE,1,0,0,0
BNBUSDT,1773280800000,2026-03-12T02:00:00.000Z,NEUTRAL,NONE,0,7.875,IGNORE,0,WATCH,,0,0,0,NA,NA,NA,NA,NA,BLOCK,0,0,0,0,0,TREND_REVERSAL_UNCONFIRMED,0,0.45,NONE,1,0,0,0
BNBUSDT,1773284400000,2026-03-12T03:00:00.000Z,NEUTRAL,NONE,0,7.875,IGNORE,0,WATCH,,0,0,0,NA,NA,NA,NA,NA,WARNING_SOFT,1,0,0,0,0,TREND_REVERSAL_UNCONFIRMED,0,0.45,NONE,1,0,0,0
BNBUSDT,1773288000000,2026-03-12T04:00:00.000Z,NEUTRAL,NONE,0,7.875,IGNORE,0,WATCH,,0,0,0,NA,NA,NA,NA,NA,WARNING_SOFT,1,0,0,0,0,TREND_REVERSAL_UNCONFIRMED,0,0.45,NONE,1,0,0,0
BNBUSDT,1773291600000,2026-03-12T05:00:00.000Z,NEUTRAL,NONE,0,7.875,IGNORE,0,WATCH,,0,0,0,NA,NA,NA,NA,NA,WARNING_SOFT,1,0,0,0,0,TREND_REVERSAL_UNCONFIRMED,0,0.45,NONE,1,0,0,0
BNBUSDT,1773295200000,2026-03-12T06:00:00.000Z,NEUTRAL,NONE,0,7.875,IGNORE,0,WATCH,,0,0,0,NA,NA,NA,NA,NA,WARNING_SOFT,1,0,0,0,0,TREND_REVERSAL_UNCONFIRMED,0,0.45,NONE,1,0,0,0
BNBUSDT,1773298800000,2026-03-12T07:00:00.000Z,NEUTRAL,NONE,0,7.875,IGNORE,0,WATCH,,0,0,0,NA,NA,NA,NA,NA,WARNING_SOFT,1,0,0,0,0,TREND_REVERSAL_UNCONFIRMED,0,0.45,NONE,1,0,0,0
BNBUSDT,1773302400000,2026-03-12T08:00:00.000Z,BULL,SHORT,0,7.875,IGNORE,0,WATCH,,0,0,0,NA,NA,NA,NA,NA,WARNING_SOFT,1,0,0,0,0,TREND_REVERSAL_UNCONFIRMED,0,0.45,SHORT,1,0,0,0
BNBUSDT,1773306000000,2026-03-12T09:00:00.000Z,BULL,SHORT,0,7.875,IGNORE,0,WATCH,,0,0,0,NA,NA,NA,NA,NA,CLEAR,1,0,0,0,0,TREND_REVERSAL_UNCONFIRMED,0,0.45,SHORT,1,0,0,0
BNBUSDT,1773309600000,2026-03-12T10:00:00.000Z,BULL,SHORT,0,7.875,IGNORE,0,WATCH,,0,0,0,NA,NA,NA,NA,NA,CLEAR,1,0,0,0,0,TREND_REVERSAL_UNCONFIRMED,0,0.45,SHORT,1,0,0,0
BNBUSDT,1773313200000,2026-03-12T11:00:00.000Z,BULL,SHORT,37.84722222222222,18.16796875,IGNORE,0,WATCH,,0,0,0,NA,NA,NA,NA,NA,CLEAR,1,0,0,0,0,TREND_REVERSAL_UNCONFIRMED,2,0.45,SHORT,1,0,0,0
BNBUSDT,1773316800000,2026-03-12T12:00:00.000Z,BULL,SHORT,33.70545511201185,17.841804590070932,IGNORE,0,WATCH,,0,0,0,NA,NA,NA,NA,NA,CLEAR,1,0,0,0,0,TREND_REVERSAL_UNCONFIRMED,2,0.45,SHORT,1,0,0,0
BNBUSDT,1773320400000,2026-03-12T13:00:00.000Z,BULL,SHORT,22.808089023322005,13.327387010586607,IGNORE,0,WATCH,,0,0,0,NA,NA,NA,NA,NA,WARNING_HARD,1,0,0,0,0,TREND_REVERSAL_UNCONFIRMED,1,0.45,SHORT,1,0,0,0
BNBUSDT,1773324000000,2026-03-12T14:00:00.000Z,NEUTRAL,NONE,0,7.875,IGNORE,0,WATCH,,0,0,0,NA,NA,NA,NA,NA,BLOCK,0,0,0,0,0,TREND_REVERSAL_UNCONFIRMED,0,0.45,NONE,1,0,0,0
BNBUSDT,1773327600000,2026-03-12T15:00:00.000Z,BULL,SHORT,20.88016325173129,13.175562856073839,IGNORE,0,WATCH,,0,0,0,NA,NA,NA,NA,NA,WARNING_SOFT,1,0,0,0,0,TREND_REVERSAL_UNCONFIRMED,1,0.45,SHORT,1,0,0,0
BNBUSDT,1773331200000,2026-03-12T16:00:00.000Z,BULL,SHORT,13.710651266103167,12.610963787205625,IGNORE,0,WATCH,,0,0,0,NA,NA,NA,NA,NA,WARNING_SOFT,1,0,0,0,0,TREND_REVERSAL_UNCONFIRMED,1,0.45,SHORT,1,0,0,0
BNBUSDT,1773334800000,2026-03-12T17:00:00.000Z,BULL,SHORT,0,7.875,IGNORE,0,WATCH,,0,0,0,NA,NA,NA,NA,NA,CLEAR,1,0,0,0,0,TREND_REVERSAL_UNCONFIRMED,0,0.45,SHORT,1,0,0,0
BNBUSDT,1773338400000,2026-03-12T18:00:00.000Z,NEUTRAL,NONE,0,7.875,IGNORE,0,WATCH,,0,0,0,NA,NA,NA,NA,NA,WARNING_SOFT,1,0,0,0,0,TREND_REVERSAL_UNCONFIRMED,0,0.45,NONE,1,0,0,0
BNBUSDT,1773342000000,2026-03-12T19:00:00.000Z,BULL,SHORT,0,7.875,IGNORE,0,WATCH,,0,0,0,NA,NA,NA,NA,NA,WARNING_SOFT,1,0,0,0,0,TREND_REVERSAL_UNCONFIRMED,0,0.45,SHORT,1,0,0,0
BNBUSDT,1773345600000,2026-03-12T20:00:00.000Z,BULL,SHORT,0,7.875,IGNORE,0,WATCH,,0,0,0,NA,NA,NA,NA,NA,WARNING_SOFT,1,0,0,0,0,TREND_REVERSAL_UNCONFIRMED,0,0.45,SHORT,1,0,0,0
BNBUSDT,1773349200000,2026-03-12T21:00:00.000Z,BULL,SHORT,0,7.875,IGNORE,0,WATCH,,0,0,0,NA,NA,NA,NA,NA,CLEAR,1,0,0,0,0,TREND_REVERSAL_UNCONFIRMED,0,0.45,SHORT,1,0,0,0
BNBUSDT,1773352800000,2026-03-12T22:00:00.000Z,BULL,SHORT,0,7.875,IGNORE,0,WATCH,,0,0,0,NA,NA,NA,NA,NA,CLEAR,1,0,0,0,0,TREND_REVERSAL_UNCONFIRMED,0,0.45,SHORT,1,0,0,0
BNBUSDT,1773356400000,2026-03-12T23:00:00.000Z,BULL,SHORT,0,7.875,IGNORE,0,WATCH,,0,0,0,NA,NA,NA,NA,NA,CLEAR,1,0,0,0,0,TREND_REVERSAL_UNCONFIRMED,0,0.45,SHORT,1,0,0,0
BNBUSDT,1773360000000,2026-03-13T00:00:00.000Z,BULL,SHORT,25,13.5,IGNORE,0,WATCH,,0,0,0,NA,NA,NA,NA,NA,CLEAR,1,1,0,0,0,TREND_REVERSAL_UNCONFIRMED,1,0.45,SHORT,1,0,0,0
BNBUSDT,1773363600000,2026-03-13T01:00:00.000Z,BULL,SHORT,25,13.5,IGNORE,0,WATCH,,0,0,0,NA,NA,NA,NA,NA,CLEAR,1,0,0,0,0,TREND_REVERSAL_UNCONFIRMED,1,0.45,SHORT,1,0,0,0
BNBUSDT,1773367200000,2026-03-13T02:00:00.000Z,BULL,SHORT,0,7.875,IGNORE,0,WATCH,,0,0,0,NA,NA,NA,NA,NA,CLEAR,1,0,0,0,0,TREND_REVERSAL_UNCONFIRMED,0,0.45,SHORT,1,0,0,0
BNBUSDT,1773370800000,2026-03-13T03:00:00.000Z,BULL,SHORT,0,7.875,IGNORE,0,WATCH,,0,0,0,NA,NA,NA,NA,NA,CLEAR,1,0,0,0,0,TREND_REVERSAL_UNCONFIRMED,0,0.45,SHORT,1,0,0,0
BNBUSDT,1773374400000,2026-03-13T04:00:00.000Z,BULL,SHORT,0,7.875,IGNORE,0,WATCH,,0,0,0,NA,NA,NA,NA,NA,CLEAR,1,0,0,0,0,TREND_REVERSAL_UNCONFIRMED,0,0.45,SHORT,1,0,0,0
BNBUSDT,1773378000000,2026-03-13T05:00:00.000Z,BULL,SHORT,0,7.875,IGNORE,0,WATCH,,0,0,0,NA,NA,NA,NA,NA,CLEAR,1,0,0,0,0,TREND_REVERSAL_UNCONFIRMED,0,0.45,SHORT,1,0,0,0
BNBUSDT,1773381600000,2026-03-13T06:00:00.000Z,BULL,SHORT,0,7.875,IGNORE,0,WATCH,,0,0,0,NA,NA,NA,NA,NA,CLEAR,1,0,0,0,0,TREND_REVERSAL_UNCONFIRMED,0,0.45,SHORT,1,0,0,0
BNBUSDT,1773385200000,2026-03-13T07:00:00.000Z,BULL,SHORT,15.174433922550023,12.726236671400814,IGNORE,0,WATCH,,0,0,0,NA,NA,NA,NA,NA,CLEAR,1,0,0,0,0,TREND_REVERSAL_UNCONFIRMED,1,0.45,SHORT,1,0,0,0
BNBUSDT,1773388800000,2026-03-13T08:00:00.000Z,BULL,SHORT,25,13.5,IGNORE,0,WATCH,,0,0,0,NA,NA,NA,NA,NA,CLEAR,1,0,0,0,0,TREND_REVERSAL_UNCONFIRMED,1,0.45,SHORT,1,0,0,0
BNBUSDT,1773392400000,2026-03-13T09:00:00.000Z,BULL,SHORT,14.33135439143484,12.659844158325495,IGNORE,0,WATCH,,0,0,0,NA,NA,NA,NA,NA,CLEAR,1,0,0,0,0,TREND_REVERSAL_UNCONFIRMED,1,0.45,SHORT,1,0,0,0
BNBUSDT,1773396000000,2026-03-13T10:00:00.000Z,BULL,SHORT,20.417989851709315,13.139166700822107,IGNORE,0,WATCH,,0,0,0,NA,NA,NA,NA,NA,CLEAR,1,0,0,0,0,TREND_REVERSAL_UNCONFIRMED,1,0.45,SHORT,1,0,0,0
BNBUSDT,1773399600000,2026-03-13T11:00:00.000Z,BULL,SHORT,0,7.875,IGNORE,0,WATCH,,0,0,0,NA,NA,NA,NA,NA,CLEAR,1,0,0,0,0,TREND_REVERSAL_UNCONFIRMED,0,0.45,SHORT,1,0,0,0
BNBUSDT,1773403200000,2026-03-13T12:00:00.000Z,BULL,SHORT,37.84722222222222,18.16796875,IGNORE,0,WATCH,,0,0,0,NA,NA,NA,NA,NA,CLEAR,1,1,0,0,0,TREND_REVERSAL_UNCONFIRMED,2,0.45,SHORT,1,0,0,0
BNBUSDT,1773406800000,2026-03-13T13:00:00.000Z,BULL,SHORT,37.84722222222222,18.16796875,IGNORE,0,WATCH,,0,0,0,NA,NA,NA,NA,NA,CLEAR,1,1,0,0,0,TREND_REVERSAL_UNCONFIRMED,2,0.45,SHORT,1,0,0,0
BNBUSDT,1773410400000,2026-03-13T14:00:00.000Z,BULL,SHORT,50,19.125,IGNORE,0,WATCH,,0,0,0,NA,NA,NA,NA,NA,CLEAR,1,0,0,0,0,TREND_REVERSAL_UNCONFIRMED,2,0.45,SHORT,1,0,0,0
BNBUSDT,1773414000000,2026-03-13T15:00:00.000Z,NEUTRAL,NONE,0,7.875,IGNORE,0,WATCH,,0,0,0,NA,NA,NA,NA,NA,WARNING_SOFT,1,0,0,0,0,TREND_REVERSAL_UNCONFIRMED,0,0.45,NONE,1,0,0,0
BNBUSDT,1773417600000,2026-03-13T16:00:00.000Z,NEUTRAL,NONE,0,7.875,IGNORE,0,WATCH,,0,0,0,NA,NA,NA,NA,NA,BLOCK,0,0,0,0,0,TREND_REVERSAL_UNCONFIRMED,0,0.45,NONE,1,0,0,0
BNBUSDT,1773421200000,2026-03-13T17:00:00.000Z,NEUTRAL,NONE,0,7.875,IGNORE,0,WATCH,,0,0,0,NA,NA,NA,NA,NA,WARNING_SOFT,1,0,0,0,0,TREND_REVERSAL_UNCONFIRMED,0,0.45,NONE,1,0,0,0
BNBUSDT,1773424800000,2026-03-13T18:00:00.000Z,NEUTRAL,NONE,0,7.875,IGNORE,0,WATCH,,0,0,0,NA,NA,NA,NA,NA,WARNING_SOFT,1,0,0,0,0,TREND_REVERSAL_UNCONFIRMED,0,0.45,NONE,1,0,0,0
BNBUSDT,1773428400000,2026-03-13T19:00:00.000Z,NEUTRAL,NONE,0,7.875,IGNORE,0,WATCH,,0,0,0,NA,NA,NA,NA,NA,WARNING_SOFT,1,0,0,0,0,TREND_REVERSAL_UNCONFIRMED,0,0.45,NONE,1,0,0,0
BNBUSDT,1773432000000,2026-03-13T20:00:00.000Z,NEUTRAL,NONE,0,7.875,IGNORE,0,WATCH,,0,0,0,NA,NA,NA,NA,NA,WARNING_SOFT,1,0,0,0,0,TREND_REVERSAL_UNCONFIRMED,0,0.45,NONE,1,0,0,0
BNBUSDT,1773435600000,2026-03-13T21:00:00.000Z,NEUTRAL,NONE,0,7.875,IGNORE,0,WATCH,,0,0,0,NA,NA,NA,NA,NA,WARNING_SOFT,1,0,0,0,0,TREND_REVERSAL_UNCONFIRMED,0,0.45,NONE,1,0,0,0
BNBUSDT,1773439200000,2026-03-13T22:00:00.000Z,NEUTRAL,NONE,0,7.875,IGNORE,0,WATCH,,0,0,0,NA,NA,NA,NA,NA,WARNING_SOFT,1,0,0,0,0,TREND_REVERSAL_UNCONFIRMED,0,0.45,NONE,1,0,0,0
BNBUSDT,1773442800000,2026-03-13T23:00:00.000Z,NEUTRAL,NONE,0,7.875,IGNORE,0,WATCH,,0,0,0,NA,NA,NA,NA,NA,WARNING_SOFT,1,0,0,0,0,TREND_REVERSAL_UNCONFIRMED,0,0.45,NONE,1,0,0,0
BNBUSDT,1773446400000,2026-03-14T00:00:00.000Z,NEUTRAL,NONE,0,7.875,IGNORE,0,WATCH,,0,0,0,NA,NA,NA,NA,NA,WARNING_SOFT,1,0,0,0,0,TREND_REVERSAL_UNCONFIRMED,0,0.45,NONE,1,0,0,0
BNBUSDT,1773450000000,2026-03-14T01:00:00.000Z,NEUTRAL,NONE,0,7.875,IGNORE,0,WATCH,,0,0,0,NA,NA,NA,NA,NA,WARNING_SOFT,1,0,0,0,0,TREND_REVERSAL_UNCONFIRMED,0,0.45,NONE,1,0,0,0
BNBUSDT,1773453600000,2026-03-14T02:00:00.000Z,NEUTRAL,NONE,0,7.875,IGNORE,0,WATCH,,0,0,0,NA,NA,NA,NA,NA,WARNING_SOFT,1,0,0,0,0,TREND_REVERSAL_UNCONFIRMED,0,0.45,NONE,1,0,0,0
BNBUSDT,1773457200000,2026-03-14T03:00:00.000Z,NEUTRAL,NONE,0,7.875,IGNORE,0,WATCH,,0,0,0,NA,NA,NA,NA,NA,WARNING_SOFT,1,0,0,0,0,TREND_REVERSAL_UNCONFIRMED,0,0.45,NONE,1,0,0,0
BNBUSDT,1773460800000,2026-03-14T04:00:00.000Z,NEUTRAL,NONE,0,7.875,IGNORE,0,WATCH,,0,0,0,NA,NA,NA,NA,NA,WARNING_SOFT,1,0,0,0,0,TREND_REVERSAL_UNCONFIRMED,0,0.45,NONE,1,0,0,0
BNBUSDT,1773464400000,2026-03-14T05:00:00.000Z,NEUTRAL,NONE,0,7.875,IGNORE,0,WATCH,,0,0,0,NA,NA,NA,NA,NA,WARNING_SOFT,1,0,0,0,0,TREND_REVERSAL_UNCONFIRMED,0,0.45,NONE,1,0,0,0
BNBUSDT,1773468000000,2026-03-14T06:00:00.000Z,NEUTRAL,NONE,0,7.875,IGNORE,0,WATCH,,0,0,0,NA,NA,NA,NA,NA,WARNING_SOFT,1,0,0,0,0,TREND_REVERSAL_UNCONFIRMED,0,0.45,NONE,1,0,0,0
BNBUSDT,1773471600000,2026-03-14T07:00:00.000Z,NEUTRAL,NONE,0,7.875,IGNORE,0,WATCH,,0,0,0,NA,NA,NA,NA,NA,WARNING_SOFT,1,0,0,0,0,TREND_REVERSAL_UNCONFIRMED,0,0.45,NONE,1,0,0,0
BNBUSDT,1773475200000,2026-03-14T08:00:00.000Z,NEUTRAL,NONE,0,7.875,IGNORE,0,WATCH,,0,0,0,NA,NA,NA,NA,NA,WARNING_SOFT,1,0,0,0,0,TREND_REVERSAL_UNCONFIRMED,0,0.45,NONE,1,0,0,0
BNBUSDT,1773478800000,2026-03-14T09:00:00.000Z,NEUTRAL,NONE,0,7.875,IGNORE,0,WATCH,,0,0,0,NA,NA,NA,NA,NA,WARNING_SOFT,1,0,0,0,0,TREND_REVERSAL_UNCONFIRMED,0,0.45,NONE,1,0,0,0
BNBUSDT,1773482400000,2026-03-14T10:00:00.000Z,NEUTRAL,NONE,0,7.875,IGNORE,0,WATCH,,0,0,0,NA,NA,NA,NA,NA,WARNING_SOFT,1,0,0,0,0,TREND_REVERSAL_UNCONFIRMED,0,0.45,NONE,1,0,0,0
BNBUSDT,1773486000000,2026-03-14T11:00:00.000Z,NEUTRAL,NONE,0,7.875,IGNORE,0,WATCH,,0,0,0,NA,NA,NA,NA,NA,WARNING_SOFT,1,0,0,0,0,TREND_REVERSAL_UNCONFIRMED,0,0.45,NONE,1,0,0,0
BNBUSDT,1773489600000,2026-03-14T12:00:00.000Z,BEAR,LONG,0,7.875,IGNORE,0,WATCH,,0,0,0,NA,NA,NA,NA,NA,CLEAR,1,0,0,0,0,TREND_REVERSAL_UNCONFIRMED,0,0.45,LONG,1,0,0,0
BNBUSDT,1773493200000,2026-03-14T13:00:00.000Z,BEAR,LONG,0,7.875,IGNORE,0,WATCH,,0,0,0,NA,NA,NA,NA,NA,WARNING_SOFT,1,0,0,0,0,TREND_REVERSAL_UNCONFIRMED,0,0.45,LONG,1,0,0,0
BNBUSDT,1773496800000,2026-03-14T14:00:00.000Z,BEAR,LONG,0,7.875,IGNORE,0,WATCH,,0,0,0,NA,NA,NA,NA,NA,WARNING_SOFT,1,0,0,0,0,TREND_REVERSAL_UNCONFIRMED,0,0.45,LONG,1,0,0,0
BNBUSDT,1773500400000,2026-03-14T15:00:00.000Z,BEAR,LONG,0,7.875,IGNORE,0,WATCH,,0,0,0,NA,NA,NA,NA,NA,CLEAR,1,0,0,0,0,TREND_REVERSAL_UNCONFIRMED,0,0.45,LONG,1,0,0,0
BNBUSDT,1773504000000,2026-03-14T16:00:00.000Z,BEAR,LONG,0,7.875,IGNORE,0,WATCH,,0,0,0,NA,NA,NA,NA,NA,WARNING_SOFT,1,0,0,0,0,TREND_REVERSAL_UNCONFIRMED,0,0.45,LONG,1,0,0,0
BNBUSDT,1773507600000,2026-03-14T17:00:00.000Z,BEAR,LONG,0,7.875,IGNORE,0,WATCH,,0,0,0,NA,NA,NA,NA,NA,WARNING_SOFT,1,0,0,0,0,TREND_REVERSAL_UNCONFIRMED,0,0.45,LONG,1,0,0,0
BNBUSDT,1773511200000,2026-03-14T18:00:00.000Z,BEAR,LONG,0,7.875,IGNORE,0,WATCH,,0,0,0,NA,NA,NA,NA,NA,CLEAR,1,0,0,0,0,TREND_REVERSAL_UNCONFIRMED,0,0.45,LONG,1,0,0,0
BNBUSDT,1773514800000,2026-03-14T19:00:00.000Z,BEAR,LONG,0,7.875,IGNORE,0,WATCH,,0,0,0,NA,NA,NA,NA,NA,CLEAR,1,0,0,0,0,TREND_REVERSAL_UNCONFIRMED,0,0.45,LONG,1,0,0,0
BNBUSDT,1773518400000,2026-03-14T20:00:00.000Z,BEAR,LONG,0,7.875,IGNORE,0,WATCH,,0,0,0,NA,NA,NA,NA,NA,CLEAR,1,0,0,0,0,TREND_REVERSAL_UNCONFIRMED,0,0.45,LONG,1,0,0,0
BNBUSDT,1773522000000,2026-03-14T21:00:00.000Z,NEUTRAL,NONE,0,7.875,IGNORE,0,WATCH,,0,0,0,NA,NA,NA,NA,NA,WARNING_SOFT,1,0,0,0,0,TREND_REVERSAL_UNCONFIRMED,0,0.45,NONE,1,0,0,0
BNBUSDT,1773525600000,2026-03-14T22:00:00.000Z,NEUTRAL,NONE,0,7.875,IGNORE,0,WATCH,,0,0,0,NA,NA,NA,NA,NA,WARNING_SOFT,1,0,0,0,0,TREND_REVERSAL_UNCONFIRMED,0,0.45,NONE,1,0,0,0
BNBUSDT,1773529200000,2026-03-14T23:00:00.000Z,NEUTRAL,NONE,0,7.875,IGNORE,0,WATCH,,0,0,0,NA,NA,NA,NA,NA,CLEAR,1,1,0,0,0,TREND_REVERSAL_UNCONFIRMED,0,0.45,NONE,1,0,0,0
BNBUSDT,1773532800000,2026-03-15T00:00:00.000Z,NEUTRAL,NONE,0,7.875,IGNORE,0,WATCH,,0,0,0,NA,NA,NA,NA,NA,CLEAR,1,0,0,0,0,TREND_REVERSAL_UNCONFIRMED,0,0.45,NONE,1,0,0,0
BNBUSDT,1773536400000,2026-03-15T01:00:00.000Z,NEUTRAL,NONE,0,7.875,IGNORE,0,WATCH,,0,0,0,NA,NA,NA,NA,NA,CLEAR,1,0,0,0,0,TREND_REVERSAL_UNCONFIRMED,0,0.45,NONE,1,0,0,0
BNBUSDT,1773540000000,2026-03-15T02:00:00.000Z,BULL,SHORT,42.5,18.534375,IGNORE,0,WATCH,,0,0,0,NA,NA,NA,NA,NA,CLEAR,1,0,0,0,0,TREND_REVERSAL_UNCONFIRMED,2,0.45,SHORT,1,0,0,0
BNBUSDT,1773543600000,2026-03-15T03:00:00.000Z,BULL,SHORT,34.66275719188762,17.91719212886115,IGNORE,0,WATCH,,0,0,0,NA,NA,NA,NA,NA,CLEAR,1,0,0,0,0,TREND_REVERSAL_UNCONFIRMED,2,0.45,SHORT,1,0,0,0
BNBUSDT,1773547200000,2026-03-15T04:00:00.000Z,BULL,SHORT,55.593073668149316,42.92718182921795,WATCH,1,WATCH,ACTIVE,1,1,0,FAIL,PASS,SKIP,SKIP,FAIL,CLEAR,1,0,0,0,0,MARKET_CONTEXT_DENIED,3,0.84,SHORT,1,0,0,0
BNBUSDT,1773550800000,2026-03-15T05:00:00.000Z,BULL,SHORT,32.93847887852624,17.78140521168394,IGNORE,0,WATCH,,0,0,0,NA,NA,NA,NA,NA,CLEAR,1,0,0,0,0,TREND_REVERSAL_UNCONFIRMED,2,0.45,SHORT,1,0,0,0
BNBUSDT,1773554400000,2026-03-15T06:00:00.000Z,BULL,SHORT,0,7.875,IGNORE,0,WATCH,,0,0,0,NA,NA,NA,NA,NA,CLEAR,1,0,0,0,0,TREND_REVERSAL_UNCONFIRMED,0,0.45,SHORT,1,0,0,0
BNBUSDT,1773558000000,2026-03-15T07:00:00.000Z,BULL,SHORT,12.847222222222221,12.54296875,IGNORE,0,WATCH,,0,0,0,NA,NA,NA,NA,NA,CLEAR,1,0,0,0,0,TREND_REVERSAL_UNCONFIRMED,1,0.45,SHORT,1,0,0,0
BNBUSDT,1773561600000,2026-03-15T08:00:00.000Z,BULL,SHORT,25,13.5,IGNORE,0,WATCH,,0,0,0,NA,NA,NA,NA,NA,CLEAR,1,0,0,0,0,TREND_REVERSAL_UNCONFIRMED,1,0.45,SHORT,1,0,0,0
BNBUSDT,1773565200000,2026-03-15T09:00:00.000Z,BULL,SHORT,25,13.5,IGNORE,0,WATCH,,0,0,0,NA,NA,NA,NA,NA,CLEAR,1,0,0,0,0,TREND_REVERSAL_UNCONFIRMED,1,0.45,SHORT,1,0,0,0
BNBUSDT,1773568800000,2026-03-15T10:00:00.000Z,BULL,SHORT,25,13.5,IGNORE,0,WATCH,,0,0,0,NA,NA,NA,NA,NA,CLEAR,1,0,0,0,0,TREND_REVERSAL_UNCONFIRMED,1,0.45,SHORT,1,0,0,0
BNBUSDT,1773572400000,2026-03-15T11:00:00.000Z,BULL,SHORT,24.387454502280825,13.451762042054616,IGNORE,0,WATCH,,0,0,0,NA,NA,NA,NA,NA,CLEAR,1,0,0,0,0,TREND_REVERSAL_UNCONFIRMED,1,0.45,SHORT,1,0,0,0
BNBUSDT,1773576000000,2026-03-15T12:00:00.000Z,BULL,SHORT,17.333680554103815,12.896277343635676,IGNORE,0,WATCH,,0,0,0,NA,NA,NA,NA,NA,CLEAR,1,0,0,0,0,TREND_REVERSAL_UNCONFIRMED,1,0.45,SHORT,1,0,0,0
BNBUSDT,1773579600000,2026-03-15T13:00:00.000Z,BULL,SHORT,25,13.5,IGNORE,0,WATCH,,0,0,0,NA,NA,NA,NA,NA,WARNING_SOFT,1,0,0,0,0,TREND_REVERSAL_UNCONFIRMED,1,0.45,SHORT,1,0,0,0
BNBUSDT,1773583200000,2026-03-15T14:00:00.000Z,BULL,SHORT,0,7.875,IGNORE,0,WATCH,,0,0,0,NA,NA,NA,NA,NA,WARNING_SOFT,1,0,0,0,0,TREND_REVERSAL_UNCONFIRMED,0,0.45,SHORT,1,0,0,0
BNBUSDT,1773586800000,2026-03-15T15:00:00.000Z,BULL,SHORT,0,7.875,IGNORE,0,WATCH,,0,0,0,NA,NA,NA,NA,NA,WARNING_SOFT,1,0,0,0,0,TREND_REVERSAL_UNCONFIRMED,0,0.45,SHORT,1,0,0,0
BNBUSDT,1773590400000,2026-03-15T16:00:00.000Z,NEUTRAL,NONE,0,7.875,IGNORE,0,WATCH,,0,0,0,NA,NA,NA,NA,NA,WARNING_SOFT,1,0,0,0,0,TREND_REVERSAL_UNCONFIRMED,0,0.45,NONE,1,0,0,0
BNBUSDT,1773594000000,2026-03-15T17:00:00.000Z,BULL,SHORT,0,7.875,IGNORE,0,WATCH,,0,0,0,NA,NA,NA,NA,NA,WARNING_SOFT,1,0,0,0,0,TREND_REVERSAL_UNCONFIRMED,0,0.45,SHORT,1,0,0,0
BNBUSDT,1773597600000,2026-03-15T18:00:00.000Z,NEUTRAL,NONE,0,7.875,IGNORE,0,WATCH,,0,0,0,NA,NA,NA,NA,NA,WARNING_SOFT,1,0,0,0,0,TREND_REVERSAL_UNCONFIRMED,0,0.45,NONE,1,0,0,0
BNBUSDT,1773601200000,2026-03-15T19:00:00.000Z,BULL,SHORT,0,7.875,IGNORE,0,WATCH,,0,0,0,NA,NA,NA,NA,NA,WARNING_SOFT,1,0,0,0,0,TREND_REVERSAL_UNCONFIRMED,0,0.45,SHORT,1,0,0,0
BNBUSDT,1773604800000,2026-03-15T20:00:00.000Z,BULL,SHORT,25,13.5,IGNORE,0,WATCH,,0,0,0,NA,NA,NA,NA,NA,CLEAR,1,0,0,0,0,TREND_REVERSAL_UNCONFIRMED,1,0.45,SHORT,1,0,0,0
BNBUSDT,1773608400000,2026-03-15T21:00:00.000Z,BULL,SHORT,25,13.5,IGNORE,0,WATCH,,0,0,0,NA,NA,NA,NA,NA,CLEAR,1,0,0,0,0,TREND_REVERSAL_UNCONFIRMED,1,0.45,SHORT,1,0,0,0
BNBUSDT,1773612000000,2026-03-15T22:00:00.000Z,BULL,SHORT,37.84722222222222,18.16796875,IGNORE,0,WATCH,,0,0,0,NA,NA,NA,NA,NA,CLEAR,1,0,0,0,0,TREND_REVERSAL_UNCONFIRMED,2,0.45,SHORT,1,0,0,0
BNBUSDT,1773615600000,2026-03-15T23:00:00.000Z,BULL,SHORT,50,19.125,IGNORE,0,WATCH,,0,0,0,NA,NA,NA,NA,NA,CLEAR,1,0,0,0,0,TREND_REVERSAL_UNCONFIRMED,2,0.45,SHORT,1,0,0,0
BNBUSDT,1773619200000,2026-03-16T00:00:00.000Z,BULL,SHORT,0,7.875,IGNORE,0,WATCH,,0,0,0,NA,NA,NA,NA,NA,CLEAR,1,0,0,0,0,TREND_REVERSAL_UNCONFIRMED,0,0.45,SHORT,1,0,0,0
BNBUSDT,1773622800000,2026-03-16T01:00:00.000Z,BULL,SHORT,0,7.875,IGNORE,0,WATCH,,0,0,0,NA,NA,NA,NA,NA,CLEAR,1,0,0,0,0,TREND_REVERSAL_UNCONFIRMED,0,0.45,SHORT,1,0,0,0
BNBUSDT,1773626400000,2026-03-16T02:00:00.000Z,BULL,SHORT,0,7.875,IGNORE,0,WATCH,,0,0,0,NA,NA,NA,NA,NA,CLEAR,1,0,0,0,0,TREND_REVERSAL_UNCONFIRMED,0,0.45,SHORT,1,0,0,0
BNBUSDT,1773630000000,2026-03-16T03:00:00.000Z,BULL,SHORT,25,13.5,IGNORE,0,WATCH,,0,0,0,NA,NA,NA,NA,NA,CLEAR,1,0,0,0,0,TREND_REVERSAL_UNCONFIRMED,1,0.45,SHORT,1,0,0,0
BNBUSDT,1773633600000,2026-03-16T04:00:00.000Z,BULL,SHORT,24.52649855938773,13.462711761551784,IGNORE,0,WATCH,,0,0,0,NA,NA,NA,NA,NA,CLEAR,1,0,0,0,0,TREND_REVERSAL_UNCONFIRMED,1,0.45,SHORT,1,0,0,0
BNBUSDT,1773637200000,2026-03-16T05:00:00.000Z,BULL,SHORT,0,7.875,IGNORE,0,WATCH,,0,0,0,NA,NA,NA,NA,NA,CLEAR,1,0,0,0,0,TREND_REVERSAL_UNCONFIRMED,0,0.45,SHORT,1,0,0,0
BNBUSDT,1773640800000,2026-03-16T06:00:00.000Z,BULL,SHORT,0,7.875,IGNORE,0,WATCH,,0,0,0,NA,NA,NA,NA,NA,CLEAR,1,0,0,0,0,TREND_REVERSAL_UNCONFIRMED,0,0.45,SHORT,1,0,0,0
BNBUSDT,1773644400000,2026-03-16T07:00:00.000Z,BULL,SHORT,0,7.875,IGNORE,0,WATCH,,0,0,0,NA,NA,NA,NA,NA,CLEAR,1,0,0,0,0,TREND_REVERSAL_UNCONFIRMED,0,0.45,SHORT,1,0,0,0
BNBUSDT,1773648000000,2026-03-16T08:00:00.000Z,BULL,SHORT,0,7.875,IGNORE,0,WATCH,,0,0,0,NA,NA,NA,NA,NA,CLEAR,1,0,0,0,0,TREND_REVERSAL_UNCONFIRMED,0,0.45,SHORT,1,0,0,0
BNBUSDT,1773651600000,2026-03-16T09:00:00.000Z,BULL,SHORT,0,7.875,IGNORE,0,WATCH,,0,0,0,NA,NA,NA,NA,NA,WARNING_SOFT,1,0,0,0,0,TREND_REVERSAL_UNCONFIRMED,0,0.45,SHORT,1,0,0,0
BNBUSDT,1773655200000,2026-03-16T10:00:00.000Z,BULL,SHORT,0,7.875,IGNORE,0,WATCH,,0,0,0,NA,NA,NA,NA,NA,CLEAR,1,0,0,0,0,TREND_REVERSAL_UNCONFIRMED,0,0.45,SHORT,1,0,0,0
BNBUSDT,1773658800000,2026-03-16T11:00:00.000Z,BULL,SHORT,25,13.5,IGNORE,0,WATCH,,0,0,0,NA,NA,NA,NA,NA,WARNING_SOFT,1,0,0,0,0,TREND_REVERSAL_UNCONFIRMED,1,0.45,SHORT,1,0,0,0
BNBUSDT,1773662400000,2026-03-16T12:00:00.000Z,BULL,SHORT,17.861872490741806,12.937872458645918,IGNORE,0,WATCH,,0,0,0,NA,NA,NA,NA,NA,CLEAR,1,0,0,0,0,TREND_REVERSAL_UNCONFIRMED,1,0.45,SHORT,1,0,0,0
BNBUSDT,1773666000000,2026-03-16T13:00:00.000Z,BULL,SHORT,16.765251067712818,12.851513521582385,IGNORE,0,WATCH,,0,0,0,NA,NA,NA,NA,NA,CLEAR,1,0,0,0,0,TREND_REVERSAL_UNCONFIRMED,1,0.45,SHORT,1,0,0,0
BNBUSDT,1773669600000,2026-03-16T14:00:00.000Z,NEUTRAL,NONE,0,7.875,IGNORE,0,WATCH,,0,0,0,NA,NA,NA,NA,NA,BLOCK,0,0,0,0,0,TREND_REVERSAL_UNCONFIRMED,0,0.45,NONE,1,0,0,0
BNBUSDT,1773673200000,2026-03-16T15:00:00.000Z,NEUTRAL,NONE,0,7.875,IGNORE,0,WATCH,,0,0,0,NA,NA,NA,NA,NA,WARNING_SOFT,1,0,0,0,0,TREND_REVERSAL_UNCONFIRMED,0,0.45,NONE,1,0,0,0
BNBUSDT,1773676800000,2026-03-16T16:00:00.000Z,BULL,SHORT,17.5,12.909375,IGNORE,0,WATCH,,0,0,0,NA,NA,NA,NA,NA,WARNING_SOFT,1,0,0,0,0,TREND_REVERSAL_UNCONFIRMED,1,0.45,SHORT,1,0,0,0
BNBUSDT,1773680400000,2026-03-16T17:00:00.000Z,BULL,SHORT,17.5,12.909375,IGNORE,0,WATCH,,0,0,0,NA,NA,NA,NA,NA,WARNING_SOFT,1,0,0,0,0,TREND_REVERSAL_UNCONFIRMED,1,0.45,SHORT,1,0,0,0
BNBUSDT,1773684000000,2026-03-16T18:00:00.000Z,BULL,SHORT,42.5,18.534375,IGNORE,0,WATCH,,0,0,0,NA,NA,NA,NA,NA,CLEAR,1,0,0,0,0,TREND_REVERSAL_UNCONFIRMED,2,0.45,SHORT,1,0,0,0
BNBUSDT,1773687600000,2026-03-16T19:00:00.000Z,BULL,SHORT,17.5,12.909375,IGNORE,0,WATCH,,0,0,0,NA,NA,NA,NA,NA,CLEAR,1,0,0,0,0,TREND_REVERSAL_UNCONFIRMED,1,0.45,SHORT,1,0,0,0
BNBUSDT,1773691200000,2026-03-16T20:00:00.000Z,BULL,SHORT,17.5,12.909375,IGNORE,0,WATCH,,0,0,0,NA,NA,NA,NA,NA,WARNING_SOFT,1,0,0,0,0,TREND_REVERSAL_UNCONFIRMED,1,0.45,SHORT,1,0,0,0
BNBUSDT,1773694800000,2026-03-16T21:00:00.000Z,BULL,SHORT,17.5,12.909375,IGNORE,0,WATCH,,0,0,0,NA,NA,NA,NA,NA,WARNING_SOFT,1,0,0,0,0,TREND_REVERSAL_UNCONFIRMED,1,0.45,SHORT,1,0,0,0
BNBUSDT,1773698400000,2026-03-16T22:00:00.000Z,BULL,SHORT,17.5,12.909375,IGNORE,0,WATCH,,0,0,0,NA,NA,NA,NA,NA,CLEAR,1,0,0,0,0,TREND_REVERSAL_UNCONFIRMED,1,0.45,SHORT,1,0,0,0
BNBUSDT,1773702000000,2026-03-16T23:00:00.000Z,BULL,SHORT,42.5,18.534375,IGNORE,0,WATCH,,0,0,0,NA,NA,NA,NA,NA,CLEAR,1,0,0,0,0,TREND_REVERSAL_UNCONFIRMED,2,0.45,SHORT,1,0,0,0
BNBUSDT,1773705600000,2026-03-17T00:00:00.000Z,BULL,SHORT,31.68726425717707,17.682872060252695,IGNORE,0,WATCH,,0,0,0,NA,NA,NA,NA,NA,CLEAR,1,0,0,0,0,TREND_REVERSAL_UNCONFIRMED,2,0.45,SHORT,1,0,0,0
BNBUSDT,1773709200000,2026-03-17T01:00:00.000Z,BULL,SHORT,33.94219083258173,17.86044752806581,IGNORE,0,WATCH,,0,0,0,NA,NA,NA,NA,NA,CLEAR,1,0,0,0,0,TREND_REVERSAL_UNCONFIRMED,2,0.45,SHORT,1,0,0,0
BNBUSDT,1773712800000,2026-03-17T02:00:00.000Z,BULL,SHORT,17.5,12.909375,IGNORE,0,WATCH,,0,0,0,NA,NA,NA,NA,NA,CLEAR,1,0,0,0,0,TREND_REVERSAL_UNCONFIRMED,1,0.45,SHORT,1,0,0,0
BNBUSDT,1773716400000,2026-03-17T03:00:00.000Z,NEUTRAL,NONE,0,7.875,IGNORE,0,WATCH,,0,0,0,NA,NA,NA,NA,NA,WARNING_SOFT,1,0,0,0,0,TREND_REVERSAL_UNCONFIRMED,0,0.45,NONE,1,0,0,0
BNBUSDT,1773720000000,2026-03-17T04:00:00.000Z,NEUTRAL,NONE,0,7.875,IGNORE,0,WATCH,,0,0,0,NA,NA,NA,NA,NA,WARNING_SOFT,1,0,0,0,0,TREND_REVERSAL_UNCONFIRMED,0,0.45,NONE,1,0,0,0
BNBUSDT,1773723600000,2026-03-17T05:00:00.000Z,NEUTRAL,NONE,0,7.875,IGNORE,0,WATCH,,0,0,0,NA,NA,NA,NA,NA,WARNING_SOFT,1,0,0,0,0,TREND_REVERSAL_UNCONFIRMED,0,0.45,NONE,1,0,0,0
BNBUSDT,1773727200000,2026-03-17T06:00:00.000Z,NEUTRAL,NONE,0,7.875,IGNORE,0,WATCH,,0,0,0,NA,NA,NA,NA,NA,WARNING_SOFT,1,0,0,0,0,TREND_REVERSAL_UNCONFIRMED,0,0.45,NONE,1,0,0,0
BNBUSDT,1773730800000,2026-03-17T07:00:00.000Z,NEUTRAL,NONE,0,7.875,IGNORE,0,WATCH,,0,0,0,NA,NA,NA,NA,NA,WARNING_SOFT,1,0,0,0,0,TREND_REVERSAL_UNCONFIRMED,0,0.45,NONE,1,0,0,0
BNBUSDT,1773734400000,2026-03-17T08:00:00.000Z,NEUTRAL,NONE,0,7.875,IGNORE,0,WATCH,,0,0,0,NA,NA,NA,NA,NA,WARNING_SOFT,1,0,0,0,0,TREND_REVERSAL_UNCONFIRMED,0,0.45,NONE,1,0,0,0
BNBUSDT,1773738000000,2026-03-17T09:00:00.000Z,NEUTRAL,NONE,0,7.875,IGNORE,0,WATCH,,0,0,0,NA,NA,NA,NA,NA,BLOCK,0,0,0,0,0,TREND_REVERSAL_UNCONFIRMED,0,0.45,NONE,1,0,0,0
BNBUSDT,1773741600000,2026-03-17T10:00:00.000Z,NEUTRAL,NONE,0,7.875,IGNORE,0,WATCH,,0,0,0,NA,NA,NA,NA,NA,BLOCK,0,0,1,0,0,TREND_REVERSAL_UNCONFIRMED,0,0.45,NONE,1,0,0,0
BNBUSDT,1773745200000,2026-03-17T11:00:00.000Z,NEUTRAL,NONE,0,7.875,IGNORE,0,WATCH,,0,0,0,NA,NA,NA,NA,NA,BLOCK,0,0,0,0,0,TREND_REVERSAL_UNCONFIRMED,0,0.45,NONE,1,0,0,0
BNBUSDT,1773748800000,2026-03-17T12:00:00.000Z,NEUTRAL,NONE,0,7.875,IGNORE,0,WATCH,,0,0,0,NA,NA,NA,NA,NA,WARNING_SOFT,1,0,0,0,0,TREND_REVERSAL_UNCONFIRMED,0,0.45,NONE,1,0,0,0
BNBUSDT,1773752400000,2026-03-17T13:00:00.000Z,NEUTRAL,NONE,0,7.875,IGNORE,0,WATCH,,0,0,0,NA,NA,NA,NA,NA,WARNING_SOFT,1,0,0,0,0,TREND_REVERSAL_UNCONFIRMED,0,0.45,NONE,1,0,0,0
BNBUSDT,1773756000000,2026-03-17T14:00:00.000Z,NEUTRAL,NONE,0,7.875,IGNORE,0,WATCH,,0,0,0,NA,NA,NA,NA,NA,WARNING_SOFT,1,0,0,0,0,TREND_REVERSAL_UNCONFIRMED,0,0.45,NONE,1,0,0,0
BNBUSDT,1773759600000,2026-03-17T15:00:00.000Z,NEUTRAL,NONE,0,7.875,IGNORE,0,WATCH,,0,0,0,NA,NA,NA,NA,NA,BLOCK,0,0,0,0,0,TREND_REVERSAL_UNCONFIRMED,0,0.45,NONE,1,0,0,0
BNBUSDT,1773763200000,2026-03-17T16:00:00.000Z,NEUTRAL,NONE,0,7.875,IGNORE,0,WATCH,,0,0,0,NA,NA,NA,NA,NA,WARNING_SOFT,1,0,0,0,0,TREND_REVERSAL_UNCONFIRMED,0,0.45,NONE,1,0,0,0
BNBUSDT,1773766800000,2026-03-17T17:00:00.000Z,BULL,SHORT,25,13.5,IGNORE,0,WATCH,,0,0,0,NA,NA,NA,NA,NA,CLEAR,1,0,0,0,0,TREND_REVERSAL_UNCONFIRMED,1,0.45,SHORT,1,0,0,0
BNBUSDT,1773770400000,2026-03-17T18:00:00.000Z,BULL,SHORT,0,7.875,IGNORE,0,WATCH,,0,0,0,NA,NA,NA,NA,NA,CLEAR,1,0,0,0,0,TREND_REVERSAL_UNCONFIRMED,0,0.45,SHORT,1,0,0,0
BNBUSDT,1773774000000,2026-03-17T19:00:00.000Z,NEUTRAL,NONE,0,7.875,IGNORE,0,WATCH,,0,0,0,NA,NA,NA,NA,NA,WARNING_SOFT,1,0,0,0,0,TREND_REVERSAL_UNCONFIRMED,0,0.45,NONE,1,0,0,0
BNBUSDT,1773777600000,2026-03-17T20:00:00.000Z,NEUTRAL,NONE,0,7.875,IGNORE,0,WATCH,,0,0,0,NA,NA,NA,NA,NA,WARNING_SOFT,1,0,0,0,0,TREND_REVERSAL_UNCONFIRMED,0,0.45,NONE,1,0,0,0
BNBUSDT,1773781200000,2026-03-17T21:00:00.000Z,BULL,SHORT,17.5,12.909375,IGNORE,0,WATCH,,0,0,0,NA,NA,NA,NA,NA,CLEAR,1,0,0,0,0,TREND_REVERSAL_UNCONFIRMED,1,0.45,SHORT,1,0,0,0
BNBUSDT,1773784800000,2026-03-17T22:00:00.000Z,NEUTRAL,NONE,0,7.875,IGNORE,0,WATCH,,0,0,0,NA,NA,NA,NA,NA,WARNING_SOFT,1,0,0,0,0,TREND_REVERSAL_UNCONFIRMED,0,0.45,NONE,1,0,0,0
BNBUSDT,1773788400000,2026-03-17T23:00:00.000Z,NEUTRAL,NONE,0,7.875,IGNORE,0,WATCH,,0,0,0,NA,NA,NA,NA,NA,WARNING_SOFT,1,0,0,0,0,TREND_REVERSAL_UNCONFIRMED,0,0.45,NONE,1,0,0,0
BNBUSDT,1773792000000,2026-03-18T00:00:00.000Z,BEAR,LONG,0,7.875,IGNORE,0,WATCH,,0,0,0,NA,NA,NA,NA,NA,CLEAR,1,0,0,0,0,TREND_REVERSAL_UNCONFIRMED,0,0.45,LONG,1,0,0,0
BNBUSDT,1773795600000,2026-03-18T01:00:00.000Z,BEAR,LONG,0,7.875,IGNORE,0,WATCH,,0,0,0,NA,NA,NA,NA,NA,CLEAR,1,0,0,0,0,TREND_REVERSAL_UNCONFIRMED,0,0.45,LONG,1,0,0,0
BNBUSDT,1773799200000,2026-03-18T02:00:00.000Z,NEUTRAL,NONE,0,7.875,IGNORE,0,WATCH,,0,0,0,NA,NA,NA,NA,NA,WARNING_SOFT,1,0,0,0,0,TREND_REVERSAL_UNCONFIRMED,0,0.45,NONE,1,0,0,0
BNBUSDT,1773802800000,2026-03-18T03:00:00.000Z,NEUTRAL,NONE,0,7.875,IGNORE,0,WATCH,,0,0,0,NA,NA,NA,NA,NA,CLEAR,1,0,0,0,0,TREND_REVERSAL_UNCONFIRMED,0,0.45,NONE,1,0,0,0
BNBUSDT,1773806400000,2026-03-18T04:00:00.000Z,NEUTRAL,NONE,0,7.875,IGNORE,0,WATCH,,0,0,0,NA,NA,NA,NA,NA,WARNING_HARD,1,0,0,0,0,TREND_REVERSAL_UNCONFIRMED,0,0.45,NONE,1,0,0,0
BNBUSDT,1773810000000,2026-03-18T05:00:00.000Z,BEAR,LONG,17.5,12.909375,IGNORE,0,WATCH,,0,0,0,NA,NA,NA,NA,NA,WARNING_SOFT,1,0,0,0,0,TREND_REVERSAL_UNCONFIRMED,1,0.45,LONG,1,0,0,0
BNBUSDT,1773813600000,2026-03-18T06:00:00.000Z,BULL,SHORT,0,7.875,IGNORE,0,WATCH,,0,0,0,NA,NA,NA,NA,NA,WARNING_HARD,1,0,0,0,0,TREND_REVERSAL_UNCONFIRMED,0,0.45,SHORT,1,0,0,0
BNBUSDT,1773817200000,2026-03-18T07:00:00.000Z,BULL,SHORT,0,7.875,IGNORE,0,WATCH,,0,0,0,NA,NA,NA,NA,NA,WARNING_SOFT,1,0,0,0,0,TREND_REVERSAL_UNCONFIRMED,0,0.45,SHORT,1,0,0,0
BNBUSDT,1773820800000,2026-03-18T08:00:00.000Z,BULL,SHORT,0,7.875,IGNORE,0,WATCH,,0,0,0,NA,NA,NA,NA,NA,WARNING_HARD,1,0,0,0,0,TREND_REVERSAL_UNCONFIRMED,0,0.45,SHORT,1,0,0,0
BNBUSDT,1773824400000,2026-03-18T09:00:00.000Z,BULL,SHORT,0,7.875,IGNORE,0,WATCH,,0,0,0,NA,NA,NA,NA,NA,CLEAR,1,0,0,0,0,TREND_REVERSAL_UNCONFIRMED,0,0.45,SHORT,1,0,0,0
BNBUSDT,1773828000000,2026-03-18T10:00:00.000Z,NEUTRAL,NONE,0,7.875,IGNORE,0,WATCH,,0,0,0,NA,NA,NA,NA,NA,WARNING_SOFT,1,0,0,0,0,TREND_REVERSAL_UNCONFIRMED,0,0.45,NONE,1,0,0,0
BNBUSDT,1773831600000,2026-03-18T11:00:00.000Z,BEAR,LONG,42.5,18.534375,IGNORE,0,WATCH,,0,0,0,NA,NA,NA,NA,NA,CLEAR,1,0,0,0,0,TREND_REVERSAL_UNCONFIRMED,2,0.45,LONG,1,0,0,0
BNBUSDT,1773835200000,2026-03-18T12:00:00.000Z,BEAR,LONG,42.5,18.534375,IGNORE,0,WATCH,,0,0,0,NA,NA,NA,NA,NA,CLEAR,1,0,1,0,0,TREND_REVERSAL_UNCONFIRMED,2,0.45,LONG,1,0,0,0
BNBUSDT,1773838800000,2026-03-18T13:00:00.000Z,BEAR,LONG,64.50830130723074,61.87772029216292,WATCH,1,ACTIVE,ACTIVE,1,1,1,PASS,PASS,SKIP,SKIP,PASS,CLEAR,1,0,0,0,1,,3,0.84,LONG,0,1,0,0
BNBUSDT,1773842400000,2026-03-18T14:00:00.000Z,BEAR,LONG,57.43055555555556,60.83729166666667,WATCH,1,ACTIVE,ACTIVE,1,1,1,PASS,PASS,SKIP,SKIP,PASS,CLEAR,1,0,0,0,1,,3,0.84,LONG,0,1,0,0
BNBUSDT,1773846000000,2026-03-18T15:00:00.000Z,BEAR,LONG,55.34722222222222,60.53104166666666,WATCH,1,ACTIVE,ACTIVE,1,1,1,PASS,PASS,SKIP,SKIP,PASS,CLEAR,1,0,0,0,1,,3,0.84,LONG,0,1,0,0
BNBUSDT,1773849600000,2026-03-18T16:00:00.000Z,BEAR,LONG,46.69472999619801,22.520959987200595,IGNORE,0,WATCH,,0,0,0,NA,NA,NA,NA,NA,CLEAR,1,0,0,0,0,TREND_REVERSAL_UNCONFIRMED,3,0.45,LONG,1,0,0,0
BNBUSDT,1773853200000,2026-03-18T17:00:00.000Z,BEAR,LONG,32.24807321245107,17.727035765480522,IGNORE,0,WATCH,,0,0,0,NA,NA,NA,NA,NA,CLEAR,1,0,0,0,0,TREND_REVERSAL_UNCONFIRMED,2,0.45,LONG,1,0,0,0
BNBUSDT,1773856800000,2026-03-18T18:00:00.000Z,BEAR,LONG,12.51195764333918,12.516566664412961,IGNORE,0,WATCH,,0,0,0,NA,NA,NA,NA,NA,CLEAR,1,0,0,0,0,TREND_REVERSAL_UNCONFIRMED,1,0.45,LONG,1,0,0,0
BNBUSDT,1773860400000,2026-03-18T19:00:00.000Z,BEAR,LONG,0,7.875,IGNORE,0,WATCH,,0,0,0,NA,NA,NA,NA,NA,CLEAR,1,0,0,0,0,TREND_REVERSAL_UNCONFIRMED,0,0.45,LONG,1,0,0,0
BNBUSDT,1773864000000,2026-03-18T20:00:00.000Z,BEAR,LONG,0,7.875,IGNORE,0,WATCH,,0,0,0,NA,NA,NA,NA,NA,CLEAR,1,0,0,0,0,TREND_REVERSAL_UNCONFIRMED,0,0.45,LONG,1,0,0,0
BNBUSDT,1773867600000,2026-03-18T21:00:00.000Z,BEAR,LONG,25,13.5,IGNORE,0,WATCH,,0,0,0,NA,NA,NA,NA,NA,CLEAR,1,0,0,0,0,TREND_REVERSAL_UNCONFIRMED,1,0.45,LONG,1,0,0,0
BNBUSDT,1773871200000,2026-03-18T22:00:00.000Z,BEAR,LONG,0,7.875,IGNORE,0,WATCH,,0,0,0,NA,NA,NA,NA,NA,CLEAR,1,0,0,0,0,TREND_REVERSAL_UNCONFIRMED,0,0.45,LONG,1,0,0,0
BNBUSDT,1773874800000,2026-03-18T23:00:00.000Z,BEAR,LONG,0,7.875,IGNORE,0,WATCH,,0,0,0,NA,NA,NA,NA,NA,CLEAR,1,0,0,0,0,TREND_REVERSAL_UNCONFIRMED,0,0.45,LONG,1,0,0,0
BNBUSDT,1773878400000,2026-03-19T00:00:00.000Z,BEAR,LONG,0,7.875,IGNORE,0,WATCH,,0,0,0,NA,NA,NA,NA,NA,CLEAR,1,0,0,0,0,TREND_REVERSAL_UNCONFIRMED,0,0.45,LONG,1,0,0,0
BNBUSDT,1773882000000,2026-03-19T01:00:00.000Z,BEAR,LONG,0,7.875,IGNORE,0,WATCH,,0,0,0,NA,NA,NA,NA,NA,CLEAR,1,0,0,0,0,TREND_REVERSAL_UNCONFIRMED,0,0.45,LONG,1,0,0,0
BNBUSDT,1773885600000,2026-03-19T02:00:00.000Z,BEAR,LONG,0,7.875,IGNORE,0,WATCH,,0,0,0,NA,NA,NA,NA,NA,CLEAR,1,0,0,0,0,TREND_REVERSAL_UNCONFIRMED,0,0.45,LONG,1,0,0,0
BNBUSDT,1773889200000,2026-03-19T03:00:00.000Z,BEAR,LONG,25,13.5,IGNORE,0,WATCH,,0,0,0,NA,NA,NA,NA,NA,BLOCK,0,0,0,0,0,TREND_REVERSAL_UNCONFIRMED,1,0.45,LONG,1,0,0,0
BNBUSDT,1773892800000,2026-03-19T04:00:00.000Z,BEAR,LONG,0,7.875,IGNORE,0,WATCH,,0,0,0,NA,NA,NA,NA,NA,WARNING_SOFT,1,0,0,0,0,TREND_REVERSAL_UNCONFIRMED,0,0.45,LONG,1,0,0,0
BNBUSDT,1773896400000,2026-03-19T05:00:00.000Z,BEAR,LONG,0,7.875,IGNORE,0,WATCH,,0,0,0,NA,NA,NA,NA,NA,CLEAR,1,0,0,0,0,TREND_REVERSAL_UNCONFIRMED,0,0.45,LONG,1,0,0,0
BNBUSDT,1773900000000,2026-03-19T06:00:00.000Z,BEAR,LONG,0,7.875,IGNORE,0,WATCH,,0,0,0,NA,NA,NA,NA,NA,CLEAR,1,0,0,0,0,TREND_REVERSAL_UNCONFIRMED,0,0.45,LONG,1,0,0,0
BNBUSDT,1773903600000,2026-03-19T07:00:00.000Z,BEAR,LONG,25,13.5,IGNORE,0,WATCH,,0,0,0,NA,NA,NA,NA,NA,CLEAR,1,0,0,0,0,TREND_REVERSAL_UNCONFIRMED,1,0.45,LONG,1,0,0,0
BNBUSDT,1773907200000,2026-03-19T08:00:00.000Z,BEAR,LONG,16.666666666666664,12.84375,IGNORE,0,WATCH,,0,0,0,NA,NA,NA,NA,NA,CLEAR,1,0,0,0,0,TREND_REVERSAL_UNCONFIRMED,1,0.45,LONG,1,0,0,0
BNBUSDT,1773910800000,2026-03-19T09:00:00.000Z,BEAR,LONG,0,7.875,IGNORE,0,WATCH,,0,0,0,NA,NA,NA,NA,NA,CLEAR,1,0,0,0,0,TREND_REVERSAL_UNCONFIRMED,0,0.45,LONG,1,0,0,0
BNBUSDT,1773914400000,2026-03-19T10:00:00.000Z,BEAR,LONG,0,7.875,IGNORE,0,WATCH,,0,0,0,NA,NA,NA,NA,NA,CLEAR,1,0,0,0,0,TREND_REVERSAL_UNCONFIRMED,0,0.45,LONG,1,0,0,0
BNBUSDT,1773918000000,2026-03-19T11:00:00.000Z,BEAR,LONG,12.847222222222221,12.54296875,IGNORE,0,WATCH,,0,0,0,NA,NA,NA,NA,NA,CLEAR,1,0,0,0,0,TREND_REVERSAL_UNCONFIRMED,1,0.45,LONG,1,0,0,0
BNBUSDT,1773921600000,2026-03-19T12:00:00.000Z,BEAR,LONG,18.14439225801167,12.960120890318418,IGNORE,0,WATCH,,0,0,0,NA,NA,NA,NA,NA,CLEAR,1,0,0,0,0,TREND_REVERSAL_UNCONFIRMED,1,0.45,LONG,1,0,0,0
BNBUSDT,1773925200000,2026-03-19T13:00:00.000Z,BEAR,LONG,25,13.5,IGNORE,0,WATCH,,0,0,0,NA,NA,NA,NA,NA,CLEAR,1,0,0,0,0,TREND_REVERSAL_UNCONFIRMED,1,0.45,LONG,1,0,0,0
BNBUSDT,1773928800000,2026-03-19T14:00:00.000Z,BEAR,LONG,14.322892688462224,12.6591777992164,IGNORE,0,WATCH,,0,0,0,NA,NA,NA,NA,NA,CLEAR,1,0,0,0,0,TREND_REVERSAL_UNCONFIRMED,1,0.45,LONG,1,0,0,0
BNBUSDT,1773932400000,2026-03-19T15:00:00.000Z,BEAR,LONG,16.132419890076385,12.801678066343515,IGNORE,0,WATCH,,0,0,0,NA,NA,NA,NA,NA,CLEAR,1,0,0,0,0,TREND_REVERSAL_UNCONFIRMED,1,0.45,LONG,1,0,0,0
BNBUSDT,1773936000000,2026-03-19T16:00:00.000Z,BEAR,LONG,25,13.5,IGNORE,0,WATCH,,0,0,0,NA,NA,NA,NA,NA,CLEAR,1,0,0,0,0,TREND_REVERSAL_UNCONFIRMED,1,0.45,LONG,1,0,0,0
BNBUSDT,1773939600000,2026-03-19T17:00:00.000Z,BEAR,LONG,0,7.875,IGNORE,0,WATCH,,0,0,0,NA,NA,NA,NA,NA,CLEAR,1,0,0,0,0,TREND_REVERSAL_UNCONFIRMED,0,0.45,LONG,1,0,0,0
BNBUSDT,1773943200000,2026-03-19T18:00:00.000Z,BEAR,LONG,0,7.875,IGNORE,0,WATCH,,0,0,0,NA,NA,NA,NA,NA,CLEAR,1,0,0,0,0,TREND_REVERSAL_UNCONFIRMED,0,0.45,LONG,1,0,0,0
BNBUSDT,1773946800000,2026-03-19T19:00:00.000Z,BEAR,LONG,25,13.5,IGNORE,0,WATCH,,0,0,0,NA,NA,NA,NA,NA,WARNING_SOFT,1,1,0,1,0,TREND_REVERSAL_UNCONFIRMED,1,0.45,LONG,1,0,0,0
BNBUSDT,1773950400000,2026-03-19T20:00:00.000Z,BEAR,LONG,0,7.875,IGNORE,0,WATCH,,0,0,0,NA,NA,NA,NA,NA,WARNING_SOFT,1,0,0,0,0,TREND_REVERSAL_UNCONFIRMED,0,0.45,LONG,1,0,0,0
BNBUSDT,1773954000000,2026-03-19T21:00:00.000Z,BEAR,LONG,0,7.875,IGNORE,0,WATCH,,0,0,0,NA,NA,NA,NA,NA,WARNING_SOFT,1,0,0,0,0,TREND_REVERSAL_UNCONFIRMED,0,0.45,LONG,1,0,0,0
BNBUSDT,1773957600000,2026-03-19T22:00:00.000Z,BEAR,LONG,0,7.875,IGNORE,0,WATCH,,0,0,0,NA,NA,NA,NA,NA,WARNING_SOFT,1,0,0,0,0,TREND_REVERSAL_UNCONFIRMED,0,0.45,LONG,1,0,0,0
BNBUSDT,1773961200000,2026-03-19T23:00:00.000Z,BEAR,LONG,25,13.5,IGNORE,0,WATCH,,0,0,0,NA,NA,NA,NA,NA,CLEAR,1,0,0,0,0,TREND_REVERSAL_UNCONFIRMED,1,0.45,LONG,1,0,0,0
BNBUSDT,1773964800000,2026-03-20T00:00:00.000Z,BEAR,LONG,0,7.875,IGNORE,0,WATCH,,0,0,0,NA,NA,NA,NA,NA,CLEAR,1,0,0,0,0,TREND_REVERSAL_UNCONFIRMED,0,0.45,LONG,1,0,0,0
BNBUSDT,1773968400000,2026-03-20T01:00:00.000Z,BEAR,LONG,0,7.875,IGNORE,0,WATCH,,0,0,0,NA,NA,NA,NA,NA,WARNING_SOFT,1,0,0,0,0,TREND_REVERSAL_UNCONFIRMED,0,0.45,LONG,1,0,0,0
BNBUSDT,1773972000000,2026-03-20T02:00:00.000Z,BEAR,LONG,17.5,12.909375,IGNORE,0,WATCH,,0,0,0,NA,NA,NA,NA,NA,WARNING_SOFT,1,0,0,0,0,TREND_REVERSAL_UNCONFIRMED,1,0.45,LONG,1,0,0,0
BNBUSDT,1773975600000,2026-03-20T03:00:00.000Z,NEUTRAL,NONE,0,7.875,IGNORE,0,WATCH,,0,0,0,NA,NA,NA,NA,NA,CLEAR,1,0,0,0,0,TREND_REVERSAL_UNCONFIRMED,0,0.45,NONE,1,0,0,0
BNBUSDT,1773979200000,2026-03-20T04:00:00.000Z,NEUTRAL,NONE,0,7.875,IGNORE,0,WATCH,,0,0,0,NA,NA,NA,NA,NA,CLEAR,1,0,0,0,0,TREND_REVERSAL_UNCONFIRMED,0,0.45,NONE,1,0,0,0
BNBUSDT,1773982800000,2026-03-20T05:00:00.000Z,NEUTRAL,NONE,0,7.875,IGNORE,0,WATCH,,0,0,0,NA,NA,NA,NA,NA,CLEAR,1,0,0,0,0,TREND_REVERSAL_UNCONFIRMED,0,0.45,NONE,1,0,0,0
BNBUSDT,1773986400000,2026-03-20T06:00:00.000Z,BEAR,LONG,42.5,18.534375,IGNORE,0,WATCH,,0,0,0,NA,NA,NA,NA,NA,WARNING_SOFT,1,0,0,0,0,TREND_REVERSAL_UNCONFIRMED,2,0.45,LONG,1,0,0,0
BNBUSDT,1773990000000,2026-03-20T07:00:00.000Z,NEUTRAL,NONE,0,7.875,IGNORE,0,WATCH,,0,0,0,NA,NA,NA,NA,NA,BLOCK,0,0,0,0,0,TREND_REVERSAL_UNCONFIRMED,0,0.45,NONE,1,0,0,0
BNBUSDT,1773993600000,2026-03-20T08:00:00.000Z,NEUTRAL,NONE,0,7.875,IGNORE,0,WATCH,,0,0,0,NA,NA,NA,NA,NA,CLEAR,1,0,0,0,0,TREND_REVERSAL_UNCONFIRMED,0,0.45,NONE,1,0,0,0
BNBUSDT,1773997200000,2026-03-20T09:00:00.000Z,BEAR,LONG,17.5,12.909375,IGNORE,0,WATCH,,0,0,0,NA,NA,NA,NA,NA,BLOCK,0,0,0,0,0,TREND_REVERSAL_UNCONFIRMED,1,0.45,LONG,1,0,0,0
BNBUSDT,1774000800000,2026-03-20T10:00:00.000Z,NEUTRAL,NONE,0,7.875,IGNORE,0,WATCH,,0,0,0,NA,NA,NA,NA,NA,WARNING_SOFT,1,0,0,0,0,TREND_REVERSAL_UNCONFIRMED,0,0.45,NONE,1,0,0,0
BNBUSDT,1774004400000,2026-03-20T11:00:00.000Z,BEAR,LONG,17.5,12.909375,IGNORE,0,WATCH,,0,0,0,NA,NA,NA,NA,NA,WARNING_SOFT,1,0,0,0,0,TREND_REVERSAL_UNCONFIRMED,1,0.45,LONG,1,0,0,0
BNBUSDT,1774008000000,2026-03-20T12:00:00.000Z,BEAR,LONG,17.5,12.909375,IGNORE,0,WATCH,,0,0,0,NA,NA,NA,NA,NA,CLEAR,1,0,0,0,0,TREND_REVERSAL_UNCONFIRMED,1,0.45,LONG,1,0,0,0
BNBUSDT,1774011600000,2026-03-20T13:00:00.000Z,BEAR,LONG,42.5,18.534375,IGNORE,0,WATCH,,0,0,0,NA,NA,NA,NA,NA,CLEAR,1,0,0,0,0,TREND_REVERSAL_UNCONFIRMED,2,0.45,LONG,1,0,0,0
BNBUSDT,1774015200000,2026-03-20T14:00:00.000Z,BEAR,LONG,42.5,18.534375,IGNORE,0,WATCH,,0,0,0,NA,NA,NA,NA,NA,CLEAR,1,0,0,0,0,TREND_REVERSAL_UNCONFIRMED,2,0.45,LONG,1,0,0,0
BNBUSDT,1774018800000,2026-03-20T15:00:00.000Z,BEAR,LONG,41.00076915959253,18.41631057131791,IGNORE,0,WATCH,,0,0,0,NA,NA,NA,NA,NA,CLEAR,1,0,0,0,0,TREND_REVERSAL_UNCONFIRMED,2,0.45,LONG,1,0,0,0
BNBUSDT,1774022400000,2026-03-20T16:00:00.000Z,BEAR,LONG,17.5,12.909375,IGNORE,0,WATCH,,0,0,0,NA,NA,NA,NA,NA,WARNING_SOFT,1,0,0,0,0,TREND_REVERSAL_UNCONFIRMED,1,0.45,LONG,1,0,0,0
BNBUSDT,1774026000000,2026-03-20T17:00:00.000Z,BEAR,LONG,0,7.875,IGNORE,0,WATCH,,0,0,0,NA,NA,NA,NA,NA,CLEAR,1,0,0,0,0,TREND_REVERSAL_UNCONFIRMED,0,0.45,LONG,1,0,0,0
BNBUSDT,1774029600000,2026-03-20T18:00:00.000Z,BEAR,LONG,0,7.875,IGNORE,0,WATCH,,0,0,0,NA,NA,NA,NA,NA,CLEAR,1,0,0,0,0,TREND_REVERSAL_UNCONFIRMED,0,0.45,LONG,1,0,0,0
BNBUSDT,1774033200000,2026-03-20T19:00:00.000Z,BEAR,LONG,0,7.875,IGNORE,0,WATCH,,0,0,0,NA,NA,NA,NA,NA,CLEAR,1,0,0,0,0,TREND_REVERSAL_UNCONFIRMED,0,0.45,LONG,1,0,0,0
BNBUSDT,1774036800000,2026-03-20T20:00:00.000Z,BEAR,LONG,0,7.875,IGNORE,0,WATCH,,0,0,0,NA,NA,NA,NA,NA,CLEAR,1,0,0,0,0,TREND_REVERSAL_UNCONFIRMED,0,0.45,LONG,1,0,0,0
BNBUSDT,1774040400000,2026-03-20T21:00:00.000Z,NEUTRAL,NONE,0,7.875,IGNORE,0,WATCH,,0,0,0,NA,NA,NA,NA,NA,CLEAR,1,0,0,0,0,TREND_REVERSAL_UNCONFIRMED,0,0.45,NONE,1,0,0,0
BNBUSDT,1774044000000,2026-03-20T22:00:00.000Z,NEUTRAL,NONE,0,7.875,IGNORE,0,WATCH,,0,0,0,NA,NA,NA,NA,NA,CLEAR,1,0,0,0,0,TREND_REVERSAL_UNCONFIRMED,0,0.45,NONE,1,0,0,0
BNBUSDT,1774047600000,2026-03-20T23:00:00.000Z,NEUTRAL,NONE,0,7.875,IGNORE,0,WATCH,,0,0,0,NA,NA,NA,NA,NA,CLEAR,1,0,0,0,0,TREND_REVERSAL_UNCONFIRMED,0,0.45,NONE,1,0,0,0
BNBUSDT,1774051200000,2026-03-21T00:00:00.000Z,NEUTRAL,NONE,0,7.875,IGNORE,0,WATCH,,0,0,0,NA,NA,NA,NA,NA,CLEAR,1,0,0,0,0,TREND_REVERSAL_UNCONFIRMED,0,0.45,NONE,1,0,0,0
BNBUSDT,1774054800000,2026-03-21T01:00:00.000Z,BEAR,LONG,0,7.875,IGNORE,0,WATCH,,0,0,0,NA,NA,NA,NA,NA,WARNING_SOFT,1,0,0,0,0,TREND_REVERSAL_UNCONFIRMED,0,0.45,LONG,1,0,0,0
BNBUSDT,1774058400000,2026-03-21T02:00:00.000Z,NEUTRAL,NONE,0,7.875,IGNORE,0,WATCH,,0,0,0,NA,NA,NA,NA,NA,WARNING_SOFT,1,0,0,0,0,TREND_REVERSAL_UNCONFIRMED,0,0.45,NONE,1,0,0,0
BNBUSDT,1774062000000,2026-03-21T03:00:00.000Z,NEUTRAL,NONE,0,7.875,IGNORE,0,WATCH,,0,0,0,NA,NA,NA,NA,NA,CLEAR,1,0,0,0,0,TREND_REVERSAL_UNCONFIRMED,0,0.45,NONE,1,0,0,0
BNBUSDT,1774065600000,2026-03-21T04:00:00.000Z,NEUTRAL,NONE,0,7.875,IGNORE,0,WATCH,,0,0,0,NA,NA,NA,NA,NA,CLEAR,1,0,0,0,0,TREND_REVERSAL_UNCONFIRMED,0,0.45,NONE,1,0,0,0
BNBUSDT,1774069200000,2026-03-21T05:00:00.000Z,NEUTRAL,NONE,0,7.875,IGNORE,0,WATCH,,0,0,0,NA,NA,NA,NA,NA,CLEAR,1,0,0,0,0,TREND_REVERSAL_UNCONFIRMED,0,0.45,NONE,1,0,0,0
BNBUSDT,1774072800000,2026-03-21T06:00:00.000Z,NEUTRAL,NONE,0,7.875,IGNORE,0,WATCH,,0,0,0,NA,NA,NA,NA,NA,CLEAR,1,0,0,0,0,TREND_REVERSAL_UNCONFIRMED,0,0.45,NONE,1,0,0,0
BNBUSDT,1774076400000,2026-03-21T07:00:00.000Z,NEUTRAL,NONE,0,7.875,IGNORE,0,WATCH,,0,0,0,NA,NA,NA,NA,NA,CLEAR,1,0,0,0,0,TREND_REVERSAL_UNCONFIRMED,0,0.45,NONE,1,0,0,0
BNBUSDT,1774080000000,2026-03-21T08:00:00.000Z,NEUTRAL,NONE,0,7.875,IGNORE,0,WATCH,,0,0,0,NA,NA,NA,NA,NA,WARNING_SOFT,1,0,0,0,0,TREND_REVERSAL_UNCONFIRMED,0,0.45,NONE,1,0,0,0
BNBUSDT,1774083600000,2026-03-21T09:00:00.000Z,NEUTRAL,NONE,0,7.875,IGNORE,0,WATCH,,0,0,0,NA,NA,NA,NA,NA,CLEAR,1,0,0,0,0,TREND_REVERSAL_UNCONFIRMED,0,0.45,NONE,1,0,0,0
BNBUSDT,1774087200000,2026-03-21T10:00:00.000Z,NEUTRAL,NONE,0,7.875,IGNORE,0,WATCH,,0,0,0,NA,NA,NA,NA,NA,CLEAR,1,0,0,0,0,TREND_REVERSAL_UNCONFIRMED,0,0.45,NONE,1,0,0,0
BNBUSDT,1774090800000,2026-03-21T11:00:00.000Z,NEUTRAL,NONE,0,7.875,IGNORE,0,WATCH,,0,0,0,NA,NA,NA,NA,NA,CLEAR,1,0,0,0,0,TREND_REVERSAL_UNCONFIRMED,0,0.45,NONE,1,0,0,0
BNBUSDT,1774094400000,2026-03-21T12:00:00.000Z,NEUTRAL,NONE,0,7.875,IGNORE,0,WATCH,,0,0,0,NA,NA,NA,NA,NA,CLEAR,1,0,0,0,0,TREND_REVERSAL_UNCONFIRMED,0,0.45,NONE,1,0,0,0
BNBUSDT,1774098000000,2026-03-21T13:00:00.000Z,NEUTRAL,NONE,0,7.875,IGNORE,0,WATCH,,0,0,0,NA,NA,NA,NA,NA,CLEAR,1,0,0,0,0,TREND_REVERSAL_UNCONFIRMED,0,0.45,NONE,1,0,0,0
BNBUSDT,1774101600000,2026-03-21T14:00:00.000Z,BEAR,LONG,42.5,18.534375,IGNORE,0,WATCH,,0,0,0,NA,NA,NA,NA,NA,BLOCK,0,0,0,0,0,TREND_REVERSAL_UNCONFIRMED,2,0.45,LONG,1,0,0,0
BNBUSDT,1774105200000,2026-03-21T15:00:00.000Z,NEUTRAL,NONE,0,7.875,IGNORE,0,WATCH,,0,0,0,NA,NA,NA,NA,NA,WARNING_SOFT,1,0,0,0,0,TREND_REVERSAL_UNCONFIRMED,0,0.45,NONE,1,0,0,0
BNBUSDT,1774108800000,2026-03-21T16:00:00.000Z,BEAR,LONG,30.483957425309566,17.58811164724313,IGNORE,0,WATCH,,0,0,0,NA,NA,NA,NA,NA,CLEAR,1,0,0,0,0,TREND_REVERSAL_UNCONFIRMED,2,0.45,LONG,1,0,0,0
BNBUSDT,1774112400000,2026-03-21T17:00:00.000Z,BEAR,LONG,17.5,12.909375,IGNORE,0,WATCH,,0,0,0,NA,NA,NA,NA,NA,CLEAR,1,0,0,0,0,TREND_REVERSAL_UNCONFIRMED,1,0.45,LONG,1,0,0,0
BNBUSDT,1774116000000,2026-03-21T18:00:00.000Z,BEAR,LONG,17.5,12.909375,IGNORE,0,WATCH,,0,0,0,NA,NA,NA,NA,NA,CLEAR,1,0,0,0,0,TREND_REVERSAL_UNCONFIRMED,1,0.45,LONG,1,0,0,0
BNBUSDT,1774119600000,2026-03-21T19:00:00.000Z,BEAR,LONG,17.5,12.909375,IGNORE,0,WATCH,,0,0,0,NA,NA,NA,NA,NA,CLEAR,1,0,0,0,0,TREND_REVERSAL_UNCONFIRMED,1,0.45,LONG,1,0,0,0
BNBUSDT,1774123200000,2026-03-21T20:00:00.000Z,NEUTRAL,NONE,0,7.875,IGNORE,0,WATCH,,0,0,0,NA,NA,NA,NA,NA,WARNING_SOFT,1,0,0,0,0,TREND_REVERSAL_UNCONFIRMED,0,0.45,NONE,1,0,0,0
BNBUSDT,1774126800000,2026-03-21T21:00:00.000Z,BEAR,LONG,17.5,12.909375,IGNORE,0,WATCH,,0,0,0,NA,NA,NA,NA,NA,WARNING_SOFT,1,0,0,0,0,TREND_REVERSAL_UNCONFIRMED,1,0.45,LONG,1,0,0,0
BNBUSDT,1774130400000,2026-03-21T22:00:00.000Z,NEUTRAL,NONE,0,7.875,IGNORE,0,WATCH,,0,0,0,NA,NA,NA,NA,NA,WARNING_SOFT,1,0,0,0,0,TREND_REVERSAL_UNCONFIRMED,0,0.45,NONE,1,0,0,0
BNBUSDT,1774134000000,2026-03-21T23:00:00.000Z,BEAR,LONG,55.34722222222222,42.89104166666666,WATCH,1,WATCH,ACTIVE,1,1,0,FAIL,PASS,SKIP,SKIP,FAIL,CLEAR,1,0,0,0,0,MARKET_CONTEXT_DENIED,3,0.84,LONG,1,0,0,0
BNBUSDT,1774137600000,2026-03-22T00:00:00.000Z,BEAR,LONG,55.34722222222222,42.89104166666666,WATCH,1,WATCH,ACTIVE,1,1,0,FAIL,PASS,SKIP,SKIP,FAIL,CLEAR,1,0,0,0,0,MARKET_CONTEXT_DENIED,3,0.84,LONG,1,0,0,0
BNBUSDT,1774141200000,2026-03-22T01:00:00.000Z,BEAR,LONG,58.79753244296435,43.398237269115754,WATCH,1,WATCH,ACTIVE,1,1,0,FAIL,PASS,SKIP,SKIP,FAIL,CLEAR,1,0,0,0,0,MARKET_CONTEXT_DENIED,3,0.84,LONG,1,0,0,0
BNBUSDT,1774144800000,2026-03-22T02:00:00.000Z,BEAR,LONG,30.295357429580353,17.573259397579452,IGNORE,0,WATCH,,0,0,0,NA,NA,NA,NA,NA,CLEAR,1,0,0,0,0,TREND_REVERSAL_UNCONFIRMED,2,0.45,LONG,1,0,0,0
BNBUSDT,1774148400000,2026-03-22T03:00:00.000Z,BEAR,LONG,25,13.5,IGNORE,0,WATCH,,0,0,0,NA,NA,NA,NA,NA,CLEAR,1,1,0,1,0,TREND_REVERSAL_UNCONFIRMED,1,0.45,LONG,1,0,0,0
BNBUSDT,1774152000000,2026-03-22T04:00:00.000Z,BEAR,LONG,25,13.5,IGNORE,0,WATCH,,0,0,0,NA,NA,NA,NA,NA,CLEAR,1,0,0,0,0,TREND_REVERSAL_UNCONFIRMED,1,0.45,LONG,1,0,0,0
BNBUSDT,1774155600000,2026-03-22T05:00:00.000Z,BEAR,LONG,15.848566673023617,12.77932462550061,IGNORE,0,WATCH,,0,0,0,NA,NA,NA,NA,NA,CLEAR,1,0,0,0,0,TREND_REVERSAL_UNCONFIRMED,1,0.45,LONG,1,0,0,0
BNBUSDT,1774159200000,2026-03-22T06:00:00.000Z,BEAR,LONG,0,7.875,IGNORE,0,WATCH,,0,0,0,NA,NA,NA,NA,NA,CLEAR,1,0,0,0,0,TREND_REVERSAL_UNCONFIRMED,0,0.45,LONG,1,0,0,0
BNBUSDT,1774162800000,2026-03-22T07:00:00.000Z,BEAR,LONG,0,7.875,IGNORE,0,WATCH,,0,0,0,NA,NA,NA,NA,NA,CLEAR,1,0,0,0,0,TREND_REVERSAL_UNCONFIRMED,0,0.45,LONG,1,0,0,0
BNBUSDT,1774166400000,2026-03-22T08:00:00.000Z,BEAR,LONG,12.70981804737815,12.532148171231029,IGNORE,0,WATCH,,0,0,0,NA,NA,NA,NA,NA,CLEAR,1,0,0,0,0,TREND_REVERSAL_UNCONFIRMED,1,0.45,LONG,1,0,0,0
BNBUSDT,1774170000000,2026-03-22T09:00:00.000Z,BEAR,LONG,0,7.875,IGNORE,0,WATCH,,0,0,0,NA,NA,NA,NA,NA,CLEAR,1,0,0,0,0,TREND_REVERSAL_UNCONFIRMED,0,0.45,LONG,1,0,0,0
BNBUSDT,1774173600000,2026-03-22T10:00:00.000Z,BEAR,LONG,14.583333333333332,12.6796875,IGNORE,0,WATCH,,0,0,0,NA,NA,NA,NA,NA,CLEAR,1,0,0,0,0,TREND_REVERSAL_UNCONFIRMED,1,0.45,LONG,1,0,0,0
BNBUSDT,1774177200000,2026-03-22T11:00:00.000Z,BEAR,LONG,14.583333333333332,12.6796875,IGNORE,0,WATCH,,0,0,0,NA,NA,NA,NA,NA,CLEAR,1,0,0,0,0,TREND_REVERSAL_UNCONFIRMED,1,0.45,LONG,1,0,0,0
BNBUSDT,1774180800000,2026-03-22T12:00:00.000Z,BEAR,LONG,0,7.875,IGNORE,0,WATCH,,0,0,0,NA,NA,NA,NA,NA,CLEAR,1,0,0,0,0,TREND_REVERSAL_UNCONFIRMED,0,0.45,LONG,1,0,0,0
BNBUSDT,1774184400000,2026-03-22T13:00:00.000Z,BEAR,LONG,0,7.875,IGNORE,0,WATCH,,0,0,0,NA,NA,NA,NA,NA,CLEAR,1,0,0,0,0,TREND_REVERSAL_UNCONFIRMED,0,0.45,LONG,1,0,0,0
BNBUSDT,1774188000000,2026-03-22T14:00:00.000Z,BEAR,LONG,17.5,12.909375,IGNORE,0,WATCH,,0,0,0,NA,NA,NA,NA,NA,CLEAR,1,0,0,0,0,TREND_REVERSAL_UNCONFIRMED,1,0.45,LONG,1,0,0,0
BNBUSDT,1774191600000,2026-03-22T15:00:00.000Z,BEAR,LONG,17.5,12.909375,IGNORE,0,WATCH,,0,0,0,NA,NA,NA,NA,NA,CLEAR,1,0,0,0,0,TREND_REVERSAL_UNCONFIRMED,1,0.45,LONG,1,0,0,0
BNBUSDT,1774195200000,2026-03-22T16:00:00.000Z,BEAR,LONG,42.5,18.534375,IGNORE,0,WATCH,,0,0,0,NA,NA,NA,NA,NA,CLEAR,1,0,0,0,0,TREND_REVERSAL_UNCONFIRMED,2,0.45,LONG,1,0,0,0
BNBUSDT,1774198800000,2026-03-22T17:00:00.000Z,BEAR,LONG,17.5,12.909375,IGNORE,0,WATCH,,0,0,0,NA,NA,NA,NA,NA,WARNING_SOFT,1,0,0,0,0,TREND_REVERSAL_UNCONFIRMED,1,0.45,LONG,1,0,0,0
BNBUSDT,1774202400000,2026-03-22T18:00:00.000Z,BEAR,LONG,17.5,12.909375,IGNORE,0,WATCH,,0,0,0,NA,NA,NA,NA,NA,WARNING_SOFT,1,0,0,0,0,TREND_REVERSAL_UNCONFIRMED,1,0.45,LONG,1,0,0,0
BNBUSDT,1774206000000,2026-03-22T19:00:00.000Z,BEAR,LONG,17.5,12.909375,IGNORE,0,WATCH,,0,0,0,NA,NA,NA,NA,NA,CLEAR,1,0,0,0,0,TREND_REVERSAL_UNCONFIRMED,1,0.45,LONG,1,0,0,0
BNBUSDT,1774209600000,2026-03-22T20:00:00.000Z,BEAR,LONG,42.5,18.534375,IGNORE,0,WATCH,,0,0,0,NA,NA,NA,NA,NA,CLEAR,1,0,0,0,0,TREND_REVERSAL_UNCONFIRMED,2,0.45,LONG,1,0,0,0
BNBUSDT,1774213200000,2026-03-22T21:00:00.000Z,BEAR,LONG,41.471698481946504,18.453396255453285,IGNORE,0,WATCH,,0,0,0,NA,NA,NA,NA,NA,CLEAR,1,0,0,0,0,TREND_REVERSAL_UNCONFIRMED,2,0.45,LONG,1,0,0,0
BNBUSDT,1774216800000,2026-03-22T22:00:00.000Z,BEAR,LONG,17.5,12.909375,IGNORE,0,WATCH,,0,0,0,NA,NA,NA,NA,NA,CLEAR,1,0,0,0,0,TREND_REVERSAL_UNCONFIRMED,1,0.45,LONG,1,0,0,0
BNBUSDT,1774220400000,2026-03-22T23:00:00.000Z,BEAR,LONG,17.5,12.909375,IGNORE,0,WATCH,,0,0,0,NA,NA,NA,NA,NA,CLEAR,1,0,0,0,0,TREND_REVERSAL_UNCONFIRMED,1,0.45,LONG,1,0,0,0
BNBUSDT,1774224000000,2026-03-23T00:00:00.000Z,BEAR,LONG,15.655692845775903,12.764135811604852,IGNORE,0,WATCH,,0,0,0,NA,NA,NA,NA,NA,CLEAR,1,0,0,0,0,TREND_REVERSAL_UNCONFIRMED,1,0.45,LONG,1,0,0,0
BNBUSDT,1774227600000,2026-03-23T01:00:00.000Z,BEAR,LONG,41.3837829880861,18.44647291031178,IGNORE,0,WATCH,,0,0,0,NA,NA,NA,NA,NA,CLEAR,1,0,0,0,0,TREND_REVERSAL_UNCONFIRMED,2,0.45,LONG,1,0,0,0
BNBUSDT,1774231200000,2026-03-23T02:00:00.000Z,BEAR,LONG,0,7.875,IGNORE,0,WATCH,,0,0,0,NA,NA,NA,NA,NA,WARNING_SOFT,1,0,0,0,0,TREND_REVERSAL_UNCONFIRMED,0,0.45,LONG,1,0,0,0
BNBUSDT,1774234800000,2026-03-23T03:00:00.000Z,BEAR,LONG,0,7.875,IGNORE,0,WATCH,,0,0,0,NA,NA,NA,NA,NA,WARNING_SOFT,1,0,0,0,0,TREND_REVERSAL_UNCONFIRMED,0,0.45,LONG,1,0,0,0
BNBUSDT,1774238400000,2026-03-23T04:00:00.000Z,NEUTRAL,NONE,0,7.875,IGNORE,0,WATCH,,0,0,0,NA,NA,NA,NA,NA,WARNING_SOFT,1,0,0,0,0,TREND_REVERSAL_UNCONFIRMED,0,0.45,NONE,1,0,0,0
BNBUSDT,1774242000000,2026-03-23T05:00:00.000Z,NEUTRAL,NONE,0,7.875,IGNORE,0,WATCH,,0,0,0,NA,NA,NA,NA,NA,CLEAR,1,0,0,0,0,TREND_REVERSAL_UNCONFIRMED,0,0.45,NONE,1,0,0,0
BNBUSDT,1774245600000,2026-03-23T06:00:00.000Z,BEAR,LONG,25,13.5,IGNORE,0,WATCH,,0,0,0,NA,NA,NA,NA,NA,WARNING_SOFT,1,0,0,0,0,TREND_REVERSAL_UNCONFIRMED,1,0.45,LONG,1,0,0,0
BNBUSDT,1774249200000,2026-03-23T07:00:00.000Z,BEAR,LONG,44.80235983725392,18.715685837183745,IGNORE,0,WATCH,,0,0,0,NA,NA,NA,NA,NA,CLEAR,1,0,0,0,0,TREND_REVERSAL_UNCONFIRMED,2,0.45,LONG,1,0,0,0
BNBUSDT,1774252800000,2026-03-23T08:00:00.000Z,BEAR,LONG,0,7.875,IGNORE,0,WATCH,,0,0,0,NA,NA,NA,NA,NA,CLEAR,1,0,0,0,0,TREND_REVERSAL_UNCONFIRMED,0,0.45,LONG,1,0,0,0
BNBUSDT,1774256400000,2026-03-23T09:00:00.000Z,BEAR,LONG,13.846222382203655,12.621640012598538,IGNORE,0,WATCH,,0,0,0,NA,NA,NA,NA,NA,CLEAR,1,0,0,0,0,TREND_REVERSAL_UNCONFIRMED,1,0.45,LONG,1,0,0,0
BNBUSDT,1774260000000,2026-03-23T10:00:00.000Z,BEAR,LONG,0,7.875,IGNORE,0,WATCH,,0,0,0,NA,NA,NA,NA,NA,WARNING_SOFT,1,0,0,0,0,TREND_REVERSAL_UNCONFIRMED,0,0.45,LONG,1,0,0,0
BNBUSDT,1774263600000,2026-03-23T11:00:00.000Z,NEUTRAL,NONE,0,7.875,IGNORE,0,WATCH,,0,0,0,NA,NA,NA,NA,NA,CLEAR,1,0,0,0,0,TREND_REVERSAL_UNCONFIRMED,0,0.45,NONE,1,0,0,0
BNBUSDT,1774267200000,2026-03-23T12:00:00.000Z,NEUTRAL,NONE,0,7.875,IGNORE,0,WATCH,,0,0,0,NA,NA,NA,NA,NA,CLEAR,1,0,0,0,0,TREND_REVERSAL_UNCONFIRMED,0,0.45,NONE,1,0,0,0
BNBUSDT,1774270800000,2026-03-23T13:00:00.000Z,NEUTRAL,NONE,0,7.875,IGNORE,0,WATCH,,0,0,0,NA,NA,NA,NA,NA,CLEAR,1,0,0,0,0,TREND_REVERSAL_UNCONFIRMED,0,0.45,NONE,1,0,0,0
BNBUSDT,1774274400000,2026-03-23T14:00:00.000Z,NEUTRAL,NONE,0,7.875,IGNORE,0,WATCH,,0,0,0,NA,NA,NA,NA,NA,CLEAR,1,0,0,0,0,TREND_REVERSAL_UNCONFIRMED,0,0.45,NONE,1,0,0,0
BNBUSDT,1774278000000,2026-03-23T15:00:00.000Z,NEUTRAL,NONE,0,7.875,IGNORE,0,WATCH,,0,0,0,NA,NA,NA,NA,NA,CLEAR,1,0,0,0,0,TREND_REVERSAL_UNCONFIRMED,0,0.45,NONE,1,0,0,0
BNBUSDT,1774281600000,2026-03-23T16:00:00.000Z,NEUTRAL,NONE,0,7.875,IGNORE,0,WATCH,,0,0,0,NA,NA,NA,NA,NA,WARNING_SOFT,1,0,0,0,0,TREND_REVERSAL_UNCONFIRMED,0,0.45,NONE,1,0,0,0
BNBUSDT,1774285200000,2026-03-23T17:00:00.000Z,BULL,SHORT,12.70066692383421,12.531427520251945,IGNORE,0,WATCH,,0,0,0,NA,NA,NA,NA,NA,WARNING_SOFT,1,0,0,0,0,TREND_REVERSAL_UNCONFIRMED,1,0.45,SHORT,1,0,0,0
BNBUSDT,1774288800000,2026-03-23T18:00:00.000Z,BULL,SHORT,0,7.875,IGNORE,0,WATCH,,0,0,0,NA,NA,NA,NA,NA,WARNING_SOFT,1,0,0,0,0,TREND_REVERSAL_UNCONFIRMED,0,0.45,SHORT,1,0,0,0
BNBUSDT,1774292400000,2026-03-23T19:00:00.000Z,BULL,SHORT,0,7.875,IGNORE,0,WATCH,,0,0,0,NA,NA,NA,NA,NA,CLEAR,1,0,0,0,0,TREND_REVERSAL_UNCONFIRMED,0,0.45,SHORT,1,0,0,0
BNBUSDT,1774296000000,2026-03-23T20:00:00.000Z,BULL,SHORT,0,7.875,IGNORE,0,WATCH,,0,0,0,NA,NA,NA,NA,NA,CLEAR,1,0,0,0,0,TREND_REVERSAL_UNCONFIRMED,0,0.45,SHORT,1,0,0,0
BNBUSDT,1774299600000,2026-03-23T21:00:00.000Z,BULL,SHORT,0,7.875,IGNORE,0,WATCH,,0,0,0,NA,NA,NA,NA,NA,CLEAR,1,0,0,0,0,TREND_REVERSAL_UNCONFIRMED,0,0.45,SHORT,1,0,0,0
BNBUSDT,1774303200000,2026-03-23T22:00:00.000Z,BULL,SHORT,25,13.5,IGNORE,0,WATCH,,0,0,0,NA,NA,NA,NA,NA,CLEAR,1,0,0,0,0,TREND_REVERSAL_UNCONFIRMED,1,0.45,SHORT,1,0,0,0
BNBUSDT,1774306800000,2026-03-23T23:00:00.000Z,BULL,SHORT,0,7.875,IGNORE,0,WATCH,,0,0,0,NA,NA,NA,NA,NA,WARNING_SOFT,1,0,0,0,0,TREND_REVERSAL_UNCONFIRMED,0,0.45,SHORT,1,0,0,0
BNBUSDT,1774310400000,2026-03-24T00:00:00.000Z,BULL,SHORT,17.5,12.909375,IGNORE,0,WATCH,,0,0,0,NA,NA,NA,NA,NA,WARNING_SOFT,1,0,0,0,0,TREND_REVERSAL_UNCONFIRMED,1,0.45,SHORT,1,0,0,0
BNBUSDT,1774314000000,2026-03-24T01:00:00.000Z,NEUTRAL,NONE,0,7.875,IGNORE,0,WATCH,,0,0,0,NA,NA,NA,NA,NA,WARNING_SOFT,1,0,0,0,0,TREND_REVERSAL_UNCONFIRMED,0,0.45,NONE,1,0,0,0
BNBUSDT,1774317600000,2026-03-24T02:00:00.000Z,NEUTRAL,NONE,0,7.875,IGNORE,0,WATCH,,0,0,0,NA,NA,NA,NA,NA,WARNING_SOFT,1,0,0,0,0,TREND_REVERSAL_UNCONFIRMED,0,0.45,NONE,1,0,0,0
BNBUSDT,1774321200000,2026-03-24T03:00:00.000Z,NEUTRAL,NONE,0,7.875,IGNORE,0,WATCH,,0,0,0,NA,NA,NA,NA,NA,WARNING_SOFT,1,0,0,0,0,TREND_REVERSAL_UNCONFIRMED,0,0.45,NONE,1,0,0,0
BNBUSDT,1774324800000,2026-03-24T04:00:00.000Z,NEUTRAL,NONE,0,7.875,IGNORE,0,WATCH,,0,0,0,NA,NA,NA,NA,NA,BLOCK,0,0,0,0,0,TREND_REVERSAL_UNCONFIRMED,0,0.45,NONE,1,0,0,0
BNBUSDT,1774328400000,2026-03-24T05:00:00.000Z,BEAR,LONG,17.5,12.909375,IGNORE,0,WATCH,,0,0,0,NA,NA,NA,NA,NA,CLEAR,1,0,0,0,0,TREND_REVERSAL_UNCONFIRMED,1,0.45,LONG,1,0,0,0
BNBUSDT,1774332000000,2026-03-24T06:00:00.000Z,BEAR,LONG,42.5,18.534375,IGNORE,0,WATCH,,0,0,0,NA,NA,NA,NA,NA,WARNING_SOFT,1,0,0,0,0,TREND_REVERSAL_UNCONFIRMED,2,0.45,LONG,1,0,0,0
BNBUSDT,1774335600000,2026-03-24T07:00:00.000Z,NEUTRAL,NONE,0,7.875,IGNORE,0,WATCH,,0,0,0,NA,NA,NA,NA,NA,WARNING_SOFT,1,0,0,0,0,TREND_REVERSAL_UNCONFIRMED,0,0.45,NONE,1,0,0,0
BNBUSDT,1774339200000,2026-03-24T08:00:00.000Z,BULL,SHORT,42.5,18.534375,IGNORE,0,WATCH,,0,0,0,NA,NA,NA,NA,NA,CLEAR,1,0,0,0,0,TREND_REVERSAL_UNCONFIRMED,2,0.45,SHORT,1,0,0,0
BNBUSDT,1774342800000,2026-03-24T09:00:00.000Z,BULL,SHORT,17.5,12.909375,IGNORE,0,WATCH,,0,0,0,NA,NA,NA,NA,NA,CLEAR,1,0,0,0,0,TREND_REVERSAL_UNCONFIRMED,1,0.45,SHORT,1,0,0,0
BNBUSDT,1774346400000,2026-03-24T10:00:00.000Z,BULL,SHORT,17.5,12.909375,IGNORE,0,WATCH,,0,0,0,NA,NA,NA,NA,NA,CLEAR,1,0,0,0,0,TREND_REVERSAL_UNCONFIRMED,1,0.45,SHORT,1,0,0,0
BNBUSDT,1774350000000,2026-03-24T11:00:00.000Z,BULL,SHORT,17.5,12.909375,IGNORE,0,WATCH,,0,0,0,NA,NA,NA,NA,NA,CLEAR,1,0,0,0,0,TREND_REVERSAL_UNCONFIRMED,1,0.45,SHORT,1,0,0,0
BNBUSDT,1774353600000,2026-03-24T12:00:00.000Z,BULL,SHORT,17.5,12.909375,IGNORE,0,WATCH,,0,0,0,NA,NA,NA,NA,NA,CLEAR,1,0,0,0,0,TREND_REVERSAL_UNCONFIRMED,1,0.45,SHORT,1,0,0,0
BNBUSDT,1774357200000,2026-03-24T13:00:00.000Z,NEUTRAL,NONE,0,7.875,IGNORE,0,WATCH,,0,0,0,NA,NA,NA,NA,NA,BLOCK,0,0,0,0,0,TREND_REVERSAL_UNCONFIRMED,0,0.45,NONE,1,0,0,0
BNBUSDT,1774360800000,2026-03-24T14:00:00.000Z,NEUTRAL,NONE,0,7.875,IGNORE,0,WATCH,,0,0,0,NA,NA,NA,NA,NA,BLOCK,0,0,1,0,0,TREND_REVERSAL_UNCONFIRMED,0,0.45,NONE,1,0,0,0
BNBUSDT,1774364400000,2026-03-24T15:00:00.000Z,BEAR,LONG,41.29149787883847,18.43920545795853,IGNORE,0,WATCH,,0,0,0,NA,NA,NA,NA,NA,CLEAR,1,0,0,0,0,TREND_REVERSAL_UNCONFIRMED,2,0.45,LONG,1,0,0,0
BNBUSDT,1774368000000,2026-03-24T16:00:00.000Z,BEAR,LONG,0,7.875,IGNORE,0,WATCH,,0,0,0,NA,NA,NA,NA,NA,CLEAR,1,0,0,0,0,TREND_REVERSAL_UNCONFIRMED,0,0.45,LONG,1,0,0,0
BNBUSDT,1774371600000,2026-03-24T17:00:00.000Z,BEAR,LONG,13.538200199433636,12.5973832657054,IGNORE,0,WATCH,,0,0,0,NA,NA,NA,NA,NA,CLEAR,1,0,0,0,0,TREND_REVERSAL_UNCONFIRMED,1,0.45,LONG,1,0,0,0
BNBUSDT,1774375200000,2026-03-24T18:00:00.000Z,BEAR,LONG,25,13.5,IGNORE,0,WATCH,,0,0,0,NA,NA,NA,NA,NA,CLEAR,1,0,0,0,0,TREND_REVERSAL_UNCONFIRMED,1,0.45,LONG,1,0,0,0
BNBUSDT,1774378800000,2026-03-24T19:00:00.000Z,BEAR,LONG,0,7.875,IGNORE,0,WATCH,,0,0,0,NA,NA,NA,NA,NA,CLEAR,1,0,0,0,0,TREND_REVERSAL_UNCONFIRMED,0,0.45,LONG,1,0,0,0
BNBUSDT,1774382400000,2026-03-24T20:00:00.000Z,NEUTRAL,NONE,0,7.875,IGNORE,0,WATCH,,0,0,0,NA,NA,NA,NA,NA,WARNING_HARD,1,0,0,0,0,TREND_REVERSAL_UNCONFIRMED,0,0.45,NONE,1,0,0,0
BNBUSDT,1774386000000,2026-03-24T21:00:00.000Z,NEUTRAL,NONE,0,7.875,IGNORE,0,WATCH,,0,0,0,NA,NA,NA,NA,NA,CLEAR,1,0,0,0,0,TREND_REVERSAL_UNCONFIRMED,0,0.45,NONE,1,0,0,0
BNBUSDT,1774389600000,2026-03-24T22:00:00.000Z,NEUTRAL,NONE,0,7.875,IGNORE,0,WATCH,,0,0,0,NA,NA,NA,NA,NA,CLEAR,1,0,0,0,0,TREND_REVERSAL_UNCONFIRMED,0,0.45,NONE,1,0,0,0
BNBUSDT,1774393200000,2026-03-24T23:00:00.000Z,BULL,SHORT,17.5,12.909375,IGNORE,0,WATCH,,0,0,0,NA,NA,NA,NA,NA,CLEAR,1,0,0,0,0,TREND_REVERSAL_UNCONFIRMED,1,0.45,SHORT,1,0,0,0
BNBUSDT,1774396800000,2026-03-25T00:00:00.000Z,BULL,SHORT,17.5,12.909375,IGNORE,0,WATCH,,0,0,0,NA,NA,NA,NA,NA,CLEAR,1,0,0,0,0,TREND_REVERSAL_UNCONFIRMED,1,0.45,SHORT,1,0,0,0
BNBUSDT,1774400400000,2026-03-25T01:00:00.000Z,BULL,SHORT,17.5,12.909375,IGNORE,0,WATCH,,0,0,0,NA,NA,NA,NA,NA,CLEAR,1,0,0,0,0,TREND_REVERSAL_UNCONFIRMED,1,0.45,SHORT,1,0,0,0
BNBUSDT,1774404000000,2026-03-25T02:00:00.000Z,BULL,SHORT,17.5,12.909375,IGNORE,0,WATCH,,0,0,0,NA,NA,NA,NA,NA,CLEAR,1,0,0,0,0,TREND_REVERSAL_UNCONFIRMED,1,0.45,SHORT,1,0,0,0
BNBUSDT,1774407600000,2026-03-25T03:00:00.000Z,BULL,SHORT,17.5,12.909375,IGNORE,0,WATCH,,0,0,0,NA,NA,NA,NA,NA,CLEAR,1,0,0,0,0,TREND_REVERSAL_UNCONFIRMED,1,0.45,SHORT,1,0,0,0
BNBUSDT,1774411200000,2026-03-25T04:00:00.000Z,BULL,SHORT,55.34722222222222,60.53104166666666,WATCH,1,ACTIVE,ACTIVE,1,1,1,PASS,PASS,SKIP,SKIP,PASS,CLEAR,1,0,0,0,1,,3,0.84,SHORT,0,1,0,0
BNBUSDT,1774414800000,2026-03-25T05:00:00.000Z,BULL,SHORT,17.5,12.909375,IGNORE,0,WATCH,,0,0,0,NA,NA,NA,NA,NA,CLEAR,1,0,0,0,0,TREND_REVERSAL_UNCONFIRMED,1,0.45,SHORT,1,0,0,0
BNBUSDT,1774418400000,2026-03-25T06:00:00.000Z,BULL,SHORT,17.5,12.909375,IGNORE,0,WATCH,,0,0,0,NA,NA,NA,NA,NA,CLEAR,1,0,0,0,0,TREND_REVERSAL_UNCONFIRMED,1,0.45,SHORT,1,0,0,0
BNBUSDT,1774422000000,2026-03-25T07:00:00.000Z,BULL,SHORT,42.5,18.534375,IGNORE,0,WATCH,,0,0,0,NA,NA,NA,NA,NA,CLEAR,1,0,0,0,0,TREND_REVERSAL_UNCONFIRMED,2,0.45,SHORT,1,0,0,0
BNBUSDT,1774425600000,2026-03-25T08:00:00.000Z,BULL,SHORT,33.91755735598025,17.858507641783444,IGNORE,0,WATCH,,0,0,0,NA,NA,NA,NA,NA,CLEAR,1,0,0,0,0,TREND_REVERSAL_UNCONFIRMED,2,0.45,SHORT,1,0,0,0
BNBUSDT,1774429200000,2026-03-25T09:00:00.000Z,BULL,SHORT,35.05363208255906,17.947973526501528,IGNORE,0,WATCH,,0,0,0,NA,NA,NA,NA,NA,CLEAR,1,0,0,0,0,TREND_REVERSAL_UNCONFIRMED,2,0.45,SHORT,1,0,0,0
BNBUSDT,1774432800000,2026-03-25T10:00:00.000Z,BULL,SHORT,31.869521010444636,17.697224779572515,IGNORE,0,WATCH,,0,0,0,NA,NA,NA,NA,NA,CLEAR,1,0,0,0,0,TREND_REVERSAL_UNCONFIRMED,2,0.45,SHORT,1,0,0,0
BNBUSDT,1774436400000,2026-03-25T11:00:00.000Z,BULL,SHORT,30.313908858072494,17.57472032257321,IGNORE,0,WATCH,,0,0,0,NA,NA,NA,NA,NA,CLEAR,1,0,0,0,0,TREND_REVERSAL_UNCONFIRMED,2,0.45,SHORT,1,0,0,0
BNBUSDT,1774440000000,2026-03-25T12:00:00.000Z,BULL,SHORT,38.766275285152325,18.240344178705747,IGNORE,0,WATCH,,0,0,0,NA,NA,NA,NA,NA,CLEAR,1,1,0,0,0,TREND_REVERSAL_UNCONFIRMED,2,0.45,SHORT,1,0,0,0
BNBUSDT,1774443600000,2026-03-25T13:00:00.000Z,BULL,SHORT,17.5,12.909375,IGNORE,0,WATCH,,0,0,0,NA,NA,NA,NA,NA,CLEAR,1,0,0,0,0,TREND_REVERSAL_UNCONFIRMED,1,0.45,SHORT,1,0,0,0
BNBUSDT,1774447200000,2026-03-25T14:00:00.000Z,BULL,SHORT,42.5,18.534375,IGNORE,0,WATCH,,0,0,0,NA,NA,NA,NA,NA,CLEAR,1,0,0,0,0,TREND_REVERSAL_UNCONFIRMED,2,0.45,SHORT,1,0,0,0
BNBUSDT,1774450800000,2026-03-25T15:00:00.000Z,BULL,SHORT,40.92814363123671,18.41059131095989,IGNORE,0,WATCH,,0,0,0,NA,NA,NA,NA,NA,BLOCK,0,0,0,0,0,TREND_REVERSAL_UNCONFIRMED,2,0.45,SHORT,1,0,0,0
BNBUSDT,1774454400000,2026-03-25T16:00:00.000Z,BULL,SHORT,19.445250807236402,13.062563501069867,IGNORE,0,WATCH,,0,0,0,NA,NA,NA,NA,NA,CLEAR,1,0,0,0,0,TREND_REVERSAL_UNCONFIRMED,1,0.45,SHORT,1,0,0,0
BNBUSDT,1774458000000,2026-03-25T17:00:00.000Z,BULL,SHORT,0,7.875,IGNORE,0,WATCH,,0,0,0,NA,NA,NA,NA,NA,WARNING_SOFT,1,0,0,0,0,TREND_REVERSAL_UNCONFIRMED,0,0.45,SHORT,1,0,0,0
BNBUSDT,1774461600000,2026-03-25T18:00:00.000Z,BULL,SHORT,0,7.875,IGNORE,0,WATCH,,0,0,0,NA,NA,NA,NA,NA,WARNING_SOFT,1,0,0,0,0,TREND_REVERSAL_UNCONFIRMED,0,0.45,SHORT,1,0,0,0
BNBUSDT,1774465200000,2026-03-25T19:00:00.000Z,BULL,SHORT,25,13.5,IGNORE,0,WATCH,,0,0,0,NA,NA,NA,NA,NA,WARNING_SOFT,1,0,0,0,0,TREND_REVERSAL_UNCONFIRMED,1,0.45,SHORT,1,0,0,0
BNBUSDT,1774468800000,2026-03-25T20:00:00.000Z,BULL,SHORT,0,7.875,IGNORE,0,WATCH,,0,0,0,NA,NA,NA,NA,NA,WARNING_SOFT,1,0,0,0,0,TREND_REVERSAL_UNCONFIRMED,0,0.45,SHORT,1,0,0,0
BNBUSDT,1774472400000,2026-03-25T21:00:00.000Z,BULL,SHORT,0,7.875,IGNORE,0,WATCH,,0,0,0,NA,NA,NA,NA,NA,WARNING_SOFT,1,0,0,0,0,TREND_REVERSAL_UNCONFIRMED,0,0.45,SHORT,1,0,0,0
BNBUSDT,1774476000000,2026-03-25T22:00:00.000Z,BULL,SHORT,0,7.875,IGNORE,0,WATCH,,0,0,0,NA,NA,NA,NA,NA,CLEAR,1,0,0,0,0,TREND_REVERSAL_UNCONFIRMED,0,0.45,SHORT,1,0,0,0
BNBUSDT,1774479600000,2026-03-25T23:00:00.000Z,BULL,SHORT,0,7.875,IGNORE,0,WATCH,,0,0,0,NA,NA,NA,NA,NA,CLEAR,1,0,0,0,0,TREND_REVERSAL_UNCONFIRMED,0,0.45,SHORT,1,0,0,0
BNBUSDT,1774483200000,2026-03-26T00:00:00.000Z,BULL,SHORT,0,7.875,IGNORE,0,WATCH,,0,0,0,NA,NA,NA,NA,NA,CLEAR,1,0,0,0,0,TREND_REVERSAL_UNCONFIRMED,0,0.45,SHORT,1,0,0,0
BNBUSDT,1774486800000,2026-03-26T01:00:00.000Z,BULL,SHORT,42.5,18.534375,IGNORE,0,WATCH,,0,0,0,NA,NA,NA,NA,NA,CLEAR,1,0,0,0,0,TREND_REVERSAL_UNCONFIRMED,2,0.45,SHORT,1,0,0,0
BNBUSDT,1774490400000,2026-03-26T02:00:00.000Z,NEUTRAL,NONE,0,7.875,IGNORE,0,WATCH,,0,0,0,NA,NA,NA,NA,NA,WARNING_SOFT,1,0,0,0,0,TREND_REVERSAL_UNCONFIRMED,0,0.45,NONE,1,0,0,0
BNBUSDT,1774494000000,2026-03-26T03:00:00.000Z,NEUTRAL,NONE,0,7.875,IGNORE,0,WATCH,,0,0,0,NA,NA,NA,NA,NA,BLOCK,0,0,0,0,0,TREND_REVERSAL_UNCONFIRMED,0,0.45,NONE,1,0,0,0
BNBUSDT,1774497600000,2026-03-26T04:00:00.000Z,NEUTRAL,NONE,0,7.875,IGNORE,0,WATCH,,0,0,0,NA,NA,NA,NA,NA,WARNING_SOFT,1,0,0,0,0,TREND_REVERSAL_UNCONFIRMED,0,0.45,NONE,1,0,0,0
BNBUSDT,1774501200000,2026-03-26T05:00:00.000Z,NEUTRAL,NONE,0,7.875,IGNORE,0,WATCH,,0,0,0,NA,NA,NA,NA,NA,BLOCK,0,0,0,0,0,TREND_REVERSAL_UNCONFIRMED,0,0.45,NONE,1,0,0,0
BNBUSDT,1774504800000,2026-03-26T06:00:00.000Z,NEUTRAL,NONE,0,7.875,IGNORE,0,WATCH,,0,0,0,NA,NA,NA,NA,NA,BLOCK,0,0,0,0,0,TREND_REVERSAL_UNCONFIRMED,0,0.45,NONE,1,0,0,0
BNBUSDT,1774508400000,2026-03-26T07:00:00.000Z,NEUTRAL,NONE,0,7.875,IGNORE,0,WATCH,,0,0,0,NA,NA,NA,NA,NA,WARNING_SOFT,1,0,0,0,0,TREND_REVERSAL_UNCONFIRMED,0,0.45,NONE,1,0,0,0
BNBUSDT,1774512000000,2026-03-26T08:00:00.000Z,NEUTRAL,NONE,0,7.875,IGNORE,0,WATCH,,0,0,0,NA,NA,NA,NA,NA,BLOCK,0,0,0,0,0,TREND_REVERSAL_UNCONFIRMED,0,0.45,NONE,1,0,0,0
BNBUSDT,1774515600000,2026-03-26T09:00:00.000Z,BEAR,LONG,55.34722222222222,52.13104166666666,WATCH,1,WATCH,ACTIVE,1,1,0,PASS,PASS,SKIP,SKIP,FAIL,CLEAR,1,0,1,0,0,MARKET_CONTEXT_DENIED,3,0.84,LONG,0,1,0,0
BNBUSDT,1774519200000,2026-03-26T10:00:00.000Z,BEAR,LONG,42.5,18.534375,IGNORE,0,WATCH,,0,0,0,NA,NA,NA,NA,NA,CLEAR,1,0,0,0,0,TREND_REVERSAL_UNCONFIRMED,2,0.45,LONG,1,0,0,0
BNBUSDT,1774522800000,2026-03-26T11:00:00.000Z,BEAR,LONG,30.34722222222222,17.57734375,IGNORE,0,WATCH,,0,0,0,NA,NA,NA,NA,NA,CLEAR,1,0,0,0,0,TREND_REVERSAL_UNCONFIRMED,2,0.45,LONG,1,0,0,0
BNBUSDT,1774526400000,2026-03-26T12:00:00.000Z,BEAR,LONG,17.5,12.909375,IGNORE,0,WATCH,,0,0,0,NA,NA,NA,NA,NA,CLEAR,1,0,0,0,0,TREND_REVERSAL_UNCONFIRMED,1,0.45,LONG,1,0,0,0
BNBUSDT,1774530000000,2026-03-26T13:00:00.000Z,BEAR,LONG,62.156123493668744,53.1319501535693,WATCH,1,WATCH,ACTIVE,1,1,0,PASS,PASS,SKIP,SKIP,FAIL,CLEAR,1,0,0,0,0,MARKET_CONTEXT_DENIED,3,0.84,LONG,0,1,0,0
BNBUSDT,1774533600000,2026-03-26T14:00:00.000Z,BEAR,LONG,13.39028845089566,12.585735215508034,IGNORE,0,WATCH,,0,0,0,NA,NA,NA,NA,NA,CLEAR,1,0,0,0,0,TREND_REVERSAL_UNCONFIRMED,1,0.45,LONG,1,0,0,0
BNBUSDT,1774537200000,2026-03-26T15:00:00.000Z,BEAR,LONG,18.521770768742194,12.989839448038447,IGNORE,0,WATCH,,0,0,0,NA,NA,NA,NA,NA,CLEAR,1,0,0,0,0,TREND_REVERSAL_UNCONFIRMED,1,0.45,LONG,1,0,0,0
BNBUSDT,1774540800000,2026-03-26T16:00:00.000Z,BEAR,LONG,25,13.5,IGNORE,0,WATCH,,0,0,0,NA,NA,NA,NA,NA,CLEAR,1,0,0,0,0,TREND_REVERSAL_UNCONFIRMED,1,0.45,LONG,1,0,0,0
BNBUSDT,1774544400000,2026-03-26T17:00:00.000Z,BEAR,LONG,0,7.875,IGNORE,0,WATCH,,0,0,0,NA,NA,NA,NA,NA,CLEAR,1,0,0,0,0,TREND_REVERSAL_UNCONFIRMED,0,0.45,LONG,1,0,0,0
BNBUSDT,1774548000000,2026-03-26T18:00:00.000Z,BEAR,LONG,17.14287930132273,12.881251744979165,IGNORE,0,WATCH,,0,0,0,NA,NA,NA,NA,NA,CLEAR,1,0,0,0,0,TREND_REVERSAL_UNCONFIRMED,1,0.45,LONG,1,0,0,0
BNBUSDT,1774551600000,2026-03-26T19:00:00.000Z,BEAR,LONG,16.319444444444443,12.81640625,IGNORE,0,WATCH,,0,0,0,NA,NA,NA,NA,NA,CLEAR,1,0,0,0,0,TREND_REVERSAL_UNCONFIRMED,1,0.45,LONG,1,0,0,0
BNBUSDT,1774555200000,2026-03-26T20:00:00.000Z,BEAR,LONG,43.8952663674455,18.644252226436333,IGNORE,0,WATCH,,0,0,0,NA,NA,NA,NA,NA,WARNING_SOFT,1,0,0,0,0,TREND_REVERSAL_UNCONFIRMED,2,0.45,LONG,1,0,0,0
BNBUSDT,1774558800000,2026-03-26T21:00:00.000Z,BEAR,LONG,0,7.875,IGNORE,0,WATCH,,0,0,0,NA,NA,NA,NA,NA,WARNING_SOFT,1,0,0,0,0,TREND_REVERSAL_UNCONFIRMED,0,0.45,LONG,1,0,0,0
BNBUSDT,1774562400000,2026-03-26T22:00:00.000Z,BEAR,LONG,0,7.875,IGNORE,0,WATCH,,0,0,0,NA,NA,NA,NA,NA,WARNING_SOFT,1,0,0,0,0,TREND_REVERSAL_UNCONFIRMED,0,0.45,LONG,1,0,0,0
BNBUSDT,1774566000000,2026-03-26T23:00:00.000Z,BEAR,LONG,0,7.875,IGNORE,0,WATCH,,0,0,0,NA,NA,NA,NA,NA,CLEAR,1,0,0,0,0,TREND_REVERSAL_UNCONFIRMED,0,0.45,LONG,1,0,0,0
BNBUSDT,1774569600000,2026-03-27T00:00:00.000Z,BEAR,LONG,0,7.875,IGNORE,0,WATCH,,0,0,0,NA,NA,NA,NA,NA,CLEAR,1,0,0,0,0,TREND_REVERSAL_UNCONFIRMED,0,0.45,LONG,1,0,0,0
BNBUSDT,1774573200000,2026-03-27T01:00:00.000Z,NEUTRAL,NONE,0,7.875,IGNORE,0,WATCH,,0,0,0,NA,NA,NA,NA,NA,WARNING_SOFT,1,0,0,0,0,TREND_REVERSAL_UNCONFIRMED,0,0.45,NONE,1,0,0,0
BNBUSDT,1774576800000,2026-03-27T02:00:00.000Z,BEAR,LONG,0,7.875,IGNORE,0,WATCH,,0,0,0,NA,NA,NA,NA,NA,WARNING_SOFT,1,0,0,0,0,TREND_REVERSAL_UNCONFIRMED,0,0.45,LONG,1,0,0,0
BNBUSDT,1774580400000,2026-03-27T03:00:00.000Z,BEAR,LONG,17.5,12.909375,IGNORE,0,WATCH,,0,0,0,NA,NA,NA,NA,NA,WARNING_SOFT,1,0,0,0,0,TREND_REVERSAL_UNCONFIRMED,1,0.45,LONG,1,0,0,0
BNBUSDT,1774584000000,2026-03-27T04:00:00.000Z,BEAR,LONG,17.5,12.909375,IGNORE,0,WATCH,,0,0,0,NA,NA,NA,NA,NA,CLEAR,1,0,0,0,0,TREND_REVERSAL_UNCONFIRMED,1,0.45,LONG,1,0,0,0
BNBUSDT,1774587600000,2026-03-27T05:00:00.000Z,BEAR,LONG,42.5,18.534375,IGNORE,0,WATCH,,0,0,0,NA,NA,NA,NA,NA,CLEAR,1,0,0,0,0,TREND_REVERSAL_UNCONFIRMED,2,0.45,LONG,1,0,0,0
BNBUSDT,1774591200000,2026-03-27T06:00:00.000Z,BEAR,LONG,17.5,12.909375,IGNORE,0,WATCH,,0,0,0,NA,NA,NA,NA,NA,CLEAR,1,0,0,0,0,TREND_REVERSAL_UNCONFIRMED,1,0.45,LONG,1,0,0,0
BNBUSDT,1774594800000,2026-03-27T07:00:00.000Z,BEAR,LONG,0,7.875,IGNORE,0,WATCH,,0,0,0,NA,NA,NA,NA,NA,WARNING_SOFT,1,0,0,0,0,TREND_REVERSAL_UNCONFIRMED,0,0.45,LONG,1,0,0,0
BNBUSDT,1774598400000,2026-03-27T08:00:00.000Z,BEAR,LONG,25,13.5,IGNORE,0,WATCH,,0,0,0,NA,NA,NA,NA,NA,CLEAR,1,0,0,0,0,TREND_REVERSAL_UNCONFIRMED,1,0.45,LONG,1,0,0,0
BNBUSDT,1774602000000,2026-03-27T09:00:00.000Z,BEAR,LONG,0,7.875,IGNORE,0,WATCH,,0,0,0,NA,NA,NA,NA,NA,CLEAR,1,0,0,0,0,TREND_REVERSAL_UNCONFIRMED,0,0.45,LONG,1,0,0,0
BNBUSDT,1774605600000,2026-03-27T10:00:00.000Z,BEAR,LONG,37.84722222222222,18.16796875,IGNORE,0,WATCH,,0,0,0,NA,NA,NA,NA,NA,CLEAR,1,0,1,0,0,TREND_REVERSAL_UNCONFIRMED,2,0.45,LONG,1,0,0,0
BNBUSDT,1774609200000,2026-03-27T11:00:00.000Z,BEAR,LONG,37.84722222222222,18.16796875,IGNORE,0,WATCH,,0,0,0,NA,NA,NA,NA,NA,CLEAR,1,0,0,0,0,TREND_REVERSAL_UNCONFIRMED,2,0.45,LONG,1,0,0,0
BNBUSDT,1774612800000,2026-03-27T12:00:00.000Z,BEAR,LONG,12.847222222222221,12.54296875,IGNORE,0,WATCH,,0,0,0,NA,NA,NA,NA,NA,CLEAR,1,0,0,0,0,TREND_REVERSAL_UNCONFIRMED,1,0.45,LONG,1,0,0,0
BNBUSDT,1774616400000,2026-03-27T13:00:00.000Z,BEAR,LONG,34.80741265310316,17.928583746431872,IGNORE,0,WATCH,,0,0,0,NA,NA,NA,NA,NA,CLEAR,1,0,1,0,0,TREND_REVERSAL_UNCONFIRMED,2,0.45,LONG,1,0,0,0
BNBUSDT,1774620000000,2026-03-27T14:00:00.000Z,BEAR,LONG,53.47196793239037,51.01537928606138,WATCH,1,WATCH,ACTIVE,1,1,0,FAIL,PASS,SKIP,SKIP,PASS,CLEAR,1,0,0,0,0,MARKET_CONTEXT_DENIED,3,0.84,LONG,0,1,0,0
BNBUSDT,1774623600000,2026-03-27T15:00:00.000Z,BEAR,LONG,15.982070778944042,12.789838073841844,IGNORE,0,WATCH,,0,0,0,NA,NA,NA,NA,NA,CLEAR,1,0,0,0,0,TREND_REVERSAL_UNCONFIRMED,1,0.45,LONG,1,0,0,0
BNBUSDT,1774627200000,2026-03-27T16:00:00.000Z,BEAR,LONG,0,7.875,IGNORE,0,WATCH,,0,0,0,NA,NA,NA,NA,NA,CLEAR,1,0,0,0,0,TREND_REVERSAL_UNCONFIRMED,0,0.45,LONG,1,0,0,0
BNBUSDT,1774630800000,2026-03-27T17:00:00.000Z,BEAR,LONG,16.319444444444443,12.81640625,IGNORE,0,WATCH,,0,0,0,NA,NA,NA,NA,NA,CLEAR,1,0,0,0,0,TREND_REVERSAL_UNCONFIRMED,1,0.45,LONG,1,0,0,0
BNBUSDT,1774634400000,2026-03-27T18:00:00.000Z,BEAR,LONG,25,13.5,IGNORE,0,WATCH,,0,0,0,NA,NA,NA,NA,NA,CLEAR,1,0,0,0,0,TREND_REVERSAL_UNCONFIRMED,1,0.45,LONG,1,0,0,0
BNBUSDT,1774638000000,2026-03-27T19:00:00.000Z,BEAR,LONG,0,7.875,IGNORE,0,WATCH,,0,0,0,NA,NA,NA,NA,NA,CLEAR,1,0,0,0,0,TREND_REVERSAL_UNCONFIRMED,0,0.45,LONG,1,0,0,0
BNBUSDT,1774641600000,2026-03-27T20:00:00.000Z,BEAR,LONG,0,7.875,IGNORE,0,WATCH,,0,0,0,NA,NA,NA,NA,NA,CLEAR,1,0,0,0,0,TREND_REVERSAL_UNCONFIRMED,0,0.45,LONG,1,0,0,0
BNBUSDT,1774645200000,2026-03-27T21:00:00.000Z,BEAR,LONG,17.5,12.909375,IGNORE,0,WATCH,,0,0,0,NA,NA,NA,NA,NA,WARNING_SOFT,1,0,0,0,0,TREND_REVERSAL_UNCONFIRMED,1,0.45,LONG,1,0,0,0
BNBUSDT,1774648800000,2026-03-27T22:00:00.000Z,BEAR,LONG,17.5,12.909375,IGNORE,0,WATCH,,0,0,0,NA,NA,NA,NA,NA,CLEAR,1,0,0,0,0,TREND_REVERSAL_UNCONFIRMED,1,0.45,LONG,1,0,0,0
BNBUSDT,1774652400000,2026-03-27T23:00:00.000Z,BEAR,LONG,17.5,12.909375,IGNORE,0,WATCH,,0,0,0,NA,NA,NA,NA,NA,WARNING_SOFT,1,0,0,0,0,TREND_REVERSAL_UNCONFIRMED,1,0.45,LONG,1,0,0,0
BNBUSDT,1774656000000,2026-03-28T00:00:00.000Z,BEAR,LONG,17.5,12.909375,IGNORE,0,WATCH,,0,0,0,NA,NA,NA,NA,NA,WARNING_SOFT,1,0,0,0,0,TREND_REVERSAL_UNCONFIRMED,1,0.45,LONG,1,0,0,0
BNBUSDT,1774659600000,2026-03-28T01:00:00.000Z,BEAR,LONG,17.5,12.909375,IGNORE,0,WATCH,,0,0,0,NA,NA,NA,NA,NA,WARNING_SOFT,1,0,0,0,0,TREND_REVERSAL_UNCONFIRMED,1,0.45,LONG,1,0,0,0
BNBUSDT,1774663200000,2026-03-28T02:00:00.000Z,BEAR,LONG,17.5,12.909375,IGNORE,0,WATCH,,0,0,0,NA,NA,NA,NA,NA,CLEAR,1,0,0,0,0,TREND_REVERSAL_UNCONFIRMED,1,0.45,LONG,1,0,0,0
BNBUSDT,1774666800000,2026-03-28T03:00:00.000Z,BEAR,LONG,17.5,12.909375,IGNORE,0,WATCH,,0,0,0,NA,NA,NA,NA,NA,CLEAR,1,0,0,0,0,TREND_REVERSAL_UNCONFIRMED,1,0.45,LONG,1,0,0,0
BNBUSDT,1774670400000,2026-03-28T04:00:00.000Z,BEAR,LONG,17.5,12.909375,IGNORE,0,WATCH,,0,0,0,NA,NA,NA,NA,NA,CLEAR,1,0,0,0,0,TREND_REVERSAL_UNCONFIRMED,1,0.45,LONG,1,0,0,0
BNBUSDT,1774674000000,2026-03-28T05:00:00.000Z,BEAR,LONG,17.5,12.909375,IGNORE,0,WATCH,,0,0,0,NA,NA,NA,NA,NA,WARNING_SOFT,1,0,0,0,0,TREND_REVERSAL_UNCONFIRMED,1,0.45,LONG,1,0,0,0
BNBUSDT,1774677600000,2026-03-28T06:00:00.000Z,NEUTRAL,NONE,0,7.875,IGNORE,0,WATCH,,0,0,0,NA,NA,NA,NA,NA,WARNING_HARD,1,0,0,0,0,TREND_REVERSAL_UNCONFIRMED,0,0.45,NONE,1,0,0,0
BNBUSDT,1774681200000,2026-03-28T07:00:00.000Z,NEUTRAL,NONE,0,7.875,IGNORE,0,WATCH,,0,0,0,NA,NA,NA,NA,NA,CLEAR,1,0,0,0,0,TREND_REVERSAL_UNCONFIRMED,0,0.45,NONE,1,0,0,0
BNBUSDT,1774684800000,2026-03-28T08:00:00.000Z,BEAR,LONG,17.5,12.909375,IGNORE,0,WATCH,,0,0,0,NA,NA,NA,NA,NA,WARNING_SOFT,1,0,0,0,0,TREND_REVERSAL_UNCONFIRMED,1,0.45,LONG,1,0,0,0
BNBUSDT,1774688400000,2026-03-28T09:00:00.000Z,BEAR,LONG,17.5,12.909375,IGNORE,0,WATCH,,0,0,0,NA,NA,NA,NA,NA,WARNING_SOFT,1,0,0,0,0,TREND_REVERSAL_UNCONFIRMED,1,0.45,LONG,1,0,0,0
BNBUSDT,1774692000000,2026-03-28T10:00:00.000Z,BEAR,LONG,17.5,12.909375,IGNORE,0,WATCH,,0,0,0,NA,NA,NA,NA,NA,CLEAR,1,0,0,0,0,TREND_REVERSAL_UNCONFIRMED,1,0.45,LONG,1,0,0,0
BNBUSDT,1774695600000,2026-03-28T11:00:00.000Z,BEAR,LONG,17.5,12.909375,IGNORE,0,WATCH,,0,0,0,NA,NA,NA,NA,NA,CLEAR,1,0,0,0,0,TREND_REVERSAL_UNCONFIRMED,1,0.45,LONG,1,0,0,0
BNBUSDT,1774699200000,2026-03-28T12:00:00.000Z,BEAR,LONG,17.5,12.909375,IGNORE,0,WATCH,,0,0,0,NA,NA,NA,NA,NA,BLOCK,0,0,0,0,0,TREND_REVERSAL_UNCONFIRMED,1,0.45,LONG,1,0,0,0
BNBUSDT,1774702800000,2026-03-28T13:00:00.000Z,NEUTRAL,NONE,0,7.875,IGNORE,0,WATCH,,0,0,0,NA,NA,NA,NA,NA,CLEAR,1,0,0,0,0,TREND_REVERSAL_UNCONFIRMED,0,0.45,NONE,1,0,0,0
BNBUSDT,1774706400000,2026-03-28T14:00:00.000Z,NEUTRAL,NONE,0,7.875,IGNORE,0,WATCH,,0,0,0,NA,NA,NA,NA,NA,CLEAR,1,0,0,0,0,TREND_REVERSAL_UNCONFIRMED,0,0.45,NONE,1,0,0,0
BNBUSDT,1774710000000,2026-03-28T15:00:00.000Z,NEUTRAL,NONE,0,7.875,IGNORE,0,WATCH,,0,0,0,NA,NA,NA,NA,NA,CLEAR,1,1,0,0,0,TREND_REVERSAL_UNCONFIRMED,0,0.45,NONE,1,0,0,0
BNBUSDT,1774713600000,2026-03-28T16:00:00.000Z,NEUTRAL,NONE,0,7.875,IGNORE,0,WATCH,,0,0,0,NA,NA,NA,NA,NA,CLEAR,1,0,0,0,0,TREND_REVERSAL_UNCONFIRMED,0,0.45,NONE,1,0,0,0
BNBUSDT,1774717200000,2026-03-28T17:00:00.000Z,NEUTRAL,NONE,0,7.875,IGNORE,0,WATCH,,0,0,0,NA,NA,NA,NA,NA,CLEAR,1,0,0,0,0,TREND_REVERSAL_UNCONFIRMED,0,0.45,NONE,1,0,0,0
BNBUSDT,1774720800000,2026-03-28T18:00:00.000Z,NEUTRAL,NONE,0,7.875,IGNORE,0,WATCH,,0,0,0,NA,NA,NA,NA,NA,CLEAR,1,0,0,0,0,TREND_REVERSAL_UNCONFIRMED,0,0.45,NONE,1,0,0,0
BNBUSDT,1774724400000,2026-03-28T19:00:00.000Z,NEUTRAL,NONE,0,7.875,IGNORE,0,WATCH,,0,0,0,NA,NA,NA,NA,NA,CLEAR,1,0,0,0,0,TREND_REVERSAL_UNCONFIRMED,0,0.45,NONE,1,0,0,0
BNBUSDT,1774728000000,2026-03-28T20:00:00.000Z,NEUTRAL,NONE,0,7.875,IGNORE,0,WATCH,,0,0,0,NA,NA,NA,NA,NA,CLEAR,1,0,0,0,0,TREND_REVERSAL_UNCONFIRMED,0,0.45,NONE,1,0,0,0
BNBUSDT,1774731600000,2026-03-28T21:00:00.000Z,NEUTRAL,NONE,0,7.875,IGNORE,0,WATCH,,0,0,0,NA,NA,NA,NA,NA,WARNING_SOFT,1,0,0,0,0,TREND_REVERSAL_UNCONFIRMED,0,0.45,NONE,1,0,0,0
BNBUSDT,1774735200000,2026-03-28T22:00:00.000Z,NEUTRAL,NONE,0,7.875,IGNORE,0,WATCH,,0,0,0,NA,NA,NA,NA,NA,CLEAR,1,0,0,0,0,TREND_REVERSAL_UNCONFIRMED,0,0.45,NONE,1,0,0,0
BNBUSDT,1774738800000,2026-03-28T23:00:00.000Z,BEAR,LONG,42.5,18.534375,IGNORE,0,WATCH,,0,0,0,NA,NA,NA,NA,NA,CLEAR,1,0,1,0,0,TREND_REVERSAL_UNCONFIRMED,2,0.45,LONG,1,0,0,0
BNBUSDT,1774742400000,2026-03-29T00:00:00.000Z,BEAR,LONG,42.5,18.534375,IGNORE,0,WATCH,,0,0,0,NA,NA,NA,NA,NA,CLEAR,1,0,0,0,0,TREND_REVERSAL_UNCONFIRMED,2,0.45,LONG,1,0,0,0
BNBUSDT,1774746000000,2026-03-29T01:00:00.000Z,BEAR,LONG,17.5,12.909375,IGNORE,0,WATCH,,0,0,0,NA,NA,NA,NA,NA,CLEAR,1,0,0,0,0,TREND_REVERSAL_UNCONFIRMED,1,0.45,LONG,1,0,0,0
BNBUSDT,1774749600000,2026-03-29T02:00:00.000Z,BEAR,LONG,17.5,12.909375,IGNORE,0,WATCH,,0,0,0,NA,NA,NA,NA,NA,CLEAR,1,0,0,0,0,TREND_REVERSAL_UNCONFIRMED,1,0.45,LONG,1,0,0,0
BNBUSDT,1774753200000,2026-03-29T03:00:00.000Z,BEAR,LONG,0,7.875,IGNORE,0,WATCH,,0,0,0,NA,NA,NA,NA,NA,BLOCK,0,0,0,0,0,TREND_REVERSAL_UNCONFIRMED,0,0.45,LONG,1,0,0,0
BNBUSDT,1774756800000,2026-03-29T04:00:00.000Z,BEAR,LONG,0,7.875,IGNORE,0,WATCH,,0,0,0,NA,NA,NA,NA,NA,WARNING_SOFT,1,0,0,0,0,TREND_REVERSAL_UNCONFIRMED,0,0.45,LONG,1,0,0,0
BNBUSDT,1774760400000,2026-03-29T05:00:00.000Z,BEAR,LONG,25,13.5,IGNORE,0,WATCH,,0,0,0,NA,NA,NA,NA,NA,WARNING_SOFT,1,0,0,0,0,TREND_REVERSAL_UNCONFIRMED,1,0.45,LONG,1,0,0,0
BNBUSDT,1774764000000,2026-03-29T06:00:00.000Z,BEAR,LONG,0,7.875,IGNORE,0,WATCH,,0,0,0,NA,NA,NA,NA,NA,WARNING_SOFT,1,0,0,0,0,TREND_REVERSAL_UNCONFIRMED,0,0.45,LONG,1,0,0,0
BNBUSDT,1774767600000,2026-03-29T07:00:00.000Z,BEAR,LONG,0,7.875,IGNORE,0,WATCH,,0,0,0,NA,NA,NA,NA,NA,CLEAR,1,0,0,0,0,TREND_REVERSAL_UNCONFIRMED,0,0.45,LONG,1,0,0,0
BNBUSDT,1774771200000,2026-03-29T08:00:00.000Z,BEAR,LONG,17.5,12.909375,IGNORE,0,WATCH,,0,0,0,NA,NA,NA,NA,NA,WARNING_SOFT,1,0,0,0,0,TREND_REVERSAL_UNCONFIRMED,1,0.45,LONG,1,0,0,0
BNBUSDT,1774774800000,2026-03-29T09:00:00.000Z,BEAR,LONG,17.5,12.909375,IGNORE,0,WATCH,,0,0,0,NA,NA,NA,NA,NA,BLOCK,0,0,0,0,0,TREND_REVERSAL_UNCONFIRMED,1,0.45,LONG,1,0,0,0
BNBUSDT,1774778400000,2026-03-29T10:00:00.000Z,BEAR,LONG,42.5,18.534375,IGNORE,0,WATCH,,0,0,0,NA,NA,NA,NA,NA,CLEAR,1,0,0,0,0,TREND_REVERSAL_UNCONFIRMED,2,0.45,LONG,1,0,0,0
BNBUSDT,1774782000000,2026-03-29T11:00:00.000Z,BEAR,LONG,17.5,12.909375,IGNORE,0,WATCH,,0,0,0,NA,NA,NA,NA,NA,WARNING_SOFT,1,0,0,0,0,TREND_REVERSAL_UNCONFIRMED,1,0.45,LONG,1,0,0,0
BNBUSDT,1774785600000,2026-03-29T12:00:00.000Z,BEAR,LONG,17.5,12.909375,IGNORE,0,WATCH,,0,0,0,NA,NA,NA,NA,NA,WARNING_SOFT,1,0,0,0,0,TREND_REVERSAL_UNCONFIRMED,1,0.45,LONG,1,0,0,0
BNBUSDT,1774789200000,2026-03-29T13:00:00.000Z,BEAR,LONG,38.880836894740575,18.24936590546082,IGNORE,0,WATCH,,0,0,0,NA,NA,NA,NA,NA,CLEAR,1,0,1,0,0,TREND_REVERSAL_UNCONFIRMED,2,0.45,LONG,1,0,0,0
BNBUSDT,1774792800000,2026-03-29T14:00:00.000Z,BEAR,LONG,61.4238610980946,43.7843075814199,WATCH,1,WATCH,ACTIVE,1,1,0,FAIL,PASS,SKIP,SKIP,FAIL,CLEAR,1,0,0,0,0,MARKET_CONTEXT_DENIED,3,0.84,LONG,1,0,0,0
BNBUSDT,1774796400000,2026-03-29T15:00:00.000Z,BEAR,LONG,42.5,18.534375,IGNORE,0,WATCH,,0,0,0,NA,NA,NA,NA,NA,CLEAR,1,0,0,0,0,TREND_REVERSAL_UNCONFIRMED,2,0.45,LONG,1,0,0,0
BNBUSDT,1774800000000,2026-03-29T16:00:00.000Z,BEAR,LONG,17.5,12.909375,IGNORE,0,WATCH,,0,0,0,NA,NA,NA,NA,NA,CLEAR,1,0,0,0,0,TREND_REVERSAL_UNCONFIRMED,1,0.45,LONG,1,0,0,0
BNBUSDT,1774803600000,2026-03-29T17:00:00.000Z,BEAR,LONG,17.5,12.909375,IGNORE,0,WATCH,,0,0,0,NA,NA,NA,NA,NA,CLEAR,1,0,0,0,0,TREND_REVERSAL_UNCONFIRMED,1,0.45,LONG,1,0,0,0
BNBUSDT,1774807200000,2026-03-29T18:00:00.000Z,BEAR,LONG,0,7.875,IGNORE,0,WATCH,,0,0,0,NA,NA,NA,NA,NA,CLEAR,1,0,0,0,0,TREND_REVERSAL_UNCONFIRMED,0,0.45,LONG,1,0,0,0
BNBUSDT,1774810800000,2026-03-29T19:00:00.000Z,BEAR,LONG,0,7.875,IGNORE,0,WATCH,,0,0,0,NA,NA,NA,NA,NA,CLEAR,1,0,0,0,0,TREND_REVERSAL_UNCONFIRMED,0,0.45,LONG,1,0,0,0
BNBUSDT,1774814400000,2026-03-29T20:00:00.000Z,BEAR,LONG,25,13.5,IGNORE,0,WATCH,,0,0,0,NA,NA,NA,NA,NA,WARNING_SOFT,1,0,0,0,0,TREND_REVERSAL_UNCONFIRMED,1,0.45,LONG,1,0,0,0
BNBUSDT,1774818000000,2026-03-29T21:00:00.000Z,BEAR,LONG,0,7.875,IGNORE,0,WATCH,,0,0,0,NA,NA,NA,NA,NA,WARNING_SOFT,1,0,0,0,0,TREND_REVERSAL_UNCONFIRMED,0,0.45,LONG,1,0,0,0
BNBUSDT,1774821600000,2026-03-29T22:00:00.000Z,BEAR,LONG,25,13.5,IGNORE,0,WATCH,,0,0,0,NA,NA,NA,NA,NA,CLEAR,1,0,0,0,0,TREND_REVERSAL_UNCONFIRMED,1,0.45,LONG,1,0,0,0
BNBUSDT,1774825200000,2026-03-29T23:00:00.000Z,BEAR,LONG,25,13.5,IGNORE,0,WATCH,,0,0,0,NA,NA,NA,NA,NA,CLEAR,1,0,0,0,0,TREND_REVERSAL_UNCONFIRMED,1,0.45,LONG,1,0,0,0
BNBUSDT,1774828800000,2026-03-30T00:00:00.000Z,BEAR,LONG,25,13.5,IGNORE,0,WATCH,,0,0,0,NA,NA,NA,NA,NA,WARNING_SOFT,1,0,0,0,0,TREND_REVERSAL_UNCONFIRMED,1,0.45,LONG,1,0,0,0
BNBUSDT,1774832400000,2026-03-30T01:00:00.000Z,NEUTRAL,NONE,0,7.875,IGNORE,0,WATCH,,0,0,0,NA,NA,NA,NA,NA,CLEAR,1,1,0,0,0,TREND_REVERSAL_UNCONFIRMED,0,0.45,NONE,1,0,0,0
BNBUSDT,1774836000000,2026-03-30T02:00:00.000Z,NEUTRAL,NONE,0,7.875,IGNORE,0,WATCH,,0,0,0,NA,NA,NA,NA,NA,CLEAR,1,1,0,0,0,TREND_REVERSAL_UNCONFIRMED,0,0.45,NONE,1,0,0,0
BNBUSDT,1774839600000,2026-03-30T03:00:00.000Z,NEUTRAL,NONE,0,7.875,IGNORE,0,WATCH,,0,0,0,NA,NA,NA,NA,NA,CLEAR,1,0,0,0,0,TREND_REVERSAL_UNCONFIRMED,0,0.45,NONE,1,0,0,0
BNBUSDT,1774843200000,2026-03-30T04:00:00.000Z,NEUTRAL,NONE,0,7.875,IGNORE,0,WATCH,,0,0,0,NA,NA,NA,NA,NA,CLEAR,1,0,0,0,0,TREND_REVERSAL_UNCONFIRMED,0,0.45,NONE,1,0,0,0
BNBUSDT,1774846800000,2026-03-30T05:00:00.000Z,NEUTRAL,NONE,0,7.875,IGNORE,0,WATCH,,0,0,0,NA,NA,NA,NA,NA,CLEAR,1,0,0,0,0,TREND_REVERSAL_UNCONFIRMED,0,0.45,NONE,1,0,0,0
BNBUSDT,1774850400000,2026-03-30T06:00:00.000Z,NEUTRAL,NONE,0,7.875,IGNORE,0,WATCH,,0,0,0,NA,NA,NA,NA,NA,CLEAR,1,0,0,0,0,TREND_REVERSAL_UNCONFIRMED,0,0.45,NONE,1,0,0,0
BNBUSDT,1774854000000,2026-03-30T07:00:00.000Z,NEUTRAL,NONE,0,7.875,IGNORE,0,WATCH,,0,0,0,NA,NA,NA,NA,NA,CLEAR,1,0,0,0,0,TREND_REVERSAL_UNCONFIRMED,0,0.45,NONE,1,0,0,0
BNBUSDT,1774857600000,2026-03-30T08:00:00.000Z,NEUTRAL,NONE,0,7.875,IGNORE,0,WATCH,,0,0,0,NA,NA,NA,NA,NA,CLEAR,1,0,0,0,0,TREND_REVERSAL_UNCONFIRMED,0,0.45,NONE,1,0,0,0
BNBUSDT,1774861200000,2026-03-30T09:00:00.000Z,BULL,SHORT,25,13.5,IGNORE,0,WATCH,,0,0,0,NA,NA,NA,NA,NA,CLEAR,1,0,0,0,0,TREND_REVERSAL_UNCONFIRMED,1,0.45,SHORT,1,0,0,0
BNBUSDT,1774864800000,2026-03-30T10:00:00.000Z,BULL,SHORT,0,7.875,IGNORE,0,WATCH,,0,0,0,NA,NA,NA,NA,NA,CLEAR,1,0,0,0,0,TREND_REVERSAL_UNCONFIRMED,0,0.45,SHORT,1,0,0,0
BNBUSDT,1774868400000,2026-03-30T11:00:00.000Z,BULL,SHORT,14.36150729154203,12.662218699208935,IGNORE,0,WATCH,,0,0,0,NA,NA,NA,NA,NA,CLEAR,1,0,0,0,0,TREND_REVERSAL_UNCONFIRMED,1,0.45,SHORT,1,0,0,0
BNBUSDT,1774872000000,2026-03-30T12:00:00.000Z,BULL,SHORT,0,7.875,IGNORE,0,WATCH,,0,0,0,NA,NA,NA,NA,NA,CLEAR,1,0,0,0,0,TREND_REVERSAL_UNCONFIRMED,0,0.45,SHORT,1,0,0,0
BNBUSDT,1774875600000,2026-03-30T13:00:00.000Z,BULL,SHORT,41.569396661450895,18.461089987089256,IGNORE,0,WATCH,,0,0,0,NA,NA,NA,NA,NA,CLEAR,1,0,0,0,0,TREND_REVERSAL_UNCONFIRMED,2,0.45,SHORT,1,0,0,0
BNBUSDT,1774879200000,2026-03-30T14:00:00.000Z,BULL,SHORT,15.38248933817346,12.742621035381159,IGNORE,0,WATCH,,0,0,0,NA,NA,NA,NA,NA,WARNING_SOFT,1,0,0,0,0,TREND_REVERSAL_UNCONFIRMED,1,0.45,SHORT,1,0,0,0
BNBUSDT,1774882800000,2026-03-30T15:00:00.000Z,BULL,SHORT,0,7.875,IGNORE,0,WATCH,,0,0,0,NA,NA,NA,NA,NA,WARNING_SOFT,1,0,0,0,0,TREND_REVERSAL_UNCONFIRMED,0,0.45,SHORT,1,0,0,0
BNBUSDT,1774886400000,2026-03-30T16:00:00.000Z,BULL,SHORT,0,7.875,IGNORE,0,WATCH,,0,0,0,NA,NA,NA,NA,NA,WARNING_SOFT,1,0,0,0,0,TREND_REVERSAL_UNCONFIRMED,0,0.45,SHORT,1,0,0,0
BNBUSDT,1774890000000,2026-03-30T17:00:00.000Z,NEUTRAL,NONE,0,7.875,IGNORE,0,WATCH,,0,0,0,NA,NA,NA,NA,NA,WARNING_SOFT,1,0,0,0,0,TREND_REVERSAL_UNCONFIRMED,0,0.45,NONE,1,0,0,0
BNBUSDT,1774893600000,2026-03-30T18:00:00.000Z,NEUTRAL,NONE,0,7.875,IGNORE,0,WATCH,,0,0,0,NA,NA,NA,NA,NA,BLOCK,0,0,0,0,0,TREND_REVERSAL_UNCONFIRMED,0,0.45,NONE,1,0,0,0
BNBUSDT,1774897200000,2026-03-30T19:00:00.000Z,NEUTRAL,NONE,0,7.875,IGNORE,0,WATCH,,0,0,0,NA,NA,NA,NA,NA,WARNING_SOFT,1,0,0,0,0,TREND_REVERSAL_UNCONFIRMED,0,0.45,NONE,1,0,0,0
BNBUSDT,1774900800000,2026-03-30T20:00:00.000Z,BEAR,LONG,17.5,12.909375,IGNORE,0,WATCH,,0,0,0,NA,NA,NA,NA,NA,CLEAR,1,0,0,0,0,TREND_REVERSAL_UNCONFIRMED,1,0.45,LONG,1,0,0,0
BNBUSDT,1774904400000,2026-03-30T21:00:00.000Z,BEAR,LONG,42.5,18.534375,IGNORE,0,WATCH,,0,0,0,NA,NA,NA,NA,NA,CLEAR,1,0,0,0,0,TREND_REVERSAL_UNCONFIRMED,2,0.45,LONG,1,0,0,0
BNBUSDT,1774908000000,2026-03-30T22:00:00.000Z,BEAR,LONG,0,7.875,IGNORE,0,WATCH,,0,0,0,NA,NA,NA,NA,NA,CLEAR,1,0,0,0,0,TREND_REVERSAL_UNCONFIRMED,0,0.45,LONG,1,0,0,0
BNBUSDT,1774911600000,2026-03-30T23:00:00.000Z,BEAR,LONG,0,7.875,IGNORE,0,WATCH,,0,0,0,NA,NA,NA,NA,NA,CLEAR,1,0,0,0,0,TREND_REVERSAL_UNCONFIRMED,0,0.45,LONG,1,0,0,0
BNBUSDT,1774915200000,2026-03-31T00:00:00.000Z,BEAR,LONG,0,7.875,IGNORE,0,WATCH,,0,0,0,NA,NA,NA,NA,NA,CLEAR,1,0,0,0,0,TREND_REVERSAL_UNCONFIRMED,0,0.45,LONG,1,0,0,0
BNBUSDT,1774918800000,2026-03-31T01:00:00.000Z,NEUTRAL,NONE,0,7.875,IGNORE,0,WATCH,,0,0,0,NA,NA,NA,NA,NA,CLEAR,1,0,0,0,0,TREND_REVERSAL_UNCONFIRMED,0,0.45,NONE,1,0,0,0
BNBUSDT,1774922400000,2026-03-31T02:00:00.000Z,NEUTRAL,NONE,0,7.875,IGNORE,0,WATCH,,0,0,0,NA,NA,NA,NA,NA,CLEAR,1,0,0,0,0,TREND_REVERSAL_UNCONFIRMED,0,0.45,NONE,1,0,0,0
BNBUSDT,1774926000000,2026-03-31T03:00:00.000Z,BEAR,LONG,0,7.875,IGNORE,0,WATCH,,0,0,0,NA,NA,NA,NA,NA,WARNING_SOFT,1,0,0,0,0,TREND_REVERSAL_UNCONFIRMED,0,0.45,LONG,1,0,0,0
BNBUSDT,1774929600000,2026-03-31T04:00:00.000Z,BEAR,LONG,25,13.5,IGNORE,0,WATCH,,0,0,0,NA,NA,NA,NA,NA,WARNING_SOFT,1,0,0,0,0,TREND_REVERSAL_UNCONFIRMED,1,0.45,LONG,1,0,0,0
BNBUSDT,1774933200000,2026-03-31T05:00:00.000Z,BEAR,LONG,0,7.875,IGNORE,0,WATCH,,0,0,0,NA,NA,NA,NA,NA,WARNING_SOFT,1,0,0,0,0,TREND_REVERSAL_UNCONFIRMED,0,0.45,LONG,1,0,0,0
BNBUSDT,1774936800000,2026-03-31T06:00:00.000Z,BEAR,LONG,0,7.875,IGNORE,0,WATCH,,0,0,0,NA,NA,NA,NA,NA,WARNING_SOFT,1,0,0,0,0,TREND_REVERSAL_UNCONFIRMED,0,0.45,LONG,1,0,0,0
BNBUSDT,1774940400000,2026-03-31T07:00:00.000Z,BEAR,LONG,0,7.875,IGNORE,0,WATCH,,0,0,0,NA,NA,NA,NA,NA,WARNING_SOFT,1,0,0,0,0,TREND_REVERSAL_UNCONFIRMED,0,0.45,LONG,1,0,0,0
BNBUSDT,1774944000000,2026-03-31T08:00:00.000Z,BEAR,LONG,17.021480741012105,12.871691608354704,IGNORE,0,WATCH,,0,0,0,NA,NA,NA,NA,NA,CLEAR,1,0,0,0,0,TREND_REVERSAL_UNCONFIRMED,1,0.45,LONG,1,0,0,0
BNBUSDT,1774947600000,2026-03-31T09:00:00.000Z,BEAR,LONG,25,13.5,IGNORE,0,WATCH,,0,0,0,NA,NA,NA,NA,NA,CLEAR,1,0,0,0,0,TREND_REVERSAL_UNCONFIRMED,1,0.45,LONG,1,0,0,0
BNBUSDT,1774951200000,2026-03-31T10:00:00.000Z,BEAR,LONG,0,7.875,IGNORE,0,WATCH,,0,0,0,NA,NA,NA,NA,NA,CLEAR,1,0,0,0,0,TREND_REVERSAL_UNCONFIRMED,0,0.45,LONG,1,0,0,0
BNBUSDT,1774954800000,2026-03-31T11:00:00.000Z,BEAR,LONG,15.022229430232635,12.71425056763082,IGNORE,0,WATCH,,0,0,0,NA,NA,NA,NA,NA,CLEAR,1,0,0,0,0,TREND_REVERSAL_UNCONFIRMED,1,0.45,LONG,1,0,0,0
BNBUSDT,1774958400000,2026-03-31T12:00:00.000Z,BEAR,LONG,0,7.875,IGNORE,0,WATCH,,0,0,0,NA,NA,NA,NA,NA,CLEAR,1,0,0,0,0,TREND_REVERSAL_UNCONFIRMED,0,0.45,LONG,1,0,0,0
BNBUSDT,1774962000000,2026-03-31T13:00:00.000Z,NEUTRAL,NONE,0,7.875,IGNORE,0,WATCH,,0,0,0,NA,NA,NA,NA,NA,WARNING_SOFT,1,1,0,0,0,TREND_REVERSAL_UNCONFIRMED,0,0.45,NONE,1,0,0,0
BNBUSDT,1774965600000,2026-03-31T14:00:00.000Z,BEAR,LONG,25,13.5,IGNORE,0,WATCH,,0,0,0,NA,NA,NA,NA,NA,BLOCK,0,0,0,0,0,TREND_REVERSAL_UNCONFIRMED,1,0.45,LONG,1,0,0,0
BNBUSDT,1774969200000,2026-03-31T15:00:00.000Z,BEAR,LONG,0,7.875,IGNORE,0,WATCH,,0,0,0,NA,NA,NA,NA,NA,WARNING_SOFT,1,0,0,0,0,TREND_REVERSAL_UNCONFIRMED,0,0.45,LONG,1,0,0,0
BNBUSDT,1774972800000,2026-03-31T16:00:00.000Z,NEUTRAL,NONE,0,7.875,IGNORE,0,WATCH,,0,0,0,NA,NA,NA,NA,NA,CLEAR,1,0,0,0,0,TREND_REVERSAL_UNCONFIRMED,0,0.45,NONE,1,0,0,0
BNBUSDT,1774976400000,2026-03-31T17:00:00.000Z,NEUTRAL,NONE,0,7.875,IGNORE,0,WATCH,,0,0,0,NA,NA,NA,NA,NA,CLEAR,1,0,0,0,0,TREND_REVERSAL_UNCONFIRMED,0,0.45,NONE,1,0,0,0
BNBUSDT,1774980000000,2026-03-31T18:00:00.000Z,NEUTRAL,NONE,0,7.875,IGNORE,0,WATCH,,0,0,0,NA,NA,NA,NA,NA,CLEAR,1,0,0,0,0,TREND_REVERSAL_UNCONFIRMED,0,0.45,NONE,1,0,0,0
BNBUSDT,1774983600000,2026-03-31T19:00:00.000Z,NEUTRAL,NONE,0,7.875,IGNORE,0,WATCH,,0,0,0,NA,NA,NA,NA,NA,CLEAR,1,0,0,0,0,TREND_REVERSAL_UNCONFIRMED,0,0.45,NONE,1,0,0,0
BNBUSDT,1774987200000,2026-03-31T20:00:00.000Z,NEUTRAL,NONE,0,7.875,IGNORE,0,WATCH,,0,0,0,NA,NA,NA,NA,NA,CLEAR,1,0,0,0,0,TREND_REVERSAL_UNCONFIRMED,0,0.45,NONE,1,0,0,0
BNBUSDT,1774990800000,2026-03-31T21:00:00.000Z,BULL,SHORT,42.5,18.534375,IGNORE,0,WATCH,,0,0,0,NA,NA,NA,NA,NA,CLEAR,1,0,0,0,0,TREND_REVERSAL_UNCONFIRMED,2,0.45,SHORT,1,0,0,0
BNBUSDT,1774994400000,2026-03-31T22:00:00.000Z,BULL,SHORT,17.5,12.909375,IGNORE,0,WATCH,,0,0,0,NA,NA,NA,NA,NA,CLEAR,1,0,0,0,0,TREND_REVERSAL_UNCONFIRMED,1,0.45,SHORT,1,0,0,0
BNBUSDT,1774998000000,2026-03-31T23:00:00.000Z,BULL,SHORT,0,7.875,IGNORE,0,WATCH,,0,0,0,NA,NA,NA,NA,NA,CLEAR,1,0,0,0,0,TREND_REVERSAL_UNCONFIRMED,0,0.45,SHORT,1,0,0,0
BNBUSDT,1775001600000,2026-04-01T00:00:00.000Z,BULL,SHORT,12.847222222222221,12.54296875,IGNORE,0,WATCH,,0,0,0,NA,NA,NA,NA,NA,CLEAR,1,0,0,0,0,TREND_REVERSAL_UNCONFIRMED,1,0.45,SHORT,1,0,0,0
BNBUSDT,1775005200000,2026-04-01T01:00:00.000Z,BULL,SHORT,0,7.875,IGNORE,0,WATCH,,0,0,0,NA,NA,NA,NA,NA,CLEAR,1,0,0,0,0,TREND_REVERSAL_UNCONFIRMED,0,0.45,SHORT,1,0,0,0
BNBUSDT,1775008800000,2026-04-01T02:00:00.000Z,BULL,SHORT,0,7.875,IGNORE,0,WATCH,,0,0,0,NA,NA,NA,NA,NA,WARNING_SOFT,1,0,0,0,0,TREND_REVERSAL_UNCONFIRMED,0,0.45,SHORT,1,0,0,0
BNBUSDT,1775012400000,2026-04-01T03:00:00.000Z,BULL,SHORT,0,7.875,IGNORE,0,WATCH,,0,0,0,NA,NA,NA,NA,NA,WARNING_SOFT,1,0,0,0,0,TREND_REVERSAL_UNCONFIRMED,0,0.45,SHORT,1,0,0,0
BNBUSDT,1775016000000,2026-04-01T04:00:00.000Z,BULL,SHORT,0,7.875,IGNORE,0,WATCH,,0,0,0,NA,NA,NA,NA,NA,CLEAR,1,0,0,0,0,TREND_REVERSAL_UNCONFIRMED,0,0.45,SHORT,1,0,0,0
BNBUSDT,1775019600000,2026-04-01T05:00:00.000Z,BULL,SHORT,15.859143637623838,12.780157561462879,IGNORE,0,WATCH,,0,0,0,NA,NA,NA,NA,NA,CLEAR,1,0,0,0,0,TREND_REVERSAL_UNCONFIRMED,1,0.45,SHORT,1,0,0,0
BNBUSDT,1775023200000,2026-04-01T06:00:00.000Z,BULL,SHORT,19.88260371931162,13.09700504289579,IGNORE,0,WATCH,,0,0,0,NA,NA,NA,NA,NA,CLEAR,1,0,0,0,0,TREND_REVERSAL_UNCONFIRMED,1,0.45,SHORT,1,0,0,0
BNBUSDT,1775026800000,2026-04-01T07:00:00.000Z,BULL,SHORT,25,13.5,IGNORE,0,WATCH,,0,0,0,NA,NA,NA,NA,NA,CLEAR,1,0,0,0,0,TREND_REVERSAL_UNCONFIRMED,1,0.45,SHORT,1,0,0,0
BNBUSDT,1775030400000,2026-04-01T08:00:00.000Z,BULL,SHORT,0,7.875,IGNORE,0,WATCH,,0,0,0,NA,NA,NA,NA,NA,WARNING_SOFT,1,0,0,0,0,TREND_REVERSAL_UNCONFIRMED,0,0.45,SHORT,1,0,0,0
BNBUSDT,1775034000000,2026-04-01T09:00:00.000Z,BULL,SHORT,0,7.875,IGNORE,0,WATCH,,0,0,0,NA,NA,NA,NA,NA,WARNING_SOFT,1,0,0,0,0,TREND_REVERSAL_UNCONFIRMED,0,0.45,SHORT,1,0,0,0
BNBUSDT,1775037600000,2026-04-01T10:00:00.000Z,NEUTRAL,NONE,0,7.875,IGNORE,0,WATCH,,0,0,0,NA,NA,NA,NA,NA,WARNING_SOFT,1,0,0,0,0,TREND_REVERSAL_UNCONFIRMED,0,0.45,NONE,1,0,0,0
BNBUSDT,1775041200000,2026-04-01T11:00:00.000Z,BULL,SHORT,0,7.875,IGNORE,0,WATCH,,0,0,0,NA,NA,NA,NA,NA,WARNING_SOFT,1,0,0,0,0,TREND_REVERSAL_UNCONFIRMED,0,0.45,SHORT,1,0,0,0
BNBUSDT,1775044800000,2026-04-01T12:00:00.000Z,NEUTRAL,NONE,0,7.875,IGNORE,0,WATCH,,0,0,0,NA,NA,NA,NA,NA,WARNING_SOFT,1,0,0,0,0,TREND_REVERSAL_UNCONFIRMED,0,0.45,NONE,1,0,0,0
BNBUSDT,1775048400000,2026-04-01T13:00:00.000Z,NEUTRAL,NONE,0,7.875,IGNORE,0,WATCH,,0,0,0,NA,NA,NA,NA,NA,WARNING_SOFT,1,0,0,0,0,TREND_REVERSAL_UNCONFIRMED,0,0.45,NONE,1,0,0,0
BNBUSDT,1775052000000,2026-04-01T14:00:00.000Z,NEUTRAL,NONE,0,7.875,IGNORE,0,WATCH,,0,0,0,NA,NA,NA,NA,NA,WARNING_SOFT,1,0,0,0,0,TREND_REVERSAL_UNCONFIRMED,0,0.45,NONE,1,0,0,0
BNBUSDT,1775055600000,2026-04-01T15:00:00.000Z,BULL,SHORT,17.5,12.909375,IGNORE,0,WATCH,,0,0,0,NA,NA,NA,NA,NA,WARNING_SOFT,1,0,0,0,0,TREND_REVERSAL_UNCONFIRMED,1,0.45,SHORT,1,0,0,0
BNBUSDT,1775059200000,2026-04-01T16:00:00.000Z,BULL,SHORT,41.71112835140447,18.472251357673102,IGNORE,0,WATCH,,0,0,0,NA,NA,NA,NA,NA,WARNING_SOFT,1,1,0,0,0,TREND_REVERSAL_UNCONFIRMED,2,0.45,SHORT,1,0,0,0
BNBUSDT,1775062800000,2026-04-01T17:00:00.000Z,NEUTRAL,NONE,0,7.875,IGNORE,0,WATCH,,0,0,0,NA,NA,NA,NA,NA,BLOCK,0,0,0,0,0,TREND_REVERSAL_UNCONFIRMED,0,0.45,NONE,1,0,0,0
BNBUSDT,1775066400000,2026-04-01T18:00:00.000Z,NEUTRAL,NONE,0,7.875,IGNORE,0,WATCH,,0,0,0,NA,NA,NA,NA,NA,WARNING_SOFT,1,0,0,0,0,TREND_REVERSAL_UNCONFIRMED,0,0.45,NONE,1,0,0,0
BNBUSDT,1775070000000,2026-04-01T19:00:00.000Z,NEUTRAL,NONE,0,7.875,IGNORE,0,WATCH,,0,0,0,NA,NA,NA,NA,NA,WARNING_SOFT,1,0,0,0,0,TREND_REVERSAL_UNCONFIRMED,0,0.45,NONE,1,0,0,0
BNBUSDT,1775073600000,2026-04-01T20:00:00.000Z,NEUTRAL,NONE,0,7.875,IGNORE,0,WATCH,,0,0,0,NA,NA,NA,NA,NA,WARNING_SOFT,1,0,0,0,0,TREND_REVERSAL_UNCONFIRMED,0,0.45,NONE,1,0,0,0
BNBUSDT,1775077200000,2026-04-01T21:00:00.000Z,NEUTRAL,NONE,0,7.875,IGNORE,0,WATCH,,0,0,0,NA,NA,NA,NA,NA,WARNING_SOFT,1,0,0,0,0,TREND_REVERSAL_UNCONFIRMED,0,0.45,NONE,1,0,0,0
BNBUSDT,1775080800000,2026-04-01T22:00:00.000Z,NEUTRAL,NONE,0,7.875,IGNORE,0,WATCH,,0,0,0,NA,NA,NA,NA,NA,BLOCK,0,0,0,0,0,TREND_REVERSAL_UNCONFIRMED,0,0.45,NONE,1,0,0,0
BNBUSDT,1775084400000,2026-04-01T23:00:00.000Z,BEAR,LONG,25,13.5,IGNORE,0,WATCH,,0,0,0,NA,NA,NA,NA,NA,CLEAR,1,0,0,0,0,TREND_REVERSAL_UNCONFIRMED,1,0.45,LONG,1,0,0,0
BNBUSDT,1775088000000,2026-04-02T00:00:00.000Z,BEAR,LONG,0,7.875,IGNORE,0,WATCH,,0,0,0,NA,NA,NA,NA,NA,CLEAR,1,0,0,0,0,TREND_REVERSAL_UNCONFIRMED,0,0.45,LONG,1,0,0,0
BNBUSDT,1775091600000,2026-04-02T01:00:00.000Z,BEAR,LONG,25,13.5,IGNORE,0,WATCH,,0,0,0,NA,NA,NA,NA,NA,CLEAR,1,0,0,0,0,TREND_REVERSAL_UNCONFIRMED,1,0.45,LONG,1,0,0,0
BNBUSDT,1775095200000,2026-04-02T02:00:00.000Z,BEAR,LONG,25,13.5,IGNORE,0,WATCH,,0,0,0,NA,NA,NA,NA,NA,CLEAR,1,0,0,0,0,TREND_REVERSAL_UNCONFIRMED,1,0.45,LONG,1,0,0,0
BNBUSDT,1775098800000,2026-04-02T03:00:00.000Z,BEAR,LONG,37.61046328330915,18.149323983560596,IGNORE,0,WATCH,,0,0,0,NA,NA,NA,NA,NA,CLEAR,1,0,1,0,0,TREND_REVERSAL_UNCONFIRMED,2,0.45,LONG,1,0,0,0
BNBUSDT,1775102400000,2026-04-02T04:00:00.000Z,BEAR,LONG,38.87052074907905,18.24855350898998,IGNORE,0,WATCH,,0,0,0,NA,NA,NA,NA,NA,CLEAR,1,0,1,0,0,TREND_REVERSAL_UNCONFIRMED,2,0.45,LONG,1,0,0,0
BNBUSDT,1775106000000,2026-04-02T05:00:00.000Z,BEAR,LONG,37.67501970922656,18.15440780210159,IGNORE,0,WATCH,,0,0,0,NA,NA,NA,NA,NA,CLEAR,1,0,0,0,0,TREND_REVERSAL_UNCONFIRMED,2,0.45,LONG,1,0,0,0
BNBUSDT,1775109600000,2026-04-02T06:00:00.000Z,BEAR,LONG,0,7.875,IGNORE,0,WATCH,,0,0,0,NA,NA,NA,NA,NA,CLEAR,1,0,0,0,0,TREND_REVERSAL_UNCONFIRMED,0,0.45,LONG,1,0,0,0
BNBUSDT,1775113200000,2026-04-02T07:00:00.000Z,BEAR,LONG,0,7.875,IGNORE,0,WATCH,,0,0,0,NA,NA,NA,NA,NA,CLEAR,1,0,0,0,0,TREND_REVERSAL_UNCONFIRMED,0,0.45,LONG,1,0,0,0
BNBUSDT,1775116800000,2026-04-02T08:00:00.000Z,BEAR,LONG,0,7.875,IGNORE,0,WATCH,,0,0,0,NA,NA,NA,NA,NA,CLEAR,1,0,0,0,0,TREND_REVERSAL_UNCONFIRMED,0,0.45,LONG,1,0,0,0
BNBUSDT,1775120400000,2026-04-02T09:00:00.000Z,BEAR,LONG,13.710160414350447,12.610925132630099,IGNORE,0,WATCH,,0,0,0,NA,NA,NA,NA,NA,CLEAR,1,0,0,0,0,TREND_REVERSAL_UNCONFIRMED,1,0.45,LONG,1,0,0,0
BNBUSDT,1775124000000,2026-04-02T10:00:00.000Z,BEAR,LONG,33.724253131498116,17.843284934105476,IGNORE,0,WATCH,,0,0,0,NA,NA,NA,NA,NA,CLEAR,1,0,1,0,0,TREND_REVERSAL_UNCONFIRMED,2,0.45,LONG,1,0,0,0
BNBUSDT,1775127600000,2026-04-02T11:00:00.000Z,BEAR,LONG,35.97878938930024,18.020829664407394,IGNORE,0,WATCH,,0,0,0,NA,NA,NA,NA,NA,CLEAR,1,0,1,0,0,TREND_REVERSAL_UNCONFIRMED,2,0.45,LONG,1,0,0,0
BNBUSDT,1775131200000,2026-04-02T12:00:00.000Z,BEAR,LONG,39.84938902387727,18.325639385630335,IGNORE,0,WATCH,,0,0,0,NA,NA,NA,NA,NA,CLEAR,1,0,1,0,0,TREND_REVERSAL_UNCONFIRMED,2,0.45,LONG,1,0,0,0
BNBUSDT,1775134800000,2026-04-02T13:00:00.000Z,BEAR,LONG,41.666666666666664,18.46875,IGNORE,0,WATCH,,0,0,0,NA,NA,NA,NA,NA,CLEAR,1,0,1,0,0,TREND_REVERSAL_UNCONFIRMED,2,0.45,LONG,1,0,0,0
BNBUSDT,1775138400000,2026-04-02T14:00:00.000Z,BEAR,LONG,37.84722222222222,18.16796875,IGNORE,0,WATCH,,0,0,0,NA,NA,NA,NA,NA,CLEAR,1,0,0,0,0,TREND_REVERSAL_UNCONFIRMED,2,0.45,LONG,1,0,0,0
BNBUSDT,1775142000000,2026-04-02T15:00:00.000Z,BEAR,LONG,26.388064464739827,17.265560076598263,IGNORE,0,WATCH,,0,0,0,NA,NA,NA,NA,NA,CLEAR,1,0,0,0,0,TREND_REVERSAL_UNCONFIRMED,2,0.45,LONG,1,0,0,0
BNBUSDT,1775145600000,2026-04-02T16:00:00.000Z,BEAR,LONG,40.169443859085185,18.350843703902957,IGNORE,0,WATCH,,0,0,0,NA,NA,NA,NA,NA,CLEAR,1,0,0,0,0,TREND_REVERSAL_UNCONFIRMED,2,0.45,LONG,1,0,0,0
BNBUSDT,1775149200000,2026-04-02T17:00:00.000Z,BEAR,LONG,12.928092525884455,12.549337286413401,IGNORE,0,WATCH,,0,0,0,NA,NA,NA,NA,NA,WARNING_SOFT,1,0,0,0,0,TREND_REVERSAL_UNCONFIRMED,1,0.45,LONG,1,0,0,0
BNBUSDT,1775152800000,2026-04-02T18:00:00.000Z,BEAR,LONG,0,7.875,IGNORE,0,WATCH,,0,0,0,NA,NA,NA,NA,NA,CLEAR,1,0,0,0,0,TREND_REVERSAL_UNCONFIRMED,0,0.45,LONG,1,0,0,0
BNBUSDT,1775156400000,2026-04-02T19:00:00.000Z,BEAR,LONG,0,7.875,IGNORE,0,WATCH,,0,0,0,NA,NA,NA,NA,NA,WARNING_SOFT,1,0,0,0,0,TREND_REVERSAL_UNCONFIRMED,0,0.45,LONG,1,0,0,0
BNBUSDT,1775160000000,2026-04-02T20:00:00.000Z,BEAR,LONG,0,7.875,IGNORE,0,WATCH,,0,0,0,NA,NA,NA,NA,NA,WARNING_SOFT,1,0,0,0,0,TREND_REVERSAL_UNCONFIRMED,0,0.45,LONG,1,0,0,0
BNBUSDT,1775163600000,2026-04-02T21:00:00.000Z,BEAR,LONG,0,7.875,IGNORE,0,WATCH,,0,0,0,NA,NA,NA,NA,NA,WARNING_SOFT,1,0,0,0,0,TREND_REVERSAL_UNCONFIRMED,0,0.45,LONG,1,0,0,0
BNBUSDT,1775167200000,2026-04-02T22:00:00.000Z,BEAR,LONG,0,7.875,IGNORE,0,WATCH,,0,0,0,NA,NA,NA,NA,NA,WARNING_SOFT,1,0,0,0,0,TREND_REVERSAL_UNCONFIRMED,0,0.45,LONG,1,0,0,0
BNBUSDT,1775170800000,2026-04-02T23:00:00.000Z,BEAR,LONG,0,7.875,IGNORE,0,WATCH,,0,0,0,NA,NA,NA,NA,NA,WARNING_SOFT,1,0,0,0,0,TREND_REVERSAL_UNCONFIRMED,0,0.45,LONG,1,0,0,0
BNBUSDT,1775174400000,2026-04-03T00:00:00.000Z,BEAR,LONG,0,7.875,IGNORE,0,WATCH,,0,0,0,NA,NA,NA,NA,NA,WARNING_SOFT,1,0,0,0,0,TREND_REVERSAL_UNCONFIRMED,0,0.45,LONG,1,0,0,0
BNBUSDT,1775178000000,2026-04-03T01:00:00.000Z,BEAR,LONG,25,13.5,IGNORE,0,WATCH,,0,0,0,NA,NA,NA,NA,NA,WARNING_SOFT,1,0,0,0,0,TREND_REVERSAL_UNCONFIRMED,1,0.45,LONG,1,0,0,0
BNBUSDT,1775181600000,2026-04-03T02:00:00.000Z,BEAR,LONG,0,7.875,IGNORE,0,WATCH,,0,0,0,NA,NA,NA,NA,NA,WARNING_SOFT,1,0,0,0,0,TREND_REVERSAL_UNCONFIRMED,0,0.45,LONG,1,0,0,0
BNBUSDT,1775185200000,2026-04-03T03:00:00.000Z,NEUTRAL,NONE,0,7.875,IGNORE,0,WATCH,,0,0,0,NA,NA,NA,NA,NA,WARNING_SOFT,1,0,0,0,0,TREND_REVERSAL_UNCONFIRMED,0,0.45,NONE,1,0,0,0
BNBUSDT,1775188800000,2026-04-03T04:00:00.000Z,NEUTRAL,NONE,0,7.875,IGNORE,0,WATCH,,0,0,0,NA,NA,NA,NA,NA,WARNING_SOFT,1,0,0,0,0,TREND_REVERSAL_UNCONFIRMED,0,0.45,NONE,1,0,0,0
BNBUSDT,1775192400000,2026-04-03T05:00:00.000Z,NEUTRAL,NONE,0,7.875,IGNORE,0,WATCH,,0,0,0,NA,NA,NA,NA,NA,WARNING_SOFT,1,0,0,0,0,TREND_REVERSAL_UNCONFIRMED,0,0.45,NONE,1,0,0,0
BNBUSDT,1775196000000,2026-04-03T06:00:00.000Z,NEUTRAL,NONE,0,7.875,IGNORE,0,WATCH,,0,0,0,NA,NA,NA,NA,NA,WARNING_HARD,1,0,0,0,0,TREND_REVERSAL_UNCONFIRMED,0,0.45,NONE,1,0,0,0
BNBUSDT,1775199600000,2026-04-03T07:00:00.000Z,NEUTRAL,NONE,0,7.875,IGNORE,0,WATCH,,0,0,0,NA,NA,NA,NA,NA,CLEAR,1,0,0,0,0,TREND_REVERSAL_UNCONFIRMED,0,0.45,NONE,1,0,0,0
BNBUSDT,1775203200000,2026-04-03T08:00:00.000Z,BEAR,LONG,17.5,12.909375,IGNORE,0,WATCH,,0,0,0,NA,NA,NA,NA,NA,WARNING_SOFT,1,0,0,0,0,TREND_REVERSAL_UNCONFIRMED,1,0.45,LONG,1,0,0,0
BNBUSDT,1775206800000,2026-04-03T09:00:00.000Z,BEAR,LONG,17.5,12.909375,IGNORE,0,WATCH,,0,0,0,NA,NA,NA,NA,NA,WARNING_HARD,1,0,0,0,0,TREND_REVERSAL_UNCONFIRMED,1,0.45,LONG,1,0,0,0
BNBUSDT,1775210400000,2026-04-03T10:00:00.000Z,NEUTRAL,NONE,0,7.875,IGNORE,0,WATCH,,0,0,0,NA,NA,NA,NA,NA,WARNING_SOFT,1,0,0,0,0,TREND_REVERSAL_UNCONFIRMED,0,0.45,NONE,1,0,0,0
BNBUSDT,1775214000000,2026-04-03T11:00:00.000Z,NEUTRAL,NONE,0,7.875,IGNORE,0,WATCH,,0,0,0,NA,NA,NA,NA,NA,CLEAR,1,0,0,0,0,TREND_REVERSAL_UNCONFIRMED,0,0.45,NONE,1,0,0,0
BNBUSDT,1775217600000,2026-04-03T12:00:00.000Z,BEAR,LONG,33.126394429003696,17.79620356128404,IGNORE,0,WATCH,,0,0,0,NA,NA,NA,NA,NA,WARNING_SOFT,1,0,0,0,0,TREND_REVERSAL_UNCONFIRMED,2,0.45,LONG,1,0,0,0
BNBUSDT,1775221200000,2026-04-03T13:00:00.000Z,NEUTRAL,NONE,0,7.875,IGNORE,0,WATCH,,0,0,0,NA,NA,NA,NA,NA,WARNING_HARD,1,0,0,0,0,TREND_REVERSAL_UNCONFIRMED,0,0.45,NONE,1,0,0,0
BNBUSDT,1775224800000,2026-04-03T14:00:00.000Z,NEUTRAL,NONE,0,7.875,IGNORE,0,WATCH,,0,0,0,NA,NA,NA,NA,NA,CLEAR,1,0,0,0,0,TREND_REVERSAL_UNCONFIRMED,0,0.45,NONE,1,0,0,0
BNBUSDT,1775228400000,2026-04-03T15:00:00.000Z,NEUTRAL,NONE,0,7.875,IGNORE,0,WATCH,,0,0,0,NA,NA,NA,NA,NA,CLEAR,1,0,0,0,0,TREND_REVERSAL_UNCONFIRMED,0,0.45,NONE,1,0,0,0
BNBUSDT,1775232000000,2026-04-03T16:00:00.000Z,NEUTRAL,NONE,0,7.875,IGNORE,0,WATCH,,0,0,0,NA,NA,NA,NA,NA,CLEAR,1,0,0,0,0,TREND_REVERSAL_UNCONFIRMED,0,0.45,NONE,1,0,0,0
BNBUSDT,1775235600000,2026-04-03T17:00:00.000Z,NEUTRAL,NONE,0,7.875,IGNORE,0,WATCH,,0,0,0,NA,NA,NA,NA,NA,WARNING_SOFT,1,0,0,0,0,TREND_REVERSAL_UNCONFIRMED,0,0.45,NONE,1,0,0,0
BNBUSDT,1775239200000,2026-04-03T18:00:00.000Z,NEUTRAL,NONE,0,7.875,IGNORE,0,WATCH,,0,0,0,NA,NA,NA,NA,NA,WARNING_SOFT,1,0,0,0,0,TREND_REVERSAL_UNCONFIRMED,0,0.45,NONE,1,0,0,0
BNBUSDT,1775242800000,2026-04-03T19:00:00.000Z,NEUTRAL,NONE,0,7.875,IGNORE,0,WATCH,,0,0,0,NA,NA,NA,NA,NA,CLEAR,1,0,0,0,0,TREND_REVERSAL_UNCONFIRMED,0,0.45,NONE,1,0,0,0
BNBUSDT,1775246400000,2026-04-03T20:00:00.000Z,NEUTRAL,NONE,0,7.875,IGNORE,0,WATCH,,0,0,0,NA,NA,NA,NA,NA,WARNING_SOFT,1,0,0,0,0,TREND_REVERSAL_UNCONFIRMED,0,0.45,NONE,1,0,0,0
BNBUSDT,1775250000000,2026-04-03T21:00:00.000Z,NEUTRAL,NONE,0,7.875,IGNORE,0,WATCH,,0,0,0,NA,NA,NA,NA,NA,CLEAR,1,0,0,0,0,TREND_REVERSAL_UNCONFIRMED,0,0.45,NONE,1,0,0,0
BNBUSDT,1775253600000,2026-04-03T22:00:00.000Z,BEAR,LONG,42.5,18.534375,IGNORE,0,WATCH,,0,0,0,NA,NA,NA,NA,NA,WARNING_SOFT,1,0,0,0,0,TREND_REVERSAL_UNCONFIRMED,2,0.45,LONG,1,0,0,0
BNBUSDT,1775257200000,2026-04-03T23:00:00.000Z,NEUTRAL,NONE,0,7.875,IGNORE,0,WATCH,,0,0,0,NA,NA,NA,NA,NA,WARNING_SOFT,1,0,0,0,0,TREND_REVERSAL_UNCONFIRMED,0,0.45,NONE,1,0,0,0
BNBUSDT,1775260800000,2026-04-04T00:00:00.000Z,NEUTRAL,NONE,0,7.875,IGNORE,0,WATCH,,0,0,0,NA,NA,NA,NA,NA,CLEAR,1,0,0,0,0,TREND_REVERSAL_UNCONFIRMED,0,0.45,NONE,1,0,0,0
BNBUSDT,1775264400000,2026-04-04T01:00:00.000Z,NEUTRAL,NONE,0,7.875,IGNORE,0,WATCH,,0,0,0,NA,NA,NA,NA,NA,WARNING_SOFT,1,0,0,0,0,TREND_REVERSAL_UNCONFIRMED,0,0.45,NONE,1,0,0,0
BNBUSDT,1775268000000,2026-04-04T02:00:00.000Z,NEUTRAL,NONE,0,7.875,IGNORE,0,WATCH,,0,0,0,NA,NA,NA,NA,NA,WARNING_SOFT,1,0,0,0,0,TREND_REVERSAL_UNCONFIRMED,0,0.45,NONE,1,0,0,0
BNBUSDT,1775271600000,2026-04-04T03:00:00.000Z,NEUTRAL,NONE,0,7.875,IGNORE,0,WATCH,,0,0,0,NA,NA,NA,NA,NA,WARNING_SOFT,1,0,0,0,0,TREND_REVERSAL_UNCONFIRMED,0,0.45,NONE,1,0,0,0
BNBUSDT,1775275200000,2026-04-04T04:00:00.000Z,NEUTRAL,NONE,0,7.875,IGNORE,0,WATCH,,0,0,0,NA,NA,NA,NA,NA,WARNING_SOFT,1,0,0,0,0,TREND_REVERSAL_UNCONFIRMED,0,0.45,NONE,1,0,0,0
BNBUSDT,1775278800000,2026-04-04T05:00:00.000Z,NEUTRAL,NONE,0,7.875,IGNORE,0,WATCH,,0,0,0,NA,NA,NA,NA,NA,WARNING_SOFT,1,0,0,0,0,TREND_REVERSAL_UNCONFIRMED,0,0.45,NONE,1,0,0,0
BNBUSDT,1775282400000,2026-04-04T06:00:00.000Z,NEUTRAL,NONE,0,7.875,IGNORE,0,WATCH,,0,0,0,NA,NA,NA,NA,NA,CLEAR,1,0,0,0,0,TREND_REVERSAL_UNCONFIRMED,0,0.45,NONE,1,0,0,0
BNBUSDT,1775286000000,2026-04-04T07:00:00.000Z,NEUTRAL,NONE,0,7.875,IGNORE,0,WATCH,,0,0,0,NA,NA,NA,NA,NA,CLEAR,1,0,0,0,0,TREND_REVERSAL_UNCONFIRMED,0,0.45,NONE,1,0,0,0
BNBUSDT,1775289600000,2026-04-04T08:00:00.000Z,NEUTRAL,NONE,0,7.875,IGNORE,0,WATCH,,0,0,0,NA,NA,NA,NA,NA,CLEAR,1,0,0,0,0,TREND_REVERSAL_UNCONFIRMED,0,0.45,NONE,1,0,0,0
BNBUSDT,1775293200000,2026-04-04T09:00:00.000Z,NEUTRAL,NONE,0,7.875,IGNORE,0,WATCH,,0,0,0,NA,NA,NA,NA,NA,CLEAR,1,0,0,0,0,TREND_REVERSAL_UNCONFIRMED,0,0.45,NONE,1,0,0,0
BNBUSDT,1775296800000,2026-04-04T10:00:00.000Z,NEUTRAL,NONE,0,7.875,IGNORE,0,WATCH,,0,0,0,NA,NA,NA,NA,NA,CLEAR,1,0,0,0,0,TREND_REVERSAL_UNCONFIRMED,0,0.45,NONE,1,0,0,0
BNBUSDT,1775300400000,2026-04-04T11:00:00.000Z,NEUTRAL,NONE,0,7.875,IGNORE,0,WATCH,,0,0,0,NA,NA,NA,NA,NA,WARNING_SOFT,1,0,0,0,0,TREND_REVERSAL_UNCONFIRMED,0,0.45,NONE,1,0,0,0
BNBUSDT,1775304000000,2026-04-04T12:00:00.000Z,NEUTRAL,NONE,0,7.875,IGNORE,0,WATCH,,0,0,0,NA,NA,NA,NA,NA,WARNING_SOFT,1,0,0,0,0,TREND_REVERSAL_UNCONFIRMED,0,0.45,NONE,1,0,0,0
BNBUSDT,1775307600000,2026-04-04T13:00:00.000Z,NEUTRAL,NONE,0,7.875,IGNORE,0,WATCH,,0,0,0,NA,NA,NA,NA,NA,CLEAR,1,0,0,0,0,TREND_REVERSAL_UNCONFIRMED,0,0.45,NONE,1,0,0,0
BNBUSDT,1775311200000,2026-04-04T14:00:00.000Z,NEUTRAL,NONE,0,7.875,IGNORE,0,WATCH,,0,0,0,NA,NA,NA,NA,NA,CLEAR,1,0,0,0,0,TREND_REVERSAL_UNCONFIRMED,0,0.45,NONE,1,0,0,0
BNBUSDT,1775314800000,2026-04-04T15:00:00.000Z,NEUTRAL,NONE,0,7.875,IGNORE,0,WATCH,,0,0,0,NA,NA,NA,NA,NA,CLEAR,1,0,0,0,0,TREND_REVERSAL_UNCONFIRMED,0,0.45,NONE,1,0,0,0
BNBUSDT,1775318400000,2026-04-04T16:00:00.000Z,NEUTRAL,NONE,0,7.875,IGNORE,0,WATCH,,0,0,0,NA,NA,NA,NA,NA,CLEAR,1,0,0,0,0,TREND_REVERSAL_UNCONFIRMED,0,0.45,NONE,1,0,0,0
BNBUSDT,1775322000000,2026-04-04T17:00:00.000Z,NEUTRAL,NONE,0,7.875,IGNORE,0,WATCH,,0,0,0,NA,NA,NA,NA,NA,CLEAR,1,0,0,0,0,TREND_REVERSAL_UNCONFIRMED,0,0.45,NONE,1,0,0,0
BNBUSDT,1775325600000,2026-04-04T18:00:00.000Z,NEUTRAL,NONE,0,7.875,IGNORE,0,WATCH,,0,0,0,NA,NA,NA,NA,NA,CLEAR,1,0,0,0,0,TREND_REVERSAL_UNCONFIRMED,0,0.45,NONE,1,0,0,0
BNBUSDT,1775329200000,2026-04-04T19:00:00.000Z,BULL,SHORT,37.84722222222222,18.16796875,IGNORE,0,WATCH,,0,0,0,NA,NA,NA,NA,NA,CLEAR,1,1,0,0,0,TREND_REVERSAL_UNCONFIRMED,2,0.45,SHORT,1,0,0,0
BNBUSDT,1775332800000,2026-04-04T20:00:00.000Z,BULL,SHORT,16.319444444444443,12.81640625,IGNORE,0,WATCH,,0,0,0,NA,NA,NA,NA,NA,CLEAR,1,0,0,0,0,TREND_REVERSAL_UNCONFIRMED,1,0.45,SHORT,1,0,0,0
BNBUSDT,1775336400000,2026-04-04T21:00:00.000Z,BULL,SHORT,43.05555555555556,18.578125,IGNORE,0,WATCH,,0,0,0,NA,NA,NA,NA,NA,CLEAR,1,0,0,0,0,TREND_REVERSAL_UNCONFIRMED,2,0.45,SHORT,1,0,0,0
BNBUSDT,1775340000000,2026-04-04T22:00:00.000Z,BULL,SHORT,0,7.875,IGNORE,0,WATCH,,0,0,0,NA,NA,NA,NA,NA,CLEAR,1,0,0,0,0,TREND_REVERSAL_UNCONFIRMED,0,0.45,SHORT,1,0,0,0
BNBUSDT,1775343600000,2026-04-04T23:00:00.000Z,BULL,SHORT,0,7.875,IGNORE,0,WATCH,,0,0,0,NA,NA,NA,NA,NA,CLEAR,1,0,0,0,0,TREND_REVERSAL_UNCONFIRMED,0,0.45,SHORT,1,0,0,0
BNBUSDT,1775347200000,2026-04-05T00:00:00.000Z,BULL,SHORT,0,7.875,IGNORE,0,WATCH,,0,0,0,NA,NA,NA,NA,NA,CLEAR,1,0,0,0,0,TREND_REVERSAL_UNCONFIRMED,0,0.45,SHORT,1,0,0,0
BNBUSDT,1775350800000,2026-04-05T01:00:00.000Z,BULL,SHORT,0,7.875,IGNORE,0,WATCH,,0,0,0,NA,NA,NA,NA,NA,BLOCK,0,0,0,0,0,TREND_REVERSAL_UNCONFIRMED,0,0.45,SHORT,1,0,0,0
BNBUSDT,1775354400000,2026-04-05T02:00:00.000Z,BULL,SHORT,0,7.875,IGNORE,0,WATCH,,0,0,0,NA,NA,NA,NA,NA,WARNING_SOFT,1,0,0,0,0,TREND_REVERSAL_UNCONFIRMED,0,0.45,SHORT,1,0,0,0
BNBUSDT,1775358000000,2026-04-05T03:00:00.000Z,BULL,SHORT,0,7.875,IGNORE,0,WATCH,,0,0,0,NA,NA,NA,NA,NA,WARNING_SOFT,1,0,0,0,0,TREND_REVERSAL_UNCONFIRMED,0,0.45,SHORT,1,0,0,0
BNBUSDT,1775361600000,2026-04-05T04:00:00.000Z,BULL,SHORT,0,7.875,IGNORE,0,WATCH,,0,0,0,NA,NA,NA,NA,NA,WARNING_SOFT,1,0,0,0,0,TREND_REVERSAL_UNCONFIRMED,0,0.45,SHORT,1,0,0,0
BNBUSDT,1775365200000,2026-04-05T05:00:00.000Z,BULL,SHORT,0,7.875,IGNORE,0,WATCH,,0,0,0,NA,NA,NA,NA,NA,WARNING_SOFT,1,0,0,0,0,TREND_REVERSAL_UNCONFIRMED,0,0.45,SHORT,1,0,0,0
BNBUSDT,1775368800000,2026-04-05T06:00:00.000Z,NEUTRAL,NONE,0,7.875,IGNORE,0,WATCH,,0,0,0,NA,NA,NA,NA,NA,BLOCK,0,0,0,0,0,TREND_REVERSAL_UNCONFIRMED,0,0.45,NONE,1,0,0,0
BNBUSDT,1775372400000,2026-04-05T07:00:00.000Z,NEUTRAL,NONE,0,7.875,IGNORE,0,WATCH,,0,0,0,NA,NA,NA,NA,NA,WARNING_SOFT,1,0,0,0,0,TREND_REVERSAL_UNCONFIRMED,0,0.45,NONE,1,0,0,0
BNBUSDT,1775376000000,2026-04-05T08:00:00.000Z,BULL,SHORT,17.5,12.909375,IGNORE,0,WATCH,,0,0,0,NA,NA,NA,NA,NA,WARNING_SOFT,1,0,0,0,0,TREND_REVERSAL_UNCONFIRMED,1,0.45,SHORT,1,0,0,0
BNBUSDT,1775379600000,2026-04-05T09:00:00.000Z,BULL,SHORT,17.5,12.909375,IGNORE,0,WATCH,,0,0,0,NA,NA,NA,NA,NA,WARNING_SOFT,1,0,0,0,0,TREND_REVERSAL_UNCONFIRMED,1,0.45,SHORT,1,0,0,0
BNBUSDT,1775383200000,2026-04-05T10:00:00.000Z,BULL,SHORT,30.422360621702317,17.583260898959058,IGNORE,0,WATCH,,0,0,0,NA,NA,NA,NA,NA,WARNING_SOFT,1,0,0,0,0,TREND_REVERSAL_UNCONFIRMED,2,0.45,SHORT,1,0,0,0
BNBUSDT,1775386800000,2026-04-05T11:00:00.000Z,BULL,SHORT,42.5,18.534375,IGNORE,0,WATCH,,0,0,0,NA,NA,NA,NA,NA,WARNING_SOFT,1,0,0,0,0,TREND_REVERSAL_UNCONFIRMED,2,0.45,SHORT,1,0,0,0
BNBUSDT,1775390400000,2026-04-05T12:00:00.000Z,NEUTRAL,NONE,0,7.875,IGNORE,0,WATCH,,0,0,0,NA,NA,NA,NA,NA,WARNING_SOFT,1,0,0,0,0,TREND_REVERSAL_UNCONFIRMED,0,0.45,NONE,1,0,0,0
BNBUSDT,1775394000000,2026-04-05T13:00:00.000Z,NEUTRAL,NONE,0,7.875,IGNORE,0,WATCH,,0,0,0,NA,NA,NA,NA,NA,BLOCK,0,0,1,0,0,TREND_REVERSAL_UNCONFIRMED,0,0.45,NONE,1,0,0,0
BNBUSDT,1775397600000,2026-04-05T14:00:00.000Z,NEUTRAL,NONE,0,7.875,IGNORE,0,WATCH,,0,0,0,NA,NA,NA,NA,NA,WARNING_SOFT,1,0,0,0,0,TREND_REVERSAL_UNCONFIRMED,0,0.45,NONE,1,0,0,0
BNBUSDT,1775401200000,2026-04-05T15:00:00.000Z,BULL,SHORT,25,13.5,IGNORE,0,WATCH,,0,0,0,NA,NA,NA,NA,NA,WARNING_SOFT,1,0,0,0,0,TREND_REVERSAL_UNCONFIRMED,1,0.45,SHORT,1,0,0,0
BNBUSDT,1775404800000,2026-04-05T16:00:00.000Z,BULL,SHORT,0,7.875,IGNORE,0,WATCH,,0,0,0,NA,NA,NA,NA,NA,CLEAR,1,0,0,0,0,TREND_REVERSAL_UNCONFIRMED,0,0.45,SHORT,1,0,0,0
BNBUSDT,1775408400000,2026-04-05T17:00:00.000Z,BULL,SHORT,25,13.5,IGNORE,0,WATCH,,0,0,0,NA,NA,NA,NA,NA,CLEAR,1,0,0,0,0,TREND_REVERSAL_UNCONFIRMED,1,0.45,SHORT,1,0,0,0
BNBUSDT,1775412000000,2026-04-05T18:00:00.000Z,BULL,SHORT,0,7.875,IGNORE,0,WATCH,,0,0,0,NA,NA,NA,NA,NA,CLEAR,1,0,0,0,0,TREND_REVERSAL_UNCONFIRMED,0,0.45,SHORT,1,0,0,0
BNBUSDT,1775415600000,2026-04-05T19:00:00.000Z,BULL,SHORT,0,7.875,IGNORE,0,WATCH,,0,0,0,NA,NA,NA,NA,NA,CLEAR,1,0,0,0,0,TREND_REVERSAL_UNCONFIRMED,0,0.45,SHORT,1,0,0,0
BNBUSDT,1775419200000,2026-04-05T20:00:00.000Z,BULL,SHORT,0,7.875,IGNORE,0,WATCH,,0,0,0,NA,NA,NA,NA,NA,WARNING_SOFT,1,0,0,0,0,TREND_REVERSAL_UNCONFIRMED,0,0.45,SHORT,1,0,0,0
BNBUSDT,1775422800000,2026-04-05T21:00:00.000Z,NEUTRAL,NONE,0,7.875,IGNORE,0,WATCH,,0,0,0,NA,NA,NA,NA,NA,WARNING_SOFT,1,0,0,0,0,TREND_REVERSAL_UNCONFIRMED,0,0.45,NONE,1,0,0,0
BNBUSDT,1775426400000,2026-04-05T22:00:00.000Z,BULL,SHORT,25,13.5,IGNORE,0,WATCH,,0,0,0,NA,NA,NA,NA,NA,BLOCK,0,0,0,0,0,TREND_REVERSAL_UNCONFIRMED,1,0.45,SHORT,1,0,0,0
BNBUSDT,1775430000000,2026-04-05T23:00:00.000Z,BULL,SHORT,25,13.5,IGNORE,0,WATCH,,0,0,0,NA,NA,NA,NA,NA,CLEAR,1,0,0,0,0,TREND_REVERSAL_UNCONFIRMED,1,0.45,SHORT,1,0,0,0
BNBUSDT,1775433600000,2026-04-06T00:00:00.000Z,BULL,SHORT,25,13.5,IGNORE,0,WATCH,,0,0,0,NA,NA,NA,NA,NA,CLEAR,1,1,0,0,0,TREND_REVERSAL_UNCONFIRMED,1,0.45,SHORT,1,0,0,0
BNBUSDT,1775437200000,2026-04-06T01:00:00.000Z,BULL,SHORT,25,13.5,IGNORE,0,WATCH,,0,0,0,NA,NA,NA,NA,NA,CLEAR,1,0,0,0,0,TREND_REVERSAL_UNCONFIRMED,1,0.45,SHORT,1,0,0,0
BNBUSDT,1775440800000,2026-04-06T02:00:00.000Z,BULL,SHORT,0,7.875,IGNORE,0,WATCH,,0,0,0,NA,NA,NA,NA,NA,CLEAR,1,0,0,0,0,TREND_REVERSAL_UNCONFIRMED,0,0.45,SHORT,1,0,0,0
BNBUSDT,1775444400000,2026-04-06T03:00:00.000Z,BULL,SHORT,0,7.875,IGNORE,0,WATCH,,0,0,0,NA,NA,NA,NA,NA,CLEAR,1,0,0,0,0,TREND_REVERSAL_UNCONFIRMED,0,0.45,SHORT,1,0,0,0
BNBUSDT,1775448000000,2026-04-06T04:00:00.000Z,BULL,SHORT,0,7.875,IGNORE,0,WATCH,,0,0,0,NA,NA,NA,NA,NA,CLEAR,1,0,0,0,0,TREND_REVERSAL_UNCONFIRMED,0,0.45,SHORT,1,0,0,0
BNBUSDT,1775451600000,2026-04-06T05:00:00.000Z,BULL,SHORT,0,7.875,IGNORE,0,WATCH,,0,0,0,NA,NA,NA,NA,NA,CLEAR,1,0,0,0,0,TREND_REVERSAL_UNCONFIRMED,0,0.45,SHORT,1,0,0,0
BNBUSDT,1775455200000,2026-04-06T06:00:00.000Z,BULL,SHORT,15.250112692737769,12.7321963745531,IGNORE,0,WATCH,,0,0,0,NA,NA,NA,NA,NA,CLEAR,1,0,0,0,0,TREND_REVERSAL_UNCONFIRMED,1,0.45,SHORT,1,0,0,0
BNBUSDT,1775458800000,2026-04-06T07:00:00.000Z,BULL,SHORT,15.950337962831032,12.787339114572944,IGNORE,0,WATCH,,0,0,0,NA,NA,NA,NA,NA,CLEAR,1,0,0,0,0,TREND_REVERSAL_UNCONFIRMED,1,0.45,SHORT,1,0,0,0
BNBUSDT,1775462400000,2026-04-06T08:00:00.000Z,BULL,SHORT,12.847222222222221,12.54296875,IGNORE,0,WATCH,,0,0,0,NA,NA,NA,NA,NA,CLEAR,1,0,0,0,0,TREND_REVERSAL_UNCONFIRMED,1,0.45,SHORT,1,0,0,0
BNBUSDT,1775466000000,2026-04-06T09:00:00.000Z,BULL,SHORT,18.44656976296395,12.983917368833412,IGNORE,0,WATCH,,0,0,0,NA,NA,NA,NA,NA,CLEAR,1,0,0,0,0,TREND_REVERSAL_UNCONFIRMED,1,0.45,SHORT,1,0,0,0
BNBUSDT,1775469600000,2026-04-06T10:00:00.000Z,BULL,SHORT,0,7.875,IGNORE,0,WATCH,,0,0,0,NA,NA,NA,NA,NA,CLEAR,1,0,0,0,0,TREND_REVERSAL_UNCONFIRMED,0,0.45,SHORT,1,0,0,0
BNBUSDT,1775473200000,2026-04-06T11:00:00.000Z,BULL,SHORT,0,7.875,IGNORE,0,WATCH,,0,0,0,NA,NA,NA,NA,NA,CLEAR,1,0,0,0,0,TREND_REVERSAL_UNCONFIRMED,0,0.45,SHORT,1,0,0,0
BNBUSDT,1775476800000,2026-04-06T12:00:00.000Z,BULL,SHORT,0,7.875,IGNORE,0,WATCH,,0,0,0,NA,NA,NA,NA,NA,CLEAR,1,0,0,0,0,TREND_REVERSAL_UNCONFIRMED,0,0.45,SHORT,1,0,0,0
BNBUSDT,1775480400000,2026-04-06T13:00:00.000Z,BULL,SHORT,0,7.875,IGNORE,0,WATCH,,0,0,0,NA,NA,NA,NA,NA,CLEAR,1,0,0,0,0,TREND_REVERSAL_UNCONFIRMED,0,0.45,SHORT,1,0,0,0
BNBUSDT,1775484000000,2026-04-06T14:00:00.000Z,BULL,SHORT,0,7.875,IGNORE,0,WATCH,,0,0,0,NA,NA,NA,NA,NA,CLEAR,1,0,0,0,0,TREND_REVERSAL_UNCONFIRMED,0,0.45,SHORT,1,0,0,0
BNBUSDT,1775487600000,2026-04-06T15:00:00.000Z,BULL,SHORT,37.84722222222222,18.16796875,IGNORE,0,WATCH,,0,0,0,NA,NA,NA,NA,NA,CLEAR,1,0,0,0,0,TREND_REVERSAL_UNCONFIRMED,2,0.45,SHORT,1,0,0,0
BNBUSDT,1775491200000,2026-04-06T16:00:00.000Z,BULL,SHORT,0,7.875,IGNORE,0,WATCH,,0,0,0,NA,NA,NA,NA,NA,CLEAR,1,0,0,0,0,TREND_REVERSAL_UNCONFIRMED,0,0.45,SHORT,1,0,0,0
BNBUSDT,1775494800000,2026-04-06T17:00:00.000Z,BULL,SHORT,0,7.875,IGNORE,0,WATCH,,0,0,0,NA,NA,NA,NA,NA,WARNING_SOFT,1,0,0,0,0,TREND_REVERSAL_UNCONFIRMED,0,0.45,SHORT,1,0,0,0
BNBUSDT,1775498400000,2026-04-06T18:00:00.000Z,BULL,SHORT,0,7.875,IGNORE,0,WATCH,,0,0,0,NA,NA,NA,NA,NA,WARNING_SOFT,1,0,0,0,0,TREND_REVERSAL_UNCONFIRMED,0,0.45,SHORT,1,0,0,0
BNBUSDT,1775502000000,2026-04-06T19:00:00.000Z,BULL,SHORT,17.5,12.909375,IGNORE,0,WATCH,,0,0,0,NA,NA,NA,NA,NA,CLEAR,1,0,0,0,0,TREND_REVERSAL_UNCONFIRMED,1,0.45,SHORT,1,0,0,0
BNBUSDT,1775505600000,2026-04-06T20:00:00.000Z,BULL,SHORT,42.5,18.534375,IGNORE,0,WATCH,,0,0,0,NA,NA,NA,NA,NA,CLEAR,1,0,0,0,0,TREND_REVERSAL_UNCONFIRMED,2,0.45,SHORT,1,0,0,0
BNBUSDT,1775509200000,2026-04-06T21:00:00.000Z,BULL,SHORT,17.5,12.909375,IGNORE,0,WATCH,,0,0,0,NA,NA,NA,NA,NA,WARNING_SOFT,1,0,0,0,0,TREND_REVERSAL_UNCONFIRMED,1,0.45,SHORT,1,0,0,0
BNBUSDT,1775512800000,2026-04-06T22:00:00.000Z,NEUTRAL,NONE,0,7.875,IGNORE,0,WATCH,,0,0,0,NA,NA,NA,NA,NA,WARNING_SOFT,1,0,0,0,0,TREND_REVERSAL_UNCONFIRMED,0,0.45,NONE,1,0,0,0
BNBUSDT,1775516400000,2026-04-06T23:00:00.000Z,NEUTRAL,NONE,0,7.875,IGNORE,0,WATCH,,0,0,0,NA,NA,NA,NA,NA,BLOCK,0,0,0,0,0,TREND_REVERSAL_UNCONFIRMED,0,0.45,NONE,1,0,0,0
BNBUSDT,1775520000000,2026-04-07T00:00:00.000Z,NEUTRAL,NONE,0,7.875,IGNORE,0,WATCH,,0,0,0,NA,NA,NA,NA,NA,WARNING_SOFT,1,0,0,0,0,TREND_REVERSAL_UNCONFIRMED,0,0.45,NONE,1,0,0,0
BNBUSDT,1775523600000,2026-04-07T01:00:00.000Z,NEUTRAL,NONE,0,7.875,IGNORE,0,WATCH,,0,0,0,NA,NA,NA,NA,NA,WARNING_SOFT,1,0,0,0,0,TREND_REVERSAL_UNCONFIRMED,0,0.45,NONE,1,0,0,0
BNBUSDT,1775527200000,2026-04-07T02:00:00.000Z,NEUTRAL,NONE,0,7.875,IGNORE,0,WATCH,,0,0,0,NA,NA,NA,NA,NA,WARNING_SOFT,1,0,0,0,0,TREND_REVERSAL_UNCONFIRMED,0,0.45,NONE,1,0,0,0
BNBUSDT,1775530800000,2026-04-07T03:00:00.000Z,NEUTRAL,NONE,0,7.875,IGNORE,0,WATCH,,0,0,0,NA,NA,NA,NA,NA,WARNING_SOFT,1,0,0,0,0,TREND_REVERSAL_UNCONFIRMED,0,0.45,NONE,1,0,0,0
BNBUSDT,1775534400000,2026-04-07T04:00:00.000Z,NEUTRAL,NONE,0,7.875,IGNORE,0,WATCH,,0,0,0,NA,NA,NA,NA,NA,WARNING_SOFT,1,0,0,0,0,TREND_REVERSAL_UNCONFIRMED,0,0.45,NONE,1,0,0,0
BNBUSDT,1775538000000,2026-04-07T05:00:00.000Z,NEUTRAL,NONE,0,7.875,IGNORE,0,WATCH,,0,0,0,NA,NA,NA,NA,NA,WARNING_SOFT,1,0,0,0,0,TREND_REVERSAL_UNCONFIRMED,0,0.45,NONE,1,0,0,0
BNBUSDT,1775541600000,2026-04-07T06:00:00.000Z,NEUTRAL,NONE,0,7.875,IGNORE,0,WATCH,,0,0,0,NA,NA,NA,NA,NA,WARNING_SOFT,1,0,0,0,0,TREND_REVERSAL_UNCONFIRMED,0,0.45,NONE,1,0,0,0
BNBUSDT,1775545200000,2026-04-07T07:00:00.000Z,NEUTRAL,NONE,0,7.875,IGNORE,0,WATCH,,0,0,0,NA,NA,NA,NA,NA,WARNING_SOFT,1,0,0,0,0,TREND_REVERSAL_UNCONFIRMED,0,0.45,NONE,1,0,0,0
BNBUSDT,1775548800000,2026-04-07T08:00:00.000Z,BULL,SHORT,30.5067782494581,17.589908787144825,IGNORE,0,WATCH,,0,0,0,NA,NA,NA,NA,NA,WARNING_SOFT,1,0,0,0,0,TREND_REVERSAL_UNCONFIRMED,2,0.45,SHORT,1,0,0,0
BNBUSDT,1775552400000,2026-04-07T09:00:00.000Z,BULL,SHORT,42.5,18.534375,IGNORE,0,WATCH,,0,0,0,NA,NA,NA,NA,NA,CLEAR,1,0,0,0,0,TREND_REVERSAL_UNCONFIRMED,2,0.45,SHORT,1,0,0,0
BNBUSDT,1775556000000,2026-04-07T10:00:00.000Z,NEUTRAL,NONE,0,7.875,IGNORE,0,WATCH,,0,0,0,NA,NA,NA,NA,NA,BLOCK,0,0,0,0,0,TREND_REVERSAL_UNCONFIRMED,0,0.45,NONE,1,0,0,0
BNBUSDT,1775559600000,2026-04-07T11:00:00.000Z,NEUTRAL,NONE,0,7.875,IGNORE,0,WATCH,,0,0,0,NA,NA,NA,NA,NA,BLOCK,0,0,0,0,0,TREND_REVERSAL_UNCONFIRMED,0,0.45,NONE,1,0,0,0
BNBUSDT,1775563200000,2026-04-07T12:00:00.000Z,NEUTRAL,NONE,0,7.875,IGNORE,0,WATCH,,0,0,0,NA,NA,NA,NA,NA,BLOCK,0,0,0,0,0,TREND_REVERSAL_UNCONFIRMED,0,0.45,NONE,1,0,0,0
BNBUSDT,1775566800000,2026-04-07T13:00:00.000Z,NEUTRAL,NONE,0,7.875,IGNORE,0,WATCH,,0,0,0,NA,NA,NA,NA,NA,WARNING_SOFT,1,0,0,0,0,TREND_REVERSAL_UNCONFIRMED,0,0.45,NONE,1,0,0,0
BNBUSDT,1775570400000,2026-04-07T14:00:00.000Z,NEUTRAL,NONE,0,7.875,IGNORE,0,WATCH,,0,0,0,NA,NA,NA,NA,NA,BLOCK,0,0,0,0,0,TREND_REVERSAL_UNCONFIRMED,0,0.45,NONE,1,0,0,0
BNBUSDT,1775574000000,2026-04-07T15:00:00.000Z,NEUTRAL,NONE,0,7.875,IGNORE,0,WATCH,,0,0,0,NA,NA,NA,NA,NA,WARNING_SOFT,1,0,0,0,0,TREND_REVERSAL_UNCONFIRMED,0,0.45,NONE,1,0,0,0
BNBUSDT,1775577600000,2026-04-07T16:00:00.000Z,BULL,SHORT,0,7.875,IGNORE,0,WATCH,,0,0,0,NA,NA,NA,NA,NA,WARNING_SOFT,1,0,0,0,0,TREND_REVERSAL_UNCONFIRMED,0,0.45,SHORT,1,0,0,0
BNBUSDT,1775581200000,2026-04-07T17:00:00.000Z,BULL,SHORT,0,7.875,IGNORE,0,WATCH,,0,0,0,NA,NA,NA,NA,NA,CLEAR,1,0,0,0,0,TREND_REVERSAL_UNCONFIRMED,0,0.45,SHORT,1,0,0,0
BNBUSDT,1775584800000,2026-04-07T18:00:00.000Z,BULL,SHORT,25,13.5,IGNORE,0,WATCH,,0,0,0,NA,NA,NA,NA,NA,WARNING_SOFT,1,0,0,0,0,TREND_REVERSAL_UNCONFIRMED,1,0.45,SHORT,1,0,0,0
BNBUSDT,1775588400000,2026-04-07T19:00:00.000Z,BULL,SHORT,13.053803438637638,12.559237020792715,IGNORE,0,WATCH,,0,0,0,NA,NA,NA,NA,NA,CLEAR,1,0,0,0,0,TREND_REVERSAL_UNCONFIRMED,1,0.45,SHORT,1,0,0,0
BNBUSDT,1775592000000,2026-04-07T20:00:00.000Z,BULL,SHORT,0,7.875,IGNORE,0,WATCH,,0,0,0,NA,NA,NA,NA,NA,CLEAR,1,0,0,0,0,TREND_REVERSAL_UNCONFIRMED,0,0.45,SHORT,1,0,0,0
BNBUSDT,1775595600000,2026-04-07T21:00:00.000Z,BULL,SHORT,18.97047306324087,13.02517475373022,IGNORE,0,WATCH,,0,0,0,NA,NA,NA,NA,NA,CLEAR,1,1,0,0,0,TREND_REVERSAL_UNCONFIRMED,1,0.45,SHORT,1,0,0,0
BNBUSDT,1775599200000,2026-04-07T22:00:00.000Z,BULL,SHORT,25,13.5,IGNORE,0,WATCH,,0,0,0,NA,NA,NA,NA,NA,CLEAR,1,1,0,0,0,TREND_REVERSAL_UNCONFIRMED,1,0.45,SHORT,1,0,0,0
BNBUSDT,1775602800000,2026-04-07T23:00:00.000Z,BULL,SHORT,25,13.5,IGNORE,0,WATCH,,0,0,0,NA,NA,NA,NA,NA,CLEAR,1,1,0,0,0,TREND_REVERSAL_UNCONFIRMED,1,0.45,SHORT,1,0,0,0
BNBUSDT,1775606400000,2026-04-08T00:00:00.000Z,BULL,SHORT,16.92585592518374,12.864161154108219,IGNORE,0,WATCH,,0,0,0,NA,NA,NA,NA,NA,CLEAR,1,0,0,0,0,TREND_REVERSAL_UNCONFIRMED,1,0.45,SHORT,1,0,0,0
BNBUSDT,1775610000000,2026-04-08T01:00:00.000Z,BULL,SHORT,0,7.875,IGNORE,0,WATCH,,0,0,0,NA,NA,NA,NA,NA,CLEAR,1,0,0,0,0,TREND_REVERSAL_UNCONFIRMED,0,0.45,SHORT,1,0,0,0
BNBUSDT,1775613600000,2026-04-08T02:00:00.000Z,BULL,SHORT,25,13.5,IGNORE,0,WATCH,,0,0,0,NA,NA,NA,NA,NA,CLEAR,1,0,0,0,0,TREND_REVERSAL_UNCONFIRMED,1,0.45,SHORT,1,0,0,0
BNBUSDT,1775617200000,2026-04-08T03:00:00.000Z,BULL,SHORT,0,7.875,IGNORE,0,WATCH,,0,0,0,NA,NA,NA,NA,NA,CLEAR,1,0,0,0,0,TREND_REVERSAL_UNCONFIRMED,0,0.45,SHORT,1,0,0,0
BNBUSDT,1775620800000,2026-04-08T04:00:00.000Z,BULL,SHORT,0,7.875,IGNORE,0,WATCH,,0,0,0,NA,NA,NA,NA,NA,CLEAR,1,0,0,0,0,TREND_REVERSAL_UNCONFIRMED,0,0.45,SHORT,1,0,0,0
BNBUSDT,1775624400000,2026-04-08T05:00:00.000Z,BULL,SHORT,0,7.875,IGNORE,0,WATCH,,0,0,0,NA,NA,NA,NA,NA,CLEAR,1,0,0,0,0,TREND_REVERSAL_UNCONFIRMED,0,0.45,SHORT,1,0,0,0
BNBUSDT,1775628000000,2026-04-08T06:00:00.000Z,BULL,SHORT,0,7.875,IGNORE,0,WATCH,,0,0,0,NA,NA,NA,NA,NA,CLEAR,1,0,0,0,0,TREND_REVERSAL_UNCONFIRMED,0,0.45,SHORT,1,0,0,0
BNBUSDT,1775631600000,2026-04-08T07:00:00.000Z,BULL,SHORT,0,7.875,IGNORE,0,WATCH,,0,0,0,NA,NA,NA,NA,NA,CLEAR,1,0,0,0,0,TREND_REVERSAL_UNCONFIRMED,0,0.45,SHORT,1,0,0,0
BNBUSDT,1775635200000,2026-04-08T08:00:00.000Z,BULL,SHORT,0,7.875,IGNORE,0,WATCH,,0,0,0,NA,NA,NA,NA,NA,WARNING_SOFT,1,0,0,0,0,TREND_REVERSAL_UNCONFIRMED,0,0.45,SHORT,1,0,0,0
BNBUSDT,1775638800000,2026-04-08T09:00:00.000Z,BULL,SHORT,17.5,12.909375,IGNORE,0,WATCH,,0,0,0,NA,NA,NA,NA,NA,WARNING_SOFT,1,0,0,0,0,TREND_REVERSAL_UNCONFIRMED,1,0.45,SHORT,1,0,0,0
BNBUSDT,1775642400000,2026-04-08T10:00:00.000Z,BULL,SHORT,17.5,12.909375,IGNORE,0,WATCH,,0,0,0,NA,NA,NA,NA,NA,WARNING_SOFT,1,0,0,0,0,TREND_REVERSAL_UNCONFIRMED,1,0.45,SHORT,1,0,0,0
BNBUSDT,1775646000000,2026-04-08T11:00:00.000Z,BULL,SHORT,17.5,12.909375,IGNORE,0,WATCH,,0,0,0,NA,NA,NA,NA,NA,WARNING_SOFT,1,0,0,0,0,TREND_REVERSAL_UNCONFIRMED,1,0.45,SHORT,1,0,0,0
BNBUSDT,1775649600000,2026-04-08T12:00:00.000Z,BULL,SHORT,17.5,12.909375,IGNORE,0,WATCH,,0,0,0,NA,NA,NA,NA,NA,BLOCK,0,0,0,0,0,TREND_REVERSAL_UNCONFIRMED,1,0.45,SHORT,1,0,0,0
BNBUSDT,1775653200000,2026-04-08T13:00:00.000Z,NEUTRAL,NONE,0,7.875,IGNORE,0,WATCH,,0,0,0,NA,NA,NA,NA,NA,BLOCK,0,0,0,0,0,TREND_REVERSAL_UNCONFIRMED,0,0.45,NONE,1,0,0,0
BNBUSDT,1775656800000,2026-04-08T14:00:00.000Z,NEUTRAL,NONE,0,7.875,IGNORE,0,WATCH,,0,0,0,NA,NA,NA,NA,NA,BLOCK,0,0,0,0,0,TREND_REVERSAL_UNCONFIRMED,0,0.45,NONE,1,0,0,0
BNBUSDT,1775660400000,2026-04-08T15:00:00.000Z,NEUTRAL,NONE,0,7.875,IGNORE,0,WATCH,,0,0,0,NA,NA,NA,NA,NA,WARNING_SOFT,1,0,0,0,0,TREND_REVERSAL_UNCONFIRMED,0,0.45,NONE,1,0,0,0
BNBUSDT,1775664000000,2026-04-08T16:00:00.000Z,NEUTRAL,NONE,0,7.875,IGNORE,0,WATCH,,0,0,0,NA,NA,NA,NA,NA,WARNING_SOFT,1,0,0,0,0,TREND_REVERSAL_UNCONFIRMED,0,0.45,NONE,1,0,0,0
BNBUSDT,1775667600000,2026-04-08T17:00:00.000Z,NEUTRAL,NONE,0,7.875,IGNORE,0,WATCH,,0,0,0,NA,NA,NA,NA,NA,WARNING_SOFT,1,0,0,0,0,TREND_REVERSAL_UNCONFIRMED,0,0.45,NONE,1,0,0,0
BNBUSDT,1775671200000,2026-04-08T18:00:00.000Z,NEUTRAL,NONE,0,7.875,IGNORE,0,WATCH,,0,0,0,NA,NA,NA,NA,NA,WARNING_SOFT,1,0,0,0,0,TREND_REVERSAL_UNCONFIRMED,0,0.45,NONE,1,0,0,0
BNBUSDT,1775674800000,2026-04-08T19:00:00.000Z,NEUTRAL,NONE,0,7.875,IGNORE,0,WATCH,,0,0,0,NA,NA,NA,NA,NA,WARNING_SOFT,1,0,0,0,0,TREND_REVERSAL_UNCONFIRMED,0,0.45,NONE,1,0,0,0
BNBUSDT,1775678400000,2026-04-08T20:00:00.000Z,NEUTRAL,NONE,0,7.875,IGNORE,0,WATCH,,0,0,0,NA,NA,NA,NA,NA,WARNING_SOFT,1,0,0,0,0,TREND_REVERSAL_UNCONFIRMED,0,0.45,NONE,1,0,0,0
BNBUSDT,1775682000000,2026-04-08T21:00:00.000Z,NEUTRAL,NONE,0,7.875,IGNORE,0,WATCH,,0,0,0,NA,NA,NA,NA,NA,WARNING_SOFT,1,0,0,0,0,TREND_REVERSAL_UNCONFIRMED,0,0.45,NONE,1,0,0,0
BNBUSDT,1775685600000,2026-04-08T22:00:00.000Z,NEUTRAL,NONE,0,7.875,IGNORE,0,WATCH,,0,0,0,NA,NA,NA,NA,NA,WARNING_SOFT,1,0,0,0,0,TREND_REVERSAL_UNCONFIRMED,0,0.45,NONE,1,0,0,0
BNBUSDT,1775689200000,2026-04-08T23:00:00.000Z,NEUTRAL,NONE,0,7.875,IGNORE,0,WATCH,,0,0,0,NA,NA,NA,NA,NA,BLOCK,0,0,0,0,0,TREND_REVERSAL_UNCONFIRMED,0,0.45,NONE,1,0,0,0
BNBUSDT,1775692800000,2026-04-09T00:00:00.000Z,NEUTRAL,NONE,0,7.875,IGNORE,0,WATCH,,0,0,0,NA,NA,NA,NA,NA,BLOCK,0,0,0,0,0,TREND_REVERSAL_UNCONFIRMED,0,0.45,NONE,1,0,0,0
BNBUSDT,1775696400000,2026-04-09T01:00:00.000Z,BEAR,LONG,55.65238879412532,60.57590115273643,WATCH,1,ACTIVE,ACTIVE,1,1,1,PASS,PASS,SKIP,SKIP,PASS,CLEAR,1,0,0,0,1,,3,0.84,LONG,0,1,0,0
BNBUSDT,1775700000000,2026-04-09T02:00:00.000Z,BEAR,LONG,17.5,12.909375,IGNORE,0,WATCH,,0,0,0,NA,NA,NA,NA,NA,CLEAR,1,0,0,0,0,TREND_REVERSAL_UNCONFIRMED,1,0.45,LONG,1,0,0,0
BNBUSDT,1775703600000,2026-04-09T03:00:00.000Z,BEAR,LONG,17.5,12.909375,IGNORE,0,WATCH,,0,0,0,NA,NA,NA,NA,NA,CLEAR,1,0,0,0,0,TREND_REVERSAL_UNCONFIRMED,1,0.45,LONG,1,0,0,0
BNBUSDT,1775707200000,2026-04-09T04:00:00.000Z,BEAR,LONG,12.847222222222221,12.54296875,IGNORE,0,WATCH,,0,0,0,NA,NA,NA,NA,NA,CLEAR,1,0,0,0,0,TREND_REVERSAL_UNCONFIRMED,1,0.45,LONG,1,0,0,0
BNBUSDT,1775710800000,2026-04-09T05:00:00.000Z,BEAR,LONG,0,7.875,IGNORE,0,WATCH,,0,0,0,NA,NA,NA,NA,NA,CLEAR,1,0,0,0,0,TREND_REVERSAL_UNCONFIRMED,0,0.45,LONG,1,0,0,0
BNBUSDT,1775714400000,2026-04-09T06:00:00.000Z,BEAR,LONG,25,13.5,IGNORE,0,WATCH,,0,0,0,NA,NA,NA,NA,NA,CLEAR,1,0,0,0,0,TREND_REVERSAL_UNCONFIRMED,1,0.45,LONG,1,0,0,0
BNBUSDT,1775718000000,2026-04-09T07:00:00.000Z,BEAR,LONG,0,7.875,IGNORE,0,WATCH,,0,0,0,NA,NA,NA,NA,NA,CLEAR,1,0,0,0,0,TREND_REVERSAL_UNCONFIRMED,0,0.45,LONG,1,0,0,0
BNBUSDT,1775721600000,2026-04-09T08:00:00.000Z,BEAR,LONG,17.5,12.909375,IGNORE,0,WATCH,,0,0,0,NA,NA,NA,NA,NA,CLEAR,1,0,0,0,0,TREND_REVERSAL_UNCONFIRMED,1,0.45,LONG,1,0,0,0
BNBUSDT,1775725200000,2026-04-09T09:00:00.000Z,BEAR,LONG,0,7.875,IGNORE,0,WATCH,,0,0,0,NA,NA,NA,NA,NA,WARNING_SOFT,1,0,0,0,0,TREND_REVERSAL_UNCONFIRMED,0,0.45,LONG,1,0,0,0
BNBUSDT,1775728800000,2026-04-09T10:00:00.000Z,BEAR,LONG,0,7.875,IGNORE,0,WATCH,,0,0,0,NA,NA,NA,NA,NA,WARNING_SOFT,1,0,0,0,0,TREND_REVERSAL_UNCONFIRMED,0,0.45,LONG,1,0,0,0
BNBUSDT,1775732400000,2026-04-09T11:00:00.000Z,BEAR,LONG,0,7.875,IGNORE,0,WATCH,,0,0,0,NA,NA,NA,NA,NA,WARNING_SOFT,1,0,0,0,0,TREND_REVERSAL_UNCONFIRMED,0,0.45,LONG,1,0,0,0
BNBUSDT,1775736000000,2026-04-09T12:00:00.000Z,NEUTRAL,NONE,0,7.875,IGNORE,0,WATCH,,0,0,0,NA,NA,NA,NA,NA,CLEAR,1,0,0,0,0,TREND_REVERSAL_UNCONFIRMED,0,0.45,NONE,1,0,0,0
BNBUSDT,1775739600000,2026-04-09T13:00:00.000Z,BEAR,LONG,15.01917068441768,12.714009691397893,IGNORE,0,WATCH,,0,0,0,NA,NA,NA,NA,NA,WARNING_SOFT,1,0,0,0,0,TREND_REVERSAL_UNCONFIRMED,1,0.45,LONG,1,0,0,0
BNBUSDT,1775743200000,2026-04-09T14:00:00.000Z,BEAR,LONG,20.45337211481482,13.141953054041666,IGNORE,0,WATCH,,0,0,0,NA,NA,NA,NA,NA,CLEAR,1,0,0,0,0,TREND_REVERSAL_UNCONFIRMED,1,0.45,LONG,1,0,0,0
BNBUSDT,1775746800000,2026-04-09T15:00:00.000Z,NEUTRAL,NONE,0,7.875,IGNORE,0,WATCH,,0,0,0,NA,NA,NA,NA,NA,BLOCK,0,0,0,0,0,TREND_REVERSAL_UNCONFIRMED,0,0.45,NONE,1,0,0,0
BNBUSDT,1775750400000,2026-04-09T16:00:00.000Z,NEUTRAL,NONE,0,7.875,IGNORE,0,WATCH,,0,0,0,NA,NA,NA,NA,NA,CLEAR,1,0,0,0,0,TREND_REVERSAL_UNCONFIRMED,0,0.45,NONE,1,0,0,0
BNBUSDT,1775754000000,2026-04-09T17:00:00.000Z,NEUTRAL,NONE,0,7.875,IGNORE,0,WATCH,,0,0,0,NA,NA,NA,NA,NA,CLEAR,1,0,0,0,0,TREND_REVERSAL_UNCONFIRMED,0,0.45,NONE,1,0,0,0
BNBUSDT,1775757600000,2026-04-09T18:00:00.000Z,NEUTRAL,NONE,0,7.875,IGNORE,0,WATCH,,0,0,0,NA,NA,NA,NA,NA,CLEAR,1,0,0,0,0,TREND_REVERSAL_UNCONFIRMED,0,0.45,NONE,1,0,0,0
BNBUSDT,1775761200000,2026-04-09T19:00:00.000Z,NEUTRAL,NONE,0,7.875,IGNORE,0,WATCH,,0,0,0,NA,NA,NA,NA,NA,CLEAR,1,0,0,0,0,TREND_REVERSAL_UNCONFIRMED,0,0.45,NONE,1,0,0,0
BNBUSDT,1775764800000,2026-04-09T20:00:00.000Z,BULL,SHORT,42.5,18.534375,IGNORE,0,WATCH,,0,0,0,NA,NA,NA,NA,NA,CLEAR,1,0,0,0,0,TREND_REVERSAL_UNCONFIRMED,2,0.45,SHORT,1,0,0,0
BNBUSDT,1775768400000,2026-04-09T21:00:00.000Z,BULL,SHORT,17.5,12.909375,IGNORE,0,WATCH,,0,0,0,NA,NA,NA,NA,NA,CLEAR,1,0,0,0,0,TREND_REVERSAL_UNCONFIRMED,1,0.45,SHORT,1,0,0,0
BNBUSDT,1775772000000,2026-04-09T22:00:00.000Z,BULL,SHORT,35.05682381461306,17.94822487540078,IGNORE,0,WATCH,,0,0,0,NA,NA,NA,NA,NA,CLEAR,1,0,0,0,0,TREND_REVERSAL_UNCONFIRMED,2,0.45,SHORT,1,0,0,0
BNBUSDT,1775775600000,2026-04-09T23:00:00.000Z,NEUTRAL,NONE,0,7.875,IGNORE,0,WATCH,,0,0,0,NA,NA,NA,NA,NA,BLOCK,0,0,0,0,0,TREND_REVERSAL_UNCONFIRMED,0,0.45,NONE,1,0,0,0
BNBUSDT,1775779200000,2026-04-10T00:00:00.000Z,NEUTRAL,NONE,0,7.875,IGNORE,0,WATCH,,0,0,0,NA,NA,NA,NA,NA,WARNING_SOFT,1,0,0,0,0,TREND_REVERSAL_UNCONFIRMED,0,0.45,NONE,1,0,0,0
BNBUSDT,1775782800000,2026-04-10T01:00:00.000Z,BEAR,LONG,0,7.875,IGNORE,0,WATCH,,0,0,0,NA,NA,NA,NA,NA,WARNING_SOFT,1,0,0,0,0,TREND_REVERSAL_UNCONFIRMED,0,0.45,LONG,1,0,0,0
BNBUSDT,1775786400000,2026-04-10T02:00:00.000Z,BEAR,LONG,0,7.875,IGNORE,0,WATCH,,0,0,0,NA,NA,NA,NA,NA,WARNING_SOFT,1,0,0,0,0,TREND_REVERSAL_UNCONFIRMED,0,0.45,LONG,1,0,0,0
BNBUSDT,1775790000000,2026-04-10T03:00:00.000Z,BEAR,LONG,0,7.875,IGNORE,0,WATCH,,0,0,0,NA,NA,NA,NA,NA,WARNING_SOFT,1,0,0,0,0,TREND_REVERSAL_UNCONFIRMED,0,0.45,LONG,1,0,0,0
BNBUSDT,1775793600000,2026-04-10T04:00:00.000Z,BEAR,LONG,0,7.875,IGNORE,0,WATCH,,0,0,0,NA,NA,NA,NA,NA,WARNING_SOFT,1,0,0,0,0,TREND_REVERSAL_UNCONFIRMED,0,0.45,LONG,1,0,0,0
BNBUSDT,1775797200000,2026-04-10T05:00:00.000Z,BEAR,LONG,0,7.875,IGNORE,0,WATCH,,0,0,0,NA,NA,NA,NA,NA,WARNING_SOFT,1,0,0,0,0,TREND_REVERSAL_UNCONFIRMED,0,0.45,LONG,1,0,0,0
BNBUSDT,1775800800000,2026-04-10T06:00:00.000Z,BEAR,LONG,0,7.875,IGNORE,0,WATCH,,0,0,0,NA,NA,NA,NA,NA,CLEAR,1,0,0,0,0,TREND_REVERSAL_UNCONFIRMED,0,0.45,LONG,1,0,0,0
BNBUSDT,1775804400000,2026-04-10T07:00:00.000Z,BEAR,LONG,12.847222222222221,12.54296875,IGNORE,0,WATCH,,0,0,0,NA,NA,NA,NA,NA,CLEAR,1,0,0,0,0,TREND_REVERSAL_UNCONFIRMED,1,0.45,LONG,1,0,0,0
BNBUSDT,1775808000000,2026-04-10T08:00:00.000Z,BEAR,LONG,0,7.875,IGNORE,0,WATCH,,0,0,0,NA,NA,NA,NA,NA,CLEAR,1,0,0,0,0,TREND_REVERSAL_UNCONFIRMED,0,0.45,LONG,1,0,0,0
BNBUSDT,1775811600000,2026-04-10T09:00:00.000Z,BEAR,LONG,25,13.5,IGNORE,0,WATCH,,0,0,0,NA,NA,NA,NA,NA,CLEAR,1,0,0,0,0,TREND_REVERSAL_UNCONFIRMED,1,0.45,LONG,1,0,0,0
BNBUSDT,1775815200000,2026-04-10T10:00:00.000Z,BEAR,LONG,0,7.875,IGNORE,0,WATCH,,0,0,0,NA,NA,NA,NA,NA,CLEAR,1,0,0,0,0,TREND_REVERSAL_UNCONFIRMED,0,0.45,LONG,1,0,0,0
BNBUSDT,1775818800000,2026-04-10T11:00:00.000Z,NEUTRAL,NONE,0,7.875,IGNORE,0,WATCH,,0,0,0,NA,NA,NA,NA,NA,WARNING_SOFT,1,0,0,0,0,TREND_REVERSAL_UNCONFIRMED,0,0.45,NONE,1,0,0,0
BNBUSDT,1775822400000,2026-04-10T12:00:00.000Z,NEUTRAL,NONE,0,7.875,IGNORE,0,WATCH,,0,0,0,NA,NA,NA,NA,NA,CLEAR,1,0,0,0,0,TREND_REVERSAL_UNCONFIRMED,0,0.45,NONE,1,0,0,0
BNBUSDT,1775826000000,2026-04-10T13:00:00.000Z,BEAR,LONG,0,7.875,IGNORE,0,WATCH,,0,0,0,NA,NA,NA,NA,NA,WARNING_SOFT,1,0,0,0,0,TREND_REVERSAL_UNCONFIRMED,0,0.45,LONG,1,0,0,0
BNBUSDT,1775829600000,2026-04-10T14:00:00.000Z,NEUTRAL,NONE,0,7.875,IGNORE,0,WATCH,,0,0,0,NA,NA,NA,NA,NA,CLEAR,1,0,0,0,0,TREND_REVERSAL_UNCONFIRMED,0,0.45,NONE,1,0,0,0
BNBUSDT,1775833200000,2026-04-10T15:00:00.000Z,NEUTRAL,NONE,0,7.875,IGNORE,0,WATCH,,0,0,0,NA,NA,NA,NA,NA,CLEAR,1,0,0,0,0,TREND_REVERSAL_UNCONFIRMED,0,0.45,NONE,1,0,0,0
BNBUSDT,1775836800000,2026-04-10T16:00:00.000Z,NEUTRAL,NONE,0,7.875,IGNORE,0,WATCH,,0,0,0,NA,NA,NA,NA,NA,CLEAR,1,0,0,0,0,TREND_REVERSAL_UNCONFIRMED,0,0.45,NONE,1,0,0,0
BNBUSDT,1775840400000,2026-04-10T17:00:00.000Z,NEUTRAL,NONE,0,7.875,IGNORE,0,WATCH,,0,0,0,NA,NA,NA,NA,NA,CLEAR,1,0,0,0,0,TREND_REVERSAL_UNCONFIRMED,0,0.45,NONE,1,0,0,0
BNBUSDT,1775844000000,2026-04-10T18:00:00.000Z,BULL,SHORT,37.84722222222222,18.16796875,IGNORE,0,WATCH,,0,0,0,NA,NA,NA,NA,NA,CLEAR,1,0,0,0,0,TREND_REVERSAL_UNCONFIRMED,2,0.45,SHORT,1,0,0,0
BNBUSDT,1775847600000,2026-04-10T19:00:00.000Z,BULL,SHORT,0,7.875,IGNORE,0,WATCH,,0,0,0,NA,NA,NA,NA,NA,CLEAR,1,0,0,0,0,TREND_REVERSAL_UNCONFIRMED,0,0.45,SHORT,1,0,0,0
BNBUSDT,1775851200000,2026-04-10T20:00:00.000Z,BULL,SHORT,0,7.875,IGNORE,0,WATCH,,0,0,0,NA,NA,NA,NA,NA,CLEAR,1,0,0,0,0,TREND_REVERSAL_UNCONFIRMED,0,0.45,SHORT,1,0,0,0
BNBUSDT,1775854800000,2026-04-10T21:00:00.000Z,BULL,SHORT,0,7.875,IGNORE,0,WATCH,,0,0,0,NA,NA,NA,NA,NA,CLEAR,1,0,0,0,0,TREND_REVERSAL_UNCONFIRMED,0,0.45,SHORT,1,0,0,0
BNBUSDT,1775858400000,2026-04-10T22:00:00.000Z,BULL,SHORT,0,7.875,IGNORE,0,WATCH,,0,0,0,NA,NA,NA,NA,NA,CLEAR,1,0,0,0,0,TREND_REVERSAL_UNCONFIRMED,0,0.45,SHORT,1,0,0,0
BNBUSDT,1775862000000,2026-04-10T23:00:00.000Z,BULL,SHORT,17.5,12.909375,IGNORE,0,WATCH,,0,0,0,NA,NA,NA,NA,NA,WARNING_SOFT,1,0,0,0,0,TREND_REVERSAL_UNCONFIRMED,1,0.45,SHORT,1,0,0,0
BNBUSDT,1775865600000,2026-04-11T00:00:00.000Z,NEUTRAL,NONE,0,7.875,IGNORE,0,WATCH,,0,0,0,NA,NA,NA,NA,NA,WARNING_SOFT,1,0,0,0,0,TREND_REVERSAL_UNCONFIRMED,0,0.45,NONE,1,0,0,0
BNBUSDT,1775869200000,2026-04-11T01:00:00.000Z,NEUTRAL,NONE,0,7.875,IGNORE,0,WATCH,,0,0,0,NA,NA,NA,NA,NA,WARNING_SOFT,1,0,0,0,0,TREND_REVERSAL_UNCONFIRMED,0,0.45,NONE,1,0,0,0
BNBUSDT,1775872800000,2026-04-11T02:00:00.000Z,BULL,SHORT,17.5,12.909375,IGNORE,0,WATCH,,0,0,0,NA,NA,NA,NA,NA,WARNING_SOFT,1,0,0,0,0,TREND_REVERSAL_UNCONFIRMED,1,0.45,SHORT,1,0,0,0
BNBUSDT,1775876400000,2026-04-11T03:00:00.000Z,BULL,SHORT,30.638723943611076,17.600299510559374,IGNORE,0,WATCH,,0,0,0,NA,NA,NA,NA,NA,CLEAR,1,0,0,0,0,TREND_REVERSAL_UNCONFIRMED,2,0.45,SHORT,1,0,0,0
BNBUSDT,1775880000000,2026-04-11T04:00:00.000Z,BULL,SHORT,42.5,18.534375,IGNORE,0,WATCH,,0,0,0,NA,NA,NA,NA,NA,WARNING_SOFT,1,0,0,0,0,TREND_REVERSAL_UNCONFIRMED,2,0.45,SHORT,1,0,0,0
BNBUSDT,1775883600000,2026-04-11T05:00:00.000Z,BULL,SHORT,17.5,12.909375,IGNORE,0,WATCH,,0,0,0,NA,NA,NA,NA,NA,WARNING_SOFT,1,0,0,0,0,TREND_REVERSAL_UNCONFIRMED,1,0.45,SHORT,1,0,0,0
BNBUSDT,1775887200000,2026-04-11T06:00:00.000Z,BULL,SHORT,17.5,12.909375,IGNORE,0,WATCH,,0,0,0,NA,NA,NA,NA,NA,WARNING_SOFT,1,0,0,0,0,TREND_REVERSAL_UNCONFIRMED,1,0.45,SHORT,1,0,0,0
BNBUSDT,1775890800000,2026-04-11T07:00:00.000Z,BULL,SHORT,17.5,12.909375,IGNORE,0,WATCH,,0,0,0,NA,NA,NA,NA,NA,WARNING_SOFT,1,0,0,0,0,TREND_REVERSAL_UNCONFIRMED,1,0.45,SHORT,1,0,0,0
BNBUSDT,1775894400000,2026-04-11T08:00:00.000Z,BULL,SHORT,42.5,18.534375,IGNORE,0,WATCH,,0,0,0,NA,NA,NA,NA,NA,WARNING_HARD,1,0,0,0,0,TREND_REVERSAL_UNCONFIRMED,2,0.45,SHORT,1,0,0,0
BNBUSDT,1775898000000,2026-04-11T09:00:00.000Z,BULL,SHORT,17.5,12.909375,IGNORE,0,WATCH,,0,0,0,NA,NA,NA,NA,NA,CLEAR,1,0,0,0,0,TREND_REVERSAL_UNCONFIRMED,1,0.45,SHORT,1,0,0,0
BNBUSDT,1775901600000,2026-04-11T10:00:00.000Z,NEUTRAL,NONE,0,7.875,IGNORE,0,WATCH,,0,0,0,NA,NA,NA,NA,NA,WARNING_SOFT,1,0,0,0,0,TREND_REVERSAL_UNCONFIRMED,0,0.45,NONE,1,0,0,0
BNBUSDT,1775905200000,2026-04-11T11:00:00.000Z,NEUTRAL,NONE,0,7.875,IGNORE,0,WATCH,,0,0,0,NA,NA,NA,NA,NA,WARNING_SOFT,1,0,0,0,0,TREND_REVERSAL_UNCONFIRMED,0,0.45,NONE,1,0,0,0
BNBUSDT,1775908800000,2026-04-11T12:00:00.000Z,BULL,SHORT,17.5,12.909375,IGNORE,0,WATCH,,0,0,0,NA,NA,NA,NA,NA,WARNING_SOFT,1,0,0,0,0,TREND_REVERSAL_UNCONFIRMED,1,0.45,SHORT,1,0,0,0
BNBUSDT,1775912400000,2026-04-11T13:00:00.000Z,NEUTRAL,NONE,0,7.875,IGNORE,0,WATCH,,0,0,0,NA,NA,NA,NA,NA,BLOCK,0,0,0,0,0,TREND_REVERSAL_UNCONFIRMED,0,0.45,NONE,1,0,0,0
BNBUSDT,1775916000000,2026-04-11T14:00:00.000Z,NEUTRAL,NONE,0,7.875,IGNORE,0,WATCH,,0,0,0,NA,NA,NA,NA,NA,WARNING_SOFT,1,0,0,0,0,TREND_REVERSAL_UNCONFIRMED,0,0.45,NONE,1,0,0,0
BNBUSDT,1775919600000,2026-04-11T15:00:00.000Z,BULL,SHORT,17.5,12.909375,IGNORE,0,WATCH,,0,0,0,NA,NA,NA,NA,NA,WARNING_SOFT,1,0,0,0,0,TREND_REVERSAL_UNCONFIRMED,1,0.45,SHORT,1,0,0,0
BNBUSDT,1775923200000,2026-04-11T16:00:00.000Z,BULL,SHORT,34.06177589785034,17.869864851955715,IGNORE,0,WATCH,,0,0,0,NA,NA,NA,NA,NA,CLEAR,1,0,0,0,0,TREND_REVERSAL_UNCONFIRMED,2,0.45,SHORT,1,0,0,0
BNBUSDT,1775926800000,2026-04-11T17:00:00.000Z,BULL,SHORT,17.5,12.909375,IGNORE,0,WATCH,,0,0,0,NA,NA,NA,NA,NA,CLEAR,1,0,0,0,0,TREND_REVERSAL_UNCONFIRMED,1,0.45,SHORT,1,0,0,0
BNBUSDT,1775930400000,2026-04-11T18:00:00.000Z,BULL,SHORT,42.5,18.534375,IGNORE,0,WATCH,,0,0,0,NA,NA,NA,NA,NA,CLEAR,1,0,0,0,0,TREND_REVERSAL_UNCONFIRMED,2,0.45,SHORT,1,0,0,0
BNBUSDT,1775934000000,2026-04-11T19:00:00.000Z,BULL,SHORT,55.69444444444444,42.94208333333333,WATCH,1,WATCH,ACTIVE,1,1,0,FAIL,PASS,SKIP,SKIP,FAIL,CLEAR,1,0,0,0,0,MARKET_CONTEXT_DENIED,3,0.84,SHORT,1,0,0,0
BNBUSDT,1775937600000,2026-04-11T20:00:00.000Z,BULL,SHORT,59.29316255463128,43.4710948955308,WATCH,1,WATCH,ACTIVE,1,1,0,FAIL,PASS,SKIP,SKIP,FAIL,CLEAR,1,0,0,0,0,MARKET_CONTEXT_DENIED,3,0.84,SHORT,1,0,0,0
BNBUSDT,1775941200000,2026-04-11T21:00:00.000Z,BULL,SHORT,17.5,12.909375,IGNORE,0,WATCH,,0,0,0,NA,NA,NA,NA,NA,CLEAR,1,0,0,0,0,TREND_REVERSAL_UNCONFIRMED,1,0.45,SHORT,1,0,0,0
BNBUSDT,1775944800000,2026-04-11T22:00:00.000Z,BULL,SHORT,0,7.875,IGNORE,0,WATCH,,0,0,0,NA,NA,NA,NA,NA,CLEAR,1,0,0,0,0,TREND_REVERSAL_UNCONFIRMED,0,0.45,SHORT,1,0,0,0
BNBUSDT,1775948400000,2026-04-11T23:00:00.000Z,NEUTRAL,NONE,0,7.875,IGNORE,0,WATCH,,0,0,0,NA,NA,NA,NA,NA,BLOCK,0,0,0,0,0,TREND_REVERSAL_UNCONFIRMED,0,0.45,NONE,1,0,0,0
BNBUSDT,1775952000000,2026-04-12T00:00:00.000Z,NEUTRAL,NONE,0,7.875,IGNORE,0,WATCH,,0,0,0,NA,NA,NA,NA,NA,WARNING_SOFT,1,0,0,0,0,TREND_REVERSAL_UNCONFIRMED,0,0.45,NONE,1,0,0,0
BNBUSDT,1775955600000,2026-04-12T01:00:00.000Z,NEUTRAL,NONE,0,7.875,IGNORE,0,WATCH,,0,0,0,NA,NA,NA,NA,NA,WARNING_SOFT,1,0,1,0,0,TREND_REVERSAL_UNCONFIRMED,0,0.45,NONE,1,0,0,0
BNBUSDT,1775959200000,2026-04-12T02:00:00.000Z,BEAR,LONG,50,19.125,IGNORE,0,WATCH,,0,0,0,NA,NA,NA,NA,NA,CLEAR,1,0,0,0,0,TREND_REVERSAL_UNCONFIRMED,2,0.45,LONG,1,0,0,0
BNBUSDT,1775962800000,2026-04-12T03:00:00.000Z,BEAR,LONG,0,7.875,IGNORE,0,WATCH,,0,0,0,NA,NA,NA,NA,NA,CLEAR,1,0,0,0,0,TREND_REVERSAL_UNCONFIRMED,0,0.45,LONG,1,0,0,0
BNBUSDT,1775966400000,2026-04-12T04:00:00.000Z,BEAR,LONG,0,7.875,IGNORE,0,WATCH,,0,0,0,NA,NA,NA,NA,NA,CLEAR,1,0,0,0,0,TREND_REVERSAL_UNCONFIRMED,0,0.45,LONG,1,0,0,0
BNBUSDT,1775970000000,2026-04-12T05:00:00.000Z,BEAR,LONG,0,7.875,IGNORE,0,WATCH,,0,0,0,NA,NA,NA,NA,NA,CLEAR,1,0,0,0,0,TREND_REVERSAL_UNCONFIRMED,0,0.45,LONG,1,0,0,0
BNBUSDT,1775973600000,2026-04-12T06:00:00.000Z,BEAR,LONG,0,7.875,IGNORE,0,WATCH,,0,0,0,NA,NA,NA,NA,NA,CLEAR,1,0,0,0,0,TREND_REVERSAL_UNCONFIRMED,0,0.45,LONG,1,0,0,0
BNBUSDT,1775977200000,2026-04-12T07:00:00.000Z,BEAR,LONG,0,7.875,IGNORE,0,WATCH,,0,0,0,NA,NA,NA,NA,NA,CLEAR,1,0,0,0,0,TREND_REVERSAL_UNCONFIRMED,0,0.45,LONG,1,0,0,0
BNBUSDT,1775980800000,2026-04-12T08:00:00.000Z,BEAR,LONG,12.847222222222221,12.54296875,IGNORE,0,WATCH,,0,0,0,NA,NA,NA,NA,NA,CLEAR,1,0,0,0,0,TREND_REVERSAL_UNCONFIRMED,1,0.45,LONG,1,0,0,0
BNBUSDT,1775984400000,2026-04-12T09:00:00.000Z,BEAR,LONG,12.847222222222221,12.54296875,IGNORE,0,WATCH,,0,0,0,NA,NA,NA,NA,NA,CLEAR,1,0,0,0,0,TREND_REVERSAL_UNCONFIRMED,1,0.45,LONG,1,0,0,0
BNBUSDT,1775988000000,2026-04-12T10:00:00.000Z,BEAR,LONG,25,13.5,IGNORE,0,WATCH,,0,0,0,NA,NA,NA,NA,NA,CLEAR,1,0,0,0,0,TREND_REVERSAL_UNCONFIRMED,1,0.45,LONG,1,0,0,0
BNBUSDT,1775991600000,2026-04-12T11:00:00.000Z,BEAR,LONG,0,7.875,IGNORE,0,WATCH,,0,0,0,NA,NA,NA,NA,NA,CLEAR,1,0,0,0,0,TREND_REVERSAL_UNCONFIRMED,0,0.45,LONG,1,0,0,0
BNBUSDT,1775995200000,2026-04-12T12:00:00.000Z,BEAR,LONG,0,7.875,IGNORE,0,WATCH,,0,0,0,NA,NA,NA,NA,NA,CLEAR,1,0,0,0,0,TREND_REVERSAL_UNCONFIRMED,0,0.45,LONG,1,0,0,0
BNBUSDT,1775998800000,2026-04-12T13:00:00.000Z,BEAR,LONG,13.22278994150969,12.572544707893888,IGNORE,0,WATCH,,0,0,0,NA,NA,NA,NA,NA,CLEAR,1,0,0,0,0,TREND_REVERSAL_UNCONFIRMED,1,0.45,LONG,1,0,0,0
BNBUSDT,1776002400000,2026-04-12T14:00:00.000Z,BEAR,LONG,12.66312677119212,12.528471233231379,IGNORE,0,WATCH,,0,0,0,NA,NA,NA,NA,NA,CLEAR,1,0,0,0,0,TREND_REVERSAL_UNCONFIRMED,1,0.45,LONG,1,0,0,0
BNBUSDT,1776006000000,2026-04-12T15:00:00.000Z,BEAR,LONG,25,13.5,IGNORE,0,WATCH,,0,0,0,NA,NA,NA,NA,NA,CLEAR,1,0,0,0,0,TREND_REVERSAL_UNCONFIRMED,1,0.45,LONG,1,0,0,0
BNBUSDT,1776009600000,2026-04-12T16:00:00.000Z,BEAR,LONG,0,7.875,IGNORE,0,WATCH,,0,0,0,NA,NA,NA,NA,NA,CLEAR,1,0,0,0,0,TREND_REVERSAL_UNCONFIRMED,0,0.45,LONG,1,0,0,0
BNBUSDT,1776013200000,2026-04-12T17:00:00.000Z,BEAR,LONG,0,7.875,IGNORE,0,WATCH,,0,0,0,NA,NA,NA,NA,NA,CLEAR,1,0,0,0,0,TREND_REVERSAL_UNCONFIRMED,0,0.45,LONG,1,0,0,0
BNBUSDT,1776016800000,2026-04-12T18:00:00.000Z,BEAR,LONG,0,7.875,IGNORE,0,WATCH,,0,0,0,NA,NA,NA,NA,NA,CLEAR,1,0,0,0,0,TREND_REVERSAL_UNCONFIRMED,0,0.45,LONG,1,0,0,0
BNBUSDT,1776020400000,2026-04-12T19:00:00.000Z,BEAR,LONG,0,7.875,IGNORE,0,WATCH,,0,0,0,NA,NA,NA,NA,NA,CLEAR,1,0,0,0,0,TREND_REVERSAL_UNCONFIRMED,0,0.45,LONG,1,0,0,0
BNBUSDT,1776024000000,2026-04-12T20:00:00.000Z,NEUTRAL,NONE,0,7.875,IGNORE,0,WATCH,,0,0,0,NA,NA,NA,NA,NA,WARNING_SOFT,1,0,0,0,0,TREND_REVERSAL_UNCONFIRMED,0,0.45,NONE,1,0,0,0
BNBUSDT,1776027600000,2026-04-12T21:00:00.000Z,NEUTRAL,NONE,0,7.875,IGNORE,0,WATCH,,0,0,0,NA,NA,NA,NA,NA,WARNING_SOFT,1,0,0,0,0,TREND_REVERSAL_UNCONFIRMED,0,0.45,NONE,1,0,0,0
BNBUSDT,1776031200000,2026-04-12T22:00:00.000Z,BEAR,LONG,23.317614914245482,13.367512174496833,IGNORE,0,WATCH,,0,0,0,NA,NA,NA,NA,NA,WARNING_SOFT,1,0,0,0,0,TREND_REVERSAL_UNCONFIRMED,1,0.45,LONG,1,0,0,0
BNBUSDT,1776034800000,2026-04-12T23:00:00.000Z,BEAR,LONG,0,7.875,IGNORE,0,WATCH,,0,0,0,NA,NA,NA,NA,NA,CLEAR,1,0,0,0,0,TREND_REVERSAL_UNCONFIRMED,0,0.45,LONG,1,0,0,0
BNBUSDT,1776038400000,2026-04-13T00:00:00.000Z,NEUTRAL,NONE,0,7.875,IGNORE,0,WATCH,,0,0,0,NA,NA,NA,NA,NA,WARNING_SOFT,1,0,0,0,0,TREND_REVERSAL_UNCONFIRMED,0,0.45,NONE,1,0,0,0
BNBUSDT,1776042000000,2026-04-13T01:00:00.000Z,NEUTRAL,NONE,0,7.875,IGNORE,0,WATCH,,0,0,0,NA,NA,NA,NA,NA,WARNING_SOFT,1,0,0,0,0,TREND_REVERSAL_UNCONFIRMED,0,0.45,NONE,1,0,0,0
BNBUSDT,1776045600000,2026-04-13T02:00:00.000Z,NEUTRAL,NONE,0,7.875,IGNORE,0,WATCH,,0,0,0,NA,NA,NA,NA,NA,WARNING_HARD,1,0,0,0,0,TREND_REVERSAL_UNCONFIRMED,0,0.45,NONE,1,0,0,0
BNBUSDT,1776049200000,2026-04-13T03:00:00.000Z,BEAR,LONG,17.5,12.909375,IGNORE,0,WATCH,,0,0,0,NA,NA,NA,NA,NA,WARNING_SOFT,1,0,0,0,0,TREND_REVERSAL_UNCONFIRMED,1,0.45,LONG,1,0,0,0
BNBUSDT,1776052800000,2026-04-13T04:00:00.000Z,NEUTRAL,NONE,0,7.875,IGNORE,0,WATCH,,0,0,0,NA,NA,NA,NA,NA,WARNING_SOFT,1,0,0,0,0,TREND_REVERSAL_UNCONFIRMED,0,0.45,NONE,1,0,0,0
BNBUSDT,1776056400000,2026-04-13T05:00:00.000Z,NEUTRAL,NONE,0,7.875,IGNORE,0,WATCH,,0,0,0,NA,NA,NA,NA,NA,WARNING_SOFT,1,0,0,0,0,TREND_REVERSAL_UNCONFIRMED,0,0.45,NONE,1,0,0,0
BNBUSDT,1776060000000,2026-04-13T06:00:00.000Z,NEUTRAL,NONE,0,7.875,IGNORE,0,WATCH,,0,0,0,NA,NA,NA,NA,NA,WARNING_HARD,1,0,0,0,0,TREND_REVERSAL_UNCONFIRMED,0,0.45,NONE,1,0,0,0
BNBUSDT,1776063600000,2026-04-13T07:00:00.000Z,NEUTRAL,NONE,0,7.875,IGNORE,0,WATCH,,0,0,0,NA,NA,NA,NA,NA,WARNING_HARD,1,0,0,0,0,TREND_REVERSAL_UNCONFIRMED,0,0.45,NONE,1,0,0,0
BNBUSDT,1776067200000,2026-04-13T08:00:00.000Z,NEUTRAL,NONE,0,7.875,IGNORE,0,WATCH,,0,0,0,NA,NA,NA,NA,NA,BLOCK,0,0,0,0,0,TREND_REVERSAL_UNCONFIRMED,0,0.45,NONE,1,0,0,0
BNBUSDT,1776070800000,2026-04-13T09:00:00.000Z,NEUTRAL,NONE,0,7.875,IGNORE,0,WATCH,,0,0,0,NA,NA,NA,NA,NA,WARNING_SOFT,1,0,0,0,0,TREND_REVERSAL_UNCONFIRMED,0,0.45,NONE,1,0,0,0
BNBUSDT,1776074400000,2026-04-13T10:00:00.000Z,NEUTRAL,NONE,0,7.875,IGNORE,0,WATCH,,0,0,0,NA,NA,NA,NA,NA,WARNING_SOFT,1,0,0,0,0,TREND_REVERSAL_UNCONFIRMED,0,0.45,NONE,1,0,0,0
BNBUSDT,1776078000000,2026-04-13T11:00:00.000Z,NEUTRAL,NONE,0,7.875,IGNORE,0,WATCH,,0,0,0,NA,NA,NA,NA,NA,WARNING_SOFT,1,0,0,0,0,TREND_REVERSAL_UNCONFIRMED,0,0.45,NONE,1,0,0,0
BNBUSDT,1776081600000,2026-04-13T12:00:00.000Z,NEUTRAL,NONE,0,7.875,IGNORE,0,WATCH,,0,0,0,NA,NA,NA,NA,NA,CLEAR,1,0,0,0,0,TREND_REVERSAL_UNCONFIRMED,0,0.45,NONE,1,0,0,0
BNBUSDT,1776085200000,2026-04-13T13:00:00.000Z,NEUTRAL,NONE,0,7.875,IGNORE,0,WATCH,,0,0,0,NA,NA,NA,NA,NA,CLEAR,1,0,0,0,0,TREND_REVERSAL_UNCONFIRMED,0,0.45,NONE,1,0,0,0
BNBUSDT,1776088800000,2026-04-13T14:00:00.000Z,NEUTRAL,NONE,0,7.875,IGNORE,0,WATCH,,0,0,0,NA,NA,NA,NA,NA,CLEAR,1,0,0,0,0,TREND_REVERSAL_UNCONFIRMED,0,0.45,NONE,1,0,0,0
BNBUSDT,1776092400000,2026-04-13T15:00:00.000Z,NEUTRAL,NONE,0,7.875,IGNORE,0,WATCH,,0,0,0,NA,NA,NA,NA,NA,CLEAR,1,0,0,0,0,TREND_REVERSAL_UNCONFIRMED,0,0.45,NONE,1,0,0,0
BNBUSDT,1776096000000,2026-04-13T16:00:00.000Z,BULL,SHORT,38.19444444444444,18.1953125,IGNORE,0,WATCH,,0,0,0,NA,NA,NA,NA,NA,CLEAR,1,0,0,0,0,TREND_REVERSAL_UNCONFIRMED,2,0.45,SHORT,1,0,0,0
BNBUSDT,1776099600000,2026-04-13T17:00:00.000Z,BULL,SHORT,0,7.875,IGNORE,0,WATCH,,0,0,0,NA,NA,NA,NA,NA,CLEAR,1,0,0,0,0,TREND_REVERSAL_UNCONFIRMED,0,0.45,SHORT,1,0,0,0
BNBUSDT,1776103200000,2026-04-13T18:00:00.000Z,BULL,SHORT,0,7.875,IGNORE,0,WATCH,,0,0,0,NA,NA,NA,NA,NA,CLEAR,1,0,0,0,0,TREND_REVERSAL_UNCONFIRMED,0,0.45,SHORT,1,0,0,0
BNBUSDT,1776106800000,2026-04-13T19:00:00.000Z,BULL,SHORT,19.26914374710287,13.048695070084351,IGNORE,0,WATCH,,0,0,0,NA,NA,NA,NA,NA,CLEAR,1,0,0,0,0,TREND_REVERSAL_UNCONFIRMED,1,0.45,SHORT,1,0,0,0
BNBUSDT,1776110400000,2026-04-13T20:00:00.000Z,BULL,SHORT,25,13.5,IGNORE,0,WATCH,,0,0,0,NA,NA,NA,NA,NA,CLEAR,1,0,0,0,0,TREND_REVERSAL_UNCONFIRMED,1,0.45,SHORT,1,0,0,0
BNBUSDT,1776114000000,2026-04-13T21:00:00.000Z,BULL,SHORT,0,7.875,IGNORE,0,WATCH,,0,0,0,NA,NA,NA,NA,NA,CLEAR,1,0,0,0,0,TREND_REVERSAL_UNCONFIRMED,0,0.45,SHORT,1,0,0,0
BNBUSDT,1776117600000,2026-04-13T22:00:00.000Z,BULL,SHORT,37.84722222222222,18.16796875,IGNORE,0,WATCH,,0,0,0,NA,NA,NA,NA,NA,CLEAR,1,0,0,0,0,TREND_REVERSAL_UNCONFIRMED,2,0.45,SHORT,1,0,0,0
BNBUSDT,1776121200000,2026-04-13T23:00:00.000Z,BULL,SHORT,37.409740426236084,18.133517058566092,IGNORE,0,WATCH,,0,0,0,NA,NA,NA,NA,NA,CLEAR,1,0,0,0,0,TREND_REVERSAL_UNCONFIRMED,2,0.45,SHORT,1,0,0,0
BNBUSDT,1776124800000,2026-04-14T00:00:00.000Z,BULL,SHORT,25,13.5,IGNORE,0,WATCH,,0,0,0,NA,NA,NA,NA,NA,CLEAR,1,0,0,0,0,TREND_REVERSAL_UNCONFIRMED,1,0.45,SHORT,1,0,0,0
BNBUSDT,1776128400000,2026-04-14T01:00:00.000Z,BULL,SHORT,0,7.875,IGNORE,0,WATCH,,0,0,0,NA,NA,NA,NA,NA,CLEAR,1,0,0,0,0,TREND_REVERSAL_UNCONFIRMED,0,0.45,SHORT,1,0,0,0
BNBUSDT,1776132000000,2026-04-14T02:00:00.000Z,BULL,SHORT,0,7.875,IGNORE,0,WATCH,,0,0,0,NA,NA,NA,NA,NA,CLEAR,1,0,0,0,0,TREND_REVERSAL_UNCONFIRMED,0,0.45,SHORT,1,0,0,0
BNBUSDT,1776135600000,2026-04-14T03:00:00.000Z,BULL,SHORT,14.583333333333332,12.6796875,IGNORE,0,WATCH,,0,0,0,NA,NA,NA,NA,NA,CLEAR,1,0,0,0,0,TREND_REVERSAL_UNCONFIRMED,1,0.45,SHORT,1,0,0,0
BNBUSDT,1776139200000,2026-04-14T04:00:00.000Z,BULL,SHORT,0,7.875,IGNORE,0,WATCH,,0,0,0,NA,NA,NA,NA,NA,CLEAR,1,0,0,0,0,TREND_REVERSAL_UNCONFIRMED,0,0.45,SHORT,1,0,0,0
BNBUSDT,1776142800000,2026-04-14T05:00:00.000Z,BULL,SHORT,0,7.875,IGNORE,0,WATCH,,0,0,0,NA,NA,NA,NA,NA,CLEAR,1,0,0,0,0,TREND_REVERSAL_UNCONFIRMED,0,0.45,SHORT,1,0,0,0
BNBUSDT,1776146400000,2026-04-14T06:00:00.000Z,BULL,SHORT,17.5,12.909375,IGNORE,0,WATCH,,0,0,0,NA,NA,NA,NA,NA,CLEAR,1,0,0,0,0,TREND_REVERSAL_UNCONFIRMED,1,0.45,SHORT,1,0,0,0
BNBUSDT,1776150000000,2026-04-14T07:00:00.000Z,BULL,SHORT,0,7.875,IGNORE,0,WATCH,,0,0,0,NA,NA,NA,NA,NA,CLEAR,1,0,0,0,0,TREND_REVERSAL_UNCONFIRMED,0,0.45,SHORT,1,0,0,0
BNBUSDT,1776153600000,2026-04-14T08:00:00.000Z,BULL,SHORT,0,7.875,IGNORE,0,WATCH,,0,0,0,NA,NA,NA,NA,NA,CLEAR,1,0,0,0,0,TREND_REVERSAL_UNCONFIRMED,0,0.45,SHORT,1,0,0,0
BNBUSDT,1776157200000,2026-04-14T09:00:00.000Z,BULL,SHORT,0,7.875,IGNORE,0,WATCH,,0,0,0,NA,NA,NA,NA,NA,CLEAR,1,0,0,0,0,TREND_REVERSAL_UNCONFIRMED,0,0.45,SHORT,1,0,0,0
BNBUSDT,1776160800000,2026-04-14T10:00:00.000Z,BULL,SHORT,25,13.5,IGNORE,0,WATCH,,0,0,0,NA,NA,NA,NA,NA,CLEAR,1,0,0,0,0,TREND_REVERSAL_UNCONFIRMED,1,0.45,SHORT,1,0,0,0
BNBUSDT,1776164400000,2026-04-14T11:00:00.000Z,BULL,SHORT,0,7.875,IGNORE,0,WATCH,,0,0,0,NA,NA,NA,NA,NA,CLEAR,1,0,0,0,0,TREND_REVERSAL_UNCONFIRMED,0,0.45,SHORT,1,0,0,0
BNBUSDT,1776168000000,2026-04-14T12:00:00.000Z,BULL,SHORT,0,7.875,IGNORE,0,WATCH,,0,0,0,NA,NA,NA,NA,NA,CLEAR,1,0,0,0,0,TREND_REVERSAL_UNCONFIRMED,0,0.45,SHORT,1,0,0,0
BNBUSDT,1776171600000,2026-04-14T13:00:00.000Z,BULL,SHORT,20.747382642084574,13.16510638306416,IGNORE,0,WATCH,,0,0,0,NA,NA,NA,NA,NA,CLEAR,1,0,0,0,0,TREND_REVERSAL_UNCONFIRMED,1,0.45,SHORT,1,0,0,0
BNBUSDT,1776175200000,2026-04-14T14:00:00.000Z,BULL,SHORT,25,13.5,IGNORE,0,WATCH,,0,0,0,NA,NA,NA,NA,NA,CLEAR,1,0,0,0,0,TREND_REVERSAL_UNCONFIRMED,1,0.45,SHORT,1,0,0,0
BNBUSDT,1776178800000,2026-04-14T15:00:00.000Z,BULL,SHORT,25,13.5,IGNORE,0,WATCH,,0,0,0,NA,NA,NA,NA,NA,CLEAR,1,0,0,0,0,TREND_REVERSAL_UNCONFIRMED,1,0.45,SHORT,1,0,0,0
BNBUSDT,1776182400000,2026-04-14T16:00:00.000Z,BULL,SHORT,0,7.875,IGNORE,0,WATCH,,0,0,0,NA,NA,NA,NA,NA,CLEAR,1,0,0,0,0,TREND_REVERSAL_UNCONFIRMED,0,0.45,SHORT,1,0,0,0
BNBUSDT,1776186000000,2026-04-14T17:00:00.000Z,BULL,SHORT,15.0839428685718,12.71911050090003,IGNORE,0,WATCH,,0,0,0,NA,NA,NA,NA,NA,CLEAR,1,0,0,0,0,TREND_REVERSAL_UNCONFIRMED,1,0.45,SHORT,1,0,0,0
BNBUSDT,1776189600000,2026-04-14T18:00:00.000Z,NEUTRAL,NONE,0,7.875,IGNORE,0,WATCH,,0,0,0,NA,NA,NA,NA,NA,WARNING_SOFT,1,0,0,0,0,TREND_REVERSAL_UNCONFIRMED,0,0.45,NONE,1,0,0,0
BNBUSDT,1776193200000,2026-04-14T19:00:00.000Z,NEUTRAL,NONE,0,7.875,IGNORE,0,WATCH,,0,0,0,NA,NA,NA,NA,NA,WARNING_SOFT,1,0,0,0,0,TREND_REVERSAL_UNCONFIRMED,0,0.45,NONE,1,0,0,0
BNBUSDT,1776196800000,2026-04-14T20:00:00.000Z,NEUTRAL,NONE,0,7.875,IGNORE,0,WATCH,,0,0,0,NA,NA,NA,NA,NA,WARNING_SOFT,1,0,0,0,0,TREND_REVERSAL_UNCONFIRMED,0,0.45,NONE,1,0,0,0
BNBUSDT,1776200400000,2026-04-14T21:00:00.000Z,BULL,SHORT,0,7.875,IGNORE,0,WATCH,,0,0,0,NA,NA,NA,NA,NA,WARNING_SOFT,1,0,0,0,0,TREND_REVERSAL_UNCONFIRMED,0,0.45,SHORT,1,0,0,0
BNBUSDT,1776204000000,2026-04-14T22:00:00.000Z,NEUTRAL,NONE,0,7.875,IGNORE,0,WATCH,,0,0,0,NA,NA,NA,NA,NA,WARNING_SOFT,1,0,0,0,0,TREND_REVERSAL_UNCONFIRMED,0,0.45,NONE,1,0,0,0
BNBUSDT,1776207600000,2026-04-14T23:00:00.000Z,NEUTRAL,NONE,0,7.875,IGNORE,0,WATCH,,0,0,0,NA,NA,NA,NA,NA,WARNING_SOFT,1,0,0,0,0,TREND_REVERSAL_UNCONFIRMED,0,0.45,NONE,1,0,0,0
BNBUSDT,1776211200000,2026-04-15T00:00:00.000Z,BULL,SHORT,0,7.875,IGNORE,0,WATCH,,0,0,0,NA,NA,NA,NA,NA,WARNING_SOFT,1,0,0,0,0,TREND_REVERSAL_UNCONFIRMED,0,0.45,SHORT,1,0,0,0
BNBUSDT,1776214800000,2026-04-15T01:00:00.000Z,BULL,SHORT,0,7.875,IGNORE,0,WATCH,,0,0,0,NA,NA,NA,NA,NA,CLEAR,1,0,0,0,0,TREND_REVERSAL_UNCONFIRMED,0,0.45,SHORT,1,0,0,0
BNBUSDT,1776218400000,2026-04-15T02:00:00.000Z,BULL,SHORT,25,13.5,IGNORE,0,WATCH,,0,0,0,NA,NA,NA,NA,NA,CLEAR,1,0,0,0,0,TREND_REVERSAL_UNCONFIRMED,1,0.45,SHORT,1,0,0,0
BNBUSDT,1776222000000,2026-04-15T03:00:00.000Z,BULL,SHORT,0,7.875,IGNORE,0,WATCH,,0,0,0,NA,NA,NA,NA,NA,WARNING_SOFT,1,0,0,0,0,TREND_REVERSAL_UNCONFIRMED,0,0.45,SHORT,1,0,0,0
BNBUSDT,1776225600000,2026-04-15T04:00:00.000Z,NEUTRAL,NONE,0,7.875,IGNORE,0,WATCH,,0,0,0,NA,NA,NA,NA,NA,WARNING_SOFT,1,0,0,0,0,TREND_REVERSAL_UNCONFIRMED,0,0.45,NONE,1,0,0,0
BNBUSDT,1776229200000,2026-04-15T05:00:00.000Z,NEUTRAL,NONE,0,7.875,IGNORE,0,WATCH,,0,0,0,NA,NA,NA,NA,NA,WARNING_SOFT,1,0,0,0,0,TREND_REVERSAL_UNCONFIRMED,0,0.45,NONE,1,0,0,0
BNBUSDT,1776232800000,2026-04-15T06:00:00.000Z,NEUTRAL,NONE,0,7.875,IGNORE,0,WATCH,,0,0,0,NA,NA,NA,NA,NA,WARNING_SOFT,1,0,0,0,0,TREND_REVERSAL_UNCONFIRMED,0,0.45,NONE,1,0,0,0
BNBUSDT,1776236400000,2026-04-15T07:00:00.000Z,NEUTRAL,NONE,0,7.875,IGNORE,0,WATCH,,0,0,0,NA,NA,NA,NA,NA,BLOCK,0,0,0,0,0,TREND_REVERSAL_UNCONFIRMED,0,0.45,NONE,1,0,0,0
BNBUSDT,1776240000000,2026-04-15T08:00:00.000Z,NEUTRAL,NONE,0,7.875,IGNORE,0,WATCH,,0,0,0,NA,NA,NA,NA,NA,BLOCK,0,0,0,0,0,TREND_REVERSAL_UNCONFIRMED,0,0.45,NONE,1,0,0,0
BNBUSDT,1776243600000,2026-04-15T09:00:00.000Z,BULL,SHORT,17.5,12.909375,IGNORE,0,WATCH,,0,0,0,NA,NA,NA,NA,NA,WARNING_SOFT,1,0,0,0,0,TREND_REVERSAL_UNCONFIRMED,1,0.45,SHORT,1,0,0,0
BNBUSDT,1776247200000,2026-04-15T10:00:00.000Z,BULL,SHORT,17.5,12.909375,IGNORE,0,WATCH,,0,0,0,NA,NA,NA,NA,NA,WARNING_HARD,1,0,0,0,0,TREND_REVERSAL_UNCONFIRMED,1,0.45,SHORT,1,0,0,0
BNBUSDT,1776250800000,2026-04-15T11:00:00.000Z,BULL,SHORT,17.5,12.909375,IGNORE,0,WATCH,,0,0,0,NA,NA,NA,NA,NA,CLEAR,1,0,0,0,0,TREND_REVERSAL_UNCONFIRMED,1,0.45,SHORT,1,0,0,0
BNBUSDT,1776254400000,2026-04-15T12:00:00.000Z,BULL,SHORT,17.5,12.909375,IGNORE,0,WATCH,,0,0,0,NA,NA,NA,NA,NA,CLEAR,1,0,0,0,0,TREND_REVERSAL_UNCONFIRMED,1,0.45,SHORT,1,0,0,0
BNBUSDT,1776258000000,2026-04-15T13:00:00.000Z,BULL,SHORT,42.5,18.534375,IGNORE,0,WATCH,,0,0,0,NA,NA,NA,NA,NA,WARNING_SOFT,1,0,0,0,0,TREND_REVERSAL_UNCONFIRMED,2,0.45,SHORT,1,0,0,0
BNBUSDT,1776261600000,2026-04-15T14:00:00.000Z,BULL,SHORT,0,7.875,IGNORE,0,WATCH,,0,0,0,NA,NA,NA,NA,NA,WARNING_SOFT,1,0,0,0,0,TREND_REVERSAL_UNCONFIRMED,0,0.45,SHORT,1,0,0,0
BNBUSDT,1776265200000,2026-04-15T15:00:00.000Z,BULL,SHORT,0,7.875,IGNORE,0,WATCH,,0,0,0,NA,NA,NA,NA,NA,WARNING_SOFT,1,0,0,0,0,TREND_REVERSAL_UNCONFIRMED,0,0.45,SHORT,1,0,0,0
BNBUSDT,1776268800000,2026-04-15T16:00:00.000Z,BULL,SHORT,0,7.875,IGNORE,0,WATCH,,0,0,0,NA,NA,NA,NA,NA,WARNING_SOFT,1,0,0,0,0,TREND_REVERSAL_UNCONFIRMED,0,0.45,SHORT,1,0,0,0
BNBUSDT,1776272400000,2026-04-15T17:00:00.000Z,BULL,SHORT,0,7.875,IGNORE,0,WATCH,,0,0,0,NA,NA,NA,NA,NA,CLEAR,1,0,0,0,0,TREND_REVERSAL_UNCONFIRMED,0,0.45,SHORT,1,0,0,0
BNBUSDT,1776276000000,2026-04-15T18:00:00.000Z,BULL,SHORT,12.847222222222221,12.54296875,IGNORE,0,WATCH,,0,0,0,NA,NA,NA,NA,NA,CLEAR,1,0,0,0,0,TREND_REVERSAL_UNCONFIRMED,1,0.45,SHORT,1,0,0,0
BNBUSDT,1776279600000,2026-04-15T19:00:00.000Z,BULL,SHORT,25,13.5,IGNORE,0,WATCH,,0,0,0,NA,NA,NA,NA,NA,CLEAR,1,1,0,0,0,TREND_REVERSAL_UNCONFIRMED,1,0.45,SHORT,1,0,0,0
BNBUSDT,1776283200000,2026-04-15T20:00:00.000Z,BULL,SHORT,25,13.5,IGNORE,0,WATCH,,0,0,0,NA,NA,NA,NA,NA,CLEAR,1,0,0,0,0,TREND_REVERSAL_UNCONFIRMED,1,0.45,SHORT,1,0,0,0
BNBUSDT,1776286800000,2026-04-15T21:00:00.000Z,BULL,SHORT,0,7.875,IGNORE,0,WATCH,,0,0,0,NA,NA,NA,NA,NA,CLEAR,1,0,0,0,0,TREND_REVERSAL_UNCONFIRMED,0,0.45,SHORT,1,0,0,0
BNBUSDT,1776290400000,2026-04-15T22:00:00.000Z,BULL,SHORT,0,7.875,IGNORE,0,WATCH,,0,0,0,NA,NA,NA,NA,NA,CLEAR,1,0,0,0,0,TREND_REVERSAL_UNCONFIRMED,0,0.45,SHORT,1,0,0,0
BNBUSDT,1776294000000,2026-04-15T23:00:00.000Z,BULL,SHORT,0,7.875,IGNORE,0,WATCH,,0,0,0,NA,NA,NA,NA,NA,CLEAR,1,0,0,0,0,TREND_REVERSAL_UNCONFIRMED,0,0.45,SHORT,1,0,0,0
BNBUSDT,1776297600000,2026-04-16T00:00:00.000Z,BULL,SHORT,0,7.875,IGNORE,0,WATCH,,0,0,0,NA,NA,NA,NA,NA,WARNING_SOFT,1,0,0,0,0,TREND_REVERSAL_UNCONFIRMED,0,0.45,SHORT,1,0,0,0
BNBUSDT,1776301200000,2026-04-16T01:00:00.000Z,BULL,SHORT,0,7.875,IGNORE,0,WATCH,,0,0,0,NA,NA,NA,NA,NA,WARNING_SOFT,1,0,0,0,0,TREND_REVERSAL_UNCONFIRMED,0,0.45,SHORT,1,0,0,0
BNBUSDT,1776304800000,2026-04-16T02:00:00.000Z,BULL,SHORT,0,7.875,IGNORE,0,WATCH,,0,0,0,NA,NA,NA,NA,NA,CLEAR,1,0,0,0,0,TREND_REVERSAL_UNCONFIRMED,0,0.45,SHORT,1,0,0,0
BNBUSDT,1776308400000,2026-04-16T03:00:00.000Z,BULL,SHORT,0,7.875,IGNORE,0,WATCH,,0,0,0,NA,NA,NA,NA,NA,CLEAR,1,0,0,0,0,TREND_REVERSAL_UNCONFIRMED,0,0.45,SHORT,1,0,0,0
BNBUSDT,1776312000000,2026-04-16T04:00:00.000Z,BULL,SHORT,0,7.875,IGNORE,0,WATCH,,0,0,0,NA,NA,NA,NA,NA,CLEAR,1,0,0,0,0,TREND_REVERSAL_UNCONFIRMED,0,0.45,SHORT,1,0,0,0
BNBUSDT,1776315600000,2026-04-16T05:00:00.000Z,BULL,SHORT,17.5,12.909375,IGNORE,0,WATCH,,0,0,0,NA,NA,NA,NA,NA,CLEAR,1,0,0,0,0,TREND_REVERSAL_UNCONFIRMED,1,0.45,SHORT,1,0,0,0
BNBUSDT,1776319200000,2026-04-16T06:00:00.000Z,BULL,SHORT,17.5,12.909375,IGNORE,0,WATCH,,0,0,0,NA,NA,NA,NA,NA,CLEAR,1,0,0,0,0,TREND_REVERSAL_UNCONFIRMED,1,0.45,SHORT,1,0,0,0
BNBUSDT,1776322800000,2026-04-16T07:00:00.000Z,BULL,SHORT,30.36110971979923,17.57843739043419,IGNORE,0,WATCH,,0,0,0,NA,NA,NA,NA,NA,WARNING_SOFT,1,0,0,0,0,TREND_REVERSAL_UNCONFIRMED,2,0.45,SHORT,1,0,0,0
BNBUSDT,1776326400000,2026-04-16T08:00:00.000Z,BULL,SHORT,17.5,12.909375,IGNORE,0,WATCH,,0,0,0,NA,NA,NA,NA,NA,BLOCK,0,0,0,0,0,TREND_REVERSAL_UNCONFIRMED,1,0.45,SHORT,1,0,0,0
BNBUSDT,1776330000000,2026-04-16T09:00:00.000Z,BULL,SHORT,17.5,12.909375,IGNORE,0,WATCH,,0,0,0,NA,NA,NA,NA,NA,WARNING_SOFT,1,0,0,0,0,TREND_REVERSAL_UNCONFIRMED,1,0.45,SHORT,1,0,0,0
BNBUSDT,1776333600000,2026-04-16T10:00:00.000Z,NEUTRAL,NONE,0,7.875,IGNORE,0,WATCH,,0,0,0,NA,NA,NA,NA,NA,BLOCK,0,0,0,0,0,TREND_REVERSAL_UNCONFIRMED,0,0.45,NONE,1,0,0,0
BNBUSDT,1776337200000,2026-04-16T11:00:00.000Z,NEUTRAL,NONE,0,7.875,IGNORE,0,WATCH,,0,0,0,NA,NA,NA,NA,NA,WARNING_SOFT,1,0,0,0,0,TREND_REVERSAL_UNCONFIRMED,0,0.45,NONE,1,0,0,0
BNBUSDT,1776340800000,2026-04-16T12:00:00.000Z,NEUTRAL,NONE,0,7.875,IGNORE,0,WATCH,,0,0,0,NA,NA,NA,NA,NA,BLOCK,0,0,0,0,0,TREND_REVERSAL_UNCONFIRMED,0,0.45,NONE,1,0,0,0
BNBUSDT,1776344400000,2026-04-16T13:00:00.000Z,NEUTRAL,NONE,0,7.875,IGNORE,0,WATCH,,0,0,0,NA,NA,NA,NA,NA,BLOCK,0,0,0,0,0,TREND_REVERSAL_UNCONFIRMED,0,0.45,NONE,1,0,0,0
BNBUSDT,1776348000000,2026-04-16T14:00:00.000Z,NEUTRAL,NONE,0,7.875,IGNORE,0,WATCH,,0,0,0,NA,NA,NA,NA,NA,BLOCK,0,0,0,0,0,TREND_REVERSAL_UNCONFIRMED,0,0.45,NONE,1,0,0,0
BNBUSDT,1776351600000,2026-04-16T15:00:00.000Z,BULL,SHORT,42.5,18.534375,IGNORE,0,WATCH,,0,0,0,NA,NA,NA,NA,NA,WARNING_SOFT,1,0,0,0,0,TREND_REVERSAL_UNCONFIRMED,2,0.45,SHORT,1,0,0,0
BNBUSDT,1776355200000,2026-04-16T16:00:00.000Z,BULL,SHORT,42.263269953997366,18.515732508877292,IGNORE,0,WATCH,,0,0,0,NA,NA,NA,NA,NA,WARNING_HARD,1,0,0,0,0,TREND_REVERSAL_UNCONFIRMED,2,0.45,SHORT,1,0,0,0
BNBUSDT,1776358800000,2026-04-16T17:00:00.000Z,BULL,SHORT,31.93533925411672,17.702407966261692,IGNORE,0,WATCH,,0,0,0,NA,NA,NA,NA,NA,WARNING_SOFT,1,0,0,0,0,TREND_REVERSAL_UNCONFIRMED,2,0.45,SHORT,1,0,0,0
BNBUSDT,1776362400000,2026-04-16T18:00:00.000Z,BULL,SHORT,55.69444444444444,51.342083333333335,WATCH,1,WATCH,ACTIVE,1,1,0,FAIL,PASS,SKIP,SKIP,PASS,CLEAR,1,1,0,0,0,MARKET_CONTEXT_DENIED,3,0.84,SHORT,0,1,0,0
BNBUSDT,1776366000000,2026-04-16T19:00:00.000Z,BULL,SHORT,69,60.123,WATCH,1,WATCH,ACTIVE,1,1,0,FAIL,PASS,SKIP,SKIP,PASS,CLEAR,1,0,0,0,0,MARKET_CONTEXT_DENIED,4,0.84,SHORT,0,1,0,0
BNBUSDT,1776369600000,2026-04-16T20:00:00.000Z,BULL,SHORT,17.5,12.909375,IGNORE,0,WATCH,,0,0,0,NA,NA,NA,NA,NA,CLEAR,1,0,0,0,0,TREND_REVERSAL_UNCONFIRMED,1,0.45,SHORT,1,0,0,0
BNBUSDT,1776373200000,2026-04-16T21:00:00.000Z,BULL,SHORT,0,7.875,IGNORE,0,WATCH,,0,0,0,NA,NA,NA,NA,NA,CLEAR,1,0,0,0,0,TREND_REVERSAL_UNCONFIRMED,0,0.45,SHORT,1,0,0,0
BNBUSDT,1776376800000,2026-04-16T22:00:00.000Z,BULL,SHORT,0,7.875,IGNORE,0,WATCH,,0,0,0,NA,NA,NA,NA,NA,CLEAR,1,0,0,0,0,TREND_REVERSAL_UNCONFIRMED,0,0.45,SHORT,1,0,0,0
BNBUSDT,1776380400000,2026-04-16T23:00:00.000Z,BULL,SHORT,0,7.875,IGNORE,0,WATCH,,0,0,0,NA,NA,NA,NA,NA,CLEAR,1,0,0,0,0,TREND_REVERSAL_UNCONFIRMED,0,0.45,SHORT,1,0,0,0
BNBUSDT,1776384000000,2026-04-17T00:00:00.000Z,BULL,SHORT,25,13.5,IGNORE,0,WATCH,,0,0,0,NA,NA,NA,NA,NA,CLEAR,1,0,0,0,0,TREND_REVERSAL_UNCONFIRMED,1,0.45,SHORT,1,0,0,0
BNBUSDT,1776387600000,2026-04-17T01:00:00.000Z,BULL,SHORT,0,7.875,IGNORE,0,WATCH,,0,0,0,NA,NA,NA,NA,NA,WARNING_SOFT,1,0,0,0,0,TREND_REVERSAL_UNCONFIRMED,0,0.45,SHORT,1,0,0,0
BNBUSDT,1776391200000,2026-04-17T02:00:00.000Z,BULL,SHORT,0,7.875,IGNORE,0,WATCH,,0,0,0,NA,NA,NA,NA,NA,WARNING_SOFT,1,0,0,0,0,TREND_REVERSAL_UNCONFIRMED,0,0.45,SHORT,1,0,0,0
BNBUSDT,1776394800000,2026-04-17T03:00:00.000Z,BULL,SHORT,0,7.875,IGNORE,0,WATCH,,0,0,0,NA,NA,NA,NA,NA,WARNING_SOFT,1,0,0,0,0,TREND_REVERSAL_UNCONFIRMED,0,0.45,SHORT,1,0,0,0
BNBUSDT,1776398400000,2026-04-17T04:00:00.000Z,BULL,SHORT,0,7.875,IGNORE,0,WATCH,,0,0,0,NA,NA,NA,NA,NA,WARNING_SOFT,1,0,0,0,0,TREND_REVERSAL_UNCONFIRMED,0,0.45,SHORT,1,0,0,0
BNBUSDT,1776402000000,2026-04-17T05:00:00.000Z,NEUTRAL,NONE,0,7.875,IGNORE,0,WATCH,,0,0,0,NA,NA,NA,NA,NA,BLOCK,0,0,0,0,0,TREND_REVERSAL_UNCONFIRMED,0,0.45,NONE,1,0,0,0
BNBUSDT,1776405600000,2026-04-17T06:00:00.000Z,NEUTRAL,NONE,0,7.875,IGNORE,0,WATCH,,0,0,0,NA,NA,NA,NA,NA,WARNING_SOFT,1,0,0,0,0,TREND_REVERSAL_UNCONFIRMED,0,0.45,NONE,1,0,0,0
BNBUSDT,1776409200000,2026-04-17T07:00:00.000Z,NEUTRAL,NONE,0,7.875,IGNORE,0,WATCH,,0,0,0,NA,NA,NA,NA,NA,WARNING_SOFT,1,0,0,0,0,TREND_REVERSAL_UNCONFIRMED,0,0.45,NONE,1,0,0,0
BNBUSDT,1776412800000,2026-04-17T08:00:00.000Z,BULL,SHORT,0,7.875,IGNORE,0,WATCH,,0,0,0,NA,NA,NA,NA,NA,WARNING_SOFT,1,0,0,0,0,TREND_REVERSAL_UNCONFIRMED,0,0.45,SHORT,1,0,0,0
BNBUSDT,1776416400000,2026-04-17T09:00:00.000Z,BULL,SHORT,14.00679880399883,12.634285405814907,IGNORE,0,WATCH,,0,0,0,NA,NA,NA,NA,NA,CLEAR,1,0,0,0,0,TREND_REVERSAL_UNCONFIRMED,1,0.45,SHORT,1,0,0,0
BNBUSDT,1776420000000,2026-04-17T10:00:00.000Z,BULL,SHORT,25,13.5,IGNORE,0,WATCH,,0,0,0,NA,NA,NA,NA,NA,WARNING_SOFT,1,0,0,0,0,TREND_REVERSAL_UNCONFIRMED,1,0.45,SHORT,1,0,0,0
BNBUSDT,1776423600000,2026-04-17T11:00:00.000Z,BULL,SHORT,0,7.875,IGNORE,0,WATCH,,0,0,0,NA,NA,NA,NA,NA,CLEAR,1,0,0,0,0,TREND_REVERSAL_UNCONFIRMED,0,0.45,SHORT,1,0,0,0
BNBUSDT,1776427200000,2026-04-17T12:00:00.000Z,BULL,SHORT,0,7.875,IGNORE,0,WATCH,,0,0,0,NA,NA,NA,NA,NA,CLEAR,1,0,0,0,0,TREND_REVERSAL_UNCONFIRMED,0,0.45,SHORT,1,0,0,0
BNBUSDT,1776430800000,2026-04-17T13:00:00.000Z,BULL,SHORT,25,13.5,IGNORE,0,WATCH,,0,0,0,NA,NA,NA,NA,NA,CLEAR,1,1,0,0,0,TREND_REVERSAL_UNCONFIRMED,1,0.45,SHORT,1,0,0,0
BNBUSDT,1776434400000,2026-04-17T14:00:00.000Z,BULL,SHORT,46.59272608775849,18.85667717941098,IGNORE,0,WATCH,,0,0,0,NA,NA,NA,NA,NA,CLEAR,1,0,0,0,0,TREND_REVERSAL_UNCONFIRMED,2,0.45,SHORT,1,0,0,0
BNBUSDT,1776438000000,2026-04-17T15:00:00.000Z,BULL,SHORT,0,7.875,IGNORE,0,WATCH,,0,0,0,NA,NA,NA,NA,NA,CLEAR,1,0,0,0,0,TREND_REVERSAL_UNCONFIRMED,0,0.45,SHORT,1,0,0,0
BNBUSDT,1776441600000,2026-04-17T16:00:00.000Z,BULL,SHORT,0,7.875,IGNORE,0,WATCH,,0,0,0,NA,NA,NA,NA,NA,CLEAR,1,0,0,0,0,TREND_REVERSAL_UNCONFIRMED,0,0.45,SHORT,1,0,0,0
BNBUSDT,1776445200000,2026-04-17T17:00:00.000Z,BULL,SHORT,0,7.875,IGNORE,0,WATCH,,0,0,0,NA,NA,NA,NA,NA,CLEAR,1,0,0,0,0,TREND_REVERSAL_UNCONFIRMED,0,0.45,SHORT,1,0,0,0
BNBUSDT,1776448800000,2026-04-17T18:00:00.000Z,BULL,SHORT,0,7.875,IGNORE,0,WATCH,,0,0,0,NA,NA,NA,NA,NA,CLEAR,1,0,0,0,0,TREND_REVERSAL_UNCONFIRMED,0,0.45,SHORT,1,0,0,0
BNBUSDT,1776452400000,2026-04-17T19:00:00.000Z,BULL,SHORT,0,7.875,IGNORE,0,WATCH,,0,0,0,NA,NA,NA,NA,NA,CLEAR,1,0,0,0,0,TREND_REVERSAL_UNCONFIRMED,0,0.45,SHORT,1,0,0,0
BNBUSDT,1776456000000,2026-04-17T20:00:00.000Z,BULL,SHORT,0,7.875,IGNORE,0,WATCH,,0,0,0,NA,NA,NA,NA,NA,CLEAR,1,0,0,0,0,TREND_REVERSAL_UNCONFIRMED,0,0.45,SHORT,1,0,0,0
BNBUSDT,1776459600000,2026-04-17T21:00:00.000Z,BULL,SHORT,0,7.875,IGNORE,0,WATCH,,0,0,0,NA,NA,NA,NA,NA,CLEAR,1,0,0,0,0,TREND_REVERSAL_UNCONFIRMED,0,0.45,SHORT,1,0,0,0
BNBUSDT,1776463200000,2026-04-17T22:00:00.000Z,BULL,SHORT,0,7.875,IGNORE,0,WATCH,,0,0,0,NA,NA,NA,NA,NA,CLEAR,1,0,0,0,0,TREND_REVERSAL_UNCONFIRMED,0,0.45,SHORT,1,0,0,0
BNBUSDT,1776466800000,2026-04-17T23:00:00.000Z,BULL,SHORT,0,7.875,IGNORE,0,WATCH,,0,0,0,NA,NA,NA,NA,NA,CLEAR,1,0,0,0,0,TREND_REVERSAL_UNCONFIRMED,0,0.45,SHORT,1,0,0,0
BNBUSDT,1776470400000,2026-04-18T00:00:00.000Z,BULL,SHORT,0,7.875,IGNORE,0,WATCH,,0,0,0,NA,NA,NA,NA,NA,CLEAR,1,0,0,0,0,TREND_REVERSAL_UNCONFIRMED,0,0.45,SHORT,1,0,0,0
BNBUSDT,1776474000000,2026-04-18T01:00:00.000Z,BULL,SHORT,0,7.875,IGNORE,0,WATCH,,0,0,0,NA,NA,NA,NA,NA,CLEAR,1,0,0,0,0,TREND_REVERSAL_UNCONFIRMED,0,0.45,SHORT,1,0,0,0
BNBUSDT,1776477600000,2026-04-18T02:00:00.000Z,BULL,SHORT,25,13.5,IGNORE,0,WATCH,,0,0,0,NA,NA,NA,NA,NA,CLEAR,1,0,0,0,0,TREND_REVERSAL_UNCONFIRMED,1,0.45,SHORT,1,0,0,0
BNBUSDT,1776481200000,2026-04-18T03:00:00.000Z,BULL,SHORT,0,7.875,IGNORE,0,WATCH,,0,0,0,NA,NA,NA,NA,NA,WARNING_SOFT,1,0,0,0,0,TREND_REVERSAL_UNCONFIRMED,0,0.45,SHORT,1,0,0,0
BNBUSDT,1776484800000,2026-04-18T04:00:00.000Z,BULL,SHORT,0,7.875,IGNORE,0,WATCH,,0,0,0,NA,NA,NA,NA,NA,WARNING_SOFT,1,0,0,0,0,TREND_REVERSAL_UNCONFIRMED,0,0.45,SHORT,1,0,0,0
BNBUSDT,1776488400000,2026-04-18T05:00:00.000Z,BULL,SHORT,17.64275405592582,12.92061688190416,IGNORE,0,WATCH,,0,0,0,NA,NA,NA,NA,NA,CLEAR,1,0,0,0,0,TREND_REVERSAL_UNCONFIRMED,1,0.45,SHORT,1,0,0,0
BNBUSDT,1776492000000,2026-04-18T06:00:00.000Z,BULL,SHORT,0,7.875,IGNORE,0,WATCH,,0,0,0,NA,NA,NA,NA,NA,CLEAR,1,0,0,0,0,TREND_REVERSAL_UNCONFIRMED,0,0.45,SHORT,1,0,0,0
BNBUSDT,1776495600000,2026-04-18T07:00:00.000Z,BULL,SHORT,0,7.875,IGNORE,0,WATCH,,0,0,0,NA,NA,NA,NA,NA,CLEAR,1,0,0,0,0,TREND_REVERSAL_UNCONFIRMED,0,0.45,SHORT,1,0,0,0
BNBUSDT,1776499200000,2026-04-18T08:00:00.000Z,NEUTRAL,NONE,0,7.875,IGNORE,0,WATCH,,0,0,0,NA,NA,NA,NA,NA,BLOCK,0,0,0,0,0,TREND_REVERSAL_UNCONFIRMED,0,0.45,NONE,1,0,0,0
BNBUSDT,1776502800000,2026-04-18T09:00:00.000Z,NEUTRAL,NONE,0,7.875,IGNORE,0,WATCH,,0,0,0,NA,NA,NA,NA,NA,BLOCK,0,0,0,0,0,TREND_REVERSAL_UNCONFIRMED,0,0.45,NONE,1,0,0,0
BNBUSDT,1776506400000,2026-04-18T10:00:00.000Z,NEUTRAL,NONE,0,7.875,IGNORE,0,WATCH,,0,0,0,NA,NA,NA,NA,NA,BLOCK,0,0,0,0,0,TREND_REVERSAL_UNCONFIRMED,0,0.45,NONE,1,0,0,0
BNBUSDT,1776510000000,2026-04-18T11:00:00.000Z,NEUTRAL,NONE,0,7.875,IGNORE,0,WATCH,,0,0,0,NA,NA,NA,NA,NA,WARNING_SOFT,1,0,0,0,0,TREND_REVERSAL_UNCONFIRMED,0,0.45,NONE,1,0,0,0
BNBUSDT,1776513600000,2026-04-18T12:00:00.000Z,NEUTRAL,NONE,0,7.875,IGNORE,0,WATCH,,0,0,0,NA,NA,NA,NA,NA,WARNING_SOFT,1,0,0,0,0,TREND_REVERSAL_UNCONFIRMED,0,0.45,NONE,1,0,0,0
BNBUSDT,1776517200000,2026-04-18T13:00:00.000Z,NEUTRAL,NONE,0,7.875,IGNORE,0,WATCH,,0,0,0,NA,NA,NA,NA,NA,WARNING_SOFT,1,0,0,0,0,TREND_REVERSAL_UNCONFIRMED,0,0.45,NONE,1,0,0,0
BNBUSDT,1776520800000,2026-04-18T14:00:00.000Z,NEUTRAL,NONE,0,7.875,IGNORE,0,WATCH,,0,0,0,NA,NA,NA,NA,NA,WARNING_SOFT,1,0,0,0,0,TREND_REVERSAL_UNCONFIRMED,0,0.45,NONE,1,0,0,0
BNBUSDT,1776524400000,2026-04-18T15:00:00.000Z,NEUTRAL,NONE,0,7.875,IGNORE,0,WATCH,,0,0,0,NA,NA,NA,NA,NA,WARNING_SOFT,1,0,0,0,0,TREND_REVERSAL_UNCONFIRMED,0,0.45,NONE,1,0,0,0
BNBUSDT,1776528000000,2026-04-18T16:00:00.000Z,NEUTRAL,NONE,0,7.875,IGNORE,0,WATCH,,0,0,0,NA,NA,NA,NA,NA,WARNING_SOFT,1,0,0,0,0,TREND_REVERSAL_UNCONFIRMED,0,0.45,NONE,1,0,0,0
BNBUSDT,1776531600000,2026-04-18T17:00:00.000Z,NEUTRAL,NONE,0,7.875,IGNORE,0,WATCH,,0,0,0,NA,NA,NA,NA,NA,WARNING_SOFT,1,0,0,0,0,TREND_REVERSAL_UNCONFIRMED,0,0.45,NONE,1,0,0,0
BNBUSDT,1776535200000,2026-04-18T18:00:00.000Z,NEUTRAL,NONE,0,7.875,IGNORE,0,WATCH,,0,0,0,NA,NA,NA,NA,NA,WARNING_SOFT,1,0,0,0,0,TREND_REVERSAL_UNCONFIRMED,0,0.45,NONE,1,0,0,0
BNBUSDT,1776538800000,2026-04-18T19:00:00.000Z,NEUTRAL,NONE,0,7.875,IGNORE,0,WATCH,,0,0,0,NA,NA,NA,NA,NA,BLOCK,0,0,0,0,0,TREND_REVERSAL_UNCONFIRMED,0,0.45,NONE,1,0,0,0
BNBUSDT,1776542400000,2026-04-18T20:00:00.000Z,NEUTRAL,NONE,0,7.875,IGNORE,0,WATCH,,0,0,0,NA,NA,NA,NA,NA,WARNING_SOFT,1,0,0,0,0,TREND_REVERSAL_UNCONFIRMED,0,0.45,NONE,1,0,0,0
BNBUSDT,1776546000000,2026-04-18T21:00:00.000Z,NEUTRAL,NONE,0,7.875,IGNORE,0,WATCH,,0,0,0,NA,NA,NA,NA,NA,WARNING_SOFT,1,0,0,0,0,TREND_REVERSAL_UNCONFIRMED,0,0.45,NONE,1,0,0,0
BNBUSDT,1776549600000,2026-04-18T22:00:00.000Z,NEUTRAL,NONE,0,7.875,IGNORE,0,WATCH,,0,0,0,NA,NA,NA,NA,NA,WARNING_SOFT,1,0,0,0,0,TREND_REVERSAL_UNCONFIRMED,0,0.45,NONE,1,0,0,0
BNBUSDT,1776553200000,2026-04-18T23:00:00.000Z,BEAR,LONG,25,13.5,IGNORE,0,WATCH,,0,0,0,NA,NA,NA,NA,NA,CLEAR,1,0,0,0,0,TREND_REVERSAL_UNCONFIRMED,1,0.45,LONG,1,0,0,0
BNBUSDT,1776556800000,2026-04-19T00:00:00.000Z,BEAR,LONG,12.847222222222221,12.54296875,IGNORE,0,WATCH,,0,0,0,NA,NA,NA,NA,NA,CLEAR,1,0,0,0,0,TREND_REVERSAL_UNCONFIRMED,1,0.45,LONG,1,0,0,0
BNBUSDT,1776560400000,2026-04-19T01:00:00.000Z,BEAR,LONG,12.847222222222221,12.54296875,IGNORE,0,WATCH,,0,0,0,NA,NA,NA,NA,NA,CLEAR,1,0,0,0,0,TREND_REVERSAL_UNCONFIRMED,1,0.45,LONG,1,0,0,0
BNBUSDT,1776564000000,2026-04-19T02:00:00.000Z,BEAR,LONG,38.19444444444444,18.1953125,IGNORE,0,WATCH,,0,0,0,NA,NA,NA,NA,NA,CLEAR,1,0,0,0,0,TREND_REVERSAL_UNCONFIRMED,2,0.45,LONG,1,0,0,0
BNBUSDT,1776567600000,2026-04-19T03:00:00.000Z,BEAR,LONG,31.912337830997984,17.70059660419109,IGNORE,0,WATCH,,0,0,0,NA,NA,NA,NA,NA,CLEAR,1,0,1,0,0,TREND_REVERSAL_UNCONFIRMED,2,0.45,LONG,1,0,0,0
BNBUSDT,1776571200000,2026-04-19T04:00:00.000Z,BEAR,LONG,16.319444444444443,12.81640625,IGNORE,0,WATCH,,0,0,0,NA,NA,NA,NA,NA,CLEAR,1,0,0,0,0,TREND_REVERSAL_UNCONFIRMED,1,0.45,LONG,1,0,0,0
BNBUSDT,1776574800000,2026-04-19T05:00:00.000Z,BEAR,LONG,25,13.5,IGNORE,0,WATCH,,0,0,0,NA,NA,NA,NA,NA,CLEAR,1,0,0,0,0,TREND_REVERSAL_UNCONFIRMED,1,0.45,LONG,1,0,0,0
BNBUSDT,1776578400000,2026-04-19T06:00:00.000Z,BEAR,LONG,0,7.875,IGNORE,0,WATCH,,0,0,0,NA,NA,NA,NA,NA,CLEAR,1,0,0,0,0,TREND_REVERSAL_UNCONFIRMED,0,0.45,LONG,1,0,0,0
BNBUSDT,1776582000000,2026-04-19T07:00:00.000Z,BEAR,LONG,37.84722222222222,18.16796875,IGNORE,0,WATCH,,0,0,0,NA,NA,NA,NA,NA,CLEAR,1,0,0,0,0,TREND_REVERSAL_UNCONFIRMED,2,0.45,LONG,1,0,0,0
BNBUSDT,1776585600000,2026-04-19T08:00:00.000Z,BEAR,LONG,14.89413824802359,12.704163387031858,IGNORE,0,WATCH,,0,0,0,NA,NA,NA,NA,NA,CLEAR,1,0,0,0,0,TREND_REVERSAL_UNCONFIRMED,1,0.45,LONG,1,0,0,0
BNBUSDT,1776589200000,2026-04-19T09:00:00.000Z,BEAR,LONG,0,7.875,IGNORE,0,WATCH,,0,0,0,NA,NA,NA,NA,NA,CLEAR,1,0,0,0,0,TREND_REVERSAL_UNCONFIRMED,0,0.45,LONG,1,0,0,0
BNBUSDT,1776592800000,2026-04-19T10:00:00.000Z,BEAR,LONG,0,7.875,IGNORE,0,WATCH,,0,0,0,NA,NA,NA,NA,NA,CLEAR,1,0,0,0,0,TREND_REVERSAL_UNCONFIRMED,0,0.45,LONG,1,0,0,0
BNBUSDT,1776596400000,2026-04-19T11:00:00.000Z,BEAR,LONG,0,7.875,IGNORE,0,WATCH,,0,0,0,NA,NA,NA,NA,NA,CLEAR,1,0,0,0,0,TREND_REVERSAL_UNCONFIRMED,0,0.45,LONG,1,0,0,0
BNBUSDT,1776600000000,2026-04-19T12:00:00.000Z,BEAR,LONG,0,7.875,IGNORE,0,WATCH,,0,0,0,NA,NA,NA,NA,NA,WARNING_SOFT,1,0,0,0,0,TREND_REVERSAL_UNCONFIRMED,0,0.45,LONG,1,0,0,0
BNBUSDT,1776603600000,2026-04-19T13:00:00.000Z,BEAR,LONG,16.771378530630734,12.85199605928717,IGNORE,0,WATCH,,0,0,0,NA,NA,NA,NA,NA,BLOCK,0,0,0,0,0,TREND_REVERSAL_UNCONFIRMED,1,0.45,LONG,1,0,0,0
BNBUSDT,1776607200000,2026-04-19T14:00:00.000Z,NEUTRAL,NONE,0,7.875,IGNORE,0,WATCH,,0,0,0,NA,NA,NA,NA,NA,CLEAR,1,0,0,0,0,TREND_REVERSAL_UNCONFIRMED,0,0.45,NONE,1,0,0,0
BNBUSDT,1776610800000,2026-04-19T15:00:00.000Z,NEUTRAL,NONE,0,7.875,IGNORE,0,WATCH,,0,0,0,NA,NA,NA,NA,NA,CLEAR,1,0,0,0,0,TREND_REVERSAL_UNCONFIRMED,0,0.45,NONE,1,0,0,0
BNBUSDT,1776614400000,2026-04-19T16:00:00.000Z,BEAR,LONG,0,7.875,IGNORE,0,WATCH,,0,0,0,NA,NA,NA,NA,NA,WARNING_SOFT,1,0,0,0,0,TREND_REVERSAL_UNCONFIRMED,0,0.45,LONG,1,0,0,0
BNBUSDT,1776618000000,2026-04-19T17:00:00.000Z,BEAR,LONG,0,7.875,IGNORE,0,WATCH,,0,0,0,NA,NA,NA,NA,NA,WARNING_SOFT,1,0,0,0,0,TREND_REVERSAL_UNCONFIRMED,0,0.45,LONG,1,0,0,0
BNBUSDT,1776621600000,2026-04-19T18:00:00.000Z,BEAR,LONG,0,7.875,IGNORE,0,WATCH,,0,0,0,NA,NA,NA,NA,NA,CLEAR,1,0,0,0,0,TREND_REVERSAL_UNCONFIRMED,0,0.45,LONG,1,0,0,0
BNBUSDT,1776625200000,2026-04-19T19:00:00.000Z,BEAR,LONG,0,7.875,IGNORE,0,WATCH,,0,0,0,NA,NA,NA,NA,NA,CLEAR,1,0,0,0,0,TREND_REVERSAL_UNCONFIRMED,0,0.45,LONG,1,0,0,0
BNBUSDT,1776628800000,2026-04-19T20:00:00.000Z,BEAR,LONG,0,7.875,IGNORE,0,WATCH,,0,0,0,NA,NA,NA,NA,NA,CLEAR,1,0,0,0,0,TREND_REVERSAL_UNCONFIRMED,0,0.45,LONG,1,0,0,0
BNBUSDT,1776632400000,2026-04-19T21:00:00.000Z,BEAR,LONG,17.5,12.909375,IGNORE,0,WATCH,,0,0,0,NA,NA,NA,NA,NA,CLEAR,1,0,0,0,0,TREND_REVERSAL_UNCONFIRMED,1,0.45,LONG,1,0,0,0
BNBUSDT,1776636000000,2026-04-19T22:00:00.000Z,BEAR,LONG,42.5,18.534375,IGNORE,0,WATCH,,0,0,0,NA,NA,NA,NA,NA,CLEAR,1,0,1,0,0,TREND_REVERSAL_UNCONFIRMED,2,0.45,LONG,1,0,0,0
BNBUSDT,1776639600000,2026-04-19T23:00:00.000Z,BEAR,LONG,17.5,12.909375,IGNORE,0,WATCH,,0,0,0,NA,NA,NA,NA,NA,CLEAR,1,0,0,0,0,TREND_REVERSAL_UNCONFIRMED,1,0.45,LONG,1,0,0,0
BNBUSDT,1776643200000,2026-04-20T00:00:00.000Z,BEAR,LONG,17.5,12.909375,IGNORE,0,WATCH,,0,0,0,NA,NA,NA,NA,NA,CLEAR,1,0,0,0,0,TREND_REVERSAL_UNCONFIRMED,1,0.45,LONG,1,0,0,0
BNBUSDT,1776646800000,2026-04-20T01:00:00.000Z,BEAR,LONG,25,13.5,IGNORE,0,WATCH,,0,0,0,NA,NA,NA,NA,NA,CLEAR,1,0,0,0,0,TREND_REVERSAL_UNCONFIRMED,1,0.45,LONG,1,0,0,0
BNBUSDT,1776650400000,2026-04-20T02:00:00.000Z,BEAR,LONG,0,7.875,IGNORE,0,WATCH,,0,0,0,NA,NA,NA,NA,NA,WARNING_SOFT,1,0,0,0,0,TREND_REVERSAL_UNCONFIRMED,0,0.45,LONG,1,0,0,0
BNBUSDT,1776654000000,2026-04-20T03:00:00.000Z,BEAR,LONG,0,7.875,IGNORE,0,WATCH,,0,0,0,NA,NA,NA,NA,NA,WARNING_SOFT,1,0,0,0,0,TREND_REVERSAL_UNCONFIRMED,0,0.45,LONG,1,0,0,0
BNBUSDT,1776657600000,2026-04-20T04:00:00.000Z,BEAR,LONG,0,7.875,IGNORE,0,WATCH,,0,0,0,NA,NA,NA,NA,NA,WARNING_SOFT,1,0,0,0,0,TREND_REVERSAL_UNCONFIRMED,0,0.45,LONG,1,0,0,0
BNBUSDT,1776661200000,2026-04-20T05:00:00.000Z,BEAR,LONG,0,7.875,IGNORE,0,WATCH,,0,0,0,NA,NA,NA,NA,NA,CLEAR,1,0,0,0,0,TREND_REVERSAL_UNCONFIRMED,0,0.45,LONG,1,0,0,0
BNBUSDT,1776664800000,2026-04-20T06:00:00.000Z,NEUTRAL,NONE,0,7.875,IGNORE,0,WATCH,,0,0,0,NA,NA,NA,NA,NA,WARNING_SOFT,1,0,0,0,0,TREND_REVERSAL_UNCONFIRMED,0,0.45,NONE,1,0,0,0
BNBUSDT,1776668400000,2026-04-20T07:00:00.000Z,NEUTRAL,NONE,0,7.875,IGNORE,0,WATCH,,0,0,0,NA,NA,NA,NA,NA,CLEAR,1,0,0,0,0,TREND_REVERSAL_UNCONFIRMED,0,0.45,NONE,1,0,0,0
BNBUSDT,1776672000000,2026-04-20T08:00:00.000Z,NEUTRAL,NONE,0,7.875,IGNORE,0,WATCH,,0,0,0,NA,NA,NA,NA,NA,WARNING_SOFT,1,0,0,0,0,TREND_REVERSAL_UNCONFIRMED,0,0.45,NONE,1,0,0,0
BNBUSDT,1776675600000,2026-04-20T09:00:00.000Z,NEUTRAL,NONE,0,7.875,IGNORE,0,WATCH,,0,0,0,NA,NA,NA,NA,NA,CLEAR,1,0,0,0,0,TREND_REVERSAL_UNCONFIRMED,0,0.45,NONE,1,0,0,0
BNBUSDT,1776679200000,2026-04-20T10:00:00.000Z,NEUTRAL,NONE,0,7.875,IGNORE,0,WATCH,,0,0,0,NA,NA,NA,NA,NA,CLEAR,1,0,0,0,0,TREND_REVERSAL_UNCONFIRMED,0,0.45,NONE,1,0,0,0
BNBUSDT,1776682800000,2026-04-20T11:00:00.000Z,NEUTRAL,NONE,0,7.875,IGNORE,0,WATCH,,0,0,0,NA,NA,NA,NA,NA,CLEAR,1,0,0,0,0,TREND_REVERSAL_UNCONFIRMED,0,0.45,NONE,1,0,0,0
BNBUSDT,1776686400000,2026-04-20T12:00:00.000Z,NEUTRAL,NONE,0,7.875,IGNORE,0,WATCH,,0,0,0,NA,NA,NA,NA,NA,CLEAR,1,0,0,0,0,TREND_REVERSAL_UNCONFIRMED,0,0.45,NONE,1,0,0,0
BNBUSDT,1776690000000,2026-04-20T13:00:00.000Z,NEUTRAL,NONE,0,7.875,IGNORE,0,WATCH,,0,0,0,NA,NA,NA,NA,NA,CLEAR,1,0,0,0,0,TREND_REVERSAL_UNCONFIRMED,0,0.45,NONE,1,0,0,0
BNBUSDT,1776693600000,2026-04-20T14:00:00.000Z,BEAR,LONG,35.82869954778613,18.00901008938816,IGNORE,0,WATCH,,0,0,0,NA,NA,NA,NA,NA,BLOCK,0,0,0,0,0,TREND_REVERSAL_UNCONFIRMED,2,0.45,LONG,1,0,0,0
BNBUSDT,1776697200000,2026-04-20T15:00:00.000Z,NEUTRAL,NONE,0,7.875,IGNORE,0,WATCH,,0,0,0,NA,NA,NA,NA,NA,CLEAR,1,1,0,0,0,TREND_REVERSAL_UNCONFIRMED,0,0.45,NONE,1,0,0,0
BNBUSDT,1776700800000,2026-04-20T16:00:00.000Z,NEUTRAL,NONE,0,7.875,IGNORE,0,WATCH,,0,0,0,NA,NA,NA,NA,NA,CLEAR,1,0,0,0,0,TREND_REVERSAL_UNCONFIRMED,0,0.45,NONE,1,0,0,0
BNBUSDT,1776704400000,2026-04-20T17:00:00.000Z,NEUTRAL,NONE,0,7.875,IGNORE,0,WATCH,,0,0,0,NA,NA,NA,NA,NA,CLEAR,1,0,0,0,0,TREND_REVERSAL_UNCONFIRMED,0,0.45,NONE,1,0,0,0
BNBUSDT,1776708000000,2026-04-20T18:00:00.000Z,NEUTRAL,NONE,0,7.875,IGNORE,0,WATCH,,0,0,0,NA,NA,NA,NA,NA,CLEAR,1,0,0,0,0,TREND_REVERSAL_UNCONFIRMED,0,0.45,NONE,1,0,0,0
BNBUSDT,1776711600000,2026-04-20T19:00:00.000Z,NEUTRAL,NONE,0,7.875,IGNORE,0,WATCH,,0,0,0,NA,NA,NA,NA,NA,CLEAR,1,0,0,0,0,TREND_REVERSAL_UNCONFIRMED,0,0.45,NONE,1,0,0,0
BNBUSDT,1776715200000,2026-04-20T20:00:00.000Z,BULL,SHORT,0,7.875,IGNORE,0,WATCH,,0,0,0,NA,NA,NA,NA,NA,CLEAR,1,0,0,0,0,TREND_REVERSAL_UNCONFIRMED,0,0.45,SHORT,1,0,0,0
BNBUSDT,1776718800000,2026-04-20T21:00:00.000Z,BULL,SHORT,25,13.5,IGNORE,0,WATCH,,0,0,0,NA,NA,NA,NA,NA,CLEAR,1,0,0,0,0,TREND_REVERSAL_UNCONFIRMED,1,0.45,SHORT,1,0,0,0
BNBUSDT,1776722400000,2026-04-20T22:00:00.000Z,BULL,SHORT,0,7.875,IGNORE,0,WATCH,,0,0,0,NA,NA,NA,NA,NA,CLEAR,1,0,0,0,0,TREND_REVERSAL_UNCONFIRMED,0,0.45,SHORT,1,0,0,0
BNBUSDT,1776726000000,2026-04-20T23:00:00.000Z,BULL,SHORT,0,7.875,IGNORE,0,WATCH,,0,0,0,NA,NA,NA,NA,NA,WARNING_SOFT,1,0,0,0,0,TREND_REVERSAL_UNCONFIRMED,0,0.45,SHORT,1,0,0,0
BNBUSDT,1776729600000,2026-04-21T00:00:00.000Z,BULL,SHORT,12.847222222222221,12.54296875,IGNORE,0,WATCH,,0,0,0,NA,NA,NA,NA,NA,CLEAR,1,0,0,0,0,TREND_REVERSAL_UNCONFIRMED,1,0.45,SHORT,1,0,0,0
BNBUSDT,1776733200000,2026-04-21T01:00:00.000Z,BULL,SHORT,0,7.875,IGNORE,0,WATCH,,0,0,0,NA,NA,NA,NA,NA,CLEAR,1,0,0,0,0,TREND_REVERSAL_UNCONFIRMED,0,0.45,SHORT,1,0,0,0
BNBUSDT,1776736800000,2026-04-21T02:00:00.000Z,BULL,SHORT,0,7.875,IGNORE,0,WATCH,,0,0,0,NA,NA,NA,NA,NA,WARNING_SOFT,1,0,0,0,0,TREND_REVERSAL_UNCONFIRMED,0,0.45,SHORT,1,0,0,0
BNBUSDT,1776740400000,2026-04-21T03:00:00.000Z,BULL,SHORT,0,7.875,IGNORE,0,WATCH,,0,0,0,NA,NA,NA,NA,NA,BLOCK,0,0,0,0,0,TREND_REVERSAL_UNCONFIRMED,0,0.45,SHORT,1,0,0,0
BNBUSDT,1776744000000,2026-04-21T04:00:00.000Z,BULL,SHORT,0,7.875,IGNORE,0,WATCH,,0,0,0,NA,NA,NA,NA,NA,CLEAR,1,0,0,0,0,TREND_REVERSAL_UNCONFIRMED,0,0.45,SHORT,1,0,0,0
BNBUSDT,1776747600000,2026-04-21T05:00:00.000Z,BULL,SHORT,0,7.875,IGNORE,0,WATCH,,0,0,0,NA,NA,NA,NA,NA,CLEAR,1,0,0,0,0,TREND_REVERSAL_UNCONFIRMED,0,0.45,SHORT,1,0,0,0
BNBUSDT,1776751200000,2026-04-21T06:00:00.000Z,BULL,SHORT,0,7.875,IGNORE,0,WATCH,,0,0,0,NA,NA,NA,NA,NA,CLEAR,1,0,0,0,0,TREND_REVERSAL_UNCONFIRMED,0,0.45,SHORT,1,0,0,0
BNBUSDT,1776754800000,2026-04-21T07:00:00.000Z,BULL,SHORT,0,7.875,IGNORE,0,WATCH,,0,0,0,NA,NA,NA,NA,NA,CLEAR,1,0,0,0,0,TREND_REVERSAL_UNCONFIRMED,0,0.45,SHORT,1,0,0,0
BNBUSDT,1776758400000,2026-04-21T08:00:00.000Z,BULL,SHORT,25,13.5,IGNORE,0,WATCH,,0,0,0,NA,NA,NA,NA,NA,CLEAR,1,0,0,0,0,TREND_REVERSAL_UNCONFIRMED,1,0.45,SHORT,1,0,0,0
BNBUSDT,1776762000000,2026-04-21T09:00:00.000Z,BULL,SHORT,52.98884042547092,51.78435954254422,WATCH,1,WATCH,ACTIVE,1,1,0,PASS,PASS,SKIP,SKIP,FAIL,CLEAR,1,0,0,0,0,MARKET_CONTEXT_DENIED,3,0.84,SHORT,0,1,0,0
BNBUSDT,1776765600000,2026-04-21T10:00:00.000Z,BULL,SHORT,39.58333333333333,18.3046875,IGNORE,0,WATCH,,0,0,0,NA,NA,NA,NA,NA,CLEAR,1,0,0,0,0,TREND_REVERSAL_UNCONFIRMED,2,0.45,SHORT,1,0,0,0
BNBUSDT,1776769200000,2026-04-21T11:00:00.000Z,BULL,SHORT,25,13.5,IGNORE,0,WATCH,,0,0,0,NA,NA,NA,NA,NA,CLEAR,1,0,0,0,0,TREND_REVERSAL_UNCONFIRMED,1,0.45,SHORT,1,0,0,0
BNBUSDT,1776772800000,2026-04-21T12:00:00.000Z,BULL,SHORT,17.957857413464517,12.945431271310332,IGNORE,0,WATCH,,0,0,0,NA,NA,NA,NA,NA,CLEAR,1,0,0,0,0,TREND_REVERSAL_UNCONFIRMED,1,0.45,SHORT,1,0,0,0
BNBUSDT,1776776400000,2026-04-21T13:00:00.000Z,BULL,SHORT,0,7.875,IGNORE,0,WATCH,,0,0,0,NA,NA,NA,NA,NA,WARNING_SOFT,1,0,0,0,0,TREND_REVERSAL_UNCONFIRMED,0,0.45,SHORT,1,0,0,0
BNBUSDT,1776780000000,2026-04-21T14:00:00.000Z,NEUTRAL,NONE,0,7.875,IGNORE,0,WATCH,,0,0,0,NA,NA,NA,NA,NA,WARNING_SOFT,1,0,0,0,0,TREND_REVERSAL_UNCONFIRMED,0,0.45,NONE,1,0,0,0
BNBUSDT,1776783600000,2026-04-21T15:00:00.000Z,BULL,SHORT,0,7.875,IGNORE,0,WATCH,,0,0,0,NA,NA,NA,NA,NA,WARNING_SOFT,1,0,0,0,0,TREND_REVERSAL_UNCONFIRMED,0,0.45,SHORT,1,0,0,0
BNBUSDT,1776787200000,2026-04-21T16:00:00.000Z,BULL,SHORT,0,7.875,IGNORE,0,WATCH,,0,0,0,NA,NA,NA,NA,NA,WARNING_SOFT,1,0,0,0,0,TREND_REVERSAL_UNCONFIRMED,0,0.45,SHORT,1,0,0,0
BNBUSDT,1776790800000,2026-04-21T17:00:00.000Z,NEUTRAL,NONE,0,7.875,IGNORE,0,WATCH,,0,0,0,NA,NA,NA,NA,NA,BLOCK,0,0,0,0,0,TREND_REVERSAL_UNCONFIRMED,0,0.45,NONE,1,0,0,0
BNBUSDT,1776794400000,2026-04-21T18:00:00.000Z,NEUTRAL,NONE,0,7.875,IGNORE,0,WATCH,,0,0,0,NA,NA,NA,NA,NA,WARNING_SOFT,1,0,0,0,0,TREND_REVERSAL_UNCONFIRMED,0,0.45,NONE,1,0,0,0
BNBUSDT,1776798000000,2026-04-21T19:00:00.000Z,NEUTRAL,NONE,0,7.875,IGNORE,0,WATCH,,0,0,0,NA,NA,NA,NA,NA,WARNING_SOFT,1,0,0,0,0,TREND_REVERSAL_UNCONFIRMED,0,0.45,NONE,1,0,0,0
BNBUSDT,1776801600000,2026-04-21T20:00:00.000Z,NEUTRAL,NONE,0,7.875,IGNORE,0,WATCH,,0,0,0,NA,NA,NA,NA,NA,BLOCK,0,0,0,0,0,TREND_REVERSAL_UNCONFIRMED,0,0.45,NONE,1,0,0,0
BNBUSDT,1776805200000,2026-04-21T21:00:00.000Z,NEUTRAL,NONE,0,7.875,IGNORE,0,WATCH,,0,0,0,NA,NA,NA,NA,NA,WARNING_SOFT,1,0,0,0,0,TREND_REVERSAL_UNCONFIRMED,0,0.45,NONE,1,0,0,0
BNBUSDT,1776808800000,2026-04-21T22:00:00.000Z,NEUTRAL,NONE,0,7.875,IGNORE,0,WATCH,,0,0,0,NA,NA,NA,NA,NA,WARNING_SOFT,1,0,0,0,0,TREND_REVERSAL_UNCONFIRMED,0,0.45,NONE,1,0,0,0
BNBUSDT,1776812400000,2026-04-21T23:00:00.000Z,BULL,SHORT,0,7.875,IGNORE,0,WATCH,,0,0,0,NA,NA,NA,NA,NA,WARNING_SOFT,1,0,0,0,0,TREND_REVERSAL_UNCONFIRMED,0,0.45,SHORT,1,0,0,0
BNBUSDT,1776816000000,2026-04-22T00:00:00.000Z,BULL,SHORT,0,7.875,IGNORE,0,WATCH,,0,0,0,NA,NA,NA,NA,NA,CLEAR,1,0,0,0,0,TREND_REVERSAL_UNCONFIRMED,0,0.45,SHORT,1,0,0,0
BNBUSDT,1776819600000,2026-04-22T01:00:00.000Z,BULL,SHORT,0,7.875,IGNORE,0,WATCH,,0,0,0,NA,NA,NA,NA,NA,CLEAR,1,0,0,0,0,TREND_REVERSAL_UNCONFIRMED,0,0.45,SHORT,1,0,0,0
BNBUSDT,1776823200000,2026-04-22T02:00:00.000Z,BULL,SHORT,25,13.5,IGNORE,0,WATCH,,0,0,0,NA,NA,NA,NA,NA,CLEAR,1,1,0,0,0,TREND_REVERSAL_UNCONFIRMED,1,0.45,SHORT,1,0,0,0
BNBUSDT,1776826800000,2026-04-22T03:00:00.000Z,BULL,SHORT,25,13.5,IGNORE,0,WATCH,,0,0,0,NA,NA,NA,NA,NA,CLEAR,1,0,0,0,0,TREND_REVERSAL_UNCONFIRMED,1,0.45,SHORT,1,0,0,0
BNBUSDT,1776830400000,2026-04-22T04:00:00.000Z,BULL,SHORT,0,7.875,IGNORE,0,WATCH,,0,0,0,NA,NA,NA,NA,NA,CLEAR,1,0,0,0,0,TREND_REVERSAL_UNCONFIRMED,0,0.45,SHORT,1,0,0,0
BNBUSDT,1776834000000,2026-04-22T05:00:00.000Z,BULL,SHORT,25,13.5,IGNORE,0,WATCH,,0,0,0,NA,NA,NA,NA,NA,CLEAR,1,0,0,0,0,TREND_REVERSAL_UNCONFIRMED,1,0.45,SHORT,1,0,0,0
BNBUSDT,1776837600000,2026-04-22T06:00:00.000Z,BULL,SHORT,0,7.875,IGNORE,0,WATCH,,0,0,0,NA,NA,NA,NA,NA,CLEAR,1,0,0,0,0,TREND_REVERSAL_UNCONFIRMED,0,0.45,SHORT,1,0,0,0
BNBUSDT,1776841200000,2026-04-22T07:00:00.000Z,BULL,SHORT,0,7.875,IGNORE,0,WATCH,,0,0,0,NA,NA,NA,NA,NA,CLEAR,1,0,0,0,0,TREND_REVERSAL_UNCONFIRMED,0,0.45,SHORT,1,0,0,0
BNBUSDT,1776844800000,2026-04-22T08:00:00.000Z,BULL,SHORT,0,7.875,IGNORE,0,WATCH,,0,0,0,NA,NA,NA,NA,NA,CLEAR,1,0,0,0,0,TREND_REVERSAL_UNCONFIRMED,0,0.45,SHORT,1,0,0,0
BNBUSDT,1776848400000,2026-04-22T09:00:00.000Z,BULL,SHORT,0,7.875,IGNORE,0,WATCH,,0,0,0,NA,NA,NA,NA,NA,CLEAR,1,0,0,0,0,TREND_REVERSAL_UNCONFIRMED,0,0.45,SHORT,1,0,0,0
BNBUSDT,1776852000000,2026-04-22T10:00:00.000Z,BULL,SHORT,0,7.875,IGNORE,0,WATCH,,0,0,0,NA,NA,NA,NA,NA,CLEAR,1,0,0,0,0,TREND_REVERSAL_UNCONFIRMED,0,0.45,SHORT,1,0,0,0
BNBUSDT,1776855600000,2026-04-22T11:00:00.000Z,BULL,SHORT,0,7.875,IGNORE,0,WATCH,,0,0,0,NA,NA,NA,NA,NA,CLEAR,1,0,0,0,0,TREND_REVERSAL_UNCONFIRMED,0,0.45,SHORT,1,0,0,0
BNBUSDT,1776859200000,2026-04-22T12:00:00.000Z,BULL,SHORT,14.583333333333332,12.6796875,IGNORE,0,WATCH,,0,0,0,NA,NA,NA,NA,NA,CLEAR,1,0,0,0,0,TREND_REVERSAL_UNCONFIRMED,1,0.45,SHORT,1,0,0,0
BNBUSDT,1776862800000,2026-04-22T13:00:00.000Z,BULL,SHORT,37.84722222222222,18.16796875,IGNORE,0,WATCH,,0,0,0,NA,NA,NA,NA,NA,CLEAR,1,0,0,0,0,TREND_REVERSAL_UNCONFIRMED,2,0.45,SHORT,1,0,0,0
BNBUSDT,1776866400000,2026-04-22T14:00:00.000Z,BULL,SHORT,58.407846140472635,51.74095338264948,WATCH,1,WATCH,ACTIVE,1,1,0,FAIL,PASS,SKIP,SKIP,PASS,CLEAR,1,0,0,0,0,MARKET_CONTEXT_DENIED,3,0.84,SHORT,0,1,0,0
BNBUSDT,1776870000000,2026-04-22T15:00:00.000Z,BULL,SHORT,0,7.875,IGNORE,0,WATCH,,0,0,0,NA,NA,NA,NA,NA,CLEAR,1,0,0,0,0,TREND_REVERSAL_UNCONFIRMED,0,0.45,SHORT,1,0,0,0
BNBUSDT,1776873600000,2026-04-22T16:00:00.000Z,BULL,SHORT,19.4405447157165,13.062192896362674,IGNORE,0,WATCH,,0,0,0,NA,NA,NA,NA,NA,CLEAR,1,0,0,0,0,TREND_REVERSAL_UNCONFIRMED,1,0.45,SHORT,1,0,0,0
BNBUSDT,1776877200000,2026-04-22T17:00:00.000Z,BULL,SHORT,0,7.875,IGNORE,0,WATCH,,0,0,0,NA,NA,NA,NA,NA,WARNING_SOFT,1,0,0,0,0,TREND_REVERSAL_UNCONFIRMED,0,0.45,SHORT,1,0,0,0
BNBUSDT,1776880800000,2026-04-22T18:00:00.000Z,BULL,SHORT,0,7.875,IGNORE,0,WATCH,,0,0,0,NA,NA,NA,NA,NA,CLEAR,1,0,0,0,0,TREND_REVERSAL_UNCONFIRMED,0,0.45,SHORT,1,0,0,0
BNBUSDT,1776884400000,2026-04-22T19:00:00.000Z,BULL,SHORT,0,7.875,IGNORE,0,WATCH,,0,0,0,NA,NA,NA,NA,NA,CLEAR,1,0,0,0,0,TREND_REVERSAL_UNCONFIRMED,0,0.45,SHORT,1,0,0,0
BNBUSDT,1776888000000,2026-04-22T20:00:00.000Z,NEUTRAL,NONE,0,7.875,IGNORE,0,WATCH,,0,0,0,NA,NA,NA,NA,NA,BLOCK,0,0,0,0,0,TREND_REVERSAL_UNCONFIRMED,0,0.45,NONE,1,0,0,0
BNBUSDT,1776891600000,2026-04-22T21:00:00.000Z,NEUTRAL,NONE,0,7.875,IGNORE,0,WATCH,,0,0,0,NA,NA,NA,NA,NA,WARNING_SOFT,1,0,0,0,0,TREND_REVERSAL_UNCONFIRMED,0,0.45,NONE,1,0,0,0
BNBUSDT,1776895200000,2026-04-22T22:00:00.000Z,NEUTRAL,NONE,0,7.875,IGNORE,0,WATCH,,0,0,0,NA,NA,NA,NA,NA,WARNING_SOFT,1,0,0,0,0,TREND_REVERSAL_UNCONFIRMED,0,0.45,NONE,1,0,0,0
BNBUSDT,1776898800000,2026-04-22T23:00:00.000Z,NEUTRAL,NONE,0,7.875,IGNORE,0,WATCH,,0,0,0,NA,NA,NA,NA,NA,WARNING_SOFT,1,0,0,0,0,TREND_REVERSAL_UNCONFIRMED,0,0.45,NONE,1,0,0,0
BNBUSDT,1776902400000,2026-04-23T00:00:00.000Z,NEUTRAL,NONE,0,7.875,IGNORE,0,WATCH,,0,0,0,NA,NA,NA,NA,NA,BLOCK,0,0,0,0,0,TREND_REVERSAL_UNCONFIRMED,0,0.45,NONE,1,0,0,0
BNBUSDT,1776906000000,2026-04-23T01:00:00.000Z,NEUTRAL,NONE,0,7.875,IGNORE,0,WATCH,,0,0,0,NA,NA,NA,NA,NA,WARNING_SOFT,1,0,0,0,0,TREND_REVERSAL_UNCONFIRMED,0,0.45,NONE,1,0,0,0
BNBUSDT,1776909600000,2026-04-23T02:00:00.000Z,NEUTRAL,NONE,0,7.875,IGNORE,0,WATCH,,0,0,0,NA,NA,NA,NA,NA,WARNING_SOFT,1,0,0,0,0,TREND_REVERSAL_UNCONFIRMED,0,0.45,NONE,1,0,0,0
BNBUSDT,1776913200000,2026-04-23T03:00:00.000Z,NEUTRAL,NONE,0,7.875,IGNORE,0,WATCH,,0,0,0,NA,NA,NA,NA,NA,WARNING_SOFT,1,0,0,0,0,TREND_REVERSAL_UNCONFIRMED,0,0.45,NONE,1,0,0,0
BNBUSDT,1776916800000,2026-04-23T04:00:00.000Z,NEUTRAL,NONE,0,7.875,IGNORE,0,WATCH,,0,0,0,NA,NA,NA,NA,NA,WARNING_SOFT,1,0,0,0,0,TREND_REVERSAL_UNCONFIRMED,0,0.45,NONE,1,0,0,0
BNBUSDT,1776920400000,2026-04-23T05:00:00.000Z,NEUTRAL,NONE,0,7.875,IGNORE,0,WATCH,,0,0,0,NA,NA,NA,NA,NA,WARNING_SOFT,1,0,0,0,0,TREND_REVERSAL_UNCONFIRMED,0,0.45,NONE,1,0,0,0
BNBUSDT,1776924000000,2026-04-23T06:00:00.000Z,NEUTRAL,NONE,0,7.875,IGNORE,0,WATCH,,0,0,0,NA,NA,NA,NA,NA,WARNING_SOFT,1,0,0,0,0,TREND_REVERSAL_UNCONFIRMED,0,0.45,NONE,1,0,0,0
BNBUSDT,1776927600000,2026-04-23T07:00:00.000Z,NEUTRAL,NONE,0,7.875,IGNORE,0,WATCH,,0,0,0,NA,NA,NA,NA,NA,WARNING_SOFT,1,0,0,0,0,TREND_REVERSAL_UNCONFIRMED,0,0.45,NONE,1,0,0,0
BNBUSDT,1776931200000,2026-04-23T08:00:00.000Z,NEUTRAL,NONE,0,7.875,IGNORE,0,WATCH,,0,0,0,NA,NA,NA,NA,NA,WARNING_SOFT,1,0,0,0,0,TREND_REVERSAL_UNCONFIRMED,0,0.45,NONE,1,0,0,0
BNBUSDT,1776934800000,2026-04-23T09:00:00.000Z,NEUTRAL,NONE,0,7.875,IGNORE,0,WATCH,,0,0,0,NA,NA,NA,NA,NA,BLOCK,0,0,0,0,0,TREND_REVERSAL_UNCONFIRMED,0,0.45,NONE,1,0,0,0
BNBUSDT,1776938400000,2026-04-23T10:00:00.000Z,NEUTRAL,NONE,0,7.875,IGNORE,0,WATCH,,0,0,0,NA,NA,NA,NA,NA,BLOCK,0,0,0,0,0,TREND_REVERSAL_UNCONFIRMED,0,0.45,NONE,1,0,0,0
BNBUSDT,1776942000000,2026-04-23T11:00:00.000Z,NEUTRAL,NONE,0,7.875,IGNORE,0,WATCH,,0,0,0,NA,NA,NA,NA,NA,WARNING_SOFT,1,0,0,0,0,TREND_REVERSAL_UNCONFIRMED,0,0.45,NONE,1,0,0,0
BNBUSDT,1776945600000,2026-04-23T12:00:00.000Z,NEUTRAL,NONE,0,7.875,IGNORE,0,WATCH,,0,0,0,NA,NA,NA,NA,NA,WARNING_SOFT,1,0,0,0,0,TREND_REVERSAL_UNCONFIRMED,0,0.45,NONE,1,0,0,0
BNBUSDT,1776949200000,2026-04-23T13:00:00.000Z,NEUTRAL,NONE,0,7.875,IGNORE,0,WATCH,,0,0,0,NA,NA,NA,NA,NA,WARNING_SOFT,1,0,0,0,0,TREND_REVERSAL_UNCONFIRMED,0,0.45,NONE,1,0,0,0
BNBUSDT,1776952800000,2026-04-23T14:00:00.000Z,BULL,SHORT,42.5,18.534375,IGNORE,0,WATCH,,0,0,0,NA,NA,NA,NA,NA,CLEAR,1,0,0,0,0,TREND_REVERSAL_UNCONFIRMED,2,0.45,SHORT,1,0,0,0
BNBUSDT,1776956400000,2026-04-23T15:00:00.000Z,BULL,SHORT,36.44585548988194,18.057611119828202,IGNORE,0,WATCH,,0,0,0,NA,NA,NA,NA,NA,CLEAR,1,0,0,0,0,TREND_REVERSAL_UNCONFIRMED,2,0.45,SHORT,1,0,0,0
BNBUSDT,1776960000000,2026-04-23T16:00:00.000Z,BULL,SHORT,34.81345394642464,17.929059498280942,IGNORE,0,WATCH,,0,0,0,NA,NA,NA,NA,NA,CLEAR,1,0,0,0,0,TREND_REVERSAL_UNCONFIRMED,2,0.45,SHORT,1,0,0,0
BNBUSDT,1776963600000,2026-04-23T17:00:00.000Z,NEUTRAL,NONE,0,7.875,IGNORE,0,WATCH,,0,0,0,NA,NA,NA,NA,NA,BLOCK,0,0,0,0,0,TREND_REVERSAL_UNCONFIRMED,0,0.45,NONE,1,0,0,0
BNBUSDT,1776967200000,2026-04-23T18:00:00.000Z,BEAR,LONG,0,7.875,IGNORE,0,WATCH,,0,0,0,NA,NA,NA,NA,NA,CLEAR,1,0,0,0,0,TREND_REVERSAL_UNCONFIRMED,0,0.45,LONG,1,0,0,0
BNBUSDT,1776970800000,2026-04-23T19:00:00.000Z,BEAR,LONG,0,7.875,IGNORE,0,WATCH,,0,0,0,NA,NA,NA,NA,NA,WARNING_SOFT,1,0,0,0,0,TREND_REVERSAL_UNCONFIRMED,0,0.45,LONG,1,0,0,0
BNBUSDT,1776974400000,2026-04-23T20:00:00.000Z,NEUTRAL,NONE,0,7.875,IGNORE,0,WATCH,,0,0,0,NA,NA,NA,NA,NA,WARNING_SOFT,1,0,0,0,0,TREND_REVERSAL_UNCONFIRMED,0,0.45,NONE,1,0,0,0
BNBUSDT,1776978000000,2026-04-23T21:00:00.000Z,BULL,SHORT,0,7.875,IGNORE,0,WATCH,,0,0,0,NA,NA,NA,NA,NA,WARNING_SOFT,1,0,0,0,0,TREND_REVERSAL_UNCONFIRMED,0,0.45,SHORT,1,0,0,0
BNBUSDT,1776981600000,2026-04-23T22:00:00.000Z,BULL,SHORT,0,7.875,IGNORE,0,WATCH,,0,0,0,NA,NA,NA,NA,NA,CLEAR,1,0,0,0,0,TREND_REVERSAL_UNCONFIRMED,0,0.45,SHORT,1,0,0,0
BNBUSDT,1776985200000,2026-04-23T23:00:00.000Z,BULL,SHORT,0,7.875,IGNORE,0,WATCH,,0,0,0,NA,NA,NA,NA,NA,CLEAR,1,0,0,0,0,TREND_REVERSAL_UNCONFIRMED,0,0.45,SHORT,1,0,0,0
BNBUSDT,1776988800000,2026-04-24T00:00:00.000Z,BULL,SHORT,0,7.875,IGNORE,0,WATCH,,0,0,0,NA,NA,NA,NA,NA,CLEAR,1,0,0,0,0,TREND_REVERSAL_UNCONFIRMED,0,0.45,SHORT,1,0,0,0
BNBUSDT,1776992400000,2026-04-24T01:00:00.000Z,BULL,SHORT,25,13.5,IGNORE,0,WATCH,,0,0,0,NA,NA,NA,NA,NA,CLEAR,1,0,0,0,0,TREND_REVERSAL_UNCONFIRMED,1,0.45,SHORT,1,0,0,0
BNBUSDT,1776996000000,2026-04-24T02:00:00.000Z,NEUTRAL,NONE,0,7.875,IGNORE,0,WATCH,,0,0,0,NA,NA,NA,NA,NA,WARNING_SOFT,1,0,0,0,0,TREND_REVERSAL_UNCONFIRMED,0,0.45,NONE,1,0,0,0
BNBUSDT,1776999600000,2026-04-24T03:00:00.000Z,NEUTRAL,NONE,0,7.875,IGNORE,0,WATCH,,0,0,0,NA,NA,NA,NA,NA,WARNING_SOFT,1,0,0,0,0,TREND_REVERSAL_UNCONFIRMED,0,0.45,NONE,1,0,0,0
BNBUSDT,1777003200000,2026-04-24T04:00:00.000Z,NEUTRAL,NONE,0,7.875,IGNORE,0,WATCH,,0,0,0,NA,NA,NA,NA,NA,WARNING_SOFT,1,0,0,0,0,TREND_REVERSAL_UNCONFIRMED,0,0.45,NONE,1,0,0,0
BNBUSDT,1777006800000,2026-04-24T05:00:00.000Z,BEAR,LONG,17.5,12.909375,IGNORE,0,WATCH,,0,0,0,NA,NA,NA,NA,NA,CLEAR,1,0,0,0,0,TREND_REVERSAL_UNCONFIRMED,1,0.45,LONG,1,0,0,0
BNBUSDT,1777010400000,2026-04-24T06:00:00.000Z,BEAR,LONG,17.5,12.909375,IGNORE,0,WATCH,,0,0,0,NA,NA,NA,NA,NA,CLEAR,1,0,0,0,0,TREND_REVERSAL_UNCONFIRMED,1,0.45,LONG,1,0,0,0
BNBUSDT,1777014000000,2026-04-24T07:00:00.000Z,BEAR,LONG,17.5,12.909375,IGNORE,0,WATCH,,0,0,0,NA,NA,NA,NA,NA,WARNING_SOFT,1,0,0,0,0,TREND_REVERSAL_UNCONFIRMED,1,0.45,LONG,1,0,0,0
BNBUSDT,1777017600000,2026-04-24T08:00:00.000Z,NEUTRAL,NONE,0,7.875,IGNORE,0,WATCH,,0,0,0,NA,NA,NA,NA,NA,WARNING_HARD,1,0,0,0,0,TREND_REVERSAL_UNCONFIRMED,0,0.45,NONE,1,0,0,0
BNBUSDT,1777021200000,2026-04-24T09:00:00.000Z,BEAR,LONG,17.5,12.909375,IGNORE,0,WATCH,,0,0,0,NA,NA,NA,NA,NA,WARNING_SOFT,1,0,0,0,0,TREND_REVERSAL_UNCONFIRMED,1,0.45,LONG,1,0,0,0
BNBUSDT,1777024800000,2026-04-24T10:00:00.000Z,BEAR,LONG,17.5,12.909375,IGNORE,0,WATCH,,0,0,0,NA,NA,NA,NA,NA,CLEAR,1,0,0,0,0,TREND_REVERSAL_UNCONFIRMED,1,0.45,LONG,1,0,0,0
BNBUSDT,1777028400000,2026-04-24T11:00:00.000Z,NEUTRAL,NONE,0,7.875,IGNORE,0,WATCH,,0,0,0,NA,NA,NA,NA,NA,CLEAR,1,0,0,0,0,TREND_REVERSAL_UNCONFIRMED,0,0.45,NONE,1,0,0,0
BNBUSDT,1777032000000,2026-04-24T12:00:00.000Z,NEUTRAL,NONE,0,7.875,IGNORE,0,WATCH,,0,0,0,NA,NA,NA,NA,NA,CLEAR,1,0,0,0,0,TREND_REVERSAL_UNCONFIRMED,0,0.45,NONE,1,0,0,0
BNBUSDT,1777035600000,2026-04-24T13:00:00.000Z,BULL,SHORT,33.00332032793818,17.786511475825133,IGNORE,0,WATCH,,0,0,0,NA,NA,NA,NA,NA,CLEAR,1,0,0,0,0,TREND_REVERSAL_UNCONFIRMED,2,0.45,SHORT,1,0,0,0
BNBUSDT,1777039200000,2026-04-24T14:00:00.000Z,BULL,SHORT,17.5,12.909375,IGNORE,0,WATCH,,0,0,0,NA,NA,NA,NA,NA,WARNING_SOFT,1,0,0,0,0,TREND_REVERSAL_UNCONFIRMED,1,0.45,SHORT,1,0,0,0
BNBUSDT,1777042800000,2026-04-24T15:00:00.000Z,BULL,SHORT,42.5,18.534375,IGNORE,0,WATCH,,0,0,0,NA,NA,NA,NA,NA,CLEAR,1,0,0,0,0,TREND_REVERSAL_UNCONFIRMED,2,0.45,SHORT,1,0,0,0
BNBUSDT,1777046400000,2026-04-24T16:00:00.000Z,BULL,SHORT,0,7.875,IGNORE,0,WATCH,,0,0,0,NA,NA,NA,NA,NA,WARNING_SOFT,1,0,0,0,0,TREND_REVERSAL_UNCONFIRMED,0,0.45,SHORT,1,0,0,0
BNBUSDT,1777050000000,2026-04-24T17:00:00.000Z,BULL,SHORT,0,7.875,IGNORE,0,WATCH,,0,0,0,NA,NA,NA,NA,NA,WARNING_SOFT,1,0,0,0,0,TREND_REVERSAL_UNCONFIRMED,0,0.45,SHORT,1,0,0,0
BNBUSDT,1777053600000,2026-04-24T18:00:00.000Z,BULL,SHORT,0,7.875,IGNORE,0,WATCH,,0,0,0,NA,NA,NA,NA,NA,WARNING_SOFT,1,0,0,0,0,TREND_REVERSAL_UNCONFIRMED,0,0.45,SHORT,1,0,0,0
BNBUSDT,1777057200000,2026-04-24T19:00:00.000Z,BULL,SHORT,0,7.875,IGNORE,0,WATCH,,0,0,0,NA,NA,NA,NA,NA,WARNING_SOFT,1,0,0,0,0,TREND_REVERSAL_UNCONFIRMED,0,0.45,SHORT,1,0,0,0
BNBUSDT,1777060800000,2026-04-24T20:00:00.000Z,BULL,SHORT,0,7.875,IGNORE,0,WATCH,,0,0,0,NA,NA,NA,NA,NA,WARNING_SOFT,1,0,0,0,0,TREND_REVERSAL_UNCONFIRMED,0,0.45,SHORT,1,0,0,0
BNBUSDT,1777064400000,2026-04-24T21:00:00.000Z,BULL,SHORT,0,7.875,IGNORE,0,WATCH,,0,0,0,NA,NA,NA,NA,NA,WARNING_SOFT,1,0,0,0,0,TREND_REVERSAL_UNCONFIRMED,0,0.45,SHORT,1,0,0,0
BNBUSDT,1777068000000,2026-04-24T22:00:00.000Z,NEUTRAL,NONE,0,7.875,IGNORE,0,WATCH,,0,0,0,NA,NA,NA,NA,NA,WARNING_SOFT,1,0,0,0,0,TREND_REVERSAL_UNCONFIRMED,0,0.45,NONE,1,0,0,0
BNBUSDT,1777071600000,2026-04-24T23:00:00.000Z,NEUTRAL,NONE,0,7.875,IGNORE,0,WATCH,,0,0,0,NA,NA,NA,NA,NA,WARNING_SOFT,1,0,0,0,0,TREND_REVERSAL_UNCONFIRMED,0,0.45,NONE,1,0,0,0
BNBUSDT,1777075200000,2026-04-25T00:00:00.000Z,NEUTRAL,NONE,0,7.875,IGNORE,0,WATCH,,0,0,0,NA,NA,NA,NA,NA,WARNING_SOFT,1,0,0,0,0,TREND_REVERSAL_UNCONFIRMED,0,0.45,NONE,1,0,0,0
BNBUSDT,1777078800000,2026-04-25T01:00:00.000Z,BULL,SHORT,0,7.875,IGNORE,0,WATCH,,0,0,0,NA,NA,NA,NA,NA,WARNING_SOFT,1,0,0,0,0,TREND_REVERSAL_UNCONFIRMED,0,0.45,SHORT,1,0,0,0
BNBUSDT,1777082400000,2026-04-25T02:00:00.000Z,BULL,SHORT,0,7.875,IGNORE,0,WATCH,,0,0,0,NA,NA,NA,NA,NA,WARNING_SOFT,1,0,0,0,0,TREND_REVERSAL_UNCONFIRMED,0,0.45,SHORT,1,0,0,0
BNBUSDT,1777086000000,2026-04-25T03:00:00.000Z,BULL,SHORT,0,7.875,IGNORE,0,WATCH,,0,0,0,NA,NA,NA,NA,NA,WARNING_SOFT,1,0,0,0,0,TREND_REVERSAL_UNCONFIRMED,0,0.45,SHORT,1,0,0,0
BNBUSDT,1777089600000,2026-04-25T04:00:00.000Z,BULL,SHORT,0,7.875,IGNORE,0,WATCH,,0,0,0,NA,NA,NA,NA,NA,WARNING_SOFT,1,0,0,0,0,TREND_REVERSAL_UNCONFIRMED,0,0.45,SHORT,1,0,0,0
BNBUSDT,1777093200000,2026-04-25T05:00:00.000Z,NEUTRAL,NONE,0,7.875,IGNORE,0,WATCH,,0,0,0,NA,NA,NA,NA,NA,WARNING_SOFT,1,0,0,0,0,TREND_REVERSAL_UNCONFIRMED,0,0.45,NONE,1,0,0,0
BNBUSDT,1777096800000,2026-04-25T06:00:00.000Z,BULL,SHORT,0,7.875,IGNORE,0,WATCH,,0,0,0,NA,NA,NA,NA,NA,WARNING_SOFT,1,0,0,0,0,TREND_REVERSAL_UNCONFIRMED,0,0.45,SHORT,1,0,0,0
BNBUSDT,1777100400000,2026-04-25T07:00:00.000Z,NEUTRAL,NONE,0,7.875,IGNORE,0,WATCH,,0,0,0,NA,NA,NA,NA,NA,WARNING_SOFT,1,0,0,0,0,TREND_REVERSAL_UNCONFIRMED,0,0.45,NONE,1,0,0,0
BNBUSDT,1777104000000,2026-04-25T08:00:00.000Z,BULL,SHORT,0,7.875,IGNORE,0,WATCH,,0,0,0,NA,NA,NA,NA,NA,CLEAR,1,0,0,0,0,TREND_REVERSAL_UNCONFIRMED,0,0.45,SHORT,1,0,0,0
BNBUSDT,1777107600000,2026-04-25T09:00:00.000Z,BULL,SHORT,0,7.875,IGNORE,0,WATCH,,0,0,0,NA,NA,NA,NA,NA,CLEAR,1,0,0,0,0,TREND_REVERSAL_UNCONFIRMED,0,0.45,SHORT,1,0,0,0
BNBUSDT,1777111200000,2026-04-25T10:00:00.000Z,BULL,SHORT,0,7.875,IGNORE,0,WATCH,,0,0,0,NA,NA,NA,NA,NA,CLEAR,1,0,0,0,0,TREND_REVERSAL_UNCONFIRMED,0,0.45,SHORT,1,0,0,0
BNBUSDT,1777114800000,2026-04-25T11:00:00.000Z,NEUTRAL,NONE,0,7.875,IGNORE,0,WATCH,,0,0,0,NA,NA,NA,NA,NA,BLOCK,0,0,1,0,0,TREND_REVERSAL_UNCONFIRMED,0,0.45,NONE,1,0,0,0
BNBUSDT,1777118400000,2026-04-25T12:00:00.000Z,BEAR,LONG,67.5,53.9175,WATCH,1,WATCH,ACTIVE,1,1,0,PASS,PASS,SKIP,SKIP,FAIL,CLEAR,1,0,0,0,0,MARKET_CONTEXT_DENIED,3,0.84,LONG,0,1,0,0
BNBUSDT,1777122000000,2026-04-25T13:00:00.000Z,BEAR,LONG,38.6683025319047,18.232628824387497,IGNORE,0,WATCH,,0,0,0,NA,NA,NA,NA,NA,CLEAR,1,0,0,0,0,TREND_REVERSAL_UNCONFIRMED,2,0.45,LONG,1,0,0,0
BNBUSDT,1777125600000,2026-04-25T14:00:00.000Z,BEAR,LONG,42.5,18.534375,IGNORE,0,WATCH,,0,0,0,NA,NA,NA,NA,NA,CLEAR,1,0,0,0,0,TREND_REVERSAL_UNCONFIRMED,2,0.45,LONG,1,0,0,0
BNBUSDT,1777129200000,2026-04-25T15:00:00.000Z,BEAR,LONG,55.69444444444444,52.18208333333333,WATCH,1,WATCH,ACTIVE,1,1,0,PASS,PASS,SKIP,SKIP,FAIL,CLEAR,1,0,0,0,0,MARKET_CONTEXT_DENIED,3,0.84,LONG,0,1,0,0
BNBUSDT,1777132800000,2026-04-25T16:00:00.000Z,BEAR,LONG,55.69444444444444,52.18208333333333,WATCH,1,WATCH,ACTIVE,1,1,0,PASS,PASS,SKIP,SKIP,FAIL,CLEAR,1,0,1,0,0,MARKET_CONTEXT_DENIED,3,0.84,LONG,0,1,0,0
BNBUSDT,1777136400000,2026-04-25T17:00:00.000Z,BEAR,LONG,49.17282478650512,22.71610995193728,IGNORE,0,WATCH,,0,0,0,NA,NA,NA,NA,NA,CLEAR,1,0,0,0,0,TREND_REVERSAL_UNCONFIRMED,3,0.45,LONG,1,0,0,0
BNBUSDT,1777140000000,2026-04-25T18:00:00.000Z,BEAR,LONG,17.5,12.909375,IGNORE,0,WATCH,,0,0,0,NA,NA,NA,NA,NA,CLEAR,1,0,0,0,0,TREND_REVERSAL_UNCONFIRMED,1,0.45,LONG,1,0,0,0
BNBUSDT,1777143600000,2026-04-25T19:00:00.000Z,BEAR,LONG,0,7.875,IGNORE,0,WATCH,,0,0,0,NA,NA,NA,NA,NA,CLEAR,1,0,0,0,0,TREND_REVERSAL_UNCONFIRMED,0,0.45,LONG,1,0,0,0
BNBUSDT,1777147200000,2026-04-25T20:00:00.000Z,BEAR,LONG,21.48062500000001,13.222849218750001,IGNORE,0,WATCH,,0,0,0,NA,NA,NA,NA,NA,CLEAR,1,0,0,0,0,TREND_REVERSAL_UNCONFIRMED,1,0.45,LONG,1,0,0,0
BNBUSDT,1777150800000,2026-04-25T21:00:00.000Z,BEAR,LONG,0,7.875,IGNORE,0,WATCH,,0,0,0,NA,NA,NA,NA,NA,CLEAR,1,0,0,0,0,TREND_REVERSAL_UNCONFIRMED,0,0.45,LONG,1,0,0,0
BNBUSDT,1777154400000,2026-04-25T22:00:00.000Z,BEAR,LONG,0,7.875,IGNORE,0,WATCH,,0,0,0,NA,NA,NA,NA,NA,WARNING_SOFT,1,0,0,0,0,TREND_REVERSAL_UNCONFIRMED,0,0.45,LONG,1,0,0,0
BNBUSDT,1777158000000,2026-04-25T23:00:00.000Z,BEAR,LONG,0,7.875,IGNORE,0,WATCH,,0,0,0,NA,NA,NA,NA,NA,WARNING_SOFT,1,0,0,0,0,TREND_REVERSAL_UNCONFIRMED,0,0.45,LONG,1,0,0,0
BNBUSDT,1777161600000,2026-04-26T00:00:00.000Z,BEAR,LONG,0,7.875,IGNORE,0,WATCH,,0,0,0,NA,NA,NA,NA,NA,CLEAR,1,0,0,0,0,TREND_REVERSAL_UNCONFIRMED,0,0.45,LONG,1,0,0,0
BNBUSDT,1777165200000,2026-04-26T01:00:00.000Z,BEAR,LONG,0,7.875,IGNORE,0,WATCH,,0,0,0,NA,NA,NA,NA,NA,CLEAR,1,0,0,0,0,TREND_REVERSAL_UNCONFIRMED,0,0.45,LONG,1,0,0,0
BNBUSDT,1777168800000,2026-04-26T02:00:00.000Z,BEAR,LONG,0,7.875,IGNORE,0,WATCH,,0,0,0,NA,NA,NA,NA,NA,CLEAR,1,0,0,0,0,TREND_REVERSAL_UNCONFIRMED,0,0.45,LONG,1,0,0,0
BNBUSDT,1777172400000,2026-04-26T03:00:00.000Z,BEAR,LONG,0,7.875,IGNORE,0,WATCH,,0,0,0,NA,NA,NA,NA,NA,CLEAR,1,0,0,0,0,TREND_REVERSAL_UNCONFIRMED,0,0.45,LONG,1,0,0,0
BNBUSDT,1777176000000,2026-04-26T04:00:00.000Z,BEAR,LONG,0,7.875,IGNORE,0,WATCH,,0,0,0,NA,NA,NA,NA,NA,WARNING_SOFT,1,0,0,0,0,TREND_REVERSAL_UNCONFIRMED,0,0.45,LONG,1,0,0,0
BNBUSDT,1777179600000,2026-04-26T05:00:00.000Z,NEUTRAL,NONE,0,7.875,IGNORE,0,WATCH,,0,0,0,NA,NA,NA,NA,NA,CLEAR,1,0,0,0,0,TREND_REVERSAL_UNCONFIRMED,0,0.45,NONE,1,0,0,0
BNBUSDT,1777183200000,2026-04-26T06:00:00.000Z,NEUTRAL,NONE,0,7.875,IGNORE,0,WATCH,,0,0,0,NA,NA,NA,NA,NA,CLEAR,1,0,0,0,0,TREND_REVERSAL_UNCONFIRMED,0,0.45,NONE,1,0,0,0
BNBUSDT,1777186800000,2026-04-26T07:00:00.000Z,NEUTRAL,NONE,0,7.875,IGNORE,0,WATCH,,0,0,0,NA,NA,NA,NA,NA,CLEAR,1,0,0,0,0,TREND_REVERSAL_UNCONFIRMED,0,0.45,NONE,1,0,0,0
BNBUSDT,1777190400000,2026-04-26T08:00:00.000Z,BEAR,LONG,0,7.875,IGNORE,0,WATCH,,0,0,0,NA,NA,NA,NA,NA,BLOCK,0,0,0,0,0,TREND_REVERSAL_UNCONFIRMED,0,0.45,LONG,1,0,0,0
BNBUSDT,1777194000000,2026-04-26T09:00:00.000Z,NEUTRAL,NONE,0,7.875,IGNORE,0,WATCH,,0,0,0,NA,NA,NA,NA,NA,CLEAR,1,0,0,0,0,TREND_REVERSAL_UNCONFIRMED,0,0.45,NONE,1,0,0,0
BNBUSDT,1777197600000,2026-04-26T10:00:00.000Z,NEUTRAL,NONE,0,7.875,IGNORE,0,WATCH,,0,0,0,NA,NA,NA,NA,NA,CLEAR,1,0,0,0,0,TREND_REVERSAL_UNCONFIRMED,0,0.45,NONE,1,0,0,0
BNBUSDT,1777201200000,2026-04-26T11:00:00.000Z,NEUTRAL,NONE,0,7.875,IGNORE,0,WATCH,,0,0,0,NA,NA,NA,NA,NA,CLEAR,1,0,0,0,0,TREND_REVERSAL_UNCONFIRMED,0,0.45,NONE,1,0,0,0
BNBUSDT,1777204800000,2026-04-26T12:00:00.000Z,BEAR,LONG,17.5,12.909375,IGNORE,0,WATCH,,0,0,0,NA,NA,NA,NA,NA,WARNING_SOFT,1,0,0,0,0,TREND_REVERSAL_UNCONFIRMED,1,0.45,LONG,1,0,0,0
BNBUSDT,1777208400000,2026-04-26T13:00:00.000Z,NEUTRAL,NONE,0,7.875,IGNORE,0,WATCH,,0,0,0,NA,NA,NA,NA,NA,WARNING_SOFT,1,0,0,0,0,TREND_REVERSAL_UNCONFIRMED,0,0.45,NONE,1,0,0,0
BNBUSDT,1777212000000,2026-04-26T14:00:00.000Z,NEUTRAL,NONE,0,7.875,IGNORE,0,WATCH,,0,0,0,NA,NA,NA,NA,NA,CLEAR,1,0,0,0,0,TREND_REVERSAL_UNCONFIRMED,0,0.45,NONE,1,0,0,0
BNBUSDT,1777215600000,2026-04-26T15:00:00.000Z,NEUTRAL,NONE,0,7.875,IGNORE,0,WATCH,,0,0,0,NA,NA,NA,NA,NA,CLEAR,1,0,0,0,0,TREND_REVERSAL_UNCONFIRMED,0,0.45,NONE,1,0,0,0
BNBUSDT,1777219200000,2026-04-26T16:00:00.000Z,BEAR,LONG,17.5,12.909375,IGNORE,0,WATCH,,0,0,0,NA,NA,NA,NA,NA,WARNING_SOFT,1,0,0,0,0,TREND_REVERSAL_UNCONFIRMED,1,0.45,LONG,1,0,0,0
BNBUSDT,1777222800000,2026-04-26T17:00:00.000Z,NEUTRAL,NONE,0,7.875,IGNORE,0,WATCH,,0,0,0,NA,NA,NA,NA,NA,WARNING_SOFT,1,0,0,0,0,TREND_REVERSAL_UNCONFIRMED,0,0.45,NONE,1,0,0,0
BNBUSDT,1777226400000,2026-04-26T18:00:00.000Z,NEUTRAL,NONE,0,7.875,IGNORE,0,WATCH,,0,0,0,NA,NA,NA,NA,NA,CLEAR,1,0,0,0,0,TREND_REVERSAL_UNCONFIRMED,0,0.45,NONE,1,0,0,0
BNBUSDT,1777230000000,2026-04-26T19:00:00.000Z,NEUTRAL,NONE,0,7.875,IGNORE,0,WATCH,,0,0,0,NA,NA,NA,NA,NA,CLEAR,1,0,0,0,0,TREND_REVERSAL_UNCONFIRMED,0,0.45,NONE,1,0,0,0
BNBUSDT,1777233600000,2026-04-26T20:00:00.000Z,NEUTRAL,NONE,0,7.875,IGNORE,0,WATCH,,0,0,0,NA,NA,NA,NA,NA,CLEAR,1,0,0,0,0,TREND_REVERSAL_UNCONFIRMED,0,0.45,NONE,1,0,0,0
BNBUSDT,1777237200000,2026-04-26T21:00:00.000Z,NEUTRAL,NONE,0,7.875,IGNORE,0,WATCH,,0,0,0,NA,NA,NA,NA,NA,CLEAR,1,0,0,0,0,TREND_REVERSAL_UNCONFIRMED,0,0.45,NONE,1,0,0,0
BNBUSDT,1777240800000,2026-04-26T22:00:00.000Z,NEUTRAL,NONE,0,7.875,IGNORE,0,WATCH,,0,0,0,NA,NA,NA,NA,NA,CLEAR,1,0,0,0,0,TREND_REVERSAL_UNCONFIRMED,0,0.45,NONE,1,0,0,0
BNBUSDT,1777244400000,2026-04-26T23:00:00.000Z,NEUTRAL,NONE,0,7.875,IGNORE,0,WATCH,,0,0,0,NA,NA,NA,NA,NA,CLEAR,1,0,0,0,0,TREND_REVERSAL_UNCONFIRMED,0,0.45,NONE,1,0,0,0
BNBUSDT,1777248000000,2026-04-27T00:00:00.000Z,BULL,SHORT,25,13.5,IGNORE,0,WATCH,,0,0,0,NA,NA,NA,NA,NA,CLEAR,1,0,0,0,0,TREND_REVERSAL_UNCONFIRMED,1,0.45,SHORT,1,0,0,0
BNBUSDT,1777251600000,2026-04-27T01:00:00.000Z,BULL,SHORT,50,19.125,IGNORE,0,WATCH,,0,0,0,NA,NA,NA,NA,NA,CLEAR,1,0,0,0,0,TREND_REVERSAL_UNCONFIRMED,2,0.45,SHORT,1,0,0,0
BNBUSDT,1777255200000,2026-04-27T02:00:00.000Z,BULL,SHORT,20.479244236059905,13.143990483589718,IGNORE,0,WATCH,,0,0,0,NA,NA,NA,NA,NA,CLEAR,1,0,0,0,0,TREND_REVERSAL_UNCONFIRMED,1,0.45,SHORT,1,0,0,0
BNBUSDT,1777258800000,2026-04-27T03:00:00.000Z,BULL,SHORT,0,7.875,IGNORE,0,WATCH,,0,0,0,NA,NA,NA,NA,NA,CLEAR,1,0,0,0,0,TREND_REVERSAL_UNCONFIRMED,0,0.45,SHORT,1,0,0,0
BNBUSDT,1777262400000,2026-04-27T04:00:00.000Z,BULL,SHORT,0,7.875,IGNORE,0,WATCH,,0,0,0,NA,NA,NA,NA,NA,CLEAR,1,0,0,0,0,TREND_REVERSAL_UNCONFIRMED,0,0.45,SHORT,1,0,0,0
BNBUSDT,1777266000000,2026-04-27T05:00:00.000Z,NEUTRAL,NONE,0,7.875,IGNORE,0,WATCH,,0,0,0,NA,NA,NA,NA,NA,BLOCK,0,0,1,0,0,TREND_REVERSAL_UNCONFIRMED,0,0.45,NONE,1,0,0,0
BNBUSDT,1777269600000,2026-04-27T06:00:00.000Z,NEUTRAL,NONE,0,7.875,IGNORE,0,WATCH,,0,0,0,NA,NA,NA,NA,NA,BLOCK,0,0,1,0,0,TREND_REVERSAL_UNCONFIRMED,0,0.45,NONE,1,0,0,0
BNBUSDT,1777273200000,2026-04-27T07:00:00.000Z,BEAR,LONG,17.5,12.909375,IGNORE,0,WATCH,,0,0,0,NA,NA,NA,NA,NA,CLEAR,1,0,0,0,0,TREND_REVERSAL_UNCONFIRMED,1,0.45,LONG,1,0,0,0
BNBUSDT,1777276800000,2026-04-27T08:00:00.000Z,BEAR,LONG,42.5,18.534375,IGNORE,0,WATCH,,0,0,0,NA,NA,NA,NA,NA,CLEAR,1,0,0,0,0,TREND_REVERSAL_UNCONFIRMED,2,0.45,LONG,1,0,0,0
BNBUSDT,1777280400000,2026-04-27T09:00:00.000Z,BEAR,LONG,0,7.875,IGNORE,0,WATCH,,0,0,0,NA,NA,NA,NA,NA,CLEAR,1,0,0,0,0,TREND_REVERSAL_UNCONFIRMED,0,0.45,LONG,1,0,0,0
BNBUSDT,1777284000000,2026-04-27T10:00:00.000Z,BEAR,LONG,0,7.875,IGNORE,0,WATCH,,0,0,0,NA,NA,NA,NA,NA,CLEAR,1,0,0,0,0,TREND_REVERSAL_UNCONFIRMED,0,0.45,LONG,1,0,0,0
BNBUSDT,1777287600000,2026-04-27T11:00:00.000Z,BEAR,LONG,0,7.875,IGNORE,0,WATCH,,0,0,0,NA,NA,NA,NA,NA,CLEAR,1,0,0,0,0,TREND_REVERSAL_UNCONFIRMED,0,0.45,LONG,1,0,0,0
BNBUSDT,1777291200000,2026-04-27T12:00:00.000Z,BEAR,LONG,12.847222222222221,12.54296875,IGNORE,0,WATCH,,0,0,0,NA,NA,NA,NA,NA,CLEAR,1,0,0,0,0,TREND_REVERSAL_UNCONFIRMED,1,0.45,LONG,1,0,0,0
BNBUSDT,1777294800000,2026-04-27T13:00:00.000Z,BEAR,LONG,0,7.875,IGNORE,0,WATCH,,0,0,0,NA,NA,NA,NA,NA,CLEAR,1,0,0,0,0,TREND_REVERSAL_UNCONFIRMED,0,0.45,LONG,1,0,0,0
BNBUSDT,1777298400000,2026-04-27T14:00:00.000Z,BEAR,LONG,25,13.5,IGNORE,0,WATCH,,0,0,0,NA,NA,NA,NA,NA,CLEAR,1,0,0,0,0,TREND_REVERSAL_UNCONFIRMED,1,0.45,LONG,1,0,0,0
BNBUSDT,1777302000000,2026-04-27T15:00:00.000Z,BEAR,LONG,25,13.5,IGNORE,0,WATCH,,0,0,0,NA,NA,NA,NA,NA,CLEAR,1,0,0,0,0,TREND_REVERSAL_UNCONFIRMED,1,0.45,LONG,1,0,0,0
BNBUSDT,1777305600000,2026-04-27T16:00:00.000Z,BEAR,LONG,0,7.875,IGNORE,0,WATCH,,0,0,0,NA,NA,NA,NA,NA,CLEAR,1,0,0,0,0,TREND_REVERSAL_UNCONFIRMED,0,0.45,LONG,1,0,0,0
BNBUSDT,1777309200000,2026-04-27T17:00:00.000Z,BEAR,LONG,0,7.875,IGNORE,0,WATCH,,0,0,0,NA,NA,NA,NA,NA,WARNING_SOFT,1,0,0,0,0,TREND_REVERSAL_UNCONFIRMED,0,0.45,LONG,1,0,0,0
BNBUSDT,1777312800000,2026-04-27T18:00:00.000Z,BEAR,LONG,0,7.875,IGNORE,0,WATCH,,0,0,0,NA,NA,NA,NA,NA,CLEAR,1,0,0,0,0,TREND_REVERSAL_UNCONFIRMED,0,0.45,LONG,1,0,0,0
BNBUSDT,1777316400000,2026-04-27T19:00:00.000Z,BEAR,LONG,0,7.875,IGNORE,0,WATCH,,0,0,0,NA,NA,NA,NA,NA,CLEAR,1,0,0,0,0,TREND_REVERSAL_UNCONFIRMED,0,0.45,LONG,1,0,0,0
BNBUSDT,1777320000000,2026-04-27T20:00:00.000Z,BEAR,LONG,0,7.875,IGNORE,0,WATCH,,0,0,0,NA,NA,NA,NA,NA,CLEAR,1,0,0,0,0,TREND_REVERSAL_UNCONFIRMED,0,0.45,LONG,1,0,0,0
BNBUSDT,1777323600000,2026-04-27T21:00:00.000Z,BEAR,LONG,0,7.875,IGNORE,0,WATCH,,0,0,0,NA,NA,NA,NA,NA,CLEAR,1,0,0,0,0,TREND_REVERSAL_UNCONFIRMED,0,0.45,LONG,1,0,0,0
BNBUSDT,1777327200000,2026-04-27T22:00:00.000Z,BEAR,LONG,25,13.5,IGNORE,0,WATCH,,0,0,0,NA,NA,NA,NA,NA,WARNING_SOFT,1,0,0,0,0,TREND_REVERSAL_UNCONFIRMED,1,0.45,LONG,1,0,0,0
BNBUSDT,1777330800000,2026-04-27T23:00:00.000Z,NEUTRAL,NONE,0,7.875,IGNORE,0,WATCH,,0,0,0,NA,NA,NA,NA,NA,WARNING_SOFT,1,0,0,0,0,TREND_REVERSAL_UNCONFIRMED,0,0.45,NONE,1,0,0,0
BNBUSDT,1777334400000,2026-04-28T00:00:00.000Z,NEUTRAL,NONE,0,7.875,IGNORE,0,WATCH,,0,0,0,NA,NA,NA,NA,NA,WARNING_SOFT,1,0,0,0,0,TREND_REVERSAL_UNCONFIRMED,0,0.45,NONE,1,0,0,0
BNBUSDT,1777338000000,2026-04-28T01:00:00.000Z,BEAR,LONG,0,7.875,IGNORE,0,WATCH,,0,0,0,NA,NA,NA,NA,NA,WARNING_SOFT,1,0,0,0,0,TREND_REVERSAL_UNCONFIRMED,0,0.45,LONG,1,0,0,0
BNBUSDT,1777341600000,2026-04-28T02:00:00.000Z,BEAR,LONG,0,7.875,IGNORE,0,WATCH,,0,0,0,NA,NA,NA,NA,NA,WARNING_SOFT,1,0,0,0,0,TREND_REVERSAL_UNCONFIRMED,0,0.45,LONG,1,0,0,0
BNBUSDT,1777345200000,2026-04-28T03:00:00.000Z,BEAR,LONG,23.067875000000004,13.347845156250001,IGNORE,0,WATCH,,0,0,0,NA,NA,NA,NA,NA,CLEAR,1,0,0,0,0,TREND_REVERSAL_UNCONFIRMED,1,0.45,LONG,1,0,0,0
BNBUSDT,1777348800000,2026-04-28T04:00:00.000Z,BEAR,LONG,0,7.875,IGNORE,0,WATCH,,0,0,0,NA,NA,NA,NA,NA,CLEAR,1,0,0,0,0,TREND_REVERSAL_UNCONFIRMED,0,0.45,LONG,1,0,0,0
BNBUSDT,1777352400000,2026-04-28T05:00:00.000Z,BEAR,LONG,17.5,12.909375,IGNORE,0,WATCH,,0,0,0,NA,NA,NA,NA,NA,BLOCK,0,0,0,0,0,TREND_REVERSAL_UNCONFIRMED,1,0.45,LONG,1,0,0,0
BNBUSDT,1777356000000,2026-04-28T06:00:00.000Z,BEAR,LONG,17.5,12.909375,IGNORE,0,WATCH,,0,0,0,NA,NA,NA,NA,NA,BLOCK,0,0,0,0,0,TREND_REVERSAL_UNCONFIRMED,1,0.45,LONG,1,0,0,0
BNBUSDT,1777359600000,2026-04-28T07:00:00.000Z,BEAR,LONG,42.5,18.534375,IGNORE,0,WATCH,,0,0,0,NA,NA,NA,NA,NA,CLEAR,1,0,0,0,0,TREND_REVERSAL_UNCONFIRMED,2,0.45,LONG,1,0,0,0
BNBUSDT,1777363200000,2026-04-28T08:00:00.000Z,BEAR,LONG,17.5,12.909375,IGNORE,0,WATCH,,0,0,0,NA,NA,NA,NA,NA,WARNING_SOFT,1,0,0,0,0,TREND_REVERSAL_UNCONFIRMED,1,0.45,LONG,1,0,0,0
BNBUSDT,1777366800000,2026-04-28T09:00:00.000Z,BEAR,LONG,17.5,12.909375,IGNORE,0,WATCH,,0,0,0,NA,NA,NA,NA,NA,CLEAR,1,0,0,0,0,TREND_REVERSAL_UNCONFIRMED,1,0.45,LONG,1,0,0,0
BNBUSDT,1777370400000,2026-04-28T10:00:00.000Z,BEAR,LONG,0,7.875,IGNORE,0,WATCH,,0,0,0,NA,NA,NA,NA,NA,CLEAR,1,0,0,0,0,TREND_REVERSAL_UNCONFIRMED,0,0.45,LONG,1,0,0,0
BNBUSDT,1777374000000,2026-04-28T11:00:00.000Z,BEAR,LONG,0,7.875,IGNORE,0,WATCH,,0,0,0,NA,NA,NA,NA,NA,CLEAR,1,0,0,0,0,TREND_REVERSAL_UNCONFIRMED,0,0.45,LONG,1,0,0,0
BNBUSDT,1777377600000,2026-04-28T12:00:00.000Z,BEAR,LONG,38.58366963781108,18.22596398397762,IGNORE,0,WATCH,,0,0,0,NA,NA,NA,NA,NA,CLEAR,1,0,0,0,0,TREND_REVERSAL_UNCONFIRMED,2,0.45,LONG,1,0,0,0
BNBUSDT,1777381200000,2026-04-28T13:00:00.000Z,BEAR,LONG,23.62619065511364,13.3918125140902,IGNORE,0,WATCH,,0,0,0,NA,NA,NA,NA,NA,CLEAR,1,0,0,0,0,TREND_REVERSAL_UNCONFIRMED,1,0.45,LONG,1,0,0,0
BNBUSDT,1777384800000,2026-04-28T14:00:00.000Z,BEAR,LONG,25,13.5,IGNORE,0,WATCH,,0,0,0,NA,NA,NA,NA,NA,CLEAR,1,1,0,1,0,TREND_REVERSAL_UNCONFIRMED,1,0.45,LONG,1,0,0,0
BNBUSDT,1777388400000,2026-04-28T15:00:00.000Z,BEAR,LONG,14.575967296085018,12.679107424566695,IGNORE,0,WATCH,,0,0,0,NA,NA,NA,NA,NA,CLEAR,1,0,0,0,0,TREND_REVERSAL_UNCONFIRMED,1,0.45,LONG,1,0,0,0
BNBUSDT,1777392000000,2026-04-28T16:00:00.000Z,BEAR,LONG,0,7.875,IGNORE,0,WATCH,,0,0,0,NA,NA,NA,NA,NA,CLEAR,1,0,0,0,0,TREND_REVERSAL_UNCONFIRMED,0,0.45,LONG,1,0,0,0
BNBUSDT,1777395600000,2026-04-28T17:00:00.000Z,BEAR,LONG,0,7.875,IGNORE,0,WATCH,,0,0,0,NA,NA,NA,NA,NA,WARNING_SOFT,1,0,0,0,0,TREND_REVERSAL_UNCONFIRMED,0,0.45,LONG,1,0,0,0
BNBUSDT,1777399200000,2026-04-28T18:00:00.000Z,BEAR,LONG,0,7.875,IGNORE,0,WATCH,,0,0,0,NA,NA,NA,NA,NA,WARNING_SOFT,1,0,0,0,0,TREND_REVERSAL_UNCONFIRMED,0,0.45,LONG,1,0,0,0
BNBUSDT,1777402800000,2026-04-28T19:00:00.000Z,NEUTRAL,NONE,0,7.875,IGNORE,0,WATCH,,0,0,0,NA,NA,NA,NA,NA,WARNING_SOFT,1,0,0,0,0,TREND_REVERSAL_UNCONFIRMED,0,0.45,NONE,1,0,0,0
BNBUSDT,1777406400000,2026-04-28T20:00:00.000Z,NEUTRAL,NONE,0,7.875,IGNORE,0,WATCH,,0,0,0,NA,NA,NA,NA,NA,WARNING_SOFT,1,0,0,0,0,TREND_REVERSAL_UNCONFIRMED,0,0.45,NONE,1,0,0,0
BNBUSDT,1777410000000,2026-04-28T21:00:00.000Z,BEAR,LONG,0,7.875,IGNORE,0,WATCH,,0,0,0,NA,NA,NA,NA,NA,WARNING_SOFT,1,0,0,0,0,TREND_REVERSAL_UNCONFIRMED,0,0.45,LONG,1,0,0,0
BNBUSDT,1777413600000,2026-04-28T22:00:00.000Z,BEAR,LONG,0,7.875,IGNORE,0,WATCH,,0,0,0,NA,NA,NA,NA,NA,WARNING_SOFT,1,0,0,0,0,TREND_REVERSAL_UNCONFIRMED,0,0.45,LONG,1,0,0,0
BNBUSDT,1777417200000,2026-04-28T23:00:00.000Z,NEUTRAL,NONE,0,7.875,IGNORE,0,WATCH,,0,0,0,NA,NA,NA,NA,NA,WARNING_SOFT,1,0,0,0,0,TREND_REVERSAL_UNCONFIRMED,0,0.45,NONE,1,0,0,0
BNBUSDT,1777420800000,2026-04-29T00:00:00.000Z,NEUTRAL,NONE,0,7.875,IGNORE,0,WATCH,,0,0,0,NA,NA,NA,NA,NA,CLEAR,1,0,0,0,0,TREND_REVERSAL_UNCONFIRMED,0,0.45,NONE,1,0,0,0
BNBUSDT,1777424400000,2026-04-29T01:00:00.000Z,NEUTRAL,NONE,0,7.875,IGNORE,0,WATCH,,0,0,0,NA,NA,NA,NA,NA,WARNING_SOFT,1,0,0,0,0,TREND_REVERSAL_UNCONFIRMED,0,0.45,NONE,1,0,0,0
BNBUSDT,1777428000000,2026-04-29T02:00:00.000Z,NEUTRAL,NONE,0,7.875,IGNORE,0,WATCH,,0,0,0,NA,NA,NA,NA,NA,CLEAR,1,0,0,0,0,TREND_REVERSAL_UNCONFIRMED,0,0.45,NONE,1,0,0,0
BNBUSDT,1777431600000,2026-04-29T03:00:00.000Z,NEUTRAL,NONE,0,7.875,IGNORE,0,WATCH,,0,0,0,NA,NA,NA,NA,NA,CLEAR,1,0,0,0,0,TREND_REVERSAL_UNCONFIRMED,0,0.45,NONE,1,0,0,0
BNBUSDT,1777435200000,2026-04-29T04:00:00.000Z,NEUTRAL,NONE,0,7.875,IGNORE,0,WATCH,,0,0,0,NA,NA,NA,NA,NA,CLEAR,1,0,0,0,0,TREND_REVERSAL_UNCONFIRMED,0,0.45,NONE,1,0,0,0
BNBUSDT,1777438800000,2026-04-29T05:00:00.000Z,NEUTRAL,NONE,0,7.875,IGNORE,0,WATCH,,0,0,0,NA,NA,NA,NA,NA,CLEAR,1,0,0,0,0,TREND_REVERSAL_UNCONFIRMED,0,0.45,NONE,1,0,0,0
BNBUSDT,1777442400000,2026-04-29T06:00:00.000Z,NEUTRAL,NONE,0,7.875,IGNORE,0,WATCH,,0,0,0,NA,NA,NA,NA,NA,CLEAR,1,0,0,0,0,TREND_REVERSAL_UNCONFIRMED,0,0.45,NONE,1,0,0,0
BNBUSDT,1777446000000,2026-04-29T07:00:00.000Z,NEUTRAL,NONE,0,7.875,IGNORE,0,WATCH,,0,0,0,NA,NA,NA,NA,NA,CLEAR,1,0,0,0,0,TREND_REVERSAL_UNCONFIRMED,0,0.45,NONE,1,0,0,0
BNBUSDT,1777449600000,2026-04-29T08:00:00.000Z,NEUTRAL,NONE,0,7.875,IGNORE,0,WATCH,,0,0,0,NA,NA,NA,NA,NA,WARNING_SOFT,1,0,0,0,0,TREND_REVERSAL_UNCONFIRMED,0,0.45,NONE,1,0,0,0
BNBUSDT,1777453200000,2026-04-29T09:00:00.000Z,NEUTRAL,NONE,0,7.875,IGNORE,0,WATCH,,0,0,0,NA,NA,NA,NA,NA,CLEAR,1,0,0,0,0,TREND_REVERSAL_UNCONFIRMED,0,0.45,NONE,1,0,0,0
BNBUSDT,1777456800000,2026-04-29T10:00:00.000Z,NEUTRAL,NONE,0,7.875,IGNORE,0,WATCH,,0,0,0,NA,NA,NA,NA,NA,CLEAR,1,0,0,0,0,TREND_REVERSAL_UNCONFIRMED,0,0.45,NONE,1,0,0,0
BNBUSDT,1777460400000,2026-04-29T11:00:00.000Z,NEUTRAL,NONE,0,7.875,IGNORE,0,WATCH,,0,0,0,NA,NA,NA,NA,NA,CLEAR,1,0,0,0,0,TREND_REVERSAL_UNCONFIRMED,0,0.45,NONE,1,0,0,0
BNBUSDT,1777464000000,2026-04-29T12:00:00.000Z,BEAR,LONG,42.5,18.534375,IGNORE,0,WATCH,,0,0,0,NA,NA,NA,NA,NA,WARNING_HARD,1,0,1,0,0,TREND_REVERSAL_UNCONFIRMED,2,0.45,LONG,1,0,0,0
BNBUSDT,1777467600000,2026-04-29T13:00:00.000Z,BEAR,LONG,41.4863762189854,18.4545521272451,IGNORE,0,WATCH,,0,0,0,NA,NA,NA,NA,NA,CLEAR,1,0,1,0,0,TREND_REVERSAL_UNCONFIRMED,2,0.45,LONG,1,0,0,0
BNBUSDT,1777471200000,2026-04-29T14:00:00.000Z,BEAR,LONG,42.5,18.534375,IGNORE,0,WATCH,,0,0,0,NA,NA,NA,NA,NA,CLEAR,1,0,0,0,0,TREND_REVERSAL_UNCONFIRMED,2,0.45,LONG,1,0,0,0
BNBUSDT,1777474800000,2026-04-29T15:00:00.000Z,BEAR,LONG,55.69444444444444,52.18208333333333,WATCH,1,WATCH,ACTIVE,1,1,0,PASS,PASS,SKIP,SKIP,FAIL,CLEAR,1,0,0,0,0,MARKET_CONTEXT_DENIED,3,0.84,LONG,0,1,0,0
BNBUSDT,1777478400000,2026-04-29T16:00:00.000Z,BEAR,LONG,35.120322223040844,17.953225375064466,IGNORE,0,WATCH,,0,0,0,NA,NA,NA,NA,NA,CLEAR,1,0,0,0,0,TREND_REVERSAL_UNCONFIRMED,2,0.45,LONG,1,0,0,0
BNBUSDT,1777482000000,2026-04-29T17:00:00.000Z,BEAR,LONG,17.5,12.909375,IGNORE,0,WATCH,,0,0,0,NA,NA,NA,NA,NA,CLEAR,1,0,0,0,0,TREND_REVERSAL_UNCONFIRMED,1,0.45,LONG,1,0,0,0
BNBUSDT,1777485600000,2026-04-29T18:00:00.000Z,BEAR,LONG,42.5,18.534375,IGNORE,0,WATCH,,0,0,0,NA,NA,NA,NA,NA,CLEAR,1,0,0,0,0,TREND_REVERSAL_UNCONFIRMED,2,0.45,LONG,1,0,0,0
BNBUSDT,1777489200000,2026-04-29T19:00:00.000Z,BEAR,LONG,30.34722222222222,17.57734375,IGNORE,0,WATCH,,0,0,0,NA,NA,NA,NA,NA,CLEAR,1,0,0,0,0,TREND_REVERSAL_UNCONFIRMED,2,0.45,LONG,1,0,0,0
BNBUSDT,1777492800000,2026-04-29T20:00:00.000Z,BEAR,LONG,17.5,12.909375,IGNORE,0,WATCH,,0,0,0,NA,NA,NA,NA,NA,CLEAR,1,0,0,0,0,TREND_REVERSAL_UNCONFIRMED,1,0.45,LONG,1,0,0,0
BNBUSDT,1777496400000,2026-04-29T21:00:00.000Z,BEAR,LONG,25,13.5,IGNORE,0,WATCH,,0,0,0,NA,NA,NA,NA,NA,CLEAR,1,0,0,0,0,TREND_REVERSAL_UNCONFIRMED,1,0.45,LONG,1,0,0,0
BNBUSDT,1777500000000,2026-04-29T22:00:00.000Z,BEAR,LONG,0,7.875,IGNORE,0,WATCH,,0,0,0,NA,NA,NA,NA,NA,CLEAR,1,0,0,0,0,TREND_REVERSAL_UNCONFIRMED,0,0.45,LONG,1,0,0,0
BNBUSDT,1777503600000,2026-04-29T23:00:00.000Z,BEAR,LONG,0,7.875,IGNORE,0,WATCH,,0,0,0,NA,NA,NA,NA,NA,CLEAR,1,0,0,0,0,TREND_REVERSAL_UNCONFIRMED,0,0.45,LONG,1,0,0,0
BNBUSDT,1777507200000,2026-04-30T00:00:00.000Z,NEUTRAL,NONE,0,7.875,IGNORE,0,WATCH,,0,0,0,NA,NA,NA,NA,NA,WARNING_SOFT,1,0,0,0,0,TREND_REVERSAL_UNCONFIRMED,0,0.45,NONE,1,0,0,0
BNBUSDT,1777510800000,2026-04-30T01:00:00.000Z,BEAR,LONG,0,7.875,IGNORE,0,WATCH,,0,0,0,NA,NA,NA,NA,NA,WARNING_SOFT,1,0,0,0,0,TREND_REVERSAL_UNCONFIRMED,0,0.45,LONG,1,0,0,0
BNBUSDT,1777514400000,2026-04-30T02:00:00.000Z,BEAR,LONG,0,7.875,IGNORE,0,WATCH,,0,0,0,NA,NA,NA,NA,NA,WARNING_SOFT,1,0,0,0,0,TREND_REVERSAL_UNCONFIRMED,0,0.45,LONG,1,0,0,0
BNBUSDT,1777518000000,2026-04-30T03:00:00.000Z,BEAR,LONG,0,7.875,IGNORE,0,WATCH,,0,0,0,NA,NA,NA,NA,NA,CLEAR,1,0,0,0,0,TREND_REVERSAL_UNCONFIRMED,0,0.45,LONG,1,0,0,0
BNBUSDT,1777521600000,2026-04-30T04:00:00.000Z,BEAR,LONG,0,7.875,IGNORE,0,WATCH,,0,0,0,NA,NA,NA,NA,NA,CLEAR,1,0,0,0,0,TREND_REVERSAL_UNCONFIRMED,0,0.45,LONG,1,0,0,0
BNBUSDT,1777525200000,2026-04-30T05:00:00.000Z,BEAR,LONG,0,7.875,IGNORE,0,WATCH,,0,0,0,NA,NA,NA,NA,NA,CLEAR,1,0,0,0,0,TREND_REVERSAL_UNCONFIRMED,0,0.45,LONG,1,0,0,0
BNBUSDT,1777528800000,2026-04-30T06:00:00.000Z,BEAR,LONG,0,7.875,IGNORE,0,WATCH,,0,0,0,NA,NA,NA,NA,NA,CLEAR,1,0,0,0,0,TREND_REVERSAL_UNCONFIRMED,0,0.45,LONG,1,0,0,0
BNBUSDT,1777532400000,2026-04-30T07:00:00.000Z,BEAR,LONG,25,13.5,IGNORE,0,WATCH,,0,0,0,NA,NA,NA,NA,NA,CLEAR,1,0,0,0,0,TREND_REVERSAL_UNCONFIRMED,1,0.45,LONG,1,0,0,0
BNBUSDT,1777536000000,2026-04-30T08:00:00.000Z,BEAR,LONG,17.5,12.909375,IGNORE,0,WATCH,,0,0,0,NA,NA,NA,NA,NA,WARNING_SOFT,1,0,0,0,0,TREND_REVERSAL_UNCONFIRMED,1,0.45,LONG,1,0,0,0
BNBUSDT,1777539600000,2026-04-30T09:00:00.000Z,BEAR,LONG,17.5,12.909375,IGNORE,0,WATCH,,0,0,0,NA,NA,NA,NA,NA,WARNING_SOFT,1,0,0,0,0,TREND_REVERSAL_UNCONFIRMED,1,0.45,LONG,1,0,0,0
BNBUSDT,1777543200000,2026-04-30T10:00:00.000Z,BEAR,LONG,17.5,12.909375,IGNORE,0,WATCH,,0,0,0,NA,NA,NA,NA,NA,CLEAR,1,0,0,0,0,TREND_REVERSAL_UNCONFIRMED,1,0.45,LONG,1,0,0,0
BNBUSDT,1777546800000,2026-04-30T11:00:00.000Z,BEAR,LONG,17.5,12.909375,IGNORE,0,WATCH,,0,0,0,NA,NA,NA,NA,NA,WARNING_SOFT,1,0,0,0,0,TREND_REVERSAL_UNCONFIRMED,1,0.45,LONG,1,0,0,0
BNBUSDT,1777550400000,2026-04-30T12:00:00.000Z,BEAR,LONG,17.5,12.909375,IGNORE,0,WATCH,,0,0,0,NA,NA,NA,NA,NA,WARNING_SOFT,1,0,0,0,0,TREND_REVERSAL_UNCONFIRMED,1,0.45,LONG,1,0,0,0
BNBUSDT,1777554000000,2026-04-30T13:00:00.000Z,BEAR,LONG,17.5,12.909375,IGNORE,0,WATCH,,0,0,0,NA,NA,NA,NA,NA,WARNING_SOFT,1,0,0,0,0,TREND_REVERSAL_UNCONFIRMED,1,0.45,LONG,1,0,0,0
BNBUSDT,1777557600000,2026-04-30T14:00:00.000Z,BEAR,LONG,17.5,12.909375,IGNORE,0,WATCH,,0,0,0,NA,NA,NA,NA,NA,WARNING_HARD,1,0,0,0,0,TREND_REVERSAL_UNCONFIRMED,1,0.45,LONG,1,0,0,0
BNBUSDT,1777561200000,2026-04-30T15:00:00.000Z,BEAR,LONG,17.5,12.909375,IGNORE,0,WATCH,,0,0,0,NA,NA,NA,NA,NA,BLOCK,0,0,0,0,0,TREND_REVERSAL_UNCONFIRMED,1,0.45,LONG,1,0,0,0
BNBUSDT,1777564800000,2026-04-30T16:00:00.000Z,BEAR,LONG,17.5,12.909375,IGNORE,0,WATCH,,0,0,0,NA,NA,NA,NA,NA,WARNING_SOFT,1,0,0,0,0,TREND_REVERSAL_UNCONFIRMED,1,0.45,LONG,1,0,0,0
BNBUSDT,1777568400000,2026-04-30T17:00:00.000Z,NEUTRAL,NONE,0,7.875,IGNORE,0,WATCH,,0,0,0,NA,NA,NA,NA,NA,WARNING_SOFT,1,0,0,0,0,TREND_REVERSAL_UNCONFIRMED,0,0.45,NONE,1,0,0,0
BNBUSDT,1777572000000,2026-04-30T18:00:00.000Z,NEUTRAL,NONE,0,7.875,IGNORE,0,WATCH,,0,0,0,NA,NA,NA,NA,NA,CLEAR,1,0,0,0,0,TREND_REVERSAL_UNCONFIRMED,0,0.45,NONE,1,0,0,0
BNBUSDT,1777575600000,2026-04-30T19:00:00.000Z,NEUTRAL,NONE,0,7.875,IGNORE,0,WATCH,,0,0,0,NA,NA,NA,NA,NA,CLEAR,1,0,0,0,0,TREND_REVERSAL_UNCONFIRMED,0,0.45,NONE,1,0,0,0
BNBUSDT,1777579200000,2026-04-30T20:00:00.000Z,NEUTRAL,NONE,0,7.875,IGNORE,0,WATCH,,0,0,0,NA,NA,NA,NA,NA,CLEAR,1,0,0,0,0,TREND_REVERSAL_UNCONFIRMED,0,0.45,NONE,1,0,0,0
BNBUSDT,1777582800000,2026-04-30T21:00:00.000Z,BEAR,LONG,17.5,12.909375,IGNORE,0,WATCH,,0,0,0,NA,NA,NA,NA,NA,WARNING_SOFT,1,0,0,0,0,TREND_REVERSAL_UNCONFIRMED,1,0.45,LONG,1,0,0,0
BNBUSDT,1777586400000,2026-04-30T22:00:00.000Z,BEAR,LONG,17.5,12.909375,IGNORE,0,WATCH,,0,0,0,NA,NA,NA,NA,NA,CLEAR,1,0,0,0,0,TREND_REVERSAL_UNCONFIRMED,1,0.45,LONG,1,0,0,0
BNBUSDT,1777590000000,2026-04-30T23:00:00.000Z,BEAR,LONG,42.5,18.534375,IGNORE,0,WATCH,,0,0,0,NA,NA,NA,NA,NA,WARNING_SOFT,1,0,0,0,0,TREND_REVERSAL_UNCONFIRMED,2,0.45,LONG,1,0,0,0
BNBUSDT,1777593600000,2026-05-01T00:00:00.000Z,BEAR,LONG,17.5,12.909375,IGNORE,0,WATCH,,0,0,0,NA,NA,NA,NA,NA,WARNING_HARD,1,0,0,0,0,TREND_REVERSAL_UNCONFIRMED,1,0.45,LONG,1,0,0,0
BNBUSDT,1777597200000,2026-05-01T01:00:00.000Z,NEUTRAL,NONE,0,7.875,IGNORE,0,WATCH,,0,0,0,NA,NA,NA,NA,NA,WARNING_SOFT,1,0,0,0,0,TREND_REVERSAL_UNCONFIRMED,0,0.45,NONE,1,0,0,0
BNBUSDT,1777600800000,2026-05-01T02:00:00.000Z,NEUTRAL,NONE,0,7.875,IGNORE,0,WATCH,,0,0,0,NA,NA,NA,NA,NA,CLEAR,1,0,0,0,0,TREND_REVERSAL_UNCONFIRMED,0,0.45,NONE,1,0,0,0
BNBUSDT,1777604400000,2026-05-01T03:00:00.000Z,NEUTRAL,NONE,0,7.875,IGNORE,0,WATCH,,0,0,0,NA,NA,NA,NA,NA,CLEAR,1,0,0,0,0,TREND_REVERSAL_UNCONFIRMED,0,0.45,NONE,1,0,0,0
BNBUSDT,1777608000000,2026-05-01T04:00:00.000Z,NEUTRAL,NONE,0,7.875,IGNORE,0,WATCH,,0,0,0,NA,NA,NA,NA,NA,CLEAR,1,0,0,0,0,TREND_REVERSAL_UNCONFIRMED,0,0.45,NONE,1,0,0,0
BNBUSDT,1777611600000,2026-05-01T05:00:00.000Z,NEUTRAL,NONE,0,7.875,IGNORE,0,WATCH,,0,0,0,NA,NA,NA,NA,NA,CLEAR,1,0,0,0,0,TREND_REVERSAL_UNCONFIRMED,0,0.45,NONE,1,0,0,0
BNBUSDT,1777615200000,2026-05-01T06:00:00.000Z,BEAR,LONG,17.5,12.909375,IGNORE,0,WATCH,,0,0,0,NA,NA,NA,NA,NA,WARNING_SOFT,1,0,0,0,0,TREND_REVERSAL_UNCONFIRMED,1,0.45,LONG,1,0,0,0
BNBUSDT,1777618800000,2026-05-01T07:00:00.000Z,NEUTRAL,NONE,0,7.875,IGNORE,0,WATCH,,0,0,0,NA,NA,NA,NA,NA,WARNING_SOFT,1,0,0,0,0,TREND_REVERSAL_UNCONFIRMED,0,0.45,NONE,1,0,0,0
BNBUSDT,1777622400000,2026-05-01T08:00:00.000Z,NEUTRAL,NONE,0,7.875,IGNORE,0,WATCH,,0,0,0,NA,NA,NA,NA,NA,CLEAR,1,0,0,0,0,TREND_REVERSAL_UNCONFIRMED,0,0.45,NONE,1,0,0,0
BNBUSDT,1777626000000,2026-05-01T09:00:00.000Z,BEAR,LONG,17.5,12.909375,IGNORE,0,WATCH,,0,0,0,NA,NA,NA,NA,NA,WARNING_SOFT,1,0,0,0,0,TREND_REVERSAL_UNCONFIRMED,1,0.45,LONG,1,0,0,0
BNBUSDT,1777629600000,2026-05-01T10:00:00.000Z,NEUTRAL,NONE,0,7.875,IGNORE,0,WATCH,,0,0,0,NA,NA,NA,NA,NA,WARNING_SOFT,1,0,0,0,0,TREND_REVERSAL_UNCONFIRMED,0,0.45,NONE,1,0,0,0
BNBUSDT,1777633200000,2026-05-01T11:00:00.000Z,NEUTRAL,NONE,0,7.875,IGNORE,0,WATCH,,0,0,0,NA,NA,NA,NA,NA,CLEAR,1,0,0,0,0,TREND_REVERSAL_UNCONFIRMED,0,0.45,NONE,1,0,0,0
BNBUSDT,1777636800000,2026-05-01T12:00:00.000Z,NEUTRAL,NONE,0,7.875,IGNORE,0,WATCH,,0,0,0,NA,NA,NA,NA,NA,CLEAR,1,0,0,0,0,TREND_REVERSAL_UNCONFIRMED,0,0.45,NONE,1,0,0,0
BNBUSDT,1777640400000,2026-05-01T13:00:00.000Z,NEUTRAL,NONE,0,7.875,IGNORE,0,WATCH,,0,0,0,NA,NA,NA,NA,NA,CLEAR,1,0,0,0,0,TREND_REVERSAL_UNCONFIRMED,0,0.45,NONE,1,0,0,0
BNBUSDT,1777644000000,2026-05-01T14:00:00.000Z,NEUTRAL,NONE,0,7.875,IGNORE,0,WATCH,,0,0,0,NA,NA,NA,NA,NA,CLEAR,1,0,0,0,0,TREND_REVERSAL_UNCONFIRMED,0,0.45,NONE,1,0,0,0
BNBUSDT,1777647600000,2026-05-01T15:00:00.000Z,NEUTRAL,NONE,0,7.875,IGNORE,0,WATCH,,0,0,0,NA,NA,NA,NA,NA,CLEAR,1,0,0,0,0,TREND_REVERSAL_UNCONFIRMED,0,0.45,NONE,1,0,0,0
BNBUSDT,1777651200000,2026-05-01T16:00:00.000Z,NEUTRAL,NONE,0,7.875,IGNORE,0,WATCH,,0,0,0,NA,NA,NA,NA,NA,CLEAR,1,0,0,0,0,TREND_REVERSAL_UNCONFIRMED,0,0.45,NONE,1,0,0,0
BNBUSDT,1777654800000,2026-05-01T17:00:00.000Z,NEUTRAL,NONE,0,7.875,IGNORE,0,WATCH,,0,0,0,NA,NA,NA,NA,NA,CLEAR,1,0,0,0,0,TREND_REVERSAL_UNCONFIRMED,0,0.45,NONE,1,0,0,0
BNBUSDT,1777658400000,2026-05-01T18:00:00.000Z,NEUTRAL,NONE,0,7.875,IGNORE,0,WATCH,,0,0,0,NA,NA,NA,NA,NA,CLEAR,1,0,0,0,0,TREND_REVERSAL_UNCONFIRMED,0,0.45,NONE,1,0,0,0
BNBUSDT,1777662000000,2026-05-01T19:00:00.000Z,NEUTRAL,NONE,0,7.875,IGNORE,0,WATCH,,0,0,0,NA,NA,NA,NA,NA,CLEAR,1,0,0,0,0,TREND_REVERSAL_UNCONFIRMED,0,0.45,NONE,1,0,0,0
BNBUSDT,1777665600000,2026-05-01T20:00:00.000Z,BEAR,LONG,0,7.875,IGNORE,0,WATCH,,0,0,0,NA,NA,NA,NA,NA,WARNING_SOFT,1,0,0,0,0,TREND_REVERSAL_UNCONFIRMED,0,0.45,LONG,1,0,0,0
BNBUSDT,1777669200000,2026-05-01T21:00:00.000Z,BEAR,LONG,0,7.875,IGNORE,0,WATCH,,0,0,0,NA,NA,NA,NA,NA,WARNING_SOFT,1,0,0,0,0,TREND_REVERSAL_UNCONFIRMED,0,0.45,LONG,1,0,0,0
BNBUSDT,1777672800000,2026-05-01T22:00:00.000Z,BEAR,LONG,0,7.875,IGNORE,0,WATCH,,0,0,0,NA,NA,NA,NA,NA,WARNING_SOFT,1,0,0,0,0,TREND_REVERSAL_UNCONFIRMED,0,0.45,LONG,1,0,0,0
BNBUSDT,1777676400000,2026-05-01T23:00:00.000Z,BEAR,LONG,0,7.875,IGNORE,0,WATCH,,0,0,0,NA,NA,NA,NA,NA,WARNING_HARD,1,0,0,0,0,TREND_REVERSAL_UNCONFIRMED,0,0.45,LONG,1,0,0,0
BNBUSDT,1777680000000,2026-05-02T00:00:00.000Z,BEAR,LONG,25,13.5,IGNORE,0,WATCH,,0,0,0,NA,NA,NA,NA,NA,WARNING_SOFT,1,0,0,0,0,TREND_REVERSAL_UNCONFIRMED,1,0.45,LONG,1,0,0,0
BNBUSDT,1777683600000,2026-05-02T01:00:00.000Z,BEAR,LONG,0,7.875,IGNORE,0,WATCH,,0,0,0,NA,NA,NA,NA,NA,WARNING_SOFT,1,0,0,0,0,TREND_REVERSAL_UNCONFIRMED,0,0.45,LONG,1,0,0,0
BNBUSDT,1777687200000,2026-05-02T02:00:00.000Z,BEAR,LONG,0,7.875,IGNORE,0,WATCH,,0,0,0,NA,NA,NA,NA,NA,WARNING_SOFT,1,0,0,0,0,TREND_REVERSAL_UNCONFIRMED,0,0.45,LONG,1,0,0,0
BNBUSDT,1777690800000,2026-05-02T03:00:00.000Z,BEAR,LONG,0,7.875,IGNORE,0,WATCH,,0,0,0,NA,NA,NA,NA,NA,WARNING_SOFT,1,0,0,0,0,TREND_REVERSAL_UNCONFIRMED,0,0.45,LONG,1,0,0,0
BNBUSDT,1777694400000,2026-05-02T04:00:00.000Z,BEAR,LONG,0,7.875,IGNORE,0,WATCH,,0,0,0,NA,NA,NA,NA,NA,WARNING_HARD,1,0,0,0,0,TREND_REVERSAL_UNCONFIRMED,0,0.45,LONG,1,0,0,0
BNBUSDT,1777698000000,2026-05-02T05:00:00.000Z,BEAR,LONG,25,13.5,IGNORE,0,WATCH,,0,0,0,NA,NA,NA,NA,NA,WARNING_HARD,1,0,0,0,0,TREND_REVERSAL_UNCONFIRMED,1,0.45,LONG,1,0,0,0
BNBUSDT,1777701600000,2026-05-02T06:00:00.000Z,BEAR,LONG,0,7.875,IGNORE,0,WATCH,,0,0,0,NA,NA,NA,NA,NA,WARNING_SOFT,1,0,0,0,0,TREND_REVERSAL_UNCONFIRMED,0,0.45,LONG,1,0,0,0
BNBUSDT,1777705200000,2026-05-02T07:00:00.000Z,BEAR,LONG,0,7.875,IGNORE,0,WATCH,,0,0,0,NA,NA,NA,NA,NA,WARNING_SOFT,1,0,0,0,0,TREND_REVERSAL_UNCONFIRMED,0,0.45,LONG,1,0,0,0
BNBUSDT,1777708800000,2026-05-02T08:00:00.000Z,BEAR,LONG,17.5,12.909375,IGNORE,0,WATCH,,0,0,0,NA,NA,NA,NA,NA,WARNING_SOFT,1,0,0,0,0,TREND_REVERSAL_UNCONFIRMED,1,0.45,LONG,1,0,0,0
BNBUSDT,1777712400000,2026-05-02T09:00:00.000Z,BEAR,LONG,17.5,12.909375,IGNORE,0,WATCH,,0,0,0,NA,NA,NA,NA,NA,WARNING_SOFT,1,0,0,0,0,TREND_REVERSAL_UNCONFIRMED,1,0.45,LONG,1,0,0,0
BNBUSDT,1777716000000,2026-05-02T10:00:00.000Z,BEAR,LONG,17.5,12.909375,IGNORE,0,WATCH,,0,0,0,NA,NA,NA,NA,NA,WARNING_SOFT,1,0,0,0,0,TREND_REVERSAL_UNCONFIRMED,1,0.45,LONG,1,0,0,0
BNBUSDT,1777719600000,2026-05-02T11:00:00.000Z,BEAR,LONG,17.5,12.909375,IGNORE,0,WATCH,,0,0,0,NA,NA,NA,NA,NA,WARNING_SOFT,1,0,0,0,0,TREND_REVERSAL_UNCONFIRMED,1,0.45,LONG,1,0,0,0
BNBUSDT,1777723200000,2026-05-02T12:00:00.000Z,BEAR,LONG,17.5,12.909375,IGNORE,0,WATCH,,0,0,0,NA,NA,NA,NA,NA,WARNING_SOFT,1,0,0,0,0,TREND_REVERSAL_UNCONFIRMED,1,0.45,LONG,1,0,0,0
BNBUSDT,1777726800000,2026-05-02T13:00:00.000Z,NEUTRAL,NONE,0,7.875,IGNORE,0,WATCH,,0,0,0,NA,NA,NA,NA,NA,CLEAR,1,0,0,0,0,TREND_REVERSAL_UNCONFIRMED,0,0.45,NONE,1,0,0,0
BNBUSDT,1777730400000,2026-05-02T14:00:00.000Z,NEUTRAL,NONE,0,7.875,IGNORE,0,WATCH,,0,0,0,NA,NA,NA,NA,NA,CLEAR,1,0,0,0,0,TREND_REVERSAL_UNCONFIRMED,0,0.45,NONE,1,0,0,0
BNBUSDT,1777734000000,2026-05-02T15:00:00.000Z,NEUTRAL,NONE,0,7.875,IGNORE,0,WATCH,,0,0,0,NA,NA,NA,NA,NA,CLEAR,1,0,0,0,0,TREND_REVERSAL_UNCONFIRMED,0,0.45,NONE,1,0,0,0
BNBUSDT,1777737600000,2026-05-02T16:00:00.000Z,NEUTRAL,NONE,0,7.875,IGNORE,0,WATCH,,0,0,0,NA,NA,NA,NA,NA,CLEAR,1,0,0,0,0,TREND_REVERSAL_UNCONFIRMED,0,0.45,NONE,1,0,0,0
BNBUSDT,1777741200000,2026-05-02T17:00:00.000Z,NEUTRAL,NONE,0,7.875,IGNORE,0,WATCH,,0,0,0,NA,NA,NA,NA,NA,CLEAR,1,0,0,0,0,TREND_REVERSAL_UNCONFIRMED,0,0.45,NONE,1,0,0,0
BNBUSDT,1777744800000,2026-05-02T18:00:00.000Z,NEUTRAL,NONE,0,7.875,IGNORE,0,WATCH,,0,0,0,NA,NA,NA,NA,NA,CLEAR,1,0,0,0,0,TREND_REVERSAL_UNCONFIRMED,0,0.45,NONE,1,0,0,0
BNBUSDT,1777748400000,2026-05-02T19:00:00.000Z,NEUTRAL,NONE,0,7.875,IGNORE,0,WATCH,,0,0,0,NA,NA,NA,NA,NA,CLEAR,1,0,0,0,0,TREND_REVERSAL_UNCONFIRMED,0,0.45,NONE,1,0,0,0
BNBUSDT,1777752000000,2026-05-02T20:00:00.000Z,NEUTRAL,NONE,0,7.875,IGNORE,0,WATCH,,0,0,0,NA,NA,NA,NA,NA,CLEAR,1,0,0,0,0,TREND_REVERSAL_UNCONFIRMED,0,0.45,NONE,1,0,0,0
BNBUSDT,1777755600000,2026-05-02T21:00:00.000Z,NEUTRAL,NONE,0,7.875,IGNORE,0,WATCH,,0,0,0,NA,NA,NA,NA,NA,CLEAR,1,1,0,0,0,TREND_REVERSAL_UNCONFIRMED,0,0.45,NONE,1,0,0,0
BNBUSDT,1777759200000,2026-05-02T22:00:00.000Z,BULL,SHORT,37.84722222222222,18.16796875,IGNORE,0,WATCH,,0,0,0,NA,NA,NA,NA,NA,CLEAR,1,0,0,0,0,TREND_REVERSAL_UNCONFIRMED,2,0.45,SHORT,1,0,0,0
BNBUSDT,1777762800000,2026-05-02T23:00:00.000Z,BULL,SHORT,0,7.875,IGNORE,0,WATCH,,0,0,0,NA,NA,NA,NA,NA,CLEAR,1,0,0,0,0,TREND_REVERSAL_UNCONFIRMED,0,0.45,SHORT,1,0,0,0
BNBUSDT,1777766400000,2026-05-03T00:00:00.000Z,NEUTRAL,NONE,0,7.875,IGNORE,0,WATCH,,0,0,0,NA,NA,NA,NA,NA,BLOCK,0,0,0,0,0,TREND_REVERSAL_UNCONFIRMED,0,0.45,NONE,1,0,0,0
BNBUSDT,1777770000000,2026-05-03T01:00:00.000Z,BEAR,LONG,33.34770468336405,17.81363174381492,IGNORE,0,WATCH,,0,0,0,NA,NA,NA,NA,NA,CLEAR,1,0,0,0,0,TREND_REVERSAL_UNCONFIRMED,2,0.45,LONG,1,0,0,0
BNBUSDT,1777773600000,2026-05-03T02:00:00.000Z,BEAR,LONG,35.98053890147061,18.020967438490814,IGNORE,0,WATCH,,0,0,0,NA,NA,NA,NA,NA,CLEAR,1,0,1,0,0,TREND_REVERSAL_UNCONFIRMED,2,0.45,LONG,1,0,0,0
BNBUSDT,1777777200000,2026-05-03T03:00:00.000Z,BEAR,LONG,42.5,18.534375,IGNORE,0,WATCH,,0,0,0,NA,NA,NA,NA,NA,CLEAR,1,0,0,0,0,TREND_REVERSAL_UNCONFIRMED,2,0.45,LONG,1,0,0,0
BNBUSDT,1777780800000,2026-05-03T04:00:00.000Z,BEAR,LONG,30.34722222222222,17.57734375,IGNORE,0,WATCH,,0,0,0,NA,NA,NA,NA,NA,CLEAR,1,0,0,0,0,TREND_REVERSAL_UNCONFIRMED,2,0.45,LONG,1,0,0,0
BNBUSDT,1777784400000,2026-05-03T05:00:00.000Z,BEAR,LONG,17.5,12.909375,IGNORE,0,WATCH,,0,0,0,NA,NA,NA,NA,NA,CLEAR,1,0,0,0,0,TREND_REVERSAL_UNCONFIRMED,1,0.45,LONG,1,0,0,0
BNBUSDT,1777788000000,2026-05-03T06:00:00.000Z,BEAR,LONG,17.5,12.909375,IGNORE,0,WATCH,,0,0,0,NA,NA,NA,NA,NA,CLEAR,1,0,0,0,0,TREND_REVERSAL_UNCONFIRMED,1,0.45,LONG,1,0,0,0
BNBUSDT,1777791600000,2026-05-03T07:00:00.000Z,BEAR,LONG,30.175265747990046,17.563802177654214,IGNORE,0,WATCH,,0,0,0,NA,NA,NA,NA,NA,WARNING_SOFT,1,0,0,0,0,TREND_REVERSAL_UNCONFIRMED,2,0.45,LONG,1,0,0,0
BNBUSDT,1777795200000,2026-05-03T08:00:00.000Z,NEUTRAL,NONE,0,7.875,IGNORE,0,WATCH,,0,0,0,NA,NA,NA,NA,NA,CLEAR,1,0,0,0,0,TREND_REVERSAL_UNCONFIRMED,0,0.45,NONE,1,0,0,0
BNBUSDT,1777798800000,2026-05-03T09:00:00.000Z,NEUTRAL,NONE,0,7.875,IGNORE,0,WATCH,,0,0,0,NA,NA,NA,NA,NA,CLEAR,1,0,0,0,0,TREND_REVERSAL_UNCONFIRMED,0,0.45,NONE,1,0,0,0
BNBUSDT,1777802400000,2026-05-03T10:00:00.000Z,NEUTRAL,NONE,0,7.875,IGNORE,0,WATCH,,0,0,0,NA,NA,NA,NA,NA,CLEAR,1,0,0,0,0,TREND_REVERSAL_UNCONFIRMED,0,0.45,NONE,1,0,0,0
BNBUSDT,1777806000000,2026-05-03T11:00:00.000Z,NEUTRAL,NONE,0,7.875,IGNORE,0,WATCH,,0,0,0,NA,NA,NA,NA,NA,CLEAR,1,0,0,0,0,TREND_REVERSAL_UNCONFIRMED,0,0.45,NONE,1,0,0,0
BNBUSDT,1777809600000,2026-05-03T12:00:00.000Z,BULL,SHORT,0,7.875,IGNORE,0,WATCH,,0,0,0,NA,NA,NA,NA,NA,CLEAR,1,0,0,0,0,TREND_REVERSAL_UNCONFIRMED,0,0.45,SHORT,1,0,0,0
BNBUSDT,1777813200000,2026-05-03T13:00:00.000Z,BULL,SHORT,0,7.875,IGNORE,0,WATCH,,0,0,0,NA,NA,NA,NA,NA,CLEAR,1,0,0,0,0,TREND_REVERSAL_UNCONFIRMED,0,0.45,SHORT,1,0,0,0
BNBUSDT,1777816800000,2026-05-03T14:00:00.000Z,BULL,SHORT,0,7.875,IGNORE,0,WATCH,,0,0,0,NA,NA,NA,NA,NA,CLEAR,1,0,0,0,0,TREND_REVERSAL_UNCONFIRMED,0,0.45,SHORT,1,0,0,0
BNBUSDT,1777820400000,2026-05-03T15:00:00.000Z,BULL,SHORT,25,13.5,IGNORE,0,WATCH,,0,0,0,NA,NA,NA,NA,NA,CLEAR,1,0,0,0,0,TREND_REVERSAL_UNCONFIRMED,1,0.45,SHORT,1,0,0,0
BNBUSDT,1777824000000,2026-05-03T16:00:00.000Z,BULL,SHORT,0,7.875,IGNORE,0,WATCH,,0,0,0,NA,NA,NA,NA,NA,CLEAR,1,0,0,0,0,TREND_REVERSAL_UNCONFIRMED,0,0.45,SHORT,1,0,0,0
BNBUSDT,1777827600000,2026-05-03T17:00:00.000Z,BULL,SHORT,0,7.875,IGNORE,0,WATCH,,0,0,0,NA,NA,NA,NA,NA,CLEAR,1,0,0,0,0,TREND_REVERSAL_UNCONFIRMED,0,0.45,SHORT,1,0,0,0
BNBUSDT,1777831200000,2026-05-03T18:00:00.000Z,BULL,SHORT,0,7.875,IGNORE,0,WATCH,,0,0,0,NA,NA,NA,NA,NA,CLEAR,1,0,0,0,0,TREND_REVERSAL_UNCONFIRMED,0,0.45,SHORT,1,0,0,0
BNBUSDT,1777834800000,2026-05-03T19:00:00.000Z,BULL,SHORT,0,7.875,IGNORE,0,WATCH,,0,0,0,NA,NA,NA,NA,NA,WARNING_SOFT,1,0,0,0,0,TREND_REVERSAL_UNCONFIRMED,0,0.45,SHORT,1,0,0,0
BNBUSDT,1777838400000,2026-05-03T20:00:00.000Z,BULL,SHORT,13.519606887705624,12.595919042406818,IGNORE,0,WATCH,,0,0,0,NA,NA,NA,NA,NA,CLEAR,1,0,0,0,0,TREND_REVERSAL_UNCONFIRMED,1,0.45,SHORT,1,0,0,0
BNBUSDT,1777842000000,2026-05-03T21:00:00.000Z,BULL,SHORT,0,7.875,IGNORE,0,WATCH,,0,0,0,NA,NA,NA,NA,NA,CLEAR,1,0,0,0,0,TREND_REVERSAL_UNCONFIRMED,0,0.45,SHORT,1,0,0,0
BNBUSDT,1777845600000,2026-05-03T22:00:00.000Z,BULL,SHORT,25,13.5,IGNORE,0,WATCH,,0,0,0,NA,NA,NA,NA,NA,CLEAR,1,0,0,0,0,TREND_REVERSAL_UNCONFIRMED,1,0.45,SHORT,1,0,0,0
BNBUSDT,1777849200000,2026-05-03T23:00:00.000Z,NEUTRAL,NONE,0,7.875,IGNORE,0,WATCH,,0,0,0,NA,NA,NA,NA,NA,BLOCK,0,0,0,0,0,TREND_REVERSAL_UNCONFIRMED,0,0.45,NONE,1,0,0,0
BNBUSDT,1777852800000,2026-05-04T00:00:00.000Z,NEUTRAL,NONE,0,7.875,IGNORE,0,WATCH,,0,0,0,NA,NA,NA,NA,NA,BLOCK,0,0,0,0,0,TREND_REVERSAL_UNCONFIRMED,0,0.45,NONE,1,0,0,0
BNBUSDT,1777856400000,2026-05-04T01:00:00.000Z,BULL,SHORT,25,13.5,IGNORE,0,WATCH,,0,0,0,NA,NA,NA,NA,NA,WARNING_SOFT,1,0,0,0,0,TREND_REVERSAL_UNCONFIRMED,1,0.45,SHORT,1,0,0,0
BNBUSDT,1777860000000,2026-05-04T02:00:00.000Z,BULL,SHORT,25,13.5,IGNORE,0,WATCH,,0,0,0,NA,NA,NA,NA,NA,CLEAR,1,1,0,0,0,TREND_REVERSAL_UNCONFIRMED,1,0.45,SHORT,1,0,0,0
BNBUSDT,1777863600000,2026-05-04T03:00:00.000Z,BULL,SHORT,19.533437469188435,13.06950820069859,IGNORE,0,WATCH,,0,0,0,NA,NA,NA,NA,NA,CLEAR,1,1,0,0,0,TREND_REVERSAL_UNCONFIRMED,1,0.45,SHORT,1,0,0,0
BNBUSDT,1777867200000,2026-05-04T04:00:00.000Z,BULL,SHORT,37.84722222222222,18.16796875,IGNORE,0,WATCH,,0,0,0,NA,NA,NA,NA,NA,CLEAR,1,1,0,0,0,TREND_REVERSAL_UNCONFIRMED,2,0.45,SHORT,1,0,0,0
BNBUSDT,1777870800000,2026-05-04T05:00:00.000Z,BULL,SHORT,52.75419256085293,50.90986630644538,WATCH,1,WATCH,ACTIVE,1,1,0,FAIL,PASS,SKIP,SKIP,PASS,CLEAR,1,0,0,0,0,MARKET_CONTEXT_DENIED,3,0.84,SHORT,0,1,0,0
BNBUSDT,1777874400000,2026-05-04T06:00:00.000Z,BULL,SHORT,25,13.5,IGNORE,0,WATCH,,0,0,0,NA,NA,NA,NA,NA,CLEAR,1,0,0,0,0,TREND_REVERSAL_UNCONFIRMED,1,0.45,SHORT,1,0,0,0
BNBUSDT,1777878000000,2026-05-04T07:00:00.000Z,BULL,SHORT,0,7.875,IGNORE,0,WATCH,,0,0,0,NA,NA,NA,NA,NA,CLEAR,1,0,0,0,0,TREND_REVERSAL_UNCONFIRMED,0,0.45,SHORT,1,0,0,0
BNBUSDT,1777881600000,2026-05-04T08:00:00.000Z,BULL,SHORT,0,7.875,IGNORE,0,WATCH,,0,0,0,NA,NA,NA,NA,NA,CLEAR,1,0,0,0,0,TREND_REVERSAL_UNCONFIRMED,0,0.45,SHORT,1,0,0,0
BNBUSDT,1777885200000,2026-05-04T09:00:00.000Z,BULL,SHORT,0,7.875,IGNORE,0,WATCH,,0,0,0,NA,NA,NA,NA,NA,CLEAR,1,0,0,0,0,TREND_REVERSAL_UNCONFIRMED,0,0.45,SHORT,1,0,0,0
BNBUSDT,1777888800000,2026-05-04T10:00:00.000Z,NEUTRAL,NONE,0,7.875,IGNORE,0,WATCH,,0,0,0,NA,NA,NA,NA,NA,BLOCK,0,0,0,0,0,TREND_REVERSAL_UNCONFIRMED,0,0.45,NONE,1,0,0,0
BNBUSDT,1777892400000,2026-05-04T11:00:00.000Z,NEUTRAL,NONE,0,7.875,IGNORE,0,WATCH,,0,0,0,NA,NA,NA,NA,NA,WARNING_SOFT,1,0,0,0,0,TREND_REVERSAL_UNCONFIRMED,0,0.45,NONE,1,0,0,0
BNBUSDT,1777896000000,2026-05-04T12:00:00.000Z,NEUTRAL,NONE,0,7.875,IGNORE,0,WATCH,,0,0,0,NA,NA,NA,NA,NA,WARNING_SOFT,1,0,0,0,0,TREND_REVERSAL_UNCONFIRMED,0,0.45,NONE,1,0,0,0
BNBUSDT,1777899600000,2026-05-04T13:00:00.000Z,NEUTRAL,NONE,0,7.875,IGNORE,0,WATCH,,0,0,0,NA,NA,NA,NA,NA,WARNING_SOFT,1,0,0,0,0,TREND_REVERSAL_UNCONFIRMED,0,0.45,NONE,1,0,0,0
BNBUSDT,1777903200000,2026-05-04T14:00:00.000Z,BULL,SHORT,38.83013768158287,18.245373342424653,IGNORE,0,WATCH,,0,0,0,NA,NA,NA,NA,NA,WARNING_SOFT,1,0,0,0,0,TREND_REVERSAL_UNCONFIRMED,2,0.45,SHORT,1,0,0,0
BNBUSDT,1777906800000,2026-05-04T15:00:00.000Z,BULL,SHORT,0,7.875,IGNORE,0,WATCH,,0,0,0,NA,NA,NA,NA,NA,CLEAR,1,0,0,0,0,TREND_REVERSAL_UNCONFIRMED,0,0.45,SHORT,1,0,0,0
BNBUSDT,1777910400000,2026-05-04T16:00:00.000Z,BULL,SHORT,0,7.875,IGNORE,0,WATCH,,0,0,0,NA,NA,NA,NA,NA,CLEAR,1,0,0,0,0,TREND_REVERSAL_UNCONFIRMED,0,0.45,SHORT,1,0,0,0
BNBUSDT,1777914000000,2026-05-04T17:00:00.000Z,BULL,SHORT,0,7.875,IGNORE,0,WATCH,,0,0,0,NA,NA,NA,NA,NA,CLEAR,1,0,0,0,0,TREND_REVERSAL_UNCONFIRMED,0,0.45,SHORT,1,0,0,0
BNBUSDT,1777917600000,2026-05-04T18:00:00.000Z,BULL,SHORT,0,7.875,IGNORE,0,WATCH,,0,0,0,NA,NA,NA,NA,NA,CLEAR,1,0,0,0,0,TREND_REVERSAL_UNCONFIRMED,0,0.45,SHORT,1,0,0,0
BNBUSDT,1777921200000,2026-05-04T19:00:00.000Z,NEUTRAL,NONE,0,7.875,IGNORE,0,WATCH,,0,0,0,NA,NA,NA,NA,NA,WARNING_SOFT,1,0,0,0,0,TREND_REVERSAL_UNCONFIRMED,0,0.45,NONE,1,0,0,0
BNBUSDT,1777924800000,2026-05-04T20:00:00.000Z,NEUTRAL,NONE,0,7.875,IGNORE,0,WATCH,,0,0,0,NA,NA,NA,NA,NA,WARNING_SOFT,1,0,0,0,0,TREND_REVERSAL_UNCONFIRMED,0,0.45,NONE,1,0,0,0
BNBUSDT,1777928400000,2026-05-04T21:00:00.000Z,BULL,SHORT,17.5,12.909375,IGNORE,0,WATCH,,0,0,0,NA,NA,NA,NA,NA,WARNING_SOFT,1,0,0,0,0,TREND_REVERSAL_UNCONFIRMED,1,0.45,SHORT,1,0,0,0
BNBUSDT,1777932000000,2026-05-04T22:00:00.000Z,NEUTRAL,NONE,0,7.875,IGNORE,0,WATCH,,0,0,0,NA,NA,NA,NA,NA,WARNING_SOFT,1,0,0,0,0,TREND_REVERSAL_UNCONFIRMED,0,0.45,NONE,1,0,0,0
BNBUSDT,1777935600000,2026-05-04T23:00:00.000Z,NEUTRAL,NONE,0,7.875,IGNORE,0,WATCH,,0,0,0,NA,NA,NA,NA,NA,WARNING_SOFT,1,0,0,0,0,TREND_REVERSAL_UNCONFIRMED,0,0.45,NONE,1,0,0,0
BNBUSDT,1777939200000,2026-05-05T00:00:00.000Z,BULL,SHORT,17.5,12.909375,IGNORE,0,WATCH,,0,0,0,NA,NA,NA,NA,NA,WARNING_SOFT,1,0,0,0,0,TREND_REVERSAL_UNCONFIRMED,1,0.45,SHORT,1,0,0,0
BNBUSDT,1777942800000,2026-05-05T01:00:00.000Z,BULL,SHORT,17.5,12.909375,IGNORE,0,WATCH,,0,0,0,NA,NA,NA,NA,NA,WARNING_SOFT,1,0,0,0,0,TREND_REVERSAL_UNCONFIRMED,1,0.45,SHORT,1,0,0,0
BNBUSDT,1777946400000,2026-05-05T02:00:00.000Z,BULL,SHORT,17.5,12.909375,IGNORE,0,WATCH,,0,0,0,NA,NA,NA,NA,NA,CLEAR,1,0,0,0,0,TREND_REVERSAL_UNCONFIRMED,1,0.45,SHORT,1,0,0,0
BNBUSDT,1777950000000,2026-05-05T03:00:00.000Z,BULL,SHORT,17.5,12.909375,IGNORE,0,WATCH,,0,0,0,NA,NA,NA,NA,NA,CLEAR,1,0,0,0,0,TREND_REVERSAL_UNCONFIRMED,1,0.45,SHORT,1,0,0,0
BNBUSDT,1777953600000,2026-05-05T04:00:00.000Z,BULL,SHORT,17.5,12.909375,IGNORE,0,WATCH,,0,0,0,NA,NA,NA,NA,NA,CLEAR,1,0,0,0,0,TREND_REVERSAL_UNCONFIRMED,1,0.45,SHORT,1,0,0,0
BNBUSDT,1777957200000,2026-05-05T05:00:00.000Z,BULL,SHORT,17.5,12.909375,IGNORE,0,WATCH,,0,0,0,NA,NA,NA,NA,NA,CLEAR,1,0,0,0,0,TREND_REVERSAL_UNCONFIRMED,1,0.45,SHORT,1,0,0,0
BNBUSDT,1777960800000,2026-05-05T06:00:00.000Z,BULL,SHORT,17.5,12.909375,IGNORE,0,WATCH,,0,0,0,NA,NA,NA,NA,NA,CLEAR,1,0,0,0,0,TREND_REVERSAL_UNCONFIRMED,1,0.45,SHORT,1,0,0,0
BNBUSDT,1777964400000,2026-05-05T07:00:00.000Z,BULL,SHORT,17.5,12.909375,IGNORE,0,WATCH,,0,0,0,NA,NA,NA,NA,NA,CLEAR,1,0,0,0,0,TREND_REVERSAL_UNCONFIRMED,1,0.45,SHORT,1,0,0,0
BNBUSDT,1777968000000,2026-05-05T08:00:00.000Z,BULL,SHORT,17.5,12.909375,IGNORE,0,WATCH,,0,0,0,NA,NA,NA,NA,NA,CLEAR,1,0,0,0,0,TREND_REVERSAL_UNCONFIRMED,1,0.45,SHORT,1,0,0,0
BNBUSDT,1777971600000,2026-05-05T09:00:00.000Z,BULL,SHORT,17.5,12.909375,IGNORE,0,WATCH,,0,0,0,NA,NA,NA,NA,NA,CLEAR,1,0,0,0,0,TREND_REVERSAL_UNCONFIRMED,1,0.45,SHORT,1,0,0,0
BNBUSDT,1777975200000,2026-05-05T10:00:00.000Z,BULL,SHORT,17.5,12.909375,IGNORE,0,WATCH,,0,0,0,NA,NA,NA,NA,NA,CLEAR,1,0,0,0,0,TREND_REVERSAL_UNCONFIRMED,1,0.45,SHORT,1,0,0,0
BNBUSDT,1777978800000,2026-05-05T11:00:00.000Z,BULL,SHORT,17.5,12.909375,IGNORE,0,WATCH,,0,0,0,NA,NA,NA,NA,NA,CLEAR,1,0,0,0,0,TREND_REVERSAL_UNCONFIRMED,1,0.45,SHORT,1,0,0,0
BNBUSDT,1777982400000,2026-05-05T12:00:00.000Z,BULL,SHORT,31.51150146679291,17.669030740509942,IGNORE,0,WATCH,,0,0,0,NA,NA,NA,NA,NA,CLEAR,1,0,0,0,0,TREND_REVERSAL_UNCONFIRMED,2,0.45,SHORT,1,0,0,0
BNBUSDT,1777986000000,2026-05-05T13:00:00.000Z,BULL,SHORT,67.5,53.0775,WATCH,1,WATCH,ACTIVE,1,1,0,FAIL,PASS,SKIP,SKIP,PASS,CLEAR,1,0,0,0,0,MARKET_CONTEXT_DENIED,3,0.84,SHORT,0,1,0,0
BNBUSDT,1777989600000,2026-05-05T14:00:00.000Z,BULL,SHORT,39.15338141354336,18.27082878631654,IGNORE,0,WATCH,,0,0,0,NA,NA,NA,NA,NA,CLEAR,1,0,0,0,0,TREND_REVERSAL_UNCONFIRMED,2,0.45,SHORT,1,0,0,0
BNBUSDT,1777993200000,2026-05-05T15:00:00.000Z,BULL,SHORT,17.5,12.909375,IGNORE,0,WATCH,,0,0,0,NA,NA,NA,NA,NA,CLEAR,1,0,0,0,0,TREND_REVERSAL_UNCONFIRMED,1,0.45,SHORT,1,0,0,0
BNBUSDT,1777996800000,2026-05-05T16:00:00.000Z,BULL,SHORT,0,7.875,IGNORE,0,WATCH,,0,0,0,NA,NA,NA,NA,NA,CLEAR,1,0,0,0,0,TREND_REVERSAL_UNCONFIRMED,0,0.45,SHORT,1,0,0,0
BNBUSDT,1778000400000,2026-05-05T17:00:00.000Z,BULL,SHORT,0,7.875,IGNORE,0,WATCH,,0,0,0,NA,NA,NA,NA,NA,WARNING_SOFT,1,0,0,0,0,TREND_REVERSAL_UNCONFIRMED,0,0.45,SHORT,1,0,0,0
BNBUSDT,1778004000000,2026-05-05T18:00:00.000Z,BULL,SHORT,0,7.875,IGNORE,0,WATCH,,0,0,0,NA,NA,NA,NA,NA,WARNING_SOFT,1,0,0,0,0,TREND_REVERSAL_UNCONFIRMED,0,0.45,SHORT,1,0,0,0
BNBUSDT,1778007600000,2026-05-05T19:00:00.000Z,BULL,SHORT,0,7.875,IGNORE,0,WATCH,,0,0,0,NA,NA,NA,NA,NA,CLEAR,1,0,0,0,0,TREND_REVERSAL_UNCONFIRMED,0,0.45,SHORT,1,0,0,0
BNBUSDT,1778011200000,2026-05-05T20:00:00.000Z,BULL,SHORT,12.965596483906038,12.5522907231076,IGNORE,0,WATCH,,0,0,0,NA,NA,NA,NA,NA,CLEAR,1,0,0,0,0,TREND_REVERSAL_UNCONFIRMED,1,0.45,SHORT,1,0,0,0
BNBUSDT,1778014800000,2026-05-05T21:00:00.000Z,BULL,SHORT,0,7.875,IGNORE,0,WATCH,,0,0,0,NA,NA,NA,NA,NA,CLEAR,1,0,0,0,0,TREND_REVERSAL_UNCONFIRMED,0,0.45,SHORT,1,0,0,0
BNBUSDT,1778018400000,2026-05-05T22:00:00.000Z,BULL,SHORT,40.62068468790276,18.386378919172344,IGNORE,0,WATCH,,0,0,0,NA,NA,NA,NA,NA,CLEAR,1,0,0,0,0,TREND_REVERSAL_UNCONFIRMED,2,0.45,SHORT,1,0,0,0
BNBUSDT,1778022000000,2026-05-05T23:00:00.000Z,BULL,SHORT,0,7.875,IGNORE,0,WATCH,,0,0,0,NA,NA,NA,NA,NA,WARNING_SOFT,1,0,0,0,0,TREND_REVERSAL_UNCONFIRMED,0,0.45,SHORT,1,0,0,0
BNBUSDT,1778025600000,2026-05-06T00:00:00.000Z,BULL,SHORT,0,7.875,IGNORE,0,WATCH,,0,0,0,NA,NA,NA,NA,NA,WARNING_SOFT,1,0,0,0,0,TREND_REVERSAL_UNCONFIRMED,0,0.45,SHORT,1,0,0,0
BNBUSDT,1778029200000,2026-05-06T01:00:00.000Z,BULL,SHORT,0,7.875,IGNORE,0,WATCH,,0,0,0,NA,NA,NA,NA,NA,CLEAR,1,0,0,0,0,TREND_REVERSAL_UNCONFIRMED,0,0.45,SHORT,1,0,0,0
BNBUSDT,1778032800000,2026-05-06T02:00:00.000Z,BULL,SHORT,0,7.875,IGNORE,0,WATCH,,0,0,0,NA,NA,NA,NA,NA,CLEAR,1,0,0,0,0,TREND_REVERSAL_UNCONFIRMED,0,0.45,SHORT,1,0,0,0
BNBUSDT,1778036400000,2026-05-06T03:00:00.000Z,BULL,SHORT,50,19.125,IGNORE,0,WATCH,,0,0,0,NA,NA,NA,NA,NA,CLEAR,1,0,0,0,0,TREND_REVERSAL_UNCONFIRMED,2,0.45,SHORT,1,0,0,0
BNBUSDT,1778040000000,2026-05-06T04:00:00.000Z,BULL,SHORT,12.594926567533157,12.523100467193236,IGNORE,0,WATCH,,0,0,0,NA,NA,NA,NA,NA,CLEAR,1,0,0,0,0,TREND_REVERSAL_UNCONFIRMED,1,0.45,SHORT,1,0,0,0
BNBUSDT,1778043600000,2026-05-06T05:00:00.000Z,BULL,SHORT,0,7.875,IGNORE,0,WATCH,,0,0,0,NA,NA,NA,NA,NA,CLEAR,1,0,0,0,0,TREND_REVERSAL_UNCONFIRMED,0,0.45,SHORT,1,0,0,0
BNBUSDT,1778047200000,2026-05-06T06:00:00.000Z,BULL,SHORT,12.847222222222221,12.54296875,IGNORE,0,WATCH,,0,0,0,NA,NA,NA,NA,NA,CLEAR,1,0,0,0,0,TREND_REVERSAL_UNCONFIRMED,1,0.45,SHORT,1,0,0,0
BNBUSDT,1778050800000,2026-05-06T07:00:00.000Z,BULL,SHORT,25,13.5,IGNORE,0,WATCH,,0,0,0,NA,NA,NA,NA,NA,CLEAR,1,0,0,0,0,TREND_REVERSAL_UNCONFIRMED,1,0.45,SHORT,1,0,0,0
BNBUSDT,1778054400000,2026-05-06T08:00:00.000Z,BULL,SHORT,37.84722222222222,18.16796875,IGNORE,0,WATCH,,0,0,0,NA,NA,NA,NA,NA,CLEAR,1,1,0,0,0,TREND_REVERSAL_UNCONFIRMED,2,0.45,SHORT,1,0,0,0
BNBUSDT,1778058000000,2026-05-06T09:00:00.000Z,BULL,SHORT,63.01224695583659,52.41780030250798,WATCH,1,WATCH,ACTIVE,1,1,0,FAIL,PASS,SKIP,SKIP,PASS,CLEAR,1,0,0,0,0,MARKET_CONTEXT_DENIED,3,0.84,SHORT,0,1,0,0
BNBUSDT,1778061600000,2026-05-06T10:00:00.000Z,BULL,SHORT,33.85480033782213,17.853565526603493,IGNORE,0,WATCH,,0,0,0,NA,NA,NA,NA,NA,CLEAR,1,0,0,0,0,TREND_REVERSAL_UNCONFIRMED,2,0.45,SHORT,1,0,0,0
BNBUSDT,1778065200000,2026-05-06T11:00:00.000Z,BULL,SHORT,37.84722222222222,18.16796875,IGNORE,0,WATCH,,0,0,0,NA,NA,NA,NA,NA,CLEAR,1,0,0,0,0,TREND_REVERSAL_UNCONFIRMED,2,0.45,SHORT,1,0,0,0
BNBUSDT,1778068800000,2026-05-06T12:00:00.000Z,BULL,SHORT,37.84722222222222,18.16796875,IGNORE,0,WATCH,,0,0,0,NA,NA,NA,NA,NA,CLEAR,1,0,0,0,0,TREND_REVERSAL_UNCONFIRMED,2,0.45,SHORT,1,0,0,0
BNBUSDT,1778072400000,2026-05-06T13:00:00.000Z,BULL,SHORT,50,19.125,IGNORE,0,WATCH,,0,0,0,NA,NA,NA,NA,NA,CLEAR,1,0,0,0,0,TREND_REVERSAL_UNCONFIRMED,2,0.45,SHORT,1,0,0,0
BNBUSDT,1778076000000,2026-05-06T14:00:00.000Z,BULL,SHORT,15.564804480251155,12.756978352819779,IGNORE,0,WATCH,,0,0,0,NA,NA,NA,NA,NA,WARNING_SOFT,1,0,0,0,0,TREND_REVERSAL_UNCONFIRMED,1,0.45,SHORT,1,0,0,0
BNBUSDT,1778079600000,2026-05-06T15:00:00.000Z,BULL,SHORT,0,7.875,IGNORE,0,WATCH,,0,0,0,NA,NA,NA,NA,NA,CLEAR,1,0,0,0,0,TREND_REVERSAL_UNCONFIRMED,0,0.45,SHORT,1,0,0,0
BNBUSDT,1778083200000,2026-05-06T16:00:00.000Z,BULL,SHORT,25,13.5,IGNORE,0,WATCH,,0,0,0,NA,NA,NA,NA,NA,WARNING_SOFT,1,0,0,0,0,TREND_REVERSAL_UNCONFIRMED,1,0.45,SHORT,1,0,0,0
BNBUSDT,1778086800000,2026-05-06T17:00:00.000Z,BULL,SHORT,0,7.875,IGNORE,0,WATCH,,0,0,0,NA,NA,NA,NA,NA,WARNING_SOFT,1,0,0,0,0,TREND_REVERSAL_UNCONFIRMED,0,0.45,SHORT,1,0,0,0
BNBUSDT,1778090400000,2026-05-06T18:00:00.000Z,BULL,SHORT,0,7.875,IGNORE,0,WATCH,,0,0,0,NA,NA,NA,NA,NA,WARNING_SOFT,1,0,0,0,0,TREND_REVERSAL_UNCONFIRMED,0,0.45,SHORT,1,0,0,0
BNBUSDT,1778094000000,2026-05-06T19:00:00.000Z,BULL,SHORT,25,13.5,IGNORE,0,WATCH,,0,0,0,NA,NA,NA,NA,NA,WARNING_SOFT,1,0,0,0,0,TREND_REVERSAL_UNCONFIRMED,1,0.45,SHORT,1,0,0,0
BNBUSDT,1778097600000,2026-05-06T20:00:00.000Z,BULL,SHORT,0,7.875,IGNORE,0,WATCH,,0,0,0,NA,NA,NA,NA,NA,WARNING_SOFT,1,0,0,0,0,TREND_REVERSAL_UNCONFIRMED,0,0.45,SHORT,1,0,0,0
BNBUSDT,1778101200000,2026-05-06T21:00:00.000Z,BULL,SHORT,0,7.875,IGNORE,0,WATCH,,0,0,0,NA,NA,NA,NA,NA,WARNING_SOFT,1,0,0,0,0,TREND_REVERSAL_UNCONFIRMED,0,0.45,SHORT,1,0,0,0
BNBUSDT,1778104800000,2026-05-06T22:00:00.000Z,BULL,SHORT,0,7.875,IGNORE,0,WATCH,,0,0,0,NA,NA,NA,NA,NA,WARNING_SOFT,1,0,0,0,0,TREND_REVERSAL_UNCONFIRMED,0,0.45,SHORT,1,0,0,0
BNBUSDT,1778108400000,2026-05-06T23:00:00.000Z,BULL,SHORT,17.5,12.909375,IGNORE,0,WATCH,,0,0,0,NA,NA,NA,NA,NA,WARNING_SOFT,1,0,0,0,0,TREND_REVERSAL_UNCONFIRMED,1,0.45,SHORT,1,0,0,0
BNBUSDT,1778112000000,2026-05-07T00:00:00.000Z,NEUTRAL,NONE,0,7.875,IGNORE,0,WATCH,,0,0,0,NA,NA,NA,NA,NA,BLOCK,0,0,0,0,0,TREND_REVERSAL_UNCONFIRMED,0,0.45,NONE,1,0,0,0
BNBUSDT,1778115600000,2026-05-07T01:00:00.000Z,NEUTRAL,NONE,0,7.875,IGNORE,0,WATCH,,0,0,0,NA,NA,NA,NA,NA,BLOCK,0,0,0,0,0,TREND_REVERSAL_UNCONFIRMED,0,0.45,NONE,1,0,0,0
BNBUSDT,1778119200000,2026-05-07T02:00:00.000Z,NEUTRAL,NONE,0,7.875,IGNORE,0,WATCH,,0,0,0,NA,NA,NA,NA,NA,WARNING_SOFT,1,0,0,0,0,TREND_REVERSAL_UNCONFIRMED,0,0.45,NONE,1,0,0,0
BNBUSDT,1778122800000,2026-05-07T03:00:00.000Z,NEUTRAL,NONE,0,7.875,IGNORE,0,WATCH,,0,0,0,NA,NA,NA,NA,NA,WARNING_SOFT,1,0,0,0,0,TREND_REVERSAL_UNCONFIRMED,0,0.45,NONE,1,0,0,0
BNBUSDT,1778126400000,2026-05-07T04:00:00.000Z,NEUTRAL,NONE,0,7.875,IGNORE,0,WATCH,,0,0,0,NA,NA,NA,NA,NA,WARNING_SOFT,1,0,0,0,0,TREND_REVERSAL_UNCONFIRMED,0,0.45,NONE,1,0,0,0
BNBUSDT,1778130000000,2026-05-07T05:00:00.000Z,BULL,SHORT,17.5,12.909375,IGNORE,0,WATCH,,0,0,0,NA,NA,NA,NA,NA,WARNING_SOFT,1,0,0,0,0,TREND_REVERSAL_UNCONFIRMED,1,0.45,SHORT,1,0,0,0
BNBUSDT,1778133600000,2026-05-07T06:00:00.000Z,BULL,SHORT,42.5,18.534375,IGNORE,0,WATCH,,0,0,0,NA,NA,NA,NA,NA,CLEAR,1,0,0,0,0,TREND_REVERSAL_UNCONFIRMED,2,0.45,SHORT,1,0,0,0
BNBUSDT,1778137200000,2026-05-07T07:00:00.000Z,BULL,SHORT,17.5,12.909375,IGNORE,0,WATCH,,0,0,0,NA,NA,NA,NA,NA,CLEAR,1,0,0,0,0,TREND_REVERSAL_UNCONFIRMED,1,0.45,SHORT,1,0,0,0
BNBUSDT,1778140800000,2026-05-07T08:00:00.000Z,BULL,SHORT,17.5,12.909375,IGNORE,0,WATCH,,0,0,0,NA,NA,NA,NA,NA,WARNING_HARD,1,0,0,0,0,TREND_REVERSAL_UNCONFIRMED,1,0.45,SHORT,1,0,0,0
BNBUSDT,1778144400000,2026-05-07T09:00:00.000Z,BULL,SHORT,17.5,12.909375,IGNORE,0,WATCH,,0,0,0,NA,NA,NA,NA,NA,WARNING_SOFT,1,0,0,0,0,TREND_REVERSAL_UNCONFIRMED,1,0.45,SHORT,1,0,0,0
BNBUSDT,1778148000000,2026-05-07T10:00:00.000Z,BULL,SHORT,0,7.875,IGNORE,0,WATCH,,0,0,0,NA,NA,NA,NA,NA,WARNING_SOFT,1,0,0,0,0,TREND_REVERSAL_UNCONFIRMED,0,0.45,SHORT,1,0,0,0
BNBUSDT,1778151600000,2026-05-07T11:00:00.000Z,BULL,SHORT,0,7.875,IGNORE,0,WATCH,,0,0,0,NA,NA,NA,NA,NA,WARNING_SOFT,1,0,0,0,0,TREND_REVERSAL_UNCONFIRMED,0,0.45,SHORT,1,0,0,0
BNBUSDT,1778155200000,2026-05-07T12:00:00.000Z,BULL,SHORT,0,7.875,IGNORE,0,WATCH,,0,0,0,NA,NA,NA,NA,NA,WARNING_SOFT,1,0,0,0,0,TREND_REVERSAL_UNCONFIRMED,0,0.45,SHORT,1,0,0,0
BNBUSDT,1778158800000,2026-05-07T13:00:00.000Z,NEUTRAL,NONE,0,7.875,IGNORE,0,WATCH,,0,0,0,NA,NA,NA,NA,NA,WARNING_SOFT,1,0,0,0,0,TREND_REVERSAL_UNCONFIRMED,0,0.45,NONE,1,0,0,0
BNBUSDT,1778162400000,2026-05-07T14:00:00.000Z,NEUTRAL,NONE,0,7.875,IGNORE,0,WATCH,,0,0,0,NA,NA,NA,NA,NA,WARNING_SOFT,1,0,0,0,0,TREND_REVERSAL_UNCONFIRMED,0,0.45,NONE,1,0,0,0
BNBUSDT,1778166000000,2026-05-07T15:00:00.000Z,NEUTRAL,NONE,0,7.875,IGNORE,0,WATCH,,0,0,0,NA,NA,NA,NA,NA,BLOCK,0,0,0,0,0,TREND_REVERSAL_UNCONFIRMED,0,0.45,NONE,1,0,0,0
BNBUSDT,1778169600000,2026-05-07T16:00:00.000Z,NEUTRAL,NONE,0,7.875,IGNORE,0,WATCH,,0,0,0,NA,NA,NA,NA,NA,BLOCK,0,0,0,0,0,TREND_REVERSAL_UNCONFIRMED,0,0.45,NONE,1,0,0,0
BNBUSDT,1778173200000,2026-05-07T17:00:00.000Z,NEUTRAL,NONE,0,7.875,IGNORE,0,WATCH,,0,0,0,NA,NA,NA,NA,NA,WARNING_SOFT,1,0,0,0,0,TREND_REVERSAL_UNCONFIRMED,0,0.45,NONE,1,0,0,0
BNBUSDT,1778176800000,2026-05-07T18:00:00.000Z,NEUTRAL,NONE,0,7.875,IGNORE,0,WATCH,,0,0,0,NA,NA,NA,NA,NA,WARNING_SOFT,1,0,0,0,0,TREND_REVERSAL_UNCONFIRMED,0,0.45,NONE,1,0,0,0
BNBUSDT,1778180400000,2026-05-07T19:00:00.000Z,NEUTRAL,NONE,0,7.875,IGNORE,0,WATCH,,0,0,0,NA,NA,NA,NA,NA,WARNING_SOFT,1,0,0,0,0,TREND_REVERSAL_UNCONFIRMED,0,0.45,NONE,1,0,0,0
BNBUSDT,1778184000000,2026-05-07T20:00:00.000Z,NEUTRAL,NONE,0,7.875,IGNORE,0,WATCH,,0,0,0,NA,NA,NA,NA,NA,WARNING_SOFT,1,0,0,0,0,TREND_REVERSAL_UNCONFIRMED,0,0.45,NONE,1,0,0,0
BNBUSDT,1778187600000,2026-05-07T21:00:00.000Z,NEUTRAL,NONE,0,7.875,IGNORE,0,WATCH,,0,0,0,NA,NA,NA,NA,NA,WARNING_SOFT,1,0,0,0,0,TREND_REVERSAL_UNCONFIRMED,0,0.45,NONE,1,0,0,0
BNBUSDT,1778191200000,2026-05-07T22:00:00.000Z,NEUTRAL,NONE,0,7.875,IGNORE,0,WATCH,,0,0,0,NA,NA,NA,NA,NA,BLOCK,0,0,0,0,0,TREND_REVERSAL_UNCONFIRMED,0,0.45,NONE,1,0,0,0
BNBUSDT,1778194800000,2026-05-07T23:00:00.000Z,NEUTRAL,NONE,0,7.875,IGNORE,0,WATCH,,0,0,0,NA,NA,NA,NA,NA,WARNING_SOFT,1,0,0,0,0,TREND_REVERSAL_UNCONFIRMED,0,0.45,NONE,1,0,0,0
BNBUSDT,1778198400000,2026-05-08T00:00:00.000Z,NEUTRAL,NONE,0,7.875,IGNORE,0,WATCH,,0,0,0,NA,NA,NA,NA,NA,BLOCK,0,0,0,0,0,TREND_REVERSAL_UNCONFIRMED,0,0.45,NONE,1,0,0,0
BNBUSDT,1778202000000,2026-05-08T01:00:00.000Z,NEUTRAL,NONE,0,7.875,IGNORE,0,WATCH,,0,0,0,NA,NA,NA,NA,NA,WARNING_SOFT,1,0,0,0,0,TREND_REVERSAL_UNCONFIRMED,0,0.45,NONE,1,0,0,0
BNBUSDT,1778205600000,2026-05-08T02:00:00.000Z,NEUTRAL,NONE,0,7.875,IGNORE,0,WATCH,,0,0,0,NA,NA,NA,NA,NA,WARNING_SOFT,1,0,0,0,0,TREND_REVERSAL_UNCONFIRMED,0,0.45,NONE,1,0,0,0
BNBUSDT,1778209200000,2026-05-08T03:00:00.000Z,NEUTRAL,NONE,0,7.875,IGNORE,0,WATCH,,0,0,0,NA,NA,NA,NA,NA,WARNING_SOFT,1,0,0,0,0,TREND_REVERSAL_UNCONFIRMED,0,0.45,NONE,1,0,0,0
BNBUSDT,1778212800000,2026-05-08T04:00:00.000Z,NEUTRAL,NONE,0,7.875,IGNORE,0,WATCH,,0,0,0,NA,NA,NA,NA,NA,WARNING_SOFT,1,0,0,0,0,TREND_REVERSAL_UNCONFIRMED,0,0.45,NONE,1,0,0,0
BNBUSDT,1778216400000,2026-05-08T05:00:00.000Z,BEAR,LONG,0,7.875,IGNORE,0,WATCH,,0,0,0,NA,NA,NA,NA,NA,CLEAR,1,0,0,0,0,TREND_REVERSAL_UNCONFIRMED,0,0.45,LONG,1,0,0,0
BNBUSDT,1778220000000,2026-05-08T06:00:00.000Z,BEAR,LONG,20.56494544828225,13.150739454052227,IGNORE,0,WATCH,,0,0,0,NA,NA,NA,NA,NA,CLEAR,1,0,0,0,0,TREND_REVERSAL_UNCONFIRMED,1,0.45,LONG,1,0,0,0
BNBUSDT,1778223600000,2026-05-08T07:00:00.000Z,BEAR,LONG,25,13.5,IGNORE,0,WATCH,,0,0,0,NA,NA,NA,NA,NA,CLEAR,1,0,0,0,0,TREND_REVERSAL_UNCONFIRMED,1,0.45,LONG,1,0,0,0
BNBUSDT,1778227200000,2026-05-08T08:00:00.000Z,BEAR,LONG,0,7.875,IGNORE,0,WATCH,,0,0,0,NA,NA,NA,NA,NA,CLEAR,1,0,0,0,0,TREND_REVERSAL_UNCONFIRMED,0,0.45,LONG,1,0,0,0
BNBUSDT,1778230800000,2026-05-08T09:00:00.000Z,BEAR,LONG,17.5,12.909375,IGNORE,0,WATCH,,0,0,0,NA,NA,NA,NA,NA,WARNING_SOFT,1,0,0,0,0,TREND_REVERSAL_UNCONFIRMED,1,0.45,LONG,1,0,0,0
BNBUSDT,1778234400000,2026-05-08T10:00:00.000Z,BEAR,LONG,17.5,12.909375,IGNORE,0,WATCH,,0,0,0,NA,NA,NA,NA,NA,WARNING_SOFT,1,0,0,0,0,TREND_REVERSAL_UNCONFIRMED,1,0.45,LONG,1,0,0,0
BNBUSDT,1778238000000,2026-05-08T11:00:00.000Z,NEUTRAL,NONE,0,7.875,IGNORE,0,WATCH,,0,0,0,NA,NA,NA,NA,NA,CLEAR,1,0,0,0,0,TREND_REVERSAL_UNCONFIRMED,0,0.45,NONE,1,0,0,0
BNBUSDT,1778241600000,2026-05-08T12:00:00.000Z,BEAR,LONG,17.5,12.909375,IGNORE,0,WATCH,,0,0,0,NA,NA,NA,NA,NA,WARNING_SOFT,1,0,0,0,0,TREND_REVERSAL_UNCONFIRMED,1,0.45,LONG,1,0,0,0
BNBUSDT,1778245200000,2026-05-08T13:00:00.000Z,BEAR,LONG,17.5,12.909375,IGNORE,0,WATCH,,0,0,0,NA,NA,NA,NA,NA,WARNING_SOFT,1,0,0,0,0,TREND_REVERSAL_UNCONFIRMED,1,0.45,LONG,1,0,0,0
BNBUSDT,1778248800000,2026-05-08T14:00:00.000Z,NEUTRAL,NONE,0,7.875,IGNORE,0,WATCH,,0,0,0,NA,NA,NA,NA,NA,CLEAR,1,0,0,0,0,TREND_REVERSAL_UNCONFIRMED,0,0.45,NONE,1,0,0,0
BNBUSDT,1778252400000,2026-05-08T15:00:00.000Z,NEUTRAL,NONE,0,7.875,IGNORE,0,WATCH,,0,0,0,NA,NA,NA,NA,NA,CLEAR,1,0,0,0,0,TREND_REVERSAL_UNCONFIRMED,0,0.45,NONE,1,0,0,0
BNBUSDT,1778256000000,2026-05-08T16:00:00.000Z,NEUTRAL,NONE,0,7.875,IGNORE,0,WATCH,,0,0,0,NA,NA,NA,NA,NA,WARNING_SOFT,1,0,0,0,0,TREND_REVERSAL_UNCONFIRMED,0,0.45,NONE,1,0,0,0
BNBUSDT,1778259600000,2026-05-08T17:00:00.000Z,BULL,SHORT,59.41774400735909,61.12940836908179,WATCH,1,ACTIVE,ACTIVE,1,1,1,PASS,PASS,SKIP,SKIP,PASS,CLEAR,1,0,0,0,1,,3,0.84,SHORT,0,1,0,0
BNBUSDT,1778263200000,2026-05-08T18:00:00.000Z,BULL,SHORT,34.4607403993638,17.901283306449898,IGNORE,0,WATCH,,0,0,0,NA,NA,NA,NA,NA,CLEAR,1,0,0,0,0,TREND_REVERSAL_UNCONFIRMED,2,0.45,SHORT,1,0,0,0
BNBUSDT,1778266800000,2026-05-08T19:00:00.000Z,BULL,SHORT,30.34722222222222,17.57734375,IGNORE,0,WATCH,,0,0,0,NA,NA,NA,NA,NA,CLEAR,1,0,0,0,0,TREND_REVERSAL_UNCONFIRMED,2,0.45,SHORT,1,0,0,0
BNBUSDT,1778270400000,2026-05-08T20:00:00.000Z,BULL,SHORT,17.5,12.909375,IGNORE,0,WATCH,,0,0,0,NA,NA,NA,NA,NA,CLEAR,1,0,0,0,0,TREND_REVERSAL_UNCONFIRMED,1,0.45,SHORT,1,0,0,0
BNBUSDT,1778274000000,2026-05-08T21:00:00.000Z,BULL,SHORT,30.34722222222222,17.57734375,IGNORE,0,WATCH,,0,0,0,NA,NA,NA,NA,NA,CLEAR,1,0,0,0,0,TREND_REVERSAL_UNCONFIRMED,2,0.45,SHORT,1,0,0,0
BNBUSDT,1778277600000,2026-05-08T22:00:00.000Z,BULL,SHORT,17.5,12.909375,IGNORE,0,WATCH,,0,0,0,NA,NA,NA,NA,NA,CLEAR,1,0,0,0,0,TREND_REVERSAL_UNCONFIRMED,1,0.45,SHORT,1,0,0,0
BNBUSDT,1778281200000,2026-05-08T23:00:00.000Z,BULL,SHORT,17.5,12.909375,IGNORE,0,WATCH,,0,0,0,NA,NA,NA,NA,NA,CLEAR,1,0,0,0,0,TREND_REVERSAL_UNCONFIRMED,1,0.45,SHORT,1,0,0,0
BNBUSDT,1778284800000,2026-05-09T00:00:00.000Z,BULL,SHORT,17.5,12.909375,IGNORE,0,WATCH,,0,0,0,NA,NA,NA,NA,NA,CLEAR,1,0,0,0,0,TREND_REVERSAL_UNCONFIRMED,1,0.45,SHORT,1,0,0,0
BNBUSDT,1778288400000,2026-05-09T01:00:00.000Z,BULL,SHORT,38.05695082836531,18.18448487773377,IGNORE,0,WATCH,,0,0,0,NA,NA,NA,NA,NA,CLEAR,1,0,0,0,0,TREND_REVERSAL_UNCONFIRMED,2,0.45,SHORT,1,0,0,0
BNBUSDT,1778292000000,2026-05-09T02:00:00.000Z,BULL,SHORT,17.5,12.909375,IGNORE,0,WATCH,,0,0,0,NA,NA,NA,NA,NA,CLEAR,1,0,0,0,0,TREND_REVERSAL_UNCONFIRMED,1,0.45,SHORT,1,0,0,0
BNBUSDT,1778295600000,2026-05-09T03:00:00.000Z,BULL,SHORT,17.5,12.909375,IGNORE,0,WATCH,,0,0,0,NA,NA,NA,NA,NA,CLEAR,1,0,0,0,0,TREND_REVERSAL_UNCONFIRMED,1,0.45,SHORT,1,0,0,0
BNBUSDT,1778299200000,2026-05-09T04:00:00.000Z,BULL,SHORT,17.5,12.909375,IGNORE,0,WATCH,,0,0,0,NA,NA,NA,NA,NA,CLEAR,1,0,0,0,0,TREND_REVERSAL_UNCONFIRMED,1,0.45,SHORT,1,0,0,0
BNBUSDT,1778302800000,2026-05-09T05:00:00.000Z,BULL,SHORT,37.62202789263162,18.15023469654474,IGNORE,0,WATCH,,0,0,0,NA,NA,NA,NA,NA,CLEAR,1,0,0,0,0,TREND_REVERSAL_UNCONFIRMED,2,0.45,SHORT,1,0,0,0
BNBUSDT,1778306400000,2026-05-09T06:00:00.000Z,BULL,SHORT,17.5,12.909375,IGNORE,0,WATCH,,0,0,0,NA,NA,NA,NA,NA,CLEAR,1,0,0,0,0,TREND_REVERSAL_UNCONFIRMED,1,0.45,SHORT,1,0,0,0
BNBUSDT,1778310000000,2026-05-09T07:00:00.000Z,BULL,SHORT,0,7.875,IGNORE,0,WATCH,,0,0,0,NA,NA,NA,NA,NA,WARNING_SOFT,1,0,0,0,0,TREND_REVERSAL_UNCONFIRMED,0,0.45,SHORT,1,0,0,0
BNBUSDT,1778313600000,2026-05-09T08:00:00.000Z,BULL,SHORT,0,7.875,IGNORE,0,WATCH,,0,0,0,NA,NA,NA,NA,NA,WARNING_SOFT,1,0,0,0,0,TREND_REVERSAL_UNCONFIRMED,0,0.45,SHORT,1,0,0,0
BNBUSDT,1778317200000,2026-05-09T09:00:00.000Z,BULL,SHORT,0,7.875,IGNORE,0,WATCH,,0,0,0,NA,NA,NA,NA,NA,WARNING_SOFT,1,0,0,0,0,TREND_REVERSAL_UNCONFIRMED,0,0.45,SHORT,1,0,0,0
BNBUSDT,1778320800000,2026-05-09T10:00:00.000Z,BULL,SHORT,0,7.875,IGNORE,0,WATCH,,0,0,0,NA,NA,NA,NA,NA,WARNING_SOFT,1,0,0,0,0,TREND_REVERSAL_UNCONFIRMED,0,0.45,SHORT,1,0,0,0
BNBUSDT,1778324400000,2026-05-09T11:00:00.000Z,BULL,SHORT,0,7.875,IGNORE,0,WATCH,,0,0,0,NA,NA,NA,NA,NA,WARNING_SOFT,1,0,0,0,0,TREND_REVERSAL_UNCONFIRMED,0,0.45,SHORT,1,0,0,0
BNBUSDT,1778328000000,2026-05-09T12:00:00.000Z,BULL,SHORT,0,7.875,IGNORE,0,WATCH,,0,0,0,NA,NA,NA,NA,NA,WARNING_SOFT,1,0,0,0,0,TREND_REVERSAL_UNCONFIRMED,0,0.45,SHORT,1,0,0,0
BNBUSDT,1778331600000,2026-05-09T13:00:00.000Z,BULL,SHORT,0,7.875,IGNORE,0,WATCH,,0,0,0,NA,NA,NA,NA,NA,WARNING_SOFT,1,0,0,0,0,TREND_REVERSAL_UNCONFIRMED,0,0.45,SHORT,1,0,0,0
BNBUSDT,1778335200000,2026-05-09T14:00:00.000Z,NEUTRAL,NONE,0,7.875,IGNORE,0,WATCH,,0,0,0,NA,NA,NA,NA,NA,WARNING_SOFT,1,0,0,0,0,TREND_REVERSAL_UNCONFIRMED,0,0.45,NONE,1,0,0,0
BNBUSDT,1778338800000,2026-05-09T15:00:00.000Z,NEUTRAL,NONE,0,7.875,IGNORE,0,WATCH,,0,0,0,NA,NA,NA,NA,NA,WARNING_SOFT,1,0,0,0,0,TREND_REVERSAL_UNCONFIRMED,0,0.45,NONE,1,0,0,0
BNBUSDT,1778342400000,2026-05-09T16:00:00.000Z,NEUTRAL,NONE,0,7.875,IGNORE,0,WATCH,,0,0,0,NA,NA,NA,NA,NA,BLOCK,0,0,0,0,0,TREND_REVERSAL_UNCONFIRMED,0,0.45,NONE,1,0,0,0
BNBUSDT,1778346000000,2026-05-09T17:00:00.000Z,BULL,SHORT,0,7.875,IGNORE,0,WATCH,,0,0,0,NA,NA,NA,NA,NA,WARNING_SOFT,1,0,0,0,0,TREND_REVERSAL_UNCONFIRMED,0,0.45,SHORT,1,0,0,0
BNBUSDT,1778349600000,2026-05-09T18:00:00.000Z,BULL,SHORT,0,7.875,IGNORE,0,WATCH,,0,0,0,NA,NA,NA,NA,NA,CLEAR,1,0,0,0,0,TREND_REVERSAL_UNCONFIRMED,0,0.45,SHORT,1,0,0,0
BNBUSDT,1778353200000,2026-05-09T19:00:00.000Z,BULL,SHORT,0,7.875,IGNORE,0,WATCH,,0,0,0,NA,NA,NA,NA,NA,CLEAR,1,0,0,0,0,TREND_REVERSAL_UNCONFIRMED,0,0.45,SHORT,1,0,0,0
BNBUSDT,1778356800000,2026-05-09T20:00:00.000Z,BULL,SHORT,0,7.875,IGNORE,0,WATCH,,0,0,0,NA,NA,NA,NA,NA,CLEAR,1,0,0,0,0,TREND_REVERSAL_UNCONFIRMED,0,0.45,SHORT,1,0,0,0
BNBUSDT,1778360400000,2026-05-09T21:00:00.000Z,BULL,SHORT,0,7.875,IGNORE,0,WATCH,,0,0,0,NA,NA,NA,NA,NA,CLEAR,1,0,0,0,0,TREND_REVERSAL_UNCONFIRMED,0,0.45,SHORT,1,0,0,0
BNBUSDT,1778364000000,2026-05-09T22:00:00.000Z,BULL,SHORT,0,7.875,IGNORE,0,WATCH,,0,0,0,NA,NA,NA,NA,NA,CLEAR,1,0,0,0,0,TREND_REVERSAL_UNCONFIRMED,0,0.45,SHORT,1,0,0,0
BNBUSDT,1778367600000,2026-05-09T23:00:00.000Z,NEUTRAL,NONE,0,7.875,IGNORE,0,WATCH,,0,0,0,NA,NA,NA,NA,NA,WARNING_SOFT,1,0,0,0,0,TREND_REVERSAL_UNCONFIRMED,0,0.45,NONE,1,0,0,0
BNBUSDT,1778371200000,2026-05-10T00:00:00.000Z,NEUTRAL,NONE,0,7.875,IGNORE,0,WATCH,,0,0,0,NA,NA,NA,NA,NA,BLOCK,0,0,0,0,0,TREND_REVERSAL_UNCONFIRMED,0,0.45,NONE,1,0,0,0
BNBUSDT,1778374800000,2026-05-10T01:00:00.000Z,NEUTRAL,NONE,0,7.875,IGNORE,0,WATCH,,0,0,0,NA,NA,NA,NA,NA,BLOCK,0,0,0,0,0,TREND_REVERSAL_UNCONFIRMED,0,0.45,NONE,1,0,0,0
BNBUSDT,1778378400000,2026-05-10T02:00:00.000Z,NEUTRAL,NONE,0,7.875,IGNORE,0,WATCH,,0,0,0,NA,NA,NA,NA,NA,WARNING_SOFT,1,0,0,0,0,TREND_REVERSAL_UNCONFIRMED,0,0.45,NONE,1,0,0,0
BNBUSDT,1778382000000,2026-05-10T03:00:00.000Z,NEUTRAL,NONE,0,7.875,IGNORE,0,WATCH,,0,0,0,NA,NA,NA,NA,NA,WARNING_SOFT,1,0,0,0,0,TREND_REVERSAL_UNCONFIRMED,0,0.45,NONE,1,0,0,0
BNBUSDT,1778385600000,2026-05-10T04:00:00.000Z,NEUTRAL,NONE,0,7.875,IGNORE,0,WATCH,,0,0,0,NA,NA,NA,NA,NA,WARNING_SOFT,1,0,0,0,0,TREND_REVERSAL_UNCONFIRMED,0,0.45,NONE,1,0,0,0
BNBUSDT,1778389200000,2026-05-10T05:00:00.000Z,NEUTRAL,NONE,0,7.875,IGNORE,0,WATCH,,0,0,0,NA,NA,NA,NA,NA,WARNING_SOFT,1,0,0,0,0,TREND_REVERSAL_UNCONFIRMED,0,0.45,NONE,1,0,0,0
BNBUSDT,1778392800000,2026-05-10T06:00:00.000Z,NEUTRAL,NONE,0,7.875,IGNORE,0,WATCH,,0,0,0,NA,NA,NA,NA,NA,WARNING_SOFT,1,0,0,0,0,TREND_REVERSAL_UNCONFIRMED,0,0.45,NONE,1,0,0,0
BNBUSDT,1778396400000,2026-05-10T07:00:00.000Z,NEUTRAL,NONE,0,7.875,IGNORE,0,WATCH,,0,0,0,NA,NA,NA,NA,NA,WARNING_SOFT,1,0,0,0,0,TREND_REVERSAL_UNCONFIRMED,0,0.45,NONE,1,0,0,0
BNBUSDT,1778400000000,2026-05-10T08:00:00.000Z,BULL,SHORT,17.5,12.909375,IGNORE,0,WATCH,,0,0,0,NA,NA,NA,NA,NA,CLEAR,1,0,0,0,0,TREND_REVERSAL_UNCONFIRMED,1,0.45,SHORT,1,0,0,0
BNBUSDT,1778403600000,2026-05-10T09:00:00.000Z,BULL,SHORT,34.214948197898345,17.881927170584493,IGNORE,0,WATCH,,0,0,0,NA,NA,NA,NA,NA,CLEAR,1,0,0,0,0,TREND_REVERSAL_UNCONFIRMED,2,0.45,SHORT,1,0,0,0
BNBUSDT,1778407200000,2026-05-10T10:00:00.000Z,BULL,SHORT,42.5,18.534375,IGNORE,0,WATCH,,0,0,0,NA,NA,NA,NA,NA,CLEAR,1,0,0,0,0,TREND_REVERSAL_UNCONFIRMED,2,0.45,SHORT,1,0,0,0
BNBUSDT,1778410800000,2026-05-10T11:00:00.000Z,BULL,SHORT,35.1486276726214,17.955454429218936,IGNORE,0,WATCH,,0,0,0,NA,NA,NA,NA,NA,WARNING_SOFT,1,0,0,0,0,TREND_REVERSAL_UNCONFIRMED,2,0.45,SHORT,1,0,0,0
BNBUSDT,1778414400000,2026-05-10T12:00:00.000Z,BULL,SHORT,17.5,12.909375,IGNORE,0,WATCH,,0,0,0,NA,NA,NA,NA,NA,WARNING_SOFT,1,0,0,0,0,TREND_REVERSAL_UNCONFIRMED,1,0.45,SHORT,1,0,0,0
BNBUSDT,1778418000000,2026-05-10T13:00:00.000Z,BULL,SHORT,17.5,12.909375,IGNORE,0,WATCH,,0,0,0,NA,NA,NA,NA,NA,CLEAR,1,0,0,0,0,TREND_REVERSAL_UNCONFIRMED,1,0.45,SHORT,1,0,0,0
BNBUSDT,1778421600000,2026-05-10T14:00:00.000Z,BULL,SHORT,39.54968486621202,18.3020376832142,IGNORE,0,WATCH,,0,0,0,NA,NA,NA,NA,NA,CLEAR,1,0,0,0,0,TREND_REVERSAL_UNCONFIRMED,2,0.45,SHORT,1,0,0,0
BNBUSDT,1778425200000,2026-05-10T15:00:00.000Z,BULL,SHORT,42.5,18.534375,IGNORE,0,WATCH,,0,0,0,NA,NA,NA,NA,NA,CLEAR,1,1,0,0,0,TREND_REVERSAL_UNCONFIRMED,2,0.45,SHORT,1,0,0,0
BNBUSDT,1778428800000,2026-05-10T16:00:00.000Z,BULL,SHORT,55.69444444444444,51.342083333333335,WATCH,1,WATCH,ACTIVE,1,1,0,FAIL,PASS,SKIP,SKIP,PASS,CLEAR,1,1,0,0,0,MARKET_CONTEXT_DENIED,3,0.84,SHORT,0,1,0,0
BNBUSDT,1778432400000,2026-05-10T17:00:00.000Z,BULL,SHORT,57.43055555555556,51.59729166666666,WATCH,1,WATCH,ACTIVE,1,1,0,FAIL,PASS,SKIP,SKIP,PASS,CLEAR,1,1,0,0,0,MARKET_CONTEXT_DENIED,3,0.84,SHORT,0,1,0,0
BNBUSDT,1778436000000,2026-05-10T18:00:00.000Z,BULL,SHORT,69,60.123,WATCH,1,WATCH,ACTIVE,1,1,0,FAIL,PASS,SKIP,SKIP,PASS,CLEAR,1,0,0,0,0,MARKET_CONTEXT_DENIED,4,0.84,SHORT,0,1,0,0
BNBUSDT,1778439600000,2026-05-10T19:00:00.000Z,BULL,SHORT,47.24037416862954,22.563929465779577,IGNORE,0,WATCH,,0,0,0,NA,NA,NA,NA,NA,CLEAR,1,0,0,0,0,TREND_REVERSAL_UNCONFIRMED,3,0.45,SHORT,1,0,0,0
BNBUSDT,1778443200000,2026-05-10T20:00:00.000Z,NEUTRAL,NONE,0,7.875,IGNORE,0,WATCH,,0,0,0,NA,NA,NA,NA,NA,BLOCK,0,0,1,0,0,TREND_REVERSAL_UNCONFIRMED,0,0.45,NONE,1,0,0,0
BNBUSDT,1778446800000,2026-05-10T21:00:00.000Z,NEUTRAL,NONE,0,7.875,IGNORE,0,WATCH,,0,0,0,NA,NA,NA,NA,NA,BLOCK,0,0,0,0,0,TREND_REVERSAL_UNCONFIRMED,0,0.45,NONE,1,0,0,0
BNBUSDT,1778450400000,2026-05-10T22:00:00.000Z,BULL,SHORT,42.5,18.534375,IGNORE,0,WATCH,,0,0,0,NA,NA,NA,NA,NA,CLEAR,1,0,0,0,0,TREND_REVERSAL_UNCONFIRMED,2,0.45,SHORT,1,0,0,0
BNBUSDT,1778454000000,2026-05-10T23:00:00.000Z,BULL,SHORT,42.5,18.534375,IGNORE,0,WATCH,,0,0,0,NA,NA,NA,NA,NA,CLEAR,1,0,0,0,0,TREND_REVERSAL_UNCONFIRMED,2,0.45,SHORT,1,0,0,0
BNBUSDT,1778457600000,2026-05-11T00:00:00.000Z,BULL,SHORT,42.5,18.534375,IGNORE,0,WATCH,,0,0,0,NA,NA,NA,NA,NA,CLEAR,1,0,0,0,0,TREND_REVERSAL_UNCONFIRMED,2,0.45,SHORT,1,0,0,0
BNBUSDT,1778461200000,2026-05-11T01:00:00.000Z,BULL,SHORT,36.41987394123424,18.0555650728722,IGNORE,0,WATCH,,0,0,0,NA,NA,NA,NA,NA,CLEAR,1,0,0,0,0,TREND_REVERSAL_UNCONFIRMED,2,0.45,SHORT,1,0,0,0
BNBUSDT,1778464800000,2026-05-11T02:00:00.000Z,NEUTRAL,NONE,0,7.875,IGNORE,0,WATCH,,0,0,0,NA,NA,NA,NA,NA,WARNING_SOFT,1,0,0,0,0,TREND_REVERSAL_UNCONFIRMED,0,0.45,NONE,1,0,0,0
BNBUSDT,1778468400000,2026-05-11T03:00:00.000Z,NEUTRAL,NONE,0,7.875,IGNORE,0,WATCH,,0,0,0,NA,NA,NA,NA,NA,WARNING_SOFT,1,0,0,0,0,TREND_REVERSAL_UNCONFIRMED,0,0.45,NONE,1,0,0,0
BNBUSDT,1778472000000,2026-05-11T04:00:00.000Z,NEUTRAL,NONE,0,7.875,IGNORE,0,WATCH,,0,0,0,NA,NA,NA,NA,NA,WARNING_SOFT,1,0,0,0,0,TREND_REVERSAL_UNCONFIRMED,0,0.45,NONE,1,0,0,0
BNBUSDT,1778475600000,2026-05-11T05:00:00.000Z,NEUTRAL,NONE,0,7.875,IGNORE,0,WATCH,,0,0,0,NA,NA,NA,NA,NA,WARNING_SOFT,1,0,0,0,0,TREND_REVERSAL_UNCONFIRMED,0,0.45,NONE,1,0,0,0
BNBUSDT,1778479200000,2026-05-11T06:00:00.000Z,NEUTRAL,NONE,0,7.875,IGNORE,0,WATCH,,0,0,0,NA,NA,NA,NA,NA,WARNING_SOFT,1,0,0,0,0,TREND_REVERSAL_UNCONFIRMED,0,0.45,NONE,1,0,0,0
BNBUSDT,1778482800000,2026-05-11T07:00:00.000Z,NEUTRAL,NONE,0,7.875,IGNORE,0,WATCH,,0,0,0,NA,NA,NA,NA,NA,WARNING_SOFT,1,0,0,0,0,TREND_REVERSAL_UNCONFIRMED,0,0.45,NONE,1,0,0,0
BNBUSDT,1778486400000,2026-05-11T08:00:00.000Z,NEUTRAL,NONE,0,7.875,IGNORE,0,WATCH,,0,0,0,NA,NA,NA,NA,NA,WARNING_SOFT,1,0,0,0,0,TREND_REVERSAL_UNCONFIRMED,0,0.45,NONE,1,0,0,0
BNBUSDT,1778490000000,2026-05-11T09:00:00.000Z,NEUTRAL,NONE,0,7.875,IGNORE,0,WATCH,,0,0,0,NA,NA,NA,NA,NA,BLOCK,0,0,0,0,0,TREND_REVERSAL_UNCONFIRMED,0,0.45,NONE,1,0,0,0
BNBUSDT,1778493600000,2026-05-11T10:00:00.000Z,BULL,SHORT,0,7.875,IGNORE,0,WATCH,,0,0,0,NA,NA,NA,NA,NA,WARNING_SOFT,1,0,0,0,0,TREND_REVERSAL_UNCONFIRMED,0,0.45,SHORT,1,0,0,0
BNBUSDT,1778497200000,2026-05-11T11:00:00.000Z,BULL,SHORT,0,7.875,IGNORE,0,WATCH,,0,0,0,NA,NA,NA,NA,NA,CLEAR,1,0,0,0,0,TREND_REVERSAL_UNCONFIRMED,0,0.45,SHORT,1,0,0,0
BNBUSDT,1778500800000,2026-05-11T12:00:00.000Z,BULL,SHORT,25,13.5,IGNORE,0,WATCH,,0,0,0,NA,NA,NA,NA,NA,CLEAR,1,0,0,0,0,TREND_REVERSAL_UNCONFIRMED,1,0.45,SHORT,1,0,0,0
BNBUSDT,1778504400000,2026-05-11T13:00:00.000Z,BULL,SHORT,0,7.875,IGNORE,0,WATCH,,0,0,0,NA,NA,NA,NA,NA,CLEAR,1,0,0,0,0,TREND_REVERSAL_UNCONFIRMED,0,0.45,SHORT,1,0,0,0
BNBUSDT,1778508000000,2026-05-11T14:00:00.000Z,BULL,SHORT,14.166349542312973,12.646850026457146,IGNORE,0,WATCH,,0,0,0,NA,NA,NA,NA,NA,BLOCK,0,0,0,0,0,TREND_REVERSAL_UNCONFIRMED,1,0.45,SHORT,1,0,0,0
BNBUSDT,1778511600000,2026-05-11T15:00:00.000Z,BULL,SHORT,0,7.875,IGNORE,0,WATCH,,0,0,0,NA,NA,NA,NA,NA,CLEAR,1,0,0,0,0,TREND_REVERSAL_UNCONFIRMED,0,0.45,SHORT,1,0,0,0
BNBUSDT,1778515200000,2026-05-11T16:00:00.000Z,BULL,SHORT,25,13.5,IGNORE,0,WATCH,,0,0,0,NA,NA,NA,NA,NA,CLEAR,1,0,0,0,0,TREND_REVERSAL_UNCONFIRMED,1,0.45,SHORT,1,0,0,0
BNBUSDT,1778518800000,2026-05-11T17:00:00.000Z,BULL,SHORT,0,7.875,IGNORE,0,WATCH,,0,0,0,NA,NA,NA,NA,NA,CLEAR,1,0,0,0,0,TREND_REVERSAL_UNCONFIRMED,0,0.45,SHORT,1,0,0,0
BNBUSDT,1778522400000,2026-05-11T18:00:00.000Z,BULL,SHORT,0,7.875,IGNORE,0,WATCH,,0,0,0,NA,NA,NA,NA,NA,CLEAR,1,0,0,0,0,TREND_REVERSAL_UNCONFIRMED,0,0.45,SHORT,1,0,0,0
BNBUSDT,1778526000000,2026-05-11T19:00:00.000Z,BULL,SHORT,12.847222222222221,12.54296875,IGNORE,0,WATCH,,0,0,0,NA,NA,NA,NA,NA,CLEAR,1,0,0,0,0,TREND_REVERSAL_UNCONFIRMED,1,0.45,SHORT,1,0,0,0
BNBUSDT,1778529600000,2026-05-11T20:00:00.000Z,BULL,SHORT,0,7.875,IGNORE,0,WATCH,,0,0,0,NA,NA,NA,NA,NA,CLEAR,1,0,0,0,0,TREND_REVERSAL_UNCONFIRMED,0,0.45,SHORT,1,0,0,0
BNBUSDT,1778533200000,2026-05-11T21:00:00.000Z,BULL,SHORT,12.847222222222221,12.54296875,IGNORE,0,WATCH,,0,0,0,NA,NA,NA,NA,NA,CLEAR,1,0,0,0,0,TREND_REVERSAL_UNCONFIRMED,1,0.45,SHORT,1,0,0,0
BNBUSDT,1778536800000,2026-05-11T22:00:00.000Z,BULL,SHORT,25,13.5,IGNORE,0,WATCH,,0,0,0,NA,NA,NA,NA,NA,CLEAR,1,0,0,0,0,TREND_REVERSAL_UNCONFIRMED,1,0.45,SHORT,1,0,0,0
BNBUSDT,1778540400000,2026-05-11T23:00:00.000Z,BULL,SHORT,25,13.5,IGNORE,0,WATCH,,0,0,0,NA,NA,NA,NA,NA,CLEAR,1,0,0,0,0,TREND_REVERSAL_UNCONFIRMED,1,0.45,SHORT,1,0,0,0
BNBUSDT,1778544000000,2026-05-12T00:00:00.000Z,BULL,SHORT,13.869228497149166,12.623451744150497,IGNORE,0,WATCH,,0,0,0,NA,NA,NA,NA,NA,CLEAR,1,0,0,0,0,TREND_REVERSAL_UNCONFIRMED,1,0.45,SHORT,1,0,0,0
BNBUSDT,1778547600000,2026-05-12T01:00:00.000Z,BULL,SHORT,25,13.5,IGNORE,0,WATCH,,0,0,0,NA,NA,NA,NA,NA,WARNING_HARD,1,0,1,1,0,TREND_REVERSAL_UNCONFIRMED,1,0.45,SHORT,1,0,0,0
BNBUSDT,1778551200000,2026-05-12T02:00:00.000Z,BULL,SHORT,0,7.875,IGNORE,0,WATCH,,0,0,0,NA,NA,NA,NA,NA,WARNING_SOFT,1,0,0,0,0,TREND_REVERSAL_UNCONFIRMED,0,0.45,SHORT,1,0,0,0
BNBUSDT,1778554800000,2026-05-12T03:00:00.000Z,BULL,SHORT,0,7.875,IGNORE,0,WATCH,,0,0,0,NA,NA,NA,NA,NA,WARNING_SOFT,1,0,0,0,0,TREND_REVERSAL_UNCONFIRMED,0,0.45,SHORT,1,0,0,0
BNBUSDT,1778558400000,2026-05-12T04:00:00.000Z,BULL,SHORT,0,7.875,IGNORE,0,WATCH,,0,0,0,NA,NA,NA,NA,NA,WARNING_SOFT,1,0,0,0,0,TREND_REVERSAL_UNCONFIRMED,0,0.45,SHORT,1,0,0,0
BNBUSDT,1778562000000,2026-05-12T05:00:00.000Z,BULL,SHORT,0,7.875,IGNORE,0,WATCH,,0,0,0,NA,NA,NA,NA,NA,WARNING_SOFT,1,0,0,0,0,TREND_REVERSAL_UNCONFIRMED,0,0.45,SHORT,1,0,0,0
BNBUSDT,1778565600000,2026-05-12T06:00:00.000Z,NEUTRAL,NONE,0,7.875,IGNORE,0,WATCH,,0,0,0,NA,NA,NA,NA,NA,WARNING_SOFT,1,0,0,0,0,TREND_REVERSAL_UNCONFIRMED,0,0.45,NONE,1,0,0,0
BNBUSDT,1778569200000,2026-05-12T07:00:00.000Z,NEUTRAL,NONE,0,7.875,IGNORE,0,WATCH,,0,0,0,NA,NA,NA,NA,NA,WARNING_SOFT,1,0,0,0,0,TREND_REVERSAL_UNCONFIRMED,0,0.45,NONE,1,0,0,0
BNBUSDT,1778572800000,2026-05-12T08:00:00.000Z,NEUTRAL,NONE,0,7.875,IGNORE,0,WATCH,,0,0,0,NA,NA,NA,NA,NA,WARNING_SOFT,1,0,0,0,0,TREND_REVERSAL_UNCONFIRMED,0,0.45,NONE,1,0,0,0
BNBUSDT,1778576400000,2026-05-12T09:00:00.000Z,BULL,SHORT,0,7.875,IGNORE,0,WATCH,,0,0,0,NA,NA,NA,NA,NA,WARNING_SOFT,1,0,0,0,0,TREND_REVERSAL_UNCONFIRMED,0,0.45,SHORT,1,0,0,0
BNBUSDT,1778580000000,2026-05-12T10:00:00.000Z,BULL,SHORT,38.39876700680781,18.211402901786116,IGNORE,0,WATCH,,0,0,0,NA,NA,NA,NA,NA,WARNING_SOFT,1,0,0,0,0,TREND_REVERSAL_UNCONFIRMED,2,0.45,SHORT,1,0,0,0
BNBUSDT,1778583600000,2026-05-12T11:00:00.000Z,BULL,SHORT,0,7.875,IGNORE,0,WATCH,,0,0,0,NA,NA,NA,NA,NA,WARNING_HARD,1,0,0,0,0,TREND_REVERSAL_UNCONFIRMED,0,0.45,SHORT,1,0,0,0
BNBUSDT,1778587200000,2026-05-12T12:00:00.000Z,BULL,SHORT,13.026656439030388,12.557099194573643,IGNORE,0,WATCH,,0,0,0,NA,NA,NA,NA,NA,WARNING_SOFT,1,0,0,0,0,TREND_REVERSAL_UNCONFIRMED,1,0.45,SHORT,1,0,0,0
BNBUSDT,1778590800000,2026-05-12T13:00:00.000Z,NEUTRAL,NONE,0,7.875,IGNORE,0,WATCH,,0,0,0,NA,NA,NA,NA,NA,BLOCK,0,0,0,0,0,TREND_REVERSAL_UNCONFIRMED,0,0.45,NONE,1,0,0,0
BNBUSDT,1778594400000,2026-05-12T14:00:00.000Z,NEUTRAL,NONE,0,7.875,IGNORE,0,WATCH,,0,0,0,NA,NA,NA,NA,NA,BLOCK,0,0,0,0,0,TREND_REVERSAL_UNCONFIRMED,0,0.45,NONE,1,0,0,0
BNBUSDT,1778598000000,2026-05-12T15:00:00.000Z,NEUTRAL,NONE,0,7.875,IGNORE,0,WATCH,,0,0,0,NA,NA,NA,NA,NA,BLOCK,0,0,0,0,0,TREND_REVERSAL_UNCONFIRMED,0,0.45,NONE,1,0,0,0
BNBUSDT,1778601600000,2026-05-12T16:00:00.000Z,NEUTRAL,NONE,0,7.875,IGNORE,0,WATCH,,0,0,0,NA,NA,NA,NA,NA,WARNING_SOFT,1,0,0,0,0,TREND_REVERSAL_UNCONFIRMED,0,0.45,NONE,1,0,0,0
BNBUSDT,1778605200000,2026-05-12T17:00:00.000Z,NEUTRAL,NONE,0,7.875,IGNORE,0,WATCH,,0,0,0,NA,NA,NA,NA,NA,WARNING_SOFT,1,0,0,0,0,TREND_REVERSAL_UNCONFIRMED,0,0.45,NONE,1,0,0,0
BNBUSDT,1778608800000,2026-05-12T18:00:00.000Z,BULL,SHORT,17.5,12.909375,IGNORE,0,WATCH,,0,0,0,NA,NA,NA,NA,NA,WARNING_SOFT,1,0,0,0,0,TREND_REVERSAL_UNCONFIRMED,1,0.45,SHORT,1,0,0,0
BNBUSDT,1778612400000,2026-05-12T19:00:00.000Z,BULL,SHORT,42.5,18.534375,IGNORE,0,WATCH,,0,0,0,NA,NA,NA,NA,NA,CLEAR,1,0,0,0,0,TREND_REVERSAL_UNCONFIRMED,2,0.45,SHORT,1,0,0,0
BNBUSDT,1778616000000,2026-05-12T20:00:00.000Z,BULL,SHORT,17.5,12.909375,IGNORE,0,WATCH,,0,0,0,NA,NA,NA,NA,NA,WARNING_SOFT,1,0,0,0,0,TREND_REVERSAL_UNCONFIRMED,1,0.45,SHORT,1,0,0,0
BNBUSDT,1778619600000,2026-05-12T21:00:00.000Z,BULL,SHORT,17.5,12.909375,IGNORE,0,WATCH,,0,0,0,NA,NA,NA,NA,NA,WARNING_SOFT,1,0,0,0,0,TREND_REVERSAL_UNCONFIRMED,1,0.45,SHORT,1,0,0,0
BNBUSDT,1778623200000,2026-05-12T22:00:00.000Z,BULL,SHORT,30.34722222222222,17.57734375,IGNORE,0,WATCH,,0,0,0,NA,NA,NA,NA,NA,WARNING_SOFT,1,0,0,0,0,TREND_REVERSAL_UNCONFIRMED,2,0.45,SHORT,1,0,0,0
BNBUSDT,1778626800000,2026-05-12T23:00:00.000Z,BULL,SHORT,17.5,12.909375,IGNORE,0,WATCH,,0,0,0,NA,NA,NA,NA,NA,WARNING_SOFT,1,0,0,0,0,TREND_REVERSAL_UNCONFIRMED,1,0.45,SHORT,1,0,0,0
BNBUSDT,1778630400000,2026-05-13T00:00:00.000Z,BULL,SHORT,30.34722222222222,17.57734375,IGNORE,0,WATCH,,0,0,0,NA,NA,NA,NA,NA,WARNING_SOFT,1,0,0,0,0,TREND_REVERSAL_UNCONFIRMED,2,0.45,SHORT,1,0,0,0
BNBUSDT,1778634000000,2026-05-13T01:00:00.000Z,BULL,SHORT,42.5,18.534375,IGNORE,0,WATCH,,0,0,0,NA,NA,NA,NA,NA,CLEAR,1,0,0,0,0,TREND_REVERSAL_UNCONFIRMED,2,0.45,SHORT,1,0,0,0
BNBUSDT,1778637600000,2026-05-13T02:00:00.000Z,BULL,SHORT,31.195891798037433,17.64417647909545,IGNORE,0,WATCH,,0,0,0,NA,NA,NA,NA,NA,CLEAR,1,0,0,0,0,TREND_REVERSAL_UNCONFIRMED,2,0.45,SHORT,1,0,0,0
BNBUSDT,1778641200000,2026-05-13T03:00:00.000Z,BULL,SHORT,44.376868385786494,22.338428385380688,IGNORE,0,WATCH,,0,0,0,NA,NA,NA,NA,NA,CLEAR,1,0,0,0,0,TREND_REVERSAL_UNCONFIRMED,3,0.45,SHORT,1,0,0,0
BNBUSDT,1778644800000,2026-05-13T04:00:00.000Z,BULL,SHORT,17.5,12.909375,IGNORE,0,WATCH,,0,0,0,NA,NA,NA,NA,NA,CLEAR,1,0,0,0,0,TREND_REVERSAL_UNCONFIRMED,1,0.45,SHORT,1,0,0,0
BNBUSDT,1778648400000,2026-05-13T05:00:00.000Z,BULL,SHORT,17.5,12.909375,IGNORE,0,WATCH,,0,0,0,NA,NA,NA,NA,NA,CLEAR,1,0,0,0,0,TREND_REVERSAL_UNCONFIRMED,1,0.45,SHORT,1,0,0,0
BNBUSDT,1778652000000,2026-05-13T06:00:00.000Z,BULL,SHORT,0,7.875,IGNORE,0,WATCH,,0,0,0,NA,NA,NA,NA,NA,CLEAR,1,0,0,0,0,TREND_REVERSAL_UNCONFIRMED,0,0.45,SHORT,1,0,0,0
BNBUSDT,1778655600000,2026-05-13T07:00:00.000Z,BULL,SHORT,0,7.875,IGNORE,0,WATCH,,0,0,0,NA,NA,NA,NA,NA,CLEAR,1,0,0,0,0,TREND_REVERSAL_UNCONFIRMED,0,0.45,SHORT,1,0,0,0
BNBUSDT,1778659200000,2026-05-13T08:00:00.000Z,BULL,SHORT,0,7.875,IGNORE,0,WATCH,,0,0,0,NA,NA,NA,NA,NA,CLEAR,1,0,0,0,0,TREND_REVERSAL_UNCONFIRMED,0,0.45,SHORT,1,0,0,0
BNBUSDT,1778662800000,2026-05-13T09:00:00.000Z,BULL,SHORT,0,7.875,IGNORE,0,WATCH,,0,0,0,NA,NA,NA,NA,NA,CLEAR,1,0,0,0,0,TREND_REVERSAL_UNCONFIRMED,0,0.45,SHORT,1,0,0,0
BNBUSDT,1778666400000,2026-05-13T10:00:00.000Z,BULL,SHORT,25,13.5,IGNORE,0,WATCH,,0,0,0,NA,NA,NA,NA,NA,WARNING_SOFT,1,0,0,0,0,TREND_REVERSAL_UNCONFIRMED,1,0.45,SHORT,1,0,0,0
BNBUSDT,1778670000000,2026-05-13T11:00:00.000Z,BULL,SHORT,0,7.875,IGNORE,0,WATCH,,0,0,0,NA,NA,NA,NA,NA,WARNING_SOFT,1,0,0,0,0,TREND_REVERSAL_UNCONFIRMED,0,0.45,SHORT,1,0,0,0
BNBUSDT,1778673600000,2026-05-13T12:00:00.000Z,NEUTRAL,NONE,0,7.875,IGNORE,0,WATCH,,0,0,0,NA,NA,NA,NA,NA,WARNING_SOFT,1,0,1,0,0,TREND_REVERSAL_UNCONFIRMED,0,0.45,NONE,1,0,0,0
BNBUSDT,1778677200000,2026-05-13T13:00:00.000Z,NEUTRAL,NONE,0,7.875,IGNORE,0,WATCH,,0,0,0,NA,NA,NA,NA,NA,WARNING_SOFT,1,0,1,0,0,TREND_REVERSAL_UNCONFIRMED,0,0.45,NONE,1,0,0,0
BNBUSDT,1778680800000,2026-05-13T14:00:00.000Z,NEUTRAL,NONE,0,7.875,IGNORE,0,WATCH,,0,0,0,NA,NA,NA,NA,NA,BLOCK,0,0,0,0,0,TREND_REVERSAL_UNCONFIRMED,0,0.45,NONE,1,0,0,0
BNBUSDT,1778684400000,2026-05-13T15:00:00.000Z,NEUTRAL,NONE,0,7.875,IGNORE,0,WATCH,,0,0,0,NA,NA,NA,NA,NA,BLOCK,0,0,0,0,0,TREND_REVERSAL_UNCONFIRMED,0,0.45,NONE,1,0,0,0
BNBUSDT,1778688000000,2026-05-13T16:00:00.000Z,NEUTRAL,NONE,0,7.875,IGNORE,0,WATCH,,0,0,0,NA,NA,NA,NA,NA,BLOCK,0,0,0,0,0,TREND_REVERSAL_UNCONFIRMED,0,0.45,NONE,1,0,0,0
BNBUSDT,1778691600000,2026-05-13T17:00:00.000Z,NEUTRAL,NONE,0,7.875,IGNORE,0,WATCH,,0,0,0,NA,NA,NA,NA,NA,WARNING_SOFT,1,0,0,0,0,TREND_REVERSAL_UNCONFIRMED,0,0.45,NONE,1,0,0,0
BNBUSDT,1778695200000,2026-05-13T18:00:00.000Z,NEUTRAL,NONE,0,7.875,IGNORE,0,WATCH,,0,0,0,NA,NA,NA,NA,NA,WARNING_SOFT,1,0,0,0,0,TREND_REVERSAL_UNCONFIRMED,0,0.45,NONE,1,0,0,0
BNBUSDT,1778698800000,2026-05-13T19:00:00.000Z,NEUTRAL,NONE,0,7.875,IGNORE,0,WATCH,,0,0,0,NA,NA,NA,NA,NA,WARNING_SOFT,1,0,0,0,0,TREND_REVERSAL_UNCONFIRMED,0,0.45,NONE,1,0,0,0
BNBUSDT,1778702400000,2026-05-13T20:00:00.000Z,BULL,SHORT,0,7.875,IGNORE,0,WATCH,,0,0,0,NA,NA,NA,NA,NA,WARNING_SOFT,1,0,0,0,0,TREND_REVERSAL_UNCONFIRMED,0,0.45,SHORT,1,0,0,0
BNBUSDT,1778706000000,2026-05-13T21:00:00.000Z,NEUTRAL,NONE,0,7.875,IGNORE,0,WATCH,,0,0,0,NA,NA,NA,NA,NA,WARNING_SOFT,1,0,0,0,0,TREND_REVERSAL_UNCONFIRMED,0,0.45,NONE,1,0,0,0
BNBUSDT,1778709600000,2026-05-13T22:00:00.000Z,BULL,SHORT,17.5,12.909375,IGNORE,0,WATCH,,0,0,0,NA,NA,NA,NA,NA,WARNING_SOFT,1,0,0,0,0,TREND_REVERSAL_UNCONFIRMED,1,0.45,SHORT,1,0,0,0
BNBUSDT,1778713200000,2026-05-13T23:00:00.000Z,NEUTRAL,NONE,0,7.875,IGNORE,0,WATCH,,0,0,0,NA,NA,NA,NA,NA,WARNING_SOFT,1,0,0,0,0,TREND_REVERSAL_UNCONFIRMED,0,0.45,NONE,1,0,0,0
BNBUSDT,1778716800000,2026-05-14T00:00:00.000Z,BULL,SHORT,17.5,12.909375,IGNORE,0,WATCH,,0,0,0,NA,NA,NA,NA,NA,WARNING_SOFT,1,0,0,0,0,TREND_REVERSAL_UNCONFIRMED,1,0.45,SHORT,1,0,0,0
BNBUSDT,1778720400000,2026-05-14T01:00:00.000Z,BULL,SHORT,17.5,12.909375,IGNORE,0,WATCH,,0,0,0,NA,NA,NA,NA,NA,WARNING_SOFT,1,0,0,0,0,TREND_REVERSAL_UNCONFIRMED,1,0.45,SHORT,1,0,0,0
BNBUSDT,1778724000000,2026-05-14T02:00:00.000Z,NEUTRAL,NONE,0,7.875,IGNORE,0,WATCH,,0,0,0,NA,NA,NA,NA,NA,WARNING_SOFT,1,0,0,0,0,TREND_REVERSAL_UNCONFIRMED,0,0.45,NONE,1,0,0,0
BNBUSDT,1778727600000,2026-05-14T03:00:00.000Z,NEUTRAL,NONE,0,7.875,IGNORE,0,WATCH,,0,0,0,NA,NA,NA,NA,NA,BLOCK,0,0,0,0,0,TREND_REVERSAL_UNCONFIRMED,0,0.45,NONE,1,0,0,0
BNBUSDT,1778731200000,2026-05-14T04:00:00.000Z,NEUTRAL,NONE,0,7.875,IGNORE,0,WATCH,,0,0,0,NA,NA,NA,NA,NA,WARNING_SOFT,1,0,0,0,0,TREND_REVERSAL_UNCONFIRMED,0,0.45,NONE,1,0,0,0
BNBUSDT,1778734800000,2026-05-14T05:00:00.000Z,NEUTRAL,NONE,0,7.875,IGNORE,0,WATCH,,0,0,0,NA,NA,NA,NA,NA,WARNING_SOFT,1,0,0,0,0,TREND_REVERSAL_UNCONFIRMED,0,0.45,NONE,1,0,0,0
BNBUSDT,1778738400000,2026-05-14T06:00:00.000Z,NEUTRAL,NONE,0,7.875,IGNORE,0,WATCH,,0,0,0,NA,NA,NA,NA,NA,WARNING_SOFT,1,0,0,0,0,TREND_REVERSAL_UNCONFIRMED,0,0.45,NONE,1,0,0,0
BNBUSDT,1778742000000,2026-05-14T07:00:00.000Z,NEUTRAL,NONE,0,7.875,IGNORE,0,WATCH,,0,0,0,NA,NA,NA,NA,NA,WARNING_SOFT,1,0,0,0,0,TREND_REVERSAL_UNCONFIRMED,0,0.45,NONE,1,0,0,0
BNBUSDT,1778745600000,2026-05-14T08:00:00.000Z,BULL,SHORT,0,7.875,IGNORE,0,WATCH,,0,0,0,NA,NA,NA,NA,NA,WARNING_SOFT,1,0,0,0,0,TREND_REVERSAL_UNCONFIRMED,0,0.45,SHORT,1,0,0,0
BNBUSDT,1778749200000,2026-05-14T09:00:00.000Z,NEUTRAL,NONE,0,7.875,IGNORE,0,WATCH,,0,0,0,NA,NA,NA,NA,NA,WARNING_SOFT,1,0,0,0,0,TREND_REVERSAL_UNCONFIRMED,0,0.45,NONE,1,0,0,0
BNBUSDT,1778752800000,2026-05-14T10:00:00.000Z,BULL,SHORT,0,7.875,IGNORE,0,WATCH,,0,0,0,NA,NA,NA,NA,NA,WARNING_SOFT,1,0,0,0,0,TREND_REVERSAL_UNCONFIRMED,0,0.45,SHORT,1,0,0,0
BNBUSDT,1778756400000,2026-05-14T11:00:00.000Z,NEUTRAL,NONE,0,7.875,IGNORE,0,WATCH,,0,0,0,NA,NA,NA,NA,NA,WARNING_SOFT,1,0,0,0,0,TREND_REVERSAL_UNCONFIRMED,0,0.45,NONE,1,0,0,0
BNBUSDT,1778760000000,2026-05-14T12:00:00.000Z,BULL,SHORT,23.19412698778842,13.357787500288339,IGNORE,0,WATCH,,0,0,0,NA,NA,NA,NA,NA,CLEAR,1,0,0,0,0,TREND_REVERSAL_UNCONFIRMED,1,0.45,SHORT,1,0,0,0
BNBUSDT,1778763600000,2026-05-14T13:00:00.000Z,BULL,SHORT,22.74617069074954,13.322510941896526,IGNORE,0,WATCH,,0,0,0,NA,NA,NA,NA,NA,CLEAR,1,0,0,0,0,TREND_REVERSAL_UNCONFIRMED,1,0.45,SHORT,1,0,0,0
BNBUSDT,1778767200000,2026-05-14T14:00:00.000Z,BULL,SHORT,25,13.5,IGNORE,0,WATCH,,0,0,0,NA,NA,NA,NA,NA,CLEAR,1,0,0,0,0,TREND_REVERSAL_UNCONFIRMED,1,0.45,SHORT,1,0,0,0
BNBUSDT,1778770800000,2026-05-14T15:00:00.000Z,BULL,SHORT,25,13.5,IGNORE,0,WATCH,,0,0,0,NA,NA,NA,NA,NA,CLEAR,1,0,0,0,0,TREND_REVERSAL_UNCONFIRMED,1,0.45,SHORT,1,0,0,0
BNBUSDT,1778774400000,2026-05-14T16:00:00.000Z,BULL,SHORT,46.10830164270077,18.818528754362685,IGNORE,0,WATCH,,0,0,0,NA,NA,NA,NA,NA,CLEAR,1,0,0,0,0,TREND_REVERSAL_UNCONFIRMED,2,0.45,SHORT,1,0,0,0
BNBUSDT,1778778000000,2026-05-14T17:00:00.000Z,BULL,SHORT,25,13.5,IGNORE,0,WATCH,,0,0,0,NA,NA,NA,NA,NA,CLEAR,1,0,0,0,0,TREND_REVERSAL_UNCONFIRMED,1,0.45,SHORT,1,0,0,0
BNBUSDT,1778781600000,2026-05-14T18:00:00.000Z,BULL,SHORT,24.006578823787745,13.421768082373285,IGNORE,0,WATCH,,0,0,0,NA,NA,NA,NA,NA,CLEAR,1,0,0,0,0,TREND_REVERSAL_UNCONFIRMED,1,0.45,SHORT,1,0,0,0
BNBUSDT,1778785200000,2026-05-14T19:00:00.000Z,BULL,SHORT,0,7.875,IGNORE,0,WATCH,,0,0,0,NA,NA,NA,NA,NA,WARNING_SOFT,1,0,0,0,0,TREND_REVERSAL_UNCONFIRMED,0,0.45,SHORT,1,0,0,0
BNBUSDT,1778788800000,2026-05-14T20:00:00.000Z,BULL,SHORT,0,7.875,IGNORE,0,WATCH,,0,0,0,NA,NA,NA,NA,NA,CLEAR,1,0,0,0,0,TREND_REVERSAL_UNCONFIRMED,0,0.45,SHORT,1,0,0,0
BNBUSDT,1778792400000,2026-05-14T21:00:00.000Z,BULL,SHORT,0,7.875,IGNORE,0,WATCH,,0,0,0,NA,NA,NA,NA,NA,CLEAR,1,0,0,0,0,TREND_REVERSAL_UNCONFIRMED,0,0.45,SHORT,1,0,0,0
BNBUSDT,1778796000000,2026-05-14T22:00:00.000Z,BULL,SHORT,0,7.875,IGNORE,0,WATCH,,0,0,0,NA,NA,NA,NA,NA,CLEAR,1,0,0,0,0,TREND_REVERSAL_UNCONFIRMED,0,0.45,SHORT,1,0,0,0
BNBUSDT,1778799600000,2026-05-14T23:00:00.000Z,BULL,SHORT,25,13.5,IGNORE,0,WATCH,,0,0,0,NA,NA,NA,NA,NA,WARNING_SOFT,1,0,0,0,0,TREND_REVERSAL_UNCONFIRMED,1,0.45,SHORT,1,0,0,0
BNBUSDT,1778803200000,2026-05-15T00:00:00.000Z,BULL,SHORT,17.514982417347056,12.91055486536608,IGNORE,0,WATCH,,0,0,0,NA,NA,NA,NA,NA,CLEAR,1,0,0,0,0,TREND_REVERSAL_UNCONFIRMED,1,0.45,SHORT,1,0,0,0
BNBUSDT,1778806800000,2026-05-15T01:00:00.000Z,BULL,SHORT,0,7.875,IGNORE,0,WATCH,,0,0,0,NA,NA,NA,NA,NA,CLEAR,1,0,0,0,0,TREND_REVERSAL_UNCONFIRMED,0,0.45,SHORT,1,0,0,0
BNBUSDT,1778810400000,2026-05-15T02:00:00.000Z,BULL,SHORT,0,7.875,IGNORE,0,WATCH,,0,0,0,NA,NA,NA,NA,NA,WARNING_SOFT,1,0,0,0,0,TREND_REVERSAL_UNCONFIRMED,0,0.45,SHORT,1,0,0,0
BNBUSDT,1778814000000,2026-05-15T03:00:00.000Z,BULL,SHORT,17.5,12.909375,IGNORE,0,WATCH,,0,0,0,NA,NA,NA,NA,NA,CLEAR,1,0,0,0,0,TREND_REVERSAL_UNCONFIRMED,1,0.45,SHORT,1,0,0,0
BNBUSDT,1778817600000,2026-05-15T04:00:00.000Z,NEUTRAL,NONE,0,7.875,IGNORE,0,WATCH,,0,0,0,NA,NA,NA,NA,NA,WARNING_SOFT,1,0,0,0,0,TREND_REVERSAL_UNCONFIRMED,0,0.45,NONE,1,0,0,0
BNBUSDT,1778821200000,2026-05-15T05:00:00.000Z,NEUTRAL,NONE,0,7.875,IGNORE,0,WATCH,,0,0,0,NA,NA,NA,NA,NA,WARNING_SOFT,1,0,0,0,0,TREND_REVERSAL_UNCONFIRMED,0,0.45,NONE,1,0,0,0
BNBUSDT,1778824800000,2026-05-15T06:00:00.000Z,BULL,SHORT,17.5,12.909375,IGNORE,0,WATCH,,0,0,0,NA,NA,NA,NA,NA,BLOCK,0,0,0,0,0,TREND_REVERSAL_UNCONFIRMED,1,0.45,SHORT,1,0,0,0
BNBUSDT,1778828400000,2026-05-15T07:00:00.000Z,BULL,SHORT,42.5,18.534375,IGNORE,0,WATCH,,0,0,0,NA,NA,NA,NA,NA,WARNING_HARD,1,0,0,0,0,TREND_REVERSAL_UNCONFIRMED,2,0.45,SHORT,1,0,0,0
BNBUSDT,1778832000000,2026-05-15T08:00:00.000Z,BULL,SHORT,17.5,12.909375,IGNORE,0,WATCH,,0,0,0,NA,NA,NA,NA,NA,WARNING_HARD,1,0,0,0,0,TREND_REVERSAL_UNCONFIRMED,1,0.45,SHORT,1,0,0,0
BNBUSDT,1778835600000,2026-05-15T09:00:00.000Z,BULL,SHORT,17.5,12.909375,IGNORE,0,WATCH,,0,0,0,NA,NA,NA,NA,NA,WARNING_SOFT,1,0,0,0,0,TREND_REVERSAL_UNCONFIRMED,1,0.45,SHORT,1,0,0,0
BNBUSDT,1778839200000,2026-05-15T10:00:00.000Z,BULL,SHORT,17.5,12.909375,IGNORE,0,WATCH,,0,0,0,NA,NA,NA,NA,NA,WARNING_SOFT,1,0,0,0,0,TREND_REVERSAL_UNCONFIRMED,1,0.45,SHORT,1,0,0,0
BNBUSDT,1778842800000,2026-05-15T11:00:00.000Z,BULL,SHORT,17.5,12.909375,IGNORE,0,WATCH,,0,0,0,NA,NA,NA,NA,NA,WARNING_SOFT,1,0,0,0,0,TREND_REVERSAL_UNCONFIRMED,1,0.45,SHORT,1,0,0,0
BNBUSDT,1778846400000,2026-05-15T12:00:00.000Z,BULL,SHORT,33.22943167925119,17.80431774474103,IGNORE,0,WATCH,,0,0,0,NA,NA,NA,NA,NA,WARNING_HARD,1,0,0,0,0,TREND_REVERSAL_UNCONFIRMED,2,0.45,SHORT,1,0,0,0
BNBUSDT,1778850000000,2026-05-15T13:00:00.000Z,NEUTRAL,NONE,0,7.875,IGNORE,0,WATCH,,0,0,0,NA,NA,NA,NA,NA,WARNING_SOFT,1,0,0,0,0,TREND_REVERSAL_UNCONFIRMED,0,0.45,NONE,1,0,0,0
BNBUSDT,1778853600000,2026-05-15T14:00:00.000Z,NEUTRAL,NONE,0,7.875,IGNORE,0,WATCH,,0,0,0,NA,NA,NA,NA,NA,BLOCK,0,1,0,0,0,TREND_REVERSAL_UNCONFIRMED,0,0.45,NONE,1,0,0,0
BNBUSDT,1778857200000,2026-05-15T15:00:00.000Z,NEUTRAL,NONE,0,7.875,IGNORE,0,WATCH,,0,0,0,NA,NA,NA,NA,NA,WARNING_SOFT,1,0,0,0,0,TREND_REVERSAL_UNCONFIRMED,0,0.45,NONE,1,0,0,0
BNBUSDT,1778860800000,2026-05-15T16:00:00.000Z,NEUTRAL,NONE,0,7.875,IGNORE,0,WATCH,,0,0,0,NA,NA,NA,NA,NA,WARNING_SOFT,1,0,0,0,0,TREND_REVERSAL_UNCONFIRMED,0,0.45,NONE,1,0,0,0
BNBUSDT,1778864400000,2026-05-15T17:00:00.000Z,NEUTRAL,NONE,0,7.875,IGNORE,0,WATCH,,0,0,0,NA,NA,NA,NA,NA,WARNING_SOFT,1,0,0,0,0,TREND_REVERSAL_UNCONFIRMED,0,0.45,NONE,1,0,0,0
BNBUSDT,1778868000000,2026-05-15T18:00:00.000Z,NEUTRAL,NONE,0,7.875,IGNORE,0,WATCH,,0,0,0,NA,NA,NA,NA,NA,WARNING_SOFT,1,0,0,0,0,TREND_REVERSAL_UNCONFIRMED,0,0.45,NONE,1,0,0,0
BNBUSDT,1778871600000,2026-05-15T19:00:00.000Z,NEUTRAL,NONE,0,7.875,IGNORE,0,WATCH,,0,0,0,NA,NA,NA,NA,NA,WARNING_SOFT,1,0,0,0,0,TREND_REVERSAL_UNCONFIRMED,0,0.45,NONE,1,0,0,0
BNBUSDT,1778875200000,2026-05-15T20:00:00.000Z,NEUTRAL,NONE,0,7.875,IGNORE,0,WATCH,,0,0,0,NA,NA,NA,NA,NA,WARNING_SOFT,1,0,0,0,0,TREND_REVERSAL_UNCONFIRMED,0,0.45,NONE,1,0,0,0
BNBUSDT,1778878800000,2026-05-15T21:00:00.000Z,NEUTRAL,NONE,0,7.875,IGNORE,0,WATCH,,0,0,0,NA,NA,NA,NA,NA,WARNING_SOFT,1,0,0,0,0,TREND_REVERSAL_UNCONFIRMED,0,0.45,NONE,1,0,0,0
BNBUSDT,1778882400000,2026-05-15T22:00:00.000Z,NEUTRAL,NONE,0,7.875,IGNORE,0,WATCH,,0,0,0,NA,NA,NA,NA,NA,WARNING_SOFT,1,0,0,0,0,TREND_REVERSAL_UNCONFIRMED,0,0.45,NONE,1,0,0,0
BNBUSDT,1778886000000,2026-05-15T23:00:00.000Z,NEUTRAL,NONE,0,7.875,IGNORE,0,WATCH,,0,0,0,NA,NA,NA,NA,NA,WARNING_SOFT,1,0,0,0,0,TREND_REVERSAL_UNCONFIRMED,0,0.45,NONE,1,0,0,0
BNBUSDT,1778889600000,2026-05-16T00:00:00.000Z,NEUTRAL,NONE,0,7.875,IGNORE,0,WATCH,,0,0,0,NA,NA,NA,NA,NA,WARNING_SOFT,1,0,0,0,0,TREND_REVERSAL_UNCONFIRMED,0,0.45,NONE,1,0,0,0
BNBUSDT,1778893200000,2026-05-16T01:00:00.000Z,BEAR,LONG,0,7.875,IGNORE,0,WATCH,,0,0,0,NA,NA,NA,NA,NA,CLEAR,1,0,0,0,0,TREND_REVERSAL_UNCONFIRMED,0,0.45,LONG,1,0,0,0
BNBUSDT,1778896800000,2026-05-16T02:00:00.000Z,BEAR,LONG,0,7.875,IGNORE,0,WATCH,,0,0,0,NA,NA,NA,NA,NA,CLEAR,1,0,0,0,0,TREND_REVERSAL_UNCONFIRMED,0,0.45,LONG,1,0,0,0
BNBUSDT,1778900400000,2026-05-16T03:00:00.000Z,BEAR,LONG,0,7.875,IGNORE,0,WATCH,,0,0,0,NA,NA,NA,NA,NA,CLEAR,1,0,0,0,0,TREND_REVERSAL_UNCONFIRMED,0,0.45,LONG,1,0,0,0
BNBUSDT,1778904000000,2026-05-16T04:00:00.000Z,BEAR,LONG,25,13.5,IGNORE,0,WATCH,,0,0,0,NA,NA,NA,NA,NA,CLEAR,1,0,1,0,0,TREND_REVERSAL_UNCONFIRMED,1,0.45,LONG,1,0,0,0
BNBUSDT,1778907600000,2026-05-16T05:00:00.000Z,BEAR,LONG,25,13.5,IGNORE,0,WATCH,,0,0,0,NA,NA,NA,NA,NA,CLEAR,1,0,0,0,0,TREND_REVERSAL_UNCONFIRMED,1,0.45,LONG,1,0,0,0
BNBUSDT,1778911200000,2026-05-16T06:00:00.000Z,BEAR,LONG,0,7.875,IGNORE,0,WATCH,,0,0,0,NA,NA,NA,NA,NA,CLEAR,1,0,0,0,0,TREND_REVERSAL_UNCONFIRMED,0,0.45,LONG,1,0,0,0
BNBUSDT,1778914800000,2026-05-16T07:00:00.000Z,BEAR,LONG,17.354901393367292,12.897948484727674,IGNORE,0,WATCH,,0,0,0,NA,NA,NA,NA,NA,CLEAR,1,0,0,0,0,TREND_REVERSAL_UNCONFIRMED,1,0.45,LONG,1,0,0,0
BNBUSDT,1778918400000,2026-05-16T08:00:00.000Z,BEAR,LONG,0,7.875,IGNORE,0,WATCH,,0,0,0,NA,NA,NA,NA,NA,CLEAR,1,0,0,0,0,TREND_REVERSAL_UNCONFIRMED,0,0.45,LONG,1,0,0,0
BNBUSDT,1778922000000,2026-05-16T09:00:00.000Z,BEAR,LONG,25,13.5,IGNORE,0,WATCH,,0,0,0,NA,NA,NA,NA,NA,CLEAR,1,0,0,0,0,TREND_REVERSAL_UNCONFIRMED,1,0.45,LONG,1,0,0,0
BNBUSDT,1778925600000,2026-05-16T10:00:00.000Z,BEAR,LONG,0,7.875,IGNORE,0,WATCH,,0,0,0,NA,NA,NA,NA,NA,CLEAR,1,0,0,0,0,TREND_REVERSAL_UNCONFIRMED,0,0.45,LONG,1,0,0,0
BNBUSDT,1778929200000,2026-05-16T11:00:00.000Z,BEAR,LONG,0,7.875,IGNORE,0,WATCH,,0,0,0,NA,NA,NA,NA,NA,CLEAR,1,0,0,0,0,TREND_REVERSAL_UNCONFIRMED,0,0.45,LONG,1,0,0,0
BNBUSDT,1778932800000,2026-05-16T12:00:00.000Z,BEAR,LONG,0,7.875,IGNORE,0,WATCH,,0,0,0,NA,NA,NA,NA,NA,CLEAR,1,0,0,0,0,TREND_REVERSAL_UNCONFIRMED,0,0.45,LONG,1,0,0,0
BNBUSDT,1778936400000,2026-05-16T13:00:00.000Z,BEAR,LONG,14.583333333333332,12.6796875,IGNORE,0,WATCH,,0,0,0,NA,NA,NA,NA,NA,CLEAR,1,0,0,0,0,TREND_REVERSAL_UNCONFIRMED,1,0.45,LONG,1,0,0,0
BNBUSDT,1778940000000,2026-05-16T14:00:00.000Z,BEAR,LONG,12.93625493197125,12.549980075892735,IGNORE,0,WATCH,,0,0,0,NA,NA,NA,NA,NA,CLEAR,1,0,0,0,0,TREND_REVERSAL_UNCONFIRMED,1,0.45,LONG,1,0,0,0
BNBUSDT,1778943600000,2026-05-16T15:00:00.000Z,BEAR,LONG,37.89453108549645,18.171694322982844,IGNORE,0,WATCH,,0,0,0,NA,NA,NA,NA,NA,CLEAR,1,0,0,0,0,TREND_REVERSAL_UNCONFIRMED,2,0.45,LONG,1,0,0,0
BNBUSDT,1778947200000,2026-05-16T16:00:00.000Z,BEAR,LONG,0,7.875,IGNORE,0,WATCH,,0,0,0,NA,NA,NA,NA,NA,WARNING_SOFT,1,0,0,0,0,TREND_REVERSAL_UNCONFIRMED,0,0.45,LONG,1,0,0,0
BNBUSDT,1778950800000,2026-05-16T17:00:00.000Z,BEAR,LONG,17.5,12.909375,IGNORE,0,WATCH,,0,0,0,NA,NA,NA,NA,NA,CLEAR,1,0,0,0,0,TREND_REVERSAL_UNCONFIRMED,1,0.45,LONG,1,0,0,0
BNBUSDT,1778954400000,2026-05-16T18:00:00.000Z,BEAR,LONG,17.5,12.909375,IGNORE,0,WATCH,,0,0,0,NA,NA,NA,NA,NA,WARNING_SOFT,1,0,0,0,0,TREND_REVERSAL_UNCONFIRMED,1,0.45,LONG,1,0,0,0
BNBUSDT,1778958000000,2026-05-16T19:00:00.000Z,BEAR,LONG,17.5,12.909375,IGNORE,0,WATCH,,0,0,0,NA,NA,NA,NA,NA,WARNING_SOFT,1,0,0,0,0,TREND_REVERSAL_UNCONFIRMED,1,0.45,LONG,1,0,0,0
BNBUSDT,1778961600000,2026-05-16T20:00:00.000Z,BEAR,LONG,17.5,12.909375,IGNORE,0,WATCH,,0,0,0,NA,NA,NA,NA,NA,WARNING_SOFT,1,0,0,0,0,TREND_REVERSAL_UNCONFIRMED,1,0.45,LONG,1,0,0,0
BNBUSDT,1778965200000,2026-05-16T21:00:00.000Z,BEAR,LONG,42.5,18.534375,IGNORE,0,WATCH,,0,0,0,NA,NA,NA,NA,NA,WARNING_SOFT,1,0,0,0,0,TREND_REVERSAL_UNCONFIRMED,2,0.45,LONG,1,0,0,0
BNBUSDT,1778968800000,2026-05-16T22:00:00.000Z,BEAR,LONG,17.5,12.909375,IGNORE,0,WATCH,,0,0,0,NA,NA,NA,NA,NA,WARNING_SOFT,1,0,0,0,0,TREND_REVERSAL_UNCONFIRMED,1,0.45,LONG,1,0,0,0
BNBUSDT,1778972400000,2026-05-16T23:00:00.000Z,BEAR,LONG,17.5,12.909375,IGNORE,0,WATCH,,0,0,0,NA,NA,NA,NA,NA,CLEAR,1,0,0,0,0,TREND_REVERSAL_UNCONFIRMED,1,0.45,LONG,1,0,0,0
BNBUSDT,1778976000000,2026-05-17T00:00:00.000Z,BEAR,LONG,33.257053213140146,17.80649294053479,IGNORE,0,WATCH,,0,0,0,NA,NA,NA,NA,NA,CLEAR,1,0,0,0,0,TREND_REVERSAL_UNCONFIRMED,2,0.45,LONG,1,0,0,0
BNBUSDT,1778979600000,2026-05-17T01:00:00.000Z,BEAR,LONG,35.855323238515524,18.011106705033097,IGNORE,0,WATCH,,0,0,0,NA,NA,NA,NA,NA,CLEAR,1,0,1,0,0,TREND_REVERSAL_UNCONFIRMED,2,0.45,LONG,1,0,0,0
BNBUSDT,1778983200000,2026-05-17T02:00:00.000Z,BEAR,LONG,42.5,18.534375,IGNORE,0,WATCH,,0,0,0,NA,NA,NA,NA,NA,CLEAR,1,0,0,0,0,TREND_REVERSAL_UNCONFIRMED,2,0.45,LONG,1,0,0,0
BNBUSDT,1778986800000,2026-05-17T03:00:00.000Z,BEAR,LONG,17.5,12.909375,IGNORE,0,WATCH,,0,0,0,NA,NA,NA,NA,NA,CLEAR,1,0,0,0,0,TREND_REVERSAL_UNCONFIRMED,1,0.45,LONG,1,0,0,0
BNBUSDT,1778990400000,2026-05-17T04:00:00.000Z,BEAR,LONG,0,7.875,IGNORE,0,WATCH,,0,0,0,NA,NA,NA,NA,NA,CLEAR,1,0,0,0,0,TREND_REVERSAL_UNCONFIRMED,0,0.45,LONG,1,0,0,0
BNBUSDT,1778994000000,2026-05-17T05:00:00.000Z,BEAR,LONG,0,7.875,IGNORE,0,WATCH,,0,0,0,NA,NA,NA,NA,NA,WARNING_SOFT,1,0,0,0,0,TREND_REVERSAL_UNCONFIRMED,0,0.45,LONG,1,0,0,0
BNBUSDT,1778997600000,2026-05-17T06:00:00.000Z,BEAR,LONG,0,7.875,IGNORE,0,WATCH,,0,0,0,NA,NA,NA,NA,NA,WARNING_SOFT,1,0,0,0,0,TREND_REVERSAL_UNCONFIRMED,0,0.45,LONG,1,0,0,0
BNBUSDT,1779001200000,2026-05-17T07:00:00.000Z,BEAR,LONG,0,7.875,IGNORE,0,WATCH,,0,0,0,NA,NA,NA,NA,NA,WARNING_SOFT,1,0,0,0,0,TREND_REVERSAL_UNCONFIRMED,0,0.45,LONG,1,0,0,0
BNBUSDT,1779004800000,2026-05-17T08:00:00.000Z,BEAR,LONG,0,7.875,IGNORE,0,WATCH,,0,0,0,NA,NA,NA,NA,NA,WARNING_SOFT,1,0,0,0,0,TREND_REVERSAL_UNCONFIRMED,0,0.45,LONG,1,0,0,0
BNBUSDT,1779008400000,2026-05-17T09:00:00.000Z,BEAR,LONG,17.402180166351844,12.901671688100208,IGNORE,0,WATCH,,0,0,0,NA,NA,NA,NA,NA,CLEAR,1,0,0,0,0,TREND_REVERSAL_UNCONFIRMED,1,0.45,LONG,1,0,0,0
BNBUSDT,1779012000000,2026-05-17T10:00:00.000Z,BEAR,LONG,25,13.5,IGNORE,0,WATCH,,0,0,0,NA,NA,NA,NA,NA,BLOCK,0,0,0,0,0,TREND_REVERSAL_UNCONFIRMED,1,0.45,LONG,1,0,0,0
BNBUSDT,1779015600000,2026-05-17T11:00:00.000Z,BEAR,LONG,0,7.875,IGNORE,0,WATCH,,0,0,0,NA,NA,NA,NA,NA,WARNING_SOFT,1,0,0,0,0,TREND_REVERSAL_UNCONFIRMED,0,0.45,LONG,1,0,0,0
BNBUSDT,1779019200000,2026-05-17T12:00:00.000Z,NEUTRAL,NONE,0,7.875,IGNORE,0,WATCH,,0,0,0,NA,NA,NA,NA,NA,CLEAR,1,0,0,0,0,TREND_REVERSAL_UNCONFIRMED,0,0.45,NONE,1,0,0,0
BNBUSDT,1779022800000,2026-05-17T13:00:00.000Z,BEAR,LONG,42.5,18.534375,IGNORE,0,WATCH,,0,0,0,NA,NA,NA,NA,NA,WARNING_SOFT,1,0,0,0,0,TREND_REVERSAL_UNCONFIRMED,2,0.45,LONG,1,0,0,0
BNBUSDT,1779026400000,2026-05-17T14:00:00.000Z,BEAR,LONG,37.53177888056486,18.143127586844482,IGNORE,0,WATCH,,0,0,0,NA,NA,NA,NA,NA,CLEAR,1,0,0,0,0,TREND_REVERSAL_UNCONFIRMED,2,0.45,LONG,1,0,0,0
BNBUSDT,1779030000000,2026-05-17T15:00:00.000Z,BEAR,LONG,17.5,12.909375,IGNORE,0,WATCH,,0,0,0,NA,NA,NA,NA,NA,CLEAR,1,0,0,0,0,TREND_REVERSAL_UNCONFIRMED,1,0.45,LONG,1,0,0,0
BNBUSDT,1779033600000,2026-05-17T16:00:00.000Z,BEAR,LONG,17.5,12.909375,IGNORE,0,WATCH,,0,0,0,NA,NA,NA,NA,NA,CLEAR,1,0,0,0,0,TREND_REVERSAL_UNCONFIRMED,1,0.45,LONG,1,0,0,0
BNBUSDT,1779037200000,2026-05-17T17:00:00.000Z,BEAR,LONG,17.5,12.909375,IGNORE,0,WATCH,,0,0,0,NA,NA,NA,NA,NA,CLEAR,1,0,0,0,0,TREND_REVERSAL_UNCONFIRMED,1,0.45,LONG,1,0,0,0
BNBUSDT,1779040800000,2026-05-17T18:00:00.000Z,BEAR,LONG,42.5,18.534375,IGNORE,0,WATCH,,0,0,0,NA,NA,NA,NA,NA,CLEAR,1,0,0,0,0,TREND_REVERSAL_UNCONFIRMED,2,0.45,LONG,1,0,0,0
BNBUSDT,1779044400000,2026-05-17T19:00:00.000Z,NEUTRAL,NONE,0,7.875,IGNORE,0,WATCH,,0,0,0,NA,NA,NA,NA,NA,CLEAR,1,0,0,0,0,TREND_REVERSAL_UNCONFIRMED,0,0.45,NONE,1,0,0,0
BNBUSDT,1779048000000,2026-05-17T20:00:00.000Z,NEUTRAL,NONE,0,7.875,IGNORE,0,WATCH,,0,0,0,NA,NA,NA,NA,NA,CLEAR,1,0,0,0,0,TREND_REVERSAL_UNCONFIRMED,0,0.45,NONE,1,0,0,0
BNBUSDT,1779051600000,2026-05-17T21:00:00.000Z,NEUTRAL,NONE,0,7.875,IGNORE,0,WATCH,,0,0,0,NA,NA,NA,NA,NA,CLEAR,1,0,0,0,0,TREND_REVERSAL_UNCONFIRMED,0,0.45,NONE,1,0,0,0
BNBUSDT,1779055200000,2026-05-17T22:00:00.000Z,BEAR,LONG,15.986382450332712,12.790177617963701,IGNORE,0,WATCH,,0,0,0,NA,NA,NA,NA,NA,WARNING_SOFT,1,0,0,0,0,TREND_REVERSAL_UNCONFIRMED,1,0.45,LONG,1,0,0,0
BNBUSDT,1779058800000,2026-05-17T23:00:00.000Z,BEAR,LONG,25,13.5,IGNORE,0,WATCH,,0,0,0,NA,NA,NA,NA,NA,CLEAR,1,0,0,0,0,TREND_REVERSAL_UNCONFIRMED,1,0.45,LONG,1,0,0,0
BNBUSDT,1779062400000,2026-05-18T00:00:00.000Z,BEAR,LONG,25,13.5,IGNORE,0,WATCH,,0,0,0,NA,NA,NA,NA,NA,CLEAR,1,0,1,0,0,TREND_REVERSAL_UNCONFIRMED,1,0.45,LONG,1,0,0,0
BNBUSDT,1779066000000,2026-05-18T01:00:00.000Z,BEAR,LONG,21.25994848078808,13.205470942862062,IGNORE,0,WATCH,,0,0,0,NA,NA,NA,NA,NA,CLEAR,1,0,0,0,0,TREND_REVERSAL_UNCONFIRMED,1,0.45,LONG,1,0,0,0
BNBUSDT,1779069600000,2026-05-18T02:00:00.000Z,BEAR,LONG,13.912844048899506,12.626886468850836,IGNORE,0,WATCH,,0,0,0,NA,NA,NA,NA,NA,CLEAR,1,0,0,0,0,TREND_REVERSAL_UNCONFIRMED,1,0.45,LONG,1,0,0,0
BNBUSDT,1779073200000,2026-05-18T03:00:00.000Z,BEAR,LONG,14.583333333333332,12.6796875,IGNORE,0,WATCH,,0,0,0,NA,NA,NA,NA,NA,CLEAR,1,0,0,0,0,TREND_REVERSAL_UNCONFIRMED,1,0.45,LONG,1,0,0,0
BNBUSDT,1779076800000,2026-05-18T04:00:00.000Z,BEAR,LONG,0,7.875,IGNORE,0,WATCH,,0,0,0,NA,NA,NA,NA,NA,CLEAR,1,0,0,0,0,TREND_REVERSAL_UNCONFIRMED,0,0.45,LONG,1,0,0,0
BNBUSDT,1779080400000,2026-05-18T05:00:00.000Z,BEAR,LONG,39.58333333333333,18.3046875,IGNORE,0,WATCH,,0,0,0,NA,NA,NA,NA,NA,CLEAR,1,0,0,0,0,TREND_REVERSAL_UNCONFIRMED,2,0.45,LONG,1,0,0,0
BNBUSDT,1779084000000,2026-05-18T06:00:00.000Z,BEAR,LONG,25,13.5,IGNORE,0,WATCH,,0,0,0,NA,NA,NA,NA,NA,CLEAR,1,0,0,0,0,TREND_REVERSAL_UNCONFIRMED,1,0.45,LONG,1,0,0,0
BNBUSDT,1779087600000,2026-05-18T07:00:00.000Z,BEAR,LONG,0,7.875,IGNORE,0,WATCH,,0,0,0,NA,NA,NA,NA,NA,CLEAR,1,0,0,0,0,TREND_REVERSAL_UNCONFIRMED,0,0.45,LONG,1,0,0,0
BNBUSDT,1779091200000,2026-05-18T08:00:00.000Z,BEAR,LONG,14.583333333333332,12.6796875,IGNORE,0,WATCH,,0,0,0,NA,NA,NA,NA,NA,CLEAR,1,0,0,0,0,TREND_REVERSAL_UNCONFIRMED,1,0.45,LONG,1,0,0,0
BNBUSDT,1779094800000,2026-05-18T09:00:00.000Z,BEAR,LONG,14.583333333333332,12.6796875,IGNORE,0,WATCH,,0,0,0,NA,NA,NA,NA,NA,CLEAR,1,0,0,0,0,TREND_REVERSAL_UNCONFIRMED,1,0.45,LONG,1,0,0,0
BNBUSDT,1779098400000,2026-05-18T10:00:00.000Z,BEAR,LONG,0,7.875,IGNORE,0,WATCH,,0,0,0,NA,NA,NA,NA,NA,CLEAR,1,0,0,0,0,TREND_REVERSAL_UNCONFIRMED,0,0.45,LONG,1,0,0,0
BNBUSDT,1779102000000,2026-05-18T11:00:00.000Z,BEAR,LONG,25,13.5,IGNORE,0,WATCH,,0,0,0,NA,NA,NA,NA,NA,CLEAR,1,0,0,0,0,TREND_REVERSAL_UNCONFIRMED,1,0.45,LONG,1,0,0,0
BNBUSDT,1779105600000,2026-05-18T12:00:00.000Z,BEAR,LONG,15.629855256586332,12.762101101456173,IGNORE,0,WATCH,,0,0,0,NA,NA,NA,NA,NA,WARNING_SOFT,1,0,0,0,0,TREND_REVERSAL_UNCONFIRMED,1,0.45,LONG,1,0,0,0
BNBUSDT,1779109200000,2026-05-18T13:00:00.000Z,BEAR,LONG,33.82406274298873,17.85114494101036,IGNORE,0,WATCH,,0,0,0,NA,NA,NA,NA,NA,WARNING_SOFT,1,0,0,0,0,TREND_REVERSAL_UNCONFIRMED,2,0.45,LONG,1,0,0,0
BNBUSDT,1779112800000,2026-05-18T14:00:00.000Z,BEAR,LONG,35.39005370798488,17.97446672950381,IGNORE,0,WATCH,,0,0,0,NA,NA,NA,NA,NA,CLEAR,1,0,1,0,0,TREND_REVERSAL_UNCONFIRMED,2,0.45,LONG,1,0,0,0
BNBUSDT,1779116400000,2026-05-18T15:00:00.000Z,BEAR,LONG,17.5,12.909375,IGNORE,0,WATCH,,0,0,0,NA,NA,NA,NA,NA,CLEAR,1,0,0,0,0,TREND_REVERSAL_UNCONFIRMED,1,0.45,LONG,1,0,0,0
BNBUSDT,1779120000000,2026-05-18T16:00:00.000Z,BEAR,LONG,17.5,12.909375,IGNORE,0,WATCH,,0,0,0,NA,NA,NA,NA,NA,CLEAR,1,0,0,0,0,TREND_REVERSAL_UNCONFIRMED,1,0.45,LONG,1,0,0,0
BNBUSDT,1779123600000,2026-05-18T17:00:00.000Z,BEAR,LONG,17.5,12.909375,IGNORE,0,WATCH,,0,0,0,NA,NA,NA,NA,NA,WARNING_SOFT,1,0,0,0,0,TREND_REVERSAL_UNCONFIRMED,1,0.45,LONG,1,0,0,0
BNBUSDT,1779127200000,2026-05-18T18:00:00.000Z,BEAR,LONG,0,7.875,IGNORE,0,WATCH,,0,0,0,NA,NA,NA,NA,NA,CLEAR,1,0,0,0,0,TREND_REVERSAL_UNCONFIRMED,0,0.45,LONG,1,0,0,0
BNBUSDT,1779130800000,2026-05-18T19:00:00.000Z,NEUTRAL,NONE,0,7.875,IGNORE,0,WATCH,,0,0,0,NA,NA,NA,NA,NA,BLOCK,0,0,0,0,0,TREND_REVERSAL_UNCONFIRMED,0,0.45,NONE,1,0,0,0
BNBUSDT,1779134400000,2026-05-18T20:00:00.000Z,NEUTRAL,NONE,0,7.875,IGNORE,0,WATCH,,0,0,0,NA,NA,NA,NA,NA,WARNING_SOFT,1,0,0,0,0,TREND_REVERSAL_UNCONFIRMED,0,0.45,NONE,1,0,0,0
BNBUSDT,1779138000000,2026-05-18T21:00:00.000Z,NEUTRAL,NONE,0,7.875,IGNORE,0,WATCH,,0,0,0,NA,NA,NA,NA,NA,CLEAR,1,0,0,0,0,TREND_REVERSAL_UNCONFIRMED,0,0.45,NONE,1,0,0,0
BNBUSDT,1779141600000,2026-05-18T22:00:00.000Z,NEUTRAL,NONE,0,7.875,IGNORE,0,WATCH,,0,0,0,NA,NA,NA,NA,NA,CLEAR,1,0,0,0,0,TREND_REVERSAL_UNCONFIRMED,0,0.45,NONE,1,0,0,0
BNBUSDT,1779145200000,2026-05-18T23:00:00.000Z,NEUTRAL,NONE,0,7.875,IGNORE,0,WATCH,,0,0,0,NA,NA,NA,NA,NA,CLEAR,1,0,0,0,0,TREND_REVERSAL_UNCONFIRMED,0,0.45,NONE,1,0,0,0
BNBUSDT,1779148800000,2026-05-19T00:00:00.000Z,NEUTRAL,NONE,0,7.875,IGNORE,0,WATCH,,0,0,0,NA,NA,NA,NA,NA,CLEAR,1,0,0,0,0,TREND_REVERSAL_UNCONFIRMED,0,0.45,NONE,1,0,0,0
BNBUSDT,1779152400000,2026-05-19T01:00:00.000Z,BEAR,LONG,0,7.875,IGNORE,0,WATCH,,0,0,0,NA,NA,NA,NA,NA,WARNING_SOFT,1,0,0,0,0,TREND_REVERSAL_UNCONFIRMED,0,0.45,LONG,1,0,0,0
BNBUSDT,1779156000000,2026-05-19T02:00:00.000Z,BEAR,LONG,0,7.875,IGNORE,0,WATCH,,0,0,0,NA,NA,NA,NA,NA,BLOCK,0,0,0,0,0,TREND_REVERSAL_UNCONFIRMED,0,0.45,LONG,1,0,0,0
BNBUSDT,1779159600000,2026-05-19T03:00:00.000Z,BEAR,LONG,25,13.5,IGNORE,0,WATCH,,0,0,0,NA,NA,NA,NA,NA,WARNING_SOFT,1,0,0,0,0,TREND_REVERSAL_UNCONFIRMED,1,0.45,LONG,1,0,0,0
BNBUSDT,1779163200000,2026-05-19T04:00:00.000Z,NEUTRAL,NONE,0,7.875,IGNORE,0,WATCH,,0,0,0,NA,NA,NA,NA,NA,WARNING_SOFT,1,0,0,0,0,TREND_REVERSAL_UNCONFIRMED,0,0.45,NONE,1,0,0,0
BNBUSDT,1779166800000,2026-05-19T05:00:00.000Z,NEUTRAL,NONE,0,7.875,IGNORE,0,WATCH,,0,0,0,NA,NA,NA,NA,NA,WARNING_SOFT,1,0,0,0,0,TREND_REVERSAL_UNCONFIRMED,0,0.45,NONE,1,0,0,0
BNBUSDT,1779170400000,2026-05-19T06:00:00.000Z,NEUTRAL,NONE,0,7.875,IGNORE,0,WATCH,,0,0,0,NA,NA,NA,NA,NA,CLEAR,1,0,0,0,0,TREND_REVERSAL_UNCONFIRMED,0,0.45,NONE,1,0,0,0
BNBUSDT,1779174000000,2026-05-19T07:00:00.000Z,NEUTRAL,NONE,0,7.875,IGNORE,0,WATCH,,0,0,0,NA,NA,NA,NA,NA,CLEAR,1,0,0,0,0,TREND_REVERSAL_UNCONFIRMED,0,0.45,NONE,1,0,0,0
BNBUSDT,1779177600000,2026-05-19T08:00:00.000Z,BEAR,LONG,17.5,12.909375,IGNORE,0,WATCH,,0,0,0,NA,NA,NA,NA,NA,BLOCK,0,0,0,0,0,TREND_REVERSAL_UNCONFIRMED,1,0.45,LONG,1,0,0,0
BNBUSDT,1779181200000,2026-05-19T09:00:00.000Z,BEAR,LONG,17.5,12.909375,IGNORE,0,WATCH,,0,0,0,NA,NA,NA,NA,NA,CLEAR,1,0,0,0,0,TREND_REVERSAL_UNCONFIRMED,1,0.45,LONG,1,0,0,0
BNBUSDT,1779184800000,2026-05-19T10:00:00.000Z,BEAR,LONG,34.76231122811272,17.925032009213876,IGNORE,0,WATCH,,0,0,0,NA,NA,NA,NA,NA,WARNING_HARD,1,0,0,0,0,TREND_REVERSAL_UNCONFIRMED,2,0.45,LONG,1,0,0,0
BNBUSDT,1779188400000,2026-05-19T11:00:00.000Z,BEAR,LONG,17.5,12.909375,IGNORE,0,WATCH,,0,0,0,NA,NA,NA,NA,NA,CLEAR,1,0,0,0,0,TREND_REVERSAL_UNCONFIRMED,1,0.45,LONG,1,0,0,0
BNBUSDT,1779192000000,2026-05-19T12:00:00.000Z,BEAR,LONG,17.5,12.909375,IGNORE,0,WATCH,,0,0,0,NA,NA,NA,NA,NA,CLEAR,1,0,0,0,0,TREND_REVERSAL_UNCONFIRMED,1,0.45,LONG,1,0,0,0
BNBUSDT,1779195600000,2026-05-19T13:00:00.000Z,BEAR,LONG,13.207903164091801,12.57137237417223,IGNORE,0,WATCH,,0,0,0,NA,NA,NA,NA,NA,CLEAR,1,0,0,0,0,TREND_REVERSAL_UNCONFIRMED,1,0.45,LONG,1,0,0,0
BNBUSDT,1779199200000,2026-05-19T14:00:00.000Z,BEAR,LONG,23.859241230203036,13.41016524687849,IGNORE,0,WATCH,,0,0,0,NA,NA,NA,NA,NA,CLEAR,1,0,0,0,0,TREND_REVERSAL_UNCONFIRMED,1,0.45,LONG,1,0,0,0
BNBUSDT,1779202800000,2026-05-19T15:00:00.000Z,BEAR,LONG,0,7.875,IGNORE,0,WATCH,,0,0,0,NA,NA,NA,NA,NA,CLEAR,1,0,0,0,0,TREND_REVERSAL_UNCONFIRMED,0,0.45,LONG,1,0,0,0
BNBUSDT,1779206400000,2026-05-19T16:00:00.000Z,BEAR,LONG,0,7.875,IGNORE,0,WATCH,,0,0,0,NA,NA,NA,NA,NA,CLEAR,1,0,0,0,0,TREND_REVERSAL_UNCONFIRMED,0,0.45,LONG,1,0,0,0
BNBUSDT,1779210000000,2026-05-19T17:00:00.000Z,BEAR,LONG,0,7.875,IGNORE,0,WATCH,,0,0,0,NA,NA,NA,NA,NA,WARNING_SOFT,1,0,0,0,0,TREND_REVERSAL_UNCONFIRMED,0,0.45,LONG,1,0,0,0
BNBUSDT,1779213600000,2026-05-19T18:00:00.000Z,BEAR,LONG,0,7.875,IGNORE,0,WATCH,,0,0,0,NA,NA,NA,NA,NA,CLEAR,1,0,0,0,0,TREND_REVERSAL_UNCONFIRMED,0,0.45,LONG,1,0,0,0
BNBUSDT,1779217200000,2026-05-19T19:00:00.000Z,BEAR,LONG,0,7.875,IGNORE,0,WATCH,,0,0,0,NA,NA,NA,NA,NA,CLEAR,1,0,0,0,0,TREND_REVERSAL_UNCONFIRMED,0,0.45,LONG,1,0,0,0
BNBUSDT,1779220800000,2026-05-19T20:00:00.000Z,NEUTRAL,NONE,0,7.875,IGNORE,0,WATCH,,0,0,0,NA,NA,NA,NA,NA,WARNING_SOFT,1,0,0,0,0,TREND_REVERSAL_UNCONFIRMED,0,0.45,NONE,1,0,0,0
BNBUSDT,1779224400000,2026-05-19T21:00:00.000Z,BEAR,LONG,0,7.875,IGNORE,0,WATCH,,0,0,0,NA,NA,NA,NA,NA,WARNING_SOFT,1,0,0,0,0,TREND_REVERSAL_UNCONFIRMED,0,0.45,LONG,1,0,0,0
BNBUSDT,1779228000000,2026-05-19T22:00:00.000Z,BEAR,LONG,0,7.875,IGNORE,0,WATCH,,0,0,0,NA,NA,NA,NA,NA,CLEAR,1,0,0,0,0,TREND_REVERSAL_UNCONFIRMED,0,0.45,LONG,1,0,0,0
BNBUSDT,1779231600000,2026-05-19T23:00:00.000Z,BEAR,LONG,0,7.875,IGNORE,0,WATCH,,0,0,0,NA,NA,NA,NA,NA,WARNING_SOFT,1,0,0,0,0,TREND_REVERSAL_UNCONFIRMED,0,0.45,LONG,1,0,0,0
BNBUSDT,1779235200000,2026-05-20T00:00:00.000Z,BEAR,LONG,0,7.875,IGNORE,0,WATCH,,0,0,0,NA,NA,NA,NA,NA,CLEAR,1,0,0,0,0,TREND_REVERSAL_UNCONFIRMED,0,0.45,LONG,1,0,0,0
BNBUSDT,1779238800000,2026-05-20T01:00:00.000Z,BEAR,LONG,0,7.875,IGNORE,0,WATCH,,0,0,0,NA,NA,NA,NA,NA,CLEAR,1,0,0,0,0,TREND_REVERSAL_UNCONFIRMED,0,0.45,LONG,1,0,0,0
BNBUSDT,1779242400000,2026-05-20T02:00:00.000Z,BEAR,LONG,0,7.875,IGNORE,0,WATCH,,0,0,0,NA,NA,NA,NA,NA,CLEAR,1,0,0,0,0,TREND_REVERSAL_UNCONFIRMED,0,0.45,LONG,1,0,0,0
BNBUSDT,1779246000000,2026-05-20T03:00:00.000Z,BEAR,LONG,17.5,12.909375,IGNORE,0,WATCH,,0,0,0,NA,NA,NA,NA,NA,WARNING_SOFT,1,0,0,0,0,TREND_REVERSAL_UNCONFIRMED,1,0.45,LONG,1,0,0,0
BNBUSDT,1779249600000,2026-05-20T04:00:00.000Z,BEAR,LONG,17.5,12.909375,IGNORE,0,WATCH,,0,0,0,NA,NA,NA,NA,NA,WARNING_SOFT,1,0,0,0,0,TREND_REVERSAL_UNCONFIRMED,1,0.45,LONG,1,0,0,0
BNBUSDT,1779253200000,2026-05-20T05:00:00.000Z,NEUTRAL,NONE,0,7.875,IGNORE,0,WATCH,,0,0,0,NA,NA,NA,NA,NA,CLEAR,1,0,0,0,0,TREND_REVERSAL_UNCONFIRMED,0,0.45,NONE,1,0,0,0
BNBUSDT,1779256800000,2026-05-20T06:00:00.000Z,NEUTRAL,NONE,0,7.875,IGNORE,0,WATCH,,0,0,0,NA,NA,NA,NA,NA,CLEAR,1,0,0,0,0,TREND_REVERSAL_UNCONFIRMED,0,0.45,NONE,1,0,0,0
BNBUSDT,1779260400000,2026-05-20T07:00:00.000Z,NEUTRAL,NONE,0,7.875,IGNORE,0,WATCH,,0,0,0,NA,NA,NA,NA,NA,CLEAR,1,0,0,0,0,TREND_REVERSAL_UNCONFIRMED,0,0.45,NONE,1,0,0,0
BNBUSDT,1779264000000,2026-05-20T08:00:00.000Z,NEUTRAL,NONE,0,7.875,IGNORE,0,WATCH,,0,0,0,NA,NA,NA,NA,NA,CLEAR,1,0,0,0,0,TREND_REVERSAL_UNCONFIRMED,0,0.45,NONE,1,0,0,0
BNBUSDT,1779267600000,2026-05-20T09:00:00.000Z,NEUTRAL,NONE,0,7.875,IGNORE,0,WATCH,,0,0,0,NA,NA,NA,NA,NA,CLEAR,1,0,0,0,0,TREND_REVERSAL_UNCONFIRMED,0,0.45,NONE,1,0,0,0
BNBUSDT,1779271200000,2026-05-20T10:00:00.000Z,NEUTRAL,NONE,0,7.875,IGNORE,0,WATCH,,0,0,0,NA,NA,NA,NA,NA,CLEAR,1,0,0,0,0,TREND_REVERSAL_UNCONFIRMED,0,0.45,NONE,1,0,0,0
BNBUSDT,1779274800000,2026-05-20T11:00:00.000Z,NEUTRAL,NONE,0,7.875,IGNORE,0,WATCH,,0,0,0,NA,NA,NA,NA,NA,CLEAR,1,0,0,0,0,TREND_REVERSAL_UNCONFIRMED,0,0.45,NONE,1,0,0,0
BNBUSDT,1779278400000,2026-05-20T12:00:00.000Z,NEUTRAL,NONE,0,7.875,IGNORE,0,WATCH,,0,0,0,NA,NA,NA,NA,NA,CLEAR,1,0,0,0,0,TREND_REVERSAL_UNCONFIRMED,0,0.45,NONE,1,0,0,0
BNBUSDT,1779282000000,2026-05-20T13:00:00.000Z,NEUTRAL,NONE,0,7.875,IGNORE,0,WATCH,,0,0,0,NA,NA,NA,NA,NA,CLEAR,1,0,1,0,0,TREND_REVERSAL_UNCONFIRMED,0,0.45,NONE,1,0,0,0
BNBUSDT,1779285600000,2026-05-20T14:00:00.000Z,NEUTRAL,NONE,0,7.875,IGNORE,0,WATCH,,0,0,0,NA,NA,NA,NA,NA,CLEAR,1,0,0,0,0,TREND_REVERSAL_UNCONFIRMED,0,0.45,NONE,1,0,0,0
BNBUSDT,1779289200000,2026-05-20T15:00:00.000Z,NEUTRAL,NONE,0,7.875,IGNORE,0,WATCH,,0,0,0,NA,NA,NA,NA,NA,CLEAR,1,0,0,0,0,TREND_REVERSAL_UNCONFIRMED,0,0.45,NONE,1,0,0,0
BNBUSDT,1779292800000,2026-05-20T16:00:00.000Z,BULL,SHORT,0,7.875,IGNORE,0,WATCH,,0,0,0,NA,NA,NA,NA,NA,CLEAR,1,0,0,0,0,TREND_REVERSAL_UNCONFIRMED,0,0.45,SHORT,1,0,0,0
BNBUSDT,1779296400000,2026-05-20T17:00:00.000Z,BULL,SHORT,0,7.875,IGNORE,0,WATCH,,0,0,0,NA,NA,NA,NA,NA,CLEAR,1,0,0,0,0,TREND_REVERSAL_UNCONFIRMED,0,0.45,SHORT,1,0,0,0
BNBUSDT,1779300000000,2026-05-20T18:00:00.000Z,BULL,SHORT,25,13.5,IGNORE,0,WATCH,,0,0,0,NA,NA,NA,NA,NA,CLEAR,1,0,0,0,0,TREND_REVERSAL_UNCONFIRMED,1,0.45,SHORT,1,0,0,0
BNBUSDT,1779303600000,2026-05-20T19:00:00.000Z,BULL,SHORT,12.847222222222221,12.54296875,IGNORE,0,WATCH,,0,0,0,NA,NA,NA,NA,NA,CLEAR,1,0,0,0,0,TREND_REVERSAL_UNCONFIRMED,1,0.45,SHORT,1,0,0,0
BNBUSDT,1779307200000,2026-05-20T20:00:00.000Z,BULL,SHORT,12.847222222222221,12.54296875,IGNORE,0,WATCH,,0,0,0,NA,NA,NA,NA,NA,CLEAR,1,0,0,0,0,TREND_REVERSAL_UNCONFIRMED,1,0.45,SHORT,1,0,0,0
BNBUSDT,1779310800000,2026-05-20T21:00:00.000Z,BULL,SHORT,0,7.875,IGNORE,0,WATCH,,0,0,0,NA,NA,NA,NA,NA,CLEAR,1,0,0,0,0,TREND_REVERSAL_UNCONFIRMED,0,0.45,SHORT,1,0,0,0
BNBUSDT,1779314400000,2026-05-20T22:00:00.000Z,BULL,SHORT,0,7.875,IGNORE,0,WATCH,,0,0,0,NA,NA,NA,NA,NA,CLEAR,1,0,0,0,0,TREND_REVERSAL_UNCONFIRMED,0,0.45,SHORT,1,0,0,0
BNBUSDT,1779318000000,2026-05-20T23:00:00.000Z,BULL,SHORT,0,7.875,IGNORE,0,WATCH,,0,0,0,NA,NA,NA,NA,NA,WARNING_SOFT,1,0,0,0,0,TREND_REVERSAL_UNCONFIRMED,0,0.45,SHORT,1,0,0,0
BNBUSDT,1779321600000,2026-05-21T00:00:00.000Z,BULL,SHORT,13.0767212942446,12.561041801921762,IGNORE,0,WATCH,,0,0,0,NA,NA,NA,NA,NA,CLEAR,1,0,0,0,0,TREND_REVERSAL_UNCONFIRMED,1,0.45,SHORT,1,0,0,0
BNBUSDT,1779325200000,2026-05-21T01:00:00.000Z,BULL,SHORT,13.65694731838463,12.60673460132279,IGNORE,0,WATCH,,0,0,0,NA,NA,NA,NA,NA,CLEAR,1,0,0,0,0,TREND_REVERSAL_UNCONFIRMED,1,0.45,SHORT,1,0,0,0
BNBUSDT,1779328800000,2026-05-21T02:00:00.000Z,BULL,SHORT,13.734175465426102,12.612816317902306,IGNORE,0,WATCH,,0,0,0,NA,NA,NA,NA,NA,CLEAR,1,0,0,0,0,TREND_REVERSAL_UNCONFIRMED,1,0.45,SHORT,1,0,0,0
BNBUSDT,1779332400000,2026-05-21T03:00:00.000Z,BULL,SHORT,0,7.875,IGNORE,0,WATCH,,0,0,0,NA,NA,NA,NA,NA,CLEAR,1,0,0,0,0,TREND_REVERSAL_UNCONFIRMED,0,0.45,SHORT,1,0,0,0
BNBUSDT,1779336000000,2026-05-21T04:00:00.000Z,BULL,SHORT,0,7.875,IGNORE,0,WATCH,,0,0,0,NA,NA,NA,NA,NA,CLEAR,1,0,0,0,0,TREND_REVERSAL_UNCONFIRMED,0,0.45,SHORT,1,0,0,0
BNBUSDT,1779339600000,2026-05-21T05:00:00.000Z,BULL,SHORT,0,7.875,IGNORE,0,WATCH,,0,0,0,NA,NA,NA,NA,NA,WARNING_SOFT,1,0,0,0,0,TREND_REVERSAL_UNCONFIRMED,0,0.45,SHORT,1,0,0,0
BNBUSDT,1779343200000,2026-05-21T06:00:00.000Z,BULL,SHORT,0,7.875,IGNORE,0,WATCH,,0,0,0,NA,NA,NA,NA,NA,WARNING_SOFT,1,0,0,0,0,TREND_REVERSAL_UNCONFIRMED,0,0.45,SHORT,1,0,0,0
BNBUSDT,1779346800000,2026-05-21T07:00:00.000Z,BULL,SHORT,0,7.875,IGNORE,0,WATCH,,0,0,0,NA,NA,NA,NA,NA,WARNING_SOFT,1,0,0,0,0,TREND_REVERSAL_UNCONFIRMED,0,0.45,SHORT,1,0,0,0
BNBUSDT,1779350400000,2026-05-21T08:00:00.000Z,BULL,SHORT,40.85943110652984,18.405180199639226,IGNORE,0,WATCH,,0,0,0,NA,NA,NA,NA,NA,CLEAR,1,0,0,0,0,TREND_REVERSAL_UNCONFIRMED,2,0.45,SHORT,1,0,0,0
BNBUSDT,1779354000000,2026-05-21T09:00:00.000Z,BULL,SHORT,0,7.875,IGNORE,0,WATCH,,0,0,0,NA,NA,NA,NA,NA,WARNING_SOFT,1,0,0,0,0,TREND_REVERSAL_UNCONFIRMED,0,0.45,SHORT,1,0,0,0
BNBUSDT,1779357600000,2026-05-21T10:00:00.000Z,NEUTRAL,NONE,0,7.875,IGNORE,0,WATCH,,0,0,0,NA,NA,NA,NA,NA,BLOCK,0,0,1,0,0,TREND_REVERSAL_UNCONFIRMED,0,0.45,NONE,1,0,0,0
BNBUSDT,1779361200000,2026-05-21T11:00:00.000Z,NEUTRAL,NONE,0,7.875,IGNORE,0,WATCH,,0,0,0,NA,NA,NA,NA,NA,WARNING_SOFT,1,0,0,0,0,TREND_REVERSAL_UNCONFIRMED,0,0.45,NONE,1,0,0,0
BNBUSDT,1779364800000,2026-05-21T12:00:00.000Z,NEUTRAL,NONE,0,7.875,IGNORE,0,WATCH,,0,0,0,NA,NA,NA,NA,NA,WARNING_SOFT,1,0,0,0,0,TREND_REVERSAL_UNCONFIRMED,0,0.45,NONE,1,0,0,0
BNBUSDT,1779368400000,2026-05-21T13:00:00.000Z,NEUTRAL,NONE,0,7.875,IGNORE,0,WATCH,,0,0,0,NA,NA,NA,NA,NA,WARNING_SOFT,1,0,0,0,0,TREND_REVERSAL_UNCONFIRMED,0,0.45,NONE,1,0,0,0
BNBUSDT,1779372000000,2026-05-21T14:00:00.000Z,NEUTRAL,NONE,0,7.875,IGNORE,0,WATCH,,0,0,0,NA,NA,NA,NA,NA,BLOCK,0,0,0,0,0,TREND_REVERSAL_UNCONFIRMED,0,0.45,NONE,1,0,0,0
BNBUSDT,1779375600000,2026-05-21T15:00:00.000Z,BULL,SHORT,17.87478793189556,12.938889549636775,IGNORE,0,WATCH,,0,0,0,NA,NA,NA,NA,NA,BLOCK,0,0,0,0,0,TREND_REVERSAL_UNCONFIRMED,1,0.45,SHORT,1,0,0,0
BNBUSDT,1779379200000,2026-05-21T16:00:00.000Z,BULL,SHORT,0,7.875,IGNORE,0,WATCH,,0,0,0,NA,NA,NA,NA,NA,WARNING_SOFT,1,0,0,0,0,TREND_REVERSAL_UNCONFIRMED,0,0.45,SHORT,1,0,0,0
BNBUSDT,1779382800000,2026-05-21T17:00:00.000Z,BULL,SHORT,25,13.5,IGNORE,0,WATCH,,0,0,0,NA,NA,NA,NA,NA,CLEAR,1,0,0,0,0,TREND_REVERSAL_UNCONFIRMED,1,0.45,SHORT,1,0,0,0
BNBUSDT,1779386400000,2026-05-21T18:00:00.000Z,BULL,SHORT,18.414156746376516,12.98136484377715,IGNORE,0,WATCH,,0,0,0,NA,NA,NA,NA,NA,WARNING_HARD,1,0,0,0,0,TREND_REVERSAL_UNCONFIRMED,1,0.45,SHORT,1,0,0,0
BNBUSDT,1779390000000,2026-05-21T19:00:00.000Z,BULL,SHORT,12.847222222222221,12.54296875,IGNORE,0,WATCH,,0,0,0,NA,NA,NA,NA,NA,CLEAR,1,0,0,0,0,TREND_REVERSAL_UNCONFIRMED,1,0.45,SHORT,1,0,0,0
BNBUSDT,1779393600000,2026-05-21T20:00:00.000Z,BULL,SHORT,0,7.875,IGNORE,0,WATCH,,0,0,0,NA,NA,NA,NA,NA,CLEAR,1,0,0,0,0,TREND_REVERSAL_UNCONFIRMED,0,0.45,SHORT,1,0,0,0
BNBUSDT,1779397200000,2026-05-21T21:00:00.000Z,BULL,SHORT,0,7.875,IGNORE,0,WATCH,,0,0,0,NA,NA,NA,NA,NA,CLEAR,1,0,0,0,0,TREND_REVERSAL_UNCONFIRMED,0,0.45,SHORT,1,0,0,0
BNBUSDT,1779400800000,2026-05-21T22:00:00.000Z,BULL,SHORT,0,7.875,IGNORE,0,WATCH,,0,0,0,NA,NA,NA,NA,NA,CLEAR,1,0,0,0,0,TREND_REVERSAL_UNCONFIRMED,0,0.45,SHORT,1,0,0,0
BNBUSDT,1779404400000,2026-05-21T23:00:00.000Z,BULL,SHORT,12.847222222222221,12.54296875,IGNORE,0,WATCH,,0,0,0,NA,NA,NA,NA,NA,CLEAR,1,0,0,0,0,TREND_REVERSAL_UNCONFIRMED,1,0.45,SHORT,1,0,0,0
BNBUSDT,1779408000000,2026-05-22T00:00:00.000Z,BULL,SHORT,0,7.875,IGNORE,0,WATCH,,0,0,0,NA,NA,NA,NA,NA,WARNING_SOFT,1,0,0,0,0,TREND_REVERSAL_UNCONFIRMED,0,0.45,SHORT,1,0,0,0
BNBUSDT,1779411600000,2026-05-22T01:00:00.000Z,BULL,SHORT,0,7.875,IGNORE,0,WATCH,,0,0,0,NA,NA,NA,NA,NA,CLEAR,1,0,0,0,0,TREND_REVERSAL_UNCONFIRMED,0,0.45,SHORT,1,0,0,0
BNBUSDT,1779415200000,2026-05-22T02:00:00.000Z,BULL,SHORT,15.561431568029693,12.756712735982338,IGNORE,0,WATCH,,0,0,0,NA,NA,NA,NA,NA,CLEAR,1,0,0,0,0,TREND_REVERSAL_UNCONFIRMED,1,0.45,SHORT,1,0,0,0
BNBUSDT,1779418800000,2026-05-22T03:00:00.000Z,BULL,SHORT,0,7.875,IGNORE,0,WATCH,,0,0,0,NA,NA,NA,NA,NA,CLEAR,1,0,0,0,0,TREND_REVERSAL_UNCONFIRMED,0,0.45,SHORT,1,0,0,0
BNBUSDT,1779422400000,2026-05-22T04:00:00.000Z,BULL,SHORT,0,7.875,IGNORE,0,WATCH,,0,0,0,NA,NA,NA,NA,NA,CLEAR,1,0,0,0,0,TREND_REVERSAL_UNCONFIRMED,0,0.45,SHORT,1,0,0,0
BNBUSDT,1779426000000,2026-05-22T05:00:00.000Z,BULL,SHORT,0,7.875,IGNORE,0,WATCH,,0,0,0,NA,NA,NA,NA,NA,WARNING_SOFT,1,0,0,0,0,TREND_REVERSAL_UNCONFIRMED,0,0.45,SHORT,1,0,0,0
BNBUSDT,1779429600000,2026-05-22T06:00:00.000Z,NEUTRAL,NONE,0,7.875,IGNORE,0,WATCH,,0,0,0,NA,NA,NA,NA,NA,WARNING_SOFT,1,0,0,0,0,TREND_REVERSAL_UNCONFIRMED,0,0.45,NONE,1,0,0,0
BNBUSDT,1779433200000,2026-05-22T07:00:00.000Z,BULL,SHORT,0,7.875,IGNORE,0,WATCH,,0,0,0,NA,NA,NA,NA,NA,BLOCK,0,0,0,0,0,TREND_REVERSAL_UNCONFIRMED,0,0.45,SHORT,1,0,0,0
BNBUSDT,1779436800000,2026-05-22T08:00:00.000Z,BULL,SHORT,0,7.875,IGNORE,0,WATCH,,0,0,0,NA,NA,NA,NA,NA,WARNING_SOFT,1,0,0,0,0,TREND_REVERSAL_UNCONFIRMED,0,0.45,SHORT,1,0,0,0
BNBUSDT,1779440400000,2026-05-22T09:00:00.000Z,BULL,SHORT,0,7.875,IGNORE,0,WATCH,,0,0,0,NA,NA,NA,NA,NA,BLOCK,0,0,0,0,0,TREND_REVERSAL_UNCONFIRMED,0,0.45,SHORT,1,0,0,0
BNBUSDT,1779444000000,2026-05-22T10:00:00.000Z,NEUTRAL,NONE,0,7.875,IGNORE,0,WATCH,,0,0,0,NA,NA,NA,NA,NA,BLOCK,0,0,0,0,0,TREND_REVERSAL_UNCONFIRMED,0,0.45,NONE,1,0,0,0
BNBUSDT,1779447600000,2026-05-22T11:00:00.000Z,BULL,SHORT,17.5,12.909375,IGNORE,0,WATCH,,0,0,0,NA,NA,NA,NA,NA,WARNING_SOFT,1,0,0,0,0,TREND_REVERSAL_UNCONFIRMED,1,0.45,SHORT,1,0,0,0
BNBUSDT,1779451200000,2026-05-22T12:00:00.000Z,BULL,SHORT,30.541194811639794,17.592619091416633,IGNORE,0,WATCH,,0,0,0,NA,NA,NA,NA,NA,WARNING_SOFT,1,0,0,0,0,TREND_REVERSAL_UNCONFIRMED,2,0.45,SHORT,1,0,0,0
BNBUSDT,1779454800000,2026-05-22T13:00:00.000Z,BULL,SHORT,42.5,18.534375,IGNORE,0,WATCH,,0,0,0,NA,NA,NA,NA,NA,WARNING_HARD,1,0,0,0,0,TREND_REVERSAL_UNCONFIRMED,2,0.45,SHORT,1,0,0,0
BNBUSDT,1779458400000,2026-05-22T14:00:00.000Z,NEUTRAL,NONE,0,7.875,IGNORE,0,WATCH,,0,0,0,NA,NA,NA,NA,NA,BLOCK,0,0,0,0,0,TREND_REVERSAL_UNCONFIRMED,0,0.45,NONE,1,0,0,0
BNBUSDT,1779462000000,2026-05-22T15:00:00.000Z,BULL,SHORT,17.5,12.909375,IGNORE,0,WATCH,,0,0,0,NA,NA,NA,NA,NA,WARNING_SOFT,1,0,0,0,0,TREND_REVERSAL_UNCONFIRMED,1,0.45,SHORT,1,0,0,0
BNBUSDT,1779465600000,2026-05-22T16:00:00.000Z,BULL,SHORT,17.5,12.909375,IGNORE,0,WATCH,,0,0,0,NA,NA,NA,NA,NA,WARNING_SOFT,1,0,0,0,0,TREND_REVERSAL_UNCONFIRMED,1,0.45,SHORT,1,0,0,0
BNBUSDT,1779469200000,2026-05-22T17:00:00.000Z,BULL,SHORT,25,13.5,IGNORE,0,WATCH,,0,0,0,NA,NA,NA,NA,NA,WARNING_SOFT,1,0,0,0,0,TREND_REVERSAL_UNCONFIRMED,1,0.45,SHORT,1,0,0,0
BNBUSDT,1779472800000,2026-05-22T18:00:00.000Z,NEUTRAL,NONE,0,7.875,IGNORE,0,WATCH,,0,0,0,NA,NA,NA,NA,NA,WARNING_SOFT,1,0,0,0,0,TREND_REVERSAL_UNCONFIRMED,0,0.45,NONE,1,0,0,0
BNBUSDT,1779476400000,2026-05-22T19:00:00.000Z,NEUTRAL,NONE,0,7.875,IGNORE,0,WATCH,,0,0,0,NA,NA,NA,NA,NA,WARNING_SOFT,1,0,1,0,0,TREND_REVERSAL_UNCONFIRMED,0,0.45,NONE,1,0,0,0
BNBUSDT,1779480000000,2026-05-22T20:00:00.000Z,NEUTRAL,NONE,0,7.875,IGNORE,0,WATCH,,0,0,0,NA,NA,NA,NA,NA,WARNING_SOFT,1,0,0,0,0,TREND_REVERSAL_UNCONFIRMED,0,0.45,NONE,1,0,0,0
BNBUSDT,1779483600000,2026-05-22T21:00:00.000Z,NEUTRAL,NONE,0,7.875,IGNORE,0,WATCH,,0,0,0,NA,NA,NA,NA,NA,WARNING_SOFT,1,0,0,0,0,TREND_REVERSAL_UNCONFIRMED,0,0.45,NONE,1,0,0,0
BNBUSDT,1779487200000,2026-05-22T22:00:00.000Z,NEUTRAL,NONE,0,7.875,IGNORE,0,WATCH,,0,0,0,NA,NA,NA,NA,NA,WARNING_SOFT,1,0,0,0,0,TREND_REVERSAL_UNCONFIRMED,0,0.45,NONE,1,0,0,0
BNBUSDT,1779490800000,2026-05-22T23:00:00.000Z,NEUTRAL,NONE,0,7.875,IGNORE,0,WATCH,,0,0,0,NA,NA,NA,NA,NA,WARNING_SOFT,1,0,0,0,0,TREND_REVERSAL_UNCONFIRMED,0,0.45,NONE,1,0,0,0
BNBUSDT,1779494400000,2026-05-23T00:00:00.000Z,NEUTRAL,NONE,0,7.875,IGNORE,0,WATCH,,0,0,0,NA,NA,NA,NA,NA,WARNING_SOFT,1,0,0,0,0,TREND_REVERSAL_UNCONFIRMED,0,0.45,NONE,1,0,0,0
BNBUSDT,1779498000000,2026-05-23T01:00:00.000Z,NEUTRAL,NONE,0,7.875,IGNORE,0,WATCH,,0,0,0,NA,NA,NA,NA,NA,WARNING_SOFT,1,0,0,0,0,TREND_REVERSAL_UNCONFIRMED,0,0.45,NONE,1,0,0,0
BNBUSDT,1779501600000,2026-05-23T02:00:00.000Z,NEUTRAL,NONE,0,7.875,IGNORE,0,WATCH,,0,0,0,NA,NA,NA,NA,NA,WARNING_SOFT,1,0,0,0,0,TREND_REVERSAL_UNCONFIRMED,0,0.45,NONE,1,0,0,0
BNBUSDT,1779505200000,2026-05-23T03:00:00.000Z,NEUTRAL,NONE,0,7.875,IGNORE,0,WATCH,,0,0,0,NA,NA,NA,NA,NA,WARNING_SOFT,1,0,0,0,0,TREND_REVERSAL_UNCONFIRMED,0,0.45,NONE,1,0,0,0
BNBUSDT,1779508800000,2026-05-23T04:00:00.000Z,NEUTRAL,NONE,0,7.875,IGNORE,0,WATCH,,0,0,0,NA,NA,NA,NA,NA,WARNING_SOFT,1,0,0,0,0,TREND_REVERSAL_UNCONFIRMED,0,0.45,NONE,1,0,0,0
BNBUSDT,1779512400000,2026-05-23T05:00:00.000Z,BEAR,LONG,12.847222222222221,12.54296875,IGNORE,0,WATCH,,0,0,0,NA,NA,NA,NA,NA,CLEAR,1,0,0,0,0,TREND_REVERSAL_UNCONFIRMED,1,0.45,LONG,1,0,0,0
BNBUSDT,1779516000000,2026-05-23T06:00:00.000Z,BEAR,LONG,12.847222222222221,12.54296875,IGNORE,0,WATCH,,0,0,0,NA,NA,NA,NA,NA,CLEAR,1,0,0,0,0,TREND_REVERSAL_UNCONFIRMED,1,0.45,LONG,1,0,0,0
BNBUSDT,1779519600000,2026-05-23T07:00:00.000Z,BEAR,LONG,37.84722222222222,18.16796875,IGNORE,0,WATCH,,0,0,0,NA,NA,NA,NA,NA,CLEAR,1,0,1,0,0,TREND_REVERSAL_UNCONFIRMED,2,0.45,LONG,1,0,0,0
BNBUSDT,1779523200000,2026-05-23T08:00:00.000Z,BEAR,LONG,47.9511028606966,18.96364935027986,IGNORE,0,WATCH,,0,0,0,NA,NA,NA,NA,NA,CLEAR,1,0,0,0,0,TREND_REVERSAL_UNCONFIRMED,2,0.45,LONG,1,0,0,0
BNBUSDT,1779526800000,2026-05-23T09:00:00.000Z,BEAR,LONG,0,7.875,IGNORE,0,WATCH,,0,0,0,NA,NA,NA,NA,NA,CLEAR,1,0,0,0,0,TREND_REVERSAL_UNCONFIRMED,0,0.45,LONG,1,0,0,0
BNBUSDT,1779530400000,2026-05-23T10:00:00.000Z,BEAR,LONG,0,7.875,IGNORE,0,WATCH,,0,0,0,NA,NA,NA,NA,NA,CLEAR,1,0,0,0,0,TREND_REVERSAL_UNCONFIRMED,0,0.45,LONG,1,0,0,0
BNBUSDT,1779534000000,2026-05-23T11:00:00.000Z,BEAR,LONG,0,7.875,IGNORE,0,WATCH,,0,0,0,NA,NA,NA,NA,NA,CLEAR,1,0,0,0,0,TREND_REVERSAL_UNCONFIRMED,0,0.45,LONG,1,0,0,0
BNBUSDT,1779537600000,2026-05-23T12:00:00.000Z,BEAR,LONG,0,7.875,IGNORE,0,WATCH,,0,0,0,NA,NA,NA,NA,NA,CLEAR,1,0,0,0,0,TREND_REVERSAL_UNCONFIRMED,0,0.45,LONG,1,0,0,0
BNBUSDT,1779541200000,2026-05-23T13:00:00.000Z,BEAR,LONG,0,7.875,IGNORE,0,WATCH,,0,0,0,NA,NA,NA,NA,NA,CLEAR,1,0,0,0,0,TREND_REVERSAL_UNCONFIRMED,0,0.45,LONG,1,0,0,0
BNBUSDT,1779544800000,2026-05-23T14:00:00.000Z,NEUTRAL,NONE,0,7.875,IGNORE,0,WATCH,,0,0,0,NA,NA,NA,NA,NA,WARNING_SOFT,1,0,0,0,0,TREND_REVERSAL_UNCONFIRMED,0,0.45,NONE,1,0,0,0
BNBUSDT,1779548400000,2026-05-23T15:00:00.000Z,NEUTRAL,NONE,0,7.875,IGNORE,0,WATCH,,0,0,0,NA,NA,NA,NA,NA,CLEAR,1,0,0,0,0,TREND_REVERSAL_UNCONFIRMED,0,0.45,NONE,1,0,0,0
BNBUSDT,1779552000000,2026-05-23T16:00:00.000Z,NEUTRAL,NONE,0,7.875,IGNORE,0,WATCH,,0,0,0,NA,NA,NA,NA,NA,WARNING_SOFT,1,0,0,0,0,TREND_REVERSAL_UNCONFIRMED,0,0.45,NONE,1,0,0,0
BNBUSDT,1779555600000,2026-05-23T17:00:00.000Z,NEUTRAL,NONE,0,7.875,IGNORE,0,WATCH,,0,0,0,NA,NA,NA,NA,NA,CLEAR,1,0,0,0,0,TREND_REVERSAL_UNCONFIRMED,0,0.45,NONE,1,0,0,0
BNBUSDT,1779559200000,2026-05-23T18:00:00.000Z,NEUTRAL,NONE,0,7.875,IGNORE,0,WATCH,,0,0,0,NA,NA,NA,NA,NA,CLEAR,1,0,0,0,0,TREND_REVERSAL_UNCONFIRMED,0,0.45,NONE,1,0,0,0
BNBUSDT,1779562800000,2026-05-23T19:00:00.000Z,NEUTRAL,NONE,0,7.875,IGNORE,0,WATCH,,0,0,0,NA,NA,NA,NA,NA,CLEAR,1,0,0,0,0,TREND_REVERSAL_UNCONFIRMED,0,0.45,NONE,1,0,0,0
BNBUSDT,1779566400000,2026-05-23T20:00:00.000Z,NEUTRAL,NONE,0,7.875,IGNORE,0,WATCH,,0,0,0,NA,NA,NA,NA,NA,CLEAR,1,1,0,0,0,TREND_REVERSAL_UNCONFIRMED,0,0.45,NONE,1,0,0,0
BNBUSDT,1779570000000,2026-05-23T21:00:00.000Z,NEUTRAL,NONE,0,7.875,IGNORE,0,WATCH,,0,0,0,NA,NA,NA,NA,NA,CLEAR,1,0,0,0,0,TREND_REVERSAL_UNCONFIRMED,0,0.45,NONE,1,0,0,0
BNBUSDT,1779573600000,2026-05-23T22:00:00.000Z,NEUTRAL,NONE,0,7.875,IGNORE,0,WATCH,,0,0,0,NA,NA,NA,NA,NA,CLEAR,1,0,0,0,0,TREND_REVERSAL_UNCONFIRMED,0,0.45,NONE,1,0,0,0
BNBUSDT,1779577200000,2026-05-23T23:00:00.000Z,BULL,SHORT,17.5,12.909375,IGNORE,0,WATCH,,0,0,0,NA,NA,NA,NA,NA,CLEAR,1,0,0,0,0,TREND_REVERSAL_UNCONFIRMED,1,0.45,SHORT,1,0,0,0
BNBUSDT,1779580800000,2026-05-24T00:00:00.000Z,BULL,SHORT,0,7.875,IGNORE,0,WATCH,,0,0,0,NA,NA,NA,NA,NA,CLEAR,1,0,0,0,0,TREND_REVERSAL_UNCONFIRMED,0,0.45,SHORT,1,0,0,0
BNBUSDT,1779584400000,2026-05-24T01:00:00.000Z,BULL,SHORT,0,7.875,IGNORE,0,WATCH,,0,0,0,NA,NA,NA,NA,NA,CLEAR,1,0,0,0,0,TREND_REVERSAL_UNCONFIRMED,0,0.45,SHORT,1,0,0,0
BNBUSDT,1779588000000,2026-05-24T02:00:00.000Z,BULL,SHORT,0,7.875,IGNORE,0,WATCH,,0,0,0,NA,NA,NA,NA,NA,CLEAR,1,0,0,0,0,TREND_REVERSAL_UNCONFIRMED,0,0.45,SHORT,1,0,0,0
BNBUSDT,1779591600000,2026-05-24T03:00:00.000Z,BULL,SHORT,0,7.875,IGNORE,0,WATCH,,0,0,0,NA,NA,NA,NA,NA,CLEAR,1,0,0,0,0,TREND_REVERSAL_UNCONFIRMED,0,0.45,SHORT,1,0,0,0
BNBUSDT,1779595200000,2026-05-24T04:00:00.000Z,BULL,SHORT,0,7.875,IGNORE,0,WATCH,,0,0,0,NA,NA,NA,NA,NA,CLEAR,1,0,0,0,0,TREND_REVERSAL_UNCONFIRMED,0,0.45,SHORT,1,0,0,0
BNBUSDT,1779598800000,2026-05-24T05:00:00.000Z,BULL,SHORT,0,7.875,IGNORE,0,WATCH,,0,0,0,NA,NA,NA,NA,NA,WARNING_SOFT,1,0,0,0,0,TREND_REVERSAL_UNCONFIRMED,0,0.45,SHORT,1,0,0,0
BNBUSDT,1779602400000,2026-05-24T06:00:00.000Z,BULL,SHORT,17.5,12.909375,IGNORE,0,WATCH,,0,0,0,NA,NA,NA,NA,NA,WARNING_SOFT,1,0,0,0,0,TREND_REVERSAL_UNCONFIRMED,1,0.45,SHORT,1,0,0,0
BNBUSDT,1779606000000,2026-05-24T07:00:00.000Z,BULL,SHORT,17.5,12.909375,IGNORE,0,WATCH,,0,0,0,NA,NA,NA,NA,NA,CLEAR,1,0,0,0,0,TREND_REVERSAL_UNCONFIRMED,1,0.45,SHORT,1,0,0,0
BNBUSDT,1779609600000,2026-05-24T08:00:00.000Z,BULL,SHORT,17.5,12.909375,IGNORE,0,WATCH,,0,0,0,NA,NA,NA,NA,NA,CLEAR,1,0,0,0,0,TREND_REVERSAL_UNCONFIRMED,1,0.45,SHORT,1,0,0,0
BNBUSDT,1779613200000,2026-05-24T09:00:00.000Z,BULL,SHORT,17.5,12.909375,IGNORE,0,WATCH,,0,0,0,NA,NA,NA,NA,NA,CLEAR,1,0,0,0,0,TREND_REVERSAL_UNCONFIRMED,1,0.45,SHORT,1,0,0,0
BNBUSDT,1779616800000,2026-05-24T10:00:00.000Z,BULL,SHORT,17.5,12.909375,IGNORE,0,WATCH,,0,0,0,NA,NA,NA,NA,NA,CLEAR,1,0,0,0,0,TREND_REVERSAL_UNCONFIRMED,1,0.45,SHORT,1,0,0,0
BNBUSDT,1779620400000,2026-05-24T11:00:00.000Z,BULL,SHORT,17.5,12.909375,IGNORE,0,WATCH,,0,0,0,NA,NA,NA,NA,NA,CLEAR,1,0,0,0,0,TREND_REVERSAL_UNCONFIRMED,1,0.45,SHORT,1,0,0,0
BNBUSDT,1779624000000,2026-05-24T12:00:00.000Z,BULL,SHORT,42.5,18.534375,IGNORE,0,WATCH,,0,0,0,NA,NA,NA,NA,NA,CLEAR,1,0,0,0,0,TREND_REVERSAL_UNCONFIRMED,2,0.45,SHORT,1,0,0,0
BNBUSDT,1779627600000,2026-05-24T13:00:00.000Z,BULL,SHORT,0,7.875,IGNORE,0,WATCH,,0,0,0,NA,NA,NA,NA,NA,CLEAR,1,0,0,0,0,TREND_REVERSAL_UNCONFIRMED,0,0.45,SHORT,1,0,0,0
BNBUSDT,1779631200000,2026-05-24T14:00:00.000Z,NEUTRAL,NONE,0,7.875,IGNORE,0,WATCH,,0,0,0,NA,NA,NA,NA,NA,BLOCK,0,0,0,0,0,TREND_REVERSAL_UNCONFIRMED,0,0.45,NONE,1,0,0,0
BNBUSDT,1779634800000,2026-05-24T15:00:00.000Z,NEUTRAL,NONE,0,7.875,IGNORE,0,WATCH,,0,0,0,NA,NA,NA,NA,NA,WARNING_SOFT,1,0,0,0,0,TREND_REVERSAL_UNCONFIRMED,0,0.45,NONE,1,0,0,0
BNBUSDT,1779638400000,2026-05-24T16:00:00.000Z,BULL,SHORT,0,7.875,IGNORE,0,WATCH,,0,0,0,NA,NA,NA,NA,NA,WARNING_SOFT,1,0,0,0,0,TREND_REVERSAL_UNCONFIRMED,0,0.45,SHORT,1,0,0,0
BNBUSDT,1779642000000,2026-05-24T17:00:00.000Z,NEUTRAL,NONE,0,7.875,IGNORE,0,WATCH,,0,0,0,NA,NA,NA,NA,NA,WARNING_SOFT,1,0,0,0,0,TREND_REVERSAL_UNCONFIRMED,0,0.45,NONE,1,0,0,0
BNBUSDT,1779645600000,2026-05-24T18:00:00.000Z,NEUTRAL,NONE,0,7.875,IGNORE,0,WATCH,,0,0,0,NA,NA,NA,NA,NA,WARNING_SOFT,1,0,0,0,0,TREND_REVERSAL_UNCONFIRMED,0,0.45,NONE,1,0,0,0
BNBUSDT,1779649200000,2026-05-24T19:00:00.000Z,NEUTRAL,NONE,0,7.875,IGNORE,0,WATCH,,0,0,0,NA,NA,NA,NA,NA,WARNING_SOFT,1,0,0,0,0,TREND_REVERSAL_UNCONFIRMED,0,0.45,NONE,1,0,0,0
BNBUSDT,1779652800000,2026-05-24T20:00:00.000Z,NEUTRAL,NONE,0,7.875,IGNORE,0,WATCH,,0,0,0,NA,NA,NA,NA,NA,WARNING_SOFT,1,0,0,0,0,TREND_REVERSAL_UNCONFIRMED,0,0.45,NONE,1,0,0,0
BNBUSDT,1779656400000,2026-05-24T21:00:00.000Z,NEUTRAL,NONE,0,7.875,IGNORE,0,WATCH,,0,0,0,NA,NA,NA,NA,NA,WARNING_SOFT,1,0,0,0,0,TREND_REVERSAL_UNCONFIRMED,0,0.45,NONE,1,0,0,0
BNBUSDT,1779660000000,2026-05-24T22:00:00.000Z,NEUTRAL,NONE,0,7.875,IGNORE,0,WATCH,,0,0,0,NA,NA,NA,NA,NA,BLOCK,0,0,0,0,0,TREND_REVERSAL_UNCONFIRMED,0,0.45,NONE,1,0,0,0
BNBUSDT,1779663600000,2026-05-24T23:00:00.000Z,BULL,SHORT,0,7.875,IGNORE,0,WATCH,,0,0,0,NA,NA,NA,NA,NA,WARNING_SOFT,1,0,0,0,0,TREND_REVERSAL_UNCONFIRMED,0,0.45,SHORT,1,0,0,0
BNBUSDT,1779667200000,2026-05-25T00:00:00.000Z,BULL,SHORT,25,13.5,IGNORE,0,WATCH,,0,0,0,NA,NA,NA,NA,NA,CLEAR,1,0,0,0,0,TREND_REVERSAL_UNCONFIRMED,1,0.45,SHORT,1,0,0,0
BNBUSDT,1779670800000,2026-05-25T01:00:00.000Z,NEUTRAL,NONE,0,7.875,IGNORE,0,WATCH,,0,0,0,NA,NA,NA,NA,NA,WARNING_SOFT,1,0,0,0,0,TREND_REVERSAL_UNCONFIRMED,0,0.45,NONE,1,0,0,0
BNBUSDT,1779674400000,2026-05-25T02:00:00.000Z,BULL,SHORT,0,7.875,IGNORE,0,WATCH,,0,0,0,NA,NA,NA,NA,NA,CLEAR,1,0,0,0,0,TREND_REVERSAL_UNCONFIRMED,0,0.45,SHORT,1,0,0,0
BNBUSDT,1779678000000,2026-05-25T03:00:00.000Z,BULL,SHORT,0,7.875,IGNORE,0,WATCH,,0,0,0,NA,NA,NA,NA,NA,WARNING_SOFT,1,0,0,0,0,TREND_REVERSAL_UNCONFIRMED,0,0.45,SHORT,1,0,0,0
BNBUSDT,1779681600000,2026-05-25T04:00:00.000Z,BULL,SHORT,0,7.875,IGNORE,0,WATCH,,0,0,0,NA,NA,NA,NA,NA,CLEAR,1,0,0,0,0,TREND_REVERSAL_UNCONFIRMED,0,0.45,SHORT,1,0,0,0
BNBUSDT,1779685200000,2026-05-25T05:00:00.000Z,BULL,SHORT,0,7.875,IGNORE,0,WATCH,,0,0,0,NA,NA,NA,NA,NA,CLEAR,1,0,0,0,0,TREND_REVERSAL_UNCONFIRMED,0,0.45,SHORT,1,0,0,0
BNBUSDT,1779688800000,2026-05-25T06:00:00.000Z,BULL,SHORT,0,7.875,IGNORE,0,WATCH,,0,0,0,NA,NA,NA,NA,NA,CLEAR,1,0,0,0,0,TREND_REVERSAL_UNCONFIRMED,0,0.45,SHORT,1,0,0,0
BNBUSDT,1779692400000,2026-05-25T07:00:00.000Z,BULL,SHORT,0,7.875,IGNORE,0,WATCH,,0,0,0,NA,NA,NA,NA,NA,CLEAR,1,0,0,0,0,TREND_REVERSAL_UNCONFIRMED,0,0.45,SHORT,1,0,0,0
BNBUSDT,1779696000000,2026-05-25T08:00:00.000Z,BULL,SHORT,12.847222222222221,12.54296875,IGNORE,0,WATCH,,0,0,0,NA,NA,NA,NA,NA,CLEAR,1,0,0,0,0,TREND_REVERSAL_UNCONFIRMED,1,0.45,SHORT,1,0,0,0
BNBUSDT,1779699600000,2026-05-25T09:00:00.000Z,BULL,SHORT,0,7.875,IGNORE,0,WATCH,,0,0,0,NA,NA,NA,NA,NA,CLEAR,1,0,0,0,0,TREND_REVERSAL_UNCONFIRMED,0,0.45,SHORT,1,0,0,0
BNBUSDT,1779703200000,2026-05-25T10:00:00.000Z,BULL,SHORT,0,7.875,IGNORE,0,WATCH,,0,0,0,NA,NA,NA,NA,NA,CLEAR,1,0,0,0,0,TREND_REVERSAL_UNCONFIRMED,0,0.45,SHORT,1,0,0,0
BNBUSDT,1779706800000,2026-05-25T11:00:00.000Z,BULL,SHORT,12.847222222222221,12.54296875,IGNORE,0,WATCH,,0,0,0,NA,NA,NA,NA,NA,CLEAR,1,0,0,0,0,TREND_REVERSAL_UNCONFIRMED,1,0.45,SHORT,1,0,0,0
BNBUSDT,1779710400000,2026-05-25T12:00:00.000Z,BULL,SHORT,25,13.5,IGNORE,0,WATCH,,0,0,0,NA,NA,NA,NA,NA,CLEAR,1,0,0,0,0,TREND_REVERSAL_UNCONFIRMED,1,0.45,SHORT,1,0,0,0
BNBUSDT,1779714000000,2026-05-25T13:00:00.000Z,BULL,SHORT,37.84722222222222,18.16796875,IGNORE,0,WATCH,,0,0,0,NA,NA,NA,NA,NA,CLEAR,1,0,0,0,0,TREND_REVERSAL_UNCONFIRMED,2,0.45,SHORT,1,0,0,0
BNBUSDT,1779717600000,2026-05-25T14:00:00.000Z,BULL,SHORT,50,19.125,IGNORE,0,WATCH,,0,0,0,NA,NA,NA,NA,NA,CLEAR,1,0,0,0,0,TREND_REVERSAL_UNCONFIRMED,2,0.45,SHORT,1,0,0,0
BNBUSDT,1779721200000,2026-05-25T15:00:00.000Z,BULL,SHORT,19.878854019612284,13.096709754044467,IGNORE,0,WATCH,,0,0,0,NA,NA,NA,NA,NA,CLEAR,1,0,0,0,0,TREND_REVERSAL_UNCONFIRMED,1,0.45,SHORT,1,0,0,0
BNBUSDT,1779724800000,2026-05-25T16:00:00.000Z,BULL,SHORT,0,7.875,IGNORE,0,WATCH,,0,0,0,NA,NA,NA,NA,NA,CLEAR,1,0,0,0,0,TREND_REVERSAL_UNCONFIRMED,0,0.45,SHORT,1,0,0,0
BNBUSDT,1779728400000,2026-05-25T17:00:00.000Z,NEUTRAL,NONE,0,7.875,IGNORE,0,WATCH,,0,0,0,NA,NA,NA,NA,NA,BLOCK,0,0,0,0,0,TREND_REVERSAL_UNCONFIRMED,0,0.45,NONE,1,0,0,0
BNBUSDT,1779732000000,2026-05-25T18:00:00.000Z,BULL,SHORT,13.407195377101704,12.587066635946758,IGNORE,0,WATCH,,0,0,0,NA,NA,NA,NA,NA,WARNING_SOFT,1,0,0,0,0,TREND_REVERSAL_UNCONFIRMED,1,0.45,SHORT,1,0,0,0
BNBUSDT,1779735600000,2026-05-25T19:00:00.000Z,NEUTRAL,NONE,0,7.875,IGNORE,0,WATCH,,0,0,0,NA,NA,NA,NA,NA,WARNING_SOFT,1,0,0,0,0,TREND_REVERSAL_UNCONFIRMED,0,0.45,NONE,1,0,0,0
BNBUSDT,1779739200000,2026-05-25T20:00:00.000Z,NEUTRAL,NONE,0,7.875,IGNORE,0,WATCH,,0,0,0,NA,NA,NA,NA,NA,WARNING_SOFT,1,0,0,0,0,TREND_REVERSAL_UNCONFIRMED,0,0.45,NONE,1,0,0,0
BNBUSDT,1779742800000,2026-05-25T21:00:00.000Z,NEUTRAL,NONE,0,7.875,IGNORE,0,WATCH,,0,0,0,NA,NA,NA,NA,NA,WARNING_SOFT,1,0,0,0,0,TREND_REVERSAL_UNCONFIRMED,0,0.45,NONE,1,0,0,0
BNBUSDT,1779746400000,2026-05-25T22:00:00.000Z,NEUTRAL,NONE,0,7.875,IGNORE,0,WATCH,,0,0,0,NA,NA,NA,NA,NA,WARNING_SOFT,1,0,0,0,0,TREND_REVERSAL_UNCONFIRMED,0,0.45,NONE,1,0,0,0
BNBUSDT,1779750000000,2026-05-25T23:00:00.000Z,BULL,SHORT,25,13.5,IGNORE,0,WATCH,,0,0,0,NA,NA,NA,NA,NA,WARNING_SOFT,1,0,0,0,0,TREND_REVERSAL_UNCONFIRMED,1,0.45,SHORT,1,0,0,0
BNBUSDT,1779753600000,2026-05-26T00:00:00.000Z,NEUTRAL,NONE,0,7.875,IGNORE,0,WATCH,,0,0,0,NA,NA,NA,NA,NA,WARNING_SOFT,1,0,0,0,0,TREND_REVERSAL_UNCONFIRMED,0,0.45,NONE,1,0,0,0
BNBUSDT,1779757200000,2026-05-26T01:00:00.000Z,NEUTRAL,NONE,0,7.875,IGNORE,0,WATCH,,0,0,0,NA,NA,NA,NA,NA,WARNING_SOFT,1,0,0,0,0,TREND_REVERSAL_UNCONFIRMED,0,0.45,NONE,1,0,0,0
BNBUSDT,1779760800000,2026-05-26T02:00:00.000Z,NEUTRAL,NONE,0,7.875,IGNORE,0,WATCH,,0,0,0,NA,NA,NA,NA,NA,WARNING_SOFT,1,0,0,0,0,TREND_REVERSAL_UNCONFIRMED,0,0.45,NONE,1,0,0,0
BNBUSDT,1779764400000,2026-05-26T03:00:00.000Z,NEUTRAL,NONE,0,7.875,IGNORE,0,WATCH,,0,0,0,NA,NA,NA,NA,NA,WARNING_SOFT,1,0,0,0,0,TREND_REVERSAL_UNCONFIRMED,0,0.45,NONE,1,0,0,0
BNBUSDT,1779768000000,2026-05-26T04:00:00.000Z,NEUTRAL,NONE,0,7.875,IGNORE,0,WATCH,,0,0,0,NA,NA,NA,NA,NA,WARNING_SOFT,1,0,0,0,0,TREND_REVERSAL_UNCONFIRMED,0,0.45,NONE,1,0,0,0
BNBUSDT,1779771600000,2026-05-26T05:00:00.000Z,NEUTRAL,NONE,0,7.875,IGNORE,0,WATCH,,0,0,0,NA,NA,NA,NA,NA,WARNING_SOFT,1,0,0,0,0,TREND_REVERSAL_UNCONFIRMED,0,0.45,NONE,1,0,0,0
BNBUSDT,1779775200000,2026-05-26T06:00:00.000Z,NEUTRAL,NONE,0,7.875,IGNORE,0,WATCH,,0,0,0,NA,NA,NA,NA,NA,WARNING_SOFT,1,0,0,0,0,TREND_REVERSAL_UNCONFIRMED,0,0.45,NONE,1,0,0,0
BNBUSDT,1779778800000,2026-05-26T07:00:00.000Z,NEUTRAL,NONE,0,7.875,IGNORE,0,WATCH,,0,0,0,NA,NA,NA,NA,NA,BLOCK,0,0,0,0,0,TREND_REVERSAL_UNCONFIRMED,0,0.45,NONE,1,0,0,0
BNBUSDT,1779782400000,2026-05-26T08:00:00.000Z,NEUTRAL,NONE,0,7.875,IGNORE,0,WATCH,,0,0,0,NA,NA,NA,NA,NA,BLOCK,0,0,0,0,0,TREND_REVERSAL_UNCONFIRMED,0,0.45,NONE,1,0,0,0
BNBUSDT,1779786000000,2026-05-26T09:00:00.000Z,NEUTRAL,NONE,0,7.875,IGNORE,0,WATCH,,0,0,0,NA,NA,NA,NA,NA,WARNING_SOFT,1,0,0,0,0,TREND_REVERSAL_UNCONFIRMED,0,0.45,NONE,1,0,0,0
BNBUSDT,1779789600000,2026-05-26T10:00:00.000Z,BULL,SHORT,37.170930246755105,18.114710756931967,IGNORE,0,WATCH,,0,0,0,NA,NA,NA,NA,NA,WARNING_SOFT,1,1,0,0,0,TREND_REVERSAL_UNCONFIRMED,2,0.45,SHORT,1,0,0,0
BNBUSDT,1779793200000,2026-05-26T11:00:00.000Z,BULL,SHORT,17.5,12.909375,IGNORE,0,WATCH,,0,0,0,NA,NA,NA,NA,NA,CLEAR,1,0,0,0,0,TREND_REVERSAL_UNCONFIRMED,1,0.45,SHORT,1,0,0,0
BNBUSDT,1779796800000,2026-05-26T12:00:00.000Z,BULL,SHORT,17.5,12.909375,IGNORE,0,WATCH,,0,0,0,NA,NA,NA,NA,NA,CLEAR,1,0,0,0,0,TREND_REVERSAL_UNCONFIRMED,1,0.45,SHORT,1,0,0,0
BNBUSDT,1779800400000,2026-05-26T13:00:00.000Z,BULL,SHORT,66.74387700598118,53.80634991987923,WATCH,1,WATCH,ACTIVE,1,1,0,PASS,PASS,SKIP,SKIP,FAIL,CLEAR,1,0,0,0,0,MARKET_CONTEXT_DENIED,3,0.84,SHORT,0,1,0,0
BNBUSDT,1779804000000,2026-05-26T14:00:00.000Z,BULL,SHORT,42.5,18.534375,IGNORE,0,WATCH,,0,0,0,NA,NA,NA,NA,NA,WARNING_HARD,1,0,0,0,0,TREND_REVERSAL_UNCONFIRMED,2,0.45,SHORT,1,0,0,0
BNBUSDT,1779807600000,2026-05-26T15:00:00.000Z,NEUTRAL,NONE,0,7.875,IGNORE,0,WATCH,,0,0,0,NA,NA,NA,NA,NA,WARNING_SOFT,1,0,0,0,0,TREND_REVERSAL_UNCONFIRMED,0,0.45,NONE,1,0,0,0
BNBUSDT,1779811200000,2026-05-26T16:00:00.000Z,NEUTRAL,NONE,0,7.875,IGNORE,0,WATCH,,0,0,0,NA,NA,NA,NA,NA,WARNING_SOFT,1,0,0,0,0,TREND_REVERSAL_UNCONFIRMED,0,0.45,NONE,1,0,0,0
BNBUSDT,1779814800000,2026-05-26T17:00:00.000Z,NEUTRAL,NONE,0,7.875,IGNORE,0,WATCH,,0,0,0,NA,NA,NA,NA,NA,WARNING_SOFT,1,0,0,0,0,TREND_REVERSAL_UNCONFIRMED,0,0.45,NONE,1,0,0,0
BNBUSDT,1779818400000,2026-05-26T18:00:00.000Z,NEUTRAL,NONE,0,7.875,IGNORE,0,WATCH,,0,0,0,NA,NA,NA,NA,NA,WARNING_SOFT,1,0,0,0,0,TREND_REVERSAL_UNCONFIRMED,0,0.45,NONE,1,0,0,0
BNBUSDT,1779822000000,2026-05-26T19:00:00.000Z,NEUTRAL,NONE,0,7.875,IGNORE,0,WATCH,,0,0,0,NA,NA,NA,NA,NA,WARNING_SOFT,1,0,0,0,0,TREND_REVERSAL_UNCONFIRMED,0,0.45,NONE,1,0,0,0
BNBUSDT,1779825600000,2026-05-26T20:00:00.000Z,BEAR,LONG,0,7.875,IGNORE,0,WATCH,,0,0,0,NA,NA,NA,NA,NA,CLEAR,1,0,0,0,0,TREND_REVERSAL_UNCONFIRMED,0,0.45,LONG,1,0,0,0
BNBUSDT,1779829200000,2026-05-26T21:00:00.000Z,BEAR,LONG,0,7.875,IGNORE,0,WATCH,,0,0,0,NA,NA,NA,NA,NA,CLEAR,1,0,0,0,0,TREND_REVERSAL_UNCONFIRMED,0,0.45,LONG,1,0,0,0
BNBUSDT,1779832800000,2026-05-26T22:00:00.000Z,BEAR,LONG,19.655750000000022,13.079140312500002,IGNORE,0,WATCH,,0,0,0,NA,NA,NA,NA,NA,CLEAR,1,0,0,0,0,TREND_REVERSAL_UNCONFIRMED,1,0.45,LONG,1,0,0,0
BNBUSDT,1779836400000,2026-05-26T23:00:00.000Z,BEAR,LONG,0,7.875,IGNORE,0,WATCH,,0,0,0,NA,NA,NA,NA,NA,CLEAR,1,0,0,0,0,TREND_REVERSAL_UNCONFIRMED,0,0.45,LONG,1,0,0,0
BNBUSDT,1779840000000,2026-05-27T00:00:00.000Z,BEAR,LONG,0,7.875,IGNORE,0,WATCH,,0,0,0,NA,NA,NA,NA,NA,CLEAR,1,0,0,0,0,TREND_REVERSAL_UNCONFIRMED,0,0.45,LONG,1,0,0,0
BNBUSDT,1779843600000,2026-05-27T01:00:00.000Z,BEAR,LONG,0,7.875,IGNORE,0,WATCH,,0,0,0,NA,NA,NA,NA,NA,CLEAR,1,0,0,0,0,TREND_REVERSAL_UNCONFIRMED,0,0.45,LONG,1,0,0,0
BNBUSDT,1779847200000,2026-05-27T02:00:00.000Z,BEAR,LONG,0,7.875,IGNORE,0,WATCH,,0,0,0,NA,NA,NA,NA,NA,CLEAR,1,0,0,0,0,TREND_REVERSAL_UNCONFIRMED,0,0.45,LONG,1,0,0,0
BNBUSDT,1779850800000,2026-05-27T03:00:00.000Z,BEAR,LONG,12.847222222222221,12.54296875,IGNORE,0,WATCH,,0,0,0,NA,NA,NA,NA,NA,CLEAR,1,0,0,0,0,TREND_REVERSAL_UNCONFIRMED,1,0.45,LONG,1,0,0,0
BNBUSDT,1779854400000,2026-05-27T04:00:00.000Z,BEAR,LONG,12.769083847551599,12.536815352994688,IGNORE,0,WATCH,,0,0,0,NA,NA,NA,NA,NA,CLEAR,1,0,0,0,0,TREND_REVERSAL_UNCONFIRMED,1,0.45,LONG,1,0,0,0
BNBUSDT,1779858000000,2026-05-27T05:00:00.000Z,BEAR,LONG,14.930555555555555,12.70703125,IGNORE,0,WATCH,,0,0,0,NA,NA,NA,NA,NA,CLEAR,1,0,0,0,0,TREND_REVERSAL_UNCONFIRMED,1,0.45,LONG,1,0,0,0
BNBUSDT,1779861600000,2026-05-27T06:00:00.000Z,BEAR,LONG,39.93055555555556,18.33203125,IGNORE,0,WATCH,,0,0,0,NA,NA,NA,NA,NA,CLEAR,1,0,0,0,0,TREND_REVERSAL_UNCONFIRMED,2,0.45,LONG,1,0,0,0
BNBUSDT,1779865200000,2026-05-27T07:00:00.000Z,BEAR,LONG,0,7.875,IGNORE,0,WATCH,,0,0,0,NA,NA,NA,NA,NA,CLEAR,1,0,0,0,0,TREND_REVERSAL_UNCONFIRMED,0,0.45,LONG,1,0,0,0
BNBUSDT,1779868800000,2026-05-27T08:00:00.000Z,BEAR,LONG,0,7.875,IGNORE,0,WATCH,,0,0,0,NA,NA,NA,NA,NA,CLEAR,1,0,0,0,0,TREND_REVERSAL_UNCONFIRMED,0,0.45,LONG,1,0,0,0
BNBUSDT,1779872400000,2026-05-27T09:00:00.000Z,BEAR,LONG,0,7.875,IGNORE,0,WATCH,,0,0,0,NA,NA,NA,NA,NA,CLEAR,1,0,0,0,0,TREND_REVERSAL_UNCONFIRMED,0,0.45,LONG,1,0,0,0
BNBUSDT,1779876000000,2026-05-27T10:00:00.000Z,BEAR,LONG,0,7.875,IGNORE,0,WATCH,,0,0,0,NA,NA,NA,NA,NA,WARNING_SOFT,1,0,0,0,0,TREND_REVERSAL_UNCONFIRMED,0,0.45,LONG,1,0,0,0
BNBUSDT,1779879600000,2026-05-27T11:00:00.000Z,BEAR,LONG,0,7.875,IGNORE,0,WATCH,,0,0,0,NA,NA,NA,NA,NA,WARNING_SOFT,1,0,0,0,0,TREND_REVERSAL_UNCONFIRMED,0,0.45,LONG,1,0,0,0
BNBUSDT,1779883200000,2026-05-27T12:00:00.000Z,BEAR,LONG,18.31212349299926,12.973329725073691,IGNORE,0,WATCH,,0,0,0,NA,NA,NA,NA,NA,BLOCK,0,0,0,0,0,TREND_REVERSAL_UNCONFIRMED,1,0.45,LONG,1,0,0,0
BNBUSDT,1779886800000,2026-05-27T13:00:00.000Z,BEAR,LONG,25,13.5,IGNORE,0,WATCH,,0,0,0,NA,NA,NA,NA,NA,WARNING_SOFT,1,0,1,0,0,TREND_REVERSAL_UNCONFIRMED,1,0.45,LONG,1,0,0,0
BNBUSDT,1779890400000,2026-05-27T14:00:00.000Z,BEAR,LONG,22.994413968484672,13.342060100018168,IGNORE,0,WATCH,,0,0,0,NA,NA,NA,NA,NA,CLEAR,1,0,0,0,0,TREND_REVERSAL_UNCONFIRMED,1,0.45,LONG,1,0,0,0
BNBUSDT,1779894000000,2026-05-27T15:00:00.000Z,NEUTRAL,NONE,0,7.875,IGNORE,0,WATCH,,0,0,0,NA,NA,NA,NA,NA,BLOCK,0,0,0,0,0,TREND_REVERSAL_UNCONFIRMED,0,0.45,NONE,1,0,0,0
BNBUSDT,1779897600000,2026-05-27T16:00:00.000Z,NEUTRAL,NONE,0,7.875,IGNORE,0,WATCH,,0,0,0,NA,NA,NA,NA,NA,WARNING_HARD,1,0,1,0,0,TREND_REVERSAL_UNCONFIRMED,0,0.45,NONE,1,0,0,0
BNBUSDT,1779901200000,2026-05-27T17:00:00.000Z,BEAR,LONG,23.429097104906347,13.376291397011375,IGNORE,0,WATCH,,0,0,0,NA,NA,NA,NA,NA,WARNING_SOFT,1,0,1,0,0,TREND_REVERSAL_UNCONFIRMED,1,0.45,LONG,1,0,0,0
BNBUSDT,1779904800000,2026-05-27T18:00:00.000Z,BEAR,LONG,25,13.5,IGNORE,0,WATCH,,0,0,0,NA,NA,NA,NA,NA,CLEAR,1,0,0,0,0,TREND_REVERSAL_UNCONFIRMED,1,0.45,LONG,1,0,0,0
BNBUSDT,1779908400000,2026-05-27T19:00:00.000Z,BEAR,LONG,0,7.875,IGNORE,0,WATCH,,0,0,0,NA,NA,NA,NA,NA,CLEAR,1,0,0,0,0,TREND_REVERSAL_UNCONFIRMED,0,0.45,LONG,1,0,0,0
BNBUSDT,1779912000000,2026-05-27T20:00:00.000Z,BEAR,LONG,0,7.875,IGNORE,0,WATCH,,0,0,0,NA,NA,NA,NA,NA,CLEAR,1,0,0,0,0,TREND_REVERSAL_UNCONFIRMED,0,0.45,LONG,1,0,0,0
BNBUSDT,1779915600000,2026-05-27T21:00:00.000Z,BEAR,LONG,25,13.5,IGNORE,0,WATCH,,0,0,0,NA,NA,NA,NA,NA,WARNING_SOFT,1,0,1,0,0,TREND_REVERSAL_UNCONFIRMED,1,0.45,LONG,1,0,0,0
BNBUSDT,1779919200000,2026-05-27T22:00:00.000Z,BEAR,LONG,25,13.5,IGNORE,0,WATCH,,0,0,0,NA,NA,NA,NA,NA,CLEAR,1,0,0,0,0,TREND_REVERSAL_UNCONFIRMED,1,0.45,LONG,1,0,0,0
BNBUSDT,1779922800000,2026-05-27T23:00:00.000Z,BEAR,LONG,0,7.875,IGNORE,0,WATCH,,0,0,0,NA,NA,NA,NA,NA,CLEAR,1,0,0,0,0,TREND_REVERSAL_UNCONFIRMED,0,0.45,LONG,1,0,0,0
BNBUSDT,1779926400000,2026-05-28T00:00:00.000Z,BEAR,LONG,0,7.875,IGNORE,0,WATCH,,0,0,0,NA,NA,NA,NA,NA,CLEAR,1,0,0,0,0,TREND_REVERSAL_UNCONFIRMED,0,0.45,LONG,1,0,0,0
BNBUSDT,1779930000000,2026-05-28T01:00:00.000Z,BEAR,LONG,16.197735730872225,12.806821688806187,IGNORE,0,WATCH,,0,0,0,NA,NA,NA,NA,NA,CLEAR,1,0,0,0,0,TREND_REVERSAL_UNCONFIRMED,1,0.45,LONG,1,0,0,0
BNBUSDT,1779933600000,2026-05-28T02:00:00.000Z,BEAR,LONG,13.772203040631886,12.615810989449761,IGNORE,0,WATCH,,0,0,0,NA,NA,NA,NA,NA,CLEAR,1,0,0,0,0,TREND_REVERSAL_UNCONFIRMED,1,0.45,LONG,1,0,0,0
BNBUSDT,1779937200000,2026-05-28T03:00:00.000Z,BEAR,LONG,37.84722222222222,18.16796875,IGNORE,0,WATCH,,0,0,0,NA,NA,NA,NA,NA,CLEAR,1,0,0,0,0,TREND_REVERSAL_UNCONFIRMED,2,0.45,LONG,1,0,0,0
BNBUSDT,1779940800000,2026-05-28T04:00:00.000Z,BEAR,LONG,37.84722222222222,18.16796875,IGNORE,0,WATCH,,0,0,0,NA,NA,NA,NA,NA,CLEAR,1,0,0,0,0,TREND_REVERSAL_UNCONFIRMED,2,0.45,LONG,1,0,0,0
BNBUSDT,1779944400000,2026-05-28T05:00:00.000Z,BEAR,LONG,39.93055555555556,18.33203125,IGNORE,0,WATCH,,0,0,0,NA,NA,NA,NA,NA,CLEAR,1,0,0,0,0,TREND_REVERSAL_UNCONFIRMED,2,0.45,LONG,1,0,0,0
BNBUSDT,1779948000000,2026-05-28T06:00:00.000Z,BEAR,LONG,27.527324785302547,17.355276826842573,IGNORE,0,WATCH,,0,0,0,NA,NA,NA,NA,NA,CLEAR,1,0,0,0,0,TREND_REVERSAL_UNCONFIRMED,2,0.45,LONG,1,0,0,0
BNBUSDT,1779951600000,2026-05-28T07:00:00.000Z,BEAR,LONG,12.847222222222221,12.54296875,IGNORE,0,WATCH,,0,0,0,NA,NA,NA,NA,NA,CLEAR,1,0,0,0,0,TREND_REVERSAL_UNCONFIRMED,1,0.45,LONG,1,0,0,0
BNBUSDT,1779955200000,2026-05-28T08:00:00.000Z,BEAR,LONG,37.84722222222222,18.16796875,IGNORE,0,WATCH,,0,0,0,NA,NA,NA,NA,NA,CLEAR,1,0,0,0,0,TREND_REVERSAL_UNCONFIRMED,2,0.45,LONG,1,0,0,0
BNBUSDT,1779958800000,2026-05-28T09:00:00.000Z,BEAR,LONG,12.847222222222221,12.54296875,IGNORE,0,WATCH,,0,0,0,NA,NA,NA,NA,NA,CLEAR,1,0,0,0,0,TREND_REVERSAL_UNCONFIRMED,1,0.45,LONG,1,0,0,0
BNBUSDT,1779962400000,2026-05-28T10:00:00.000Z,BEAR,LONG,16.319444444444443,12.81640625,IGNORE,0,WATCH,,0,0,0,NA,NA,NA,NA,NA,CLEAR,1,0,0,0,0,TREND_REVERSAL_UNCONFIRMED,1,0.45,LONG,1,0,0,0
BNBUSDT,1779966000000,2026-05-28T11:00:00.000Z,BEAR,LONG,16.319444444444443,12.81640625,IGNORE,0,WATCH,,0,0,0,NA,NA,NA,NA,NA,CLEAR,1,0,0,0,0,TREND_REVERSAL_UNCONFIRMED,1,0.45,LONG,1,0,0,0
BNBUSDT,1779969600000,2026-05-28T12:00:00.000Z,BEAR,LONG,12.847222222222221,12.54296875,IGNORE,0,WATCH,,0,0,0,NA,NA,NA,NA,NA,CLEAR,1,0,0,0,0,TREND_REVERSAL_UNCONFIRMED,1,0.45,LONG,1,0,0,0
BNBUSDT,1779973200000,2026-05-28T13:00:00.000Z,BEAR,LONG,26.17757710711779,17.24898419718553,IGNORE,0,WATCH,,0,0,0,NA,NA,NA,NA,NA,CLEAR,1,0,0,0,0,TREND_REVERSAL_UNCONFIRMED,2,0.45,LONG,1,0,0,0
BNBUSDT,1779976800000,2026-05-28T14:00:00.000Z,BEAR,LONG,49.13224420484694,19.0566642311317,IGNORE,0,WATCH,,0,0,0,NA,NA,NA,NA,NA,CLEAR,1,0,0,0,0,TREND_REVERSAL_UNCONFIRMED,2,0.45,LONG,1,0,0,0
BNBUSDT,1779980400000,2026-05-28T15:00:00.000Z,BEAR,LONG,0,7.875,IGNORE,0,WATCH,,0,0,0,NA,NA,NA,NA,NA,CLEAR,1,0,0,0,0,TREND_REVERSAL_UNCONFIRMED,0,0.45,LONG,1,0,0,0
BNBUSDT,1779984000000,2026-05-28T16:00:00.000Z,NEUTRAL,NONE,0,7.875,IGNORE,0,WATCH,,0,0,0,NA,NA,NA,NA,NA,WARNING_SOFT,1,0,0,0,0,TREND_REVERSAL_UNCONFIRMED,0,0.45,NONE,1,0,0,0
BNBUSDT,1779987600000,2026-05-28T17:00:00.000Z,NEUTRAL,NONE,0,7.875,IGNORE,0,WATCH,,0,0,0,NA,NA,NA,NA,NA,WARNING_SOFT,1,0,0,0,0,TREND_REVERSAL_UNCONFIRMED,0,0.45,NONE,1,0,0,0
BNBUSDT,1779991200000,2026-05-28T18:00:00.000Z,NEUTRAL,NONE,0,7.875,IGNORE,0,WATCH,,0,0,0,NA,NA,NA,NA,NA,WARNING_SOFT,1,0,0,0,0,TREND_REVERSAL_UNCONFIRMED,0,0.45,NONE,1,0,0,0
BNBUSDT,1779994800000,2026-05-28T19:00:00.000Z,NEUTRAL,NONE,0,7.875,IGNORE,0,WATCH,,0,0,0,NA,NA,NA,NA,NA,WARNING_SOFT,1,0,0,0,0,TREND_REVERSAL_UNCONFIRMED,0,0.45,NONE,1,0,0,0
BNBUSDT,1779998400000,2026-05-28T20:00:00.000Z,NEUTRAL,NONE,0,7.875,IGNORE,0,WATCH,,0,0,0,NA,NA,NA,NA,NA,WARNING_SOFT,1,0,0,0,0,TREND_REVERSAL_UNCONFIRMED,0,0.45,NONE,1,0,0,0
BNBUSDT,1780002000000,2026-05-28T21:00:00.000Z,NEUTRAL,NONE,0,7.875,IGNORE,0,WATCH,,0,0,0,NA,NA,NA,NA,NA,CLEAR,1,0,0,0,0,TREND_REVERSAL_UNCONFIRMED,0,0.45,NONE,1,0,0,0
BNBUSDT,1780005600000,2026-05-28T22:00:00.000Z,BEAR,LONG,0,7.875,IGNORE,0,WATCH,,0,0,0,NA,NA,NA,NA,NA,WARNING_SOFT,1,0,0,0,0,TREND_REVERSAL_UNCONFIRMED,0,0.45,LONG,1,0,0,0
BNBUSDT,1780009200000,2026-05-28T23:00:00.000Z,BEAR,LONG,0,7.875,IGNORE,0,WATCH,,0,0,0,NA,NA,NA,NA,NA,WARNING_SOFT,1,0,0,0,0,TREND_REVERSAL_UNCONFIRMED,0,0.45,LONG,1,0,0,0
BNBUSDT,1780012800000,2026-05-29T00:00:00.000Z,BEAR,LONG,0,7.875,IGNORE,0,WATCH,,0,0,0,NA,NA,NA,NA,NA,CLEAR,1,0,0,0,0,TREND_REVERSAL_UNCONFIRMED,0,0.45,LONG,1,0,0,0
BNBUSDT,1780016400000,2026-05-29T01:00:00.000Z,BEAR,LONG,0,7.875,IGNORE,0,WATCH,,0,0,0,NA,NA,NA,NA,NA,CLEAR,1,0,0,0,0,TREND_REVERSAL_UNCONFIRMED,0,0.45,LONG,1,0,0,0
BNBUSDT,1780020000000,2026-05-29T02:00:00.000Z,BEAR,LONG,0,7.875,IGNORE,0,WATCH,,0,0,0,NA,NA,NA,NA,NA,CLEAR,1,0,0,0,0,TREND_REVERSAL_UNCONFIRMED,0,0.45,LONG,1,0,0,0
BNBUSDT,1780023600000,2026-05-29T03:00:00.000Z,BEAR,LONG,25,13.5,IGNORE,0,WATCH,,0,0,0,NA,NA,NA,NA,NA,CLEAR,1,0,0,0,0,TREND_REVERSAL_UNCONFIRMED,1,0.45,LONG,1,0,0,0
BNBUSDT,1780027200000,2026-05-29T04:00:00.000Z,BEAR,LONG,0,7.875,IGNORE,0,WATCH,,0,0,0,NA,NA,NA,NA,NA,CLEAR,1,0,0,0,0,TREND_REVERSAL_UNCONFIRMED,0,0.45,LONG,1,0,0,0
BNBUSDT,1780030800000,2026-05-29T05:00:00.000Z,NEUTRAL,NONE,0,7.875,IGNORE,0,WATCH,,0,0,0,NA,NA,NA,NA,NA,WARNING_SOFT,1,0,0,0,0,TREND_REVERSAL_UNCONFIRMED,0,0.45,NONE,1,0,0,0
BNBUSDT,1780034400000,2026-05-29T06:00:00.000Z,BEAR,LONG,17.5,12.909375,IGNORE,0,WATCH,,0,0,0,NA,NA,NA,NA,NA,WARNING_SOFT,1,0,0,0,0,TREND_REVERSAL_UNCONFIRMED,1,0.45,LONG,1,0,0,0
BNBUSDT,1780038000000,2026-05-29T07:00:00.000Z,BEAR,LONG,17.5,12.909375,IGNORE,0,WATCH,,0,0,0,NA,NA,NA,NA,NA,WARNING_SOFT,1,0,0,0,0,TREND_REVERSAL_UNCONFIRMED,1,0.45,LONG,1,0,0,0
BNBUSDT,1780041600000,2026-05-29T08:00:00.000Z,BEAR,LONG,17.5,12.909375,IGNORE,0,WATCH,,0,0,0,NA,NA,NA,NA,NA,WARNING_SOFT,1,0,0,0,0,TREND_REVERSAL_UNCONFIRMED,1,0.45,LONG,1,0,0,0
BNBUSDT,1780045200000,2026-05-29T09:00:00.000Z,NEUTRAL,NONE,0,7.875,IGNORE,0,WATCH,,0,0,0,NA,NA,NA,NA,NA,CLEAR,1,0,0,0,0,TREND_REVERSAL_UNCONFIRMED,0,0.45,NONE,1,0,0,0
BNBUSDT,1780048800000,2026-05-29T10:00:00.000Z,NEUTRAL,NONE,0,7.875,IGNORE,0,WATCH,,0,0,0,NA,NA,NA,NA,NA,CLEAR,1,0,0,0,0,TREND_REVERSAL_UNCONFIRMED,0,0.45,NONE,1,0,0,0
BNBUSDT,1780052400000,2026-05-29T11:00:00.000Z,BEAR,LONG,17.5,12.909375,IGNORE,0,WATCH,,0,0,0,NA,NA,NA,NA,NA,WARNING_SOFT,1,0,0,0,0,TREND_REVERSAL_UNCONFIRMED,1,0.45,LONG,1,0,0,0
BNBUSDT,1780056000000,2026-05-29T12:00:00.000Z,BEAR,LONG,17.5,12.909375,IGNORE,0,WATCH,,0,0,0,NA,NA,NA,NA,NA,CLEAR,1,0,0,0,0,TREND_REVERSAL_UNCONFIRMED,1,0.45,LONG,1,0,0,0
BNBUSDT,1780059600000,2026-05-29T13:00:00.000Z,BEAR,LONG,58.58045090432772,51.76632628293617,WATCH,1,WATCH,ACTIVE,1,1,0,FAIL,PASS,SKIP,SKIP,PASS,CLEAR,1,0,0,0,0,MARKET_CONTEXT_DENIED,3,0.84,LONG,0,1,0,0
BNBUSDT,1780063200000,2026-05-29T14:00:00.000Z,BEAR,LONG,42.5,18.534375,IGNORE,0,WATCH,,0,0,0,NA,NA,NA,NA,NA,CLEAR,1,0,0,0,0,TREND_REVERSAL_UNCONFIRMED,2,0.45,LONG,1,0,0,0
BNBUSDT,1780066800000,2026-05-29T15:00:00.000Z,NEUTRAL,NONE,0,7.875,IGNORE,0,WATCH,,0,0,0,NA,NA,NA,NA,NA,WARNING_SOFT,1,0,0,0,0,TREND_REVERSAL_UNCONFIRMED,0,0.45,NONE,1,0,0,0
BNBUSDT,1780070400000,2026-05-29T16:00:00.000Z,NEUTRAL,NONE,0,7.875,IGNORE,0,WATCH,,0,0,0,NA,NA,NA,NA,NA,CLEAR,1,0,0,0,0,TREND_REVERSAL_UNCONFIRMED,0,0.45,NONE,1,0,0,0
BNBUSDT,1780074000000,2026-05-29T17:00:00.000Z,NEUTRAL,NONE,0,7.875,IGNORE,0,WATCH,,0,0,0,NA,NA,NA,NA,NA,CLEAR,1,0,0,0,0,TREND_REVERSAL_UNCONFIRMED,0,0.45,NONE,1,0,0,0
BNBUSDT,1780077600000,2026-05-29T18:00:00.000Z,NEUTRAL,NONE,0,7.875,IGNORE,0,WATCH,,0,0,0,NA,NA,NA,NA,NA,WARNING_SOFT,1,0,0,0,0,TREND_REVERSAL_UNCONFIRMED,0,0.45,NONE,1,0,0,0
BNBUSDT,1780081200000,2026-05-29T19:00:00.000Z,NEUTRAL,NONE,0,7.875,IGNORE,0,WATCH,,0,0,0,NA,NA,NA,NA,NA,WARNING_SOFT,1,0,0,0,0,TREND_REVERSAL_UNCONFIRMED,0,0.45,NONE,1,0,0,0
BNBUSDT,1780084800000,2026-05-29T20:00:00.000Z,NEUTRAL,NONE,0,7.875,IGNORE,0,WATCH,,0,0,0,NA,NA,NA,NA,NA,CLEAR,1,0,0,0,0,TREND_REVERSAL_UNCONFIRMED,0,0.45,NONE,1,0,0,0
BNBUSDT,1780088400000,2026-05-29T21:00:00.000Z,NEUTRAL,NONE,0,7.875,IGNORE,0,WATCH,,0,0,0,NA,NA,NA,NA,NA,WARNING_SOFT,1,0,0,0,0,TREND_REVERSAL_UNCONFIRMED,0,0.45,NONE,1,0,0,0
BNBUSDT,1780092000000,2026-05-29T22:00:00.000Z,NEUTRAL,NONE,0,7.875,IGNORE,0,WATCH,,0,0,0,NA,NA,NA,NA,NA,WARNING_SOFT,1,0,0,0,0,TREND_REVERSAL_UNCONFIRMED,0,0.45,NONE,1,0,0,0
BNBUSDT,1780095600000,2026-05-29T23:00:00.000Z,NEUTRAL,NONE,0,7.875,IGNORE,0,WATCH,,0,0,0,NA,NA,NA,NA,NA,WARNING_SOFT,1,0,0,0,0,TREND_REVERSAL_UNCONFIRMED,0,0.45,NONE,1,0,0,0
BNBUSDT,1780099200000,2026-05-30T00:00:00.000Z,NEUTRAL,NONE,0,7.875,IGNORE,0,WATCH,,0,0,0,NA,NA,NA,NA,NA,WARNING_SOFT,1,0,0,0,0,TREND_REVERSAL_UNCONFIRMED,0,0.45,NONE,1,0,0,0
BNBUSDT,1780102800000,2026-05-30T01:00:00.000Z,NEUTRAL,NONE,0,7.875,IGNORE,0,WATCH,,0,0,0,NA,NA,NA,NA,NA,CLEAR,1,0,0,0,0,TREND_REVERSAL_UNCONFIRMED,0,0.45,NONE,1,0,0,0
BNBUSDT,1780106400000,2026-05-30T02:00:00.000Z,BULL,SHORT,39.93055555555556,18.33203125,IGNORE,0,WATCH,,0,0,0,NA,NA,NA,NA,NA,CLEAR,1,1,0,0,0,TREND_REVERSAL_UNCONFIRMED,2,0.45,SHORT,1,0,0,0
BNBUSDT,1780110000000,2026-05-30T03:00:00.000Z,BULL,SHORT,64.93055555555556,61.93979166666667,WATCH,1,ACTIVE,ACTIVE,1,1,1,PASS,PASS,SKIP,SKIP,PASS,WARNING_HARD,1,0,0,0,1,,3,0.84,SHORT,0,1,0,0
BNBUSDT,1780113600000,2026-05-30T04:00:00.000Z,BULL,SHORT,35.99854608466034,18.022385504167,IGNORE,0,WATCH,,0,0,0,NA,NA,NA,NA,NA,WARNING_HARD,1,0,0,0,0,TREND_REVERSAL_UNCONFIRMED,2,0.45,SHORT,1,0,0,0
BNBUSDT,1780117200000,2026-05-30T05:00:00.000Z,BULL,SHORT,41.31944444444444,18.44140625,IGNORE,0,WATCH,,0,0,0,NA,NA,NA,NA,NA,CLEAR,1,0,0,0,0,TREND_REVERSAL_UNCONFIRMED,2,0.45,SHORT,1,0,0,0
BNBUSDT,1780120800000,2026-05-30T06:00:00.000Z,BULL,SHORT,37.78693253562951,18.163220937180824,IGNORE,0,WATCH,,0,0,0,NA,NA,NA,NA,NA,CLEAR,1,0,0,0,0,TREND_REVERSAL_UNCONFIRMED,2,0.45,SHORT,1,0,0,0
BNBUSDT,1780124400000,2026-05-30T07:00:00.000Z,BULL,SHORT,43.05555555555556,18.578125,IGNORE,0,WATCH,,0,0,0,NA,NA,NA,NA,NA,WARNING_HARD,1,0,0,0,0,TREND_REVERSAL_UNCONFIRMED,2,0.45,SHORT,1,0,0,0
BNBUSDT,1780128000000,2026-05-30T08:00:00.000Z,BULL,SHORT,36.36949396451378,18.05159764970546,IGNORE,0,WATCH,,0,0,0,NA,NA,NA,NA,NA,WARNING_HARD,1,0,0,0,0,TREND_REVERSAL_UNCONFIRMED,2,0.45,SHORT,1,0,0,0
BNBUSDT,1780131600000,2026-05-30T09:00:00.000Z,BULL,SHORT,56.957046895001376,60.76768589356521,WATCH,1,ACTIVE,ACTIVE,1,1,1,PASS,PASS,SKIP,SKIP,PASS,CLEAR,1,0,0,0,1,,3,0.84,SHORT,0,1,0,0
BNBUSDT,1780135200000,2026-05-30T10:00:00.000Z,BULL,SHORT,19.791666666666668,13.08984375,IGNORE,0,WATCH,,0,0,0,NA,NA,NA,NA,NA,CLEAR,1,0,0,0,0,TREND_REVERSAL_UNCONFIRMED,1,0.45,SHORT,1,0,0,0
BNBUSDT,1780138800000,2026-05-30T11:00:00.000Z,BULL,SHORT,12.847222222222221,12.54296875,IGNORE,0,WATCH,,0,0,0,NA,NA,NA,NA,NA,CLEAR,1,0,0,0,0,TREND_REVERSAL_UNCONFIRMED,1,0.45,SHORT,1,0,0,0
BNBUSDT,1780142400000,2026-05-30T12:00:00.000Z,BULL,SHORT,12.847222222222221,12.54296875,IGNORE,0,WATCH,,0,0,0,NA,NA,NA,NA,NA,CLEAR,1,0,0,0,0,TREND_REVERSAL_UNCONFIRMED,1,0.45,SHORT,1,0,0,0
BNBUSDT,1780146000000,2026-05-30T13:00:00.000Z,BULL,SHORT,12.847222222222221,12.54296875,IGNORE,0,WATCH,,0,0,0,NA,NA,NA,NA,NA,CLEAR,1,0,0,0,0,TREND_REVERSAL_UNCONFIRMED,1,0.45,SHORT,1,0,0,0
BNBUSDT,1780149600000,2026-05-30T14:00:00.000Z,BULL,SHORT,39.58333333333333,18.3046875,IGNORE,0,WATCH,,0,0,0,NA,NA,NA,NA,NA,CLEAR,1,0,0,0,0,TREND_REVERSAL_UNCONFIRMED,2,0.45,SHORT,1,0,0,0
BNBUSDT,1780153200000,2026-05-30T15:00:00.000Z,BULL,SHORT,39.58333333333333,18.3046875,IGNORE,0,WATCH,,0,0,0,NA,NA,NA,NA,NA,CLEAR,1,0,0,0,0,TREND_REVERSAL_UNCONFIRMED,2,0.45,SHORT,1,0,0,0
BNBUSDT,1780156800000,2026-05-30T16:00:00.000Z,BULL,SHORT,41.31944444444444,18.44140625,IGNORE,0,WATCH,,0,0,0,NA,NA,NA,NA,NA,CLEAR,1,0,0,0,0,TREND_REVERSAL_UNCONFIRMED,2,0.45,SHORT,1,0,0,0
BNBUSDT,1780160400000,2026-05-30T17:00:00.000Z,BULL,SHORT,43.40277777777778,18.605468750000004,IGNORE,0,WATCH,,0,0,0,NA,NA,NA,NA,NA,CLEAR,1,0,0,0,0,TREND_REVERSAL_UNCONFIRMED,2,0.45,SHORT,1,0,0,0
BNBUSDT,1780164000000,2026-05-30T18:00:00.000Z,BULL,SHORT,34.80960121782602,17.9287560959038,IGNORE,0,WATCH,,0,0,0,NA,NA,NA,NA,NA,CLEAR,1,0,0,0,0,TREND_REVERSAL_UNCONFIRMED,2,0.45,SHORT,1,0,0,0
BNBUSDT,1780167600000,2026-05-30T19:00:00.000Z,BULL,SHORT,44.79166666666667,18.714843750000004,IGNORE,0,WATCH,,0,0,0,NA,NA,NA,NA,NA,CLEAR,1,1,0,0,0,TREND_REVERSAL_UNCONFIRMED,2,0.45,SHORT,1,0,0,0
BNBUSDT,1780171200000,2026-05-30T20:00:00.000Z,BULL,SHORT,29.262823184235287,17.49194732575853,IGNORE,0,WATCH,,0,0,0,NA,NA,NA,NA,NA,CLEAR,1,0,0,0,0,TREND_REVERSAL_UNCONFIRMED,2,0.45,SHORT,1,0,0,0
BNBUSDT,1780174800000,2026-05-30T21:00:00.000Z,BULL,SHORT,32.0737480618715,17.713307659872378,IGNORE,0,WATCH,,0,0,0,NA,NA,NA,NA,NA,CLEAR,1,0,0,0,0,TREND_REVERSAL_UNCONFIRMED,2,0.45,SHORT,1,0,0,0
BNBUSDT,1780178400000,2026-05-30T22:00:00.000Z,BULL,SHORT,32.202426538015885,17.72344108986875,IGNORE,0,WATCH,,0,0,0,NA,NA,NA,NA,NA,CLEAR,1,0,0,0,0,TREND_REVERSAL_UNCONFIRMED,2,0.45,SHORT,1,0,0,0
BNBUSDT,1780182000000,2026-05-30T23:00:00.000Z,BULL,SHORT,39.58333333333333,18.3046875,IGNORE,0,WATCH,,0,0,0,NA,NA,NA,NA,NA,CLEAR,1,0,0,0,0,TREND_REVERSAL_UNCONFIRMED,2,0.45,SHORT,1,0,0,0
BNBUSDT,1780185600000,2026-05-31T00:00:00.000Z,BULL,SHORT,14.583333333333332,12.6796875,IGNORE,0,WATCH,,0,0,0,NA,NA,NA,NA,NA,CLEAR,1,0,0,0,0,TREND_REVERSAL_UNCONFIRMED,1,0.45,SHORT,1,0,0,0
BNBUSDT,1780189200000,2026-05-31T01:00:00.000Z,BULL,SHORT,14.583333333333332,12.6796875,IGNORE,0,WATCH,,0,0,0,NA,NA,NA,NA,NA,CLEAR,1,0,0,0,0,TREND_REVERSAL_UNCONFIRMED,1,0.45,SHORT,1,0,0,0
BNBUSDT,1780192800000,2026-05-31T02:00:00.000Z,BULL,SHORT,41.31944444444444,18.44140625,IGNORE,0,WATCH,,0,0,0,NA,NA,NA,NA,NA,CLEAR,1,0,0,0,0,TREND_REVERSAL_UNCONFIRMED,2,0.45,SHORT,1,0,0,0
BNBUSDT,1780196400000,2026-05-31T03:00:00.000Z,BULL,SHORT,31.7312165375487,17.68633330233196,IGNORE,0,WATCH,,0,0,0,NA,NA,NA,NA,NA,CLEAR,1,0,0,0,0,TREND_REVERSAL_UNCONFIRMED,2,0.45,SHORT,1,0,0,0
BNBUSDT,1780200000000,2026-05-31T04:00:00.000Z,BULL,SHORT,14.583333333333332,12.6796875,IGNORE,0,WATCH,,0,0,0,NA,NA,NA,NA,NA,CLEAR,1,0,0,0,0,TREND_REVERSAL_UNCONFIRMED,1,0.45,SHORT,1,0,0,0
BNBUSDT,1780203600000,2026-05-31T05:00:00.000Z,BULL,SHORT,14.583333333333332,12.6796875,IGNORE,0,WATCH,,0,0,0,NA,NA,NA,NA,NA,CLEAR,1,0,0,0,0,TREND_REVERSAL_UNCONFIRMED,1,0.45,SHORT,1,0,0,0
BNBUSDT,1780207200000,2026-05-31T06:00:00.000Z,BULL,SHORT,12.847222222222221,12.54296875,IGNORE,0,WATCH,,0,0,0,NA,NA,NA,NA,NA,CLEAR,1,0,0,0,0,TREND_REVERSAL_UNCONFIRMED,1,0.45,SHORT,1,0,0,0
BNBUSDT,1780210800000,2026-05-31T07:00:00.000Z,BULL,SHORT,22.55929122800859,13.307794184205676,IGNORE,0,WATCH,,0,0,0,NA,NA,NA,NA,NA,BLOCK,0,0,0,0,0,TREND_REVERSAL_UNCONFIRMED,1,0.45,SHORT,1,0,0,0
BNBUSDT,1780214400000,2026-05-31T08:00:00.000Z,BULL,SHORT,0,7.875,IGNORE,0,WATCH,,0,0,0,NA,NA,NA,NA,NA,WARNING_SOFT,1,0,0,0,0,TREND_REVERSAL_UNCONFIRMED,0,0.45,SHORT,1,0,0,0
BNBUSDT,1780218000000,2026-05-31T09:00:00.000Z,BULL,SHORT,0,7.875,IGNORE,0,WATCH,,0,0,0,NA,NA,NA,NA,NA,WARNING_SOFT,1,0,0,0,0,TREND_REVERSAL_UNCONFIRMED,0,0.45,SHORT,1,0,0,0
BNBUSDT,1780221600000,2026-05-31T10:00:00.000Z,BULL,SHORT,0,7.875,IGNORE,0,WATCH,,0,0,0,NA,NA,NA,NA,NA,WARNING_SOFT,1,0,0,0,0,TREND_REVERSAL_UNCONFIRMED,0,0.45,SHORT,1,0,0,0
BNBUSDT,1780225200000,2026-05-31T11:00:00.000Z,BULL,SHORT,0,7.875,IGNORE,0,WATCH,,0,0,0,NA,NA,NA,NA,NA,WARNING_SOFT,1,0,0,0,0,TREND_REVERSAL_UNCONFIRMED,0,0.45,SHORT,1,0,0,0
BNBUSDT,1780228800000,2026-05-31T12:00:00.000Z,BULL,SHORT,0,7.875,IGNORE,0,WATCH,,0,0,0,NA,NA,NA,NA,NA,WARNING_SOFT,1,0,0,0,0,TREND_REVERSAL_UNCONFIRMED,0,0.45,SHORT,1,0,0,0
BNBUSDT,1780232400000,2026-05-31T13:00:00.000Z,BULL,SHORT,0,7.875,IGNORE,0,WATCH,,0,0,0,NA,NA,NA,NA,NA,WARNING_HARD,1,0,0,0,0,TREND_REVERSAL_UNCONFIRMED,0,0.45,SHORT,1,0,0,0
BNBUSDT,1780236000000,2026-05-31T14:00:00.000Z,BULL,SHORT,38.73139936389144,18.237597699906452,IGNORE,0,WATCH,,0,0,0,NA,NA,NA,NA,NA,BLOCK,0,0,0,0,0,TREND_REVERSAL_UNCONFIRMED,2,0.45,SHORT,1,0,0,0
BNBUSDT,1780239600000,2026-05-31T15:00:00.000Z,BULL,SHORT,0,7.875,IGNORE,0,WATCH,,0,0,0,NA,NA,NA,NA,NA,WARNING_SOFT,1,0,0,0,0,TREND_REVERSAL_UNCONFIRMED,0,0.45,SHORT,1,0,0,0
BNBUSDT,1780243200000,2026-05-31T16:00:00.000Z,NEUTRAL,NONE,0,7.875,IGNORE,0,WATCH,,0,0,0,NA,NA,NA,NA,NA,BLOCK,0,0,1,0,0,TREND_REVERSAL_UNCONFIRMED,0,0.45,NONE,1,0,0,0
BNBUSDT,1780246800000,2026-05-31T17:00:00.000Z,NEUTRAL,NONE,0,7.875,IGNORE,0,WATCH,,0,0,0,NA,NA,NA,NA,NA,WARNING_SOFT,1,0,0,0,0,TREND_REVERSAL_UNCONFIRMED,0,0.45,NONE,1,0,0,0
BNBUSDT,1780250400000,2026-05-31T18:00:00.000Z,NEUTRAL,NONE,0,7.875,IGNORE,0,WATCH,,0,0,0,NA,NA,NA,NA,NA,WARNING_SOFT,1,0,0,0,0,TREND_REVERSAL_UNCONFIRMED,0,0.45,NONE,1,0,0,0
BNBUSDT,1780254000000,2026-05-31T19:00:00.000Z,NEUTRAL,NONE,0,7.875,IGNORE,0,WATCH,,0,0,0,NA,NA,NA,NA,NA,WARNING_SOFT,1,0,0,0,0,TREND_REVERSAL_UNCONFIRMED,0,0.45,NONE,1,0,0,0
BNBUSDT,1780257600000,2026-05-31T20:00:00.000Z,NEUTRAL,NONE,0,7.875,IGNORE,0,WATCH,,0,0,0,NA,NA,NA,NA,NA,WARNING_SOFT,1,0,0,0,0,TREND_REVERSAL_UNCONFIRMED,0,0.45,NONE,1,0,0,0
BNBUSDT,1780261200000,2026-05-31T21:00:00.000Z,NEUTRAL,NONE,0,7.875,IGNORE,0,WATCH,,0,0,0,NA,NA,NA,NA,NA,WARNING_SOFT,1,0,0,0,0,TREND_REVERSAL_UNCONFIRMED,0,0.45,NONE,1,0,0,0
BNBUSDT,1780264800000,2026-05-31T22:00:00.000Z,NEUTRAL,NONE,0,7.875,IGNORE,0,WATCH,,0,0,0,NA,NA,NA,NA,NA,WARNING_SOFT,1,0,0,0,0,TREND_REVERSAL_UNCONFIRMED,0,0.45,NONE,1,0,0,0
BNBUSDT,1780268400000,2026-05-31T23:00:00.000Z,NEUTRAL,NONE,0,7.875,IGNORE,0,WATCH,,0,0,0,NA,NA,NA,NA,NA,WARNING_SOFT,1,0,0,0,0,TREND_REVERSAL_UNCONFIRMED,0,0.45,NONE,1,0,0,0
BNBUSDT,1780272000000,2026-06-01T00:00:00.000Z,NEUTRAL,NONE,0,7.875,IGNORE,0,WATCH,,0,0,0,NA,NA,NA,NA,NA,WARNING_SOFT,1,0,0,0,0,TREND_REVERSAL_UNCONFIRMED,0,0.45,NONE,1,0,0,0
BNBUSDT,1780275600000,2026-06-01T01:00:00.000Z,NEUTRAL,NONE,0,7.875,IGNORE,0,WATCH,,0,0,0,NA,NA,NA,NA,NA,WARNING_SOFT,1,0,1,0,0,TREND_REVERSAL_UNCONFIRMED,0,0.45,NONE,1,0,0,0
BNBUSDT,1780279200000,2026-06-01T02:00:00.000Z,NEUTRAL,NONE,0,7.875,IGNORE,0,WATCH,,0,0,0,NA,NA,NA,NA,NA,BLOCK,0,0,0,0,0,TREND_REVERSAL_UNCONFIRMED,0,0.45,NONE,1,0,0,0
BNBUSDT,1780282800000,2026-06-01T03:00:00.000Z,NEUTRAL,NONE,0,7.875,IGNORE,0,WATCH,,0,0,0,NA,NA,NA,NA,NA,WARNING_SOFT,1,0,0,0,0,TREND_REVERSAL_UNCONFIRMED,0,0.45,NONE,1,0,0,0
BNBUSDT,1780286400000,2026-06-01T04:00:00.000Z,NEUTRAL,NONE,0,7.875,IGNORE,0,WATCH,,0,0,0,NA,NA,NA,NA,NA,BLOCK,0,0,0,0,0,TREND_REVERSAL_UNCONFIRMED,0,0.45,NONE,1,0,0,0
BNBUSDT,1780290000000,2026-06-01T05:00:00.000Z,NEUTRAL,NONE,0,7.875,IGNORE,0,WATCH,,0,0,0,NA,NA,NA,NA,NA,WARNING_SOFT,1,0,0,0,0,TREND_REVERSAL_UNCONFIRMED,0,0.45,NONE,1,0,0,0
BNBUSDT,1780293600000,2026-06-01T06:00:00.000Z,NEUTRAL,NONE,0,7.875,IGNORE,0,WATCH,,0,0,0,NA,NA,NA,NA,NA,WARNING_SOFT,1,0,0,0,0,TREND_REVERSAL_UNCONFIRMED,0,0.45,NONE,1,0,0,0
BNBUSDT,1780297200000,2026-06-01T07:00:00.000Z,NEUTRAL,NONE,0,7.875,IGNORE,0,WATCH,,0,0,0,NA,NA,NA,NA,NA,BLOCK,0,0,0,0,0,TREND_REVERSAL_UNCONFIRMED,0,0.45,NONE,1,0,0,0
BNBUSDT,1780300800000,2026-06-01T08:00:00.000Z,NEUTRAL,NONE,0,7.875,IGNORE,0,WATCH,,0,0,0,NA,NA,NA,NA,NA,WARNING_SOFT,1,0,0,0,0,TREND_REVERSAL_UNCONFIRMED,0,0.45,NONE,1,0,0,0
BNBUSDT,1780304400000,2026-06-01T09:00:00.000Z,BULL,SHORT,42.5,18.534375,IGNORE,0,WATCH,,0,0,0,NA,NA,NA,NA,NA,BLOCK,0,0,0,0,0,TREND_REVERSAL_UNCONFIRMED,2,0.45,SHORT,1,0,0,0
BNBUSDT,1780308000000,2026-06-01T10:00:00.000Z,NEUTRAL,NONE,0,7.875,IGNORE,0,WATCH,,0,0,0,NA,NA,NA,NA,NA,BLOCK,0,0,0,0,0,TREND_REVERSAL_UNCONFIRMED,0,0.45,NONE,1,0,0,0
BNBUSDT,1780311600000,2026-06-01T11:00:00.000Z,NEUTRAL,NONE,0,7.875,IGNORE,0,WATCH,,0,0,0,NA,NA,NA,NA,NA,WARNING_SOFT,1,0,0,0,0,TREND_REVERSAL_UNCONFIRMED,0,0.45,NONE,1,0,0,0
BNBUSDT,1780315200000,2026-06-01T12:00:00.000Z,NEUTRAL,NONE,0,7.875,IGNORE,0,WATCH,,0,0,0,NA,NA,NA,NA,NA,BLOCK,0,0,0,0,0,TREND_REVERSAL_UNCONFIRMED,0,0.45,NONE,1,0,0,0
BNBUSDT,1780318800000,2026-06-01T13:00:00.000Z,NEUTRAL,NONE,0,7.875,IGNORE,0,WATCH,,0,0,0,NA,NA,NA,NA,NA,WARNING_SOFT,1,0,0,0,0,TREND_REVERSAL_UNCONFIRMED,0,0.45,NONE,1,0,0,0
BNBUSDT,1780322400000,2026-06-01T14:00:00.000Z,BEAR,LONG,37.773934574058444,18.162197347707103,IGNORE,0,WATCH,,0,0,0,NA,NA,NA,NA,NA,CLEAR,1,0,0,0,0,TREND_REVERSAL_UNCONFIRMED,2,0.45,LONG,1,0,0,0
BNBUSDT,1780326000000,2026-06-01T15:00:00.000Z,BEAR,LONG,14.930555555555555,12.70703125,IGNORE,0,WATCH,,0,0,0,NA,NA,NA,NA,NA,CLEAR,1,0,0,0,0,TREND_REVERSAL_UNCONFIRMED,1,0.45,LONG,1,0,0,0
BNBUSDT,1780329600000,2026-06-01T16:00:00.000Z,BEAR,LONG,0,7.875,IGNORE,0,WATCH,,0,0,0,NA,NA,NA,NA,NA,CLEAR,1,0,0,0,0,TREND_REVERSAL_UNCONFIRMED,0,0.45,LONG,1,0,0,0
BNBUSDT,1780333200000,2026-06-01T17:00:00.000Z,BEAR,LONG,0,7.875,IGNORE,0,WATCH,,0,0,0,NA,NA,NA,NA,NA,CLEAR,1,0,0,0,0,TREND_REVERSAL_UNCONFIRMED,0,0.45,LONG,1,0,0,0
BNBUSDT,1780336800000,2026-06-01T18:00:00.000Z,BEAR,LONG,0,7.875,IGNORE,0,WATCH,,0,0,0,NA,NA,NA,NA,NA,WARNING_SOFT,1,0,0,0,0,TREND_REVERSAL_UNCONFIRMED,0,0.45,LONG,1,0,0,0
BNBUSDT,1780340400000,2026-06-01T19:00:00.000Z,NEUTRAL,NONE,0,7.875,IGNORE,0,WATCH,,0,0,0,NA,NA,NA,NA,NA,WARNING_SOFT,1,0,0,0,0,TREND_REVERSAL_UNCONFIRMED,0,0.45,NONE,1,0,0,0
BNBUSDT,1780344000000,2026-06-01T20:00:00.000Z,NEUTRAL,NONE,0,7.875,IGNORE,0,WATCH,,0,0,0,NA,NA,NA,NA,NA,WARNING_SOFT,1,0,0,0,0,TREND_REVERSAL_UNCONFIRMED,0,0.45,NONE,1,0,0,0
BNBUSDT,1780347600000,2026-06-01T21:00:00.000Z,BEAR,LONG,0,7.875,IGNORE,0,WATCH,,0,0,0,NA,NA,NA,NA,NA,WARNING_SOFT,1,0,0,0,0,TREND_REVERSAL_UNCONFIRMED,0,0.45,LONG,1,0,0,0
BNBUSDT,1780351200000,2026-06-01T22:00:00.000Z,BEAR,LONG,0,7.875,IGNORE,0,WATCH,,0,0,0,NA,NA,NA,NA,NA,WARNING_SOFT,1,0,0,0,0,TREND_REVERSAL_UNCONFIRMED,0,0.45,LONG,1,0,0,0
BNBUSDT,1780354800000,2026-06-01T23:00:00.000Z,BEAR,LONG,25,13.5,IGNORE,0,WATCH,,0,0,0,NA,NA,NA,NA,NA,WARNING_SOFT,1,0,0,0,0,TREND_REVERSAL_UNCONFIRMED,1,0.45,LONG,1,0,0,0
BNBUSDT,1780358400000,2026-06-02T00:00:00.000Z,BEAR,LONG,0,7.875,IGNORE,0,WATCH,,0,0,0,NA,NA,NA,NA,NA,WARNING_SOFT,1,0,0,0,0,TREND_REVERSAL_UNCONFIRMED,0,0.45,LONG,1,0,0,0
BNBUSDT,1780362000000,2026-06-02T01:00:00.000Z,BEAR,LONG,0,7.875,IGNORE,0,WATCH,,0,0,0,NA,NA,NA,NA,NA,CLEAR,1,0,0,0,0,TREND_REVERSAL_UNCONFIRMED,0,0.45,LONG,1,0,0,0
BNBUSDT,1780365600000,2026-06-02T02:00:00.000Z,BEAR,LONG,0,7.875,IGNORE,0,WATCH,,0,0,0,NA,NA,NA,NA,NA,CLEAR,1,0,0,0,0,TREND_REVERSAL_UNCONFIRMED,0,0.45,LONG,1,0,0,0
BNBUSDT,1780369200000,2026-06-02T03:00:00.000Z,NEUTRAL,NONE,0,7.875,IGNORE,0,WATCH,,0,0,0,NA,NA,NA,NA,NA,WARNING_SOFT,1,0,0,0,0,TREND_REVERSAL_UNCONFIRMED,0,0.45,NONE,1,0,0,0
BNBUSDT,1780372800000,2026-06-02T04:00:00.000Z,BEAR,LONG,0,7.875,IGNORE,0,WATCH,,0,0,0,NA,NA,NA,NA,NA,WARNING_SOFT,1,0,0,0,0,TREND_REVERSAL_UNCONFIRMED,0,0.45,LONG,1,0,0,0
BNBUSDT,1780376400000,2026-06-02T05:00:00.000Z,BEAR,LONG,17.5,12.909375,IGNORE,0,WATCH,,0,0,0,NA,NA,NA,NA,NA,CLEAR,1,0,0,0,0,TREND_REVERSAL_UNCONFIRMED,1,0.45,LONG,1,0,0,0
BNBUSDT,1780380000000,2026-06-02T06:00:00.000Z,BEAR,LONG,17.5,12.909375,IGNORE,0,WATCH,,0,0,0,NA,NA,NA,NA,NA,CLEAR,1,0,0,0,0,TREND_REVERSAL_UNCONFIRMED,1,0.45,LONG,1,0,0,0
BNBUSDT,1780383600000,2026-06-02T07:00:00.000Z,BEAR,LONG,17.5,12.909375,IGNORE,0,WATCH,,0,0,0,NA,NA,NA,NA,NA,CLEAR,1,0,0,0,0,TREND_REVERSAL_UNCONFIRMED,1,0.45,LONG,1,0,0,0
BNBUSDT,1780387200000,2026-06-02T08:00:00.000Z,BEAR,LONG,17.5,12.909375,IGNORE,0,WATCH,,0,0,0,NA,NA,NA,NA,NA,CLEAR,1,0,0,0,0,TREND_REVERSAL_UNCONFIRMED,1,0.45,LONG,1,0,0,0
BNBUSDT,1780390800000,2026-06-02T09:00:00.000Z,BEAR,LONG,17.5,12.909375,IGNORE,0,WATCH,,0,0,0,NA,NA,NA,NA,NA,CLEAR,1,0,0,0,0,TREND_REVERSAL_UNCONFIRMED,1,0.45,LONG,1,0,0,0
BNBUSDT,1780394400000,2026-06-02T10:00:00.000Z,BEAR,LONG,17.5,12.909375,IGNORE,0,WATCH,,0,0,0,NA,NA,NA,NA,NA,CLEAR,1,0,0,0,0,TREND_REVERSAL_UNCONFIRMED,1,0.45,LONG,1,0,0,0
BNBUSDT,1780398000000,2026-06-02T11:00:00.000Z,BEAR,LONG,42.5,18.534375,IGNORE,0,WATCH,,0,0,0,NA,NA,NA,NA,NA,CLEAR,1,0,0,0,0,TREND_REVERSAL_UNCONFIRMED,2,0.45,LONG,1,0,0,0
BNBUSDT,1780401600000,2026-06-02T12:00:00.000Z,BEAR,LONG,30.34722222222222,17.57734375,IGNORE,0,WATCH,,0,0,0,NA,NA,NA,NA,NA,CLEAR,1,0,0,0,0,TREND_REVERSAL_UNCONFIRMED,2,0.45,LONG,1,0,0,0
BNBUSDT,1780405200000,2026-06-02T13:00:00.000Z,BEAR,LONG,36.24091264767571,18.041471871004465,IGNORE,0,WATCH,,0,0,0,NA,NA,NA,NA,NA,CLEAR,1,0,0,0,0,TREND_REVERSAL_UNCONFIRMED,2,0.45,LONG,1,0,0,0
BNBUSDT,1780408800000,2026-06-02T14:00:00.000Z,BEAR,LONG,42.5,18.534375,IGNORE,0,WATCH,,0,0,0,NA,NA,NA,NA,NA,CLEAR,1,0,0,0,0,TREND_REVERSAL_UNCONFIRMED,2,0.45,LONG,1,0,0,0
BNBUSDT,1780412400000,2026-06-02T15:00:00.000Z,BEAR,LONG,55.69444444444444,42.94208333333333,WATCH,1,WATCH,ACTIVE,1,1,0,FAIL,PASS,SKIP,SKIP,FAIL,CLEAR,1,0,0,0,0,MARKET_CONTEXT_DENIED,3,0.84,LONG,1,0,0,0
BNBUSDT,1780416000000,2026-06-02T16:00:00.000Z,BEAR,LONG,37.02054949460746,18.102868272700338,IGNORE,0,WATCH,,0,0,0,NA,NA,NA,NA,NA,CLEAR,1,0,0,0,0,TREND_REVERSAL_UNCONFIRMED,2,0.45,LONG,1,0,0,0
BNBUSDT,1780419600000,2026-06-02T17:00:00.000Z,BEAR,LONG,42.5,18.534375,IGNORE,0,WATCH,,0,0,0,NA,NA,NA,NA,NA,CLEAR,1,0,0,0,0,TREND_REVERSAL_UNCONFIRMED,2,0.45,LONG,1,0,0,0
BNBUSDT,1780423200000,2026-06-02T18:00:00.000Z,BEAR,LONG,14.583333333333332,12.6796875,IGNORE,0,WATCH,,0,0,0,NA,NA,NA,NA,NA,CLEAR,1,0,0,0,0,TREND_REVERSAL_UNCONFIRMED,1,0.45,LONG,1,0,0,0
BNBUSDT,1780426800000,2026-06-02T19:00:00.000Z,BEAR,LONG,14.230563509717172,12.651906876390228,IGNORE,0,WATCH,,0,0,0,NA,NA,NA,NA,NA,CLEAR,1,0,0,0,0,TREND_REVERSAL_UNCONFIRMED,1,0.45,LONG,1,0,0,0
BNBUSDT,1780430400000,2026-06-02T20:00:00.000Z,BEAR,LONG,0,7.875,IGNORE,0,WATCH,,0,0,0,NA,NA,NA,NA,NA,CLEAR,1,0,0,0,0,TREND_REVERSAL_UNCONFIRMED,0,0.45,LONG,1,0,0,0
BNBUSDT,1780434000000,2026-06-02T21:00:00.000Z,BEAR,LONG,14.583333333333332,12.6796875,IGNORE,0,WATCH,,0,0,0,NA,NA,NA,NA,NA,CLEAR,1,0,0,0,0,TREND_REVERSAL_UNCONFIRMED,1,0.45,LONG,1,0,0,0
BNBUSDT,1780437600000,2026-06-02T22:00:00.000Z,BEAR,LONG,38.50617907346503,18.219861602035373,IGNORE,0,WATCH,,0,0,0,NA,NA,NA,NA,NA,CLEAR,1,0,1,0,0,TREND_REVERSAL_UNCONFIRMED,2,0.45,LONG,1,0,0,0
BNBUSDT,1780441200000,2026-06-02T23:00:00.000Z,BEAR,LONG,25,13.5,IGNORE,0,WATCH,,0,0,0,NA,NA,NA,NA,NA,CLEAR,1,0,0,0,0,TREND_REVERSAL_UNCONFIRMED,1,0.45,LONG,1,0,0,0
BNBUSDT,1780444800000,2026-06-03T00:00:00.000Z,BEAR,LONG,0,7.875,IGNORE,0,WATCH,,0,0,0,NA,NA,NA,NA,NA,CLEAR,1,0,0,0,0,TREND_REVERSAL_UNCONFIRMED,0,0.45,LONG,1,0,0,0
BNBUSDT,1780448400000,2026-06-03T01:00:00.000Z,BEAR,LONG,0,7.875,IGNORE,0,WATCH,,0,0,0,NA,NA,NA,NA,NA,CLEAR,1,0,0,0,0,TREND_REVERSAL_UNCONFIRMED,0,0.45,LONG,1,0,0,0
BNBUSDT,1780452000000,2026-06-03T02:00:00.000Z,BEAR,LONG,14.583333333333332,12.6796875,IGNORE,0,WATCH,,0,0,0,NA,NA,NA,NA,NA,CLEAR,1,0,0,0,0,TREND_REVERSAL_UNCONFIRMED,1,0.45,LONG,1,0,0,0
BNBUSDT,1780455600000,2026-06-03T03:00:00.000Z,BEAR,LONG,39.58333333333333,18.3046875,IGNORE,0,WATCH,,0,0,0,NA,NA,NA,NA,NA,CLEAR,1,0,1,0,0,TREND_REVERSAL_UNCONFIRMED,2,0.45,LONG,1,0,0,0
BNBUSDT,1780459200000,2026-06-03T04:00:00.000Z,BEAR,LONG,37.84722222222222,18.16796875,IGNORE,0,WATCH,,0,0,0,NA,NA,NA,NA,NA,CLEAR,1,0,0,0,0,TREND_REVERSAL_UNCONFIRMED,2,0.45,LONG,1,0,0,0
BNBUSDT,1780462800000,2026-06-03T05:00:00.000Z,BEAR,LONG,0,7.875,IGNORE,0,WATCH,,0,0,0,NA,NA,NA,NA,NA,CLEAR,1,0,0,0,0,TREND_REVERSAL_UNCONFIRMED,0,0.45,LONG,1,0,0,0
BNBUSDT,1780466400000,2026-06-03T06:00:00.000Z,BEAR,LONG,0,7.875,IGNORE,0,WATCH,,0,0,0,NA,NA,NA,NA,NA,CLEAR,1,0,0,0,0,TREND_REVERSAL_UNCONFIRMED,0,0.45,LONG,1,0,0,0
BNBUSDT,1780470000000,2026-06-03T07:00:00.000Z,BEAR,LONG,0,7.875,IGNORE,0,WATCH,,0,0,0,NA,NA,NA,NA,NA,CLEAR,1,0,0,0,0,TREND_REVERSAL_UNCONFIRMED,0,0.45,LONG,1,0,0,0
BNBUSDT,1780473600000,2026-06-03T08:00:00.000Z,BEAR,LONG,25,13.5,IGNORE,0,WATCH,,0,0,0,NA,NA,NA,NA,NA,CLEAR,1,0,0,0,0,TREND_REVERSAL_UNCONFIRMED,1,0.45,LONG,1,0,0,0
BNBUSDT,1780477200000,2026-06-03T09:00:00.000Z,BEAR,LONG,0,7.875,IGNORE,0,WATCH,,0,0,0,NA,NA,NA,NA,NA,CLEAR,1,0,0,0,0,TREND_REVERSAL_UNCONFIRMED,0,0.45,LONG,1,0,0,0
BNBUSDT,1780480800000,2026-06-03T10:00:00.000Z,BEAR,LONG,0,7.875,IGNORE,0,WATCH,,0,0,0,NA,NA,NA,NA,NA,CLEAR,1,0,0,0,0,TREND_REVERSAL_UNCONFIRMED,0,0.45,LONG,1,0,0,0
BNBUSDT,1780484400000,2026-06-03T11:00:00.000Z,BEAR,LONG,25,13.5,IGNORE,0,WATCH,,0,0,0,NA,NA,NA,NA,NA,CLEAR,1,0,0,0,0,TREND_REVERSAL_UNCONFIRMED,1,0.45,LONG,1,0,0,0
BNBUSDT,1780488000000,2026-06-03T12:00:00.000Z,BEAR,LONG,0,7.875,IGNORE,0,WATCH,,0,0,0,NA,NA,NA,NA,NA,CLEAR,1,0,0,0,0,TREND_REVERSAL_UNCONFIRMED,0,0.45,LONG,1,0,0,0
BNBUSDT,1780491600000,2026-06-03T13:00:00.000Z,BEAR,LONG,0,7.875,IGNORE,0,WATCH,,0,0,0,NA,NA,NA,NA,NA,CLEAR,1,0,0,0,0,TREND_REVERSAL_UNCONFIRMED,0,0.45,LONG,1,0,0,0
BNBUSDT,1780495200000,2026-06-03T14:00:00.000Z,BEAR,LONG,25,13.5,IGNORE,0,WATCH,,0,0,0,NA,NA,NA,NA,NA,CLEAR,1,0,0,0,0,TREND_REVERSAL_UNCONFIRMED,1,0.45,LONG,1,0,0,0
BNBUSDT,1780498800000,2026-06-03T15:00:00.000Z,BEAR,LONG,0,7.875,IGNORE,0,WATCH,,0,0,0,NA,NA,NA,NA,NA,CLEAR,1,0,0,0,0,TREND_REVERSAL_UNCONFIRMED,0,0.45,LONG,1,0,0,0
BNBUSDT,1780502400000,2026-06-03T16:00:00.000Z,BEAR,LONG,25,13.5,IGNORE,0,WATCH,,0,0,0,NA,NA,NA,NA,NA,CLEAR,1,0,0,0,0,TREND_REVERSAL_UNCONFIRMED,1,0.45,LONG,1,0,0,0
BNBUSDT,1780506000000,2026-06-03T17:00:00.000Z,BEAR,LONG,14.583333333333332,12.6796875,IGNORE,0,WATCH,,0,0,0,NA,NA,NA,NA,NA,CLEAR,1,0,0,0,0,TREND_REVERSAL_UNCONFIRMED,1,0.45,LONG,1,0,0,0
BNBUSDT,1780509600000,2026-06-03T18:00:00.000Z,BEAR,LONG,0,7.875,IGNORE,0,WATCH,,0,0,0,NA,NA,NA,NA,NA,CLEAR,1,0,0,0,0,TREND_REVERSAL_UNCONFIRMED,0,0.45,LONG,1,0,0,0
BNBUSDT,1780513200000,2026-06-03T19:00:00.000Z,BEAR,LONG,39.58333333333333,18.3046875,IGNORE,0,WATCH,,0,0,0,NA,NA,NA,NA,NA,CLEAR,1,0,0,0,0,TREND_REVERSAL_UNCONFIRMED,2,0.45,LONG,1,0,0,0
BNBUSDT,1780516800000,2026-06-03T20:00:00.000Z,BEAR,LONG,12.7147602476607,12.53253736950328,IGNORE,0,WATCH,,0,0,0,NA,NA,NA,NA,NA,CLEAR,1,0,0,0,0,TREND_REVERSAL_UNCONFIRMED,1,0.45,LONG,1,0,0,0
BNBUSDT,1780520400000,2026-06-03T21:00:00.000Z,BEAR,LONG,0,7.875,IGNORE,0,WATCH,,0,0,0,NA,NA,NA,NA,NA,CLEAR,1,0,0,0,0,TREND_REVERSAL_UNCONFIRMED,0,0.45,LONG,1,0,0,0
BNBUSDT,1780524000000,2026-06-03T22:00:00.000Z,BEAR,LONG,0,7.875,IGNORE,0,WATCH,,0,0,0,NA,NA,NA,NA,NA,CLEAR,1,0,0,0,0,TREND_REVERSAL_UNCONFIRMED,0,0.45,LONG,1,0,0,0
BNBUSDT,1780527600000,2026-06-03T23:00:00.000Z,BEAR,LONG,0,7.875,IGNORE,0,WATCH,,0,0,0,NA,NA,NA,NA,NA,CLEAR,1,0,0,0,0,TREND_REVERSAL_UNCONFIRMED,0,0.45,LONG,1,0,0,0
BNBUSDT,1780531200000,2026-06-04T00:00:00.000Z,BEAR,LONG,23.374527251189193,13.37199402103115,IGNORE,0,WATCH,,0,0,0,NA,NA,NA,NA,NA,CLEAR,1,0,1,0,0,TREND_REVERSAL_UNCONFIRMED,1,0.45,LONG,1,0,0,0
BNBUSDT,1780534800000,2026-06-04T01:00:00.000Z,BEAR,LONG,39.58333333333333,18.3046875,IGNORE,0,WATCH,,0,0,0,NA,NA,NA,NA,NA,CLEAR,1,0,1,0,0,TREND_REVERSAL_UNCONFIRMED,2,0.45,LONG,1,0,0,0
BNBUSDT,1780538400000,2026-06-04T02:00:00.000Z,BEAR,LONG,25,13.5,IGNORE,0,WATCH,,0,0,0,NA,NA,NA,NA,NA,CLEAR,1,0,0,0,0,TREND_REVERSAL_UNCONFIRMED,1,0.45,LONG,1,0,0,0
BNBUSDT,1780542000000,2026-06-04T03:00:00.000Z,BEAR,LONG,13.233369283628555,12.573377831085748,IGNORE,0,WATCH,,0,0,0,NA,NA,NA,NA,NA,CLEAR,1,0,0,0,0,TREND_REVERSAL_UNCONFIRMED,1,0.45,LONG,1,0,0,0
BNBUSDT,1780545600000,2026-06-04T04:00:00.000Z,BEAR,LONG,0,7.875,IGNORE,0,WATCH,,0,0,0,NA,NA,NA,NA,NA,WARNING_SOFT,1,0,0,0,0,TREND_REVERSAL_UNCONFIRMED,0,0.45,LONG,1,0,0,0
BNBUSDT,1780549200000,2026-06-04T05:00:00.000Z,BEAR,LONG,48.681869151590504,19.021197195687755,IGNORE,0,WATCH,,0,0,0,NA,NA,NA,NA,NA,CLEAR,1,0,0,0,0,TREND_REVERSAL_UNCONFIRMED,2,0.45,LONG,1,0,0,0
BNBUSDT,1780552800000,2026-06-04T06:00:00.000Z,BEAR,LONG,0,7.875,IGNORE,0,WATCH,,0,0,0,NA,NA,NA,NA,NA,CLEAR,1,0,0,0,0,TREND_REVERSAL_UNCONFIRMED,0,0.45,LONG,1,0,0,0
BNBUSDT,1780556400000,2026-06-04T07:00:00.000Z,BEAR,LONG,0,7.875,IGNORE,0,WATCH,,0,0,0,NA,NA,NA,NA,NA,CLEAR,1,0,0,0,0,TREND_REVERSAL_UNCONFIRMED,0,0.45,LONG,1,0,0,0
BNBUSDT,1780560000000,2026-06-04T08:00:00.000Z,BEAR,LONG,25,13.5,IGNORE,0,WATCH,,0,0,0,NA,NA,NA,NA,NA,CLEAR,1,0,0,0,0,TREND_REVERSAL_UNCONFIRMED,1,0.45,LONG,1,0,0,0
BNBUSDT,1780563600000,2026-06-04T09:00:00.000Z,BEAR,LONG,0,7.875,IGNORE,0,WATCH,,0,0,0,NA,NA,NA,NA,NA,CLEAR,1,0,0,0,0,TREND_REVERSAL_UNCONFIRMED,0,0.45,LONG,1,0,0,0
BNBUSDT,1780567200000,2026-06-04T10:00:00.000Z,BEAR,LONG,12.847222222222221,12.54296875,IGNORE,0,WATCH,,0,0,0,NA,NA,NA,NA,NA,CLEAR,1,0,0,0,0,TREND_REVERSAL_UNCONFIRMED,1,0.45,LONG,1,0,0,0
BNBUSDT,1780570800000,2026-06-04T11:00:00.000Z,BEAR,LONG,25,13.5,IGNORE,0,WATCH,,0,0,0,NA,NA,NA,NA,NA,CLEAR,1,0,0,0,0,TREND_REVERSAL_UNCONFIRMED,1,0.45,LONG,1,0,0,0
BNBUSDT,1780574400000,2026-06-04T12:00:00.000Z,BEAR,LONG,0,7.875,IGNORE,0,WATCH,,0,0,0,NA,NA,NA,NA,NA,CLEAR,1,0,0,0,0,TREND_REVERSAL_UNCONFIRMED,0,0.45,LONG,1,0,0,0
BNBUSDT,1780578000000,2026-06-04T13:00:00.000Z,BEAR,LONG,0,7.875,IGNORE,0,WATCH,,0,0,0,NA,NA,NA,NA,NA,CLEAR,1,0,0,0,0,TREND_REVERSAL_UNCONFIRMED,0,0.45,LONG,1,0,0,0
BNBUSDT,1780581600000,2026-06-04T14:00:00.000Z,BEAR,LONG,0,7.875,IGNORE,0,WATCH,,0,0,0,NA,NA,NA,NA,NA,WARNING_SOFT,1,0,0,0,0,TREND_REVERSAL_UNCONFIRMED,0,0.45,LONG,1,0,0,0
BNBUSDT,1780585200000,2026-06-04T15:00:00.000Z,BEAR,LONG,25,13.5,IGNORE,0,WATCH,,0,0,0,NA,NA,NA,NA,NA,WARNING_SOFT,1,0,0,0,0,TREND_REVERSAL_UNCONFIRMED,1,0.45,LONG,1,0,0,0
BNBUSDT,1780588800000,2026-06-04T16:00:00.000Z,BEAR,LONG,0,7.875,IGNORE,0,WATCH,,0,0,0,NA,NA,NA,NA,NA,WARNING_SOFT,1,0,0,0,0,TREND_REVERSAL_UNCONFIRMED,0,0.45,LONG,1,0,0,0
BNBUSDT,1780592400000,2026-06-04T17:00:00.000Z,BEAR,LONG,0,7.875,IGNORE,0,WATCH,,0,0,0,NA,NA,NA,NA,NA,CLEAR,1,0,0,0,0,TREND_REVERSAL_UNCONFIRMED,0,0.45,LONG,1,0,0,0
BNBUSDT,1780596000000,2026-06-04T18:00:00.000Z,NEUTRAL,NONE,0,7.875,IGNORE,0,WATCH,,0,0,0,NA,NA,NA,NA,NA,WARNING_SOFT,1,0,0,0,0,TREND_REVERSAL_UNCONFIRMED,0,0.45,NONE,1,0,0,0
BNBUSDT,1780599600000,2026-06-04T19:00:00.000Z,BEAR,LONG,0,7.875,IGNORE,0,WATCH,,0,0,0,NA,NA,NA,NA,NA,WARNING_SOFT,1,0,0,0,0,TREND_REVERSAL_UNCONFIRMED,0,0.45,LONG,1,0,0,0
BNBUSDT,1780603200000,2026-06-04T20:00:00.000Z,BEAR,LONG,17.5,12.909375,IGNORE,0,WATCH,,0,0,0,NA,NA,NA,NA,NA,WARNING_SOFT,1,0,0,0,0,TREND_REVERSAL_UNCONFIRMED,1,0.45,LONG,1,0,0,0
BNBUSDT,1780606800000,2026-06-04T21:00:00.000Z,BEAR,LONG,17.5,12.909375,IGNORE,0,WATCH,,0,0,0,NA,NA,NA,NA,NA,CLEAR,1,0,0,0,0,TREND_REVERSAL_UNCONFIRMED,1,0.45,LONG,1,0,0,0
BNBUSDT,1780610400000,2026-06-04T22:00:00.000Z,BEAR,LONG,42.5,18.534375,IGNORE,0,WATCH,,0,0,0,NA,NA,NA,NA,NA,CLEAR,1,0,0,0,0,TREND_REVERSAL_UNCONFIRMED,2,0.45,LONG,1,0,0,0
BNBUSDT,1780614000000,2026-06-04T23:00:00.000Z,BEAR,LONG,17.5,12.909375,IGNORE,0,WATCH,,0,0,0,NA,NA,NA,NA,NA,CLEAR,1,0,0,0,0,TREND_REVERSAL_UNCONFIRMED,1,0.45,LONG,1,0,0,0
BNBUSDT,1780617600000,2026-06-05T00:00:00.000Z,BEAR,LONG,0,7.875,IGNORE,0,WATCH,,0,0,0,NA,NA,NA,NA,NA,BLOCK,0,0,0,0,0,TREND_REVERSAL_UNCONFIRMED,0,0.45,LONG,1,0,0,0
BNBUSDT,1780621200000,2026-06-05T01:00:00.000Z,BEAR,LONG,0,7.875,IGNORE,0,WATCH,,0,0,0,NA,NA,NA,NA,NA,CLEAR,1,0,0,0,0,TREND_REVERSAL_UNCONFIRMED,0,0.45,LONG,1,0,0,0
BNBUSDT,1780624800000,2026-06-05T02:00:00.000Z,BEAR,LONG,0,7.875,IGNORE,0,WATCH,,0,0,0,NA,NA,NA,NA,NA,CLEAR,1,0,0,0,0,TREND_REVERSAL_UNCONFIRMED,0,0.45,LONG,1,0,0,0
BNBUSDT,1780628400000,2026-06-05T03:00:00.000Z,BEAR,LONG,16.1229735023401,12.800934163309282,IGNORE,0,WATCH,,0,0,0,NA,NA,NA,NA,NA,CLEAR,1,0,0,0,0,TREND_REVERSAL_UNCONFIRMED,1,0.45,LONG,1,0,0,0
BNBUSDT,1780632000000,2026-06-05T04:00:00.000Z,BEAR,LONG,14.652944647249415,12.685169390970893,IGNORE,0,WATCH,,0,0,0,NA,NA,NA,NA,NA,CLEAR,1,0,0,0,0,TREND_REVERSAL_UNCONFIRMED,1,0.45,LONG,1,0,0,0
BNBUSDT,1780635600000,2026-06-05T05:00:00.000Z,BEAR,LONG,25,13.5,IGNORE,0,WATCH,,0,0,0,NA,NA,NA,NA,NA,CLEAR,1,0,1,0,0,TREND_REVERSAL_UNCONFIRMED,1,0.45,LONG,1,0,0,0
BNBUSDT,1780639200000,2026-06-05T06:00:00.000Z,BEAR,LONG,25,13.5,IGNORE,0,WATCH,,0,0,0,NA,NA,NA,NA,NA,CLEAR,1,0,1,0,0,TREND_REVERSAL_UNCONFIRMED,1,0.45,LONG,1,0,0,0
BNBUSDT,1780642800000,2026-06-05T07:00:00.000Z,BEAR,LONG,50,19.125,IGNORE,0,WATCH,,0,0,0,NA,NA,NA,NA,NA,CLEAR,1,0,0,0,0,TREND_REVERSAL_UNCONFIRMED,2,0.45,LONG,1,0,0,0
BNBUSDT,1780646400000,2026-06-05T08:00:00.000Z,BEAR,LONG,0,7.875,IGNORE,0,WATCH,,0,0,0,NA,NA,NA,NA,NA,CLEAR,1,0,0,0,0,TREND_REVERSAL_UNCONFIRMED,0,0.45,LONG,1,0,0,0
BNBUSDT,1780650000000,2026-06-05T09:00:00.000Z,BEAR,LONG,0,7.875,IGNORE,0,WATCH,,0,0,0,NA,NA,NA,NA,NA,WARNING_SOFT,1,0,0,0,0,TREND_REVERSAL_UNCONFIRMED,0,0.45,LONG,1,0,0,0
BNBUSDT,1780653600000,2026-06-05T10:00:00.000Z,BEAR,LONG,0,7.875,IGNORE,0,WATCH,,0,0,0,NA,NA,NA,NA,NA,WARNING_SOFT,1,0,0,0,0,TREND_REVERSAL_UNCONFIRMED,0,0.45,LONG,1,0,0,0
BNBUSDT,1780657200000,2026-06-05T11:00:00.000Z,BEAR,LONG,0,7.875,IGNORE,0,WATCH,,0,0,0,NA,NA,NA,NA,NA,CLEAR,1,0,0,0,0,TREND_REVERSAL_UNCONFIRMED,0,0.45,LONG,1,0,0,0
BNBUSDT,1780660800000,2026-06-05T12:00:00.000Z,BEAR,LONG,0,7.875,IGNORE,0,WATCH,,0,0,0,NA,NA,NA,NA,NA,CLEAR,1,0,0,0,0,TREND_REVERSAL_UNCONFIRMED,0,0.45,LONG,1,0,0,0
BNBUSDT,1780664400000,2026-06-05T13:00:00.000Z,BEAR,LONG,18.82289836664531,13.013553246373318,IGNORE,0,WATCH,,0,0,0,NA,NA,NA,NA,NA,WARNING_SOFT,1,0,1,0,0,TREND_REVERSAL_UNCONFIRMED,1,0.45,LONG,1,0,0,0
BNBUSDT,1780668000000,2026-06-05T14:00:00.000Z,BEAR,LONG,47.22750415899792,18.906665952521085,IGNORE,0,WATCH,,0,0,0,NA,NA,NA,NA,NA,CLEAR,1,0,0,0,0,TREND_REVERSAL_UNCONFIRMED,2,0.45,LONG,1,0,0,0
BNBUSDT,1780671600000,2026-06-05T15:00:00.000Z,BEAR,LONG,25,13.5,IGNORE,0,WATCH,,0,0,0,NA,NA,NA,NA,NA,CLEAR,1,0,0,0,0,TREND_REVERSAL_UNCONFIRMED,1,0.45,LONG,1,0,0,0
BNBUSDT,1780675200000,2026-06-05T16:00:00.000Z,BEAR,LONG,25,13.5,IGNORE,0,WATCH,,0,0,0,NA,NA,NA,NA,NA,CLEAR,1,0,0,0,0,TREND_REVERSAL_UNCONFIRMED,1,0.45,LONG,1,0,0,0
BNBUSDT,1780678800000,2026-06-05T17:00:00.000Z,BEAR,LONG,12.847222222222221,12.54296875,IGNORE,0,WATCH,,0,0,0,NA,NA,NA,NA,NA,CLEAR,1,0,0,0,0,TREND_REVERSAL_UNCONFIRMED,1,0.45,LONG,1,0,0,0
BNBUSDT,1780682400000,2026-06-05T18:00:00.000Z,BEAR,LONG,28.885478871366164,17.462231461120087,IGNORE,0,WATCH,,0,0,0,NA,NA,NA,NA,NA,CLEAR,1,0,0,0,0,TREND_REVERSAL_UNCONFIRMED,2,0.45,LONG,1,0,0,0
BNBUSDT,1780686000000,2026-06-05T19:00:00.000Z,BEAR,LONG,25,13.5,IGNORE,0,WATCH,,0,0,0,NA,NA,NA,NA,NA,CLEAR,1,0,0,0,0,TREND_REVERSAL_UNCONFIRMED,1,0.45,LONG,1,0,0,0
BNBUSDT,1780689600000,2026-06-05T20:00:00.000Z,BEAR,LONG,0,7.875,IGNORE,0,WATCH,,0,0,0,NA,NA,NA,NA,NA,CLEAR,1,0,0,0,0,TREND_REVERSAL_UNCONFIRMED,0,0.45,LONG,1,0,0,0
BNBUSDT,1780693200000,2026-06-05T21:00:00.000Z,BEAR,LONG,0,7.875,IGNORE,0,WATCH,,0,0,0,NA,NA,NA,NA,NA,CLEAR,1,0,0,0,0,TREND_REVERSAL_UNCONFIRMED,0,0.45,LONG,1,0,0,0
BNBUSDT,1780696800000,2026-06-05T22:00:00.000Z,BEAR,LONG,0,7.875,IGNORE,0,WATCH,,0,0,0,NA,NA,NA,NA,NA,CLEAR,1,0,0,0,0,TREND_REVERSAL_UNCONFIRMED,0,0.45,LONG,1,0,0,0
BNBUSDT,1780700400000,2026-06-05T23:00:00.000Z,BEAR,LONG,0,7.875,IGNORE,0,WATCH,,0,0,0,NA,NA,NA,NA,NA,CLEAR,1,0,0,0,0,TREND_REVERSAL_UNCONFIRMED,0,0.45,LONG,1,0,0,0
BNBUSDT,1780704000000,2026-06-06T00:00:00.000Z,BEAR,LONG,0,7.875,IGNORE,0,WATCH,,0,0,0,NA,NA,NA,NA,NA,WARNING_SOFT,1,0,0,0,0,TREND_REVERSAL_UNCONFIRMED,0,0.45,LONG,1,0,0,0
BNBUSDT,1780707600000,2026-06-06T01:00:00.000Z,BEAR,LONG,0,7.875,IGNORE,0,WATCH,,0,0,0,NA,NA,NA,NA,NA,WARNING_SOFT,1,0,0,0,0,TREND_REVERSAL_UNCONFIRMED,0,0.45,LONG,1,0,0,0
BNBUSDT,1780711200000,2026-06-06T02:00:00.000Z,BEAR,LONG,0,7.875,IGNORE,0,WATCH,,0,0,0,NA,NA,NA,NA,NA,WARNING_SOFT,1,0,0,0,0,TREND_REVERSAL_UNCONFIRMED,0,0.45,LONG,1,0,0,0
BNBUSDT,1780714800000,2026-06-06T03:00:00.000Z,BEAR,LONG,0,7.875,IGNORE,0,WATCH,,0,0,0,NA,NA,NA,NA,NA,CLEAR,1,0,0,0,0,TREND_REVERSAL_UNCONFIRMED,0,0.45,LONG,1,0,0,0
BNBUSDT,1780718400000,2026-06-06T04:00:00.000Z,BEAR,LONG,15.580300775816568,12.758198686095554,IGNORE,0,WATCH,,0,0,0,NA,NA,NA,NA,NA,CLEAR,1,0,0,0,0,TREND_REVERSAL_UNCONFIRMED,1,0.45,LONG,1,0,0,0
BNBUSDT,1780722000000,2026-06-06T05:00:00.000Z,BEAR,LONG,25,13.5,IGNORE,0,WATCH,,0,0,0,NA,NA,NA,NA,NA,CLEAR,1,0,0,0,0,TREND_REVERSAL_UNCONFIRMED,1,0.45,LONG,1,0,0,0
BNBUSDT,1780725600000,2026-06-06T06:00:00.000Z,BEAR,LONG,0,7.875,IGNORE,0,WATCH,,0,0,0,NA,NA,NA,NA,NA,BLOCK,0,0,0,0,0,TREND_REVERSAL_UNCONFIRMED,0,0.45,LONG,1,0,0,0
BNBUSDT,1780729200000,2026-06-06T07:00:00.000Z,NEUTRAL,NONE,0,7.875,IGNORE,0,WATCH,,0,0,0,NA,NA,NA,NA,NA,WARNING_SOFT,1,0,0,0,0,TREND_REVERSAL_UNCONFIRMED,0,0.45,NONE,1,0,0,0
BNBUSDT,1780732800000,2026-06-06T08:00:00.000Z,NEUTRAL,NONE,0,7.875,IGNORE,0,WATCH,,0,0,0,NA,NA,NA,NA,NA,CLEAR,1,0,0,0,0,TREND_REVERSAL_UNCONFIRMED,0,0.45,NONE,1,0,0,0
BNBUSDT,1780736400000,2026-06-06T09:00:00.000Z,BEAR,LONG,17.5,12.909375,IGNORE,0,WATCH,,0,0,0,NA,NA,NA,NA,NA,WARNING_SOFT,1,0,0,0,0,TREND_REVERSAL_UNCONFIRMED,1,0.45,LONG,1,0,0,0
BNBUSDT,1780740000000,2026-06-06T10:00:00.000Z,BEAR,LONG,17.5,12.909375,IGNORE,0,WATCH,,0,0,0,NA,NA,NA,NA,NA,WARNING_SOFT,1,0,0,0,0,TREND_REVERSAL_UNCONFIRMED,1,0.45,LONG,1,0,0,0
BNBUSDT,1780743600000,2026-06-06T11:00:00.000Z,BEAR,LONG,17.5,12.909375,IGNORE,0,WATCH,,0,0,0,NA,NA,NA,NA,NA,CLEAR,1,0,0,0,0,TREND_REVERSAL_UNCONFIRMED,1,0.45,LONG,1,0,0,0
BNBUSDT,1780747200000,2026-06-06T12:00:00.000Z,BEAR,LONG,42.5,18.534375,IGNORE,0,WATCH,,0,0,0,NA,NA,NA,NA,NA,CLEAR,1,0,0,0,0,TREND_REVERSAL_UNCONFIRMED,2,0.45,LONG,1,0,0,0
BNBUSDT,1780750800000,2026-06-06T13:00:00.000Z,BEAR,LONG,17.5,12.909375,IGNORE,0,WATCH,,0,0,0,NA,NA,NA,NA,NA,CLEAR,1,0,0,0,0,TREND_REVERSAL_UNCONFIRMED,1,0.45,LONG,1,0,0,0
BNBUSDT,1780754400000,2026-06-06T14:00:00.000Z,BEAR,LONG,17.5,12.909375,IGNORE,0,WATCH,,0,0,0,NA,NA,NA,NA,NA,WARNING_SOFT,1,0,0,0,0,TREND_REVERSAL_UNCONFIRMED,1,0.45,LONG,1,0,0,0
BNBUSDT,1780758000000,2026-06-06T15:00:00.000Z,BEAR,LONG,17.5,12.909375,IGNORE,0,WATCH,,0,0,0,NA,NA,NA,NA,NA,CLEAR,1,0,0,0,0,TREND_REVERSAL_UNCONFIRMED,1,0.45,LONG,1,0,0,0
BNBUSDT,1780761600000,2026-06-06T16:00:00.000Z,BEAR,LONG,42.5,18.534375,IGNORE,0,WATCH,,0,0,0,NA,NA,NA,NA,NA,CLEAR,1,0,0,0,0,TREND_REVERSAL_UNCONFIRMED,2,0.45,LONG,1,0,0,0
BNBUSDT,1780765200000,2026-06-06T17:00:00.000Z,BEAR,LONG,17.5,12.909375,IGNORE,0,WATCH,,0,0,0,NA,NA,NA,NA,NA,CLEAR,1,0,0,0,0,TREND_REVERSAL_UNCONFIRMED,1,0.45,LONG,1,0,0,0
BNBUSDT,1780768800000,2026-06-06T18:00:00.000Z,BEAR,LONG,17.5,12.909375,IGNORE,0,WATCH,,0,0,0,NA,NA,NA,NA,NA,WARNING_SOFT,1,0,0,0,0,TREND_REVERSAL_UNCONFIRMED,1,0.45,LONG,1,0,0,0
BNBUSDT,1780772400000,2026-06-06T19:00:00.000Z,BEAR,LONG,17.5,12.909375,IGNORE,0,WATCH,,0,0,0,NA,NA,NA,NA,NA,CLEAR,1,0,0,0,0,TREND_REVERSAL_UNCONFIRMED,1,0.45,LONG,1,0,0,0
BNBUSDT,1780776000000,2026-06-06T20:00:00.000Z,BEAR,LONG,17.5,12.909375,IGNORE,0,WATCH,,0,0,0,NA,NA,NA,NA,NA,CLEAR,1,0,0,0,0,TREND_REVERSAL_UNCONFIRMED,1,0.45,LONG,1,0,0,0
BNBUSDT,1780779600000,2026-06-06T21:00:00.000Z,BEAR,LONG,17.5,12.909375,IGNORE,0,WATCH,,0,0,0,NA,NA,NA,NA,NA,WARNING_SOFT,1,0,0,0,0,TREND_REVERSAL_UNCONFIRMED,1,0.45,LONG,1,0,0,0
BNBUSDT,1780783200000,2026-06-06T22:00:00.000Z,BEAR,LONG,17.5,12.909375,IGNORE,0,WATCH,,0,0,0,NA,NA,NA,NA,NA,CLEAR,1,0,0,0,0,TREND_REVERSAL_UNCONFIRMED,1,0.45,LONG,1,0,0,0
BNBUSDT,1780786800000,2026-06-06T23:00:00.000Z,BEAR,LONG,17.5,12.909375,IGNORE,0,WATCH,,0,0,0,NA,NA,NA,NA,NA,CLEAR,1,0,0,0,0,TREND_REVERSAL_UNCONFIRMED,1,0.45,LONG,1,0,0,0
BNBUSDT,1780790400000,2026-06-07T00:00:00.000Z,BEAR,LONG,17.5,12.909375,IGNORE,0,WATCH,,0,0,0,NA,NA,NA,NA,NA,WARNING_SOFT,1,0,0,0,0,TREND_REVERSAL_UNCONFIRMED,1,0.45,LONG,1,0,0,0
BNBUSDT,1780794000000,2026-06-07T01:00:00.000Z,NEUTRAL,NONE,0,7.875,IGNORE,0,WATCH,,0,0,0,NA,NA,NA,NA,NA,CLEAR,1,1,0,0,0,TREND_REVERSAL_UNCONFIRMED,0,0.45,NONE,1,0,0,0
BNBUSDT,1780797600000,2026-06-07T02:00:00.000Z,NEUTRAL,NONE,0,7.875,IGNORE,0,WATCH,,0,0,0,NA,NA,NA,NA,NA,CLEAR,1,0,0,0,0,TREND_REVERSAL_UNCONFIRMED,0,0.45,NONE,1,0,0,0
BNBUSDT,1780801200000,2026-06-07T03:00:00.000Z,NEUTRAL,NONE,0,7.875,IGNORE,0,WATCH,,0,0,0,NA,NA,NA,NA,NA,CLEAR,1,0,0,0,0,TREND_REVERSAL_UNCONFIRMED,0,0.45,NONE,1,0,0,0
BNBUSDT,1780804800000,2026-06-07T04:00:00.000Z,NEUTRAL,NONE,0,7.875,IGNORE,0,WATCH,,0,0,0,NA,NA,NA,NA,NA,CLEAR,1,0,0,0,0,TREND_REVERSAL_UNCONFIRMED,0,0.45,NONE,1,0,0,0
BNBUSDT,1780808400000,2026-06-07T05:00:00.000Z,NEUTRAL,NONE,0,7.875,IGNORE,0,WATCH,,0,0,0,NA,NA,NA,NA,NA,CLEAR,1,0,0,0,0,TREND_REVERSAL_UNCONFIRMED,0,0.45,NONE,1,0,0,0
BNBUSDT,1780812000000,2026-06-07T06:00:00.000Z,NEUTRAL,NONE,0,7.875,IGNORE,0,WATCH,,0,0,0,NA,NA,NA,NA,NA,CLEAR,1,0,0,0,0,TREND_REVERSAL_UNCONFIRMED,0,0.45,NONE,1,0,0,0
BNBUSDT,1780815600000,2026-06-07T07:00:00.000Z,NEUTRAL,NONE,0,7.875,IGNORE,0,WATCH,,0,0,0,NA,NA,NA,NA,NA,CLEAR,1,0,0,0,0,TREND_REVERSAL_UNCONFIRMED,0,0.45,NONE,1,0,0,0
BNBUSDT,1780819200000,2026-06-07T08:00:00.000Z,NEUTRAL,NONE,0,7.875,IGNORE,0,WATCH,,0,0,0,NA,NA,NA,NA,NA,CLEAR,1,1,0,0,0,TREND_REVERSAL_UNCONFIRMED,0,0.45,NONE,1,0,0,0
BNBUSDT,1780822800000,2026-06-07T09:00:00.000Z,NEUTRAL,NONE,0,7.875,IGNORE,0,WATCH,,0,0,0,NA,NA,NA,NA,NA,CLEAR,1,0,0,0,0,TREND_REVERSAL_UNCONFIRMED,0,0.45,NONE,1,0,0,0
BNBUSDT,1780826400000,2026-06-07T10:00:00.000Z,NEUTRAL,NONE,0,7.875,IGNORE,0,WATCH,,0,0,0,NA,NA,NA,NA,NA,CLEAR,1,0,0,0,0,TREND_REVERSAL_UNCONFIRMED,0,0.45,NONE,1,0,0,0
BNBUSDT,1780830000000,2026-06-07T11:00:00.000Z,NEUTRAL,NONE,0,7.875,IGNORE,0,WATCH,,0,0,0,NA,NA,NA,NA,NA,CLEAR,1,0,0,0,0,TREND_REVERSAL_UNCONFIRMED,0,0.45,NONE,1,0,0,0
BNBUSDT,1780833600000,2026-06-07T12:00:00.000Z,NEUTRAL,NONE,0,7.875,IGNORE,0,WATCH,,0,0,0,NA,NA,NA,NA,NA,WARNING_SOFT,1,0,0,0,0,TREND_REVERSAL_UNCONFIRMED,0,0.45,NONE,1,0,0,0
BNBUSDT,1780837200000,2026-06-07T13:00:00.000Z,NEUTRAL,NONE,0,7.875,IGNORE,0,WATCH,,0,0,0,NA,NA,NA,NA,NA,WARNING_SOFT,1,0,0,0,0,TREND_REVERSAL_UNCONFIRMED,0,0.45,NONE,1,0,0,0
BNBUSDT,1780840800000,2026-06-07T14:00:00.000Z,BULL,SHORT,0,7.875,IGNORE,0,WATCH,,0,0,0,NA,NA,NA,NA,NA,CLEAR,1,0,0,0,0,TREND_REVERSAL_UNCONFIRMED,0,0.45,SHORT,1,0,0,0
BNBUSDT,1780844400000,2026-06-07T15:00:00.000Z,BULL,SHORT,0,7.875,IGNORE,0,WATCH,,0,0,0,NA,NA,NA,NA,NA,CLEAR,1,0,0,0,0,TREND_REVERSAL_UNCONFIRMED,0,0.45,SHORT,1,0,0,0
BNBUSDT,1780848000000,2026-06-07T16:00:00.000Z,BULL,SHORT,0,7.875,IGNORE,0,WATCH,,0,0,0,NA,NA,NA,NA,NA,CLEAR,1,0,0,0,0,TREND_REVERSAL_UNCONFIRMED,0,0.45,SHORT,1,0,0,0
BNBUSDT,1780851600000,2026-06-07T17:00:00.000Z,BULL,SHORT,0,7.875,IGNORE,0,WATCH,,0,0,0,NA,NA,NA,NA,NA,CLEAR,1,0,0,0,0,TREND_REVERSAL_UNCONFIRMED,0,0.45,SHORT,1,0,0,0
BNBUSDT,1780855200000,2026-06-07T18:00:00.000Z,BULL,SHORT,25,13.5,IGNORE,0,WATCH,,0,0,0,NA,NA,NA,NA,NA,CLEAR,1,0,0,0,0,TREND_REVERSAL_UNCONFIRMED,1,0.45,SHORT,1,0,0,0
BNBUSDT,1780858800000,2026-06-07T19:00:00.000Z,BULL,SHORT,15.99319616943066,12.790714198342666,IGNORE,0,WATCH,,0,0,0,NA,NA,NA,NA,NA,BLOCK,0,0,0,0,0,TREND_REVERSAL_UNCONFIRMED,1,0.45,SHORT,1,0,0,0
BNBUSDT,1780862400000,2026-06-07T20:00:00.000Z,BULL,SHORT,0,7.875,IGNORE,0,WATCH,,0,0,0,NA,NA,NA,NA,NA,WARNING_SOFT,1,0,0,0,0,TREND_REVERSAL_UNCONFIRMED,0,0.45,SHORT,1,0,0,0
BNBUSDT,1780866000000,2026-06-07T21:00:00.000Z,BULL,SHORT,17.5,12.909375,IGNORE,0,WATCH,,0,0,0,NA,NA,NA,NA,NA,WARNING_SOFT,1,0,0,0,0,TREND_REVERSAL_UNCONFIRMED,1,0.45,SHORT,1,0,0,0
BNBUSDT,1780869600000,2026-06-07T22:00:00.000Z,BULL,SHORT,42.5,18.534375,IGNORE,0,WATCH,,0,0,0,NA,NA,NA,NA,NA,CLEAR,1,1,0,0,0,TREND_REVERSAL_UNCONFIRMED,2,0.45,SHORT,1,0,0,0
BNBUSDT,1780873200000,2026-06-07T23:00:00.000Z,BULL,SHORT,17.5,12.909375,IGNORE,0,WATCH,,0,0,0,NA,NA,NA,NA,NA,CLEAR,1,0,0,0,0,TREND_REVERSAL_UNCONFIRMED,1,0.45,SHORT,1,0,0,0
BNBUSDT,1780876800000,2026-06-08T00:00:00.000Z,BULL,SHORT,17.5,12.909375,IGNORE,0,WATCH,,0,0,0,NA,NA,NA,NA,NA,CLEAR,1,0,0,0,0,TREND_REVERSAL_UNCONFIRMED,1,0.45,SHORT,1,0,0,0
BNBUSDT,1780880400000,2026-06-08T01:00:00.000Z,BULL,SHORT,25,13.5,IGNORE,0,WATCH,,0,0,0,NA,NA,NA,NA,NA,CLEAR,1,0,0,0,0,TREND_REVERSAL_UNCONFIRMED,1,0.45,SHORT,1,0,0,0
BNBUSDT,1780884000000,2026-06-08T02:00:00.000Z,BULL,SHORT,0,7.875,IGNORE,0,WATCH,,0,0,0,NA,NA,NA,NA,NA,CLEAR,1,0,0,0,0,TREND_REVERSAL_UNCONFIRMED,0,0.45,SHORT,1,0,0,0
BNBUSDT,1780887600000,2026-06-08T03:00:00.000Z,BULL,SHORT,0,7.875,IGNORE,0,WATCH,,0,0,0,NA,NA,NA,NA,NA,CLEAR,1,0,0,0,0,TREND_REVERSAL_UNCONFIRMED,0,0.45,SHORT,1,0,0,0
BNBUSDT,1780891200000,2026-06-08T04:00:00.000Z,BULL,SHORT,12.827327625090113,12.541402050475847,IGNORE,0,WATCH,,0,0,0,NA,NA,NA,NA,NA,WARNING_SOFT,1,0,0,0,0,TREND_REVERSAL_UNCONFIRMED,1,0.45,SHORT,1,0,0,0
BNBUSDT,1780894800000,2026-06-08T05:00:00.000Z,NEUTRAL,NONE,0,7.875,IGNORE,0,WATCH,,0,0,0,NA,NA,NA,NA,NA,WARNING_SOFT,1,0,0,0,0,TREND_REVERSAL_UNCONFIRMED,0,0.45,NONE,1,0,0,0
BNBUSDT,1780898400000,2026-06-08T06:00:00.000Z,NEUTRAL,NONE,0,7.875,IGNORE,0,WATCH,,0,0,0,NA,NA,NA,NA,NA,WARNING_SOFT,1,0,0,0,0,TREND_REVERSAL_UNCONFIRMED,0,0.45,NONE,1,0,0,0
BNBUSDT,1780902000000,2026-06-08T07:00:00.000Z,BULL,SHORT,0,7.875,IGNORE,0,WATCH,,0,0,0,NA,NA,NA,NA,NA,WARNING_SOFT,1,0,0,0,0,TREND_REVERSAL_UNCONFIRMED,0,0.45,SHORT,1,0,0,0
BNBUSDT,1780905600000,2026-06-08T08:00:00.000Z,NEUTRAL,NONE,0,7.875,IGNORE,0,WATCH,,0,0,0,NA,NA,NA,NA,NA,WARNING_SOFT,1,0,0,0,0,TREND_REVERSAL_UNCONFIRMED,0,0.45,NONE,1,0,0,0
BNBUSDT,1780909200000,2026-06-08T09:00:00.000Z,BULL,SHORT,17.703951247868925,12.925436160769678,IGNORE,0,WATCH,,0,0,0,NA,NA,NA,NA,NA,WARNING_SOFT,1,0,0,0,0,TREND_REVERSAL_UNCONFIRMED,1,0.45,SHORT,1,0,0,0
BNBUSDT,1780912800000,2026-06-08T10:00:00.000Z,BULL,SHORT,0,7.875,IGNORE,0,WATCH,,0,0,0,NA,NA,NA,NA,NA,WARNING_SOFT,1,0,0,0,0,TREND_REVERSAL_UNCONFIRMED,0,0.45,SHORT,1,0,0,0
BNBUSDT,1780916400000,2026-06-08T11:00:00.000Z,BULL,SHORT,0,7.875,IGNORE,0,WATCH,,0,0,0,NA,NA,NA,NA,NA,CLEAR,1,0,0,0,0,TREND_REVERSAL_UNCONFIRMED,0,0.45,SHORT,1,0,0,0
BNBUSDT,1780920000000,2026-06-08T12:00:00.000Z,BULL,SHORT,13.05770182655197,12.559544018840969,IGNORE,0,WATCH,,0,0,0,NA,NA,NA,NA,NA,CLEAR,1,0,0,0,0,TREND_REVERSAL_UNCONFIRMED,1,0.45,SHORT,1,0,0,0
BNBUSDT,1780923600000,2026-06-08T13:00:00.000Z,BULL,SHORT,0,7.875,IGNORE,0,WATCH,,0,0,0,NA,NA,NA,NA,NA,CLEAR,1,0,0,0,0,TREND_REVERSAL_UNCONFIRMED,0,0.45,SHORT,1,0,0,0
BNBUSDT,1780927200000,2026-06-08T14:00:00.000Z,BULL,SHORT,17.5,12.909375,IGNORE,0,WATCH,,0,0,0,NA,NA,NA,NA,NA,CLEAR,1,0,0,0,0,TREND_REVERSAL_UNCONFIRMED,1,0.45,SHORT,1,0,0,0
BNBUSDT,1780930800000,2026-06-08T15:00:00.000Z,BULL,SHORT,17.5,12.909375,IGNORE,0,WATCH,,0,0,0,NA,NA,NA,NA,NA,CLEAR,1,0,0,0,0,TREND_REVERSAL_UNCONFIRMED,1,0.45,SHORT,1,0,0,0
BNBUSDT,1780934400000,2026-06-08T16:00:00.000Z,BULL,SHORT,17.5,12.909375,IGNORE,0,WATCH,,0,0,0,NA,NA,NA,NA,NA,CLEAR,1,0,0,0,0,TREND_REVERSAL_UNCONFIRMED,1,0.45,SHORT,1,0,0,0
BNBUSDT,1780938000000,2026-06-08T17:00:00.000Z,BULL,SHORT,30.34722222222222,17.57734375,IGNORE,0,WATCH,,0,0,0,NA,NA,NA,NA,NA,CLEAR,1,0,0,0,0,TREND_REVERSAL_UNCONFIRMED,2,0.45,SHORT,1,0,0,0
BNBUSDT,1780941600000,2026-06-08T18:00:00.000Z,BULL,SHORT,17.5,12.909375,IGNORE,0,WATCH,,0,0,0,NA,NA,NA,NA,NA,CLEAR,1,0,0,0,0,TREND_REVERSAL_UNCONFIRMED,1,0.45,SHORT,1,0,0,0
BNBUSDT,1780945200000,2026-06-08T19:00:00.000Z,BULL,SHORT,17.5,12.909375,IGNORE,0,WATCH,,0,0,0,NA,NA,NA,NA,NA,CLEAR,1,0,0,0,0,TREND_REVERSAL_UNCONFIRMED,1,0.45,SHORT,1,0,0,0
BNBUSDT,1780948800000,2026-06-08T20:00:00.000Z,BULL,SHORT,17.5,12.909375,IGNORE,0,WATCH,,0,0,0,NA,NA,NA,NA,NA,CLEAR,1,0,0,0,0,TREND_REVERSAL_UNCONFIRMED,1,0.45,SHORT,1,0,0,0
BNBUSDT,1780952400000,2026-06-08T21:00:00.000Z,BULL,SHORT,17.5,12.909375,IGNORE,0,WATCH,,0,0,0,NA,NA,NA,NA,NA,CLEAR,1,0,0,0,0,TREND_REVERSAL_UNCONFIRMED,1,0.45,SHORT,1,0,0,0
BNBUSDT,1780956000000,2026-06-08T22:00:00.000Z,BULL,SHORT,17.5,12.909375,IGNORE,0,WATCH,,0,0,0,NA,NA,NA,NA,NA,CLEAR,1,0,0,0,0,TREND_REVERSAL_UNCONFIRMED,1,0.45,SHORT,1,0,0,0
BNBUSDT,1780959600000,2026-06-08T23:00:00.000Z,NEUTRAL,NONE,0,7.875,IGNORE,0,WATCH,,0,0,0,NA,NA,NA,NA,NA,BLOCK,0,0,0,0,0,TREND_REVERSAL_UNCONFIRMED,0,0.45,NONE,1,0,0,0
BNBUSDT,1780963200000,2026-06-09T00:00:00.000Z,NEUTRAL,NONE,0,7.875,IGNORE,0,WATCH,,0,0,0,NA,NA,NA,NA,NA,BLOCK,0,0,0,0,0,TREND_REVERSAL_UNCONFIRMED,0,0.45,NONE,1,0,0,0
BNBUSDT,1780966800000,2026-06-09T01:00:00.000Z,NEUTRAL,NONE,0,7.875,IGNORE,0,WATCH,,0,0,0,NA,NA,NA,NA,NA,WARNING_SOFT,1,0,0,0,0,TREND_REVERSAL_UNCONFIRMED,0,0.45,NONE,1,0,0,0
BNBUSDT,1780970400000,2026-06-09T02:00:00.000Z,NEUTRAL,NONE,0,7.875,IGNORE,0,WATCH,,0,0,0,NA,NA,NA,NA,NA,WARNING_SOFT,1,0,0,0,0,TREND_REVERSAL_UNCONFIRMED,0,0.45,NONE,1,0,0,0
BNBUSDT,1780974000000,2026-06-09T03:00:00.000Z,NEUTRAL,NONE,0,7.875,IGNORE,0,WATCH,,0,0,0,NA,NA,NA,NA,NA,WARNING_SOFT,1,0,0,0,0,TREND_REVERSAL_UNCONFIRMED,0,0.45,NONE,1,0,0,0
BNBUSDT,1780977600000,2026-06-09T04:00:00.000Z,BULL,SHORT,0,7.875,IGNORE,0,WATCH,,0,0,0,NA,NA,NA,NA,NA,WARNING_SOFT,1,0,0,0,0,TREND_REVERSAL_UNCONFIRMED,0,0.45,SHORT,1,0,0,0
BNBUSDT,1780981200000,2026-06-09T05:00:00.000Z,BULL,SHORT,0,7.875,IGNORE,0,WATCH,,0,0,0,NA,NA,NA,NA,NA,CLEAR,1,0,0,0,0,TREND_REVERSAL_UNCONFIRMED,0,0.45,SHORT,1,0,0,0
BNBUSDT,1780984800000,2026-06-09T06:00:00.000Z,BULL,SHORT,0,7.875,IGNORE,0,WATCH,,0,0,0,NA,NA,NA,NA,NA,CLEAR,1,0,0,0,0,TREND_REVERSAL_UNCONFIRMED,0,0.45,SHORT,1,0,0,0
BNBUSDT,1780988400000,2026-06-09T07:00:00.000Z,BULL,SHORT,0,7.875,IGNORE,0,WATCH,,0,0,0,NA,NA,NA,NA,NA,WARNING_SOFT,1,0,0,0,0,TREND_REVERSAL_UNCONFIRMED,0,0.45,SHORT,1,0,0,0
BNBUSDT,1780992000000,2026-06-09T08:00:00.000Z,NEUTRAL,NONE,0,7.875,IGNORE,0,WATCH,,0,0,0,NA,NA,NA,NA,NA,WARNING_SOFT,1,0,0,0,0,TREND_REVERSAL_UNCONFIRMED,0,0.45,NONE,1,0,0,0
BNBUSDT,1780995600000,2026-06-09T09:00:00.000Z,NEUTRAL,NONE,0,7.875,IGNORE,0,WATCH,,0,0,0,NA,NA,NA,NA,NA,WARNING_SOFT,1,0,0,0,0,TREND_REVERSAL_UNCONFIRMED,0,0.45,NONE,1,0,0,0
BNBUSDT,1780999200000,2026-06-09T10:00:00.000Z,NEUTRAL,NONE,0,7.875,IGNORE,0,WATCH,,0,0,0,NA,NA,NA,NA,NA,BLOCK,0,0,0,0,0,TREND_REVERSAL_UNCONFIRMED,0,0.45,NONE,1,0,0,0
BNBUSDT,1781002800000,2026-06-09T11:00:00.000Z,NEUTRAL,NONE,0,7.875,IGNORE,0,WATCH,,0,0,0,NA,NA,NA,NA,NA,BLOCK,0,0,0,0,0,TREND_REVERSAL_UNCONFIRMED,0,0.45,NONE,1,0,0,0
BNBUSDT,1781006400000,2026-06-09T12:00:00.000Z,NEUTRAL,NONE,0,7.875,IGNORE,0,WATCH,,0,0,0,NA,NA,NA,NA,NA,BLOCK,0,0,0,0,0,TREND_REVERSAL_UNCONFIRMED,0,0.45,NONE,1,0,0,0
BNBUSDT,1781010000000,2026-06-09T13:00:00.000Z,NEUTRAL,NONE,0,7.875,IGNORE,0,WATCH,,0,0,0,NA,NA,NA,NA,NA,WARNING_SOFT,1,0,0,0,0,TREND_REVERSAL_UNCONFIRMED,0,0.45,NONE,1,0,0,0
BNBUSDT,1781013600000,2026-06-09T14:00:00.000Z,NEUTRAL,NONE,0,7.875,IGNORE,0,WATCH,,0,0,0,NA,NA,NA,NA,NA,BLOCK,0,0,0,0,0,TREND_REVERSAL_UNCONFIRMED,0,0.45,NONE,1,0,0,0
BNBUSDT,1781017200000,2026-06-09T15:00:00.000Z,NEUTRAL,NONE,0,7.875,IGNORE,0,WATCH,,0,0,0,NA,NA,NA,NA,NA,BLOCK,0,0,1,0,0,TREND_REVERSAL_UNCONFIRMED,0,0.45,NONE,1,0,0,0
BNBUSDT,1781020800000,2026-06-09T16:00:00.000Z,BEAR,LONG,66.7495520865216,44.567184156718675,WATCH,1,WATCH,ACTIVE,1,1,0,FAIL,PASS,SKIP,SKIP,FAIL,CLEAR,1,0,0,0,0,MARKET_CONTEXT_DENIED,3,0.84,LONG,1,0,0,0
BNBUSDT,1781024400000,2026-06-09T17:00:00.000Z,BEAR,LONG,0,7.875,IGNORE,0,WATCH,,0,0,0,NA,NA,NA,NA,NA,CLEAR,1,0,0,0,0,TREND_REVERSAL_UNCONFIRMED,0,0.45,LONG,1,0,0,0
BNBUSDT,1781028000000,2026-06-09T18:00:00.000Z,BEAR,LONG,0,7.875,IGNORE,0,WATCH,,0,0,0,NA,NA,NA,NA,NA,CLEAR,1,0,0,0,0,TREND_REVERSAL_UNCONFIRMED,0,0.45,LONG,1,0,0,0
BNBUSDT,1781031600000,2026-06-09T19:00:00.000Z,NEUTRAL,NONE,0,7.875,IGNORE,0,WATCH,,0,0,0,NA,NA,NA,NA,NA,WARNING_SOFT,1,0,0,0,0,TREND_REVERSAL_UNCONFIRMED,0,0.45,NONE,1,0,0,0
BNBUSDT,1781035200000,2026-06-09T20:00:00.000Z,NEUTRAL,NONE,0,7.875,IGNORE,0,WATCH,,0,0,0,NA,NA,NA,NA,NA,WARNING_SOFT,1,0,0,0,0,TREND_REVERSAL_UNCONFIRMED,0,0.45,NONE,1,0,0,0
BNBUSDT,1781038800000,2026-06-09T21:00:00.000Z,BEAR,LONG,0,7.875,IGNORE,0,WATCH,,0,0,0,NA,NA,NA,NA,NA,WARNING_SOFT,1,0,0,0,0,TREND_REVERSAL_UNCONFIRMED,0,0.45,LONG,1,0,0,0
BNBUSDT,1781042400000,2026-06-09T22:00:00.000Z,BEAR,LONG,0,7.875,IGNORE,0,WATCH,,0,0,0,NA,NA,NA,NA,NA,CLEAR,1,0,0,0,0,TREND_REVERSAL_UNCONFIRMED,0,0.45,LONG,1,0,0,0
BNBUSDT,1781046000000,2026-06-09T23:00:00.000Z,BEAR,LONG,0,7.875,IGNORE,0,WATCH,,0,0,0,NA,NA,NA,NA,NA,CLEAR,1,0,0,0,0,TREND_REVERSAL_UNCONFIRMED,0,0.45,LONG,1,0,0,0
BNBUSDT,1781049600000,2026-06-10T00:00:00.000Z,BEAR,LONG,0,7.875,IGNORE,0,WATCH,,0,0,0,NA,NA,NA,NA,NA,CLEAR,1,0,0,0,0,TREND_REVERSAL_UNCONFIRMED,0,0.45,LONG,1,0,0,0
BNBUSDT,1781053200000,2026-06-10T01:00:00.000Z,BEAR,LONG,0,7.875,IGNORE,0,WATCH,,0,0,0,NA,NA,NA,NA,NA,CLEAR,1,0,0,0,0,TREND_REVERSAL_UNCONFIRMED,0,0.45,LONG,1,0,0,0
BNBUSDT,1781056800000,2026-06-10T02:00:00.000Z,BEAR,LONG,0,7.875,IGNORE,0,WATCH,,0,0,0,NA,NA,NA,NA,NA,CLEAR,1,0,0,0,0,TREND_REVERSAL_UNCONFIRMED,0,0.45,LONG,1,0,0,0
BNBUSDT,1781060400000,2026-06-10T03:00:00.000Z,BEAR,LONG,25,13.5,IGNORE,0,WATCH,,0,0,0,NA,NA,NA,NA,NA,CLEAR,1,0,0,0,0,TREND_REVERSAL_UNCONFIRMED,1,0.45,LONG,1,0,0,0
BNBUSDT,1781064000000,2026-06-10T04:00:00.000Z,BEAR,LONG,0,7.875,IGNORE,0,WATCH,,0,0,0,NA,NA,NA,NA,NA,CLEAR,1,0,0,0,0,TREND_REVERSAL_UNCONFIRMED,0,0.45,LONG,1,0,0,0
BNBUSDT,1781067600000,2026-06-10T05:00:00.000Z,BEAR,LONG,0,7.875,IGNORE,0,WATCH,,0,0,0,NA,NA,NA,NA,NA,CLEAR,1,0,0,0,0,TREND_REVERSAL_UNCONFIRMED,0,0.45,LONG,1,0,0,0
BNBUSDT,1781071200000,2026-06-10T06:00:00.000Z,BEAR,LONG,0,7.875,IGNORE,0,WATCH,,0,0,0,NA,NA,NA,NA,NA,CLEAR,1,0,0,0,0,TREND_REVERSAL_UNCONFIRMED,0,0.45,LONG,1,0,0,0
BNBUSDT,1781074800000,2026-06-10T07:00:00.000Z,BEAR,LONG,25,13.5,IGNORE,0,WATCH,,0,0,0,NA,NA,NA,NA,NA,CLEAR,1,0,0,0,0,TREND_REVERSAL_UNCONFIRMED,1,0.45,LONG,1,0,0,0
BNBUSDT,1781078400000,2026-06-10T08:00:00.000Z,BEAR,LONG,0,7.875,IGNORE,0,WATCH,,0,0,0,NA,NA,NA,NA,NA,CLEAR,1,0,0,0,0,TREND_REVERSAL_UNCONFIRMED,0,0.45,LONG,1,0,0,0
BNBUSDT,1781082000000,2026-06-10T09:00:00.000Z,BEAR,LONG,0,7.875,IGNORE,0,WATCH,,0,0,0,NA,NA,NA,NA,NA,CLEAR,1,0,0,0,0,TREND_REVERSAL_UNCONFIRMED,0,0.45,LONG,1,0,0,0
BNBUSDT,1781085600000,2026-06-10T10:00:00.000Z,BEAR,LONG,12.847222222222221,12.54296875,IGNORE,0,WATCH,,0,0,0,NA,NA,NA,NA,NA,CLEAR,1,0,0,0,0,TREND_REVERSAL_UNCONFIRMED,1,0.45,LONG,1,0,0,0
BNBUSDT,1781089200000,2026-06-10T11:00:00.000Z,BEAR,LONG,16.210316310338236,12.807812409439137,IGNORE,0,WATCH,,0,0,0,NA,NA,NA,NA,NA,CLEAR,1,0,0,0,0,TREND_REVERSAL_UNCONFIRMED,1,0.45,LONG,1,0,0,0
BNBUSDT,1781092800000,2026-06-10T12:00:00.000Z,BEAR,LONG,50,19.125,IGNORE,0,WATCH,,0,0,0,NA,NA,NA,NA,NA,CLEAR,1,0,0,0,0,TREND_REVERSAL_UNCONFIRMED,2,0.45,LONG,1,0,0,0
BNBUSDT,1781096400000,2026-06-10T13:00:00.000Z,NEUTRAL,NONE,0,7.875,IGNORE,0,WATCH,,0,0,0,NA,NA,NA,NA,NA,CLEAR,1,0,0,0,0,TREND_REVERSAL_UNCONFIRMED,0,0.45,NONE,1,0,0,0
BNBUSDT,1781100000000,2026-06-10T14:00:00.000Z,NEUTRAL,NONE,0,7.875,IGNORE,0,WATCH,,0,0,0,NA,NA,NA,NA,NA,CLEAR,1,0,0,0,0,TREND_REVERSAL_UNCONFIRMED,0,0.45,NONE,1,0,0,0
BNBUSDT,1781103600000,2026-06-10T15:00:00.000Z,NEUTRAL,NONE,0,7.875,IGNORE,0,WATCH,,0,0,0,NA,NA,NA,NA,NA,CLEAR,1,0,0,0,0,TREND_REVERSAL_UNCONFIRMED,0,0.45,NONE,1,0,0,0
BNBUSDT,1781107200000,2026-06-10T16:00:00.000Z,NEUTRAL,NONE,0,7.875,IGNORE,0,WATCH,,0,0,0,NA,NA,NA,NA,NA,CLEAR,1,0,0,0,0,TREND_REVERSAL_UNCONFIRMED,0,0.45,NONE,1,0,0,0
BNBUSDT,1781110800000,2026-06-10T17:00:00.000Z,BEAR,LONG,0,7.875,IGNORE,0,WATCH,,0,0,0,NA,NA,NA,NA,NA,WARNING_SOFT,1,0,0,0,0,TREND_REVERSAL_UNCONFIRMED,0,0.45,LONG,1,0,0,0
BNBUSDT,1781114400000,2026-06-10T18:00:00.000Z,BEAR,LONG,25,13.5,IGNORE,0,WATCH,,0,0,0,NA,NA,NA,NA,NA,WARNING_SOFT,1,0,0,0,0,TREND_REVERSAL_UNCONFIRMED,1,0.45,LONG,1,0,0,0
BNBUSDT,1781118000000,2026-06-10T19:00:00.000Z,BEAR,LONG,0,7.875,IGNORE,0,WATCH,,0,0,0,NA,NA,NA,NA,NA,WARNING_SOFT,1,0,0,0,0,TREND_REVERSAL_UNCONFIRMED,0,0.45,LONG,1,0,0,0
BNBUSDT,1781121600000,2026-06-10T20:00:00.000Z,BEAR,LONG,0,7.875,IGNORE,0,WATCH,,0,0,0,NA,NA,NA,NA,NA,CLEAR,1,0,0,0,0,TREND_REVERSAL_UNCONFIRMED,0,0.45,LONG,1,0,0,0
BNBUSDT,1781125200000,2026-06-10T21:00:00.000Z,BEAR,LONG,0,7.875,IGNORE,0,WATCH,,0,0,0,NA,NA,NA,NA,NA,CLEAR,1,0,0,0,0,TREND_REVERSAL_UNCONFIRMED,0,0.45,LONG,1,0,0,0
BNBUSDT,1781128800000,2026-06-10T22:00:00.000Z,BEAR,LONG,0,7.875,IGNORE,0,WATCH,,0,0,0,NA,NA,NA,NA,NA,CLEAR,1,0,0,0,0,TREND_REVERSAL_UNCONFIRMED,0,0.45,LONG,1,0,0,0
BNBUSDT,1781132400000,2026-06-10T23:00:00.000Z,BEAR,LONG,0,7.875,IGNORE,0,WATCH,,0,0,0,NA,NA,NA,NA,NA,CLEAR,1,0,0,0,0,TREND_REVERSAL_UNCONFIRMED,0,0.45,LONG,1,0,0,0
BNBUSDT,1781136000000,2026-06-11T00:00:00.000Z,NEUTRAL,NONE,0,7.875,IGNORE,0,WATCH,,0,0,0,NA,NA,NA,NA,NA,WARNING_SOFT,1,0,0,0,0,TREND_REVERSAL_UNCONFIRMED,0,0.45,NONE,1,0,0,0
BNBUSDT,1781139600000,2026-06-11T01:00:00.000Z,NEUTRAL,NONE,0,7.875,IGNORE,0,WATCH,,0,0,0,NA,NA,NA,NA,NA,CLEAR,1,0,0,0,0,TREND_REVERSAL_UNCONFIRMED,0,0.45,NONE,1,0,0,0
BNBUSDT,1781143200000,2026-06-11T02:00:00.000Z,NEUTRAL,NONE,0,7.875,IGNORE,0,WATCH,,0,0,0,NA,NA,NA,NA,NA,CLEAR,1,0,0,0,0,TREND_REVERSAL_UNCONFIRMED,0,0.45,NONE,1,0,0,0
BNBUSDT,1781146800000,2026-06-11T03:00:00.000Z,NEUTRAL,NONE,0,7.875,IGNORE,0,WATCH,,0,0,0,NA,NA,NA,NA,NA,CLEAR,1,0,0,0,0,TREND_REVERSAL_UNCONFIRMED,0,0.45,NONE,1,0,0,0
BNBUSDT,1781150400000,2026-06-11T04:00:00.000Z,NEUTRAL,NONE,0,7.875,IGNORE,0,WATCH,,0,0,0,NA,NA,NA,NA,NA,CLEAR,1,0,0,0,0,TREND_REVERSAL_UNCONFIRMED,0,0.45,NONE,1,0,0,0
BNBUSDT,1781154000000,2026-06-11T05:00:00.000Z,NEUTRAL,NONE,0,7.875,IGNORE,0,WATCH,,0,0,0,NA,NA,NA,NA,NA,CLEAR,1,0,0,0,0,TREND_REVERSAL_UNCONFIRMED,0,0.45,NONE,1,0,0,0
BNBUSDT,1781157600000,2026-06-11T06:00:00.000Z,NEUTRAL,NONE,0,7.875,IGNORE,0,WATCH,,0,0,0,NA,NA,NA,NA,NA,CLEAR,1,0,0,0,0,TREND_REVERSAL_UNCONFIRMED,0,0.45,NONE,1,0,0,0
BNBUSDT,1781161200000,2026-06-11T07:00:00.000Z,NEUTRAL,NONE,0,7.875,IGNORE,0,WATCH,,0,0,0,NA,NA,NA,NA,NA,CLEAR,1,0,0,0,0,TREND_REVERSAL_UNCONFIRMED,0,0.45,NONE,1,0,0,0
BNBUSDT,1781164800000,2026-06-11T08:00:00.000Z,BULL,SHORT,50,19.125,IGNORE,0,WATCH,,0,0,0,NA,NA,NA,NA,NA,CLEAR,1,0,0,0,0,TREND_REVERSAL_UNCONFIRMED,2,0.45,SHORT,1,0,0,0
BNBUSDT,1781168400000,2026-06-11T09:00:00.000Z,BULL,SHORT,0,7.875,IGNORE,0,WATCH,,0,0,0,NA,NA,NA,NA,NA,CLEAR,1,0,0,0,0,TREND_REVERSAL_UNCONFIRMED,0,0.45,SHORT,1,0,0,0
BNBUSDT,1781172000000,2026-06-11T10:00:00.000Z,BULL,SHORT,0,7.875,IGNORE,0,WATCH,,0,0,0,NA,NA,NA,NA,NA,CLEAR,1,0,0,0,0,TREND_REVERSAL_UNCONFIRMED,0,0.45,SHORT,1,0,0,0
BNBUSDT,1781175600000,2026-06-11T11:00:00.000Z,BULL,SHORT,0,7.875,IGNORE,0,WATCH,,0,0,0,NA,NA,NA,NA,NA,CLEAR,1,0,0,0,0,TREND_REVERSAL_UNCONFIRMED,0,0.45,SHORT,1,0,0,0
BNBUSDT,1781179200000,2026-06-11T12:00:00.000Z,BULL,SHORT,42.91077360804387,18.566723421633455,IGNORE,0,WATCH,,0,0,0,NA,NA,NA,NA,NA,CLEAR,1,0,0,0,0,TREND_REVERSAL_UNCONFIRMED,2,0.45,SHORT,1,0,0,0
BNBUSDT,1781182800000,2026-06-11T13:00:00.000Z,BULL,SHORT,0,7.875,IGNORE,0,WATCH,,0,0,0,NA,NA,NA,NA,NA,CLEAR,1,0,0,0,0,TREND_REVERSAL_UNCONFIRMED,0,0.45,SHORT,1,0,0,0
BNBUSDT,1781186400000,2026-06-11T14:00:00.000Z,BULL,SHORT,0,7.875,IGNORE,0,WATCH,,0,0,0,NA,NA,NA,NA,NA,CLEAR,1,0,0,0,0,TREND_REVERSAL_UNCONFIRMED,0,0.45,SHORT,1,0,0,0
BNBUSDT,1781190000000,2026-06-11T15:00:00.000Z,BULL,SHORT,25,13.5,IGNORE,0,WATCH,,0,0,0,NA,NA,NA,NA,NA,CLEAR,1,0,0,0,0,TREND_REVERSAL_UNCONFIRMED,1,0.45,SHORT,1,0,0,0
BNBUSDT,1781193600000,2026-06-11T16:00:00.000Z,BULL,SHORT,17.5,12.909375,IGNORE,0,WATCH,,0,0,0,NA,NA,NA,NA,NA,WARNING_SOFT,1,0,0,0,0,TREND_REVERSAL_UNCONFIRMED,1,0.45,SHORT,1,0,0,0
BNBUSDT,1781197200000,2026-06-11T17:00:00.000Z,BULL,SHORT,42.5,18.534375,IGNORE,0,WATCH,,0,0,0,NA,NA,NA,NA,NA,CLEAR,1,0,0,0,0,TREND_REVERSAL_UNCONFIRMED,2,0.45,SHORT,1,0,0,0
BNBUSDT,1781200800000,2026-06-11T18:00:00.000Z,BULL,SHORT,17.5,12.909375,IGNORE,0,WATCH,,0,0,0,NA,NA,NA,NA,NA,CLEAR,1,0,0,0,0,TREND_REVERSAL_UNCONFIRMED,1,0.45,SHORT,1,0,0,0
BNBUSDT,1781204400000,2026-06-11T19:00:00.000Z,BULL,SHORT,42.5,18.534375,IGNORE,0,WATCH,,0,0,0,NA,NA,NA,NA,NA,CLEAR,1,0,0,0,0,TREND_REVERSAL_UNCONFIRMED,2,0.45,SHORT,1,0,0,0
BNBUSDT,1781208000000,2026-06-11T20:00:00.000Z,BULL,SHORT,17.5,12.909375,IGNORE,0,WATCH,,0,0,0,NA,NA,NA,NA,NA,CLEAR,1,0,0,0,0,TREND_REVERSAL_UNCONFIRMED,1,0.45,SHORT,1,0,0,0
BNBUSDT,1781211600000,2026-06-11T21:00:00.000Z,BULL,SHORT,0,7.875,IGNORE,0,WATCH,,0,0,0,NA,NA,NA,NA,NA,CLEAR,1,0,0,0,0,TREND_REVERSAL_UNCONFIRMED,0,0.45,SHORT,1,0,0,0
BNBUSDT,1781215200000,2026-06-11T22:00:00.000Z,BULL,SHORT,0,7.875,IGNORE,0,WATCH,,0,0,0,NA,NA,NA,NA,NA,CLEAR,1,0,0,0,0,TREND_REVERSAL_UNCONFIRMED,0,0.45,SHORT,1,0,0,0
BNBUSDT,1781218800000,2026-06-11T23:00:00.000Z,BULL,SHORT,0,7.875,IGNORE,0,WATCH,,0,0,0,NA,NA,NA,NA,NA,CLEAR,1,0,0,0,0,TREND_REVERSAL_UNCONFIRMED,0,0.45,SHORT,1,0,0,0
BNBUSDT,1781222400000,2026-06-12T00:00:00.000Z,BULL,SHORT,25,13.5,IGNORE,0,WATCH,,0,0,0,NA,NA,NA,NA,NA,CLEAR,1,0,0,0,0,TREND_REVERSAL_UNCONFIRMED,1,0.45,SHORT,1,0,0,0
BNBUSDT,1781226000000,2026-06-12T01:00:00.000Z,BULL,SHORT,0,7.875,IGNORE,0,WATCH,,0,0,0,NA,NA,NA,NA,NA,WARNING_SOFT,1,0,0,0,0,TREND_REVERSAL_UNCONFIRMED,0,0.45,SHORT,1,0,0,0
BNBUSDT,1781229600000,2026-06-12T02:00:00.000Z,BULL,SHORT,17.5,12.909375,IGNORE,0,WATCH,,0,0,0,NA,NA,NA,NA,NA,WARNING_SOFT,1,0,0,0,0,TREND_REVERSAL_UNCONFIRMED,1,0.45,SHORT,1,0,0,0
BNBUSDT,1781233200000,2026-06-12T03:00:00.000Z,BULL,SHORT,17.5,12.909375,IGNORE,0,WATCH,,0,0,0,NA,NA,NA,NA,NA,WARNING_SOFT,1,0,0,0,0,TREND_REVERSAL_UNCONFIRMED,1,0.45,SHORT,1,0,0,0
BNBUSDT,1781236800000,2026-06-12T04:00:00.000Z,BULL,SHORT,17.5,12.909375,IGNORE,0,WATCH,,0,0,0,NA,NA,NA,NA,NA,CLEAR,1,0,0,0,0,TREND_REVERSAL_UNCONFIRMED,1,0.45,SHORT,1,0,0,0
BNBUSDT,1781240400000,2026-06-12T05:00:00.000Z,NEUTRAL,NONE,0,7.875,IGNORE,0,WATCH,,0,0,0,NA,NA,NA,NA,NA,WARNING_SOFT,1,0,0,0,0,TREND_REVERSAL_UNCONFIRMED,0,0.45,NONE,1,0,0,0
BNBUSDT,1781244000000,2026-06-12T06:00:00.000Z,NEUTRAL,NONE,0,7.875,IGNORE,0,WATCH,,0,0,0,NA,NA,NA,NA,NA,BLOCK,0,0,0,0,0,TREND_REVERSAL_UNCONFIRMED,0,0.45,NONE,1,0,0,0
BNBUSDT,1781247600000,2026-06-12T07:00:00.000Z,NEUTRAL,NONE,0,7.875,IGNORE,0,WATCH,,0,0,0,NA,NA,NA,NA,NA,WARNING_SOFT,1,0,0,0,0,TREND_REVERSAL_UNCONFIRMED,0,0.45,NONE,1,0,0,0
BNBUSDT,1781251200000,2026-06-12T08:00:00.000Z,BULL,SHORT,36.90519640098244,18.09378421657737,IGNORE,0,WATCH,,0,0,0,NA,NA,NA,NA,NA,WARNING_SOFT,1,0,0,0,0,TREND_REVERSAL_UNCONFIRMED,2,0.45,SHORT,1,0,0,0
BNBUSDT,1781254800000,2026-06-12T09:00:00.000Z,BULL,SHORT,17.5,12.909375,IGNORE,0,WATCH,,0,0,0,NA,NA,NA,NA,NA,CLEAR,1,0,0,0,0,TREND_REVERSAL_UNCONFIRMED,1,0.45,SHORT,1,0,0,0
BNBUSDT,1781258400000,2026-06-12T10:00:00.000Z,BULL,SHORT,31.798420508133578,17.691625615015518,IGNORE,0,WATCH,,0,0,0,NA,NA,NA,NA,NA,CLEAR,1,0,0,0,0,TREND_REVERSAL_UNCONFIRMED,2,0.45,SHORT,1,0,0,0
BNBUSDT,1781262000000,2026-06-12T11:00:00.000Z,BULL,SHORT,17.5,12.909375,IGNORE,0,WATCH,,0,0,0,NA,NA,NA,NA,NA,CLEAR,1,0,0,0,0,TREND_REVERSAL_UNCONFIRMED,1,0.45,SHORT,1,0,0,0
BNBUSDT,1781265600000,2026-06-12T12:00:00.000Z,BULL,SHORT,17.5,12.909375,IGNORE,0,WATCH,,0,0,0,NA,NA,NA,NA,NA,CLEAR,1,0,0,0,0,TREND_REVERSAL_UNCONFIRMED,1,0.45,SHORT,1,0,0,0
BNBUSDT,1781269200000,2026-06-12T13:00:00.000Z,BULL,SHORT,42.5,18.534375,IGNORE,0,WATCH,,0,0,0,NA,NA,NA,NA,NA,WARNING_SOFT,1,0,0,0,0,TREND_REVERSAL_UNCONFIRMED,2,0.45,SHORT,1,0,0,0
BNBUSDT,1781272800000,2026-06-12T14:00:00.000Z,BULL,SHORT,42.5,18.534375,IGNORE,0,WATCH,,0,0,0,NA,NA,NA,NA,NA,CLEAR,1,0,0,0,0,TREND_REVERSAL_UNCONFIRMED,2,0.45,SHORT,1,0,0,0
BNBUSDT,1781276400000,2026-06-12T15:00:00.000Z,BULL,SHORT,42.5,18.534375,IGNORE,0,WATCH,,0,0,0,NA,NA,NA,NA,NA,CLEAR,1,0,0,0,0,TREND_REVERSAL_UNCONFIRMED,2,0.45,SHORT,1,0,0,0
BNBUSDT,1781280000000,2026-06-12T16:00:00.000Z,BULL,SHORT,17.5,12.909375,IGNORE,0,WATCH,,0,0,0,NA,NA,NA,NA,NA,CLEAR,1,0,0,0,0,TREND_REVERSAL_UNCONFIRMED,1,0.45,SHORT,1,0,0,0
BNBUSDT,1781283600000,2026-06-12T17:00:00.000Z,BULL,SHORT,42.5,18.534375,IGNORE,0,WATCH,,0,0,0,NA,NA,NA,NA,NA,CLEAR,1,0,0,0,0,TREND_REVERSAL_UNCONFIRMED,2,0.45,SHORT,1,0,0,0
BNBUSDT,1781287200000,2026-06-12T18:00:00.000Z,BULL,SHORT,0,7.875,IGNORE,0,WATCH,,0,0,0,NA,NA,NA,NA,NA,CLEAR,1,0,0,0,0,TREND_REVERSAL_UNCONFIRMED,0,0.45,SHORT,1,0,0,0
BNBUSDT,1781290800000,2026-06-12T19:00:00.000Z,NEUTRAL,NONE,0,7.875,IGNORE,0,WATCH,,0,0,0,NA,NA,NA,NA,NA,WARNING_SOFT,1,0,0,0,0,TREND_REVERSAL_UNCONFIRMED,0,0.45,NONE,1,0,0,0
BNBUSDT,1781294400000,2026-06-12T20:00:00.000Z,NEUTRAL,NONE,0,7.875,IGNORE,0,WATCH,,0,0,0,NA,NA,NA,NA,NA,WARNING_SOFT,1,0,0,0,0,TREND_REVERSAL_UNCONFIRMED,0,0.45,NONE,1,0,0,0
BNBUSDT,1781298000000,2026-06-12T21:00:00.000Z,NEUTRAL,NONE,0,7.875,IGNORE,0,WATCH,,0,0,0,NA,NA,NA,NA,NA,WARNING_SOFT,1,0,0,0,0,TREND_REVERSAL_UNCONFIRMED,0,0.45,NONE,1,0,0,0
BNBUSDT,1781301600000,2026-06-12T22:00:00.000Z,NEUTRAL,NONE,0,7.875,IGNORE,0,WATCH,,0,0,0,NA,NA,NA,NA,NA,WARNING_SOFT,1,0,0,0,0,TREND_REVERSAL_UNCONFIRMED,0,0.45,NONE,1,0,0,0
BNBUSDT,1781305200000,2026-06-12T23:00:00.000Z,NEUTRAL,NONE,0,7.875,IGNORE,0,WATCH,,0,0,0,NA,NA,NA,NA,NA,WARNING_SOFT,1,0,0,0,0,TREND_REVERSAL_UNCONFIRMED,0,0.45,NONE,1,0,0,0
BNBUSDT,1781308800000,2026-06-13T00:00:00.000Z,BULL,SHORT,25,13.5,IGNORE,0,WATCH,,0,0,0,NA,NA,NA,NA,NA,WARNING_SOFT,1,0,0,0,0,TREND_REVERSAL_UNCONFIRMED,1,0.45,SHORT,1,0,0,0
BNBUSDT,1781312400000,2026-06-13T01:00:00.000Z,BULL,SHORT,0,7.875,IGNORE,0,WATCH,,0,0,0,NA,NA,NA,NA,NA,CLEAR,1,0,0,0,0,TREND_REVERSAL_UNCONFIRMED,0,0.45,SHORT,1,0,0,0
BNBUSDT,1781316000000,2026-06-13T02:00:00.000Z,NEUTRAL,NONE,0,7.875,IGNORE,0,WATCH,,0,0,0,NA,NA,NA,NA,NA,WARNING_SOFT,1,0,0,0,0,TREND_REVERSAL_UNCONFIRMED,0,0.45,NONE,1,0,0,0
BNBUSDT,1781319600000,2026-06-13T03:00:00.000Z,NEUTRAL,NONE,0,7.875,IGNORE,0,WATCH,,0,0,0,NA,NA,NA,NA,NA,BLOCK,0,0,0,0,0,TREND_REVERSAL_UNCONFIRMED,0,0.45,NONE,1,0,0,0
BNBUSDT,1781323200000,2026-06-13T04:00:00.000Z,NEUTRAL,NONE,0,7.875,IGNORE,0,WATCH,,0,0,0,NA,NA,NA,NA,NA,BLOCK,0,0,0,0,0,TREND_REVERSAL_UNCONFIRMED,0,0.45,NONE,1,0,0,0
BNBUSDT,1781326800000,2026-06-13T05:00:00.000Z,NEUTRAL,NONE,0,7.875,IGNORE,0,WATCH,,0,0,0,NA,NA,NA,NA,NA,WARNING_SOFT,1,0,0,0,0,TREND_REVERSAL_UNCONFIRMED,0,0.45,NONE,1,0,0,0
BNBUSDT,1781330400000,2026-06-13T06:00:00.000Z,NEUTRAL,NONE,0,7.875,IGNORE,0,WATCH,,0,0,0,NA,NA,NA,NA,NA,BLOCK,0,0,0,0,0,TREND_REVERSAL_UNCONFIRMED,0,0.45,NONE,1,0,0,0
BNBUSDT,1781334000000,2026-06-13T07:00:00.000Z,NEUTRAL,NONE,0,7.875,IGNORE,0,WATCH,,0,0,0,NA,NA,NA,NA,NA,WARNING_SOFT,1,0,0,0,0,TREND_REVERSAL_UNCONFIRMED,0,0.45,NONE,1,0,0,0
BNBUSDT,1781337600000,2026-06-13T08:00:00.000Z,BULL,SHORT,17.5,12.909375,IGNORE,0,WATCH,,0,0,0,NA,NA,NA,NA,NA,CLEAR,1,0,0,0,0,TREND_REVERSAL_UNCONFIRMED,1,0.45,SHORT,1,0,0,0
BNBUSDT,1781341200000,2026-06-13T09:00:00.000Z,BULL,SHORT,42.5,18.534375,IGNORE,0,WATCH,,0,0,0,NA,NA,NA,NA,NA,CLEAR,1,0,0,0,0,TREND_REVERSAL_UNCONFIRMED,2,0.45,SHORT,1,0,0,0
BNBUSDT,1781344800000,2026-06-13T10:00:00.000Z,BULL,SHORT,17.5,12.909375,IGNORE,0,WATCH,,0,0,0,NA,NA,NA,NA,NA,CLEAR,1,0,0,0,0,TREND_REVERSAL_UNCONFIRMED,1,0.45,SHORT,1,0,0,0
BNBUSDT,1781348400000,2026-06-13T11:00:00.000Z,BULL,SHORT,17.5,12.909375,IGNORE,0,WATCH,,0,0,0,NA,NA,NA,NA,NA,CLEAR,1,0,0,0,0,TREND_REVERSAL_UNCONFIRMED,1,0.45,SHORT,1,0,0,0
BNBUSDT,1781352000000,2026-06-13T12:00:00.000Z,BULL,SHORT,37.15009432725059,18.113069928270985,IGNORE,0,WATCH,,0,0,0,NA,NA,NA,NA,NA,CLEAR,1,1,0,0,0,TREND_REVERSAL_UNCONFIRMED,2,0.45,SHORT,1,0,0,0
BNBUSDT,1781355600000,2026-06-13T13:00:00.000Z,BULL,SHORT,67.5,53.9175,WATCH,1,WATCH,ACTIVE,1,1,0,PASS,PASS,SKIP,SKIP,FAIL,CLEAR,1,0,0,0,0,MARKET_CONTEXT_DENIED,3,0.84,SHORT,0,1,0,0
BNBUSDT,1781359200000,2026-06-13T14:00:00.000Z,BULL,SHORT,30.992649364121363,17.62817113742456,IGNORE,0,WATCH,,0,0,0,NA,NA,NA,NA,NA,CLEAR,1,0,0,0,0,TREND_REVERSAL_UNCONFIRMED,2,0.45,SHORT,1,0,0,0
BNBUSDT,1781362800000,2026-06-13T15:00:00.000Z,BULL,SHORT,17.5,12.909375,IGNORE,0,WATCH,,0,0,0,NA,NA,NA,NA,NA,CLEAR,1,0,0,0,0,TREND_REVERSAL_UNCONFIRMED,1,0.45,SHORT,1,0,0,0
BNBUSDT,1781366400000,2026-06-13T16:00:00.000Z,BULL,SHORT,42.5,18.534375,IGNORE,0,WATCH,,0,0,0,NA,NA,NA,NA,NA,CLEAR,1,0,0,0,0,TREND_REVERSAL_UNCONFIRMED,2,0.45,SHORT,1,0,0,0
BNBUSDT,1781370000000,2026-06-13T17:00:00.000Z,BULL,SHORT,17.5,12.909375,IGNORE,0,WATCH,,0,0,0,NA,NA,NA,NA,NA,CLEAR,1,0,0,0,0,TREND_REVERSAL_UNCONFIRMED,1,0.45,SHORT,1,0,0,0
BNBUSDT,1781373600000,2026-06-13T18:00:00.000Z,BULL,SHORT,0,7.875,IGNORE,0,WATCH,,0,0,0,NA,NA,NA,NA,NA,CLEAR,1,0,0,0,0,TREND_REVERSAL_UNCONFIRMED,0,0.45,SHORT,1,0,0,0
BNBUSDT,1781377200000,2026-06-13T19:00:00.000Z,BULL,SHORT,0,7.875,IGNORE,0,WATCH,,0,0,0,NA,NA,NA,NA,NA,WARNING_SOFT,1,0,0,0,0,TREND_REVERSAL_UNCONFIRMED,0,0.45,SHORT,1,0,0,0
BNBUSDT,1781380800000,2026-06-13T20:00:00.000Z,BULL,SHORT,25,13.5,IGNORE,0,WATCH,,0,0,0,NA,NA,NA,NA,NA,CLEAR,1,0,0,0,0,TREND_REVERSAL_UNCONFIRMED,1,0.45,SHORT,1,0,0,0
BNBUSDT,1781384400000,2026-06-13T21:00:00.000Z,BULL,SHORT,15.937961081270057,12.786364435150016,IGNORE,0,WATCH,,0,0,0,NA,NA,NA,NA,NA,CLEAR,1,0,0,0,0,TREND_REVERSAL_UNCONFIRMED,1,0.45,SHORT,1,0,0,0
BNBUSDT,1781388000000,2026-06-13T22:00:00.000Z,BULL,SHORT,0,7.875,IGNORE,0,WATCH,,0,0,0,NA,NA,NA,NA,NA,CLEAR,1,0,0,0,0,TREND_REVERSAL_UNCONFIRMED,0,0.45,SHORT,1,0,0,0
BNBUSDT,1781391600000,2026-06-13T23:00:00.000Z,BULL,SHORT,0,7.875,IGNORE,0,WATCH,,0,0,0,NA,NA,NA,NA,NA,CLEAR,1,0,0,0,0,TREND_REVERSAL_UNCONFIRMED,0,0.45,SHORT,1,0,0,0
BNBUSDT,1781395200000,2026-06-14T00:00:00.000Z,BULL,SHORT,0,7.875,IGNORE,0,WATCH,,0,0,0,NA,NA,NA,NA,NA,CLEAR,1,0,0,0,0,TREND_REVERSAL_UNCONFIRMED,0,0.45,SHORT,1,0,0,0
BNBUSDT,1781398800000,2026-06-14T01:00:00.000Z,BULL,SHORT,0,7.875,IGNORE,0,WATCH,,0,0,0,NA,NA,NA,NA,NA,CLEAR,1,0,0,0,0,TREND_REVERSAL_UNCONFIRMED,0,0.45,SHORT,1,0,0,0
BNBUSDT,1781402400000,2026-06-14T02:00:00.000Z,BULL,SHORT,0,7.875,IGNORE,0,WATCH,,0,0,0,NA,NA,NA,NA,NA,CLEAR,1,0,0,0,0,TREND_REVERSAL_UNCONFIRMED,0,0.45,SHORT,1,0,0,0
BNBUSDT,1781406000000,2026-06-14T03:00:00.000Z,BULL,SHORT,0,7.875,IGNORE,0,WATCH,,0,0,0,NA,NA,NA,NA,NA,CLEAR,1,0,0,0,0,TREND_REVERSAL_UNCONFIRMED,0,0.45,SHORT,1,0,0,0
BNBUSDT,1781409600000,2026-06-14T04:00:00.000Z,BULL,SHORT,17.5,12.909375,IGNORE,0,WATCH,,0,0,0,NA,NA,NA,NA,NA,WARNING_SOFT,1,0,0,0,0,TREND_REVERSAL_UNCONFIRMED,1,0.45,SHORT,1,0,0,0
BNBUSDT,1781413200000,2026-06-14T05:00:00.000Z,BULL,SHORT,17.5,12.909375,IGNORE,0,WATCH,,0,0,0,NA,NA,NA,NA,NA,WARNING_SOFT,1,0,0,0,0,TREND_REVERSAL_UNCONFIRMED,1,0.45,SHORT,1,0,0,0
BNBUSDT,1781416800000,2026-06-14T06:00:00.000Z,BULL,SHORT,31.213497396009117,17.64556291993572,IGNORE,0,WATCH,,0,0,0,NA,NA,NA,NA,NA,CLEAR,1,0,0,0,0,TREND_REVERSAL_UNCONFIRMED,2,0.45,SHORT,1,0,0,0
BNBUSDT,1781420400000,2026-06-14T07:00:00.000Z,BULL,SHORT,17.5,12.909375,IGNORE,0,WATCH,,0,0,0,NA,NA,NA,NA,NA,CLEAR,1,0,0,0,0,TREND_REVERSAL_UNCONFIRMED,1,0.45,SHORT,1,0,0,0
BNBUSDT,1781424000000,2026-06-14T08:00:00.000Z,BULL,SHORT,17.5,12.909375,IGNORE,0,WATCH,,0,0,0,NA,NA,NA,NA,NA,CLEAR,1,0,0,0,0,TREND_REVERSAL_UNCONFIRMED,1,0.45,SHORT,1,0,0,0
BNBUSDT,1781427600000,2026-06-14T09:00:00.000Z,BULL,SHORT,31.469251377280823,17.665703545960866,IGNORE,0,WATCH,,0,0,0,NA,NA,NA,NA,NA,CLEAR,1,0,0,0,0,TREND_REVERSAL_UNCONFIRMED,2,0.45,SHORT,1,0,0,0
BNBUSDT,1781431200000,2026-06-14T10:00:00.000Z,BULL,SHORT,42.5,18.534375,IGNORE,0,WATCH,,0,0,0,NA,NA,NA,NA,NA,CLEAR,1,0,0,0,0,TREND_REVERSAL_UNCONFIRMED,2,0.45,SHORT,1,0,0,0
BNBUSDT,1781434800000,2026-06-14T11:00:00.000Z,BULL,SHORT,30.34722222222222,17.57734375,IGNORE,0,WATCH,,0,0,0,NA,NA,NA,NA,NA,CLEAR,1,0,0,0,0,TREND_REVERSAL_UNCONFIRMED,2,0.45,SHORT,1,0,0,0
BNBUSDT,1781438400000,2026-06-14T12:00:00.000Z,BULL,SHORT,33.939243698152936,17.860215441229546,IGNORE,0,WATCH,,0,0,0,NA,NA,NA,NA,NA,WARNING_SOFT,1,0,0,0,0,TREND_REVERSAL_UNCONFIRMED,2,0.45,SHORT,1,0,0,0
BNBUSDT,1781442000000,2026-06-14T13:00:00.000Z,BULL,SHORT,13.528923480356855,12.596652724078103,IGNORE,0,WATCH,,0,0,0,NA,NA,NA,NA,NA,WARNING_SOFT,1,0,0,0,0,TREND_REVERSAL_UNCONFIRMED,1,0.45,SHORT,1,0,0,0
BNBUSDT,1781445600000,2026-06-14T14:00:00.000Z,NEUTRAL,NONE,0,7.875,IGNORE,0,WATCH,,0,0,0,NA,NA,NA,NA,NA,BLOCK,0,0,0,0,0,TREND_REVERSAL_UNCONFIRMED,0,0.45,NONE,1,0,0,0
BNBUSDT,1781449200000,2026-06-14T15:00:00.000Z,NEUTRAL,NONE,0,7.875,IGNORE,0,WATCH,,0,0,0,NA,NA,NA,NA,NA,BLOCK,0,0,0,0,0,TREND_REVERSAL_UNCONFIRMED,0,0.45,NONE,1,0,0,0
BNBUSDT,1781452800000,2026-06-14T16:00:00.000Z,NEUTRAL,NONE,0,7.875,IGNORE,0,WATCH,,0,0,0,NA,NA,NA,NA,NA,WARNING_SOFT,1,0,0,0,0,TREND_REVERSAL_UNCONFIRMED,0,0.45,NONE,1,0,0,0
BNBUSDT,1781456400000,2026-06-14T17:00:00.000Z,NEUTRAL,NONE,0,7.875,IGNORE,0,WATCH,,0,0,0,NA,NA,NA,NA,NA,WARNING_SOFT,1,0,0,0,0,TREND_REVERSAL_UNCONFIRMED,0,0.45,NONE,1,0,0,0
BNBUSDT,1781460000000,2026-06-14T18:00:00.000Z,NEUTRAL,NONE,0,7.875,IGNORE,0,WATCH,,0,0,0,NA,NA,NA,NA,NA,WARNING_SOFT,1,0,0,0,0,TREND_REVERSAL_UNCONFIRMED,0,0.45,NONE,1,0,0,0
BNBUSDT,1781463600000,2026-06-14T19:00:00.000Z,NEUTRAL,NONE,0,7.875,IGNORE,0,WATCH,,0,0,0,NA,NA,NA,NA,NA,WARNING_SOFT,1,0,0,0,0,TREND_REVERSAL_UNCONFIRMED,0,0.45,NONE,1,0,0,0
BNBUSDT,1781467200000,2026-06-14T20:00:00.000Z,NEUTRAL,NONE,0,7.875,IGNORE,0,WATCH,,0,0,0,NA,NA,NA,NA,NA,WARNING_SOFT,1,0,0,0,0,TREND_REVERSAL_UNCONFIRMED,0,0.45,NONE,1,0,0,0
BNBUSDT,1781470800000,2026-06-14T21:00:00.000Z,BULL,SHORT,25,13.5,IGNORE,0,WATCH,,0,0,0,NA,NA,NA,NA,NA,CLEAR,1,0,0,0,0,TREND_REVERSAL_UNCONFIRMED,1,0.45,SHORT,1,0,0,0
BNBUSDT,1781474400000,2026-06-14T22:00:00.000Z,BULL,SHORT,25,13.5,IGNORE,0,WATCH,,0,0,0,NA,NA,NA,NA,NA,CLEAR,1,0,0,0,0,TREND_REVERSAL_UNCONFIRMED,1,0.45,SHORT,1,0,0,0
BNBUSDT,1781478000000,2026-06-14T23:00:00.000Z,BULL,SHORT,41.921133134270846,18.48878923432383,IGNORE,0,WATCH,,0,0,0,NA,NA,NA,NA,NA,CLEAR,1,0,0,0,0,TREND_REVERSAL_UNCONFIRMED,2,0.45,SHORT,1,0,0,0
BNBUSDT,1781481600000,2026-06-15T00:00:00.000Z,BULL,SHORT,18.57591887461744,12.994103611376124,IGNORE,0,WATCH,,0,0,0,NA,NA,NA,NA,NA,CLEAR,1,0,0,0,0,TREND_REVERSAL_UNCONFIRMED,1,0.45,SHORT,1,0,0,0
BNBUSDT,1781485200000,2026-06-15T01:00:00.000Z,BULL,SHORT,0,7.875,IGNORE,0,WATCH,,0,0,0,NA,NA,NA,NA,NA,CLEAR,1,0,0,0,0,TREND_REVERSAL_UNCONFIRMED,0,0.45,SHORT,1,0,0,0
BNBUSDT,1781488800000,2026-06-15T02:00:00.000Z,BULL,SHORT,0,7.875,IGNORE,0,WATCH,,0,0,0,NA,NA,NA,NA,NA,CLEAR,1,0,0,0,0,TREND_REVERSAL_UNCONFIRMED,0,0.45,SHORT,1,0,0,0
BNBUSDT,1781492400000,2026-06-15T03:00:00.000Z,BULL,SHORT,0,7.875,IGNORE,0,WATCH,,0,0,0,NA,NA,NA,NA,NA,CLEAR,1,0,0,0,0,TREND_REVERSAL_UNCONFIRMED,0,0.45,SHORT,1,0,0,0
BNBUSDT,1781496000000,2026-06-15T04:00:00.000Z,BULL,SHORT,0,7.875,IGNORE,0,WATCH,,0,0,0,NA,NA,NA,NA,NA,CLEAR,1,0,0,0,0,TREND_REVERSAL_UNCONFIRMED,0,0.45,SHORT,1,0,0,0
BNBUSDT,1781499600000,2026-06-15T05:00:00.000Z,BULL,SHORT,0,7.875,IGNORE,0,WATCH,,0,0,0,NA,NA,NA,NA,NA,CLEAR,1,0,0,0,0,TREND_REVERSAL_UNCONFIRMED,0,0.45,SHORT,1,0,0,0
BNBUSDT,1781503200000,2026-06-15T06:00:00.000Z,BULL,SHORT,12.52942374225516,12.517942119702594,IGNORE,0,WATCH,,0,0,0,NA,NA,NA,NA,NA,CLEAR,1,0,0,0,0,TREND_REVERSAL_UNCONFIRMED,1,0.45,SHORT,1,0,0,0
BNBUSDT,1781506800000,2026-06-15T07:00:00.000Z,BULL,SHORT,0,7.875,IGNORE,0,WATCH,,0,0,0,NA,NA,NA,NA,NA,CLEAR,1,0,0,0,0,TREND_REVERSAL_UNCONFIRMED,0,0.45,SHORT,1,0,0,0
BNBUSDT,1781510400000,2026-06-15T08:00:00.000Z,BULL,SHORT,0,7.875,IGNORE,0,WATCH,,0,0,0,NA,NA,NA,NA,NA,CLEAR,1,0,0,0,0,TREND_REVERSAL_UNCONFIRMED,0,0.45,SHORT,1,0,0,0
BNBUSDT,1781514000000,2026-06-15T09:00:00.000Z,BULL,SHORT,0,7.875,IGNORE,0,WATCH,,0,0,0,NA,NA,NA,NA,NA,WARNING_SOFT,1,0,0,0,0,TREND_REVERSAL_UNCONFIRMED,0,0.45,SHORT,1,0,0,0
BNBUSDT,1781517600000,2026-06-15T10:00:00.000Z,BULL,SHORT,0,7.875,IGNORE,0,WATCH,,0,0,0,NA,NA,NA,NA,NA,WARNING_SOFT,1,0,0,0,0,TREND_REVERSAL_UNCONFIRMED,0,0.45,SHORT,1,0,0,0
BNBUSDT,1781521200000,2026-06-15T11:00:00.000Z,BULL,SHORT,25,13.5,IGNORE,0,WATCH,,0,0,0,NA,NA,NA,NA,NA,CLEAR,1,0,0,0,0,TREND_REVERSAL_UNCONFIRMED,1,0.45,SHORT,1,0,0,0
BNBUSDT,1781524800000,2026-06-15T12:00:00.000Z,BULL,SHORT,46.86964886558761,18.878484848165026,IGNORE,0,WATCH,,0,0,0,NA,NA,NA,NA,NA,CLEAR,1,0,0,0,0,TREND_REVERSAL_UNCONFIRMED,2,0.45,SHORT,1,0,0,0
BNBUSDT,1781528400000,2026-06-15T13:00:00.000Z,BULL,SHORT,25,13.5,IGNORE,0,WATCH,,0,0,0,NA,NA,NA,NA,NA,CLEAR,1,0,0,0,0,TREND_REVERSAL_UNCONFIRMED,1,0.45,SHORT,1,0,0,0
BNBUSDT,1781532000000,2026-06-15T14:00:00.000Z,BULL,SHORT,13.194444444444445,12.5703125,IGNORE,0,WATCH,,0,0,0,NA,NA,NA,NA,NA,CLEAR,1,0,0,0,0,TREND_REVERSAL_UNCONFIRMED,1,0.45,SHORT,1,0,0,0
BNBUSDT,1781535600000,2026-06-15T15:00:00.000Z,BULL,SHORT,33.52500586537506,17.827594211898287,IGNORE,0,WATCH,,0,0,0,NA,NA,NA,NA,NA,CLEAR,1,0,0,0,0,TREND_REVERSAL_UNCONFIRMED,2,0.45,SHORT,1,0,0,0
BNBUSDT,1781539200000,2026-06-15T16:00:00.000Z,BULL,SHORT,0,7.875,IGNORE,0,WATCH,,0,0,0,NA,NA,NA,NA,NA,CLEAR,1,0,0,0,0,TREND_REVERSAL_UNCONFIRMED,0,0.45,SHORT,1,0,0,0
BNBUSDT,1781542800000,2026-06-15T17:00:00.000Z,BULL,SHORT,0,7.875,IGNORE,0,WATCH,,0,0,0,NA,NA,NA,NA,NA,CLEAR,1,0,0,0,0,TREND_REVERSAL_UNCONFIRMED,0,0.45,SHORT,1,0,0,0
BNBUSDT,1781546400000,2026-06-15T18:00:00.000Z,BULL,SHORT,0,7.875,IGNORE,0,WATCH,,0,0,0,NA,NA,NA,NA,NA,WARNING_SOFT,1,0,0,0,0,TREND_REVERSAL_UNCONFIRMED,0,0.45,SHORT,1,0,0,0
BNBUSDT,1781550000000,2026-06-15T19:00:00.000Z,BULL,SHORT,0,7.875,IGNORE,0,WATCH,,0,0,0,NA,NA,NA,NA,NA,WARNING_SOFT,1,0,0,0,0,TREND_REVERSAL_UNCONFIRMED,0,0.45,SHORT,1,0,0,0
BNBUSDT,1781553600000,2026-06-15T20:00:00.000Z,NEUTRAL,NONE,0,7.875,IGNORE,0,WATCH,,0,0,0,NA,NA,NA,NA,NA,WARNING_SOFT,1,0,0,0,0,TREND_REVERSAL_UNCONFIRMED,0,0.45,NONE,1,0,0,0
BNBUSDT,1781557200000,2026-06-15T21:00:00.000Z,NEUTRAL,NONE,0,7.875,IGNORE,0,WATCH,,0,0,0,NA,NA,NA,NA,NA,WARNING_SOFT,1,0,0,0,0,TREND_REVERSAL_UNCONFIRMED,0,0.45,NONE,1,0,0,0
BNBUSDT,1781560800000,2026-06-15T22:00:00.000Z,NEUTRAL,NONE,0,7.875,IGNORE,0,WATCH,,0,0,0,NA,NA,NA,NA,NA,WARNING_SOFT,1,0,0,0,0,TREND_REVERSAL_UNCONFIRMED,0,0.45,NONE,1,0,0,0
BNBUSDT,1781564400000,2026-06-15T23:00:00.000Z,NEUTRAL,NONE,0,7.875,IGNORE,0,WATCH,,0,0,0,NA,NA,NA,NA,NA,WARNING_SOFT,1,0,0,0,0,TREND_REVERSAL_UNCONFIRMED,0,0.45,NONE,1,0,0,0
BNBUSDT,1781568000000,2026-06-16T00:00:00.000Z,NEUTRAL,NONE,0,7.875,IGNORE,0,WATCH,,0,0,0,NA,NA,NA,NA,NA,WARNING_SOFT,1,0,0,0,0,TREND_REVERSAL_UNCONFIRMED,0,0.45,NONE,1,0,0,0
BNBUSDT,1781571600000,2026-06-16T01:00:00.000Z,NEUTRAL,NONE,0,7.875,IGNORE,0,WATCH,,0,0,0,NA,NA,NA,NA,NA,WARNING_SOFT,1,0,0,0,0,TREND_REVERSAL_UNCONFIRMED,0,0.45,NONE,1,0,0,0
BNBUSDT,1781575200000,2026-06-16T02:00:00.000Z,NEUTRAL,NONE,0,7.875,IGNORE,0,WATCH,,0,0,0,NA,NA,NA,NA,NA,BLOCK,0,0,0,0,0,TREND_REVERSAL_UNCONFIRMED,0,0.45,NONE,1,0,0,0
BNBUSDT,1781578800000,2026-06-16T03:00:00.000Z,NEUTRAL,NONE,0,7.875,IGNORE,0,WATCH,,0,0,0,NA,NA,NA,NA,NA,WARNING_SOFT,1,0,0,0,0,TREND_REVERSAL_UNCONFIRMED,0,0.45,NONE,1,0,0,0
BNBUSDT,1781582400000,2026-06-16T04:00:00.000Z,NEUTRAL,NONE,0,7.875,IGNORE,0,WATCH,,0,0,0,NA,NA,NA,NA,NA,WARNING_SOFT,1,0,0,0,0,TREND_REVERSAL_UNCONFIRMED,0,0.45,NONE,1,0,0,0
BNBUSDT,1781586000000,2026-06-16T05:00:00.000Z,NEUTRAL,NONE,0,7.875,IGNORE,0,WATCH,,0,0,0,NA,NA,NA,NA,NA,WARNING_SOFT,1,0,0,0,0,TREND_REVERSAL_UNCONFIRMED,0,0.45,NONE,1,0,0,0
BNBUSDT,1781589600000,2026-06-16T06:00:00.000Z,NEUTRAL,NONE,0,7.875,IGNORE,0,WATCH,,0,0,0,NA,NA,NA,NA,NA,WARNING_SOFT,1,0,0,0,0,TREND_REVERSAL_UNCONFIRMED,0,0.45,NONE,1,0,0,0
BNBUSDT,1781593200000,2026-06-16T07:00:00.000Z,NEUTRAL,NONE,0,7.875,IGNORE,0,WATCH,,0,0,0,NA,NA,NA,NA,NA,WARNING_HARD,1,0,0,0,0,TREND_REVERSAL_UNCONFIRMED,0,0.45,NONE,1,0,0,0
BNBUSDT,1781596800000,2026-06-16T08:00:00.000Z,BULL,SHORT,0,7.875,IGNORE,0,WATCH,,0,0,0,NA,NA,NA,NA,NA,CLEAR,1,0,0,0,0,TREND_REVERSAL_UNCONFIRMED,0,0.45,SHORT,1,0,0,0
BNBUSDT,1781600400000,2026-06-16T09:00:00.000Z,NEUTRAL,NONE,0,7.875,IGNORE,0,WATCH,,0,0,0,NA,NA,NA,NA,NA,WARNING_SOFT,1,0,0,0,0,TREND_REVERSAL_UNCONFIRMED,0,0.45,NONE,1,0,0,0
BNBUSDT,1781604000000,2026-06-16T10:00:00.000Z,NEUTRAL,NONE,0,7.875,IGNORE,0,WATCH,,0,0,0,NA,NA,NA,NA,NA,WARNING_SOFT,1,0,0,0,0,TREND_REVERSAL_UNCONFIRMED,0,0.45,NONE,1,0,0,0
BNBUSDT,1781607600000,2026-06-16T11:00:00.000Z,NEUTRAL,NONE,0,7.875,IGNORE,0,WATCH,,0,0,0,NA,NA,NA,NA,NA,WARNING_SOFT,1,0,0,0,0,TREND_REVERSAL_UNCONFIRMED,0,0.45,NONE,1,0,0,0
BNBUSDT,1781611200000,2026-06-16T12:00:00.000Z,NEUTRAL,NONE,0,7.875,IGNORE,0,WATCH,,0,0,0,NA,NA,NA,NA,NA,BLOCK,0,0,0,0,0,TREND_REVERSAL_UNCONFIRMED,0,0.45,NONE,1,0,0,0
BNBUSDT,1781614800000,2026-06-16T13:00:00.000Z,NEUTRAL,NONE,0,7.875,IGNORE,0,WATCH,,0,0,0,NA,NA,NA,NA,NA,BLOCK,0,0,0,0,0,TREND_REVERSAL_UNCONFIRMED,0,0.45,NONE,1,0,0,0
BNBUSDT,1781618400000,2026-06-16T14:00:00.000Z,BEAR,LONG,25,13.5,IGNORE,0,WATCH,,0,0,0,NA,NA,NA,NA,NA,CLEAR,1,0,0,0,0,TREND_REVERSAL_UNCONFIRMED,1,0.45,LONG,1,0,0,0
BNBUSDT,1781622000000,2026-06-16T15:00:00.000Z,BEAR,LONG,0,7.875,IGNORE,0,WATCH,,0,0,0,NA,NA,NA,NA,NA,CLEAR,1,0,0,0,0,TREND_REVERSAL_UNCONFIRMED,0,0.45,LONG,1,0,0,0
BNBUSDT,1781625600000,2026-06-16T16:00:00.000Z,BEAR,LONG,12.847222222222221,12.54296875,IGNORE,0,WATCH,,0,0,0,NA,NA,NA,NA,NA,CLEAR,1,0,0,0,0,TREND_REVERSAL_UNCONFIRMED,1,0.45,LONG,1,0,0,0
BNBUSDT,1781629200000,2026-06-16T17:00:00.000Z,BEAR,LONG,25,13.5,IGNORE,0,WATCH,,0,0,0,NA,NA,NA,NA,NA,CLEAR,1,0,0,0,0,TREND_REVERSAL_UNCONFIRMED,1,0.45,LONG,1,0,0,0
BNBUSDT,1781632800000,2026-06-16T18:00:00.000Z,BEAR,LONG,0,7.875,IGNORE,0,WATCH,,0,0,0,NA,NA,NA,NA,NA,CLEAR,1,0,0,0,0,TREND_REVERSAL_UNCONFIRMED,0,0.45,LONG,1,0,0,0
BNBUSDT,1781636400000,2026-06-16T19:00:00.000Z,BEAR,LONG,0,7.875,IGNORE,0,WATCH,,0,0,0,NA,NA,NA,NA,NA,CLEAR,1,0,0,0,0,TREND_REVERSAL_UNCONFIRMED,0,0.45,LONG,1,0,0,0
BNBUSDT,1781640000000,2026-06-16T20:00:00.000Z,BEAR,LONG,0,7.875,IGNORE,0,WATCH,,0,0,0,NA,NA,NA,NA,NA,CLEAR,1,0,0,0,0,TREND_REVERSAL_UNCONFIRMED,0,0.45,LONG,1,0,0,0
BNBUSDT,1781643600000,2026-06-16T21:00:00.000Z,BEAR,LONG,0,7.875,IGNORE,0,WATCH,,0,0,0,NA,NA,NA,NA,NA,CLEAR,1,0,0,0,0,TREND_REVERSAL_UNCONFIRMED,0,0.45,LONG,1,0,0,0
BNBUSDT,1781647200000,2026-06-16T22:00:00.000Z,BEAR,LONG,0,7.875,IGNORE,0,WATCH,,0,0,0,NA,NA,NA,NA,NA,CLEAR,1,0,0,0,0,TREND_REVERSAL_UNCONFIRMED,0,0.45,LONG,1,0,0,0
BNBUSDT,1781650800000,2026-06-16T23:00:00.000Z,BEAR,LONG,25,13.5,IGNORE,0,WATCH,,0,0,0,NA,NA,NA,NA,NA,CLEAR,1,0,0,0,0,TREND_REVERSAL_UNCONFIRMED,1,0.45,LONG,1,0,0,0
BNBUSDT,1781654400000,2026-06-17T00:00:00.000Z,BEAR,LONG,0,7.875,IGNORE,0,WATCH,,0,0,0,NA,NA,NA,NA,NA,CLEAR,1,0,0,0,0,TREND_REVERSAL_UNCONFIRMED,0,0.45,LONG,1,0,0,0
BNBUSDT,1781658000000,2026-06-17T01:00:00.000Z,BEAR,LONG,0,7.875,IGNORE,0,WATCH,,0,0,0,NA,NA,NA,NA,NA,CLEAR,1,0,0,0,0,TREND_REVERSAL_UNCONFIRMED,0,0.45,LONG,1,0,0,0
BNBUSDT,1781661600000,2026-06-17T02:00:00.000Z,BEAR,LONG,0,7.875,IGNORE,0,WATCH,,0,0,0,NA,NA,NA,NA,NA,WARNING_SOFT,1,0,0,0,0,TREND_REVERSAL_UNCONFIRMED,0,0.45,LONG,1,0,0,0
BNBUSDT,1781665200000,2026-06-17T03:00:00.000Z,BEAR,LONG,0,7.875,IGNORE,0,WATCH,,0,0,0,NA,NA,NA,NA,NA,CLEAR,1,0,0,0,0,TREND_REVERSAL_UNCONFIRMED,0,0.45,LONG,1,0,0,0
BNBUSDT,1781668800000,2026-06-17T04:00:00.000Z,BEAR,LONG,17.5,12.909375,IGNORE,0,WATCH,,0,0,0,NA,NA,NA,NA,NA,WARNING_SOFT,1,0,0,0,0,TREND_REVERSAL_UNCONFIRMED,1,0.45,LONG,1,0,0,0
BNBUSDT,1781672400000,2026-06-17T05:00:00.000Z,BEAR,LONG,42.5,18.534375,IGNORE,0,WATCH,,0,0,0,NA,NA,NA,NA,NA,WARNING_SOFT,1,0,0,0,0,TREND_REVERSAL_UNCONFIRMED,2,0.45,LONG,1,0,0,0
BNBUSDT,1781676000000,2026-06-17T06:00:00.000Z,BEAR,LONG,17.5,12.909375,IGNORE,0,WATCH,,0,0,0,NA,NA,NA,NA,NA,WARNING_SOFT,1,0,0,0,0,TREND_REVERSAL_UNCONFIRMED,1,0.45,LONG,1,0,0,0
BNBUSDT,1781679600000,2026-06-17T07:00:00.000Z,BEAR,LONG,17.5,12.909375,IGNORE,0,WATCH,,0,0,0,NA,NA,NA,NA,NA,CLEAR,1,0,0,0,0,TREND_REVERSAL_UNCONFIRMED,1,0.45,LONG,1,0,0,0
BNBUSDT,1781683200000,2026-06-17T08:00:00.000Z,BEAR,LONG,34.7130391049664,17.921151829516106,IGNORE,0,WATCH,,0,0,0,NA,NA,NA,NA,NA,CLEAR,1,0,1,0,0,TREND_REVERSAL_UNCONFIRMED,2,0.45,LONG,1,0,0,0
BNBUSDT,1781686800000,2026-06-17T09:00:00.000Z,BEAR,LONG,30.34722222222222,17.57734375,IGNORE,0,WATCH,,0,0,0,NA,NA,NA,NA,NA,CLEAR,1,0,0,0,0,TREND_REVERSAL_UNCONFIRMED,2,0.45,LONG,1,0,0,0
BNBUSDT,1781690400000,2026-06-17T10:00:00.000Z,BEAR,LONG,17.5,12.909375,IGNORE,0,WATCH,,0,0,0,NA,NA,NA,NA,NA,CLEAR,1,0,0,0,0,TREND_REVERSAL_UNCONFIRMED,1,0.45,LONG,1,0,0,0
BNBUSDT,1781694000000,2026-06-17T11:00:00.000Z,BEAR,LONG,31.79806327532106,17.691597482931535,IGNORE,0,WATCH,,0,0,0,NA,NA,NA,NA,NA,CLEAR,1,0,0,0,0,TREND_REVERSAL_UNCONFIRMED,2,0.45,LONG,1,0,0,0
BNBUSDT,1781697600000,2026-06-17T12:00:00.000Z,NEUTRAL,NONE,0,7.875,IGNORE,0,WATCH,,0,0,0,NA,NA,NA,NA,NA,BLOCK,0,0,0,0,0,TREND_REVERSAL_UNCONFIRMED,0,0.45,NONE,1,0,0,0
BNBUSDT,1781701200000,2026-06-17T13:00:00.000Z,NEUTRAL,NONE,0,7.875,IGNORE,0,WATCH,,0,0,0,NA,NA,NA,NA,NA,WARNING_HARD,1,0,1,0,0,TREND_REVERSAL_UNCONFIRMED,0,0.45,NONE,1,0,0,0
BNBUSDT,1781704800000,2026-06-17T14:00:00.000Z,BEAR,LONG,25,13.5,IGNORE,0,WATCH,,0,0,0,NA,NA,NA,NA,NA,WARNING_SOFT,1,0,1,0,0,TREND_REVERSAL_UNCONFIRMED,1,0.45,LONG,1,0,0,0
BNBUSDT,1781708400000,2026-06-17T15:00:00.000Z,BEAR,LONG,41.56001273565431,18.460351002932775,IGNORE,0,WATCH,,0,0,0,NA,NA,NA,NA,NA,CLEAR,1,0,0,0,0,TREND_REVERSAL_UNCONFIRMED,2,0.45,LONG,1,0,0,0
BNBUSDT,1781712000000,2026-06-17T16:00:00.000Z,BEAR,LONG,25,13.5,IGNORE,0,WATCH,,0,0,0,NA,NA,NA,NA,NA,WARNING_SOFT,1,0,0,0,0,TREND_REVERSAL_UNCONFIRMED,1,0.45,LONG,1,0,0,0
BNBUSDT,1781715600000,2026-06-17T17:00:00.000Z,NEUTRAL,NONE,0,7.875,IGNORE,0,WATCH,,0,0,0,NA,NA,NA,NA,NA,CLEAR,1,0,0,0,0,TREND_REVERSAL_UNCONFIRMED,0,0.45,NONE,1,0,0,0
BNBUSDT,1781719200000,2026-06-17T18:00:00.000Z,NEUTRAL,NONE,0,7.875,IGNORE,0,WATCH,,0,0,0,NA,NA,NA,NA,NA,BLOCK,0,0,0,0,0,TREND_REVERSAL_UNCONFIRMED,0,0.45,NONE,1,0,0,0
BNBUSDT,1781722800000,2026-06-17T19:00:00.000Z,BEAR,LONG,25,13.5,IGNORE,0,WATCH,,0,0,0,NA,NA,NA,NA,NA,CLEAR,1,0,0,0,0,TREND_REVERSAL_UNCONFIRMED,1,0.45,LONG,1,0,0,0
BNBUSDT,1781726400000,2026-06-17T20:00:00.000Z,BEAR,LONG,25,13.5,IGNORE,0,WATCH,,0,0,0,NA,NA,NA,NA,NA,CLEAR,1,0,0,0,0,TREND_REVERSAL_UNCONFIRMED,1,0.45,LONG,1,0,0,0
BNBUSDT,1781730000000,2026-06-17T21:00:00.000Z,BEAR,LONG,0,7.875,IGNORE,0,WATCH,,0,0,0,NA,NA,NA,NA,NA,CLEAR,1,0,0,0,0,TREND_REVERSAL_UNCONFIRMED,0,0.45,LONG,1,0,0,0
BNBUSDT,1781733600000,2026-06-17T22:00:00.000Z,BEAR,LONG,0,7.875,IGNORE,0,WATCH,,0,0,0,NA,NA,NA,NA,NA,CLEAR,1,0,0,0,0,TREND_REVERSAL_UNCONFIRMED,0,0.45,LONG,1,0,0,0
BNBUSDT,1781737200000,2026-06-17T23:00:00.000Z,BEAR,LONG,0,7.875,IGNORE,0,WATCH,,0,0,0,NA,NA,NA,NA,NA,CLEAR,1,0,0,0,0,TREND_REVERSAL_UNCONFIRMED,0,0.45,LONG,1,0,0,0
BNBUSDT,1781740800000,2026-06-18T00:00:00.000Z,BEAR,LONG,0,7.875,IGNORE,0,WATCH,,0,0,0,NA,NA,NA,NA,NA,CLEAR,1,0,0,0,0,TREND_REVERSAL_UNCONFIRMED,0,0.45,LONG,1,0,0,0
BNBUSDT,1781744400000,2026-06-18T01:00:00.000Z,BEAR,LONG,0,7.875,IGNORE,0,WATCH,,0,0,0,NA,NA,NA,NA,NA,WARNING_SOFT,1,0,0,0,0,TREND_REVERSAL_UNCONFIRMED,0,0.45,LONG,1,0,0,0
BNBUSDT,1781748000000,2026-06-18T02:00:00.000Z,BEAR,LONG,0,7.875,IGNORE,0,WATCH,,0,0,0,NA,NA,NA,NA,NA,WARNING_SOFT,1,0,0,0,0,TREND_REVERSAL_UNCONFIRMED,0,0.45,LONG,1,0,0,0
BNBUSDT,1781751600000,2026-06-18T03:00:00.000Z,BEAR,LONG,12.847222222222221,12.54296875,IGNORE,0,WATCH,,0,0,0,NA,NA,NA,NA,NA,CLEAR,1,0,0,0,0,TREND_REVERSAL_UNCONFIRMED,1,0.45,LONG,1,0,0,0
BNBUSDT,1781755200000,2026-06-18T04:00:00.000Z,BEAR,LONG,16.82880570755396,12.856518449469876,IGNORE,0,WATCH,,0,0,0,NA,NA,NA,NA,NA,CLEAR,1,0,0,0,0,TREND_REVERSAL_UNCONFIRMED,1,0.45,LONG,1,0,0,0
BNBUSDT,1781758800000,2026-06-18T05:00:00.000Z,BEAR,LONG,14.647248104253908,12.684720788209995,IGNORE,0,WATCH,,0,0,0,NA,NA,NA,NA,NA,CLEAR,1,0,0,0,0,TREND_REVERSAL_UNCONFIRMED,1,0.45,LONG,1,0,0,0
BNBUSDT,1781762400000,2026-06-18T06:00:00.000Z,BEAR,LONG,25,13.5,IGNORE,0,WATCH,,0,0,0,NA,NA,NA,NA,NA,CLEAR,1,0,1,0,0,TREND_REVERSAL_UNCONFIRMED,1,0.45,LONG,1,0,0,0
BNBUSDT,1781766000000,2026-06-18T07:00:00.000Z,BEAR,LONG,25,13.5,IGNORE,0,WATCH,,0,0,0,NA,NA,NA,NA,NA,CLEAR,1,0,0,0,0,TREND_REVERSAL_UNCONFIRMED,1,0.45,LONG,1,0,0,0
BNBUSDT,1781769600000,2026-06-18T08:00:00.000Z,BEAR,LONG,39.837801103256545,18.324726836881453,IGNORE,0,WATCH,,0,0,0,NA,NA,NA,NA,NA,CLEAR,1,0,0,0,0,TREND_REVERSAL_UNCONFIRMED,2,0.45,LONG,1,0,0,0
BNBUSDT,1781773200000,2026-06-18T09:00:00.000Z,BEAR,LONG,0,7.875,IGNORE,0,WATCH,,0,0,0,NA,NA,NA,NA,NA,CLEAR,1,0,0,0,0,TREND_REVERSAL_UNCONFIRMED,0,0.45,LONG,1,0,0,0
BNBUSDT,1781776800000,2026-06-18T10:00:00.000Z,BEAR,LONG,0,7.875,IGNORE,0,WATCH,,0,0,0,NA,NA,NA,NA,NA,CLEAR,1,0,0,0,0,TREND_REVERSAL_UNCONFIRMED,0,0.45,LONG,1,0,0,0
BNBUSDT,1781780400000,2026-06-18T11:00:00.000Z,BEAR,LONG,0,7.875,IGNORE,0,WATCH,,0,0,0,NA,NA,NA,NA,NA,CLEAR,1,0,0,0,0,TREND_REVERSAL_UNCONFIRMED,0,0.45,LONG,1,0,0,0
BNBUSDT,1781784000000,2026-06-18T12:00:00.000Z,BEAR,LONG,0,7.875,IGNORE,0,WATCH,,0,0,0,NA,NA,NA,NA,NA,CLEAR,1,0,0,0,0,TREND_REVERSAL_UNCONFIRMED,0,0.45,LONG,1,0,0,0
BNBUSDT,1781787600000,2026-06-18T13:00:00.000Z,BEAR,LONG,0,7.875,IGNORE,0,WATCH,,0,0,0,NA,NA,NA,NA,NA,CLEAR,1,0,0,0,0,TREND_REVERSAL_UNCONFIRMED,0,0.45,LONG,1,0,0,0
BNBUSDT,1781791200000,2026-06-18T14:00:00.000Z,BEAR,LONG,12.847222222222221,12.54296875,IGNORE,0,WATCH,,0,0,0,NA,NA,NA,NA,NA,CLEAR,1,0,0,0,0,TREND_REVERSAL_UNCONFIRMED,1,0.45,LONG,1,0,0,0
BNBUSDT,1781794800000,2026-06-18T15:00:00.000Z,BEAR,LONG,39.58333333333333,18.3046875,IGNORE,0,WATCH,,0,0,0,NA,NA,NA,NA,NA,CLEAR,1,0,1,0,0,TREND_REVERSAL_UNCONFIRMED,2,0.45,LONG,1,0,0,0
BNBUSDT,1781798400000,2026-06-18T16:00:00.000Z,BEAR,LONG,45.571593952636846,18.77626302377015,IGNORE,0,WATCH,,0,0,0,NA,NA,NA,NA,NA,CLEAR,1,0,0,0,0,TREND_REVERSAL_UNCONFIRMED,2,0.45,LONG,1,0,0,0
BNBUSDT,1781802000000,2026-06-18T17:00:00.000Z,BEAR,LONG,0,7.875,IGNORE,0,WATCH,,0,0,0,NA,NA,NA,NA,NA,CLEAR,1,0,0,0,0,TREND_REVERSAL_UNCONFIRMED,0,0.45,LONG,1,0,0,0
BNBUSDT,1781805600000,2026-06-18T18:00:00.000Z,BEAR,LONG,0,7.875,IGNORE,0,WATCH,,0,0,0,NA,NA,NA,NA,NA,CLEAR,1,0,0,0,0,TREND_REVERSAL_UNCONFIRMED,0,0.45,LONG,1,0,0,0
BNBUSDT,1781809200000,2026-06-18T19:00:00.000Z,BEAR,LONG,0,7.875,IGNORE,0,WATCH,,0,0,0,NA,NA,NA,NA,NA,CLEAR,1,0,0,0,0,TREND_REVERSAL_UNCONFIRMED,0,0.45,LONG,1,0,0,0
BNBUSDT,1781812800000,2026-06-18T20:00:00.000Z,BEAR,LONG,0,7.875,IGNORE,0,WATCH,,0,0,0,NA,NA,NA,NA,NA,CLEAR,1,0,0,0,0,TREND_REVERSAL_UNCONFIRMED,0,0.45,LONG,1,0,0,0
BNBUSDT,1781816400000,2026-06-18T21:00:00.000Z,BEAR,LONG,0,7.875,IGNORE,0,WATCH,,0,0,0,NA,NA,NA,NA,NA,CLEAR,1,0,0,0,0,TREND_REVERSAL_UNCONFIRMED,0,0.45,LONG,1,0,0,0
BNBUSDT,1781820000000,2026-06-18T22:00:00.000Z,BEAR,LONG,0,7.875,IGNORE,0,WATCH,,0,0,0,NA,NA,NA,NA,NA,CLEAR,1,0,0,0,0,TREND_REVERSAL_UNCONFIRMED,0,0.45,LONG,1,0,0,0
BNBUSDT,1781823600000,2026-06-18T23:00:00.000Z,BEAR,LONG,25,13.5,IGNORE,0,WATCH,,0,0,0,NA,NA,NA,NA,NA,CLEAR,1,0,0,0,0,TREND_REVERSAL_UNCONFIRMED,1,0.45,LONG,1,0,0,0
BNBUSDT,1781827200000,2026-06-19T00:00:00.000Z,BEAR,LONG,0,7.875,IGNORE,0,WATCH,,0,0,0,NA,NA,NA,NA,NA,CLEAR,1,0,0,0,0,TREND_REVERSAL_UNCONFIRMED,0,0.45,LONG,1,0,0,0
BNBUSDT,1781830800000,2026-06-19T01:00:00.000Z,BEAR,LONG,0,7.875,IGNORE,0,WATCH,,0,0,0,NA,NA,NA,NA,NA,WARNING_SOFT,1,0,0,0,0,TREND_REVERSAL_UNCONFIRMED,0,0.45,LONG,1,0,0,0
BNBUSDT,1781834400000,2026-06-19T02:00:00.000Z,BEAR,LONG,17.5,12.909375,IGNORE,0,WATCH,,0,0,0,NA,NA,NA,NA,NA,WARNING_SOFT,1,0,0,0,0,TREND_REVERSAL_UNCONFIRMED,1,0.45,LONG,1,0,0,0
BNBUSDT,1781838000000,2026-06-19T03:00:00.000Z,BEAR,LONG,35.22395173731604,17.96138619931364,IGNORE,0,WATCH,,0,0,0,NA,NA,NA,NA,NA,WARNING_SOFT,1,0,0,0,0,TREND_REVERSAL_UNCONFIRMED,2,0.45,LONG,1,0,0,0
BNBUSDT,1781841600000,2026-06-19T04:00:00.000Z,BEAR,LONG,34.5903516242812,17.911490190412145,IGNORE,0,WATCH,,0,0,0,NA,NA,NA,NA,NA,CLEAR,1,0,0,0,0,TREND_REVERSAL_UNCONFIRMED,2,0.45,LONG,1,0,0,0
BNBUSDT,1781845200000,2026-06-19T05:00:00.000Z,BEAR,LONG,42.5,18.534375,IGNORE,0,WATCH,,0,0,0,NA,NA,NA,NA,NA,CLEAR,1,0,0,0,0,TREND_REVERSAL_UNCONFIRMED,2,0.45,LONG,1,0,0,0
BNBUSDT,1781848800000,2026-06-19T06:00:00.000Z,BEAR,LONG,17.5,12.909375,IGNORE,0,WATCH,,0,0,0,NA,NA,NA,NA,NA,CLEAR,1,0,0,0,0,TREND_REVERSAL_UNCONFIRMED,1,0.45,LONG,1,0,0,0
BNBUSDT,1781852400000,2026-06-19T07:00:00.000Z,BEAR,LONG,0,7.875,IGNORE,0,WATCH,,0,0,0,NA,NA,NA,NA,NA,CLEAR,1,0,0,0,0,TREND_REVERSAL_UNCONFIRMED,0,0.45,LONG,1,0,0,0
BNBUSDT,1781856000000,2026-06-19T08:00:00.000Z,BEAR,LONG,0,7.875,IGNORE,0,WATCH,,0,0,0,NA,NA,NA,NA,NA,CLEAR,1,0,0,0,0,TREND_REVERSAL_UNCONFIRMED,0,0.45,LONG,1,0,0,0
BNBUSDT,1781859600000,2026-06-19T09:00:00.000Z,BEAR,LONG,12.847222222222221,12.54296875,IGNORE,0,WATCH,,0,0,0,NA,NA,NA,NA,NA,CLEAR,1,0,0,0,0,TREND_REVERSAL_UNCONFIRMED,1,0.45,LONG,1,0,0,0
BNBUSDT,1781863200000,2026-06-19T10:00:00.000Z,BEAR,LONG,0,7.875,IGNORE,0,WATCH,,0,0,0,NA,NA,NA,NA,NA,CLEAR,1,0,0,0,0,TREND_REVERSAL_UNCONFIRMED,0,0.45,LONG,1,0,0,0
BNBUSDT,1781866800000,2026-06-19T11:00:00.000Z,BEAR,LONG,25,13.5,IGNORE,0,WATCH,,0,0,0,NA,NA,NA,NA,NA,CLEAR,1,0,0,0,0,TREND_REVERSAL_UNCONFIRMED,1,0.45,LONG,1,0,0,0
BNBUSDT,1781870400000,2026-06-19T12:00:00.000Z,BEAR,LONG,0,7.875,IGNORE,0,WATCH,,0,0,0,NA,NA,NA,NA,NA,CLEAR,1,0,0,0,0,TREND_REVERSAL_UNCONFIRMED,0,0.45,LONG,1,0,0,0
BNBUSDT,1781874000000,2026-06-19T13:00:00.000Z,BEAR,LONG,37.99466927970684,18.179580205776915,IGNORE,0,WATCH,,0,0,0,NA,NA,NA,NA,NA,CLEAR,1,0,0,0,0,TREND_REVERSAL_UNCONFIRMED,2,0.45,LONG,1,0,0,0
BNBUSDT,1781877600000,2026-06-19T14:00:00.000Z,BEAR,LONG,17.5,12.909375,IGNORE,0,WATCH,,0,0,0,NA,NA,NA,NA,NA,WARNING_SOFT,1,0,0,0,0,TREND_REVERSAL_UNCONFIRMED,1,0.45,LONG,1,0,0,0
BNBUSDT,1781881200000,2026-06-19T15:00:00.000Z,NEUTRAL,NONE,0,7.875,IGNORE,0,WATCH,,0,0,0,NA,NA,NA,NA,NA,CLEAR,1,0,0,0,0,TREND_REVERSAL_UNCONFIRMED,0,0.45,NONE,1,0,0,0
BNBUSDT,1781884800000,2026-06-19T16:00:00.000Z,BEAR,LONG,30.067540631787914,17.555318824753297,IGNORE,0,WATCH,,0,0,0,NA,NA,NA,NA,NA,BLOCK,0,0,0,0,0,TREND_REVERSAL_UNCONFIRMED,2,0.45,LONG,1,0,0,0
BNBUSDT,1781888400000,2026-06-19T17:00:00.000Z,NEUTRAL,NONE,0,7.875,IGNORE,0,WATCH,,0,0,0,NA,NA,NA,NA,NA,CLEAR,1,0,0,0,0,TREND_REVERSAL_UNCONFIRMED,0,0.45,NONE,1,0,0,0
BNBUSDT,1781892000000,2026-06-19T18:00:00.000Z,NEUTRAL,NONE,0,7.875,IGNORE,0,WATCH,,0,0,0,NA,NA,NA,NA,NA,CLEAR,1,0,0,0,0,TREND_REVERSAL_UNCONFIRMED,0,0.45,NONE,1,0,0,0
BNBUSDT,1781895600000,2026-06-19T19:00:00.000Z,NEUTRAL,NONE,0,7.875,IGNORE,0,WATCH,,0,0,0,NA,NA,NA,NA,NA,CLEAR,1,0,0,0,0,TREND_REVERSAL_UNCONFIRMED,0,0.45,NONE,1,0,0,0
BNBUSDT,1781899200000,2026-06-19T20:00:00.000Z,NEUTRAL,NONE,0,7.875,IGNORE,0,WATCH,,0,0,0,NA,NA,NA,NA,NA,CLEAR,1,0,0,0,0,TREND_REVERSAL_UNCONFIRMED,0,0.45,NONE,1,0,0,0
BNBUSDT,1781902800000,2026-06-19T21:00:00.000Z,NEUTRAL,NONE,0,7.875,IGNORE,0,WATCH,,0,0,0,NA,NA,NA,NA,NA,CLEAR,1,0,0,0,0,TREND_REVERSAL_UNCONFIRMED,0,0.45,NONE,1,0,0,0
BNBUSDT,1781906400000,2026-06-19T22:00:00.000Z,NEUTRAL,NONE,0,7.875,IGNORE,0,WATCH,,0,0,0,NA,NA,NA,NA,NA,CLEAR,1,0,0,0,0,TREND_REVERSAL_UNCONFIRMED,0,0.45,NONE,1,0,0,0
BNBUSDT,1781910000000,2026-06-19T23:00:00.000Z,NEUTRAL,NONE,0,7.875,IGNORE,0,WATCH,,0,0,0,NA,NA,NA,NA,NA,CLEAR,1,0,0,0,0,TREND_REVERSAL_UNCONFIRMED,0,0.45,NONE,1,0,0,0
BNBUSDT,1781913600000,2026-06-20T00:00:00.000Z,NEUTRAL,NONE,0,7.875,IGNORE,0,WATCH,,0,0,0,NA,NA,NA,NA,NA,CLEAR,1,0,0,0,0,TREND_REVERSAL_UNCONFIRMED,0,0.45,NONE,1,0,0,0
BNBUSDT,1781917200000,2026-06-20T01:00:00.000Z,NEUTRAL,NONE,0,7.875,IGNORE,0,WATCH,,0,0,0,NA,NA,NA,NA,NA,CLEAR,1,0,0,0,0,TREND_REVERSAL_UNCONFIRMED,0,0.45,NONE,1,0,0,0
BNBUSDT,1781920800000,2026-06-20T02:00:00.000Z,NEUTRAL,NONE,0,7.875,IGNORE,0,WATCH,,0,0,0,NA,NA,NA,NA,NA,CLEAR,1,0,0,0,0,TREND_REVERSAL_UNCONFIRMED,0,0.45,NONE,1,0,0,0
BNBUSDT,1781924400000,2026-06-20T03:00:00.000Z,NEUTRAL,NONE,0,7.875,IGNORE,0,WATCH,,0,0,0,NA,NA,NA,NA,NA,CLEAR,1,0,0,0,0,TREND_REVERSAL_UNCONFIRMED,0,0.45,NONE,1,0,0,0
BNBUSDT,1781928000000,2026-06-20T04:00:00.000Z,NEUTRAL,NONE,0,7.875,IGNORE,0,WATCH,,0,0,0,NA,NA,NA,NA,NA,CLEAR,1,0,0,0,0,TREND_REVERSAL_UNCONFIRMED,0,0.45,NONE,1,0,0,0
BNBUSDT,1781931600000,2026-06-20T05:00:00.000Z,NEUTRAL,NONE,0,7.875,IGNORE,0,WATCH,,0,0,0,NA,NA,NA,NA,NA,CLEAR,1,1,0,0,0,TREND_REVERSAL_UNCONFIRMED,0,0.45,NONE,1,0,0,0
BNBUSDT,1781935200000,2026-06-20T06:00:00.000Z,NEUTRAL,NONE,0,7.875,IGNORE,0,WATCH,,0,0,0,NA,NA,NA,NA,NA,CLEAR,1,1,0,0,0,TREND_REVERSAL_UNCONFIRMED,0,0.45,NONE,1,0,0,0
BNBUSDT,1781938800000,2026-06-20T07:00:00.000Z,NEUTRAL,NONE,0,7.875,IGNORE,0,WATCH,,0,0,0,NA,NA,NA,NA,NA,CLEAR,1,0,0,0,0,TREND_REVERSAL_UNCONFIRMED,0,0.45,NONE,1,0,0,0
BNBUSDT,1781942400000,2026-06-20T08:00:00.000Z,NEUTRAL,NONE,0,7.875,IGNORE,0,WATCH,,0,0,0,NA,NA,NA,NA,NA,CLEAR,1,0,0,0,0,TREND_REVERSAL_UNCONFIRMED,0,0.45,NONE,1,0,0,0
BNBUSDT,1781946000000,2026-06-20T09:00:00.000Z,NEUTRAL,NONE,0,7.875,IGNORE,0,WATCH,,0,0,0,NA,NA,NA,NA,NA,CLEAR,1,0,0,0,0,TREND_REVERSAL_UNCONFIRMED,0,0.45,NONE,1,0,0,0
BNBUSDT,1781949600000,2026-06-20T10:00:00.000Z,NEUTRAL,NONE,0,7.875,IGNORE,0,WATCH,,0,0,0,NA,NA,NA,NA,NA,CLEAR,1,0,0,0,0,TREND_REVERSAL_UNCONFIRMED,0,0.45,NONE,1,0,0,0
BNBUSDT,1781953200000,2026-06-20T11:00:00.000Z,NEUTRAL,NONE,0,7.875,IGNORE,0,WATCH,,0,0,0,NA,NA,NA,NA,NA,CLEAR,1,0,0,0,0,TREND_REVERSAL_UNCONFIRMED,0,0.45,NONE,1,0,0,0
BNBUSDT,1781956800000,2026-06-20T12:00:00.000Z,NEUTRAL,NONE,0,7.875,IGNORE,0,WATCH,,0,0,0,NA,NA,NA,NA,NA,CLEAR,1,0,0,0,0,TREND_REVERSAL_UNCONFIRMED,0,0.45,NONE,1,0,0,0
BNBUSDT,1781960400000,2026-06-20T13:00:00.000Z,NEUTRAL,NONE,0,7.875,IGNORE,0,WATCH,,0,0,0,NA,NA,NA,NA,NA,BLOCK,0,0,0,0,0,TREND_REVERSAL_UNCONFIRMED,0,0.45,NONE,1,0,0,0
BNBUSDT,1781964000000,2026-06-20T14:00:00.000Z,NEUTRAL,NONE,0,7.875,IGNORE,0,WATCH,,0,0,0,NA,NA,NA,NA,NA,BLOCK,0,0,0,0,0,TREND_REVERSAL_UNCONFIRMED,0,0.45,NONE,1,0,0,0
BNBUSDT,1781967600000,2026-06-20T15:00:00.000Z,NEUTRAL,NONE,0,7.875,IGNORE,0,WATCH,,0,0,0,NA,NA,NA,NA,NA,CLEAR,1,0,0,0,0,TREND_REVERSAL_UNCONFIRMED,0,0.45,NONE,1,0,0,0
BNBUSDT,1781971200000,2026-06-20T16:00:00.000Z,NEUTRAL,NONE,0,7.875,IGNORE,0,WATCH,,0,0,0,NA,NA,NA,NA,NA,CLEAR,1,0,0,0,0,TREND_REVERSAL_UNCONFIRMED,0,0.45,NONE,1,0,0,0
BNBUSDT,1781974800000,2026-06-20T17:00:00.000Z,BULL,SHORT,0,7.875,IGNORE,0,WATCH,,0,0,0,NA,NA,NA,NA,NA,CLEAR,1,0,0,0,0,TREND_REVERSAL_UNCONFIRMED,0,0.45,SHORT,1,0,0,0
BNBUSDT,1781978400000,2026-06-20T18:00:00.000Z,BULL,SHORT,17.5,12.909375,IGNORE,0,WATCH,,0,0,0,NA,NA,NA,NA,NA,CLEAR,1,0,0,0,0,TREND_REVERSAL_UNCONFIRMED,1,0.45,SHORT,1,0,0,0
BNBUSDT,1781982000000,2026-06-20T19:00:00.000Z,BULL,SHORT,17.5,12.909375,IGNORE,0,WATCH,,0,0,0,NA,NA,NA,NA,NA,WARNING_SOFT,1,0,0,0,0,TREND_REVERSAL_UNCONFIRMED,1,0.45,SHORT,1,0,0,0
BNBUSDT,1781985600000,2026-06-20T20:00:00.000Z,BULL,SHORT,17.5,12.909375,IGNORE,0,WATCH,,0,0,0,NA,NA,NA,NA,NA,WARNING_SOFT,1,0,0,0,0,TREND_REVERSAL_UNCONFIRMED,1,0.45,SHORT,1,0,0,0
BNBUSDT,1781989200000,2026-06-20T21:00:00.000Z,BULL,SHORT,17.5,12.909375,IGNORE,0,WATCH,,0,0,0,NA,NA,NA,NA,NA,CLEAR,1,0,0,0,0,TREND_REVERSAL_UNCONFIRMED,1,0.45,SHORT,1,0,0,0
BNBUSDT,1781992800000,2026-06-20T22:00:00.000Z,BULL,SHORT,17.5,12.909375,IGNORE,0,WATCH,,0,0,0,NA,NA,NA,NA,NA,CLEAR,1,0,0,0,0,TREND_REVERSAL_UNCONFIRMED,1,0.45,SHORT,1,0,0,0
BNBUSDT,1781996400000,2026-06-20T23:00:00.000Z,BULL,SHORT,32.43055555555556,17.74140625,IGNORE,0,WATCH,,0,0,0,NA,NA,NA,NA,NA,CLEAR,1,0,0,0,0,TREND_REVERSAL_UNCONFIRMED,2,0.45,SHORT,1,0,0,0
BNBUSDT,1782000000000,2026-06-21T00:00:00.000Z,BULL,SHORT,17.5,12.909375,IGNORE,0,WATCH,,0,0,0,NA,NA,NA,NA,NA,CLEAR,1,0,0,0,0,TREND_REVERSAL_UNCONFIRMED,1,0.45,SHORT,1,0,0,0
BNBUSDT,1782003600000,2026-06-21T01:00:00.000Z,BULL,SHORT,30.34722222222222,17.57734375,IGNORE,0,WATCH,,0,0,0,NA,NA,NA,NA,NA,CLEAR,1,0,0,0,0,TREND_REVERSAL_UNCONFIRMED,2,0.45,SHORT,1,0,0,0
BNBUSDT,1782007200000,2026-06-21T02:00:00.000Z,BULL,SHORT,30.34722222222222,17.57734375,IGNORE,0,WATCH,,0,0,0,NA,NA,NA,NA,NA,CLEAR,1,0,0,0,0,TREND_REVERSAL_UNCONFIRMED,2,0.45,SHORT,1,0,0,0
BNBUSDT,1782010800000,2026-06-21T03:00:00.000Z,BULL,SHORT,17.5,12.909375,IGNORE,0,WATCH,,0,0,0,NA,NA,NA,NA,NA,CLEAR,1,0,0,0,0,TREND_REVERSAL_UNCONFIRMED,1,0.45,SHORT,1,0,0,0
BNBUSDT,1782014400000,2026-06-21T04:00:00.000Z,BULL,SHORT,17.5,12.909375,IGNORE,0,WATCH,,0,0,0,NA,NA,NA,NA,NA,CLEAR,1,0,0,0,0,TREND_REVERSAL_UNCONFIRMED,1,0.45,SHORT,1,0,0,0
BNBUSDT,1782018000000,2026-06-21T05:00:00.000Z,BULL,SHORT,17.5,12.909375,IGNORE,0,WATCH,,0,0,0,NA,NA,NA,NA,NA,CLEAR,1,0,0,0,0,TREND_REVERSAL_UNCONFIRMED,1,0.45,SHORT,1,0,0,0
BNBUSDT,1782021600000,2026-06-21T06:00:00.000Z,BULL,SHORT,17.5,12.909375,IGNORE,0,WATCH,,0,0,0,NA,NA,NA,NA,NA,CLEAR,1,0,0,0,0,TREND_REVERSAL_UNCONFIRMED,1,0.45,SHORT,1,0,0,0
BNBUSDT,1782025200000,2026-06-21T07:00:00.000Z,BULL,SHORT,17.5,12.909375,IGNORE,0,WATCH,,0,0,0,NA,NA,NA,NA,NA,CLEAR,1,0,0,0,0,TREND_REVERSAL_UNCONFIRMED,1,0.45,SHORT,1,0,0,0
BNBUSDT,1782028800000,2026-06-21T08:00:00.000Z,BULL,SHORT,42.5,18.534375,IGNORE,0,WATCH,,0,0,0,NA,NA,NA,NA,NA,WARNING_HARD,1,0,0,0,0,TREND_REVERSAL_UNCONFIRMED,2,0.45,SHORT,1,0,0,0
BNBUSDT,1782032400000,2026-06-21T09:00:00.000Z,BULL,SHORT,17.5,12.909375,IGNORE,0,WATCH,,0,0,0,NA,NA,NA,NA,NA,WARNING_SOFT,1,0,0,0,0,TREND_REVERSAL_UNCONFIRMED,1,0.45,SHORT,1,0,0,0
BNBUSDT,1782036000000,2026-06-21T10:00:00.000Z,BULL,SHORT,0,7.875,IGNORE,0,WATCH,,0,0,0,NA,NA,NA,NA,NA,CLEAR,1,0,0,0,0,TREND_REVERSAL_UNCONFIRMED,0,0.45,SHORT,1,0,0,0
BNBUSDT,1782039600000,2026-06-21T11:00:00.000Z,BULL,SHORT,0,7.875,IGNORE,0,WATCH,,0,0,0,NA,NA,NA,NA,NA,WARNING_SOFT,1,0,0,0,0,TREND_REVERSAL_UNCONFIRMED,0,0.45,SHORT,1,0,0,0
BNBUSDT,1782043200000,2026-06-21T12:00:00.000Z,NEUTRAL,NONE,0,7.875,IGNORE,0,WATCH,,0,0,0,NA,NA,NA,NA,NA,BLOCK,0,0,0,0,0,TREND_REVERSAL_UNCONFIRMED,0,0.45,NONE,1,0,0,0
BNBUSDT,1782046800000,2026-06-21T13:00:00.000Z,BULL,SHORT,13.282813788828173,12.577271585870218,IGNORE,0,WATCH,,0,0,0,NA,NA,NA,NA,NA,BLOCK,0,0,0,0,0,TREND_REVERSAL_UNCONFIRMED,1,0.45,SHORT,1,0,0,0
BNBUSDT,1782050400000,2026-06-21T14:00:00.000Z,BULL,SHORT,15.510684680287152,12.752716418572613,IGNORE,0,WATCH,,0,0,0,NA,NA,NA,NA,NA,WARNING_SOFT,1,0,0,0,0,TREND_REVERSAL_UNCONFIRMED,1,0.45,SHORT,1,0,0,0
BNBUSDT,1782054000000,2026-06-21T15:00:00.000Z,BULL,SHORT,0,7.875,IGNORE,0,WATCH,,0,0,0,NA,NA,NA,NA,NA,CLEAR,1,0,0,0,0,TREND_REVERSAL_UNCONFIRMED,0,0.45,SHORT,1,0,0,0
BNBUSDT,1782057600000,2026-06-21T16:00:00.000Z,BULL,SHORT,0,7.875,IGNORE,0,WATCH,,0,0,0,NA,NA,NA,NA,NA,CLEAR,1,0,0,0,0,TREND_REVERSAL_UNCONFIRMED,0,0.45,SHORT,1,0,0,0
BNBUSDT,1782061200000,2026-06-21T17:00:00.000Z,BULL,SHORT,0,7.875,IGNORE,0,WATCH,,0,0,0,NA,NA,NA,NA,NA,CLEAR,1,0,0,0,0,TREND_REVERSAL_UNCONFIRMED,0,0.45,SHORT,1,0,0,0
BNBUSDT,1782064800000,2026-06-21T18:00:00.000Z,BULL,SHORT,0,7.875,IGNORE,0,WATCH,,0,0,0,NA,NA,NA,NA,NA,CLEAR,1,0,0,0,0,TREND_REVERSAL_UNCONFIRMED,0,0.45,SHORT,1,0,0,0
BNBUSDT,1782068400000,2026-06-21T19:00:00.000Z,BULL,SHORT,12.847222222222221,12.54296875,IGNORE,0,WATCH,,0,0,0,NA,NA,NA,NA,NA,CLEAR,1,0,0,0,0,TREND_REVERSAL_UNCONFIRMED,1,0.45,SHORT,1,0,0,0
BNBUSDT,1782072000000,2026-06-21T20:00:00.000Z,NEUTRAL,NONE,0,7.875,IGNORE,0,WATCH,,0,0,0,NA,NA,NA,NA,NA,WARNING_SOFT,1,0,0,0,0,TREND_REVERSAL_UNCONFIRMED,0,0.45,NONE,1,0,0,0
BNBUSDT,1782075600000,2026-06-21T21:00:00.000Z,NEUTRAL,NONE,0,7.875,IGNORE,0,WATCH,,0,0,0,NA,NA,NA,NA,NA,BLOCK,0,0,1,0,0,TREND_REVERSAL_UNCONFIRMED,0,0.45,NONE,1,0,0,0
BNBUSDT,1782079200000,2026-06-21T22:00:00.000Z,NEUTRAL,NONE,0,7.875,IGNORE,0,WATCH,,0,0,0,NA,NA,NA,NA,NA,WARNING_SOFT,1,0,0,0,0,TREND_REVERSAL_UNCONFIRMED,0,0.45,NONE,1,0,0,0
BNBUSDT,1782082800000,2026-06-21T23:00:00.000Z,NEUTRAL,NONE,0,7.875,IGNORE,0,WATCH,,0,0,0,NA,NA,NA,NA,NA,WARNING_SOFT,1,0,0,0,0,TREND_REVERSAL_UNCONFIRMED,0,0.45,NONE,1,0,0,0
BNBUSDT,1782086400000,2026-06-22T00:00:00.000Z,NEUTRAL,NONE,0,7.875,IGNORE,0,WATCH,,0,0,0,NA,NA,NA,NA,NA,WARNING_SOFT,1,0,0,0,0,TREND_REVERSAL_UNCONFIRMED,0,0.45,NONE,1,0,0,0
BNBUSDT,1782090000000,2026-06-22T01:00:00.000Z,BULL,SHORT,25,13.5,IGNORE,0,WATCH,,0,0,0,NA,NA,NA,NA,NA,CLEAR,1,0,0,0,0,TREND_REVERSAL_UNCONFIRMED,1,0.45,SHORT,1,0,0,0
BNBUSDT,1782093600000,2026-06-22T02:00:00.000Z,BULL,SHORT,0,7.875,IGNORE,0,WATCH,,0,0,0,NA,NA,NA,NA,NA,CLEAR,1,0,0,0,0,TREND_REVERSAL_UNCONFIRMED,0,0.45,SHORT,1,0,0,0
BNBUSDT,1782097200000,2026-06-22T03:00:00.000Z,BULL,SHORT,0,7.875,IGNORE,0,WATCH,,0,0,0,NA,NA,NA,NA,NA,WARNING_SOFT,1,0,0,0,0,TREND_REVERSAL_UNCONFIRMED,0,0.45,SHORT,1,0,0,0
BNBUSDT,1782100800000,2026-06-22T04:00:00.000Z,BULL,SHORT,0,7.875,IGNORE,0,WATCH,,0,0,0,NA,NA,NA,NA,NA,WARNING_SOFT,1,0,0,0,0,TREND_REVERSAL_UNCONFIRMED,0,0.45,SHORT,1,0,0,0
BNBUSDT,1782104400000,2026-06-22T05:00:00.000Z,BULL,SHORT,0,7.875,IGNORE,0,WATCH,,0,0,0,NA,NA,NA,NA,NA,CLEAR,1,0,0,0,0,TREND_REVERSAL_UNCONFIRMED,0,0.45,SHORT,1,0,0,0
BNBUSDT,1782108000000,2026-06-22T06:00:00.000Z,BULL,SHORT,0,7.875,IGNORE,0,WATCH,,0,0,0,NA,NA,NA,NA,NA,WARNING_SOFT,1,0,0,0,0,TREND_REVERSAL_UNCONFIRMED,0,0.45,SHORT,1,0,0,0
BNBUSDT,1782111600000,2026-06-22T07:00:00.000Z,BULL,SHORT,0,7.875,IGNORE,0,WATCH,,0,0,0,NA,NA,NA,NA,NA,CLEAR,1,0,0,0,0,TREND_REVERSAL_UNCONFIRMED,0,0.45,SHORT,1,0,0,0
BNBUSDT,1782115200000,2026-06-22T08:00:00.000Z,BULL,SHORT,0,7.875,IGNORE,0,WATCH,,0,0,0,NA,NA,NA,NA,NA,CLEAR,1,0,0,0,0,TREND_REVERSAL_UNCONFIRMED,0,0.45,SHORT,1,0,0,0
BNBUSDT,1782118800000,2026-06-22T09:00:00.000Z,BULL,SHORT,0,7.875,IGNORE,0,WATCH,,0,0,0,NA,NA,NA,NA,NA,CLEAR,1,0,0,0,0,TREND_REVERSAL_UNCONFIRMED,0,0.45,SHORT,1,0,0,0
BNBUSDT,1782122400000,2026-06-22T10:00:00.000Z,BULL,SHORT,17.5,12.909375,IGNORE,0,WATCH,,0,0,0,NA,NA,NA,NA,NA,CLEAR,1,0,0,0,0,TREND_REVERSAL_UNCONFIRMED,1,0.45,SHORT,1,0,0,0
BNBUSDT,1782126000000,2026-06-22T11:00:00.000Z,BULL,SHORT,36.702819122660316,18.0778470059095,IGNORE,0,WATCH,,0,0,0,NA,NA,NA,NA,NA,CLEAR,1,1,0,0,0,TREND_REVERSAL_UNCONFIRMED,2,0.45,SHORT,1,0,0,0
BNBUSDT,1782129600000,2026-06-22T12:00:00.000Z,BULL,SHORT,40.073746258910276,18.343307517889183,IGNORE,0,WATCH,,0,0,0,NA,NA,NA,NA,NA,CLEAR,1,1,0,0,0,TREND_REVERSAL_UNCONFIRMED,2,0.45,SHORT,1,0,0,0
BNBUSDT,1782133200000,2026-06-22T13:00:00.000Z,BULL,SHORT,34.29459379128323,17.888199261063555,IGNORE,0,WATCH,,0,0,0,NA,NA,NA,NA,NA,CLEAR,1,0,0,0,0,TREND_REVERSAL_UNCONFIRMED,2,0.45,SHORT,1,0,0,0
BNBUSDT,1782136800000,2026-06-22T14:00:00.000Z,BULL,SHORT,67.5,53.9175,WATCH,1,WATCH,ACTIVE,1,1,0,PASS,PASS,SKIP,SKIP,FAIL,CLEAR,1,0,0,0,0,MARKET_CONTEXT_DENIED,3,0.84,SHORT,0,1,0,0
BNBUSDT,1782140400000,2026-06-22T15:00:00.000Z,BULL,SHORT,17.5,12.909375,IGNORE,0,WATCH,,0,0,0,NA,NA,NA,NA,NA,CLEAR,1,0,0,0,0,TREND_REVERSAL_UNCONFIRMED,1,0.45,SHORT,1,0,0,0
BNBUSDT,1782144000000,2026-06-22T16:00:00.000Z,BULL,SHORT,13.539367079372695,12.5974751575006,IGNORE,0,WATCH,,0,0,0,NA,NA,NA,NA,NA,WARNING_SOFT,1,0,0,0,0,TREND_REVERSAL_UNCONFIRMED,1,0.45,SHORT,1,0,0,0
BNBUSDT,1782147600000,2026-06-22T17:00:00.000Z,BULL,SHORT,0,7.875,IGNORE,0,WATCH,,0,0,0,NA,NA,NA,NA,NA,WARNING_SOFT,1,0,0,0,0,TREND_REVERSAL_UNCONFIRMED,0,0.45,SHORT,1,0,0,0
BNBUSDT,1782151200000,2026-06-22T18:00:00.000Z,NEUTRAL,NONE,0,7.875,IGNORE,0,WATCH,,0,0,0,NA,NA,NA,NA,NA,WARNING_SOFT,1,0,0,0,0,TREND_REVERSAL_UNCONFIRMED,0,0.45,NONE,1,0,0,0
BNBUSDT,1782154800000,2026-06-22T19:00:00.000Z,NEUTRAL,NONE,0,7.875,IGNORE,0,WATCH,,0,0,0,NA,NA,NA,NA,NA,BLOCK,0,0,0,0,0,TREND_REVERSAL_UNCONFIRMED,0,0.45,NONE,1,0,0,0
BNBUSDT,1782158400000,2026-06-22T20:00:00.000Z,NEUTRAL,NONE,0,7.875,IGNORE,0,WATCH,,0,0,0,NA,NA,NA,NA,NA,WARNING_SOFT,1,0,0,0,0,TREND_REVERSAL_UNCONFIRMED,0,0.45,NONE,1,0,0,0
BNBUSDT,1782162000000,2026-06-22T21:00:00.000Z,NEUTRAL,NONE,0,7.875,IGNORE,0,WATCH,,0,0,0,NA,NA,NA,NA,NA,WARNING_SOFT,1,0,0,0,0,TREND_REVERSAL_UNCONFIRMED,0,0.45,NONE,1,0,0,0
BNBUSDT,1782165600000,2026-06-22T22:00:00.000Z,NEUTRAL,NONE,0,7.875,IGNORE,0,WATCH,,0,0,0,NA,NA,NA,NA,NA,WARNING_SOFT,1,0,0,0,0,TREND_REVERSAL_UNCONFIRMED,0,0.45,NONE,1,0,0,0
BNBUSDT,1782169200000,2026-06-22T23:00:00.000Z,NEUTRAL,NONE,0,7.875,IGNORE,0,WATCH,,0,0,0,NA,NA,NA,NA,NA,WARNING_SOFT,1,0,0,0,0,TREND_REVERSAL_UNCONFIRMED,0,0.45,NONE,1,0,0,0
BNBUSDT,1782172800000,2026-06-23T00:00:00.000Z,NEUTRAL,NONE,0,7.875,IGNORE,0,WATCH,,0,0,0,NA,NA,NA,NA,NA,WARNING_SOFT,1,0,0,0,0,TREND_REVERSAL_UNCONFIRMED,0,0.45,NONE,1,0,0,0
BNBUSDT,1782176400000,2026-06-23T01:00:00.000Z,NEUTRAL,NONE,0,7.875,IGNORE,0,WATCH,,0,0,0,NA,NA,NA,NA,NA,WARNING_SOFT,1,0,0,0,0,TREND_REVERSAL_UNCONFIRMED,0,0.45,NONE,1,0,0,0
BNBUSDT,1782180000000,2026-06-23T02:00:00.000Z,BULL,SHORT,0,7.875,IGNORE,0,WATCH,,0,0,0,NA,NA,NA,NA,NA,WARNING_SOFT,1,0,0,0,0,TREND_REVERSAL_UNCONFIRMED,0,0.45,SHORT,1,0,0,0
BNBUSDT,1782183600000,2026-06-23T03:00:00.000Z,NEUTRAL,NONE,0,7.875,IGNORE,0,WATCH,,0,0,0,NA,NA,NA,NA,NA,WARNING_SOFT,1,0,0,0,0,TREND_REVERSAL_UNCONFIRMED,0,0.45,NONE,1,0,0,0
BNBUSDT,1782187200000,2026-06-23T04:00:00.000Z,NEUTRAL,NONE,0,7.875,IGNORE,0,WATCH,,0,0,0,NA,NA,NA,NA,NA,WARNING_SOFT,1,0,0,0,0,TREND_REVERSAL_UNCONFIRMED,0,0.45,NONE,1,0,0,0
BNBUSDT,1782190800000,2026-06-23T05:00:00.000Z,NEUTRAL,NONE,0,7.875,IGNORE,0,WATCH,,0,0,0,NA,NA,NA,NA,NA,BLOCK,0,0,0,0,0,TREND_REVERSAL_UNCONFIRMED,0,0.45,NONE,1,0,0,0
BNBUSDT,1782194400000,2026-06-23T06:00:00.000Z,BEAR,LONG,42.5,18.534375,IGNORE,0,WATCH,,0,0,0,NA,NA,NA,NA,NA,CLEAR,1,0,1,0,0,TREND_REVERSAL_UNCONFIRMED,2,0.45,LONG,1,0,0,0
BNBUSDT,1782198000000,2026-06-23T07:00:00.000Z,BEAR,LONG,32.43055555555556,17.74140625,IGNORE,0,WATCH,,0,0,0,NA,NA,NA,NA,NA,CLEAR,1,0,0,0,0,TREND_REVERSAL_UNCONFIRMED,2,0.45,LONG,1,0,0,0
BNBUSDT,1782201600000,2026-06-23T08:00:00.000Z,BEAR,LONG,57.43055555555556,52.43729166666667,WATCH,1,WATCH,ACTIVE,1,1,0,PASS,PASS,SKIP,SKIP,FAIL,CLEAR,1,0,1,0,0,MARKET_CONTEXT_DENIED,3,0.84,LONG,0,1,0,0
BNBUSDT,1782205200000,2026-06-23T09:00:00.000Z,BEAR,LONG,33.81944444444444,17.85078125,IGNORE,0,WATCH,,0,0,0,NA,NA,NA,NA,NA,CLEAR,1,0,0,0,0,TREND_REVERSAL_UNCONFIRMED,2,0.45,LONG,1,0,0,0
BNBUSDT,1782208800000,2026-06-23T10:00:00.000Z,BEAR,LONG,44.50031111847696,22.34814950058006,IGNORE,0,WATCH,,0,0,0,NA,NA,NA,NA,NA,CLEAR,1,0,0,0,0,TREND_REVERSAL_UNCONFIRMED,3,0.45,LONG,1,0,0,0
BNBUSDT,1782212400000,2026-06-23T11:00:00.000Z,BEAR,LONG,0,7.875,IGNORE,0,WATCH,,0,0,0,NA,NA,NA,NA,NA,CLEAR,1,0,0,0,0,TREND_REVERSAL_UNCONFIRMED,0,0.45,LONG,1,0,0,0
BNBUSDT,1782216000000,2026-06-23T12:00:00.000Z,BEAR,LONG,25,13.5,IGNORE,0,WATCH,,0,0,0,NA,NA,NA,NA,NA,CLEAR,1,0,0,0,0,TREND_REVERSAL_UNCONFIRMED,1,0.45,LONG,1,0,0,0
BNBUSDT,1782219600000,2026-06-23T13:00:00.000Z,BEAR,LONG,14.500633636286807,12.673174898857585,IGNORE,0,WATCH,,0,0,0,NA,NA,NA,NA,NA,CLEAR,1,0,0,0,0,TREND_REVERSAL_UNCONFIRMED,1,0.45,LONG,1,0,0,0
BNBUSDT,1782223200000,2026-06-23T14:00:00.000Z,BEAR,LONG,15.292298978386453,12.735518544547933,IGNORE,0,WATCH,,0,0,0,NA,NA,NA,NA,NA,CLEAR,1,0,0,0,0,TREND_REVERSAL_UNCONFIRMED,1,0.45,LONG,1,0,0,0
BNBUSDT,1782226800000,2026-06-23T15:00:00.000Z,BEAR,LONG,25,13.5,IGNORE,0,WATCH,,0,0,0,NA,NA,NA,NA,NA,CLEAR,1,0,0,0,0,TREND_REVERSAL_UNCONFIRMED,1,0.45,LONG,1,0,0,0
BNBUSDT,1782230400000,2026-06-23T16:00:00.000Z,BEAR,LONG,0,7.875,IGNORE,0,WATCH,,0,0,0,NA,NA,NA,NA,NA,CLEAR,1,0,0,0,0,TREND_REVERSAL_UNCONFIRMED,0,0.45,LONG,1,0,0,0
BNBUSDT,1782234000000,2026-06-23T17:00:00.000Z,BEAR,LONG,0,7.875,IGNORE,0,WATCH,,0,0,0,NA,NA,NA,NA,NA,CLEAR,1,0,0,0,0,TREND_REVERSAL_UNCONFIRMED,0,0.45,LONG,1,0,0,0
BNBUSDT,1782237600000,2026-06-23T18:00:00.000Z,BEAR,LONG,0,7.875,IGNORE,0,WATCH,,0,0,0,NA,NA,NA,NA,NA,CLEAR,1,0,0,0,0,TREND_REVERSAL_UNCONFIRMED,0,0.45,LONG,1,0,0,0
BNBUSDT,1782241200000,2026-06-23T19:00:00.000Z,BEAR,LONG,0,7.875,IGNORE,0,WATCH,,0,0,0,NA,NA,NA,NA,NA,CLEAR,1,0,0,0,0,TREND_REVERSAL_UNCONFIRMED,0,0.45,LONG,1,0,0,0
BNBUSDT,1782244800000,2026-06-23T20:00:00.000Z,BEAR,LONG,0,7.875,IGNORE,0,WATCH,,0,0,0,NA,NA,NA,NA,NA,WARNING_SOFT,1,0,0,0,0,TREND_REVERSAL_UNCONFIRMED,0,0.45,LONG,1,0,0,0
BNBUSDT,1782248400000,2026-06-23T21:00:00.000Z,BEAR,LONG,0,7.875,IGNORE,0,WATCH,,0,0,0,NA,NA,NA,NA,NA,WARNING_SOFT,1,0,0,0,0,TREND_REVERSAL_UNCONFIRMED,0,0.45,LONG,1,0,0,0
BNBUSDT,1782252000000,2026-06-23T22:00:00.000Z,BEAR,LONG,0,7.875,IGNORE,0,WATCH,,0,0,0,NA,NA,NA,NA,NA,WARNING_SOFT,1,0,0,0,0,TREND_REVERSAL_UNCONFIRMED,0,0.45,LONG,1,0,0,0
BNBUSDT,1782255600000,2026-06-23T23:00:00.000Z,BEAR,LONG,0,7.875,IGNORE,0,WATCH,,0,0,0,NA,NA,NA,NA,NA,WARNING_SOFT,1,0,0,0,0,TREND_REVERSAL_UNCONFIRMED,0,0.45,LONG,1,0,0,0
BNBUSDT,1782259200000,2026-06-24T00:00:00.000Z,NEUTRAL,NONE,0,7.875,IGNORE,0,WATCH,,0,0,0,NA,NA,NA,NA,NA,CLEAR,1,0,0,0,0,TREND_REVERSAL_UNCONFIRMED,0,0.45,NONE,1,0,0,0
BNBUSDT,1782262800000,2026-06-24T01:00:00.000Z,NEUTRAL,NONE,0,7.875,IGNORE,0,WATCH,,0,0,0,NA,NA,NA,NA,NA,CLEAR,1,0,0,0,0,TREND_REVERSAL_UNCONFIRMED,0,0.45,NONE,1,0,0,0
BNBUSDT,1782266400000,2026-06-24T02:00:00.000Z,BEAR,LONG,0,7.875,IGNORE,0,WATCH,,0,0,0,NA,NA,NA,NA,NA,WARNING_SOFT,1,0,0,0,0,TREND_REVERSAL_UNCONFIRMED,0,0.45,LONG,1,0,0,0
BNBUSDT,1782270000000,2026-06-24T03:00:00.000Z,BEAR,LONG,0,7.875,IGNORE,0,WATCH,,0,0,0,NA,NA,NA,NA,NA,CLEAR,1,0,0,0,0,TREND_REVERSAL_UNCONFIRMED,0,0.45,LONG,1,0,0,0
BNBUSDT,1782273600000,2026-06-24T04:00:00.000Z,BEAR,LONG,0,7.875,IGNORE,0,WATCH,,0,0,0,NA,NA,NA,NA,NA,CLEAR,1,0,0,0,0,TREND_REVERSAL_UNCONFIRMED,0,0.45,LONG,1,0,0,0
BNBUSDT,1782277200000,2026-06-24T05:00:00.000Z,NEUTRAL,NONE,0,7.875,IGNORE,0,WATCH,,0,0,0,NA,NA,NA,NA,NA,WARNING_SOFT,1,0,0,0,0,TREND_REVERSAL_UNCONFIRMED,0,0.45,NONE,1,0,0,0
BNBUSDT,1782280800000,2026-06-24T06:00:00.000Z,NEUTRAL,NONE,0,7.875,IGNORE,0,WATCH,,0,0,0,NA,NA,NA,NA,NA,WARNING_SOFT,1,0,0,0,0,TREND_REVERSAL_UNCONFIRMED,0,0.45,NONE,1,0,0,0
BNBUSDT,1782284400000,2026-06-24T07:00:00.000Z,BEAR,LONG,17.5,12.909375,IGNORE,0,WATCH,,0,0,0,NA,NA,NA,NA,NA,WARNING_SOFT,1,0,0,0,0,TREND_REVERSAL_UNCONFIRMED,1,0.45,LONG,1,0,0,0
BNBUSDT,1782288000000,2026-06-24T08:00:00.000Z,BEAR,LONG,17.5,12.909375,IGNORE,0,WATCH,,0,0,0,NA,NA,NA,NA,NA,CLEAR,1,0,0,0,0,TREND_REVERSAL_UNCONFIRMED,1,0.45,LONG,1,0,0,0
BNBUSDT,1782291600000,2026-06-24T09:00:00.000Z,BEAR,LONG,17.5,12.909375,IGNORE,0,WATCH,,0,0,0,NA,NA,NA,NA,NA,CLEAR,1,0,0,0,0,TREND_REVERSAL_UNCONFIRMED,1,0.45,LONG,1,0,0,0
BNBUSDT,1782295200000,2026-06-24T10:00:00.000Z,BEAR,LONG,17.5,12.909375,IGNORE,0,WATCH,,0,0,0,NA,NA,NA,NA,NA,CLEAR,1,0,0,0,0,TREND_REVERSAL_UNCONFIRMED,1,0.45,LONG,1,0,0,0
BNBUSDT,1782298800000,2026-06-24T11:00:00.000Z,NEUTRAL,NONE,0,7.875,IGNORE,0,WATCH,,0,0,0,NA,NA,NA,NA,NA,BLOCK,0,0,0,0,0,TREND_REVERSAL_UNCONFIRMED,0,0.45,NONE,1,0,0,0
BNBUSDT,1782302400000,2026-06-24T12:00:00.000Z,BEAR,LONG,33.74400421088788,17.844840331607422,IGNORE,0,WATCH,,0,0,0,NA,NA,NA,NA,NA,BLOCK,0,0,0,0,0,TREND_REVERSAL_UNCONFIRMED,2,0.45,LONG,1,0,0,0
BNBUSDT,1782306000000,2026-06-24T13:00:00.000Z,BEAR,LONG,42.5,18.534375,IGNORE,0,WATCH,,0,0,0,NA,NA,NA,NA,NA,CLEAR,1,0,0,0,0,TREND_REVERSAL_UNCONFIRMED,2,0.45,LONG,1,0,0,0
BNBUSDT,1782309600000,2026-06-24T14:00:00.000Z,BEAR,LONG,42.5,18.534375,IGNORE,0,WATCH,,0,0,0,NA,NA,NA,NA,NA,CLEAR,1,0,0,0,0,TREND_REVERSAL_UNCONFIRMED,2,0.45,LONG,1,0,0,0
BNBUSDT,1782313200000,2026-06-24T15:00:00.000Z,BEAR,LONG,42.5,18.534375,IGNORE,0,WATCH,,0,0,0,NA,NA,NA,NA,NA,CLEAR,1,0,1,0,0,TREND_REVERSAL_UNCONFIRMED,2,0.45,LONG,1,0,0,0
BNBUSDT,1782316800000,2026-06-24T16:00:00.000Z,BEAR,LONG,57.08333333333333,51.54624999999999,WATCH,1,WATCH,ACTIVE,1,1,0,FAIL,PASS,SKIP,SKIP,PASS,CLEAR,1,0,1,0,0,MARKET_CONTEXT_DENIED,3,0.84,LONG,0,1,0,0
BNBUSDT,1782320400000,2026-06-24T17:00:00.000Z,BEAR,LONG,57.08333333333333,51.54624999999999,WATCH,1,WATCH,ACTIVE,1,1,0,FAIL,PASS,SKIP,SKIP,PASS,CLEAR,1,0,1,0,0,MARKET_CONTEXT_DENIED,3,0.84,LONG,0,1,0,0
BNBUSDT,1782324000000,2026-06-24T18:00:00.000Z,BEAR,LONG,56.04728780060047,51.393951306688265,WATCH,1,WATCH,ACTIVE,1,1,0,FAIL,PASS,SKIP,SKIP,PASS,CLEAR,1,0,0,0,0,MARKET_CONTEXT_DENIED,3,0.84,LONG,0,1,0,0
BNBUSDT,1782327600000,2026-06-24T19:00:00.000Z,BEAR,LONG,17.5,12.909375,IGNORE,0,WATCH,,0,0,0,NA,NA,NA,NA,NA,CLEAR,1,0,0,0,0,TREND_REVERSAL_UNCONFIRMED,1,0.45,LONG,1,0,0,0
BNBUSDT,1782331200000,2026-06-24T20:00:00.000Z,BEAR,LONG,23.45529543128385,13.378354515213603,IGNORE,0,WATCH,,0,0,0,NA,NA,NA,NA,NA,CLEAR,1,1,0,1,0,TREND_REVERSAL_UNCONFIRMED,1,0.45,LONG,1,0,0,0
BNBUSDT,1782334800000,2026-06-24T21:00:00.000Z,BEAR,LONG,0,7.875,IGNORE,0,WATCH,,0,0,0,NA,NA,NA,NA,NA,CLEAR,1,0,0,0,0,TREND_REVERSAL_UNCONFIRMED,0,0.45,LONG,1,0,0,0
BNBUSDT,1782338400000,2026-06-24T22:00:00.000Z,BEAR,LONG,0,7.875,IGNORE,0,WATCH,,0,0,0,NA,NA,NA,NA,NA,WARNING_SOFT,1,0,0,0,0,TREND_REVERSAL_UNCONFIRMED,0,0.45,LONG,1,0,0,0
BNBUSDT,1782342000000,2026-06-24T23:00:00.000Z,BEAR,LONG,0,7.875,IGNORE,0,WATCH,,0,0,0,NA,NA,NA,NA,NA,WARNING_SOFT,1,0,0,0,0,TREND_REVERSAL_UNCONFIRMED,0,0.45,LONG,1,0,0,0
BNBUSDT,1782345600000,2026-06-25T00:00:00.000Z,BEAR,LONG,0,7.875,IGNORE,0,WATCH,,0,0,0,NA,NA,NA,NA,NA,WARNING_SOFT,1,0,0,0,0,TREND_REVERSAL_UNCONFIRMED,0,0.45,LONG,1,0,0,0
BNBUSDT,1782349200000,2026-06-25T01:00:00.000Z,BEAR,LONG,25,13.5,IGNORE,0,WATCH,,0,0,0,NA,NA,NA,NA,NA,WARNING_SOFT,1,0,0,0,0,TREND_REVERSAL_UNCONFIRMED,1,0.45,LONG,1,0,0,0
BNBUSDT,1782352800000,2026-06-25T02:00:00.000Z,BEAR,LONG,0,7.875,IGNORE,0,WATCH,,0,0,0,NA,NA,NA,NA,NA,WARNING_SOFT,1,0,0,0,0,TREND_REVERSAL_UNCONFIRMED,0,0.45,LONG,1,0,0,0
BNBUSDT,1782356400000,2026-06-25T03:00:00.000Z,BEAR,LONG,0,7.875,IGNORE,0,WATCH,,0,0,0,NA,NA,NA,NA,NA,WARNING_SOFT,1,0,0,0,0,TREND_REVERSAL_UNCONFIRMED,0,0.45,LONG,1,0,0,0
BNBUSDT,1782360000000,2026-06-25T04:00:00.000Z,NEUTRAL,NONE,0,7.875,IGNORE,0,WATCH,,0,0,0,NA,NA,NA,NA,NA,CLEAR,1,0,0,0,0,TREND_REVERSAL_UNCONFIRMED,0,0.45,NONE,1,0,0,0
BNBUSDT,1782363600000,2026-06-25T05:00:00.000Z,NEUTRAL,NONE,0,7.875,IGNORE,0,WATCH,,0,0,0,NA,NA,NA,NA,NA,CLEAR,1,0,0,0,0,TREND_REVERSAL_UNCONFIRMED,0,0.45,NONE,1,0,0,0
BNBUSDT,1782367200000,2026-06-25T06:00:00.000Z,NEUTRAL,NONE,0,7.875,IGNORE,0,WATCH,,0,0,0,NA,NA,NA,NA,NA,CLEAR,1,0,0,0,0,TREND_REVERSAL_UNCONFIRMED,0,0.45,NONE,1,0,0,0
BNBUSDT,1782370800000,2026-06-25T07:00:00.000Z,NEUTRAL,NONE,0,7.875,IGNORE,0,WATCH,,0,0,0,NA,NA,NA,NA,NA,CLEAR,1,0,0,0,0,TREND_REVERSAL_UNCONFIRMED,0,0.45,NONE,1,0,0,0
BNBUSDT,1782374400000,2026-06-25T08:00:00.000Z,NEUTRAL,NONE,0,7.875,IGNORE,0,WATCH,,0,0,0,NA,NA,NA,NA,NA,CLEAR,1,0,0,0,0,TREND_REVERSAL_UNCONFIRMED,0,0.45,NONE,1,0,0,0
BNBUSDT,1782378000000,2026-06-25T09:00:00.000Z,NEUTRAL,NONE,0,7.875,IGNORE,0,WATCH,,0,0,0,NA,NA,NA,NA,NA,CLEAR,1,0,0,0,0,TREND_REVERSAL_UNCONFIRMED,0,0.45,NONE,1,0,0,0
BNBUSDT,1782381600000,2026-06-25T10:00:00.000Z,BEAR,LONG,0,7.875,IGNORE,0,WATCH,,0,0,0,NA,NA,NA,NA,NA,WARNING_SOFT,1,0,0,0,0,TREND_REVERSAL_UNCONFIRMED,0,0.45,LONG,1,0,0,0
BNBUSDT,1782385200000,2026-06-25T11:00:00.000Z,BEAR,LONG,25,13.5,IGNORE,0,WATCH,,0,0,0,NA,NA,NA,NA,NA,CLEAR,1,0,0,0,0,TREND_REVERSAL_UNCONFIRMED,1,0.45,LONG,1,0,0,0
BNBUSDT,1782388800000,2026-06-25T12:00:00.000Z,BEAR,LONG,0,7.875,IGNORE,0,WATCH,,0,0,0,NA,NA,NA,NA,NA,CLEAR,1,0,0,0,0,TREND_REVERSAL_UNCONFIRMED,0,0.45,LONG,1,0,0,0
BNBUSDT,1782392400000,2026-06-25T13:00:00.000Z,BEAR,LONG,39.58333333333333,18.3046875,IGNORE,0,WATCH,,0,0,0,NA,NA,NA,NA,NA,WARNING_SOFT,1,0,0,0,0,TREND_REVERSAL_UNCONFIRMED,2,0.45,LONG,1,0,0,0
BNBUSDT,1782396000000,2026-06-25T14:00:00.000Z,BEAR,LONG,25,13.5,IGNORE,0,WATCH,,0,0,0,NA,NA,NA,NA,NA,CLEAR,1,0,0,0,0,TREND_REVERSAL_UNCONFIRMED,1,0.45,LONG,1,0,0,0
BNBUSDT,1782399600000,2026-06-25T15:00:00.000Z,BEAR,LONG,16.520663296571207,12.832252234604983,IGNORE,0,WATCH,,0,0,0,NA,NA,NA,NA,NA,CLEAR,1,0,0,0,0,TREND_REVERSAL_UNCONFIRMED,1,0.45,LONG,1,0,0,0
BNBUSDT,1782403200000,2026-06-25T16:00:00.000Z,BEAR,LONG,0,7.875,IGNORE,0,WATCH,,0,0,0,NA,NA,NA,NA,NA,CLEAR,1,0,0,0,0,TREND_REVERSAL_UNCONFIRMED,0,0.45,LONG,1,0,0,0
BNBUSDT,1782406800000,2026-06-25T17:00:00.000Z,BEAR,LONG,0,7.875,IGNORE,0,WATCH,,0,0,0,NA,NA,NA,NA,NA,CLEAR,1,0,0,0,0,TREND_REVERSAL_UNCONFIRMED,0,0.45,LONG,1,0,0,0
BNBUSDT,1782410400000,2026-06-25T18:00:00.000Z,BEAR,LONG,0,7.875,IGNORE,0,WATCH,,0,0,0,NA,NA,NA,NA,NA,WARNING_SOFT,1,0,0,0,0,TREND_REVERSAL_UNCONFIRMED,0,0.45,LONG,1,0,0,0
BNBUSDT,1782414000000,2026-06-25T19:00:00.000Z,BEAR,LONG,0,7.875,IGNORE,0,WATCH,,0,0,0,NA,NA,NA,NA,NA,CLEAR,1,0,0,0,0,TREND_REVERSAL_UNCONFIRMED,0,0.45,LONG,1,0,0,0
BNBUSDT,1782417600000,2026-06-25T20:00:00.000Z,BEAR,LONG,25,13.5,IGNORE,0,WATCH,,0,0,0,NA,NA,NA,NA,NA,CLEAR,1,0,0,0,0,TREND_REVERSAL_UNCONFIRMED,1,0.45,LONG,1,0,0,0
BNBUSDT,1782421200000,2026-06-25T21:00:00.000Z,NEUTRAL,NONE,0,7.875,IGNORE,0,WATCH,,0,0,0,NA,NA,NA,NA,NA,WARNING_SOFT,1,0,0,0,0,TREND_REVERSAL_UNCONFIRMED,0,0.45,NONE,1,0,0,0
BNBUSDT,1782424800000,2026-06-25T22:00:00.000Z,NEUTRAL,NONE,0,7.875,IGNORE,0,WATCH,,0,0,0,NA,NA,NA,NA,NA,WARNING_SOFT,1,0,0,0,0,TREND_REVERSAL_UNCONFIRMED,0,0.45,NONE,1,0,0,0
BNBUSDT,1782428400000,2026-06-25T23:00:00.000Z,NEUTRAL,NONE,0,7.875,IGNORE,0,WATCH,,0,0,0,NA,NA,NA,NA,NA,WARNING_SOFT,1,0,0,0,0,TREND_REVERSAL_UNCONFIRMED,0,0.45,NONE,1,0,0,0
BNBUSDT,1782432000000,2026-06-26T00:00:00.000Z,NEUTRAL,NONE,0,7.875,IGNORE,0,WATCH,,0,0,0,NA,NA,NA,NA,NA,WARNING_SOFT,1,0,0,0,0,TREND_REVERSAL_UNCONFIRMED,0,0.45,NONE,1,0,0,0
BNBUSDT,1782435600000,2026-06-26T01:00:00.000Z,BEAR,LONG,0,7.875,IGNORE,0,WATCH,,0,0,0,NA,NA,NA,NA,NA,WARNING_SOFT,1,0,0,0,0,TREND_REVERSAL_UNCONFIRMED,0,0.45,LONG,1,0,0,0
BNBUSDT,1782439200000,2026-06-26T02:00:00.000Z,BEAR,LONG,42.01921351871552,18.496513064598847,IGNORE,0,WATCH,,0,0,0,NA,NA,NA,NA,NA,CLEAR,1,0,0,0,0,TREND_REVERSAL_UNCONFIRMED,2,0.45,LONG,1,0,0,0
BNBUSDT,1782442800000,2026-06-26T03:00:00.000Z,NEUTRAL,NONE,0,7.875,IGNORE,0,WATCH,,0,0,0,NA,NA,NA,NA,NA,BLOCK,0,0,0,0,0,TREND_REVERSAL_UNCONFIRMED,0,0.45,NONE,1,0,0,0
BNBUSDT,1782446400000,2026-06-26T04:00:00.000Z,NEUTRAL,NONE,0,7.875,IGNORE,0,WATCH,,0,0,0,NA,NA,NA,NA,NA,WARNING_HARD,1,0,0,0,0,TREND_REVERSAL_UNCONFIRMED,0,0.45,NONE,1,0,0,0
BNBUSDT,1782450000000,2026-06-26T05:00:00.000Z,NEUTRAL,NONE,0,7.875,IGNORE,0,WATCH,,0,0,0,NA,NA,NA,NA,NA,CLEAR,1,0,0,0,0,TREND_REVERSAL_UNCONFIRMED,0,0.45,NONE,1,0,0,0
BNBUSDT,1782453600000,2026-06-26T06:00:00.000Z,NEUTRAL,NONE,0,7.875,IGNORE,0,WATCH,,0,0,0,NA,NA,NA,NA,NA,CLEAR,1,0,0,0,0,TREND_REVERSAL_UNCONFIRMED,0,0.45,NONE,1,0,0,0
BNBUSDT,1782457200000,2026-06-26T07:00:00.000Z,NEUTRAL,NONE,0,7.875,IGNORE,0,WATCH,,0,0,0,NA,NA,NA,NA,NA,CLEAR,1,0,0,0,0,TREND_REVERSAL_UNCONFIRMED,0,0.45,NONE,1,0,0,0
BNBUSDT,1782460800000,2026-06-26T08:00:00.000Z,NEUTRAL,NONE,0,7.875,IGNORE,0,WATCH,,0,0,0,NA,NA,NA,NA,NA,CLEAR,1,0,0,0,0,TREND_REVERSAL_UNCONFIRMED,0,0.45,NONE,1,0,0,0
BNBUSDT,1782464400000,2026-06-26T09:00:00.000Z,NEUTRAL,NONE,0,7.875,IGNORE,0,WATCH,,0,0,0,NA,NA,NA,NA,NA,WARNING_SOFT,1,0,0,0,0,TREND_REVERSAL_UNCONFIRMED,0,0.45,NONE,1,0,0,0
BNBUSDT,1782468000000,2026-06-26T10:00:00.000Z,NEUTRAL,NONE,0,7.875,IGNORE,0,WATCH,,0,0,0,NA,NA,NA,NA,NA,WARNING_SOFT,1,0,0,0,0,TREND_REVERSAL_UNCONFIRMED,0,0.45,NONE,1,0,0,0
BNBUSDT,1782471600000,2026-06-26T11:00:00.000Z,BEAR,LONG,36.711294113629656,18.07851441144834,IGNORE,0,WATCH,,0,0,0,NA,NA,NA,NA,NA,WARNING_SOFT,1,0,1,0,0,TREND_REVERSAL_UNCONFIRMED,2,0.45,LONG,1,0,0,0
BNBUSDT,1782475200000,2026-06-26T12:00:00.000Z,BEAR,LONG,67.5,53.0775,WATCH,1,WATCH,ACTIVE,1,1,0,FAIL,PASS,SKIP,SKIP,PASS,CLEAR,1,0,0,0,0,MARKET_CONTEXT_DENIED,3,0.84,LONG,0,1,0,0
BNBUSDT,1782478800000,2026-06-26T13:00:00.000Z,NEUTRAL,NONE,0,7.875,IGNORE,0,WATCH,,0,0,0,NA,NA,NA,NA,NA,BLOCK,0,0,0,0,0,TREND_REVERSAL_UNCONFIRMED,0,0.45,NONE,1,0,0,0
BNBUSDT,1782482400000,2026-06-26T14:00:00.000Z,BEAR,LONG,37.26327017131255,18.121982525990862,IGNORE,0,WATCH,,0,0,0,NA,NA,NA,NA,NA,WARNING_SOFT,1,0,0,0,0,TREND_REVERSAL_UNCONFIRMED,2,0.45,LONG,1,0,0,0
BNBUSDT,1782486000000,2026-06-26T15:00:00.000Z,NEUTRAL,NONE,0,7.875,IGNORE,0,WATCH,,0,0,0,NA,NA,NA,NA,NA,CLEAR,1,0,0,0,0,TREND_REVERSAL_UNCONFIRMED,0,0.45,NONE,1,0,0,0
BNBUSDT,1782489600000,2026-06-26T16:00:00.000Z,NEUTRAL,NONE,0,7.875,IGNORE,0,WATCH,,0,0,0,NA,NA,NA,NA,NA,CLEAR,1,0,0,0,0,TREND_REVERSAL_UNCONFIRMED,0,0.45,NONE,1,0,0,0
BNBUSDT,1782493200000,2026-06-26T17:00:00.000Z,NEUTRAL,NONE,0,7.875,IGNORE,0,WATCH,,0,0,0,NA,NA,NA,NA,NA,CLEAR,1,0,0,0,0,TREND_REVERSAL_UNCONFIRMED,0,0.45,NONE,1,0,0,0
BNBUSDT,1782496800000,2026-06-26T18:00:00.000Z,NEUTRAL,NONE,0,7.875,IGNORE,0,WATCH,,0,0,0,NA,NA,NA,NA,NA,WARNING_SOFT,1,0,0,0,0,TREND_REVERSAL_UNCONFIRMED,0,0.45,NONE,1,0,0,0
BNBUSDT,1782500400000,2026-06-26T19:00:00.000Z,NEUTRAL,NONE,0,7.875,IGNORE,0,WATCH,,0,0,0,NA,NA,NA,NA,NA,WARNING_SOFT,1,0,0,0,0,TREND_REVERSAL_UNCONFIRMED,0,0.45,NONE,1,0,0,0
BNBUSDT,1782504000000,2026-06-26T20:00:00.000Z,NEUTRAL,NONE,0,7.875,IGNORE,0,WATCH,,0,0,0,NA,NA,NA,NA,NA,WARNING_SOFT,1,0,0,0,0,TREND_REVERSAL_UNCONFIRMED,0,0.45,NONE,1,0,0,0
BNBUSDT,1782507600000,2026-06-26T21:00:00.000Z,NEUTRAL,NONE,0,7.875,IGNORE,0,WATCH,,0,0,0,NA,NA,NA,NA,NA,CLEAR,1,0,0,0,0,TREND_REVERSAL_UNCONFIRMED,0,0.45,NONE,1,0,0,0
BNBUSDT,1782511200000,2026-06-26T22:00:00.000Z,NEUTRAL,NONE,0,7.875,IGNORE,0,WATCH,,0,0,0,NA,NA,NA,NA,NA,CLEAR,1,0,0,0,0,TREND_REVERSAL_UNCONFIRMED,0,0.45,NONE,1,0,0,0
BNBUSDT,1782514800000,2026-06-26T23:00:00.000Z,NEUTRAL,NONE,0,7.875,IGNORE,0,WATCH,,0,0,0,NA,NA,NA,NA,NA,CLEAR,1,0,0,0,0,TREND_REVERSAL_UNCONFIRMED,0,0.45,NONE,1,0,0,0
BNBUSDT,1782518400000,2026-06-27T00:00:00.000Z,BULL,SHORT,17.5,12.909375,IGNORE,0,WATCH,,0,0,0,NA,NA,NA,NA,NA,CLEAR,1,0,0,0,0,TREND_REVERSAL_UNCONFIRMED,1,0.45,SHORT,1,0,0,0
BNBUSDT,1782522000000,2026-06-27T01:00:00.000Z,BULL,SHORT,42.5,18.534375,IGNORE,0,WATCH,,0,0,0,NA,NA,NA,NA,NA,CLEAR,1,0,0,0,0,TREND_REVERSAL_UNCONFIRMED,2,0.45,SHORT,1,0,0,0
BNBUSDT,1782525600000,2026-06-27T02:00:00.000Z,BULL,SHORT,17.5,12.909375,IGNORE,0,WATCH,,0,0,0,NA,NA,NA,NA,NA,CLEAR,1,0,0,0,0,TREND_REVERSAL_UNCONFIRMED,1,0.45,SHORT,1,0,0,0
BNBUSDT,1782529200000,2026-06-27T03:00:00.000Z,BULL,SHORT,17.5,12.909375,IGNORE,0,WATCH,,0,0,0,NA,NA,NA,NA,NA,WARNING_SOFT,1,0,0,0,0,TREND_REVERSAL_UNCONFIRMED,1,0.45,SHORT,1,0,0,0
BNBUSDT,1782532800000,2026-06-27T04:00:00.000Z,NEUTRAL,NONE,0,7.875,IGNORE,0,WATCH,,0,0,0,NA,NA,NA,NA,NA,WARNING_SOFT,1,0,0,0,0,TREND_REVERSAL_UNCONFIRMED,0,0.45,NONE,1,0,0,0
BNBUSDT,1782536400000,2026-06-27T05:00:00.000Z,BULL,SHORT,17.5,12.909375,IGNORE,0,WATCH,,0,0,0,NA,NA,NA,NA,NA,BLOCK,0,0,0,0,0,TREND_REVERSAL_UNCONFIRMED,1,0.45,SHORT,1,0,0,0
BNBUSDT,1782540000000,2026-06-27T06:00:00.000Z,BULL,SHORT,17.5,12.909375,IGNORE,0,WATCH,,0,0,0,NA,NA,NA,NA,NA,WARNING_SOFT,1,0,0,0,0,TREND_REVERSAL_UNCONFIRMED,1,0.45,SHORT,1,0,0,0
BNBUSDT,1782543600000,2026-06-27T07:00:00.000Z,BULL,SHORT,17.5,12.909375,IGNORE,0,WATCH,,0,0,0,NA,NA,NA,NA,NA,WARNING_SOFT,1,0,0,0,0,TREND_REVERSAL_UNCONFIRMED,1,0.45,SHORT,1,0,0,0
BNBUSDT,1782547200000,2026-06-27T08:00:00.000Z,BULL,SHORT,42.5,18.534375,IGNORE,0,WATCH,,0,0,0,NA,NA,NA,NA,NA,WARNING_SOFT,1,0,0,0,0,TREND_REVERSAL_UNCONFIRMED,2,0.45,SHORT,1,0,0,0
BNBUSDT,1782550800000,2026-06-27T09:00:00.000Z,NEUTRAL,NONE,0,7.875,IGNORE,0,WATCH,,0,0,0,NA,NA,NA,NA,NA,WARNING_SOFT,1,0,0,0,0,TREND_REVERSAL_UNCONFIRMED,0,0.45,NONE,1,0,0,0
BNBUSDT,1782554400000,2026-06-27T10:00:00.000Z,NEUTRAL,NONE,0,7.875,IGNORE,0,WATCH,,0,0,0,NA,NA,NA,NA,NA,BLOCK,0,0,0,0,0,TREND_REVERSAL_UNCONFIRMED,0,0.45,NONE,1,0,0,0
BNBUSDT,1782558000000,2026-06-27T11:00:00.000Z,NEUTRAL,NONE,0,7.875,IGNORE,0,WATCH,,0,0,0,NA,NA,NA,NA,NA,BLOCK,0,0,0,0,0,TREND_REVERSAL_UNCONFIRMED,0,0.45,NONE,1,0,0,0
BNBUSDT,1782561600000,2026-06-27T12:00:00.000Z,NEUTRAL,NONE,0,7.875,IGNORE,0,WATCH,,0,0,0,NA,NA,NA,NA,NA,WARNING_SOFT,1,0,0,0,0,TREND_REVERSAL_UNCONFIRMED,0,0.45,NONE,1,0,0,0
BNBUSDT,1782565200000,2026-06-27T13:00:00.000Z,BEAR,LONG,12.975042942384894,12.55303463171281,IGNORE,0,WATCH,,0,0,0,NA,NA,NA,NA,NA,WARNING_SOFT,1,0,0,0,0,TREND_REVERSAL_UNCONFIRMED,1,0.45,LONG,1,0,0,0
BNBUSDT,1782568800000,2026-06-27T14:00:00.000Z,BEAR,LONG,0,7.875,IGNORE,0,WATCH,,0,0,0,NA,NA,NA,NA,NA,WARNING_SOFT,1,0,0,0,0,TREND_REVERSAL_UNCONFIRMED,0,0.45,LONG,1,0,0,0
BNBUSDT,1782572400000,2026-06-27T15:00:00.000Z,BULL,SHORT,40.06137980965394,18.342333660010247,IGNORE,0,WATCH,,0,0,0,NA,NA,NA,NA,NA,CLEAR,1,0,0,0,0,TREND_REVERSAL_UNCONFIRMED,2,0.45,SHORT,1,0,0,0
BNBUSDT,1782576000000,2026-06-27T16:00:00.000Z,BULL,SHORT,17.5,12.909375,IGNORE,0,WATCH,,0,0,0,NA,NA,NA,NA,NA,CLEAR,1,0,0,0,0,TREND_REVERSAL_UNCONFIRMED,1,0.45,SHORT,1,0,0,0
BNBUSDT,1782579600000,2026-06-27T17:00:00.000Z,BEAR,LONG,25,13.5,IGNORE,0,WATCH,,0,0,0,NA,NA,NA,NA,NA,BLOCK,0,0,0,0,0,TREND_REVERSAL_UNCONFIRMED,1,0.45,LONG,1,0,0,0
BNBUSDT,1782583200000,2026-06-27T18:00:00.000Z,BEAR,LONG,0,7.875,IGNORE,0,WATCH,,0,0,0,NA,NA,NA,NA,NA,WARNING_SOFT,1,0,0,0,0,TREND_REVERSAL_UNCONFIRMED,0,0.45,LONG,1,0,0,0
BNBUSDT,1782586800000,2026-06-27T19:00:00.000Z,BEAR,LONG,50,19.125,IGNORE,0,WATCH,,0,0,0,NA,NA,NA,NA,NA,CLEAR,1,0,0,0,0,TREND_REVERSAL_UNCONFIRMED,2,0.45,LONG,1,0,0,0
BNBUSDT,1782590400000,2026-06-27T20:00:00.000Z,BEAR,LONG,0,7.875,IGNORE,0,WATCH,,0,0,0,NA,NA,NA,NA,NA,CLEAR,1,0,0,0,0,TREND_REVERSAL_UNCONFIRMED,0,0.45,LONG,1,0,0,0
BNBUSDT,1782594000000,2026-06-27T21:00:00.000Z,BEAR,LONG,25,13.5,IGNORE,0,WATCH,,0,0,0,NA,NA,NA,NA,NA,CLEAR,1,0,0,0,0,TREND_REVERSAL_UNCONFIRMED,1,0.45,LONG,1,0,0,0
BNBUSDT,1782597600000,2026-06-27T22:00:00.000Z,BEAR,LONG,17.173383684495583,12.883653965154027,IGNORE,0,WATCH,,0,0,0,NA,NA,NA,NA,NA,CLEAR,1,0,0,0,0,TREND_REVERSAL_UNCONFIRMED,1,0.45,LONG,1,0,0,0
BNBUSDT,1782601200000,2026-06-27T23:00:00.000Z,BEAR,LONG,12.847222222222221,12.54296875,IGNORE,0,WATCH,,0,0,0,NA,NA,NA,NA,NA,CLEAR,1,0,0,0,0,TREND_REVERSAL_UNCONFIRMED,1,0.45,LONG,1,0,0,0
BNBUSDT,1782604800000,2026-06-28T00:00:00.000Z,BEAR,LONG,0,7.875,IGNORE,0,WATCH,,0,0,0,NA,NA,NA,NA,NA,CLEAR,1,0,0,0,0,TREND_REVERSAL_UNCONFIRMED,0,0.45,LONG,1,0,0,0
BNBUSDT,1782608400000,2026-06-28T01:00:00.000Z,BEAR,LONG,0,7.875,IGNORE,0,WATCH,,0,0,0,NA,NA,NA,NA,NA,CLEAR,1,0,0,0,0,TREND_REVERSAL_UNCONFIRMED,0,0.45,LONG,1,0,0,0
BNBUSDT,1782612000000,2026-06-28T02:00:00.000Z,BEAR,LONG,0,7.875,IGNORE,0,WATCH,,0,0,0,NA,NA,NA,NA,NA,CLEAR,1,0,0,0,0,TREND_REVERSAL_UNCONFIRMED,0,0.45,LONG,1,0,0,0
BNBUSDT,1782615600000,2026-06-28T03:00:00.000Z,BEAR,LONG,25,13.5,IGNORE,0,WATCH,,0,0,0,NA,NA,NA,NA,NA,CLEAR,1,0,0,0,0,TREND_REVERSAL_UNCONFIRMED,1,0.45,LONG,1,0,0,0
BNBUSDT,1782619200000,2026-06-28T04:00:00.000Z,BEAR,LONG,12.847222222222221,12.54296875,IGNORE,0,WATCH,,0,0,0,NA,NA,NA,NA,NA,CLEAR,1,0,0,0,0,TREND_REVERSAL_UNCONFIRMED,1,0.45,LONG,1,0,0,0
BNBUSDT,1782622800000,2026-06-28T05:00:00.000Z,BEAR,LONG,0,7.875,IGNORE,0,WATCH,,0,0,0,NA,NA,NA,NA,NA,CLEAR,1,0,0,0,0,TREND_REVERSAL_UNCONFIRMED,0,0.45,LONG,1,0,0,0
BNBUSDT,1782626400000,2026-06-28T06:00:00.000Z,BEAR,LONG,0,7.875,IGNORE,0,WATCH,,0,0,0,NA,NA,NA,NA,NA,CLEAR,1,0,0,0,0,TREND_REVERSAL_UNCONFIRMED,0,0.45,LONG,1,0,0,0
BNBUSDT,1782630000000,2026-06-28T07:00:00.000Z,BEAR,LONG,25,13.5,IGNORE,0,WATCH,,0,0,0,NA,NA,NA,NA,NA,CLEAR,1,0,0,0,0,TREND_REVERSAL_UNCONFIRMED,1,0.45,LONG,1,0,0,0
BNBUSDT,1782633600000,2026-06-28T08:00:00.000Z,BEAR,LONG,0,7.875,IGNORE,0,WATCH,,0,0,0,NA,NA,NA,NA,NA,CLEAR,1,0,0,0,0,TREND_REVERSAL_UNCONFIRMED,0,0.45,LONG,1,0,0,0
BNBUSDT,1782637200000,2026-06-28T09:00:00.000Z,BEAR,LONG,0,7.875,IGNORE,0,WATCH,,0,0,0,NA,NA,NA,NA,NA,WARNING_SOFT,1,0,0,0,0,TREND_REVERSAL_UNCONFIRMED,0,0.45,LONG,1,0,0,0
BNBUSDT,1782640800000,2026-06-28T10:00:00.000Z,BEAR,LONG,0,7.875,IGNORE,0,WATCH,,0,0,0,NA,NA,NA,NA,NA,CLEAR,1,0,0,0,0,TREND_REVERSAL_UNCONFIRMED,0,0.45,LONG,1,0,0,0
BNBUSDT,1782644400000,2026-06-28T11:00:00.000Z,BEAR,LONG,25,13.5,IGNORE,0,WATCH,,0,0,0,NA,NA,NA,NA,NA,WARNING_SOFT,1,0,0,0,0,TREND_REVERSAL_UNCONFIRMED,1,0.45,LONG,1,0,0,0
BNBUSDT,1782648000000,2026-06-28T12:00:00.000Z,BEAR,LONG,0,7.875,IGNORE,0,WATCH,,0,0,0,NA,NA,NA,NA,NA,WARNING_SOFT,1,0,0,0,0,TREND_REVERSAL_UNCONFIRMED,0,0.45,LONG,1,0,0,0
BNBUSDT,1782651600000,2026-06-28T13:00:00.000Z,BEAR,LONG,0,7.875,IGNORE,0,WATCH,,0,0,0,NA,NA,NA,NA,NA,CLEAR,1,0,0,0,0,TREND_REVERSAL_UNCONFIRMED,0,0.45,LONG,1,0,0,0
BNBUSDT,1782655200000,2026-06-28T14:00:00.000Z,BEAR,LONG,0,7.875,IGNORE,0,WATCH,,0,0,0,NA,NA,NA,NA,NA,CLEAR,1,0,0,0,0,TREND_REVERSAL_UNCONFIRMED,0,0.45,LONG,1,0,0,0
BNBUSDT,1782658800000,2026-06-28T15:00:00.000Z,BEAR,LONG,0,7.875,IGNORE,0,WATCH,,0,0,0,NA,NA,NA,NA,NA,CLEAR,1,0,0,0,0,TREND_REVERSAL_UNCONFIRMED,0,0.45,LONG,1,0,0,0
BNBUSDT,1782662400000,2026-06-28T16:00:00.000Z,BEAR,LONG,18.103135206110878,12.956871897481232,IGNORE,0,WATCH,,0,0,0,NA,NA,NA,NA,NA,CLEAR,1,0,1,0,0,TREND_REVERSAL_UNCONFIRMED,1,0.45,LONG,1,0,0,0
BNBUSDT,1782666000000,2026-06-28T17:00:00.000Z,BEAR,LONG,19.752180628694532,13.086734224509694,IGNORE,0,WATCH,,0,0,0,NA,NA,NA,NA,NA,CLEAR,1,0,1,0,0,TREND_REVERSAL_UNCONFIRMED,1,0.45,LONG,1,0,0,0
BNBUSDT,1782669600000,2026-06-28T18:00:00.000Z,BEAR,LONG,46.86495236518053,18.878114998757965,IGNORE,0,WATCH,,0,0,0,NA,NA,NA,NA,NA,CLEAR,1,0,0,0,0,TREND_REVERSAL_UNCONFIRMED,2,0.45,LONG,1,0,0,0
BNBUSDT,1782673200000,2026-06-28T19:00:00.000Z,BEAR,LONG,25,13.5,IGNORE,0,WATCH,,0,0,0,NA,NA,NA,NA,NA,CLEAR,1,0,0,0,0,TREND_REVERSAL_UNCONFIRMED,1,0.45,LONG,1,0,0,0
BNBUSDT,1782676800000,2026-06-28T20:00:00.000Z,BEAR,LONG,25,13.5,IGNORE,0,WATCH,,0,0,0,NA,NA,NA,NA,NA,CLEAR,1,0,0,0,0,TREND_REVERSAL_UNCONFIRMED,1,0.45,LONG,1,0,0,0
BNBUSDT,1782680400000,2026-06-28T21:00:00.000Z,BEAR,LONG,0,7.875,IGNORE,0,WATCH,,0,0,0,NA,NA,NA,NA,NA,CLEAR,1,0,0,0,0,TREND_REVERSAL_UNCONFIRMED,0,0.45,LONG,1,0,0,0
BNBUSDT,1782684000000,2026-06-28T22:00:00.000Z,BEAR,LONG,22.238208052271048,13.282508884116345,IGNORE,0,WATCH,,0,0,0,NA,NA,NA,NA,NA,CLEAR,1,0,0,0,0,TREND_REVERSAL_UNCONFIRMED,1,0.45,LONG,1,0,0,0
BNBUSDT,1782687600000,2026-06-28T23:00:00.000Z,BEAR,LONG,0,7.875,IGNORE,0,WATCH,,0,0,0,NA,NA,NA,NA,NA,CLEAR,1,0,0,0,0,TREND_REVERSAL_UNCONFIRMED,0,0.45,LONG,1,0,0,0
BNBUSDT,1782691200000,2026-06-29T00:00:00.000Z,BEAR,LONG,16.36393229581568,12.819909668295484,IGNORE,0,WATCH,,0,0,0,NA,NA,NA,NA,NA,CLEAR,1,0,0,0,0,TREND_REVERSAL_UNCONFIRMED,1,0.45,LONG,1,0,0,0
BNBUSDT,1782694800000,2026-06-29T01:00:00.000Z,BEAR,LONG,0,7.875,IGNORE,0,WATCH,,0,0,0,NA,NA,NA,NA,NA,CLEAR,1,0,0,0,0,TREND_REVERSAL_UNCONFIRMED,0,0.45,LONG,1,0,0,0
BNBUSDT,1782698400000,2026-06-29T02:00:00.000Z,NEUTRAL,NONE,0,7.875,IGNORE,0,WATCH,,0,0,0,NA,NA,NA,NA,NA,CLEAR,1,0,0,0,0,TREND_REVERSAL_UNCONFIRMED,0,0.45,NONE,1,0,0,0
BNBUSDT,1782702000000,2026-06-29T03:00:00.000Z,NEUTRAL,NONE,0,7.875,IGNORE,0,WATCH,,0,0,0,NA,NA,NA,NA,NA,CLEAR,1,0,0,0,0,TREND_REVERSAL_UNCONFIRMED,0,0.45,NONE,1,0,0,0
BNBUSDT,1782705600000,2026-06-29T04:00:00.000Z,BEAR,LONG,0,7.875,IGNORE,0,WATCH,,0,0,0,NA,NA,NA,NA,NA,WARNING_SOFT,1,0,0,0,0,TREND_REVERSAL_UNCONFIRMED,0,0.45,LONG,1,0,0,0
BNBUSDT,1782709200000,2026-06-29T05:00:00.000Z,NEUTRAL,NONE,0,7.875,IGNORE,0,WATCH,,0,0,0,NA,NA,NA,NA,NA,WARNING_SOFT,1,0,0,0,0,TREND_REVERSAL_UNCONFIRMED,0,0.45,NONE,1,0,0,0
BNBUSDT,1782712800000,2026-06-29T06:00:00.000Z,NEUTRAL,NONE,0,7.875,IGNORE,0,WATCH,,0,0,0,NA,NA,NA,NA,NA,CLEAR,1,0,0,0,0,TREND_REVERSAL_UNCONFIRMED,0,0.45,NONE,1,0,0,0
BNBUSDT,1782716400000,2026-06-29T07:00:00.000Z,NEUTRAL,NONE,0,7.875,IGNORE,0,WATCH,,0,0,0,NA,NA,NA,NA,NA,CLEAR,1,0,0,0,0,TREND_REVERSAL_UNCONFIRMED,0,0.45,NONE,1,0,0,0
BNBUSDT,1782720000000,2026-06-29T08:00:00.000Z,BEAR,LONG,0,7.875,IGNORE,0,WATCH,,0,0,0,NA,NA,NA,NA,NA,WARNING_SOFT,1,0,0,0,0,TREND_REVERSAL_UNCONFIRMED,0,0.45,LONG,1,0,0,0
BNBUSDT,1782723600000,2026-06-29T09:00:00.000Z,NEUTRAL,NONE,0,7.875,IGNORE,0,WATCH,,0,0,0,NA,NA,NA,NA,NA,CLEAR,1,0,0,0,0,TREND_REVERSAL_UNCONFIRMED,0,0.45,NONE,1,0,0,0
BNBUSDT,1782727200000,2026-06-29T10:00:00.000Z,NEUTRAL,NONE,0,7.875,IGNORE,0,WATCH,,0,0,0,NA,NA,NA,NA,NA,CLEAR,1,0,0,0,0,TREND_REVERSAL_UNCONFIRMED,0,0.45,NONE,1,0,0,0
BNBUSDT,1782730800000,2026-06-29T11:00:00.000Z,BEAR,LONG,0,7.875,IGNORE,0,WATCH,,0,0,0,NA,NA,NA,NA,NA,WARNING_SOFT,1,0,0,0,0,TREND_REVERSAL_UNCONFIRMED,0,0.45,LONG,1,0,0,0
BNBUSDT,1782734400000,2026-06-29T12:00:00.000Z,NEUTRAL,NONE,0,7.875,IGNORE,0,WATCH,,0,0,0,NA,NA,NA,NA,NA,CLEAR,1,0,0,0,0,TREND_REVERSAL_UNCONFIRMED,0,0.45,NONE,1,0,0,0
BNBUSDT,1782738000000,2026-06-29T13:00:00.000Z,BEAR,LONG,21.938832715040554,13.258933076309443,IGNORE,0,WATCH,,0,0,0,NA,NA,NA,NA,NA,WARNING_SOFT,1,0,1,0,0,TREND_REVERSAL_UNCONFIRMED,1,0.45,LONG,1,0,0,0
BNBUSDT,1782741600000,2026-06-29T14:00:00.000Z,BEAR,LONG,23.74662715164972,13.401296888192416,IGNORE,0,WATCH,,0,0,0,NA,NA,NA,NA,NA,CLEAR,1,0,0,0,0,TREND_REVERSAL_UNCONFIRMED,1,0.45,LONG,1,0,0,0
BNBUSDT,1782745200000,2026-06-29T15:00:00.000Z,BEAR,LONG,25,13.5,IGNORE,0,WATCH,,0,0,0,NA,NA,NA,NA,NA,CLEAR,1,0,0,0,0,TREND_REVERSAL_UNCONFIRMED,1,0.45,LONG,1,0,0,0
BNBUSDT,1782748800000,2026-06-29T16:00:00.000Z,NEUTRAL,NONE,0,7.875,IGNORE,0,WATCH,,0,0,0,NA,NA,NA,NA,NA,WARNING_SOFT,1,0,0,0,0,TREND_REVERSAL_UNCONFIRMED,0,0.45,NONE,1,0,0,0
BNBUSDT,1782752400000,2026-06-29T17:00:00.000Z,NEUTRAL,NONE,0,7.875,IGNORE,0,WATCH,,0,0,0,NA,NA,NA,NA,NA,CLEAR,1,1,0,0,0,TREND_REVERSAL_UNCONFIRMED,0,0.45,NONE,1,0,0,0
BNBUSDT,1782756000000,2026-06-29T18:00:00.000Z,NEUTRAL,NONE,0,7.875,IGNORE,0,WATCH,,0,0,0,NA,NA,NA,NA,NA,CLEAR,1,0,0,0,0,TREND_REVERSAL_UNCONFIRMED,0,0.45,NONE,1,0,0,0
BNBUSDT,1782759600000,2026-06-29T19:00:00.000Z,NEUTRAL,NONE,0,7.875,IGNORE,0,WATCH,,0,0,0,NA,NA,NA,NA,NA,CLEAR,1,0,0,0,0,TREND_REVERSAL_UNCONFIRMED,0,0.45,NONE,1,0,0,0
BNBUSDT,1782763200000,2026-06-29T20:00:00.000Z,NEUTRAL,NONE,0,7.875,IGNORE,0,WATCH,,0,0,0,NA,NA,NA,NA,NA,CLEAR,1,0,0,0,0,TREND_REVERSAL_UNCONFIRMED,0,0.45,NONE,1,0,0,0
BNBUSDT,1782766800000,2026-06-29T21:00:00.000Z,NEUTRAL,NONE,0,7.875,IGNORE,0,WATCH,,0,0,0,NA,NA,NA,NA,NA,CLEAR,1,0,0,0,0,TREND_REVERSAL_UNCONFIRMED,0,0.45,NONE,1,0,0,0
BNBUSDT,1782770400000,2026-06-29T22:00:00.000Z,BULL,SHORT,0,7.875,IGNORE,0,WATCH,,0,0,0,NA,NA,NA,NA,NA,CLEAR,1,0,0,0,0,TREND_REVERSAL_UNCONFIRMED,0,0.45,SHORT,1,0,0,0
BNBUSDT,1782774000000,2026-06-29T23:00:00.000Z,BULL,SHORT,0,7.875,IGNORE,0,WATCH,,0,0,0,NA,NA,NA,NA,NA,CLEAR,1,0,0,0,0,TREND_REVERSAL_UNCONFIRMED,0,0.45,SHORT,1,0,0,0
BNBUSDT,1782777600000,2026-06-30T00:00:00.000Z,NEUTRAL,NONE,0,7.875,IGNORE,0,WATCH,,0,0,0,NA,NA,NA,NA,NA,WARNING_SOFT,1,0,0,0,0,TREND_REVERSAL_UNCONFIRMED,0,0.45,NONE,1,0,0,0
BNBUSDT,1782781200000,2026-06-30T01:00:00.000Z,NEUTRAL,NONE,0,7.875,IGNORE,0,WATCH,,0,0,0,NA,NA,NA,NA,NA,WARNING_SOFT,1,0,0,0,0,TREND_REVERSAL_UNCONFIRMED,0,0.45,NONE,1,0,0,0
BNBUSDT,1782784800000,2026-06-30T02:00:00.000Z,NEUTRAL,NONE,0,7.875,IGNORE,0,WATCH,,0,0,0,NA,NA,NA,NA,NA,WARNING_SOFT,1,0,0,0,0,TREND_REVERSAL_UNCONFIRMED,0,0.45,NONE,1,0,0,0
BNBUSDT,1782788400000,2026-06-30T03:00:00.000Z,BEAR,LONG,17.5,12.909375,IGNORE,0,WATCH,,0,0,0,NA,NA,NA,NA,NA,CLEAR,1,0,0,0,0,TREND_REVERSAL_UNCONFIRMED,1,0.45,LONG,1,0,0,0
BNBUSDT,1782792000000,2026-06-30T04:00:00.000Z,BEAR,LONG,17.5,12.909375,IGNORE,0,WATCH,,0,0,0,NA,NA,NA,NA,NA,CLEAR,1,0,0,0,0,TREND_REVERSAL_UNCONFIRMED,1,0.45,LONG,1,0,0,0
BNBUSDT,1782795600000,2026-06-30T05:00:00.000Z,BEAR,LONG,42.5,18.534375,IGNORE,0,WATCH,,0,0,0,NA,NA,NA,NA,NA,CLEAR,1,0,0,0,0,TREND_REVERSAL_UNCONFIRMED,2,0.45,LONG,1,0,0,0
BNBUSDT,1782799200000,2026-06-30T06:00:00.000Z,BEAR,LONG,17.5,12.909375,IGNORE,0,WATCH,,0,0,0,NA,NA,NA,NA,NA,CLEAR,1,0,0,0,0,TREND_REVERSAL_UNCONFIRMED,1,0.45,LONG,1,0,0,0
BNBUSDT,1782802800000,2026-06-30T07:00:00.000Z,BEAR,LONG,17.5,12.909375,IGNORE,0,WATCH,,0,0,0,NA,NA,NA,NA,NA,CLEAR,1,0,0,0,0,TREND_REVERSAL_UNCONFIRMED,1,0.45,LONG,1,0,0,0
BNBUSDT,1782806400000,2026-06-30T08:00:00.000Z,BEAR,LONG,30.497974474821902,17.589215489892226,IGNORE,0,WATCH,,0,0,0,NA,NA,NA,NA,NA,CLEAR,1,0,0,0,0,TREND_REVERSAL_UNCONFIRMED,2,0.45,LONG,1,0,0,0
BNBUSDT,1782810000000,2026-06-30T09:00:00.000Z,BEAR,LONG,17.5,12.909375,IGNORE,0,WATCH,,0,0,0,NA,NA,NA,NA,NA,CLEAR,1,0,0,0,0,TREND_REVERSAL_UNCONFIRMED,1,0.45,LONG,1,0,0,0
BNBUSDT,1782813600000,2026-06-30T10:00:00.000Z,BEAR,LONG,57.43055555555556,43.197291666666665,WATCH,1,WATCH,ACTIVE,1,1,0,FAIL,PASS,SKIP,SKIP,FAIL,CLEAR,1,0,0,0,0,MARKET_CONTEXT_DENIED,3,0.84,LONG,1,0,0,0
BNBUSDT,1782817200000,2026-06-30T11:00:00.000Z,BEAR,LONG,34.03941096459269,17.868103613461674,IGNORE,0,WATCH,,0,0,0,NA,NA,NA,NA,NA,CLEAR,1,0,0,0,0,TREND_REVERSAL_UNCONFIRMED,2,0.45,LONG,1,0,0,0
BNBUSDT,1782820800000,2026-06-30T12:00:00.000Z,BEAR,LONG,57.08333333333333,43.146249999999995,WATCH,1,WATCH,ACTIVE,1,1,0,FAIL,PASS,SKIP,SKIP,FAIL,CLEAR,1,0,0,0,0,MARKET_CONTEXT_DENIED,3,0.84,LONG,1,0,0,0
BNBUSDT,1782824400000,2026-06-30T13:00:00.000Z,BEAR,LONG,42.5,18.534375,IGNORE,0,WATCH,,0,0,0,NA,NA,NA,NA,NA,CLEAR,1,0,0,0,0,TREND_REVERSAL_UNCONFIRMED,2,0.45,LONG,1,0,0,0
BNBUSDT,1782828000000,2026-06-30T14:00:00.000Z,BEAR,LONG,42.5,18.534375,IGNORE,0,WATCH,,0,0,0,NA,NA,NA,NA,NA,WARNING_SOFT,1,0,1,0,0,TREND_REVERSAL_UNCONFIRMED,2,0.45,LONG,1,0,0,0
BNBUSDT,1782831600000,2026-06-30T15:00:00.000Z,BEAR,LONG,35.51574645235732,17.984365033123137,IGNORE,0,WATCH,,0,0,0,NA,NA,NA,NA,NA,CLEAR,1,0,1,0,0,TREND_REVERSAL_UNCONFIRMED,2,0.45,LONG,1,0,0,0
BNBUSDT,1782835200000,2026-06-30T16:00:00.000Z,BEAR,LONG,17.486037010745974,12.908275414596247,IGNORE,0,WATCH,,0,0,0,NA,NA,NA,NA,NA,CLEAR,1,0,0,0,0,TREND_REVERSAL_UNCONFIRMED,1,0.45,LONG,1,0,0,0
BNBUSDT,1782838800000,2026-06-30T17:00:00.000Z,BEAR,LONG,25,13.5,IGNORE,0,WATCH,,0,0,0,NA,NA,NA,NA,NA,CLEAR,1,0,0,0,0,TREND_REVERSAL_UNCONFIRMED,1,0.45,LONG,1,0,0,0
BNBUSDT,1782842400000,2026-06-30T18:00:00.000Z,BEAR,LONG,0,7.875,IGNORE,0,WATCH,,0,0,0,NA,NA,NA,NA,NA,CLEAR,1,0,0,0,0,TREND_REVERSAL_UNCONFIRMED,0,0.45,LONG,1,0,0,0
BNBUSDT,1782846000000,2026-06-30T19:00:00.000Z,BEAR,LONG,0,7.875,IGNORE,0,WATCH,,0,0,0,NA,NA,NA,NA,NA,CLEAR,1,0,0,0,0,TREND_REVERSAL_UNCONFIRMED,0,0.45,LONG,1,0,0,0
BNBUSDT,1782849600000,2026-06-30T20:00:00.000Z,BEAR,LONG,0,7.875,IGNORE,0,WATCH,,0,0,0,NA,NA,NA,NA,NA,CLEAR,1,0,0,0,0,TREND_REVERSAL_UNCONFIRMED,0,0.45,LONG,1,0,0,0
BNBUSDT,1782853200000,2026-06-30T21:00:00.000Z,BEAR,LONG,0,7.875,IGNORE,0,WATCH,,0,0,0,NA,NA,NA,NA,NA,CLEAR,1,0,0,0,0,TREND_REVERSAL_UNCONFIRMED,0,0.45,LONG,1,0,0,0
BNBUSDT,1782856800000,2026-06-30T22:00:00.000Z,BEAR,LONG,25,13.5,IGNORE,0,WATCH,,0,0,0,NA,NA,NA,NA,NA,CLEAR,1,0,0,0,0,TREND_REVERSAL_UNCONFIRMED,1,0.45,LONG,1,0,0,0
BNBUSDT,1782860400000,2026-06-30T23:00:00.000Z,BEAR,LONG,0,7.875,IGNORE,0,WATCH,,0,0,0,NA,NA,NA,NA,NA,CLEAR,1,0,0,0,0,TREND_REVERSAL_UNCONFIRMED,0,0.45,LONG,1,0,0,0
BNBUSDT,1782864000000,2026-07-01T00:00:00.000Z,BEAR,LONG,17.5,12.909375,IGNORE,0,WATCH,,0,0,0,NA,NA,NA,NA,NA,CLEAR,1,0,0,0,0,TREND_REVERSAL_UNCONFIRMED,1,0.45,LONG,1,0,0,0
BNBUSDT,1782867600000,2026-07-01T01:00:00.000Z,BEAR,LONG,42.5,18.534375,IGNORE,0,WATCH,,0,0,0,NA,NA,NA,NA,NA,CLEAR,1,0,0,0,0,TREND_REVERSAL_UNCONFIRMED,2,0.45,LONG,1,0,0,0
BNBUSDT,1782871200000,2026-07-01T02:00:00.000Z,NEUTRAL,NONE,0,7.875,IGNORE,0,WATCH,,0,0,0,NA,NA,NA,NA,NA,CLEAR,1,0,0,0,0,TREND_REVERSAL_UNCONFIRMED,0,0.45,NONE,1,0,0,0
BNBUSDT,1782874800000,2026-07-01T03:00:00.000Z,NEUTRAL,NONE,0,7.875,IGNORE,0,WATCH,,0,0,0,NA,NA,NA,NA,NA,CLEAR,1,0,0,0,0,TREND_REVERSAL_UNCONFIRMED,0,0.45,NONE,1,0,0,0
BNBUSDT,1782878400000,2026-07-01T04:00:00.000Z,NEUTRAL,NONE,0,7.875,IGNORE,0,WATCH,,0,0,0,NA,NA,NA,NA,NA,CLEAR,1,0,0,0,0,TREND_REVERSAL_UNCONFIRMED,0,0.45,NONE,1,0,0,0
BNBUSDT,1782882000000,2026-07-01T05:00:00.000Z,NEUTRAL,NONE,0,7.875,IGNORE,0,WATCH,,0,0,0,NA,NA,NA,NA,NA,CLEAR,1,0,0,0,0,TREND_REVERSAL_UNCONFIRMED,0,0.45,NONE,1,0,0,0
BNBUSDT,1782885600000,2026-07-01T06:00:00.000Z,BEAR,LONG,44.00645756849611,18.65300853351907,IGNORE,0,WATCH,,0,0,0,NA,NA,NA,NA,NA,WARNING_SOFT,1,0,0,0,0,TREND_REVERSAL_UNCONFIRMED,2,0.45,LONG,1,0,0,0
BNBUSDT,1782889200000,2026-07-01T07:00:00.000Z,BEAR,LONG,0,7.875,IGNORE,0,WATCH,,0,0,0,NA,NA,NA,NA,NA,CLEAR,1,0,0,0,0,TREND_REVERSAL_UNCONFIRMED,0,0.45,LONG,1,0,0,0
BNBUSDT,1782892800000,2026-07-01T08:00:00.000Z,BEAR,LONG,0,7.875,IGNORE,0,WATCH,,0,0,0,NA,NA,NA,NA,NA,CLEAR,1,0,0,0,0,TREND_REVERSAL_UNCONFIRMED,0,0.45,LONG,1,0,0,0
BNBUSDT,1782896400000,2026-07-01T09:00:00.000Z,BEAR,LONG,0,7.875,IGNORE,0,WATCH,,0,0,0,NA,NA,NA,NA,NA,CLEAR,1,0,0,0,0,TREND_REVERSAL_UNCONFIRMED,0,0.45,LONG,1,0,0,0
BNBUSDT,1782900000000,2026-07-01T10:00:00.000Z,BEAR,LONG,0,7.875,IGNORE,0,WATCH,,0,0,0,NA,NA,NA,NA,NA,CLEAR,1,0,0,0,0,TREND_REVERSAL_UNCONFIRMED,0,0.45,LONG,1,0,0,0
BNBUSDT,1782903600000,2026-07-01T11:00:00.000Z,BEAR,LONG,25,13.5,IGNORE,0,WATCH,,0,0,0,NA,NA,NA,NA,NA,CLEAR,1,0,0,0,0,TREND_REVERSAL_UNCONFIRMED,1,0.45,LONG,1,0,0,0
BNBUSDT,1782907200000,2026-07-01T12:00:00.000Z,BEAR,LONG,0,7.875,IGNORE,0,WATCH,,0,0,0,NA,NA,NA,NA,NA,CLEAR,1,0,0,0,0,TREND_REVERSAL_UNCONFIRMED,0,0.45,LONG,1,0,0,0
BNBUSDT,1782910800000,2026-07-01T13:00:00.000Z,NEUTRAL,NONE,0,7.875,IGNORE,0,WATCH,,0,0,0,NA,NA,NA,NA,NA,WARNING_SOFT,1,0,0,0,0,TREND_REVERSAL_UNCONFIRMED,0,0.45,NONE,1,0,0,0
BNBUSDT,1782914400000,2026-07-01T14:00:00.000Z,NEUTRAL,NONE,0,7.875,IGNORE,0,WATCH,,0,0,0,NA,NA,NA,NA,NA,CLEAR,1,0,0,0,0,TREND_REVERSAL_UNCONFIRMED,0,0.45,NONE,1,0,0,0
BNBUSDT,1782918000000,2026-07-01T15:00:00.000Z,NEUTRAL,NONE,0,7.875,IGNORE,0,WATCH,,0,0,0,NA,NA,NA,NA,NA,CLEAR,1,0,0,0,0,TREND_REVERSAL_UNCONFIRMED,0,0.45,NONE,1,0,0,0
BNBUSDT,1782921600000,2026-07-01T16:00:00.000Z,NEUTRAL,NONE,0,7.875,IGNORE,0,WATCH,,0,0,0,NA,NA,NA,NA,NA,CLEAR,1,0,0,0,0,TREND_REVERSAL_UNCONFIRMED,0,0.45,NONE,1,0,0,0
BNBUSDT,1782925200000,2026-07-01T17:00:00.000Z,NEUTRAL,NONE,0,7.875,IGNORE,0,WATCH,,0,0,0,NA,NA,NA,NA,NA,CLEAR,1,0,0,0,0,TREND_REVERSAL_UNCONFIRMED,0,0.45,NONE,1,0,0,0
BNBUSDT,1782928800000,2026-07-01T18:00:00.000Z,NEUTRAL,NONE,0,7.875,IGNORE,0,WATCH,,0,0,0,NA,NA,NA,NA,NA,CLEAR,1,0,0,0,0,TREND_REVERSAL_UNCONFIRMED,0,0.45,NONE,1,0,0,0
BNBUSDT,1782932400000,2026-07-01T19:00:00.000Z,NEUTRAL,NONE,0,7.875,IGNORE,0,WATCH,,0,0,0,NA,NA,NA,NA,NA,CLEAR,1,0,0,0,0,TREND_REVERSAL_UNCONFIRMED,0,0.45,NONE,1,0,0,0
BNBUSDT,1782936000000,2026-07-01T20:00:00.000Z,NEUTRAL,NONE,0,7.875,IGNORE,0,WATCH,,0,0,0,NA,NA,NA,NA,NA,CLEAR,1,0,0,0,0,TREND_REVERSAL_UNCONFIRMED,0,0.45,NONE,1,0,0,0
BNBUSDT,1782939600000,2026-07-01T21:00:00.000Z,NEUTRAL,NONE,0,7.875,IGNORE,0,WATCH,,0,0,0,NA,NA,NA,NA,NA,CLEAR,1,0,0,0,0,TREND_REVERSAL_UNCONFIRMED,0,0.45,NONE,1,0,0,0
BNBUSDT,1782943200000,2026-07-01T22:00:00.000Z,BULL,SHORT,13.154019433170648,12.567129030362189,IGNORE,0,WATCH,,0,0,0,NA,NA,NA,NA,NA,CLEAR,1,0,0,0,0,TREND_REVERSAL_UNCONFIRMED,1,0.45,SHORT,1,0,0,0
BNBUSDT,1782946800000,2026-07-01T23:00:00.000Z,NEUTRAL,NONE,0,7.875,IGNORE,0,WATCH,,0,0,0,NA,NA,NA,NA,NA,WARNING_SOFT,1,0,0,0,0,TREND_REVERSAL_UNCONFIRMED,0,0.45,NONE,1,0,0,0
BNBUSDT,1782950400000,2026-07-02T00:00:00.000Z,BEAR,LONG,17.5,12.909375,IGNORE,0,WATCH,,0,0,0,NA,NA,NA,NA,NA,WARNING_SOFT,1,0,0,0,0,TREND_REVERSAL_UNCONFIRMED,1,0.45,LONG,1,0,0,0
BNBUSDT,1782954000000,2026-07-02T01:00:00.000Z,NEUTRAL,NONE,0,7.875,IGNORE,0,WATCH,,0,0,0,NA,NA,NA,NA,NA,WARNING_SOFT,1,0,0,0,0,TREND_REVERSAL_UNCONFIRMED,0,0.45,NONE,1,0,0,0
BNBUSDT,1782957600000,2026-07-02T02:00:00.000Z,NEUTRAL,NONE,0,7.875,IGNORE,0,WATCH,,0,0,0,NA,NA,NA,NA,NA,WARNING_SOFT,1,0,0,0,0,TREND_REVERSAL_UNCONFIRMED,0,0.45,NONE,1,0,0,0
BNBUSDT,1782961200000,2026-07-02T03:00:00.000Z,BULL,SHORT,0,7.875,IGNORE,0,WATCH,,0,0,0,NA,NA,NA,NA,NA,CLEAR,1,0,0,0,0,TREND_REVERSAL_UNCONFIRMED,0,0.45,SHORT,1,0,0,0
BNBUSDT,1782964800000,2026-07-02T04:00:00.000Z,BULL,SHORT,25,13.5,IGNORE,0,WATCH,,0,0,0,NA,NA,NA,NA,NA,CLEAR,1,0,0,0,0,TREND_REVERSAL_UNCONFIRMED,1,0.45,SHORT,1,0,0,0
BNBUSDT,1782968400000,2026-07-02T05:00:00.000Z,BULL,SHORT,0,7.875,IGNORE,0,WATCH,,0,0,0,NA,NA,NA,NA,NA,CLEAR,1,0,0,0,0,TREND_REVERSAL_UNCONFIRMED,0,0.45,SHORT,1,0,0,0
BNBUSDT,1782972000000,2026-07-02T06:00:00.000Z,NEUTRAL,NONE,0,7.875,IGNORE,0,WATCH,,0,0,0,NA,NA,NA,NA,NA,WARNING_SOFT,1,0,0,0,0,TREND_REVERSAL_UNCONFIRMED,0,0.45,NONE,1,0,0,0
BNBUSDT,1782975600000,2026-07-02T07:00:00.000Z,NEUTRAL,NONE,0,7.875,IGNORE,0,WATCH,,0,0,0,NA,NA,NA,NA,NA,WARNING_SOFT,1,0,0,0,0,TREND_REVERSAL_UNCONFIRMED,0,0.45,NONE,1,0,0,0
BNBUSDT,1782979200000,2026-07-02T08:00:00.000Z,NEUTRAL,NONE,0,7.875,IGNORE,0,WATCH,,0,0,0,NA,NA,NA,NA,NA,WARNING_SOFT,1,0,0,0,0,TREND_REVERSAL_UNCONFIRMED,0,0.45,NONE,1,0,0,0
BNBUSDT,1782982800000,2026-07-02T09:00:00.000Z,BULL,SHORT,35.312493597175745,17.96835887077759,IGNORE,0,WATCH,,0,0,0,NA,NA,NA,NA,NA,WARNING_SOFT,1,1,0,0,0,TREND_REVERSAL_UNCONFIRMED,2,0.45,SHORT,1,0,0,0
BNBUSDT,1782986400000,2026-07-02T10:00:00.000Z,BULL,SHORT,42.5,18.534375,IGNORE,0,WATCH,,0,0,0,NA,NA,NA,NA,NA,CLEAR,1,0,0,0,0,TREND_REVERSAL_UNCONFIRMED,2,0.45,SHORT,1,0,0,0
BNBUSDT,1782990000000,2026-07-02T11:00:00.000Z,BULL,SHORT,42.5,18.534375,IGNORE,0,WATCH,,0,0,0,NA,NA,NA,NA,NA,CLEAR,1,0,0,0,0,TREND_REVERSAL_UNCONFIRMED,2,0.45,SHORT,1,0,0,0
BNBUSDT,1782993600000,2026-07-02T12:00:00.000Z,BULL,SHORT,39.39743191464689,18.29004776327844,IGNORE,0,WATCH,,0,0,0,NA,NA,NA,NA,NA,CLEAR,1,0,0,0,0,TREND_REVERSAL_UNCONFIRMED,2,0.45,SHORT,1,0,0,0
BNBUSDT,1782997200000,2026-07-02T13:00:00.000Z,BULL,SHORT,55.34722222222222,60.53104166666666,WATCH,1,ACTIVE,ACTIVE,1,1,1,PASS,PASS,SKIP,SKIP,PASS,CLEAR,1,1,0,0,1,,3,0.84,SHORT,0,1,0,0
BNBUSDT,1783000800000,2026-07-02T14:00:00.000Z,BULL,SHORT,63.48348137997932,61.72707176285695,WATCH,1,ACTIVE,ACTIVE,1,1,1,PASS,PASS,SKIP,SKIP,PASS,CLEAR,1,0,0,0,1,,3,0.84,SHORT,0,1,0,0
BNBUSDT,1783004400000,2026-07-02T15:00:00.000Z,BULL,SHORT,17.5,12.909375,IGNORE,0,WATCH,,0,0,0,NA,NA,NA,NA,NA,CLEAR,1,0,0,0,0,TREND_REVERSAL_UNCONFIRMED,1,0.45,SHORT,1,0,0,0
BNBUSDT,1783008000000,2026-07-02T16:00:00.000Z,BULL,SHORT,0,7.875,IGNORE,0,WATCH,,0,0,0,NA,NA,NA,NA,NA,CLEAR,1,0,0,0,0,TREND_REVERSAL_UNCONFIRMED,0,0.45,SHORT,1,0,0,0
BNBUSDT,1783011600000,2026-07-02T17:00:00.000Z,BULL,SHORT,0,7.875,IGNORE,0,WATCH,,0,0,0,NA,NA,NA,NA,NA,CLEAR,1,0,0,0,0,TREND_REVERSAL_UNCONFIRMED,0,0.45,SHORT,1,0,0,0
BNBUSDT,1783015200000,2026-07-02T18:00:00.000Z,BULL,SHORT,0,7.875,IGNORE,0,WATCH,,0,0,0,NA,NA,NA,NA,NA,CLEAR,1,0,0,0,0,TREND_REVERSAL_UNCONFIRMED,0,0.45,SHORT,1,0,0,0
BNBUSDT,1783018800000,2026-07-02T19:00:00.000Z,BULL,SHORT,0,7.875,IGNORE,0,WATCH,,0,0,0,NA,NA,NA,NA,NA,WARNING_SOFT,1,0,0,0,0,TREND_REVERSAL_UNCONFIRMED,0,0.45,SHORT,1,0,0,0
BNBUSDT,1783022400000,2026-07-02T20:00:00.000Z,BULL,SHORT,0,7.875,IGNORE,0,WATCH,,0,0,0,NA,NA,NA,NA,NA,WARNING_SOFT,1,0,0,0,0,TREND_REVERSAL_UNCONFIRMED,0,0.45,SHORT,1,0,0,0
BNBUSDT,1783026000000,2026-07-02T21:00:00.000Z,NEUTRAL,NONE,0,7.875,IGNORE,0,WATCH,,0,0,0,NA,NA,NA,NA,NA,WARNING_SOFT,1,0,0,0,0,TREND_REVERSAL_UNCONFIRMED,0,0.45,NONE,1,0,0,0
BNBUSDT,1783029600000,2026-07-02T22:00:00.000Z,NEUTRAL,NONE,0,7.875,IGNORE,0,WATCH,,0,0,0,NA,NA,NA,NA,NA,WARNING_SOFT,1,0,0,0,0,TREND_REVERSAL_UNCONFIRMED,0,0.45,NONE,1,0,0,0
BNBUSDT,1783033200000,2026-07-02T23:00:00.000Z,BULL,SHORT,0,7.875,IGNORE,0,WATCH,,0,0,0,NA,NA,NA,NA,NA,WARNING_SOFT,1,0,0,0,0,TREND_REVERSAL_UNCONFIRMED,0,0.45,SHORT,1,0,0,0
BNBUSDT,1783036800000,2026-07-03T00:00:00.000Z,BULL,SHORT,0,7.875,IGNORE,0,WATCH,,0,0,0,NA,NA,NA,NA,NA,WARNING_SOFT,1,0,0,0,0,TREND_REVERSAL_UNCONFIRMED,0,0.45,SHORT,1,0,0,0
BNBUSDT,1783040400000,2026-07-03T01:00:00.000Z,BULL,SHORT,0,7.875,IGNORE,0,WATCH,,0,0,0,NA,NA,NA,NA,NA,WARNING_SOFT,1,0,0,0,0,TREND_REVERSAL_UNCONFIRMED,0,0.45,SHORT,1,0,0,0
BNBUSDT,1783044000000,2026-07-03T02:00:00.000Z,BULL,SHORT,25,13.5,IGNORE,0,WATCH,,0,0,0,NA,NA,NA,NA,NA,CLEAR,1,0,0,0,0,TREND_REVERSAL_UNCONFIRMED,1,0.45,SHORT,1,0,0,0
BNBUSDT,1783047600000,2026-07-03T03:00:00.000Z,BULL,SHORT,0,7.875,IGNORE,0,WATCH,,0,0,0,NA,NA,NA,NA,NA,CLEAR,1,0,0,0,0,TREND_REVERSAL_UNCONFIRMED,0,0.45,SHORT,1,0,0,0
BNBUSDT,1783051200000,2026-07-03T04:00:00.000Z,BULL,SHORT,17.5,12.909375,IGNORE,0,WATCH,,0,0,0,NA,NA,NA,NA,NA,CLEAR,1,0,0,0,0,TREND_REVERSAL_UNCONFIRMED,1,0.45,SHORT,1,0,0,0
BNBUSDT,1783054800000,2026-07-03T05:00:00.000Z,BULL,SHORT,17.5,12.909375,IGNORE,0,WATCH,,0,0,0,NA,NA,NA,NA,NA,CLEAR,1,0,0,0,0,TREND_REVERSAL_UNCONFIRMED,1,0.45,SHORT,1,0,0,0
BNBUSDT,1783058400000,2026-07-03T06:00:00.000Z,BULL,SHORT,17.5,12.909375,IGNORE,0,WATCH,,0,0,0,NA,NA,NA,NA,NA,CLEAR,1,0,0,0,0,TREND_REVERSAL_UNCONFIRMED,1,0.45,SHORT,1,0,0,0
BNBUSDT,1783062000000,2026-07-03T07:00:00.000Z,BULL,SHORT,17.5,12.909375,IGNORE,0,WATCH,,0,0,0,NA,NA,NA,NA,NA,CLEAR,1,0,0,0,0,TREND_REVERSAL_UNCONFIRMED,1,0.45,SHORT,1,0,0,0
BNBUSDT,1783065600000,2026-07-03T08:00:00.000Z,BULL,SHORT,17.5,12.909375,IGNORE,0,WATCH,,0,0,0,NA,NA,NA,NA,NA,CLEAR,1,0,0,0,0,TREND_REVERSAL_UNCONFIRMED,1,0.45,SHORT,1,0,0,0
BNBUSDT,1783069200000,2026-07-03T09:00:00.000Z,BULL,SHORT,30.34722222222222,17.57734375,IGNORE,0,WATCH,,0,0,0,NA,NA,NA,NA,NA,CLEAR,1,0,0,0,0,TREND_REVERSAL_UNCONFIRMED,2,0.45,SHORT,1,0,0,0
BNBUSDT,1783072800000,2026-07-03T10:00:00.000Z,BULL,SHORT,33.392245992375585,17.81713937189958,IGNORE,0,WATCH,,0,0,0,NA,NA,NA,NA,NA,CLEAR,1,0,0,0,0,TREND_REVERSAL_UNCONFIRMED,2,0.45,SHORT,1,0,0,0
BNBUSDT,1783076400000,2026-07-03T11:00:00.000Z,BULL,SHORT,42.252793934470276,18.514907522339534,IGNORE,0,WATCH,,0,0,0,NA,NA,NA,NA,NA,CLEAR,1,0,0,0,0,TREND_REVERSAL_UNCONFIRMED,2,0.45,SHORT,1,0,0,0
BNBUSDT,1783080000000,2026-07-03T12:00:00.000Z,BULL,SHORT,35.390648491880995,17.97451356873563,IGNORE,0,WATCH,,0,0,0,NA,NA,NA,NA,NA,CLEAR,1,0,0,0,0,TREND_REVERSAL_UNCONFIRMED,2,0.45,SHORT,1,0,0,0
BNBUSDT,1783083600000,2026-07-03T13:00:00.000Z,BULL,SHORT,31.514877952162045,17.66929663873276,IGNORE,0,WATCH,,0,0,0,NA,NA,NA,NA,NA,CLEAR,1,0,0,0,0,TREND_REVERSAL_UNCONFIRMED,2,0.45,SHORT,1,0,0,0
BNBUSDT,1783087200000,2026-07-03T14:00:00.000Z,BULL,SHORT,37.13078034126348,18.1115489518745,IGNORE,0,WATCH,,0,0,0,NA,NA,NA,NA,NA,CLEAR,1,0,1,1,0,TREND_REVERSAL_UNCONFIRMED,2,0.45,SHORT,1,0,0,0
BNBUSDT,1783090800000,2026-07-03T15:00:00.000Z,BULL,SHORT,39.800711176841055,18.32180600517623,IGNORE,0,WATCH,,0,0,0,NA,NA,NA,NA,NA,CLEAR,1,0,1,1,0,TREND_REVERSAL_UNCONFIRMED,2,0.45,SHORT,1,0,0,0
BNBUSDT,1783094400000,2026-07-03T16:00:00.000Z,BULL,SHORT,17.5,12.909375,IGNORE,0,WATCH,,0,0,0,NA,NA,NA,NA,NA,CLEAR,1,0,0,0,0,TREND_REVERSAL_UNCONFIRMED,1,0.45,SHORT,1,0,0,0
BNBUSDT,1783098000000,2026-07-03T17:00:00.000Z,BULL,SHORT,17.5,12.909375,IGNORE,0,WATCH,,0,0,0,NA,NA,NA,NA,NA,CLEAR,1,0,0,0,0,TREND_REVERSAL_UNCONFIRMED,1,0.45,SHORT,1,0,0,0
BNBUSDT,1783101600000,2026-07-03T18:00:00.000Z,BULL,SHORT,30.34722222222222,17.57734375,IGNORE,0,WATCH,,0,0,0,NA,NA,NA,NA,NA,CLEAR,1,0,0,0,0,TREND_REVERSAL_UNCONFIRMED,2,0.45,SHORT,1,0,0,0
BNBUSDT,1783105200000,2026-07-03T19:00:00.000Z,BULL,SHORT,34.414049394820864,17.897606389842142,IGNORE,0,WATCH,,0,0,0,NA,NA,NA,NA,NA,CLEAR,1,0,0,0,0,TREND_REVERSAL_UNCONFIRMED,2,0.45,SHORT,1,0,0,0
BNBUSDT,1783108800000,2026-07-03T20:00:00.000Z,BULL,SHORT,53.68851429357393,42.64721160115536,WATCH,1,WATCH,ACTIVE,1,1,0,FAIL,PASS,SKIP,SKIP,FAIL,CLEAR,1,1,0,0,0,MARKET_CONTEXT_DENIED,3,0.84,SHORT,1,0,0,0
BNBUSDT,1783112400000,2026-07-03T21:00:00.000Z,BULL,SHORT,57.43055555555556,43.197291666666665,WATCH,1,WATCH,ACTIVE,1,1,0,FAIL,PASS,SKIP,SKIP,FAIL,CLEAR,1,0,0,0,0,MARKET_CONTEXT_DENIED,3,0.84,SHORT,1,0,0,0
BNBUSDT,1783116000000,2026-07-03T22:00:00.000Z,BULL,SHORT,17.5,12.909375,IGNORE,0,WATCH,,0,0,0,NA,NA,NA,NA,NA,CLEAR,1,0,0,0,0,TREND_REVERSAL_UNCONFIRMED,1,0.45,SHORT,1,0,0,0
BNBUSDT,1783119600000,2026-07-03T23:00:00.000Z,BULL,SHORT,17.5,12.909375,IGNORE,0,WATCH,,0,0,0,NA,NA,NA,NA,NA,CLEAR,1,0,0,0,0,TREND_REVERSAL_UNCONFIRMED,1,0.45,SHORT,1,0,0,0
BNBUSDT,1783123200000,2026-07-04T00:00:00.000Z,BULL,SHORT,17.5,12.909375,IGNORE,0,WATCH,,0,0,0,NA,NA,NA,NA,NA,CLEAR,1,0,0,0,0,TREND_REVERSAL_UNCONFIRMED,1,0.45,SHORT,1,0,0,0
BNBUSDT,1783126800000,2026-07-04T01:00:00.000Z,BULL,SHORT,17.5,12.909375,IGNORE,0,WATCH,,0,0,0,NA,NA,NA,NA,NA,CLEAR,1,0,0,0,0,TREND_REVERSAL_UNCONFIRMED,1,0.45,SHORT,1,0,0,0
BNBUSDT,1783130400000,2026-07-04T02:00:00.000Z,BULL,SHORT,17.5,12.909375,IGNORE,0,WATCH,,0,0,0,NA,NA,NA,NA,NA,CLEAR,1,0,0,0,0,TREND_REVERSAL_UNCONFIRMED,1,0.45,SHORT,1,0,0,0
BNBUSDT,1783134000000,2026-07-04T03:00:00.000Z,BULL,SHORT,0,7.875,IGNORE,0,WATCH,,0,0,0,NA,NA,NA,NA,NA,CLEAR,1,0,0,0,0,TREND_REVERSAL_UNCONFIRMED,0,0.45,SHORT,1,0,0,0
BNBUSDT,1783137600000,2026-07-04T04:00:00.000Z,BULL,SHORT,0,7.875,IGNORE,0,WATCH,,0,0,0,NA,NA,NA,NA,NA,CLEAR,1,0,0,0,0,TREND_REVERSAL_UNCONFIRMED,0,0.45,SHORT,1,0,0,0
BNBUSDT,1783141200000,2026-07-04T05:00:00.000Z,BULL,SHORT,0,7.875,IGNORE,0,WATCH,,0,0,0,NA,NA,NA,NA,NA,WARNING_SOFT,1,0,0,0,0,TREND_REVERSAL_UNCONFIRMED,0,0.45,SHORT,1,0,0,0
BNBUSDT,1783144800000,2026-07-04T06:00:00.000Z,BULL,SHORT,0,7.875,IGNORE,0,WATCH,,0,0,0,NA,NA,NA,NA,NA,BLOCK,0,0,0,0,0,TREND_REVERSAL_UNCONFIRMED,0,0.45,SHORT,1,0,0,0
BNBUSDT,1783148400000,2026-07-04T07:00:00.000Z,BULL,SHORT,0,7.875,IGNORE,0,WATCH,,0,0,0,NA,NA,NA,NA,NA,WARNING_SOFT,1,0,0,0,0,TREND_REVERSAL_UNCONFIRMED,0,0.45,SHORT,1,0,0,0
BNBUSDT,1783152000000,2026-07-04T08:00:00.000Z,BULL,SHORT,22.409034810210674,13.29596149130409,IGNORE,0,WATCH,,0,0,0,NA,NA,NA,NA,NA,BLOCK,0,0,0,0,0,TREND_REVERSAL_UNCONFIRMED,1,0.45,SHORT,1,0,0,0
BNBUSDT,1783155600000,2026-07-04T09:00:00.000Z,BULL,SHORT,38.30274755233671,18.203841369746517,IGNORE,0,WATCH,,0,0,0,NA,NA,NA,NA,NA,CLEAR,1,0,0,0,0,TREND_REVERSAL_UNCONFIRMED,2,0.45,SHORT,1,0,0,0
BNBUSDT,1783159200000,2026-07-04T10:00:00.000Z,BULL,SHORT,0,7.875,IGNORE,0,WATCH,,0,0,0,NA,NA,NA,NA,NA,CLEAR,1,0,0,0,0,TREND_REVERSAL_UNCONFIRMED,0,0.45,SHORT,1,0,0,0
BNBUSDT,1783162800000,2026-07-04T11:00:00.000Z,BULL,SHORT,0,7.875,IGNORE,0,WATCH,,0,0,0,NA,NA,NA,NA,NA,WARNING_SOFT,1,0,0,0,0,TREND_REVERSAL_UNCONFIRMED,0,0.45,SHORT,1,0,0,0
BNBUSDT,1783166400000,2026-07-04T12:00:00.000Z,BULL,SHORT,0,7.875,IGNORE,0,WATCH,,0,0,0,NA,NA,NA,NA,NA,CLEAR,1,0,0,0,0,TREND_REVERSAL_UNCONFIRMED,0,0.45,SHORT,1,0,0,0
BNBUSDT,1783170000000,2026-07-04T13:00:00.000Z,BULL,SHORT,0,7.875,IGNORE,0,WATCH,,0,0,0,NA,NA,NA,NA,NA,CLEAR,1,0,0,0,0,TREND_REVERSAL_UNCONFIRMED,0,0.45,SHORT,1,0,0,0
BNBUSDT,1783173600000,2026-07-04T14:00:00.000Z,BULL,SHORT,22.939456294459728,13.337732183188702,IGNORE,0,WATCH,,0,0,0,NA,NA,NA,NA,NA,CLEAR,1,0,0,0,0,TREND_REVERSAL_UNCONFIRMED,1,0.45,SHORT,1,0,0,0
BNBUSDT,1783177200000,2026-07-04T15:00:00.000Z,BULL,SHORT,25,13.5,IGNORE,0,WATCH,,0,0,0,NA,NA,NA,NA,NA,CLEAR,1,0,0,0,0,TREND_REVERSAL_UNCONFIRMED,1,0.45,SHORT,1,0,0,0
BNBUSDT,1783180800000,2026-07-04T16:00:00.000Z,BULL,SHORT,0,7.875,IGNORE,0,WATCH,,0,0,0,NA,NA,NA,NA,NA,CLEAR,1,0,0,0,0,TREND_REVERSAL_UNCONFIRMED,0,0.45,SHORT,1,0,0,0
BNBUSDT,1783184400000,2026-07-04T17:00:00.000Z,BULL,SHORT,13.600972694476141,12.602326599689997,IGNORE,0,WATCH,,0,0,0,NA,NA,NA,NA,NA,CLEAR,1,0,0,0,0,TREND_REVERSAL_UNCONFIRMED,1,0.45,SHORT,1,0,0,0
BNBUSDT,1783188000000,2026-07-04T18:00:00.000Z,BULL,SHORT,0,7.875,IGNORE,0,WATCH,,0,0,0,NA,NA,NA,NA,NA,CLEAR,1,0,0,0,0,TREND_REVERSAL_UNCONFIRMED,0,0.45,SHORT,1,0,0,0
BNBUSDT,1783191600000,2026-07-04T19:00:00.000Z,BULL,SHORT,0,7.875,IGNORE,0,WATCH,,0,0,0,NA,NA,NA,NA,NA,CLEAR,1,0,0,0,0,TREND_REVERSAL_UNCONFIRMED,0,0.45,SHORT,1,0,0,0
BNBUSDT,1783195200000,2026-07-04T20:00:00.000Z,NEUTRAL,NONE,0,7.875,IGNORE,0,WATCH,,0,0,0,NA,NA,NA,NA,NA,WARNING_SOFT,1,0,0,0,0,TREND_REVERSAL_UNCONFIRMED,0,0.45,NONE,1,0,0,0
BNBUSDT,1783198800000,2026-07-04T21:00:00.000Z,BULL,SHORT,0,7.875,IGNORE,0,WATCH,,0,0,0,NA,NA,NA,NA,NA,WARNING_SOFT,1,0,0,0,0,TREND_REVERSAL_UNCONFIRMED,0,0.45,SHORT,1,0,0,0
BNBUSDT,1783202400000,2026-07-04T22:00:00.000Z,BULL,SHORT,0,7.875,IGNORE,0,WATCH,,0,0,0,NA,NA,NA,NA,NA,CLEAR,1,0,0,0,0,TREND_REVERSAL_UNCONFIRMED,0,0.45,SHORT,1,0,0,0
BNBUSDT,1783206000000,2026-07-04T23:00:00.000Z,BULL,SHORT,25,13.5,IGNORE,0,WATCH,,0,0,0,NA,NA,NA,NA,NA,CLEAR,1,0,0,0,0,TREND_REVERSAL_UNCONFIRMED,1,0.45,SHORT,1,0,0,0
BNBUSDT,1783209600000,2026-07-05T00:00:00.000Z,NEUTRAL,NONE,0,7.875,IGNORE,0,WATCH,,0,0,0,NA,NA,NA,NA,NA,WARNING_SOFT,1,0,0,0,0,TREND_REVERSAL_UNCONFIRMED,0,0.45,NONE,1,0,0,0
BNBUSDT,1783213200000,2026-07-05T01:00:00.000Z,NEUTRAL,NONE,0,7.875,IGNORE,0,WATCH,,0,0,0,NA,NA,NA,NA,NA,BLOCK,0,0,0,0,0,TREND_REVERSAL_UNCONFIRMED,0,0.45,NONE,1,0,0,0
BNBUSDT,1783216800000,2026-07-05T02:00:00.000Z,NEUTRAL,NONE,0,7.875,IGNORE,0,WATCH,,0,0,0,NA,NA,NA,NA,NA,BLOCK,0,0,0,0,0,TREND_REVERSAL_UNCONFIRMED,0,0.45,NONE,1,0,0,0
BNBUSDT,1783220400000,2026-07-05T03:00:00.000Z,NEUTRAL,NONE,0,7.875,IGNORE,0,WATCH,,0,0,0,NA,NA,NA,NA,NA,WARNING_SOFT,1,0,0,0,0,TREND_REVERSAL_UNCONFIRMED,0,0.45,NONE,1,0,0,0
BNBUSDT,1783224000000,2026-07-05T04:00:00.000Z,NEUTRAL,NONE,0,7.875,IGNORE,0,WATCH,,0,0,0,NA,NA,NA,NA,NA,WARNING_SOFT,1,0,0,0,0,TREND_REVERSAL_UNCONFIRMED,0,0.45,NONE,1,0,0,0
BNBUSDT,1783227600000,2026-07-05T05:00:00.000Z,NEUTRAL,NONE,0,7.875,IGNORE,0,WATCH,,0,0,0,NA,NA,NA,NA,NA,WARNING_SOFT,1,0,0,0,0,TREND_REVERSAL_UNCONFIRMED,0,0.45,NONE,1,0,0,0
BNBUSDT,1783231200000,2026-07-05T06:00:00.000Z,NEUTRAL,NONE,0,7.875,IGNORE,0,WATCH,,0,0,0,NA,NA,NA,NA,NA,WARNING_SOFT,1,0,0,0,0,TREND_REVERSAL_UNCONFIRMED,0,0.45,NONE,1,0,0,0
BNBUSDT,1783234800000,2026-07-05T07:00:00.000Z,BULL,SHORT,17.5,12.909375,IGNORE,0,WATCH,,0,0,0,NA,NA,NA,NA,NA,WARNING_SOFT,1,0,0,0,0,TREND_REVERSAL_UNCONFIRMED,1,0.45,SHORT,1,0,0,0
BNBUSDT,1783238400000,2026-07-05T08:00:00.000Z,BULL,SHORT,42.5,18.534375,IGNORE,0,WATCH,,0,0,0,NA,NA,NA,NA,NA,CLEAR,1,0,0,0,0,TREND_REVERSAL_UNCONFIRMED,2,0.45,SHORT,1,0,0,0
BNBUSDT,1783242000000,2026-07-05T09:00:00.000Z,BULL,SHORT,42.5,18.534375,IGNORE,0,WATCH,,0,0,0,NA,NA,NA,NA,NA,WARNING_HARD,1,0,0,0,0,TREND_REVERSAL_UNCONFIRMED,2,0.45,SHORT,1,0,0,0
BNBUSDT,1783245600000,2026-07-05T10:00:00.000Z,BULL,SHORT,17.5,12.909375,IGNORE,0,WATCH,,0,0,0,NA,NA,NA,NA,NA,WARNING_SOFT,1,0,0,0,0,TREND_REVERSAL_UNCONFIRMED,1,0.45,SHORT,1,0,0,0
BNBUSDT,1783249200000,2026-07-05T11:00:00.000Z,BULL,SHORT,0,7.875,IGNORE,0,WATCH,,0,0,0,NA,NA,NA,NA,NA,WARNING_SOFT,1,0,0,0,0,TREND_REVERSAL_UNCONFIRMED,0,0.45,SHORT,1,0,0,0
BNBUSDT,1783252800000,2026-07-05T12:00:00.000Z,BULL,SHORT,25,13.5,IGNORE,0,WATCH,,0,0,0,NA,NA,NA,NA,NA,WARNING_HARD,1,0,0,0,0,TREND_REVERSAL_UNCONFIRMED,1,0.45,SHORT,1,0,0,0
BNBUSDT,1783256400000,2026-07-05T13:00:00.000Z,BULL,SHORT,25,13.5,IGNORE,0,WATCH,,0,0,0,NA,NA,NA,NA,NA,WARNING_HARD,1,0,0,0,0,TREND_REVERSAL_UNCONFIRMED,1,0.45,SHORT,1,0,0,0
BNBUSDT,1783260000000,2026-07-05T14:00:00.000Z,BULL,SHORT,63.19444444444444,44.044583333333335,WATCH,1,WATCH,ACTIVE,1,1,0,FAIL,PASS,SKIP,SKIP,FAIL,WARNING_HARD,1,0,0,0,0,MARKET_CONTEXT_DENIED,3,0.84,SHORT,1,0,0,0
BNBUSDT,1783263600000,2026-07-05T15:00:00.000Z,BULL,SHORT,29.566988509205174,17.515900345099908,IGNORE,0,WATCH,,0,0,0,NA,NA,NA,NA,NA,WARNING_HARD,1,0,0,0,0,TREND_REVERSAL_UNCONFIRMED,2,0.45,SHORT,1,0,0,0
BNBUSDT,1783267200000,2026-07-05T16:00:00.000Z,BULL,SHORT,0,7.875,IGNORE,0,WATCH,,0,0,0,NA,NA,NA,NA,NA,WARNING_SOFT,1,0,0,0,0,TREND_REVERSAL_UNCONFIRMED,0,0.45,SHORT,1,0,0,0
BNBUSDT,1783270800000,2026-07-05T17:00:00.000Z,BULL,SHORT,0,7.875,IGNORE,0,WATCH,,0,0,0,NA,NA,NA,NA,NA,WARNING_SOFT,1,0,0,0,0,TREND_REVERSAL_UNCONFIRMED,0,0.45,SHORT,1,0,0,0
BNBUSDT,1783274400000,2026-07-05T18:00:00.000Z,BULL,SHORT,15.677076410768462,12.765819767348017,IGNORE,0,WATCH,,0,0,0,NA,NA,NA,NA,NA,CLEAR,1,0,0,0,0,TREND_REVERSAL_UNCONFIRMED,1,0.45,SHORT,1,0,0,0
BNBUSDT,1783278000000,2026-07-05T19:00:00.000Z,BULL,SHORT,0,7.875,IGNORE,0,WATCH,,0,0,0,NA,NA,NA,NA,NA,WARNING_SOFT,1,0,0,0,0,TREND_REVERSAL_UNCONFIRMED,0,0.45,SHORT,1,0,0,0
BNBUSDT,1783281600000,2026-07-05T20:00:00.000Z,BULL,SHORT,0,7.875,IGNORE,0,WATCH,,0,0,0,NA,NA,NA,NA,NA,WARNING_SOFT,1,0,0,0,0,TREND_REVERSAL_UNCONFIRMED,0,0.45,SHORT,1,0,0,0
BNBUSDT,1783285200000,2026-07-05T21:00:00.000Z,BULL,SHORT,0,7.875,IGNORE,0,WATCH,,0,0,0,NA,NA,NA,NA,NA,CLEAR,1,0,0,0,0,TREND_REVERSAL_UNCONFIRMED,0,0.45,SHORT,1,0,0,0
BNBUSDT,1783288800000,2026-07-05T22:00:00.000Z,BULL,SHORT,17.31048981337354,12.894451072803166,IGNORE,0,WATCH,,0,0,0,NA,NA,NA,NA,NA,CLEAR,1,0,0,0,0,TREND_REVERSAL_UNCONFIRMED,1,0.45,SHORT,1,0,0,0
BNBUSDT,1783292400000,2026-07-05T23:00:00.000Z,BULL,SHORT,0,7.875,IGNORE,0,WATCH,,0,0,0,NA,NA,NA,NA,NA,CLEAR,1,0,0,0,0,TREND_REVERSAL_UNCONFIRMED,0,0.45,SHORT,1,0,0,0
BNBUSDT,1783296000000,2026-07-06T00:00:00.000Z,BULL,SHORT,0,7.875,IGNORE,0,WATCH,,0,0,0,NA,NA,NA,NA,NA,CLEAR,1,0,0,0,0,TREND_REVERSAL_UNCONFIRMED,0,0.45,SHORT,1,0,0,0
BNBUSDT,1783299600000,2026-07-06T01:00:00.000Z,BULL,SHORT,0,7.875,IGNORE,0,WATCH,,0,0,0,NA,NA,NA,NA,NA,CLEAR,1,0,0,0,0,TREND_REVERSAL_UNCONFIRMED,0,0.45,SHORT,1,0,0,0
BNBUSDT,1783303200000,2026-07-06T02:00:00.000Z,BULL,SHORT,0,7.875,IGNORE,0,WATCH,,0,0,0,NA,NA,NA,NA,NA,WARNING_SOFT,1,0,0,0,0,TREND_REVERSAL_UNCONFIRMED,0,0.45,SHORT,1,0,0,0
BNBUSDT,1783306800000,2026-07-06T03:00:00.000Z,BULL,SHORT,0,7.875,IGNORE,0,WATCH,,0,0,0,NA,NA,NA,NA,NA,BLOCK,0,0,0,0,0,TREND_REVERSAL_UNCONFIRMED,0,0.45,SHORT,1,0,0,0
BNBUSDT,1783310400000,2026-07-06T04:00:00.000Z,NEUTRAL,NONE,0,7.875,IGNORE,0,WATCH,,0,0,0,NA,NA,NA,NA,NA,WARNING_SOFT,1,0,0,0,0,TREND_REVERSAL_UNCONFIRMED,0,0.45,NONE,1,0,0,0
BNBUSDT,1783314000000,2026-07-06T05:00:00.000Z,NEUTRAL,NONE,0,7.875,IGNORE,0,WATCH,,0,0,0,NA,NA,NA,NA,NA,WARNING_SOFT,1,0,0,0,0,TREND_REVERSAL_UNCONFIRMED,0,0.45,NONE,1,0,0,0
BNBUSDT,1783317600000,2026-07-06T06:00:00.000Z,NEUTRAL,NONE,0,7.875,IGNORE,0,WATCH,,0,0,0,NA,NA,NA,NA,NA,WARNING_SOFT,1,0,0,0,0,TREND_REVERSAL_UNCONFIRMED,0,0.45,NONE,1,0,0,0
BNBUSDT,1783321200000,2026-07-06T07:00:00.000Z,NEUTRAL,NONE,0,7.875,IGNORE,0,WATCH,,0,0,0,NA,NA,NA,NA,NA,WARNING_SOFT,1,0,0,0,0,TREND_REVERSAL_UNCONFIRMED,0,0.45,NONE,1,0,0,0
BNBUSDT,1783324800000,2026-07-06T08:00:00.000Z,NEUTRAL,NONE,0,7.875,IGNORE,0,WATCH,,0,0,0,NA,NA,NA,NA,NA,WARNING_SOFT,1,0,0,0,0,TREND_REVERSAL_UNCONFIRMED,0,0.45,NONE,1,0,0,0
BNBUSDT,1783328400000,2026-07-06T09:00:00.000Z,NEUTRAL,NONE,0,7.875,IGNORE,0,WATCH,,0,0,0,NA,NA,NA,NA,NA,WARNING_SOFT,1,0,0,0,0,TREND_REVERSAL_UNCONFIRMED,0,0.45,NONE,1,0,0,0
BNBUSDT,1783332000000,2026-07-06T10:00:00.000Z,NEUTRAL,NONE,0,7.875,IGNORE,0,WATCH,,0,0,0,NA,NA,NA,NA,NA,WARNING_SOFT,1,0,0,0,0,TREND_REVERSAL_UNCONFIRMED,0,0.45,NONE,1,0,0,0
BNBUSDT,1783335600000,2026-07-06T11:00:00.000Z,NEUTRAL,NONE,0,7.875,IGNORE,0,WATCH,,0,0,0,NA,NA,NA,NA,NA,WARNING_SOFT,1,0,0,0,0,TREND_REVERSAL_UNCONFIRMED,0,0.45,NONE,1,0,0,0
BNBUSDT,1783339200000,2026-07-06T12:00:00.000Z,NEUTRAL,NONE,0,7.875,IGNORE,0,WATCH,,0,0,0,NA,NA,NA,NA,NA,BLOCK,0,0,0,0,0,TREND_REVERSAL_UNCONFIRMED,0,0.45,NONE,1,0,0,0
BNBUSDT,1783342800000,2026-07-06T13:00:00.000Z,NEUTRAL,NONE,0,7.875,IGNORE,0,WATCH,,0,0,0,NA,NA,NA,NA,NA,BLOCK,0,0,0,0,0,TREND_REVERSAL_UNCONFIRMED,0,0.45,NONE,1,0,0,0
BNBUSDT,1783346400000,2026-07-06T14:00:00.000Z,NEUTRAL,NONE,0,7.875,IGNORE,0,WATCH,,0,0,0,NA,NA,NA,NA,NA,BLOCK,0,0,0,0,0,TREND_REVERSAL_UNCONFIRMED,0,0.45,NONE,1,0,0,0
BNBUSDT,1783350000000,2026-07-06T15:00:00.000Z,BULL,SHORT,18.04210782205705,12.952065990986993,IGNORE,0,WATCH,,0,0,0,NA,NA,NA,NA,NA,WARNING_SOFT,1,1,0,0,0,TREND_REVERSAL_UNCONFIRMED,1,0.45,SHORT,1,0,0,0
BNBUSDT,1783353600000,2026-07-06T16:00:00.000Z,BULL,SHORT,39.48434907564108,18.296892489706735,IGNORE,0,WATCH,,0,0,0,NA,NA,NA,NA,NA,CLEAR,1,0,0,0,0,TREND_REVERSAL_UNCONFIRMED,2,0.45,SHORT,1,0,0,0
BNBUSDT,1783357200000,2026-07-06T17:00:00.000Z,BULL,SHORT,0,7.875,IGNORE,0,WATCH,,0,0,0,NA,NA,NA,NA,NA,CLEAR,1,0,0,0,0,TREND_REVERSAL_UNCONFIRMED,0,0.45,SHORT,1,0,0,0
BNBUSDT,1783360800000,2026-07-06T18:00:00.000Z,BULL,SHORT,0,7.875,IGNORE,0,WATCH,,0,0,0,NA,NA,NA,NA,NA,CLEAR,1,0,0,0,0,TREND_REVERSAL_UNCONFIRMED,0,0.45,SHORT,1,0,0,0
BNBUSDT,1783364400000,2026-07-06T19:00:00.000Z,BULL,SHORT,17.5,12.909375,IGNORE,0,WATCH,,0,0,0,NA,NA,NA,NA,NA,CLEAR,1,0,0,0,0,TREND_REVERSAL_UNCONFIRMED,1,0.45,SHORT,1,0,0,0
BNBUSDT,1783368000000,2026-07-06T20:00:00.000Z,BULL,SHORT,42.5,18.534375,IGNORE,0,WATCH,,0,0,0,NA,NA,NA,NA,NA,CLEAR,1,0,0,0,0,TREND_REVERSAL_UNCONFIRMED,2,0.45,SHORT,1,0,0,0
BNBUSDT,1783371600000,2026-07-06T21:00:00.000Z,BULL,SHORT,31.500561215667897,17.668169195733846,IGNORE,0,WATCH,,0,0,0,NA,NA,NA,NA,NA,CLEAR,1,0,0,0,0,TREND_REVERSAL_UNCONFIRMED,2,0.45,SHORT,1,0,0,0
BNBUSDT,1783375200000,2026-07-06T22:00:00.000Z,BULL,SHORT,17.5,12.909375,IGNORE,0,WATCH,,0,0,0,NA,NA,NA,NA,NA,CLEAR,1,0,0,0,0,TREND_REVERSAL_UNCONFIRMED,1,0.45,SHORT,1,0,0,0
BNBUSDT,1783378800000,2026-07-06T23:00:00.000Z,BULL,SHORT,42.5,18.534375,IGNORE,0,WATCH,,0,0,0,NA,NA,NA,NA,NA,CLEAR,1,0,0,0,0,TREND_REVERSAL_UNCONFIRMED,2,0.45,SHORT,1,0,0,0
BNBUSDT,1783382400000,2026-07-07T00:00:00.000Z,BULL,SHORT,0,7.875,IGNORE,0,WATCH,,0,0,0,NA,NA,NA,NA,NA,CLEAR,1,0,0,0,0,TREND_REVERSAL_UNCONFIRMED,0,0.45,SHORT,1,0,0,0
BNBUSDT,1783386000000,2026-07-07T01:00:00.000Z,NEUTRAL,NONE,0,7.875,IGNORE,0,WATCH,,0,0,0,NA,NA,NA,NA,NA,WARNING_SOFT,1,0,0,0,0,TREND_REVERSAL_UNCONFIRMED,0,0.45,NONE,1,0,0,0
BNBUSDT,1783389600000,2026-07-07T02:00:00.000Z,NEUTRAL,NONE,0,7.875,IGNORE,0,WATCH,,0,0,0,NA,NA,NA,NA,NA,WARNING_SOFT,1,0,0,0,0,TREND_REVERSAL_UNCONFIRMED,0,0.45,NONE,1,0,0,0
BNBUSDT,1783393200000,2026-07-07T03:00:00.000Z,NEUTRAL,NONE,0,7.875,IGNORE,0,WATCH,,0,0,0,NA,NA,NA,NA,NA,BLOCK,0,0,0,0,0,TREND_REVERSAL_UNCONFIRMED,0,0.45,NONE,1,0,0,0
BNBUSDT,1783396800000,2026-07-07T04:00:00.000Z,NEUTRAL,NONE,0,7.875,IGNORE,0,WATCH,,0,0,0,NA,NA,NA,NA,NA,WARNING_SOFT,1,0,0,0,0,TREND_REVERSAL_UNCONFIRMED,0,0.45,NONE,1,0,0,0
BNBUSDT,1783400400000,2026-07-07T05:00:00.000Z,NEUTRAL,NONE,0,7.875,IGNORE,0,WATCH,,0,0,0,NA,NA,NA,NA,NA,WARNING_SOFT,1,0,0,0,0,TREND_REVERSAL_UNCONFIRMED,0,0.45,NONE,1,0,0,0
BNBUSDT,1783404000000,2026-07-07T06:00:00.000Z,NEUTRAL,NONE,0,7.875,IGNORE,0,WATCH,,0,0,0,NA,NA,NA,NA,NA,WARNING_SOFT,1,0,0,0,0,TREND_REVERSAL_UNCONFIRMED,0,0.45,NONE,1,0,0,0
BNBUSDT,1783407600000,2026-07-07T07:00:00.000Z,NEUTRAL,NONE,0,7.875,IGNORE,0,WATCH,,0,0,0,NA,NA,NA,NA,NA,WARNING_SOFT,1,0,0,0,0,TREND_REVERSAL_UNCONFIRMED,0,0.45,NONE,1,0,0,0
BNBUSDT,1783411200000,2026-07-07T08:00:00.000Z,NEUTRAL,NONE,0,7.875,IGNORE,0,WATCH,,0,0,0,NA,NA,NA,NA,NA,BLOCK,0,0,0,0,0,TREND_REVERSAL_UNCONFIRMED,0,0.45,NONE,1,0,0,0
BNBUSDT,1783414800000,2026-07-07T09:00:00.000Z,NEUTRAL,NONE,0,7.875,IGNORE,0,WATCH,,0,0,0,NA,NA,NA,NA,NA,WARNING_SOFT,1,0,0,0,0,TREND_REVERSAL_UNCONFIRMED,0,0.45,NONE,1,0,0,0
BNBUSDT,1783418400000,2026-07-07T10:00:00.000Z,NEUTRAL,NONE,0,7.875,IGNORE,0,WATCH,,0,0,0,NA,NA,NA,NA,NA,BLOCK,0,0,0,0,0,TREND_REVERSAL_UNCONFIRMED,0,0.45,NONE,1,0,0,0
BNBUSDT,1783422000000,2026-07-07T11:00:00.000Z,NEUTRAL,NONE,0,7.875,IGNORE,0,WATCH,,0,0,0,NA,NA,NA,NA,NA,WARNING_SOFT,1,0,0,0,0,TREND_REVERSAL_UNCONFIRMED,0,0.45,NONE,1,0,0,0
BNBUSDT,1783425600000,2026-07-07T12:00:00.000Z,BULL,SHORT,13.69804698010172,12.60997119968301,IGNORE,0,WATCH,,0,0,0,NA,NA,NA,NA,NA,CLEAR,1,0,0,0,0,TREND_REVERSAL_UNCONFIRMED,1,0.45,SHORT,1,0,0,0
BNBUSDT,1783429200000,2026-07-07T13:00:00.000Z,NEUTRAL,NONE,0,7.875,IGNORE,0,WATCH,,0,0,0,NA,NA,NA,NA,NA,BLOCK,0,0,1,0,0,TREND_REVERSAL_UNCONFIRMED,0,0.45,NONE,1,0,0,0
BNBUSDT,1783432800000,2026-07-07T14:00:00.000Z,BULL,SHORT,24.22075834462713,13.438634719639387,IGNORE,0,WATCH,,0,0,0,NA,NA,NA,NA,NA,BLOCK,0,0,0,0,0,TREND_REVERSAL_UNCONFIRMED,1,0.45,SHORT,1,0,0,0
BNBUSDT,1783436400000,2026-07-07T15:00:00.000Z,BULL,SHORT,25,13.5,IGNORE,0,WATCH,,0,0,0,NA,NA,NA,NA,NA,CLEAR,1,0,0,0,0,TREND_REVERSAL_UNCONFIRMED,1,0.45,SHORT,1,0,0,0
BNBUSDT,1783440000000,2026-07-07T16:00:00.000Z,BULL,SHORT,25,13.5,IGNORE,0,WATCH,,0,0,0,NA,NA,NA,NA,NA,CLEAR,1,0,0,0,0,TREND_REVERSAL_UNCONFIRMED,1,0.45,SHORT,1,0,0,0
BNBUSDT,1783443600000,2026-07-07T17:00:00.000Z,BULL,SHORT,0,7.875,IGNORE,0,WATCH,,0,0,0,NA,NA,NA,NA,NA,CLEAR,1,0,0,0,0,TREND_REVERSAL_UNCONFIRMED,0,0.45,SHORT,1,0,0,0
BNBUSDT,1783447200000,2026-07-07T18:00:00.000Z,BULL,SHORT,0,7.875,IGNORE,0,WATCH,,0,0,0,NA,NA,NA,NA,NA,CLEAR,1,0,0,0,0,TREND_REVERSAL_UNCONFIRMED,0,0.45,SHORT,1,0,0,0
BNBUSDT,1783450800000,2026-07-07T19:00:00.000Z,BULL,SHORT,17.5,12.909375,IGNORE,0,WATCH,,0,0,0,NA,NA,NA,NA,NA,WARNING_SOFT,1,0,0,0,0,TREND_REVERSAL_UNCONFIRMED,1,0.45,SHORT,1,0,0,0
BNBUSDT,1783454400000,2026-07-07T20:00:00.000Z,NEUTRAL,NONE,0,7.875,IGNORE,0,WATCH,,0,0,0,NA,NA,NA,NA,NA,WARNING_SOFT,1,0,0,0,0,TREND_REVERSAL_UNCONFIRMED,0,0.45,NONE,1,0,0,0
BNBUSDT,1783458000000,2026-07-07T21:00:00.000Z,NEUTRAL,NONE,0,7.875,IGNORE,0,WATCH,,0,0,0,NA,NA,NA,NA,NA,WARNING_SOFT,1,0,0,0,0,TREND_REVERSAL_UNCONFIRMED,0,0.45,NONE,1,0,0,0
BNBUSDT,1783461600000,2026-07-07T22:00:00.000Z,NEUTRAL,NONE,0,7.875,IGNORE,0,WATCH,,0,0,0,NA,NA,NA,NA,NA,WARNING_SOFT,1,0,0,0,0,TREND_REVERSAL_UNCONFIRMED,0,0.45,NONE,1,0,0,0
BNBUSDT,1783465200000,2026-07-07T23:00:00.000Z,NEUTRAL,NONE,0,7.875,IGNORE,0,WATCH,,0,0,0,NA,NA,NA,NA,NA,WARNING_SOFT,1,0,0,0,0,TREND_REVERSAL_UNCONFIRMED,0,0.45,NONE,1,0,0,0
BNBUSDT,1783468800000,2026-07-08T00:00:00.000Z,BEAR,LONG,0,7.875,IGNORE,0,WATCH,,0,0,0,NA,NA,NA,NA,NA,CLEAR,1,0,0,0,0,TREND_REVERSAL_UNCONFIRMED,0,0.45,LONG,1,0,0,0
BNBUSDT,1783472400000,2026-07-08T01:00:00.000Z,BEAR,LONG,22.410859638978437,13.296105196569552,IGNORE,0,WATCH,,0,0,0,NA,NA,NA,NA,NA,CLEAR,1,0,0,0,0,TREND_REVERSAL_UNCONFIRMED,1,0.45,LONG,1,0,0,0
BNBUSDT,1783476000000,2026-07-08T02:00:00.000Z,BEAR,LONG,25,13.5,IGNORE,0,WATCH,,0,0,0,NA,NA,NA,NA,NA,CLEAR,1,0,0,0,0,TREND_REVERSAL_UNCONFIRMED,1,0.45,LONG,1,0,0,0
BNBUSDT,1783479600000,2026-07-08T03:00:00.000Z,BEAR,LONG,0,7.875,IGNORE,0,WATCH,,0,0,0,NA,NA,NA,NA,NA,CLEAR,1,0,0,0,0,TREND_REVERSAL_UNCONFIRMED,0,0.45,LONG,1,0,0,0
BNBUSDT,1783483200000,2026-07-08T04:00:00.000Z,BEAR,LONG,0,7.875,IGNORE,0,WATCH,,0,0,0,NA,NA,NA,NA,NA,CLEAR,1,0,0,0,0,TREND_REVERSAL_UNCONFIRMED,0,0.45,LONG,1,0,0,0
BNBUSDT,1783486800000,2026-07-08T05:00:00.000Z,BEAR,LONG,12.847222222222221,12.54296875,IGNORE,0,WATCH,,0,0,0,NA,NA,NA,NA,NA,CLEAR,1,0,0,0,0,TREND_REVERSAL_UNCONFIRMED,1,0.45,LONG,1,0,0,0
BNBUSDT,1783490400000,2026-07-08T06:00:00.000Z,BEAR,LONG,0,7.875,IGNORE,0,WATCH,,0,0,0,NA,NA,NA,NA,NA,CLEAR,1,0,0,0,0,TREND_REVERSAL_UNCONFIRMED,0,0.45,LONG,1,0,0,0
BNBUSDT,1783494000000,2026-07-08T07:00:00.000Z,BEAR,LONG,25,13.5,IGNORE,0,WATCH,,0,0,0,NA,NA,NA,NA,NA,CLEAR,1,0,0,0,0,TREND_REVERSAL_UNCONFIRMED,1,0.45,LONG,1,0,0,0
BNBUSDT,1783497600000,2026-07-08T08:00:00.000Z,BEAR,LONG,25,13.5,IGNORE,0,WATCH,,0,0,0,NA,NA,NA,NA,NA,CLEAR,1,0,0,0,0,TREND_REVERSAL_UNCONFIRMED,1,0.45,LONG,1,0,0,0
BNBUSDT,1783501200000,2026-07-08T09:00:00.000Z,BEAR,LONG,0,7.875,IGNORE,0,WATCH,,0,0,0,NA,NA,NA,NA,NA,CLEAR,1,0,0,0,0,TREND_REVERSAL_UNCONFIRMED,0,0.45,LONG,1,0,0,0
BNBUSDT,1783504800000,2026-07-08T10:00:00.000Z,BEAR,LONG,0,7.875,IGNORE,0,WATCH,,0,0,0,NA,NA,NA,NA,NA,CLEAR,1,0,0,0,0,TREND_REVERSAL_UNCONFIRMED,0,0.45,LONG,1,0,0,0
BNBUSDT,1783508400000,2026-07-08T11:00:00.000Z,BEAR,LONG,22.547152441170198,13.306838254742152,IGNORE,0,WATCH,,0,0,0,NA,NA,NA,NA,NA,CLEAR,1,1,0,1,0,TREND_REVERSAL_UNCONFIRMED,1,0.45,LONG,1,0,0,0
BNBUSDT,1783512000000,2026-07-08T12:00:00.000Z,BEAR,LONG,0,7.875,IGNORE,0,WATCH,,0,0,0,NA,NA,NA,NA,NA,CLEAR,1,0,0,0,0,TREND_REVERSAL_UNCONFIRMED,0,0.45,LONG,1,0,0,0
BNBUSDT,1783515600000,2026-07-08T13:00:00.000Z,BEAR,LONG,0,7.875,IGNORE,0,WATCH,,0,0,0,NA,NA,NA,NA,NA,CLEAR,1,0,0,0,0,TREND_REVERSAL_UNCONFIRMED,0,0.45,LONG,1,0,0,0
BNBUSDT,1783519200000,2026-07-08T14:00:00.000Z,BEAR,LONG,0,7.875,IGNORE,0,WATCH,,0,0,0,NA,NA,NA,NA,NA,CLEAR,1,0,0,0,0,TREND_REVERSAL_UNCONFIRMED,0,0.45,LONG,1,0,0,0
BNBUSDT,1783522800000,2026-07-08T15:00:00.000Z,BEAR,LONG,0,7.875,IGNORE,0,WATCH,,0,0,0,NA,NA,NA,NA,NA,CLEAR,1,0,0,0,0,TREND_REVERSAL_UNCONFIRMED,0,0.45,LONG,1,0,0,0
BNBUSDT,1783526400000,2026-07-08T16:00:00.000Z,BEAR,LONG,15.971069564812128,12.788971728228955,IGNORE,0,WATCH,,0,0,0,NA,NA,NA,NA,NA,CLEAR,1,0,0,0,0,TREND_REVERSAL_UNCONFIRMED,1,0.45,LONG,1,0,0,0
BNBUSDT,1783530000000,2026-07-08T17:00:00.000Z,BEAR,LONG,0,7.875,IGNORE,0,WATCH,,0,0,0,NA,NA,NA,NA,NA,WARNING_SOFT,1,0,0,0,0,TREND_REVERSAL_UNCONFIRMED,0,0.45,LONG,1,0,0,0
BNBUSDT,1783533600000,2026-07-08T18:00:00.000Z,BEAR,LONG,17.5,12.909375,IGNORE,0,WATCH,,0,0,0,NA,NA,NA,NA,NA,WARNING_SOFT,1,0,0,0,0,TREND_REVERSAL_UNCONFIRMED,1,0.45,LONG,1,0,0,0
BNBUSDT,1783537200000,2026-07-08T19:00:00.000Z,BEAR,LONG,17.5,12.909375,IGNORE,0,WATCH,,0,0,0,NA,NA,NA,NA,NA,WARNING_SOFT,1,0,0,0,0,TREND_REVERSAL_UNCONFIRMED,1,0.45,LONG,1,0,0,0
BNBUSDT,1783540800000,2026-07-08T20:00:00.000Z,BEAR,LONG,17.5,12.909375,IGNORE,0,WATCH,,0,0,0,NA,NA,NA,NA,NA,WARNING_SOFT,1,0,0,0,0,TREND_REVERSAL_UNCONFIRMED,1,0.45,LONG,1,0,0,0
BNBUSDT,1783544400000,2026-07-08T21:00:00.000Z,BEAR,LONG,17.5,12.909375,IGNORE,0,WATCH,,0,0,0,NA,NA,NA,NA,NA,WARNING_SOFT,1,0,0,0,0,TREND_REVERSAL_UNCONFIRMED,1,0.45,LONG,1,0,0,0
BNBUSDT,1783548000000,2026-07-08T22:00:00.000Z,NEUTRAL,NONE,0,7.875,IGNORE,0,WATCH,,0,0,0,NA,NA,NA,NA,NA,WARNING_SOFT,1,0,0,0,0,TREND_REVERSAL_UNCONFIRMED,0,0.45,NONE,1,0,0,0
BNBUSDT,1783551600000,2026-07-08T23:00:00.000Z,NEUTRAL,NONE,0,7.875,IGNORE,0,WATCH,,0,0,0,NA,NA,NA,NA,NA,WARNING_SOFT,1,0,0,0,0,TREND_REVERSAL_UNCONFIRMED,0,0.45,NONE,1,0,0,0
BNBUSDT,1783555200000,2026-07-09T00:00:00.000Z,NEUTRAL,NONE,0,7.875,IGNORE,0,WATCH,,0,0,0,NA,NA,NA,NA,NA,WARNING_SOFT,1,0,0,0,0,TREND_REVERSAL_UNCONFIRMED,0,0.45,NONE,1,0,0,0
BNBUSDT,1783558800000,2026-07-09T01:00:00.000Z,BEAR,LONG,42.5,18.534375,IGNORE,0,WATCH,,0,0,0,NA,NA,NA,NA,NA,BLOCK,0,0,0,0,0,TREND_REVERSAL_UNCONFIRMED,2,0.45,LONG,1,0,0,0
BNBUSDT,1783562400000,2026-07-09T02:00:00.000Z,BEAR,LONG,17.5,12.909375,IGNORE,0,WATCH,,0,0,0,NA,NA,NA,NA,NA,WARNING_SOFT,1,0,0,0,0,TREND_REVERSAL_UNCONFIRMED,1,0.45,LONG,1,0,0,0
BNBUSDT,1783566000000,2026-07-09T03:00:00.000Z,NEUTRAL,NONE,0,7.875,IGNORE,0,WATCH,,0,0,0,NA,NA,NA,NA,NA,BLOCK,0,0,0,0,0,TREND_REVERSAL_UNCONFIRMED,0,0.45,NONE,1,0,0,0
BNBUSDT,1783569600000,2026-07-09T04:00:00.000Z,NEUTRAL,NONE,0,7.875,IGNORE,0,WATCH,,0,0,0,NA,NA,NA,NA,NA,CLEAR,1,0,0,0,0,TREND_REVERSAL_UNCONFIRMED,0,0.45,NONE,1,0,0,0
BNBUSDT,1783573200000,2026-07-09T05:00:00.000Z,NEUTRAL,NONE,0,7.875,IGNORE,0,WATCH,,0,0,0,NA,NA,NA,NA,NA,CLEAR,1,0,0,0,0,TREND_REVERSAL_UNCONFIRMED,0,0.45,NONE,1,0,0,0
BNBUSDT,1783576800000,2026-07-09T06:00:00.000Z,NEUTRAL,NONE,0,7.875,IGNORE,0,WATCH,,0,0,0,NA,NA,NA,NA,NA,CLEAR,1,0,0,0,0,TREND_REVERSAL_UNCONFIRMED,0,0.45,NONE,1,0,0,0
BNBUSDT,1783580400000,2026-07-09T07:00:00.000Z,NEUTRAL,NONE,0,7.875,IGNORE,0,WATCH,,0,0,0,NA,NA,NA,NA,NA,CLEAR,1,0,0,0,0,TREND_REVERSAL_UNCONFIRMED,0,0.45,NONE,1,0,0,0
BNBUSDT,1783584000000,2026-07-09T08:00:00.000Z,NEUTRAL,NONE,0,7.875,IGNORE,0,WATCH,,0,0,0,NA,NA,NA,NA,NA,CLEAR,1,0,0,0,0,TREND_REVERSAL_UNCONFIRMED,0,0.45,NONE,1,0,0,0
BNBUSDT,1783587600000,2026-07-09T09:00:00.000Z,NEUTRAL,NONE,0,7.875,IGNORE,0,WATCH,,0,0,0,NA,NA,NA,NA,NA,CLEAR,1,0,0,0,0,TREND_REVERSAL_UNCONFIRMED,0,0.45,NONE,1,0,0,0
BNBUSDT,1783591200000,2026-07-09T10:00:00.000Z,BEAR,LONG,17.5,12.909375,IGNORE,0,WATCH,,0,0,0,NA,NA,NA,NA,NA,WARNING_SOFT,1,0,0,0,0,TREND_REVERSAL_UNCONFIRMED,1,0.45,LONG,1,0,0,0
BNBUSDT,1783594800000,2026-07-09T11:00:00.000Z,BEAR,LONG,17.5,12.909375,IGNORE,0,WATCH,,0,0,0,NA,NA,NA,NA,NA,WARNING_SOFT,1,0,0,0,0,TREND_REVERSAL_UNCONFIRMED,1,0.45,LONG,1,0,0,0
BNBUSDT,1783598400000,2026-07-09T12:00:00.000Z,BEAR,LONG,33.84010959089959,17.852408630283342,IGNORE,0,WATCH,,0,0,0,NA,NA,NA,NA,NA,WARNING_HARD,1,0,0,0,0,TREND_REVERSAL_UNCONFIRMED,2,0.45,LONG,1,0,0,0
BNBUSDT,1783602000000,2026-07-09T13:00:00.000Z,NEUTRAL,NONE,0,7.875,IGNORE,0,WATCH,,0,0,0,NA,NA,NA,NA,NA,WARNING_SOFT,1,0,0,0,0,TREND_REVERSAL_UNCONFIRMED,0,0.45,NONE,1,0,0,0
BNBUSDT,1783605600000,2026-07-09T14:00:00.000Z,NEUTRAL,NONE,0,7.875,IGNORE,0,WATCH,,0,0,0,NA,NA,NA,NA,NA,WARNING_SOFT,1,0,0,0,0,TREND_REVERSAL_UNCONFIRMED,0,0.45,NONE,1,0,0,0
BNBUSDT,1783609200000,2026-07-09T15:00:00.000Z,NEUTRAL,NONE,0,7.875,IGNORE,0,WATCH,,0,0,0,NA,NA,NA,NA,NA,CLEAR,1,0,0,0,0,TREND_REVERSAL_UNCONFIRMED,0,0.45,NONE,1,0,0,0
BNBUSDT,1783612800000,2026-07-09T16:00:00.000Z,BEAR,LONG,17.5,12.909375,IGNORE,0,WATCH,,0,0,0,NA,NA,NA,NA,NA,WARNING_SOFT,1,0,0,0,0,TREND_REVERSAL_UNCONFIRMED,1,0.45,LONG,1,0,0,0
BNBUSDT,1783616400000,2026-07-09T17:00:00.000Z,NEUTRAL,NONE,0,7.875,IGNORE,0,WATCH,,0,0,0,NA,NA,NA,NA,NA,WARNING_SOFT,1,0,0,0,0,TREND_REVERSAL_UNCONFIRMED,0,0.45,NONE,1,0,0,0
BNBUSDT,1783620000000,2026-07-09T18:00:00.000Z,NEUTRAL,NONE,0,7.875,IGNORE,0,WATCH,,0,0,0,NA,NA,NA,NA,NA,CLEAR,1,0,0,0,0,TREND_REVERSAL_UNCONFIRMED,0,0.45,NONE,1,0,0,0
BNBUSDT,1783623600000,2026-07-09T19:00:00.000Z,BEAR,LONG,17.5,12.909375,IGNORE,0,WATCH,,0,0,0,NA,NA,NA,NA,NA,WARNING_SOFT,1,0,0,0,0,TREND_REVERSAL_UNCONFIRMED,1,0.45,LONG,1,0,0,0
BNBUSDT,1783627200000,2026-07-09T20:00:00.000Z,BEAR,LONG,17.5,12.909375,IGNORE,0,WATCH,,0,0,0,NA,NA,NA,NA,NA,WARNING_SOFT,1,0,0,0,0,TREND_REVERSAL_UNCONFIRMED,1,0.45,LONG,1,0,0,0
BNBUSDT,1783630800000,2026-07-09T21:00:00.000Z,BEAR,LONG,17.5,12.909375,IGNORE,0,WATCH,,0,0,0,NA,NA,NA,NA,NA,WARNING_SOFT,1,0,0,0,0,TREND_REVERSAL_UNCONFIRMED,1,0.45,LONG,1,0,0,0
BNBUSDT,1783634400000,2026-07-09T22:00:00.000Z,BEAR,LONG,17.5,12.909375,IGNORE,0,WATCH,,0,0,0,NA,NA,NA,NA,NA,WARNING_SOFT,1,0,0,0,0,TREND_REVERSAL_UNCONFIRMED,1,0.45,LONG,1,0,0,0
BNBUSDT,1783638000000,2026-07-09T23:00:00.000Z,BEAR,LONG,17.5,12.909375,IGNORE,0,WATCH,,0,0,0,NA,NA,NA,NA,NA,WARNING_SOFT,1,0,0,0,0,TREND_REVERSAL_UNCONFIRMED,1,0.45,LONG,1,0,0,0
BNBUSDT,1783641600000,2026-07-10T00:00:00.000Z,NEUTRAL,NONE,0,7.875,IGNORE,0,WATCH,,0,0,0,NA,NA,NA,NA,NA,BLOCK,0,0,0,0,0,TREND_REVERSAL_UNCONFIRMED,0,0.45,NONE,1,0,0,0
BNBUSDT,1783645200000,2026-07-10T01:00:00.000Z,NEUTRAL,NONE,0,7.875,IGNORE,0,WATCH,,0,0,0,NA,NA,NA,NA,NA,CLEAR,1,0,0,0,0,TREND_REVERSAL_UNCONFIRMED,0,0.45,NONE,1,0,0,0
BNBUSDT,1783648800000,2026-07-10T02:00:00.000Z,NEUTRAL,NONE,0,7.875,IGNORE,0,WATCH,,0,0,0,NA,NA,NA,NA,NA,CLEAR,1,0,0,0,0,TREND_REVERSAL_UNCONFIRMED,0,0.45,NONE,1,0,0,0
BNBUSDT,1783652400000,2026-07-10T03:00:00.000Z,BULL,SHORT,17.5,12.909375,IGNORE,0,WATCH,,0,0,0,NA,NA,NA,NA,NA,CLEAR,1,0,0,0,0,TREND_REVERSAL_UNCONFIRMED,1,0.45,SHORT,1,0,0,0
BNBUSDT,1783656000000,2026-07-10T04:00:00.000Z,BULL,SHORT,17.5,12.909375,IGNORE,0,WATCH,,0,0,0,NA,NA,NA,NA,NA,CLEAR,1,0,0,0,0,TREND_REVERSAL_UNCONFIRMED,1,0.45,SHORT,1,0,0,0
BNBUSDT,1783659600000,2026-07-10T05:00:00.000Z,BULL,SHORT,38.9201472712999,18.252461597614865,IGNORE,0,WATCH,,0,0,0,NA,NA,NA,NA,NA,CLEAR,1,0,0,0,0,TREND_REVERSAL_UNCONFIRMED,2,0.45,SHORT,1,0,0,0
BNBUSDT,1783663200000,2026-07-10T06:00:00.000Z,BULL,SHORT,17.5,12.909375,IGNORE,0,WATCH,,0,0,0,NA,NA,NA,NA,NA,CLEAR,1,0,0,0,0,TREND_REVERSAL_UNCONFIRMED,1,0.45,SHORT,1,0,0,0
BNBUSDT,1783666800000,2026-07-10T07:00:00.000Z,BULL,SHORT,31.187878706808743,17.64354544816119,IGNORE,0,WATCH,,0,0,0,NA,NA,NA,NA,NA,CLEAR,1,0,0,0,0,TREND_REVERSAL_UNCONFIRMED,2,0.45,SHORT,1,0,0,0
BNBUSDT,1783670400000,2026-07-10T08:00:00.000Z,BULL,SHORT,15.481020754444046,12.75038038441247,IGNORE,0,WATCH,,0,0,0,NA,NA,NA,NA,NA,CLEAR,1,0,0,0,0,TREND_REVERSAL_UNCONFIRMED,1,0.45,SHORT,1,0,0,0
BNBUSDT,1783674000000,2026-07-10T09:00:00.000Z,BULL,SHORT,0,7.875,IGNORE,0,WATCH,,0,0,0,NA,NA,NA,NA,NA,CLEAR,1,0,0,0,0,TREND_REVERSAL_UNCONFIRMED,0,0.45,SHORT,1,0,0,0
BNBUSDT,1783677600000,2026-07-10T10:00:00.000Z,BULL,SHORT,0,7.875,IGNORE,0,WATCH,,0,0,0,NA,NA,NA,NA,NA,CLEAR,1,0,0,0,0,TREND_REVERSAL_UNCONFIRMED,0,0.45,SHORT,1,0,0,0
BNBUSDT,1783681200000,2026-07-10T11:00:00.000Z,BULL,SHORT,0,7.875,IGNORE,0,WATCH,,0,0,0,NA,NA,NA,NA,NA,CLEAR,1,0,0,0,0,TREND_REVERSAL_UNCONFIRMED,0,0.45,SHORT,1,0,0,0
BNBUSDT,1783684800000,2026-07-10T12:00:00.000Z,NEUTRAL,NONE,0,7.875,IGNORE,0,WATCH,,0,0,0,NA,NA,NA,NA,NA,WARNING_SOFT,1,0,0,0,0,TREND_REVERSAL_UNCONFIRMED,0,0.45,NONE,1,0,0,0
BNBUSDT,1783688400000,2026-07-10T13:00:00.000Z,BULL,SHORT,32.078238910560934,17.71366131420667,IGNORE,0,WATCH,,0,0,0,NA,NA,NA,NA,NA,WARNING_SOFT,1,0,0,0,0,TREND_REVERSAL_UNCONFIRMED,2,0.45,SHORT,1,0,0,0
BNBUSDT,1783692000000,2026-07-10T14:00:00.000Z,NEUTRAL,NONE,0,7.875,IGNORE,0,WATCH,,0,0,0,NA,NA,NA,NA,NA,BLOCK,0,0,0,0,0,TREND_REVERSAL_UNCONFIRMED,0,0.45,NONE,1,0,0,0
BNBUSDT,1783695600000,2026-07-10T15:00:00.000Z,NEUTRAL,NONE,0,7.875,IGNORE,0,WATCH,,0,0,0,NA,NA,NA,NA,NA,WARNING_SOFT,1,0,0,0,0,TREND_REVERSAL_UNCONFIRMED,0,0.45,NONE,1,0,0,0
BNBUSDT,1783699200000,2026-07-10T16:00:00.000Z,BULL,SHORT,17.5,12.909375,IGNORE,0,WATCH,,0,0,0,NA,NA,NA,NA,NA,WARNING_SOFT,1,0,0,0,0,TREND_REVERSAL_UNCONFIRMED,1,0.45,SHORT,1,0,0,0
BNBUSDT,1783702800000,2026-07-10T17:00:00.000Z,BULL,SHORT,42.5,18.534375,IGNORE,0,WATCH,,0,0,0,NA,NA,NA,NA,NA,WARNING_SOFT,1,0,0,0,0,TREND_REVERSAL_UNCONFIRMED,2,0.45,SHORT,1,0,0,0
BNBUSDT,1783706400000,2026-07-10T18:00:00.000Z,BULL,SHORT,17.5,12.909375,IGNORE,0,WATCH,,0,0,0,NA,NA,NA,NA,NA,WARNING_SOFT,1,0,0,0,0,TREND_REVERSAL_UNCONFIRMED,1,0.45,SHORT,1,0,0,0
BNBUSDT,1783710000000,2026-07-10T19:00:00.000Z,BULL,SHORT,17.5,12.909375,IGNORE,0,WATCH,,0,0,0,NA,NA,NA,NA,NA,CLEAR,1,0,0,0,0,TREND_REVERSAL_UNCONFIRMED,1,0.45,SHORT,1,0,0,0
BNBUSDT,1783713600000,2026-07-10T20:00:00.000Z,BULL,SHORT,0,7.875,IGNORE,0,WATCH,,0,0,0,NA,NA,NA,NA,NA,WARNING_SOFT,1,0,0,0,0,TREND_REVERSAL_UNCONFIRMED,0,0.45,SHORT,1,0,0,0
BNBUSDT,1783717200000,2026-07-10T21:00:00.000Z,BULL,SHORT,0,7.875,IGNORE,0,WATCH,,0,0,0,NA,NA,NA,NA,NA,CLEAR,1,0,0,0,0,TREND_REVERSAL_UNCONFIRMED,0,0.45,SHORT,1,0,0,0
BNBUSDT,1783720800000,2026-07-10T22:00:00.000Z,BULL,SHORT,0,7.875,IGNORE,0,WATCH,,0,0,0,NA,NA,NA,NA,NA,CLEAR,1,0,0,0,0,TREND_REVERSAL_UNCONFIRMED,0,0.45,SHORT,1,0,0,0
BNBUSDT,1783724400000,2026-07-10T23:00:00.000Z,BULL,SHORT,0,7.875,IGNORE,0,WATCH,,0,0,0,NA,NA,NA,NA,NA,CLEAR,1,0,0,0,0,TREND_REVERSAL_UNCONFIRMED,0,0.45,SHORT,1,0,0,0
BNBUSDT,1783728000000,2026-07-11T00:00:00.000Z,NEUTRAL,NONE,0,7.875,IGNORE,0,WATCH,,0,0,0,NA,NA,NA,NA,NA,WARNING_SOFT,1,0,0,0,0,TREND_REVERSAL_UNCONFIRMED,0,0.45,NONE,1,0,0,0
BNBUSDT,1783731600000,2026-07-11T01:00:00.000Z,NEUTRAL,NONE,0,7.875,IGNORE,0,WATCH,,0,0,0,NA,NA,NA,NA,NA,WARNING_SOFT,1,0,0,0,0,TREND_REVERSAL_UNCONFIRMED,0,0.45,NONE,1,0,0,0
BNBUSDT,1783735200000,2026-07-11T02:00:00.000Z,BULL,SHORT,0,7.875,IGNORE,0,WATCH,,0,0,0,NA,NA,NA,NA,NA,WARNING_SOFT,1,0,0,0,0,TREND_REVERSAL_UNCONFIRMED,0,0.45,SHORT,1,0,0,0
BNBUSDT,1783738800000,2026-07-11T03:00:00.000Z,BULL,SHORT,0,7.875,IGNORE,0,WATCH,,0,0,0,NA,NA,NA,NA,NA,WARNING_SOFT,1,0,0,0,0,TREND_REVERSAL_UNCONFIRMED,0,0.45,SHORT,1,0,0,0
BNBUSDT,1783742400000,2026-07-11T04:00:00.000Z,BULL,SHORT,0,7.875,IGNORE,0,WATCH,,0,0,0,NA,NA,NA,NA,NA,WARNING_SOFT,1,0,0,0,0,TREND_REVERSAL_UNCONFIRMED,0,0.45,SHORT,1,0,0,0
BNBUSDT,1783746000000,2026-07-11T05:00:00.000Z,BULL,SHORT,0,7.875,IGNORE,0,WATCH,,0,0,0,NA,NA,NA,NA,NA,CLEAR,1,0,0,0,0,TREND_REVERSAL_UNCONFIRMED,0,0.45,SHORT,1,0,0,0
BNBUSDT,1783749600000,2026-07-11T06:00:00.000Z,BULL,SHORT,0,7.875,IGNORE,0,WATCH,,0,0,0,NA,NA,NA,NA,NA,CLEAR,1,0,0,0,0,TREND_REVERSAL_UNCONFIRMED,0,0.45,SHORT,1,0,0,0
BNBUSDT,1783753200000,2026-07-11T07:00:00.000Z,BULL,SHORT,0,7.875,IGNORE,0,WATCH,,0,0,0,NA,NA,NA,NA,NA,CLEAR,1,0,0,0,0,TREND_REVERSAL_UNCONFIRMED,0,0.45,SHORT,1,0,0,0
BNBUSDT,1783756800000,2026-07-11T08:00:00.000Z,BULL,SHORT,15.397157169852418,12.743776127125878,IGNORE,0,WATCH,,0,0,0,NA,NA,NA,NA,NA,CLEAR,1,0,0,0,0,TREND_REVERSAL_UNCONFIRMED,1,0.45,SHORT,1,0,0,0
BNBUSDT,1783760400000,2026-07-11T09:00:00.000Z,BULL,SHORT,17.098109995170525,12.877726162119679,IGNORE,0,WATCH,,0,0,0,NA,NA,NA,NA,NA,CLEAR,1,0,0,0,0,TREND_REVERSAL_UNCONFIRMED,1,0.45,SHORT,1,0,0,0
BNBUSDT,1783764000000,2026-07-11T10:00:00.000Z,BULL,SHORT,0,7.875,IGNORE,0,WATCH,,0,0,0,NA,NA,NA,NA,NA,CLEAR,1,0,0,0,0,TREND_REVERSAL_UNCONFIRMED,0,0.45,SHORT,1,0,0,0
BNBUSDT,1783767600000,2026-07-11T11:00:00.000Z,BULL,SHORT,12.847222222222221,12.54296875,IGNORE,0,WATCH,,0,0,0,NA,NA,NA,NA,NA,CLEAR,1,0,0,0,0,TREND_REVERSAL_UNCONFIRMED,1,0.45,SHORT,1,0,0,0
BNBUSDT,1783771200000,2026-07-11T12:00:00.000Z,BULL,SHORT,13.813327439553404,12.61904953586483,IGNORE,0,WATCH,,0,0,0,NA,NA,NA,NA,NA,CLEAR,1,0,0,0,0,TREND_REVERSAL_UNCONFIRMED,1,0.45,SHORT,1,0,0,0
BNBUSDT,1783774800000,2026-07-11T13:00:00.000Z,BULL,SHORT,18.964434112024264,13.02469918632191,IGNORE,0,WATCH,,0,0,0,NA,NA,NA,NA,NA,CLEAR,1,0,0,0,0,TREND_REVERSAL_UNCONFIRMED,1,0.45,SHORT,1,0,0,0
BNBUSDT,1783778400000,2026-07-11T14:00:00.000Z,BULL,SHORT,23.324941702617416,13.368089159081121,IGNORE,0,WATCH,,0,0,0,NA,NA,NA,NA,NA,CLEAR,1,0,0,0,0,TREND_REVERSAL_UNCONFIRMED,1,0.45,SHORT,1,0,0,0
BNBUSDT,1783782000000,2026-07-11T15:00:00.000Z,BULL,SHORT,50,19.125,IGNORE,0,WATCH,,0,0,0,NA,NA,NA,NA,NA,CLEAR,1,0,0,0,0,TREND_REVERSAL_UNCONFIRMED,2,0.45,SHORT,1,0,0,0
BNBUSDT,1783785600000,2026-07-11T16:00:00.000Z,BULL,SHORT,0,7.875,IGNORE,0,WATCH,,0,0,0,NA,NA,NA,NA,NA,CLEAR,1,0,0,0,0,TREND_REVERSAL_UNCONFIRMED,0,0.45,SHORT,1,0,0,0
BNBUSDT,1783789200000,2026-07-11T17:00:00.000Z,BULL,SHORT,0,7.875,IGNORE,0,WATCH,,0,0,0,NA,NA,NA,NA,NA,CLEAR,1,0,0,0,0,TREND_REVERSAL_UNCONFIRMED,0,0.45,SHORT,1,0,0,0
BNBUSDT,1783792800000,2026-07-11T18:00:00.000Z,BULL,SHORT,0,7.875,IGNORE,0,WATCH,,0,0,0,NA,NA,NA,NA,NA,CLEAR,1,0,0,0,0,TREND_REVERSAL_UNCONFIRMED,0,0.45,SHORT,1,0,0,0
BNBUSDT,1783796400000,2026-07-11T19:00:00.000Z,BULL,SHORT,25,13.5,IGNORE,0,WATCH,,0,0,0,NA,NA,NA,NA,NA,CLEAR,1,0,0,0,0,TREND_REVERSAL_UNCONFIRMED,1,0.45,SHORT,1,0,0,0
BNBUSDT,1783800000000,2026-07-11T20:00:00.000Z,BULL,SHORT,0,7.875,IGNORE,0,WATCH,,0,0,0,NA,NA,NA,NA,NA,CLEAR,1,0,0,0,0,TREND_REVERSAL_UNCONFIRMED,0,0.45,SHORT,1,0,0,0
BNBUSDT,1783803600000,2026-07-11T21:00:00.000Z,BULL,SHORT,0,7.875,IGNORE,0,WATCH,,0,0,0,NA,NA,NA,NA,NA,CLEAR,1,0,0,0,0,TREND_REVERSAL_UNCONFIRMED,0,0.45,SHORT,1,0,0,0
BNBUSDT,1783807200000,2026-07-11T22:00:00.000Z,BULL,SHORT,0,7.875,IGNORE,0,WATCH,,0,0,0,NA,NA,NA,NA,NA,WARNING_SOFT,1,0,0,0,0,TREND_REVERSAL_UNCONFIRMED,0,0.45,SHORT,1,0,0,0
BNBUSDT,1783810800000,2026-07-11T23:00:00.000Z,NEUTRAL,NONE,0,7.875,IGNORE,0,WATCH,,0,0,0,NA,NA,NA,NA,NA,BLOCK,0,0,0,0,0,TREND_REVERSAL_UNCONFIRMED,0,0.45,NONE,1,0,0,0
BNBUSDT,1783814400000,2026-07-12T00:00:00.000Z,NEUTRAL,NONE,0,7.875,IGNORE,0,WATCH,,0,0,0,NA,NA,NA,NA,NA,BLOCK,0,0,0,0,0,TREND_REVERSAL_UNCONFIRMED,0,0.45,NONE,1,0,0,0
BNBUSDT,1783818000000,2026-07-12T01:00:00.000Z,NEUTRAL,NONE,0,7.875,IGNORE,0,WATCH,,0,0,0,NA,NA,NA,NA,NA,BLOCK,0,0,0,0,0,TREND_REVERSAL_UNCONFIRMED,0,0.45,NONE,1,0,0,0
BNBUSDT,1783821600000,2026-07-12T02:00:00.000Z,NEUTRAL,NONE,0,7.875,IGNORE,0,WATCH,,0,0,0,NA,NA,NA,NA,NA,WARNING_SOFT,1,0,0,0,0,TREND_REVERSAL_UNCONFIRMED,0,0.45,NONE,1,0,0,0
BNBUSDT,1783825200000,2026-07-12T03:00:00.000Z,NEUTRAL,NONE,0,7.875,IGNORE,0,WATCH,,0,0,0,NA,NA,NA,NA,NA,WARNING_SOFT,1,0,0,0,0,TREND_REVERSAL_UNCONFIRMED,0,0.45,NONE,1,0,0,0
BNBUSDT,1783828800000,2026-07-12T04:00:00.000Z,NEUTRAL,NONE,0,7.875,IGNORE,0,WATCH,,0,0,0,NA,NA,NA,NA,NA,WARNING_SOFT,1,0,0,0,0,TREND_REVERSAL_UNCONFIRMED,0,0.45,NONE,1,0,0,0
BNBUSDT,1783832400000,2026-07-12T05:00:00.000Z,NEUTRAL,NONE,0,7.875,IGNORE,0,WATCH,,0,0,0,NA,NA,NA,NA,NA,WARNING_SOFT,1,0,0,0,0,TREND_REVERSAL_UNCONFIRMED,0,0.45,NONE,1,0,0,0
BNBUSDT,1783836000000,2026-07-12T06:00:00.000Z,NEUTRAL,NONE,0,7.875,IGNORE,0,WATCH,,0,0,0,NA,NA,NA,NA,NA,BLOCK,0,0,0,0,0,TREND_REVERSAL_UNCONFIRMED,0,0.45,NONE,1,0,0,0
BNBUSDT,1783839600000,2026-07-12T07:00:00.000Z,BEAR,LONG,25,13.5,IGNORE,0,WATCH,,0,0,0,NA,NA,NA,NA,NA,CLEAR,1,0,0,0,0,TREND_REVERSAL_UNCONFIRMED,1,0.45,LONG,1,0,0,0
BNBUSDT,1783843200000,2026-07-12T08:00:00.000Z,BEAR,LONG,0,7.875,IGNORE,0,WATCH,,0,0,0,NA,NA,NA,NA,NA,CLEAR,1,0,0,0,0,TREND_REVERSAL_UNCONFIRMED,0,0.45,LONG,1,0,0,0
BNBUSDT,1783846800000,2026-07-12T09:00:00.000Z,BEAR,LONG,0,7.875,IGNORE,0,WATCH,,0,0,0,NA,NA,NA,NA,NA,CLEAR,1,0,0,0,0,TREND_REVERSAL_UNCONFIRMED,0,0.45,LONG,1,0,0,0
BNBUSDT,1783850400000,2026-07-12T10:00:00.000Z,BEAR,LONG,0,7.875,IGNORE,0,WATCH,,0,0,0,NA,NA,NA,NA,NA,WARNING_SOFT,1,0,0,0,0,TREND_REVERSAL_UNCONFIRMED,0,0.45,LONG,1,0,0,0
BNBUSDT,1783854000000,2026-07-12T11:00:00.000Z,NEUTRAL,NONE,0,7.875,IGNORE,0,WATCH,,0,0,0,NA,NA,NA,NA,NA,WARNING_SOFT,1,0,0,0,0,TREND_REVERSAL_UNCONFIRMED,0,0.45,NONE,1,0,0,0
BNBUSDT,1783857600000,2026-07-12T12:00:00.000Z,BULL,SHORT,42.5,18.534375,IGNORE,0,WATCH,,0,0,0,NA,NA,NA,NA,NA,WARNING_HARD,1,0,0,0,0,TREND_REVERSAL_UNCONFIRMED,2,0.45,SHORT,1,0,0,0
BNBUSDT,1783861200000,2026-07-12T13:00:00.000Z,BULL,SHORT,42.5,18.534375,IGNORE,0,WATCH,,0,0,0,NA,NA,NA,NA,NA,WARNING_SOFT,1,0,0,0,0,TREND_REVERSAL_UNCONFIRMED,2,0.45,SHORT,1,0,0,0
BNBUSDT,1783864800000,2026-07-12T14:00:00.000Z,BULL,SHORT,17.5,12.909375,IGNORE,0,WATCH,,0,0,0,NA,NA,NA,NA,NA,CLEAR,1,0,0,0,0,TREND_REVERSAL_UNCONFIRMED,1,0.45,SHORT,1,0,0,0
BNBUSDT,1783868400000,2026-07-12T15:00:00.000Z,BULL,SHORT,0,7.875,IGNORE,0,WATCH,,0,0,0,NA,NA,NA,NA,NA,CLEAR,1,0,0,0,0,TREND_REVERSAL_UNCONFIRMED,0,0.45,SHORT,1,0,0,0
BNBUSDT,1783872000000,2026-07-12T16:00:00.000Z,BULL,SHORT,0,7.875,IGNORE,0,WATCH,,0,0,0,NA,NA,NA,NA,NA,CLEAR,1,0,0,0,0,TREND_REVERSAL_UNCONFIRMED,0,0.45,SHORT,1,0,0,0
BNBUSDT,1783875600000,2026-07-12T17:00:00.000Z,BULL,SHORT,0,7.875,IGNORE,0,WATCH,,0,0,0,NA,NA,NA,NA,NA,CLEAR,1,0,0,0,0,TREND_REVERSAL_UNCONFIRMED,0,0.45,SHORT,1,0,0,0
BNBUSDT,1783879200000,2026-07-12T18:00:00.000Z,BULL,SHORT,0,7.875,IGNORE,0,WATCH,,0,0,0,NA,NA,NA,NA,NA,CLEAR,1,0,0,0,0,TREND_REVERSAL_UNCONFIRMED,0,0.45,SHORT,1,0,0,0
BNBUSDT,1783882800000,2026-07-12T19:00:00.000Z,BULL,SHORT,0,7.875,IGNORE,0,WATCH,,0,0,0,NA,NA,NA,NA,NA,CLEAR,1,0,0,0,0,TREND_REVERSAL_UNCONFIRMED,0,0.45,SHORT,1,0,0,0
BNBUSDT,1783886400000,2026-07-12T20:00:00.000Z,BULL,SHORT,25,13.5,IGNORE,0,WATCH,,0,0,0,NA,NA,NA,NA,NA,WARNING_SOFT,1,0,0,0,0,TREND_REVERSAL_UNCONFIRMED,1,0.45,SHORT,1,0,0,0
BNBUSDT,1783890000000,2026-07-12T21:00:00.000Z,NEUTRAL,NONE,0,7.875,IGNORE,0,WATCH,,0,0,0,NA,NA,NA,NA,NA,WARNING_SOFT,1,0,0,0,0,TREND_REVERSAL_UNCONFIRMED,0,0.45,NONE,1,0,0,0
BNBUSDT,1783893600000,2026-07-12T22:00:00.000Z,NEUTRAL,NONE,0,7.875,IGNORE,0,WATCH,,0,0,0,NA,NA,NA,NA,NA,BLOCK,0,0,1,0,0,TREND_REVERSAL_UNCONFIRMED,0,0.45,NONE,1,0,0,0
BNBUSDT,1783897200000,2026-07-12T23:00:00.000Z,NEUTRAL,NONE,0,7.875,IGNORE,0,WATCH,,0,0,0,NA,NA,NA,NA,NA,WARNING_SOFT,1,0,0,0,0,TREND_REVERSAL_UNCONFIRMED,0,0.45,NONE,1,0,0,0
BNBUSDT,1783900800000,2026-07-13T00:00:00.000Z,BULL,SHORT,25,13.5,IGNORE,0,WATCH,,0,0,0,NA,NA,NA,NA,NA,WARNING_SOFT,1,0,0,0,0,TREND_REVERSAL_UNCONFIRMED,1,0.45,SHORT,1,0,0,0
BNBUSDT,1783904400000,2026-07-13T01:00:00.000Z,NEUTRAL,NONE,0,7.875,IGNORE,0,WATCH,,0,0,0,NA,NA,NA,NA,NA,BLOCK,0,0,0,0,0,TREND_REVERSAL_UNCONFIRMED,0,0.45,NONE,1,0,0,0
BNBUSDT,1783908000000,2026-07-13T02:00:00.000Z,BEAR,LONG,12.518501499368128,12.517081993075239,IGNORE,0,WATCH,,0,0,0,NA,NA,NA,NA,NA,CLEAR,1,0,0,0,0,TREND_REVERSAL_UNCONFIRMED,1,0.45,LONG,1,0,0,0
BNBUSDT,1783911600000,2026-07-13T03:00:00.000Z,BEAR,LONG,25,13.5,IGNORE,0,WATCH,,0,0,0,NA,NA,NA,NA,NA,CLEAR,1,0,1,0,0,TREND_REVERSAL_UNCONFIRMED,1,0.45,LONG,1,0,0,0
BNBUSDT,1783915200000,2026-07-13T04:00:00.000Z,BEAR,LONG,12.847222222222221,12.54296875,IGNORE,0,WATCH,,0,0,0,NA,NA,NA,NA,NA,CLEAR,1,0,0,0,0,TREND_REVERSAL_UNCONFIRMED,1,0.45,LONG,1,0,0,0
BNBUSDT,1783918800000,2026-07-13T05:00:00.000Z,BEAR,LONG,0,7.875,IGNORE,0,WATCH,,0,0,0,NA,NA,NA,NA,NA,CLEAR,1,0,0,0,0,TREND_REVERSAL_UNCONFIRMED,0,0.45,LONG,1,0,0,0
BNBUSDT,1783922400000,2026-07-13T06:00:00.000Z,BEAR,LONG,0,7.875,IGNORE,0,WATCH,,0,0,0,NA,NA,NA,NA,NA,CLEAR,1,0,0,0,0,TREND_REVERSAL_UNCONFIRMED,0,0.45,LONG,1,0,0,0
BNBUSDT,1783926000000,2026-07-13T07:00:00.000Z,BEAR,LONG,0,7.875,IGNORE,0,WATCH,,0,0,0,NA,NA,NA,NA,NA,CLEAR,1,0,0,0,0,TREND_REVERSAL_UNCONFIRMED,0,0.45,LONG,1,0,0,0
BNBUSDT,1783929600000,2026-07-13T08:00:00.000Z,BEAR,LONG,0,7.875,IGNORE,0,WATCH,,0,0,0,NA,NA,NA,NA,NA,CLEAR,1,0,0,0,0,TREND_REVERSAL_UNCONFIRMED,0,0.45,LONG,1,0,0,0
BNBUSDT,1783933200000,2026-07-13T09:00:00.000Z,BEAR,LONG,0,7.875,IGNORE,0,WATCH,,0,0,0,NA,NA,NA,NA,NA,CLEAR,1,0,0,0,0,TREND_REVERSAL_UNCONFIRMED,0,0.45,LONG,1,0,0,0
BNBUSDT,1783936800000,2026-07-13T10:00:00.000Z,BEAR,LONG,25,13.5,IGNORE,0,WATCH,,0,0,0,NA,NA,NA,NA,NA,CLEAR,1,0,0,0,0,TREND_REVERSAL_UNCONFIRMED,1,0.45,LONG,1,0,0,0
BNBUSDT,1783940400000,2026-07-13T11:00:00.000Z,BEAR,LONG,0,7.875,IGNORE,0,WATCH,,0,0,0,NA,NA,NA,NA,NA,CLEAR,1,0,0,0,0,TREND_REVERSAL_UNCONFIRMED,0,0.45,LONG,1,0,0,0
BNBUSDT,1783944000000,2026-07-13T12:00:00.000Z,BEAR,LONG,0,7.875,IGNORE,0,WATCH,,0,0,0,NA,NA,NA,NA,NA,CLEAR,1,0,0,0,0,TREND_REVERSAL_UNCONFIRMED,0,0.45,LONG,1,0,0,0
BNBUSDT,1783947600000,2026-07-13T13:00:00.000Z,BEAR,LONG,15.247404720445882,12.731983121735114,IGNORE,0,WATCH,,0,0,0,NA,NA,NA,NA,NA,CLEAR,1,0,0,0,0,TREND_REVERSAL_UNCONFIRMED,1,0.45,LONG,1,0,0,0
BNBUSDT,1783951200000,2026-07-13T14:00:00.000Z,BEAR,LONG,15.01239253839751,12.713475912398804,IGNORE,0,WATCH,,0,0,0,NA,NA,NA,NA,NA,CLEAR,1,0,0,0,0,TREND_REVERSAL_UNCONFIRMED,1,0.45,LONG,1,0,0,0
BNBUSDT,1783954800000,2026-07-13T15:00:00.000Z,BEAR,LONG,0,7.875,IGNORE,0,WATCH,,0,0,0,NA,NA,NA,NA,NA,WARNING_SOFT,1,0,0,0,0,TREND_REVERSAL_UNCONFIRMED,0,0.45,LONG,1,0,0,0
BNBUSDT,1783958400000,2026-07-13T16:00:00.000Z,BEAR,LONG,12.838843870868677,12.542308954830908,IGNORE,0,WATCH,,0,0,0,NA,NA,NA,NA,NA,CLEAR,1,0,0,0,0,TREND_REVERSAL_UNCONFIRMED,1,0.45,LONG,1,0,0,0
BNBUSDT,1783962000000,2026-07-13T17:00:00.000Z,BEAR,LONG,15.337415149803071,12.739071443046992,IGNORE,0,WATCH,,0,0,0,NA,NA,NA,NA,NA,CLEAR,1,0,0,0,0,TREND_REVERSAL_UNCONFIRMED,1,0.45,LONG,1,0,0,0
BNBUSDT,1783965600000,2026-07-13T18:00:00.000Z,BEAR,LONG,25,13.5,IGNORE,0,WATCH,,0,0,0,NA,NA,NA,NA,NA,CLEAR,1,0,0,0,0,TREND_REVERSAL_UNCONFIRMED,1,0.45,LONG,1,0,0,0
BNBUSDT,1783969200000,2026-07-13T19:00:00.000Z,BEAR,LONG,0,7.875,IGNORE,0,WATCH,,0,0,0,NA,NA,NA,NA,NA,CLEAR,1,0,0,0,0,TREND_REVERSAL_UNCONFIRMED,0,0.45,LONG,1,0,0,0
BNBUSDT,1783972800000,2026-07-13T20:00:00.000Z,BEAR,LONG,0,7.875,IGNORE,0,WATCH,,0,0,0,NA,NA,NA,NA,NA,CLEAR,1,0,0,0,0,TREND_REVERSAL_UNCONFIRMED,0,0.45,LONG,1,0,0,0
BNBUSDT,1783976400000,2026-07-13T21:00:00.000Z,BEAR,LONG,0,7.875,IGNORE,0,WATCH,,0,0,0,NA,NA,NA,NA,NA,CLEAR,1,0,0,0,0,TREND_REVERSAL_UNCONFIRMED,0,0.45,LONG,1,0,0,0
BNBUSDT,1783980000000,2026-07-13T22:00:00.000Z,BEAR,LONG,25,13.5,IGNORE,0,WATCH,,0,0,0,NA,NA,NA,NA,NA,CLEAR,1,0,0,0,0,TREND_REVERSAL_UNCONFIRMED,1,0.45,LONG,1,0,0,0
BNBUSDT,1783983600000,2026-07-13T23:00:00.000Z,BEAR,LONG,0,7.875,IGNORE,0,WATCH,,0,0,0,NA,NA,NA,NA,NA,CLEAR,1,0,0,0,0,TREND_REVERSAL_UNCONFIRMED,0,0.45,LONG,1,0,0,0
BNBUSDT,1783987200000,2026-07-14T00:00:00.000Z,NEUTRAL,NONE,0,7.875,IGNORE,0,WATCH,,0,0,0,NA,NA,NA,NA,NA,WARNING_HARD,1,0,0,0,0,TREND_REVERSAL_UNCONFIRMED,0,0.45,NONE,1,0,0,0
BNBUSDT,1783990800000,2026-07-14T01:00:00.000Z,NEUTRAL,NONE,0,7.875,IGNORE,0,WATCH,,0,0,0,NA,NA,NA,NA,NA,WARNING_SOFT,1,0,0,0,0,TREND_REVERSAL_UNCONFIRMED,0,0.45,NONE,1,0,0,0
BNBUSDT,1783994400000,2026-07-14T02:00:00.000Z,NEUTRAL,NONE,0,7.875,IGNORE,0,WATCH,,0,0,0,NA,NA,NA,NA,NA,WARNING_SOFT,1,0,0,0,0,TREND_REVERSAL_UNCONFIRMED,0,0.45,NONE,1,0,0,0
BNBUSDT,1783998000000,2026-07-14T03:00:00.000Z,NEUTRAL,NONE,0,7.875,IGNORE,0,WATCH,,0,0,0,NA,NA,NA,NA,NA,CLEAR,1,0,0,0,0,TREND_REVERSAL_UNCONFIRMED,0,0.45,NONE,1,0,0,0
BNBUSDT,1784001600000,2026-07-14T04:00:00.000Z,NEUTRAL,NONE,0,7.875,IGNORE,0,WATCH,,0,0,0,NA,NA,NA,NA,NA,CLEAR,1,0,0,0,0,TREND_REVERSAL_UNCONFIRMED,0,0.45,NONE,1,0,0,0
BNBUSDT,1784005200000,2026-07-14T05:00:00.000Z,NEUTRAL,NONE,0,7.875,IGNORE,0,WATCH,,0,0,0,NA,NA,NA,NA,NA,CLEAR,1,0,0,0,0,TREND_REVERSAL_UNCONFIRMED,0,0.45,NONE,1,0,0,0
BNBUSDT,1784008800000,2026-07-14T06:00:00.000Z,NEUTRAL,NONE,0,7.875,IGNORE,0,WATCH,,0,0,0,NA,NA,NA,NA,NA,CLEAR,1,0,0,0,0,TREND_REVERSAL_UNCONFIRMED,0,0.45,NONE,1,0,0,0
BNBUSDT,1784012400000,2026-07-14T07:00:00.000Z,NEUTRAL,NONE,0,7.875,IGNORE,0,WATCH,,0,0,0,NA,NA,NA,NA,NA,WARNING_SOFT,1,0,0,0,0,TREND_REVERSAL_UNCONFIRMED,0,0.45,NONE,1,0,0,0
BNBUSDT,1784016000000,2026-07-14T08:00:00.000Z,NEUTRAL,NONE,0,7.875,IGNORE,0,WATCH,,0,0,0,NA,NA,NA,NA,NA,CLEAR,1,0,0,0,0,TREND_REVERSAL_UNCONFIRMED,0,0.45,NONE,1,0,0,0
BNBUSDT,1784019600000,2026-07-14T09:00:00.000Z,NEUTRAL,NONE,0,7.875,IGNORE,0,WATCH,,0,0,0,NA,NA,NA,NA,NA,CLEAR,1,0,0,0,0,TREND_REVERSAL_UNCONFIRMED,0,0.45,NONE,1,0,0,0
BNBUSDT,1784023200000,2026-07-14T10:00:00.000Z,NEUTRAL,NONE,0,7.875,IGNORE,0,WATCH,,0,0,0,NA,NA,NA,NA,NA,CLEAR,1,0,0,0,0,TREND_REVERSAL_UNCONFIRMED,0,0.45,NONE,1,0,0,0
BNBUSDT,1784026800000,2026-07-14T11:00:00.000Z,NEUTRAL,NONE,0,7.875,IGNORE,0,WATCH,,0,0,0,NA,NA,NA,NA,NA,CLEAR,1,0,0,0,0,TREND_REVERSAL_UNCONFIRMED,0,0.45,NONE,1,0,0,0
BNBUSDT,1784030400000,2026-07-14T12:00:00.000Z,NEUTRAL,NONE,0,7.875,IGNORE,0,WATCH,,0,0,0,NA,NA,NA,NA,NA,CLEAR,1,1,0,0,0,TREND_REVERSAL_UNCONFIRMED,0,0.45,NONE,1,0,0,0
BNBUSDT,1784034000000,2026-07-14T13:00:00.000Z,NEUTRAL,NONE,0,7.875,IGNORE,0,WATCH,,0,0,0,NA,NA,NA,NA,NA,CLEAR,1,1,0,0,0,TREND_REVERSAL_UNCONFIRMED,0,0.45,NONE,1,0,0,0
BNBUSDT,1784037600000,2026-07-14T14:00:00.000Z,BULL,SHORT,54.47685382547634,42.76309751234502,WATCH,1,WATCH,ACTIVE,1,1,0,FAIL,PASS,SKIP,SKIP,FAIL,CLEAR,1,1,0,0,0,MARKET_CONTEXT_DENIED,3,0.84,SHORT,1,0,0,0
BNBUSDT,1784041200000,2026-07-14T15:00:00.000Z,BULL,SHORT,55.34722222222222,42.89104166666666,WATCH,1,WATCH,ACTIVE,1,1,0,FAIL,PASS,SKIP,SKIP,FAIL,CLEAR,1,1,0,0,0,MARKET_CONTEXT_DENIED,3,0.84,SHORT,1,0,0,0
BNBUSDT,1784044800000,2026-07-14T16:00:00.000Z,BULL,SHORT,42.5,18.534375,IGNORE,0,WATCH,,0,0,0,NA,NA,NA,NA,NA,CLEAR,1,0,0,0,0,TREND_REVERSAL_UNCONFIRMED,2,0.45,SHORT,1,0,0,0
BNBUSDT,1784048400000,2026-07-14T17:00:00.000Z,BULL,SHORT,34.85310386349461,17.932181929250202,IGNORE,0,WATCH,,0,0,0,NA,NA,NA,NA,NA,CLEAR,1,0,0,0,0,TREND_REVERSAL_UNCONFIRMED,2,0.45,SHORT,1,0,0,0
BNBUSDT,1784052000000,2026-07-14T18:00:00.000Z,BULL,SHORT,0,7.875,IGNORE,0,WATCH,,0,0,0,NA,NA,NA,NA,NA,CLEAR,1,0,0,0,0,TREND_REVERSAL_UNCONFIRMED,0,0.45,SHORT,1,0,0,0
BNBUSDT,1784055600000,2026-07-14T19:00:00.000Z,BULL,SHORT,0,7.875,IGNORE,0,WATCH,,0,0,0,NA,NA,NA,NA,NA,CLEAR,1,0,0,0,0,TREND_REVERSAL_UNCONFIRMED,0,0.45,SHORT,1,0,0,0
BNBUSDT,1784059200000,2026-07-14T20:00:00.000Z,BULL,SHORT,25,13.5,IGNORE,0,WATCH,,0,0,0,NA,NA,NA,NA,NA,CLEAR,1,0,0,0,0,TREND_REVERSAL_UNCONFIRMED,1,0.45,SHORT,1,0,0,0
BNBUSDT,1784062800000,2026-07-14T21:00:00.000Z,BULL,SHORT,0,7.875,IGNORE,0,WATCH,,0,0,0,NA,NA,NA,NA,NA,CLEAR,1,0,0,0,0,TREND_REVERSAL_UNCONFIRMED,0,0.45,SHORT,1,0,0,0
BNBUSDT,1784066400000,2026-07-14T22:00:00.000Z,BULL,SHORT,0,7.875,IGNORE,0,WATCH,,0,0,0,NA,NA,NA,NA,NA,CLEAR,1,0,0,0,0,TREND_REVERSAL_UNCONFIRMED,0,0.45,SHORT,1,0,0,0
BNBUSDT,1784070000000,2026-07-14T23:00:00.000Z,BULL,SHORT,0,7.875,IGNORE,0,WATCH,,0,0,0,NA,NA,NA,NA,NA,CLEAR,1,0,0,0,0,TREND_REVERSAL_UNCONFIRMED,0,0.45,SHORT,1,0,0,0
BNBUSDT,1784073600000,2026-07-15T00:00:00.000Z,BULL,SHORT,0,7.875,IGNORE,0,WATCH,,0,0,0,NA,NA,NA,NA,NA,CLEAR,1,0,0,0,0,TREND_REVERSAL_UNCONFIRMED,0,0.45,SHORT,1,0,0,0
BNBUSDT,1784077200000,2026-07-15T01:00:00.000Z,BULL,SHORT,0,7.875,IGNORE,0,WATCH,,0,0,0,NA,NA,NA,NA,NA,CLEAR,1,0,0,0,0,TREND_REVERSAL_UNCONFIRMED,0,0.45,SHORT,1,0,0,0
BNBUSDT,1784080800000,2026-07-15T02:00:00.000Z,BULL,SHORT,25,13.5,IGNORE,0,WATCH,,0,0,0,NA,NA,NA,NA,NA,WARNING_SOFT,1,0,0,0,0,TREND_REVERSAL_UNCONFIRMED,1,0.45,SHORT,1,0,0,0
BNBUSDT,1784084400000,2026-07-15T03:00:00.000Z,BULL,SHORT,17.5,12.909375,IGNORE,0,WATCH,,0,0,0,NA,NA,NA,NA,NA,WARNING_SOFT,1,0,0,0,0,TREND_REVERSAL_UNCONFIRMED,1,0.45,SHORT,1,0,0,0
BNBUSDT,1784088000000,2026-07-15T04:00:00.000Z,BULL,SHORT,17.5,12.909375,IGNORE,0,WATCH,,0,0,0,NA,NA,NA,NA,NA,WARNING_SOFT,1,0,0,0,0,TREND_REVERSAL_UNCONFIRMED,1,0.45,SHORT,1,0,0,0
BNBUSDT,1784091600000,2026-07-15T05:00:00.000Z,BULL,SHORT,17.5,12.909375,IGNORE,0,WATCH,,0,0,0,NA,NA,NA,NA,NA,BLOCK,0,0,0,0,0,TREND_REVERSAL_UNCONFIRMED,1,0.45,SHORT,1,0,0,0
BNBUSDT,1784095200000,2026-07-15T06:00:00.000Z,BULL,SHORT,17.5,12.909375,IGNORE,0,WATCH,,0,0,0,NA,NA,NA,NA,NA,WARNING_SOFT,1,0,0,0,0,TREND_REVERSAL_UNCONFIRMED,1,0.45,SHORT,1,0,0,0
BNBUSDT,1784098800000,2026-07-15T07:00:00.000Z,NEUTRAL,NONE,0,7.875,IGNORE,0,WATCH,,0,0,0,NA,NA,NA,NA,NA,BLOCK,0,0,0,0,0,TREND_REVERSAL_UNCONFIRMED,0,0.45,NONE,1,0,0,0
BNBUSDT,1784102400000,2026-07-15T08:00:00.000Z,NEUTRAL,NONE,0,7.875,IGNORE,0,WATCH,,0,0,0,NA,NA,NA,NA,NA,BLOCK,0,0,0,0,0,TREND_REVERSAL_UNCONFIRMED,0,0.45,NONE,1,0,0,0
BNBUSDT,1784106000000,2026-07-15T09:00:00.000Z,NEUTRAL,NONE,0,7.875,IGNORE,0,WATCH,,0,0,0,NA,NA,NA,NA,NA,WARNING_SOFT,1,0,0,0,0,TREND_REVERSAL_UNCONFIRMED,0,0.45,NONE,1,0,0,0
BNBUSDT,1784109600000,2026-07-15T10:00:00.000Z,BULL,SHORT,17.5,12.909375,IGNORE,0,WATCH,,0,0,0,NA,NA,NA,NA,NA,WARNING_SOFT,1,0,0,0,0,TREND_REVERSAL_UNCONFIRMED,1,0.45,SHORT,1,0,0,0
BNBUSDT,1784113200000,2026-07-15T11:00:00.000Z,BULL,SHORT,17.5,12.909375,IGNORE,0,WATCH,,0,0,0,NA,NA,NA,NA,NA,WARNING_SOFT,1,0,0,0,0,TREND_REVERSAL_UNCONFIRMED,1,0.45,SHORT,1,0,0,0
BNBUSDT,1784116800000,2026-07-15T12:00:00.000Z,BULL,SHORT,42.5,18.534375,IGNORE,0,WATCH,,0,0,0,NA,NA,NA,NA,NA,WARNING_SOFT,1,0,0,0,0,TREND_REVERSAL_UNCONFIRMED,2,0.45,SHORT,1,0,0,0
BNBUSDT,1784120400000,2026-07-15T13:00:00.000Z,BULL,SHORT,42.5,18.534375,IGNORE,0,WATCH,,0,0,0,NA,NA,NA,NA,NA,CLEAR,1,0,0,0,0,TREND_REVERSAL_UNCONFIRMED,2,0.45,SHORT,1,0,0,0
BNBUSDT,1784124000000,2026-07-15T14:00:00.000Z,BULL,SHORT,40.31666786789707,18.362437594596894,IGNORE,0,WATCH,,0,0,0,NA,NA,NA,NA,NA,CLEAR,1,0,0,0,0,TREND_REVERSAL_UNCONFIRMED,2,0.45,SHORT,1,0,0,0
BNBUSDT,1784127600000,2026-07-15T15:00:00.000Z,BULL,SHORT,17.5,12.909375,IGNORE,0,WATCH,,0,0,0,NA,NA,NA,NA,NA,CLEAR,1,0,0,0,0,TREND_REVERSAL_UNCONFIRMED,1,0.45,SHORT,1,0,0,0
BNBUSDT,1784131200000,2026-07-15T16:00:00.000Z,NEUTRAL,NONE,0,7.875,IGNORE,0,WATCH,,0,0,0,NA,NA,NA,NA,NA,BLOCK,0,0,0,0,0,TREND_REVERSAL_UNCONFIRMED,0,0.45,NONE,1,0,0,0
BNBUSDT,1784134800000,2026-07-15T17:00:00.000Z,BULL,SHORT,0,7.875,IGNORE,0,WATCH,,0,0,0,NA,NA,NA,NA,NA,WARNING_SOFT,1,0,0,0,0,TREND_REVERSAL_UNCONFIRMED,0,0.45,SHORT,1,0,0,0
BNBUSDT,1784138400000,2026-07-15T18:00:00.000Z,BULL,SHORT,0,7.875,IGNORE,0,WATCH,,0,0,0,NA,NA,NA,NA,NA,CLEAR,1,0,0,0,0,TREND_REVERSAL_UNCONFIRMED,0,0.45,SHORT,1,0,0,0
BNBUSDT,1784142000000,2026-07-15T19:00:00.000Z,NEUTRAL,NONE,0,7.875,IGNORE,0,WATCH,,0,0,0,NA,NA,NA,NA,NA,WARNING_SOFT,1,0,0,0,0,TREND_REVERSAL_UNCONFIRMED,0,0.45,NONE,1,0,0,0
BNBUSDT,1784145600000,2026-07-15T20:00:00.000Z,BULL,SHORT,0,7.875,IGNORE,0,WATCH,,0,0,0,NA,NA,NA,NA,NA,WARNING_SOFT,1,0,0,0,0,TREND_REVERSAL_UNCONFIRMED,0,0.45,SHORT,1,0,0,0
BNBUSDT,1784149200000,2026-07-15T21:00:00.000Z,BULL,SHORT,25,13.5,IGNORE,0,WATCH,,0,0,0,NA,NA,NA,NA,NA,WARNING_SOFT,1,0,0,0,0,TREND_REVERSAL_UNCONFIRMED,1,0.45,SHORT,1,0,0,0
BNBUSDT,1784152800000,2026-07-15T22:00:00.000Z,BULL,SHORT,0,7.875,IGNORE,0,WATCH,,0,0,0,NA,NA,NA,NA,NA,CLEAR,1,0,0,0,0,TREND_REVERSAL_UNCONFIRMED,0,0.45,SHORT,1,0,0,0
BNBUSDT,1784156400000,2026-07-15T23:00:00.000Z,BULL,SHORT,0,7.875,IGNORE,0,WATCH,,0,0,0,NA,NA,NA,NA,NA,WARNING_SOFT,1,0,0,0,0,TREND_REVERSAL_UNCONFIRMED,0,0.45,SHORT,1,0,0,0
BNBUSDT,1784160000000,2026-07-16T00:00:00.000Z,NEUTRAL,NONE,0,7.875,IGNORE,0,WATCH,,0,0,0,NA,NA,NA,NA,NA,BLOCK,0,0,0,0,0,TREND_REVERSAL_UNCONFIRMED,0,0.45,NONE,1,0,0,0
BNBUSDT,1784163600000,2026-07-16T01:00:00.000Z,NEUTRAL,NONE,0,7.875,IGNORE,0,WATCH,,0,0,0,NA,NA,NA,NA,NA,WARNING_SOFT,1,0,0,0,0,TREND_REVERSAL_UNCONFIRMED,0,0.45,NONE,1,0,0,0
BNBUSDT,1784167200000,2026-07-16T02:00:00.000Z,BULL,SHORT,0,7.875,IGNORE,0,WATCH,,0,0,0,NA,NA,NA,NA,NA,WARNING_SOFT,1,0,0,0,0,TREND_REVERSAL_UNCONFIRMED,0,0.45,SHORT,1,0,0,0
BNBUSDT,1784170800000,2026-07-16T03:00:00.000Z,BULL,SHORT,17.5,12.909375,IGNORE,0,WATCH,,0,0,0,NA,NA,NA,NA,NA,WARNING_SOFT,1,0,0,0,0,TREND_REVERSAL_UNCONFIRMED,1,0.45,SHORT,1,0,0,0
BNBUSDT,1784174400000,2026-07-16T04:00:00.000Z,BULL,SHORT,17.5,12.909375,IGNORE,0,WATCH,,0,0,0,NA,NA,NA,NA,NA,WARNING_SOFT,1,0,0,0,0,TREND_REVERSAL_UNCONFIRMED,1,0.45,SHORT,1,0,0,0
BNBUSDT,1784178000000,2026-07-16T05:00:00.000Z,BULL,SHORT,42.5,18.534375,IGNORE,0,WATCH,,0,0,0,NA,NA,NA,NA,NA,CLEAR,1,0,0,0,0,TREND_REVERSAL_UNCONFIRMED,2,0.45,SHORT,1,0,0,0
BNBUSDT,1784181600000,2026-07-16T06:00:00.000Z,BULL,SHORT,17.5,12.909375,IGNORE,0,WATCH,,0,0,0,NA,NA,NA,NA,NA,WARNING_SOFT,1,0,0,0,0,TREND_REVERSAL_UNCONFIRMED,1,0.45,SHORT,1,0,0,0
BNBUSDT,1784185200000,2026-07-16T07:00:00.000Z,NEUTRAL,NONE,0,7.875,IGNORE,0,WATCH,,0,0,0,NA,NA,NA,NA,NA,WARNING_SOFT,1,0,0,0,0,TREND_REVERSAL_UNCONFIRMED,0,0.45,NONE,1,0,0,0
BNBUSDT,1784188800000,2026-07-16T08:00:00.000Z,NEUTRAL,NONE,0,7.875,IGNORE,0,WATCH,,0,0,0,NA,NA,NA,NA,NA,BLOCK,0,0,1,0,0,TREND_REVERSAL_UNCONFIRMED,0,0.45,NONE,1,0,0,0
BNBUSDT,1784192400000,2026-07-16T09:00:00.000Z,NEUTRAL,NONE,0,7.875,IGNORE,0,WATCH,,0,0,0,NA,NA,NA,NA,NA,WARNING_SOFT,1,0,0,0,0,TREND_REVERSAL_UNCONFIRMED,0,0.45,NONE,1,0,0,0
BNBUSDT,1784196000000,2026-07-16T10:00:00.000Z,NEUTRAL,NONE,0,7.875,IGNORE,0,WATCH,,0,0,0,NA,NA,NA,NA,NA,WARNING_SOFT,1,0,0,0,0,TREND_REVERSAL_UNCONFIRMED,0,0.45,NONE,1,0,0,0
BNBUSDT,1784199600000,2026-07-16T11:00:00.000Z,NEUTRAL,NONE,0,7.875,IGNORE,0,WATCH,,0,0,0,NA,NA,NA,NA,NA,WARNING_SOFT,1,0,0,0,0,TREND_REVERSAL_UNCONFIRMED,0,0.45,NONE,1,0,0,0
BNBUSDT,1784203200000,2026-07-16T12:00:00.000Z,NEUTRAL,NONE,0,7.875,IGNORE,0,WATCH,,0,0,0,NA,NA,NA,NA,NA,WARNING_SOFT,1,0,0,0,0,TREND_REVERSAL_UNCONFIRMED,0,0.45,NONE,1,0,0,0
BNBUSDT,1784206800000,2026-07-16T13:00:00.000Z,NEUTRAL,NONE,0,7.875,IGNORE,0,WATCH,,0,0,0,NA,NA,NA,NA,NA,WARNING_SOFT,1,0,0,0,0,TREND_REVERSAL_UNCONFIRMED,0,0.45,NONE,1,0,0,0
BNBUSDT,1784210400000,2026-07-16T14:00:00.000Z,BULL,SHORT,17.769357976281643,12.93058694063218,IGNORE,0,WATCH,,0,0,0,NA,NA,NA,NA,NA,CLEAR,1,0,0,0,0,TREND_REVERSAL_UNCONFIRMED,1,0.45,SHORT,1,0,0,0
BNBUSDT,1784214000000,2026-07-16T15:00:00.000Z,BULL,SHORT,12.661731229987732,12.528361334361534,IGNORE,0,WATCH,,0,0,0,NA,NA,NA,NA,NA,CLEAR,1,0,0,0,0,TREND_REVERSAL_UNCONFIRMED,1,0.45,SHORT,1,0,0,0
BNBUSDT,1784217600000,2026-07-16T16:00:00.000Z,NEUTRAL,NONE,0,7.875,IGNORE,0,WATCH,,0,0,0,NA,NA,NA,NA,NA,WARNING_SOFT,1,0,0,0,0,TREND_REVERSAL_UNCONFIRMED,0,0.45,NONE,1,0,0,0
BNBUSDT,1784221200000,2026-07-16T17:00:00.000Z,NEUTRAL,NONE,0,7.875,IGNORE,0,WATCH,,0,0,0,NA,NA,NA,NA,NA,WARNING_SOFT,1,0,0,0,0,TREND_REVERSAL_UNCONFIRMED,0,0.45,NONE,1,0,0,0
BNBUSDT,1784224800000,2026-07-16T18:00:00.000Z,NEUTRAL,NONE,0,7.875,IGNORE,0,WATCH,,0,0,0,NA,NA,NA,NA,NA,WARNING_SOFT,1,0,0,0,0,TREND_REVERSAL_UNCONFIRMED,0,0.45,NONE,1,0,0,0
BNBUSDT,1784228400000,2026-07-16T19:00:00.000Z,BEAR,LONG,17.5,12.909375,IGNORE,0,WATCH,,0,0,0,NA,NA,NA,NA,NA,CLEAR,1,0,0,0,0,TREND_REVERSAL_UNCONFIRMED,1,0.45,LONG,1,0,0,0
BNBUSDT,1784232000000,2026-07-16T20:00:00.000Z,BEAR,LONG,12.847222222222221,12.54296875,IGNORE,0,WATCH,,0,0,0,NA,NA,NA,NA,NA,CLEAR,1,0,0,0,0,TREND_REVERSAL_UNCONFIRMED,1,0.45,LONG,1,0,0,0
BNBUSDT,1784235600000,2026-07-16T21:00:00.000Z,BEAR,LONG,25,13.5,IGNORE,0,WATCH,,0,0,0,NA,NA,NA,NA,NA,CLEAR,1,0,0,0,0,TREND_REVERSAL_UNCONFIRMED,1,0.45,LONG,1,0,0,0
BNBUSDT,1784239200000,2026-07-16T22:00:00.000Z,BEAR,LONG,12.847222222222221,12.54296875,IGNORE,0,WATCH,,0,0,0,NA,NA,NA,NA,NA,CLEAR,1,0,0,0,0,TREND_REVERSAL_UNCONFIRMED,1,0.45,LONG,1,0,0,0
BNBUSDT,1784242800000,2026-07-16T23:00:00.000Z,BEAR,LONG,0,7.875,IGNORE,0,WATCH,,0,0,0,NA,NA,NA,NA,NA,CLEAR,1,0,0,0,0,TREND_REVERSAL_UNCONFIRMED,0,0.45,LONG,1,0,0,0
BNBUSDT,1784246400000,2026-07-17T00:00:00.000Z,BEAR,LONG,25,13.5,IGNORE,0,WATCH,,0,0,0,NA,NA,NA,NA,NA,CLEAR,1,0,0,0,0,TREND_REVERSAL_UNCONFIRMED,1,0.45,LONG,1,0,0,0
BNBUSDT,1784250000000,2026-07-17T01:00:00.000Z,BEAR,LONG,12.847222222222221,12.54296875,IGNORE,0,WATCH,,0,0,0,NA,NA,NA,NA,NA,CLEAR,1,0,0,0,0,TREND_REVERSAL_UNCONFIRMED,1,0.45,LONG,1,0,0,0
BNBUSDT,1784253600000,2026-07-17T02:00:00.000Z,BEAR,LONG,0,7.875,IGNORE,0,WATCH,,0,0,0,NA,NA,NA,NA,NA,CLEAR,1,0,0,0,0,TREND_REVERSAL_UNCONFIRMED,0,0.45,LONG,1,0,0,0
BNBUSDT,1784257200000,2026-07-17T03:00:00.000Z,BEAR,LONG,25,13.5,IGNORE,0,WATCH,,0,0,0,NA,NA,NA,NA,NA,CLEAR,1,0,0,0,0,TREND_REVERSAL_UNCONFIRMED,1,0.45,LONG,1,0,0,0
BNBUSDT,1784260800000,2026-07-17T04:00:00.000Z,BEAR,LONG,0,7.875,IGNORE,0,WATCH,,0,0,0,NA,NA,NA,NA,NA,CLEAR,1,0,0,0,0,TREND_REVERSAL_UNCONFIRMED,0,0.45,LONG,1,0,0,0
BNBUSDT,1784264400000,2026-07-17T05:00:00.000Z,BEAR,LONG,25,13.5,IGNORE,0,WATCH,,0,0,0,NA,NA,NA,NA,NA,CLEAR,1,0,0,0,0,TREND_REVERSAL_UNCONFIRMED,1,0.45,LONG,1,0,0,0
BNBUSDT,1784268000000,2026-07-17T06:00:00.000Z,BEAR,LONG,25,13.5,IGNORE,0,WATCH,,0,0,0,NA,NA,NA,NA,NA,CLEAR,1,0,0,0,0,TREND_REVERSAL_UNCONFIRMED,1,0.45,LONG,1,0,0,0
BNBUSDT,1784271600000,2026-07-17T07:00:00.000Z,BEAR,LONG,0,7.875,IGNORE,0,WATCH,,0,0,0,NA,NA,NA,NA,NA,CLEAR,1,0,0,0,0,TREND_REVERSAL_UNCONFIRMED,0,0.45,LONG,1,0,0,0
BNBUSDT,1784275200000,2026-07-17T08:00:00.000Z,BEAR,LONG,20.96478788038613,13.182227045580408,IGNORE,0,WATCH,,0,0,0,NA,NA,NA,NA,NA,CLEAR,1,0,0,0,0,TREND_REVERSAL_UNCONFIRMED,1,0.45,LONG,1,0,0,0
BNBUSDT,1784278800000,2026-07-17T09:00:00.000Z,BEAR,LONG,14.614193041636272,12.682117702028856,IGNORE,0,WATCH,,0,0,0,NA,NA,NA,NA,NA,CLEAR,1,0,0,0,0,TREND_REVERSAL_UNCONFIRMED,1,0.45,LONG,1,0,0,0
BNBUSDT,1784282400000,2026-07-17T10:00:00.000Z,BEAR,LONG,42.496689550378235,18.534114302092284,IGNORE,0,WATCH,,0,0,0,NA,NA,NA,NA,NA,CLEAR,1,0,0,0,0,TREND_REVERSAL_UNCONFIRMED,2,0.45,LONG,1,0,0,0
BNBUSDT,1784286000000,2026-07-17T11:00:00.000Z,BEAR,LONG,0,7.875,IGNORE,0,WATCH,,0,0,0,NA,NA,NA,NA,NA,CLEAR,1,0,0,0,0,TREND_REVERSAL_UNCONFIRMED,0,0.45,LONG,1,0,0,0
BNBUSDT,1784289600000,2026-07-17T12:00:00.000Z,BEAR,LONG,15.129546786202468,12.722701809413445,IGNORE,0,WATCH,,0,0,0,NA,NA,NA,NA,NA,CLEAR,1,0,0,0,0,TREND_REVERSAL_UNCONFIRMED,1,0.45,LONG,1,0,0,0
BNBUSDT,1784293200000,2026-07-17T13:00:00.000Z,BEAR,LONG,25,13.5,IGNORE,0,WATCH,,0,0,0,NA,NA,NA,NA,NA,CLEAR,1,0,0,0,0,TREND_REVERSAL_UNCONFIRMED,1,0.45,LONG,1,0,0,0
BNBUSDT,1784296800000,2026-07-17T14:00:00.000Z,BEAR,LONG,39.91912333623844,18.33113096272878,IGNORE,0,WATCH,,0,0,0,NA,NA,NA,NA,NA,CLEAR,1,0,0,0,0,TREND_REVERSAL_UNCONFIRMED,2,0.45,LONG,1,0,0,0
BNBUSDT,1784300400000,2026-07-17T15:00:00.000Z,BEAR,LONG,19.477453910980962,13.06509949548975,IGNORE,0,WATCH,,0,0,0,NA,NA,NA,NA,NA,CLEAR,1,0,0,0,0,TREND_REVERSAL_UNCONFIRMED,1,0.45,LONG,1,0,0,0
BNBUSDT,1784304000000,2026-07-17T16:00:00.000Z,BEAR,LONG,13.804615880759686,12.618363500609824,IGNORE,0,WATCH,,0,0,0,NA,NA,NA,NA,NA,CLEAR,1,0,0,0,0,TREND_REVERSAL_UNCONFIRMED,1,0.45,LONG,1,0,0,0
BNBUSDT,1784307600000,2026-07-17T17:00:00.000Z,BEAR,LONG,14.722984365222139,12.690685018761243,IGNORE,0,WATCH,,0,0,0,NA,NA,NA,NA,NA,BLOCK,0,0,0,0,0,TREND_REVERSAL_UNCONFIRMED,1,0.45,LONG,1,0,0,0
BNBUSDT,1784311200000,2026-07-17T18:00:00.000Z,NEUTRAL,NONE,0,7.875,IGNORE,0,WATCH,,0,0,0,NA,NA,NA,NA,NA,CLEAR,1,0,0,0,0,TREND_REVERSAL_UNCONFIRMED,0,0.45,NONE,1,0,0,0
BNBUSDT,1784314800000,2026-07-17T19:00:00.000Z,NEUTRAL,NONE,0,7.875,IGNORE,0,WATCH,,0,0,0,NA,NA,NA,NA,NA,CLEAR,1,0,0,0,0,TREND_REVERSAL_UNCONFIRMED,0,0.45,NONE,1,0,0,0
BNBUSDT,1784318400000,2026-07-17T20:00:00.000Z,NEUTRAL,NONE,0,7.875,IGNORE,0,WATCH,,0,0,0,NA,NA,NA,NA,NA,CLEAR,1,0,0,0,0,TREND_REVERSAL_UNCONFIRMED,0,0.45,NONE,1,0,0,0
BNBUSDT,1784322000000,2026-07-17T21:00:00.000Z,NEUTRAL,NONE,0,7.875,IGNORE,0,WATCH,,0,0,0,NA,NA,NA,NA,NA,CLEAR,1,0,0,0,0,TREND_REVERSAL_UNCONFIRMED,0,0.45,NONE,1,0,0,0
BNBUSDT,1784325600000,2026-07-17T22:00:00.000Z,NEUTRAL,NONE,0,7.875,IGNORE,0,WATCH,,0,0,0,NA,NA,NA,NA,NA,CLEAR,1,0,0,0,0,TREND_REVERSAL_UNCONFIRMED,0,0.45,NONE,1,0,0,0
BNBUSDT,1784329200000,2026-07-17T23:00:00.000Z,NEUTRAL,NONE,0,7.875,IGNORE,0,WATCH,,0,0,0,NA,NA,NA,NA,NA,CLEAR,1,0,0,0,0,TREND_REVERSAL_UNCONFIRMED,0,0.45,NONE,1,0,0,0
BNBUSDT,1784332800000,2026-07-18T00:00:00.000Z,NEUTRAL,NONE,0,7.875,IGNORE,0,WATCH,,0,0,0,NA,NA,NA,NA,NA,CLEAR,1,0,0,0,0,TREND_REVERSAL_UNCONFIRMED,0,0.45,NONE,1,0,0,0
BNBUSDT,1784336400000,2026-07-18T01:00:00.000Z,BEAR,LONG,0,7.875,IGNORE,0,WATCH,,0,0,0,NA,NA,NA,NA,NA,WARNING_SOFT,1,0,0,0,0,TREND_REVERSAL_UNCONFIRMED,0,0.45,LONG,1,0,0,0
BNBUSDT,1784340000000,2026-07-18T02:00:00.000Z,NEUTRAL,NONE,0,7.875,IGNORE,0,WATCH,,0,0,0,NA,NA,NA,NA,NA,CLEAR,1,0,0,0,0,TREND_REVERSAL_UNCONFIRMED,0,0.45,NONE,1,0,0,0
BNBUSDT,1784343600000,2026-07-18T03:00:00.000Z,NEUTRAL,NONE,0,7.875,IGNORE,0,WATCH,,0,0,0,NA,NA,NA,NA,NA,CLEAR,1,0,0,0,0,TREND_REVERSAL_UNCONFIRMED,0,0.45,NONE,1,0,0,0
BNBUSDT,1784347200000,2026-07-18T04:00:00.000Z,BEAR,LONG,0,7.875,IGNORE,0,WATCH,,0,0,0,NA,NA,NA,NA,NA,WARNING_SOFT,1,0,0,0,0,TREND_REVERSAL_UNCONFIRMED,0,0.45,LONG,1,0,0,0
BNBUSDT,1784350800000,2026-07-18T05:00:00.000Z,NEUTRAL,NONE,0,7.875,IGNORE,0,WATCH,,0,0,0,NA,NA,NA,NA,NA,WARNING_SOFT,1,0,0,0,0,TREND_REVERSAL_UNCONFIRMED,0,0.45,NONE,1,0,0,0
BNBUSDT,1784354400000,2026-07-18T06:00:00.000Z,BEAR,LONG,17.5,12.909375,IGNORE,0,WATCH,,0,0,0,NA,NA,NA,NA,NA,WARNING_SOFT,1,0,0,0,0,TREND_REVERSAL_UNCONFIRMED,1,0.45,LONG,1,0,0,0
BNBUSDT,1784358000000,2026-07-18T07:00:00.000Z,NEUTRAL,NONE,0,7.875,IGNORE,0,WATCH,,0,0,0,NA,NA,NA,NA,NA,CLEAR,1,0,0,0,0,TREND_REVERSAL_UNCONFIRMED,0,0.45,NONE,1,0,0,0
BNBUSDT,1784361600000,2026-07-18T08:00:00.000Z,NEUTRAL,NONE,0,7.875,IGNORE,0,WATCH,,0,0,0,NA,NA,NA,NA,NA,CLEAR,1,0,0,0,0,TREND_REVERSAL_UNCONFIRMED,0,0.45,NONE,1,0,0,0
BNBUSDT,1784365200000,2026-07-18T09:00:00.000Z,NEUTRAL,NONE,0,7.875,IGNORE,0,WATCH,,0,0,0,NA,NA,NA,NA,NA,CLEAR,1,0,0,0,0,TREND_REVERSAL_UNCONFIRMED,0,0.45,NONE,1,0,0,0
BNBUSDT,1784368800000,2026-07-18T10:00:00.000Z,NEUTRAL,NONE,0,7.875,IGNORE,0,WATCH,,0,0,0,NA,NA,NA,NA,NA,CLEAR,1,0,0,0,0,TREND_REVERSAL_UNCONFIRMED,0,0.45,NONE,1,0,0,0
BNBUSDT,1784372400000,2026-07-18T11:00:00.000Z,NEUTRAL,NONE,0,7.875,IGNORE,0,WATCH,,0,0,0,NA,NA,NA,NA,NA,CLEAR,1,0,0,0,0,TREND_REVERSAL_UNCONFIRMED,0,0.45,NONE,1,0,0,0
BNBUSDT,1784376000000,2026-07-18T12:00:00.000Z,NEUTRAL,NONE,0,7.875,IGNORE,0,WATCH,,0,0,0,NA,NA,NA,NA,NA,CLEAR,1,0,0,0,0,TREND_REVERSAL_UNCONFIRMED,0,0.45,NONE,1,0,0,0
BNBUSDT,1784379600000,2026-07-18T13:00:00.000Z,NEUTRAL,NONE,0,7.875,IGNORE,0,WATCH,,0,0,0,NA,NA,NA,NA,NA,CLEAR,1,0,0,0,0,TREND_REVERSAL_UNCONFIRMED,0,0.45,NONE,1,0,0,0
BNBUSDT,1784383200000,2026-07-18T14:00:00.000Z,NEUTRAL,NONE,0,7.875,IGNORE,0,WATCH,,0,0,0,NA,NA,NA,NA,NA,CLEAR,1,0,0,0,0,TREND_REVERSAL_UNCONFIRMED,0,0.45,NONE,1,0,0,0
BNBUSDT,1784386800000,2026-07-18T15:00:00.000Z,NEUTRAL,NONE,0,7.875,IGNORE,0,WATCH,,0,0,0,NA,NA,NA,NA,NA,CLEAR,1,0,0,0,0,TREND_REVERSAL_UNCONFIRMED,0,0.45,NONE,1,0,0,0
BNBUSDT,1784390400000,2026-07-18T16:00:00.000Z,NEUTRAL,NONE,0,7.875,IGNORE,0,WATCH,,0,0,0,NA,NA,NA,NA,NA,CLEAR,1,0,0,0,0,TREND_REVERSAL_UNCONFIRMED,0,0.45,NONE,1,0,0,0
BNBUSDT,1784394000000,2026-07-18T17:00:00.000Z,NEUTRAL,NONE,0,7.875,IGNORE,0,WATCH,,0,0,0,NA,NA,NA,NA,NA,CLEAR,1,0,0,0,0,TREND_REVERSAL_UNCONFIRMED,0,0.45,NONE,1,0,0,0
BNBUSDT,1784397600000,2026-07-18T18:00:00.000Z,NEUTRAL,NONE,0,7.875,IGNORE,0,WATCH,,0,0,0,NA,NA,NA,NA,NA,CLEAR,1,0,0,0,0,TREND_REVERSAL_UNCONFIRMED,0,0.45,NONE,1,0,0,0
BNBUSDT,1784401200000,2026-07-18T19:00:00.000Z,NEUTRAL,NONE,0,7.875,IGNORE,0,WATCH,,0,0,0,NA,NA,NA,NA,NA,CLEAR,1,0,0,0,0,TREND_REVERSAL_UNCONFIRMED,0,0.45,NONE,1,0,0,0
BNBUSDT,1784404800000,2026-07-18T20:00:00.000Z,NEUTRAL,NONE,0,7.875,IGNORE,0,WATCH,,0,0,0,NA,NA,NA,NA,NA,CLEAR,1,0,0,0,0,TREND_REVERSAL_UNCONFIRMED,0,0.45,NONE,1,0,0,0
BNBUSDT,1784408400000,2026-07-18T21:00:00.000Z,NEUTRAL,NONE,0,7.875,IGNORE,0,WATCH,,0,0,0,NA,NA,NA,NA,NA,CLEAR,1,0,0,0,0,TREND_REVERSAL_UNCONFIRMED,0,0.45,NONE,1,0,0,0
BNBUSDT,1784412000000,2026-07-18T22:00:00.000Z,NEUTRAL,NONE,0,7.875,IGNORE,0,WATCH,,0,0,0,NA,NA,NA,NA,NA,WARNING_SOFT,1,0,0,0,0,TREND_REVERSAL_UNCONFIRMED,0,0.45,NONE,1,0,0,0
BNBUSDT,1784415600000,2026-07-18T23:00:00.000Z,NEUTRAL,NONE,0,7.875,IGNORE,0,WATCH,,0,0,0,NA,NA,NA,NA,NA,WARNING_SOFT,1,0,0,0,0,TREND_REVERSAL_UNCONFIRMED,0,0.45,NONE,1,0,0,0
BNBUSDT,1784419200000,2026-07-19T00:00:00.000Z,NEUTRAL,NONE,0,7.875,IGNORE,0,WATCH,,0,0,0,NA,NA,NA,NA,NA,CLEAR,1,0,0,0,0,TREND_REVERSAL_UNCONFIRMED,0,0.45,NONE,1,0,0,0
BNBUSDT,1784422800000,2026-07-19T01:00:00.000Z,NEUTRAL,NONE,0,7.875,IGNORE,0,WATCH,,0,0,0,NA,NA,NA,NA,NA,WARNING_SOFT,1,0,0,0,0,TREND_REVERSAL_UNCONFIRMED,0,0.45,NONE,1,0,0,0
BNBUSDT,1784426400000,2026-07-19T02:00:00.000Z,NEUTRAL,NONE,0,7.875,IGNORE,0,WATCH,,0,0,0,NA,NA,NA,NA,NA,CLEAR,1,0,0,0,0,TREND_REVERSAL_UNCONFIRMED,0,0.45,NONE,1,0,0,0
BNBUSDT,1784430000000,2026-07-19T03:00:00.000Z,BEAR,LONG,17.5,12.909375,IGNORE,0,WATCH,,0,0,0,NA,NA,NA,NA,NA,WARNING_HARD,1,0,0,0,0,TREND_REVERSAL_UNCONFIRMED,1,0.45,LONG,1,0,0,0
BNBUSDT,1784433600000,2026-07-19T04:00:00.000Z,BEAR,LONG,37.335999813154956,18.127709985285954,IGNORE,0,WATCH,,0,0,0,NA,NA,NA,NA,NA,WARNING_HARD,1,0,1,0,0,TREND_REVERSAL_UNCONFIRMED,2,0.45,LONG,1,0,0,0
BNBUSDT,1784437200000,2026-07-19T05:00:00.000Z,BEAR,LONG,17.5,12.909375,IGNORE,0,WATCH,,0,0,0,NA,NA,NA,NA,NA,WARNING_SOFT,1,0,0,0,0,TREND_REVERSAL_UNCONFIRMED,1,0.45,LONG,1,0,0,0
BNBUSDT,1784440800000,2026-07-19T06:00:00.000Z,BEAR,LONG,17.5,12.909375,IGNORE,0,WATCH,,0,0,0,NA,NA,NA,NA,NA,WARNING_SOFT,1,0,0,0,0,TREND_REVERSAL_UNCONFIRMED,1,0.45,LONG,1,0,0,0
BNBUSDT,1784444400000,2026-07-19T07:00:00.000Z,BEAR,LONG,0,7.875,IGNORE,0,WATCH,,0,0,0,NA,NA,NA,NA,NA,WARNING_SOFT,1,0,0,0,0,TREND_REVERSAL_UNCONFIRMED,0,0.45,LONG,1,0,0,0
BNBUSDT,1784448000000,2026-07-19T08:00:00.000Z,BEAR,LONG,0,7.875,IGNORE,0,WATCH,,0,0,0,NA,NA,NA,NA,NA,WARNING_SOFT,1,0,0,0,0,TREND_REVERSAL_UNCONFIRMED,0,0.45,LONG,1,0,0,0
BNBUSDT,1784451600000,2026-07-19T09:00:00.000Z,BEAR,LONG,0,7.875,IGNORE,0,WATCH,,0,0,0,NA,NA,NA,NA,NA,CLEAR,1,0,0,0,0,TREND_REVERSAL_UNCONFIRMED,0,0.45,LONG,1,0,0,0
BNBUSDT,1784455200000,2026-07-19T10:00:00.000Z,BEAR,LONG,25,13.5,IGNORE,0,WATCH,,0,0,0,NA,NA,NA,NA,NA,WARNING_SOFT,1,0,0,0,0,TREND_REVERSAL_UNCONFIRMED,1,0.45,LONG,1,0,0,0
BNBUSDT,1784458800000,2026-07-19T11:00:00.000Z,BEAR,LONG,15.651069804232666,12.763771747083322,IGNORE,0,WATCH,,0,0,0,NA,NA,NA,NA,NA,WARNING_SOFT,1,0,0,0,0,TREND_REVERSAL_UNCONFIRMED,1,0.45,LONG,1,0,0,0
BNBUSDT,1784462400000,2026-07-19T12:00:00.000Z,BEAR,LONG,25,13.5,IGNORE,0,WATCH,,0,0,0,NA,NA,NA,NA,NA,CLEAR,1,0,0,0,0,TREND_REVERSAL_UNCONFIRMED,1,0.45,LONG,1,0,0,0
BNBUSDT,1784466000000,2026-07-19T13:00:00.000Z,BEAR,LONG,0,7.875,IGNORE,0,WATCH,,0,0,0,NA,NA,NA,NA,NA,CLEAR,1,0,0,0,0,TREND_REVERSAL_UNCONFIRMED,0,0.45,LONG,1,0,0,0
BNBUSDT,1784469600000,2026-07-19T14:00:00.000Z,NEUTRAL,NONE,0,7.875,IGNORE,0,WATCH,,0,0,0,NA,NA,NA,NA,NA,WARNING_SOFT,1,0,0,0,0,TREND_REVERSAL_UNCONFIRMED,0,0.45,NONE,1,0,0,0
BNBUSDT,1784473200000,2026-07-19T15:00:00.000Z,NEUTRAL,NONE,0,7.875,IGNORE,0,WATCH,,0,0,0,NA,NA,NA,NA,NA,CLEAR,1,0,0,0,0,TREND_REVERSAL_UNCONFIRMED,0,0.45,NONE,1,0,0,0
BNBUSDT,1784476800000,2026-07-19T16:00:00.000Z,BEAR,LONG,14.287204650838223,12.65636736625351,IGNORE,0,WATCH,,0,0,0,NA,NA,NA,NA,NA,WARNING_SOFT,1,0,0,0,0,TREND_REVERSAL_UNCONFIRMED,1,0.45,LONG,1,0,0,0
BNBUSDT,1784480400000,2026-07-19T17:00:00.000Z,BEAR,LONG,16.268029183619785,12.812357298210058,IGNORE,0,WATCH,,0,0,0,NA,NA,NA,NA,NA,BLOCK,0,0,0,0,0,TREND_REVERSAL_UNCONFIRMED,1,0.45,LONG,1,0,0,0
BNBUSDT,1784484000000,2026-07-19T18:00:00.000Z,BEAR,LONG,13.182126352260948,12.569342450240551,IGNORE,0,WATCH,,0,0,0,NA,NA,NA,NA,NA,CLEAR,1,0,0,0,0,TREND_REVERSAL_UNCONFIRMED,1,0.45,LONG,1,0,0,0
BNBUSDT,1784487600000,2026-07-19T19:00:00.000Z,BEAR,LONG,25,13.5,IGNORE,0,WATCH,,0,0,0,NA,NA,NA,NA,NA,CLEAR,1,0,0,0,0,TREND_REVERSAL_UNCONFIRMED,1,0.45,LONG,1,0,0,0
BNBUSDT,1784491200000,2026-07-19T20:00:00.000Z,NEUTRAL,NONE,0,7.875,IGNORE,0,WATCH,,0,0,0,NA,NA,NA,NA,NA,WARNING_SOFT,1,0,0,0,0,TREND_REVERSAL_UNCONFIRMED,0,0.45,NONE,1,0,0,0
BNBUSDT,1784494800000,2026-07-19T21:00:00.000Z,BEAR,LONG,0,7.875,IGNORE,0,WATCH,,0,0,0,NA,NA,NA,NA,NA,WARNING_SOFT,1,0,0,0,0,TREND_REVERSAL_UNCONFIRMED,0,0.45,LONG,1,0,0,0
BNBUSDT,1784498400000,2026-07-19T22:00:00.000Z,NEUTRAL,NONE,0,7.875,IGNORE,0,WATCH,,0,0,0,NA,NA,NA,NA,NA,CLEAR,1,0,0,0,0,TREND_REVERSAL_UNCONFIRMED,0,0.45,NONE,1,0,0,0
BNBUSDT,1784502000000,2026-07-19T23:00:00.000Z,NEUTRAL,NONE,0,7.875,IGNORE,0,WATCH,,0,0,0,NA,NA,NA,NA,NA,CLEAR,1,0,0,0,0,TREND_REVERSAL_UNCONFIRMED,0,0.45,NONE,1,0,0,0
BNBUSDT,1784505600000,2026-07-20T00:00:00.000Z,NEUTRAL,NONE,0,7.875,IGNORE,0,WATCH,,0,0,0,NA,NA,NA,NA,NA,WARNING_HARD,1,0,0,0,0,TREND_REVERSAL_UNCONFIRMED,0,0.45,NONE,1,0,0,0
BNBUSDT,1784509200000,2026-07-20T01:00:00.000Z,BEAR,LONG,20.725772820099557,13.16340460958284,IGNORE,0,WATCH,,0,0,0,NA,NA,NA,NA,NA,BLOCK,0,0,0,0,0,TREND_REVERSAL_UNCONFIRMED,1,0.45,LONG,1,0,0,0
BNBUSDT,1784512800000,2026-07-20T02:00:00.000Z,NEUTRAL,NONE,0,7.875,IGNORE,0,WATCH,,0,0,0,NA,NA,NA,NA,NA,WARNING_SOFT,1,0,0,0,0,TREND_REVERSAL_UNCONFIRMED,0,0.45,NONE,1,0,0,0
BNBUSDT,1784516400000,2026-07-20T03:00:00.000Z,NEUTRAL,NONE,0,7.875,IGNORE,0,WATCH,,0,0,0,NA,NA,NA,NA,NA,WARNING_SOFT,1,0,0,0,0,TREND_REVERSAL_UNCONFIRMED,0,0.45,NONE,1,0,0,0
BNBUSDT,1784520000000,2026-07-20T04:00:00.000Z,BEAR,LONG,14.558829019753427,12.677757785305584,IGNORE,0,WATCH,,0,0,0,NA,NA,NA,NA,NA,CLEAR,1,0,0,0,0,TREND_REVERSAL_UNCONFIRMED,1,0.45,LONG,1,0,0,0
BNBUSDT,1784523600000,2026-07-20T05:00:00.000Z,BEAR,LONG,25,13.5,IGNORE,0,WATCH,,0,0,0,NA,NA,NA,NA,NA,CLEAR,1,0,0,0,0,TREND_REVERSAL_UNCONFIRMED,1,0.45,LONG,1,0,0,0
BNBUSDT,1784527200000,2026-07-20T06:00:00.000Z,BEAR,LONG,17.673990407780366,12.923076744612704,IGNORE,0,WATCH,,0,0,0,NA,NA,NA,NA,NA,CLEAR,1,0,1,0,0,TREND_REVERSAL_UNCONFIRMED,1,0.45,LONG,1,0,0,0
BNBUSDT,1784530800000,2026-07-20T07:00:00.000Z,BEAR,LONG,25,13.5,IGNORE,0,WATCH,,0,0,0,NA,NA,NA,NA,NA,CLEAR,1,0,0,0,0,TREND_REVERSAL_UNCONFIRMED,1,0.45,LONG,1,0,0,0
BNBUSDT,1784534400000,2026-07-20T08:00:00.000Z,BEAR,LONG,0,7.875,IGNORE,0,WATCH,,0,0,0,NA,NA,NA,NA,NA,CLEAR,1,0,0,0,0,TREND_REVERSAL_UNCONFIRMED,0,0.45,LONG,1,0,0,0
BNBUSDT,1784538000000,2026-07-20T09:00:00.000Z,BEAR,LONG,0,7.875,IGNORE,0,WATCH,,0,0,0,NA,NA,NA,NA,NA,CLEAR,1,0,0,0,0,TREND_REVERSAL_UNCONFIRMED,0,0.45,LONG,1,0,0,0
BNBUSDT,1784541600000,2026-07-20T10:00:00.000Z,BEAR,LONG,39.69828140329089,18.313739660509157,IGNORE,0,WATCH,,0,0,0,NA,NA,NA,NA,NA,WARNING_SOFT,1,0,0,0,0,TREND_REVERSAL_UNCONFIRMED,2,0.45,LONG,1,0,0,0
BNBUSDT,1784545200000,2026-07-20T11:00:00.000Z,NEUTRAL,NONE,0,7.875,IGNORE,0,WATCH,,0,0,0,NA,NA,NA,NA,NA,CLEAR,1,0,0,0,0,TREND_REVERSAL_UNCONFIRMED,0,0.45,NONE,1,0,0,0
BNBUSDT,1784548800000,2026-07-20T12:00:00.000Z,NEUTRAL,NONE,0,7.875,IGNORE,0,WATCH,,0,0,0,NA,NA,NA,NA,NA,CLEAR,1,0,0,0,0,TREND_REVERSAL_UNCONFIRMED,0,0.45,NONE,1,0,0,0
BNBUSDT,1784552400000,2026-07-20T13:00:00.000Z,BEAR,LONG,17.797345065393415,12.932790923899733,IGNORE,0,WATCH,,0,0,0,NA,NA,NA,NA,NA,WARNING_SOFT,1,0,0,0,0,TREND_REVERSAL_UNCONFIRMED,1,0.45,LONG,1,0,0,0
BNBUSDT,1784556000000,2026-07-20T14:00:00.000Z,BEAR,LONG,25,13.5,IGNORE,0,WATCH,,0,0,0,NA,NA,NA,NA,NA,CLEAR,1,0,0,0,0,TREND_REVERSAL_UNCONFIRMED,1,0.45,LONG,1,0,0,0
BNBUSDT,1784559600000,2026-07-20T15:00:00.000Z,NEUTRAL,NONE,0,7.875,IGNORE,0,WATCH,,0,0,0,NA,NA,NA,NA,NA,CLEAR,1,0,0,0,0,TREND_REVERSAL_UNCONFIRMED,0,0.45,NONE,1,0,0,0
BNBUSDT,1784563200000,2026-07-20T16:00:00.000Z,NEUTRAL,NONE,0,7.875,IGNORE,0,WATCH,,0,0,0,NA,NA,NA,NA,NA,CLEAR,1,0,0,0,0,TREND_REVERSAL_UNCONFIRMED,0,0.45,NONE,1,0,0,0
BNBUSDT,1784566800000,2026-07-20T17:00:00.000Z,BULL,SHORT,30.34722222222222,17.57734375,IGNORE,0,WATCH,,0,0,0,NA,NA,NA,NA,NA,CLEAR,1,0,0,0,0,TREND_REVERSAL_UNCONFIRMED,2,0.45,SHORT,1,0,0,0
BNBUSDT,1784570400000,2026-07-20T18:00:00.000Z,BULL,SHORT,17.5,12.909375,IGNORE,0,WATCH,,0,0,0,NA,NA,NA,NA,NA,CLEAR,1,0,0,0,0,TREND_REVERSAL_UNCONFIRMED,1,0.45,SHORT,1,0,0,0
BNBUSDT,1784574000000,2026-07-20T19:00:00.000Z,BULL,SHORT,17.5,12.909375,IGNORE,0,WATCH,,0,0,0,NA,NA,NA,NA,NA,CLEAR,1,0,0,0,0,TREND_REVERSAL_UNCONFIRMED,1,0.45,SHORT,1,0,0,0
BNBUSDT,1784577600000,2026-07-20T20:00:00.000Z,BULL,SHORT,17.5,12.909375,IGNORE,0,WATCH,,0,0,0,NA,NA,NA,NA,NA,CLEAR,1,0,0,0,0,TREND_REVERSAL_UNCONFIRMED,1,0.45,SHORT,1,0,0,0
BNBUSDT,1784581200000,2026-07-20T21:00:00.000Z,BULL,SHORT,0,7.875,IGNORE,0,WATCH,,0,0,0,NA,NA,NA,NA,NA,CLEAR,1,0,0,0,0,TREND_REVERSAL_UNCONFIRMED,0,0.45,SHORT,1,0,0,0
BNBUSDT,1784584800000,2026-07-20T22:00:00.000Z,NEUTRAL,NONE,0,7.875,IGNORE,0,WATCH,,0,0,0,NA,NA,NA,NA,NA,WARNING_SOFT,1,0,0,0,0,TREND_REVERSAL_UNCONFIRMED,0,0.45,NONE,1,0,0,0
BNBUSDT,1784588400000,2026-07-20T23:00:00.000Z,BULL,SHORT,0,7.875,IGNORE,0,WATCH,,0,0,0,NA,NA,NA,NA,NA,WARNING_SOFT,1,0,0,0,0,TREND_REVERSAL_UNCONFIRMED,0,0.45,SHORT,1,0,0,0
BNBUSDT,1784592000000,2026-07-21T00:00:00.000Z,BULL,SHORT,0,7.875,IGNORE,0,WATCH,,0,0,0,NA,NA,NA,NA,NA,CLEAR,1,0,0,0,0,TREND_REVERSAL_UNCONFIRMED,0,0.45,SHORT,1,0,0,0
BNBUSDT,1784595600000,2026-07-21T01:00:00.000Z,BULL,SHORT,0,7.875,IGNORE,0,WATCH,,0,0,0,NA,NA,NA,NA,NA,CLEAR,1,0,0,0,0,TREND_REVERSAL_UNCONFIRMED,0,0.45,SHORT,1,0,0,0
BNBUSDT,1784599200000,2026-07-21T02:00:00.000Z,BULL,SHORT,0,7.875,IGNORE,0,WATCH,,0,0,0,NA,NA,NA,NA,NA,CLEAR,1,0,0,0,0,TREND_REVERSAL_UNCONFIRMED,0,0.45,SHORT,1,0,0,0
BNBUSDT,1784602800000,2026-07-21T03:00:00.000Z,BULL,SHORT,0,7.875,IGNORE,0,WATCH,,0,0,0,NA,NA,NA,NA,NA,CLEAR,1,0,0,0,0,TREND_REVERSAL_UNCONFIRMED,0,0.45,SHORT,1,0,0,0
BNBUSDT,1784606400000,2026-07-21T04:00:00.000Z,BULL,SHORT,0,7.875,IGNORE,0,WATCH,,0,0,0,NA,NA,NA,NA,NA,CLEAR,1,0,0,0,0,TREND_REVERSAL_UNCONFIRMED,0,0.45,SHORT,1,0,0,0
BNBUSDT,1784610000000,2026-07-21T05:00:00.000Z,BULL,SHORT,0,7.875,IGNORE,0,WATCH,,0,0,0,NA,NA,NA,NA,NA,CLEAR,1,0,0,0,0,TREND_REVERSAL_UNCONFIRMED,0,0.45,SHORT,1,0,0,0
BNBUSDT,1784613600000,2026-07-21T06:00:00.000Z,BULL,SHORT,0,7.875,IGNORE,0,WATCH,,0,0,0,NA,NA,NA,NA,NA,CLEAR,1,0,0,0,0,TREND_REVERSAL_UNCONFIRMED,0,0.45,SHORT,1,0,0,0
BNBUSDT,1784617200000,2026-07-21T07:00:00.000Z,BULL,SHORT,0,7.875,IGNORE,0,WATCH,,0,0,0,NA,NA,NA,NA,NA,CLEAR,1,0,0,0,0,TREND_REVERSAL_UNCONFIRMED,0,0.45,SHORT,1,0,0,0
BNBUSDT,1784620800000,2026-07-21T08:00:00.000Z,BULL,SHORT,15.931992665142502,12.785894422379972,IGNORE,0,WATCH,,0,0,0,NA,NA,NA,NA,NA,CLEAR,1,0,0,0,0,TREND_REVERSAL_UNCONFIRMED,1,0.45,SHORT,1,0,0,0
BNBUSDT,1784624400000,2026-07-21T09:00:00.000Z,BULL,SHORT,13.563763317493354,12.599396361252602,IGNORE,0,WATCH,,0,0,0,NA,NA,NA,NA,NA,CLEAR,1,0,0,0,0,TREND_REVERSAL_UNCONFIRMED,1,0.45,SHORT,1,0,0,0
BNBUSDT,1784628000000,2026-07-21T10:00:00.000Z,BULL,SHORT,37.88860142074887,18.171227361883975,IGNORE,0,WATCH,,0,0,0,NA,NA,NA,NA,NA,CLEAR,1,0,0,0,0,TREND_REVERSAL_UNCONFIRMED,2,0.45,SHORT,1,0,0,0
BNBUSDT,1784631600000,2026-07-21T11:00:00.000Z,BULL,SHORT,0,7.875,IGNORE,0,WATCH,,0,0,0,NA,NA,NA,NA,NA,CLEAR,1,0,0,0,0,TREND_REVERSAL_UNCONFIRMED,0,0.45,SHORT,1,0,0,0
BNBUSDT,1784635200000,2026-07-21T12:00:00.000Z,BULL,SHORT,0,7.875,IGNORE,0,WATCH,,0,0,0,NA,NA,NA,NA,NA,CLEAR,1,0,0,0,0,TREND_REVERSAL_UNCONFIRMED,0,0.45,SHORT,1,0,0,0
BNBUSDT,1784638800000,2026-07-21T13:00:00.000Z,BULL,SHORT,22.450280063266067,13.299209554982204,IGNORE,0,WATCH,,0,0,0,NA,NA,NA,NA,NA,CLEAR,1,0,0,0,0,TREND_REVERSAL_UNCONFIRMED,1,0.45,SHORT,1,0,0,0
BNBUSDT,1784642400000,2026-07-21T14:00:00.000Z,BULL,SHORT,25,13.5,IGNORE,0,WATCH,,0,0,0,NA,NA,NA,NA,NA,WARNING_SOFT,1,0,0,0,0,TREND_REVERSAL_UNCONFIRMED,1,0.45,SHORT,1,0,0,0
BNBUSDT,1784646000000,2026-07-21T15:00:00.000Z,BULL,SHORT,0,7.875,IGNORE,0,WATCH,,0,0,0,NA,NA,NA,NA,NA,WARNING_SOFT,1,0,0,0,0,TREND_REVERSAL_UNCONFIRMED,0,0.45,SHORT,1,0,0,0
BNBUSDT,1784649600000,2026-07-21T16:00:00.000Z,NEUTRAL,NONE,0,7.875,IGNORE,0,WATCH,,0,0,0,NA,NA,NA,NA,NA,WARNING_SOFT,1,0,0,0,0,TREND_REVERSAL_UNCONFIRMED,0,0.45,NONE,1,0,0,0
BNBUSDT,1784653200000,2026-07-21T17:00:00.000Z,NEUTRAL,NONE,0,7.875,IGNORE,0,WATCH,,0,0,0,NA,NA,NA,NA,NA,WARNING_SOFT,1,0,0,0,0,TREND_REVERSAL_UNCONFIRMED,0,0.45,NONE,1,0,0,0
BNBUSDT,1784656800000,2026-07-21T18:00:00.000Z,NEUTRAL,NONE,0,7.875,IGNORE,0,WATCH,,0,0,0,NA,NA,NA,NA,NA,WARNING_SOFT,1,0,0,0,0,TREND_REVERSAL_UNCONFIRMED,0,0.45,NONE,1,0,0,0
BNBUSDT,1784660400000,2026-07-21T19:00:00.000Z,NEUTRAL,NONE,0,7.875,IGNORE,0,WATCH,,0,0,0,NA,NA,NA,NA,NA,WARNING_SOFT,1,0,0,0,0,TREND_REVERSAL_UNCONFIRMED,0,0.45,NONE,1,0,0,0
BNBUSDT,1784664000000,2026-07-21T20:00:00.000Z,NEUTRAL,NONE,0,7.875,IGNORE,0,WATCH,,0,0,0,NA,NA,NA,NA,NA,WARNING_SOFT,1,0,0,0,0,TREND_REVERSAL_UNCONFIRMED,0,0.45,NONE,1,0,0,0
BNBUSDT,1784667600000,2026-07-21T21:00:00.000Z,NEUTRAL,NONE,0,7.875,IGNORE,0,WATCH,,0,0,0,NA,NA,NA,NA,NA,WARNING_SOFT,1,0,0,0,0,TREND_REVERSAL_UNCONFIRMED,0,0.45,NONE,1,0,0,0
BNBUSDT,1784671200000,2026-07-21T22:00:00.000Z,NEUTRAL,NONE,0,7.875,IGNORE,0,WATCH,,0,0,0,NA,NA,NA,NA,NA,WARNING_SOFT,1,0,0,0,0,TREND_REVERSAL_UNCONFIRMED,0,0.45,NONE,1,0,0,0
BNBUSDT,1784674800000,2026-07-21T23:00:00.000Z,NEUTRAL,NONE,0,7.875,IGNORE,0,WATCH,,0,0,0,NA,NA,NA,NA,NA,WARNING_SOFT,1,0,0,0,0,TREND_REVERSAL_UNCONFIRMED,0,0.45,NONE,1,0,0,0
BNBUSDT,1784678400000,2026-07-22T00:00:00.000Z,BULL,SHORT,14.491847427876992,12.672482984945313,IGNORE,0,WATCH,,0,0,0,NA,NA,NA,NA,NA,WARNING_SOFT,1,0,0,0,0,TREND_REVERSAL_UNCONFIRMED,1,0.45,SHORT,1,0,0,0
BNBUSDT,1784682000000,2026-07-22T01:00:00.000Z,NEUTRAL,NONE,0,7.875,IGNORE,0,WATCH,,0,0,0,NA,NA,NA,NA,NA,BLOCK,0,0,0,0,0,TREND_REVERSAL_UNCONFIRMED,0,0.45,NONE,1,0,0,0
BNBUSDT,1784685600000,2026-07-22T02:00:00.000Z,NEUTRAL,NONE,0,7.875,IGNORE,0,WATCH,,0,0,0,NA,NA,NA,NA,NA,WARNING_SOFT,1,0,0,0,0,TREND_REVERSAL_UNCONFIRMED,0,0.45,NONE,1,0,0,0
BNBUSDT,1784689200000,2026-07-22T03:00:00.000Z,NEUTRAL,NONE,0,7.875,IGNORE,0,WATCH,,0,0,0,NA,NA,NA,NA,NA,BLOCK,0,0,0,0,0,TREND_REVERSAL_UNCONFIRMED,0,0.45,NONE,1,0,0,0
BNBUSDT,1784692800000,2026-07-22T04:00:00.000Z,NEUTRAL,NONE,0,7.875,IGNORE,0,WATCH,,0,0,0,NA,NA,NA,NA,NA,BLOCK,0,0,0,0,0,TREND_REVERSAL_UNCONFIRMED,0,0.45,NONE,1,0,0,0
BNBUSDT,1784696400000,2026-07-22T05:00:00.000Z,NEUTRAL,NONE,0,7.875,IGNORE,0,WATCH,,0,0,0,NA,NA,NA,NA,NA,BLOCK,0,0,1,0,0,TREND_REVERSAL_UNCONFIRMED,0,0.45,NONE,1,0,0,0
BNBUSDT,1784700000000,2026-07-22T06:00:00.000Z,NEUTRAL,NONE,0,7.875,IGNORE,0,WATCH,,0,0,0,NA,NA,NA,NA,NA,BLOCK,0,0,1,0,0,TREND_REVERSAL_UNCONFIRMED,0,0.45,NONE,1,0,0,0
BNBUSDT,1784703600000,2026-07-22T07:00:00.000Z,BEAR,LONG,0,7.875,IGNORE,0,WATCH,,0,0,0,NA,NA,NA,NA,NA,CLEAR,1,0,0,0,0,TREND_REVERSAL_UNCONFIRMED,0,0.45,LONG,1,0,0,0
BNBUSDT,1784707200000,2026-07-22T08:00:00.000Z,BEAR,LONG,25,13.5,IGNORE,0,WATCH,,0,0,0,NA,NA,NA,NA,NA,CLEAR,1,0,0,0,0,TREND_REVERSAL_UNCONFIRMED,1,0.45,LONG,1,0,0,0
BNBUSDT,1784710800000,2026-07-22T09:00:00.000Z,BEAR,LONG,0,7.875,IGNORE,0,WATCH,,0,0,0,NA,NA,NA,NA,NA,CLEAR,1,0,0,0,0,TREND_REVERSAL_UNCONFIRMED,0,0.45,LONG,1,0,0,0
BNBUSDT,1784714400000,2026-07-22T10:00:00.000Z,BEAR,LONG,0,7.875,IGNORE,0,WATCH,,0,0,0,NA,NA,NA,NA,NA,WARNING_SOFT,1,0,0,0,0,TREND_REVERSAL_UNCONFIRMED,0,0.45,LONG,1,0,0,0
BNBUSDT,1784718000000,2026-07-22T11:00:00.000Z,BEAR,LONG,0,7.875,IGNORE,0,WATCH,,0,0,0,NA,NA,NA,NA,NA,WARNING_SOFT,1,0,0,0,0,TREND_REVERSAL_UNCONFIRMED,0,0.45,LONG,1,0,0,0
BNBUSDT,1784721600000,2026-07-22T12:00:00.000Z,BEAR,LONG,0,7.875,IGNORE,0,WATCH,,0,0,0,NA,NA,NA,NA,NA,WARNING_SOFT,1,0,0,0,0,TREND_REVERSAL_UNCONFIRMED,0,0.45,LONG,1,0,0,0
BNBUSDT,1784725200000,2026-07-22T13:00:00.000Z,NEUTRAL,NONE,0,7.875,IGNORE,0,WATCH,,0,0,0,NA,NA,NA,NA,NA,WARNING_SOFT,1,0,0,0,0,TREND_REVERSAL_UNCONFIRMED,0,0.45,NONE,1,0,0,0
BNBUSDT,1784728800000,2026-07-22T14:00:00.000Z,BEAR,LONG,25,13.5,IGNORE,0,WATCH,,0,0,0,NA,NA,NA,NA,NA,WARNING_SOFT,1,0,0,0,0,TREND_REVERSAL_UNCONFIRMED,1,0.45,LONG,1,0,0,0
BNBUSDT,1784732400000,2026-07-22T15:00:00.000Z,NEUTRAL,NONE,0,7.875,IGNORE,0,WATCH,,0,0,0,NA,NA,NA,NA,NA,CLEAR,1,0,0,0,0,TREND_REVERSAL_UNCONFIRMED,0,0.45,NONE,1,0,0,0
BNBUSDT,1784736000000,2026-07-22T16:00:00.000Z,NEUTRAL,NONE,0,7.875,IGNORE,0,WATCH,,0,0,0,NA,NA,NA,NA,NA,CLEAR,1,0,0,0,0,TREND_REVERSAL_UNCONFIRMED,0,0.45,NONE,1,0,0,0
BNBUSDT,1784739600000,2026-07-22T17:00:00.000Z,BEAR,LONG,17.43442241987836,12.904210765565422,IGNORE,0,WATCH,,0,0,0,NA,NA,NA,NA,NA,BLOCK,0,0,0,0,0,TREND_REVERSAL_UNCONFIRMED,1,0.45,LONG,1,0,0,0
BNBUSDT,1784743200000,2026-07-22T18:00:00.000Z,BEAR,LONG,0,7.875,IGNORE,0,WATCH,,0,0,0,NA,NA,NA,NA,NA,WARNING_SOFT,1,0,0,0,0,TREND_REVERSAL_UNCONFIRMED,0,0.45,LONG,1,0,0,0
BNBUSDT,1784746800000,2026-07-22T19:00:00.000Z,BEAR,LONG,0,7.875,IGNORE,0,WATCH,,0,0,0,NA,NA,NA,NA,NA,CLEAR,1,0,0,0,0,TREND_REVERSAL_UNCONFIRMED,0,0.45,LONG,1,0,0,0
BNBUSDT,1784750400000,2026-07-22T20:00:00.000Z,BEAR,LONG,0,7.875,IGNORE,0,WATCH,,0,0,0,NA,NA,NA,NA,NA,CLEAR,1,0,0,0,0,TREND_REVERSAL_UNCONFIRMED,0,0.45,LONG,1,0,0,0
BNBUSDT,1784754000000,2026-07-22T21:00:00.000Z,BEAR,LONG,0,7.875,IGNORE,0,WATCH,,0,0,0,NA,NA,NA,NA,NA,CLEAR,1,0,0,0,0,TREND_REVERSAL_UNCONFIRMED,0,0.45,LONG,1,0,0,0
BNBUSDT,1784757600000,2026-07-22T22:00:00.000Z,BEAR,LONG,17.5,12.909375,IGNORE,0,WATCH,,0,0,0,NA,NA,NA,NA,NA,CLEAR,1,0,0,0,0,TREND_REVERSAL_UNCONFIRMED,1,0.45,LONG,1,0,0,0
BNBUSDT,1784761200000,2026-07-22T23:00:00.000Z,BEAR,LONG,17.5,12.909375,IGNORE,0,WATCH,,0,0,0,NA,NA,NA,NA,NA,WARNING_SOFT,1,0,0,0,0,TREND_REVERSAL_UNCONFIRMED,1,0.45,LONG,1,0,0,0
BNBUSDT,1784764800000,2026-07-23T00:00:00.000Z,BEAR,LONG,42.5,18.534375,IGNORE,0,WATCH,,0,0,0,NA,NA,NA,NA,NA,WARNING_SOFT,1,0,0,0,0,TREND_REVERSAL_UNCONFIRMED,2,0.45,LONG,1,0,0,0
BNBUSDT,1784768400000,2026-07-23T01:00:00.000Z,BEAR,LONG,17.5,12.909375,IGNORE,0,WATCH,,0,0,0,NA,NA,NA,NA,NA,WARNING_SOFT,1,0,0,0,0,TREND_REVERSAL_UNCONFIRMED,1,0.45,LONG,1,0,0,0
BNBUSDT,1784772000000,2026-07-23T02:00:00.000Z,BEAR,LONG,17.5,12.909375,IGNORE,0,WATCH,,0,0,0,NA,NA,NA,NA,NA,CLEAR,1,0,0,0,0,TREND_REVERSAL_UNCONFIRMED,1,0.45,LONG,1,0,0,0
BNBUSDT,1784775600000,2026-07-23T03:00:00.000Z,BEAR,LONG,42.5,18.534375,IGNORE,0,WATCH,,0,0,0,NA,NA,NA,NA,NA,CLEAR,1,0,0,0,0,TREND_REVERSAL_UNCONFIRMED,2,0.45,LONG,1,0,0,0
BNBUSDT,1784779200000,2026-07-23T04:00:00.000Z,BEAR,LONG,17.5,12.909375,IGNORE,0,WATCH,,0,0,0,NA,NA,NA,NA,NA,CLEAR,1,0,0,0,0,TREND_REVERSAL_UNCONFIRMED,1,0.45,LONG,1,0,0,0
BNBUSDT,1784782800000,2026-07-23T05:00:00.000Z,BEAR,LONG,17.5,12.909375,IGNORE,0,WATCH,,0,0,0,NA,NA,NA,NA,NA,CLEAR,1,0,0,0,0,TREND_REVERSAL_UNCONFIRMED,1,0.45,LONG,1,0,0,0
BNBUSDT,1784786400000,2026-07-23T06:00:00.000Z,BEAR,LONG,42.5,18.534375,IGNORE,0,WATCH,,0,0,0,NA,NA,NA,NA,NA,CLEAR,1,0,0,0,0,TREND_REVERSAL_UNCONFIRMED,2,0.45,LONG,1,0,0,0
BNBUSDT,1784790000000,2026-07-23T07:00:00.000Z,BEAR,LONG,17.5,12.909375,IGNORE,0,WATCH,,0,0,0,NA,NA,NA,NA,NA,CLEAR,1,0,0,0,0,TREND_REVERSAL_UNCONFIRMED,1,0.45,LONG,1,0,0,0
BNBUSDT,1784793600000,2026-07-23T08:00:00.000Z,BEAR,LONG,17.5,12.909375,IGNORE,0,WATCH,,0,0,0,NA,NA,NA,NA,NA,WARNING_SOFT,1,0,0,0,0,TREND_REVERSAL_UNCONFIRMED,1,0.45,LONG,1,0,0,0
BNBUSDT,1784797200000,2026-07-23T09:00:00.000Z,BEAR,LONG,17.5,12.909375,IGNORE,0,WATCH,,0,0,0,NA,NA,NA,NA,NA,WARNING_SOFT,1,0,0,0,0,TREND_REVERSAL_UNCONFIRMED,1,0.45,LONG,1,0,0,0
BNBUSDT,1784800800000,2026-07-23T10:00:00.000Z,BEAR,LONG,25,13.5,IGNORE,0,WATCH,,0,0,0,NA,NA,NA,NA,NA,CLEAR,1,0,0,0,0,TREND_REVERSAL_UNCONFIRMED,1,0.45,LONG,1,0,0,0
BNBUSDT,1784804400000,2026-07-23T11:00:00.000Z,BEAR,LONG,0,7.875,IGNORE,0,WATCH,,0,0,0,NA,NA,NA,NA,NA,WARNING_SOFT,1,0,0,0,0,TREND_REVERSAL_UNCONFIRMED,0,0.45,LONG,1,0,0,0
BNBUSDT,1784808000000,2026-07-23T12:00:00.000Z,BEAR,LONG,25,13.5,IGNORE,0,WATCH,,0,0,0,NA,NA,NA,NA,NA,WARNING_SOFT,1,0,0,0,0,TREND_REVERSAL_UNCONFIRMED,1,0.45,LONG,1,0,0,0
BNBUSDT,1784811600000,2026-07-23T13:00:00.000Z,BEAR,LONG,25,13.5,IGNORE,0,WATCH,,0,0,0,NA,NA,NA,NA,NA,CLEAR,1,0,1,0,0,TREND_REVERSAL_UNCONFIRMED,1,0.45,LONG,1,0,0,0
BNBUSDT,1784815200000,2026-07-23T14:00:00.000Z,BEAR,LONG,20.422780730919943,13.139543982559946,IGNORE,0,WATCH,,0,0,0,NA,NA,NA,NA,NA,CLEAR,1,0,0,0,0,TREND_REVERSAL_UNCONFIRMED,1,0.45,LONG,1,0,0,0
BNBUSDT,1784818800000,2026-07-23T15:00:00.000Z,BEAR,LONG,25,13.5,IGNORE,0,WATCH,,0,0,0,NA,NA,NA,NA,NA,CLEAR,1,0,0,0,0,TREND_REVERSAL_UNCONFIRMED,1,0.45,LONG,1,0,0,0
BNBUSDT,1784822400000,2026-07-23T16:00:00.000Z,BEAR,LONG,0,7.875,IGNORE,0,WATCH,,0,0,0,NA,NA,NA,NA,NA,CLEAR,1,0,0,0,0,TREND_REVERSAL_UNCONFIRMED,0,0.45,LONG,1,0,0,0
BNBUSDT,1784826000000,2026-07-23T17:00:00.000Z,BEAR,LONG,12.847222222222221,12.54296875,IGNORE,0,WATCH,,0,0,0,NA,NA,NA,NA,NA,CLEAR,1,0,0,0,0,TREND_REVERSAL_UNCONFIRMED,1,0.45,LONG,1,0,0,0
BNBUSDT,1784829600000,2026-07-23T18:00:00.000Z,BEAR,LONG,25,13.5,IGNORE,0,WATCH,,0,0,0,NA,NA,NA,NA,NA,CLEAR,1,0,0,0,0,TREND_REVERSAL_UNCONFIRMED,1,0.45,LONG,1,0,0,0
BNBUSDT,1784833200000,2026-07-23T19:00:00.000Z,BEAR,LONG,0,7.875,IGNORE,0,WATCH,,0,0,0,NA,NA,NA,NA,NA,CLEAR,1,0,0,0,0,TREND_REVERSAL_UNCONFIRMED,0,0.45,LONG,1,0,0,0
BNBUSDT,1784836800000,2026-07-23T20:00:00.000Z,BEAR,LONG,0,7.875,IGNORE,0,WATCH,,0,0,0,NA,NA,NA,NA,NA,WARNING_SOFT,1,0,0,0,0,TREND_REVERSAL_UNCONFIRMED,0,0.45,LONG,1,0,0,0
BNBUSDT,1784840400000,2026-07-23T21:00:00.000Z,BEAR,LONG,0,7.875,IGNORE,0,WATCH,,0,0,0,NA,NA,NA,NA,NA,WARNING_SOFT,1,0,0,0,0,TREND_REVERSAL_UNCONFIRMED,0,0.45,LONG,1,0,0,0
BNBUSDT,1784844000000,2026-07-23T22:00:00.000Z,BEAR,LONG,0,7.875,IGNORE,0,WATCH,,0,0,0,NA,NA,NA,NA,NA,CLEAR,1,0,0,0,0,TREND_REVERSAL_UNCONFIRMED,0,0.45,LONG,1,0,0,0
BNBUSDT,1784847600000,2026-07-23T23:00:00.000Z,BEAR,LONG,0,7.875,IGNORE,0,WATCH,,0,0,0,NA,NA,NA,NA,NA,WARNING_SOFT,1,0,0,0,0,TREND_REVERSAL_UNCONFIRMED,0,0.45,LONG,1,0,0,0
BNBUSDT,1784851200000,2026-07-24T00:00:00.000Z,BEAR,LONG,0,7.875,IGNORE,0,WATCH,,0,0,0,NA,NA,NA,NA,NA,CLEAR,1,0,0,0,0,TREND_REVERSAL_UNCONFIRMED,0,0.45,LONG,1,0,0,0
BNBUSDT,1784854800000,2026-07-24T01:00:00.000Z,BEAR,LONG,0,7.875,IGNORE,0,WATCH,,0,0,0,NA,NA,NA,NA,NA,CLEAR,1,0,0,0,0,TREND_REVERSAL_UNCONFIRMED,0,0.45,LONG,1,0,0,0
BNBUSDT,1784858400000,2026-07-24T02:00:00.000Z,BEAR,LONG,0,7.875,IGNORE,0,WATCH,,0,0,0,NA,NA,NA,NA,NA,BLOCK,0,0,0,0,0,TREND_REVERSAL_UNCONFIRMED,0,0.45,LONG,1,0,0,0
BNBUSDT,1784862000000,2026-07-24T03:00:00.000Z,NEUTRAL,NONE,0,7.875,IGNORE,0,WATCH,,0,0,0,NA,NA,NA,NA,NA,CLEAR,1,0,0,0,0,TREND_REVERSAL_UNCONFIRMED,0,0.45,NONE,1,0,0,0
BNBUSDT,1784865600000,2026-07-24T04:00:00.000Z,BEAR,LONG,17.5,12.909375,IGNORE,0,WATCH,,0,0,0,NA,NA,NA,NA,NA,WARNING_SOFT,1,0,0,0,0,TREND_REVERSAL_UNCONFIRMED,1,0.45,LONG,1,0,0,0
BNBUSDT,1784869200000,2026-07-24T05:00:00.000Z,BEAR,LONG,17.5,12.909375,IGNORE,0,WATCH,,0,0,0,NA,NA,NA,NA,NA,WARNING_HARD,1,0,0,0,0,TREND_REVERSAL_UNCONFIRMED,1,0.45,LONG,1,0,0,0
BNBUSDT,1784872800000,2026-07-24T06:00:00.000Z,NEUTRAL,NONE,0,7.875,IGNORE,0,WATCH,,0,0,0,NA,NA,NA,NA,NA,WARNING_SOFT,1,0,0,0,0,TREND_REVERSAL_UNCONFIRMED,0,0.45,NONE,1,0,0,0
BNBUSDT,1784876400000,2026-07-24T07:00:00.000Z,NEUTRAL,NONE,0,7.875,IGNORE,0,WATCH,,0,0,0,NA,NA,NA,NA,NA,CLEAR,1,0,0,0,0,TREND_REVERSAL_UNCONFIRMED,0,0.45,NONE,1,0,0,0
BNBUSDT,1784880000000,2026-07-24T08:00:00.000Z,BEAR,LONG,17.5,12.909375,IGNORE,0,WATCH,,0,0,0,NA,NA,NA,NA,NA,BLOCK,0,0,0,0,0,TREND_REVERSAL_UNCONFIRMED,1,0.45,LONG,1,0,0,0
BNBUSDT,1784883600000,2026-07-24T09:00:00.000Z,NEUTRAL,NONE,0,7.875,IGNORE,0,WATCH,,0,0,0,NA,NA,NA,NA,NA,BLOCK,0,0,0,0,0,TREND_REVERSAL_UNCONFIRMED,0,0.45,NONE,1,0,0,0
BNBUSDT,1784887200000,2026-07-24T10:00:00.000Z,BEAR,LONG,17.5,12.909375,IGNORE,0,WATCH,,0,0,0,NA,NA,NA,NA,NA,CLEAR,1,0,0,0,0,TREND_REVERSAL_UNCONFIRMED,1,0.45,LONG,1,0,0,0
BNBUSDT,1784890800000,2026-07-24T11:00:00.000Z,BEAR,LONG,35.12367054127267,17.953489055125225,IGNORE,0,WATCH,,0,0,0,NA,NA,NA,NA,NA,CLEAR,1,0,0,0,0,TREND_REVERSAL_UNCONFIRMED,2,0.45,LONG,1,0,0,0
BNBUSDT,1784894400000,2026-07-24T12:00:00.000Z,BEAR,LONG,42.5,18.534375,IGNORE,0,WATCH,,0,0,0,NA,NA,NA,NA,NA,CLEAR,1,0,0,0,0,TREND_REVERSAL_UNCONFIRMED,2,0.45,LONG,1,0,0,0
BNBUSDT,1784898000000,2026-07-24T13:00:00.000Z,BEAR,LONG,55.34722222222222,52.13104166666666,WATCH,1,WATCH,ACTIVE,1,1,0,PASS,PASS,SKIP,SKIP,FAIL,CLEAR,1,0,1,0,0,MARKET_CONTEXT_DENIED,3,0.84,LONG,0,1,0,0
BNBUSDT,1784901600000,2026-07-24T14:00:00.000Z,BEAR,LONG,67.5,53.9175,WATCH,1,WATCH,ACTIVE,1,1,0,PASS,PASS,SKIP,SKIP,FAIL,CLEAR,1,0,0,0,0,MARKET_CONTEXT_DENIED,3,0.84,LONG,0,1,0,0
BNBUSDT,1784905200000,2026-07-24T15:00:00.000Z,BEAR,LONG,34.325597682832836,17.890640817523085,IGNORE,0,WATCH,,0,0,0,NA,NA,NA,NA,NA,CLEAR,1,0,0,0,0,TREND_REVERSAL_UNCONFIRMED,2,0.45,LONG,1,0,0,0
BNBUSDT,1784908800000,2026-07-24T16:00:00.000Z,BEAR,LONG,0,7.875,IGNORE,0,WATCH,,0,0,0,NA,NA,NA,NA,NA,CLEAR,1,0,0,0,0,TREND_REVERSAL_UNCONFIRMED,0,0.45,LONG,1,0,0,0
BNBUSDT,1784912400000,2026-07-24T17:00:00.000Z,BEAR,LONG,0,7.875,IGNORE,0,WATCH,,0,0,0,NA,NA,NA,NA,NA,CLEAR,1,0,0,0,0,TREND_REVERSAL_UNCONFIRMED,0,0.45,LONG,1,0,0,0
BNBUSDT,1784916000000,2026-07-24T18:00:00.000Z,BEAR,LONG,0,7.875,IGNORE,0,WATCH,,0,0,0,NA,NA,NA,NA,NA,CLEAR,1,0,0,0,0,TREND_REVERSAL_UNCONFIRMED,0,0.45,LONG,1,0,0,0
BNBUSDT,1784919600000,2026-07-24T19:00:00.000Z,NEUTRAL,NONE,0,7.875,IGNORE,0,WATCH,,0,0,0,NA,NA,NA,NA,NA,BLOCK,0,0,0,0,0,TREND_REVERSAL_UNCONFIRMED,0,0.45,NONE,1,0,0,0
BNBUSDT,1784923200000,2026-07-24T20:00:00.000Z,NEUTRAL,NONE,0,7.875,IGNORE,0,WATCH,,0,0,0,NA,NA,NA,NA,NA,WARNING_SOFT,1,0,0,0,0,TREND_REVERSAL_UNCONFIRMED,0,0.45,NONE,1,0,0,0
BNBUSDT,1784926800000,2026-07-24T21:00:00.000Z,BEAR,LONG,0,7.875,IGNORE,0,WATCH,,0,0,0,NA,NA,NA,NA,NA,WARNING_SOFT,1,0,0,0,0,TREND_REVERSAL_UNCONFIRMED,0,0.45,LONG,1,0,0,0
BNBUSDT,1784930400000,2026-07-24T22:00:00.000Z,NEUTRAL,NONE,0,7.875,IGNORE,0,WATCH,,0,0,0,NA,NA,NA,NA,NA,WARNING_SOFT,1,0,0,0,0,TREND_REVERSAL_UNCONFIRMED,0,0.45,NONE,1,0,0,0
BNBUSDT,1784934000000,2026-07-24T23:00:00.000Z,NEUTRAL,NONE,0,7.875,IGNORE,0,WATCH,,0,0,0,NA,NA,NA,NA,NA,WARNING_SOFT,1,0,0,0,0,TREND_REVERSAL_UNCONFIRMED,0,0.45,NONE,1,0,0,0
BNBUSDT,1784937600000,2026-07-25T00:00:00.000Z,NEUTRAL,NONE,0,7.875,IGNORE,0,WATCH,,0,0,0,NA,NA,NA,NA,NA,WARNING_SOFT,1,0,0,0,0,TREND_REVERSAL_UNCONFIRMED,0,0.45,NONE,1,0,0,0
BNBUSDT,1784941200000,2026-07-25T01:00:00.000Z,NEUTRAL,NONE,0,7.875,IGNORE,0,WATCH,,0,0,0,NA,NA,NA,NA,NA,WARNING_SOFT,1,0,0,0,0,TREND_REVERSAL_UNCONFIRMED,0,0.45,NONE,1,0,0,0
BNBUSDT,1784944800000,2026-07-25T02:00:00.000Z,NEUTRAL,NONE,0,7.875,IGNORE,0,WATCH,,0,0,0,NA,NA,NA,NA,NA,WARNING_SOFT,1,0,0,0,0,TREND_REVERSAL_UNCONFIRMED,0,0.45,NONE,1,0,0,0
BNBUSDT,1784948400000,2026-07-25T03:00:00.000Z,NEUTRAL,NONE,0,7.875,IGNORE,0,WATCH,,0,0,0,NA,NA,NA,NA,NA,WARNING_SOFT,1,0,0,0,0,TREND_REVERSAL_UNCONFIRMED,0,0.45,NONE,1,0,0,0
BNBUSDT,1784952000000,2026-07-25T04:00:00.000Z,NEUTRAL,NONE,0,7.875,IGNORE,0,WATCH,,0,0,0,NA,NA,NA,NA,NA,WARNING_SOFT,1,0,0,0,0,TREND_REVERSAL_UNCONFIRMED,0,0.45,NONE,1,0,0,0
BNBUSDT,1784955600000,2026-07-25T05:00:00.000Z,BEAR,LONG,0,7.875,IGNORE,0,WATCH,,0,0,0,NA,NA,NA,NA,NA,WARNING_SOFT,1,0,0,0,0,TREND_REVERSAL_UNCONFIRMED,0,0.45,LONG,1,0,0,0
BNBUSDT,1784959200000,2026-07-25T06:00:00.000Z,NEUTRAL,NONE,0,7.875,IGNORE,0,WATCH,,0,0,0,NA,NA,NA,NA,NA,WARNING_SOFT,1,0,0,0,0,TREND_REVERSAL_UNCONFIRMED,0,0.45,NONE,1,0,0,0
BNBUSDT,1784962800000,2026-07-25T07:00:00.000Z,BEAR,LONG,0,7.875,IGNORE,0,WATCH,,0,0,0,NA,NA,NA,NA,NA,CLEAR,1,0,0,0,0,TREND_REVERSAL_UNCONFIRMED,0,0.45,LONG,1,0,0,0
BNBUSDT,1784966400000,2026-07-25T08:00:00.000Z,BEAR,LONG,0,7.875,IGNORE,0,WATCH,,0,0,0,NA,NA,NA,NA,NA,WARNING_SOFT,1,0,0,0,0,TREND_REVERSAL_UNCONFIRMED,0,0.45,LONG,1,0,0,0
BNBUSDT,1784970000000,2026-07-25T09:00:00.000Z,NEUTRAL,NONE,0,7.875,IGNORE,0,WATCH,,0,0,0,NA,NA,NA,NA,NA,WARNING_SOFT,1,0,0,0,0,TREND_REVERSAL_UNCONFIRMED,0,0.45,NONE,1,0,0,0
BNBUSDT,1784973600000,2026-07-25T10:00:00.000Z,NEUTRAL,NONE,0,7.875,IGNORE,0,WATCH,,0,0,0,NA,NA,NA,NA,NA,WARNING_SOFT,1,0,0,0,0,TREND_REVERSAL_UNCONFIRMED,0,0.45,NONE,1,0,0,0
BNBUSDT,1784977200000,2026-07-25T11:00:00.000Z,NEUTRAL,NONE,0,7.875,IGNORE,0,WATCH,,0,0,0,NA,NA,NA,NA,NA,WARNING_SOFT,1,0,0,0,0,TREND_REVERSAL_UNCONFIRMED,0,0.45,NONE,1,0,0,0
BNBUSDT,1784980800000,2026-07-25T12:00:00.000Z,NEUTRAL,NONE,0,7.875,IGNORE,0,WATCH,,0,0,0,NA,NA,NA,NA,NA,WARNING_SOFT,1,0,0,0,0,TREND_REVERSAL_UNCONFIRMED,0,0.45,NONE,1,0,0,0
BNBUSDT,1784984400000,2026-07-25T13:00:00.000Z,NEUTRAL,NONE,0,7.875,IGNORE,0,WATCH,,0,0,0,NA,NA,NA,NA,NA,WARNING_HARD,1,1,0,0,0,TREND_REVERSAL_UNCONFIRMED,0,0.45,NONE,1,0,0,0
BNBUSDT,1784988000000,2026-07-25T14:00:00.000Z,NEUTRAL,NONE,0,7.875,IGNORE,0,WATCH,,0,0,0,NA,NA,NA,NA,NA,CLEAR,1,0,0,0,0,TREND_REVERSAL_UNCONFIRMED,0,0.45,NONE,1,0,0,0
BNBUSDT,1784991600000,2026-07-25T15:00:00.000Z,NEUTRAL,NONE,0,7.875,IGNORE,0,WATCH,,0,0,0,NA,NA,NA,NA,NA,CLEAR,1,0,0,0,0,TREND_REVERSAL_UNCONFIRMED,0,0.45,NONE,1,0,0,0
BNBUSDT,1784995200000,2026-07-25T16:00:00.000Z,NEUTRAL,NONE,0,7.875,IGNORE,0,WATCH,,0,0,0,NA,NA,NA,NA,NA,CLEAR,1,0,0,0,0,TREND_REVERSAL_UNCONFIRMED,0,0.45,NONE,1,0,0,0
BNBUSDT,1784998800000,2026-07-25T17:00:00.000Z,NEUTRAL,NONE,0,7.875,IGNORE,0,WATCH,,0,0,0,NA,NA,NA,NA,NA,CLEAR,1,0,0,0,0,TREND_REVERSAL_UNCONFIRMED,0,0.45,NONE,1,0,0,0
BNBUSDT,1785002400000,2026-07-25T18:00:00.000Z,NEUTRAL,NONE,0,7.875,IGNORE,0,WATCH,,0,0,0,NA,NA,NA,NA,NA,CLEAR,1,0,0,0,0,TREND_REVERSAL_UNCONFIRMED,0,0.45,NONE,1,0,0,0
BNBUSDT,1785006000000,2026-07-25T19:00:00.000Z,BULL,SHORT,0,7.875,IGNORE,0,WATCH,,0,0,0,NA,NA,NA,NA,NA,CLEAR,1,0,0,0,0,TREND_REVERSAL_UNCONFIRMED,0,0.45,SHORT,1,0,0,0
BNBUSDT,1785009600000,2026-07-25T20:00:00.000Z,BULL,SHORT,25,13.5,IGNORE,0,WATCH,,0,0,0,NA,NA,NA,NA,NA,CLEAR,1,0,0,0,0,TREND_REVERSAL_UNCONFIRMED,1,0.45,SHORT,1,0,0,0
BNBUSDT,1785013200000,2026-07-25T21:00:00.000Z,BULL,SHORT,0,7.875,IGNORE,0,WATCH,,0,0,0,NA,NA,NA,NA,NA,CLEAR,1,0,0,0,0,TREND_REVERSAL_UNCONFIRMED,0,0.45,SHORT,1,0,0,0
BNBUSDT,1785016800000,2026-07-25T22:00:00.000Z,BULL,SHORT,12.847222222222221,12.54296875,IGNORE,0,WATCH,,0,0,0,NA,NA,NA,NA,NA,CLEAR,1,0,0,0,0,TREND_REVERSAL_UNCONFIRMED,1,0.45,SHORT,1,0,0,0
BNBUSDT,1785020400000,2026-07-25T23:00:00.000Z,BULL,SHORT,0,7.875,IGNORE,0,WATCH,,0,0,0,NA,NA,NA,NA,NA,CLEAR,1,0,0,0,0,TREND_REVERSAL_UNCONFIRMED,0,0.45,SHORT,1,0,0,0
BNBUSDT,1785024000000,2026-07-26T00:00:00.000Z,BULL,SHORT,24.938091583693303,13.495124712215848,IGNORE,0,WATCH,,0,0,0,NA,NA,NA,NA,NA,CLEAR,1,0,0,0,0,TREND_REVERSAL_UNCONFIRMED,1,0.45,SHORT,1,0,0,0
BNBUSDT,1785027600000,2026-07-26T01:00:00.000Z,BULL,SHORT,0,7.875,IGNORE,0,WATCH,,0,0,0,NA,NA,NA,NA,NA,CLEAR,1,0,0,0,0,TREND_REVERSAL_UNCONFIRMED,0,0.45,SHORT,1,0,0,0
BNBUSDT,1785031200000,2026-07-26T02:00:00.000Z,BULL,SHORT,12.847222222222221,12.54296875,IGNORE,0,WATCH,,0,0,0,NA,NA,NA,NA,NA,CLEAR,1,0,0,0,0,TREND_REVERSAL_UNCONFIRMED,1,0.45,SHORT,1,0,0,0
BNBUSDT,1785034800000,2026-07-26T03:00:00.000Z,BULL,SHORT,0,7.875,IGNORE,0,WATCH,,0,0,0,NA,NA,NA,NA,NA,CLEAR,1,0,0,0,0,TREND_REVERSAL_UNCONFIRMED,0,0.45,SHORT,1,0,0,0
BNBUSDT,1785038400000,2026-07-26T04:00:00.000Z,BULL,SHORT,0,7.875,IGNORE,0,WATCH,,0,0,0,NA,NA,NA,NA,NA,CLEAR,1,0,0,0,0,TREND_REVERSAL_UNCONFIRMED,0,0.45,SHORT,1,0,0,0
BNBUSDT,1785042000000,2026-07-26T05:00:00.000Z,BULL,SHORT,14.207237123498198,12.650069923475483,IGNORE,0,WATCH,,0,0,0,NA,NA,NA,NA,NA,CLEAR,1,0,0,0,0,TREND_REVERSAL_UNCONFIRMED,1,0.45,SHORT,1,0,0,0
BNBUSDT,1785045600000,2026-07-26T06:00:00.000Z,BULL,SHORT,28.474504358808886,17.4298672182562,IGNORE,0,WATCH,,0,0,0,NA,NA,NA,NA,NA,CLEAR,1,0,0,0,0,TREND_REVERSAL_UNCONFIRMED,2,0.45,SHORT,1,0,0,0
BNBUSDT,1785049200000,2026-07-26T07:00:00.000Z,BULL,SHORT,42.84138514130058,18.56125907987742,IGNORE,0,WATCH,,0,0,0,NA,NA,NA,NA,NA,WARNING_HARD,1,0,0,0,0,TREND_REVERSAL_UNCONFIRMED,2,0.45,SHORT,1,0,0,0
BNBUSDT,1785052800000,2026-07-26T08:00:00.000Z,BULL,SHORT,0,7.875,IGNORE,0,WATCH,,0,0,0,NA,NA,NA,NA,NA,CLEAR,1,0,0,0,0,TREND_REVERSAL_UNCONFIRMED,0,0.45,SHORT,1,0,0,0
BNBUSDT,1785056400000,2026-07-26T09:00:00.000Z,BULL,SHORT,0,7.875,IGNORE,0,WATCH,,0,0,0,NA,NA,NA,NA,NA,CLEAR,1,0,0,0,0,TREND_REVERSAL_UNCONFIRMED,0,0.45,SHORT,1,0,0,0
BNBUSDT,1785060000000,2026-07-26T10:00:00.000Z,BULL,SHORT,0,7.875,IGNORE,0,WATCH,,0,0,0,NA,NA,NA,NA,NA,CLEAR,1,0,0,0,0,TREND_REVERSAL_UNCONFIRMED,0,0.45,SHORT,1,0,0,0
BNBUSDT,1785063600000,2026-07-26T11:00:00.000Z,BULL,SHORT,0,7.875,IGNORE,0,WATCH,,0,0,0,NA,NA,NA,NA,NA,CLEAR,1,0,0,0,0,TREND_REVERSAL_UNCONFIRMED,0,0.45,SHORT,1,0,0,0
BNBUSDT,1785067200000,2026-07-26T12:00:00.000Z,BULL,SHORT,15.697116116889758,12.767397894205068,IGNORE,0,WATCH,,0,0,0,NA,NA,NA,NA,NA,CLEAR,1,0,0,0,0,TREND_REVERSAL_UNCONFIRMED,1,0.45,SHORT,1,0,0,0
BNBUSDT,1785070800000,2026-07-26T13:00:00.000Z,BULL,SHORT,13.425601350570762,12.588516106357448,IGNORE,0,WATCH,,0,0,0,NA,NA,NA,NA,NA,WARNING_SOFT,1,0,0,0,0,TREND_REVERSAL_UNCONFIRMED,1,0.45,SHORT,1,0,0,0
BNBUSDT,1785074400000,2026-07-26T14:00:00.000Z,BULL,SHORT,25,13.5,IGNORE,0,WATCH,,0,0,0,NA,NA,NA,NA,NA,CLEAR,1,0,0,0,0,TREND_REVERSAL_UNCONFIRMED,1,0.45,SHORT,1,0,0,0
BNBUSDT,1785078000000,2026-07-26T15:00:00.000Z,BULL,SHORT,25,13.5,IGNORE,0,WATCH,,0,0,0,NA,NA,NA,NA,NA,CLEAR,1,0,0,0,0,TREND_REVERSAL_UNCONFIRMED,1,0.45,SHORT,1,0,0,0
BNBUSDT,1785081600000,2026-07-26T16:00:00.000Z,BULL,SHORT,19.03505302204058,13.030260425485695,IGNORE,0,WATCH,,0,0,0,NA,NA,NA,NA,NA,CLEAR,1,0,0,0,0,TREND_REVERSAL_UNCONFIRMED,1,0.45,SHORT,1,0,0,0
BNBUSDT,1785085200000,2026-07-26T17:00:00.000Z,BULL,SHORT,25,13.5,IGNORE,0,WATCH,,0,0,0,NA,NA,NA,NA,NA,CLEAR,1,0,0,0,0,TREND_REVERSAL_UNCONFIRMED,1,0.45,SHORT,1,0,0,0
BNBUSDT,1785088800000,2026-07-26T18:00:00.000Z,BULL,SHORT,0,7.875,IGNORE,0,WATCH,,0,0,0,NA,NA,NA,NA,NA,CLEAR,1,0,0,0,0,TREND_REVERSAL_UNCONFIRMED,0,0.45,SHORT,1,0,0,0
BNBUSDT,1785092400000,2026-07-26T19:00:00.000Z,BULL,SHORT,0,7.875,IGNORE,0,WATCH,,0,0,0,NA,NA,NA,NA,NA,CLEAR,1,0,0,0,0,TREND_REVERSAL_UNCONFIRMED,0,0.45,SHORT,1,0,0,0
BNBUSDT,1785096000000,2026-07-26T20:00:00.000Z,BULL,SHORT,0,7.875,IGNORE,0,WATCH,,0,0,0,NA,NA,NA,NA,NA,CLEAR,1,0,0,0,0,TREND_REVERSAL_UNCONFIRMED,0,0.45,SHORT,1,0,0,0
BNBUSDT,1785099600000,2026-07-26T21:00:00.000Z,BULL,SHORT,0,7.875,IGNORE,0,WATCH,,0,0,0,NA,NA,NA,NA,NA,CLEAR,1,0,0,0,0,TREND_REVERSAL_UNCONFIRMED,0,0.45,SHORT,1,0,0,0
BNBUSDT,1785103200000,2026-07-26T22:00:00.000Z,BULL,SHORT,25,13.5,IGNORE,0,WATCH,,0,0,0,NA,NA,NA,NA,NA,CLEAR,1,0,0,0,0,TREND_REVERSAL_UNCONFIRMED,1,0.45,SHORT,1,0,0,0
BNBUSDT,1785106800000,2026-07-26T23:00:00.000Z,BULL,SHORT,50,19.125,IGNORE,0,WATCH,,0,0,0,NA,NA,NA,NA,NA,CLEAR,1,0,0,0,0,TREND_REVERSAL_UNCONFIRMED,2,0.45,SHORT,1,0,0,0
BNBUSDT,1785110400000,2026-07-27T00:00:00.000Z,NEUTRAL,NONE,0,7.875,IGNORE,0,WATCH,,0,0,0,NA,NA,NA,NA,NA,WARNING_HARD,1,0,0,0,0,TREND_REVERSAL_UNCONFIRMED,0,0.45,NONE,1,0,0,0
BNBUSDT,1785114000000,2026-07-27T01:00:00.000Z,BULL,SHORT,0,7.875,IGNORE,0,WATCH,,0,0,0,NA,NA,NA,NA,NA,WARNING_SOFT,1,0,0,0,0,TREND_REVERSAL_UNCONFIRMED,0,0.45,SHORT,1,0,0,0
BNBUSDT,1785117600000,2026-07-27T02:00:00.000Z,BULL,SHORT,0,7.875,IGNORE,0,WATCH,,0,0,0,NA,NA,NA,NA,NA,WARNING_SOFT,1,0,0,0,0,TREND_REVERSAL_UNCONFIRMED,0,0.45,SHORT,1,0,0,0
BNBUSDT,1785121200000,2026-07-27T03:00:00.000Z,BULL,SHORT,0,7.875,IGNORE,0,WATCH,,0,0,0,NA,NA,NA,NA,NA,WARNING_SOFT,1,0,0,0,0,TREND_REVERSAL_UNCONFIRMED,0,0.45,SHORT,1,0,0,0
BNBUSDT,1785124800000,2026-07-27T04:00:00.000Z,BULL,SHORT,20.651249999999994,13.157535937499999,IGNORE,0,WATCH,,0,0,0,NA,NA,NA,NA,NA,WARNING_SOFT,1,0,0,0,0,TREND_REVERSAL_UNCONFIRMED,1,0.45,SHORT,1,0,0,0
BNBUSDT,1785128400000,2026-07-27T05:00:00.000Z,BULL,SHORT,0,7.875,IGNORE,0,WATCH,,0,0,0,NA,NA,NA,NA,NA,CLEAR,1,0,0,0,0,TREND_REVERSAL_UNCONFIRMED,0,0.45,SHORT,1,0,0,0
BNBUSDT,1785132000000,2026-07-27T06:00:00.000Z,BULL,SHORT,17.833153141125255,12.935610809863615,IGNORE,0,WATCH,,0,0,0,NA,NA,NA,NA,NA,CLEAR,1,0,0,0,0,TREND_REVERSAL_UNCONFIRMED,1,0.45,SHORT,1,0,0,0
BNBUSDT,1785135600000,2026-07-27T07:00:00.000Z,BULL,SHORT,0,7.875,IGNORE,0,WATCH,,0,0,0,NA,NA,NA,NA,NA,CLEAR,1,0,0,0,0,TREND_REVERSAL_UNCONFIRMED,0,0.45,SHORT,1,0,0,0
BNBUSDT,1785139200000,2026-07-27T08:00:00.000Z,BULL,SHORT,0,7.875,IGNORE,0,WATCH,,0,0,0,NA,NA,NA,NA,NA,CLEAR,1,0,0,0,0,TREND_REVERSAL_UNCONFIRMED,0,0.45,SHORT,1,0,0,0
BNBUSDT,1785142800000,2026-07-27T09:00:00.000Z,NEUTRAL,NONE,0,7.875,IGNORE,0,WATCH,,0,0,0,NA,NA,NA,NA,NA,BLOCK,0,0,0,0,0,TREND_REVERSAL_UNCONFIRMED,0,0.45,NONE,1,0,0,0
BNBUSDT,1785146400000,2026-07-27T10:00:00.000Z,BULL,SHORT,0,7.875,IGNORE,0,WATCH,,0,0,0,NA,NA,NA,NA,NA,WARNING_SOFT,1,0,0,0,0,TREND_REVERSAL_UNCONFIRMED,0,0.45,SHORT,1,0,0,0
BNBUSDT,1785150000000,2026-07-27T11:00:00.000Z,NEUTRAL,NONE,0,7.875,IGNORE,0,WATCH,,0,0,0,NA,NA,NA,NA,NA,WARNING_SOFT,1,0,0,0,0,TREND_REVERSAL_UNCONFIRMED,0,0.45,NONE,1,0,0,0
BNBUSDT,1785153600000,2026-07-27T12:00:00.000Z,BULL,SHORT,20.51956480957115,13.147165728753729,IGNORE,0,WATCH,,0,0,0,NA,NA,NA,NA,NA,BLOCK,0,1,0,0,0,TREND_REVERSAL_UNCONFIRMED,1,0.45,SHORT,1,0,0,0
BNBUSDT,1785157200000,2026-07-27T13:00:00.000Z,BULL,SHORT,50,19.125,IGNORE,0,WATCH,,0,0,0,NA,NA,NA,NA,NA,BLOCK,0,0,0,0,0,TREND_REVERSAL_UNCONFIRMED,2,0.45,SHORT,1,0,0,0
BNBUSDT,1785160800000,2026-07-27T14:00:00.000Z,NEUTRAL,NONE,0,7.875,IGNORE,0,WATCH,,0,0,0,NA,NA,NA,NA,NA,BLOCK,0,0,0,0,0,TREND_REVERSAL_UNCONFIRMED,0,0.45,NONE,1,0,0,0
BNBUSDT,1785164400000,2026-07-27T15:00:00.000Z,NEUTRAL,NONE,0,7.875,IGNORE,0,WATCH,,0,0,0,NA,NA,NA,NA,NA,BLOCK,0,0,0,0,0,TREND_REVERSAL_UNCONFIRMED,0,0.45,NONE,1,0,0,0
BNBUSDT,1785168000000,2026-07-27T16:00:00.000Z,NEUTRAL,NONE,0,7.875,IGNORE,0,WATCH,,0,0,0,NA,NA,NA,NA,NA,WARNING_SOFT,1,0,0,0,0,TREND_REVERSAL_UNCONFIRMED,0,0.45,NONE,1,0,0,0
BNBUSDT,1785171600000,2026-07-27T17:00:00.000Z,BULL,SHORT,17.5,12.909375,IGNORE,0,WATCH,,0,0,0,NA,NA,NA,NA,NA,CLEAR,1,0,0,0,0,TREND_REVERSAL_UNCONFIRMED,1,0.45,SHORT,1,0,0,0
BNBUSDT,1785175200000,2026-07-27T18:00:00.000Z,BULL,SHORT,17.5,12.909375,IGNORE,0,WATCH,,0,0,0,NA,NA,NA,NA,NA,WARNING_SOFT,1,0,0,0,0,TREND_REVERSAL_UNCONFIRMED,1,0.45,SHORT,1,0,0,0
BNBUSDT,1785178800000,2026-07-27T19:00:00.000Z,BULL,SHORT,42.5,18.534375,IGNORE,0,WATCH,,0,0,0,NA,NA,NA,NA,NA,WARNING_SOFT,1,0,0,0,0,TREND_REVERSAL_UNCONFIRMED,2,0.45,SHORT,1,0,0,0
BNBUSDT,1785182400000,2026-07-27T20:00:00.000Z,BULL,SHORT,17.5,12.909375,IGNORE,0,WATCH,,0,0,0,NA,NA,NA,NA,NA,WARNING_SOFT,1,0,0,0,0,TREND_REVERSAL_UNCONFIRMED,1,0.45,SHORT,1,0,0,0
BNBUSDT,1785186000000,2026-07-27T21:00:00.000Z,BULL,SHORT,17.5,12.909375,IGNORE,0,WATCH,,0,0,0,NA,NA,NA,NA,NA,WARNING_SOFT,1,0,0,0,0,TREND_REVERSAL_UNCONFIRMED,1,0.45,SHORT,1,0,0,0
BNBUSDT,1785189600000,2026-07-27T22:00:00.000Z,NEUTRAL,NONE,0,7.875,IGNORE,0,WATCH,,0,0,0,NA,NA,NA,NA,NA,WARNING_SOFT,1,0,1,0,0,TREND_REVERSAL_UNCONFIRMED,0,0.45,NONE,1,0,0,0
BNBUSDT,1785193200000,2026-07-27T23:00:00.000Z,NEUTRAL,NONE,0,7.875,IGNORE,0,WATCH,,0,0,0,NA,NA,NA,NA,NA,BLOCK,0,0,0,0,0,TREND_REVERSAL_UNCONFIRMED,0,0.45,NONE,1,0,0,0
BNBUSDT,1785196800000,2026-07-28T00:00:00.000Z,NEUTRAL,NONE,0,7.875,IGNORE,0,WATCH,,0,0,0,NA,NA,NA,NA,NA,WARNING_SOFT,1,0,0,0,0,TREND_REVERSAL_UNCONFIRMED,0,0.45,NONE,1,0,0,0
BNBUSDT,1785200400000,2026-07-28T01:00:00.000Z,BEAR,LONG,24.581353671091378,13.467031601598446,IGNORE,0,WATCH,,0,0,0,NA,NA,NA,NA,NA,CLEAR,1,0,0,0,0,TREND_REVERSAL_UNCONFIRMED,1,0.45,LONG,1,0,0,0
BNBUSDT,1785204000000,2026-07-28T02:00:00.000Z,BEAR,LONG,0,7.875,IGNORE,0,WATCH,,0,0,0,NA,NA,NA,NA,NA,CLEAR,1,0,0,0,0,TREND_REVERSAL_UNCONFIRMED,0,0.45,LONG,1,0,0,0
BNBUSDT,1785207600000,2026-07-28T03:00:00.000Z,BEAR,LONG,0,7.875,IGNORE,0,WATCH,,0,0,0,NA,NA,NA,NA,NA,CLEAR,1,0,0,0,0,TREND_REVERSAL_UNCONFIRMED,0,0.45,LONG,1,0,0,0
BNBUSDT,1785211200000,2026-07-28T04:00:00.000Z,BEAR,LONG,12.847222222222221,12.54296875,IGNORE,0,WATCH,,0,0,0,NA,NA,NA,NA,NA,CLEAR,1,0,0,0,0,TREND_REVERSAL_UNCONFIRMED,1,0.45,LONG,1,0,0,0
BNBUSDT,1785214800000,2026-07-28T05:00:00.000Z,BEAR,LONG,0,7.875,IGNORE,0,WATCH,,0,0,0,NA,NA,NA,NA,NA,CLEAR,1,0,0,0,0,TREND_REVERSAL_UNCONFIRMED,0,0.45,LONG,1,0,0,0
BNBUSDT,1785218400000,2026-07-28T06:00:00.000Z,BEAR,LONG,0,7.875,IGNORE,0,WATCH,,0,0,0,NA,NA,NA,NA,NA,CLEAR,1,0,0,0,0,TREND_REVERSAL_UNCONFIRMED,0,0.45,LONG,1,0,0,0
BNBUSDT,1785222000000,2026-07-28T07:00:00.000Z,BEAR,LONG,0,7.875,IGNORE,0,WATCH,,0,0,0,NA,NA,NA,NA,NA,CLEAR,1,0,0,0,0,TREND_REVERSAL_UNCONFIRMED,0,0.45,LONG,1,0,0,0
BNBUSDT,1785225600000,2026-07-28T08:00:00.000Z,BEAR,LONG,0,7.875,IGNORE,0,WATCH,,0,0,0,NA,NA,NA,NA,NA,CLEAR,1,0,0,0,0,TREND_REVERSAL_UNCONFIRMED,0,0.45,LONG,1,0,0,0
BNBUSDT,1785229200000,2026-07-28T09:00:00.000Z,BEAR,LONG,17.5,12.909375,IGNORE,0,WATCH,,0,0,0,NA,NA,NA,NA,NA,CLEAR,1,0,0,0,0,TREND_REVERSAL_UNCONFIRMED,1,0.45,LONG,1,0,0,0
BNBUSDT,1785232800000,2026-07-28T10:00:00.000Z,BEAR,LONG,17.5,12.909375,IGNORE,0,WATCH,,0,0,0,NA,NA,NA,NA,NA,WARNING_SOFT,1,0,0,0,0,TREND_REVERSAL_UNCONFIRMED,1,0.45,LONG,1,0,0,0
BNBUSDT,1785236400000,2026-07-28T11:00:00.000Z,BEAR,LONG,17.5,12.909375,IGNORE,0,WATCH,,0,0,0,NA,NA,NA,NA,NA,CLEAR,1,0,0,0,0,TREND_REVERSAL_UNCONFIRMED,1,0.45,LONG,1,0,0,0
BNBUSDT,1785240000000,2026-07-28T12:00:00.000Z,NEUTRAL,NONE,0,7.875,IGNORE,0,WATCH,,0,0,0,NA,NA,NA,NA,NA,WARNING_SOFT,1,0,0,0,0,TREND_REVERSAL_UNCONFIRMED,0,0.45,NONE,1,0,0,0
BNBUSDT,1785243600000,2026-07-28T13:00:00.000Z,BEAR,LONG,42.5,18.534375,IGNORE,0,WATCH,,0,0,0,NA,NA,NA,NA,NA,BLOCK,0,0,0,0,0,TREND_REVERSAL_UNCONFIRMED,2,0.45,LONG,1,0,0,0
BNBUSDT,1785247200000,2026-07-28T14:00:00.000Z,NEUTRAL,NONE,0,7.875,IGNORE,0,WATCH,,0,0,0,NA,NA,NA,NA,NA,BLOCK,0,0,0,0,0,TREND_REVERSAL_UNCONFIRMED,0,0.45,NONE,1,0,0,0
BNBUSDT,1785250800000,2026-07-28T15:00:00.000Z,NEUTRAL,NONE,0,7.875,IGNORE,0,WATCH,,0,0,0,NA,NA,NA,NA,NA,CLEAR,1,0,0,0,0,TREND_REVERSAL_UNCONFIRMED,0,0.45,NONE,1,0,0,0
BNBUSDT,1785254400000,2026-07-28T16:00:00.000Z,NEUTRAL,NONE,0,7.875,IGNORE,0,WATCH,,0,0,0,NA,NA,NA,NA,NA,CLEAR,1,0,0,0,0,TREND_REVERSAL_UNCONFIRMED,0,0.45,NONE,1,0,0,0
BNBUSDT,1785258000000,2026-07-28T17:00:00.000Z,BEAR,LONG,0,7.875,IGNORE,0,WATCH,,0,0,0,NA,NA,NA,NA,NA,WARNING_SOFT,1,0,0,0,0,TREND_REVERSAL_UNCONFIRMED,0,0.45,LONG,1,0,0,0
BNBUSDT,1785261600000,2026-07-28T18:00:00.000Z,NEUTRAL,NONE,0,7.875,IGNORE,0,WATCH,,0,0,0,NA,NA,NA,NA,NA,WARNING_SOFT,1,0,0,0,0,TREND_REVERSAL_UNCONFIRMED,0,0.45,NONE,1,0,0,0
BNBUSDT,1785265200000,2026-07-28T19:00:00.000Z,NEUTRAL,NONE,0,7.875,IGNORE,0,WATCH,,0,0,0,NA,NA,NA,NA,NA,CLEAR,1,0,0,0,0,TREND_REVERSAL_UNCONFIRMED,0,0.45,NONE,1,0,0,0
BNBUSDT,1785268800000,2026-07-28T20:00:00.000Z,NEUTRAL,NONE,0,7.875,IGNORE,0,WATCH,,0,0,0,NA,NA,NA,NA,NA,CLEAR,1,0,0,0,0,TREND_REVERSAL_UNCONFIRMED,0,0.45,NONE,1,0,0,0
BNBUSDT,1785272400000,2026-07-28T21:00:00.000Z,NEUTRAL,NONE,0,7.875,IGNORE,0,WATCH,,0,0,0,NA,NA,NA,NA,NA,CLEAR,1,0,0,0,0,TREND_REVERSAL_UNCONFIRMED,0,0.45,NONE,1,0,0,0
BNBUSDT,1785276000000,2026-07-28T22:00:00.000Z,BEAR,LONG,0,7.875,IGNORE,0,WATCH,,0,0,0,NA,NA,NA,NA,NA,WARNING_SOFT,1,0,0,0,0,TREND_REVERSAL_UNCONFIRMED,0,0.45,LONG,1,0,0,0
BNBUSDT,1785279600000,2026-07-28T23:00:00.000Z,NEUTRAL,NONE,0,7.875,IGNORE,0,WATCH,,0,0,0,NA,NA,NA,NA,NA,WARNING_SOFT,1,0,0,0,0,TREND_REVERSAL_UNCONFIRMED,0,0.45,NONE,1,0,0,0
BNBUSDT,1785283200000,2026-07-29T00:00:00.000Z,NEUTRAL,NONE,0,7.875,IGNORE,0,WATCH,,0,0,0,NA,NA,NA,NA,NA,CLEAR,1,0,0,0,0,TREND_REVERSAL_UNCONFIRMED,0,0.45,NONE,1,0,0,0
BNBUSDT,1785286800000,2026-07-29T01:00:00.000Z,NEUTRAL,NONE,0,7.875,IGNORE,0,WATCH,,0,0,0,NA,NA,NA,NA,NA,WARNING_SOFT,1,0,0,0,0,TREND_REVERSAL_UNCONFIRMED,0,0.45,NONE,1,0,0,0
BNBUSDT,1785290400000,2026-07-29T02:00:00.000Z,BULL,SHORT,17.5,12.909375,IGNORE,0,WATCH,,0,0,0,NA,NA,NA,NA,NA,CLEAR,1,0,0,0,0,TREND_REVERSAL_UNCONFIRMED,1,0.45,SHORT,1,0,0,0
BNBUSDT,1785294000000,2026-07-29T03:00:00.000Z,BEAR,LONG,17.5,12.909375,IGNORE,0,WATCH,,0,0,0,NA,NA,NA,NA,NA,CLEAR,1,0,0,0,0,TREND_REVERSAL_UNCONFIRMED,1,0.45,LONG,1,0,0,0
BNBUSDT,1785297600000,2026-07-29T04:00:00.000Z,BEAR,LONG,17.5,12.909375,IGNORE,0,WATCH,,0,0,0,NA,NA,NA,NA,NA,WARNING_HARD,1,0,0,0,0,TREND_REVERSAL_UNCONFIRMED,1,0.45,LONG,1,0,0,0
BNBUSDT,1785301200000,2026-07-29T05:00:00.000Z,NEUTRAL,NONE,0,7.875,IGNORE,0,WATCH,,0,0,0,NA,NA,NA,NA,NA,WARNING_SOFT,1,0,0,0,0,TREND_REVERSAL_UNCONFIRMED,0,0.45,NONE,1,0,0,0
BNBUSDT,1785304800000,2026-07-29T06:00:00.000Z,NEUTRAL,NONE,0,7.875,IGNORE,0,WATCH,,0,0,0,NA,NA,NA,NA,NA,CLEAR,1,0,0,0,0,TREND_REVERSAL_UNCONFIRMED,0,0.45,NONE,1,0,0,0
BNBUSDT,1785308400000,2026-07-29T07:00:00.000Z,BULL,SHORT,17.5,12.909375,IGNORE,0,WATCH,,0,0,0,NA,NA,NA,NA,NA,CLEAR,1,0,0,0,0,TREND_REVERSAL_UNCONFIRMED,1,0.45,SHORT,1,0,0,0
BNBUSDT,1785312000000,2026-07-29T08:00:00.000Z,BULL,SHORT,17.5,12.909375,IGNORE,0,WATCH,,0,0,0,NA,NA,NA,NA,NA,CLEAR,1,0,0,0,0,TREND_REVERSAL_UNCONFIRMED,1,0.45,SHORT,1,0,0,0
BNBUSDT,1785315600000,2026-07-29T09:00:00.000Z,BULL,SHORT,17.5,12.909375,IGNORE,0,WATCH,,0,0,0,NA,NA,NA,NA,NA,CLEAR,1,0,0,0,0,TREND_REVERSAL_UNCONFIRMED,1,0.45,SHORT,1,0,0,0
BNBUSDT,1785319200000,2026-07-29T10:00:00.000Z,BULL,SHORT,42.5,18.534375,IGNORE,0,WATCH,,0,0,0,NA,NA,NA,NA,NA,CLEAR,1,0,0,0,0,TREND_REVERSAL_UNCONFIRMED,2,0.45,SHORT,1,0,0,0
BNBUSDT,1785322800000,2026-07-29T11:00:00.000Z,BULL,SHORT,17.5,12.909375,IGNORE,0,WATCH,,0,0,0,NA,NA,NA,NA,NA,CLEAR,1,0,0,0,0,TREND_REVERSAL_UNCONFIRMED,1,0.45,SHORT,1,0,0,0
BNBUSDT,1785326400000,2026-07-29T12:00:00.000Z,NEUTRAL,NONE,0,7.875,IGNORE,0,WATCH,,0,0,0,NA,NA,NA,NA,NA,BLOCK,0,0,0,0,0,TREND_REVERSAL_UNCONFIRMED,0,0.45,NONE,1,0,0,0
BNBUSDT,1785330000000,2026-07-29T13:00:00.000Z,NEUTRAL,NONE,0,7.875,IGNORE,0,WATCH,,0,0,0,NA,NA,NA,NA,NA,WARNING_SOFT,1,0,0,0,0,TREND_REVERSAL_UNCONFIRMED,0,0.45,NONE,1,0,0,0
BNBUSDT,1785333600000,2026-07-29T14:00:00.000Z,NEUTRAL,NONE,0,7.875,IGNORE,0,WATCH,,0,0,0,NA,NA,NA,NA,NA,BLOCK,0,0,0,0,0,TREND_REVERSAL_UNCONFIRMED,0,0.45,NONE,1,0,0,0
BNBUSDT,1785337200000,2026-07-29T15:00:00.000Z,NEUTRAL,NONE,0,7.875,IGNORE,0,WATCH,,0,0,0,NA,NA,NA,NA,NA,WARNING_SOFT,1,0,0,0,0,TREND_REVERSAL_UNCONFIRMED,0,0.45,NONE,1,0,0,0
BNBUSDT,1785340800000,2026-07-29T16:00:00.000Z,BEAR,LONG,0,7.875,IGNORE,0,WATCH,,0,0,0,NA,NA,NA,NA,NA,CLEAR,1,0,0,0,0,TREND_REVERSAL_UNCONFIRMED,0,0.45,LONG,1,0,0,0
BNBUSDT,1785344400000,2026-07-29T17:00:00.000Z,BULL,SHORT,17.5,12.909375,IGNORE,0,WATCH,,0,0,0,NA,NA,NA,NA,NA,WARNING_SOFT,1,0,0,0,0,TREND_REVERSAL_UNCONFIRMED,1,0.45,SHORT,1,0,0,0
BNBUSDT,1785348000000,2026-07-29T18:00:00.000Z,BULL,SHORT,42.5,18.534375,IGNORE,0,WATCH,,0,0,0,NA,NA,NA,NA,NA,CLEAR,1,0,0,0,0,TREND_REVERSAL_UNCONFIRMED,2,0.45,SHORT,1,0,0,0
BNBUSDT,1785351600000,2026-07-29T19:00:00.000Z,NEUTRAL,NONE,0,7.875,IGNORE,0,WATCH,,0,0,0,NA,NA,NA,NA,NA,BLOCK,0,0,0,0,0,TREND_REVERSAL_UNCONFIRMED,0,0.45,NONE,1,0,0,0
BNBUSDT,1785355200000,2026-07-29T20:00:00.000Z,BEAR,LONG,33.33680993072659,17.81277378204472,IGNORE,0,WATCH,,0,0,0,NA,NA,NA,NA,NA,CLEAR,1,0,0,0,0,TREND_REVERSAL_UNCONFIRMED,2,0.45,LONG,1,0,0,0
BNBUSDT,1785358800000,2026-07-29T21:00:00.000Z,BEAR,LONG,30.279012044996065,17.57197219854344,IGNORE,0,WATCH,,0,0,0,NA,NA,NA,NA,NA,CLEAR,1,0,0,0,0,TREND_REVERSAL_UNCONFIRMED,2,0.45,LONG,1,0,0,0
BNBUSDT,1785362400000,2026-07-29T22:00:00.000Z,NEUTRAL,NONE,0,7.875,IGNORE,0,WATCH,,0,0,0,NA,NA,NA,NA,NA,WARNING_HARD,1,0,0,0,0,TREND_REVERSAL_UNCONFIRMED,0,0.45,NONE,1,0,0,0
BNBUSDT,1785366000000,2026-07-29T23:00:00.000Z,BULL,SHORT,0,7.875,IGNORE,0,WATCH,,0,0,0,NA,NA,NA,NA,NA,WARNING_SOFT,1,0,0,0,0,TREND_REVERSAL_UNCONFIRMED,0,0.45,SHORT,1,0,0,0
BNBUSDT,1785369600000,2026-07-30T00:00:00.000Z,BULL,SHORT,0,7.875,IGNORE,0,WATCH,,0,0,0,NA,NA,NA,NA,NA,WARNING_SOFT,1,0,0,0,0,TREND_REVERSAL_UNCONFIRMED,0,0.45,SHORT,1,0,0,0
BNBUSDT,1785373200000,2026-07-30T01:00:00.000Z,BULL,SHORT,25,13.5,IGNORE,0,WATCH,,0,0,0,NA,NA,NA,NA,NA,CLEAR,1,0,0,0,0,TREND_REVERSAL_UNCONFIRMED,1,0.45,SHORT,1,0,0,0
BNBUSDT,1785376800000,2026-07-30T02:00:00.000Z,BULL,SHORT,21.9839508261933,13.262486127562722,IGNORE,0,WATCH,,0,0,0,NA,NA,NA,NA,NA,CLEAR,1,0,0,0,0,TREND_REVERSAL_UNCONFIRMED,1,0.45,SHORT,1,0,0,0
BNBUSDT,1785380400000,2026-07-30T03:00:00.000Z,BULL,SHORT,0,7.875,IGNORE,0,WATCH,,0,0,0,NA,NA,NA,NA,NA,CLEAR,1,0,0,0,0,TREND_REVERSAL_UNCONFIRMED,0,0.45,SHORT,1,0,0,0
BNBUSDT,1785384000000,2026-07-30T04:00:00.000Z,BULL,SHORT,0,7.875,IGNORE,0,WATCH,,0,0,0,NA,NA,NA,NA,NA,WARNING_SOFT,1,0,0,0,0,TREND_REVERSAL_UNCONFIRMED,0,0.45,SHORT,1,0,0,0
BNBUSDT,1785387600000,2026-07-30T05:00:00.000Z,BULL,SHORT,0,7.875,IGNORE,0,WATCH,,0,0,0,NA,NA,NA,NA,NA,WARNING_SOFT,1,0,0,0,0,TREND_REVERSAL_UNCONFIRMED,0,0.45,SHORT,1,0,0,0
BNBUSDT,1785391200000,2026-07-30T06:00:00.000Z,BULL,SHORT,0,7.875,IGNORE,0,WATCH,,0,0,0,NA,NA,NA,NA,NA,WARNING_SOFT,1,0,0,0,0,TREND_REVERSAL_UNCONFIRMED,0,0.45,SHORT,1,0,0,0
BNBUSDT,1785394800000,2026-07-30T07:00:00.000Z,BULL,SHORT,25,13.5,IGNORE,0,WATCH,,0,0,0,NA,NA,NA,NA,NA,WARNING_HARD,1,0,0,0,0,TREND_REVERSAL_UNCONFIRMED,1,0.45,SHORT,1,0,0,0
BNBUSDT,1785398400000,2026-07-30T08:00:00.000Z,BULL,SHORT,20.25726956539372,13.126509978274754,IGNORE,0,WATCH,,0,0,0,NA,NA,NA,NA,NA,CLEAR,1,0,0,0,0,TREND_REVERSAL_UNCONFIRMED,1,0.45,SHORT,1,0,0,0
BNBUSDT,1785402000000,2026-07-30T09:00:00.000Z,BULL,SHORT,0,7.875,IGNORE,0,WATCH,,0,0,0,NA,NA,NA,NA,NA,CLEAR,1,0,0,0,0,TREND_REVERSAL_UNCONFIRMED,0,0.45,SHORT,1,0,0,0
BNBUSDT,1785405600000,2026-07-30T10:00:00.000Z,BULL,SHORT,39.93055555555556,18.33203125,IGNORE,0,WATCH,,0,0,0,NA,NA,NA,NA,NA,CLEAR,1,1,0,0,0,TREND_REVERSAL_UNCONFIRMED,2,0.45,SHORT,1,0,0,0
BNBUSDT,1785409200000,2026-07-30T11:00:00.000Z,BULL,SHORT,41.31944444444444,18.44140625,IGNORE,0,WATCH,,0,0,0,NA,NA,NA,NA,NA,CLEAR,1,1,0,0,0,TREND_REVERSAL_UNCONFIRMED,2,0.45,SHORT,1,0,0,0
BNBUSDT,1785412800000,2026-07-30T12:00:00.000Z,BULL,SHORT,40.379091198390924,18.367353431873283,IGNORE,0,WATCH,,0,0,0,NA,NA,NA,NA,NA,CLEAR,1,0,0,0,0,TREND_REVERSAL_UNCONFIRMED,2,0.45,SHORT,1,0,0,0
BNBUSDT,1785416400000,2026-07-30T13:00:00.000Z,BULL,SHORT,0,7.875,IGNORE,0,WATCH,,0,0,0,NA,NA,NA,NA,NA,CLEAR,1,0,0,0,0,TREND_REVERSAL_UNCONFIRMED,0,0.45,SHORT,1,0,0,0
BNBUSDT,1785420000000,2026-07-30T14:00:00.000Z,BULL,SHORT,0,7.875,IGNORE,0,WATCH,,0,0,0,NA,NA,NA,NA,NA,CLEAR,1,0,0,0,0,TREND_REVERSAL_UNCONFIRMED,0,0.45,SHORT,1,0,0,0
BNBUSDT,1785423600000,2026-07-30T15:00:00.000Z,BULL,SHORT,12.847222222222221,12.54296875,IGNORE,0,WATCH,,0,0,0,NA,NA,NA,NA,NA,CLEAR,1,0,0,0,0,TREND_REVERSAL_UNCONFIRMED,1,0.45,SHORT,1,0,0,0
BNBUSDT,1785427200000,2026-07-30T16:00:00.000Z,BULL,SHORT,27.928677009950384,17.386883314533595,IGNORE,0,WATCH,,0,0,0,NA,NA,NA,NA,NA,CLEAR,1,0,0,0,0,TREND_REVERSAL_UNCONFIRMED,2,0.45,SHORT,1,0,0,0
BNBUSDT,1785430800000,2026-07-30T17:00:00.000Z,BULL,SHORT,12.847222222222221,12.54296875,IGNORE,0,WATCH,,0,0,0,NA,NA,NA,NA,NA,CLEAR,1,0,0,0,0,TREND_REVERSAL_UNCONFIRMED,1,0.45,SHORT,1,0,0,0
BNBUSDT,1785434400000,2026-07-30T18:00:00.000Z,BULL,SHORT,16.319444444444443,12.81640625,IGNORE,0,WATCH,,0,0,0,NA,NA,NA,NA,NA,CLEAR,1,0,0,0,0,TREND_REVERSAL_UNCONFIRMED,1,0.45,SHORT,1,0,0,0
BNBUSDT,1785438000000,2026-07-30T19:00:00.000Z,BULL,SHORT,37.84722222222222,18.16796875,IGNORE,0,WATCH,,0,0,0,NA,NA,NA,NA,NA,CLEAR,1,0,0,0,0,TREND_REVERSAL_UNCONFIRMED,2,0.45,SHORT,1,0,0,0
BNBUSDT,1785441600000,2026-07-30T20:00:00.000Z,BULL,SHORT,0,7.875,IGNORE,0,WATCH,,0,0,0,NA,NA,NA,NA,NA,CLEAR,1,0,0,0,0,TREND_REVERSAL_UNCONFIRMED,0,0.45,SHORT,1,0,0,0
BNBUSDT,1785445200000,2026-07-30T21:00:00.000Z,BULL,SHORT,0,7.875,IGNORE,0,WATCH,,0,0,0,NA,NA,NA,NA,NA,CLEAR,1,0,0,0,0,TREND_REVERSAL_UNCONFIRMED,0,0.45,SHORT,1,0,0,0
BNBUSDT,1785448800000,2026-07-30T22:00:00.000Z,BULL,SHORT,0,7.875,IGNORE,0,WATCH,,0,0,0,NA,NA,NA,NA,NA,CLEAR,1,0,0,0,0,TREND_REVERSAL_UNCONFIRMED,0,0.45,SHORT,1,0,0,0
BNBUSDT,1785452400000,2026-07-30T23:00:00.000Z,BULL,SHORT,0,7.875,IGNORE,0,WATCH,,0,0,0,NA,NA,NA,NA,NA,CLEAR,1,0,0,0,0,TREND_REVERSAL_UNCONFIRMED,0,0.45,SHORT,1,0,0,0
BNBUSDT,1785456000000,2026-07-31T00:00:00.000Z,BULL,SHORT,0,7.875,IGNORE,0,WATCH,,0,0,0,NA,NA,NA,NA,NA,CLEAR,1,0,0,0,0,TREND_REVERSAL_UNCONFIRMED,0,0.45,SHORT,1,0,0,0
BNBUSDT,1785459600000,2026-07-31T01:00:00.000Z,BULL,SHORT,0,7.875,IGNORE,0,WATCH,,0,0,0,NA,NA,NA,NA,NA,WARNING_HARD,1,0,0,0,0,TREND_REVERSAL_UNCONFIRMED,0,0.45,SHORT,1,0,0,0
BNBUSDT,1785463200000,2026-07-31T02:00:00.000Z,BULL,SHORT,0,7.875,IGNORE,0,WATCH,,0,0,0,NA,NA,NA,NA,NA,WARNING_SOFT,1,0,0,0,0,TREND_REVERSAL_UNCONFIRMED,0,0.45,SHORT,1,0,0,0
BNBUSDT,1785466800000,2026-07-31T03:00:00.000Z,BULL,SHORT,0,7.875,IGNORE,0,WATCH,,0,0,0,NA,NA,NA,NA,NA,BLOCK,0,0,0,0,0,TREND_REVERSAL_UNCONFIRMED,0,0.45,SHORT,1,0,0,0
BNBUSDT,1785470400000,2026-07-31T04:00:00.000Z,BULL,SHORT,0,7.875,IGNORE,0,WATCH,,0,0,0,NA,NA,NA,NA,NA,WARNING_SOFT,1,0,0,0,0,TREND_REVERSAL_UNCONFIRMED,0,0.45,SHORT,1,0,0,0
BNBUSDT,1785474000000,2026-07-31T05:00:00.000Z,BULL,SHORT,0,7.875,IGNORE,0,WATCH,,0,0,0,NA,NA,NA,NA,NA,WARNING_SOFT,1,0,0,0,0,TREND_REVERSAL_UNCONFIRMED,0,0.45,SHORT,1,0,0,0
BNBUSDT,1785477600000,2026-07-31T06:00:00.000Z,BULL,SHORT,0,7.875,IGNORE,0,WATCH,,0,0,0,NA,NA,NA,NA,NA,WARNING_HARD,1,0,0,0,0,TREND_REVERSAL_UNCONFIRMED,0,0.45,SHORT,1,0,0,0
BNBUSDT,1785481200000,2026-07-31T07:00:00.000Z,BULL,SHORT,25,13.5,IGNORE,0,WATCH,,0,0,0,NA,NA,NA,NA,NA,WARNING_HARD,1,0,0,0,0,TREND_REVERSAL_UNCONFIRMED,1,0.45,SHORT,1,0,0,0
BNBUSDT,1785484800000,2026-07-31T08:00:00.000Z,BULL,SHORT,0,7.875,IGNORE,0,WATCH,,0,0,0,NA,NA,NA,NA,NA,WARNING_HARD,1,0,0,0,0,TREND_REVERSAL_UNCONFIRMED,0,0.45,SHORT,1,0,0,0
BNBUSDT,1785488400000,2026-07-31T09:00:00.000Z,BULL,SHORT,0,7.875,IGNORE,0,WATCH,,0,0,0,NA,NA,NA,NA,NA,WARNING_SOFT,1,0,0,0,0,TREND_REVERSAL_UNCONFIRMED,0,0.45,SHORT,1,0,0,0
BNBUSDT,1785492000000,2026-07-31T10:00:00.000Z,BULL,SHORT,0,7.875,IGNORE,0,WATCH,,0,0,0,NA,NA,NA,NA,NA,WARNING_SOFT,1,0,0,0,0,TREND_REVERSAL_UNCONFIRMED,0,0.45,SHORT,1,0,0,0
BNBUSDT,1785495600000,2026-07-31T11:00:00.000Z,BULL,SHORT,0,7.875,IGNORE,0,WATCH,,0,0,0,NA,NA,NA,NA,NA,WARNING_SOFT,1,0,0,0,0,TREND_REVERSAL_UNCONFIRMED,0,0.45,SHORT,1,0,0,0
BNBUSDT,1785499200000,2026-07-31T12:00:00.000Z,BULL,SHORT,19.687667091127718,13.081653783426308,IGNORE,0,WATCH,,0,0,0,NA,NA,NA,NA,NA,WARNING_SOFT,1,1,0,0,0,TREND_REVERSAL_UNCONFIRMED,1,0.45,SHORT,1,0,0,0
BNBUSDT,1785502800000,2026-07-31T13:00:00.000Z,NEUTRAL,NONE,0,7.875,IGNORE,0,WATCH,,0,0,0,NA,NA,NA,NA,NA,BLOCK,0,0,0,0,0,TREND_REVERSAL_UNCONFIRMED,0,0.45,NONE,1,0,0,0
BNBUSDT,1785506400000,2026-07-31T14:00:00.000Z,NEUTRAL,NONE,0,7.875,IGNORE,0,WATCH,,0,0,0,NA,NA,NA,NA,NA,BLOCK,0,0,0,0,0,TREND_REVERSAL_UNCONFIRMED,0,0.45,NONE,1,0,0,0
BNBUSDT,1785510000000,2026-07-31T15:00:00.000Z,NEUTRAL,NONE,0,7.875,IGNORE,0,WATCH,,0,0,0,NA,NA,NA,NA,NA,BLOCK,0,0,0,0,0,TREND_REVERSAL_UNCONFIRMED,0,0.45,NONE,1,0,0,0
BNBUSDT,1785513600000,2026-07-31T16:00:00.000Z,NEUTRAL,NONE,0,7.875,IGNORE,0,WATCH,,0,0,0,NA,NA,NA,NA,NA,WARNING_SOFT,1,0,0,0,0,TREND_REVERSAL_UNCONFIRMED,0,0.45,NONE,1,0,0,0
BNBUSDT,1785517200000,2026-07-31T17:00:00.000Z,NEUTRAL,NONE,0,7.875,IGNORE,0,WATCH,,0,0,0,NA,NA,NA,NA,NA,WARNING_SOFT,1,0,0,0,0,TREND_REVERSAL_UNCONFIRMED,0,0.45,NONE,1,0,0,0
BNBUSDT,1785520800000,2026-07-31T18:00:00.000Z,NEUTRAL,NONE,0,7.875,IGNORE,0,WATCH,,0,0,0,NA,NA,NA,NA,NA,WARNING_SOFT,1,0,0,0,0,TREND_REVERSAL_UNCONFIRMED,0,0.45,NONE,1,0,0,0
BNBUSDT,1785524400000,2026-07-31T19:00:00.000Z,NEUTRAL,NONE,0,7.875,IGNORE,0,WATCH,,0,0,0,NA,NA,NA,NA,NA,WARNING_SOFT,1,0,0,0,0,TREND_REVERSAL_UNCONFIRMED,0,0.45,NONE,1,0,0,0
BNBUSDT,1785528000000,2026-07-31T20:00:00.000Z,NEUTRAL,NONE,0,7.875,IGNORE,0,WATCH,,0,0,0,NA,NA,NA,NA,NA,WARNING_SOFT,1,0,0,0,0,TREND_REVERSAL_UNCONFIRMED,0,0.45,NONE,1,0,0,0
BNBUSDT,1785531600000,2026-07-31T21:00:00.000Z,NEUTRAL,NONE,0,7.875,IGNORE,0,WATCH,,0,0,0,NA,NA,NA,NA,NA,WARNING_SOFT,1,0,0,0,0,TREND_REVERSAL_UNCONFIRMED,0,0.45,NONE,1,0,0,0
BNBUSDT,1785535200000,2026-07-31T22:00:00.000Z,NEUTRAL,NONE,0,7.875,IGNORE,0,WATCH,,0,0,0,NA,NA,NA,NA,NA,WARNING_SOFT,1,0,0,0,0,TREND_REVERSAL_UNCONFIRMED,0,0.45,NONE,1,0,0,0
BNBUSDT,1785538800000,2026-07-31T23:00:00.000Z,NEUTRAL,NONE,0,7.875,IGNORE,0,WATCH,,0,0,0,NA,NA,NA,NA,NA,WARNING_SOFT,1,0,0,0,0,TREND_REVERSAL_UNCONFIRMED,0,0.45,NONE,1,0,0,0
BNBUSDT,1785542400000,2026-08-01T00:00:00.000Z,BULL,SHORT,17.5,12.909375,IGNORE,0,WATCH,,0,0,0,NA,NA,NA,NA,NA,WARNING_SOFT,1,0,0,0,0,TREND_REVERSAL_UNCONFIRMED,1,0.45,SHORT,1,0,0,0
BNBUSDT,1785546000000,2026-08-01T01:00:00.000Z,BULL,SHORT,17.5,12.909375,IGNORE,0,WATCH,,0,0,0,NA,NA,NA,NA,NA,WARNING_SOFT,1,0,0,0,0,TREND_REVERSAL_UNCONFIRMED,1,0.45,SHORT,1,0,0,0
BNBUSDT,1785549600000,2026-08-01T02:00:00.000Z,BULL,SHORT,42.5,18.534375,IGNORE,0,WATCH,,0,0,0,NA,NA,NA,NA,NA,WARNING_HARD,1,0,0,0,0,TREND_REVERSAL_UNCONFIRMED,2,0.45,SHORT,1,0,0,0
BNBUSDT,1785553200000,2026-08-01T03:00:00.000Z,BULL,SHORT,17.5,12.909375,IGNORE,0,WATCH,,0,0,0,NA,NA,NA,NA,NA,WARNING_HARD,1,0,0,0,0,TREND_REVERSAL_UNCONFIRMED,1,0.45,SHORT,1,0,0,0
BNBUSDT,1785556800000,2026-08-01T04:00:00.000Z,BULL,SHORT,17.5,12.909375,IGNORE,0,WATCH,,0,0,0,NA,NA,NA,NA,NA,WARNING_SOFT,1,0,0,0,0,TREND_REVERSAL_UNCONFIRMED,1,0.45,SHORT,1,0,0,0
BNBUSDT,1785560400000,2026-08-01T05:00:00.000Z,BULL,SHORT,17.5,12.909375,IGNORE,0,WATCH,,0,0,0,NA,NA,NA,NA,NA,WARNING_SOFT,1,0,0,0,0,TREND_REVERSAL_UNCONFIRMED,1,0.45,SHORT,1,0,0,0
BNBUSDT,1785564000000,2026-08-01T06:00:00.000Z,BULL,SHORT,17.5,12.909375,IGNORE,0,WATCH,,0,0,0,NA,NA,NA,NA,NA,WARNING_HARD,1,0,0,0,0,TREND_REVERSAL_UNCONFIRMED,1,0.45,SHORT,1,0,0,0
BNBUSDT,1785567600000,2026-08-01T07:00:00.000Z,BULL,SHORT,0,7.875,IGNORE,0,WATCH,,0,0,0,NA,NA,NA,NA,NA,WARNING_SOFT,1,0,0,0,0,TREND_REVERSAL_UNCONFIRMED,0,0.45,SHORT,1,0,0,0
BNBUSDT,1785571200000,2026-08-01T08:00:00.000Z,NEUTRAL,NONE,0,7.875,IGNORE,0,WATCH,,0,0,0,NA,NA,NA,NA,NA,BLOCK,0,0,1,0,0,TREND_REVERSAL_UNCONFIRMED,0,0.45,NONE,1,0,0,0
BNBUSDT,1785574800000,2026-08-01T09:00:00.000Z,NEUTRAL,NONE,0,7.875,IGNORE,0,WATCH,,0,0,0,NA,NA,NA,NA,NA,BLOCK,0,0,0,0,0,TREND_REVERSAL_UNCONFIRMED,0,0.45,NONE,1,0,0,0
BNBUSDT,1785578400000,2026-08-01T10:00:00.000Z,NEUTRAL,NONE,0,7.875,IGNORE,0,WATCH,,0,0,0,NA,NA,NA,NA,NA,BLOCK,0,0,1,0,0,TREND_REVERSAL_UNCONFIRMED,0,0.45,NONE,1,0,0,0
BNBUSDT,1785582000000,2026-08-01T11:00:00.000Z,NEUTRAL,NONE,0,7.875,IGNORE,0,WATCH,,0,0,0,NA,NA,NA,NA,NA,BLOCK,0,0,0,0,0,TREND_REVERSAL_UNCONFIRMED,0,0.45,NONE,1,0,0,0
BNBUSDT,1785585600000,2026-08-01T12:00:00.000Z,NEUTRAL,NONE,0,7.875,IGNORE,0,WATCH,,0,0,0,NA,NA,NA,NA,NA,BLOCK,0,0,0,0,0,TREND_REVERSAL_UNCONFIRMED,0,0.45,NONE,1,0,0,0
BNBUSDT,1785589200000,2026-08-01T13:00:00.000Z,BEAR,LONG,40.86843613921488,18.405889345963175,IGNORE,0,WATCH,,0,0,0,NA,NA,NA,NA,NA,CLEAR,1,0,0,0,0,TREND_REVERSAL_UNCONFIRMED,2,0.45,LONG,1,0,0,0
BNBUSDT,1785592800000,2026-08-01T14:00:00.000Z,BEAR,LONG,31.73832846354856,17.68689336650445,IGNORE,0,WATCH,,0,0,0,NA,NA,NA,NA,NA,CLEAR,1,0,0,0,0,TREND_REVERSAL_UNCONFIRMED,2,0.45,LONG,1,0,0,0
BNBUSDT,1785596400000,2026-08-01T15:00:00.000Z,BEAR,LONG,32.7264717001711,17.764709646388475,IGNORE,0,WATCH,,0,0,0,NA,NA,NA,NA,NA,CLEAR,1,0,0,0,0,TREND_REVERSAL_UNCONFIRMED,2,0.45,LONG,1,0,0,0
BNBUSDT,1785600000000,2026-08-01T16:00:00.000Z,BEAR,LONG,17.5,12.909375,IGNORE,0,WATCH,,0,0,0,NA,NA,NA,NA,NA,CLEAR,1,0,0,0,0,TREND_REVERSAL_UNCONFIRMED,1,0.45,LONG,1,0,0,0
BNBUSDT,1785603600000,2026-08-01T17:00:00.000Z,BEAR,LONG,17.5,12.909375,IGNORE,0,WATCH,,0,0,0,NA,NA,NA,NA,NA,CLEAR,1,0,0,0,0,TREND_REVERSAL_UNCONFIRMED,1,0.45,LONG,1,0,0,0
BNBUSDT,1785607200000,2026-08-01T18:00:00.000Z,BEAR,LONG,42.5,18.534375,IGNORE,0,WATCH,,0,0,0,NA,NA,NA,NA,NA,CLEAR,1,0,0,0,0,TREND_REVERSAL_UNCONFIRMED,2,0.45,LONG,1,0,0,0
BNBUSDT,1785610800000,2026-08-01T19:00:00.000Z,BEAR,LONG,17.5,12.909375,IGNORE,0,WATCH,,0,0,0,NA,NA,NA,NA,NA,CLEAR,1,0,0,0,0,TREND_REVERSAL_UNCONFIRMED,1,0.45,LONG,1,0,0,0
BNBUSDT,1785614400000,2026-08-01T20:00:00.000Z,BEAR,LONG,30.34722222222222,17.57734375,IGNORE,0,WATCH,,0,0,0,NA,NA,NA,NA,NA,CLEAR,1,0,0,0,0,TREND_REVERSAL_UNCONFIRMED,2,0.45,LONG,1,0,0,0
BNBUSDT,1785618000000,2026-08-01T21:00:00.000Z,BEAR,LONG,0,7.875,IGNORE,0,WATCH,,0,0,0,NA,NA,NA,NA,NA,CLEAR,1,0,0,0,0,TREND_REVERSAL_UNCONFIRMED,0,0.45,LONG,1,0,0,0
BNBUSDT,1785621600000,2026-08-01T22:00:00.000Z,BEAR,LONG,0,7.875,IGNORE,0,WATCH,,0,0,0,NA,NA,NA,NA,NA,CLEAR,1,0,0,0,0,TREND_REVERSAL_UNCONFIRMED,0,0.45,LONG,1,0,0,0
BNBUSDT,1785625200000,2026-08-01T23:00:00.000Z,BEAR,LONG,14.583333333333332,12.6796875,IGNORE,0,WATCH,,0,0,0,NA,NA,NA,NA,NA,CLEAR,1,0,0,0,0,TREND_REVERSAL_UNCONFIRMED,1,0.45,LONG,1,0,0,0
BNBUSDT,1785628800000,2026-08-02T00:00:00.000Z,BEAR,LONG,0,7.875,IGNORE,0,WATCH,,0,0,0,NA,NA,NA,NA,NA,CLEAR,1,0,0,0,0,TREND_REVERSAL_UNCONFIRMED,0,0.45,LONG,1,0,0,0
BNBUSDT,1785632400000,2026-08-02T01:00:00.000Z,BEAR,LONG,25,13.5,IGNORE,0,WATCH,,0,0,0,NA,NA,NA,NA,NA,CLEAR,1,0,0,0,0,TREND_REVERSAL_UNCONFIRMED,1,0.45,LONG,1,0,0,0
BNBUSDT,1785636000000,2026-08-02T02:00:00.000Z,NEUTRAL,NONE,0,7.875,IGNORE,0,WATCH,,0,0,0,NA,NA,NA,NA,NA,CLEAR,1,0,0,0,0,TREND_REVERSAL_UNCONFIRMED,0,0.45,NONE,1,0,0,0
BNBUSDT,1785639600000,2026-08-02T03:00:00.000Z,NEUTRAL,NONE,0,7.875,IGNORE,0,WATCH,,0,0,0,NA,NA,NA,NA,NA,CLEAR,1,0,0,0,0,TREND_REVERSAL_UNCONFIRMED,0,0.45,NONE,1,0,0,0
BNBUSDT,1785643200000,2026-08-02T04:00:00.000Z,NEUTRAL,NONE,0,7.875,IGNORE,0,WATCH,,0,0,0,NA,NA,NA,NA,NA,CLEAR,1,0,0,0,0,TREND_REVERSAL_UNCONFIRMED,0,0.45,NONE,1,0,0,0
BNBUSDT,1785646800000,2026-08-02T05:00:00.000Z,NEUTRAL,NONE,0,7.875,IGNORE,0,WATCH,,0,0,0,NA,NA,NA,NA,NA,CLEAR,1,0,0,0,0,TREND_REVERSAL_UNCONFIRMED,0,0.45,NONE,1,0,0,0
BNBUSDT,1785650400000,2026-08-02T06:00:00.000Z,NEUTRAL,NONE,0,7.875,IGNORE,0,WATCH,,0,0,0,NA,NA,NA,NA,NA,CLEAR,1,0,0,0,0,TREND_REVERSAL_UNCONFIRMED,0,0.45,NONE,1,0,0,0
BNBUSDT,1785654000000,2026-08-02T07:00:00.000Z,NEUTRAL,NONE,0,7.875,IGNORE,0,WATCH,,0,0,0,NA,NA,NA,NA,NA,CLEAR,1,0,0,0,0,TREND_REVERSAL_UNCONFIRMED,0,0.45,NONE,1,0,0,0
BNBUSDT,1785657600000,2026-08-02T08:00:00.000Z,NEUTRAL,NONE,0,7.875,IGNORE,0,WATCH,,0,0,0,NA,NA,NA,NA,NA,CLEAR,1,0,0,0,0,TREND_REVERSAL_UNCONFIRMED,0,0.45,NONE,1,0,0,0
BNBUSDT,1785661200000,2026-08-02T09:00:00.000Z,NEUTRAL,NONE,0,7.875,IGNORE,0,WATCH,,0,0,0,NA,NA,NA,NA,NA,CLEAR,1,0,0,0,0,TREND_REVERSAL_UNCONFIRMED,0,0.45,NONE,1,0,0,0
BNBUSDT,1785664800000,2026-08-02T10:00:00.000Z,NEUTRAL,NONE,0,7.875,IGNORE,0,WATCH,,0,0,0,NA,NA,NA,NA,NA,CLEAR,1,0,0,0,0,TREND_REVERSAL_UNCONFIRMED,0,0.45,NONE,1,0,0,0
BNBUSDT,1785668400000,2026-08-02T11:00:00.000Z,NEUTRAL,NONE,0,7.875,IGNORE,0,WATCH,,0,0,0,NA,NA,NA,NA,NA,WARNING_SOFT,1,0,0,0,0,TREND_REVERSAL_UNCONFIRMED,0,0.45,NONE,1,0,0,0
BNBUSDT,1785672000000,2026-08-02T12:00:00.000Z,BEAR,LONG,17.5,12.909375,IGNORE,0,WATCH,,0,0,0,NA,NA,NA,NA,NA,CLEAR,1,0,0,0,0,TREND_REVERSAL_UNCONFIRMED,1,0.45,LONG,1,0,0,0
BNBUSDT,1785675600000,2026-08-02T13:00:00.000Z,NEUTRAL,NONE,0,7.875,IGNORE,0,WATCH,,0,0,0,NA,NA,NA,NA,NA,WARNING_SOFT,1,0,0,0,0,TREND_REVERSAL_UNCONFIRMED,0,0.45,NONE,1,0,0,0
BNBUSDT,1785679200000,2026-08-02T14:00:00.000Z,NEUTRAL,NONE,0,7.875,IGNORE,0,WATCH,,0,0,0,NA,NA,NA,NA,NA,WARNING_SOFT,1,0,0,0,0,TREND_REVERSAL_UNCONFIRMED,0,0.45,NONE,1,0,0,0
BNBUSDT,1785682800000,2026-08-02T15:00:00.000Z,NEUTRAL,NONE,0,7.875,IGNORE,0,WATCH,,0,0,0,NA,NA,NA,NA,NA,WARNING_HARD,1,1,0,0,0,TREND_REVERSAL_UNCONFIRMED,0,0.45,NONE,1,0,0,0
BNBUSDT,1785686400000,2026-08-02T16:00:00.000Z,BULL,SHORT,57.76888264323717,60.887025748555864,WATCH,1,ACTIVE,ACTIVE,1,1,1,PASS,PASS,SKIP,SKIP,PASS,CLEAR,1,0,0,0,1,,3,0.84,SHORT,0,1,0,0
BNBUSDT,1785690000000,2026-08-02T17:00:00.000Z,BULL,SHORT,17.5,12.909375,IGNORE,0,WATCH,,0,0,0,NA,NA,NA,NA,NA,CLEAR,1,0,0,0,0,TREND_REVERSAL_UNCONFIRMED,1,0.45,SHORT,1,0,0,0
BNBUSDT,1785693600000,2026-08-02T18:00:00.000Z,BULL,SHORT,30.175346175774184,17.563808511342216,IGNORE,0,WATCH,,0,0,0,NA,NA,NA,NA,NA,CLEAR,1,0,0,0,0,TREND_REVERSAL_UNCONFIRMED,2,0.45,SHORT,1,0,0,0
BNBUSDT,1785697200000,2026-08-02T19:00:00.000Z,BULL,SHORT,30.34722222222222,17.57734375,IGNORE,0,WATCH,,0,0,0,NA,NA,NA,NA,NA,CLEAR,1,0,0,0,0,TREND_REVERSAL_UNCONFIRMED,2,0.45,SHORT,1,0,0,0
BNBUSDT,1785700800000,2026-08-02T20:00:00.000Z,BULL,SHORT,30.34722222222222,17.57734375,IGNORE,0,WATCH,,0,0,0,NA,NA,NA,NA,NA,CLEAR,1,0,0,0,0,TREND_REVERSAL_UNCONFIRMED,2,0.45,SHORT,1,0,0,0
BNBUSDT,1785704400000,2026-08-02T21:00:00.000Z,BULL,SHORT,12.847222222222221,12.54296875,IGNORE,0,WATCH,,0,0,0,NA,NA,NA,NA,NA,CLEAR,1,0,0,0,0,TREND_REVERSAL_UNCONFIRMED,1,0.45,SHORT,1,0,0,0
BNBUSDT,1785708000000,2026-08-02T22:00:00.000Z,BULL,SHORT,25,13.5,IGNORE,0,WATCH,,0,0,0,NA,NA,NA,NA,NA,CLEAR,1,0,0,0,0,TREND_REVERSAL_UNCONFIRMED,1,0.45,SHORT,1,0,0,0
BNBUSDT,1785711600000,2026-08-02T23:00:00.000Z,BULL,SHORT,0,7.875,IGNORE,0,WATCH,,0,0,0,NA,NA,NA,NA,NA,CLEAR,1,0,0,0,0,TREND_REVERSAL_UNCONFIRMED,0,0.45,SHORT,1,0,0,0
BNBUSDT,1785715200000,2026-08-03T00:00:00.000Z,NEUTRAL,NONE,0,7.875,IGNORE,0,WATCH,,0,0,0,NA,NA,NA,NA,NA,BLOCK,0,0,0,0,0,TREND_REVERSAL_UNCONFIRMED,0,0.45,NONE,1,0,0,0
BNBUSDT,1785718800000,2026-08-03T01:00:00.000Z,NEUTRAL,NONE,0,7.875,IGNORE,0,WATCH,,0,0,0,NA,NA,NA,NA,NA,WARNING_SOFT,1,0,0,0,0,TREND_REVERSAL_UNCONFIRMED,0,0.45,NONE,1,0,0,0
BNBUSDT,1785722400000,2026-08-03T02:00:00.000Z,BULL,SHORT,17.5,12.909375,IGNORE,0,WATCH,,0,0,0,NA,NA,NA,NA,NA,WARNING_SOFT,1,0,0,0,0,TREND_REVERSAL_UNCONFIRMED,1,0.45,SHORT,1,0,0,0
BNBUSDT,1785726000000,2026-08-03T03:00:00.000Z,NEUTRAL,NONE,0,7.875,IGNORE,0,WATCH,,0,0,0,NA,NA,NA,NA,NA,WARNING_SOFT,1,0,0,0,0,TREND_REVERSAL_UNCONFIRMED,0,0.45,NONE,1,0,0,0
BNBUSDT,1785729600000,2026-08-03T04:00:00.000Z,NEUTRAL,NONE,0,7.875,IGNORE,0,WATCH,,0,0,0,NA,NA,NA,NA,NA,WARNING_SOFT,1,0,0,0,0,TREND_REVERSAL_UNCONFIRMED,0,0.45,NONE,1,0,0,0
BNBUSDT,1785733200000,2026-08-03T05:00:00.000Z,NEUTRAL,NONE,0,7.875,IGNORE,0,WATCH,,0,0,0,NA,NA,NA,NA,NA,WARNING_SOFT,1,0,0,0,0,TREND_REVERSAL_UNCONFIRMED,0,0.45,NONE,1,0,0,0
BNBUSDT,1785736800000,2026-08-03T06:00:00.000Z,NEUTRAL,NONE,0,7.875,IGNORE,0,WATCH,,0,0,0,NA,NA,NA,NA,NA,WARNING_SOFT,1,0,0,0,0,TREND_REVERSAL_UNCONFIRMED,0,0.45,NONE,1,0,0,0
BNBUSDT,1785740400000,2026-08-03T07:00:00.000Z,NEUTRAL,NONE,0,7.875,IGNORE,0,WATCH,,0,0,0,NA,NA,NA,NA,NA,WARNING_SOFT,1,0,0,0,0,TREND_REVERSAL_UNCONFIRMED,0,0.45,NONE,1,0,0,0
BNBUSDT,1785744000000,2026-08-03T08:00:00.000Z,NEUTRAL,NONE,0,7.875,IGNORE,0,WATCH,,0,0,0,NA,NA,NA,NA,NA,BLOCK,0,0,0,0,0,TREND_REVERSAL_UNCONFIRMED,0,0.45,NONE,1,0,0,0
BNBUSDT,1785747600000,2026-08-03T09:00:00.000Z,BULL,SHORT,42.5,18.534375,IGNORE,0,WATCH,,0,0,0,NA,NA,NA,NA,NA,BLOCK,0,0,0,0,0,TREND_REVERSAL_UNCONFIRMED,2,0.45,SHORT,1,0,0,0
BNBUSDT,1785751200000,2026-08-03T10:00:00.000Z,BULL,SHORT,17.5,12.909375,IGNORE,0,WATCH,,0,0,0,NA,NA,NA,NA,NA,WARNING_HARD,1,0,0,0,0,TREND_REVERSAL_UNCONFIRMED,1,0.45,SHORT,1,0,0,0
BNBUSDT,1785754800000,2026-08-03T11:00:00.000Z,BULL,SHORT,17.5,12.909375,IGNORE,0,WATCH,,0,0,0,NA,NA,NA,NA,NA,WARNING_SOFT,1,0,0,0,0,TREND_REVERSAL_UNCONFIRMED,1,0.45,SHORT,1,0,0,0
BNBUSDT,1785758400000,2026-08-03T12:00:00.000Z,BULL,SHORT,17.5,12.909375,IGNORE,0,WATCH,,0,0,0,NA,NA,NA,NA,NA,WARNING_SOFT,1,0,0,0,0,TREND_REVERSAL_UNCONFIRMED,1,0.45,SHORT,1,0,0,0
BNBUSDT,1785762000000,2026-08-03T13:00:00.000Z,BULL,SHORT,42.5,18.534375,IGNORE,0,WATCH,,0,0,0,NA,NA,NA,NA,NA,CLEAR,1,0,0,0,0,TREND_REVERSAL_UNCONFIRMED,2,0.45,SHORT,1,0,0,0
BNBUSDT,1785765600000,2026-08-03T14:00:00.000Z,BULL,SHORT,42.5,18.534375,IGNORE,0,WATCH,,0,0,0,NA,NA,NA,NA,NA,CLEAR,1,0,0,0,0,TREND_REVERSAL_UNCONFIRMED,2,0.45,SHORT,1,0,0,0
BNBUSDT,1785769200000,2026-08-03T15:00:00.000Z,BULL,SHORT,42.5,18.534375,IGNORE,0,WATCH,,0,0,0,NA,NA,NA,NA,NA,CLEAR,1,0,0,0,0,TREND_REVERSAL_UNCONFIRMED,2,0.45,SHORT,1,0,0,0
BNBUSDT,1785772800000,2026-08-03T16:00:00.000Z,BULL,SHORT,31.763042583036942,17.68883960341416,IGNORE,0,WATCH,,0,0,0,NA,NA,NA,NA,NA,CLEAR,1,0,0,0,0,TREND_REVERSAL_UNCONFIRMED,2,0.45,SHORT,1,0,0,0
BNBUSDT,1785776400000,2026-08-03T17:00:00.000Z,BULL,SHORT,17.5,12.909375,IGNORE,0,WATCH,,0,0,0,NA,NA,NA,NA,NA,CLEAR,1,0,0,0,0,TREND_REVERSAL_UNCONFIRMED,1,0.45,SHORT,1,0,0,0
BNBUSDT,1785780000000,2026-08-03T18:00:00.000Z,BULL,SHORT,17.5,12.909375,IGNORE,0,WATCH,,0,0,0,NA,NA,NA,NA,NA,CLEAR,1,0,0,0,0,TREND_REVERSAL_UNCONFIRMED,1,0.45,SHORT,1,0,0,0
BNBUSDT,1785783600000,2026-08-03T19:00:00.000Z,BULL,SHORT,0,7.875,IGNORE,0,WATCH,,0,0,0,NA,NA,NA,NA,NA,CLEAR,1,0,0,0,0,TREND_REVERSAL_UNCONFIRMED,0,0.45,SHORT,1,0,0,0
BNBUSDT,1785787200000,2026-08-03T20:00:00.000Z,BULL,SHORT,0,7.875,IGNORE,0,WATCH,,0,0,0,NA,NA,NA,NA,NA,CLEAR,1,0,0,0,0,TREND_REVERSAL_UNCONFIRMED,0,0.45,SHORT,1,0,0,0
BNBUSDT,1785790800000,2026-08-03T21:00:00.000Z,BULL,SHORT,0,7.875,IGNORE,0,WATCH,,0,0,0,NA,NA,NA,NA,NA,WARNING_SOFT,1,0,0,0,0,TREND_REVERSAL_UNCONFIRMED,0,0.45,SHORT,1,0,0,0
BNBUSDT,1785794400000,2026-08-03T22:00:00.000Z,BULL,SHORT,0,7.875,IGNORE,0,WATCH,,0,0,0,NA,NA,NA,NA,NA,WARNING_SOFT,1,0,0,0,0,TREND_REVERSAL_UNCONFIRMED,0,0.45,SHORT,1,0,0,0

# summary
stage,n,note
0_bars_dumped,4319,1H bars in 180d after warmup
0b_non_neutral_trend,2950,BULL|BEAR count during loop
band_lt45,4261,finalConfidence < 45 | 98.66%
band_45_to_75,58,45 ≤ finalConfidence < 75 | 1.34%
band_ge75,0,finalConfidence ≥ 75 | 0.00%
decision_LONG_or_SHORT,0,engine decision LONG|SHORT | 0.00%
ge75_and_LONG_SHORT,0,≥75 AND decision LONG|SHORT | 0.00% of bars; of ≥75: n/a%
trActive,74,preContext or state ACTIVE
trendReversalConfirmed,74,decisionContext.trendReversalConfirmed
eligible,17,isEligibleForDirection
