# v41 decision funnel | SOLUSDT | days=180 | path=RC3 binary TR→Confidence→Decision
# finalConfidence = Confidence Engine (Decision threshold SSOT); confTR = detail.confidence
# bands vs decisionConfig thresholds: ignore/watch floor 45, long/short 75
symbol,openTime,iso,trendDirection,proposedSide,confTR,finalConfidence,decision,trendReversalConfirmed,trState,preContextState,trActive,contextApplied,contextPass,ctxBtc,ctxFunding,ctxOi,ctxWhale,ctxVolatility,ewSeverity,ewPass,momentumLong,momentumShort,momentumPass,eligible,hardBlocks,activeConditionCount,completenessMultiplier,proposedDirection,bandLt45,band45to75,bandGe75,finalPropose
SOLUSDT,1770249600000,2026-02-05T00:00:00.000Z,BEAR,LONG,0,7.875,IGNORE,0,WATCH,,0,0,0,NA,NA,NA,NA,NA,CLEAR,1,0,0,0,0,TREND_REVERSAL_UNCONFIRMED,0,0.45,LONG,1,0,0,0
SOLUSDT,1770253200000,2026-02-05T01:00:00.000Z,BEAR,LONG,0,7.875,IGNORE,0,WATCH,,0,0,0,NA,NA,NA,NA,NA,CLEAR,1,0,0,0,0,TREND_REVERSAL_UNCONFIRMED,0,0.45,LONG,1,0,0,0
SOLUSDT,1770256800000,2026-02-05T02:00:00.000Z,BEAR,LONG,0,7.875,IGNORE,0,WATCH,,0,0,0,NA,NA,NA,NA,NA,CLEAR,1,0,0,0,0,TREND_REVERSAL_UNCONFIRMED,0,0.45,LONG,1,0,0,0
SOLUSDT,1770260400000,2026-02-05T03:00:00.000Z,BEAR,LONG,25,13.5,IGNORE,0,WATCH,,0,0,0,NA,NA,NA,NA,NA,CLEAR,1,0,0,0,0,TREND_REVERSAL_UNCONFIRMED,1,0.45,LONG,1,0,0,0
SOLUSDT,1770264000000,2026-02-05T04:00:00.000Z,BEAR,LONG,0,7.875,IGNORE,0,WATCH,,0,0,0,NA,NA,NA,NA,NA,CLEAR,1,0,0,0,0,TREND_REVERSAL_UNCONFIRMED,0,0.45,LONG,1,0,0,0
SOLUSDT,1770267600000,2026-02-05T05:00:00.000Z,BEAR,LONG,0,7.875,IGNORE,0,WATCH,,0,0,0,NA,NA,NA,NA,NA,CLEAR,1,0,0,0,0,TREND_REVERSAL_UNCONFIRMED,0,0.45,LONG,1,0,0,0
SOLUSDT,1770271200000,2026-02-05T06:00:00.000Z,BEAR,LONG,12.847222222222221,12.54296875,IGNORE,0,WATCH,,0,0,0,NA,NA,NA,NA,NA,CLEAR,1,0,0,0,0,TREND_REVERSAL_UNCONFIRMED,1,0.45,LONG,1,0,0,0
SOLUSDT,1770274800000,2026-02-05T07:00:00.000Z,BEAR,LONG,0,7.875,IGNORE,0,WATCH,,0,0,0,NA,NA,NA,NA,NA,WARNING_SOFT,1,0,0,0,0,TREND_REVERSAL_UNCONFIRMED,0,0.45,LONG,1,0,0,0
SOLUSDT,1770278400000,2026-02-05T08:00:00.000Z,BEAR,LONG,0,7.875,IGNORE,0,WATCH,,0,0,0,NA,NA,NA,NA,NA,WARNING_SOFT,1,0,0,0,0,TREND_REVERSAL_UNCONFIRMED,0,0.45,LONG,1,0,0,0
SOLUSDT,1770282000000,2026-02-05T09:00:00.000Z,NEUTRAL,NONE,0,7.875,IGNORE,0,WATCH,,0,0,0,NA,NA,NA,NA,NA,WARNING_SOFT,1,0,0,0,0,TREND_REVERSAL_UNCONFIRMED,0,0.45,NONE,1,0,0,0
SOLUSDT,1770285600000,2026-02-05T10:00:00.000Z,BEAR,LONG,17.5,12.909375,IGNORE,0,WATCH,,0,0,0,NA,NA,NA,NA,NA,WARNING_SOFT,1,0,0,0,0,TREND_REVERSAL_UNCONFIRMED,1,0.45,LONG,1,0,0,0
SOLUSDT,1770289200000,2026-02-05T11:00:00.000Z,BEAR,LONG,32.70228623910998,17.762805041329912,IGNORE,0,WATCH,,0,0,0,NA,NA,NA,NA,NA,CLEAR,1,0,0,0,0,TREND_REVERSAL_UNCONFIRMED,2,0.45,LONG,1,0,0,0
SOLUSDT,1770292800000,2026-02-05T12:00:00.000Z,BEAR,LONG,56.57212018898463,60.71110166778074,WATCH,1,ACTIVE,ACTIVE,1,1,1,PASS,PASS,SKIP,SKIP,PASS,CLEAR,1,0,0,0,1,,3,0.84,LONG,0,1,0,0
SOLUSDT,1770296400000,2026-02-05T13:00:00.000Z,BEAR,LONG,17.5,12.909375,IGNORE,0,WATCH,,0,0,0,NA,NA,NA,NA,NA,CLEAR,1,0,0,0,0,TREND_REVERSAL_UNCONFIRMED,1,0.45,LONG,1,0,0,0
SOLUSDT,1770300000000,2026-02-05T14:00:00.000Z,BEAR,LONG,40.24151628523035,18.356519407461892,IGNORE,0,WATCH,,0,0,0,NA,NA,NA,NA,NA,CLEAR,1,1,0,1,0,TREND_REVERSAL_UNCONFIRMED,2,0.45,LONG,1,0,0,0
SOLUSDT,1770303600000,2026-02-05T15:00:00.000Z,BEAR,LONG,58.81944444444444,61.041458333333324,WATCH,1,ACTIVE,ACTIVE,1,1,1,PASS,PASS,SKIP,SKIP,PASS,CLEAR,1,0,0,0,1,,3,0.84,LONG,0,1,0,0
SOLUSDT,1770307200000,2026-02-05T16:00:00.000Z,BEAR,LONG,55.10435222688369,60.4953397773519,WATCH,1,ACTIVE,ACTIVE,1,1,1,PASS,PASS,SKIP,SKIP,PASS,CLEAR,1,0,0,0,1,,3,0.84,LONG,0,1,0,0
SOLUSDT,1770310800000,2026-02-05T17:00:00.000Z,BEAR,LONG,56.39005208883395,60.684337657058585,WATCH,1,ACTIVE,ACTIVE,1,1,1,PASS,PASS,SKIP,SKIP,PASS,CLEAR,1,0,0,0,1,,3,0.84,LONG,0,1,0,0
SOLUSDT,1770314400000,2026-02-05T18:00:00.000Z,BEAR,LONG,49.29084390210236,22.725403957290563,IGNORE,0,WATCH,,0,0,0,NA,NA,NA,NA,NA,CLEAR,1,0,0,0,0,TREND_REVERSAL_UNCONFIRMED,3,0.45,LONG,1,0,0,0
SOLUSDT,1770318000000,2026-02-05T19:00:00.000Z,BEAR,LONG,58.81944444444444,61.041458333333324,WATCH,1,ACTIVE,ACTIVE,1,1,1,PASS,PASS,SKIP,SKIP,PASS,CLEAR,1,0,0,0,1,,3,0.84,LONG,0,1,0,0
SOLUSDT,1770321600000,2026-02-05T20:00:00.000Z,BEAR,LONG,60.55555555555556,61.29666666666667,WATCH,1,ACTIVE,ACTIVE,1,1,1,PASS,PASS,SKIP,SKIP,PASS,CLEAR,1,0,0,0,1,,3,0.84,LONG,0,1,0,0
SOLUSDT,1770325200000,2026-02-05T21:00:00.000Z,BEAR,LONG,49.69602383915827,22.757311877333713,IGNORE,0,WATCH,,0,0,0,NA,NA,NA,NA,NA,CLEAR,1,0,0,0,0,TREND_REVERSAL_UNCONFIRMED,3,0.45,LONG,1,0,0,0
SOLUSDT,1770328800000,2026-02-05T22:00:00.000Z,BEAR,LONG,58.81944444444444,61.041458333333324,WATCH,1,ACTIVE,ACTIVE,1,1,1,PASS,PASS,SKIP,SKIP,PASS,CLEAR,1,0,0,0,1,,3,0.84,LONG,0,1,0,0
SOLUSDT,1770332400000,2026-02-05T23:00:00.000Z,BEAR,LONG,33.81944444444444,17.85078125,IGNORE,0,WATCH,,0,0,0,NA,NA,NA,NA,NA,CLEAR,1,0,0,0,0,TREND_REVERSAL_UNCONFIRMED,2,0.45,LONG,1,0,0,0
SOLUSDT,1770336000000,2026-02-06T00:00:00.000Z,BEAR,LONG,60.55555555555556,61.29666666666667,WATCH,1,ACTIVE,ACTIVE,1,1,1,PASS,PASS,SKIP,SKIP,PASS,CLEAR,1,0,0,0,1,,3,0.84,LONG,0,1,0,0
SOLUSDT,1770339600000,2026-02-06T01:00:00.000Z,BEAR,LONG,55.34722222222222,60.53104166666666,WATCH,1,ACTIVE,ACTIVE,1,1,1,PASS,PASS,SKIP,SKIP,PASS,CLEAR,1,0,0,0,1,,3,0.84,LONG,0,1,0,0
SOLUSDT,1770343200000,2026-02-06T02:00:00.000Z,BEAR,LONG,30.34722222222222,17.57734375,IGNORE,0,WATCH,,0,0,0,NA,NA,NA,NA,NA,CLEAR,1,0,0,0,0,TREND_REVERSAL_UNCONFIRMED,2,0.45,LONG,1,0,0,0
SOLUSDT,1770346800000,2026-02-06T03:00:00.000Z,BEAR,LONG,12.847222222222221,12.54296875,IGNORE,0,WATCH,,0,0,0,NA,NA,NA,NA,NA,CLEAR,1,0,0,0,0,TREND_REVERSAL_UNCONFIRMED,1,0.45,LONG,1,0,0,0
SOLUSDT,1770350400000,2026-02-06T04:00:00.000Z,BEAR,LONG,12.847222222222221,12.54296875,IGNORE,0,WATCH,,0,0,0,NA,NA,NA,NA,NA,CLEAR,1,0,0,0,0,TREND_REVERSAL_UNCONFIRMED,1,0.45,LONG,1,0,0,0
SOLUSDT,1770354000000,2026-02-06T05:00:00.000Z,BEAR,LONG,25,13.5,IGNORE,0,WATCH,,0,0,0,NA,NA,NA,NA,NA,WARNING_SOFT,1,0,0,0,0,TREND_REVERSAL_UNCONFIRMED,1,0.45,LONG,1,0,0,0
SOLUSDT,1770357600000,2026-02-06T06:00:00.000Z,BEAR,LONG,0,7.875,IGNORE,0,WATCH,,0,0,0,NA,NA,NA,NA,NA,WARNING_SOFT,1,0,0,0,0,TREND_REVERSAL_UNCONFIRMED,0,0.45,LONG,1,0,0,0
SOLUSDT,1770361200000,2026-02-06T07:00:00.000Z,BEAR,LONG,0,7.875,IGNORE,0,WATCH,,0,0,0,NA,NA,NA,NA,NA,WARNING_SOFT,1,0,0,0,0,TREND_REVERSAL_UNCONFIRMED,0,0.45,LONG,1,0,0,0
SOLUSDT,1770364800000,2026-02-06T08:00:00.000Z,BEAR,LONG,0,7.875,IGNORE,0,WATCH,,0,0,0,NA,NA,NA,NA,NA,WARNING_SOFT,1,0,0,0,0,TREND_REVERSAL_UNCONFIRMED,0,0.45,LONG,1,0,0,0
SOLUSDT,1770368400000,2026-02-06T09:00:00.000Z,NEUTRAL,NONE,0,7.875,IGNORE,0,WATCH,,0,0,0,NA,NA,NA,NA,NA,WARNING_SOFT,1,0,0,0,0,TREND_REVERSAL_UNCONFIRMED,0,0.45,NONE,1,0,0,0
SOLUSDT,1770372000000,2026-02-06T10:00:00.000Z,BEAR,LONG,0,7.875,IGNORE,0,WATCH,,0,0,0,NA,NA,NA,NA,NA,WARNING_SOFT,1,0,0,0,0,TREND_REVERSAL_UNCONFIRMED,0,0.45,LONG,1,0,0,0
SOLUSDT,1770375600000,2026-02-06T11:00:00.000Z,NEUTRAL,NONE,0,7.875,IGNORE,0,WATCH,,0,0,0,NA,NA,NA,NA,NA,CLEAR,1,0,0,0,0,TREND_REVERSAL_UNCONFIRMED,0,0.45,NONE,1,0,0,0
SOLUSDT,1770379200000,2026-02-06T12:00:00.000Z,NEUTRAL,NONE,0,7.875,IGNORE,0,WATCH,,0,0,0,NA,NA,NA,NA,NA,CLEAR,1,0,0,0,0,TREND_REVERSAL_UNCONFIRMED,0,0.45,NONE,1,0,0,0
SOLUSDT,1770382800000,2026-02-06T13:00:00.000Z,NEUTRAL,NONE,0,7.875,IGNORE,0,WATCH,,0,0,0,NA,NA,NA,NA,NA,CLEAR,1,0,0,0,0,TREND_REVERSAL_UNCONFIRMED,0,0.45,NONE,1,0,0,0
SOLUSDT,1770386400000,2026-02-06T14:00:00.000Z,NEUTRAL,NONE,0,7.875,IGNORE,0,WATCH,,0,0,0,NA,NA,NA,NA,NA,CLEAR,1,0,0,0,0,TREND_REVERSAL_UNCONFIRMED,0,0.45,NONE,1,0,0,0
SOLUSDT,1770390000000,2026-02-06T15:00:00.000Z,NEUTRAL,NONE,0,7.875,IGNORE,0,WATCH,,0,0,0,NA,NA,NA,NA,NA,CLEAR,1,0,0,0,0,TREND_REVERSAL_UNCONFIRMED,0,0.45,NONE,1,0,0,0
SOLUSDT,1770393600000,2026-02-06T16:00:00.000Z,NEUTRAL,NONE,0,7.875,IGNORE,0,WATCH,,0,0,0,NA,NA,NA,NA,NA,CLEAR,1,0,0,0,0,TREND_REVERSAL_UNCONFIRMED,0,0.45,NONE,1,0,0,0
SOLUSDT,1770397200000,2026-02-06T17:00:00.000Z,NEUTRAL,NONE,0,7.875,IGNORE,0,WATCH,,0,0,0,NA,NA,NA,NA,NA,CLEAR,1,0,0,0,0,TREND_REVERSAL_UNCONFIRMED,0,0.45,NONE,1,0,0,0
SOLUSDT,1770400800000,2026-02-06T18:00:00.000Z,NEUTRAL,NONE,0,7.875,IGNORE,0,WATCH,,0,0,0,NA,NA,NA,NA,NA,CLEAR,1,0,0,0,0,TREND_REVERSAL_UNCONFIRMED,0,0.45,NONE,1,0,0,0
SOLUSDT,1770404400000,2026-02-06T19:00:00.000Z,NEUTRAL,NONE,0,7.875,IGNORE,0,WATCH,,0,0,0,NA,NA,NA,NA,NA,CLEAR,1,0,0,0,0,TREND_REVERSAL_UNCONFIRMED,0,0.45,NONE,1,0,0,0
SOLUSDT,1770408000000,2026-02-06T20:00:00.000Z,NEUTRAL,NONE,0,7.875,IGNORE,0,WATCH,,0,0,0,NA,NA,NA,NA,NA,CLEAR,1,0,0,0,0,TREND_REVERSAL_UNCONFIRMED,0,0.45,NONE,1,0,0,0
SOLUSDT,1770411600000,2026-02-06T21:00:00.000Z,NEUTRAL,NONE,0,7.875,IGNORE,0,WATCH,,0,0,0,NA,NA,NA,NA,NA,CLEAR,1,0,0,0,0,TREND_REVERSAL_UNCONFIRMED,0,0.45,NONE,1,0,0,0
SOLUSDT,1770415200000,2026-02-06T22:00:00.000Z,NEUTRAL,NONE,0,7.875,IGNORE,0,WATCH,,0,0,0,NA,NA,NA,NA,NA,CLEAR,1,0,0,0,0,TREND_REVERSAL_UNCONFIRMED,0,0.45,NONE,1,0,0,0
SOLUSDT,1770418800000,2026-02-06T23:00:00.000Z,NEUTRAL,NONE,0,7.875,IGNORE,0,WATCH,,0,0,0,NA,NA,NA,NA,NA,CLEAR,1,0,0,0,0,TREND_REVERSAL_UNCONFIRMED,0,0.45,NONE,1,0,0,0
SOLUSDT,1770422400000,2026-02-07T00:00:00.000Z,NEUTRAL,NONE,0,7.875,IGNORE,0,WATCH,,0,0,0,NA,NA,NA,NA,NA,WARNING_SOFT,1,0,0,0,0,TREND_REVERSAL_UNCONFIRMED,0,0.45,NONE,1,0,0,0
SOLUSDT,1770426000000,2026-02-07T01:00:00.000Z,NEUTRAL,NONE,0,7.875,IGNORE,0,WATCH,,0,0,0,NA,NA,NA,NA,NA,CLEAR,1,0,0,0,0,TREND_REVERSAL_UNCONFIRMED,0,0.45,NONE,1,0,0,0
SOLUSDT,1770429600000,2026-02-07T02:00:00.000Z,NEUTRAL,NONE,0,7.875,IGNORE,0,WATCH,,0,0,0,NA,NA,NA,NA,NA,CLEAR,1,0,0,0,0,TREND_REVERSAL_UNCONFIRMED,0,0.45,NONE,1,0,0,0
SOLUSDT,1770433200000,2026-02-07T03:00:00.000Z,NEUTRAL,NONE,0,7.875,IGNORE,0,WATCH,,0,0,0,NA,NA,NA,NA,NA,CLEAR,1,0,0,0,0,TREND_REVERSAL_UNCONFIRMED,0,0.45,NONE,1,0,0,0
SOLUSDT,1770436800000,2026-02-07T04:00:00.000Z,NEUTRAL,NONE,0,7.875,IGNORE,0,WATCH,,0,0,0,NA,NA,NA,NA,NA,CLEAR,1,0,0,0,0,TREND_REVERSAL_UNCONFIRMED,0,0.45,NONE,1,0,0,0
SOLUSDT,1770440400000,2026-02-07T05:00:00.000Z,NEUTRAL,NONE,0,7.875,IGNORE,0,WATCH,,0,0,0,NA,NA,NA,NA,NA,CLEAR,1,0,0,0,0,TREND_REVERSAL_UNCONFIRMED,0,0.45,NONE,1,0,0,0
SOLUSDT,1770444000000,2026-02-07T06:00:00.000Z,NEUTRAL,NONE,0,7.875,IGNORE,0,WATCH,,0,0,0,NA,NA,NA,NA,NA,WARNING_SOFT,1,0,0,0,0,TREND_REVERSAL_UNCONFIRMED,0,0.45,NONE,1,0,0,0
SOLUSDT,1770447600000,2026-02-07T07:00:00.000Z,BEAR,LONG,42.5,18.534375,IGNORE,0,WATCH,,0,0,0,NA,NA,NA,NA,NA,CLEAR,1,0,1,0,0,TREND_REVERSAL_UNCONFIRMED,2,0.45,LONG,1,0,0,0
SOLUSDT,1770451200000,2026-02-07T08:00:00.000Z,BEAR,LONG,17.5,12.909375,IGNORE,0,WATCH,,0,0,0,NA,NA,NA,NA,NA,CLEAR,1,0,0,0,0,TREND_REVERSAL_UNCONFIRMED,1,0.45,LONG,1,0,0,0
SOLUSDT,1770454800000,2026-02-07T09:00:00.000Z,BEAR,LONG,17.5,12.909375,IGNORE,0,WATCH,,0,0,0,NA,NA,NA,NA,NA,CLEAR,1,0,0,0,0,TREND_REVERSAL_UNCONFIRMED,1,0.45,LONG,1,0,0,0
SOLUSDT,1770458400000,2026-02-07T10:00:00.000Z,BEAR,LONG,0,7.875,IGNORE,0,WATCH,,0,0,0,NA,NA,NA,NA,NA,CLEAR,1,0,0,0,0,TREND_REVERSAL_UNCONFIRMED,0,0.45,LONG,1,0,0,0
SOLUSDT,1770462000000,2026-02-07T11:00:00.000Z,BEAR,LONG,25,13.5,IGNORE,0,WATCH,,0,0,0,NA,NA,NA,NA,NA,CLEAR,1,0,0,0,0,TREND_REVERSAL_UNCONFIRMED,1,0.45,LONG,1,0,0,0
SOLUSDT,1770465600000,2026-02-07T12:00:00.000Z,NEUTRAL,NONE,0,7.875,IGNORE,0,WATCH,,0,0,0,NA,NA,NA,NA,NA,WARNING_SOFT,1,0,0,0,0,TREND_REVERSAL_UNCONFIRMED,0,0.45,NONE,1,0,0,0
SOLUSDT,1770469200000,2026-02-07T13:00:00.000Z,NEUTRAL,NONE,0,7.875,IGNORE,0,WATCH,,0,0,0,NA,NA,NA,NA,NA,CLEAR,1,0,0,0,0,TREND_REVERSAL_UNCONFIRMED,0,0.45,NONE,1,0,0,0
SOLUSDT,1770472800000,2026-02-07T14:00:00.000Z,BEAR,LONG,0,7.875,IGNORE,0,WATCH,,0,0,0,NA,NA,NA,NA,NA,WARNING_SOFT,1,0,0,0,0,TREND_REVERSAL_UNCONFIRMED,0,0.45,LONG,1,0,0,0
SOLUSDT,1770476400000,2026-02-07T15:00:00.000Z,NEUTRAL,NONE,0,7.875,IGNORE,0,WATCH,,0,0,0,NA,NA,NA,NA,NA,CLEAR,1,0,0,0,0,TREND_REVERSAL_UNCONFIRMED,0,0.45,NONE,1,0,0,0
SOLUSDT,1770480000000,2026-02-07T16:00:00.000Z,NEUTRAL,NONE,0,7.875,IGNORE,0,WATCH,,0,0,0,NA,NA,NA,NA,NA,CLEAR,1,0,0,0,0,TREND_REVERSAL_UNCONFIRMED,0,0.45,NONE,1,0,0,0
SOLUSDT,1770483600000,2026-02-07T17:00:00.000Z,NEUTRAL,NONE,0,7.875,IGNORE,0,WATCH,,0,0,0,NA,NA,NA,NA,NA,CLEAR,1,0,0,0,0,TREND_REVERSAL_UNCONFIRMED,0,0.45,NONE,1,0,0,0
SOLUSDT,1770487200000,2026-02-07T18:00:00.000Z,NEUTRAL,NONE,0,7.875,IGNORE,0,WATCH,,0,0,0,NA,NA,NA,NA,NA,CLEAR,1,0,0,0,0,TREND_REVERSAL_UNCONFIRMED,0,0.45,NONE,1,0,0,0
SOLUSDT,1770490800000,2026-02-07T19:00:00.000Z,BULL,SHORT,17.5,12.909375,IGNORE,0,WATCH,,0,0,0,NA,NA,NA,NA,NA,CLEAR,1,0,0,0,0,TREND_REVERSAL_UNCONFIRMED,1,0.45,SHORT,1,0,0,0
SOLUSDT,1770494400000,2026-02-07T20:00:00.000Z,BULL,SHORT,30.34722222222222,17.57734375,IGNORE,0,WATCH,,0,0,0,NA,NA,NA,NA,NA,CLEAR,1,0,0,0,0,TREND_REVERSAL_UNCONFIRMED,2,0.45,SHORT,1,0,0,0
SOLUSDT,1770498000000,2026-02-07T21:00:00.000Z,BULL,SHORT,0,7.875,IGNORE,0,WATCH,,0,0,0,NA,NA,NA,NA,NA,CLEAR,1,0,0,0,0,TREND_REVERSAL_UNCONFIRMED,0,0.45,SHORT,1,0,0,0
SOLUSDT,1770501600000,2026-02-07T22:00:00.000Z,BULL,SHORT,0,7.875,IGNORE,0,WATCH,,0,0,0,NA,NA,NA,NA,NA,CLEAR,1,0,0,0,0,TREND_REVERSAL_UNCONFIRMED,0,0.45,SHORT,1,0,0,0
SOLUSDT,1770505200000,2026-02-07T23:00:00.000Z,BULL,SHORT,0,7.875,IGNORE,0,WATCH,,0,0,0,NA,NA,NA,NA,NA,WARNING_SOFT,1,0,0,0,0,TREND_REVERSAL_UNCONFIRMED,0,0.45,SHORT,1,0,0,0
SOLUSDT,1770508800000,2026-02-08T00:00:00.000Z,BULL,SHORT,0,7.875,IGNORE,0,WATCH,,0,0,0,NA,NA,NA,NA,NA,WARNING_SOFT,1,0,0,0,0,TREND_REVERSAL_UNCONFIRMED,0,0.45,SHORT,1,0,0,0
SOLUSDT,1770512400000,2026-02-08T01:00:00.000Z,BULL,SHORT,0,7.875,IGNORE,0,WATCH,,0,0,0,NA,NA,NA,NA,NA,WARNING_SOFT,1,0,0,0,0,TREND_REVERSAL_UNCONFIRMED,0,0.45,SHORT,1,0,0,0
SOLUSDT,1770516000000,2026-02-08T02:00:00.000Z,BULL,SHORT,0,7.875,IGNORE,0,WATCH,,0,0,0,NA,NA,NA,NA,NA,CLEAR,1,0,0,0,0,TREND_REVERSAL_UNCONFIRMED,0,0.45,SHORT,1,0,0,0
SOLUSDT,1770519600000,2026-02-08T03:00:00.000Z,NEUTRAL,NONE,0,7.875,IGNORE,0,WATCH,,0,0,0,NA,NA,NA,NA,NA,WARNING_SOFT,1,0,0,0,0,TREND_REVERSAL_UNCONFIRMED,0,0.45,NONE,1,0,0,0
SOLUSDT,1770523200000,2026-02-08T04:00:00.000Z,BULL,SHORT,0,7.875,IGNORE,0,WATCH,,0,0,0,NA,NA,NA,NA,NA,WARNING_SOFT,1,0,0,0,0,TREND_REVERSAL_UNCONFIRMED,0,0.45,SHORT,1,0,0,0
SOLUSDT,1770526800000,2026-02-08T05:00:00.000Z,BULL,SHORT,0,7.875,IGNORE,0,WATCH,,0,0,0,NA,NA,NA,NA,NA,WARNING_SOFT,1,0,0,0,0,TREND_REVERSAL_UNCONFIRMED,0,0.45,SHORT,1,0,0,0
SOLUSDT,1770530400000,2026-02-08T06:00:00.000Z,NEUTRAL,NONE,0,7.875,IGNORE,0,WATCH,,0,0,0,NA,NA,NA,NA,NA,WARNING_SOFT,1,0,0,0,0,TREND_REVERSAL_UNCONFIRMED,0,0.45,NONE,1,0,0,0
SOLUSDT,1770534000000,2026-02-08T07:00:00.000Z,BULL,SHORT,0,7.875,IGNORE,0,WATCH,,0,0,0,NA,NA,NA,NA,NA,BLOCK,0,0,0,0,0,TREND_REVERSAL_UNCONFIRMED,0,0.45,SHORT,1,0,0,0
SOLUSDT,1770537600000,2026-02-08T08:00:00.000Z,BULL,SHORT,15.160887161501348,12.725169863968231,IGNORE,0,WATCH,,0,0,0,NA,NA,NA,NA,NA,CLEAR,1,0,0,0,0,TREND_REVERSAL_UNCONFIRMED,1,0.45,SHORT,1,0,0,0
SOLUSDT,1770541200000,2026-02-08T09:00:00.000Z,BULL,SHORT,25,13.5,IGNORE,0,WATCH,,0,0,0,NA,NA,NA,NA,NA,CLEAR,1,0,0,0,0,TREND_REVERSAL_UNCONFIRMED,1,0.45,SHORT,1,0,0,0
SOLUSDT,1770544800000,2026-02-08T10:00:00.000Z,NEUTRAL,NONE,0,7.875,IGNORE,0,WATCH,,0,0,0,NA,NA,NA,NA,NA,BLOCK,0,0,0,0,0,TREND_REVERSAL_UNCONFIRMED,0,0.45,NONE,1,0,0,0
SOLUSDT,1770548400000,2026-02-08T11:00:00.000Z,BULL,SHORT,0,7.875,IGNORE,0,WATCH,,0,0,0,NA,NA,NA,NA,NA,WARNING_SOFT,1,0,0,0,0,TREND_REVERSAL_UNCONFIRMED,0,0.45,SHORT,1,0,0,0
SOLUSDT,1770552000000,2026-02-08T12:00:00.000Z,BULL,SHORT,17.5,12.909375,IGNORE,0,WATCH,,0,0,0,NA,NA,NA,NA,NA,CLEAR,1,0,0,0,0,TREND_REVERSAL_UNCONFIRMED,1,0.45,SHORT,1,0,0,0
SOLUSDT,1770555600000,2026-02-08T13:00:00.000Z,BULL,SHORT,37.17299845701906,18.114873628490255,IGNORE,0,WATCH,,0,0,0,NA,NA,NA,NA,NA,CLEAR,1,0,0,0,0,TREND_REVERSAL_UNCONFIRMED,2,0.45,SHORT,1,0,0,0
SOLUSDT,1770559200000,2026-02-08T14:00:00.000Z,BULL,SHORT,17.5,12.909375,IGNORE,0,WATCH,,0,0,0,NA,NA,NA,NA,NA,CLEAR,1,0,0,0,0,TREND_REVERSAL_UNCONFIRMED,1,0.45,SHORT,1,0,0,0
SOLUSDT,1770562800000,2026-02-08T15:00:00.000Z,BULL,SHORT,38.4343875721068,18.21420802130341,IGNORE,0,WATCH,,0,0,0,NA,NA,NA,NA,NA,WARNING_SOFT,1,0,1,1,0,TREND_REVERSAL_UNCONFIRMED,2,0.45,SHORT,1,0,0,0
SOLUSDT,1770566400000,2026-02-08T16:00:00.000Z,NEUTRAL,NONE,0,7.875,IGNORE,0,WATCH,,0,0,0,NA,NA,NA,NA,NA,WARNING_SOFT,1,0,1,0,0,TREND_REVERSAL_UNCONFIRMED,0,0.45,NONE,1,0,0,0
SOLUSDT,1770570000000,2026-02-08T17:00:00.000Z,NEUTRAL,NONE,0,7.875,IGNORE,0,WATCH,,0,0,0,NA,NA,NA,NA,NA,WARNING_SOFT,1,0,0,0,0,TREND_REVERSAL_UNCONFIRMED,0,0.45,NONE,1,0,0,0
SOLUSDT,1770573600000,2026-02-08T18:00:00.000Z,BULL,SHORT,33.97431679188116,17.86297744736064,IGNORE,0,WATCH,,0,0,0,NA,NA,NA,NA,NA,WARNING_SOFT,1,0,0,0,0,TREND_REVERSAL_UNCONFIRMED,2,0.45,SHORT,1,0,0,0
SOLUSDT,1770577200000,2026-02-08T19:00:00.000Z,BULL,SHORT,17.5,12.909375,IGNORE,0,WATCH,,0,0,0,NA,NA,NA,NA,NA,CLEAR,1,0,0,0,0,TREND_REVERSAL_UNCONFIRMED,1,0.45,SHORT,1,0,0,0
SOLUSDT,1770580800000,2026-02-08T20:00:00.000Z,NEUTRAL,NONE,0,7.875,IGNORE,0,WATCH,,0,0,0,NA,NA,NA,NA,NA,WARNING_SOFT,1,0,0,0,0,TREND_REVERSAL_UNCONFIRMED,0,0.45,NONE,1,0,0,0
SOLUSDT,1770584400000,2026-02-08T21:00:00.000Z,NEUTRAL,NONE,0,7.875,IGNORE,0,WATCH,,0,0,0,NA,NA,NA,NA,NA,WARNING_SOFT,1,0,0,0,0,TREND_REVERSAL_UNCONFIRMED,0,0.45,NONE,1,0,0,0
SOLUSDT,1770588000000,2026-02-08T22:00:00.000Z,NEUTRAL,NONE,0,7.875,IGNORE,0,WATCH,,0,0,0,NA,NA,NA,NA,NA,WARNING_SOFT,1,0,0,0,0,TREND_REVERSAL_UNCONFIRMED,0,0.45,NONE,1,0,0,0
SOLUSDT,1770591600000,2026-02-08T23:00:00.000Z,NEUTRAL,NONE,0,7.875,IGNORE,0,WATCH,,0,0,0,NA,NA,NA,NA,NA,BLOCK,0,0,0,0,0,TREND_REVERSAL_UNCONFIRMED,0,0.45,NONE,1,0,0,0
SOLUSDT,1770595200000,2026-02-09T00:00:00.000Z,NEUTRAL,NONE,0,7.875,IGNORE,0,WATCH,,0,0,0,NA,NA,NA,NA,NA,WARNING_SOFT,1,0,0,0,0,TREND_REVERSAL_UNCONFIRMED,0,0.45,NONE,1,0,0,0
SOLUSDT,1770598800000,2026-02-09T01:00:00.000Z,NEUTRAL,NONE,0,7.875,IGNORE,0,WATCH,,0,0,0,NA,NA,NA,NA,NA,WARNING_SOFT,1,0,0,0,0,TREND_REVERSAL_UNCONFIRMED,0,0.45,NONE,1,0,0,0
SOLUSDT,1770602400000,2026-02-09T02:00:00.000Z,NEUTRAL,NONE,0,7.875,IGNORE,0,WATCH,,0,0,0,NA,NA,NA,NA,NA,WARNING_SOFT,1,0,0,0,0,TREND_REVERSAL_UNCONFIRMED,0,0.45,NONE,1,0,0,0
SOLUSDT,1770606000000,2026-02-09T03:00:00.000Z,BULL,SHORT,0,7.875,IGNORE,0,WATCH,,0,0,0,NA,NA,NA,NA,NA,WARNING_SOFT,1,0,0,0,0,TREND_REVERSAL_UNCONFIRMED,0,0.45,SHORT,1,0,0,0
SOLUSDT,1770609600000,2026-02-09T04:00:00.000Z,NEUTRAL,NONE,0,7.875,IGNORE,0,WATCH,,0,0,0,NA,NA,NA,NA,NA,WARNING_SOFT,1,0,0,0,0,TREND_REVERSAL_UNCONFIRMED,0,0.45,NONE,1,0,0,0
SOLUSDT,1770613200000,2026-02-09T05:00:00.000Z,NEUTRAL,NONE,0,7.875,IGNORE,0,WATCH,,0,0,0,NA,NA,NA,NA,NA,WARNING_SOFT,1,0,0,0,0,TREND_REVERSAL_UNCONFIRMED,0,0.45,NONE,1,0,0,0
SOLUSDT,1770616800000,2026-02-09T06:00:00.000Z,NEUTRAL,NONE,0,7.875,IGNORE,0,WATCH,,0,0,0,NA,NA,NA,NA,NA,BLOCK,0,0,0,0,0,TREND_REVERSAL_UNCONFIRMED,0,0.45,NONE,1,0,0,0
SOLUSDT,1770620400000,2026-02-09T07:00:00.000Z,BEAR,LONG,12.7198422719942,12.532937578919544,IGNORE,0,WATCH,,0,0,0,NA,NA,NA,NA,NA,CLEAR,1,0,0,0,0,TREND_REVERSAL_UNCONFIRMED,1,0.45,LONG,1,0,0,0
SOLUSDT,1770624000000,2026-02-09T08:00:00.000Z,BEAR,LONG,22.463631175674774,13.300260955084388,IGNORE,0,WATCH,,0,0,0,NA,NA,NA,NA,NA,CLEAR,1,0,1,0,0,TREND_REVERSAL_UNCONFIRMED,1,0.45,LONG,1,0,0,0
SOLUSDT,1770627600000,2026-02-09T09:00:00.000Z,BEAR,LONG,25,13.5,IGNORE,0,WATCH,,0,0,0,NA,NA,NA,NA,NA,CLEAR,1,0,0,0,0,TREND_REVERSAL_UNCONFIRMED,1,0.45,LONG,1,0,0,0
SOLUSDT,1770631200000,2026-02-09T10:00:00.000Z,BEAR,LONG,34.81888596172785,17.929487269486067,IGNORE,0,WATCH,,0,0,0,NA,NA,NA,NA,NA,CLEAR,1,0,0,0,0,TREND_REVERSAL_UNCONFIRMED,2,0.45,LONG,1,0,0,0
SOLUSDT,1770634800000,2026-02-09T11:00:00.000Z,BEAR,LONG,0,7.875,IGNORE,0,WATCH,,0,0,0,NA,NA,NA,NA,NA,CLEAR,1,0,0,0,0,TREND_REVERSAL_UNCONFIRMED,0,0.45,LONG,1,0,0,0
SOLUSDT,1770638400000,2026-02-09T12:00:00.000Z,BEAR,LONG,0,7.875,IGNORE,0,WATCH,,0,0,0,NA,NA,NA,NA,NA,CLEAR,1,0,0,0,0,TREND_REVERSAL_UNCONFIRMED,0,0.45,LONG,1,0,0,0
SOLUSDT,1770642000000,2026-02-09T13:00:00.000Z,BEAR,LONG,0,7.875,IGNORE,0,WATCH,,0,0,0,NA,NA,NA,NA,NA,CLEAR,1,0,0,0,0,TREND_REVERSAL_UNCONFIRMED,0,0.45,LONG,1,0,0,0
SOLUSDT,1770645600000,2026-02-09T14:00:00.000Z,BEAR,LONG,25,13.5,IGNORE,0,WATCH,,0,0,0,NA,NA,NA,NA,NA,CLEAR,1,0,0,0,0,TREND_REVERSAL_UNCONFIRMED,1,0.45,LONG,1,0,0,0
SOLUSDT,1770649200000,2026-02-09T15:00:00.000Z,BEAR,LONG,20.907336406295784,13.177702741995793,IGNORE,0,WATCH,,0,0,0,NA,NA,NA,NA,NA,CLEAR,1,0,0,0,0,TREND_REVERSAL_UNCONFIRMED,1,0.45,LONG,1,0,0,0
SOLUSDT,1770652800000,2026-02-09T16:00:00.000Z,NEUTRAL,NONE,0,7.875,IGNORE,0,WATCH,,0,0,0,NA,NA,NA,NA,NA,CLEAR,1,0,0,0,0,TREND_REVERSAL_UNCONFIRMED,0,0.45,NONE,1,0,0,0
SOLUSDT,1770656400000,2026-02-09T17:00:00.000Z,NEUTRAL,NONE,0,7.875,IGNORE,0,WATCH,,0,0,0,NA,NA,NA,NA,NA,CLEAR,1,1,0,0,0,TREND_REVERSAL_UNCONFIRMED,0,0.45,NONE,1,0,0,0
SOLUSDT,1770660000000,2026-02-09T18:00:00.000Z,NEUTRAL,NONE,0,7.875,IGNORE,0,WATCH,,0,0,0,NA,NA,NA,NA,NA,CLEAR,1,0,0,0,0,TREND_REVERSAL_UNCONFIRMED,0,0.45,NONE,1,0,0,0
SOLUSDT,1770663600000,2026-02-09T19:00:00.000Z,NEUTRAL,NONE,0,7.875,IGNORE,0,WATCH,,0,0,0,NA,NA,NA,NA,NA,CLEAR,1,0,0,0,0,TREND_REVERSAL_UNCONFIRMED,0,0.45,NONE,1,0,0,0
SOLUSDT,1770667200000,2026-02-09T20:00:00.000Z,NEUTRAL,NONE,0,7.875,IGNORE,0,WATCH,,0,0,0,NA,NA,NA,NA,NA,CLEAR,1,0,0,0,0,TREND_REVERSAL_UNCONFIRMED,0,0.45,NONE,1,0,0,0
SOLUSDT,1770670800000,2026-02-09T21:00:00.000Z,NEUTRAL,NONE,0,7.875,IGNORE,0,WATCH,,0,0,0,NA,NA,NA,NA,NA,CLEAR,1,0,0,0,0,TREND_REVERSAL_UNCONFIRMED,0,0.45,NONE,1,0,0,0
SOLUSDT,1770674400000,2026-02-09T22:00:00.000Z,NEUTRAL,NONE,0,7.875,IGNORE,0,WATCH,,0,0,0,NA,NA,NA,NA,NA,CLEAR,1,0,0,0,0,TREND_REVERSAL_UNCONFIRMED,0,0.45,NONE,1,0,0,0
SOLUSDT,1770678000000,2026-02-09T23:00:00.000Z,NEUTRAL,NONE,0,7.875,IGNORE,0,WATCH,,0,0,0,NA,NA,NA,NA,NA,WARNING_SOFT,1,0,0,0,0,TREND_REVERSAL_UNCONFIRMED,0,0.45,NONE,1,0,0,0
SOLUSDT,1770681600000,2026-02-10T00:00:00.000Z,BEAR,LONG,0,7.875,IGNORE,0,WATCH,,0,0,0,NA,NA,NA,NA,NA,WARNING_SOFT,1,0,0,0,0,TREND_REVERSAL_UNCONFIRMED,0,0.45,LONG,1,0,0,0
SOLUSDT,1770685200000,2026-02-10T01:00:00.000Z,NEUTRAL,NONE,0,7.875,IGNORE,0,WATCH,,0,0,0,NA,NA,NA,NA,NA,CLEAR,1,0,0,0,0,TREND_REVERSAL_UNCONFIRMED,0,0.45,NONE,1,0,0,0
SOLUSDT,1770688800000,2026-02-10T02:00:00.000Z,NEUTRAL,NONE,0,7.875,IGNORE,0,WATCH,,0,0,0,NA,NA,NA,NA,NA,WARNING_SOFT,1,0,0,0,0,TREND_REVERSAL_UNCONFIRMED,0,0.45,NONE,1,0,0,0
SOLUSDT,1770692400000,2026-02-10T03:00:00.000Z,BEAR,LONG,0,7.875,IGNORE,0,WATCH,,0,0,0,NA,NA,NA,NA,NA,CLEAR,1,0,0,0,0,TREND_REVERSAL_UNCONFIRMED,0,0.45,LONG,1,0,0,0
SOLUSDT,1770696000000,2026-02-10T04:00:00.000Z,NEUTRAL,NONE,0,7.875,IGNORE,0,WATCH,,0,0,0,NA,NA,NA,NA,NA,WARNING_SOFT,1,0,0,0,0,TREND_REVERSAL_UNCONFIRMED,0,0.45,NONE,1,0,0,0
SOLUSDT,1770699600000,2026-02-10T05:00:00.000Z,BEAR,LONG,0,7.875,IGNORE,0,WATCH,,0,0,0,NA,NA,NA,NA,NA,CLEAR,1,0,0,0,0,TREND_REVERSAL_UNCONFIRMED,0,0.45,LONG,1,0,0,0
SOLUSDT,1770703200000,2026-02-10T06:00:00.000Z,BEAR,LONG,13.021766688099161,12.55671412668781,IGNORE,0,WATCH,,0,0,0,NA,NA,NA,NA,NA,CLEAR,1,0,0,0,0,TREND_REVERSAL_UNCONFIRMED,1,0.45,LONG,1,0,0,0
SOLUSDT,1770706800000,2026-02-10T07:00:00.000Z,BEAR,LONG,0,7.875,IGNORE,0,WATCH,,0,0,0,NA,NA,NA,NA,NA,CLEAR,1,0,0,0,0,TREND_REVERSAL_UNCONFIRMED,0,0.45,LONG,1,0,0,0
SOLUSDT,1770710400000,2026-02-10T08:00:00.000Z,BEAR,LONG,0,7.875,IGNORE,0,WATCH,,0,0,0,NA,NA,NA,NA,NA,CLEAR,1,0,0,0,0,TREND_REVERSAL_UNCONFIRMED,0,0.45,LONG,1,0,0,0
SOLUSDT,1770714000000,2026-02-10T09:00:00.000Z,BEAR,LONG,12.847222222222221,12.54296875,IGNORE,0,WATCH,,0,0,0,NA,NA,NA,NA,NA,CLEAR,1,0,0,0,0,TREND_REVERSAL_UNCONFIRMED,1,0.45,LONG,1,0,0,0
SOLUSDT,1770717600000,2026-02-10T10:00:00.000Z,BEAR,LONG,12.847222222222221,12.54296875,IGNORE,0,WATCH,,0,0,0,NA,NA,NA,NA,NA,CLEAR,1,0,0,0,0,TREND_REVERSAL_UNCONFIRMED,1,0.45,LONG,1,0,0,0
SOLUSDT,1770721200000,2026-02-10T11:00:00.000Z,BEAR,LONG,0,7.875,IGNORE,0,WATCH,,0,0,0,NA,NA,NA,NA,NA,CLEAR,1,0,0,0,0,TREND_REVERSAL_UNCONFIRMED,0,0.45,LONG,1,0,0,0
SOLUSDT,1770724800000,2026-02-10T12:00:00.000Z,BEAR,LONG,0,7.875,IGNORE,0,WATCH,,0,0,0,NA,NA,NA,NA,NA,CLEAR,1,0,0,0,0,TREND_REVERSAL_UNCONFIRMED,0,0.45,LONG,1,0,0,0
SOLUSDT,1770728400000,2026-02-10T13:00:00.000Z,BEAR,LONG,25,13.5,IGNORE,0,WATCH,,0,0,0,NA,NA,NA,NA,NA,CLEAR,1,0,0,0,0,TREND_REVERSAL_UNCONFIRMED,1,0.45,LONG,1,0,0,0
SOLUSDT,1770732000000,2026-02-10T14:00:00.000Z,BEAR,LONG,25,13.5,IGNORE,0,WATCH,,0,0,0,NA,NA,NA,NA,NA,CLEAR,1,0,0,0,0,TREND_REVERSAL_UNCONFIRMED,1,0.45,LONG,1,0,0,0
SOLUSDT,1770735600000,2026-02-10T15:00:00.000Z,BEAR,LONG,24.477822324112147,13.458878508023831,IGNORE,0,WATCH,,0,0,0,NA,NA,NA,NA,NA,CLEAR,1,0,0,0,0,TREND_REVERSAL_UNCONFIRMED,1,0.45,LONG,1,0,0,0
SOLUSDT,1770739200000,2026-02-10T16:00:00.000Z,BEAR,LONG,14.468614576427933,12.6706533978937,IGNORE,0,WATCH,,0,0,0,NA,NA,NA,NA,NA,CLEAR,1,0,0,0,0,TREND_REVERSAL_UNCONFIRMED,1,0.45,LONG,1,0,0,0
SOLUSDT,1770742800000,2026-02-10T17:00:00.000Z,BEAR,LONG,17.5,12.909375,IGNORE,0,WATCH,,0,0,0,NA,NA,NA,NA,NA,WARNING_SOFT,1,0,0,0,0,TREND_REVERSAL_UNCONFIRMED,1,0.45,LONG,1,0,0,0
SOLUSDT,1770746400000,2026-02-10T18:00:00.000Z,BEAR,LONG,37.0545747984036,18.105547765374283,IGNORE,0,WATCH,,0,0,0,NA,NA,NA,NA,NA,CLEAR,1,0,0,0,0,TREND_REVERSAL_UNCONFIRMED,2,0.45,LONG,1,0,0,0
SOLUSDT,1770750000000,2026-02-10T19:00:00.000Z,BEAR,LONG,17.5,12.909375,IGNORE,0,WATCH,,0,0,0,NA,NA,NA,NA,NA,CLEAR,1,0,0,0,0,TREND_REVERSAL_UNCONFIRMED,1,0.45,LONG,1,0,0,0
SOLUSDT,1770753600000,2026-02-10T20:00:00.000Z,BEAR,LONG,17.5,12.909375,IGNORE,0,WATCH,,0,0,0,NA,NA,NA,NA,NA,CLEAR,1,0,0,0,0,TREND_REVERSAL_UNCONFIRMED,1,0.45,LONG,1,0,0,0
SOLUSDT,1770757200000,2026-02-10T21:00:00.000Z,BEAR,LONG,30.34722222222222,17.57734375,IGNORE,0,WATCH,,0,0,0,NA,NA,NA,NA,NA,CLEAR,1,0,0,0,0,TREND_REVERSAL_UNCONFIRMED,2,0.45,LONG,1,0,0,0
SOLUSDT,1770760800000,2026-02-10T22:00:00.000Z,BEAR,LONG,42.5,18.534375,IGNORE,0,WATCH,,0,0,0,NA,NA,NA,NA,NA,CLEAR,1,0,0,0,0,TREND_REVERSAL_UNCONFIRMED,2,0.45,LONG,1,0,0,0
SOLUSDT,1770764400000,2026-02-10T23:00:00.000Z,BEAR,LONG,17.5,12.909375,IGNORE,0,WATCH,,0,0,0,NA,NA,NA,NA,NA,CLEAR,1,0,0,0,0,TREND_REVERSAL_UNCONFIRMED,1,0.45,LONG,1,0,0,0
SOLUSDT,1770768000000,2026-02-11T00:00:00.000Z,BEAR,LONG,0,7.875,IGNORE,0,WATCH,,0,0,0,NA,NA,NA,NA,NA,WARNING_SOFT,1,0,0,0,0,TREND_REVERSAL_UNCONFIRMED,0,0.45,LONG,1,0,0,0
SOLUSDT,1770771600000,2026-02-11T01:00:00.000Z,BEAR,LONG,0,7.875,IGNORE,0,WATCH,,0,0,0,NA,NA,NA,NA,NA,WARNING_SOFT,1,0,0,0,0,TREND_REVERSAL_UNCONFIRMED,0,0.45,LONG,1,0,0,0
SOLUSDT,1770775200000,2026-02-11T02:00:00.000Z,BEAR,LONG,0,7.875,IGNORE,0,WATCH,,0,0,0,NA,NA,NA,NA,NA,WARNING_SOFT,1,0,0,0,0,TREND_REVERSAL_UNCONFIRMED,0,0.45,LONG,1,0,0,0
SOLUSDT,1770778800000,2026-02-11T03:00:00.000Z,BEAR,LONG,0,7.875,IGNORE,0,WATCH,,0,0,0,NA,NA,NA,NA,NA,WARNING_SOFT,1,0,0,0,0,TREND_REVERSAL_UNCONFIRMED,0,0.45,LONG,1,0,0,0
SOLUSDT,1770782400000,2026-02-11T04:00:00.000Z,BEAR,LONG,16.61622645474246,12.83977783331097,IGNORE,0,WATCH,,0,0,0,NA,NA,NA,NA,NA,CLEAR,1,0,0,0,0,TREND_REVERSAL_UNCONFIRMED,1,0.45,LONG,1,0,0,0
SOLUSDT,1770786000000,2026-02-11T05:00:00.000Z,BEAR,LONG,37.84722222222222,18.16796875,IGNORE,0,WATCH,,0,0,0,NA,NA,NA,NA,NA,CLEAR,1,0,0,0,0,TREND_REVERSAL_UNCONFIRMED,2,0.45,LONG,1,0,0,0
SOLUSDT,1770789600000,2026-02-11T06:00:00.000Z,BEAR,LONG,38.19444444444444,18.1953125,IGNORE,0,WATCH,,0,0,0,NA,NA,NA,NA,NA,CLEAR,1,0,0,0,0,TREND_REVERSAL_UNCONFIRMED,2,0.45,LONG,1,0,0,0
SOLUSDT,1770793200000,2026-02-11T07:00:00.000Z,BEAR,LONG,0,7.875,IGNORE,0,WATCH,,0,0,0,NA,NA,NA,NA,NA,CLEAR,1,0,0,0,0,TREND_REVERSAL_UNCONFIRMED,0,0.45,LONG,1,0,0,0
SOLUSDT,1770796800000,2026-02-11T08:00:00.000Z,BEAR,LONG,0,7.875,IGNORE,0,WATCH,,0,0,0,NA,NA,NA,NA,NA,CLEAR,1,0,0,0,0,TREND_REVERSAL_UNCONFIRMED,0,0.45,LONG,1,0,0,0
SOLUSDT,1770800400000,2026-02-11T09:00:00.000Z,BEAR,LONG,12.847222222222221,12.54296875,IGNORE,0,WATCH,,0,0,0,NA,NA,NA,NA,NA,CLEAR,1,0,0,0,0,TREND_REVERSAL_UNCONFIRMED,1,0.45,LONG,1,0,0,0
SOLUSDT,1770804000000,2026-02-11T10:00:00.000Z,BEAR,LONG,0,7.875,IGNORE,0,WATCH,,0,0,0,NA,NA,NA,NA,NA,CLEAR,1,0,0,0,0,TREND_REVERSAL_UNCONFIRMED,0,0.45,LONG,1,0,0,0
SOLUSDT,1770807600000,2026-02-11T11:00:00.000Z,BEAR,LONG,25,13.5,IGNORE,0,WATCH,,0,0,0,NA,NA,NA,NA,NA,CLEAR,1,0,0,0,0,TREND_REVERSAL_UNCONFIRMED,1,0.45,LONG,1,0,0,0
SOLUSDT,1770811200000,2026-02-11T12:00:00.000Z,BEAR,LONG,0,7.875,IGNORE,0,WATCH,,0,0,0,NA,NA,NA,NA,NA,CLEAR,1,0,0,0,0,TREND_REVERSAL_UNCONFIRMED,0,0.45,LONG,1,0,0,0
SOLUSDT,1770814800000,2026-02-11T13:00:00.000Z,BEAR,LONG,23.822648229507863,13.407283548073744,IGNORE,0,WATCH,,0,0,0,NA,NA,NA,NA,NA,CLEAR,1,0,0,0,0,TREND_REVERSAL_UNCONFIRMED,1,0.45,LONG,1,0,0,0
SOLUSDT,1770818400000,2026-02-11T14:00:00.000Z,BEAR,LONG,25,13.5,IGNORE,0,WATCH,,0,0,0,NA,NA,NA,NA,NA,WARNING_SOFT,1,0,0,0,0,TREND_REVERSAL_UNCONFIRMED,1,0.45,LONG,1,0,0,0
SOLUSDT,1770822000000,2026-02-11T15:00:00.000Z,BEAR,LONG,25,13.5,IGNORE,0,WATCH,,0,0,0,NA,NA,NA,NA,NA,CLEAR,1,0,0,0,0,TREND_REVERSAL_UNCONFIRMED,1,0.45,LONG,1,0,0,0
SOLUSDT,1770825600000,2026-02-11T16:00:00.000Z,BEAR,LONG,33.60774240803734,17.83410971463294,IGNORE,0,WATCH,,0,0,0,NA,NA,NA,NA,NA,CLEAR,1,0,0,0,0,TREND_REVERSAL_UNCONFIRMED,2,0.45,LONG,1,0,0,0
SOLUSDT,1770829200000,2026-02-11T17:00:00.000Z,BEAR,LONG,19.853841095309484,13.094739986255622,IGNORE,0,WATCH,,0,0,0,NA,NA,NA,NA,NA,CLEAR,1,0,0,0,0,TREND_REVERSAL_UNCONFIRMED,1,0.45,LONG,1,0,0,0
SOLUSDT,1770832800000,2026-02-11T18:00:00.000Z,BEAR,LONG,0,7.875,IGNORE,0,WATCH,,0,0,0,NA,NA,NA,NA,NA,CLEAR,1,0,0,0,0,TREND_REVERSAL_UNCONFIRMED,0,0.45,LONG,1,0,0,0
SOLUSDT,1770836400000,2026-02-11T19:00:00.000Z,BEAR,LONG,0,7.875,IGNORE,0,WATCH,,0,0,0,NA,NA,NA,NA,NA,CLEAR,1,0,0,0,0,TREND_REVERSAL_UNCONFIRMED,0,0.45,LONG,1,0,0,0
SOLUSDT,1770840000000,2026-02-11T20:00:00.000Z,BEAR,LONG,0,7.875,IGNORE,0,WATCH,,0,0,0,NA,NA,NA,NA,NA,WARNING_SOFT,1,0,0,0,0,TREND_REVERSAL_UNCONFIRMED,0,0.45,LONG,1,0,0,0
SOLUSDT,1770843600000,2026-02-11T21:00:00.000Z,BEAR,LONG,0,7.875,IGNORE,0,WATCH,,0,0,0,NA,NA,NA,NA,NA,WARNING_SOFT,1,0,0,0,0,TREND_REVERSAL_UNCONFIRMED,0,0.45,LONG,1,0,0,0
SOLUSDT,1770847200000,2026-02-11T22:00:00.000Z,BEAR,LONG,0,7.875,IGNORE,0,WATCH,,0,0,0,NA,NA,NA,NA,NA,WARNING_SOFT,1,0,0,0,0,TREND_REVERSAL_UNCONFIRMED,0,0.45,LONG,1,0,0,0
SOLUSDT,1770850800000,2026-02-11T23:00:00.000Z,BEAR,LONG,0,7.875,IGNORE,0,WATCH,,0,0,0,NA,NA,NA,NA,NA,CLEAR,1,0,0,0,0,TREND_REVERSAL_UNCONFIRMED,0,0.45,LONG,1,0,0,0
SOLUSDT,1770854400000,2026-02-12T00:00:00.000Z,BEAR,LONG,25,13.5,IGNORE,0,WATCH,,0,0,0,NA,NA,NA,NA,NA,CLEAR,1,0,0,0,0,TREND_REVERSAL_UNCONFIRMED,1,0.45,LONG,1,0,0,0
SOLUSDT,1770858000000,2026-02-12T01:00:00.000Z,BEAR,LONG,0,7.875,IGNORE,0,WATCH,,0,0,0,NA,NA,NA,NA,NA,WARNING_SOFT,1,0,0,0,0,TREND_REVERSAL_UNCONFIRMED,0,0.45,LONG,1,0,0,0
SOLUSDT,1770861600000,2026-02-12T02:00:00.000Z,BEAR,LONG,17.5,12.909375,IGNORE,0,WATCH,,0,0,0,NA,NA,NA,NA,NA,WARNING_SOFT,1,0,0,0,0,TREND_REVERSAL_UNCONFIRMED,1,0.45,LONG,1,0,0,0
SOLUSDT,1770865200000,2026-02-12T03:00:00.000Z,NEUTRAL,NONE,0,7.875,IGNORE,0,WATCH,,0,0,0,NA,NA,NA,NA,NA,CLEAR,1,0,0,0,0,TREND_REVERSAL_UNCONFIRMED,0,0.45,NONE,1,0,0,0
SOLUSDT,1770868800000,2026-02-12T04:00:00.000Z,BEAR,LONG,42.5,18.534375,IGNORE,0,WATCH,,0,0,0,NA,NA,NA,NA,NA,BLOCK,0,0,0,0,0,TREND_REVERSAL_UNCONFIRMED,2,0.45,LONG,1,0,0,0
SOLUSDT,1770872400000,2026-02-12T05:00:00.000Z,NEUTRAL,NONE,0,7.875,IGNORE,0,WATCH,,0,0,0,NA,NA,NA,NA,NA,WARNING_HARD,1,0,0,0,0,TREND_REVERSAL_UNCONFIRMED,0,0.45,NONE,1,0,0,0
SOLUSDT,1770876000000,2026-02-12T06:00:00.000Z,NEUTRAL,NONE,0,7.875,IGNORE,0,WATCH,,0,0,0,NA,NA,NA,NA,NA,WARNING_SOFT,1,0,0,0,0,TREND_REVERSAL_UNCONFIRMED,0,0.45,NONE,1,0,0,0
SOLUSDT,1770879600000,2026-02-12T07:00:00.000Z,NEUTRAL,NONE,0,7.875,IGNORE,0,WATCH,,0,0,0,NA,NA,NA,NA,NA,WARNING_SOFT,1,0,0,0,0,TREND_REVERSAL_UNCONFIRMED,0,0.45,NONE,1,0,0,0
SOLUSDT,1770883200000,2026-02-12T08:00:00.000Z,NEUTRAL,NONE,0,7.875,IGNORE,0,WATCH,,0,0,0,NA,NA,NA,NA,NA,WARNING_SOFT,1,0,0,0,0,TREND_REVERSAL_UNCONFIRMED,0,0.45,NONE,1,0,0,0
SOLUSDT,1770886800000,2026-02-12T09:00:00.000Z,NEUTRAL,NONE,0,7.875,IGNORE,0,WATCH,,0,0,0,NA,NA,NA,NA,NA,CLEAR,1,0,0,0,0,TREND_REVERSAL_UNCONFIRMED,0,0.45,NONE,1,0,0,0
SOLUSDT,1770890400000,2026-02-12T10:00:00.000Z,NEUTRAL,NONE,0,7.875,IGNORE,0,WATCH,,0,0,0,NA,NA,NA,NA,NA,CLEAR,1,0,0,0,0,TREND_REVERSAL_UNCONFIRMED,0,0.45,NONE,1,0,0,0
SOLUSDT,1770894000000,2026-02-12T11:00:00.000Z,NEUTRAL,NONE,0,7.875,IGNORE,0,WATCH,,0,0,0,NA,NA,NA,NA,NA,CLEAR,1,0,0,0,0,TREND_REVERSAL_UNCONFIRMED,0,0.45,NONE,1,0,0,0
SOLUSDT,1770897600000,2026-02-12T12:00:00.000Z,NEUTRAL,NONE,0,7.875,IGNORE,0,WATCH,,0,0,0,NA,NA,NA,NA,NA,CLEAR,1,0,0,0,0,TREND_REVERSAL_UNCONFIRMED,0,0.45,NONE,1,0,0,0
SOLUSDT,1770901200000,2026-02-12T13:00:00.000Z,NEUTRAL,NONE,0,7.875,IGNORE,0,WATCH,,0,0,0,NA,NA,NA,NA,NA,WARNING_SOFT,1,0,0,0,0,TREND_REVERSAL_UNCONFIRMED,0,0.45,NONE,1,0,0,0
SOLUSDT,1770904800000,2026-02-12T14:00:00.000Z,NEUTRAL,NONE,0,7.875,IGNORE,0,WATCH,,0,0,0,NA,NA,NA,NA,NA,WARNING_SOFT,1,0,0,0,0,TREND_REVERSAL_UNCONFIRMED,0,0.45,NONE,1,0,0,0
SOLUSDT,1770908400000,2026-02-12T15:00:00.000Z,BEAR,LONG,42.5,18.534375,IGNORE,0,WATCH,,0,0,0,NA,NA,NA,NA,NA,BLOCK,0,0,0,0,0,TREND_REVERSAL_UNCONFIRMED,2,0.45,LONG,1,0,0,0
SOLUSDT,1770912000000,2026-02-12T16:00:00.000Z,BEAR,LONG,42.5,18.534375,IGNORE,0,WATCH,,0,0,0,NA,NA,NA,NA,NA,CLEAR,1,0,1,0,0,TREND_REVERSAL_UNCONFIRMED,2,0.45,LONG,1,0,0,0
SOLUSDT,1770915600000,2026-02-12T17:00:00.000Z,BEAR,LONG,42.5,18.534375,IGNORE,0,WATCH,,0,0,0,NA,NA,NA,NA,NA,CLEAR,1,0,1,0,0,TREND_REVERSAL_UNCONFIRMED,2,0.45,LONG,1,0,0,0
SOLUSDT,1770919200000,2026-02-12T18:00:00.000Z,BEAR,LONG,50.623991820493835,51.43672679761259,WATCH,1,WATCH,ACTIVE,1,1,0,PASS,PASS,SKIP,SKIP,FAIL,CLEAR,1,0,1,0,0,MARKET_CONTEXT_DENIED,3,0.84,LONG,0,1,0,0
SOLUSDT,1770922800000,2026-02-12T19:00:00.000Z,BEAR,LONG,61.68788297533287,53.06311879737393,WATCH,1,WATCH,ACTIVE,1,1,0,PASS,PASS,SKIP,SKIP,FAIL,CLEAR,1,0,0,0,0,MARKET_CONTEXT_DENIED,3,0.84,LONG,0,1,0,0
SOLUSDT,1770926400000,2026-02-12T20:00:00.000Z,BEAR,LONG,44.62202037220939,22.35773410431149,IGNORE,0,WATCH,,0,0,0,NA,NA,NA,NA,NA,CLEAR,1,0,0,0,0,TREND_REVERSAL_UNCONFIRMED,3,0.45,LONG,1,0,0,0
SOLUSDT,1770930000000,2026-02-12T21:00:00.000Z,BEAR,LONG,17.5,12.909375,IGNORE,0,WATCH,,0,0,0,NA,NA,NA,NA,NA,CLEAR,1,0,0,0,0,TREND_REVERSAL_UNCONFIRMED,1,0.45,LONG,1,0,0,0
SOLUSDT,1770933600000,2026-02-12T22:00:00.000Z,BEAR,LONG,17.5,12.909375,IGNORE,0,WATCH,,0,0,0,NA,NA,NA,NA,NA,CLEAR,1,0,0,0,0,TREND_REVERSAL_UNCONFIRMED,1,0.45,LONG,1,0,0,0
SOLUSDT,1770937200000,2026-02-12T23:00:00.000Z,BEAR,LONG,0,7.875,IGNORE,0,WATCH,,0,0,0,NA,NA,NA,NA,NA,CLEAR,1,0,0,0,0,TREND_REVERSAL_UNCONFIRMED,0,0.45,LONG,1,0,0,0
SOLUSDT,1770940800000,2026-02-13T00:00:00.000Z,BEAR,LONG,0,7.875,IGNORE,0,WATCH,,0,0,0,NA,NA,NA,NA,NA,CLEAR,1,0,0,0,0,TREND_REVERSAL_UNCONFIRMED,0,0.45,LONG,1,0,0,0
SOLUSDT,1770944400000,2026-02-13T01:00:00.000Z,BEAR,LONG,0,7.875,IGNORE,0,WATCH,,0,0,0,NA,NA,NA,NA,NA,WARNING_SOFT,1,0,0,0,0,TREND_REVERSAL_UNCONFIRMED,0,0.45,LONG,1,0,0,0
SOLUSDT,1770948000000,2026-02-13T02:00:00.000Z,NEUTRAL,NONE,0,7.875,IGNORE,0,WATCH,,0,0,0,NA,NA,NA,NA,NA,CLEAR,1,0,0,0,0,TREND_REVERSAL_UNCONFIRMED,0,0.45,NONE,1,0,0,0
SOLUSDT,1770951600000,2026-02-13T03:00:00.000Z,BEAR,LONG,0,7.875,IGNORE,0,WATCH,,0,0,0,NA,NA,NA,NA,NA,WARNING_SOFT,1,0,0,0,0,TREND_REVERSAL_UNCONFIRMED,0,0.45,LONG,1,0,0,0
SOLUSDT,1770955200000,2026-02-13T04:00:00.000Z,BEAR,LONG,0,7.875,IGNORE,0,WATCH,,0,0,0,NA,NA,NA,NA,NA,WARNING_SOFT,1,0,0,0,0,TREND_REVERSAL_UNCONFIRMED,0,0.45,LONG,1,0,0,0
SOLUSDT,1770958800000,2026-02-13T05:00:00.000Z,BEAR,LONG,0,7.875,IGNORE,0,WATCH,,0,0,0,NA,NA,NA,NA,NA,CLEAR,1,0,0,0,0,TREND_REVERSAL_UNCONFIRMED,0,0.45,LONG,1,0,0,0
SOLUSDT,1770962400000,2026-02-13T06:00:00.000Z,BEAR,LONG,0,7.875,IGNORE,0,WATCH,,0,0,0,NA,NA,NA,NA,NA,CLEAR,1,0,0,0,0,TREND_REVERSAL_UNCONFIRMED,0,0.45,LONG,1,0,0,0
SOLUSDT,1770966000000,2026-02-13T07:00:00.000Z,NEUTRAL,NONE,0,7.875,IGNORE,0,WATCH,,0,0,0,NA,NA,NA,NA,NA,WARNING_HARD,1,0,0,0,0,TREND_REVERSAL_UNCONFIRMED,0,0.45,NONE,1,0,0,0
SOLUSDT,1770969600000,2026-02-13T08:00:00.000Z,NEUTRAL,NONE,0,7.875,IGNORE,0,WATCH,,0,0,0,NA,NA,NA,NA,NA,CLEAR,1,0,0,0,0,TREND_REVERSAL_UNCONFIRMED,0,0.45,NONE,1,0,0,0
SOLUSDT,1770973200000,2026-02-13T09:00:00.000Z,NEUTRAL,NONE,0,7.875,IGNORE,0,WATCH,,0,0,0,NA,NA,NA,NA,NA,CLEAR,1,0,0,0,0,TREND_REVERSAL_UNCONFIRMED,0,0.45,NONE,1,0,0,0
SOLUSDT,1770976800000,2026-02-13T10:00:00.000Z,NEUTRAL,NONE,0,7.875,IGNORE,0,WATCH,,0,0,0,NA,NA,NA,NA,NA,CLEAR,1,0,0,0,0,TREND_REVERSAL_UNCONFIRMED,0,0.45,NONE,1,0,0,0
SOLUSDT,1770980400000,2026-02-13T11:00:00.000Z,NEUTRAL,NONE,0,7.875,IGNORE,0,WATCH,,0,0,0,NA,NA,NA,NA,NA,CLEAR,1,0,0,0,0,TREND_REVERSAL_UNCONFIRMED,0,0.45,NONE,1,0,0,0
SOLUSDT,1770984000000,2026-02-13T12:00:00.000Z,NEUTRAL,NONE,0,7.875,IGNORE,0,WATCH,,0,0,0,NA,NA,NA,NA,NA,CLEAR,1,0,0,0,0,TREND_REVERSAL_UNCONFIRMED,0,0.45,NONE,1,0,0,0
SOLUSDT,1770987600000,2026-02-13T13:00:00.000Z,NEUTRAL,NONE,0,7.875,IGNORE,0,WATCH,,0,0,0,NA,NA,NA,NA,NA,CLEAR,1,0,0,0,0,TREND_REVERSAL_UNCONFIRMED,0,0.45,NONE,1,0,0,0
SOLUSDT,1770991200000,2026-02-13T14:00:00.000Z,NEUTRAL,NONE,0,7.875,IGNORE,0,WATCH,,0,0,0,NA,NA,NA,NA,NA,CLEAR,1,0,0,0,0,TREND_REVERSAL_UNCONFIRMED,0,0.45,NONE,1,0,0,0
SOLUSDT,1770994800000,2026-02-13T15:00:00.000Z,NEUTRAL,NONE,0,7.875,IGNORE,0,WATCH,,0,0,0,NA,NA,NA,NA,NA,CLEAR,1,1,0,0,0,TREND_REVERSAL_UNCONFIRMED,0,0.45,NONE,1,0,0,0
SOLUSDT,1770998400000,2026-02-13T16:00:00.000Z,NEUTRAL,NONE,0,7.875,IGNORE,0,WATCH,,0,0,0,NA,NA,NA,NA,NA,CLEAR,1,1,0,0,0,TREND_REVERSAL_UNCONFIRMED,0,0.45,NONE,1,0,0,0
SOLUSDT,1771002000000,2026-02-13T17:00:00.000Z,BULL,SHORT,59.166666666666664,52.692499999999995,WATCH,1,WATCH,ACTIVE,1,1,0,PASS,PASS,SKIP,SKIP,FAIL,CLEAR,1,0,0,0,0,MARKET_CONTEXT_DENIED,3,0.84,SHORT,0,1,0,0
SOLUSDT,1771005600000,2026-02-13T18:00:00.000Z,BULL,SHORT,52.16759292706321,51.663636160278294,WATCH,1,WATCH,ACTIVE,1,1,0,PASS,PASS,SKIP,SKIP,FAIL,CLEAR,1,0,0,0,0,MARKET_CONTEXT_DENIED,3,0.84,SHORT,0,1,0,0
SOLUSDT,1771009200000,2026-02-13T19:00:00.000Z,BULL,SHORT,30.34722222222222,17.57734375,IGNORE,0,WATCH,,0,0,0,NA,NA,NA,NA,NA,CLEAR,1,0,0,0,0,TREND_REVERSAL_UNCONFIRMED,2,0.45,SHORT,1,0,0,0
SOLUSDT,1771012800000,2026-02-13T20:00:00.000Z,BULL,SHORT,30.34722222222222,17.57734375,IGNORE,0,WATCH,,0,0,0,NA,NA,NA,NA,NA,CLEAR,1,0,0,0,0,TREND_REVERSAL_UNCONFIRMED,2,0.45,SHORT,1,0,0,0
SOLUSDT,1771016400000,2026-02-13T21:00:00.000Z,BULL,SHORT,30.34722222222222,17.57734375,IGNORE,0,WATCH,,0,0,0,NA,NA,NA,NA,NA,CLEAR,1,0,0,0,0,TREND_REVERSAL_UNCONFIRMED,2,0.45,SHORT,1,0,0,0
SOLUSDT,1771020000000,2026-02-13T22:00:00.000Z,BULL,SHORT,0,7.875,IGNORE,0,WATCH,,0,0,0,NA,NA,NA,NA,NA,CLEAR,1,0,0,0,0,TREND_REVERSAL_UNCONFIRMED,0,0.45,SHORT,1,0,0,0
SOLUSDT,1771023600000,2026-02-13T23:00:00.000Z,BULL,SHORT,25,13.5,IGNORE,0,WATCH,,0,0,0,NA,NA,NA,NA,NA,CLEAR,1,0,0,0,0,TREND_REVERSAL_UNCONFIRMED,1,0.45,SHORT,1,0,0,0
SOLUSDT,1771027200000,2026-02-14T00:00:00.000Z,BULL,SHORT,0,7.875,IGNORE,0,WATCH,,0,0,0,NA,NA,NA,NA,NA,CLEAR,1,0,0,0,0,TREND_REVERSAL_UNCONFIRMED,0,0.45,SHORT,1,0,0,0
SOLUSDT,1771030800000,2026-02-14T01:00:00.000Z,BULL,SHORT,0,7.875,IGNORE,0,WATCH,,0,0,0,NA,NA,NA,NA,NA,CLEAR,1,0,0,0,0,TREND_REVERSAL_UNCONFIRMED,0,0.45,SHORT,1,0,0,0
SOLUSDT,1771034400000,2026-02-14T02:00:00.000Z,BULL,SHORT,0,7.875,IGNORE,0,WATCH,,0,0,0,NA,NA,NA,NA,NA,CLEAR,1,0,0,0,0,TREND_REVERSAL_UNCONFIRMED,0,0.45,SHORT,1,0,0,0
SOLUSDT,1771038000000,2026-02-14T03:00:00.000Z,BULL,SHORT,0,7.875,IGNORE,0,WATCH,,0,0,0,NA,NA,NA,NA,NA,CLEAR,1,0,0,0,0,TREND_REVERSAL_UNCONFIRMED,0,0.45,SHORT,1,0,0,0
SOLUSDT,1771041600000,2026-02-14T04:00:00.000Z,BULL,SHORT,0,7.875,IGNORE,0,WATCH,,0,0,0,NA,NA,NA,NA,NA,CLEAR,1,0,0,0,0,TREND_REVERSAL_UNCONFIRMED,0,0.45,SHORT,1,0,0,0
SOLUSDT,1771045200000,2026-02-14T05:00:00.000Z,BULL,SHORT,0,7.875,IGNORE,0,WATCH,,0,0,0,NA,NA,NA,NA,NA,CLEAR,1,0,0,0,0,TREND_REVERSAL_UNCONFIRMED,0,0.45,SHORT,1,0,0,0
SOLUSDT,1771048800000,2026-02-14T06:00:00.000Z,BULL,SHORT,17.5,12.909375,IGNORE,0,WATCH,,0,0,0,NA,NA,NA,NA,NA,CLEAR,1,0,0,0,0,TREND_REVERSAL_UNCONFIRMED,1,0.45,SHORT,1,0,0,0
SOLUSDT,1771052400000,2026-02-14T07:00:00.000Z,BULL,SHORT,17.5,12.909375,IGNORE,0,WATCH,,0,0,0,NA,NA,NA,NA,NA,CLEAR,1,0,0,0,0,TREND_REVERSAL_UNCONFIRMED,1,0.45,SHORT,1,0,0,0
SOLUSDT,1771056000000,2026-02-14T08:00:00.000Z,BULL,SHORT,34.878266096333626,17.934163455086274,IGNORE,0,WATCH,,0,0,0,NA,NA,NA,NA,NA,CLEAR,1,1,0,0,0,TREND_REVERSAL_UNCONFIRMED,2,0.45,SHORT,1,0,0,0
SOLUSDT,1771059600000,2026-02-14T09:00:00.000Z,BULL,SHORT,42.5,18.534375,IGNORE,0,WATCH,,0,0,0,NA,NA,NA,NA,NA,CLEAR,1,0,0,0,0,TREND_REVERSAL_UNCONFIRMED,2,0.45,SHORT,1,0,0,0
SOLUSDT,1771063200000,2026-02-14T10:00:00.000Z,BULL,SHORT,17.5,12.909375,IGNORE,0,WATCH,,0,0,0,NA,NA,NA,NA,NA,CLEAR,1,0,0,0,0,TREND_REVERSAL_UNCONFIRMED,1,0.45,SHORT,1,0,0,0
SOLUSDT,1771066800000,2026-02-14T11:00:00.000Z,BULL,SHORT,55.43657753086334,52.144176897036914,WATCH,1,WATCH,ACTIVE,1,1,0,PASS,PASS,SKIP,SKIP,FAIL,CLEAR,1,0,0,0,0,MARKET_CONTEXT_DENIED,3,0.84,SHORT,0,1,0,0
SOLUSDT,1771070400000,2026-02-14T12:00:00.000Z,BULL,SHORT,34.4441477900836,17.899976638469084,IGNORE,0,WATCH,,0,0,0,NA,NA,NA,NA,NA,CLEAR,1,0,0,0,0,TREND_REVERSAL_UNCONFIRMED,2,0.45,SHORT,1,0,0,0
SOLUSDT,1771074000000,2026-02-14T13:00:00.000Z,BULL,SHORT,34.801591128257776,17.928125301350303,IGNORE,0,WATCH,,0,0,0,NA,NA,NA,NA,NA,CLEAR,1,0,0,0,0,TREND_REVERSAL_UNCONFIRMED,2,0.45,SHORT,1,0,0,0
SOLUSDT,1771077600000,2026-02-14T14:00:00.000Z,BULL,SHORT,33.40383381786825,17.818051913157124,IGNORE,0,WATCH,,0,0,0,NA,NA,NA,NA,NA,CLEAR,1,0,0,0,0,TREND_REVERSAL_UNCONFIRMED,2,0.45,SHORT,1,0,0,0
SOLUSDT,1771081200000,2026-02-14T15:00:00.000Z,BULL,SHORT,30.475802608480777,17.58746945541786,IGNORE,0,WATCH,,0,0,0,NA,NA,NA,NA,NA,CLEAR,1,0,0,0,0,TREND_REVERSAL_UNCONFIRMED,2,0.45,SHORT,1,0,0,0
SOLUSDT,1771084800000,2026-02-14T16:00:00.000Z,BULL,SHORT,42.5,18.534375,IGNORE,0,WATCH,,0,0,0,NA,NA,NA,NA,NA,CLEAR,1,0,0,0,0,TREND_REVERSAL_UNCONFIRMED,2,0.45,SHORT,1,0,0,0
SOLUSDT,1771088400000,2026-02-14T17:00:00.000Z,BULL,SHORT,30.407732521425963,17.582108936062294,IGNORE,0,WATCH,,0,0,0,NA,NA,NA,NA,NA,CLEAR,1,0,0,0,0,TREND_REVERSAL_UNCONFIRMED,2,0.45,SHORT,1,0,0,0
SOLUSDT,1771092000000,2026-02-14T18:00:00.000Z,BULL,SHORT,17.5,12.909375,IGNORE,0,WATCH,,0,0,0,NA,NA,NA,NA,NA,CLEAR,1,0,0,0,0,TREND_REVERSAL_UNCONFIRMED,1,0.45,SHORT,1,0,0,0
SOLUSDT,1771095600000,2026-02-14T19:00:00.000Z,BULL,SHORT,32.08333333333333,17.714062499999997,IGNORE,0,WATCH,,0,0,0,NA,NA,NA,NA,NA,CLEAR,1,0,0,0,0,TREND_REVERSAL_UNCONFIRMED,2,0.45,SHORT,1,0,0,0
SOLUSDT,1771099200000,2026-02-14T20:00:00.000Z,BULL,SHORT,0,7.875,IGNORE,0,WATCH,,0,0,0,NA,NA,NA,NA,NA,CLEAR,1,0,0,0,0,TREND_REVERSAL_UNCONFIRMED,0,0.45,SHORT,1,0,0,0
SOLUSDT,1771102800000,2026-02-14T21:00:00.000Z,BULL,SHORT,15.55476934833169,12.756188086181123,IGNORE,0,WATCH,,0,0,0,NA,NA,NA,NA,NA,CLEAR,1,0,0,0,0,TREND_REVERSAL_UNCONFIRMED,1,0.45,SHORT,1,0,0,0
SOLUSDT,1771106400000,2026-02-14T22:00:00.000Z,BULL,SHORT,0,7.875,IGNORE,0,WATCH,,0,0,0,NA,NA,NA,NA,NA,CLEAR,1,0,0,0,0,TREND_REVERSAL_UNCONFIRMED,0,0.45,SHORT,1,0,0,0
SOLUSDT,1771110000000,2026-02-14T23:00:00.000Z,BULL,SHORT,0,7.875,IGNORE,0,WATCH,,0,0,0,NA,NA,NA,NA,NA,CLEAR,1,0,0,0,0,TREND_REVERSAL_UNCONFIRMED,0,0.45,SHORT,1,0,0,0
SOLUSDT,1771113600000,2026-02-15T00:00:00.000Z,BULL,SHORT,0,7.875,IGNORE,0,WATCH,,0,0,0,NA,NA,NA,NA,NA,CLEAR,1,0,0,0,0,TREND_REVERSAL_UNCONFIRMED,0,0.45,SHORT,1,0,0,0
SOLUSDT,1771117200000,2026-02-15T01:00:00.000Z,BULL,SHORT,0,7.875,IGNORE,0,WATCH,,0,0,0,NA,NA,NA,NA,NA,WARNING_SOFT,1,0,0,0,0,TREND_REVERSAL_UNCONFIRMED,0,0.45,SHORT,1,0,0,0
SOLUSDT,1771120800000,2026-02-15T02:00:00.000Z,BULL,SHORT,25,13.5,IGNORE,0,WATCH,,0,0,0,NA,NA,NA,NA,NA,WARNING_SOFT,1,0,0,0,0,TREND_REVERSAL_UNCONFIRMED,1,0.45,SHORT,1,0,0,0
SOLUSDT,1771124400000,2026-02-15T03:00:00.000Z,BULL,SHORT,0,7.875,IGNORE,0,WATCH,,0,0,0,NA,NA,NA,NA,NA,CLEAR,1,0,0,0,0,TREND_REVERSAL_UNCONFIRMED,0,0.45,SHORT,1,0,0,0
SOLUSDT,1771128000000,2026-02-15T04:00:00.000Z,BULL,SHORT,25,13.5,IGNORE,0,WATCH,,0,0,0,NA,NA,NA,NA,NA,CLEAR,1,0,0,0,0,TREND_REVERSAL_UNCONFIRMED,1,0.45,SHORT,1,0,0,0
SOLUSDT,1771131600000,2026-02-15T05:00:00.000Z,BULL,SHORT,12.847222222222221,12.54296875,IGNORE,0,WATCH,,0,0,0,NA,NA,NA,NA,NA,CLEAR,1,0,0,0,0,TREND_REVERSAL_UNCONFIRMED,1,0.45,SHORT,1,0,0,0
SOLUSDT,1771135200000,2026-02-15T06:00:00.000Z,BULL,SHORT,25,13.5,IGNORE,0,WATCH,,0,0,0,NA,NA,NA,NA,NA,CLEAR,1,0,0,0,0,TREND_REVERSAL_UNCONFIRMED,1,0.45,SHORT,1,0,0,0
SOLUSDT,1771138800000,2026-02-15T07:00:00.000Z,BULL,SHORT,27.468965200963773,17.350681009575897,IGNORE,0,WATCH,,0,0,0,NA,NA,NA,NA,NA,CLEAR,1,0,0,0,0,TREND_REVERSAL_UNCONFIRMED,2,0.45,SHORT,1,0,0,0
SOLUSDT,1771142400000,2026-02-15T08:00:00.000Z,BULL,SHORT,24.71222929565274,13.477338057032654,IGNORE,0,WATCH,,0,0,0,NA,NA,NA,NA,NA,CLEAR,1,0,0,0,0,TREND_REVERSAL_UNCONFIRMED,1,0.45,SHORT,1,0,0,0
SOLUSDT,1771146000000,2026-02-15T09:00:00.000Z,BULL,SHORT,0,7.875,IGNORE,0,WATCH,,0,0,0,NA,NA,NA,NA,NA,CLEAR,1,0,0,0,0,TREND_REVERSAL_UNCONFIRMED,0,0.45,SHORT,1,0,0,0
SOLUSDT,1771149600000,2026-02-15T10:00:00.000Z,BULL,SHORT,0,7.875,IGNORE,0,WATCH,,0,0,0,NA,NA,NA,NA,NA,CLEAR,1,0,0,0,0,TREND_REVERSAL_UNCONFIRMED,0,0.45,SHORT,1,0,0,0
SOLUSDT,1771153200000,2026-02-15T11:00:00.000Z,BULL,SHORT,0,7.875,IGNORE,0,WATCH,,0,0,0,NA,NA,NA,NA,NA,CLEAR,1,0,0,0,0,TREND_REVERSAL_UNCONFIRMED,0,0.45,SHORT,1,0,0,0
SOLUSDT,1771156800000,2026-02-15T12:00:00.000Z,NEUTRAL,NONE,0,7.875,IGNORE,0,WATCH,,0,0,0,NA,NA,NA,NA,NA,WARNING_SOFT,1,0,1,0,0,TREND_REVERSAL_UNCONFIRMED,0,0.45,NONE,1,0,0,0
SOLUSDT,1771160400000,2026-02-15T13:00:00.000Z,NEUTRAL,NONE,0,7.875,IGNORE,0,WATCH,,0,0,0,NA,NA,NA,NA,NA,BLOCK,0,0,1,0,0,TREND_REVERSAL_UNCONFIRMED,0,0.45,NONE,1,0,0,0
SOLUSDT,1771164000000,2026-02-15T14:00:00.000Z,NEUTRAL,NONE,0,7.875,IGNORE,0,WATCH,,0,0,0,NA,NA,NA,NA,NA,WARNING_SOFT,1,0,0,0,0,TREND_REVERSAL_UNCONFIRMED,0,0.45,NONE,1,0,0,0
SOLUSDT,1771167600000,2026-02-15T15:00:00.000Z,NEUTRAL,NONE,0,7.875,IGNORE,0,WATCH,,0,0,0,NA,NA,NA,NA,NA,WARNING_SOFT,1,0,0,0,0,TREND_REVERSAL_UNCONFIRMED,0,0.45,NONE,1,0,0,0
SOLUSDT,1771171200000,2026-02-15T16:00:00.000Z,NEUTRAL,NONE,0,7.875,IGNORE,0,WATCH,,0,0,0,NA,NA,NA,NA,NA,WARNING_SOFT,1,0,0,0,0,TREND_REVERSAL_UNCONFIRMED,0,0.45,NONE,1,0,0,0
SOLUSDT,1771174800000,2026-02-15T17:00:00.000Z,NEUTRAL,NONE,0,7.875,IGNORE,0,WATCH,,0,0,0,NA,NA,NA,NA,NA,WARNING_SOFT,1,0,0,0,0,TREND_REVERSAL_UNCONFIRMED,0,0.45,NONE,1,0,0,0
SOLUSDT,1771178400000,2026-02-15T18:00:00.000Z,NEUTRAL,NONE,0,7.875,IGNORE,0,WATCH,,0,0,0,NA,NA,NA,NA,NA,WARNING_SOFT,1,0,0,0,0,TREND_REVERSAL_UNCONFIRMED,0,0.45,NONE,1,0,0,0
SOLUSDT,1771182000000,2026-02-15T19:00:00.000Z,NEUTRAL,NONE,0,7.875,IGNORE,0,WATCH,,0,0,0,NA,NA,NA,NA,NA,BLOCK,0,0,0,0,0,TREND_REVERSAL_UNCONFIRMED,0,0.45,NONE,1,0,0,0
SOLUSDT,1771185600000,2026-02-15T20:00:00.000Z,NEUTRAL,NONE,0,7.875,IGNORE,0,WATCH,,0,0,0,NA,NA,NA,NA,NA,WARNING_SOFT,1,0,0,0,0,TREND_REVERSAL_UNCONFIRMED,0,0.45,NONE,1,0,0,0
SOLUSDT,1771189200000,2026-02-15T21:00:00.000Z,NEUTRAL,NONE,0,7.875,IGNORE,0,WATCH,,0,0,0,NA,NA,NA,NA,NA,WARNING_SOFT,1,0,0,0,0,TREND_REVERSAL_UNCONFIRMED,0,0.45,NONE,1,0,0,0
SOLUSDT,1771192800000,2026-02-15T22:00:00.000Z,NEUTRAL,NONE,0,7.875,IGNORE,0,WATCH,,0,0,0,NA,NA,NA,NA,NA,WARNING_SOFT,1,0,0,0,0,TREND_REVERSAL_UNCONFIRMED,0,0.45,NONE,1,0,0,0
SOLUSDT,1771196400000,2026-02-15T23:00:00.000Z,NEUTRAL,NONE,0,7.875,IGNORE,0,WATCH,,0,0,0,NA,NA,NA,NA,NA,BLOCK,0,0,0,0,0,TREND_REVERSAL_UNCONFIRMED,0,0.45,NONE,1,0,0,0
SOLUSDT,1771200000000,2026-02-16T00:00:00.000Z,NEUTRAL,NONE,0,7.875,IGNORE,0,WATCH,,0,0,0,NA,NA,NA,NA,NA,WARNING_SOFT,1,0,0,0,0,TREND_REVERSAL_UNCONFIRMED,0,0.45,NONE,1,0,0,0
SOLUSDT,1771203600000,2026-02-16T01:00:00.000Z,NEUTRAL,NONE,0,7.875,IGNORE,0,WATCH,,0,0,0,NA,NA,NA,NA,NA,WARNING_SOFT,1,0,0,0,0,TREND_REVERSAL_UNCONFIRMED,0,0.45,NONE,1,0,0,0
SOLUSDT,1771207200000,2026-02-16T02:00:00.000Z,NEUTRAL,NONE,0,7.875,IGNORE,0,WATCH,,0,0,0,NA,NA,NA,NA,NA,WARNING_SOFT,1,0,0,0,0,TREND_REVERSAL_UNCONFIRMED,0,0.45,NONE,1,0,0,0
SOLUSDT,1771210800000,2026-02-16T03:00:00.000Z,NEUTRAL,NONE,0,7.875,IGNORE,0,WATCH,,0,0,0,NA,NA,NA,NA,NA,WARNING_SOFT,1,0,0,0,0,TREND_REVERSAL_UNCONFIRMED,0,0.45,NONE,1,0,0,0
SOLUSDT,1771214400000,2026-02-16T04:00:00.000Z,NEUTRAL,NONE,0,7.875,IGNORE,0,WATCH,,0,0,0,NA,NA,NA,NA,NA,WARNING_SOFT,1,0,0,0,0,TREND_REVERSAL_UNCONFIRMED,0,0.45,NONE,1,0,0,0
SOLUSDT,1771218000000,2026-02-16T05:00:00.000Z,NEUTRAL,NONE,0,7.875,IGNORE,0,WATCH,,0,0,0,NA,NA,NA,NA,NA,BLOCK,0,0,0,0,0,TREND_REVERSAL_UNCONFIRMED,0,0.45,NONE,1,0,0,0
SOLUSDT,1771221600000,2026-02-16T06:00:00.000Z,BEAR,LONG,0,7.875,IGNORE,0,WATCH,,0,0,0,NA,NA,NA,NA,NA,CLEAR,1,0,0,0,0,TREND_REVERSAL_UNCONFIRMED,0,0.45,LONG,1,0,0,0
SOLUSDT,1771225200000,2026-02-16T07:00:00.000Z,BEAR,LONG,0,7.875,IGNORE,0,WATCH,,0,0,0,NA,NA,NA,NA,NA,CLEAR,1,0,0,0,0,TREND_REVERSAL_UNCONFIRMED,0,0.45,LONG,1,0,0,0
SOLUSDT,1771228800000,2026-02-16T08:00:00.000Z,BEAR,LONG,0,7.875,IGNORE,0,WATCH,,0,0,0,NA,NA,NA,NA,NA,CLEAR,1,0,0,0,0,TREND_REVERSAL_UNCONFIRMED,0,0.45,LONG,1,0,0,0
SOLUSDT,1771232400000,2026-02-16T09:00:00.000Z,BEAR,LONG,0,7.875,IGNORE,0,WATCH,,0,0,0,NA,NA,NA,NA,NA,BLOCK,0,0,0,0,0,TREND_REVERSAL_UNCONFIRMED,0,0.45,LONG,1,0,0,0
SOLUSDT,1771236000000,2026-02-16T10:00:00.000Z,BEAR,LONG,0,7.875,IGNORE,0,WATCH,,0,0,0,NA,NA,NA,NA,NA,WARNING_SOFT,1,0,0,0,0,TREND_REVERSAL_UNCONFIRMED,0,0.45,LONG,1,0,0,0
SOLUSDT,1771239600000,2026-02-16T11:00:00.000Z,BEAR,LONG,15.208048210290002,12.728883796560337,IGNORE,0,WATCH,,0,0,0,NA,NA,NA,NA,NA,CLEAR,1,0,0,0,0,TREND_REVERSAL_UNCONFIRMED,1,0.45,LONG,1,0,0,0
SOLUSDT,1771243200000,2026-02-16T12:00:00.000Z,NEUTRAL,NONE,0,7.875,IGNORE,0,WATCH,,0,0,0,NA,NA,NA,NA,NA,CLEAR,1,0,0,0,0,TREND_REVERSAL_UNCONFIRMED,0,0.45,NONE,1,0,0,0
SOLUSDT,1771246800000,2026-02-16T13:00:00.000Z,BEAR,LONG,25,13.5,IGNORE,0,WATCH,,0,0,0,NA,NA,NA,NA,NA,WARNING_SOFT,1,0,1,0,0,TREND_REVERSAL_UNCONFIRMED,1,0.45,LONG,1,0,0,0
SOLUSDT,1771250400000,2026-02-16T14:00:00.000Z,BEAR,LONG,24.67126511148864,13.47411212752973,IGNORE,0,WATCH,,0,0,0,NA,NA,NA,NA,NA,CLEAR,1,0,1,0,0,TREND_REVERSAL_UNCONFIRMED,1,0.45,LONG,1,0,0,0
SOLUSDT,1771254000000,2026-02-16T15:00:00.000Z,BEAR,LONG,25,13.5,IGNORE,0,WATCH,,0,0,0,NA,NA,NA,NA,NA,CLEAR,1,0,1,0,0,TREND_REVERSAL_UNCONFIRMED,1,0.45,LONG,1,0,0,0
SOLUSDT,1771257600000,2026-02-16T16:00:00.000Z,BEAR,LONG,19.055588312506288,13.03187757960987,IGNORE,0,WATCH,,0,0,0,NA,NA,NA,NA,NA,CLEAR,1,0,0,0,0,TREND_REVERSAL_UNCONFIRMED,1,0.45,LONG,1,0,0,0
SOLUSDT,1771261200000,2026-02-16T17:00:00.000Z,BEAR,LONG,25,13.5,IGNORE,0,WATCH,,0,0,0,NA,NA,NA,NA,NA,CLEAR,1,0,0,0,0,TREND_REVERSAL_UNCONFIRMED,1,0.45,LONG,1,0,0,0
SOLUSDT,1771264800000,2026-02-16T18:00:00.000Z,BEAR,LONG,0,7.875,IGNORE,0,WATCH,,0,0,0,NA,NA,NA,NA,NA,WARNING_SOFT,1,0,0,0,0,TREND_REVERSAL_UNCONFIRMED,0,0.45,LONG,1,0,0,0
SOLUSDT,1771268400000,2026-02-16T19:00:00.000Z,BEAR,LONG,0,7.875,IGNORE,0,WATCH,,0,0,0,NA,NA,NA,NA,NA,WARNING_SOFT,1,0,0,0,0,TREND_REVERSAL_UNCONFIRMED,0,0.45,LONG,1,0,0,0
SOLUSDT,1771272000000,2026-02-16T20:00:00.000Z,NEUTRAL,NONE,0,7.875,IGNORE,0,WATCH,,0,0,0,NA,NA,NA,NA,NA,CLEAR,1,0,0,0,0,TREND_REVERSAL_UNCONFIRMED,0,0.45,NONE,1,0,0,0
SOLUSDT,1771275600000,2026-02-16T21:00:00.000Z,NEUTRAL,NONE,0,7.875,IGNORE,0,WATCH,,0,0,0,NA,NA,NA,NA,NA,CLEAR,1,0,0,0,0,TREND_REVERSAL_UNCONFIRMED,0,0.45,NONE,1,0,0,0
SOLUSDT,1771279200000,2026-02-16T22:00:00.000Z,NEUTRAL,NONE,0,7.875,IGNORE,0,WATCH,,0,0,0,NA,NA,NA,NA,NA,CLEAR,1,0,0,0,0,TREND_REVERSAL_UNCONFIRMED,0,0.45,NONE,1,0,0,0
SOLUSDT,1771282800000,2026-02-16T23:00:00.000Z,NEUTRAL,NONE,0,7.875,IGNORE,0,WATCH,,0,0,0,NA,NA,NA,NA,NA,CLEAR,1,0,0,0,0,TREND_REVERSAL_UNCONFIRMED,0,0.45,NONE,1,0,0,0
SOLUSDT,1771286400000,2026-02-17T00:00:00.000Z,NEUTRAL,NONE,0,7.875,IGNORE,0,WATCH,,0,0,0,NA,NA,NA,NA,NA,CLEAR,1,0,0,0,0,TREND_REVERSAL_UNCONFIRMED,0,0.45,NONE,1,0,0,0
SOLUSDT,1771290000000,2026-02-17T01:00:00.000Z,NEUTRAL,NONE,0,7.875,IGNORE,0,WATCH,,0,0,0,NA,NA,NA,NA,NA,CLEAR,1,0,0,0,0,TREND_REVERSAL_UNCONFIRMED,0,0.45,NONE,1,0,0,0
SOLUSDT,1771293600000,2026-02-17T02:00:00.000Z,NEUTRAL,NONE,0,7.875,IGNORE,0,WATCH,,0,0,0,NA,NA,NA,NA,NA,CLEAR,1,0,0,0,0,TREND_REVERSAL_UNCONFIRMED,0,0.45,NONE,1,0,0,0
SOLUSDT,1771297200000,2026-02-17T03:00:00.000Z,NEUTRAL,NONE,0,7.875,IGNORE,0,WATCH,,0,0,0,NA,NA,NA,NA,NA,WARNING_SOFT,1,0,0,0,0,TREND_REVERSAL_UNCONFIRMED,0,0.45,NONE,1,0,0,0
SOLUSDT,1771300800000,2026-02-17T04:00:00.000Z,NEUTRAL,NONE,0,7.875,IGNORE,0,WATCH,,0,0,0,NA,NA,NA,NA,NA,WARNING_SOFT,1,0,0,0,0,TREND_REVERSAL_UNCONFIRMED,0,0.45,NONE,1,0,0,0
SOLUSDT,1771304400000,2026-02-17T05:00:00.000Z,BULL,SHORT,0,7.875,IGNORE,0,WATCH,,0,0,0,NA,NA,NA,NA,NA,WARNING_SOFT,1,0,0,0,0,TREND_REVERSAL_UNCONFIRMED,0,0.45,SHORT,1,0,0,0
SOLUSDT,1771308000000,2026-02-17T06:00:00.000Z,BULL,SHORT,0,7.875,IGNORE,0,WATCH,,0,0,0,NA,NA,NA,NA,NA,WARNING_SOFT,1,0,0,0,0,TREND_REVERSAL_UNCONFIRMED,0,0.45,SHORT,1,0,0,0
SOLUSDT,1771311600000,2026-02-17T07:00:00.000Z,BULL,SHORT,0,7.875,IGNORE,0,WATCH,,0,0,0,NA,NA,NA,NA,NA,WARNING_SOFT,1,0,0,0,0,TREND_REVERSAL_UNCONFIRMED,0,0.45,SHORT,1,0,0,0
SOLUSDT,1771315200000,2026-02-17T08:00:00.000Z,NEUTRAL,NONE,0,7.875,IGNORE,0,WATCH,,0,0,0,NA,NA,NA,NA,NA,WARNING_SOFT,1,0,0,0,0,TREND_REVERSAL_UNCONFIRMED,0,0.45,NONE,1,0,0,0
SOLUSDT,1771318800000,2026-02-17T09:00:00.000Z,NEUTRAL,NONE,0,7.875,IGNORE,0,WATCH,,0,0,0,NA,NA,NA,NA,NA,WARNING_SOFT,1,0,0,0,0,TREND_REVERSAL_UNCONFIRMED,0,0.45,NONE,1,0,0,0
SOLUSDT,1771322400000,2026-02-17T10:00:00.000Z,NEUTRAL,NONE,0,7.875,IGNORE,0,WATCH,,0,0,0,NA,NA,NA,NA,NA,BLOCK,0,0,0,0,0,TREND_REVERSAL_UNCONFIRMED,0,0.45,NONE,1,0,0,0
SOLUSDT,1771326000000,2026-02-17T11:00:00.000Z,BEAR,LONG,42.5,18.534375,IGNORE,0,WATCH,,0,0,0,NA,NA,NA,NA,NA,CLEAR,1,0,0,0,0,TREND_REVERSAL_UNCONFIRMED,2,0.45,LONG,1,0,0,0
SOLUSDT,1771329600000,2026-02-17T12:00:00.000Z,BEAR,LONG,30.22719885619442,17.56789190992531,IGNORE,0,WATCH,,0,0,0,NA,NA,NA,NA,NA,CLEAR,1,0,0,0,0,TREND_REVERSAL_UNCONFIRMED,2,0.45,LONG,1,0,0,0
SOLUSDT,1771333200000,2026-02-17T13:00:00.000Z,BEAR,LONG,38.66582836270117,18.232433983562718,IGNORE,0,WATCH,,0,0,0,NA,NA,NA,NA,NA,CLEAR,1,0,0,0,0,TREND_REVERSAL_UNCONFIRMED,2,0.45,LONG,1,0,0,0
SOLUSDT,1771336800000,2026-02-17T14:00:00.000Z,BEAR,LONG,42.5,18.534375,IGNORE,0,WATCH,,0,0,0,NA,NA,NA,NA,NA,CLEAR,1,0,0,0,0,TREND_REVERSAL_UNCONFIRMED,2,0.45,LONG,1,0,0,0
SOLUSDT,1771340400000,2026-02-17T15:00:00.000Z,BEAR,LONG,42.5,18.534375,IGNORE,0,WATCH,,0,0,0,NA,NA,NA,NA,NA,CLEAR,1,0,0,0,0,TREND_REVERSAL_UNCONFIRMED,2,0.45,LONG,1,0,0,0
SOLUSDT,1771344000000,2026-02-17T16:00:00.000Z,BEAR,LONG,42.5,18.534375,IGNORE,0,WATCH,,0,0,0,NA,NA,NA,NA,NA,CLEAR,1,0,0,0,0,TREND_REVERSAL_UNCONFIRMED,2,0.45,LONG,1,0,0,0
SOLUSDT,1771347600000,2026-02-17T17:00:00.000Z,BEAR,LONG,17.5,12.909375,IGNORE,0,WATCH,,0,0,0,NA,NA,NA,NA,NA,CLEAR,1,0,0,0,0,TREND_REVERSAL_UNCONFIRMED,1,0.45,LONG,1,0,0,0
SOLUSDT,1771351200000,2026-02-17T18:00:00.000Z,NEUTRAL,NONE,0,7.875,IGNORE,0,WATCH,,0,0,0,NA,NA,NA,NA,NA,WARNING_SOFT,1,0,0,0,0,TREND_REVERSAL_UNCONFIRMED,0,0.45,NONE,1,0,0,0
SOLUSDT,1771354800000,2026-02-17T19:00:00.000Z,BEAR,LONG,0,7.875,IGNORE,0,WATCH,,0,0,0,NA,NA,NA,NA,NA,WARNING_SOFT,1,0,0,0,0,TREND_REVERSAL_UNCONFIRMED,0,0.45,LONG,1,0,0,0
SOLUSDT,1771358400000,2026-02-17T20:00:00.000Z,BEAR,LONG,0,7.875,IGNORE,0,WATCH,,0,0,0,NA,NA,NA,NA,NA,WARNING_SOFT,1,0,0,0,0,TREND_REVERSAL_UNCONFIRMED,0,0.45,LONG,1,0,0,0
SOLUSDT,1771362000000,2026-02-17T21:00:00.000Z,NEUTRAL,NONE,0,7.875,IGNORE,0,WATCH,,0,0,0,NA,NA,NA,NA,NA,WARNING_SOFT,1,0,0,0,0,TREND_REVERSAL_UNCONFIRMED,0,0.45,NONE,1,0,0,0
SOLUSDT,1771365600000,2026-02-17T22:00:00.000Z,NEUTRAL,NONE,0,7.875,IGNORE,0,WATCH,,0,0,0,NA,NA,NA,NA,NA,WARNING_SOFT,1,0,0,0,0,TREND_REVERSAL_UNCONFIRMED,0,0.45,NONE,1,0,0,0
SOLUSDT,1771369200000,2026-02-17T23:00:00.000Z,NEUTRAL,NONE,0,7.875,IGNORE,0,WATCH,,0,0,0,NA,NA,NA,NA,NA,WARNING_SOFT,1,0,0,0,0,TREND_REVERSAL_UNCONFIRMED,0,0.45,NONE,1,0,0,0
SOLUSDT,1771372800000,2026-02-18T00:00:00.000Z,BEAR,LONG,0,7.875,IGNORE,0,WATCH,,0,0,0,NA,NA,NA,NA,NA,WARNING_SOFT,1,0,0,0,0,TREND_REVERSAL_UNCONFIRMED,0,0.45,LONG,1,0,0,0
SOLUSDT,1771376400000,2026-02-18T01:00:00.000Z,BEAR,LONG,0,7.875,IGNORE,0,WATCH,,0,0,0,NA,NA,NA,NA,NA,CLEAR,1,0,0,0,0,TREND_REVERSAL_UNCONFIRMED,0,0.45,LONG,1,0,0,0
SOLUSDT,1771380000000,2026-02-18T02:00:00.000Z,BEAR,LONG,25,13.5,IGNORE,0,WATCH,,0,0,0,NA,NA,NA,NA,NA,CLEAR,1,0,0,0,0,TREND_REVERSAL_UNCONFIRMED,1,0.45,LONG,1,0,0,0
SOLUSDT,1771383600000,2026-02-18T03:00:00.000Z,NEUTRAL,NONE,0,7.875,IGNORE,0,WATCH,,0,0,0,NA,NA,NA,NA,NA,WARNING_SOFT,1,0,0,0,0,TREND_REVERSAL_UNCONFIRMED,0,0.45,NONE,1,0,0,0
SOLUSDT,1771387200000,2026-02-18T04:00:00.000Z,NEUTRAL,NONE,0,7.875,IGNORE,0,WATCH,,0,0,0,NA,NA,NA,NA,NA,CLEAR,1,0,0,0,0,TREND_REVERSAL_UNCONFIRMED,0,0.45,NONE,1,0,0,0
SOLUSDT,1771390800000,2026-02-18T05:00:00.000Z,BEAR,LONG,17.5,12.909375,IGNORE,0,WATCH,,0,0,0,NA,NA,NA,NA,NA,WARNING_SOFT,1,0,0,0,0,TREND_REVERSAL_UNCONFIRMED,1,0.45,LONG,1,0,0,0
SOLUSDT,1771394400000,2026-02-18T06:00:00.000Z,BEAR,LONG,42.5,18.534375,IGNORE,0,WATCH,,0,0,0,NA,NA,NA,NA,NA,WARNING_SOFT,1,0,0,0,0,TREND_REVERSAL_UNCONFIRMED,2,0.45,LONG,1,0,0,0
SOLUSDT,1771398000000,2026-02-18T07:00:00.000Z,NEUTRAL,NONE,0,7.875,IGNORE,0,WATCH,,0,0,0,NA,NA,NA,NA,NA,WARNING_SOFT,1,0,0,0,0,TREND_REVERSAL_UNCONFIRMED,0,0.45,NONE,1,0,0,0
SOLUSDT,1771401600000,2026-02-18T08:00:00.000Z,NEUTRAL,NONE,0,7.875,IGNORE,0,WATCH,,0,0,0,NA,NA,NA,NA,NA,CLEAR,1,0,0,0,0,TREND_REVERSAL_UNCONFIRMED,0,0.45,NONE,1,0,0,0
SOLUSDT,1771405200000,2026-02-18T09:00:00.000Z,NEUTRAL,NONE,0,7.875,IGNORE,0,WATCH,,0,0,0,NA,NA,NA,NA,NA,CLEAR,1,0,0,0,0,TREND_REVERSAL_UNCONFIRMED,0,0.45,NONE,1,0,0,0
SOLUSDT,1771408800000,2026-02-18T10:00:00.000Z,BEAR,LONG,17.5,12.909375,IGNORE,0,WATCH,,0,0,0,NA,NA,NA,NA,NA,WARNING_SOFT,1,0,0,0,0,TREND_REVERSAL_UNCONFIRMED,1,0.45,LONG,1,0,0,0
SOLUSDT,1771412400000,2026-02-18T11:00:00.000Z,BEAR,LONG,42.5,18.534375,IGNORE,0,WATCH,,0,0,0,NA,NA,NA,NA,NA,CLEAR,1,0,1,0,0,TREND_REVERSAL_UNCONFIRMED,2,0.45,LONG,1,0,0,0
SOLUSDT,1771416000000,2026-02-18T12:00:00.000Z,BEAR,LONG,42.5,18.534375,IGNORE,0,WATCH,,0,0,0,NA,NA,NA,NA,NA,CLEAR,1,0,0,0,0,TREND_REVERSAL_UNCONFIRMED,2,0.45,LONG,1,0,0,0
SOLUSDT,1771419600000,2026-02-18T13:00:00.000Z,BEAR,LONG,34.76252309404301,17.925048693655885,IGNORE,0,WATCH,,0,0,0,NA,NA,NA,NA,NA,CLEAR,1,0,1,0,0,TREND_REVERSAL_UNCONFIRMED,2,0.45,LONG,1,0,0,0
SOLUSDT,1771423200000,2026-02-18T14:00:00.000Z,BEAR,LONG,67.5,53.9175,WATCH,1,WATCH,ACTIVE,1,1,0,PASS,PASS,SKIP,SKIP,FAIL,CLEAR,1,0,0,0,0,MARKET_CONTEXT_DENIED,3,0.84,LONG,0,1,0,0
SOLUSDT,1771426800000,2026-02-18T15:00:00.000Z,BEAR,LONG,42.5,18.534375,IGNORE,0,WATCH,,0,0,0,NA,NA,NA,NA,NA,CLEAR,1,0,0,0,0,TREND_REVERSAL_UNCONFIRMED,2,0.45,LONG,1,0,0,0
SOLUSDT,1771430400000,2026-02-18T16:00:00.000Z,BEAR,LONG,37.64863550174866,18.152330045762707,IGNORE,0,WATCH,,0,0,0,NA,NA,NA,NA,NA,CLEAR,1,0,0,0,0,TREND_REVERSAL_UNCONFIRMED,2,0.45,LONG,1,0,0,0
SOLUSDT,1771434000000,2026-02-18T17:00:00.000Z,BEAR,LONG,0,7.875,IGNORE,0,WATCH,,0,0,0,NA,NA,NA,NA,NA,CLEAR,1,0,0,0,0,TREND_REVERSAL_UNCONFIRMED,0,0.45,LONG,1,0,0,0
SOLUSDT,1771437600000,2026-02-18T18:00:00.000Z,BEAR,LONG,25,13.5,IGNORE,0,WATCH,,0,0,0,NA,NA,NA,NA,NA,CLEAR,1,0,0,0,0,TREND_REVERSAL_UNCONFIRMED,1,0.45,LONG,1,0,0,0
SOLUSDT,1771441200000,2026-02-18T19:00:00.000Z,BEAR,LONG,19.519647951502392,13.068422276180813,IGNORE,0,WATCH,,0,0,0,NA,NA,NA,NA,NA,CLEAR,1,0,0,0,0,TREND_REVERSAL_UNCONFIRMED,1,0.45,LONG,1,0,0,0
SOLUSDT,1771444800000,2026-02-18T20:00:00.000Z,BEAR,LONG,25,13.5,IGNORE,0,WATCH,,0,0,0,NA,NA,NA,NA,NA,CLEAR,1,0,0,0,0,TREND_REVERSAL_UNCONFIRMED,1,0.45,LONG,1,0,0,0
SOLUSDT,1771448400000,2026-02-18T21:00:00.000Z,BEAR,LONG,0,7.875,IGNORE,0,WATCH,,0,0,0,NA,NA,NA,NA,NA,CLEAR,1,0,0,0,0,TREND_REVERSAL_UNCONFIRMED,0,0.45,LONG,1,0,0,0
SOLUSDT,1771452000000,2026-02-18T22:00:00.000Z,BEAR,LONG,0,7.875,IGNORE,0,WATCH,,0,0,0,NA,NA,NA,NA,NA,CLEAR,1,0,0,0,0,TREND_REVERSAL_UNCONFIRMED,0,0.45,LONG,1,0,0,0
SOLUSDT,1771455600000,2026-02-18T23:00:00.000Z,BEAR,LONG,0,7.875,IGNORE,0,WATCH,,0,0,0,NA,NA,NA,NA,NA,CLEAR,1,0,0,0,0,TREND_REVERSAL_UNCONFIRMED,0,0.45,LONG,1,0,0,0
SOLUSDT,1771459200000,2026-02-19T00:00:00.000Z,BEAR,LONG,0,7.875,IGNORE,0,WATCH,,0,0,0,NA,NA,NA,NA,NA,CLEAR,1,0,0,0,0,TREND_REVERSAL_UNCONFIRMED,0,0.45,LONG,1,0,0,0
SOLUSDT,1771462800000,2026-02-19T01:00:00.000Z,BEAR,LONG,0,7.875,IGNORE,0,WATCH,,0,0,0,NA,NA,NA,NA,NA,CLEAR,1,0,0,0,0,TREND_REVERSAL_UNCONFIRMED,0,0.45,LONG,1,0,0,0
SOLUSDT,1771466400000,2026-02-19T02:00:00.000Z,BEAR,LONG,0,7.875,IGNORE,0,WATCH,,0,0,0,NA,NA,NA,NA,NA,WARNING_SOFT,1,0,0,0,0,TREND_REVERSAL_UNCONFIRMED,0,0.45,LONG,1,0,0,0
SOLUSDT,1771470000000,2026-02-19T03:00:00.000Z,BEAR,LONG,0,7.875,IGNORE,0,WATCH,,0,0,0,NA,NA,NA,NA,NA,WARNING_SOFT,1,0,0,0,0,TREND_REVERSAL_UNCONFIRMED,0,0.45,LONG,1,0,0,0
SOLUSDT,1771473600000,2026-02-19T04:00:00.000Z,BEAR,LONG,25,13.5,IGNORE,0,WATCH,,0,0,0,NA,NA,NA,NA,NA,CLEAR,1,0,0,0,0,TREND_REVERSAL_UNCONFIRMED,1,0.45,LONG,1,0,0,0
SOLUSDT,1771477200000,2026-02-19T05:00:00.000Z,BEAR,LONG,0,7.875,IGNORE,0,WATCH,,0,0,0,NA,NA,NA,NA,NA,CLEAR,1,0,0,0,0,TREND_REVERSAL_UNCONFIRMED,0,0.45,LONG,1,0,0,0
SOLUSDT,1771480800000,2026-02-19T06:00:00.000Z,NEUTRAL,NONE,0,7.875,IGNORE,0,WATCH,,0,0,0,NA,NA,NA,NA,NA,CLEAR,1,0,0,0,0,TREND_REVERSAL_UNCONFIRMED,0,0.45,NONE,1,0,0,0
SOLUSDT,1771484400000,2026-02-19T07:00:00.000Z,NEUTRAL,NONE,0,7.875,IGNORE,0,WATCH,,0,0,0,NA,NA,NA,NA,NA,CLEAR,1,0,0,0,0,TREND_REVERSAL_UNCONFIRMED,0,0.45,NONE,1,0,0,0
SOLUSDT,1771488000000,2026-02-19T08:00:00.000Z,BEAR,LONG,0,7.875,IGNORE,0,WATCH,,0,0,0,NA,NA,NA,NA,NA,BLOCK,0,0,0,0,0,TREND_REVERSAL_UNCONFIRMED,0,0.45,LONG,1,0,0,0
SOLUSDT,1771491600000,2026-02-19T09:00:00.000Z,BEAR,LONG,0,7.875,IGNORE,0,WATCH,,0,0,0,NA,NA,NA,NA,NA,CLEAR,1,0,0,0,0,TREND_REVERSAL_UNCONFIRMED,0,0.45,LONG,1,0,0,0
SOLUSDT,1771495200000,2026-02-19T10:00:00.000Z,BEAR,LONG,25,13.5,IGNORE,0,WATCH,,0,0,0,NA,NA,NA,NA,NA,CLEAR,1,0,0,0,0,TREND_REVERSAL_UNCONFIRMED,1,0.45,LONG,1,0,0,0
SOLUSDT,1771498800000,2026-02-19T11:00:00.000Z,BEAR,LONG,0,7.875,IGNORE,0,WATCH,,0,0,0,NA,NA,NA,NA,NA,CLEAR,1,0,0,0,0,TREND_REVERSAL_UNCONFIRMED,0,0.45,LONG,1,0,0,0
SOLUSDT,1771502400000,2026-02-19T12:00:00.000Z,BEAR,LONG,15.781057737514608,12.774008296829274,IGNORE,0,WATCH,,0,0,0,NA,NA,NA,NA,NA,CLEAR,1,0,0,0,0,TREND_REVERSAL_UNCONFIRMED,1,0.45,LONG,1,0,0,0
SOLUSDT,1771506000000,2026-02-19T13:00:00.000Z,BEAR,LONG,25,13.5,IGNORE,0,WATCH,,0,0,0,NA,NA,NA,NA,NA,CLEAR,1,0,1,0,0,TREND_REVERSAL_UNCONFIRMED,1,0.45,LONG,1,0,0,0
SOLUSDT,1771509600000,2026-02-19T14:00:00.000Z,BEAR,LONG,50,19.125,IGNORE,0,WATCH,,0,0,0,NA,NA,NA,NA,NA,CLEAR,1,0,0,0,0,TREND_REVERSAL_UNCONFIRMED,2,0.45,LONG,1,0,0,0
SOLUSDT,1771513200000,2026-02-19T15:00:00.000Z,BEAR,LONG,19.55582936267148,13.07127156231038,IGNORE,0,WATCH,,0,0,0,NA,NA,NA,NA,NA,CLEAR,1,0,0,0,0,TREND_REVERSAL_UNCONFIRMED,1,0.45,LONG,1,0,0,0
SOLUSDT,1771516800000,2026-02-19T16:00:00.000Z,BEAR,LONG,20.09812491926823,13.113977337392374,IGNORE,0,WATCH,,0,0,0,NA,NA,NA,NA,NA,CLEAR,1,0,0,0,0,TREND_REVERSAL_UNCONFIRMED,1,0.45,LONG,1,0,0,0
SOLUSDT,1771520400000,2026-02-19T17:00:00.000Z,BEAR,LONG,25,13.5,IGNORE,0,WATCH,,0,0,0,NA,NA,NA,NA,NA,WARNING_SOFT,1,0,1,0,0,TREND_REVERSAL_UNCONFIRMED,1,0.45,LONG,1,0,0,0
SOLUSDT,1771524000000,2026-02-19T18:00:00.000Z,NEUTRAL,NONE,0,7.875,IGNORE,0,WATCH,,0,0,0,NA,NA,NA,NA,NA,CLEAR,1,0,0,0,0,TREND_REVERSAL_UNCONFIRMED,0,0.45,NONE,1,0,0,0
SOLUSDT,1771527600000,2026-02-19T19:00:00.000Z,NEUTRAL,NONE,0,7.875,IGNORE,0,WATCH,,0,0,0,NA,NA,NA,NA,NA,CLEAR,1,0,0,0,0,TREND_REVERSAL_UNCONFIRMED,0,0.45,NONE,1,0,0,0
SOLUSDT,1771531200000,2026-02-19T20:00:00.000Z,NEUTRAL,NONE,0,7.875,IGNORE,0,WATCH,,0,0,0,NA,NA,NA,NA,NA,CLEAR,1,0,0,0,0,TREND_REVERSAL_UNCONFIRMED,0,0.45,NONE,1,0,0,0
SOLUSDT,1771534800000,2026-02-19T21:00:00.000Z,NEUTRAL,NONE,0,7.875,IGNORE,0,WATCH,,0,0,0,NA,NA,NA,NA,NA,CLEAR,1,0,0,0,0,TREND_REVERSAL_UNCONFIRMED,0,0.45,NONE,1,0,0,0
SOLUSDT,1771538400000,2026-02-19T22:00:00.000Z,NEUTRAL,NONE,0,7.875,IGNORE,0,WATCH,,0,0,0,NA,NA,NA,NA,NA,CLEAR,1,0,0,0,0,TREND_REVERSAL_UNCONFIRMED,0,0.45,NONE,1,0,0,0
SOLUSDT,1771542000000,2026-02-19T23:00:00.000Z,NEUTRAL,NONE,0,7.875,IGNORE,0,WATCH,,0,0,0,NA,NA,NA,NA,NA,CLEAR,1,0,0,0,0,TREND_REVERSAL_UNCONFIRMED,0,0.45,NONE,1,0,0,0
SOLUSDT,1771545600000,2026-02-20T00:00:00.000Z,NEUTRAL,NONE,0,7.875,IGNORE,0,WATCH,,0,0,0,NA,NA,NA,NA,NA,CLEAR,1,0,0,0,0,TREND_REVERSAL_UNCONFIRMED,0,0.45,NONE,1,0,0,0
SOLUSDT,1771549200000,2026-02-20T01:00:00.000Z,NEUTRAL,NONE,0,7.875,IGNORE,0,WATCH,,0,0,0,NA,NA,NA,NA,NA,CLEAR,1,0,0,0,0,TREND_REVERSAL_UNCONFIRMED,0,0.45,NONE,1,0,0,0
SOLUSDT,1771552800000,2026-02-20T02:00:00.000Z,NEUTRAL,NONE,0,7.875,IGNORE,0,WATCH,,0,0,0,NA,NA,NA,NA,NA,CLEAR,1,0,0,0,0,TREND_REVERSAL_UNCONFIRMED,0,0.45,NONE,1,0,0,0
SOLUSDT,1771556400000,2026-02-20T03:00:00.000Z,NEUTRAL,NONE,0,7.875,IGNORE,0,WATCH,,0,0,0,NA,NA,NA,NA,NA,CLEAR,1,0,0,0,0,TREND_REVERSAL_UNCONFIRMED,0,0.45,NONE,1,0,0,0
SOLUSDT,1771560000000,2026-02-20T04:00:00.000Z,NEUTRAL,NONE,0,7.875,IGNORE,0,WATCH,,0,0,0,NA,NA,NA,NA,NA,CLEAR,1,0,0,0,0,TREND_REVERSAL_UNCONFIRMED,0,0.45,NONE,1,0,0,0
SOLUSDT,1771563600000,2026-02-20T05:00:00.000Z,NEUTRAL,NONE,0,7.875,IGNORE,0,WATCH,,0,0,0,NA,NA,NA,NA,NA,CLEAR,1,0,0,0,0,TREND_REVERSAL_UNCONFIRMED,0,0.45,NONE,1,0,0,0
SOLUSDT,1771567200000,2026-02-20T06:00:00.000Z,NEUTRAL,NONE,0,7.875,IGNORE,0,WATCH,,0,0,0,NA,NA,NA,NA,NA,CLEAR,1,0,0,0,0,TREND_REVERSAL_UNCONFIRMED,0,0.45,NONE,1,0,0,0
SOLUSDT,1771570800000,2026-02-20T07:00:00.000Z,NEUTRAL,NONE,0,7.875,IGNORE,0,WATCH,,0,0,0,NA,NA,NA,NA,NA,CLEAR,1,0,0,0,0,TREND_REVERSAL_UNCONFIRMED,0,0.45,NONE,1,0,0,0
SOLUSDT,1771574400000,2026-02-20T08:00:00.000Z,NEUTRAL,NONE,0,7.875,IGNORE,0,WATCH,,0,0,0,NA,NA,NA,NA,NA,CLEAR,1,0,0,0,0,TREND_REVERSAL_UNCONFIRMED,0,0.45,NONE,1,0,0,0
SOLUSDT,1771578000000,2026-02-20T09:00:00.000Z,BULL,SHORT,12.672663662588043,12.52922226342881,IGNORE,0,WATCH,,0,0,0,NA,NA,NA,NA,NA,CLEAR,1,0,0,0,0,TREND_REVERSAL_UNCONFIRMED,1,0.45,SHORT,1,0,0,0
SOLUSDT,1771581600000,2026-02-20T10:00:00.000Z,BULL,SHORT,12.736267186336608,12.534231040924007,IGNORE,0,WATCH,,0,0,0,NA,NA,NA,NA,NA,CLEAR,1,0,0,0,0,TREND_REVERSAL_UNCONFIRMED,1,0.45,SHORT,1,0,0,0
SOLUSDT,1771585200000,2026-02-20T11:00:00.000Z,BULL,SHORT,44.301648725782194,18.67625483715535,IGNORE,0,WATCH,,0,0,0,NA,NA,NA,NA,NA,WARNING_HARD,1,0,0,0,0,TREND_REVERSAL_UNCONFIRMED,2,0.45,SHORT,1,0,0,0
SOLUSDT,1771588800000,2026-02-20T12:00:00.000Z,BULL,SHORT,0,7.875,IGNORE,0,WATCH,,0,0,0,NA,NA,NA,NA,NA,CLEAR,1,0,0,0,0,TREND_REVERSAL_UNCONFIRMED,0,0.45,SHORT,1,0,0,0
SOLUSDT,1771592400000,2026-02-20T13:00:00.000Z,NEUTRAL,NONE,0,7.875,IGNORE,0,WATCH,,0,0,0,NA,NA,NA,NA,NA,BLOCK,0,0,1,0,0,TREND_REVERSAL_UNCONFIRMED,0,0.45,NONE,1,0,0,0
SOLUSDT,1771596000000,2026-02-20T14:00:00.000Z,BULL,SHORT,25,13.5,IGNORE,0,WATCH,,0,0,0,NA,NA,NA,NA,NA,BLOCK,0,0,0,0,0,TREND_REVERSAL_UNCONFIRMED,1,0.45,SHORT,1,0,0,0
SOLUSDT,1771599600000,2026-02-20T15:00:00.000Z,BULL,SHORT,25,13.5,IGNORE,0,WATCH,,0,0,0,NA,NA,NA,NA,NA,WARNING_SOFT,1,0,0,0,0,TREND_REVERSAL_UNCONFIRMED,1,0.45,SHORT,1,0,0,0
SOLUSDT,1771603200000,2026-02-20T16:00:00.000Z,BULL,SHORT,23.778845022031476,13.40383404548498,IGNORE,0,WATCH,,0,0,0,NA,NA,NA,NA,NA,CLEAR,1,1,0,0,0,TREND_REVERSAL_UNCONFIRMED,1,0.45,SHORT,1,0,0,0
SOLUSDT,1771606800000,2026-02-20T17:00:00.000Z,BULL,SHORT,50,19.125,IGNORE,0,WATCH,,0,0,0,NA,NA,NA,NA,NA,WARNING_SOFT,1,0,0,0,0,TREND_REVERSAL_UNCONFIRMED,2,0.45,SHORT,1,0,0,0
SOLUSDT,1771610400000,2026-02-20T18:00:00.000Z,BULL,SHORT,20.741784401006882,13.164665521579291,IGNORE,0,WATCH,,0,0,0,NA,NA,NA,NA,NA,CLEAR,1,0,0,0,0,TREND_REVERSAL_UNCONFIRMED,1,0.45,SHORT,1,0,0,0
SOLUSDT,1771614000000,2026-02-20T19:00:00.000Z,BULL,SHORT,0,7.875,IGNORE,0,WATCH,,0,0,0,NA,NA,NA,NA,NA,CLEAR,1,0,0,0,0,TREND_REVERSAL_UNCONFIRMED,0,0.45,SHORT,1,0,0,0
SOLUSDT,1771617600000,2026-02-20T20:00:00.000Z,BULL,SHORT,25,13.5,IGNORE,0,WATCH,,0,0,0,NA,NA,NA,NA,NA,CLEAR,1,0,0,0,0,TREND_REVERSAL_UNCONFIRMED,1,0.45,SHORT,1,0,0,0
SOLUSDT,1771621200000,2026-02-20T21:00:00.000Z,BULL,SHORT,0,7.875,IGNORE,0,WATCH,,0,0,0,NA,NA,NA,NA,NA,CLEAR,1,0,0,0,0,TREND_REVERSAL_UNCONFIRMED,0,0.45,SHORT,1,0,0,0
SOLUSDT,1771624800000,2026-02-20T22:00:00.000Z,BULL,SHORT,0,7.875,IGNORE,0,WATCH,,0,0,0,NA,NA,NA,NA,NA,CLEAR,1,0,0,0,0,TREND_REVERSAL_UNCONFIRMED,0,0.45,SHORT,1,0,0,0
SOLUSDT,1771628400000,2026-02-20T23:00:00.000Z,BULL,SHORT,0,7.875,IGNORE,0,WATCH,,0,0,0,NA,NA,NA,NA,NA,CLEAR,1,0,0,0,0,TREND_REVERSAL_UNCONFIRMED,0,0.45,SHORT,1,0,0,0
SOLUSDT,1771632000000,2026-02-21T00:00:00.000Z,BULL,SHORT,0,7.875,IGNORE,0,WATCH,,0,0,0,NA,NA,NA,NA,NA,CLEAR,1,0,0,0,0,TREND_REVERSAL_UNCONFIRMED,0,0.45,SHORT,1,0,0,0
SOLUSDT,1771635600000,2026-02-21T01:00:00.000Z,BULL,SHORT,0,7.875,IGNORE,0,WATCH,,0,0,0,NA,NA,NA,NA,NA,CLEAR,1,0,0,0,0,TREND_REVERSAL_UNCONFIRMED,0,0.45,SHORT,1,0,0,0
SOLUSDT,1771639200000,2026-02-21T02:00:00.000Z,BULL,SHORT,0,7.875,IGNORE,0,WATCH,,0,0,0,NA,NA,NA,NA,NA,CLEAR,1,0,0,0,0,TREND_REVERSAL_UNCONFIRMED,0,0.45,SHORT,1,0,0,0
SOLUSDT,1771642800000,2026-02-21T03:00:00.000Z,BULL,SHORT,0,7.875,IGNORE,0,WATCH,,0,0,0,NA,NA,NA,NA,NA,WARNING_SOFT,1,0,0,0,0,TREND_REVERSAL_UNCONFIRMED,0,0.45,SHORT,1,0,0,0
SOLUSDT,1771646400000,2026-02-21T04:00:00.000Z,BULL,SHORT,0,7.875,IGNORE,0,WATCH,,0,0,0,NA,NA,NA,NA,NA,WARNING_SOFT,1,0,0,0,0,TREND_REVERSAL_UNCONFIRMED,0,0.45,SHORT,1,0,0,0
SOLUSDT,1771650000000,2026-02-21T05:00:00.000Z,BULL,SHORT,17.5,12.909375,IGNORE,0,WATCH,,0,0,0,NA,NA,NA,NA,NA,WARNING_SOFT,1,0,0,0,0,TREND_REVERSAL_UNCONFIRMED,1,0.45,SHORT,1,0,0,0
SOLUSDT,1771653600000,2026-02-21T06:00:00.000Z,NEUTRAL,NONE,0,7.875,IGNORE,0,WATCH,,0,0,0,NA,NA,NA,NA,NA,BLOCK,0,0,0,0,0,TREND_REVERSAL_UNCONFIRMED,0,0.45,NONE,1,0,0,0
SOLUSDT,1771657200000,2026-02-21T07:00:00.000Z,BULL,SHORT,17.5,12.909375,IGNORE,0,WATCH,,0,0,0,NA,NA,NA,NA,NA,WARNING_SOFT,1,0,0,0,0,TREND_REVERSAL_UNCONFIRMED,1,0.45,SHORT,1,0,0,0
SOLUSDT,1771660800000,2026-02-21T08:00:00.000Z,BULL,SHORT,17.5,12.909375,IGNORE,0,WATCH,,0,0,0,NA,NA,NA,NA,NA,WARNING_SOFT,1,0,0,0,0,TREND_REVERSAL_UNCONFIRMED,1,0.45,SHORT,1,0,0,0
SOLUSDT,1771664400000,2026-02-21T09:00:00.000Z,BULL,SHORT,17.5,12.909375,IGNORE,0,WATCH,,0,0,0,NA,NA,NA,NA,NA,CLEAR,1,0,0,0,0,TREND_REVERSAL_UNCONFIRMED,1,0.45,SHORT,1,0,0,0
SOLUSDT,1771668000000,2026-02-21T10:00:00.000Z,BULL,SHORT,17.5,12.909375,IGNORE,0,WATCH,,0,0,0,NA,NA,NA,NA,NA,CLEAR,1,0,0,0,0,TREND_REVERSAL_UNCONFIRMED,1,0.45,SHORT,1,0,0,0
SOLUSDT,1771671600000,2026-02-21T11:00:00.000Z,BULL,SHORT,17.5,12.909375,IGNORE,0,WATCH,,0,0,0,NA,NA,NA,NA,NA,CLEAR,1,0,0,0,0,TREND_REVERSAL_UNCONFIRMED,1,0.45,SHORT,1,0,0,0
SOLUSDT,1771675200000,2026-02-21T12:00:00.000Z,BULL,SHORT,42.5,18.534375,IGNORE,0,WATCH,,0,0,0,NA,NA,NA,NA,NA,CLEAR,1,0,0,0,0,TREND_REVERSAL_UNCONFIRMED,2,0.45,SHORT,1,0,0,0
SOLUSDT,1771678800000,2026-02-21T13:00:00.000Z,BULL,SHORT,17.5,12.909375,IGNORE,0,WATCH,,0,0,0,NA,NA,NA,NA,NA,CLEAR,1,0,0,0,0,TREND_REVERSAL_UNCONFIRMED,1,0.45,SHORT,1,0,0,0
SOLUSDT,1771682400000,2026-02-21T14:00:00.000Z,BULL,SHORT,42.5,18.534375,IGNORE,0,WATCH,,0,0,0,NA,NA,NA,NA,NA,CLEAR,1,0,0,0,0,TREND_REVERSAL_UNCONFIRMED,2,0.45,SHORT,1,0,0,0
SOLUSDT,1771686000000,2026-02-21T15:00:00.000Z,BULL,SHORT,34.1327456666138,17.87545372124584,IGNORE,0,WATCH,,0,0,0,NA,NA,NA,NA,NA,CLEAR,1,0,0,0,0,TREND_REVERSAL_UNCONFIRMED,2,0.45,SHORT,1,0,0,0
SOLUSDT,1771689600000,2026-02-21T16:00:00.000Z,BULL,SHORT,63.92156325425047,53.39146979837482,WATCH,1,WATCH,ACTIVE,1,1,0,PASS,PASS,SKIP,SKIP,FAIL,CLEAR,1,0,0,0,0,MARKET_CONTEXT_DENIED,3,0.84,SHORT,0,1,0,0
SOLUSDT,1771693200000,2026-02-21T17:00:00.000Z,BULL,SHORT,35.16202413818644,17.956509400882183,IGNORE,0,WATCH,,0,0,0,NA,NA,NA,NA,NA,CLEAR,1,0,0,0,0,TREND_REVERSAL_UNCONFIRMED,2,0.45,SHORT,1,0,0,0
SOLUSDT,1771696800000,2026-02-21T18:00:00.000Z,BULL,SHORT,0,7.875,IGNORE,0,WATCH,,0,0,0,NA,NA,NA,NA,NA,CLEAR,1,0,0,0,0,TREND_REVERSAL_UNCONFIRMED,0,0.45,SHORT,1,0,0,0
SOLUSDT,1771700400000,2026-02-21T19:00:00.000Z,BULL,SHORT,25,13.5,IGNORE,0,WATCH,,0,0,0,NA,NA,NA,NA,NA,CLEAR,1,0,0,0,0,TREND_REVERSAL_UNCONFIRMED,1,0.45,SHORT,1,0,0,0
SOLUSDT,1771704000000,2026-02-21T20:00:00.000Z,BULL,SHORT,17.67243811579114,12.922954501618554,IGNORE,0,WATCH,,0,0,0,NA,NA,NA,NA,NA,CLEAR,1,0,0,0,0,TREND_REVERSAL_UNCONFIRMED,1,0.45,SHORT,1,0,0,0
SOLUSDT,1771707600000,2026-02-21T21:00:00.000Z,BULL,SHORT,0,7.875,IGNORE,0,WATCH,,0,0,0,NA,NA,NA,NA,NA,WARNING_SOFT,1,0,0,0,0,TREND_REVERSAL_UNCONFIRMED,0,0.45,SHORT,1,0,0,0
SOLUSDT,1771711200000,2026-02-21T22:00:00.000Z,NEUTRAL,NONE,0,7.875,IGNORE,0,WATCH,,0,0,0,NA,NA,NA,NA,NA,WARNING_SOFT,1,0,0,0,0,TREND_REVERSAL_UNCONFIRMED,0,0.45,NONE,1,0,0,0
SOLUSDT,1771714800000,2026-02-21T23:00:00.000Z,NEUTRAL,NONE,0,7.875,IGNORE,0,WATCH,,0,0,0,NA,NA,NA,NA,NA,BLOCK,0,0,0,0,0,TREND_REVERSAL_UNCONFIRMED,0,0.45,NONE,1,0,0,0
SOLUSDT,1771718400000,2026-02-22T00:00:00.000Z,NEUTRAL,NONE,0,7.875,IGNORE,0,WATCH,,0,0,0,NA,NA,NA,NA,NA,WARNING_SOFT,1,0,0,0,0,TREND_REVERSAL_UNCONFIRMED,0,0.45,NONE,1,0,0,0
SOLUSDT,1771722000000,2026-02-22T01:00:00.000Z,NEUTRAL,NONE,0,7.875,IGNORE,0,WATCH,,0,0,0,NA,NA,NA,NA,NA,WARNING_SOFT,1,0,0,0,0,TREND_REVERSAL_UNCONFIRMED,0,0.45,NONE,1,0,0,0
SOLUSDT,1771725600000,2026-02-22T02:00:00.000Z,NEUTRAL,NONE,0,7.875,IGNORE,0,WATCH,,0,0,0,NA,NA,NA,NA,NA,WARNING_SOFT,1,0,0,0,0,TREND_REVERSAL_UNCONFIRMED,0,0.45,NONE,1,0,0,0
SOLUSDT,1771729200000,2026-02-22T03:00:00.000Z,NEUTRAL,NONE,0,7.875,IGNORE,0,WATCH,,0,0,0,NA,NA,NA,NA,NA,BLOCK,0,0,0,0,0,TREND_REVERSAL_UNCONFIRMED,0,0.45,NONE,1,0,0,0
SOLUSDT,1771732800000,2026-02-22T04:00:00.000Z,NEUTRAL,NONE,0,7.875,IGNORE,0,WATCH,,0,0,0,NA,NA,NA,NA,NA,WARNING_SOFT,1,0,0,0,0,TREND_REVERSAL_UNCONFIRMED,0,0.45,NONE,1,0,0,0
SOLUSDT,1771736400000,2026-02-22T05:00:00.000Z,NEUTRAL,NONE,0,7.875,IGNORE,0,WATCH,,0,0,0,NA,NA,NA,NA,NA,WARNING_SOFT,1,0,0,0,0,TREND_REVERSAL_UNCONFIRMED,0,0.45,NONE,1,0,0,0
SOLUSDT,1771740000000,2026-02-22T06:00:00.000Z,BULL,SHORT,17.5,12.909375,IGNORE,0,WATCH,,0,0,0,NA,NA,NA,NA,NA,WARNING_SOFT,1,0,0,0,0,TREND_REVERSAL_UNCONFIRMED,1,0.45,SHORT,1,0,0,0
SOLUSDT,1771743600000,2026-02-22T07:00:00.000Z,NEUTRAL,NONE,0,7.875,IGNORE,0,WATCH,,0,0,0,NA,NA,NA,NA,NA,WARNING_SOFT,1,0,0,0,0,TREND_REVERSAL_UNCONFIRMED,0,0.45,NONE,1,0,0,0
SOLUSDT,1771747200000,2026-02-22T08:00:00.000Z,NEUTRAL,NONE,0,7.875,IGNORE,0,WATCH,,0,0,0,NA,NA,NA,NA,NA,WARNING_SOFT,1,0,0,0,0,TREND_REVERSAL_UNCONFIRMED,0,0.45,NONE,1,0,0,0
SOLUSDT,1771750800000,2026-02-22T09:00:00.000Z,NEUTRAL,NONE,0,7.875,IGNORE,0,WATCH,,0,0,0,NA,NA,NA,NA,NA,WARNING_SOFT,1,0,0,0,0,TREND_REVERSAL_UNCONFIRMED,0,0.45,NONE,1,0,0,0
SOLUSDT,1771754400000,2026-02-22T10:00:00.000Z,NEUTRAL,NONE,0,7.875,IGNORE,0,WATCH,,0,0,0,NA,NA,NA,NA,NA,WARNING_SOFT,1,0,0,0,0,TREND_REVERSAL_UNCONFIRMED,0,0.45,NONE,1,0,0,0
SOLUSDT,1771758000000,2026-02-22T11:00:00.000Z,BULL,SHORT,42.5,18.534375,IGNORE,0,WATCH,,0,0,0,NA,NA,NA,NA,NA,CLEAR,1,0,0,0,0,TREND_REVERSAL_UNCONFIRMED,2,0.45,SHORT,1,0,0,0
SOLUSDT,1771761600000,2026-02-22T12:00:00.000Z,NEUTRAL,NONE,0,7.875,IGNORE,0,WATCH,,0,0,0,NA,NA,NA,NA,NA,BLOCK,0,0,0,0,0,TREND_REVERSAL_UNCONFIRMED,0,0.45,NONE,1,0,0,0
SOLUSDT,1771765200000,2026-02-22T13:00:00.000Z,NEUTRAL,NONE,0,7.875,IGNORE,0,WATCH,,0,0,0,NA,NA,NA,NA,NA,BLOCK,0,0,1,0,0,TREND_REVERSAL_UNCONFIRMED,0,0.45,NONE,1,0,0,0
SOLUSDT,1771768800000,2026-02-22T14:00:00.000Z,NEUTRAL,NONE,0,7.875,IGNORE,0,WATCH,,0,0,0,NA,NA,NA,NA,NA,BLOCK,0,0,1,0,0,TREND_REVERSAL_UNCONFIRMED,0,0.45,NONE,1,0,0,0
SOLUSDT,1771772400000,2026-02-22T15:00:00.000Z,NEUTRAL,NONE,0,7.875,IGNORE,0,WATCH,,0,0,0,NA,NA,NA,NA,NA,BLOCK,0,0,1,0,0,TREND_REVERSAL_UNCONFIRMED,0,0.45,NONE,1,0,0,0
SOLUSDT,1771776000000,2026-02-22T16:00:00.000Z,NEUTRAL,NONE,0,7.875,IGNORE,0,WATCH,,0,0,0,NA,NA,NA,NA,NA,WARNING_SOFT,1,0,0,0,0,TREND_REVERSAL_UNCONFIRMED,0,0.45,NONE,1,0,0,0
SOLUSDT,1771779600000,2026-02-22T17:00:00.000Z,BEAR,LONG,33.75687070677776,17.845853568158752,IGNORE,0,WATCH,,0,0,0,NA,NA,NA,NA,NA,CLEAR,1,0,0,0,0,TREND_REVERSAL_UNCONFIRMED,2,0.45,LONG,1,0,0,0
SOLUSDT,1771783200000,2026-02-22T18:00:00.000Z,BEAR,LONG,17.5,12.909375,IGNORE,0,WATCH,,0,0,0,NA,NA,NA,NA,NA,CLEAR,1,0,0,0,0,TREND_REVERSAL_UNCONFIRMED,1,0.45,LONG,1,0,0,0
SOLUSDT,1771786800000,2026-02-22T19:00:00.000Z,BEAR,LONG,17.5,12.909375,IGNORE,0,WATCH,,0,0,0,NA,NA,NA,NA,NA,CLEAR,1,0,0,0,0,TREND_REVERSAL_UNCONFIRMED,1,0.45,LONG,1,0,0,0
SOLUSDT,1771790400000,2026-02-22T20:00:00.000Z,BEAR,LONG,0,7.875,IGNORE,0,WATCH,,0,0,0,NA,NA,NA,NA,NA,CLEAR,1,0,0,0,0,TREND_REVERSAL_UNCONFIRMED,0,0.45,LONG,1,0,0,0
SOLUSDT,1771794000000,2026-02-22T21:00:00.000Z,BEAR,LONG,0,7.875,IGNORE,0,WATCH,,0,0,0,NA,NA,NA,NA,NA,CLEAR,1,0,0,0,0,TREND_REVERSAL_UNCONFIRMED,0,0.45,LONG,1,0,0,0
SOLUSDT,1771797600000,2026-02-22T22:00:00.000Z,BEAR,LONG,0,7.875,IGNORE,0,WATCH,,0,0,0,NA,NA,NA,NA,NA,CLEAR,1,0,0,0,0,TREND_REVERSAL_UNCONFIRMED,0,0.45,LONG,1,0,0,0
SOLUSDT,1771801200000,2026-02-22T23:00:00.000Z,BEAR,LONG,25,13.5,IGNORE,0,WATCH,,0,0,0,NA,NA,NA,NA,NA,CLEAR,1,0,0,0,0,TREND_REVERSAL_UNCONFIRMED,1,0.45,LONG,1,0,0,0
SOLUSDT,1771804800000,2026-02-23T00:00:00.000Z,BEAR,LONG,37.84722222222222,18.16796875,IGNORE,0,WATCH,,0,0,0,NA,NA,NA,NA,NA,CLEAR,1,0,0,0,0,TREND_REVERSAL_UNCONFIRMED,2,0.45,LONG,1,0,0,0
SOLUSDT,1771808400000,2026-02-23T01:00:00.000Z,BEAR,LONG,41.31944444444444,18.44140625,IGNORE,0,WATCH,,0,0,0,NA,NA,NA,NA,NA,CLEAR,1,0,0,0,0,TREND_REVERSAL_UNCONFIRMED,2,0.45,LONG,1,0,0,0
SOLUSDT,1771812000000,2026-02-23T02:00:00.000Z,BEAR,LONG,38.71163149007029,18.236040979843036,IGNORE,0,WATCH,,0,0,0,NA,NA,NA,NA,NA,CLEAR,1,0,1,0,0,TREND_REVERSAL_UNCONFIRMED,2,0.45,LONG,1,0,0,0
SOLUSDT,1771815600000,2026-02-23T03:00:00.000Z,BEAR,LONG,36.06199152785969,18.027381832818953,IGNORE,0,WATCH,,0,0,0,NA,NA,NA,NA,NA,CLEAR,1,0,1,0,0,TREND_REVERSAL_UNCONFIRMED,2,0.45,LONG,1,0,0,0
SOLUSDT,1771819200000,2026-02-23T04:00:00.000Z,BEAR,LONG,18.40277777777778,12.98046875,IGNORE,0,WATCH,,0,0,0,NA,NA,NA,NA,NA,CLEAR,1,0,0,0,0,TREND_REVERSAL_UNCONFIRMED,1,0.45,LONG,1,0,0,0
SOLUSDT,1771822800000,2026-02-23T05:00:00.000Z,BEAR,LONG,27.907518009217625,17.38521704322589,IGNORE,0,WATCH,,0,0,0,NA,NA,NA,NA,NA,CLEAR,1,0,0,0,0,TREND_REVERSAL_UNCONFIRMED,2,0.45,LONG,1,0,0,0
SOLUSDT,1771826400000,2026-02-23T06:00:00.000Z,BEAR,LONG,44.68663188084825,18.7065722606168,IGNORE,0,WATCH,,0,0,0,NA,NA,NA,NA,NA,CLEAR,1,0,0,0,0,TREND_REVERSAL_UNCONFIRMED,2,0.45,LONG,1,0,0,0
SOLUSDT,1771830000000,2026-02-23T07:00:00.000Z,BEAR,LONG,0,7.875,IGNORE,0,WATCH,,0,0,0,NA,NA,NA,NA,NA,CLEAR,1,0,0,0,0,TREND_REVERSAL_UNCONFIRMED,0,0.45,LONG,1,0,0,0
SOLUSDT,1771833600000,2026-02-23T08:00:00.000Z,BEAR,LONG,0,7.875,IGNORE,0,WATCH,,0,0,0,NA,NA,NA,NA,NA,CLEAR,1,0,0,0,0,TREND_REVERSAL_UNCONFIRMED,0,0.45,LONG,1,0,0,0
SOLUSDT,1771837200000,2026-02-23T09:00:00.000Z,BEAR,LONG,42.797173969912166,18.557777450130587,IGNORE,0,WATCH,,0,0,0,NA,NA,NA,NA,NA,CLEAR,1,0,0,0,0,TREND_REVERSAL_UNCONFIRMED,2,0.45,LONG,1,0,0,0
SOLUSDT,1771840800000,2026-02-23T10:00:00.000Z,BEAR,LONG,0,7.875,IGNORE,0,WATCH,,0,0,0,NA,NA,NA,NA,NA,WARNING_SOFT,1,0,0,0,0,TREND_REVERSAL_UNCONFIRMED,0,0.45,LONG,1,0,0,0
SOLUSDT,1771844400000,2026-02-23T11:00:00.000Z,BEAR,LONG,0,7.875,IGNORE,0,WATCH,,0,0,0,NA,NA,NA,NA,NA,WARNING_SOFT,1,0,0,0,0,TREND_REVERSAL_UNCONFIRMED,0,0.45,LONG,1,0,0,0
SOLUSDT,1771848000000,2026-02-23T12:00:00.000Z,NEUTRAL,NONE,0,7.875,IGNORE,0,WATCH,,0,0,0,NA,NA,NA,NA,NA,WARNING_SOFT,1,0,0,0,0,TREND_REVERSAL_UNCONFIRMED,0,0.45,NONE,1,0,0,0
SOLUSDT,1771851600000,2026-02-23T13:00:00.000Z,BEAR,LONG,0,7.875,IGNORE,0,WATCH,,0,0,0,NA,NA,NA,NA,NA,WARNING_SOFT,1,0,0,0,0,TREND_REVERSAL_UNCONFIRMED,0,0.45,LONG,1,0,0,0
SOLUSDT,1771855200000,2026-02-23T14:00:00.000Z,BEAR,LONG,21.660886734418597,13.237044830335464,IGNORE,0,WATCH,,0,0,0,NA,NA,NA,NA,NA,WARNING_SOFT,1,0,1,0,0,TREND_REVERSAL_UNCONFIRMED,1,0.45,LONG,1,0,0,0
SOLUSDT,1771858800000,2026-02-23T15:00:00.000Z,BEAR,LONG,25,13.5,IGNORE,0,WATCH,,0,0,0,NA,NA,NA,NA,NA,WARNING_SOFT,1,0,0,0,0,TREND_REVERSAL_UNCONFIRMED,1,0.45,LONG,1,0,0,0
SOLUSDT,1771862400000,2026-02-23T16:00:00.000Z,BEAR,LONG,14.127043344345571,12.643754663367213,IGNORE,0,WATCH,,0,0,0,NA,NA,NA,NA,NA,CLEAR,1,0,0,0,0,TREND_REVERSAL_UNCONFIRMED,1,0.45,LONG,1,0,0,0
SOLUSDT,1771866000000,2026-02-23T17:00:00.000Z,BEAR,LONG,17.30023607694867,12.893643591059709,IGNORE,0,WATCH,,0,0,0,NA,NA,NA,NA,NA,CLEAR,1,0,0,0,0,TREND_REVERSAL_UNCONFIRMED,1,0.45,LONG,1,0,0,0
SOLUSDT,1771869600000,2026-02-23T18:00:00.000Z,BEAR,LONG,25,13.5,IGNORE,0,WATCH,,0,0,0,NA,NA,NA,NA,NA,CLEAR,1,0,0,0,0,TREND_REVERSAL_UNCONFIRMED,1,0.45,LONG,1,0,0,0
SOLUSDT,1771873200000,2026-02-23T19:00:00.000Z,BEAR,LONG,0,7.875,IGNORE,0,WATCH,,0,0,0,NA,NA,NA,NA,NA,CLEAR,1,0,0,0,0,TREND_REVERSAL_UNCONFIRMED,0,0.45,LONG,1,0,0,0
SOLUSDT,1771876800000,2026-02-23T20:00:00.000Z,BEAR,LONG,17.5,12.909375,IGNORE,0,WATCH,,0,0,0,NA,NA,NA,NA,NA,CLEAR,1,0,0,0,0,TREND_REVERSAL_UNCONFIRMED,1,0.45,LONG,1,0,0,0
SOLUSDT,1771880400000,2026-02-23T21:00:00.000Z,BEAR,LONG,17.5,12.909375,IGNORE,0,WATCH,,0,0,0,NA,NA,NA,NA,NA,CLEAR,1,0,0,0,0,TREND_REVERSAL_UNCONFIRMED,1,0.45,LONG,1,0,0,0
SOLUSDT,1771884000000,2026-02-23T22:00:00.000Z,BEAR,LONG,17.5,12.909375,IGNORE,0,WATCH,,0,0,0,NA,NA,NA,NA,NA,CLEAR,1,0,0,0,0,TREND_REVERSAL_UNCONFIRMED,1,0.45,LONG,1,0,0,0
SOLUSDT,1771887600000,2026-02-23T23:00:00.000Z,BEAR,LONG,17.5,12.909375,IGNORE,0,WATCH,,0,0,0,NA,NA,NA,NA,NA,CLEAR,1,0,0,0,0,TREND_REVERSAL_UNCONFIRMED,1,0.45,LONG,1,0,0,0
SOLUSDT,1771891200000,2026-02-24T00:00:00.000Z,BEAR,LONG,42.5,18.534375,IGNORE,0,WATCH,,0,0,0,NA,NA,NA,NA,NA,CLEAR,1,0,0,0,0,TREND_REVERSAL_UNCONFIRMED,2,0.45,LONG,1,0,0,0
SOLUSDT,1771894800000,2026-02-24T01:00:00.000Z,BEAR,LONG,42.5,18.534375,IGNORE,0,WATCH,,0,0,0,NA,NA,NA,NA,NA,CLEAR,1,0,0,0,0,TREND_REVERSAL_UNCONFIRMED,2,0.45,LONG,1,0,0,0
SOLUSDT,1771898400000,2026-02-24T02:00:00.000Z,BEAR,LONG,30.34722222222222,17.57734375,IGNORE,0,WATCH,,0,0,0,NA,NA,NA,NA,NA,CLEAR,1,0,0,0,0,TREND_REVERSAL_UNCONFIRMED,2,0.45,LONG,1,0,0,0
SOLUSDT,1771902000000,2026-02-24T03:00:00.000Z,BEAR,LONG,17.5,12.909375,IGNORE,0,WATCH,,0,0,0,NA,NA,NA,NA,NA,CLEAR,1,0,0,0,0,TREND_REVERSAL_UNCONFIRMED,1,0.45,LONG,1,0,0,0
SOLUSDT,1771905600000,2026-02-24T04:00:00.000Z,BEAR,LONG,0,7.875,IGNORE,0,WATCH,,0,0,0,NA,NA,NA,NA,NA,CLEAR,1,0,0,0,0,TREND_REVERSAL_UNCONFIRMED,0,0.45,LONG,1,0,0,0
SOLUSDT,1771909200000,2026-02-24T05:00:00.000Z,BEAR,LONG,38.19444444444444,18.1953125,IGNORE,0,WATCH,,0,0,0,NA,NA,NA,NA,NA,CLEAR,1,0,0,0,0,TREND_REVERSAL_UNCONFIRMED,2,0.45,LONG,1,0,0,0
SOLUSDT,1771912800000,2026-02-24T06:00:00.000Z,BEAR,LONG,16.666666666666664,12.84375,IGNORE,0,WATCH,,0,0,0,NA,NA,NA,NA,NA,CLEAR,1,0,0,0,0,TREND_REVERSAL_UNCONFIRMED,1,0.45,LONG,1,0,0,0
SOLUSDT,1771916400000,2026-02-24T07:00:00.000Z,BEAR,LONG,0,7.875,IGNORE,0,WATCH,,0,0,0,NA,NA,NA,NA,NA,CLEAR,1,0,0,0,0,TREND_REVERSAL_UNCONFIRMED,0,0.45,LONG,1,0,0,0
SOLUSDT,1771920000000,2026-02-24T08:00:00.000Z,BEAR,LONG,0,7.875,IGNORE,0,WATCH,,0,0,0,NA,NA,NA,NA,NA,CLEAR,1,0,0,0,0,TREND_REVERSAL_UNCONFIRMED,0,0.45,LONG,1,0,0,0
SOLUSDT,1771923600000,2026-02-24T09:00:00.000Z,BEAR,LONG,0,7.875,IGNORE,0,WATCH,,0,0,0,NA,NA,NA,NA,NA,CLEAR,1,0,0,0,0,TREND_REVERSAL_UNCONFIRMED,0,0.45,LONG,1,0,0,0
SOLUSDT,1771927200000,2026-02-24T10:00:00.000Z,BEAR,LONG,0,7.875,IGNORE,0,WATCH,,0,0,0,NA,NA,NA,NA,NA,CLEAR,1,0,0,0,0,TREND_REVERSAL_UNCONFIRMED,0,0.45,LONG,1,0,0,0
SOLUSDT,1771930800000,2026-02-24T11:00:00.000Z,BEAR,LONG,25,13.5,IGNORE,0,WATCH,,0,0,0,NA,NA,NA,NA,NA,CLEAR,1,0,0,0,0,TREND_REVERSAL_UNCONFIRMED,1,0.45,LONG,1,0,0,0
SOLUSDT,1771934400000,2026-02-24T12:00:00.000Z,BEAR,LONG,30.34722222222222,17.57734375,IGNORE,0,WATCH,,0,0,0,NA,NA,NA,NA,NA,CLEAR,1,0,0,0,0,TREND_REVERSAL_UNCONFIRMED,2,0.45,LONG,1,0,0,0
SOLUSDT,1771938000000,2026-02-24T13:00:00.000Z,BEAR,LONG,17.5,12.909375,IGNORE,0,WATCH,,0,0,0,NA,NA,NA,NA,NA,CLEAR,1,0,0,0,0,TREND_REVERSAL_UNCONFIRMED,1,0.45,LONG,1,0,0,0
SOLUSDT,1771941600000,2026-02-24T14:00:00.000Z,BEAR,LONG,42.5,18.534375,IGNORE,0,WATCH,,0,0,0,NA,NA,NA,NA,NA,CLEAR,1,0,0,0,0,TREND_REVERSAL_UNCONFIRMED,2,0.45,LONG,1,0,0,0
SOLUSDT,1771945200000,2026-02-24T15:00:00.000Z,BEAR,LONG,31.213902054195742,17.645594786767916,IGNORE,0,WATCH,,0,0,0,NA,NA,NA,NA,NA,WARNING_SOFT,1,0,0,0,0,TREND_REVERSAL_UNCONFIRMED,2,0.45,LONG,1,0,0,0
SOLUSDT,1771948800000,2026-02-24T16:00:00.000Z,NEUTRAL,NONE,0,7.875,IGNORE,0,WATCH,,0,0,0,NA,NA,NA,NA,NA,CLEAR,1,0,0,0,0,TREND_REVERSAL_UNCONFIRMED,0,0.45,NONE,1,0,0,0
SOLUSDT,1771952400000,2026-02-24T17:00:00.000Z,NEUTRAL,NONE,0,7.875,IGNORE,0,WATCH,,0,0,0,NA,NA,NA,NA,NA,CLEAR,1,0,0,0,0,TREND_REVERSAL_UNCONFIRMED,0,0.45,NONE,1,0,0,0
SOLUSDT,1771956000000,2026-02-24T18:00:00.000Z,NEUTRAL,NONE,0,7.875,IGNORE,0,WATCH,,0,0,0,NA,NA,NA,NA,NA,CLEAR,1,0,0,0,0,TREND_REVERSAL_UNCONFIRMED,0,0.45,NONE,1,0,0,0
SOLUSDT,1771959600000,2026-02-24T19:00:00.000Z,NEUTRAL,NONE,0,7.875,IGNORE,0,WATCH,,0,0,0,NA,NA,NA,NA,NA,CLEAR,1,0,0,0,0,TREND_REVERSAL_UNCONFIRMED,0,0.45,NONE,1,0,0,0
SOLUSDT,1771963200000,2026-02-24T20:00:00.000Z,NEUTRAL,NONE,0,7.875,IGNORE,0,WATCH,,0,0,0,NA,NA,NA,NA,NA,CLEAR,1,0,0,0,0,TREND_REVERSAL_UNCONFIRMED,0,0.45,NONE,1,0,0,0
SOLUSDT,1771966800000,2026-02-24T21:00:00.000Z,NEUTRAL,NONE,0,7.875,IGNORE,0,WATCH,,0,0,0,NA,NA,NA,NA,NA,CLEAR,1,0,0,0,0,TREND_REVERSAL_UNCONFIRMED,0,0.45,NONE,1,0,0,0
SOLUSDT,1771970400000,2026-02-24T22:00:00.000Z,NEUTRAL,NONE,0,7.875,IGNORE,0,WATCH,,0,0,0,NA,NA,NA,NA,NA,CLEAR,1,0,0,0,0,TREND_REVERSAL_UNCONFIRMED,0,0.45,NONE,1,0,0,0
SOLUSDT,1771974000000,2026-02-24T23:00:00.000Z,NEUTRAL,NONE,0,7.875,IGNORE,0,WATCH,,0,0,0,NA,NA,NA,NA,NA,CLEAR,1,0,0,0,0,TREND_REVERSAL_UNCONFIRMED,0,0.45,NONE,1,0,0,0
SOLUSDT,1771977600000,2026-02-25T00:00:00.000Z,NEUTRAL,NONE,0,7.875,IGNORE,0,WATCH,,0,0,0,NA,NA,NA,NA,NA,CLEAR,1,0,0,0,0,TREND_REVERSAL_UNCONFIRMED,0,0.45,NONE,1,0,0,0
SOLUSDT,1771981200000,2026-02-25T01:00:00.000Z,NEUTRAL,NONE,0,7.875,IGNORE,0,WATCH,,0,0,0,NA,NA,NA,NA,NA,CLEAR,1,0,0,0,0,TREND_REVERSAL_UNCONFIRMED,0,0.45,NONE,1,0,0,0
SOLUSDT,1771984800000,2026-02-25T02:00:00.000Z,NEUTRAL,NONE,0,7.875,IGNORE,0,WATCH,,0,0,0,NA,NA,NA,NA,NA,CLEAR,1,0,0,0,0,TREND_REVERSAL_UNCONFIRMED,0,0.45,NONE,1,0,0,0
SOLUSDT,1771988400000,2026-02-25T03:00:00.000Z,NEUTRAL,NONE,0,7.875,IGNORE,0,WATCH,,0,0,0,NA,NA,NA,NA,NA,CLEAR,1,0,0,0,0,TREND_REVERSAL_UNCONFIRMED,0,0.45,NONE,1,0,0,0
SOLUSDT,1771992000000,2026-02-25T04:00:00.000Z,BULL,SHORT,30.34722222222222,17.57734375,IGNORE,0,WATCH,,0,0,0,NA,NA,NA,NA,NA,CLEAR,1,0,0,0,0,TREND_REVERSAL_UNCONFIRMED,2,0.45,SHORT,1,0,0,0
SOLUSDT,1771995600000,2026-02-25T05:00:00.000Z,BULL,SHORT,0,7.875,IGNORE,0,WATCH,,0,0,0,NA,NA,NA,NA,NA,CLEAR,1,0,0,0,0,TREND_REVERSAL_UNCONFIRMED,0,0.45,SHORT,1,0,0,0
SOLUSDT,1771999200000,2026-02-25T06:00:00.000Z,BULL,SHORT,0,7.875,IGNORE,0,WATCH,,0,0,0,NA,NA,NA,NA,NA,CLEAR,1,0,0,0,0,TREND_REVERSAL_UNCONFIRMED,0,0.45,SHORT,1,0,0,0
SOLUSDT,1772002800000,2026-02-25T07:00:00.000Z,BULL,SHORT,0,7.875,IGNORE,0,WATCH,,0,0,0,NA,NA,NA,NA,NA,CLEAR,1,0,0,0,0,TREND_REVERSAL_UNCONFIRMED,0,0.45,SHORT,1,0,0,0
SOLUSDT,1772006400000,2026-02-25T08:00:00.000Z,BULL,SHORT,14.583333333333332,12.6796875,IGNORE,0,WATCH,,0,0,0,NA,NA,NA,NA,NA,CLEAR,1,0,0,0,0,TREND_REVERSAL_UNCONFIRMED,1,0.45,SHORT,1,0,0,0
SOLUSDT,1772010000000,2026-02-25T09:00:00.000Z,BULL,SHORT,14.583333333333332,12.6796875,IGNORE,0,WATCH,,0,0,0,NA,NA,NA,NA,NA,CLEAR,1,0,0,0,0,TREND_REVERSAL_UNCONFIRMED,1,0.45,SHORT,1,0,0,0
SOLUSDT,1772013600000,2026-02-25T10:00:00.000Z,BULL,SHORT,16.666666666666664,12.84375,IGNORE,0,WATCH,,0,0,0,NA,NA,NA,NA,NA,CLEAR,1,0,0,0,0,TREND_REVERSAL_UNCONFIRMED,1,0.45,SHORT,1,0,0,0
SOLUSDT,1772017200000,2026-02-25T11:00:00.000Z,BULL,SHORT,16.666666666666664,12.84375,IGNORE,0,WATCH,,0,0,0,NA,NA,NA,NA,NA,CLEAR,1,0,0,0,0,TREND_REVERSAL_UNCONFIRMED,1,0.45,SHORT,1,0,0,0
SOLUSDT,1772020800000,2026-02-25T12:00:00.000Z,BULL,SHORT,34.76256438478583,17.925051945301885,IGNORE,0,WATCH,,0,0,0,NA,NA,NA,NA,NA,CLEAR,1,0,0,0,0,TREND_REVERSAL_UNCONFIRMED,2,0.45,SHORT,1,0,0,0
SOLUSDT,1772024400000,2026-02-25T13:00:00.000Z,BULL,SHORT,33.88656351229071,17.856066876592894,IGNORE,0,WATCH,,0,0,0,NA,NA,NA,NA,NA,CLEAR,1,1,0,0,0,TREND_REVERSAL_UNCONFIRMED,2,0.45,SHORT,1,0,0,0
SOLUSDT,1772028000000,2026-02-25T14:00:00.000Z,BULL,SHORT,43.05555555555556,18.578125,IGNORE,0,WATCH,,0,0,0,NA,NA,NA,NA,NA,CLEAR,1,1,0,0,0,TREND_REVERSAL_UNCONFIRMED,2,0.45,SHORT,1,0,0,0
SOLUSDT,1772031600000,2026-02-25T15:00:00.000Z,BULL,SHORT,43.05555555555556,18.578125,IGNORE,0,WATCH,,0,0,0,NA,NA,NA,NA,NA,CLEAR,1,1,0,0,0,TREND_REVERSAL_UNCONFIRMED,2,0.45,SHORT,1,0,0,0
SOLUSDT,1772035200000,2026-02-25T16:00:00.000Z,BULL,SHORT,44.79166666666667,18.714843750000004,IGNORE,0,WATCH,,0,0,0,NA,NA,NA,NA,NA,CLEAR,1,1,0,0,0,TREND_REVERSAL_UNCONFIRMED,2,0.45,SHORT,1,0,0,0
SOLUSDT,1772038800000,2026-02-25T17:00:00.000Z,BULL,SHORT,41.965913102965,18.492315656858494,IGNORE,0,WATCH,,0,0,0,NA,NA,NA,NA,NA,CLEAR,1,1,0,0,0,TREND_REVERSAL_UNCONFIRMED,2,0.45,SHORT,1,0,0,0
SOLUSDT,1772042400000,2026-02-25T18:00:00.000Z,BULL,SHORT,19.791666666666668,13.08984375,IGNORE,0,WATCH,,0,0,0,NA,NA,NA,NA,NA,CLEAR,1,0,0,0,0,TREND_REVERSAL_UNCONFIRMED,1,0.45,SHORT,1,0,0,0
SOLUSDT,1772046000000,2026-02-25T19:00:00.000Z,BULL,SHORT,44.79166666666667,18.714843750000004,IGNORE,0,WATCH,,0,0,0,NA,NA,NA,NA,NA,CLEAR,1,0,0,0,0,TREND_REVERSAL_UNCONFIRMED,2,0.45,SHORT,1,0,0,0
SOLUSDT,1772049600000,2026-02-25T20:00:00.000Z,BULL,SHORT,16.319444444444443,12.81640625,IGNORE,0,WATCH,,0,0,0,NA,NA,NA,NA,NA,CLEAR,1,0,0,0,0,TREND_REVERSAL_UNCONFIRMED,1,0.45,SHORT,1,0,0,0
SOLUSDT,1772053200000,2026-02-25T21:00:00.000Z,BULL,SHORT,35.67615371301554,17.996997104899975,IGNORE,0,WATCH,,0,0,0,NA,NA,NA,NA,NA,CLEAR,1,0,0,0,0,TREND_REVERSAL_UNCONFIRMED,2,0.45,SHORT,1,0,0,0
SOLUSDT,1772056800000,2026-02-25T22:00:00.000Z,BULL,SHORT,39.58333333333333,18.3046875,IGNORE,0,WATCH,,0,0,0,NA,NA,NA,NA,NA,CLEAR,1,0,0,0,0,TREND_REVERSAL_UNCONFIRMED,2,0.45,SHORT,1,0,0,0
SOLUSDT,1772060400000,2026-02-25T23:00:00.000Z,BULL,SHORT,13.712287656548853,12.611092652953221,IGNORE,0,WATCH,,0,0,0,NA,NA,NA,NA,NA,CLEAR,1,0,0,0,0,TREND_REVERSAL_UNCONFIRMED,1,0.45,SHORT,1,0,0,0
SOLUSDT,1772064000000,2026-02-26T00:00:00.000Z,BULL,SHORT,0,7.875,IGNORE,0,WATCH,,0,0,0,NA,NA,NA,NA,NA,CLEAR,1,0,0,0,0,TREND_REVERSAL_UNCONFIRMED,0,0.45,SHORT,1,0,0,0
SOLUSDT,1772067600000,2026-02-26T01:00:00.000Z,BULL,SHORT,0,7.875,IGNORE,0,WATCH,,0,0,0,NA,NA,NA,NA,NA,CLEAR,1,0,0,0,0,TREND_REVERSAL_UNCONFIRMED,0,0.45,SHORT,1,0,0,0
SOLUSDT,1772071200000,2026-02-26T02:00:00.000Z,BULL,SHORT,0,7.875,IGNORE,0,WATCH,,0,0,0,NA,NA,NA,NA,NA,WARNING_SOFT,1,0,0,0,0,TREND_REVERSAL_UNCONFIRMED,0,0.45,SHORT,1,0,0,0
SOLUSDT,1772074800000,2026-02-26T03:00:00.000Z,BULL,SHORT,0,7.875,IGNORE,0,WATCH,,0,0,0,NA,NA,NA,NA,NA,WARNING_SOFT,1,0,0,0,0,TREND_REVERSAL_UNCONFIRMED,0,0.45,SHORT,1,0,0,0
SOLUSDT,1772078400000,2026-02-26T04:00:00.000Z,BULL,SHORT,0,7.875,IGNORE,0,WATCH,,0,0,0,NA,NA,NA,NA,NA,CLEAR,1,0,0,0,0,TREND_REVERSAL_UNCONFIRMED,0,0.45,SHORT,1,0,0,0
SOLUSDT,1772082000000,2026-02-26T05:00:00.000Z,BULL,SHORT,0,7.875,IGNORE,0,WATCH,,0,0,0,NA,NA,NA,NA,NA,WARNING_SOFT,1,0,0,0,0,TREND_REVERSAL_UNCONFIRMED,0,0.45,SHORT,1,0,0,0
SOLUSDT,1772085600000,2026-02-26T06:00:00.000Z,BULL,SHORT,0,7.875,IGNORE,0,WATCH,,0,0,0,NA,NA,NA,NA,NA,WARNING_SOFT,1,0,0,0,0,TREND_REVERSAL_UNCONFIRMED,0,0.45,SHORT,1,0,0,0
SOLUSDT,1772089200000,2026-02-26T07:00:00.000Z,BULL,SHORT,0,7.875,IGNORE,0,WATCH,,0,0,0,NA,NA,NA,NA,NA,WARNING_SOFT,1,0,0,0,0,TREND_REVERSAL_UNCONFIRMED,0,0.45,SHORT,1,0,0,0
SOLUSDT,1772092800000,2026-02-26T08:00:00.000Z,BULL,SHORT,0,7.875,IGNORE,0,WATCH,,0,0,0,NA,NA,NA,NA,NA,WARNING_SOFT,1,0,0,0,0,TREND_REVERSAL_UNCONFIRMED,0,0.45,SHORT,1,0,0,0
SOLUSDT,1772096400000,2026-02-26T09:00:00.000Z,BULL,SHORT,0,7.875,IGNORE,0,WATCH,,0,0,0,NA,NA,NA,NA,NA,WARNING_SOFT,1,0,0,0,0,TREND_REVERSAL_UNCONFIRMED,0,0.45,SHORT,1,0,0,0
SOLUSDT,1772100000000,2026-02-26T10:00:00.000Z,BULL,SHORT,25,13.5,IGNORE,0,WATCH,,0,0,0,NA,NA,NA,NA,NA,WARNING_SOFT,1,0,0,0,0,TREND_REVERSAL_UNCONFIRMED,1,0.45,SHORT,1,0,0,0
SOLUSDT,1772103600000,2026-02-26T11:00:00.000Z,NEUTRAL,NONE,0,7.875,IGNORE,0,WATCH,,0,0,0,NA,NA,NA,NA,NA,BLOCK,0,0,0,0,0,TREND_REVERSAL_UNCONFIRMED,0,0.45,NONE,1,0,0,0
SOLUSDT,1772107200000,2026-02-26T12:00:00.000Z,BULL,SHORT,17.5,12.909375,IGNORE,0,WATCH,,0,0,0,NA,NA,NA,NA,NA,WARNING_SOFT,1,0,0,0,0,TREND_REVERSAL_UNCONFIRMED,1,0.45,SHORT,1,0,0,0
SOLUSDT,1772110800000,2026-02-26T13:00:00.000Z,BULL,SHORT,17.5,12.909375,IGNORE,0,WATCH,,0,0,0,NA,NA,NA,NA,NA,WARNING_SOFT,1,0,0,0,0,TREND_REVERSAL_UNCONFIRMED,1,0.45,SHORT,1,0,0,0
SOLUSDT,1772114400000,2026-02-26T14:00:00.000Z,NEUTRAL,NONE,0,7.875,IGNORE,0,WATCH,,0,0,0,NA,NA,NA,NA,NA,WARNING_SOFT,1,0,0,0,0,TREND_REVERSAL_UNCONFIRMED,0,0.45,NONE,1,0,0,0
SOLUSDT,1772118000000,2026-02-26T15:00:00.000Z,NEUTRAL,NONE,0,7.875,IGNORE,0,WATCH,,0,0,0,NA,NA,NA,NA,NA,BLOCK,0,0,0,0,0,TREND_REVERSAL_UNCONFIRMED,0,0.45,NONE,1,0,0,0
SOLUSDT,1772121600000,2026-02-26T16:00:00.000Z,NEUTRAL,NONE,0,7.875,IGNORE,0,WATCH,,0,0,0,NA,NA,NA,NA,NA,BLOCK,0,0,0,0,0,TREND_REVERSAL_UNCONFIRMED,0,0.45,NONE,1,0,0,0
SOLUSDT,1772125200000,2026-02-26T17:00:00.000Z,NEUTRAL,NONE,0,7.875,IGNORE,0,WATCH,,0,0,0,NA,NA,NA,NA,NA,BLOCK,0,0,0,0,0,TREND_REVERSAL_UNCONFIRMED,0,0.45,NONE,1,0,0,0
SOLUSDT,1772128800000,2026-02-26T18:00:00.000Z,NEUTRAL,NONE,0,7.875,IGNORE,0,WATCH,,0,0,0,NA,NA,NA,NA,NA,WARNING_SOFT,1,0,0,0,0,TREND_REVERSAL_UNCONFIRMED,0,0.45,NONE,1,0,0,0
SOLUSDT,1772132400000,2026-02-26T19:00:00.000Z,NEUTRAL,NONE,0,7.875,IGNORE,0,WATCH,,0,0,0,NA,NA,NA,NA,NA,WARNING_SOFT,1,0,0,0,0,TREND_REVERSAL_UNCONFIRMED,0,0.45,NONE,1,0,0,0
SOLUSDT,1772136000000,2026-02-26T20:00:00.000Z,NEUTRAL,NONE,0,7.875,IGNORE,0,WATCH,,0,0,0,NA,NA,NA,NA,NA,WARNING_SOFT,1,0,0,0,0,TREND_REVERSAL_UNCONFIRMED,0,0.45,NONE,1,0,0,0
SOLUSDT,1772139600000,2026-02-26T21:00:00.000Z,NEUTRAL,NONE,0,7.875,IGNORE,0,WATCH,,0,0,0,NA,NA,NA,NA,NA,WARNING_SOFT,1,0,0,0,0,TREND_REVERSAL_UNCONFIRMED,0,0.45,NONE,1,0,0,0
SOLUSDT,1772143200000,2026-02-26T22:00:00.000Z,NEUTRAL,NONE,0,7.875,IGNORE,0,WATCH,,0,0,0,NA,NA,NA,NA,NA,WARNING_SOFT,1,0,0,0,0,TREND_REVERSAL_UNCONFIRMED,0,0.45,NONE,1,0,0,0
SOLUSDT,1772146800000,2026-02-26T23:00:00.000Z,NEUTRAL,NONE,0,7.875,IGNORE,0,WATCH,,0,0,0,NA,NA,NA,NA,NA,WARNING_SOFT,1,0,0,0,0,TREND_REVERSAL_UNCONFIRMED,0,0.45,NONE,1,0,0,0
SOLUSDT,1772150400000,2026-02-27T00:00:00.000Z,NEUTRAL,NONE,0,7.875,IGNORE,0,WATCH,,0,0,0,NA,NA,NA,NA,NA,WARNING_SOFT,1,0,0,0,0,TREND_REVERSAL_UNCONFIRMED,0,0.45,NONE,1,0,0,0
SOLUSDT,1772154000000,2026-02-27T01:00:00.000Z,NEUTRAL,NONE,0,7.875,IGNORE,0,WATCH,,0,0,0,NA,NA,NA,NA,NA,WARNING_SOFT,1,0,0,0,0,TREND_REVERSAL_UNCONFIRMED,0,0.45,NONE,1,0,0,0
SOLUSDT,1772157600000,2026-02-27T02:00:00.000Z,BULL,SHORT,17.5,12.909375,IGNORE,0,WATCH,,0,0,0,NA,NA,NA,NA,NA,WARNING_SOFT,1,0,0,0,0,TREND_REVERSAL_UNCONFIRMED,1,0.45,SHORT,1,0,0,0
SOLUSDT,1772161200000,2026-02-27T03:00:00.000Z,BULL,SHORT,17.5,12.909375,IGNORE,0,WATCH,,0,0,0,NA,NA,NA,NA,NA,CLEAR,1,0,0,0,0,TREND_REVERSAL_UNCONFIRMED,1,0.45,SHORT,1,0,0,0
SOLUSDT,1772164800000,2026-02-27T04:00:00.000Z,BULL,SHORT,55.55164025629475,60.56109111767532,WATCH,1,ACTIVE,ACTIVE,1,1,1,PASS,PASS,SKIP,SKIP,PASS,CLEAR,1,0,0,0,1,,3,0.84,SHORT,0,1,0,0
SOLUSDT,1772168400000,2026-02-27T05:00:00.000Z,BULL,SHORT,17.5,12.909375,IGNORE,0,WATCH,,0,0,0,NA,NA,NA,NA,NA,CLEAR,1,0,0,0,0,TREND_REVERSAL_UNCONFIRMED,1,0.45,SHORT,1,0,0,0
SOLUSDT,1772172000000,2026-02-27T06:00:00.000Z,BULL,SHORT,17.5,12.909375,IGNORE,0,WATCH,,0,0,0,NA,NA,NA,NA,NA,CLEAR,1,0,0,0,0,TREND_REVERSAL_UNCONFIRMED,1,0.45,SHORT,1,0,0,0
SOLUSDT,1772175600000,2026-02-27T07:00:00.000Z,BULL,SHORT,0,7.875,IGNORE,0,WATCH,,0,0,0,NA,NA,NA,NA,NA,CLEAR,1,0,0,0,0,TREND_REVERSAL_UNCONFIRMED,0,0.45,SHORT,1,0,0,0
SOLUSDT,1772179200000,2026-02-27T08:00:00.000Z,BULL,SHORT,0,7.875,IGNORE,0,WATCH,,0,0,0,NA,NA,NA,NA,NA,CLEAR,1,0,0,0,0,TREND_REVERSAL_UNCONFIRMED,0,0.45,SHORT,1,0,0,0
SOLUSDT,1772182800000,2026-02-27T09:00:00.000Z,NEUTRAL,NONE,0,7.875,IGNORE,0,WATCH,,0,0,0,NA,NA,NA,NA,NA,WARNING_SOFT,1,0,0,0,0,TREND_REVERSAL_UNCONFIRMED,0,0.45,NONE,1,0,0,0
SOLUSDT,1772186400000,2026-02-27T10:00:00.000Z,NEUTRAL,NONE,0,7.875,IGNORE,0,WATCH,,0,0,0,NA,NA,NA,NA,NA,BLOCK,0,0,1,0,0,TREND_REVERSAL_UNCONFIRMED,0,0.45,NONE,1,0,0,0
SOLUSDT,1772190000000,2026-02-27T11:00:00.000Z,NEUTRAL,NONE,0,7.875,IGNORE,0,WATCH,,0,0,0,NA,NA,NA,NA,NA,BLOCK,0,0,1,0,0,TREND_REVERSAL_UNCONFIRMED,0,0.45,NONE,1,0,0,0
SOLUSDT,1772193600000,2026-02-27T12:00:00.000Z,NEUTRAL,NONE,0,7.875,IGNORE,0,WATCH,,0,0,0,NA,NA,NA,NA,NA,BLOCK,0,0,1,0,0,TREND_REVERSAL_UNCONFIRMED,0,0.45,NONE,1,0,0,0
SOLUSDT,1772197200000,2026-02-27T13:00:00.000Z,NEUTRAL,NONE,0,7.875,IGNORE,0,WATCH,,0,0,0,NA,NA,NA,NA,NA,BLOCK,0,0,0,0,0,TREND_REVERSAL_UNCONFIRMED,0,0.45,NONE,1,0,0,0
SOLUSDT,1772200800000,2026-02-27T14:00:00.000Z,BEAR,LONG,54.52658548808745,60.41040806674886,WATCH,1,ACTIVE,ACTIVE,1,1,1,PASS,PASS,SKIP,SKIP,PASS,CLEAR,1,0,0,0,1,,3,0.84,LONG,0,1,0,0
SOLUSDT,1772204400000,2026-02-27T15:00:00.000Z,BEAR,LONG,33.17987210226653,17.800414928053492,IGNORE,0,WATCH,,0,0,0,NA,NA,NA,NA,NA,CLEAR,1,0,0,0,0,TREND_REVERSAL_UNCONFIRMED,2,0.45,LONG,1,0,0,0
SOLUSDT,1772208000000,2026-02-27T16:00:00.000Z,BEAR,LONG,52.462728261674854,60.1070210544662,WATCH,1,ACTIVE,ACTIVE,1,1,1,PASS,PASS,SKIP,SKIP,PASS,CLEAR,1,0,0,0,1,,3,0.84,LONG,0,1,0,0
SOLUSDT,1772211600000,2026-02-27T17:00:00.000Z,BEAR,LONG,44.3644811037556,22.337452886920754,IGNORE,0,WATCH,,0,0,0,NA,NA,NA,NA,NA,CLEAR,1,0,0,0,0,TREND_REVERSAL_UNCONFIRMED,3,0.45,LONG,1,0,0,0
SOLUSDT,1772215200000,2026-02-27T18:00:00.000Z,BEAR,LONG,30.34722222222222,17.57734375,IGNORE,0,WATCH,,0,0,0,NA,NA,NA,NA,NA,CLEAR,1,0,0,0,0,TREND_REVERSAL_UNCONFIRMED,2,0.45,LONG,1,0,0,0
SOLUSDT,1772218800000,2026-02-27T19:00:00.000Z,BEAR,LONG,17.5,12.909375,IGNORE,0,WATCH,,0,0,0,NA,NA,NA,NA,NA,CLEAR,1,0,0,0,0,TREND_REVERSAL_UNCONFIRMED,1,0.45,LONG,1,0,0,0
SOLUSDT,1772222400000,2026-02-27T20:00:00.000Z,BEAR,LONG,0,7.875,IGNORE,0,WATCH,,0,0,0,NA,NA,NA,NA,NA,CLEAR,1,0,0,0,0,TREND_REVERSAL_UNCONFIRMED,0,0.45,LONG,1,0,0,0
SOLUSDT,1772226000000,2026-02-27T21:00:00.000Z,BEAR,LONG,14.583333333333332,12.6796875,IGNORE,0,WATCH,,0,0,0,NA,NA,NA,NA,NA,CLEAR,1,0,0,0,0,TREND_REVERSAL_UNCONFIRMED,1,0.45,LONG,1,0,0,0
SOLUSDT,1772229600000,2026-02-27T22:00:00.000Z,BEAR,LONG,25,13.5,IGNORE,0,WATCH,,0,0,0,NA,NA,NA,NA,NA,CLEAR,1,0,0,0,0,TREND_REVERSAL_UNCONFIRMED,1,0.45,LONG,1,0,0,0
SOLUSDT,1772233200000,2026-02-27T23:00:00.000Z,BEAR,LONG,0,7.875,IGNORE,0,WATCH,,0,0,0,NA,NA,NA,NA,NA,CLEAR,1,0,0,0,0,TREND_REVERSAL_UNCONFIRMED,0,0.45,LONG,1,0,0,0
SOLUSDT,1772236800000,2026-02-28T00:00:00.000Z,BEAR,LONG,0,7.875,IGNORE,0,WATCH,,0,0,0,NA,NA,NA,NA,NA,CLEAR,1,0,0,0,0,TREND_REVERSAL_UNCONFIRMED,0,0.45,LONG,1,0,0,0
SOLUSDT,1772240400000,2026-02-28T01:00:00.000Z,BEAR,LONG,0,7.875,IGNORE,0,WATCH,,0,0,0,NA,NA,NA,NA,NA,CLEAR,1,0,0,0,0,TREND_REVERSAL_UNCONFIRMED,0,0.45,LONG,1,0,0,0
SOLUSDT,1772244000000,2026-02-28T02:00:00.000Z,BEAR,LONG,25,13.5,IGNORE,0,WATCH,,0,0,0,NA,NA,NA,NA,NA,WARNING_SOFT,1,0,0,0,0,TREND_REVERSAL_UNCONFIRMED,1,0.45,LONG,1,0,0,0
SOLUSDT,1772247600000,2026-02-28T03:00:00.000Z,BEAR,LONG,0,7.875,IGNORE,0,WATCH,,0,0,0,NA,NA,NA,NA,NA,CLEAR,1,0,0,0,0,TREND_REVERSAL_UNCONFIRMED,0,0.45,LONG,1,0,0,0
SOLUSDT,1772251200000,2026-02-28T04:00:00.000Z,BEAR,LONG,0,7.875,IGNORE,0,WATCH,,0,0,0,NA,NA,NA,NA,NA,CLEAR,1,0,0,0,0,TREND_REVERSAL_UNCONFIRMED,0,0.45,LONG,1,0,0,0
SOLUSDT,1772254800000,2026-02-28T05:00:00.000Z,BEAR,LONG,0,7.875,IGNORE,0,WATCH,,0,0,0,NA,NA,NA,NA,NA,CLEAR,1,0,0,0,0,TREND_REVERSAL_UNCONFIRMED,0,0.45,LONG,1,0,0,0
SOLUSDT,1772258400000,2026-02-28T06:00:00.000Z,BEAR,LONG,41.31944444444444,18.44140625,IGNORE,0,WATCH,,0,0,0,NA,NA,NA,NA,NA,CLEAR,1,0,1,0,0,TREND_REVERSAL_UNCONFIRMED,2,0.45,LONG,1,0,0,0
SOLUSDT,1772262000000,2026-02-28T07:00:00.000Z,BEAR,LONG,62.84722222222222,52.393541666666664,WATCH,1,WATCH,ACTIVE,1,1,0,FAIL,PASS,SKIP,SKIP,PASS,CLEAR,1,0,0,0,0,MARKET_CONTEXT_DENIED,3,0.84,LONG,0,1,0,0
SOLUSDT,1772265600000,2026-02-28T08:00:00.000Z,BEAR,LONG,12.847222222222221,12.54296875,IGNORE,0,WATCH,,0,0,0,NA,NA,NA,NA,NA,CLEAR,1,0,0,0,0,TREND_REVERSAL_UNCONFIRMED,1,0.45,LONG,1,0,0,0
SOLUSDT,1772269200000,2026-02-28T09:00:00.000Z,BEAR,LONG,0,7.875,IGNORE,0,WATCH,,0,0,0,NA,NA,NA,NA,NA,CLEAR,1,0,0,0,0,TREND_REVERSAL_UNCONFIRMED,0,0.45,LONG,1,0,0,0
SOLUSDT,1772272800000,2026-02-28T10:00:00.000Z,BEAR,LONG,0,7.875,IGNORE,0,WATCH,,0,0,0,NA,NA,NA,NA,NA,CLEAR,1,0,0,0,0,TREND_REVERSAL_UNCONFIRMED,0,0.45,LONG,1,0,0,0
SOLUSDT,1772276400000,2026-02-28T11:00:00.000Z,BEAR,LONG,0,7.875,IGNORE,0,WATCH,,0,0,0,NA,NA,NA,NA,NA,CLEAR,1,0,0,0,0,TREND_REVERSAL_UNCONFIRMED,0,0.45,LONG,1,0,0,0
SOLUSDT,1772280000000,2026-02-28T12:00:00.000Z,BEAR,LONG,0,7.875,IGNORE,0,WATCH,,0,0,0,NA,NA,NA,NA,NA,CLEAR,1,0,0,0,0,TREND_REVERSAL_UNCONFIRMED,0,0.45,LONG,1,0,0,0
SOLUSDT,1772283600000,2026-02-28T13:00:00.000Z,NEUTRAL,NONE,0,7.875,IGNORE,0,WATCH,,0,0,0,NA,NA,NA,NA,NA,WARNING_SOFT,1,0,0,0,0,TREND_REVERSAL_UNCONFIRMED,0,0.45,NONE,1,0,0,0
SOLUSDT,1772287200000,2026-02-28T14:00:00.000Z,BEAR,LONG,25,13.5,IGNORE,0,WATCH,,0,0,0,NA,NA,NA,NA,NA,BLOCK,0,0,0,0,0,TREND_REVERSAL_UNCONFIRMED,1,0.45,LONG,1,0,0,0
SOLUSDT,1772290800000,2026-02-28T15:00:00.000Z,NEUTRAL,NONE,0,7.875,IGNORE,0,WATCH,,0,0,0,NA,NA,NA,NA,NA,WARNING_SOFT,1,0,0,0,0,TREND_REVERSAL_UNCONFIRMED,0,0.45,NONE,1,0,0,0
SOLUSDT,1772294400000,2026-02-28T16:00:00.000Z,NEUTRAL,NONE,0,7.875,IGNORE,0,WATCH,,0,0,0,NA,NA,NA,NA,NA,CLEAR,1,0,0,0,0,TREND_REVERSAL_UNCONFIRMED,0,0.45,NONE,1,0,0,0
SOLUSDT,1772298000000,2026-02-28T17:00:00.000Z,NEUTRAL,NONE,0,7.875,IGNORE,0,WATCH,,0,0,0,NA,NA,NA,NA,NA,CLEAR,1,0,0,0,0,TREND_REVERSAL_UNCONFIRMED,0,0.45,NONE,1,0,0,0
SOLUSDT,1772301600000,2026-02-28T18:00:00.000Z,NEUTRAL,NONE,0,7.875,IGNORE,0,WATCH,,0,0,0,NA,NA,NA,NA,NA,CLEAR,1,0,0,0,0,TREND_REVERSAL_UNCONFIRMED,0,0.45,NONE,1,0,0,0
SOLUSDT,1772305200000,2026-02-28T19:00:00.000Z,NEUTRAL,NONE,0,7.875,IGNORE,0,WATCH,,0,0,0,NA,NA,NA,NA,NA,CLEAR,1,0,0,0,0,TREND_REVERSAL_UNCONFIRMED,0,0.45,NONE,1,0,0,0
SOLUSDT,1772308800000,2026-02-28T20:00:00.000Z,NEUTRAL,NONE,0,7.875,IGNORE,0,WATCH,,0,0,0,NA,NA,NA,NA,NA,CLEAR,1,1,0,0,0,TREND_REVERSAL_UNCONFIRMED,0,0.45,NONE,1,0,0,0
SOLUSDT,1772312400000,2026-02-28T21:00:00.000Z,NEUTRAL,NONE,0,7.875,IGNORE,0,WATCH,,0,0,0,NA,NA,NA,NA,NA,CLEAR,1,0,0,0,0,TREND_REVERSAL_UNCONFIRMED,0,0.45,NONE,1,0,0,0
SOLUSDT,1772316000000,2026-02-28T22:00:00.000Z,NEUTRAL,NONE,0,7.875,IGNORE,0,WATCH,,0,0,0,NA,NA,NA,NA,NA,CLEAR,1,0,0,0,0,TREND_REVERSAL_UNCONFIRMED,0,0.45,NONE,1,0,0,0
SOLUSDT,1772319600000,2026-02-28T23:00:00.000Z,NEUTRAL,NONE,0,7.875,IGNORE,0,WATCH,,0,0,0,NA,NA,NA,NA,NA,CLEAR,1,0,0,0,0,TREND_REVERSAL_UNCONFIRMED,0,0.45,NONE,1,0,0,0
SOLUSDT,1772323200000,2026-03-01T00:00:00.000Z,NEUTRAL,NONE,0,7.875,IGNORE,0,WATCH,,0,0,0,NA,NA,NA,NA,NA,CLEAR,1,0,0,0,0,TREND_REVERSAL_UNCONFIRMED,0,0.45,NONE,1,0,0,0
SOLUSDT,1772326800000,2026-03-01T01:00:00.000Z,BULL,SHORT,46.55252618543521,22.509761437103023,IGNORE,0,WATCH,,0,0,0,NA,NA,NA,NA,NA,CLEAR,1,0,0,0,0,TREND_REVERSAL_UNCONFIRMED,3,0.45,SHORT,1,0,0,0
SOLUSDT,1772330400000,2026-03-01T02:00:00.000Z,BULL,SHORT,53.104840901061955,60.201411612456106,WATCH,1,ACTIVE,ACTIVE,1,1,1,PASS,PASS,SKIP,SKIP,PASS,CLEAR,1,0,0,0,1,,3,0.84,SHORT,0,1,0,0
SOLUSDT,1772334000000,2026-03-01T03:00:00.000Z,BULL,SHORT,64.375,61.858125,WATCH,1,ACTIVE,ACTIVE,1,1,1,PASS,PASS,SKIP,SKIP,PASS,CLEAR,1,0,0,0,1,,3,0.84,SHORT,0,1,0,0
SOLUSDT,1772337600000,2026-03-01T04:00:00.000Z,BULL,SHORT,30.34722222222222,17.57734375,IGNORE,0,WATCH,,0,0,0,NA,NA,NA,NA,NA,CLEAR,1,0,0,0,0,TREND_REVERSAL_UNCONFIRMED,2,0.45,SHORT,1,0,0,0
SOLUSDT,1772341200000,2026-03-01T05:00:00.000Z,BULL,SHORT,0,7.875,IGNORE,0,WATCH,,0,0,0,NA,NA,NA,NA,NA,CLEAR,1,0,0,0,0,TREND_REVERSAL_UNCONFIRMED,0,0.45,SHORT,1,0,0,0
SOLUSDT,1772344800000,2026-03-01T06:00:00.000Z,BULL,SHORT,0,7.875,IGNORE,0,WATCH,,0,0,0,NA,NA,NA,NA,NA,CLEAR,1,0,0,0,0,TREND_REVERSAL_UNCONFIRMED,0,0.45,SHORT,1,0,0,0
SOLUSDT,1772348400000,2026-03-01T07:00:00.000Z,BULL,SHORT,0,7.875,IGNORE,0,WATCH,,0,0,0,NA,NA,NA,NA,NA,CLEAR,1,0,0,0,0,TREND_REVERSAL_UNCONFIRMED,0,0.45,SHORT,1,0,0,0
SOLUSDT,1772352000000,2026-03-01T08:00:00.000Z,BULL,SHORT,0,7.875,IGNORE,0,WATCH,,0,0,0,NA,NA,NA,NA,NA,CLEAR,1,0,0,0,0,TREND_REVERSAL_UNCONFIRMED,0,0.45,SHORT,1,0,0,0
SOLUSDT,1772355600000,2026-03-01T09:00:00.000Z,BULL,SHORT,0,7.875,IGNORE,0,WATCH,,0,0,0,NA,NA,NA,NA,NA,WARNING_SOFT,1,0,0,0,0,TREND_REVERSAL_UNCONFIRMED,0,0.45,SHORT,1,0,0,0
SOLUSDT,1772359200000,2026-03-01T10:00:00.000Z,BULL,SHORT,0,7.875,IGNORE,0,WATCH,,0,0,0,NA,NA,NA,NA,NA,WARNING_SOFT,1,0,0,0,0,TREND_REVERSAL_UNCONFIRMED,0,0.45,SHORT,1,0,0,0
SOLUSDT,1772362800000,2026-03-01T11:00:00.000Z,BULL,SHORT,25,13.5,IGNORE,0,WATCH,,0,0,0,NA,NA,NA,NA,NA,WARNING_SOFT,1,0,0,0,0,TREND_REVERSAL_UNCONFIRMED,1,0.45,SHORT,1,0,0,0
SOLUSDT,1772366400000,2026-03-01T12:00:00.000Z,NEUTRAL,NONE,0,7.875,IGNORE,0,WATCH,,0,0,0,NA,NA,NA,NA,NA,WARNING_SOFT,1,0,0,0,0,TREND_REVERSAL_UNCONFIRMED,0,0.45,NONE,1,0,0,0
SOLUSDT,1772370000000,2026-03-01T13:00:00.000Z,BULL,SHORT,18.989677416574658,13.026687096555255,IGNORE,0,WATCH,,0,0,0,NA,NA,NA,NA,NA,WARNING_SOFT,1,0,0,0,0,TREND_REVERSAL_UNCONFIRMED,1,0.45,SHORT,1,0,0,0
SOLUSDT,1772373600000,2026-03-01T14:00:00.000Z,BULL,SHORT,0,7.875,IGNORE,0,WATCH,,0,0,0,NA,NA,NA,NA,NA,CLEAR,1,0,0,0,0,TREND_REVERSAL_UNCONFIRMED,0,0.45,SHORT,1,0,0,0
SOLUSDT,1772377200000,2026-03-01T15:00:00.000Z,BULL,SHORT,0,7.875,IGNORE,0,WATCH,,0,0,0,NA,NA,NA,NA,NA,CLEAR,1,0,0,0,0,TREND_REVERSAL_UNCONFIRMED,0,0.45,SHORT,1,0,0,0
SOLUSDT,1772380800000,2026-03-01T16:00:00.000Z,NEUTRAL,NONE,0,7.875,IGNORE,0,WATCH,,0,0,0,NA,NA,NA,NA,NA,BLOCK,0,0,1,0,0,TREND_REVERSAL_UNCONFIRMED,0,0.45,NONE,1,0,0,0
SOLUSDT,1772384400000,2026-03-01T17:00:00.000Z,NEUTRAL,NONE,0,7.875,IGNORE,0,WATCH,,0,0,0,NA,NA,NA,NA,NA,BLOCK,0,0,0,0,0,TREND_REVERSAL_UNCONFIRMED,0,0.45,NONE,1,0,0,0
SOLUSDT,1772388000000,2026-03-01T18:00:00.000Z,NEUTRAL,NONE,0,7.875,IGNORE,0,WATCH,,0,0,0,NA,NA,NA,NA,NA,BLOCK,0,0,0,0,0,TREND_REVERSAL_UNCONFIRMED,0,0.45,NONE,1,0,0,0
SOLUSDT,1772391600000,2026-03-01T19:00:00.000Z,NEUTRAL,NONE,0,7.875,IGNORE,0,WATCH,,0,0,0,NA,NA,NA,NA,NA,WARNING_SOFT,1,0,0,0,0,TREND_REVERSAL_UNCONFIRMED,0,0.45,NONE,1,0,0,0
SOLUSDT,1772395200000,2026-03-01T20:00:00.000Z,NEUTRAL,NONE,0,7.875,IGNORE,0,WATCH,,0,0,0,NA,NA,NA,NA,NA,BLOCK,0,0,0,0,0,TREND_REVERSAL_UNCONFIRMED,0,0.45,NONE,1,0,0,0
SOLUSDT,1772398800000,2026-03-01T21:00:00.000Z,NEUTRAL,NONE,0,7.875,IGNORE,0,WATCH,,0,0,0,NA,NA,NA,NA,NA,WARNING_SOFT,1,0,0,0,0,TREND_REVERSAL_UNCONFIRMED,0,0.45,NONE,1,0,0,0
SOLUSDT,1772402400000,2026-03-01T22:00:00.000Z,NEUTRAL,NONE,0,7.875,IGNORE,0,WATCH,,0,0,0,NA,NA,NA,NA,NA,BLOCK,0,0,0,0,0,TREND_REVERSAL_UNCONFIRMED,0,0.45,NONE,1,0,0,0
SOLUSDT,1772406000000,2026-03-01T23:00:00.000Z,NEUTRAL,NONE,0,7.875,IGNORE,0,WATCH,,0,0,0,NA,NA,NA,NA,NA,BLOCK,0,0,0,0,0,TREND_REVERSAL_UNCONFIRMED,0,0.45,NONE,1,0,0,0
SOLUSDT,1772409600000,2026-03-02T00:00:00.000Z,BULL,SHORT,17.5,12.909375,IGNORE,0,WATCH,,0,0,0,NA,NA,NA,NA,NA,WARNING_SOFT,1,0,0,0,0,TREND_REVERSAL_UNCONFIRMED,1,0.45,SHORT,1,0,0,0
SOLUSDT,1772413200000,2026-03-02T01:00:00.000Z,BULL,SHORT,42.5,18.534375,IGNORE,0,WATCH,,0,0,0,NA,NA,NA,NA,NA,CLEAR,1,0,0,0,0,TREND_REVERSAL_UNCONFIRMED,2,0.45,SHORT,1,0,0,0
SOLUSDT,1772416800000,2026-03-02T02:00:00.000Z,NEUTRAL,NONE,0,7.875,IGNORE,0,WATCH,,0,0,0,NA,NA,NA,NA,NA,WARNING_SOFT,1,0,0,0,0,TREND_REVERSAL_UNCONFIRMED,0,0.45,NONE,1,0,0,0
SOLUSDT,1772420400000,2026-03-02T03:00:00.000Z,BULL,SHORT,17.5,12.909375,IGNORE,0,WATCH,,0,0,0,NA,NA,NA,NA,NA,CLEAR,1,0,0,0,0,TREND_REVERSAL_UNCONFIRMED,1,0.45,SHORT,1,0,0,0
SOLUSDT,1772424000000,2026-03-02T04:00:00.000Z,BULL,SHORT,17.5,12.909375,IGNORE,0,WATCH,,0,0,0,NA,NA,NA,NA,NA,CLEAR,1,0,0,0,0,TREND_REVERSAL_UNCONFIRMED,1,0.45,SHORT,1,0,0,0
SOLUSDT,1772427600000,2026-03-02T05:00:00.000Z,NEUTRAL,NONE,0,7.875,IGNORE,0,WATCH,,0,0,0,NA,NA,NA,NA,NA,WARNING_SOFT,1,0,0,0,0,TREND_REVERSAL_UNCONFIRMED,0,0.45,NONE,1,0,0,0
SOLUSDT,1772431200000,2026-03-02T06:00:00.000Z,NEUTRAL,NONE,0,7.875,IGNORE,0,WATCH,,0,0,0,NA,NA,NA,NA,NA,BLOCK,0,0,0,0,0,TREND_REVERSAL_UNCONFIRMED,0,0.45,NONE,1,0,0,0
SOLUSDT,1772434800000,2026-03-02T07:00:00.000Z,NEUTRAL,NONE,0,7.875,IGNORE,0,WATCH,,0,0,0,NA,NA,NA,NA,NA,WARNING_SOFT,1,0,0,0,0,TREND_REVERSAL_UNCONFIRMED,0,0.45,NONE,1,0,0,0
SOLUSDT,1772438400000,2026-03-02T08:00:00.000Z,NEUTRAL,NONE,0,7.875,IGNORE,0,WATCH,,0,0,0,NA,NA,NA,NA,NA,BLOCK,0,0,0,0,0,TREND_REVERSAL_UNCONFIRMED,0,0.45,NONE,1,0,0,0
SOLUSDT,1772442000000,2026-03-02T09:00:00.000Z,NEUTRAL,NONE,0,7.875,IGNORE,0,WATCH,,0,0,0,NA,NA,NA,NA,NA,BLOCK,0,0,0,0,0,TREND_REVERSAL_UNCONFIRMED,0,0.45,NONE,1,0,0,0
SOLUSDT,1772445600000,2026-03-02T10:00:00.000Z,NEUTRAL,NONE,0,7.875,IGNORE,0,WATCH,,0,0,0,NA,NA,NA,NA,NA,WARNING_SOFT,1,0,0,0,0,TREND_REVERSAL_UNCONFIRMED,0,0.45,NONE,1,0,0,0
SOLUSDT,1772449200000,2026-03-02T11:00:00.000Z,BEAR,LONG,17.5,12.909375,IGNORE,0,WATCH,,0,0,0,NA,NA,NA,NA,NA,WARNING_SOFT,1,0,0,0,0,TREND_REVERSAL_UNCONFIRMED,1,0.45,LONG,1,0,0,0
SOLUSDT,1772452800000,2026-03-02T12:00:00.000Z,BEAR,LONG,17.5,12.909375,IGNORE,0,WATCH,,0,0,0,NA,NA,NA,NA,NA,WARNING_SOFT,1,0,0,0,0,TREND_REVERSAL_UNCONFIRMED,1,0.45,LONG,1,0,0,0
SOLUSDT,1772456400000,2026-03-02T13:00:00.000Z,BEAR,LONG,17.5,12.909375,IGNORE,0,WATCH,,0,0,0,NA,NA,NA,NA,NA,CLEAR,1,0,0,0,0,TREND_REVERSAL_UNCONFIRMED,1,0.45,LONG,1,0,0,0
SOLUSDT,1772460000000,2026-03-02T14:00:00.000Z,BULL,SHORT,42.5,18.534375,IGNORE,0,WATCH,,0,0,0,NA,NA,NA,NA,NA,WARNING_SOFT,1,0,0,0,0,TREND_REVERSAL_UNCONFIRMED,2,0.45,SHORT,1,0,0,0
SOLUSDT,1772463600000,2026-03-02T15:00:00.000Z,BULL,SHORT,57.08333333333333,60.786249999999995,WATCH,1,ACTIVE,ACTIVE,1,1,1,PASS,PASS,SKIP,SKIP,PASS,CLEAR,1,0,0,0,1,,3,0.84,SHORT,0,1,0,0
SOLUSDT,1772467200000,2026-03-02T16:00:00.000Z,BULL,SHORT,55.34722222222222,60.53104166666666,WATCH,1,ACTIVE,ACTIVE,1,1,1,PASS,PASS,SKIP,SKIP,PASS,CLEAR,1,1,0,0,1,,3,0.84,SHORT,0,1,0,0
SOLUSDT,1772470800000,2026-03-02T17:00:00.000Z,BULL,SHORT,64.1069560820375,61.818722544059504,WATCH,1,ACTIVE,ACTIVE,1,1,1,PASS,PASS,SKIP,SKIP,PASS,CLEAR,1,0,0,0,1,,3,0.84,SHORT,0,1,0,0
SOLUSDT,1772474400000,2026-03-02T18:00:00.000Z,BULL,SHORT,17.5,12.909375,IGNORE,0,WATCH,,0,0,0,NA,NA,NA,NA,NA,CLEAR,1,0,0,0,0,TREND_REVERSAL_UNCONFIRMED,1,0.45,SHORT,1,0,0,0
SOLUSDT,1772478000000,2026-03-02T19:00:00.000Z,BULL,SHORT,0,7.875,IGNORE,0,WATCH,,0,0,0,NA,NA,NA,NA,NA,CLEAR,1,0,0,0,0,TREND_REVERSAL_UNCONFIRMED,0,0.45,SHORT,1,0,0,0
SOLUSDT,1772481600000,2026-03-02T20:00:00.000Z,BULL,SHORT,0,7.875,IGNORE,0,WATCH,,0,0,0,NA,NA,NA,NA,NA,CLEAR,1,0,0,0,0,TREND_REVERSAL_UNCONFIRMED,0,0.45,SHORT,1,0,0,0
SOLUSDT,1772485200000,2026-03-02T21:00:00.000Z,BULL,SHORT,0,7.875,IGNORE,0,WATCH,,0,0,0,NA,NA,NA,NA,NA,CLEAR,1,0,0,0,0,TREND_REVERSAL_UNCONFIRMED,0,0.45,SHORT,1,0,0,0
SOLUSDT,1772488800000,2026-03-02T22:00:00.000Z,BULL,SHORT,0,7.875,IGNORE,0,WATCH,,0,0,0,NA,NA,NA,NA,NA,CLEAR,1,0,0,0,0,TREND_REVERSAL_UNCONFIRMED,0,0.45,SHORT,1,0,0,0
SOLUSDT,1772492400000,2026-03-02T23:00:00.000Z,BULL,SHORT,25,13.5,IGNORE,0,WATCH,,0,0,0,NA,NA,NA,NA,NA,WARNING_SOFT,1,0,0,0,0,TREND_REVERSAL_UNCONFIRMED,1,0.45,SHORT,1,0,0,0
SOLUSDT,1772496000000,2026-03-03T00:00:00.000Z,BULL,SHORT,0,7.875,IGNORE,0,WATCH,,0,0,0,NA,NA,NA,NA,NA,WARNING_SOFT,1,0,0,0,0,TREND_REVERSAL_UNCONFIRMED,0,0.45,SHORT,1,0,0,0
SOLUSDT,1772499600000,2026-03-03T01:00:00.000Z,NEUTRAL,NONE,0,7.875,IGNORE,0,WATCH,,0,0,0,NA,NA,NA,NA,NA,WARNING_SOFT,1,0,0,0,0,TREND_REVERSAL_UNCONFIRMED,0,0.45,NONE,1,0,0,0
SOLUSDT,1772503200000,2026-03-03T02:00:00.000Z,NEUTRAL,NONE,0,7.875,IGNORE,0,WATCH,,0,0,0,NA,NA,NA,NA,NA,WARNING_SOFT,1,0,0,0,0,TREND_REVERSAL_UNCONFIRMED,0,0.45,NONE,1,0,0,0
SOLUSDT,1772506800000,2026-03-03T03:00:00.000Z,BULL,SHORT,17.5,12.909375,IGNORE,0,WATCH,,0,0,0,NA,NA,NA,NA,NA,WARNING_SOFT,1,0,0,0,0,TREND_REVERSAL_UNCONFIRMED,1,0.45,SHORT,1,0,0,0
SOLUSDT,1772510400000,2026-03-03T04:00:00.000Z,NEUTRAL,NONE,0,7.875,IGNORE,0,WATCH,,0,0,0,NA,NA,NA,NA,NA,WARNING_SOFT,1,0,0,0,0,TREND_REVERSAL_UNCONFIRMED,0,0.45,NONE,1,0,0,0
SOLUSDT,1772514000000,2026-03-03T05:00:00.000Z,NEUTRAL,NONE,0,7.875,IGNORE,0,WATCH,,0,0,0,NA,NA,NA,NA,NA,BLOCK,0,0,0,0,0,TREND_REVERSAL_UNCONFIRMED,0,0.45,NONE,1,0,0,0
SOLUSDT,1772517600000,2026-03-03T06:00:00.000Z,NEUTRAL,NONE,0,7.875,IGNORE,0,WATCH,,0,0,0,NA,NA,NA,NA,NA,WARNING_SOFT,1,0,0,0,0,TREND_REVERSAL_UNCONFIRMED,0,0.45,NONE,1,0,0,0
SOLUSDT,1772521200000,2026-03-03T07:00:00.000Z,NEUTRAL,NONE,0,7.875,IGNORE,0,WATCH,,0,0,0,NA,NA,NA,NA,NA,BLOCK,0,0,0,0,0,TREND_REVERSAL_UNCONFIRMED,0,0.45,NONE,1,0,0,0
SOLUSDT,1772524800000,2026-03-03T08:00:00.000Z,NEUTRAL,NONE,0,7.875,IGNORE,0,WATCH,,0,0,0,NA,NA,NA,NA,NA,BLOCK,0,0,0,0,0,TREND_REVERSAL_UNCONFIRMED,0,0.45,NONE,1,0,0,0
SOLUSDT,1772528400000,2026-03-03T09:00:00.000Z,NEUTRAL,NONE,0,7.875,IGNORE,0,WATCH,,0,0,0,NA,NA,NA,NA,NA,BLOCK,0,0,0,0,0,TREND_REVERSAL_UNCONFIRMED,0,0.45,NONE,1,0,0,0
SOLUSDT,1772532000000,2026-03-03T10:00:00.000Z,NEUTRAL,NONE,0,7.875,IGNORE,0,WATCH,,0,0,0,NA,NA,NA,NA,NA,BLOCK,0,0,0,0,0,TREND_REVERSAL_UNCONFIRMED,0,0.45,NONE,1,0,0,0
SOLUSDT,1772535600000,2026-03-03T11:00:00.000Z,NEUTRAL,NONE,0,7.875,IGNORE,0,WATCH,,0,0,0,NA,NA,NA,NA,NA,BLOCK,0,0,0,0,0,TREND_REVERSAL_UNCONFIRMED,0,0.45,NONE,1,0,0,0
SOLUSDT,1772539200000,2026-03-03T12:00:00.000Z,NEUTRAL,NONE,0,7.875,IGNORE,0,WATCH,,0,0,0,NA,NA,NA,NA,NA,BLOCK,0,0,0,0,0,TREND_REVERSAL_UNCONFIRMED,0,0.45,NONE,1,0,0,0
SOLUSDT,1772542800000,2026-03-03T13:00:00.000Z,NEUTRAL,NONE,0,7.875,IGNORE,0,WATCH,,0,0,0,NA,NA,NA,NA,NA,WARNING_SOFT,1,0,0,0,0,TREND_REVERSAL_UNCONFIRMED,0,0.45,NONE,1,0,0,0
SOLUSDT,1772546400000,2026-03-03T14:00:00.000Z,BEAR,LONG,42.5,18.534375,IGNORE,0,WATCH,,0,0,0,NA,NA,NA,NA,NA,CLEAR,1,0,0,0,0,TREND_REVERSAL_UNCONFIRMED,2,0.45,LONG,1,0,0,0
SOLUSDT,1772550000000,2026-03-03T15:00:00.000Z,NEUTRAL,NONE,0,7.875,IGNORE,0,WATCH,,0,0,0,NA,NA,NA,NA,NA,BLOCK,0,0,0,0,0,TREND_REVERSAL_UNCONFIRMED,0,0.45,NONE,1,0,0,0
SOLUSDT,1772553600000,2026-03-03T16:00:00.000Z,NEUTRAL,NONE,0,7.875,IGNORE,0,WATCH,,0,0,0,NA,NA,NA,NA,NA,CLEAR,1,0,0,0,0,TREND_REVERSAL_UNCONFIRMED,0,0.45,NONE,1,0,0,0
SOLUSDT,1772557200000,2026-03-03T17:00:00.000Z,BULL,SHORT,17.5,12.909375,IGNORE,0,WATCH,,0,0,0,NA,NA,NA,NA,NA,CLEAR,1,0,0,0,0,TREND_REVERSAL_UNCONFIRMED,1,0.45,SHORT,1,0,0,0
SOLUSDT,1772560800000,2026-03-03T18:00:00.000Z,BULL,SHORT,17.5,12.909375,IGNORE,0,WATCH,,0,0,0,NA,NA,NA,NA,NA,CLEAR,1,0,0,0,0,TREND_REVERSAL_UNCONFIRMED,1,0.45,SHORT,1,0,0,0
SOLUSDT,1772564400000,2026-03-03T19:00:00.000Z,BULL,SHORT,0,7.875,IGNORE,0,WATCH,,0,0,0,NA,NA,NA,NA,NA,CLEAR,1,0,0,0,0,TREND_REVERSAL_UNCONFIRMED,0,0.45,SHORT,1,0,0,0
SOLUSDT,1772568000000,2026-03-03T20:00:00.000Z,NEUTRAL,NONE,0,7.875,IGNORE,0,WATCH,,0,0,0,NA,NA,NA,NA,NA,WARNING_SOFT,1,0,0,0,0,TREND_REVERSAL_UNCONFIRMED,0,0.45,NONE,1,0,0,0
SOLUSDT,1772571600000,2026-03-03T21:00:00.000Z,BULL,SHORT,0,7.875,IGNORE,0,WATCH,,0,0,0,NA,NA,NA,NA,NA,WARNING_SOFT,1,0,0,0,0,TREND_REVERSAL_UNCONFIRMED,0,0.45,SHORT,1,0,0,0
SOLUSDT,1772575200000,2026-03-03T22:00:00.000Z,BULL,SHORT,0,7.875,IGNORE,0,WATCH,,0,0,0,NA,NA,NA,NA,NA,CLEAR,1,0,0,0,0,TREND_REVERSAL_UNCONFIRMED,0,0.45,SHORT,1,0,0,0
SOLUSDT,1772578800000,2026-03-03T23:00:00.000Z,BULL,SHORT,0,7.875,IGNORE,0,WATCH,,0,0,0,NA,NA,NA,NA,NA,CLEAR,1,0,0,0,0,TREND_REVERSAL_UNCONFIRMED,0,0.45,SHORT,1,0,0,0
SOLUSDT,1772582400000,2026-03-04T00:00:00.000Z,BULL,SHORT,25,13.5,IGNORE,0,WATCH,,0,0,0,NA,NA,NA,NA,NA,CLEAR,1,0,0,0,0,TREND_REVERSAL_UNCONFIRMED,1,0.45,SHORT,1,0,0,0
SOLUSDT,1772586000000,2026-03-04T01:00:00.000Z,BULL,SHORT,0,7.875,IGNORE,0,WATCH,,0,0,0,NA,NA,NA,NA,NA,CLEAR,1,0,0,0,0,TREND_REVERSAL_UNCONFIRMED,0,0.45,SHORT,1,0,0,0
SOLUSDT,1772589600000,2026-03-04T02:00:00.000Z,BULL,SHORT,0,7.875,IGNORE,0,WATCH,,0,0,0,NA,NA,NA,NA,NA,CLEAR,1,0,0,0,0,TREND_REVERSAL_UNCONFIRMED,0,0.45,SHORT,1,0,0,0
SOLUSDT,1772593200000,2026-03-04T03:00:00.000Z,NEUTRAL,NONE,0,7.875,IGNORE,0,WATCH,,0,0,0,NA,NA,NA,NA,NA,WARNING_SOFT,1,0,0,0,0,TREND_REVERSAL_UNCONFIRMED,0,0.45,NONE,1,0,0,0
SOLUSDT,1772596800000,2026-03-04T04:00:00.000Z,NEUTRAL,NONE,0,7.875,IGNORE,0,WATCH,,0,0,0,NA,NA,NA,NA,NA,WARNING_SOFT,1,0,0,0,0,TREND_REVERSAL_UNCONFIRMED,0,0.45,NONE,1,0,0,0
SOLUSDT,1772600400000,2026-03-04T05:00:00.000Z,NEUTRAL,NONE,0,7.875,IGNORE,0,WATCH,,0,0,0,NA,NA,NA,NA,NA,WARNING_SOFT,1,0,0,0,0,TREND_REVERSAL_UNCONFIRMED,0,0.45,NONE,1,0,0,0
SOLUSDT,1772604000000,2026-03-04T06:00:00.000Z,NEUTRAL,NONE,0,7.875,IGNORE,0,WATCH,,0,0,0,NA,NA,NA,NA,NA,WARNING_SOFT,1,0,0,0,0,TREND_REVERSAL_UNCONFIRMED,0,0.45,NONE,1,0,0,0
SOLUSDT,1772607600000,2026-03-04T07:00:00.000Z,BULL,SHORT,0,7.875,IGNORE,0,WATCH,,0,0,0,NA,NA,NA,NA,NA,WARNING_SOFT,1,0,0,0,0,TREND_REVERSAL_UNCONFIRMED,0,0.45,SHORT,1,0,0,0
SOLUSDT,1772611200000,2026-03-04T08:00:00.000Z,BULL,SHORT,34.87567629313684,17.933959508084524,IGNORE,0,WATCH,,0,0,0,NA,NA,NA,NA,NA,CLEAR,1,0,0,0,0,TREND_REVERSAL_UNCONFIRMED,2,0.45,SHORT,1,0,0,0
SOLUSDT,1772614800000,2026-03-04T09:00:00.000Z,BULL,SHORT,37.84722222222222,18.16796875,IGNORE,0,WATCH,,0,0,0,NA,NA,NA,NA,NA,CLEAR,1,1,0,0,0,TREND_REVERSAL_UNCONFIRMED,2,0.45,SHORT,1,0,0,0
SOLUSDT,1772618400000,2026-03-04T10:00:00.000Z,BULL,SHORT,41.20672184245389,18.432529345093243,IGNORE,0,WATCH,,0,0,0,NA,NA,NA,NA,NA,CLEAR,1,0,0,0,0,TREND_REVERSAL_UNCONFIRMED,2,0.45,SHORT,1,0,0,0
SOLUSDT,1772622000000,2026-03-04T11:00:00.000Z,BULL,SHORT,0,7.875,IGNORE,0,WATCH,,0,0,0,NA,NA,NA,NA,NA,CLEAR,1,0,0,0,0,TREND_REVERSAL_UNCONFIRMED,0,0.45,SHORT,1,0,0,0
SOLUSDT,1772625600000,2026-03-04T12:00:00.000Z,BULL,SHORT,0,7.875,IGNORE,0,WATCH,,0,0,0,NA,NA,NA,NA,NA,CLEAR,1,0,0,0,0,TREND_REVERSAL_UNCONFIRMED,0,0.45,SHORT,1,0,0,0
SOLUSDT,1772629200000,2026-03-04T13:00:00.000Z,BULL,SHORT,0,7.875,IGNORE,0,WATCH,,0,0,0,NA,NA,NA,NA,NA,CLEAR,1,0,0,0,0,TREND_REVERSAL_UNCONFIRMED,0,0.45,SHORT,1,0,0,0
SOLUSDT,1772632800000,2026-03-04T14:00:00.000Z,BULL,SHORT,25,13.5,IGNORE,0,WATCH,,0,0,0,NA,NA,NA,NA,NA,CLEAR,1,0,0,0,0,TREND_REVERSAL_UNCONFIRMED,1,0.45,SHORT,1,0,0,0
SOLUSDT,1772636400000,2026-03-04T15:00:00.000Z,BULL,SHORT,41.31944444444444,18.44140625,IGNORE,0,WATCH,,0,0,0,NA,NA,NA,NA,NA,CLEAR,1,0,0,0,0,TREND_REVERSAL_UNCONFIRMED,2,0.45,SHORT,1,0,0,0
SOLUSDT,1772640000000,2026-03-04T16:00:00.000Z,BULL,SHORT,42.26892819320308,18.516178095214745,IGNORE,0,WATCH,,0,0,0,NA,NA,NA,NA,NA,CLEAR,1,0,0,0,0,TREND_REVERSAL_UNCONFIRMED,2,0.45,SHORT,1,0,0,0
SOLUSDT,1772643600000,2026-03-04T17:00:00.000Z,BULL,SHORT,0,7.875,IGNORE,0,WATCH,,0,0,0,NA,NA,NA,NA,NA,CLEAR,1,0,0,0,0,TREND_REVERSAL_UNCONFIRMED,0,0.45,SHORT,1,0,0,0
SOLUSDT,1772647200000,2026-03-04T18:00:00.000Z,BULL,SHORT,0,7.875,IGNORE,0,WATCH,,0,0,0,NA,NA,NA,NA,NA,CLEAR,1,0,0,0,0,TREND_REVERSAL_UNCONFIRMED,0,0.45,SHORT,1,0,0,0
SOLUSDT,1772650800000,2026-03-04T19:00:00.000Z,BULL,SHORT,26.392370913657892,17.26589920945056,IGNORE,0,WATCH,,0,0,0,NA,NA,NA,NA,NA,CLEAR,1,0,0,0,0,TREND_REVERSAL_UNCONFIRMED,2,0.45,SHORT,1,0,0,0
SOLUSDT,1772654400000,2026-03-04T20:00:00.000Z,BULL,SHORT,0,7.875,IGNORE,0,WATCH,,0,0,0,NA,NA,NA,NA,NA,CLEAR,1,0,0,0,0,TREND_REVERSAL_UNCONFIRMED,0,0.45,SHORT,1,0,0,0
SOLUSDT,1772658000000,2026-03-04T21:00:00.000Z,BULL,SHORT,0,7.875,IGNORE,0,WATCH,,0,0,0,NA,NA,NA,NA,NA,CLEAR,1,0,0,0,0,TREND_REVERSAL_UNCONFIRMED,0,0.45,SHORT,1,0,0,0
SOLUSDT,1772661600000,2026-03-04T22:00:00.000Z,BULL,SHORT,0,7.875,IGNORE,0,WATCH,,0,0,0,NA,NA,NA,NA,NA,CLEAR,1,0,0,0,0,TREND_REVERSAL_UNCONFIRMED,0,0.45,SHORT,1,0,0,0
SOLUSDT,1772665200000,2026-03-04T23:00:00.000Z,BULL,SHORT,0,7.875,IGNORE,0,WATCH,,0,0,0,NA,NA,NA,NA,NA,WARNING_SOFT,1,0,0,0,0,TREND_REVERSAL_UNCONFIRMED,0,0.45,SHORT,1,0,0,0
SOLUSDT,1772668800000,2026-03-05T00:00:00.000Z,BULL,SHORT,0,7.875,IGNORE,0,WATCH,,0,0,0,NA,NA,NA,NA,NA,WARNING_SOFT,1,0,0,0,0,TREND_REVERSAL_UNCONFIRMED,0,0.45,SHORT,1,0,0,0
SOLUSDT,1772672400000,2026-03-05T01:00:00.000Z,NEUTRAL,NONE,0,7.875,IGNORE,0,WATCH,,0,0,0,NA,NA,NA,NA,NA,WARNING_SOFT,1,0,0,0,0,TREND_REVERSAL_UNCONFIRMED,0,0.45,NONE,1,0,0,0
SOLUSDT,1772676000000,2026-03-05T02:00:00.000Z,NEUTRAL,NONE,0,7.875,IGNORE,0,WATCH,,0,0,0,NA,NA,NA,NA,NA,WARNING_SOFT,1,0,0,0,0,TREND_REVERSAL_UNCONFIRMED,0,0.45,NONE,1,0,0,0
SOLUSDT,1772679600000,2026-03-05T03:00:00.000Z,NEUTRAL,NONE,0,7.875,IGNORE,0,WATCH,,0,0,0,NA,NA,NA,NA,NA,WARNING_SOFT,1,0,0,0,0,TREND_REVERSAL_UNCONFIRMED,0,0.45,NONE,1,0,0,0
SOLUSDT,1772683200000,2026-03-05T04:00:00.000Z,BULL,SHORT,0,7.875,IGNORE,0,WATCH,,0,0,0,NA,NA,NA,NA,NA,WARNING_SOFT,1,0,0,0,0,TREND_REVERSAL_UNCONFIRMED,0,0.45,SHORT,1,0,0,0
SOLUSDT,1772686800000,2026-03-05T05:00:00.000Z,NEUTRAL,NONE,0,7.875,IGNORE,0,WATCH,,0,0,0,NA,NA,NA,NA,NA,WARNING_SOFT,1,0,0,0,0,TREND_REVERSAL_UNCONFIRMED,0,0.45,NONE,1,0,0,0
SOLUSDT,1772690400000,2026-03-05T06:00:00.000Z,BULL,SHORT,0,7.875,IGNORE,0,WATCH,,0,0,0,NA,NA,NA,NA,NA,WARNING_SOFT,1,0,0,0,0,TREND_REVERSAL_UNCONFIRMED,0,0.45,SHORT,1,0,0,0
SOLUSDT,1772694000000,2026-03-05T07:00:00.000Z,NEUTRAL,NONE,0,7.875,IGNORE,0,WATCH,,0,0,0,NA,NA,NA,NA,NA,WARNING_SOFT,1,0,0,0,0,TREND_REVERSAL_UNCONFIRMED,0,0.45,NONE,1,0,0,0
SOLUSDT,1772697600000,2026-03-05T08:00:00.000Z,BULL,SHORT,0,7.875,IGNORE,0,WATCH,,0,0,0,NA,NA,NA,NA,NA,WARNING_SOFT,1,0,0,0,0,TREND_REVERSAL_UNCONFIRMED,0,0.45,SHORT,1,0,0,0
SOLUSDT,1772701200000,2026-03-05T09:00:00.000Z,BULL,SHORT,0,7.875,IGNORE,0,WATCH,,0,0,0,NA,NA,NA,NA,NA,CLEAR,1,0,0,0,0,TREND_REVERSAL_UNCONFIRMED,0,0.45,SHORT,1,0,0,0
SOLUSDT,1772704800000,2026-03-05T10:00:00.000Z,BULL,SHORT,0,7.875,IGNORE,0,WATCH,,0,0,0,NA,NA,NA,NA,NA,CLEAR,1,0,0,0,0,TREND_REVERSAL_UNCONFIRMED,0,0.45,SHORT,1,0,0,0
SOLUSDT,1772708400000,2026-03-05T11:00:00.000Z,BULL,SHORT,25,13.5,IGNORE,0,WATCH,,0,0,0,NA,NA,NA,NA,NA,CLEAR,1,0,0,0,0,TREND_REVERSAL_UNCONFIRMED,1,0.45,SHORT,1,0,0,0
SOLUSDT,1772712000000,2026-03-05T12:00:00.000Z,BULL,SHORT,0,7.875,IGNORE,0,WATCH,,0,0,0,NA,NA,NA,NA,NA,CLEAR,1,0,0,0,0,TREND_REVERSAL_UNCONFIRMED,0,0.45,SHORT,1,0,0,0
SOLUSDT,1772715600000,2026-03-05T13:00:00.000Z,NEUTRAL,NONE,0,7.875,IGNORE,0,WATCH,,0,0,0,NA,NA,NA,NA,NA,BLOCK,0,0,0,0,0,TREND_REVERSAL_UNCONFIRMED,0,0.45,NONE,1,0,0,0
SOLUSDT,1772719200000,2026-03-05T14:00:00.000Z,BULL,SHORT,41.97388355628685,18.49294333005759,IGNORE,0,WATCH,,0,0,0,NA,NA,NA,NA,NA,WARNING_SOFT,1,0,0,0,0,TREND_REVERSAL_UNCONFIRMED,2,0.45,SHORT,1,0,0,0
SOLUSDT,1772722800000,2026-03-05T15:00:00.000Z,NEUTRAL,NONE,0,7.875,IGNORE,0,WATCH,,0,0,0,NA,NA,NA,NA,NA,BLOCK,0,0,0,0,0,TREND_REVERSAL_UNCONFIRMED,0,0.45,NONE,1,0,0,0
SOLUSDT,1772726400000,2026-03-05T16:00:00.000Z,NEUTRAL,NONE,0,7.875,IGNORE,0,WATCH,,0,0,0,NA,NA,NA,NA,NA,BLOCK,0,0,0,0,0,TREND_REVERSAL_UNCONFIRMED,0,0.45,NONE,1,0,0,0
SOLUSDT,1772730000000,2026-03-05T17:00:00.000Z,NEUTRAL,NONE,0,7.875,IGNORE,0,WATCH,,0,0,0,NA,NA,NA,NA,NA,WARNING_SOFT,1,0,0,0,0,TREND_REVERSAL_UNCONFIRMED,0,0.45,NONE,1,0,0,0
SOLUSDT,1772733600000,2026-03-05T18:00:00.000Z,NEUTRAL,NONE,0,7.875,IGNORE,0,WATCH,,0,0,0,NA,NA,NA,NA,NA,WARNING_SOFT,1,0,0,0,0,TREND_REVERSAL_UNCONFIRMED,0,0.45,NONE,1,0,0,0
SOLUSDT,1772737200000,2026-03-05T19:00:00.000Z,NEUTRAL,NONE,0,7.875,IGNORE,0,WATCH,,0,0,0,NA,NA,NA,NA,NA,WARNING_SOFT,1,0,0,0,0,TREND_REVERSAL_UNCONFIRMED,0,0.45,NONE,1,0,0,0
SOLUSDT,1772740800000,2026-03-05T20:00:00.000Z,NEUTRAL,NONE,0,7.875,IGNORE,0,WATCH,,0,0,0,NA,NA,NA,NA,NA,WARNING_SOFT,1,0,0,0,0,TREND_REVERSAL_UNCONFIRMED,0,0.45,NONE,1,0,0,0
SOLUSDT,1772744400000,2026-03-05T21:00:00.000Z,NEUTRAL,NONE,0,7.875,IGNORE,0,WATCH,,0,0,0,NA,NA,NA,NA,NA,WARNING_SOFT,1,0,0,0,0,TREND_REVERSAL_UNCONFIRMED,0,0.45,NONE,1,0,0,0
SOLUSDT,1772748000000,2026-03-05T22:00:00.000Z,NEUTRAL,NONE,0,7.875,IGNORE,0,WATCH,,0,0,0,NA,NA,NA,NA,NA,WARNING_SOFT,1,0,0,0,0,TREND_REVERSAL_UNCONFIRMED,0,0.45,NONE,1,0,0,0
SOLUSDT,1772751600000,2026-03-05T23:00:00.000Z,NEUTRAL,NONE,0,7.875,IGNORE,0,WATCH,,0,0,0,NA,NA,NA,NA,NA,WARNING_SOFT,1,0,0,0,0,TREND_REVERSAL_UNCONFIRMED,0,0.45,NONE,1,0,0,0
SOLUSDT,1772755200000,2026-03-06T00:00:00.000Z,NEUTRAL,NONE,0,7.875,IGNORE,0,WATCH,,0,0,0,NA,NA,NA,NA,NA,WARNING_SOFT,1,0,0,0,0,TREND_REVERSAL_UNCONFIRMED,0,0.45,NONE,1,0,0,0
SOLUSDT,1772758800000,2026-03-06T01:00:00.000Z,NEUTRAL,NONE,0,7.875,IGNORE,0,WATCH,,0,0,0,NA,NA,NA,NA,NA,WARNING_SOFT,1,0,0,0,0,TREND_REVERSAL_UNCONFIRMED,0,0.45,NONE,1,0,0,0
SOLUSDT,1772762400000,2026-03-06T02:00:00.000Z,NEUTRAL,NONE,0,7.875,IGNORE,0,WATCH,,0,0,0,NA,NA,NA,NA,NA,BLOCK,0,0,0,0,0,TREND_REVERSAL_UNCONFIRMED,0,0.45,NONE,1,0,0,0
SOLUSDT,1772766000000,2026-03-06T03:00:00.000Z,NEUTRAL,NONE,0,7.875,IGNORE,0,WATCH,,0,0,0,NA,NA,NA,NA,NA,WARNING_SOFT,1,0,0,0,0,TREND_REVERSAL_UNCONFIRMED,0,0.45,NONE,1,0,0,0
SOLUSDT,1772769600000,2026-03-06T04:00:00.000Z,NEUTRAL,NONE,0,7.875,IGNORE,0,WATCH,,0,0,0,NA,NA,NA,NA,NA,WARNING_SOFT,1,0,0,0,0,TREND_REVERSAL_UNCONFIRMED,0,0.45,NONE,1,0,0,0
SOLUSDT,1772773200000,2026-03-06T05:00:00.000Z,NEUTRAL,NONE,0,7.875,IGNORE,0,WATCH,,0,0,0,NA,NA,NA,NA,NA,WARNING_SOFT,1,0,0,0,0,TREND_REVERSAL_UNCONFIRMED,0,0.45,NONE,1,0,0,0
SOLUSDT,1772776800000,2026-03-06T06:00:00.000Z,BEAR,LONG,25,13.5,IGNORE,0,WATCH,,0,0,0,NA,NA,NA,NA,NA,CLEAR,1,0,0,0,0,TREND_REVERSAL_UNCONFIRMED,1,0.45,LONG,1,0,0,0
SOLUSDT,1772780400000,2026-03-06T07:00:00.000Z,BEAR,LONG,0,7.875,IGNORE,0,WATCH,,0,0,0,NA,NA,NA,NA,NA,WARNING_SOFT,1,0,0,0,0,TREND_REVERSAL_UNCONFIRMED,0,0.45,LONG,1,0,0,0
SOLUSDT,1772784000000,2026-03-06T08:00:00.000Z,BEAR,LONG,0,7.875,IGNORE,0,WATCH,,0,0,0,NA,NA,NA,NA,NA,WARNING_SOFT,1,0,0,0,0,TREND_REVERSAL_UNCONFIRMED,0,0.45,LONG,1,0,0,0
SOLUSDT,1772787600000,2026-03-06T09:00:00.000Z,BEAR,LONG,0,7.875,IGNORE,0,WATCH,,0,0,0,NA,NA,NA,NA,NA,CLEAR,1,0,0,0,0,TREND_REVERSAL_UNCONFIRMED,0,0.45,LONG,1,0,0,0
SOLUSDT,1772791200000,2026-03-06T10:00:00.000Z,BEAR,LONG,25,13.5,IGNORE,0,WATCH,,0,0,0,NA,NA,NA,NA,NA,CLEAR,1,0,0,0,0,TREND_REVERSAL_UNCONFIRMED,1,0.45,LONG,1,0,0,0
SOLUSDT,1772794800000,2026-03-06T11:00:00.000Z,BEAR,LONG,12.847222222222221,12.54296875,IGNORE,0,WATCH,,0,0,0,NA,NA,NA,NA,NA,CLEAR,1,0,0,0,0,TREND_REVERSAL_UNCONFIRMED,1,0.45,LONG,1,0,0,0
SOLUSDT,1772798400000,2026-03-06T12:00:00.000Z,BEAR,LONG,25,13.5,IGNORE,0,WATCH,,0,0,0,NA,NA,NA,NA,NA,CLEAR,1,0,0,0,0,TREND_REVERSAL_UNCONFIRMED,1,0.45,LONG,1,0,0,0
SOLUSDT,1772802000000,2026-03-06T13:00:00.000Z,BEAR,LONG,25,13.5,IGNORE,0,WATCH,,0,0,0,NA,NA,NA,NA,NA,CLEAR,1,0,1,0,0,TREND_REVERSAL_UNCONFIRMED,1,0.45,LONG,1,0,0,0
SOLUSDT,1772805600000,2026-03-06T14:00:00.000Z,BEAR,LONG,39.58333333333333,18.3046875,IGNORE,0,WATCH,,0,0,0,NA,NA,NA,NA,NA,CLEAR,1,0,1,0,0,TREND_REVERSAL_UNCONFIRMED,2,0.45,LONG,1,0,0,0
SOLUSDT,1772809200000,2026-03-06T15:00:00.000Z,BEAR,LONG,61.265684322264875,53.00105559537293,WATCH,1,WATCH,ACTIVE,1,1,0,PASS,PASS,SKIP,SKIP,FAIL,CLEAR,1,0,0,0,0,MARKET_CONTEXT_DENIED,3,0.84,LONG,0,1,0,0
SOLUSDT,1772812800000,2026-03-06T16:00:00.000Z,BEAR,LONG,12.847222222222221,12.54296875,IGNORE,0,WATCH,,0,0,0,NA,NA,NA,NA,NA,CLEAR,1,0,0,0,0,TREND_REVERSAL_UNCONFIRMED,1,0.45,LONG,1,0,0,0
SOLUSDT,1772816400000,2026-03-06T17:00:00.000Z,BEAR,LONG,26.571721001119645,17.280023028838173,IGNORE,0,WATCH,,0,0,0,NA,NA,NA,NA,NA,CLEAR,1,0,0,0,0,TREND_REVERSAL_UNCONFIRMED,2,0.45,LONG,1,0,0,0
SOLUSDT,1772820000000,2026-03-06T18:00:00.000Z,BEAR,LONG,38.55335547940516,18.223576744003157,IGNORE,0,WATCH,,0,0,0,NA,NA,NA,NA,NA,CLEAR,1,0,0,0,0,TREND_REVERSAL_UNCONFIRMED,2,0.45,LONG,1,0,0,0
SOLUSDT,1772823600000,2026-03-06T19:00:00.000Z,BEAR,LONG,0,7.875,IGNORE,0,WATCH,,0,0,0,NA,NA,NA,NA,NA,CLEAR,1,0,0,0,0,TREND_REVERSAL_UNCONFIRMED,0,0.45,LONG,1,0,0,0
SOLUSDT,1772827200000,2026-03-06T20:00:00.000Z,BEAR,LONG,0,7.875,IGNORE,0,WATCH,,0,0,0,NA,NA,NA,NA,NA,CLEAR,1,0,0,0,0,TREND_REVERSAL_UNCONFIRMED,0,0.45,LONG,1,0,0,0
SOLUSDT,1772830800000,2026-03-06T21:00:00.000Z,BEAR,LONG,0,7.875,IGNORE,0,WATCH,,0,0,0,NA,NA,NA,NA,NA,CLEAR,1,0,0,0,0,TREND_REVERSAL_UNCONFIRMED,0,0.45,LONG,1,0,0,0
SOLUSDT,1772834400000,2026-03-06T22:00:00.000Z,BEAR,LONG,25,13.5,IGNORE,0,WATCH,,0,0,0,NA,NA,NA,NA,NA,CLEAR,1,0,0,0,0,TREND_REVERSAL_UNCONFIRMED,1,0.45,LONG,1,0,0,0
SOLUSDT,1772838000000,2026-03-06T23:00:00.000Z,BEAR,LONG,0,7.875,IGNORE,0,WATCH,,0,0,0,NA,NA,NA,NA,NA,CLEAR,1,0,0,0,0,TREND_REVERSAL_UNCONFIRMED,0,0.45,LONG,1,0,0,0
SOLUSDT,1772841600000,2026-03-07T00:00:00.000Z,BEAR,LONG,0,7.875,IGNORE,0,WATCH,,0,0,0,NA,NA,NA,NA,NA,CLEAR,1,0,0,0,0,TREND_REVERSAL_UNCONFIRMED,0,0.45,LONG,1,0,0,0
SOLUSDT,1772845200000,2026-03-07T01:00:00.000Z,BEAR,LONG,0,7.875,IGNORE,0,WATCH,,0,0,0,NA,NA,NA,NA,NA,CLEAR,1,0,0,0,0,TREND_REVERSAL_UNCONFIRMED,0,0.45,LONG,1,0,0,0
SOLUSDT,1772848800000,2026-03-07T02:00:00.000Z,BEAR,LONG,0,7.875,IGNORE,0,WATCH,,0,0,0,NA,NA,NA,NA,NA,CLEAR,1,0,0,0,0,TREND_REVERSAL_UNCONFIRMED,0,0.45,LONG,1,0,0,0
SOLUSDT,1772852400000,2026-03-07T03:00:00.000Z,BEAR,LONG,25,13.5,IGNORE,0,WATCH,,0,0,0,NA,NA,NA,NA,NA,CLEAR,1,0,0,0,0,TREND_REVERSAL_UNCONFIRMED,1,0.45,LONG,1,0,0,0
SOLUSDT,1772856000000,2026-03-07T04:00:00.000Z,BEAR,LONG,0,7.875,IGNORE,0,WATCH,,0,0,0,NA,NA,NA,NA,NA,CLEAR,1,0,0,0,0,TREND_REVERSAL_UNCONFIRMED,0,0.45,LONG,1,0,0,0
SOLUSDT,1772859600000,2026-03-07T05:00:00.000Z,BEAR,LONG,0,7.875,IGNORE,0,WATCH,,0,0,0,NA,NA,NA,NA,NA,CLEAR,1,0,0,0,0,TREND_REVERSAL_UNCONFIRMED,0,0.45,LONG,1,0,0,0
SOLUSDT,1772863200000,2026-03-07T06:00:00.000Z,BEAR,LONG,12.847222222222221,12.54296875,IGNORE,0,WATCH,,0,0,0,NA,NA,NA,NA,NA,CLEAR,1,0,0,0,0,TREND_REVERSAL_UNCONFIRMED,1,0.45,LONG,1,0,0,0
SOLUSDT,1772866800000,2026-03-07T07:00:00.000Z,BEAR,LONG,25,13.5,IGNORE,0,WATCH,,0,0,0,NA,NA,NA,NA,NA,CLEAR,1,0,0,0,0,TREND_REVERSAL_UNCONFIRMED,1,0.45,LONG,1,0,0,0
SOLUSDT,1772870400000,2026-03-07T08:00:00.000Z,BEAR,LONG,0,7.875,IGNORE,0,WATCH,,0,0,0,NA,NA,NA,NA,NA,CLEAR,1,0,0,0,0,TREND_REVERSAL_UNCONFIRMED,0,0.45,LONG,1,0,0,0
SOLUSDT,1772874000000,2026-03-07T09:00:00.000Z,BEAR,LONG,17.5,12.909375,IGNORE,0,WATCH,,0,0,0,NA,NA,NA,NA,NA,WARNING_SOFT,1,0,0,0,0,TREND_REVERSAL_UNCONFIRMED,1,0.45,LONG,1,0,0,0
SOLUSDT,1772877600000,2026-03-07T10:00:00.000Z,BEAR,LONG,17.5,12.909375,IGNORE,0,WATCH,,0,0,0,NA,NA,NA,NA,NA,WARNING_SOFT,1,0,0,0,0,TREND_REVERSAL_UNCONFIRMED,1,0.45,LONG,1,0,0,0
SOLUSDT,1772881200000,2026-03-07T11:00:00.000Z,BEAR,LONG,17.5,12.909375,IGNORE,0,WATCH,,0,0,0,NA,NA,NA,NA,NA,BLOCK,0,0,0,0,0,TREND_REVERSAL_UNCONFIRMED,1,0.45,LONG,1,0,0,0
SOLUSDT,1772884800000,2026-03-07T12:00:00.000Z,BEAR,LONG,17.5,12.909375,IGNORE,0,WATCH,,0,0,0,NA,NA,NA,NA,NA,WARNING_SOFT,1,0,0,0,0,TREND_REVERSAL_UNCONFIRMED,1,0.45,LONG,1,0,0,0
SOLUSDT,1772888400000,2026-03-07T13:00:00.000Z,BEAR,LONG,17.5,12.909375,IGNORE,0,WATCH,,0,0,0,NA,NA,NA,NA,NA,CLEAR,1,0,0,0,0,TREND_REVERSAL_UNCONFIRMED,1,0.45,LONG,1,0,0,0
SOLUSDT,1772892000000,2026-03-07T14:00:00.000Z,BEAR,LONG,67.5,53.9175,WATCH,1,WATCH,ACTIVE,1,1,0,PASS,PASS,SKIP,SKIP,FAIL,CLEAR,1,0,0,0,0,MARKET_CONTEXT_DENIED,3,0.84,LONG,0,1,0,0
SOLUSDT,1772895600000,2026-03-07T15:00:00.000Z,BEAR,LONG,38.51740325925953,18.220745506666688,IGNORE,0,WATCH,,0,0,0,NA,NA,NA,NA,NA,CLEAR,1,0,0,0,0,TREND_REVERSAL_UNCONFIRMED,2,0.45,LONG,1,0,0,0
SOLUSDT,1772899200000,2026-03-07T16:00:00.000Z,BEAR,LONG,34.166666666666664,17.878125,IGNORE,0,WATCH,,0,0,0,NA,NA,NA,NA,NA,CLEAR,1,0,0,0,0,TREND_REVERSAL_UNCONFIRMED,2,0.45,LONG,1,0,0,0
SOLUSDT,1772902800000,2026-03-07T17:00:00.000Z,BEAR,LONG,17.5,12.909375,IGNORE,0,WATCH,,0,0,0,NA,NA,NA,NA,NA,CLEAR,1,0,0,0,0,TREND_REVERSAL_UNCONFIRMED,1,0.45,LONG,1,0,0,0
SOLUSDT,1772906400000,2026-03-07T18:00:00.000Z,BEAR,LONG,36.67033463914805,18.07528885283291,IGNORE,0,WATCH,,0,0,0,NA,NA,NA,NA,NA,CLEAR,1,0,0,0,0,TREND_REVERSAL_UNCONFIRMED,2,0.45,LONG,1,0,0,0
SOLUSDT,1772910000000,2026-03-07T19:00:00.000Z,BEAR,LONG,55.34722222222222,52.13104166666666,WATCH,1,WATCH,ACTIVE,1,1,0,PASS,PASS,SKIP,SKIP,FAIL,CLEAR,1,0,0,0,0,MARKET_CONTEXT_DENIED,3,0.84,LONG,0,1,0,0
SOLUSDT,1772913600000,2026-03-07T20:00:00.000Z,BEAR,LONG,42.5,18.534375,IGNORE,0,WATCH,,0,0,0,NA,NA,NA,NA,NA,CLEAR,1,0,0,0,0,TREND_REVERSAL_UNCONFIRMED,2,0.45,LONG,1,0,0,0
SOLUSDT,1772917200000,2026-03-07T21:00:00.000Z,BEAR,LONG,17.5,12.909375,IGNORE,0,WATCH,,0,0,0,NA,NA,NA,NA,NA,CLEAR,1,0,0,0,0,TREND_REVERSAL_UNCONFIRMED,1,0.45,LONG,1,0,0,0
SOLUSDT,1772920800000,2026-03-07T22:00:00.000Z,BEAR,LONG,0,7.875,IGNORE,0,WATCH,,0,0,0,NA,NA,NA,NA,NA,CLEAR,1,0,0,0,0,TREND_REVERSAL_UNCONFIRMED,0,0.45,LONG,1,0,0,0
SOLUSDT,1772924400000,2026-03-07T23:00:00.000Z,BEAR,LONG,0,7.875,IGNORE,0,WATCH,,0,0,0,NA,NA,NA,NA,NA,CLEAR,1,0,0,0,0,TREND_REVERSAL_UNCONFIRMED,0,0.45,LONG,1,0,0,0
SOLUSDT,1772928000000,2026-03-08T00:00:00.000Z,BEAR,LONG,0,7.875,IGNORE,0,WATCH,,0,0,0,NA,NA,NA,NA,NA,CLEAR,1,0,0,0,0,TREND_REVERSAL_UNCONFIRMED,0,0.45,LONG,1,0,0,0
SOLUSDT,1772931600000,2026-03-08T01:00:00.000Z,BEAR,LONG,0,7.875,IGNORE,0,WATCH,,0,0,0,NA,NA,NA,NA,NA,CLEAR,1,0,0,0,0,TREND_REVERSAL_UNCONFIRMED,0,0.45,LONG,1,0,0,0
SOLUSDT,1772935200000,2026-03-08T02:00:00.000Z,BEAR,LONG,19.121371501319636,13.037058005728923,IGNORE,0,WATCH,,0,0,0,NA,NA,NA,NA,NA,CLEAR,1,0,0,0,0,TREND_REVERSAL_UNCONFIRMED,1,0.45,LONG,1,0,0,0
SOLUSDT,1772938800000,2026-03-08T03:00:00.000Z,BEAR,LONG,0,7.875,IGNORE,0,WATCH,,0,0,0,NA,NA,NA,NA,NA,CLEAR,1,0,0,0,0,TREND_REVERSAL_UNCONFIRMED,0,0.45,LONG,1,0,0,0
SOLUSDT,1772942400000,2026-03-08T04:00:00.000Z,BEAR,LONG,25.97662133787341,17.233158930357533,IGNORE,0,WATCH,,0,0,0,NA,NA,NA,NA,NA,CLEAR,1,0,0,0,0,TREND_REVERSAL_UNCONFIRMED,2,0.45,LONG,1,0,0,0
SOLUSDT,1772946000000,2026-03-08T05:00:00.000Z,BEAR,LONG,25,13.5,IGNORE,0,WATCH,,0,0,0,NA,NA,NA,NA,NA,CLEAR,1,0,0,0,0,TREND_REVERSAL_UNCONFIRMED,1,0.45,LONG,1,0,0,0
SOLUSDT,1772949600000,2026-03-08T06:00:00.000Z,BEAR,LONG,0,7.875,IGNORE,0,WATCH,,0,0,0,NA,NA,NA,NA,NA,CLEAR,1,0,0,0,0,TREND_REVERSAL_UNCONFIRMED,0,0.45,LONG,1,0,0,0
SOLUSDT,1772953200000,2026-03-08T07:00:00.000Z,BEAR,LONG,0,7.875,IGNORE,0,WATCH,,0,0,0,NA,NA,NA,NA,NA,WARNING_SOFT,1,0,0,0,0,TREND_REVERSAL_UNCONFIRMED,0,0.45,LONG,1,0,0,0
SOLUSDT,1772956800000,2026-03-08T08:00:00.000Z,BEAR,LONG,0,7.875,IGNORE,0,WATCH,,0,0,0,NA,NA,NA,NA,NA,WARNING_SOFT,1,0,0,0,0,TREND_REVERSAL_UNCONFIRMED,0,0.45,LONG,1,0,0,0
SOLUSDT,1772960400000,2026-03-08T09:00:00.000Z,NEUTRAL,NONE,0,7.875,IGNORE,0,WATCH,,0,0,0,NA,NA,NA,NA,NA,CLEAR,1,0,0,0,0,TREND_REVERSAL_UNCONFIRMED,0,0.45,NONE,1,0,0,0
SOLUSDT,1772964000000,2026-03-08T10:00:00.000Z,NEUTRAL,NONE,0,7.875,IGNORE,0,WATCH,,0,0,0,NA,NA,NA,NA,NA,CLEAR,1,1,0,0,0,TREND_REVERSAL_UNCONFIRMED,0,0.45,NONE,1,0,0,0
SOLUSDT,1772967600000,2026-03-08T11:00:00.000Z,BEAR,LONG,20.952709365403607,13.181275862525535,IGNORE,0,WATCH,,0,0,0,NA,NA,NA,NA,NA,BLOCK,0,0,0,0,0,TREND_REVERSAL_UNCONFIRMED,1,0.45,LONG,1,0,0,0
SOLUSDT,1772971200000,2026-03-08T12:00:00.000Z,BEAR,LONG,25,13.5,IGNORE,0,WATCH,,0,0,0,NA,NA,NA,NA,NA,CLEAR,1,0,0,0,0,TREND_REVERSAL_UNCONFIRMED,1,0.45,LONG,1,0,0,0
SOLUSDT,1772974800000,2026-03-08T13:00:00.000Z,BEAR,LONG,25,13.5,IGNORE,0,WATCH,,0,0,0,NA,NA,NA,NA,NA,CLEAR,1,0,1,0,0,TREND_REVERSAL_UNCONFIRMED,1,0.45,LONG,1,0,0,0
SOLUSDT,1772978400000,2026-03-08T14:00:00.000Z,BEAR,LONG,25,13.5,IGNORE,0,WATCH,,0,0,0,NA,NA,NA,NA,NA,CLEAR,1,0,0,0,0,TREND_REVERSAL_UNCONFIRMED,1,0.45,LONG,1,0,0,0
SOLUSDT,1772982000000,2026-03-08T15:00:00.000Z,BEAR,LONG,0,7.875,IGNORE,0,WATCH,,0,0,0,NA,NA,NA,NA,NA,CLEAR,1,0,0,0,0,TREND_REVERSAL_UNCONFIRMED,0,0.45,LONG,1,0,0,0
SOLUSDT,1772985600000,2026-03-08T16:00:00.000Z,BEAR,LONG,0,7.875,IGNORE,0,WATCH,,0,0,0,NA,NA,NA,NA,NA,CLEAR,1,0,0,0,0,TREND_REVERSAL_UNCONFIRMED,0,0.45,LONG,1,0,0,0
SOLUSDT,1772989200000,2026-03-08T17:00:00.000Z,BEAR,LONG,25,13.5,IGNORE,0,WATCH,,0,0,0,NA,NA,NA,NA,NA,CLEAR,1,0,0,0,0,TREND_REVERSAL_UNCONFIRMED,1,0.45,LONG,1,0,0,0
SOLUSDT,1772992800000,2026-03-08T18:00:00.000Z,BEAR,LONG,0,7.875,IGNORE,0,WATCH,,0,0,0,NA,NA,NA,NA,NA,CLEAR,1,0,0,0,0,TREND_REVERSAL_UNCONFIRMED,0,0.45,LONG,1,0,0,0
SOLUSDT,1772996400000,2026-03-08T19:00:00.000Z,BEAR,LONG,13.543409314176364,12.597793483491388,IGNORE,0,WATCH,,0,0,0,NA,NA,NA,NA,NA,WARNING_SOFT,1,0,0,0,0,TREND_REVERSAL_UNCONFIRMED,1,0.45,LONG,1,0,0,0
SOLUSDT,1773000000000,2026-03-08T20:00:00.000Z,BEAR,LONG,0,7.875,IGNORE,0,WATCH,,0,0,0,NA,NA,NA,NA,NA,WARNING_SOFT,1,0,0,0,0,TREND_REVERSAL_UNCONFIRMED,0,0.45,LONG,1,0,0,0
SOLUSDT,1773003600000,2026-03-08T21:00:00.000Z,BEAR,LONG,17.5,12.909375,IGNORE,0,WATCH,,0,0,0,NA,NA,NA,NA,NA,CLEAR,1,0,0,0,0,TREND_REVERSAL_UNCONFIRMED,1,0.45,LONG,1,0,0,0
SOLUSDT,1773007200000,2026-03-08T22:00:00.000Z,BEAR,LONG,42.5,18.534375,IGNORE,0,WATCH,,0,0,0,NA,NA,NA,NA,NA,CLEAR,1,0,1,0,0,TREND_REVERSAL_UNCONFIRMED,2,0.45,LONG,1,0,0,0
SOLUSDT,1773010800000,2026-03-08T23:00:00.000Z,BEAR,LONG,17.5,12.909375,IGNORE,0,WATCH,,0,0,0,NA,NA,NA,NA,NA,WARNING_SOFT,1,0,0,0,0,TREND_REVERSAL_UNCONFIRMED,1,0.45,LONG,1,0,0,0
SOLUSDT,1773014400000,2026-03-09T00:00:00.000Z,BEAR,LONG,59.18775418075454,43.455599864570914,WATCH,1,WATCH,ACTIVE,1,1,0,FAIL,PASS,SKIP,SKIP,FAIL,WARNING_SOFT,1,0,0,0,0,MARKET_CONTEXT_DENIED,3,0.84,LONG,1,0,0,0
SOLUSDT,1773018000000,2026-03-09T01:00:00.000Z,BEAR,LONG,0,7.875,IGNORE,0,WATCH,,0,0,0,NA,NA,NA,NA,NA,WARNING_SOFT,1,0,0,0,0,TREND_REVERSAL_UNCONFIRMED,0,0.45,LONG,1,0,0,0
SOLUSDT,1773021600000,2026-03-09T02:00:00.000Z,NEUTRAL,NONE,0,7.875,IGNORE,0,WATCH,,0,0,0,NA,NA,NA,NA,NA,WARNING_SOFT,1,0,0,0,0,TREND_REVERSAL_UNCONFIRMED,0,0.45,NONE,1,0,0,0
SOLUSDT,1773025200000,2026-03-09T03:00:00.000Z,NEUTRAL,NONE,0,7.875,IGNORE,0,WATCH,,0,0,0,NA,NA,NA,NA,NA,CLEAR,1,0,0,0,0,TREND_REVERSAL_UNCONFIRMED,0,0.45,NONE,1,0,0,0
SOLUSDT,1773028800000,2026-03-09T04:00:00.000Z,NEUTRAL,NONE,0,7.875,IGNORE,0,WATCH,,0,0,0,NA,NA,NA,NA,NA,CLEAR,1,0,0,0,0,TREND_REVERSAL_UNCONFIRMED,0,0.45,NONE,1,0,0,0
SOLUSDT,1773032400000,2026-03-09T05:00:00.000Z,NEUTRAL,NONE,0,7.875,IGNORE,0,WATCH,,0,0,0,NA,NA,NA,NA,NA,CLEAR,1,0,0,0,0,TREND_REVERSAL_UNCONFIRMED,0,0.45,NONE,1,0,0,0
SOLUSDT,1773036000000,2026-03-09T06:00:00.000Z,NEUTRAL,NONE,0,7.875,IGNORE,0,WATCH,,0,0,0,NA,NA,NA,NA,NA,CLEAR,1,0,0,0,0,TREND_REVERSAL_UNCONFIRMED,0,0.45,NONE,1,0,0,0
SOLUSDT,1773039600000,2026-03-09T07:00:00.000Z,NEUTRAL,NONE,0,7.875,IGNORE,0,WATCH,,0,0,0,NA,NA,NA,NA,NA,WARNING_SOFT,1,0,0,0,0,TREND_REVERSAL_UNCONFIRMED,0,0.45,NONE,1,0,0,0
SOLUSDT,1773043200000,2026-03-09T08:00:00.000Z,NEUTRAL,NONE,0,7.875,IGNORE,0,WATCH,,0,0,0,NA,NA,NA,NA,NA,CLEAR,1,0,0,0,0,TREND_REVERSAL_UNCONFIRMED,0,0.45,NONE,1,0,0,0
SOLUSDT,1773046800000,2026-03-09T09:00:00.000Z,NEUTRAL,NONE,0,7.875,IGNORE,0,WATCH,,0,0,0,NA,NA,NA,NA,NA,CLEAR,1,0,0,0,0,TREND_REVERSAL_UNCONFIRMED,0,0.45,NONE,1,0,0,0
SOLUSDT,1773050400000,2026-03-09T10:00:00.000Z,NEUTRAL,NONE,0,7.875,IGNORE,0,WATCH,,0,0,0,NA,NA,NA,NA,NA,CLEAR,1,0,0,0,0,TREND_REVERSAL_UNCONFIRMED,0,0.45,NONE,1,0,0,0
SOLUSDT,1773054000000,2026-03-09T11:00:00.000Z,NEUTRAL,NONE,0,7.875,IGNORE,0,WATCH,,0,0,0,NA,NA,NA,NA,NA,WARNING_SOFT,1,0,0,0,0,TREND_REVERSAL_UNCONFIRMED,0,0.45,NONE,1,0,0,0
SOLUSDT,1773057600000,2026-03-09T12:00:00.000Z,NEUTRAL,NONE,0,7.875,IGNORE,0,WATCH,,0,0,0,NA,NA,NA,NA,NA,CLEAR,1,0,0,0,0,TREND_REVERSAL_UNCONFIRMED,0,0.45,NONE,1,0,0,0
SOLUSDT,1773061200000,2026-03-09T13:00:00.000Z,NEUTRAL,NONE,0,7.875,IGNORE,0,WATCH,,0,0,0,NA,NA,NA,NA,NA,CLEAR,1,0,0,0,0,TREND_REVERSAL_UNCONFIRMED,0,0.45,NONE,1,0,0,0
SOLUSDT,1773064800000,2026-03-09T14:00:00.000Z,BULL,SHORT,62.63930152173801,53.202977323695485,WATCH,1,WATCH,ACTIVE,1,1,0,PASS,PASS,SKIP,SKIP,FAIL,CLEAR,1,0,0,0,0,MARKET_CONTEXT_DENIED,3,0.84,SHORT,0,1,0,0
SOLUSDT,1773068400000,2026-03-09T15:00:00.000Z,BULL,SHORT,17.5,12.909375,IGNORE,0,WATCH,,0,0,0,NA,NA,NA,NA,NA,CLEAR,1,0,0,0,0,TREND_REVERSAL_UNCONFIRMED,1,0.45,SHORT,1,0,0,0
SOLUSDT,1773072000000,2026-03-09T16:00:00.000Z,BULL,SHORT,0,7.875,IGNORE,0,WATCH,,0,0,0,NA,NA,NA,NA,NA,CLEAR,1,0,0,0,0,TREND_REVERSAL_UNCONFIRMED,0,0.45,SHORT,1,0,0,0
SOLUSDT,1773075600000,2026-03-09T17:00:00.000Z,BULL,SHORT,0,7.875,IGNORE,0,WATCH,,0,0,0,NA,NA,NA,NA,NA,CLEAR,1,0,0,0,0,TREND_REVERSAL_UNCONFIRMED,0,0.45,SHORT,1,0,0,0
SOLUSDT,1773079200000,2026-03-09T18:00:00.000Z,BULL,SHORT,0,7.875,IGNORE,0,WATCH,,0,0,0,NA,NA,NA,NA,NA,CLEAR,1,0,0,0,0,TREND_REVERSAL_UNCONFIRMED,0,0.45,SHORT,1,0,0,0
SOLUSDT,1773082800000,2026-03-09T19:00:00.000Z,BULL,SHORT,25,13.5,IGNORE,0,WATCH,,0,0,0,NA,NA,NA,NA,NA,CLEAR,1,0,0,0,0,TREND_REVERSAL_UNCONFIRMED,1,0.45,SHORT,1,0,0,0
SOLUSDT,1773086400000,2026-03-09T20:00:00.000Z,BULL,SHORT,25,13.5,IGNORE,0,WATCH,,0,0,0,NA,NA,NA,NA,NA,CLEAR,1,0,0,0,0,TREND_REVERSAL_UNCONFIRMED,1,0.45,SHORT,1,0,0,0
SOLUSDT,1773090000000,2026-03-09T21:00:00.000Z,BULL,SHORT,12.847222222222221,12.54296875,IGNORE,0,WATCH,,0,0,0,NA,NA,NA,NA,NA,CLEAR,1,0,0,0,0,TREND_REVERSAL_UNCONFIRMED,1,0.45,SHORT,1,0,0,0
SOLUSDT,1773093600000,2026-03-09T22:00:00.000Z,BULL,SHORT,0,7.875,IGNORE,0,WATCH,,0,0,0,NA,NA,NA,NA,NA,CLEAR,1,0,0,0,0,TREND_REVERSAL_UNCONFIRMED,0,0.45,SHORT,1,0,0,0
SOLUSDT,1773097200000,2026-03-09T23:00:00.000Z,BULL,SHORT,25,13.5,IGNORE,0,WATCH,,0,0,0,NA,NA,NA,NA,NA,WARNING_SOFT,1,0,0,0,0,TREND_REVERSAL_UNCONFIRMED,1,0.45,SHORT,1,0,0,0
SOLUSDT,1773100800000,2026-03-10T00:00:00.000Z,BULL,SHORT,0,7.875,IGNORE,0,WATCH,,0,0,0,NA,NA,NA,NA,NA,WARNING_SOFT,1,0,0,0,0,TREND_REVERSAL_UNCONFIRMED,0,0.45,SHORT,1,0,0,0
SOLUSDT,1773104400000,2026-03-10T01:00:00.000Z,BULL,SHORT,0,7.875,IGNORE,0,WATCH,,0,0,0,NA,NA,NA,NA,NA,WARNING_SOFT,1,0,0,0,0,TREND_REVERSAL_UNCONFIRMED,0,0.45,SHORT,1,0,0,0
SOLUSDT,1773108000000,2026-03-10T02:00:00.000Z,BULL,SHORT,12.590233437475517,12.522730883201197,IGNORE,0,WATCH,,0,0,0,NA,NA,NA,NA,NA,CLEAR,1,0,0,0,0,TREND_REVERSAL_UNCONFIRMED,1,0.45,SHORT,1,0,0,0
SOLUSDT,1773111600000,2026-03-10T03:00:00.000Z,BULL,SHORT,0,7.875,IGNORE,0,WATCH,,0,0,0,NA,NA,NA,NA,NA,CLEAR,1,0,0,0,0,TREND_REVERSAL_UNCONFIRMED,0,0.45,SHORT,1,0,0,0
SOLUSDT,1773115200000,2026-03-10T04:00:00.000Z,BULL,SHORT,0,7.875,IGNORE,0,WATCH,,0,0,0,NA,NA,NA,NA,NA,CLEAR,1,0,0,0,0,TREND_REVERSAL_UNCONFIRMED,0,0.45,SHORT,1,0,0,0
SOLUSDT,1773118800000,2026-03-10T05:00:00.000Z,BULL,SHORT,0,7.875,IGNORE,0,WATCH,,0,0,0,NA,NA,NA,NA,NA,CLEAR,1,0,0,0,0,TREND_REVERSAL_UNCONFIRMED,0,0.45,SHORT,1,0,0,0
SOLUSDT,1773122400000,2026-03-10T06:00:00.000Z,BULL,SHORT,0,7.875,IGNORE,0,WATCH,,0,0,0,NA,NA,NA,NA,NA,CLEAR,1,0,0,0,0,TREND_REVERSAL_UNCONFIRMED,0,0.45,SHORT,1,0,0,0
SOLUSDT,1773126000000,2026-03-10T07:00:00.000Z,BULL,SHORT,12.847222222222221,12.54296875,IGNORE,0,WATCH,,0,0,0,NA,NA,NA,NA,NA,CLEAR,1,0,0,0,0,TREND_REVERSAL_UNCONFIRMED,1,0.45,SHORT,1,0,0,0
SOLUSDT,1773129600000,2026-03-10T08:00:00.000Z,BULL,SHORT,15.712567740156697,12.76861470953734,IGNORE,0,WATCH,,0,0,0,NA,NA,NA,NA,NA,CLEAR,1,0,0,0,0,TREND_REVERSAL_UNCONFIRMED,1,0.45,SHORT,1,0,0,0
SOLUSDT,1773133200000,2026-03-10T09:00:00.000Z,BULL,SHORT,0,7.875,IGNORE,0,WATCH,,0,0,0,NA,NA,NA,NA,NA,CLEAR,1,0,0,0,0,TREND_REVERSAL_UNCONFIRMED,0,0.45,SHORT,1,0,0,0
SOLUSDT,1773136800000,2026-03-10T10:00:00.000Z,BULL,SHORT,0,7.875,IGNORE,0,WATCH,,0,0,0,NA,NA,NA,NA,NA,CLEAR,1,0,0,0,0,TREND_REVERSAL_UNCONFIRMED,0,0.45,SHORT,1,0,0,0
SOLUSDT,1773140400000,2026-03-10T11:00:00.000Z,BULL,SHORT,0,7.875,IGNORE,0,WATCH,,0,0,0,NA,NA,NA,NA,NA,CLEAR,1,0,0,0,0,TREND_REVERSAL_UNCONFIRMED,0,0.45,SHORT,1,0,0,0
SOLUSDT,1773144000000,2026-03-10T12:00:00.000Z,BULL,SHORT,0,7.875,IGNORE,0,WATCH,,0,0,0,NA,NA,NA,NA,NA,WARNING_SOFT,1,0,0,0,0,TREND_REVERSAL_UNCONFIRMED,0,0.45,SHORT,1,0,0,0
SOLUSDT,1773147600000,2026-03-10T13:00:00.000Z,NEUTRAL,NONE,0,7.875,IGNORE,0,WATCH,,0,0,0,NA,NA,NA,NA,NA,WARNING_SOFT,1,0,1,0,0,TREND_REVERSAL_UNCONFIRMED,0,0.45,NONE,1,0,0,0
SOLUSDT,1773151200000,2026-03-10T14:00:00.000Z,BULL,SHORT,25,13.5,IGNORE,0,WATCH,,0,0,0,NA,NA,NA,NA,NA,BLOCK,0,0,0,0,0,TREND_REVERSAL_UNCONFIRMED,1,0.45,SHORT,1,0,0,0
SOLUSDT,1773154800000,2026-03-10T15:00:00.000Z,BULL,SHORT,23.380223917151675,13.372442633475695,IGNORE,0,WATCH,,0,0,0,NA,NA,NA,NA,NA,CLEAR,1,0,0,0,0,TREND_REVERSAL_UNCONFIRMED,1,0.45,SHORT,1,0,0,0
SOLUSDT,1773158400000,2026-03-10T16:00:00.000Z,BULL,SHORT,15.822131272627951,12.777242837719452,IGNORE,0,WATCH,,0,0,0,NA,NA,NA,NA,NA,CLEAR,1,0,0,0,0,TREND_REVERSAL_UNCONFIRMED,1,0.45,SHORT,1,0,0,0
SOLUSDT,1773162000000,2026-03-10T17:00:00.000Z,BULL,SHORT,0,7.875,IGNORE,0,WATCH,,0,0,0,NA,NA,NA,NA,NA,CLEAR,1,0,0,0,0,TREND_REVERSAL_UNCONFIRMED,0,0.45,SHORT,1,0,0,0
SOLUSDT,1773165600000,2026-03-10T18:00:00.000Z,NEUTRAL,NONE,0,7.875,IGNORE,0,WATCH,,0,0,0,NA,NA,NA,NA,NA,BLOCK,0,0,0,0,0,TREND_REVERSAL_UNCONFIRMED,0,0.45,NONE,1,0,0,0
SOLUSDT,1773169200000,2026-03-10T19:00:00.000Z,NEUTRAL,NONE,0,7.875,IGNORE,0,WATCH,,0,0,0,NA,NA,NA,NA,NA,WARNING_SOFT,1,0,0,0,0,TREND_REVERSAL_UNCONFIRMED,0,0.45,NONE,1,0,0,0
SOLUSDT,1773172800000,2026-03-10T20:00:00.000Z,NEUTRAL,NONE,0,7.875,IGNORE,0,WATCH,,0,0,0,NA,NA,NA,NA,NA,WARNING_SOFT,1,0,0,0,0,TREND_REVERSAL_UNCONFIRMED,0,0.45,NONE,1,0,0,0
SOLUSDT,1773176400000,2026-03-10T21:00:00.000Z,NEUTRAL,NONE,0,7.875,IGNORE,0,WATCH,,0,0,0,NA,NA,NA,NA,NA,WARNING_SOFT,1,0,0,0,0,TREND_REVERSAL_UNCONFIRMED,0,0.45,NONE,1,0,0,0
SOLUSDT,1773180000000,2026-03-10T22:00:00.000Z,NEUTRAL,NONE,0,7.875,IGNORE,0,WATCH,,0,0,0,NA,NA,NA,NA,NA,WARNING_SOFT,1,0,0,0,0,TREND_REVERSAL_UNCONFIRMED,0,0.45,NONE,1,0,0,0
SOLUSDT,1773183600000,2026-03-10T23:00:00.000Z,NEUTRAL,NONE,0,7.875,IGNORE,0,WATCH,,0,0,0,NA,NA,NA,NA,NA,WARNING_SOFT,1,0,0,0,0,TREND_REVERSAL_UNCONFIRMED,0,0.45,NONE,1,0,0,0
SOLUSDT,1773187200000,2026-03-11T00:00:00.000Z,NEUTRAL,NONE,0,7.875,IGNORE,0,WATCH,,0,0,0,NA,NA,NA,NA,NA,WARNING_SOFT,1,0,0,0,0,TREND_REVERSAL_UNCONFIRMED,0,0.45,NONE,1,0,0,0
SOLUSDT,1773190800000,2026-03-11T01:00:00.000Z,NEUTRAL,NONE,0,7.875,IGNORE,0,WATCH,,0,0,0,NA,NA,NA,NA,NA,WARNING_SOFT,1,0,0,0,0,TREND_REVERSAL_UNCONFIRMED,0,0.45,NONE,1,0,0,0
SOLUSDT,1773194400000,2026-03-11T02:00:00.000Z,NEUTRAL,NONE,0,7.875,IGNORE,0,WATCH,,0,0,0,NA,NA,NA,NA,NA,WARNING_SOFT,1,0,0,0,0,TREND_REVERSAL_UNCONFIRMED,0,0.45,NONE,1,0,0,0
SOLUSDT,1773198000000,2026-03-11T03:00:00.000Z,NEUTRAL,NONE,0,7.875,IGNORE,0,WATCH,,0,0,0,NA,NA,NA,NA,NA,WARNING_SOFT,1,0,0,0,0,TREND_REVERSAL_UNCONFIRMED,0,0.45,NONE,1,0,0,0
SOLUSDT,1773201600000,2026-03-11T04:00:00.000Z,BULL,SHORT,0,7.875,IGNORE,0,WATCH,,0,0,0,NA,NA,NA,NA,NA,WARNING_SOFT,1,0,0,0,0,TREND_REVERSAL_UNCONFIRMED,0,0.45,SHORT,1,0,0,0
SOLUSDT,1773205200000,2026-03-11T05:00:00.000Z,NEUTRAL,NONE,0,7.875,IGNORE,0,WATCH,,0,0,0,NA,NA,NA,NA,NA,WARNING_SOFT,1,0,0,0,0,TREND_REVERSAL_UNCONFIRMED,0,0.45,NONE,1,0,0,0
SOLUSDT,1773208800000,2026-03-11T06:00:00.000Z,NEUTRAL,NONE,0,7.875,IGNORE,0,WATCH,,0,0,0,NA,NA,NA,NA,NA,WARNING_SOFT,1,0,0,0,0,TREND_REVERSAL_UNCONFIRMED,0,0.45,NONE,1,0,0,0
SOLUSDT,1773212400000,2026-03-11T07:00:00.000Z,NEUTRAL,NONE,0,7.875,IGNORE,0,WATCH,,0,0,0,NA,NA,NA,NA,NA,WARNING_SOFT,1,0,0,0,0,TREND_REVERSAL_UNCONFIRMED,0,0.45,NONE,1,0,0,0
SOLUSDT,1773216000000,2026-03-11T08:00:00.000Z,NEUTRAL,NONE,0,7.875,IGNORE,0,WATCH,,0,0,0,NA,NA,NA,NA,NA,WARNING_SOFT,1,0,0,0,0,TREND_REVERSAL_UNCONFIRMED,0,0.45,NONE,1,0,0,0
SOLUSDT,1773219600000,2026-03-11T09:00:00.000Z,NEUTRAL,NONE,0,7.875,IGNORE,0,WATCH,,0,0,0,NA,NA,NA,NA,NA,WARNING_SOFT,1,0,0,0,0,TREND_REVERSAL_UNCONFIRMED,0,0.45,NONE,1,0,0,0
SOLUSDT,1773223200000,2026-03-11T10:00:00.000Z,NEUTRAL,NONE,0,7.875,IGNORE,0,WATCH,,0,0,0,NA,NA,NA,NA,NA,WARNING_SOFT,1,0,0,0,0,TREND_REVERSAL_UNCONFIRMED,0,0.45,NONE,1,0,0,0
SOLUSDT,1773226800000,2026-03-11T11:00:00.000Z,NEUTRAL,NONE,0,7.875,IGNORE,0,WATCH,,0,0,0,NA,NA,NA,NA,NA,WARNING_SOFT,1,0,0,0,0,TREND_REVERSAL_UNCONFIRMED,0,0.45,NONE,1,0,0,0
SOLUSDT,1773230400000,2026-03-11T12:00:00.000Z,NEUTRAL,NONE,0,7.875,IGNORE,0,WATCH,,0,0,0,NA,NA,NA,NA,NA,BLOCK,0,0,0,0,0,TREND_REVERSAL_UNCONFIRMED,0,0.45,NONE,1,0,0,0
SOLUSDT,1773234000000,2026-03-11T13:00:00.000Z,BULL,SHORT,42.5,18.534375,IGNORE,0,WATCH,,0,0,0,NA,NA,NA,NA,NA,CLEAR,1,0,0,0,0,TREND_REVERSAL_UNCONFIRMED,2,0.45,SHORT,1,0,0,0
SOLUSDT,1773237600000,2026-03-11T14:00:00.000Z,BULL,SHORT,66.4917742094825,53.76929080879392,WATCH,1,WATCH,ACTIVE,1,1,0,PASS,PASS,SKIP,SKIP,FAIL,CLEAR,1,0,0,0,0,MARKET_CONTEXT_DENIED,3,0.84,SHORT,0,1,0,0
SOLUSDT,1773241200000,2026-03-11T15:00:00.000Z,NEUTRAL,NONE,0,7.875,IGNORE,0,WATCH,,0,0,0,NA,NA,NA,NA,NA,BLOCK,0,0,0,0,0,TREND_REVERSAL_UNCONFIRMED,0,0.45,NONE,1,0,0,0
SOLUSDT,1773244800000,2026-03-11T16:00:00.000Z,BULL,SHORT,0,7.875,IGNORE,0,WATCH,,0,0,0,NA,NA,NA,NA,NA,WARNING_SOFT,1,0,0,0,0,TREND_REVERSAL_UNCONFIRMED,0,0.45,SHORT,1,0,0,0
SOLUSDT,1773248400000,2026-03-11T17:00:00.000Z,BULL,SHORT,25,13.5,IGNORE,0,WATCH,,0,0,0,NA,NA,NA,NA,NA,CLEAR,1,0,0,0,0,TREND_REVERSAL_UNCONFIRMED,1,0.45,SHORT,1,0,0,0
SOLUSDT,1773252000000,2026-03-11T18:00:00.000Z,BULL,SHORT,18.561745764118854,12.99298747892436,IGNORE,0,WATCH,,0,0,0,NA,NA,NA,NA,NA,CLEAR,1,0,0,0,0,TREND_REVERSAL_UNCONFIRMED,1,0.45,SHORT,1,0,0,0
SOLUSDT,1773255600000,2026-03-11T19:00:00.000Z,BULL,SHORT,0,7.875,IGNORE,0,WATCH,,0,0,0,NA,NA,NA,NA,NA,CLEAR,1,0,0,0,0,TREND_REVERSAL_UNCONFIRMED,0,0.45,SHORT,1,0,0,0
SOLUSDT,1773259200000,2026-03-11T20:00:00.000Z,BULL,SHORT,0,7.875,IGNORE,0,WATCH,,0,0,0,NA,NA,NA,NA,NA,CLEAR,1,0,0,0,0,TREND_REVERSAL_UNCONFIRMED,0,0.45,SHORT,1,0,0,0
SOLUSDT,1773262800000,2026-03-11T21:00:00.000Z,BULL,SHORT,0,7.875,IGNORE,0,WATCH,,0,0,0,NA,NA,NA,NA,NA,CLEAR,1,0,0,0,0,TREND_REVERSAL_UNCONFIRMED,0,0.45,SHORT,1,0,0,0
SOLUSDT,1773266400000,2026-03-11T22:00:00.000Z,BULL,SHORT,0,7.875,IGNORE,0,WATCH,,0,0,0,NA,NA,NA,NA,NA,CLEAR,1,0,0,0,0,TREND_REVERSAL_UNCONFIRMED,0,0.45,SHORT,1,0,0,0
SOLUSDT,1773270000000,2026-03-11T23:00:00.000Z,BULL,SHORT,0,7.875,IGNORE,0,WATCH,,0,0,0,NA,NA,NA,NA,NA,WARNING_SOFT,1,0,0,0,0,TREND_REVERSAL_UNCONFIRMED,0,0.45,SHORT,1,0,0,0
SOLUSDT,1773273600000,2026-03-12T00:00:00.000Z,BULL,SHORT,0,7.875,IGNORE,0,WATCH,,0,0,0,NA,NA,NA,NA,NA,WARNING_SOFT,1,0,0,0,0,TREND_REVERSAL_UNCONFIRMED,0,0.45,SHORT,1,0,0,0
SOLUSDT,1773277200000,2026-03-12T01:00:00.000Z,NEUTRAL,NONE,0,7.875,IGNORE,0,WATCH,,0,0,0,NA,NA,NA,NA,NA,WARNING_SOFT,1,0,0,0,0,TREND_REVERSAL_UNCONFIRMED,0,0.45,NONE,1,0,0,0
SOLUSDT,1773280800000,2026-03-12T02:00:00.000Z,NEUTRAL,NONE,0,7.875,IGNORE,0,WATCH,,0,0,0,NA,NA,NA,NA,NA,WARNING_SOFT,1,0,0,0,0,TREND_REVERSAL_UNCONFIRMED,0,0.45,NONE,1,0,0,0
SOLUSDT,1773284400000,2026-03-12T03:00:00.000Z,NEUTRAL,NONE,0,7.875,IGNORE,0,WATCH,,0,0,0,NA,NA,NA,NA,NA,WARNING_SOFT,1,0,0,0,0,TREND_REVERSAL_UNCONFIRMED,0,0.45,NONE,1,0,0,0
SOLUSDT,1773288000000,2026-03-12T04:00:00.000Z,NEUTRAL,NONE,0,7.875,IGNORE,0,WATCH,,0,0,0,NA,NA,NA,NA,NA,BLOCK,0,0,0,0,0,TREND_REVERSAL_UNCONFIRMED,0,0.45,NONE,1,0,0,0
SOLUSDT,1773291600000,2026-03-12T05:00:00.000Z,NEUTRAL,NONE,0,7.875,IGNORE,0,WATCH,,0,0,0,NA,NA,NA,NA,NA,WARNING_SOFT,1,0,0,0,0,TREND_REVERSAL_UNCONFIRMED,0,0.45,NONE,1,0,0,0
SOLUSDT,1773295200000,2026-03-12T06:00:00.000Z,NEUTRAL,NONE,0,7.875,IGNORE,0,WATCH,,0,0,0,NA,NA,NA,NA,NA,WARNING_SOFT,1,0,0,0,0,TREND_REVERSAL_UNCONFIRMED,0,0.45,NONE,1,0,0,0
SOLUSDT,1773298800000,2026-03-12T07:00:00.000Z,NEUTRAL,NONE,0,7.875,IGNORE,0,WATCH,,0,0,0,NA,NA,NA,NA,NA,BLOCK,0,0,0,0,0,TREND_REVERSAL_UNCONFIRMED,0,0.45,NONE,1,0,0,0
SOLUSDT,1773302400000,2026-03-12T08:00:00.000Z,NEUTRAL,NONE,0,7.875,IGNORE,0,WATCH,,0,0,0,NA,NA,NA,NA,NA,WARNING_HARD,1,0,0,0,0,TREND_REVERSAL_UNCONFIRMED,0,0.45,NONE,1,0,0,0
SOLUSDT,1773306000000,2026-03-12T09:00:00.000Z,BULL,SHORT,42.5,18.534375,IGNORE,0,WATCH,,0,0,0,NA,NA,NA,NA,NA,WARNING_SOFT,1,0,0,0,0,TREND_REVERSAL_UNCONFIRMED,2,0.45,SHORT,1,0,0,0
SOLUSDT,1773309600000,2026-03-12T10:00:00.000Z,BULL,SHORT,30.251508669104837,17.569806307692005,IGNORE,0,WATCH,,0,0,0,NA,NA,NA,NA,NA,CLEAR,1,0,0,0,0,TREND_REVERSAL_UNCONFIRMED,2,0.45,SHORT,1,0,0,0
SOLUSDT,1773313200000,2026-03-12T11:00:00.000Z,BULL,SHORT,17.5,12.909375,IGNORE,0,WATCH,,0,0,0,NA,NA,NA,NA,NA,CLEAR,1,0,0,0,0,TREND_REVERSAL_UNCONFIRMED,1,0.45,SHORT,1,0,0,0
SOLUSDT,1773316800000,2026-03-12T12:00:00.000Z,BULL,SHORT,45.773628586388014,22.448423251178056,IGNORE,0,WATCH,,0,0,0,NA,NA,NA,NA,NA,CLEAR,1,0,0,0,0,TREND_REVERSAL_UNCONFIRMED,3,0.45,SHORT,1,0,0,0
SOLUSDT,1773320400000,2026-03-12T13:00:00.000Z,BULL,SHORT,42.5,18.534375,IGNORE,0,WATCH,,0,0,0,NA,NA,NA,NA,NA,WARNING_HARD,1,0,1,1,0,TREND_REVERSAL_UNCONFIRMED,2,0.45,SHORT,1,0,0,0
SOLUSDT,1773324000000,2026-03-12T14:00:00.000Z,NEUTRAL,NONE,0,7.875,IGNORE,0,WATCH,,0,0,0,NA,NA,NA,NA,NA,BLOCK,0,0,1,0,0,TREND_REVERSAL_UNCONFIRMED,0,0.45,NONE,1,0,0,0
SOLUSDT,1773327600000,2026-03-12T15:00:00.000Z,BULL,SHORT,42.5,18.534375,IGNORE,0,WATCH,,0,0,0,NA,NA,NA,NA,NA,WARNING_SOFT,1,0,0,0,0,TREND_REVERSAL_UNCONFIRMED,2,0.45,SHORT,1,0,0,0
SOLUSDT,1773331200000,2026-03-12T16:00:00.000Z,BULL,SHORT,36.865684945423624,18.090672689452113,IGNORE,0,WATCH,,0,0,0,NA,NA,NA,NA,NA,WARNING_SOFT,1,0,0,0,0,TREND_REVERSAL_UNCONFIRMED,2,0.45,SHORT,1,0,0,0
SOLUSDT,1773334800000,2026-03-12T17:00:00.000Z,BULL,SHORT,17.5,12.909375,IGNORE,0,WATCH,,0,0,0,NA,NA,NA,NA,NA,CLEAR,1,0,0,0,0,TREND_REVERSAL_UNCONFIRMED,1,0.45,SHORT,1,0,0,0
SOLUSDT,1773338400000,2026-03-12T18:00:00.000Z,NEUTRAL,NONE,0,7.875,IGNORE,0,WATCH,,0,0,0,NA,NA,NA,NA,NA,WARNING_SOFT,1,0,0,0,0,TREND_REVERSAL_UNCONFIRMED,0,0.45,NONE,1,0,0,0
SOLUSDT,1773342000000,2026-03-12T19:00:00.000Z,BULL,SHORT,17.5,12.909375,IGNORE,0,WATCH,,0,0,0,NA,NA,NA,NA,NA,WARNING_SOFT,1,0,0,0,0,TREND_REVERSAL_UNCONFIRMED,1,0.45,SHORT,1,0,0,0
SOLUSDT,1773345600000,2026-03-12T20:00:00.000Z,BULL,SHORT,17.5,12.909375,IGNORE,0,WATCH,,0,0,0,NA,NA,NA,NA,NA,CLEAR,1,0,0,0,0,TREND_REVERSAL_UNCONFIRMED,1,0.45,SHORT,1,0,0,0
SOLUSDT,1773349200000,2026-03-12T21:00:00.000Z,BULL,SHORT,42.5,18.534375,IGNORE,0,WATCH,,0,0,0,NA,NA,NA,NA,NA,WARNING_SOFT,1,0,0,0,0,TREND_REVERSAL_UNCONFIRMED,2,0.45,SHORT,1,0,0,0
SOLUSDT,1773352800000,2026-03-12T22:00:00.000Z,NEUTRAL,NONE,0,7.875,IGNORE,0,WATCH,,0,0,0,NA,NA,NA,NA,NA,WARNING_SOFT,1,0,0,0,0,TREND_REVERSAL_UNCONFIRMED,0,0.45,NONE,1,0,0,0
SOLUSDT,1773356400000,2026-03-12T23:00:00.000Z,BULL,SHORT,17.5,12.909375,IGNORE,0,WATCH,,0,0,0,NA,NA,NA,NA,NA,CLEAR,1,0,0,0,0,TREND_REVERSAL_UNCONFIRMED,1,0.45,SHORT,1,0,0,0
SOLUSDT,1773360000000,2026-03-13T00:00:00.000Z,BULL,SHORT,42.5,18.534375,IGNORE,0,WATCH,,0,0,0,NA,NA,NA,NA,NA,CLEAR,1,1,0,0,0,TREND_REVERSAL_UNCONFIRMED,2,0.45,SHORT,1,0,0,0
SOLUSDT,1773363600000,2026-03-13T01:00:00.000Z,BULL,SHORT,55.34722222222222,52.13104166666666,WATCH,1,WATCH,ACTIVE,1,1,0,PASS,PASS,SKIP,SKIP,FAIL,CLEAR,1,0,0,0,0,MARKET_CONTEXT_DENIED,3,0.84,SHORT,0,1,0,0
SOLUSDT,1773367200000,2026-03-13T02:00:00.000Z,BULL,SHORT,17.5,12.909375,IGNORE,0,WATCH,,0,0,0,NA,NA,NA,NA,NA,CLEAR,1,0,0,0,0,TREND_REVERSAL_UNCONFIRMED,1,0.45,SHORT,1,0,0,0
SOLUSDT,1773370800000,2026-03-13T03:00:00.000Z,BULL,SHORT,0,7.875,IGNORE,0,WATCH,,0,0,0,NA,NA,NA,NA,NA,CLEAR,1,0,0,0,0,TREND_REVERSAL_UNCONFIRMED,0,0.45,SHORT,1,0,0,0
SOLUSDT,1773374400000,2026-03-13T04:00:00.000Z,BULL,SHORT,0,7.875,IGNORE,0,WATCH,,0,0,0,NA,NA,NA,NA,NA,CLEAR,1,0,0,0,0,TREND_REVERSAL_UNCONFIRMED,0,0.45,SHORT,1,0,0,0
SOLUSDT,1773378000000,2026-03-13T05:00:00.000Z,BULL,SHORT,0,7.875,IGNORE,0,WATCH,,0,0,0,NA,NA,NA,NA,NA,CLEAR,1,0,0,0,0,TREND_REVERSAL_UNCONFIRMED,0,0.45,SHORT,1,0,0,0
SOLUSDT,1773381600000,2026-03-13T06:00:00.000Z,BULL,SHORT,0,7.875,IGNORE,0,WATCH,,0,0,0,NA,NA,NA,NA,NA,WARNING_SOFT,1,0,0,0,0,TREND_REVERSAL_UNCONFIRMED,0,0.45,SHORT,1,0,0,0
SOLUSDT,1773385200000,2026-03-13T07:00:00.000Z,BULL,SHORT,0,7.875,IGNORE,0,WATCH,,0,0,0,NA,NA,NA,NA,NA,CLEAR,1,0,0,0,0,TREND_REVERSAL_UNCONFIRMED,0,0.45,SHORT,1,0,0,0
SOLUSDT,1773388800000,2026-03-13T08:00:00.000Z,BULL,SHORT,0,7.875,IGNORE,0,WATCH,,0,0,0,NA,NA,NA,NA,NA,CLEAR,1,0,0,0,0,TREND_REVERSAL_UNCONFIRMED,0,0.45,SHORT,1,0,0,0
SOLUSDT,1773392400000,2026-03-13T09:00:00.000Z,BULL,SHORT,0,7.875,IGNORE,0,WATCH,,0,0,0,NA,NA,NA,NA,NA,CLEAR,1,0,0,0,0,TREND_REVERSAL_UNCONFIRMED,0,0.45,SHORT,1,0,0,0
SOLUSDT,1773396000000,2026-03-13T10:00:00.000Z,BULL,SHORT,25,13.5,IGNORE,0,WATCH,,0,0,0,NA,NA,NA,NA,NA,CLEAR,1,0,0,0,0,TREND_REVERSAL_UNCONFIRMED,1,0.45,SHORT,1,0,0,0
SOLUSDT,1773399600000,2026-03-13T11:00:00.000Z,BULL,SHORT,0,7.875,IGNORE,0,WATCH,,0,0,0,NA,NA,NA,NA,NA,CLEAR,1,0,0,0,0,TREND_REVERSAL_UNCONFIRMED,0,0.45,SHORT,1,0,0,0
SOLUSDT,1773403200000,2026-03-13T12:00:00.000Z,BULL,SHORT,13.21586265824839,12.571999184337061,IGNORE,0,WATCH,,0,0,0,NA,NA,NA,NA,NA,CLEAR,1,0,0,0,0,TREND_REVERSAL_UNCONFIRMED,1,0.45,SHORT,1,0,0,0
SOLUSDT,1773406800000,2026-03-13T13:00:00.000Z,BULL,SHORT,41.31944444444444,18.44140625,IGNORE,0,WATCH,,0,0,0,NA,NA,NA,NA,NA,CLEAR,1,0,0,0,0,TREND_REVERSAL_UNCONFIRMED,2,0.45,SHORT,1,0,0,0
SOLUSDT,1773410400000,2026-03-13T14:00:00.000Z,BULL,SHORT,50,19.125,IGNORE,0,WATCH,,0,0,0,NA,NA,NA,NA,NA,CLEAR,1,0,0,0,0,TREND_REVERSAL_UNCONFIRMED,2,0.45,SHORT,1,0,0,0
SOLUSDT,1773414000000,2026-03-13T15:00:00.000Z,BULL,SHORT,20.605466188244996,13.153930462324293,IGNORE,0,WATCH,,0,0,0,NA,NA,NA,NA,NA,CLEAR,1,0,0,0,0,TREND_REVERSAL_UNCONFIRMED,1,0.45,SHORT,1,0,0,0
SOLUSDT,1773417600000,2026-03-13T16:00:00.000Z,BULL,SHORT,13.07033770679352,12.56053909440999,IGNORE,0,WATCH,,0,0,0,NA,NA,NA,NA,NA,BLOCK,0,0,0,0,0,TREND_REVERSAL_UNCONFIRMED,1,0.45,SHORT,1,0,0,0
SOLUSDT,1773421200000,2026-03-13T17:00:00.000Z,NEUTRAL,NONE,0,7.875,IGNORE,0,WATCH,,0,0,0,NA,NA,NA,NA,NA,WARNING_SOFT,1,0,0,0,0,TREND_REVERSAL_UNCONFIRMED,0,0.45,NONE,1,0,0,0
SOLUSDT,1773424800000,2026-03-13T18:00:00.000Z,NEUTRAL,NONE,0,7.875,IGNORE,0,WATCH,,0,0,0,NA,NA,NA,NA,NA,WARNING_SOFT,1,0,0,0,0,TREND_REVERSAL_UNCONFIRMED,0,0.45,NONE,1,0,0,0
SOLUSDT,1773428400000,2026-03-13T19:00:00.000Z,NEUTRAL,NONE,0,7.875,IGNORE,0,WATCH,,0,0,0,NA,NA,NA,NA,NA,WARNING_SOFT,1,0,0,0,0,TREND_REVERSAL_UNCONFIRMED,0,0.45,NONE,1,0,0,0
SOLUSDT,1773432000000,2026-03-13T20:00:00.000Z,NEUTRAL,NONE,0,7.875,IGNORE,0,WATCH,,0,0,0,NA,NA,NA,NA,NA,WARNING_SOFT,1,0,0,0,0,TREND_REVERSAL_UNCONFIRMED,0,0.45,NONE,1,0,0,0
SOLUSDT,1773435600000,2026-03-13T21:00:00.000Z,NEUTRAL,NONE,0,7.875,IGNORE,0,WATCH,,0,0,0,NA,NA,NA,NA,NA,WARNING_SOFT,1,0,0,0,0,TREND_REVERSAL_UNCONFIRMED,0,0.45,NONE,1,0,0,0
SOLUSDT,1773439200000,2026-03-13T22:00:00.000Z,NEUTRAL,NONE,0,7.875,IGNORE,0,WATCH,,0,0,0,NA,NA,NA,NA,NA,WARNING_SOFT,1,0,0,0,0,TREND_REVERSAL_UNCONFIRMED,0,0.45,NONE,1,0,0,0
SOLUSDT,1773442800000,2026-03-13T23:00:00.000Z,NEUTRAL,NONE,0,7.875,IGNORE,0,WATCH,,0,0,0,NA,NA,NA,NA,NA,WARNING_SOFT,1,0,0,0,0,TREND_REVERSAL_UNCONFIRMED,0,0.45,NONE,1,0,0,0
SOLUSDT,1773446400000,2026-03-14T00:00:00.000Z,NEUTRAL,NONE,0,7.875,IGNORE,0,WATCH,,0,0,0,NA,NA,NA,NA,NA,WARNING_SOFT,1,0,0,0,0,TREND_REVERSAL_UNCONFIRMED,0,0.45,NONE,1,0,0,0
SOLUSDT,1773450000000,2026-03-14T01:00:00.000Z,NEUTRAL,NONE,0,7.875,IGNORE,0,WATCH,,0,0,0,NA,NA,NA,NA,NA,WARNING_SOFT,1,0,0,0,0,TREND_REVERSAL_UNCONFIRMED,0,0.45,NONE,1,0,0,0
SOLUSDT,1773453600000,2026-03-14T02:00:00.000Z,NEUTRAL,NONE,0,7.875,IGNORE,0,WATCH,,0,0,0,NA,NA,NA,NA,NA,WARNING_SOFT,1,0,0,0,0,TREND_REVERSAL_UNCONFIRMED,0,0.45,NONE,1,0,0,0
SOLUSDT,1773457200000,2026-03-14T03:00:00.000Z,NEUTRAL,NONE,0,7.875,IGNORE,0,WATCH,,0,0,0,NA,NA,NA,NA,NA,WARNING_SOFT,1,0,0,0,0,TREND_REVERSAL_UNCONFIRMED,0,0.45,NONE,1,0,0,0
SOLUSDT,1773460800000,2026-03-14T04:00:00.000Z,NEUTRAL,NONE,0,7.875,IGNORE,0,WATCH,,0,0,0,NA,NA,NA,NA,NA,WARNING_SOFT,1,0,0,0,0,TREND_REVERSAL_UNCONFIRMED,0,0.45,NONE,1,0,0,0
SOLUSDT,1773464400000,2026-03-14T05:00:00.000Z,NEUTRAL,NONE,0,7.875,IGNORE,0,WATCH,,0,0,0,NA,NA,NA,NA,NA,WARNING_SOFT,1,0,0,0,0,TREND_REVERSAL_UNCONFIRMED,0,0.45,NONE,1,0,0,0
SOLUSDT,1773468000000,2026-03-14T06:00:00.000Z,NEUTRAL,NONE,0,7.875,IGNORE,0,WATCH,,0,0,0,NA,NA,NA,NA,NA,BLOCK,0,0,0,0,0,TREND_REVERSAL_UNCONFIRMED,0,0.45,NONE,1,0,0,0
SOLUSDT,1773471600000,2026-03-14T07:00:00.000Z,NEUTRAL,NONE,0,7.875,IGNORE,0,WATCH,,0,0,0,NA,NA,NA,NA,NA,WARNING_SOFT,1,0,0,0,0,TREND_REVERSAL_UNCONFIRMED,0,0.45,NONE,1,0,0,0
SOLUSDT,1773475200000,2026-03-14T08:00:00.000Z,NEUTRAL,NONE,0,7.875,IGNORE,0,WATCH,,0,0,0,NA,NA,NA,NA,NA,WARNING_SOFT,1,0,0,0,0,TREND_REVERSAL_UNCONFIRMED,0,0.45,NONE,1,0,0,0
SOLUSDT,1773478800000,2026-03-14T09:00:00.000Z,NEUTRAL,NONE,0,7.875,IGNORE,0,WATCH,,0,0,0,NA,NA,NA,NA,NA,WARNING_SOFT,1,0,0,0,0,TREND_REVERSAL_UNCONFIRMED,0,0.45,NONE,1,0,0,0
SOLUSDT,1773482400000,2026-03-14T10:00:00.000Z,NEUTRAL,NONE,0,7.875,IGNORE,0,WATCH,,0,0,0,NA,NA,NA,NA,NA,WARNING_SOFT,1,0,0,0,0,TREND_REVERSAL_UNCONFIRMED,0,0.45,NONE,1,0,0,0
SOLUSDT,1773486000000,2026-03-14T11:00:00.000Z,BEAR,LONG,25,13.5,IGNORE,0,WATCH,,0,0,0,NA,NA,NA,NA,NA,CLEAR,1,0,0,0,0,TREND_REVERSAL_UNCONFIRMED,1,0.45,LONG,1,0,0,0
SOLUSDT,1773489600000,2026-03-14T12:00:00.000Z,BEAR,LONG,0,7.875,IGNORE,0,WATCH,,0,0,0,NA,NA,NA,NA,NA,CLEAR,1,0,0,0,0,TREND_REVERSAL_UNCONFIRMED,0,0.45,LONG,1,0,0,0
SOLUSDT,1773493200000,2026-03-14T13:00:00.000Z,BEAR,LONG,0,7.875,IGNORE,0,WATCH,,0,0,0,NA,NA,NA,NA,NA,CLEAR,1,0,0,0,0,TREND_REVERSAL_UNCONFIRMED,0,0.45,LONG,1,0,0,0
SOLUSDT,1773496800000,2026-03-14T14:00:00.000Z,BEAR,LONG,0,7.875,IGNORE,0,WATCH,,0,0,0,NA,NA,NA,NA,NA,CLEAR,1,0,0,0,0,TREND_REVERSAL_UNCONFIRMED,0,0.45,LONG,1,0,0,0
SOLUSDT,1773500400000,2026-03-14T15:00:00.000Z,BEAR,LONG,0,7.875,IGNORE,0,WATCH,,0,0,0,NA,NA,NA,NA,NA,CLEAR,1,0,0,0,0,TREND_REVERSAL_UNCONFIRMED,0,0.45,LONG,1,0,0,0
SOLUSDT,1773504000000,2026-03-14T16:00:00.000Z,BEAR,LONG,0,7.875,IGNORE,0,WATCH,,0,0,0,NA,NA,NA,NA,NA,CLEAR,1,0,0,0,0,TREND_REVERSAL_UNCONFIRMED,0,0.45,LONG,1,0,0,0
SOLUSDT,1773507600000,2026-03-14T17:00:00.000Z,BEAR,LONG,17.5,12.909375,IGNORE,0,WATCH,,0,0,0,NA,NA,NA,NA,NA,CLEAR,1,0,0,0,0,TREND_REVERSAL_UNCONFIRMED,1,0.45,LONG,1,0,0,0
SOLUSDT,1773511200000,2026-03-14T18:00:00.000Z,BEAR,LONG,0,7.875,IGNORE,0,WATCH,,0,0,0,NA,NA,NA,NA,NA,CLEAR,1,0,0,0,0,TREND_REVERSAL_UNCONFIRMED,0,0.45,LONG,1,0,0,0
SOLUSDT,1773514800000,2026-03-14T19:00:00.000Z,BEAR,LONG,0,7.875,IGNORE,0,WATCH,,0,0,0,NA,NA,NA,NA,NA,CLEAR,1,0,0,0,0,TREND_REVERSAL_UNCONFIRMED,0,0.45,LONG,1,0,0,0
SOLUSDT,1773518400000,2026-03-14T20:00:00.000Z,BEAR,LONG,0,7.875,IGNORE,0,WATCH,,0,0,0,NA,NA,NA,NA,NA,CLEAR,1,0,0,0,0,TREND_REVERSAL_UNCONFIRMED,0,0.45,LONG,1,0,0,0
SOLUSDT,1773522000000,2026-03-14T21:00:00.000Z,BEAR,LONG,0,7.875,IGNORE,0,WATCH,,0,0,0,NA,NA,NA,NA,NA,CLEAR,1,0,0,0,0,TREND_REVERSAL_UNCONFIRMED,0,0.45,LONG,1,0,0,0
SOLUSDT,1773525600000,2026-03-14T22:00:00.000Z,BEAR,LONG,0,7.875,IGNORE,0,WATCH,,0,0,0,NA,NA,NA,NA,NA,WARNING_SOFT,1,0,0,0,0,TREND_REVERSAL_UNCONFIRMED,0,0.45,LONG,1,0,0,0
SOLUSDT,1773529200000,2026-03-14T23:00:00.000Z,NEUTRAL,NONE,0,7.875,IGNORE,0,WATCH,,0,0,0,NA,NA,NA,NA,NA,CLEAR,1,1,0,0,0,TREND_REVERSAL_UNCONFIRMED,0,0.45,NONE,1,0,0,0
SOLUSDT,1773532800000,2026-03-15T00:00:00.000Z,NEUTRAL,NONE,0,7.875,IGNORE,0,WATCH,,0,0,0,NA,NA,NA,NA,NA,CLEAR,1,0,0,0,0,TREND_REVERSAL_UNCONFIRMED,0,0.45,NONE,1,0,0,0
SOLUSDT,1773536400000,2026-03-15T01:00:00.000Z,NEUTRAL,NONE,0,7.875,IGNORE,0,WATCH,,0,0,0,NA,NA,NA,NA,NA,CLEAR,1,0,0,0,0,TREND_REVERSAL_UNCONFIRMED,0,0.45,NONE,1,0,0,0
SOLUSDT,1773540000000,2026-03-15T02:00:00.000Z,NEUTRAL,NONE,0,7.875,IGNORE,0,WATCH,,0,0,0,NA,NA,NA,NA,NA,CLEAR,1,0,0,0,0,TREND_REVERSAL_UNCONFIRMED,0,0.45,NONE,1,0,0,0
SOLUSDT,1773543600000,2026-03-15T03:00:00.000Z,NEUTRAL,NONE,0,7.875,IGNORE,0,WATCH,,0,0,0,NA,NA,NA,NA,NA,CLEAR,1,0,0,0,0,TREND_REVERSAL_UNCONFIRMED,0,0.45,NONE,1,0,0,0
SOLUSDT,1773547200000,2026-03-15T04:00:00.000Z,NEUTRAL,NONE,0,7.875,IGNORE,0,WATCH,,0,0,0,NA,NA,NA,NA,NA,CLEAR,1,0,0,0,0,TREND_REVERSAL_UNCONFIRMED,0,0.45,NONE,1,0,0,0
SOLUSDT,1773550800000,2026-03-15T05:00:00.000Z,NEUTRAL,NONE,0,7.875,IGNORE,0,WATCH,,0,0,0,NA,NA,NA,NA,NA,CLEAR,1,0,0,0,0,TREND_REVERSAL_UNCONFIRMED,0,0.45,NONE,1,0,0,0
SOLUSDT,1773554400000,2026-03-15T06:00:00.000Z,BULL,SHORT,0,7.875,IGNORE,0,WATCH,,0,0,0,NA,NA,NA,NA,NA,CLEAR,1,0,0,0,0,TREND_REVERSAL_UNCONFIRMED,0,0.45,SHORT,1,0,0,0
SOLUSDT,1773558000000,2026-03-15T07:00:00.000Z,BULL,SHORT,0,7.875,IGNORE,0,WATCH,,0,0,0,NA,NA,NA,NA,NA,CLEAR,1,0,0,0,0,TREND_REVERSAL_UNCONFIRMED,0,0.45,SHORT,1,0,0,0
SOLUSDT,1773561600000,2026-03-15T08:00:00.000Z,BULL,SHORT,0,7.875,IGNORE,0,WATCH,,0,0,0,NA,NA,NA,NA,NA,CLEAR,1,0,0,0,0,TREND_REVERSAL_UNCONFIRMED,0,0.45,SHORT,1,0,0,0
SOLUSDT,1773565200000,2026-03-15T09:00:00.000Z,BULL,SHORT,16.177365389119725,12.805217524393179,IGNORE,0,WATCH,,0,0,0,NA,NA,NA,NA,NA,CLEAR,1,0,0,0,0,TREND_REVERSAL_UNCONFIRMED,1,0.45,SHORT,1,0,0,0
SOLUSDT,1773568800000,2026-03-15T10:00:00.000Z,BULL,SHORT,25,13.5,IGNORE,0,WATCH,,0,0,0,NA,NA,NA,NA,NA,CLEAR,1,0,0,0,0,TREND_REVERSAL_UNCONFIRMED,1,0.45,SHORT,1,0,0,0
SOLUSDT,1773572400000,2026-03-15T11:00:00.000Z,BULL,SHORT,0,7.875,IGNORE,0,WATCH,,0,0,0,NA,NA,NA,NA,NA,CLEAR,1,0,0,0,0,TREND_REVERSAL_UNCONFIRMED,0,0.45,SHORT,1,0,0,0
SOLUSDT,1773576000000,2026-03-15T12:00:00.000Z,BULL,SHORT,0,7.875,IGNORE,0,WATCH,,0,0,0,NA,NA,NA,NA,NA,CLEAR,1,0,0,0,0,TREND_REVERSAL_UNCONFIRMED,0,0.45,SHORT,1,0,0,0
SOLUSDT,1773579600000,2026-03-15T13:00:00.000Z,NEUTRAL,NONE,0,7.875,IGNORE,0,WATCH,,0,0,0,NA,NA,NA,NA,NA,BLOCK,0,0,1,0,0,TREND_REVERSAL_UNCONFIRMED,0,0.45,NONE,1,0,0,0
SOLUSDT,1773583200000,2026-03-15T14:00:00.000Z,NEUTRAL,NONE,0,7.875,IGNORE,0,WATCH,,0,0,0,NA,NA,NA,NA,NA,WARNING_SOFT,1,0,0,0,0,TREND_REVERSAL_UNCONFIRMED,0,0.45,NONE,1,0,0,0
SOLUSDT,1773586800000,2026-03-15T15:00:00.000Z,NEUTRAL,NONE,0,7.875,IGNORE,0,WATCH,,0,0,0,NA,NA,NA,NA,NA,WARNING_SOFT,1,0,0,0,0,TREND_REVERSAL_UNCONFIRMED,0,0.45,NONE,1,0,0,0
SOLUSDT,1773590400000,2026-03-15T16:00:00.000Z,NEUTRAL,NONE,0,7.875,IGNORE,0,WATCH,,0,0,0,NA,NA,NA,NA,NA,WARNING_SOFT,1,0,0,0,0,TREND_REVERSAL_UNCONFIRMED,0,0.45,NONE,1,0,0,0
SOLUSDT,1773594000000,2026-03-15T17:00:00.000Z,BULL,SHORT,15.75658432836848,12.772081015859019,IGNORE,0,WATCH,,0,0,0,NA,NA,NA,NA,NA,WARNING_SOFT,1,0,0,0,0,TREND_REVERSAL_UNCONFIRMED,1,0.45,SHORT,1,0,0,0
SOLUSDT,1773597600000,2026-03-15T18:00:00.000Z,NEUTRAL,NONE,0,7.875,IGNORE,0,WATCH,,0,0,0,NA,NA,NA,NA,NA,WARNING_SOFT,1,0,0,0,0,TREND_REVERSAL_UNCONFIRMED,0,0.45,NONE,1,0,0,0
SOLUSDT,1773601200000,2026-03-15T19:00:00.000Z,BULL,SHORT,0,7.875,IGNORE,0,WATCH,,0,0,0,NA,NA,NA,NA,NA,CLEAR,1,0,0,0,0,TREND_REVERSAL_UNCONFIRMED,0,0.45,SHORT,1,0,0,0
SOLUSDT,1773604800000,2026-03-15T20:00:00.000Z,BULL,SHORT,14.84739379414781,12.70048226128914,IGNORE,0,WATCH,,0,0,0,NA,NA,NA,NA,NA,CLEAR,1,0,0,0,0,TREND_REVERSAL_UNCONFIRMED,1,0.45,SHORT,1,0,0,0
SOLUSDT,1773608400000,2026-03-15T21:00:00.000Z,BULL,SHORT,25,13.5,IGNORE,0,WATCH,,0,0,0,NA,NA,NA,NA,NA,CLEAR,1,1,0,0,0,TREND_REVERSAL_UNCONFIRMED,1,0.45,SHORT,1,0,0,0
SOLUSDT,1773612000000,2026-03-15T22:00:00.000Z,BULL,SHORT,39.58333333333333,18.3046875,IGNORE,0,WATCH,,0,0,0,NA,NA,NA,NA,NA,CLEAR,1,1,0,0,0,TREND_REVERSAL_UNCONFIRMED,2,0.45,SHORT,1,0,0,0
SOLUSDT,1773615600000,2026-03-15T23:00:00.000Z,BULL,SHORT,64.58333333333333,44.248749999999994,WATCH,1,WATCH,ACTIVE,1,1,0,FAIL,PASS,SKIP,SKIP,FAIL,CLEAR,1,0,0,0,0,MARKET_CONTEXT_DENIED,3,0.84,SHORT,1,0,0,0
SOLUSDT,1773619200000,2026-03-16T00:00:00.000Z,BULL,SHORT,35.21403938233378,17.960605601358786,IGNORE,0,WATCH,,0,0,0,NA,NA,NA,NA,NA,CLEAR,1,0,0,0,0,TREND_REVERSAL_UNCONFIRMED,2,0.45,SHORT,1,0,0,0
SOLUSDT,1773622800000,2026-03-16T01:00:00.000Z,BULL,SHORT,0,7.875,IGNORE,0,WATCH,,0,0,0,NA,NA,NA,NA,NA,CLEAR,1,0,0,0,0,TREND_REVERSAL_UNCONFIRMED,0,0.45,SHORT,1,0,0,0
SOLUSDT,1773626400000,2026-03-16T02:00:00.000Z,BULL,SHORT,0,7.875,IGNORE,0,WATCH,,0,0,0,NA,NA,NA,NA,NA,CLEAR,1,0,0,0,0,TREND_REVERSAL_UNCONFIRMED,0,0.45,SHORT,1,0,0,0
SOLUSDT,1773630000000,2026-03-16T03:00:00.000Z,BULL,SHORT,37.84722222222222,18.16796875,IGNORE,0,WATCH,,0,0,0,NA,NA,NA,NA,NA,CLEAR,1,0,0,0,0,TREND_REVERSAL_UNCONFIRMED,2,0.45,SHORT,1,0,0,0
SOLUSDT,1773633600000,2026-03-16T04:00:00.000Z,BULL,SHORT,35.54072489669133,17.986332085614443,IGNORE,0,WATCH,,0,0,0,NA,NA,NA,NA,NA,CLEAR,1,0,0,0,0,TREND_REVERSAL_UNCONFIRMED,2,0.45,SHORT,1,0,0,0
SOLUSDT,1773637200000,2026-03-16T05:00:00.000Z,BULL,SHORT,35.0810818666605,17.950135196999515,IGNORE,0,WATCH,,0,0,0,NA,NA,NA,NA,NA,CLEAR,1,1,0,0,0,TREND_REVERSAL_UNCONFIRMED,2,0.45,SHORT,1,0,0,0
SOLUSDT,1773640800000,2026-03-16T06:00:00.000Z,BULL,SHORT,25,13.5,IGNORE,0,WATCH,,0,0,0,NA,NA,NA,NA,NA,CLEAR,1,0,0,0,0,TREND_REVERSAL_UNCONFIRMED,1,0.45,SHORT,1,0,0,0
SOLUSDT,1773644400000,2026-03-16T07:00:00.000Z,BULL,SHORT,0,7.875,IGNORE,0,WATCH,,0,0,0,NA,NA,NA,NA,NA,CLEAR,1,0,0,0,0,TREND_REVERSAL_UNCONFIRMED,0,0.45,SHORT,1,0,0,0
SOLUSDT,1773648000000,2026-03-16T08:00:00.000Z,BULL,SHORT,0,7.875,IGNORE,0,WATCH,,0,0,0,NA,NA,NA,NA,NA,CLEAR,1,0,0,0,0,TREND_REVERSAL_UNCONFIRMED,0,0.45,SHORT,1,0,0,0
SOLUSDT,1773651600000,2026-03-16T09:00:00.000Z,BULL,SHORT,0,7.875,IGNORE,0,WATCH,,0,0,0,NA,NA,NA,NA,NA,CLEAR,1,0,0,0,0,TREND_REVERSAL_UNCONFIRMED,0,0.45,SHORT,1,0,0,0
SOLUSDT,1773655200000,2026-03-16T10:00:00.000Z,BULL,SHORT,0,7.875,IGNORE,0,WATCH,,0,0,0,NA,NA,NA,NA,NA,CLEAR,1,0,0,0,0,TREND_REVERSAL_UNCONFIRMED,0,0.45,SHORT,1,0,0,0
SOLUSDT,1773658800000,2026-03-16T11:00:00.000Z,BULL,SHORT,25,13.5,IGNORE,0,WATCH,,0,0,0,NA,NA,NA,NA,NA,CLEAR,1,0,0,0,0,TREND_REVERSAL_UNCONFIRMED,1,0.45,SHORT,1,0,0,0
SOLUSDT,1773662400000,2026-03-16T12:00:00.000Z,BULL,SHORT,0,7.875,IGNORE,0,WATCH,,0,0,0,NA,NA,NA,NA,NA,CLEAR,1,0,0,0,0,TREND_REVERSAL_UNCONFIRMED,0,0.45,SHORT,1,0,0,0
SOLUSDT,1773666000000,2026-03-16T13:00:00.000Z,BULL,SHORT,25,13.5,IGNORE,0,WATCH,,0,0,0,NA,NA,NA,NA,NA,CLEAR,1,0,0,0,0,TREND_REVERSAL_UNCONFIRMED,1,0.45,SHORT,1,0,0,0
SOLUSDT,1773669600000,2026-03-16T14:00:00.000Z,BULL,SHORT,24.86980386946268,13.489747054720185,IGNORE,0,WATCH,,0,0,0,NA,NA,NA,NA,NA,WARNING_SOFT,1,0,0,0,0,TREND_REVERSAL_UNCONFIRMED,1,0.45,SHORT,1,0,0,0
SOLUSDT,1773673200000,2026-03-16T15:00:00.000Z,BULL,SHORT,0,7.875,IGNORE,0,WATCH,,0,0,0,NA,NA,NA,NA,NA,CLEAR,1,0,0,0,0,TREND_REVERSAL_UNCONFIRMED,0,0.45,SHORT,1,0,0,0
SOLUSDT,1773676800000,2026-03-16T16:00:00.000Z,BULL,SHORT,0,7.875,IGNORE,0,WATCH,,0,0,0,NA,NA,NA,NA,NA,WARNING_SOFT,1,0,0,0,0,TREND_REVERSAL_UNCONFIRMED,0,0.45,SHORT,1,0,0,0
SOLUSDT,1773680400000,2026-03-16T17:00:00.000Z,BULL,SHORT,12.847222222222221,12.54296875,IGNORE,0,WATCH,,0,0,0,NA,NA,NA,NA,NA,CLEAR,1,0,0,0,0,TREND_REVERSAL_UNCONFIRMED,1,0.45,SHORT,1,0,0,0
SOLUSDT,1773684000000,2026-03-16T18:00:00.000Z,BULL,SHORT,0,7.875,IGNORE,0,WATCH,,0,0,0,NA,NA,NA,NA,NA,CLEAR,1,0,0,0,0,TREND_REVERSAL_UNCONFIRMED,0,0.45,SHORT,1,0,0,0
SOLUSDT,1773687600000,2026-03-16T19:00:00.000Z,BULL,SHORT,0,7.875,IGNORE,0,WATCH,,0,0,0,NA,NA,NA,NA,NA,CLEAR,1,0,0,0,0,TREND_REVERSAL_UNCONFIRMED,0,0.45,SHORT,1,0,0,0
SOLUSDT,1773691200000,2026-03-16T20:00:00.000Z,BULL,SHORT,16.666666666666664,12.84375,IGNORE,0,WATCH,,0,0,0,NA,NA,NA,NA,NA,CLEAR,1,0,0,0,0,TREND_REVERSAL_UNCONFIRMED,1,0.45,SHORT,1,0,0,0
SOLUSDT,1773694800000,2026-03-16T21:00:00.000Z,BULL,SHORT,14.930555555555555,12.70703125,IGNORE,0,WATCH,,0,0,0,NA,NA,NA,NA,NA,CLEAR,1,0,0,0,0,TREND_REVERSAL_UNCONFIRMED,1,0.45,SHORT,1,0,0,0
SOLUSDT,1773698400000,2026-03-16T22:00:00.000Z,BULL,SHORT,16.319444444444443,12.81640625,IGNORE,0,WATCH,,0,0,0,NA,NA,NA,NA,NA,CLEAR,1,0,0,0,0,TREND_REVERSAL_UNCONFIRMED,1,0.45,SHORT,1,0,0,0
SOLUSDT,1773702000000,2026-03-16T23:00:00.000Z,BULL,SHORT,25,13.5,IGNORE,0,WATCH,,0,0,0,NA,NA,NA,NA,NA,CLEAR,1,0,0,0,0,TREND_REVERSAL_UNCONFIRMED,1,0.45,SHORT,1,0,0,0
SOLUSDT,1773705600000,2026-03-17T00:00:00.000Z,BULL,SHORT,12.622395555361962,12.525263649984755,IGNORE,0,WATCH,,0,0,0,NA,NA,NA,NA,NA,CLEAR,1,0,0,0,0,TREND_REVERSAL_UNCONFIRMED,1,0.45,SHORT,1,0,0,0
SOLUSDT,1773709200000,2026-03-17T01:00:00.000Z,BULL,SHORT,0,7.875,IGNORE,0,WATCH,,0,0,0,NA,NA,NA,NA,NA,CLEAR,1,0,0,0,0,TREND_REVERSAL_UNCONFIRMED,0,0.45,SHORT,1,0,0,0
SOLUSDT,1773712800000,2026-03-17T02:00:00.000Z,BULL,SHORT,0,7.875,IGNORE,0,WATCH,,0,0,0,NA,NA,NA,NA,NA,WARNING_SOFT,1,0,0,0,0,TREND_REVERSAL_UNCONFIRMED,0,0.45,SHORT,1,0,0,0
SOLUSDT,1773716400000,2026-03-17T03:00:00.000Z,NEUTRAL,NONE,0,7.875,IGNORE,0,WATCH,,0,0,0,NA,NA,NA,NA,NA,WARNING_SOFT,1,0,0,0,0,TREND_REVERSAL_UNCONFIRMED,0,0.45,NONE,1,0,0,0
SOLUSDT,1773720000000,2026-03-17T04:00:00.000Z,NEUTRAL,NONE,0,7.875,IGNORE,0,WATCH,,0,0,0,NA,NA,NA,NA,NA,WARNING_SOFT,1,0,0,0,0,TREND_REVERSAL_UNCONFIRMED,0,0.45,NONE,1,0,0,0
SOLUSDT,1773723600000,2026-03-17T05:00:00.000Z,NEUTRAL,NONE,0,7.875,IGNORE,0,WATCH,,0,0,0,NA,NA,NA,NA,NA,WARNING_SOFT,1,0,0,0,0,TREND_REVERSAL_UNCONFIRMED,0,0.45,NONE,1,0,0,0
SOLUSDT,1773727200000,2026-03-17T06:00:00.000Z,NEUTRAL,NONE,0,7.875,IGNORE,0,WATCH,,0,0,0,NA,NA,NA,NA,NA,WARNING_SOFT,1,0,0,0,0,TREND_REVERSAL_UNCONFIRMED,0,0.45,NONE,1,0,0,0
SOLUSDT,1773730800000,2026-03-17T07:00:00.000Z,BULL,SHORT,0,7.875,IGNORE,0,WATCH,,0,0,0,NA,NA,NA,NA,NA,WARNING_SOFT,1,0,0,0,0,TREND_REVERSAL_UNCONFIRMED,0,0.45,SHORT,1,0,0,0
SOLUSDT,1773734400000,2026-03-17T08:00:00.000Z,BULL,SHORT,25,13.5,IGNORE,0,WATCH,,0,0,0,NA,NA,NA,NA,NA,WARNING_SOFT,1,0,0,0,0,TREND_REVERSAL_UNCONFIRMED,1,0.45,SHORT,1,0,0,0
SOLUSDT,1773738000000,2026-03-17T09:00:00.000Z,NEUTRAL,NONE,0,7.875,IGNORE,0,WATCH,,0,0,0,NA,NA,NA,NA,NA,BLOCK,0,0,0,0,0,TREND_REVERSAL_UNCONFIRMED,0,0.45,NONE,1,0,0,0
SOLUSDT,1773741600000,2026-03-17T10:00:00.000Z,NEUTRAL,NONE,0,7.875,IGNORE,0,WATCH,,0,0,0,NA,NA,NA,NA,NA,WARNING_SOFT,1,0,0,0,0,TREND_REVERSAL_UNCONFIRMED,0,0.45,NONE,1,0,0,0
SOLUSDT,1773745200000,2026-03-17T11:00:00.000Z,NEUTRAL,NONE,0,7.875,IGNORE,0,WATCH,,0,0,0,NA,NA,NA,NA,NA,WARNING_SOFT,1,0,0,0,0,TREND_REVERSAL_UNCONFIRMED,0,0.45,NONE,1,0,0,0
SOLUSDT,1773748800000,2026-03-17T12:00:00.000Z,NEUTRAL,NONE,0,7.875,IGNORE,0,WATCH,,0,0,0,NA,NA,NA,NA,NA,WARNING_SOFT,1,0,0,0,0,TREND_REVERSAL_UNCONFIRMED,0,0.45,NONE,1,0,0,0
SOLUSDT,1773752400000,2026-03-17T13:00:00.000Z,NEUTRAL,NONE,0,7.875,IGNORE,0,WATCH,,0,0,0,NA,NA,NA,NA,NA,WARNING_SOFT,1,0,0,0,0,TREND_REVERSAL_UNCONFIRMED,0,0.45,NONE,1,0,0,0
SOLUSDT,1773756000000,2026-03-17T14:00:00.000Z,BULL,SHORT,17.5,12.909375,IGNORE,0,WATCH,,0,0,0,NA,NA,NA,NA,NA,WARNING_SOFT,1,0,0,0,0,TREND_REVERSAL_UNCONFIRMED,1,0.45,SHORT,1,0,0,0
SOLUSDT,1773759600000,2026-03-17T15:00:00.000Z,NEUTRAL,NONE,0,7.875,IGNORE,0,WATCH,,0,0,0,NA,NA,NA,NA,NA,BLOCK,0,0,1,0,0,TREND_REVERSAL_UNCONFIRMED,0,0.45,NONE,1,0,0,0
SOLUSDT,1773763200000,2026-03-17T16:00:00.000Z,BULL,SHORT,17.5,12.909375,IGNORE,0,WATCH,,0,0,0,NA,NA,NA,NA,NA,WARNING_SOFT,1,0,0,0,0,TREND_REVERSAL_UNCONFIRMED,1,0.45,SHORT,1,0,0,0
SOLUSDT,1773766800000,2026-03-17T17:00:00.000Z,BULL,SHORT,17.5,12.909375,IGNORE,0,WATCH,,0,0,0,NA,NA,NA,NA,NA,CLEAR,1,0,0,0,0,TREND_REVERSAL_UNCONFIRMED,1,0.45,SHORT,1,0,0,0
SOLUSDT,1773770400000,2026-03-17T18:00:00.000Z,BULL,SHORT,17.5,12.909375,IGNORE,0,WATCH,,0,0,0,NA,NA,NA,NA,NA,CLEAR,1,0,0,0,0,TREND_REVERSAL_UNCONFIRMED,1,0.45,SHORT,1,0,0,0
SOLUSDT,1773774000000,2026-03-17T19:00:00.000Z,BULL,SHORT,17.5,12.909375,IGNORE,0,WATCH,,0,0,0,NA,NA,NA,NA,NA,CLEAR,1,0,0,0,0,TREND_REVERSAL_UNCONFIRMED,1,0.45,SHORT,1,0,0,0
SOLUSDT,1773777600000,2026-03-17T20:00:00.000Z,BULL,SHORT,17.5,12.909375,IGNORE,0,WATCH,,0,0,0,NA,NA,NA,NA,NA,CLEAR,1,0,0,0,0,TREND_REVERSAL_UNCONFIRMED,1,0.45,SHORT,1,0,0,0
SOLUSDT,1773781200000,2026-03-17T21:00:00.000Z,BULL,SHORT,0,7.875,IGNORE,0,WATCH,,0,0,0,NA,NA,NA,NA,NA,CLEAR,1,0,0,0,0,TREND_REVERSAL_UNCONFIRMED,0,0.45,SHORT,1,0,0,0
SOLUSDT,1773784800000,2026-03-17T22:00:00.000Z,BULL,SHORT,0,7.875,IGNORE,0,WATCH,,0,0,0,NA,NA,NA,NA,NA,CLEAR,1,0,0,0,0,TREND_REVERSAL_UNCONFIRMED,0,0.45,SHORT,1,0,0,0
SOLUSDT,1773788400000,2026-03-17T23:00:00.000Z,BULL,SHORT,0,7.875,IGNORE,0,WATCH,,0,0,0,NA,NA,NA,NA,NA,WARNING_SOFT,1,0,0,0,0,TREND_REVERSAL_UNCONFIRMED,0,0.45,SHORT,1,0,0,0
SOLUSDT,1773792000000,2026-03-18T00:00:00.000Z,BULL,SHORT,25,13.5,IGNORE,0,WATCH,,0,0,0,NA,NA,NA,NA,NA,WARNING_SOFT,1,0,0,0,0,TREND_REVERSAL_UNCONFIRMED,1,0.45,SHORT,1,0,0,0
SOLUSDT,1773795600000,2026-03-18T01:00:00.000Z,NEUTRAL,NONE,0,7.875,IGNORE,0,WATCH,,0,0,0,NA,NA,NA,NA,NA,WARNING_SOFT,1,0,0,0,0,TREND_REVERSAL_UNCONFIRMED,0,0.45,NONE,1,0,0,0
SOLUSDT,1773799200000,2026-03-18T02:00:00.000Z,BULL,SHORT,17.5,12.909375,IGNORE,0,WATCH,,0,0,0,NA,NA,NA,NA,NA,WARNING_SOFT,1,0,0,0,0,TREND_REVERSAL_UNCONFIRMED,1,0.45,SHORT,1,0,0,0
SOLUSDT,1773802800000,2026-03-18T03:00:00.000Z,BULL,SHORT,17.5,12.909375,IGNORE,0,WATCH,,0,0,0,NA,NA,NA,NA,NA,CLEAR,1,0,0,0,0,TREND_REVERSAL_UNCONFIRMED,1,0.45,SHORT,1,0,0,0
SOLUSDT,1773806400000,2026-03-18T04:00:00.000Z,NEUTRAL,NONE,0,7.875,IGNORE,0,WATCH,,0,0,0,NA,NA,NA,NA,NA,BLOCK,0,0,0,0,0,TREND_REVERSAL_UNCONFIRMED,0,0.45,NONE,1,0,0,0
SOLUSDT,1773810000000,2026-03-18T05:00:00.000Z,NEUTRAL,NONE,0,7.875,IGNORE,0,WATCH,,0,0,0,NA,NA,NA,NA,NA,BLOCK,0,0,0,0,0,TREND_REVERSAL_UNCONFIRMED,0,0.45,NONE,1,0,0,0
SOLUSDT,1773813600000,2026-03-18T06:00:00.000Z,NEUTRAL,NONE,0,7.875,IGNORE,0,WATCH,,0,0,0,NA,NA,NA,NA,NA,WARNING_SOFT,1,0,0,0,0,TREND_REVERSAL_UNCONFIRMED,0,0.45,NONE,1,0,0,0
SOLUSDT,1773817200000,2026-03-18T07:00:00.000Z,NEUTRAL,NONE,0,7.875,IGNORE,0,WATCH,,0,0,0,NA,NA,NA,NA,NA,WARNING_SOFT,1,0,0,0,0,TREND_REVERSAL_UNCONFIRMED,0,0.45,NONE,1,0,0,0
SOLUSDT,1773820800000,2026-03-18T08:00:00.000Z,NEUTRAL,NONE,0,7.875,IGNORE,0,WATCH,,0,0,0,NA,NA,NA,NA,NA,WARNING_SOFT,1,0,0,0,0,TREND_REVERSAL_UNCONFIRMED,0,0.45,NONE,1,0,0,0
SOLUSDT,1773824400000,2026-03-18T09:00:00.000Z,NEUTRAL,NONE,0,7.875,IGNORE,0,WATCH,,0,0,0,NA,NA,NA,NA,NA,WARNING_SOFT,1,0,0,0,0,TREND_REVERSAL_UNCONFIRMED,0,0.45,NONE,1,0,0,0
SOLUSDT,1773828000000,2026-03-18T10:00:00.000Z,NEUTRAL,NONE,0,7.875,IGNORE,0,WATCH,,0,0,0,NA,NA,NA,NA,NA,WARNING_SOFT,1,0,0,0,0,TREND_REVERSAL_UNCONFIRMED,0,0.45,NONE,1,0,0,0
SOLUSDT,1773831600000,2026-03-18T11:00:00.000Z,NEUTRAL,NONE,0,7.875,IGNORE,0,WATCH,,0,0,0,NA,NA,NA,NA,NA,BLOCK,0,0,1,0,0,TREND_REVERSAL_UNCONFIRMED,0,0.45,NONE,1,0,0,0
SOLUSDT,1773835200000,2026-03-18T12:00:00.000Z,NEUTRAL,NONE,0,7.875,IGNORE,0,WATCH,,0,0,0,NA,NA,NA,NA,NA,BLOCK,0,0,0,0,0,TREND_REVERSAL_UNCONFIRMED,0,0.45,NONE,1,0,0,0
SOLUSDT,1773838800000,2026-03-18T13:00:00.000Z,BEAR,LONG,37.84722222222222,18.16796875,IGNORE,0,WATCH,,0,0,0,NA,NA,NA,NA,NA,CLEAR,1,0,0,0,0,TREND_REVERSAL_UNCONFIRMED,2,0.45,LONG,1,0,0,0
SOLUSDT,1773842400000,2026-03-18T14:00:00.000Z,BEAR,LONG,41.666666666666664,18.46875,IGNORE,0,WATCH,,0,0,0,NA,NA,NA,NA,NA,CLEAR,1,0,0,0,0,TREND_REVERSAL_UNCONFIRMED,2,0.45,LONG,1,0,0,0
SOLUSDT,1773846000000,2026-03-18T15:00:00.000Z,BEAR,LONG,38.58545881139705,18.226104881397518,IGNORE,0,WATCH,,0,0,0,NA,NA,NA,NA,NA,CLEAR,1,0,0,0,0,TREND_REVERSAL_UNCONFIRMED,2,0.45,LONG,1,0,0,0
SOLUSDT,1773849600000,2026-03-18T16:00:00.000Z,BEAR,LONG,14.583333333333332,12.6796875,IGNORE,0,WATCH,,0,0,0,NA,NA,NA,NA,NA,CLEAR,1,0,0,0,0,TREND_REVERSAL_UNCONFIRMED,1,0.45,LONG,1,0,0,0
SOLUSDT,1773853200000,2026-03-18T17:00:00.000Z,BEAR,LONG,12.58585769633507,12.522386293586386,IGNORE,0,WATCH,,0,0,0,NA,NA,NA,NA,NA,CLEAR,1,0,0,0,0,TREND_REVERSAL_UNCONFIRMED,1,0.45,LONG,1,0,0,0
SOLUSDT,1773856800000,2026-03-18T18:00:00.000Z,BEAR,LONG,17.3383007173016,12.896641181487501,IGNORE,0,WATCH,,0,0,0,NA,NA,NA,NA,NA,CLEAR,1,0,0,0,0,TREND_REVERSAL_UNCONFIRMED,1,0.45,LONG,1,0,0,0
SOLUSDT,1773860400000,2026-03-18T19:00:00.000Z,BEAR,LONG,0,7.875,IGNORE,0,WATCH,,0,0,0,NA,NA,NA,NA,NA,CLEAR,1,0,0,0,0,TREND_REVERSAL_UNCONFIRMED,0,0.45,LONG,1,0,0,0
SOLUSDT,1773864000000,2026-03-18T20:00:00.000Z,BEAR,LONG,0,7.875,IGNORE,0,WATCH,,0,0,0,NA,NA,NA,NA,NA,CLEAR,1,0,0,0,0,TREND_REVERSAL_UNCONFIRMED,0,0.45,LONG,1,0,0,0
SOLUSDT,1773867600000,2026-03-18T21:00:00.000Z,BEAR,LONG,0,7.875,IGNORE,0,WATCH,,0,0,0,NA,NA,NA,NA,NA,CLEAR,1,0,0,0,0,TREND_REVERSAL_UNCONFIRMED,0,0.45,LONG,1,0,0,0
SOLUSDT,1773871200000,2026-03-18T22:00:00.000Z,BEAR,LONG,0,7.875,IGNORE,0,WATCH,,0,0,0,NA,NA,NA,NA,NA,CLEAR,1,0,0,0,0,TREND_REVERSAL_UNCONFIRMED,0,0.45,LONG,1,0,0,0
SOLUSDT,1773874800000,2026-03-18T23:00:00.000Z,BEAR,LONG,0,7.875,IGNORE,0,WATCH,,0,0,0,NA,NA,NA,NA,NA,CLEAR,1,0,0,0,0,TREND_REVERSAL_UNCONFIRMED,0,0.45,LONG,1,0,0,0
SOLUSDT,1773878400000,2026-03-19T00:00:00.000Z,BEAR,LONG,25,13.5,IGNORE,0,WATCH,,0,0,0,NA,NA,NA,NA,NA,CLEAR,1,0,0,0,0,TREND_REVERSAL_UNCONFIRMED,1,0.45,LONG,1,0,0,0
SOLUSDT,1773882000000,2026-03-19T01:00:00.000Z,BEAR,LONG,0,7.875,IGNORE,0,WATCH,,0,0,0,NA,NA,NA,NA,NA,CLEAR,1,0,0,0,0,TREND_REVERSAL_UNCONFIRMED,0,0.45,LONG,1,0,0,0
SOLUSDT,1773885600000,2026-03-19T02:00:00.000Z,BEAR,LONG,0,7.875,IGNORE,0,WATCH,,0,0,0,NA,NA,NA,NA,NA,WARNING_SOFT,1,0,0,0,0,TREND_REVERSAL_UNCONFIRMED,0,0.45,LONG,1,0,0,0
SOLUSDT,1773889200000,2026-03-19T03:00:00.000Z,BEAR,LONG,16.600541391011355,12.838542634542144,IGNORE,0,WATCH,,0,0,0,NA,NA,NA,NA,NA,BLOCK,0,0,0,0,0,TREND_REVERSAL_UNCONFIRMED,1,0.45,LONG,1,0,0,0
SOLUSDT,1773892800000,2026-03-19T04:00:00.000Z,BEAR,LONG,0,7.875,IGNORE,0,WATCH,,0,0,0,NA,NA,NA,NA,NA,WARNING_SOFT,1,0,0,0,0,TREND_REVERSAL_UNCONFIRMED,0,0.45,LONG,1,0,0,0
SOLUSDT,1773896400000,2026-03-19T05:00:00.000Z,BEAR,LONG,0,7.875,IGNORE,0,WATCH,,0,0,0,NA,NA,NA,NA,NA,CLEAR,1,0,0,0,0,TREND_REVERSAL_UNCONFIRMED,0,0.45,LONG,1,0,0,0
SOLUSDT,1773900000000,2026-03-19T06:00:00.000Z,BEAR,LONG,0,7.875,IGNORE,0,WATCH,,0,0,0,NA,NA,NA,NA,NA,CLEAR,1,0,0,0,0,TREND_REVERSAL_UNCONFIRMED,0,0.45,LONG,1,0,0,0
SOLUSDT,1773903600000,2026-03-19T07:00:00.000Z,BEAR,LONG,22.28369462489351,13.286090951710364,IGNORE,0,WATCH,,0,0,0,NA,NA,NA,NA,NA,CLEAR,1,0,0,0,0,TREND_REVERSAL_UNCONFIRMED,1,0.45,LONG,1,0,0,0
SOLUSDT,1773907200000,2026-03-19T08:00:00.000Z,BEAR,LONG,25,13.5,IGNORE,0,WATCH,,0,0,0,NA,NA,NA,NA,NA,CLEAR,1,0,0,0,0,TREND_REVERSAL_UNCONFIRMED,1,0.45,LONG,1,0,0,0
SOLUSDT,1773910800000,2026-03-19T09:00:00.000Z,BEAR,LONG,0,7.875,IGNORE,0,WATCH,,0,0,0,NA,NA,NA,NA,NA,CLEAR,1,0,0,0,0,TREND_REVERSAL_UNCONFIRMED,0,0.45,LONG,1,0,0,0
SOLUSDT,1773914400000,2026-03-19T10:00:00.000Z,BEAR,LONG,17.5,12.909375,IGNORE,0,WATCH,,0,0,0,NA,NA,NA,NA,NA,WARNING_SOFT,1,0,0,0,0,TREND_REVERSAL_UNCONFIRMED,1,0.45,LONG,1,0,0,0
SOLUSDT,1773918000000,2026-03-19T11:00:00.000Z,BEAR,LONG,17.5,12.909375,IGNORE,0,WATCH,,0,0,0,NA,NA,NA,NA,NA,WARNING_SOFT,1,0,0,0,0,TREND_REVERSAL_UNCONFIRMED,1,0.45,LONG,1,0,0,0
SOLUSDT,1773921600000,2026-03-19T12:00:00.000Z,BEAR,LONG,41.34117240507938,18.4431173269,IGNORE,0,WATCH,,0,0,0,NA,NA,NA,NA,NA,CLEAR,1,0,0,0,0,TREND_REVERSAL_UNCONFIRMED,2,0.45,LONG,1,0,0,0
SOLUSDT,1773925200000,2026-03-19T13:00:00.000Z,BEAR,LONG,42.5,18.534375,IGNORE,0,WATCH,,0,0,0,NA,NA,NA,NA,NA,CLEAR,1,0,0,0,0,TREND_REVERSAL_UNCONFIRMED,2,0.45,LONG,1,0,0,0
SOLUSDT,1773928800000,2026-03-19T14:00:00.000Z,BEAR,LONG,35.1083533263354,17.95228282444891,IGNORE,0,WATCH,,0,0,0,NA,NA,NA,NA,NA,CLEAR,1,0,1,0,0,TREND_REVERSAL_UNCONFIRMED,2,0.45,LONG,1,0,0,0
SOLUSDT,1773932400000,2026-03-19T15:00:00.000Z,BEAR,LONG,38.226839253298024,18.19786359119722,IGNORE,0,WATCH,,0,0,0,NA,NA,NA,NA,NA,CLEAR,1,0,1,0,0,TREND_REVERSAL_UNCONFIRMED,2,0.45,LONG,1,0,0,0
SOLUSDT,1773936000000,2026-03-19T16:00:00.000Z,BEAR,LONG,30.137566102738006,17.56083333059062,IGNORE,0,WATCH,,0,0,0,NA,NA,NA,NA,NA,CLEAR,1,0,0,0,0,TREND_REVERSAL_UNCONFIRMED,2,0.45,LONG,1,0,0,0
SOLUSDT,1773939600000,2026-03-19T17:00:00.000Z,BEAR,LONG,42.5,18.534375,IGNORE,0,WATCH,,0,0,0,NA,NA,NA,NA,NA,CLEAR,1,0,0,0,0,TREND_REVERSAL_UNCONFIRMED,2,0.45,LONG,1,0,0,0
SOLUSDT,1773943200000,2026-03-19T18:00:00.000Z,BEAR,LONG,17.5,12.909375,IGNORE,0,WATCH,,0,0,0,NA,NA,NA,NA,NA,CLEAR,1,0,0,0,0,TREND_REVERSAL_UNCONFIRMED,1,0.45,LONG,1,0,0,0
SOLUSDT,1773946800000,2026-03-19T19:00:00.000Z,BEAR,LONG,13.720470153113336,12.611737024557675,IGNORE,0,WATCH,,0,0,0,NA,NA,NA,NA,NA,WARNING_SOFT,1,0,0,0,0,TREND_REVERSAL_UNCONFIRMED,1,0.45,LONG,1,0,0,0
SOLUSDT,1773950400000,2026-03-19T20:00:00.000Z,BEAR,LONG,0,7.875,IGNORE,0,WATCH,,0,0,0,NA,NA,NA,NA,NA,WARNING_SOFT,1,0,0,0,0,TREND_REVERSAL_UNCONFIRMED,0,0.45,LONG,1,0,0,0
SOLUSDT,1773954000000,2026-03-19T21:00:00.000Z,NEUTRAL,NONE,0,7.875,IGNORE,0,WATCH,,0,0,0,NA,NA,NA,NA,NA,CLEAR,1,0,0,0,0,TREND_REVERSAL_UNCONFIRMED,0,0.45,NONE,1,0,0,0
SOLUSDT,1773957600000,2026-03-19T22:00:00.000Z,BEAR,LONG,0,7.875,IGNORE,0,WATCH,,0,0,0,NA,NA,NA,NA,NA,WARNING_SOFT,1,0,0,0,0,TREND_REVERSAL_UNCONFIRMED,0,0.45,LONG,1,0,0,0
SOLUSDT,1773961200000,2026-03-19T23:00:00.000Z,BEAR,LONG,25,13.5,IGNORE,0,WATCH,,0,0,0,NA,NA,NA,NA,NA,WARNING_SOFT,1,0,0,0,0,TREND_REVERSAL_UNCONFIRMED,1,0.45,LONG,1,0,0,0
SOLUSDT,1773964800000,2026-03-20T00:00:00.000Z,NEUTRAL,NONE,0,7.875,IGNORE,0,WATCH,,0,0,0,NA,NA,NA,NA,NA,WARNING_SOFT,1,0,0,0,0,TREND_REVERSAL_UNCONFIRMED,0,0.45,NONE,1,0,0,0
SOLUSDT,1773968400000,2026-03-20T01:00:00.000Z,NEUTRAL,NONE,0,7.875,IGNORE,0,WATCH,,0,0,0,NA,NA,NA,NA,NA,CLEAR,1,0,0,0,0,TREND_REVERSAL_UNCONFIRMED,0,0.45,NONE,1,0,0,0
SOLUSDT,1773972000000,2026-03-20T02:00:00.000Z,NEUTRAL,NONE,0,7.875,IGNORE,0,WATCH,,0,0,0,NA,NA,NA,NA,NA,CLEAR,1,0,0,0,0,TREND_REVERSAL_UNCONFIRMED,0,0.45,NONE,1,0,0,0
SOLUSDT,1773975600000,2026-03-20T03:00:00.000Z,NEUTRAL,NONE,0,7.875,IGNORE,0,WATCH,,0,0,0,NA,NA,NA,NA,NA,CLEAR,1,0,0,0,0,TREND_REVERSAL_UNCONFIRMED,0,0.45,NONE,1,0,0,0
SOLUSDT,1773979200000,2026-03-20T04:00:00.000Z,NEUTRAL,NONE,0,7.875,IGNORE,0,WATCH,,0,0,0,NA,NA,NA,NA,NA,CLEAR,1,0,0,0,0,TREND_REVERSAL_UNCONFIRMED,0,0.45,NONE,1,0,0,0
SOLUSDT,1773982800000,2026-03-20T05:00:00.000Z,NEUTRAL,NONE,0,7.875,IGNORE,0,WATCH,,0,0,0,NA,NA,NA,NA,NA,WARNING_SOFT,1,0,0,0,0,TREND_REVERSAL_UNCONFIRMED,0,0.45,NONE,1,0,0,0
SOLUSDT,1773986400000,2026-03-20T06:00:00.000Z,BEAR,LONG,0,7.875,IGNORE,0,WATCH,,0,0,0,NA,NA,NA,NA,NA,WARNING_SOFT,1,0,0,0,0,TREND_REVERSAL_UNCONFIRMED,0,0.45,LONG,1,0,0,0
SOLUSDT,1773990000000,2026-03-20T07:00:00.000Z,NEUTRAL,NONE,0,7.875,IGNORE,0,WATCH,,0,0,0,NA,NA,NA,NA,NA,BLOCK,0,0,0,0,0,TREND_REVERSAL_UNCONFIRMED,0,0.45,NONE,1,0,0,0
SOLUSDT,1773993600000,2026-03-20T08:00:00.000Z,NEUTRAL,NONE,0,7.875,IGNORE,0,WATCH,,0,0,0,NA,NA,NA,NA,NA,CLEAR,1,0,0,0,0,TREND_REVERSAL_UNCONFIRMED,0,0.45,NONE,1,0,0,0
SOLUSDT,1773997200000,2026-03-20T09:00:00.000Z,BEAR,LONG,0,7.875,IGNORE,0,WATCH,,0,0,0,NA,NA,NA,NA,NA,BLOCK,0,0,0,0,0,TREND_REVERSAL_UNCONFIRMED,0,0.45,LONG,1,0,0,0
SOLUSDT,1774000800000,2026-03-20T10:00:00.000Z,NEUTRAL,NONE,0,7.875,IGNORE,0,WATCH,,0,0,0,NA,NA,NA,NA,NA,WARNING_SOFT,1,0,0,0,0,TREND_REVERSAL_UNCONFIRMED,0,0.45,NONE,1,0,0,0
SOLUSDT,1774004400000,2026-03-20T11:00:00.000Z,BEAR,LONG,17.5,12.909375,IGNORE,0,WATCH,,0,0,0,NA,NA,NA,NA,NA,WARNING_SOFT,1,0,0,0,0,TREND_REVERSAL_UNCONFIRMED,1,0.45,LONG,1,0,0,0
SOLUSDT,1774008000000,2026-03-20T12:00:00.000Z,BEAR,LONG,17.5,12.909375,IGNORE,0,WATCH,,0,0,0,NA,NA,NA,NA,NA,WARNING_SOFT,1,0,0,0,0,TREND_REVERSAL_UNCONFIRMED,1,0.45,LONG,1,0,0,0
SOLUSDT,1774011600000,2026-03-20T13:00:00.000Z,BEAR,LONG,40.29306224448935,18.360578651753535,IGNORE,0,WATCH,,0,0,0,NA,NA,NA,NA,NA,WARNING_SOFT,1,0,1,0,0,TREND_REVERSAL_UNCONFIRMED,2,0.45,LONG,1,0,0,0
SOLUSDT,1774015200000,2026-03-20T14:00:00.000Z,BEAR,LONG,67.5,44.677499999999995,WATCH,1,WATCH,ACTIVE,1,1,0,FAIL,PASS,SKIP,SKIP,FAIL,WARNING_SOFT,1,0,0,0,0,MARKET_CONTEXT_DENIED,3,0.84,LONG,1,0,0,0
SOLUSDT,1774018800000,2026-03-20T15:00:00.000Z,BEAR,LONG,32.794089875364506,17.770034577684957,IGNORE,0,WATCH,,0,0,0,NA,NA,NA,NA,NA,CLEAR,1,0,0,0,0,TREND_REVERSAL_UNCONFIRMED,2,0.45,LONG,1,0,0,0
SOLUSDT,1774022400000,2026-03-20T16:00:00.000Z,BEAR,LONG,17.5,12.909375,IGNORE,0,WATCH,,0,0,0,NA,NA,NA,NA,NA,CLEAR,1,0,0,0,0,TREND_REVERSAL_UNCONFIRMED,1,0.45,LONG,1,0,0,0
SOLUSDT,1774026000000,2026-03-20T17:00:00.000Z,BEAR,LONG,17.5,12.909375,IGNORE,0,WATCH,,0,0,0,NA,NA,NA,NA,NA,CLEAR,1,0,0,0,0,TREND_REVERSAL_UNCONFIRMED,1,0.45,LONG,1,0,0,0
SOLUSDT,1774029600000,2026-03-20T18:00:00.000Z,BEAR,LONG,42.5,18.534375,IGNORE,0,WATCH,,0,0,0,NA,NA,NA,NA,NA,CLEAR,1,0,0,0,0,TREND_REVERSAL_UNCONFIRMED,2,0.45,LONG,1,0,0,0
SOLUSDT,1774033200000,2026-03-20T19:00:00.000Z,BEAR,LONG,17.5,12.909375,IGNORE,0,WATCH,,0,0,0,NA,NA,NA,NA,NA,CLEAR,1,0,0,0,0,TREND_REVERSAL_UNCONFIRMED,1,0.45,LONG,1,0,0,0
SOLUSDT,1774036800000,2026-03-20T20:00:00.000Z,BEAR,LONG,0,7.875,IGNORE,0,WATCH,,0,0,0,NA,NA,NA,NA,NA,CLEAR,1,0,0,0,0,TREND_REVERSAL_UNCONFIRMED,0,0.45,LONG,1,0,0,0
SOLUSDT,1774040400000,2026-03-20T21:00:00.000Z,NEUTRAL,NONE,0,7.875,IGNORE,0,WATCH,,0,0,0,NA,NA,NA,NA,NA,CLEAR,1,0,0,0,0,TREND_REVERSAL_UNCONFIRMED,0,0.45,NONE,1,0,0,0
SOLUSDT,1774044000000,2026-03-20T22:00:00.000Z,NEUTRAL,NONE,0,7.875,IGNORE,0,WATCH,,0,0,0,NA,NA,NA,NA,NA,CLEAR,1,0,0,0,0,TREND_REVERSAL_UNCONFIRMED,0,0.45,NONE,1,0,0,0
SOLUSDT,1774047600000,2026-03-20T23:00:00.000Z,NEUTRAL,NONE,0,7.875,IGNORE,0,WATCH,,0,0,0,NA,NA,NA,NA,NA,CLEAR,1,0,0,0,0,TREND_REVERSAL_UNCONFIRMED,0,0.45,NONE,1,0,0,0
SOLUSDT,1774051200000,2026-03-21T00:00:00.000Z,NEUTRAL,NONE,0,7.875,IGNORE,0,WATCH,,0,0,0,NA,NA,NA,NA,NA,CLEAR,1,0,0,0,0,TREND_REVERSAL_UNCONFIRMED,0,0.45,NONE,1,0,0,0
SOLUSDT,1774054800000,2026-03-21T01:00:00.000Z,NEUTRAL,NONE,0,7.875,IGNORE,0,WATCH,,0,0,0,NA,NA,NA,NA,NA,CLEAR,1,0,0,0,0,TREND_REVERSAL_UNCONFIRMED,0,0.45,NONE,1,0,0,0
SOLUSDT,1774058400000,2026-03-21T02:00:00.000Z,NEUTRAL,NONE,0,7.875,IGNORE,0,WATCH,,0,0,0,NA,NA,NA,NA,NA,CLEAR,1,0,0,0,0,TREND_REVERSAL_UNCONFIRMED,0,0.45,NONE,1,0,0,0
SOLUSDT,1774062000000,2026-03-21T03:00:00.000Z,NEUTRAL,NONE,0,7.875,IGNORE,0,WATCH,,0,0,0,NA,NA,NA,NA,NA,CLEAR,1,0,0,0,0,TREND_REVERSAL_UNCONFIRMED,0,0.45,NONE,1,0,0,0
SOLUSDT,1774065600000,2026-03-21T04:00:00.000Z,NEUTRAL,NONE,0,7.875,IGNORE,0,WATCH,,0,0,0,NA,NA,NA,NA,NA,CLEAR,1,0,0,0,0,TREND_REVERSAL_UNCONFIRMED,0,0.45,NONE,1,0,0,0
SOLUSDT,1774069200000,2026-03-21T05:00:00.000Z,NEUTRAL,NONE,0,7.875,IGNORE,0,WATCH,,0,0,0,NA,NA,NA,NA,NA,CLEAR,1,0,0,0,0,TREND_REVERSAL_UNCONFIRMED,0,0.45,NONE,1,0,0,0
SOLUSDT,1774072800000,2026-03-21T06:00:00.000Z,NEUTRAL,NONE,0,7.875,IGNORE,0,WATCH,,0,0,0,NA,NA,NA,NA,NA,CLEAR,1,0,0,0,0,TREND_REVERSAL_UNCONFIRMED,0,0.45,NONE,1,0,0,0
SOLUSDT,1774076400000,2026-03-21T07:00:00.000Z,NEUTRAL,NONE,0,7.875,IGNORE,0,WATCH,,0,0,0,NA,NA,NA,NA,NA,CLEAR,1,0,0,0,0,TREND_REVERSAL_UNCONFIRMED,0,0.45,NONE,1,0,0,0
SOLUSDT,1774080000000,2026-03-21T08:00:00.000Z,BULL,SHORT,0,7.875,IGNORE,0,WATCH,,0,0,0,NA,NA,NA,NA,NA,WARNING_SOFT,1,0,0,0,0,TREND_REVERSAL_UNCONFIRMED,0,0.45,SHORT,1,0,0,0
SOLUSDT,1774083600000,2026-03-21T09:00:00.000Z,BULL,SHORT,0,7.875,IGNORE,0,WATCH,,0,0,0,NA,NA,NA,NA,NA,WARNING_SOFT,1,0,0,0,0,TREND_REVERSAL_UNCONFIRMED,0,0.45,SHORT,1,0,0,0
SOLUSDT,1774087200000,2026-03-21T10:00:00.000Z,BULL,SHORT,0,7.875,IGNORE,0,WATCH,,0,0,0,NA,NA,NA,NA,NA,WARNING_SOFT,1,0,0,0,0,TREND_REVERSAL_UNCONFIRMED,0,0.45,SHORT,1,0,0,0
SOLUSDT,1774090800000,2026-03-21T11:00:00.000Z,BULL,SHORT,0,7.875,IGNORE,0,WATCH,,0,0,0,NA,NA,NA,NA,NA,WARNING_SOFT,1,0,0,0,0,TREND_REVERSAL_UNCONFIRMED,0,0.45,SHORT,1,0,0,0
SOLUSDT,1774094400000,2026-03-21T12:00:00.000Z,BULL,SHORT,0,7.875,IGNORE,0,WATCH,,0,0,0,NA,NA,NA,NA,NA,WARNING_SOFT,1,0,0,0,0,TREND_REVERSAL_UNCONFIRMED,0,0.45,SHORT,1,0,0,0
SOLUSDT,1774098000000,2026-03-21T13:00:00.000Z,BULL,SHORT,0,7.875,IGNORE,0,WATCH,,0,0,0,NA,NA,NA,NA,NA,CLEAR,1,0,0,0,0,TREND_REVERSAL_UNCONFIRMED,0,0.45,SHORT,1,0,0,0
SOLUSDT,1774101600000,2026-03-21T14:00:00.000Z,NEUTRAL,NONE,0,7.875,IGNORE,0,WATCH,,0,0,0,NA,NA,NA,NA,NA,WARNING_HARD,1,0,1,0,0,TREND_REVERSAL_UNCONFIRMED,0,0.45,NONE,1,0,0,0
SOLUSDT,1774105200000,2026-03-21T15:00:00.000Z,NEUTRAL,NONE,0,7.875,IGNORE,0,WATCH,,0,0,0,NA,NA,NA,NA,NA,BLOCK,0,0,0,0,0,TREND_REVERSAL_UNCONFIRMED,0,0.45,NONE,1,0,0,0
SOLUSDT,1774108800000,2026-03-21T16:00:00.000Z,NEUTRAL,NONE,0,7.875,IGNORE,0,WATCH,,0,0,0,NA,NA,NA,NA,NA,BLOCK,0,0,0,0,0,TREND_REVERSAL_UNCONFIRMED,0,0.45,NONE,1,0,0,0
SOLUSDT,1774112400000,2026-03-21T17:00:00.000Z,NEUTRAL,NONE,0,7.875,IGNORE,0,WATCH,,0,0,0,NA,NA,NA,NA,NA,WARNING_SOFT,1,0,0,0,0,TREND_REVERSAL_UNCONFIRMED,0,0.45,NONE,1,0,0,0
SOLUSDT,1774116000000,2026-03-21T18:00:00.000Z,NEUTRAL,NONE,0,7.875,IGNORE,0,WATCH,,0,0,0,NA,NA,NA,NA,NA,WARNING_SOFT,1,0,0,0,0,TREND_REVERSAL_UNCONFIRMED,0,0.45,NONE,1,0,0,0
SOLUSDT,1774119600000,2026-03-21T19:00:00.000Z,NEUTRAL,NONE,0,7.875,IGNORE,0,WATCH,,0,0,0,NA,NA,NA,NA,NA,WARNING_SOFT,1,0,0,0,0,TREND_REVERSAL_UNCONFIRMED,0,0.45,NONE,1,0,0,0
SOLUSDT,1774123200000,2026-03-21T20:00:00.000Z,BULL,SHORT,30.037550157404723,17.552957074895623,IGNORE,0,WATCH,,0,0,0,NA,NA,NA,NA,NA,WARNING_SOFT,1,0,0,0,0,TREND_REVERSAL_UNCONFIRMED,2,0.45,SHORT,1,0,0,0
SOLUSDT,1774126800000,2026-03-21T21:00:00.000Z,BULL,SHORT,17.5,12.909375,IGNORE,0,WATCH,,0,0,0,NA,NA,NA,NA,NA,WARNING_SOFT,1,0,0,0,0,TREND_REVERSAL_UNCONFIRMED,1,0.45,SHORT,1,0,0,0
SOLUSDT,1774130400000,2026-03-21T22:00:00.000Z,BULL,SHORT,17.5,12.909375,IGNORE,0,WATCH,,0,0,0,NA,NA,NA,NA,NA,WARNING_SOFT,1,0,0,0,0,TREND_REVERSAL_UNCONFIRMED,1,0.45,SHORT,1,0,0,0
SOLUSDT,1774134000000,2026-03-21T23:00:00.000Z,BEAR,LONG,25,13.5,IGNORE,0,WATCH,,0,0,0,NA,NA,NA,NA,NA,CLEAR,1,0,1,0,0,TREND_REVERSAL_UNCONFIRMED,1,0.45,LONG,1,0,0,0
SOLUSDT,1774137600000,2026-03-22T00:00:00.000Z,BEAR,LONG,50,19.125,IGNORE,0,WATCH,,0,0,0,NA,NA,NA,NA,NA,CLEAR,1,0,0,0,0,TREND_REVERSAL_UNCONFIRMED,2,0.45,LONG,1,0,0,0
SOLUSDT,1774141200000,2026-03-22T01:00:00.000Z,BEAR,LONG,20.273760905152667,13.127808671280773,IGNORE,0,WATCH,,0,0,0,NA,NA,NA,NA,NA,CLEAR,1,0,0,0,0,TREND_REVERSAL_UNCONFIRMED,1,0.45,LONG,1,0,0,0
SOLUSDT,1774144800000,2026-03-22T02:00:00.000Z,BEAR,LONG,17.062116107186483,12.874891643440936,IGNORE,0,WATCH,,0,0,0,NA,NA,NA,NA,NA,CLEAR,1,0,0,0,0,TREND_REVERSAL_UNCONFIRMED,1,0.45,LONG,1,0,0,0
SOLUSDT,1774148400000,2026-03-22T03:00:00.000Z,BEAR,LONG,25,13.5,IGNORE,0,WATCH,,0,0,0,NA,NA,NA,NA,NA,CLEAR,1,0,0,0,0,TREND_REVERSAL_UNCONFIRMED,1,0.45,LONG,1,0,0,0
SOLUSDT,1774152000000,2026-03-22T04:00:00.000Z,BEAR,LONG,15.625381794301832,12.76174881630127,IGNORE,0,WATCH,,0,0,0,NA,NA,NA,NA,NA,WARNING_SOFT,1,0,0,0,0,TREND_REVERSAL_UNCONFIRMED,1,0.45,LONG,1,0,0,0
SOLUSDT,1774155600000,2026-03-22T05:00:00.000Z,BEAR,LONG,0,7.875,IGNORE,0,WATCH,,0,0,0,NA,NA,NA,NA,NA,WARNING_SOFT,1,0,0,0,0,TREND_REVERSAL_UNCONFIRMED,0,0.45,LONG,1,0,0,0
SOLUSDT,1774159200000,2026-03-22T06:00:00.000Z,BEAR,LONG,0,7.875,IGNORE,0,WATCH,,0,0,0,NA,NA,NA,NA,NA,CLEAR,1,0,0,0,0,TREND_REVERSAL_UNCONFIRMED,0,0.45,LONG,1,0,0,0
SOLUSDT,1774162800000,2026-03-22T07:00:00.000Z,BEAR,LONG,0,7.875,IGNORE,0,WATCH,,0,0,0,NA,NA,NA,NA,NA,CLEAR,1,0,0,0,0,TREND_REVERSAL_UNCONFIRMED,0,0.45,LONG,1,0,0,0
SOLUSDT,1774166400000,2026-03-22T08:00:00.000Z,BEAR,LONG,21.261367913332183,13.20558272317491,IGNORE,0,WATCH,,0,0,0,NA,NA,NA,NA,NA,CLEAR,1,0,1,0,0,TREND_REVERSAL_UNCONFIRMED,1,0.45,LONG,1,0,0,0
SOLUSDT,1774170000000,2026-03-22T09:00:00.000Z,BEAR,LONG,14.930555555555555,12.70703125,IGNORE,0,WATCH,,0,0,0,NA,NA,NA,NA,NA,CLEAR,1,0,0,0,0,TREND_REVERSAL_UNCONFIRMED,1,0.45,LONG,1,0,0,0
SOLUSDT,1774173600000,2026-03-22T10:00:00.000Z,BEAR,LONG,12.847222222222221,12.54296875,IGNORE,0,WATCH,,0,0,0,NA,NA,NA,NA,NA,CLEAR,1,0,0,0,0,TREND_REVERSAL_UNCONFIRMED,1,0.45,LONG,1,0,0,0
SOLUSDT,1774177200000,2026-03-22T11:00:00.000Z,BEAR,LONG,0,7.875,IGNORE,0,WATCH,,0,0,0,NA,NA,NA,NA,NA,CLEAR,1,0,0,0,0,TREND_REVERSAL_UNCONFIRMED,0,0.45,LONG,1,0,0,0
SOLUSDT,1774180800000,2026-03-22T12:00:00.000Z,BEAR,LONG,25,13.5,IGNORE,0,WATCH,,0,0,0,NA,NA,NA,NA,NA,CLEAR,1,0,0,0,0,TREND_REVERSAL_UNCONFIRMED,1,0.45,LONG,1,0,0,0
SOLUSDT,1774184400000,2026-03-22T13:00:00.000Z,BEAR,LONG,0,7.875,IGNORE,0,WATCH,,0,0,0,NA,NA,NA,NA,NA,CLEAR,1,0,0,0,0,TREND_REVERSAL_UNCONFIRMED,0,0.45,LONG,1,0,0,0
SOLUSDT,1774188000000,2026-03-22T14:00:00.000Z,BEAR,LONG,0,7.875,IGNORE,0,WATCH,,0,0,0,NA,NA,NA,NA,NA,CLEAR,1,0,0,0,0,TREND_REVERSAL_UNCONFIRMED,0,0.45,LONG,1,0,0,0
SOLUSDT,1774191600000,2026-03-22T15:00:00.000Z,BEAR,LONG,17.5,12.909375,IGNORE,0,WATCH,,0,0,0,NA,NA,NA,NA,NA,CLEAR,1,0,0,0,0,TREND_REVERSAL_UNCONFIRMED,1,0.45,LONG,1,0,0,0
SOLUSDT,1774195200000,2026-03-22T16:00:00.000Z,BEAR,LONG,17.5,12.909375,IGNORE,0,WATCH,,0,0,0,NA,NA,NA,NA,NA,CLEAR,1,0,0,0,0,TREND_REVERSAL_UNCONFIRMED,1,0.45,LONG,1,0,0,0
SOLUSDT,1774198800000,2026-03-22T17:00:00.000Z,BEAR,LONG,17.5,12.909375,IGNORE,0,WATCH,,0,0,0,NA,NA,NA,NA,NA,CLEAR,1,0,0,0,0,TREND_REVERSAL_UNCONFIRMED,1,0.45,LONG,1,0,0,0
SOLUSDT,1774202400000,2026-03-22T18:00:00.000Z,BEAR,LONG,17.5,12.909375,IGNORE,0,WATCH,,0,0,0,NA,NA,NA,NA,NA,CLEAR,1,0,0,0,0,TREND_REVERSAL_UNCONFIRMED,1,0.45,LONG,1,0,0,0
SOLUSDT,1774206000000,2026-03-22T19:00:00.000Z,BEAR,LONG,42.5,18.534375,IGNORE,0,WATCH,,0,0,0,NA,NA,NA,NA,NA,CLEAR,1,0,0,0,0,TREND_REVERSAL_UNCONFIRMED,2,0.45,LONG,1,0,0,0
SOLUSDT,1774209600000,2026-03-22T20:00:00.000Z,BEAR,LONG,32.43055555555556,17.74140625,IGNORE,0,WATCH,,0,0,0,NA,NA,NA,NA,NA,CLEAR,1,0,0,0,0,TREND_REVERSAL_UNCONFIRMED,2,0.45,LONG,1,0,0,0
SOLUSDT,1774213200000,2026-03-22T21:00:00.000Z,BEAR,LONG,55.69444444444444,42.94208333333333,WATCH,1,WATCH,ACTIVE,1,1,0,FAIL,PASS,SKIP,SKIP,FAIL,CLEAR,1,0,0,0,0,MARKET_CONTEXT_DENIED,3,0.84,LONG,1,0,0,0
SOLUSDT,1774216800000,2026-03-22T22:00:00.000Z,BEAR,LONG,40.85251068241477,18.404635216240166,IGNORE,0,WATCH,,0,0,0,NA,NA,NA,NA,NA,CLEAR,1,0,0,0,0,TREND_REVERSAL_UNCONFIRMED,2,0.45,LONG,1,0,0,0
SOLUSDT,1774220400000,2026-03-22T23:00:00.000Z,BEAR,LONG,17.5,12.909375,IGNORE,0,WATCH,,0,0,0,NA,NA,NA,NA,NA,CLEAR,1,0,0,0,0,TREND_REVERSAL_UNCONFIRMED,1,0.45,LONG,1,0,0,0
SOLUSDT,1774224000000,2026-03-23T00:00:00.000Z,BEAR,LONG,16.268630169114335,12.812404625817754,IGNORE,0,WATCH,,0,0,0,NA,NA,NA,NA,NA,CLEAR,1,0,0,0,0,TREND_REVERSAL_UNCONFIRMED,1,0.45,LONG,1,0,0,0
SOLUSDT,1774227600000,2026-03-23T01:00:00.000Z,BEAR,LONG,25,13.5,IGNORE,0,WATCH,,0,0,0,NA,NA,NA,NA,NA,CLEAR,1,0,0,0,0,TREND_REVERSAL_UNCONFIRMED,1,0.45,LONG,1,0,0,0
SOLUSDT,1774231200000,2026-03-23T02:00:00.000Z,BEAR,LONG,0,7.875,IGNORE,0,WATCH,,0,0,0,NA,NA,NA,NA,NA,WARNING_SOFT,1,0,0,0,0,TREND_REVERSAL_UNCONFIRMED,0,0.45,LONG,1,0,0,0
SOLUSDT,1774234800000,2026-03-23T03:00:00.000Z,BEAR,LONG,0,7.875,IGNORE,0,WATCH,,0,0,0,NA,NA,NA,NA,NA,WARNING_SOFT,1,0,0,0,0,TREND_REVERSAL_UNCONFIRMED,0,0.45,LONG,1,0,0,0
SOLUSDT,1774238400000,2026-03-23T04:00:00.000Z,BEAR,LONG,0,7.875,IGNORE,0,WATCH,,0,0,0,NA,NA,NA,NA,NA,CLEAR,1,0,0,0,0,TREND_REVERSAL_UNCONFIRMED,0,0.45,LONG,1,0,0,0
SOLUSDT,1774242000000,2026-03-23T05:00:00.000Z,NEUTRAL,NONE,0,7.875,IGNORE,0,WATCH,,0,0,0,NA,NA,NA,NA,NA,CLEAR,1,0,0,0,0,TREND_REVERSAL_UNCONFIRMED,0,0.45,NONE,1,0,0,0
SOLUSDT,1774245600000,2026-03-23T06:00:00.000Z,BEAR,LONG,20.644014990997228,13.156966180541032,IGNORE,0,WATCH,,0,0,0,NA,NA,NA,NA,NA,WARNING_SOFT,1,0,0,0,0,TREND_REVERSAL_UNCONFIRMED,1,0.45,LONG,1,0,0,0
SOLUSDT,1774249200000,2026-03-23T07:00:00.000Z,BEAR,LONG,25,13.5,IGNORE,0,WATCH,,0,0,0,NA,NA,NA,NA,NA,CLEAR,1,0,0,0,0,TREND_REVERSAL_UNCONFIRMED,1,0.45,LONG,1,0,0,0
SOLUSDT,1774252800000,2026-03-23T08:00:00.000Z,BEAR,LONG,25,13.5,IGNORE,0,WATCH,,0,0,0,NA,NA,NA,NA,NA,CLEAR,1,0,0,0,0,TREND_REVERSAL_UNCONFIRMED,1,0.45,LONG,1,0,0,0
SOLUSDT,1774256400000,2026-03-23T09:00:00.000Z,BEAR,LONG,0,7.875,IGNORE,0,WATCH,,0,0,0,NA,NA,NA,NA,NA,CLEAR,1,0,0,0,0,TREND_REVERSAL_UNCONFIRMED,0,0.45,LONG,1,0,0,0
SOLUSDT,1774260000000,2026-03-23T10:00:00.000Z,BEAR,LONG,0,7.875,IGNORE,0,WATCH,,0,0,0,NA,NA,NA,NA,NA,WARNING_SOFT,1,0,0,0,0,TREND_REVERSAL_UNCONFIRMED,0,0.45,LONG,1,0,0,0
SOLUSDT,1774263600000,2026-03-23T11:00:00.000Z,NEUTRAL,NONE,0,7.875,IGNORE,0,WATCH,,0,0,0,NA,NA,NA,NA,NA,CLEAR,1,0,0,0,0,TREND_REVERSAL_UNCONFIRMED,0,0.45,NONE,1,0,0,0
SOLUSDT,1774267200000,2026-03-23T12:00:00.000Z,NEUTRAL,NONE,0,7.875,IGNORE,0,WATCH,,0,0,0,NA,NA,NA,NA,NA,CLEAR,1,1,0,0,0,TREND_REVERSAL_UNCONFIRMED,0,0.45,NONE,1,0,0,0
SOLUSDT,1774270800000,2026-03-23T13:00:00.000Z,NEUTRAL,NONE,0,7.875,IGNORE,0,WATCH,,0,0,0,NA,NA,NA,NA,NA,CLEAR,1,0,0,0,0,TREND_REVERSAL_UNCONFIRMED,0,0.45,NONE,1,0,0,0
SOLUSDT,1774274400000,2026-03-23T14:00:00.000Z,NEUTRAL,NONE,0,7.875,IGNORE,0,WATCH,,0,0,0,NA,NA,NA,NA,NA,CLEAR,1,0,0,0,0,TREND_REVERSAL_UNCONFIRMED,0,0.45,NONE,1,0,0,0
SOLUSDT,1774278000000,2026-03-23T15:00:00.000Z,BULL,SHORT,24.20911402649115,13.437717729586177,IGNORE,0,WATCH,,0,0,0,NA,NA,NA,NA,NA,CLEAR,1,0,1,1,0,TREND_REVERSAL_UNCONFIRMED,1,0.45,SHORT,1,0,0,0
SOLUSDT,1774281600000,2026-03-23T16:00:00.000Z,BULL,SHORT,0,7.875,IGNORE,0,WATCH,,0,0,0,NA,NA,NA,NA,NA,CLEAR,1,0,0,0,0,TREND_REVERSAL_UNCONFIRMED,0,0.45,SHORT,1,0,0,0
SOLUSDT,1774285200000,2026-03-23T17:00:00.000Z,BULL,SHORT,0,7.875,IGNORE,0,WATCH,,0,0,0,NA,NA,NA,NA,NA,CLEAR,1,0,0,0,0,TREND_REVERSAL_UNCONFIRMED,0,0.45,SHORT,1,0,0,0
SOLUSDT,1774288800000,2026-03-23T18:00:00.000Z,BULL,SHORT,39.58333333333333,18.3046875,IGNORE,0,WATCH,,0,0,0,NA,NA,NA,NA,NA,CLEAR,1,0,0,0,0,TREND_REVERSAL_UNCONFIRMED,2,0.45,SHORT,1,0,0,0
SOLUSDT,1774292400000,2026-03-23T19:00:00.000Z,BULL,SHORT,0,7.875,IGNORE,0,WATCH,,0,0,0,NA,NA,NA,NA,NA,CLEAR,1,0,0,0,0,TREND_REVERSAL_UNCONFIRMED,0,0.45,SHORT,1,0,0,0
SOLUSDT,1774296000000,2026-03-23T20:00:00.000Z,BULL,SHORT,12.847222222222221,12.54296875,IGNORE,0,WATCH,,0,0,0,NA,NA,NA,NA,NA,CLEAR,1,0,0,0,0,TREND_REVERSAL_UNCONFIRMED,1,0.45,SHORT,1,0,0,0
SOLUSDT,1774299600000,2026-03-23T21:00:00.000Z,BULL,SHORT,25,13.5,IGNORE,0,WATCH,,0,0,0,NA,NA,NA,NA,NA,CLEAR,1,0,0,0,0,TREND_REVERSAL_UNCONFIRMED,1,0.45,SHORT,1,0,0,0
SOLUSDT,1774303200000,2026-03-23T22:00:00.000Z,BULL,SHORT,0,7.875,IGNORE,0,WATCH,,0,0,0,NA,NA,NA,NA,NA,CLEAR,1,0,0,0,0,TREND_REVERSAL_UNCONFIRMED,0,0.45,SHORT,1,0,0,0
SOLUSDT,1774306800000,2026-03-23T23:00:00.000Z,BULL,SHORT,17.5,12.909375,IGNORE,0,WATCH,,0,0,0,NA,NA,NA,NA,NA,CLEAR,1,0,0,0,0,TREND_REVERSAL_UNCONFIRMED,1,0.45,SHORT,1,0,0,0
SOLUSDT,1774310400000,2026-03-24T00:00:00.000Z,BULL,SHORT,42.5,18.534375,IGNORE,0,WATCH,,0,0,0,NA,NA,NA,NA,NA,CLEAR,1,0,0,0,0,TREND_REVERSAL_UNCONFIRMED,2,0.45,SHORT,1,0,0,0
SOLUSDT,1774314000000,2026-03-24T01:00:00.000Z,BULL,SHORT,17.5,12.909375,IGNORE,0,WATCH,,0,0,0,NA,NA,NA,NA,NA,CLEAR,1,0,0,0,0,TREND_REVERSAL_UNCONFIRMED,1,0.45,SHORT,1,0,0,0
SOLUSDT,1774317600000,2026-03-24T02:00:00.000Z,BULL,SHORT,17.5,12.909375,IGNORE,0,WATCH,,0,0,0,NA,NA,NA,NA,NA,WARNING_SOFT,1,0,0,0,0,TREND_REVERSAL_UNCONFIRMED,1,0.45,SHORT,1,0,0,0
SOLUSDT,1774321200000,2026-03-24T03:00:00.000Z,BULL,SHORT,17.5,12.909375,IGNORE,0,WATCH,,0,0,0,NA,NA,NA,NA,NA,WARNING_SOFT,1,0,0,0,0,TREND_REVERSAL_UNCONFIRMED,1,0.45,SHORT,1,0,0,0
SOLUSDT,1774324800000,2026-03-24T04:00:00.000Z,BULL,SHORT,17.5,12.909375,IGNORE,0,WATCH,,0,0,0,NA,NA,NA,NA,NA,WARNING_SOFT,1,0,0,0,0,TREND_REVERSAL_UNCONFIRMED,1,0.45,SHORT,1,0,0,0
SOLUSDT,1774328400000,2026-03-24T05:00:00.000Z,NEUTRAL,NONE,0,7.875,IGNORE,0,WATCH,,0,0,0,NA,NA,NA,NA,NA,WARNING_SOFT,1,0,0,0,0,TREND_REVERSAL_UNCONFIRMED,0,0.45,NONE,1,0,0,0
SOLUSDT,1774332000000,2026-03-24T06:00:00.000Z,BULL,SHORT,17.5,12.909375,IGNORE,0,WATCH,,0,0,0,NA,NA,NA,NA,NA,WARNING_SOFT,1,0,0,0,0,TREND_REVERSAL_UNCONFIRMED,1,0.45,SHORT,1,0,0,0
SOLUSDT,1774335600000,2026-03-24T07:00:00.000Z,BULL,SHORT,17.5,12.909375,IGNORE,0,WATCH,,0,0,0,NA,NA,NA,NA,NA,CLEAR,1,0,0,0,0,TREND_REVERSAL_UNCONFIRMED,1,0.45,SHORT,1,0,0,0
SOLUSDT,1774339200000,2026-03-24T08:00:00.000Z,BULL,SHORT,17.5,12.909375,IGNORE,0,WATCH,,0,0,0,NA,NA,NA,NA,NA,CLEAR,1,0,0,0,0,TREND_REVERSAL_UNCONFIRMED,1,0.45,SHORT,1,0,0,0
SOLUSDT,1774342800000,2026-03-24T09:00:00.000Z,BULL,SHORT,17.5,12.909375,IGNORE,0,WATCH,,0,0,0,NA,NA,NA,NA,NA,CLEAR,1,0,0,0,0,TREND_REVERSAL_UNCONFIRMED,1,0.45,SHORT,1,0,0,0
SOLUSDT,1774346400000,2026-03-24T10:00:00.000Z,BULL,SHORT,42.5,18.534375,IGNORE,0,WATCH,,0,0,0,NA,NA,NA,NA,NA,CLEAR,1,0,0,0,0,TREND_REVERSAL_UNCONFIRMED,2,0.45,SHORT,1,0,0,0
SOLUSDT,1774350000000,2026-03-24T11:00:00.000Z,BULL,SHORT,17.5,12.909375,IGNORE,0,WATCH,,0,0,0,NA,NA,NA,NA,NA,CLEAR,1,0,0,0,0,TREND_REVERSAL_UNCONFIRMED,1,0.45,SHORT,1,0,0,0
SOLUSDT,1774353600000,2026-03-24T12:00:00.000Z,BULL,SHORT,17.5,12.909375,IGNORE,0,WATCH,,0,0,0,NA,NA,NA,NA,NA,CLEAR,1,0,0,0,0,TREND_REVERSAL_UNCONFIRMED,1,0.45,SHORT,1,0,0,0
SOLUSDT,1774357200000,2026-03-24T13:00:00.000Z,NEUTRAL,NONE,0,7.875,IGNORE,0,WATCH,,0,0,0,NA,NA,NA,NA,NA,BLOCK,0,0,1,0,0,TREND_REVERSAL_UNCONFIRMED,0,0.45,NONE,1,0,0,0
SOLUSDT,1774360800000,2026-03-24T14:00:00.000Z,NEUTRAL,NONE,0,7.875,IGNORE,0,WATCH,,0,0,0,NA,NA,NA,NA,NA,BLOCK,0,0,1,0,0,TREND_REVERSAL_UNCONFIRMED,0,0.45,NONE,1,0,0,0
SOLUSDT,1774364400000,2026-03-24T15:00:00.000Z,NEUTRAL,NONE,0,7.875,IGNORE,0,WATCH,,0,0,0,NA,NA,NA,NA,NA,WARNING_SOFT,1,0,0,0,0,TREND_REVERSAL_UNCONFIRMED,0,0.45,NONE,1,0,0,0
SOLUSDT,1774368000000,2026-03-24T16:00:00.000Z,NEUTRAL,NONE,0,7.875,IGNORE,0,WATCH,,0,0,0,NA,NA,NA,NA,NA,WARNING_SOFT,1,0,0,0,0,TREND_REVERSAL_UNCONFIRMED,0,0.45,NONE,1,0,0,0
SOLUSDT,1774371600000,2026-03-24T17:00:00.000Z,NEUTRAL,NONE,0,7.875,IGNORE,0,WATCH,,0,0,0,NA,NA,NA,NA,NA,WARNING_SOFT,1,0,0,0,0,TREND_REVERSAL_UNCONFIRMED,0,0.45,NONE,1,0,0,0
SOLUSDT,1774375200000,2026-03-24T18:00:00.000Z,NEUTRAL,NONE,0,7.875,IGNORE,0,WATCH,,0,0,0,NA,NA,NA,NA,NA,WARNING_SOFT,1,0,0,0,0,TREND_REVERSAL_UNCONFIRMED,0,0.45,NONE,1,0,0,0
SOLUSDT,1774378800000,2026-03-24T19:00:00.000Z,NEUTRAL,NONE,0,7.875,IGNORE,0,WATCH,,0,0,0,NA,NA,NA,NA,NA,WARNING_SOFT,1,0,0,0,0,TREND_REVERSAL_UNCONFIRMED,0,0.45,NONE,1,0,0,0
SOLUSDT,1774382400000,2026-03-24T20:00:00.000Z,BULL,SHORT,16.47879583536819,12.828955172035245,IGNORE,0,WATCH,,0,0,0,NA,NA,NA,NA,NA,BLOCK,0,0,0,0,0,TREND_REVERSAL_UNCONFIRMED,1,0.45,SHORT,1,0,0,0
SOLUSDT,1774386000000,2026-03-24T21:00:00.000Z,BULL,SHORT,0,7.875,IGNORE,0,WATCH,,0,0,0,NA,NA,NA,NA,NA,CLEAR,1,0,0,0,0,TREND_REVERSAL_UNCONFIRMED,0,0.45,SHORT,1,0,0,0
SOLUSDT,1774389600000,2026-03-24T22:00:00.000Z,BULL,SHORT,25,13.5,IGNORE,0,WATCH,,0,0,0,NA,NA,NA,NA,NA,CLEAR,1,0,0,0,0,TREND_REVERSAL_UNCONFIRMED,1,0.45,SHORT,1,0,0,0
SOLUSDT,1774393200000,2026-03-24T23:00:00.000Z,BULL,SHORT,0,7.875,IGNORE,0,WATCH,,0,0,0,NA,NA,NA,NA,NA,CLEAR,1,0,0,0,0,TREND_REVERSAL_UNCONFIRMED,0,0.45,SHORT,1,0,0,0
SOLUSDT,1774396800000,2026-03-25T00:00:00.000Z,BULL,SHORT,0,7.875,IGNORE,0,WATCH,,0,0,0,NA,NA,NA,NA,NA,CLEAR,1,0,0,0,0,TREND_REVERSAL_UNCONFIRMED,0,0.45,SHORT,1,0,0,0
SOLUSDT,1774400400000,2026-03-25T01:00:00.000Z,BULL,SHORT,25,13.5,IGNORE,0,WATCH,,0,0,0,NA,NA,NA,NA,NA,CLEAR,1,0,0,0,0,TREND_REVERSAL_UNCONFIRMED,1,0.45,SHORT,1,0,0,0
SOLUSDT,1774404000000,2026-03-25T02:00:00.000Z,BULL,SHORT,0,7.875,IGNORE,0,WATCH,,0,0,0,NA,NA,NA,NA,NA,CLEAR,1,0,0,0,0,TREND_REVERSAL_UNCONFIRMED,0,0.45,SHORT,1,0,0,0
SOLUSDT,1774407600000,2026-03-25T03:00:00.000Z,BULL,SHORT,0,7.875,IGNORE,0,WATCH,,0,0,0,NA,NA,NA,NA,NA,CLEAR,1,0,0,0,0,TREND_REVERSAL_UNCONFIRMED,0,0.45,SHORT,1,0,0,0
SOLUSDT,1774411200000,2026-03-25T04:00:00.000Z,BULL,SHORT,0,7.875,IGNORE,0,WATCH,,0,0,0,NA,NA,NA,NA,NA,CLEAR,1,0,0,0,0,TREND_REVERSAL_UNCONFIRMED,0,0.45,SHORT,1,0,0,0
SOLUSDT,1774414800000,2026-03-25T05:00:00.000Z,BULL,SHORT,0,7.875,IGNORE,0,WATCH,,0,0,0,NA,NA,NA,NA,NA,CLEAR,1,0,0,0,0,TREND_REVERSAL_UNCONFIRMED,0,0.45,SHORT,1,0,0,0
SOLUSDT,1774418400000,2026-03-25T06:00:00.000Z,BULL,SHORT,0,7.875,IGNORE,0,WATCH,,0,0,0,NA,NA,NA,NA,NA,CLEAR,1,0,0,0,0,TREND_REVERSAL_UNCONFIRMED,0,0.45,SHORT,1,0,0,0
SOLUSDT,1774422000000,2026-03-25T07:00:00.000Z,BULL,SHORT,25,13.5,IGNORE,0,WATCH,,0,0,0,NA,NA,NA,NA,NA,CLEAR,1,0,0,0,0,TREND_REVERSAL_UNCONFIRMED,1,0.45,SHORT,1,0,0,0
SOLUSDT,1774425600000,2026-03-25T08:00:00.000Z,BULL,SHORT,0,7.875,IGNORE,0,WATCH,,0,0,0,NA,NA,NA,NA,NA,CLEAR,1,0,0,0,0,TREND_REVERSAL_UNCONFIRMED,0,0.45,SHORT,1,0,0,0
SOLUSDT,1774429200000,2026-03-25T09:00:00.000Z,BULL,SHORT,12.847222222222221,12.54296875,IGNORE,0,WATCH,,0,0,0,NA,NA,NA,NA,NA,CLEAR,1,0,0,0,0,TREND_REVERSAL_UNCONFIRMED,1,0.45,SHORT,1,0,0,0
SOLUSDT,1774432800000,2026-03-25T10:00:00.000Z,BULL,SHORT,37.84722222222222,18.16796875,IGNORE,0,WATCH,,0,0,0,NA,NA,NA,NA,NA,CLEAR,1,0,0,0,0,TREND_REVERSAL_UNCONFIRMED,2,0.45,SHORT,1,0,0,0
SOLUSDT,1774436400000,2026-03-25T11:00:00.000Z,BULL,SHORT,19.884858461178755,13.097182603817828,IGNORE,0,WATCH,,0,0,0,NA,NA,NA,NA,NA,CLEAR,1,0,0,0,0,TREND_REVERSAL_UNCONFIRMED,1,0.45,SHORT,1,0,0,0
SOLUSDT,1774440000000,2026-03-25T12:00:00.000Z,BULL,SHORT,15.93876011085105,12.78642735872952,IGNORE,0,WATCH,,0,0,0,NA,NA,NA,NA,NA,CLEAR,1,0,0,0,0,TREND_REVERSAL_UNCONFIRMED,1,0.45,SHORT,1,0,0,0
SOLUSDT,1774443600000,2026-03-25T13:00:00.000Z,BULL,SHORT,25,13.5,IGNORE,0,WATCH,,0,0,0,NA,NA,NA,NA,NA,CLEAR,1,0,0,0,0,TREND_REVERSAL_UNCONFIRMED,1,0.45,SHORT,1,0,0,0
SOLUSDT,1774447200000,2026-03-25T14:00:00.000Z,BULL,SHORT,17.715988277027776,12.926384076815939,IGNORE,0,WATCH,,0,0,0,NA,NA,NA,NA,NA,WARNING_SOFT,1,0,0,0,0,TREND_REVERSAL_UNCONFIRMED,1,0.45,SHORT,1,0,0,0
SOLUSDT,1774450800000,2026-03-25T15:00:00.000Z,NEUTRAL,NONE,0,7.875,IGNORE,0,WATCH,,0,0,0,NA,NA,NA,NA,NA,BLOCK,0,0,0,0,0,TREND_REVERSAL_UNCONFIRMED,0,0.45,NONE,1,0,0,0
SOLUSDT,1774454400000,2026-03-25T16:00:00.000Z,BULL,SHORT,0,7.875,IGNORE,0,WATCH,,0,0,0,NA,NA,NA,NA,NA,WARNING_SOFT,1,0,0,0,0,TREND_REVERSAL_UNCONFIRMED,0,0.45,SHORT,1,0,0,0
SOLUSDT,1774458000000,2026-03-25T17:00:00.000Z,NEUTRAL,NONE,0,7.875,IGNORE,0,WATCH,,0,0,0,NA,NA,NA,NA,NA,WARNING_SOFT,1,0,0,0,0,TREND_REVERSAL_UNCONFIRMED,0,0.45,NONE,1,0,0,0
SOLUSDT,1774461600000,2026-03-25T18:00:00.000Z,NEUTRAL,NONE,0,7.875,IGNORE,0,WATCH,,0,0,0,NA,NA,NA,NA,NA,WARNING_SOFT,1,0,0,0,0,TREND_REVERSAL_UNCONFIRMED,0,0.45,NONE,1,0,0,0
SOLUSDT,1774465200000,2026-03-25T19:00:00.000Z,NEUTRAL,NONE,0,7.875,IGNORE,0,WATCH,,0,0,0,NA,NA,NA,NA,NA,WARNING_SOFT,1,0,0,0,0,TREND_REVERSAL_UNCONFIRMED,0,0.45,NONE,1,0,0,0
SOLUSDT,1774468800000,2026-03-25T20:00:00.000Z,NEUTRAL,NONE,0,7.875,IGNORE,0,WATCH,,0,0,0,NA,NA,NA,NA,NA,WARNING_SOFT,1,0,0,0,0,TREND_REVERSAL_UNCONFIRMED,0,0.45,NONE,1,0,0,0
SOLUSDT,1774472400000,2026-03-25T21:00:00.000Z,NEUTRAL,NONE,0,7.875,IGNORE,0,WATCH,,0,0,0,NA,NA,NA,NA,NA,WARNING_SOFT,1,0,0,0,0,TREND_REVERSAL_UNCONFIRMED,0,0.45,NONE,1,0,0,0
SOLUSDT,1774476000000,2026-03-25T22:00:00.000Z,NEUTRAL,NONE,0,7.875,IGNORE,0,WATCH,,0,0,0,NA,NA,NA,NA,NA,WARNING_SOFT,1,0,0,0,0,TREND_REVERSAL_UNCONFIRMED,0,0.45,NONE,1,0,0,0
SOLUSDT,1774479600000,2026-03-25T23:00:00.000Z,NEUTRAL,NONE,0,7.875,IGNORE,0,WATCH,,0,0,0,NA,NA,NA,NA,NA,WARNING_SOFT,1,0,0,0,0,TREND_REVERSAL_UNCONFIRMED,0,0.45,NONE,1,0,0,0
SOLUSDT,1774483200000,2026-03-26T00:00:00.000Z,NEUTRAL,NONE,0,7.875,IGNORE,0,WATCH,,0,0,0,NA,NA,NA,NA,NA,WARNING_SOFT,1,0,0,0,0,TREND_REVERSAL_UNCONFIRMED,0,0.45,NONE,1,0,0,0
SOLUSDT,1774486800000,2026-03-26T01:00:00.000Z,BULL,SHORT,0,7.875,IGNORE,0,WATCH,,0,0,0,NA,NA,NA,NA,NA,CLEAR,1,0,0,0,0,TREND_REVERSAL_UNCONFIRMED,0,0.45,SHORT,1,0,0,0
SOLUSDT,1774490400000,2026-03-26T02:00:00.000Z,NEUTRAL,NONE,0,7.875,IGNORE,0,WATCH,,0,0,0,NA,NA,NA,NA,NA,WARNING_SOFT,1,0,0,0,0,TREND_REVERSAL_UNCONFIRMED,0,0.45,NONE,1,0,0,0
SOLUSDT,1774494000000,2026-03-26T03:00:00.000Z,NEUTRAL,NONE,0,7.875,IGNORE,0,WATCH,,0,0,0,NA,NA,NA,NA,NA,BLOCK,0,0,0,0,0,TREND_REVERSAL_UNCONFIRMED,0,0.45,NONE,1,0,0,0
SOLUSDT,1774497600000,2026-03-26T04:00:00.000Z,NEUTRAL,NONE,0,7.875,IGNORE,0,WATCH,,0,0,0,NA,NA,NA,NA,NA,WARNING_SOFT,1,0,0,0,0,TREND_REVERSAL_UNCONFIRMED,0,0.45,NONE,1,0,0,0
SOLUSDT,1774501200000,2026-03-26T05:00:00.000Z,NEUTRAL,NONE,0,7.875,IGNORE,0,WATCH,,0,0,0,NA,NA,NA,NA,NA,BLOCK,0,0,0,0,0,TREND_REVERSAL_UNCONFIRMED,0,0.45,NONE,1,0,0,0
SOLUSDT,1774504800000,2026-03-26T06:00:00.000Z,NEUTRAL,NONE,0,7.875,IGNORE,0,WATCH,,0,0,0,NA,NA,NA,NA,NA,BLOCK,0,0,0,0,0,TREND_REVERSAL_UNCONFIRMED,0,0.45,NONE,1,0,0,0
SOLUSDT,1774508400000,2026-03-26T07:00:00.000Z,BEAR,LONG,30.404906322944825,17.581886372931905,IGNORE,0,WATCH,,0,0,0,NA,NA,NA,NA,NA,CLEAR,1,0,0,0,0,TREND_REVERSAL_UNCONFIRMED,2,0.45,LONG,1,0,0,0
SOLUSDT,1774512000000,2026-03-26T08:00:00.000Z,BEAR,LONG,17.5,12.909375,IGNORE,0,WATCH,,0,0,0,NA,NA,NA,NA,NA,CLEAR,1,0,0,0,0,TREND_REVERSAL_UNCONFIRMED,1,0.45,LONG,1,0,0,0
SOLUSDT,1774515600000,2026-03-26T09:00:00.000Z,BEAR,LONG,52.214215517267164,51.67048968103827,WATCH,1,WATCH,ACTIVE,1,1,0,PASS,PASS,SKIP,SKIP,FAIL,CLEAR,1,0,0,0,0,MARKET_CONTEXT_DENIED,3,0.84,LONG,0,1,0,0
SOLUSDT,1774519200000,2026-03-26T10:00:00.000Z,BEAR,LONG,30.34722222222222,17.57734375,IGNORE,0,WATCH,,0,0,0,NA,NA,NA,NA,NA,CLEAR,1,0,0,0,0,TREND_REVERSAL_UNCONFIRMED,2,0.45,LONG,1,0,0,0
SOLUSDT,1774522800000,2026-03-26T11:00:00.000Z,BEAR,LONG,30.34722222222222,17.57734375,IGNORE,0,WATCH,,0,0,0,NA,NA,NA,NA,NA,CLEAR,1,0,0,0,0,TREND_REVERSAL_UNCONFIRMED,2,0.45,LONG,1,0,0,0
SOLUSDT,1774526400000,2026-03-26T12:00:00.000Z,BEAR,LONG,55.34722222222222,52.13104166666666,WATCH,1,WATCH,ACTIVE,1,1,0,PASS,PASS,SKIP,SKIP,FAIL,CLEAR,1,0,0,0,0,MARKET_CONTEXT_DENIED,3,0.84,LONG,0,1,0,0
SOLUSDT,1774530000000,2026-03-26T13:00:00.000Z,BEAR,LONG,42.5,18.534375,IGNORE,0,WATCH,,0,0,0,NA,NA,NA,NA,NA,CLEAR,1,0,0,0,0,TREND_REVERSAL_UNCONFIRMED,2,0.45,LONG,1,0,0,0
SOLUSDT,1774533600000,2026-03-26T14:00:00.000Z,BEAR,LONG,30.553777710980807,17.593609994739737,IGNORE,0,WATCH,,0,0,0,NA,NA,NA,NA,NA,CLEAR,1,0,0,0,0,TREND_REVERSAL_UNCONFIRMED,2,0.45,LONG,1,0,0,0
SOLUSDT,1774537200000,2026-03-26T15:00:00.000Z,BEAR,LONG,54.70250482719649,52.036268209597885,WATCH,1,WATCH,ACTIVE,1,1,0,PASS,PASS,SKIP,SKIP,FAIL,CLEAR,1,0,0,0,0,MARKET_CONTEXT_DENIED,3,0.84,LONG,0,1,0,0
SOLUSDT,1774540800000,2026-03-26T16:00:00.000Z,BEAR,LONG,30.34722222222222,17.57734375,IGNORE,0,WATCH,,0,0,0,NA,NA,NA,NA,NA,CLEAR,1,0,0,0,0,TREND_REVERSAL_UNCONFIRMED,2,0.45,LONG,1,0,0,0
SOLUSDT,1774544400000,2026-03-26T17:00:00.000Z,BEAR,LONG,30.34722222222222,17.57734375,IGNORE,0,WATCH,,0,0,0,NA,NA,NA,NA,NA,CLEAR,1,0,0,0,0,TREND_REVERSAL_UNCONFIRMED,2,0.45,LONG,1,0,0,0
SOLUSDT,1774548000000,2026-03-26T18:00:00.000Z,BEAR,LONG,55.34722222222222,60.53104166666666,WATCH,1,ACTIVE,ACTIVE,1,1,1,PASS,PASS,SKIP,SKIP,PASS,CLEAR,1,0,1,0,1,,3,0.84,LONG,0,1,0,0
SOLUSDT,1774551600000,2026-03-26T19:00:00.000Z,BEAR,LONG,32.08333333333333,17.714062499999997,IGNORE,0,WATCH,,0,0,0,NA,NA,NA,NA,NA,CLEAR,1,0,0,0,0,TREND_REVERSAL_UNCONFIRMED,2,0.45,LONG,1,0,0,0
SOLUSDT,1774555200000,2026-03-26T20:00:00.000Z,BEAR,LONG,67.5,53.9175,WATCH,1,WATCH,ACTIVE,1,1,0,PASS,PASS,SKIP,SKIP,FAIL,CLEAR,1,0,0,0,0,MARKET_CONTEXT_DENIED,3,0.84,LONG,0,1,0,0
SOLUSDT,1774558800000,2026-03-26T21:00:00.000Z,BEAR,LONG,17.5,12.909375,IGNORE,0,WATCH,,0,0,0,NA,NA,NA,NA,NA,CLEAR,1,0,0,0,0,TREND_REVERSAL_UNCONFIRMED,1,0.45,LONG,1,0,0,0
SOLUSDT,1774562400000,2026-03-26T22:00:00.000Z,BEAR,LONG,0,7.875,IGNORE,0,WATCH,,0,0,0,NA,NA,NA,NA,NA,CLEAR,1,0,0,0,0,TREND_REVERSAL_UNCONFIRMED,0,0.45,LONG,1,0,0,0
SOLUSDT,1774566000000,2026-03-26T23:00:00.000Z,BEAR,LONG,0,7.875,IGNORE,0,WATCH,,0,0,0,NA,NA,NA,NA,NA,CLEAR,1,0,0,0,0,TREND_REVERSAL_UNCONFIRMED,0,0.45,LONG,1,0,0,0
SOLUSDT,1774569600000,2026-03-27T00:00:00.000Z,BEAR,LONG,25,13.5,IGNORE,0,WATCH,,0,0,0,NA,NA,NA,NA,NA,CLEAR,1,0,0,0,0,TREND_REVERSAL_UNCONFIRMED,1,0.45,LONG,1,0,0,0
SOLUSDT,1774573200000,2026-03-27T01:00:00.000Z,BEAR,LONG,0,7.875,IGNORE,0,WATCH,,0,0,0,NA,NA,NA,NA,NA,CLEAR,1,0,0,0,0,TREND_REVERSAL_UNCONFIRMED,0,0.45,LONG,1,0,0,0
SOLUSDT,1774576800000,2026-03-27T02:00:00.000Z,BEAR,LONG,0,7.875,IGNORE,0,WATCH,,0,0,0,NA,NA,NA,NA,NA,WARNING_SOFT,1,0,0,0,0,TREND_REVERSAL_UNCONFIRMED,0,0.45,LONG,1,0,0,0
SOLUSDT,1774580400000,2026-03-27T03:00:00.000Z,BEAR,LONG,17.5,12.909375,IGNORE,0,WATCH,,0,0,0,NA,NA,NA,NA,NA,CLEAR,1,0,0,0,0,TREND_REVERSAL_UNCONFIRMED,1,0.45,LONG,1,0,0,0
SOLUSDT,1774584000000,2026-03-27T04:00:00.000Z,BEAR,LONG,17.5,12.909375,IGNORE,0,WATCH,,0,0,0,NA,NA,NA,NA,NA,CLEAR,1,0,0,0,0,TREND_REVERSAL_UNCONFIRMED,1,0.45,LONG,1,0,0,0
SOLUSDT,1774587600000,2026-03-27T05:00:00.000Z,BEAR,LONG,42.5,18.534375,IGNORE,0,WATCH,,0,0,0,NA,NA,NA,NA,NA,CLEAR,1,0,0,0,0,TREND_REVERSAL_UNCONFIRMED,2,0.45,LONG,1,0,0,0
SOLUSDT,1774591200000,2026-03-27T06:00:00.000Z,BEAR,LONG,17.5,12.909375,IGNORE,0,WATCH,,0,0,0,NA,NA,NA,NA,NA,CLEAR,1,0,0,0,0,TREND_REVERSAL_UNCONFIRMED,1,0.45,LONG,1,0,0,0
SOLUSDT,1774594800000,2026-03-27T07:00:00.000Z,BEAR,LONG,17.5,12.909375,IGNORE,0,WATCH,,0,0,0,NA,NA,NA,NA,NA,CLEAR,1,0,0,0,0,TREND_REVERSAL_UNCONFIRMED,1,0.45,LONG,1,0,0,0
SOLUSDT,1774598400000,2026-03-27T08:00:00.000Z,BEAR,LONG,58.81944444444444,51.80145833333333,WATCH,1,WATCH,ACTIVE,1,1,0,FAIL,PASS,SKIP,SKIP,PASS,CLEAR,1,0,0,0,0,MARKET_CONTEXT_DENIED,3,0.84,LONG,0,1,0,0
SOLUSDT,1774602000000,2026-03-27T09:00:00.000Z,BEAR,LONG,58.81944444444444,51.80145833333333,WATCH,1,WATCH,ACTIVE,1,1,0,FAIL,PASS,SKIP,SKIP,PASS,CLEAR,1,0,0,0,0,MARKET_CONTEXT_DENIED,3,0.84,LONG,0,1,0,0
SOLUSDT,1774605600000,2026-03-27T10:00:00.000Z,BEAR,LONG,60.55555555555556,52.056666666666665,WATCH,1,WATCH,ACTIVE,1,1,0,FAIL,PASS,SKIP,SKIP,PASS,CLEAR,1,0,0,0,0,MARKET_CONTEXT_DENIED,3,0.84,LONG,0,1,0,0
SOLUSDT,1774609200000,2026-03-27T11:00:00.000Z,BEAR,LONG,32.08333333333333,17.714062499999997,IGNORE,0,WATCH,,0,0,0,NA,NA,NA,NA,NA,CLEAR,1,0,0,0,0,TREND_REVERSAL_UNCONFIRMED,2,0.45,LONG,1,0,0,0
SOLUSDT,1774612800000,2026-03-27T12:00:00.000Z,BEAR,LONG,32.08333333333333,17.714062499999997,IGNORE,0,WATCH,,0,0,0,NA,NA,NA,NA,NA,CLEAR,1,0,0,0,0,TREND_REVERSAL_UNCONFIRMED,2,0.45,LONG,1,0,0,0
SOLUSDT,1774616400000,2026-03-27T13:00:00.000Z,BEAR,LONG,47.95949751093818,22.620560428986384,IGNORE,0,WATCH,,0,0,0,NA,NA,NA,NA,NA,CLEAR,1,0,0,0,0,TREND_REVERSAL_UNCONFIRMED,3,0.45,LONG,1,0,0,0
SOLUSDT,1774620000000,2026-03-27T14:00:00.000Z,BEAR,LONG,30.34722222222222,17.57734375,IGNORE,0,WATCH,,0,0,0,NA,NA,NA,NA,NA,CLEAR,1,0,0,0,0,TREND_REVERSAL_UNCONFIRMED,2,0.45,LONG,1,0,0,0
SOLUSDT,1774623600000,2026-03-27T15:00:00.000Z,BEAR,LONG,63.63174766657723,52.508866906986846,WATCH,1,WATCH,ACTIVE,1,1,0,FAIL,PASS,SKIP,SKIP,PASS,CLEAR,1,0,0,0,0,MARKET_CONTEXT_DENIED,3,0.84,LONG,0,1,0,0
SOLUSDT,1774627200000,2026-03-27T16:00:00.000Z,BEAR,LONG,12.847222222222221,12.54296875,IGNORE,0,WATCH,,0,0,0,NA,NA,NA,NA,NA,CLEAR,1,0,0,0,0,TREND_REVERSAL_UNCONFIRMED,1,0.45,LONG,1,0,0,0
SOLUSDT,1774630800000,2026-03-27T17:00:00.000Z,BEAR,LONG,26.88344402225176,17.304571216752326,IGNORE,0,WATCH,,0,0,0,NA,NA,NA,NA,NA,CLEAR,1,0,0,0,0,TREND_REVERSAL_UNCONFIRMED,2,0.45,LONG,1,0,0,0
SOLUSDT,1774634400000,2026-03-27T18:00:00.000Z,BEAR,LONG,12.847222222222221,12.54296875,IGNORE,0,WATCH,,0,0,0,NA,NA,NA,NA,NA,CLEAR,1,0,0,0,0,TREND_REVERSAL_UNCONFIRMED,1,0.45,LONG,1,0,0,0
SOLUSDT,1774638000000,2026-03-27T19:00:00.000Z,BEAR,LONG,0,7.875,IGNORE,0,WATCH,,0,0,0,NA,NA,NA,NA,NA,CLEAR,1,0,0,0,0,TREND_REVERSAL_UNCONFIRMED,0,0.45,LONG,1,0,0,0
SOLUSDT,1774641600000,2026-03-27T20:00:00.000Z,BEAR,LONG,0,7.875,IGNORE,0,WATCH,,0,0,0,NA,NA,NA,NA,NA,CLEAR,1,0,0,0,0,TREND_REVERSAL_UNCONFIRMED,0,0.45,LONG,1,0,0,0
SOLUSDT,1774645200000,2026-03-27T21:00:00.000Z,BEAR,LONG,0,7.875,IGNORE,0,WATCH,,0,0,0,NA,NA,NA,NA,NA,CLEAR,1,0,0,0,0,TREND_REVERSAL_UNCONFIRMED,0,0.45,LONG,1,0,0,0
SOLUSDT,1774648800000,2026-03-27T22:00:00.000Z,BEAR,LONG,0,7.875,IGNORE,0,WATCH,,0,0,0,NA,NA,NA,NA,NA,CLEAR,1,0,0,0,0,TREND_REVERSAL_UNCONFIRMED,0,0.45,LONG,1,0,0,0
SOLUSDT,1774652400000,2026-03-27T23:00:00.000Z,BEAR,LONG,25,13.5,IGNORE,0,WATCH,,0,0,0,NA,NA,NA,NA,NA,CLEAR,1,0,0,0,0,TREND_REVERSAL_UNCONFIRMED,1,0.45,LONG,1,0,0,0
SOLUSDT,1774656000000,2026-03-28T00:00:00.000Z,BEAR,LONG,0,7.875,IGNORE,0,WATCH,,0,0,0,NA,NA,NA,NA,NA,CLEAR,1,0,0,0,0,TREND_REVERSAL_UNCONFIRMED,0,0.45,LONG,1,0,0,0
SOLUSDT,1774659600000,2026-03-28T01:00:00.000Z,BEAR,LONG,0,7.875,IGNORE,0,WATCH,,0,0,0,NA,NA,NA,NA,NA,CLEAR,1,0,0,0,0,TREND_REVERSAL_UNCONFIRMED,0,0.45,LONG,1,0,0,0
SOLUSDT,1774663200000,2026-03-28T02:00:00.000Z,BEAR,LONG,25,13.5,IGNORE,0,WATCH,,0,0,0,NA,NA,NA,NA,NA,CLEAR,1,0,0,0,0,TREND_REVERSAL_UNCONFIRMED,1,0.45,LONG,1,0,0,0
SOLUSDT,1774666800000,2026-03-28T03:00:00.000Z,BEAR,LONG,0,7.875,IGNORE,0,WATCH,,0,0,0,NA,NA,NA,NA,NA,CLEAR,1,0,0,0,0,TREND_REVERSAL_UNCONFIRMED,0,0.45,LONG,1,0,0,0
SOLUSDT,1774670400000,2026-03-28T04:00:00.000Z,BEAR,LONG,17.5,12.909375,IGNORE,0,WATCH,,0,0,0,NA,NA,NA,NA,NA,CLEAR,1,0,0,0,0,TREND_REVERSAL_UNCONFIRMED,1,0.45,LONG,1,0,0,0
SOLUSDT,1774674000000,2026-03-28T05:00:00.000Z,BEAR,LONG,42.5,18.534375,IGNORE,0,WATCH,,0,0,0,NA,NA,NA,NA,NA,CLEAR,1,0,0,0,0,TREND_REVERSAL_UNCONFIRMED,2,0.45,LONG,1,0,0,0
SOLUSDT,1774677600000,2026-03-28T06:00:00.000Z,BEAR,LONG,17.5,12.909375,IGNORE,0,WATCH,,0,0,0,NA,NA,NA,NA,NA,BLOCK,0,0,0,0,0,TREND_REVERSAL_UNCONFIRMED,1,0.45,LONG,1,0,0,0
SOLUSDT,1774681200000,2026-03-28T07:00:00.000Z,NEUTRAL,NONE,0,7.875,IGNORE,0,WATCH,,0,0,0,NA,NA,NA,NA,NA,CLEAR,1,0,0,0,0,TREND_REVERSAL_UNCONFIRMED,0,0.45,NONE,1,0,0,0
SOLUSDT,1774684800000,2026-03-28T08:00:00.000Z,NEUTRAL,NONE,0,7.875,IGNORE,0,WATCH,,0,0,0,NA,NA,NA,NA,NA,WARNING_SOFT,1,0,0,0,0,TREND_REVERSAL_UNCONFIRMED,0,0.45,NONE,1,0,0,0
SOLUSDT,1774688400000,2026-03-28T09:00:00.000Z,BEAR,LONG,17.5,12.909375,IGNORE,0,WATCH,,0,0,0,NA,NA,NA,NA,NA,BLOCK,0,0,0,0,0,TREND_REVERSAL_UNCONFIRMED,1,0.45,LONG,1,0,0,0
SOLUSDT,1774692000000,2026-03-28T10:00:00.000Z,BEAR,LONG,17.5,12.909375,IGNORE,0,WATCH,,0,0,0,NA,NA,NA,NA,NA,CLEAR,1,0,0,0,0,TREND_REVERSAL_UNCONFIRMED,1,0.45,LONG,1,0,0,0
SOLUSDT,1774695600000,2026-03-28T11:00:00.000Z,BEAR,LONG,42.5,18.534375,IGNORE,0,WATCH,,0,0,0,NA,NA,NA,NA,NA,WARNING_SOFT,1,0,0,0,0,TREND_REVERSAL_UNCONFIRMED,2,0.45,LONG,1,0,0,0
SOLUSDT,1774699200000,2026-03-28T12:00:00.000Z,BEAR,LONG,17.5,12.909375,IGNORE,0,WATCH,,0,0,0,NA,NA,NA,NA,NA,WARNING_SOFT,1,0,0,0,0,TREND_REVERSAL_UNCONFIRMED,1,0.45,LONG,1,0,0,0
SOLUSDT,1774702800000,2026-03-28T13:00:00.000Z,NEUTRAL,NONE,0,7.875,IGNORE,0,WATCH,,0,0,0,NA,NA,NA,NA,NA,WARNING_SOFT,1,0,0,0,0,TREND_REVERSAL_UNCONFIRMED,0,0.45,NONE,1,0,0,0
SOLUSDT,1774706400000,2026-03-28T14:00:00.000Z,NEUTRAL,NONE,0,7.875,IGNORE,0,WATCH,,0,0,0,NA,NA,NA,NA,NA,CLEAR,1,0,0,0,0,TREND_REVERSAL_UNCONFIRMED,0,0.45,NONE,1,0,0,0
SOLUSDT,1774710000000,2026-03-28T15:00:00.000Z,NEUTRAL,NONE,0,7.875,IGNORE,0,WATCH,,0,0,0,NA,NA,NA,NA,NA,CLEAR,1,0,0,0,0,TREND_REVERSAL_UNCONFIRMED,0,0.45,NONE,1,0,0,0
SOLUSDT,1774713600000,2026-03-28T16:00:00.000Z,NEUTRAL,NONE,0,7.875,IGNORE,0,WATCH,,0,0,0,NA,NA,NA,NA,NA,CLEAR,1,0,0,0,0,TREND_REVERSAL_UNCONFIRMED,0,0.45,NONE,1,0,0,0
SOLUSDT,1774717200000,2026-03-28T17:00:00.000Z,NEUTRAL,NONE,0,7.875,IGNORE,0,WATCH,,0,0,0,NA,NA,NA,NA,NA,CLEAR,1,0,0,0,0,TREND_REVERSAL_UNCONFIRMED,0,0.45,NONE,1,0,0,0
SOLUSDT,1774720800000,2026-03-28T18:00:00.000Z,NEUTRAL,NONE,0,7.875,IGNORE,0,WATCH,,0,0,0,NA,NA,NA,NA,NA,CLEAR,1,0,0,0,0,TREND_REVERSAL_UNCONFIRMED,0,0.45,NONE,1,0,0,0
SOLUSDT,1774724400000,2026-03-28T19:00:00.000Z,BEAR,LONG,17.5,12.909375,IGNORE,0,WATCH,,0,0,0,NA,NA,NA,NA,NA,WARNING_SOFT,1,0,0,0,0,TREND_REVERSAL_UNCONFIRMED,1,0.45,LONG,1,0,0,0
SOLUSDT,1774728000000,2026-03-28T20:00:00.000Z,NEUTRAL,NONE,0,7.875,IGNORE,0,WATCH,,0,0,0,NA,NA,NA,NA,NA,WARNING_SOFT,1,0,0,0,0,TREND_REVERSAL_UNCONFIRMED,0,0.45,NONE,1,0,0,0
SOLUSDT,1774731600000,2026-03-28T21:00:00.000Z,BEAR,LONG,34.595324715997585,17.91188182138481,IGNORE,0,WATCH,,0,0,0,NA,NA,NA,NA,NA,CLEAR,1,0,0,0,0,TREND_REVERSAL_UNCONFIRMED,2,0.45,LONG,1,0,0,0
SOLUSDT,1774735200000,2026-03-28T22:00:00.000Z,BEAR,LONG,17.5,12.909375,IGNORE,0,WATCH,,0,0,0,NA,NA,NA,NA,NA,WARNING_SOFT,1,0,0,0,0,TREND_REVERSAL_UNCONFIRMED,1,0.45,LONG,1,0,0,0
SOLUSDT,1774738800000,2026-03-28T23:00:00.000Z,BEAR,LONG,36.25811418383071,18.04282649197667,IGNORE,0,WATCH,,0,0,0,NA,NA,NA,NA,NA,CLEAR,1,0,1,0,0,TREND_REVERSAL_UNCONFIRMED,2,0.45,LONG,1,0,0,0
SOLUSDT,1774742400000,2026-03-29T00:00:00.000Z,BEAR,LONG,17.5,12.909375,IGNORE,0,WATCH,,0,0,0,NA,NA,NA,NA,NA,CLEAR,1,0,0,0,0,TREND_REVERSAL_UNCONFIRMED,1,0.45,LONG,1,0,0,0
SOLUSDT,1774746000000,2026-03-29T01:00:00.000Z,BEAR,LONG,42.5,18.534375,IGNORE,0,WATCH,,0,0,0,NA,NA,NA,NA,NA,CLEAR,1,0,0,0,0,TREND_REVERSAL_UNCONFIRMED,2,0.45,LONG,1,0,0,0
SOLUSDT,1774749600000,2026-03-29T02:00:00.000Z,BEAR,LONG,0,7.875,IGNORE,0,WATCH,,0,0,0,NA,NA,NA,NA,NA,CLEAR,1,0,0,0,0,TREND_REVERSAL_UNCONFIRMED,0,0.45,LONG,1,0,0,0
SOLUSDT,1774753200000,2026-03-29T03:00:00.000Z,NEUTRAL,NONE,0,7.875,IGNORE,0,WATCH,,0,0,0,NA,NA,NA,NA,NA,CLEAR,1,0,0,0,0,TREND_REVERSAL_UNCONFIRMED,0,0.45,NONE,1,0,0,0
SOLUSDT,1774756800000,2026-03-29T04:00:00.000Z,BEAR,LONG,0,7.875,IGNORE,0,WATCH,,0,0,0,NA,NA,NA,NA,NA,WARNING_SOFT,1,0,0,0,0,TREND_REVERSAL_UNCONFIRMED,0,0.45,LONG,1,0,0,0
SOLUSDT,1774760400000,2026-03-29T05:00:00.000Z,BEAR,LONG,0,7.875,IGNORE,0,WATCH,,0,0,0,NA,NA,NA,NA,NA,WARNING_SOFT,1,0,0,0,0,TREND_REVERSAL_UNCONFIRMED,0,0.45,LONG,1,0,0,0
SOLUSDT,1774764000000,2026-03-29T06:00:00.000Z,BEAR,LONG,0,7.875,IGNORE,0,WATCH,,0,0,0,NA,NA,NA,NA,NA,WARNING_SOFT,1,0,0,0,0,TREND_REVERSAL_UNCONFIRMED,0,0.45,LONG,1,0,0,0
SOLUSDT,1774767600000,2026-03-29T07:00:00.000Z,BEAR,LONG,0,7.875,IGNORE,0,WATCH,,0,0,0,NA,NA,NA,NA,NA,CLEAR,1,0,0,0,0,TREND_REVERSAL_UNCONFIRMED,0,0.45,LONG,1,0,0,0
SOLUSDT,1774771200000,2026-03-29T08:00:00.000Z,BEAR,LONG,25,13.5,IGNORE,0,WATCH,,0,0,0,NA,NA,NA,NA,NA,WARNING_SOFT,1,0,0,0,0,TREND_REVERSAL_UNCONFIRMED,1,0.45,LONG,1,0,0,0
SOLUSDT,1774774800000,2026-03-29T09:00:00.000Z,BEAR,LONG,0,7.875,IGNORE,0,WATCH,,0,0,0,NA,NA,NA,NA,NA,CLEAR,1,0,0,0,0,TREND_REVERSAL_UNCONFIRMED,0,0.45,LONG,1,0,0,0
SOLUSDT,1774778400000,2026-03-29T10:00:00.000Z,BEAR,LONG,0,7.875,IGNORE,0,WATCH,,0,0,0,NA,NA,NA,NA,NA,CLEAR,1,0,0,0,0,TREND_REVERSAL_UNCONFIRMED,0,0.45,LONG,1,0,0,0
SOLUSDT,1774782000000,2026-03-29T11:00:00.000Z,BEAR,LONG,39.215754578172934,18.27574067303112,IGNORE,0,WATCH,,0,0,0,NA,NA,NA,NA,NA,WARNING_SOFT,1,0,0,0,0,TREND_REVERSAL_UNCONFIRMED,2,0.45,LONG,1,0,0,0
SOLUSDT,1774785600000,2026-03-29T12:00:00.000Z,BEAR,LONG,0,7.875,IGNORE,0,WATCH,,0,0,0,NA,NA,NA,NA,NA,WARNING_SOFT,1,0,0,0,0,TREND_REVERSAL_UNCONFIRMED,0,0.45,LONG,1,0,0,0
SOLUSDT,1774789200000,2026-03-29T13:00:00.000Z,BEAR,LONG,24.44912740470835,13.456618783120783,IGNORE,0,WATCH,,0,0,0,NA,NA,NA,NA,NA,CLEAR,1,0,0,0,0,TREND_REVERSAL_UNCONFIRMED,1,0.45,LONG,1,0,0,0
SOLUSDT,1774792800000,2026-03-29T14:00:00.000Z,BEAR,LONG,18.454868977978766,12.984570932015828,IGNORE,0,WATCH,,0,0,0,NA,NA,NA,NA,NA,CLEAR,1,0,0,0,0,TREND_REVERSAL_UNCONFIRMED,1,0.45,LONG,1,0,0,0
SOLUSDT,1774796400000,2026-03-29T15:00:00.000Z,BEAR,LONG,25,13.5,IGNORE,0,WATCH,,0,0,0,NA,NA,NA,NA,NA,CLEAR,1,0,1,0,0,TREND_REVERSAL_UNCONFIRMED,1,0.45,LONG,1,0,0,0
SOLUSDT,1774800000000,2026-03-29T16:00:00.000Z,BEAR,LONG,25,13.5,IGNORE,0,WATCH,,0,0,0,NA,NA,NA,NA,NA,CLEAR,1,0,0,0,0,TREND_REVERSAL_UNCONFIRMED,1,0.45,LONG,1,0,0,0
SOLUSDT,1774803600000,2026-03-29T17:00:00.000Z,BEAR,LONG,19.806595020312194,13.091019357849586,IGNORE,0,WATCH,,0,0,0,NA,NA,NA,NA,NA,CLEAR,1,0,0,0,0,TREND_REVERSAL_UNCONFIRMED,1,0.45,LONG,1,0,0,0
SOLUSDT,1774807200000,2026-03-29T18:00:00.000Z,BEAR,LONG,0,7.875,IGNORE,0,WATCH,,0,0,0,NA,NA,NA,NA,NA,CLEAR,1,0,0,0,0,TREND_REVERSAL_UNCONFIRMED,0,0.45,LONG,1,0,0,0
SOLUSDT,1774810800000,2026-03-29T19:00:00.000Z,BEAR,LONG,0,7.875,IGNORE,0,WATCH,,0,0,0,NA,NA,NA,NA,NA,CLEAR,1,0,0,0,0,TREND_REVERSAL_UNCONFIRMED,0,0.45,LONG,1,0,0,0
SOLUSDT,1774814400000,2026-03-29T20:00:00.000Z,BEAR,LONG,25,13.5,IGNORE,0,WATCH,,0,0,0,NA,NA,NA,NA,NA,WARNING_SOFT,1,0,0,0,0,TREND_REVERSAL_UNCONFIRMED,1,0.45,LONG,1,0,0,0
SOLUSDT,1774818000000,2026-03-29T21:00:00.000Z,BEAR,LONG,0,7.875,IGNORE,0,WATCH,,0,0,0,NA,NA,NA,NA,NA,WARNING_SOFT,1,0,0,0,0,TREND_REVERSAL_UNCONFIRMED,0,0.45,LONG,1,0,0,0
SOLUSDT,1774821600000,2026-03-29T22:00:00.000Z,BEAR,LONG,25,13.5,IGNORE,0,WATCH,,0,0,0,NA,NA,NA,NA,NA,WARNING_SOFT,1,0,0,0,0,TREND_REVERSAL_UNCONFIRMED,1,0.45,LONG,1,0,0,0
SOLUSDT,1774825200000,2026-03-29T23:00:00.000Z,BEAR,LONG,25,13.5,IGNORE,0,WATCH,,0,0,0,NA,NA,NA,NA,NA,CLEAR,1,0,0,0,0,TREND_REVERSAL_UNCONFIRMED,1,0.45,LONG,1,0,0,0
SOLUSDT,1774828800000,2026-03-30T00:00:00.000Z,BEAR,LONG,25,13.5,IGNORE,0,WATCH,,0,0,0,NA,NA,NA,NA,NA,WARNING_SOFT,1,0,0,0,0,TREND_REVERSAL_UNCONFIRMED,1,0.45,LONG,1,0,0,0
SOLUSDT,1774832400000,2026-03-30T01:00:00.000Z,NEUTRAL,NONE,0,7.875,IGNORE,0,WATCH,,0,0,0,NA,NA,NA,NA,NA,CLEAR,1,0,0,0,0,TREND_REVERSAL_UNCONFIRMED,0,0.45,NONE,1,0,0,0
SOLUSDT,1774836000000,2026-03-30T02:00:00.000Z,NEUTRAL,NONE,0,7.875,IGNORE,0,WATCH,,0,0,0,NA,NA,NA,NA,NA,CLEAR,1,1,0,0,0,TREND_REVERSAL_UNCONFIRMED,0,0.45,NONE,1,0,0,0
SOLUSDT,1774839600000,2026-03-30T03:00:00.000Z,NEUTRAL,NONE,0,7.875,IGNORE,0,WATCH,,0,0,0,NA,NA,NA,NA,NA,CLEAR,1,0,0,0,0,TREND_REVERSAL_UNCONFIRMED,0,0.45,NONE,1,0,0,0
SOLUSDT,1774843200000,2026-03-30T04:00:00.000Z,NEUTRAL,NONE,0,7.875,IGNORE,0,WATCH,,0,0,0,NA,NA,NA,NA,NA,CLEAR,1,0,0,0,0,TREND_REVERSAL_UNCONFIRMED,0,0.45,NONE,1,0,0,0
SOLUSDT,1774846800000,2026-03-30T05:00:00.000Z,NEUTRAL,NONE,0,7.875,IGNORE,0,WATCH,,0,0,0,NA,NA,NA,NA,NA,CLEAR,1,0,0,0,0,TREND_REVERSAL_UNCONFIRMED,0,0.45,NONE,1,0,0,0
SOLUSDT,1774850400000,2026-03-30T06:00:00.000Z,NEUTRAL,NONE,0,7.875,IGNORE,0,WATCH,,0,0,0,NA,NA,NA,NA,NA,CLEAR,1,0,0,0,0,TREND_REVERSAL_UNCONFIRMED,0,0.45,NONE,1,0,0,0
SOLUSDT,1774854000000,2026-03-30T07:00:00.000Z,NEUTRAL,NONE,0,7.875,IGNORE,0,WATCH,,0,0,0,NA,NA,NA,NA,NA,CLEAR,1,0,0,0,0,TREND_REVERSAL_UNCONFIRMED,0,0.45,NONE,1,0,0,0
SOLUSDT,1774857600000,2026-03-30T08:00:00.000Z,NEUTRAL,NONE,0,7.875,IGNORE,0,WATCH,,0,0,0,NA,NA,NA,NA,NA,CLEAR,1,1,0,0,0,TREND_REVERSAL_UNCONFIRMED,0,0.45,NONE,1,0,0,0
SOLUSDT,1774861200000,2026-03-30T09:00:00.000Z,NEUTRAL,NONE,0,7.875,IGNORE,0,WATCH,,0,0,0,NA,NA,NA,NA,NA,CLEAR,1,0,0,0,0,TREND_REVERSAL_UNCONFIRMED,0,0.45,NONE,1,0,0,0
SOLUSDT,1774864800000,2026-03-30T10:00:00.000Z,BULL,SHORT,17.5,12.909375,IGNORE,0,WATCH,,0,0,0,NA,NA,NA,NA,NA,CLEAR,1,0,0,0,0,TREND_REVERSAL_UNCONFIRMED,1,0.45,SHORT,1,0,0,0
SOLUSDT,1774868400000,2026-03-30T11:00:00.000Z,BULL,SHORT,0,7.875,IGNORE,0,WATCH,,0,0,0,NA,NA,NA,NA,NA,CLEAR,1,0,0,0,0,TREND_REVERSAL_UNCONFIRMED,0,0.45,SHORT,1,0,0,0
SOLUSDT,1774872000000,2026-03-30T12:00:00.000Z,BULL,SHORT,0,7.875,IGNORE,0,WATCH,,0,0,0,NA,NA,NA,NA,NA,CLEAR,1,0,0,0,0,TREND_REVERSAL_UNCONFIRMED,0,0.45,SHORT,1,0,0,0
SOLUSDT,1774875600000,2026-03-30T13:00:00.000Z,BULL,SHORT,14.262258737278584,12.654402875560688,IGNORE,0,WATCH,,0,0,0,NA,NA,NA,NA,NA,CLEAR,1,0,0,0,0,TREND_REVERSAL_UNCONFIRMED,1,0.45,SHORT,1,0,0,0
SOLUSDT,1774879200000,2026-03-30T14:00:00.000Z,BULL,SHORT,20.407614199260145,13.138349618191736,IGNORE,0,WATCH,,0,0,0,NA,NA,NA,NA,NA,CLEAR,1,0,0,0,0,TREND_REVERSAL_UNCONFIRMED,1,0.45,SHORT,1,0,0,0
SOLUSDT,1774882800000,2026-03-30T15:00:00.000Z,BULL,SHORT,0,7.875,IGNORE,0,WATCH,,0,0,0,NA,NA,NA,NA,NA,CLEAR,1,0,0,0,0,TREND_REVERSAL_UNCONFIRMED,0,0.45,SHORT,1,0,0,0
SOLUSDT,1774886400000,2026-03-30T16:00:00.000Z,BULL,SHORT,17.5,12.909375,IGNORE,0,WATCH,,0,0,0,NA,NA,NA,NA,NA,CLEAR,1,0,0,0,0,TREND_REVERSAL_UNCONFIRMED,1,0.45,SHORT,1,0,0,0
SOLUSDT,1774890000000,2026-03-30T17:00:00.000Z,NEUTRAL,NONE,0,7.875,IGNORE,0,WATCH,,0,0,0,NA,NA,NA,NA,NA,BLOCK,0,0,0,0,0,TREND_REVERSAL_UNCONFIRMED,0,0.45,NONE,1,0,0,0
SOLUSDT,1774893600000,2026-03-30T18:00:00.000Z,NEUTRAL,NONE,0,7.875,IGNORE,0,WATCH,,0,0,0,NA,NA,NA,NA,NA,BLOCK,0,0,0,0,0,TREND_REVERSAL_UNCONFIRMED,0,0.45,NONE,1,0,0,0
SOLUSDT,1774897200000,2026-03-30T19:00:00.000Z,NEUTRAL,NONE,0,7.875,IGNORE,0,WATCH,,0,0,0,NA,NA,NA,NA,NA,BLOCK,0,0,0,0,0,TREND_REVERSAL_UNCONFIRMED,0,0.45,NONE,1,0,0,0
SOLUSDT,1774900800000,2026-03-30T20:00:00.000Z,NEUTRAL,NONE,0,7.875,IGNORE,0,WATCH,,0,0,0,NA,NA,NA,NA,NA,WARNING_SOFT,1,0,0,0,0,TREND_REVERSAL_UNCONFIRMED,0,0.45,NONE,1,0,0,0
SOLUSDT,1774904400000,2026-03-30T21:00:00.000Z,NEUTRAL,NONE,0,7.875,IGNORE,0,WATCH,,0,0,0,NA,NA,NA,NA,NA,BLOCK,0,0,0,0,0,TREND_REVERSAL_UNCONFIRMED,0,0.45,NONE,1,0,0,0
SOLUSDT,1774908000000,2026-03-30T22:00:00.000Z,NEUTRAL,NONE,0,7.875,IGNORE,0,WATCH,,0,0,0,NA,NA,NA,NA,NA,WARNING_SOFT,1,0,0,0,0,TREND_REVERSAL_UNCONFIRMED,0,0.45,NONE,1,0,0,0
SOLUSDT,1774911600000,2026-03-30T23:00:00.000Z,NEUTRAL,NONE,0,7.875,IGNORE,0,WATCH,,0,0,0,NA,NA,NA,NA,NA,WARNING_SOFT,1,0,0,0,0,TREND_REVERSAL_UNCONFIRMED,0,0.45,NONE,1,0,0,0
SOLUSDT,1774915200000,2026-03-31T00:00:00.000Z,BEAR,LONG,17.5,12.909375,IGNORE,0,WATCH,,0,0,0,NA,NA,NA,NA,NA,CLEAR,1,0,0,0,0,TREND_REVERSAL_UNCONFIRMED,1,0.45,LONG,1,0,0,0
SOLUSDT,1774918800000,2026-03-31T01:00:00.000Z,BULL,SHORT,64.85304281200973,53.52839729336543,WATCH,1,WATCH,ACTIVE,1,1,0,PASS,PASS,SKIP,SKIP,FAIL,WARNING_SOFT,1,0,0,0,0,MARKET_CONTEXT_DENIED,3,0.84,SHORT,0,1,0,0
SOLUSDT,1774922400000,2026-03-31T02:00:00.000Z,BULL,SHORT,17.5,12.909375,IGNORE,0,WATCH,,0,0,0,NA,NA,NA,NA,NA,CLEAR,1,0,0,0,0,TREND_REVERSAL_UNCONFIRMED,1,0.45,SHORT,1,0,0,0
SOLUSDT,1774926000000,2026-03-31T03:00:00.000Z,BULL,SHORT,17.5,12.909375,IGNORE,0,WATCH,,0,0,0,NA,NA,NA,NA,NA,CLEAR,1,0,0,0,0,TREND_REVERSAL_UNCONFIRMED,1,0.45,SHORT,1,0,0,0
SOLUSDT,1774929600000,2026-03-31T04:00:00.000Z,BULL,SHORT,0,7.875,IGNORE,0,WATCH,,0,0,0,NA,NA,NA,NA,NA,CLEAR,1,0,0,0,0,TREND_REVERSAL_UNCONFIRMED,0,0.45,SHORT,1,0,0,0
SOLUSDT,1774933200000,2026-03-31T05:00:00.000Z,BULL,SHORT,0,7.875,IGNORE,0,WATCH,,0,0,0,NA,NA,NA,NA,NA,WARNING_SOFT,1,0,0,0,0,TREND_REVERSAL_UNCONFIRMED,0,0.45,SHORT,1,0,0,0
SOLUSDT,1774936800000,2026-03-31T06:00:00.000Z,BULL,SHORT,0,7.875,IGNORE,0,WATCH,,0,0,0,NA,NA,NA,NA,NA,WARNING_SOFT,1,0,0,0,0,TREND_REVERSAL_UNCONFIRMED,0,0.45,SHORT,1,0,0,0
SOLUSDT,1774940400000,2026-03-31T07:00:00.000Z,NEUTRAL,NONE,0,7.875,IGNORE,0,WATCH,,0,0,0,NA,NA,NA,NA,NA,BLOCK,0,0,0,0,0,TREND_REVERSAL_UNCONFIRMED,0,0.45,NONE,1,0,0,0
SOLUSDT,1774944000000,2026-03-31T08:00:00.000Z,BEAR,LONG,17.5,12.909375,IGNORE,0,WATCH,,0,0,0,NA,NA,NA,NA,NA,CLEAR,1,0,0,0,0,TREND_REVERSAL_UNCONFIRMED,1,0.45,LONG,1,0,0,0
SOLUSDT,1774947600000,2026-03-31T09:00:00.000Z,BEAR,LONG,42.5,18.534375,IGNORE,0,WATCH,,0,0,0,NA,NA,NA,NA,NA,CLEAR,1,0,1,0,0,TREND_REVERSAL_UNCONFIRMED,2,0.45,LONG,1,0,0,0
SOLUSDT,1774951200000,2026-03-31T10:00:00.000Z,BEAR,LONG,36.01948472312952,18.02403442194645,IGNORE,0,WATCH,,0,0,0,NA,NA,NA,NA,NA,CLEAR,1,0,1,0,0,TREND_REVERSAL_UNCONFIRMED,2,0.45,LONG,1,0,0,0
SOLUSDT,1774954800000,2026-03-31T11:00:00.000Z,BEAR,LONG,41.449736840798,18.451666776212843,IGNORE,0,WATCH,,0,0,0,NA,NA,NA,NA,NA,CLEAR,1,0,0,0,0,TREND_REVERSAL_UNCONFIRMED,2,0.45,LONG,1,0,0,0
SOLUSDT,1774958400000,2026-03-31T12:00:00.000Z,BEAR,LONG,25,13.5,IGNORE,0,WATCH,,0,0,0,NA,NA,NA,NA,NA,CLEAR,1,0,0,0,0,TREND_REVERSAL_UNCONFIRMED,1,0.45,LONG,1,0,0,0
SOLUSDT,1774962000000,2026-03-31T13:00:00.000Z,BEAR,LONG,16.84246172663766,12.857593860972717,IGNORE,0,WATCH,,0,0,0,NA,NA,NA,NA,NA,CLEAR,1,0,0,0,0,TREND_REVERSAL_UNCONFIRMED,1,0.45,LONG,1,0,0,0
SOLUSDT,1774965600000,2026-03-31T14:00:00.000Z,BEAR,LONG,25,13.5,IGNORE,0,WATCH,,0,0,0,NA,NA,NA,NA,NA,WARNING_SOFT,1,0,0,0,0,TREND_REVERSAL_UNCONFIRMED,1,0.45,LONG,1,0,0,0
SOLUSDT,1774969200000,2026-03-31T15:00:00.000Z,BEAR,LONG,17.431962299306473,12.904017031070385,IGNORE,0,WATCH,,0,0,0,NA,NA,NA,NA,NA,CLEAR,1,0,0,0,0,TREND_REVERSAL_UNCONFIRMED,1,0.45,LONG,1,0,0,0
SOLUSDT,1774972800000,2026-03-31T16:00:00.000Z,NEUTRAL,NONE,0,7.875,IGNORE,0,WATCH,,0,0,0,NA,NA,NA,NA,NA,WARNING_SOFT,1,0,0,0,0,TREND_REVERSAL_UNCONFIRMED,0,0.45,NONE,1,0,0,0
SOLUSDT,1774976400000,2026-03-31T17:00:00.000Z,NEUTRAL,NONE,0,7.875,IGNORE,0,WATCH,,0,0,0,NA,NA,NA,NA,NA,CLEAR,1,0,0,0,0,TREND_REVERSAL_UNCONFIRMED,0,0.45,NONE,1,0,0,0
SOLUSDT,1774980000000,2026-03-31T18:00:00.000Z,NEUTRAL,NONE,0,7.875,IGNORE,0,WATCH,,0,0,0,NA,NA,NA,NA,NA,CLEAR,1,0,0,0,0,TREND_REVERSAL_UNCONFIRMED,0,0.45,NONE,1,0,0,0
SOLUSDT,1774983600000,2026-03-31T19:00:00.000Z,NEUTRAL,NONE,0,7.875,IGNORE,0,WATCH,,0,0,0,NA,NA,NA,NA,NA,CLEAR,1,0,0,0,0,TREND_REVERSAL_UNCONFIRMED,0,0.45,NONE,1,0,0,0
SOLUSDT,1774987200000,2026-03-31T20:00:00.000Z,NEUTRAL,NONE,0,7.875,IGNORE,0,WATCH,,0,0,0,NA,NA,NA,NA,NA,CLEAR,1,0,0,0,0,TREND_REVERSAL_UNCONFIRMED,0,0.45,NONE,1,0,0,0
SOLUSDT,1774990800000,2026-03-31T21:00:00.000Z,NEUTRAL,NONE,0,7.875,IGNORE,0,WATCH,,0,0,0,NA,NA,NA,NA,NA,CLEAR,1,0,0,0,0,TREND_REVERSAL_UNCONFIRMED,0,0.45,NONE,1,0,0,0
SOLUSDT,1774994400000,2026-03-31T22:00:00.000Z,NEUTRAL,NONE,0,7.875,IGNORE,0,WATCH,,0,0,0,NA,NA,NA,NA,NA,CLEAR,1,0,0,0,0,TREND_REVERSAL_UNCONFIRMED,0,0.45,NONE,1,0,0,0
SOLUSDT,1774998000000,2026-03-31T23:00:00.000Z,NEUTRAL,NONE,0,7.875,IGNORE,0,WATCH,,0,0,0,NA,NA,NA,NA,NA,CLEAR,1,0,0,0,0,TREND_REVERSAL_UNCONFIRMED,0,0.45,NONE,1,0,0,0
SOLUSDT,1775001600000,2026-04-01T00:00:00.000Z,NEUTRAL,NONE,0,7.875,IGNORE,0,WATCH,,0,0,0,NA,NA,NA,NA,NA,CLEAR,1,0,0,0,0,TREND_REVERSAL_UNCONFIRMED,0,0.45,NONE,1,0,0,0
SOLUSDT,1775005200000,2026-04-01T01:00:00.000Z,NEUTRAL,NONE,0,7.875,IGNORE,0,WATCH,,0,0,0,NA,NA,NA,NA,NA,CLEAR,1,0,0,0,0,TREND_REVERSAL_UNCONFIRMED,0,0.45,NONE,1,0,0,0
SOLUSDT,1775008800000,2026-04-01T02:00:00.000Z,NEUTRAL,NONE,0,7.875,IGNORE,0,WATCH,,0,0,0,NA,NA,NA,NA,NA,WARNING_SOFT,1,0,0,0,0,TREND_REVERSAL_UNCONFIRMED,0,0.45,NONE,1,0,0,0
SOLUSDT,1775012400000,2026-04-01T03:00:00.000Z,NEUTRAL,NONE,0,7.875,IGNORE,0,WATCH,,0,0,0,NA,NA,NA,NA,NA,CLEAR,1,0,0,0,0,TREND_REVERSAL_UNCONFIRMED,0,0.45,NONE,1,0,0,0
SOLUSDT,1775016000000,2026-04-01T04:00:00.000Z,NEUTRAL,NONE,0,7.875,IGNORE,0,WATCH,,0,0,0,NA,NA,NA,NA,NA,CLEAR,1,0,0,0,0,TREND_REVERSAL_UNCONFIRMED,0,0.45,NONE,1,0,0,0
SOLUSDT,1775019600000,2026-04-01T05:00:00.000Z,BULL,SHORT,0,7.875,IGNORE,0,WATCH,,0,0,0,NA,NA,NA,NA,NA,CLEAR,1,0,0,0,0,TREND_REVERSAL_UNCONFIRMED,0,0.45,SHORT,1,0,0,0
SOLUSDT,1775023200000,2026-04-01T06:00:00.000Z,BULL,SHORT,0,7.875,IGNORE,0,WATCH,,0,0,0,NA,NA,NA,NA,NA,CLEAR,1,0,0,0,0,TREND_REVERSAL_UNCONFIRMED,0,0.45,SHORT,1,0,0,0
SOLUSDT,1775026800000,2026-04-01T07:00:00.000Z,BULL,SHORT,25,13.5,IGNORE,0,WATCH,,0,0,0,NA,NA,NA,NA,NA,CLEAR,1,0,0,0,0,TREND_REVERSAL_UNCONFIRMED,1,0.45,SHORT,1,0,0,0
SOLUSDT,1775030400000,2026-04-01T08:00:00.000Z,BULL,SHORT,0,7.875,IGNORE,0,WATCH,,0,0,0,NA,NA,NA,NA,NA,CLEAR,1,0,0,0,0,TREND_REVERSAL_UNCONFIRMED,0,0.45,SHORT,1,0,0,0
SOLUSDT,1775034000000,2026-04-01T09:00:00.000Z,BULL,SHORT,0,7.875,IGNORE,0,WATCH,,0,0,0,NA,NA,NA,NA,NA,WARNING_SOFT,1,0,0,0,0,TREND_REVERSAL_UNCONFIRMED,0,0.45,SHORT,1,0,0,0
SOLUSDT,1775037600000,2026-04-01T10:00:00.000Z,BULL,SHORT,0,7.875,IGNORE,0,WATCH,,0,0,0,NA,NA,NA,NA,NA,WARNING_SOFT,1,0,0,0,0,TREND_REVERSAL_UNCONFIRMED,0,0.45,SHORT,1,0,0,0
SOLUSDT,1775041200000,2026-04-01T11:00:00.000Z,BULL,SHORT,0,7.875,IGNORE,0,WATCH,,0,0,0,NA,NA,NA,NA,NA,WARNING_SOFT,1,0,0,0,0,TREND_REVERSAL_UNCONFIRMED,0,0.45,SHORT,1,0,0,0
SOLUSDT,1775044800000,2026-04-01T12:00:00.000Z,NEUTRAL,NONE,0,7.875,IGNORE,0,WATCH,,0,0,0,NA,NA,NA,NA,NA,WARNING_SOFT,1,0,0,0,0,TREND_REVERSAL_UNCONFIRMED,0,0.45,NONE,1,0,0,0
SOLUSDT,1775048400000,2026-04-01T13:00:00.000Z,NEUTRAL,NONE,0,7.875,IGNORE,0,WATCH,,0,0,0,NA,NA,NA,NA,NA,WARNING_SOFT,1,0,0,0,0,TREND_REVERSAL_UNCONFIRMED,0,0.45,NONE,1,0,0,0
SOLUSDT,1775052000000,2026-04-01T14:00:00.000Z,BULL,SHORT,15.23032007766584,12.730637706116186,IGNORE,0,WATCH,,0,0,0,NA,NA,NA,NA,NA,WARNING_SOFT,1,0,0,0,0,TREND_REVERSAL_UNCONFIRMED,1,0.45,SHORT,1,0,0,0
SOLUSDT,1775055600000,2026-04-01T15:00:00.000Z,BULL,SHORT,0,7.875,IGNORE,0,WATCH,,0,0,0,NA,NA,NA,NA,NA,CLEAR,1,0,0,0,0,TREND_REVERSAL_UNCONFIRMED,0,0.45,SHORT,1,0,0,0
SOLUSDT,1775059200000,2026-04-01T16:00:00.000Z,BULL,SHORT,25,13.5,IGNORE,0,WATCH,,0,0,0,NA,NA,NA,NA,NA,CLEAR,1,1,0,0,0,TREND_REVERSAL_UNCONFIRMED,1,0.45,SHORT,1,0,0,0
SOLUSDT,1775062800000,2026-04-01T17:00:00.000Z,BULL,SHORT,25,13.5,IGNORE,0,WATCH,,0,0,0,NA,NA,NA,NA,NA,WARNING_HARD,1,0,0,0,0,TREND_REVERSAL_UNCONFIRMED,1,0.45,SHORT,1,0,0,0
SOLUSDT,1775066400000,2026-04-01T18:00:00.000Z,BULL,SHORT,18.703594510078997,13.00415806766872,IGNORE,0,WATCH,,0,0,0,NA,NA,NA,NA,NA,WARNING_HARD,1,0,0,0,0,TREND_REVERSAL_UNCONFIRMED,1,0.45,SHORT,1,0,0,0
SOLUSDT,1775070000000,2026-04-01T19:00:00.000Z,BULL,SHORT,0,7.875,IGNORE,0,WATCH,,0,0,0,NA,NA,NA,NA,NA,WARNING_SOFT,1,0,0,0,0,TREND_REVERSAL_UNCONFIRMED,0,0.45,SHORT,1,0,0,0
SOLUSDT,1775073600000,2026-04-01T20:00:00.000Z,NEUTRAL,NONE,0,7.875,IGNORE,0,WATCH,,0,0,0,NA,NA,NA,NA,NA,BLOCK,0,0,0,0,0,TREND_REVERSAL_UNCONFIRMED,0,0.45,NONE,1,0,0,0
SOLUSDT,1775077200000,2026-04-01T21:00:00.000Z,NEUTRAL,NONE,0,7.875,IGNORE,0,WATCH,,0,0,0,NA,NA,NA,NA,NA,WARNING_SOFT,1,0,0,0,0,TREND_REVERSAL_UNCONFIRMED,0,0.45,NONE,1,0,0,0
SOLUSDT,1775080800000,2026-04-01T22:00:00.000Z,NEUTRAL,NONE,0,7.875,IGNORE,0,WATCH,,0,0,0,NA,NA,NA,NA,NA,BLOCK,0,0,1,0,0,TREND_REVERSAL_UNCONFIRMED,0,0.45,NONE,1,0,0,0
SOLUSDT,1775084400000,2026-04-01T23:00:00.000Z,BEAR,LONG,0,7.875,IGNORE,0,WATCH,,0,0,0,NA,NA,NA,NA,NA,CLEAR,1,0,0,0,0,TREND_REVERSAL_UNCONFIRMED,0,0.45,LONG,1,0,0,0
SOLUSDT,1775088000000,2026-04-02T00:00:00.000Z,BEAR,LONG,25,13.5,IGNORE,0,WATCH,,0,0,0,NA,NA,NA,NA,NA,CLEAR,1,0,0,0,0,TREND_REVERSAL_UNCONFIRMED,1,0.45,LONG,1,0,0,0
SOLUSDT,1775091600000,2026-04-02T01:00:00.000Z,BEAR,LONG,25,13.5,IGNORE,0,WATCH,,0,0,0,NA,NA,NA,NA,NA,CLEAR,1,0,0,0,0,TREND_REVERSAL_UNCONFIRMED,1,0.45,LONG,1,0,0,0
SOLUSDT,1775095200000,2026-04-02T02:00:00.000Z,BEAR,LONG,28.39659527998566,17.42373187829887,IGNORE,0,WATCH,,0,0,0,NA,NA,NA,NA,NA,CLEAR,1,0,0,0,0,TREND_REVERSAL_UNCONFIRMED,2,0.45,LONG,1,0,0,0
SOLUSDT,1775098800000,2026-04-02T03:00:00.000Z,BEAR,LONG,12.847222222222221,12.54296875,IGNORE,0,WATCH,,0,0,0,NA,NA,NA,NA,NA,CLEAR,1,0,0,0,0,TREND_REVERSAL_UNCONFIRMED,1,0.45,LONG,1,0,0,0
SOLUSDT,1775102400000,2026-04-02T04:00:00.000Z,BEAR,LONG,16.319444444444443,12.81640625,IGNORE,0,WATCH,,0,0,0,NA,NA,NA,NA,NA,CLEAR,1,0,0,0,0,TREND_REVERSAL_UNCONFIRMED,1,0.45,LONG,1,0,0,0
SOLUSDT,1775106000000,2026-04-02T05:00:00.000Z,BEAR,LONG,25,13.5,IGNORE,0,WATCH,,0,0,0,NA,NA,NA,NA,NA,CLEAR,1,0,0,0,0,TREND_REVERSAL_UNCONFIRMED,1,0.45,LONG,1,0,0,0
SOLUSDT,1775109600000,2026-04-02T06:00:00.000Z,BEAR,LONG,0,7.875,IGNORE,0,WATCH,,0,0,0,NA,NA,NA,NA,NA,CLEAR,1,0,0,0,0,TREND_REVERSAL_UNCONFIRMED,0,0.45,LONG,1,0,0,0
SOLUSDT,1775113200000,2026-04-02T07:00:00.000Z,BEAR,LONG,0,7.875,IGNORE,0,WATCH,,0,0,0,NA,NA,NA,NA,NA,CLEAR,1,0,0,0,0,TREND_REVERSAL_UNCONFIRMED,0,0.45,LONG,1,0,0,0
SOLUSDT,1775116800000,2026-04-02T08:00:00.000Z,BEAR,LONG,0,7.875,IGNORE,0,WATCH,,0,0,0,NA,NA,NA,NA,NA,CLEAR,1,0,0,0,0,TREND_REVERSAL_UNCONFIRMED,0,0.45,LONG,1,0,0,0
SOLUSDT,1775120400000,2026-04-02T09:00:00.000Z,BEAR,LONG,0,7.875,IGNORE,0,WATCH,,0,0,0,NA,NA,NA,NA,NA,CLEAR,1,0,0,0,0,TREND_REVERSAL_UNCONFIRMED,0,0.45,LONG,1,0,0,0
SOLUSDT,1775124000000,2026-04-02T10:00:00.000Z,BEAR,LONG,0,7.875,IGNORE,0,WATCH,,0,0,0,NA,NA,NA,NA,NA,CLEAR,1,0,0,0,0,TREND_REVERSAL_UNCONFIRMED,0,0.45,LONG,1,0,0,0
SOLUSDT,1775127600000,2026-04-02T11:00:00.000Z,BEAR,LONG,12.847222222222221,12.54296875,IGNORE,0,WATCH,,0,0,0,NA,NA,NA,NA,NA,CLEAR,1,0,0,0,0,TREND_REVERSAL_UNCONFIRMED,1,0.45,LONG,1,0,0,0
SOLUSDT,1775131200000,2026-04-02T12:00:00.000Z,BEAR,LONG,0,7.875,IGNORE,0,WATCH,,0,0,0,NA,NA,NA,NA,NA,CLEAR,1,0,0,0,0,TREND_REVERSAL_UNCONFIRMED,0,0.45,LONG,1,0,0,0
SOLUSDT,1775134800000,2026-04-02T13:00:00.000Z,BEAR,LONG,24.934161283966837,13.49481520111239,IGNORE,0,WATCH,,0,0,0,NA,NA,NA,NA,NA,CLEAR,1,0,1,0,0,TREND_REVERSAL_UNCONFIRMED,1,0.45,LONG,1,0,0,0
SOLUSDT,1775138400000,2026-04-02T14:00:00.000Z,BEAR,LONG,50,19.125,IGNORE,0,WATCH,,0,0,0,NA,NA,NA,NA,NA,CLEAR,1,0,0,0,0,TREND_REVERSAL_UNCONFIRMED,2,0.45,LONG,1,0,0,0
SOLUSDT,1775142000000,2026-04-02T15:00:00.000Z,BEAR,LONG,0,7.875,IGNORE,0,WATCH,,0,0,0,NA,NA,NA,NA,NA,CLEAR,1,0,0,0,0,TREND_REVERSAL_UNCONFIRMED,0,0.45,LONG,1,0,0,0
SOLUSDT,1775145600000,2026-04-02T16:00:00.000Z,BEAR,LONG,0,7.875,IGNORE,0,WATCH,,0,0,0,NA,NA,NA,NA,NA,WARNING_SOFT,1,0,0,0,0,TREND_REVERSAL_UNCONFIRMED,0,0.45,LONG,1,0,0,0
SOLUSDT,1775149200000,2026-04-02T17:00:00.000Z,BEAR,LONG,0,7.875,IGNORE,0,WATCH,,0,0,0,NA,NA,NA,NA,NA,WARNING_SOFT,1,0,0,0,0,TREND_REVERSAL_UNCONFIRMED,0,0.45,LONG,1,0,0,0
SOLUSDT,1775152800000,2026-04-02T18:00:00.000Z,BEAR,LONG,0,7.875,IGNORE,0,WATCH,,0,0,0,NA,NA,NA,NA,NA,CLEAR,1,0,0,0,0,TREND_REVERSAL_UNCONFIRMED,0,0.45,LONG,1,0,0,0
SOLUSDT,1775156400000,2026-04-02T19:00:00.000Z,BEAR,LONG,0,7.875,IGNORE,0,WATCH,,0,0,0,NA,NA,NA,NA,NA,WARNING_SOFT,1,0,0,0,0,TREND_REVERSAL_UNCONFIRMED,0,0.45,LONG,1,0,0,0
SOLUSDT,1775160000000,2026-04-02T20:00:00.000Z,BEAR,LONG,0,7.875,IGNORE,0,WATCH,,0,0,0,NA,NA,NA,NA,NA,WARNING_SOFT,1,0,0,0,0,TREND_REVERSAL_UNCONFIRMED,0,0.45,LONG,1,0,0,0
SOLUSDT,1775163600000,2026-04-02T21:00:00.000Z,BEAR,LONG,0,7.875,IGNORE,0,WATCH,,0,0,0,NA,NA,NA,NA,NA,WARNING_SOFT,1,0,0,0,0,TREND_REVERSAL_UNCONFIRMED,0,0.45,LONG,1,0,0,0
SOLUSDT,1775167200000,2026-04-02T22:00:00.000Z,BEAR,LONG,0,7.875,IGNORE,0,WATCH,,0,0,0,NA,NA,NA,NA,NA,WARNING_SOFT,1,0,0,0,0,TREND_REVERSAL_UNCONFIRMED,0,0.45,LONG,1,0,0,0
SOLUSDT,1775170800000,2026-04-02T23:00:00.000Z,BEAR,LONG,0,7.875,IGNORE,0,WATCH,,0,0,0,NA,NA,NA,NA,NA,CLEAR,1,0,0,0,0,TREND_REVERSAL_UNCONFIRMED,0,0.45,LONG,1,0,0,0
SOLUSDT,1775174400000,2026-04-03T00:00:00.000Z,BEAR,LONG,0,7.875,IGNORE,0,WATCH,,0,0,0,NA,NA,NA,NA,NA,WARNING_SOFT,1,0,0,0,0,TREND_REVERSAL_UNCONFIRMED,0,0.45,LONG,1,0,0,0
SOLUSDT,1775178000000,2026-04-03T01:00:00.000Z,BEAR,LONG,0,7.875,IGNORE,0,WATCH,,0,0,0,NA,NA,NA,NA,NA,WARNING_SOFT,1,0,0,0,0,TREND_REVERSAL_UNCONFIRMED,0,0.45,LONG,1,0,0,0
SOLUSDT,1775181600000,2026-04-03T02:00:00.000Z,NEUTRAL,NONE,0,7.875,IGNORE,0,WATCH,,0,0,0,NA,NA,NA,NA,NA,WARNING_HARD,1,0,0,0,0,TREND_REVERSAL_UNCONFIRMED,0,0.45,NONE,1,0,0,0
SOLUSDT,1775185200000,2026-04-03T03:00:00.000Z,BEAR,LONG,0,7.875,IGNORE,0,WATCH,,0,0,0,NA,NA,NA,NA,NA,WARNING_SOFT,1,0,0,0,0,TREND_REVERSAL_UNCONFIRMED,0,0.45,LONG,1,0,0,0
SOLUSDT,1775188800000,2026-04-03T04:00:00.000Z,NEUTRAL,NONE,0,7.875,IGNORE,0,WATCH,,0,0,0,NA,NA,NA,NA,NA,BLOCK,0,0,0,0,0,TREND_REVERSAL_UNCONFIRMED,0,0.45,NONE,1,0,0,0
SOLUSDT,1775192400000,2026-04-03T05:00:00.000Z,NEUTRAL,NONE,0,7.875,IGNORE,0,WATCH,,0,0,0,NA,NA,NA,NA,NA,WARNING_SOFT,1,0,0,0,0,TREND_REVERSAL_UNCONFIRMED,0,0.45,NONE,1,0,0,0
SOLUSDT,1775196000000,2026-04-03T06:00:00.000Z,NEUTRAL,NONE,0,7.875,IGNORE,0,WATCH,,0,0,0,NA,NA,NA,NA,NA,WARNING_SOFT,1,0,0,0,0,TREND_REVERSAL_UNCONFIRMED,0,0.45,NONE,1,0,0,0
SOLUSDT,1775199600000,2026-04-03T07:00:00.000Z,NEUTRAL,NONE,0,7.875,IGNORE,0,WATCH,,0,0,0,NA,NA,NA,NA,NA,CLEAR,1,0,0,0,0,TREND_REVERSAL_UNCONFIRMED,0,0.45,NONE,1,0,0,0
SOLUSDT,1775203200000,2026-04-03T08:00:00.000Z,NEUTRAL,NONE,0,7.875,IGNORE,0,WATCH,,0,0,0,NA,NA,NA,NA,NA,CLEAR,1,0,0,0,0,TREND_REVERSAL_UNCONFIRMED,0,0.45,NONE,1,0,0,0
SOLUSDT,1775206800000,2026-04-03T09:00:00.000Z,NEUTRAL,NONE,0,7.875,IGNORE,0,WATCH,,0,0,0,NA,NA,NA,NA,NA,CLEAR,1,0,0,0,0,TREND_REVERSAL_UNCONFIRMED,0,0.45,NONE,1,0,0,0
SOLUSDT,1775210400000,2026-04-03T10:00:00.000Z,NEUTRAL,NONE,0,7.875,IGNORE,0,WATCH,,0,0,0,NA,NA,NA,NA,NA,CLEAR,1,0,0,0,0,TREND_REVERSAL_UNCONFIRMED,0,0.45,NONE,1,0,0,0
SOLUSDT,1775214000000,2026-04-03T11:00:00.000Z,NEUTRAL,NONE,0,7.875,IGNORE,0,WATCH,,0,0,0,NA,NA,NA,NA,NA,CLEAR,1,0,0,0,0,TREND_REVERSAL_UNCONFIRMED,0,0.45,NONE,1,0,0,0
SOLUSDT,1775217600000,2026-04-03T12:00:00.000Z,BEAR,LONG,25,13.5,IGNORE,0,WATCH,,0,0,0,NA,NA,NA,NA,NA,WARNING_SOFT,1,0,0,0,0,TREND_REVERSAL_UNCONFIRMED,1,0.45,LONG,1,0,0,0
SOLUSDT,1775221200000,2026-04-03T13:00:00.000Z,NEUTRAL,NONE,0,7.875,IGNORE,0,WATCH,,0,0,0,NA,NA,NA,NA,NA,BLOCK,0,0,0,0,0,TREND_REVERSAL_UNCONFIRMED,0,0.45,NONE,1,0,0,0
SOLUSDT,1775224800000,2026-04-03T14:00:00.000Z,NEUTRAL,NONE,0,7.875,IGNORE,0,WATCH,,0,0,0,NA,NA,NA,NA,NA,CLEAR,1,0,0,0,0,TREND_REVERSAL_UNCONFIRMED,0,0.45,NONE,1,0,0,0
SOLUSDT,1775228400000,2026-04-03T15:00:00.000Z,NEUTRAL,NONE,0,7.875,IGNORE,0,WATCH,,0,0,0,NA,NA,NA,NA,NA,CLEAR,1,0,0,0,0,TREND_REVERSAL_UNCONFIRMED,0,0.45,NONE,1,0,0,0
SOLUSDT,1775232000000,2026-04-03T16:00:00.000Z,NEUTRAL,NONE,0,7.875,IGNORE,0,WATCH,,0,0,0,NA,NA,NA,NA,NA,CLEAR,1,0,0,0,0,TREND_REVERSAL_UNCONFIRMED,0,0.45,NONE,1,0,0,0
SOLUSDT,1775235600000,2026-04-03T17:00:00.000Z,NEUTRAL,NONE,0,7.875,IGNORE,0,WATCH,,0,0,0,NA,NA,NA,NA,NA,WARNING_SOFT,1,0,0,0,0,TREND_REVERSAL_UNCONFIRMED,0,0.45,NONE,1,0,0,0
SOLUSDT,1775239200000,2026-04-03T18:00:00.000Z,NEUTRAL,NONE,0,7.875,IGNORE,0,WATCH,,0,0,0,NA,NA,NA,NA,NA,WARNING_SOFT,1,0,0,0,0,TREND_REVERSAL_UNCONFIRMED,0,0.45,NONE,1,0,0,0
SOLUSDT,1775242800000,2026-04-03T19:00:00.000Z,NEUTRAL,NONE,0,7.875,IGNORE,0,WATCH,,0,0,0,NA,NA,NA,NA,NA,CLEAR,1,0,0,0,0,TREND_REVERSAL_UNCONFIRMED,0,0.45,NONE,1,0,0,0
SOLUSDT,1775246400000,2026-04-03T20:00:00.000Z,NEUTRAL,NONE,0,7.875,IGNORE,0,WATCH,,0,0,0,NA,NA,NA,NA,NA,WARNING_SOFT,1,0,0,0,0,TREND_REVERSAL_UNCONFIRMED,0,0.45,NONE,1,0,0,0
SOLUSDT,1775250000000,2026-04-03T21:00:00.000Z,NEUTRAL,NONE,0,7.875,IGNORE,0,WATCH,,0,0,0,NA,NA,NA,NA,NA,CLEAR,1,0,0,0,0,TREND_REVERSAL_UNCONFIRMED,0,0.45,NONE,1,0,0,0
SOLUSDT,1775253600000,2026-04-03T22:00:00.000Z,NEUTRAL,NONE,0,7.875,IGNORE,0,WATCH,,0,0,0,NA,NA,NA,NA,NA,CLEAR,1,0,0,0,0,TREND_REVERSAL_UNCONFIRMED,0,0.45,NONE,1,0,0,0
SOLUSDT,1775257200000,2026-04-03T23:00:00.000Z,NEUTRAL,NONE,0,7.875,IGNORE,0,WATCH,,0,0,0,NA,NA,NA,NA,NA,CLEAR,1,0,0,0,0,TREND_REVERSAL_UNCONFIRMED,0,0.45,NONE,1,0,0,0
SOLUSDT,1775260800000,2026-04-04T00:00:00.000Z,NEUTRAL,NONE,0,7.875,IGNORE,0,WATCH,,0,0,0,NA,NA,NA,NA,NA,CLEAR,1,0,0,0,0,TREND_REVERSAL_UNCONFIRMED,0,0.45,NONE,1,0,0,0
SOLUSDT,1775264400000,2026-04-04T01:00:00.000Z,NEUTRAL,NONE,0,7.875,IGNORE,0,WATCH,,0,0,0,NA,NA,NA,NA,NA,WARNING_SOFT,1,0,0,0,0,TREND_REVERSAL_UNCONFIRMED,0,0.45,NONE,1,0,0,0
SOLUSDT,1775268000000,2026-04-04T02:00:00.000Z,NEUTRAL,NONE,0,7.875,IGNORE,0,WATCH,,0,0,0,NA,NA,NA,NA,NA,WARNING_SOFT,1,0,0,0,0,TREND_REVERSAL_UNCONFIRMED,0,0.45,NONE,1,0,0,0
SOLUSDT,1775271600000,2026-04-04T03:00:00.000Z,NEUTRAL,NONE,0,7.875,IGNORE,0,WATCH,,0,0,0,NA,NA,NA,NA,NA,WARNING_SOFT,1,0,0,0,0,TREND_REVERSAL_UNCONFIRMED,0,0.45,NONE,1,0,0,0
SOLUSDT,1775275200000,2026-04-04T04:00:00.000Z,NEUTRAL,NONE,0,7.875,IGNORE,0,WATCH,,0,0,0,NA,NA,NA,NA,NA,WARNING_SOFT,1,0,0,0,0,TREND_REVERSAL_UNCONFIRMED,0,0.45,NONE,1,0,0,0
SOLUSDT,1775278800000,2026-04-04T05:00:00.000Z,NEUTRAL,NONE,0,7.875,IGNORE,0,WATCH,,0,0,0,NA,NA,NA,NA,NA,WARNING_SOFT,1,0,0,0,0,TREND_REVERSAL_UNCONFIRMED,0,0.45,NONE,1,0,0,0
SOLUSDT,1775282400000,2026-04-04T06:00:00.000Z,NEUTRAL,NONE,0,7.875,IGNORE,0,WATCH,,0,0,0,NA,NA,NA,NA,NA,CLEAR,1,0,0,0,0,TREND_REVERSAL_UNCONFIRMED,0,0.45,NONE,1,0,0,0
SOLUSDT,1775286000000,2026-04-04T07:00:00.000Z,NEUTRAL,NONE,0,7.875,IGNORE,0,WATCH,,0,0,0,NA,NA,NA,NA,NA,CLEAR,1,0,0,0,0,TREND_REVERSAL_UNCONFIRMED,0,0.45,NONE,1,0,0,0
SOLUSDT,1775289600000,2026-04-04T08:00:00.000Z,BEAR,LONG,17.5,12.909375,IGNORE,0,WATCH,,0,0,0,NA,NA,NA,NA,NA,WARNING_SOFT,1,0,0,0,0,TREND_REVERSAL_UNCONFIRMED,1,0.45,LONG,1,0,0,0
SOLUSDT,1775293200000,2026-04-04T09:00:00.000Z,BEAR,LONG,42.5,18.534375,IGNORE,0,WATCH,,0,0,0,NA,NA,NA,NA,NA,WARNING_HARD,1,0,0,0,0,TREND_REVERSAL_UNCONFIRMED,2,0.45,LONG,1,0,0,0
SOLUSDT,1775296800000,2026-04-04T10:00:00.000Z,NEUTRAL,NONE,0,7.875,IGNORE,0,WATCH,,0,0,0,NA,NA,NA,NA,NA,WARNING_SOFT,1,0,0,0,0,TREND_REVERSAL_UNCONFIRMED,0,0.45,NONE,1,0,0,0
SOLUSDT,1775300400000,2026-04-04T11:00:00.000Z,NEUTRAL,NONE,0,7.875,IGNORE,0,WATCH,,0,0,0,NA,NA,NA,NA,NA,CLEAR,1,0,0,0,0,TREND_REVERSAL_UNCONFIRMED,0,0.45,NONE,1,0,0,0
SOLUSDT,1775304000000,2026-04-04T12:00:00.000Z,BEAR,LONG,17.5,12.909375,IGNORE,0,WATCH,,0,0,0,NA,NA,NA,NA,NA,WARNING_SOFT,1,0,0,0,0,TREND_REVERSAL_UNCONFIRMED,1,0.45,LONG,1,0,0,0
SOLUSDT,1775307600000,2026-04-04T13:00:00.000Z,BEAR,LONG,31.2576589037462,17.649040638670012,IGNORE,0,WATCH,,0,0,0,NA,NA,NA,NA,NA,WARNING_SOFT,1,0,0,0,0,TREND_REVERSAL_UNCONFIRMED,2,0.45,LONG,1,0,0,0
SOLUSDT,1775311200000,2026-04-04T14:00:00.000Z,NEUTRAL,NONE,0,7.875,IGNORE,0,WATCH,,0,0,0,NA,NA,NA,NA,NA,WARNING_SOFT,1,0,0,0,0,TREND_REVERSAL_UNCONFIRMED,0,0.45,NONE,1,0,0,0
SOLUSDT,1775314800000,2026-04-04T15:00:00.000Z,BULL,SHORT,42.5,18.534375,IGNORE,0,WATCH,,0,0,0,NA,NA,NA,NA,NA,CLEAR,1,0,0,0,0,TREND_REVERSAL_UNCONFIRMED,2,0.45,SHORT,1,0,0,0
SOLUSDT,1775318400000,2026-04-04T16:00:00.000Z,BULL,SHORT,67.5,53.9175,WATCH,1,WATCH,ACTIVE,1,1,0,PASS,PASS,SKIP,SKIP,FAIL,CLEAR,1,0,0,0,0,MARKET_CONTEXT_DENIED,3,0.84,SHORT,0,1,0,0
SOLUSDT,1775322000000,2026-04-04T17:00:00.000Z,BULL,SHORT,17.5,12.909375,IGNORE,0,WATCH,,0,0,0,NA,NA,NA,NA,NA,CLEAR,1,0,0,0,0,TREND_REVERSAL_UNCONFIRMED,1,0.45,SHORT,1,0,0,0
SOLUSDT,1775325600000,2026-04-04T18:00:00.000Z,BULL,SHORT,13.226559628035782,12.572841570707817,IGNORE,0,WATCH,,0,0,0,NA,NA,NA,NA,NA,CLEAR,1,0,0,0,0,TREND_REVERSAL_UNCONFIRMED,1,0.45,SHORT,1,0,0,0
SOLUSDT,1775329200000,2026-04-04T19:00:00.000Z,BULL,SHORT,20.55545293964068,13.149991918996703,IGNORE,0,WATCH,,0,0,0,NA,NA,NA,NA,NA,CLEAR,1,0,0,0,0,TREND_REVERSAL_UNCONFIRMED,1,0.45,SHORT,1,0,0,0
SOLUSDT,1775332800000,2026-04-04T20:00:00.000Z,BULL,SHORT,0,7.875,IGNORE,0,WATCH,,0,0,0,NA,NA,NA,NA,NA,CLEAR,1,0,0,0,0,TREND_REVERSAL_UNCONFIRMED,0,0.45,SHORT,1,0,0,0
SOLUSDT,1775336400000,2026-04-04T21:00:00.000Z,BULL,SHORT,25,13.5,IGNORE,0,WATCH,,0,0,0,NA,NA,NA,NA,NA,CLEAR,1,0,0,0,0,TREND_REVERSAL_UNCONFIRMED,1,0.45,SHORT,1,0,0,0
SOLUSDT,1775340000000,2026-04-04T22:00:00.000Z,BULL,SHORT,0,7.875,IGNORE,0,WATCH,,0,0,0,NA,NA,NA,NA,NA,CLEAR,1,0,0,0,0,TREND_REVERSAL_UNCONFIRMED,0,0.45,SHORT,1,0,0,0
SOLUSDT,1775343600000,2026-04-04T23:00:00.000Z,BULL,SHORT,0,7.875,IGNORE,0,WATCH,,0,0,0,NA,NA,NA,NA,NA,WARNING_SOFT,1,0,0,0,0,TREND_REVERSAL_UNCONFIRMED,0,0.45,SHORT,1,0,0,0
SOLUSDT,1775347200000,2026-04-05T00:00:00.000Z,BULL,SHORT,0,7.875,IGNORE,0,WATCH,,0,0,0,NA,NA,NA,NA,NA,CLEAR,1,0,0,0,0,TREND_REVERSAL_UNCONFIRMED,0,0.45,SHORT,1,0,0,0
SOLUSDT,1775350800000,2026-04-05T01:00:00.000Z,NEUTRAL,NONE,0,7.875,IGNORE,0,WATCH,,0,0,0,NA,NA,NA,NA,NA,WARNING_SOFT,1,0,0,0,0,TREND_REVERSAL_UNCONFIRMED,0,0.45,NONE,1,0,0,0
SOLUSDT,1775354400000,2026-04-05T02:00:00.000Z,NEUTRAL,NONE,0,7.875,IGNORE,0,WATCH,,0,0,0,NA,NA,NA,NA,NA,WARNING_SOFT,1,0,0,0,0,TREND_REVERSAL_UNCONFIRMED,0,0.45,NONE,1,0,0,0
SOLUSDT,1775358000000,2026-04-05T03:00:00.000Z,NEUTRAL,NONE,0,7.875,IGNORE,0,WATCH,,0,0,0,NA,NA,NA,NA,NA,WARNING_SOFT,1,0,0,0,0,TREND_REVERSAL_UNCONFIRMED,0,0.45,NONE,1,0,0,0
SOLUSDT,1775361600000,2026-04-05T04:00:00.000Z,NEUTRAL,NONE,0,7.875,IGNORE,0,WATCH,,0,0,0,NA,NA,NA,NA,NA,WARNING_SOFT,1,0,0,0,0,TREND_REVERSAL_UNCONFIRMED,0,0.45,NONE,1,0,0,0
SOLUSDT,1775365200000,2026-04-05T05:00:00.000Z,NEUTRAL,NONE,0,7.875,IGNORE,0,WATCH,,0,0,0,NA,NA,NA,NA,NA,WARNING_SOFT,1,0,0,0,0,TREND_REVERSAL_UNCONFIRMED,0,0.45,NONE,1,0,0,0
SOLUSDT,1775368800000,2026-04-05T06:00:00.000Z,NEUTRAL,NONE,0,7.875,IGNORE,0,WATCH,,0,0,0,NA,NA,NA,NA,NA,BLOCK,0,0,0,0,0,TREND_REVERSAL_UNCONFIRMED,0,0.45,NONE,1,0,0,0
SOLUSDT,1775372400000,2026-04-05T07:00:00.000Z,NEUTRAL,NONE,0,7.875,IGNORE,0,WATCH,,0,0,0,NA,NA,NA,NA,NA,BLOCK,0,0,0,0,0,TREND_REVERSAL_UNCONFIRMED,0,0.45,NONE,1,0,0,0
SOLUSDT,1775376000000,2026-04-05T08:00:00.000Z,BEAR,LONG,17.5,12.909375,IGNORE,0,WATCH,,0,0,0,NA,NA,NA,NA,NA,CLEAR,1,0,0,0,0,TREND_REVERSAL_UNCONFIRMED,1,0.45,LONG,1,0,0,0
SOLUSDT,1775379600000,2026-04-05T09:00:00.000Z,BEAR,LONG,0,7.875,IGNORE,0,WATCH,,0,0,0,NA,NA,NA,NA,NA,CLEAR,1,0,0,0,0,TREND_REVERSAL_UNCONFIRMED,0,0.45,LONG,1,0,0,0
SOLUSDT,1775383200000,2026-04-05T10:00:00.000Z,BEAR,LONG,0,7.875,IGNORE,0,WATCH,,0,0,0,NA,NA,NA,NA,NA,CLEAR,1,0,0,0,0,TREND_REVERSAL_UNCONFIRMED,0,0.45,LONG,1,0,0,0
SOLUSDT,1775386800000,2026-04-05T11:00:00.000Z,BEAR,LONG,0,7.875,IGNORE,0,WATCH,,0,0,0,NA,NA,NA,NA,NA,CLEAR,1,0,0,0,0,TREND_REVERSAL_UNCONFIRMED,0,0.45,LONG,1,0,0,0
SOLUSDT,1775390400000,2026-04-05T12:00:00.000Z,BEAR,LONG,25,13.5,IGNORE,0,WATCH,,0,0,0,NA,NA,NA,NA,NA,CLEAR,1,0,0,0,0,TREND_REVERSAL_UNCONFIRMED,1,0.45,LONG,1,0,0,0
SOLUSDT,1775394000000,2026-04-05T13:00:00.000Z,BEAR,LONG,50,19.125,IGNORE,0,WATCH,,0,0,0,NA,NA,NA,NA,NA,CLEAR,1,0,0,0,0,TREND_REVERSAL_UNCONFIRMED,2,0.45,LONG,1,0,0,0
SOLUSDT,1775397600000,2026-04-05T14:00:00.000Z,BEAR,LONG,0,7.875,IGNORE,0,WATCH,,0,0,0,NA,NA,NA,NA,NA,CLEAR,1,0,0,0,0,TREND_REVERSAL_UNCONFIRMED,0,0.45,LONG,1,0,0,0
SOLUSDT,1775401200000,2026-04-05T15:00:00.000Z,BEAR,LONG,25,13.5,IGNORE,0,WATCH,,0,0,0,NA,NA,NA,NA,NA,BLOCK,0,1,0,1,0,TREND_REVERSAL_UNCONFIRMED,1,0.45,LONG,1,0,0,0
SOLUSDT,1775404800000,2026-04-05T16:00:00.000Z,BEAR,LONG,0,7.875,IGNORE,0,WATCH,,0,0,0,NA,NA,NA,NA,NA,WARNING_SOFT,1,0,0,0,0,TREND_REVERSAL_UNCONFIRMED,0,0.45,LONG,1,0,0,0
SOLUSDT,1775408400000,2026-04-05T17:00:00.000Z,NEUTRAL,NONE,0,7.875,IGNORE,0,WATCH,,0,0,0,NA,NA,NA,NA,NA,WARNING_SOFT,1,0,0,0,0,TREND_REVERSAL_UNCONFIRMED,0,0.45,NONE,1,0,0,0
SOLUSDT,1775412000000,2026-04-05T18:00:00.000Z,NEUTRAL,NONE,0,7.875,IGNORE,0,WATCH,,0,0,0,NA,NA,NA,NA,NA,CLEAR,1,0,0,0,0,TREND_REVERSAL_UNCONFIRMED,0,0.45,NONE,1,0,0,0
SOLUSDT,1775415600000,2026-04-05T19:00:00.000Z,BEAR,LONG,0,7.875,IGNORE,0,WATCH,,0,0,0,NA,NA,NA,NA,NA,WARNING_SOFT,1,0,0,0,0,TREND_REVERSAL_UNCONFIRMED,0,0.45,LONG,1,0,0,0
SOLUSDT,1775419200000,2026-04-05T20:00:00.000Z,NEUTRAL,NONE,0,7.875,IGNORE,0,WATCH,,0,0,0,NA,NA,NA,NA,NA,CLEAR,1,0,0,0,0,TREND_REVERSAL_UNCONFIRMED,0,0.45,NONE,1,0,0,0
SOLUSDT,1775422800000,2026-04-05T21:00:00.000Z,BEAR,LONG,0,7.875,IGNORE,0,WATCH,,0,0,0,NA,NA,NA,NA,NA,WARNING_SOFT,1,0,0,0,0,TREND_REVERSAL_UNCONFIRMED,0,0.45,LONG,1,0,0,0
SOLUSDT,1775426400000,2026-04-05T22:00:00.000Z,NEUTRAL,NONE,0,7.875,IGNORE,0,WATCH,,0,0,0,NA,NA,NA,NA,NA,BLOCK,0,0,0,0,0,TREND_REVERSAL_UNCONFIRMED,0,0.45,NONE,1,0,0,0
SOLUSDT,1775430000000,2026-04-05T23:00:00.000Z,NEUTRAL,NONE,0,7.875,IGNORE,0,WATCH,,0,0,0,NA,NA,NA,NA,NA,CLEAR,1,0,0,0,0,TREND_REVERSAL_UNCONFIRMED,0,0.45,NONE,1,0,0,0
SOLUSDT,1775433600000,2026-04-06T00:00:00.000Z,BULL,SHORT,25,13.5,IGNORE,0,WATCH,,0,0,0,NA,NA,NA,NA,NA,CLEAR,1,1,0,0,0,TREND_REVERSAL_UNCONFIRMED,1,0.45,SHORT,1,0,0,0
SOLUSDT,1775437200000,2026-04-06T01:00:00.000Z,BULL,SHORT,25,13.5,IGNORE,0,WATCH,,0,0,0,NA,NA,NA,NA,NA,CLEAR,1,0,0,0,0,TREND_REVERSAL_UNCONFIRMED,1,0.45,SHORT,1,0,0,0
SOLUSDT,1775440800000,2026-04-06T02:00:00.000Z,BULL,SHORT,0,7.875,IGNORE,0,WATCH,,0,0,0,NA,NA,NA,NA,NA,CLEAR,1,0,0,0,0,TREND_REVERSAL_UNCONFIRMED,0,0.45,SHORT,1,0,0,0
SOLUSDT,1775444400000,2026-04-06T03:00:00.000Z,BULL,SHORT,0,7.875,IGNORE,0,WATCH,,0,0,0,NA,NA,NA,NA,NA,CLEAR,1,0,0,0,0,TREND_REVERSAL_UNCONFIRMED,0,0.45,SHORT,1,0,0,0
SOLUSDT,1775448000000,2026-04-06T04:00:00.000Z,BULL,SHORT,0,7.875,IGNORE,0,WATCH,,0,0,0,NA,NA,NA,NA,NA,CLEAR,1,0,0,0,0,TREND_REVERSAL_UNCONFIRMED,0,0.45,SHORT,1,0,0,0
SOLUSDT,1775451600000,2026-04-06T05:00:00.000Z,BULL,SHORT,0,7.875,IGNORE,0,WATCH,,0,0,0,NA,NA,NA,NA,NA,CLEAR,1,0,0,0,0,TREND_REVERSAL_UNCONFIRMED,0,0.45,SHORT,1,0,0,0
SOLUSDT,1775455200000,2026-04-06T06:00:00.000Z,BULL,SHORT,17.01659787259924,12.87130708246719,IGNORE,0,WATCH,,0,0,0,NA,NA,NA,NA,NA,WARNING_SOFT,1,0,0,0,0,TREND_REVERSAL_UNCONFIRMED,1,0.45,SHORT,1,0,0,0
SOLUSDT,1775458800000,2026-04-06T07:00:00.000Z,BULL,SHORT,0,7.875,IGNORE,0,WATCH,,0,0,0,NA,NA,NA,NA,NA,CLEAR,1,0,0,0,0,TREND_REVERSAL_UNCONFIRMED,0,0.45,SHORT,1,0,0,0
SOLUSDT,1775462400000,2026-04-06T08:00:00.000Z,BULL,SHORT,0,7.875,IGNORE,0,WATCH,,0,0,0,NA,NA,NA,NA,NA,CLEAR,1,0,0,0,0,TREND_REVERSAL_UNCONFIRMED,0,0.45,SHORT,1,0,0,0
SOLUSDT,1775466000000,2026-04-06T09:00:00.000Z,BULL,SHORT,20.899862860647836,13.177114200276018,IGNORE,0,WATCH,,0,0,0,NA,NA,NA,NA,NA,CLEAR,1,0,0,0,0,TREND_REVERSAL_UNCONFIRMED,1,0.45,SHORT,1,0,0,0
SOLUSDT,1775469600000,2026-04-06T10:00:00.000Z,BULL,SHORT,12.847222222222221,12.54296875,IGNORE,0,WATCH,,0,0,0,NA,NA,NA,NA,NA,CLEAR,1,0,0,0,0,TREND_REVERSAL_UNCONFIRMED,1,0.45,SHORT,1,0,0,0
SOLUSDT,1775473200000,2026-04-06T11:00:00.000Z,BULL,SHORT,25,13.5,IGNORE,0,WATCH,,0,0,0,NA,NA,NA,NA,NA,CLEAR,1,0,0,0,0,TREND_REVERSAL_UNCONFIRMED,1,0.45,SHORT,1,0,0,0
SOLUSDT,1775476800000,2026-04-06T12:00:00.000Z,BULL,SHORT,0,7.875,IGNORE,0,WATCH,,0,0,0,NA,NA,NA,NA,NA,CLEAR,1,0,0,0,0,TREND_REVERSAL_UNCONFIRMED,0,0.45,SHORT,1,0,0,0
SOLUSDT,1775480400000,2026-04-06T13:00:00.000Z,BULL,SHORT,0,7.875,IGNORE,0,WATCH,,0,0,0,NA,NA,NA,NA,NA,CLEAR,1,0,0,0,0,TREND_REVERSAL_UNCONFIRMED,0,0.45,SHORT,1,0,0,0
SOLUSDT,1775484000000,2026-04-06T14:00:00.000Z,BULL,SHORT,18.205372559678956,12.964923089074718,IGNORE,0,WATCH,,0,0,0,NA,NA,NA,NA,NA,CLEAR,1,0,0,0,0,TREND_REVERSAL_UNCONFIRMED,1,0.45,SHORT,1,0,0,0
SOLUSDT,1775487600000,2026-04-06T15:00:00.000Z,BULL,SHORT,0,7.875,IGNORE,0,WATCH,,0,0,0,NA,NA,NA,NA,NA,WARNING_SOFT,1,0,0,0,0,TREND_REVERSAL_UNCONFIRMED,0,0.45,SHORT,1,0,0,0
SOLUSDT,1775491200000,2026-04-06T16:00:00.000Z,NEUTRAL,NONE,0,7.875,IGNORE,0,WATCH,,0,0,0,NA,NA,NA,NA,NA,WARNING_SOFT,1,0,0,0,0,TREND_REVERSAL_UNCONFIRMED,0,0.45,NONE,1,0,0,0
SOLUSDT,1775494800000,2026-04-06T17:00:00.000Z,NEUTRAL,NONE,0,7.875,IGNORE,0,WATCH,,0,0,0,NA,NA,NA,NA,NA,BLOCK,0,0,0,0,0,TREND_REVERSAL_UNCONFIRMED,0,0.45,NONE,1,0,0,0
SOLUSDT,1775498400000,2026-04-06T18:00:00.000Z,BULL,SHORT,17.5,12.909375,IGNORE,0,WATCH,,0,0,0,NA,NA,NA,NA,NA,WARNING_SOFT,1,0,0,0,0,TREND_REVERSAL_UNCONFIRMED,1,0.45,SHORT,1,0,0,0
SOLUSDT,1775502000000,2026-04-06T19:00:00.000Z,BULL,SHORT,17.5,12.909375,IGNORE,0,WATCH,,0,0,0,NA,NA,NA,NA,NA,WARNING_SOFT,1,0,0,0,0,TREND_REVERSAL_UNCONFIRMED,1,0.45,SHORT,1,0,0,0
SOLUSDT,1775505600000,2026-04-06T20:00:00.000Z,BULL,SHORT,42.5,18.534375,IGNORE,0,WATCH,,0,0,0,NA,NA,NA,NA,NA,WARNING_SOFT,1,0,0,0,0,TREND_REVERSAL_UNCONFIRMED,2,0.45,SHORT,1,0,0,0
SOLUSDT,1775509200000,2026-04-06T21:00:00.000Z,NEUTRAL,NONE,0,7.875,IGNORE,0,WATCH,,0,0,0,NA,NA,NA,NA,NA,WARNING_SOFT,1,0,0,0,0,TREND_REVERSAL_UNCONFIRMED,0,0.45,NONE,1,0,0,0
SOLUSDT,1775512800000,2026-04-06T22:00:00.000Z,NEUTRAL,NONE,0,7.875,IGNORE,0,WATCH,,0,0,0,NA,NA,NA,NA,NA,WARNING_SOFT,1,0,1,0,0,TREND_REVERSAL_UNCONFIRMED,0,0.45,NONE,1,0,0,0
SOLUSDT,1775516400000,2026-04-06T23:00:00.000Z,NEUTRAL,NONE,0,7.875,IGNORE,0,WATCH,,0,0,0,NA,NA,NA,NA,NA,BLOCK,0,0,0,0,0,TREND_REVERSAL_UNCONFIRMED,0,0.45,NONE,1,0,0,0
SOLUSDT,1775520000000,2026-04-07T00:00:00.000Z,NEUTRAL,NONE,0,7.875,IGNORE,0,WATCH,,0,0,0,NA,NA,NA,NA,NA,BLOCK,0,0,0,0,0,TREND_REVERSAL_UNCONFIRMED,0,0.45,NONE,1,0,0,0
SOLUSDT,1775523600000,2026-04-07T01:00:00.000Z,NEUTRAL,NONE,0,7.875,IGNORE,0,WATCH,,0,0,0,NA,NA,NA,NA,NA,WARNING_SOFT,1,0,0,0,0,TREND_REVERSAL_UNCONFIRMED,0,0.45,NONE,1,0,0,0
SOLUSDT,1775527200000,2026-04-07T02:00:00.000Z,NEUTRAL,NONE,0,7.875,IGNORE,0,WATCH,,0,0,0,NA,NA,NA,NA,NA,WARNING_SOFT,1,0,0,0,0,TREND_REVERSAL_UNCONFIRMED,0,0.45,NONE,1,0,0,0
SOLUSDT,1775530800000,2026-04-07T03:00:00.000Z,BEAR,LONG,17.5,12.909375,IGNORE,0,WATCH,,0,0,0,NA,NA,NA,NA,NA,CLEAR,1,0,0,0,0,TREND_REVERSAL_UNCONFIRMED,1,0.45,LONG,1,0,0,0
SOLUSDT,1775534400000,2026-04-07T04:00:00.000Z,BEAR,LONG,0,7.875,IGNORE,0,WATCH,,0,0,0,NA,NA,NA,NA,NA,CLEAR,1,0,0,0,0,TREND_REVERSAL_UNCONFIRMED,0,0.45,LONG,1,0,0,0
SOLUSDT,1775538000000,2026-04-07T05:00:00.000Z,BEAR,LONG,0,7.875,IGNORE,0,WATCH,,0,0,0,NA,NA,NA,NA,NA,CLEAR,1,0,0,0,0,TREND_REVERSAL_UNCONFIRMED,0,0.45,LONG,1,0,0,0
SOLUSDT,1775541600000,2026-04-07T06:00:00.000Z,BEAR,LONG,0,7.875,IGNORE,0,WATCH,,0,0,0,NA,NA,NA,NA,NA,CLEAR,1,0,0,0,0,TREND_REVERSAL_UNCONFIRMED,0,0.45,LONG,1,0,0,0
SOLUSDT,1775545200000,2026-04-07T07:00:00.000Z,BEAR,LONG,0,7.875,IGNORE,0,WATCH,,0,0,0,NA,NA,NA,NA,NA,CLEAR,1,0,0,0,0,TREND_REVERSAL_UNCONFIRMED,0,0.45,LONG,1,0,0,0
SOLUSDT,1775548800000,2026-04-07T08:00:00.000Z,BEAR,LONG,40.02274089585691,18.33929084554873,IGNORE,0,WATCH,,0,0,0,NA,NA,NA,NA,NA,WARNING_SOFT,1,0,0,0,0,TREND_REVERSAL_UNCONFIRMED,2,0.45,LONG,1,0,0,0
SOLUSDT,1775552400000,2026-04-07T09:00:00.000Z,BEAR,LONG,0,7.875,IGNORE,0,WATCH,,0,0,0,NA,NA,NA,NA,NA,BLOCK,0,0,0,0,0,TREND_REVERSAL_UNCONFIRMED,0,0.45,LONG,1,0,0,0
SOLUSDT,1775556000000,2026-04-07T10:00:00.000Z,BEAR,LONG,23.411138286157748,13.374877140034924,IGNORE,0,WATCH,,0,0,0,NA,NA,NA,NA,NA,WARNING_SOFT,1,0,0,0,0,TREND_REVERSAL_UNCONFIRMED,1,0.45,LONG,1,0,0,0
SOLUSDT,1775559600000,2026-04-07T11:00:00.000Z,BEAR,LONG,21.669753349260766,13.237743076254286,IGNORE,0,WATCH,,0,0,0,NA,NA,NA,NA,NA,CLEAR,1,0,0,0,0,TREND_REVERSAL_UNCONFIRMED,1,0.45,LONG,1,0,0,0
SOLUSDT,1775563200000,2026-04-07T12:00:00.000Z,BEAR,LONG,25,13.5,IGNORE,0,WATCH,,0,0,0,NA,NA,NA,NA,NA,CLEAR,1,0,1,0,0,TREND_REVERSAL_UNCONFIRMED,1,0.45,LONG,1,0,0,0
SOLUSDT,1775566800000,2026-04-07T13:00:00.000Z,BEAR,LONG,25,13.5,IGNORE,0,WATCH,,0,0,0,NA,NA,NA,NA,NA,CLEAR,1,0,0,0,0,TREND_REVERSAL_UNCONFIRMED,1,0.45,LONG,1,0,0,0
SOLUSDT,1775570400000,2026-04-07T14:00:00.000Z,BEAR,LONG,17.45345694461091,12.90570973438811,IGNORE,0,WATCH,,0,0,0,NA,NA,NA,NA,NA,CLEAR,1,0,0,0,0,TREND_REVERSAL_UNCONFIRMED,1,0.45,LONG,1,0,0,0
SOLUSDT,1775574000000,2026-04-07T15:00:00.000Z,BEAR,LONG,0,7.875,IGNORE,0,WATCH,,0,0,0,NA,NA,NA,NA,NA,CLEAR,1,0,0,0,0,TREND_REVERSAL_UNCONFIRMED,0,0.45,LONG,1,0,0,0
SOLUSDT,1775577600000,2026-04-07T16:00:00.000Z,BEAR,LONG,0,7.875,IGNORE,0,WATCH,,0,0,0,NA,NA,NA,NA,NA,CLEAR,1,0,0,0,0,TREND_REVERSAL_UNCONFIRMED,0,0.45,LONG,1,0,0,0
SOLUSDT,1775581200000,2026-04-07T17:00:00.000Z,NEUTRAL,NONE,0,7.875,IGNORE,0,WATCH,,0,0,0,NA,NA,NA,NA,NA,WARNING_SOFT,1,0,0,0,0,TREND_REVERSAL_UNCONFIRMED,0,0.45,NONE,1,0,0,0
SOLUSDT,1775584800000,2026-04-07T18:00:00.000Z,NEUTRAL,NONE,0,7.875,IGNORE,0,WATCH,,0,0,0,NA,NA,NA,NA,NA,WARNING_SOFT,1,0,0,0,0,TREND_REVERSAL_UNCONFIRMED,0,0.45,NONE,1,0,0,0
SOLUSDT,1775588400000,2026-04-07T19:00:00.000Z,NEUTRAL,NONE,0,7.875,IGNORE,0,WATCH,,0,0,0,NA,NA,NA,NA,NA,CLEAR,1,0,0,0,0,TREND_REVERSAL_UNCONFIRMED,0,0.45,NONE,1,0,0,0
SOLUSDT,1775592000000,2026-04-07T20:00:00.000Z,NEUTRAL,NONE,0,7.875,IGNORE,0,WATCH,,0,0,0,NA,NA,NA,NA,NA,CLEAR,1,0,0,0,0,TREND_REVERSAL_UNCONFIRMED,0,0.45,NONE,1,0,0,0
SOLUSDT,1775595600000,2026-04-07T21:00:00.000Z,NEUTRAL,NONE,0,7.875,IGNORE,0,WATCH,,0,0,0,NA,NA,NA,NA,NA,CLEAR,1,0,0,0,0,TREND_REVERSAL_UNCONFIRMED,0,0.45,NONE,1,0,0,0
SOLUSDT,1775599200000,2026-04-07T22:00:00.000Z,BULL,SHORT,41.31944444444444,18.44140625,IGNORE,0,WATCH,,0,0,0,NA,NA,NA,NA,NA,CLEAR,1,1,0,0,0,TREND_REVERSAL_UNCONFIRMED,2,0.45,SHORT,1,0,0,0
SOLUSDT,1775602800000,2026-04-07T23:00:00.000Z,BULL,SHORT,43.40277777777778,18.605468750000004,IGNORE,0,WATCH,,0,0,0,NA,NA,NA,NA,NA,CLEAR,1,1,0,0,0,TREND_REVERSAL_UNCONFIRMED,2,0.45,SHORT,1,0,0,0
SOLUSDT,1775606400000,2026-04-08T00:00:00.000Z,BULL,SHORT,50.704582662311914,50.608573651359855,WATCH,1,WATCH,ACTIVE,1,1,0,FAIL,PASS,SKIP,SKIP,PASS,CLEAR,1,0,0,0,0,MARKET_CONTEXT_DENIED,3,0.84,SHORT,0,1,0,0
SOLUSDT,1775610000000,2026-04-08T01:00:00.000Z,BULL,SHORT,12.847222222222221,12.54296875,IGNORE,0,WATCH,,0,0,0,NA,NA,NA,NA,NA,CLEAR,1,0,0,0,0,TREND_REVERSAL_UNCONFIRMED,1,0.45,SHORT,1,0,0,0
SOLUSDT,1775613600000,2026-04-08T02:00:00.000Z,BULL,SHORT,0,7.875,IGNORE,0,WATCH,,0,0,0,NA,NA,NA,NA,NA,CLEAR,1,0,0,0,0,TREND_REVERSAL_UNCONFIRMED,0,0.45,SHORT,1,0,0,0
SOLUSDT,1775617200000,2026-04-08T03:00:00.000Z,BULL,SHORT,25,13.5,IGNORE,0,WATCH,,0,0,0,NA,NA,NA,NA,NA,CLEAR,1,0,0,0,0,TREND_REVERSAL_UNCONFIRMED,1,0.45,SHORT,1,0,0,0
SOLUSDT,1775620800000,2026-04-08T04:00:00.000Z,BULL,SHORT,0,7.875,IGNORE,0,WATCH,,0,0,0,NA,NA,NA,NA,NA,CLEAR,1,0,0,0,0,TREND_REVERSAL_UNCONFIRMED,0,0.45,SHORT,1,0,0,0
SOLUSDT,1775624400000,2026-04-08T05:00:00.000Z,BULL,SHORT,0,7.875,IGNORE,0,WATCH,,0,0,0,NA,NA,NA,NA,NA,CLEAR,1,0,0,0,0,TREND_REVERSAL_UNCONFIRMED,0,0.45,SHORT,1,0,0,0
SOLUSDT,1775628000000,2026-04-08T06:00:00.000Z,BULL,SHORT,0,7.875,IGNORE,0,WATCH,,0,0,0,NA,NA,NA,NA,NA,CLEAR,1,0,0,0,0,TREND_REVERSAL_UNCONFIRMED,0,0.45,SHORT,1,0,0,0
SOLUSDT,1775631600000,2026-04-08T07:00:00.000Z,BULL,SHORT,17.5,12.909375,IGNORE,0,WATCH,,0,0,0,NA,NA,NA,NA,NA,CLEAR,1,0,0,0,0,TREND_REVERSAL_UNCONFIRMED,1,0.45,SHORT,1,0,0,0
SOLUSDT,1775635200000,2026-04-08T08:00:00.000Z,BULL,SHORT,17.5,12.909375,IGNORE,0,WATCH,,0,0,0,NA,NA,NA,NA,NA,CLEAR,1,0,0,0,0,TREND_REVERSAL_UNCONFIRMED,1,0.45,SHORT,1,0,0,0
SOLUSDT,1775638800000,2026-04-08T09:00:00.000Z,BULL,SHORT,42.5,18.534375,IGNORE,0,WATCH,,0,0,0,NA,NA,NA,NA,NA,CLEAR,1,0,0,0,0,TREND_REVERSAL_UNCONFIRMED,2,0.45,SHORT,1,0,0,0
SOLUSDT,1775642400000,2026-04-08T10:00:00.000Z,BULL,SHORT,17.5,12.909375,IGNORE,0,WATCH,,0,0,0,NA,NA,NA,NA,NA,CLEAR,1,0,0,0,0,TREND_REVERSAL_UNCONFIRMED,1,0.45,SHORT,1,0,0,0
SOLUSDT,1775646000000,2026-04-08T11:00:00.000Z,BULL,SHORT,17.5,12.909375,IGNORE,0,WATCH,,0,0,0,NA,NA,NA,NA,NA,CLEAR,1,0,0,0,0,TREND_REVERSAL_UNCONFIRMED,1,0.45,SHORT,1,0,0,0
SOLUSDT,1775649600000,2026-04-08T12:00:00.000Z,BULL,SHORT,17.5,12.909375,IGNORE,0,WATCH,,0,0,0,NA,NA,NA,NA,NA,WARNING_SOFT,1,0,0,0,0,TREND_REVERSAL_UNCONFIRMED,1,0.45,SHORT,1,0,0,0
SOLUSDT,1775653200000,2026-04-08T13:00:00.000Z,BULL,SHORT,31.627869305851366,17.678194707835797,IGNORE,0,WATCH,,0,0,0,NA,NA,NA,NA,NA,CLEAR,1,0,0,0,0,TREND_REVERSAL_UNCONFIRMED,2,0.45,SHORT,1,0,0,0
SOLUSDT,1775656800000,2026-04-08T14:00:00.000Z,NEUTRAL,NONE,0,7.875,IGNORE,0,WATCH,,0,0,0,NA,NA,NA,NA,NA,BLOCK,0,0,1,0,0,TREND_REVERSAL_UNCONFIRMED,0,0.45,NONE,1,0,0,0
SOLUSDT,1775660400000,2026-04-08T15:00:00.000Z,NEUTRAL,NONE,0,7.875,IGNORE,0,WATCH,,0,0,0,NA,NA,NA,NA,NA,BLOCK,0,0,0,0,0,TREND_REVERSAL_UNCONFIRMED,0,0.45,NONE,1,0,0,0
SOLUSDT,1775664000000,2026-04-08T16:00:00.000Z,NEUTRAL,NONE,0,7.875,IGNORE,0,WATCH,,0,0,0,NA,NA,NA,NA,NA,WARNING_SOFT,1,0,0,0,0,TREND_REVERSAL_UNCONFIRMED,0,0.45,NONE,1,0,0,0
SOLUSDT,1775667600000,2026-04-08T17:00:00.000Z,BULL,SHORT,0,7.875,IGNORE,0,WATCH,,0,0,0,NA,NA,NA,NA,NA,WARNING_SOFT,1,0,0,0,0,TREND_REVERSAL_UNCONFIRMED,0,0.45,SHORT,1,0,0,0
SOLUSDT,1775671200000,2026-04-08T18:00:00.000Z,NEUTRAL,NONE,0,7.875,IGNORE,0,WATCH,,0,0,0,NA,NA,NA,NA,NA,WARNING_SOFT,1,0,0,0,0,TREND_REVERSAL_UNCONFIRMED,0,0.45,NONE,1,0,0,0
SOLUSDT,1775674800000,2026-04-08T19:00:00.000Z,NEUTRAL,NONE,0,7.875,IGNORE,0,WATCH,,0,0,0,NA,NA,NA,NA,NA,WARNING_SOFT,1,0,0,0,0,TREND_REVERSAL_UNCONFIRMED,0,0.45,NONE,1,0,0,0
SOLUSDT,1775678400000,2026-04-08T20:00:00.000Z,NEUTRAL,NONE,0,7.875,IGNORE,0,WATCH,,0,0,0,NA,NA,NA,NA,NA,WARNING_SOFT,1,0,0,0,0,TREND_REVERSAL_UNCONFIRMED,0,0.45,NONE,1,0,0,0
SOLUSDT,1775682000000,2026-04-08T21:00:00.000Z,NEUTRAL,NONE,0,7.875,IGNORE,0,WATCH,,0,0,0,NA,NA,NA,NA,NA,WARNING_SOFT,1,0,0,0,0,TREND_REVERSAL_UNCONFIRMED,0,0.45,NONE,1,0,0,0
SOLUSDT,1775685600000,2026-04-08T22:00:00.000Z,NEUTRAL,NONE,0,7.875,IGNORE,0,WATCH,,0,0,0,NA,NA,NA,NA,NA,WARNING_SOFT,1,0,0,0,0,TREND_REVERSAL_UNCONFIRMED,0,0.45,NONE,1,0,0,0
SOLUSDT,1775689200000,2026-04-08T23:00:00.000Z,NEUTRAL,NONE,0,7.875,IGNORE,0,WATCH,,0,0,0,NA,NA,NA,NA,NA,BLOCK,0,0,0,0,0,TREND_REVERSAL_UNCONFIRMED,0,0.45,NONE,1,0,0,0
SOLUSDT,1775692800000,2026-04-09T00:00:00.000Z,NEUTRAL,NONE,0,7.875,IGNORE,0,WATCH,,0,0,0,NA,NA,NA,NA,NA,WARNING_SOFT,1,0,0,0,0,TREND_REVERSAL_UNCONFIRMED,0,0.45,NONE,1,0,0,0
SOLUSDT,1775696400000,2026-04-09T01:00:00.000Z,NEUTRAL,NONE,0,7.875,IGNORE,0,WATCH,,0,0,0,NA,NA,NA,NA,NA,BLOCK,0,0,0,0,0,TREND_REVERSAL_UNCONFIRMED,0,0.45,NONE,1,0,0,0
SOLUSDT,1775700000000,2026-04-09T02:00:00.000Z,NEUTRAL,NONE,0,7.875,IGNORE,0,WATCH,,0,0,0,NA,NA,NA,NA,NA,WARNING_SOFT,1,0,0,0,0,TREND_REVERSAL_UNCONFIRMED,0,0.45,NONE,1,0,0,0
SOLUSDT,1775703600000,2026-04-09T03:00:00.000Z,NEUTRAL,NONE,0,7.875,IGNORE,0,WATCH,,0,0,0,NA,NA,NA,NA,NA,WARNING_SOFT,1,0,0,0,0,TREND_REVERSAL_UNCONFIRMED,0,0.45,NONE,1,0,0,0
SOLUSDT,1775707200000,2026-04-09T04:00:00.000Z,NEUTRAL,NONE,0,7.875,IGNORE,0,WATCH,,0,0,0,NA,NA,NA,NA,NA,WARNING_SOFT,1,0,0,0,0,TREND_REVERSAL_UNCONFIRMED,0,0.45,NONE,1,0,0,0
SOLUSDT,1775710800000,2026-04-09T05:00:00.000Z,NEUTRAL,NONE,0,7.875,IGNORE,0,WATCH,,0,0,0,NA,NA,NA,NA,NA,WARNING_SOFT,1,0,0,0,0,TREND_REVERSAL_UNCONFIRMED,0,0.45,NONE,1,0,0,0
SOLUSDT,1775714400000,2026-04-09T06:00:00.000Z,NEUTRAL,NONE,0,7.875,IGNORE,0,WATCH,,0,0,0,NA,NA,NA,NA,NA,WARNING_SOFT,1,0,0,0,0,TREND_REVERSAL_UNCONFIRMED,0,0.45,NONE,1,0,0,0
SOLUSDT,1775718000000,2026-04-09T07:00:00.000Z,NEUTRAL,NONE,0,7.875,IGNORE,0,WATCH,,0,0,0,NA,NA,NA,NA,NA,WARNING_SOFT,1,0,0,0,0,TREND_REVERSAL_UNCONFIRMED,0,0.45,NONE,1,0,0,0
SOLUSDT,1775721600000,2026-04-09T08:00:00.000Z,NEUTRAL,NONE,0,7.875,IGNORE,0,WATCH,,0,0,0,NA,NA,NA,NA,NA,WARNING_SOFT,1,0,0,0,0,TREND_REVERSAL_UNCONFIRMED,0,0.45,NONE,1,0,0,0
SOLUSDT,1775725200000,2026-04-09T09:00:00.000Z,NEUTRAL,NONE,0,7.875,IGNORE,0,WATCH,,0,0,0,NA,NA,NA,NA,NA,WARNING_SOFT,1,0,0,0,0,TREND_REVERSAL_UNCONFIRMED,0,0.45,NONE,1,0,0,0
SOLUSDT,1775728800000,2026-04-09T10:00:00.000Z,NEUTRAL,NONE,0,7.875,IGNORE,0,WATCH,,0,0,0,NA,NA,NA,NA,NA,WARNING_SOFT,1,0,0,0,0,TREND_REVERSAL_UNCONFIRMED,0,0.45,NONE,1,0,0,0
SOLUSDT,1775732400000,2026-04-09T11:00:00.000Z,NEUTRAL,NONE,0,7.875,IGNORE,0,WATCH,,0,0,0,NA,NA,NA,NA,NA,BLOCK,0,0,0,0,0,TREND_REVERSAL_UNCONFIRMED,0,0.45,NONE,1,0,0,0
SOLUSDT,1775736000000,2026-04-09T12:00:00.000Z,NEUTRAL,NONE,0,7.875,IGNORE,0,WATCH,,0,0,0,NA,NA,NA,NA,NA,BLOCK,0,0,0,0,0,TREND_REVERSAL_UNCONFIRMED,0,0.45,NONE,1,0,0,0
SOLUSDT,1775739600000,2026-04-09T13:00:00.000Z,NEUTRAL,NONE,0,7.875,IGNORE,0,WATCH,,0,0,0,NA,NA,NA,NA,NA,WARNING_SOFT,1,0,0,0,0,TREND_REVERSAL_UNCONFIRMED,0,0.45,NONE,1,0,0,0
SOLUSDT,1775743200000,2026-04-09T14:00:00.000Z,NEUTRAL,NONE,0,7.875,IGNORE,0,WATCH,,0,0,0,NA,NA,NA,NA,NA,BLOCK,0,0,0,0,0,TREND_REVERSAL_UNCONFIRMED,0,0.45,NONE,1,0,0,0
SOLUSDT,1775746800000,2026-04-09T15:00:00.000Z,BULL,SHORT,42.5,18.534375,IGNORE,0,WATCH,,0,0,0,NA,NA,NA,NA,NA,WARNING_SOFT,1,0,0,0,0,TREND_REVERSAL_UNCONFIRMED,2,0.45,SHORT,1,0,0,0
SOLUSDT,1775750400000,2026-04-09T16:00:00.000Z,BULL,SHORT,67.5,53.0775,WATCH,1,WATCH,ACTIVE,1,1,0,FAIL,PASS,SKIP,SKIP,PASS,CLEAR,1,0,0,0,0,MARKET_CONTEXT_DENIED,3,0.84,SHORT,0,1,0,0
SOLUSDT,1775754000000,2026-04-09T17:00:00.000Z,BULL,SHORT,42.5,18.534375,IGNORE,0,WATCH,,0,0,0,NA,NA,NA,NA,NA,CLEAR,1,0,0,0,0,TREND_REVERSAL_UNCONFIRMED,2,0.45,SHORT,1,0,0,0
SOLUSDT,1775757600000,2026-04-09T18:00:00.000Z,BULL,SHORT,41.77559582468642,18.477328171194056,IGNORE,0,WATCH,,0,0,0,NA,NA,NA,NA,NA,CLEAR,1,0,0,0,0,TREND_REVERSAL_UNCONFIRMED,2,0.45,SHORT,1,0,0,0
SOLUSDT,1775761200000,2026-04-09T19:00:00.000Z,BULL,SHORT,17.5,12.909375,IGNORE,0,WATCH,,0,0,0,NA,NA,NA,NA,NA,CLEAR,1,0,0,0,0,TREND_REVERSAL_UNCONFIRMED,1,0.45,SHORT,1,0,0,0
SOLUSDT,1775764800000,2026-04-09T20:00:00.000Z,BULL,SHORT,17.5,12.909375,IGNORE,0,WATCH,,0,0,0,NA,NA,NA,NA,NA,CLEAR,1,0,0,0,0,TREND_REVERSAL_UNCONFIRMED,1,0.45,SHORT,1,0,0,0
SOLUSDT,1775768400000,2026-04-09T21:00:00.000Z,BULL,SHORT,17.5,12.909375,IGNORE,0,WATCH,,0,0,0,NA,NA,NA,NA,NA,CLEAR,1,0,0,0,0,TREND_REVERSAL_UNCONFIRMED,1,0.45,SHORT,1,0,0,0
SOLUSDT,1775772000000,2026-04-09T22:00:00.000Z,BULL,SHORT,42.5,18.534375,IGNORE,0,WATCH,,0,0,0,NA,NA,NA,NA,NA,CLEAR,1,0,0,0,0,TREND_REVERSAL_UNCONFIRMED,2,0.45,SHORT,1,0,0,0
SOLUSDT,1775775600000,2026-04-09T23:00:00.000Z,NEUTRAL,NONE,0,7.875,IGNORE,0,WATCH,,0,0,0,NA,NA,NA,NA,NA,WARNING_SOFT,1,0,0,0,0,TREND_REVERSAL_UNCONFIRMED,0,0.45,NONE,1,0,0,0
SOLUSDT,1775779200000,2026-04-10T00:00:00.000Z,NEUTRAL,NONE,0,7.875,IGNORE,0,WATCH,,0,0,0,NA,NA,NA,NA,NA,WARNING_SOFT,1,0,0,0,0,TREND_REVERSAL_UNCONFIRMED,0,0.45,NONE,1,0,0,0
SOLUSDT,1775782800000,2026-04-10T01:00:00.000Z,NEUTRAL,NONE,0,7.875,IGNORE,0,WATCH,,0,0,0,NA,NA,NA,NA,NA,WARNING_SOFT,1,0,0,0,0,TREND_REVERSAL_UNCONFIRMED,0,0.45,NONE,1,0,0,0
SOLUSDT,1775786400000,2026-04-10T02:00:00.000Z,NEUTRAL,NONE,0,7.875,IGNORE,0,WATCH,,0,0,0,NA,NA,NA,NA,NA,WARNING_SOFT,1,0,0,0,0,TREND_REVERSAL_UNCONFIRMED,0,0.45,NONE,1,0,0,0
SOLUSDT,1775790000000,2026-04-10T03:00:00.000Z,NEUTRAL,NONE,0,7.875,IGNORE,0,WATCH,,0,0,0,NA,NA,NA,NA,NA,WARNING_SOFT,1,0,0,0,0,TREND_REVERSAL_UNCONFIRMED,0,0.45,NONE,1,0,0,0
SOLUSDT,1775793600000,2026-04-10T04:00:00.000Z,BULL,SHORT,0,7.875,IGNORE,0,WATCH,,0,0,0,NA,NA,NA,NA,NA,WARNING_SOFT,1,0,0,0,0,TREND_REVERSAL_UNCONFIRMED,0,0.45,SHORT,1,0,0,0
SOLUSDT,1775797200000,2026-04-10T05:00:00.000Z,BULL,SHORT,0,7.875,IGNORE,0,WATCH,,0,0,0,NA,NA,NA,NA,NA,WARNING_SOFT,1,0,0,0,0,TREND_REVERSAL_UNCONFIRMED,0,0.45,SHORT,1,0,0,0
SOLUSDT,1775800800000,2026-04-10T06:00:00.000Z,NEUTRAL,NONE,0,7.875,IGNORE,0,WATCH,,0,0,0,NA,NA,NA,NA,NA,WARNING_SOFT,1,0,0,0,0,TREND_REVERSAL_UNCONFIRMED,0,0.45,NONE,1,0,0,0
SOLUSDT,1775804400000,2026-04-10T07:00:00.000Z,NEUTRAL,NONE,0,7.875,IGNORE,0,WATCH,,0,0,0,NA,NA,NA,NA,NA,WARNING_SOFT,1,0,0,0,0,TREND_REVERSAL_UNCONFIRMED,0,0.45,NONE,1,0,0,0
SOLUSDT,1775808000000,2026-04-10T08:00:00.000Z,NEUTRAL,NONE,0,7.875,IGNORE,0,WATCH,,0,0,0,NA,NA,NA,NA,NA,WARNING_SOFT,1,0,0,0,0,TREND_REVERSAL_UNCONFIRMED,0,0.45,NONE,1,0,0,0
SOLUSDT,1775811600000,2026-04-10T09:00:00.000Z,BULL,SHORT,17.5,12.909375,IGNORE,0,WATCH,,0,0,0,NA,NA,NA,NA,NA,BLOCK,0,0,0,0,0,TREND_REVERSAL_UNCONFIRMED,1,0.45,SHORT,1,0,0,0
SOLUSDT,1775815200000,2026-04-10T10:00:00.000Z,BULL,SHORT,42.5,18.534375,IGNORE,0,WATCH,,0,0,0,NA,NA,NA,NA,NA,WARNING_SOFT,1,0,0,0,0,TREND_REVERSAL_UNCONFIRMED,2,0.45,SHORT,1,0,0,0
SOLUSDT,1775818800000,2026-04-10T11:00:00.000Z,BULL,SHORT,17.5,12.909375,IGNORE,0,WATCH,,0,0,0,NA,NA,NA,NA,NA,CLEAR,1,0,0,0,0,TREND_REVERSAL_UNCONFIRMED,1,0.45,SHORT,1,0,0,0
SOLUSDT,1775822400000,2026-04-10T12:00:00.000Z,BULL,SHORT,34.86570691116914,17.933174419254573,IGNORE,0,WATCH,,0,0,0,NA,NA,NA,NA,NA,CLEAR,1,0,0,0,0,TREND_REVERSAL_UNCONFIRMED,2,0.45,SHORT,1,0,0,0
SOLUSDT,1775826000000,2026-04-10T13:00:00.000Z,BULL,SHORT,17.5,12.909375,IGNORE,0,WATCH,,0,0,0,NA,NA,NA,NA,NA,CLEAR,1,0,0,0,0,TREND_REVERSAL_UNCONFIRMED,1,0.45,SHORT,1,0,0,0
SOLUSDT,1775829600000,2026-04-10T14:00:00.000Z,BULL,SHORT,42.5,18.534375,IGNORE,0,WATCH,,0,0,0,NA,NA,NA,NA,NA,CLEAR,1,0,0,0,0,TREND_REVERSAL_UNCONFIRMED,2,0.45,SHORT,1,0,0,0
SOLUSDT,1775833200000,2026-04-10T15:00:00.000Z,BULL,SHORT,40.01231057874466,18.33846945807614,IGNORE,0,WATCH,,0,0,0,NA,NA,NA,NA,NA,CLEAR,1,0,0,0,0,TREND_REVERSAL_UNCONFIRMED,2,0.45,SHORT,1,0,0,0
SOLUSDT,1775836800000,2026-04-10T16:00:00.000Z,BULL,SHORT,17.5,12.909375,IGNORE,0,WATCH,,0,0,0,NA,NA,NA,NA,NA,CLEAR,1,0,0,0,0,TREND_REVERSAL_UNCONFIRMED,1,0.45,SHORT,1,0,0,0
SOLUSDT,1775840400000,2026-04-10T17:00:00.000Z,BULL,SHORT,17.5,12.909375,IGNORE,0,WATCH,,0,0,0,NA,NA,NA,NA,NA,CLEAR,1,0,0,0,0,TREND_REVERSAL_UNCONFIRMED,1,0.45,SHORT,1,0,0,0
SOLUSDT,1775844000000,2026-04-10T18:00:00.000Z,BULL,SHORT,12.847222222222221,12.54296875,IGNORE,0,WATCH,,0,0,0,NA,NA,NA,NA,NA,CLEAR,1,0,0,0,0,TREND_REVERSAL_UNCONFIRMED,1,0.45,SHORT,1,0,0,0
SOLUSDT,1775847600000,2026-04-10T19:00:00.000Z,BULL,SHORT,0,7.875,IGNORE,0,WATCH,,0,0,0,NA,NA,NA,NA,NA,CLEAR,1,0,0,0,0,TREND_REVERSAL_UNCONFIRMED,0,0.45,SHORT,1,0,0,0
SOLUSDT,1775851200000,2026-04-10T20:00:00.000Z,BULL,SHORT,0,7.875,IGNORE,0,WATCH,,0,0,0,NA,NA,NA,NA,NA,CLEAR,1,0,0,0,0,TREND_REVERSAL_UNCONFIRMED,0,0.45,SHORT,1,0,0,0
SOLUSDT,1775854800000,2026-04-10T21:00:00.000Z,BULL,SHORT,25,13.5,IGNORE,0,WATCH,,0,0,0,NA,NA,NA,NA,NA,CLEAR,1,0,0,0,0,TREND_REVERSAL_UNCONFIRMED,1,0.45,SHORT,1,0,0,0
SOLUSDT,1775858400000,2026-04-10T22:00:00.000Z,BULL,SHORT,0,7.875,IGNORE,0,WATCH,,0,0,0,NA,NA,NA,NA,NA,CLEAR,1,0,0,0,0,TREND_REVERSAL_UNCONFIRMED,0,0.45,SHORT,1,0,0,0
SOLUSDT,1775862000000,2026-04-10T23:00:00.000Z,BULL,SHORT,0,7.875,IGNORE,0,WATCH,,0,0,0,NA,NA,NA,NA,NA,CLEAR,1,0,0,0,0,TREND_REVERSAL_UNCONFIRMED,0,0.45,SHORT,1,0,0,0
SOLUSDT,1775865600000,2026-04-11T00:00:00.000Z,BULL,SHORT,0,7.875,IGNORE,0,WATCH,,0,0,0,NA,NA,NA,NA,NA,WARNING_SOFT,1,0,0,0,0,TREND_REVERSAL_UNCONFIRMED,0,0.45,SHORT,1,0,0,0
SOLUSDT,1775869200000,2026-04-11T01:00:00.000Z,BULL,SHORT,0,7.875,IGNORE,0,WATCH,,0,0,0,NA,NA,NA,NA,NA,WARNING_SOFT,1,0,0,0,0,TREND_REVERSAL_UNCONFIRMED,0,0.45,SHORT,1,0,0,0
SOLUSDT,1775872800000,2026-04-11T02:00:00.000Z,BULL,SHORT,0,7.875,IGNORE,0,WATCH,,0,0,0,NA,NA,NA,NA,NA,WARNING_SOFT,1,0,0,0,0,TREND_REVERSAL_UNCONFIRMED,0,0.45,SHORT,1,0,0,0
SOLUSDT,1775876400000,2026-04-11T03:00:00.000Z,NEUTRAL,NONE,0,7.875,IGNORE,0,WATCH,,0,0,0,NA,NA,NA,NA,NA,WARNING_SOFT,1,0,0,0,0,TREND_REVERSAL_UNCONFIRMED,0,0.45,NONE,1,0,0,0
SOLUSDT,1775880000000,2026-04-11T04:00:00.000Z,NEUTRAL,NONE,0,7.875,IGNORE,0,WATCH,,0,0,0,NA,NA,NA,NA,NA,BLOCK,0,0,0,0,0,TREND_REVERSAL_UNCONFIRMED,0,0.45,NONE,1,0,0,0
SOLUSDT,1775883600000,2026-04-11T05:00:00.000Z,NEUTRAL,NONE,0,7.875,IGNORE,0,WATCH,,0,0,0,NA,NA,NA,NA,NA,WARNING_SOFT,1,0,0,0,0,TREND_REVERSAL_UNCONFIRMED,0,0.45,NONE,1,0,0,0
SOLUSDT,1775887200000,2026-04-11T06:00:00.000Z,NEUTRAL,NONE,0,7.875,IGNORE,0,WATCH,,0,0,0,NA,NA,NA,NA,NA,BLOCK,0,0,0,0,0,TREND_REVERSAL_UNCONFIRMED,0,0.45,NONE,1,0,0,0
SOLUSDT,1775890800000,2026-04-11T07:00:00.000Z,NEUTRAL,NONE,0,7.875,IGNORE,0,WATCH,,0,0,0,NA,NA,NA,NA,NA,WARNING_SOFT,1,0,0,0,0,TREND_REVERSAL_UNCONFIRMED,0,0.45,NONE,1,0,0,0
SOLUSDT,1775894400000,2026-04-11T08:00:00.000Z,NEUTRAL,NONE,0,7.875,IGNORE,0,WATCH,,0,0,0,NA,NA,NA,NA,NA,WARNING_SOFT,1,0,0,0,0,TREND_REVERSAL_UNCONFIRMED,0,0.45,NONE,1,0,0,0
SOLUSDT,1775898000000,2026-04-11T09:00:00.000Z,BULL,SHORT,0,7.875,IGNORE,0,WATCH,,0,0,0,NA,NA,NA,NA,NA,WARNING_SOFT,1,0,0,0,0,TREND_REVERSAL_UNCONFIRMED,0,0.45,SHORT,1,0,0,0
SOLUSDT,1775901600000,2026-04-11T10:00:00.000Z,NEUTRAL,NONE,0,7.875,IGNORE,0,WATCH,,0,0,0,NA,NA,NA,NA,NA,BLOCK,0,0,0,0,0,TREND_REVERSAL_UNCONFIRMED,0,0.45,NONE,1,0,0,0
SOLUSDT,1775905200000,2026-04-11T11:00:00.000Z,NEUTRAL,NONE,0,7.875,IGNORE,0,WATCH,,0,0,0,NA,NA,NA,NA,NA,BLOCK,0,0,0,0,0,TREND_REVERSAL_UNCONFIRMED,0,0.45,NONE,1,0,0,0
SOLUSDT,1775908800000,2026-04-11T12:00:00.000Z,NEUTRAL,NONE,0,7.875,IGNORE,0,WATCH,,0,0,0,NA,NA,NA,NA,NA,WARNING_SOFT,1,0,0,0,0,TREND_REVERSAL_UNCONFIRMED,0,0.45,NONE,1,0,0,0
SOLUSDT,1775912400000,2026-04-11T13:00:00.000Z,NEUTRAL,NONE,0,7.875,IGNORE,0,WATCH,,0,0,0,NA,NA,NA,NA,NA,BLOCK,0,0,0,0,0,TREND_REVERSAL_UNCONFIRMED,0,0.45,NONE,1,0,0,0
SOLUSDT,1775916000000,2026-04-11T14:00:00.000Z,BULL,SHORT,17.5,12.909375,IGNORE,0,WATCH,,0,0,0,NA,NA,NA,NA,NA,WARNING_SOFT,1,0,0,0,0,TREND_REVERSAL_UNCONFIRMED,1,0.45,SHORT,1,0,0,0
SOLUSDT,1775919600000,2026-04-11T15:00:00.000Z,BULL,SHORT,33.922685995133946,17.8589115221168,IGNORE,0,WATCH,,0,0,0,NA,NA,NA,NA,NA,CLEAR,1,0,0,0,0,TREND_REVERSAL_UNCONFIRMED,2,0.45,SHORT,1,0,0,0
SOLUSDT,1775923200000,2026-04-11T16:00:00.000Z,BULL,SHORT,38.69638848948518,18.23484059354696,IGNORE,0,WATCH,,0,0,0,NA,NA,NA,NA,NA,CLEAR,1,1,0,0,0,TREND_REVERSAL_UNCONFIRMED,2,0.45,SHORT,1,0,0,0
SOLUSDT,1775926800000,2026-04-11T17:00:00.000Z,BULL,SHORT,42.5,18.534375,IGNORE,0,WATCH,,0,0,0,NA,NA,NA,NA,NA,CLEAR,1,0,0,0,0,TREND_REVERSAL_UNCONFIRMED,2,0.45,SHORT,1,0,0,0
SOLUSDT,1775930400000,2026-04-11T18:00:00.000Z,BULL,SHORT,42.5,18.534375,IGNORE,0,WATCH,,0,0,0,NA,NA,NA,NA,NA,CLEAR,1,0,0,0,0,TREND_REVERSAL_UNCONFIRMED,2,0.45,SHORT,1,0,0,0
SOLUSDT,1775934000000,2026-04-11T19:00:00.000Z,BULL,SHORT,42.5,18.534375,IGNORE,0,WATCH,,0,0,0,NA,NA,NA,NA,NA,CLEAR,1,0,0,0,0,TREND_REVERSAL_UNCONFIRMED,2,0.45,SHORT,1,0,0,0
SOLUSDT,1775937600000,2026-04-11T20:00:00.000Z,BULL,SHORT,59.310226936044444,43.473603359598535,WATCH,1,WATCH,ACTIVE,1,1,0,FAIL,PASS,SKIP,SKIP,FAIL,CLEAR,1,0,0,0,0,MARKET_CONTEXT_DENIED,3,0.84,SHORT,1,0,0,0
SOLUSDT,1775941200000,2026-04-11T21:00:00.000Z,BULL,SHORT,17.5,12.909375,IGNORE,0,WATCH,,0,0,0,NA,NA,NA,NA,NA,CLEAR,1,0,0,0,0,TREND_REVERSAL_UNCONFIRMED,1,0.45,SHORT,1,0,0,0
SOLUSDT,1775944800000,2026-04-11T22:00:00.000Z,BULL,SHORT,25,13.5,IGNORE,0,WATCH,,0,0,0,NA,NA,NA,NA,NA,CLEAR,1,0,0,0,0,TREND_REVERSAL_UNCONFIRMED,1,0.45,SHORT,1,0,0,0
SOLUSDT,1775948400000,2026-04-11T23:00:00.000Z,BULL,SHORT,0,7.875,IGNORE,0,WATCH,,0,0,0,NA,NA,NA,NA,NA,BLOCK,0,0,0,0,0,TREND_REVERSAL_UNCONFIRMED,0,0.45,SHORT,1,0,0,0
SOLUSDT,1775952000000,2026-04-12T00:00:00.000Z,BULL,SHORT,0,7.875,IGNORE,0,WATCH,,0,0,0,NA,NA,NA,NA,NA,WARNING_SOFT,1,0,0,0,0,TREND_REVERSAL_UNCONFIRMED,0,0.45,SHORT,1,0,0,0
SOLUSDT,1775955600000,2026-04-12T01:00:00.000Z,NEUTRAL,NONE,0,7.875,IGNORE,0,WATCH,,0,0,0,NA,NA,NA,NA,NA,WARNING_SOFT,1,0,1,0,0,TREND_REVERSAL_UNCONFIRMED,0,0.45,NONE,1,0,0,0
SOLUSDT,1775959200000,2026-04-12T02:00:00.000Z,NEUTRAL,NONE,0,7.875,IGNORE,0,WATCH,,0,0,0,NA,NA,NA,NA,NA,BLOCK,0,0,0,0,0,TREND_REVERSAL_UNCONFIRMED,0,0.45,NONE,1,0,0,0
SOLUSDT,1775962800000,2026-04-12T03:00:00.000Z,NEUTRAL,NONE,0,7.875,IGNORE,0,WATCH,,0,0,0,NA,NA,NA,NA,NA,WARNING_SOFT,1,0,0,0,0,TREND_REVERSAL_UNCONFIRMED,0,0.45,NONE,1,0,0,0
SOLUSDT,1775966400000,2026-04-12T04:00:00.000Z,BEAR,LONG,12.847222222222221,12.54296875,IGNORE,0,WATCH,,0,0,0,NA,NA,NA,NA,NA,CLEAR,1,0,0,0,0,TREND_REVERSAL_UNCONFIRMED,1,0.45,LONG,1,0,0,0
SOLUSDT,1775970000000,2026-04-12T05:00:00.000Z,BEAR,LONG,25,13.5,IGNORE,0,WATCH,,0,0,0,NA,NA,NA,NA,NA,CLEAR,1,0,0,0,0,TREND_REVERSAL_UNCONFIRMED,1,0.45,LONG,1,0,0,0
SOLUSDT,1775973600000,2026-04-12T06:00:00.000Z,BEAR,LONG,0,7.875,IGNORE,0,WATCH,,0,0,0,NA,NA,NA,NA,NA,CLEAR,1,0,0,0,0,TREND_REVERSAL_UNCONFIRMED,0,0.45,LONG,1,0,0,0
SOLUSDT,1775977200000,2026-04-12T07:00:00.000Z,BEAR,LONG,0,7.875,IGNORE,0,WATCH,,0,0,0,NA,NA,NA,NA,NA,CLEAR,1,0,0,0,0,TREND_REVERSAL_UNCONFIRMED,0,0.45,LONG,1,0,0,0
SOLUSDT,1775980800000,2026-04-12T08:00:00.000Z,BEAR,LONG,0,7.875,IGNORE,0,WATCH,,0,0,0,NA,NA,NA,NA,NA,CLEAR,1,0,0,0,0,TREND_REVERSAL_UNCONFIRMED,0,0.45,LONG,1,0,0,0
SOLUSDT,1775984400000,2026-04-12T09:00:00.000Z,BEAR,LONG,12.847222222222221,12.54296875,IGNORE,0,WATCH,,0,0,0,NA,NA,NA,NA,NA,CLEAR,1,0,0,0,0,TREND_REVERSAL_UNCONFIRMED,1,0.45,LONG,1,0,0,0
SOLUSDT,1775988000000,2026-04-12T10:00:00.000Z,BEAR,LONG,12.847222222222221,12.54296875,IGNORE,0,WATCH,,0,0,0,NA,NA,NA,NA,NA,CLEAR,1,0,0,0,0,TREND_REVERSAL_UNCONFIRMED,1,0.45,LONG,1,0,0,0
SOLUSDT,1775991600000,2026-04-12T11:00:00.000Z,BEAR,LONG,0,7.875,IGNORE,0,WATCH,,0,0,0,NA,NA,NA,NA,NA,CLEAR,1,0,0,0,0,TREND_REVERSAL_UNCONFIRMED,0,0.45,LONG,1,0,0,0
SOLUSDT,1775995200000,2026-04-12T12:00:00.000Z,BEAR,LONG,12.745063881646384,12.534923780679653,IGNORE,0,WATCH,,0,0,0,NA,NA,NA,NA,NA,CLEAR,1,0,0,0,0,TREND_REVERSAL_UNCONFIRMED,1,0.45,LONG,1,0,0,0
SOLUSDT,1775998800000,2026-04-12T13:00:00.000Z,BEAR,LONG,25,13.5,IGNORE,0,WATCH,,0,0,0,NA,NA,NA,NA,NA,CLEAR,1,0,0,0,0,TREND_REVERSAL_UNCONFIRMED,1,0.45,LONG,1,0,0,0
SOLUSDT,1776002400000,2026-04-12T14:00:00.000Z,BEAR,LONG,24.968763359389193,13.4975401145519,IGNORE,0,WATCH,,0,0,0,NA,NA,NA,NA,NA,CLEAR,1,0,0,0,0,TREND_REVERSAL_UNCONFIRMED,1,0.45,LONG,1,0,0,0
SOLUSDT,1776006000000,2026-04-12T15:00:00.000Z,BEAR,LONG,0,7.875,IGNORE,0,WATCH,,0,0,0,NA,NA,NA,NA,NA,CLEAR,1,0,0,0,0,TREND_REVERSAL_UNCONFIRMED,0,0.45,LONG,1,0,0,0
SOLUSDT,1776009600000,2026-04-12T16:00:00.000Z,BEAR,LONG,25,13.5,IGNORE,0,WATCH,,0,0,0,NA,NA,NA,NA,NA,CLEAR,1,0,0,0,0,TREND_REVERSAL_UNCONFIRMED,1,0.45,LONG,1,0,0,0
SOLUSDT,1776013200000,2026-04-12T17:00:00.000Z,BEAR,LONG,0,7.875,IGNORE,0,WATCH,,0,0,0,NA,NA,NA,NA,NA,CLEAR,1,0,0,0,0,TREND_REVERSAL_UNCONFIRMED,0,0.45,LONG,1,0,0,0
SOLUSDT,1776016800000,2026-04-12T18:00:00.000Z,BEAR,LONG,0,7.875,IGNORE,0,WATCH,,0,0,0,NA,NA,NA,NA,NA,CLEAR,1,0,0,0,0,TREND_REVERSAL_UNCONFIRMED,0,0.45,LONG,1,0,0,0
SOLUSDT,1776020400000,2026-04-12T19:00:00.000Z,BEAR,LONG,0,7.875,IGNORE,0,WATCH,,0,0,0,NA,NA,NA,NA,NA,WARNING_SOFT,1,0,0,0,0,TREND_REVERSAL_UNCONFIRMED,0,0.45,LONG,1,0,0,0
SOLUSDT,1776024000000,2026-04-12T20:00:00.000Z,NEUTRAL,NONE,0,7.875,IGNORE,0,WATCH,,0,0,0,NA,NA,NA,NA,NA,WARNING_SOFT,1,0,0,0,0,TREND_REVERSAL_UNCONFIRMED,0,0.45,NONE,1,0,0,0
SOLUSDT,1776027600000,2026-04-12T21:00:00.000Z,NEUTRAL,NONE,0,7.875,IGNORE,0,WATCH,,0,0,0,NA,NA,NA,NA,NA,WARNING_SOFT,1,0,0,0,0,TREND_REVERSAL_UNCONFIRMED,0,0.45,NONE,1,0,0,0
SOLUSDT,1776031200000,2026-04-12T22:00:00.000Z,BEAR,LONG,25,13.5,IGNORE,0,WATCH,,0,0,0,NA,NA,NA,NA,NA,WARNING_SOFT,1,0,0,0,0,TREND_REVERSAL_UNCONFIRMED,1,0.45,LONG,1,0,0,0
SOLUSDT,1776034800000,2026-04-12T23:00:00.000Z,BEAR,LONG,0,7.875,IGNORE,0,WATCH,,0,0,0,NA,NA,NA,NA,NA,CLEAR,1,0,0,0,0,TREND_REVERSAL_UNCONFIRMED,0,0.45,LONG,1,0,0,0
SOLUSDT,1776038400000,2026-04-13T00:00:00.000Z,BEAR,LONG,0,7.875,IGNORE,0,WATCH,,0,0,0,NA,NA,NA,NA,NA,CLEAR,1,0,0,0,0,TREND_REVERSAL_UNCONFIRMED,0,0.45,LONG,1,0,0,0
SOLUSDT,1776042000000,2026-04-13T01:00:00.000Z,BEAR,LONG,0,7.875,IGNORE,0,WATCH,,0,0,0,NA,NA,NA,NA,NA,WARNING_SOFT,1,0,0,0,0,TREND_REVERSAL_UNCONFIRMED,0,0.45,LONG,1,0,0,0
SOLUSDT,1776045600000,2026-04-13T02:00:00.000Z,BEAR,LONG,0,7.875,IGNORE,0,WATCH,,0,0,0,NA,NA,NA,NA,NA,WARNING_SOFT,1,0,0,0,0,TREND_REVERSAL_UNCONFIRMED,0,0.45,LONG,1,0,0,0
SOLUSDT,1776049200000,2026-04-13T03:00:00.000Z,BEAR,LONG,0,7.875,IGNORE,0,WATCH,,0,0,0,NA,NA,NA,NA,NA,CLEAR,1,0,0,0,0,TREND_REVERSAL_UNCONFIRMED,0,0.45,LONG,1,0,0,0
SOLUSDT,1776052800000,2026-04-13T04:00:00.000Z,BEAR,LONG,0,7.875,IGNORE,0,WATCH,,0,0,0,NA,NA,NA,NA,NA,CLEAR,1,0,0,0,0,TREND_REVERSAL_UNCONFIRMED,0,0.45,LONG,1,0,0,0
SOLUSDT,1776056400000,2026-04-13T05:00:00.000Z,BEAR,LONG,0,7.875,IGNORE,0,WATCH,,0,0,0,NA,NA,NA,NA,NA,CLEAR,1,0,0,0,0,TREND_REVERSAL_UNCONFIRMED,0,0.45,LONG,1,0,0,0
SOLUSDT,1776060000000,2026-04-13T06:00:00.000Z,NEUTRAL,NONE,0,7.875,IGNORE,0,WATCH,,0,0,0,NA,NA,NA,NA,NA,BLOCK,0,0,0,0,0,TREND_REVERSAL_UNCONFIRMED,0,0.45,NONE,1,0,0,0
SOLUSDT,1776063600000,2026-04-13T07:00:00.000Z,BEAR,LONG,0,7.875,IGNORE,0,WATCH,,0,0,0,NA,NA,NA,NA,NA,WARNING_SOFT,1,0,0,0,0,TREND_REVERSAL_UNCONFIRMED,0,0.45,LONG,1,0,0,0
SOLUSDT,1776067200000,2026-04-13T08:00:00.000Z,BEAR,LONG,17.5,12.909375,IGNORE,0,WATCH,,0,0,0,NA,NA,NA,NA,NA,CLEAR,1,0,0,0,0,TREND_REVERSAL_UNCONFIRMED,1,0.45,LONG,1,0,0,0
SOLUSDT,1776070800000,2026-04-13T09:00:00.000Z,BEAR,LONG,17.5,12.909375,IGNORE,0,WATCH,,0,0,0,NA,NA,NA,NA,NA,CLEAR,1,0,0,0,0,TREND_REVERSAL_UNCONFIRMED,1,0.45,LONG,1,0,0,0
SOLUSDT,1776074400000,2026-04-13T10:00:00.000Z,BEAR,LONG,42.5,18.534375,IGNORE,0,WATCH,,0,0,0,NA,NA,NA,NA,NA,CLEAR,1,0,0,0,0,TREND_REVERSAL_UNCONFIRMED,2,0.45,LONG,1,0,0,0
SOLUSDT,1776078000000,2026-04-13T11:00:00.000Z,BEAR,LONG,17.5,12.909375,IGNORE,0,WATCH,,0,0,0,NA,NA,NA,NA,NA,CLEAR,1,0,0,0,0,TREND_REVERSAL_UNCONFIRMED,1,0.45,LONG,1,0,0,0
SOLUSDT,1776081600000,2026-04-13T12:00:00.000Z,NEUTRAL,NONE,0,7.875,IGNORE,0,WATCH,,0,0,0,NA,NA,NA,NA,NA,WARNING_SOFT,1,1,0,0,0,TREND_REVERSAL_UNCONFIRMED,0,0.45,NONE,1,0,0,0
SOLUSDT,1776085200000,2026-04-13T13:00:00.000Z,NEUTRAL,NONE,0,7.875,IGNORE,0,WATCH,,0,0,0,NA,NA,NA,NA,NA,CLEAR,1,1,0,0,0,TREND_REVERSAL_UNCONFIRMED,0,0.45,NONE,1,0,0,0
SOLUSDT,1776088800000,2026-04-13T14:00:00.000Z,NEUTRAL,NONE,0,7.875,IGNORE,0,WATCH,,0,0,0,NA,NA,NA,NA,NA,CLEAR,1,0,0,0,0,TREND_REVERSAL_UNCONFIRMED,0,0.45,NONE,1,0,0,0
SOLUSDT,1776092400000,2026-04-13T15:00:00.000Z,NEUTRAL,NONE,0,7.875,IGNORE,0,WATCH,,0,0,0,NA,NA,NA,NA,NA,CLEAR,1,0,0,0,0,TREND_REVERSAL_UNCONFIRMED,0,0.45,NONE,1,0,0,0
SOLUSDT,1776096000000,2026-04-13T16:00:00.000Z,NEUTRAL,NONE,0,7.875,IGNORE,0,WATCH,,0,0,0,NA,NA,NA,NA,NA,CLEAR,1,0,0,0,0,TREND_REVERSAL_UNCONFIRMED,0,0.45,NONE,1,0,0,0
SOLUSDT,1776099600000,2026-04-13T17:00:00.000Z,NEUTRAL,NONE,0,7.875,IGNORE,0,WATCH,,0,0,0,NA,NA,NA,NA,NA,CLEAR,1,0,0,0,0,TREND_REVERSAL_UNCONFIRMED,0,0.45,NONE,1,0,0,0
SOLUSDT,1776103200000,2026-04-13T18:00:00.000Z,NEUTRAL,NONE,0,7.875,IGNORE,0,WATCH,,0,0,0,NA,NA,NA,NA,NA,CLEAR,1,0,0,0,0,TREND_REVERSAL_UNCONFIRMED,0,0.45,NONE,1,0,0,0
SOLUSDT,1776106800000,2026-04-13T19:00:00.000Z,NEUTRAL,NONE,0,7.875,IGNORE,0,WATCH,,0,0,0,NA,NA,NA,NA,NA,CLEAR,1,1,0,0,0,TREND_REVERSAL_UNCONFIRMED,0,0.45,NONE,1,0,0,0
SOLUSDT,1776110400000,2026-04-13T20:00:00.000Z,BULL,SHORT,12.663870206390158,12.528529778753224,IGNORE,0,WATCH,,0,0,0,NA,NA,NA,NA,NA,CLEAR,1,0,0,0,0,TREND_REVERSAL_UNCONFIRMED,1,0.45,SHORT,1,0,0,0
SOLUSDT,1776114000000,2026-04-13T21:00:00.000Z,BULL,SHORT,25,13.5,IGNORE,0,WATCH,,0,0,0,NA,NA,NA,NA,NA,CLEAR,1,0,0,0,0,TREND_REVERSAL_UNCONFIRMED,1,0.45,SHORT,1,0,0,0
SOLUSDT,1776117600000,2026-04-13T22:00:00.000Z,BULL,SHORT,37.84722222222222,18.16796875,IGNORE,0,WATCH,,0,0,0,NA,NA,NA,NA,NA,CLEAR,1,0,0,0,0,TREND_REVERSAL_UNCONFIRMED,2,0.45,SHORT,1,0,0,0
SOLUSDT,1776121200000,2026-04-13T23:00:00.000Z,BULL,SHORT,36.273651578951046,18.0440500618424,IGNORE,0,WATCH,,0,0,0,NA,NA,NA,NA,NA,CLEAR,1,0,0,0,0,TREND_REVERSAL_UNCONFIRMED,2,0.45,SHORT,1,0,0,0
SOLUSDT,1776124800000,2026-04-14T00:00:00.000Z,BULL,SHORT,13.696413390105715,12.609842554470825,IGNORE,0,WATCH,,0,0,0,NA,NA,NA,NA,NA,CLEAR,1,0,0,0,0,TREND_REVERSAL_UNCONFIRMED,1,0.45,SHORT,1,0,0,0
SOLUSDT,1776128400000,2026-04-14T01:00:00.000Z,BULL,SHORT,0,7.875,IGNORE,0,WATCH,,0,0,0,NA,NA,NA,NA,NA,CLEAR,1,0,0,0,0,TREND_REVERSAL_UNCONFIRMED,0,0.45,SHORT,1,0,0,0
SOLUSDT,1776132000000,2026-04-14T02:00:00.000Z,BULL,SHORT,0,7.875,IGNORE,0,WATCH,,0,0,0,NA,NA,NA,NA,NA,CLEAR,1,0,0,0,0,TREND_REVERSAL_UNCONFIRMED,0,0.45,SHORT,1,0,0,0
SOLUSDT,1776135600000,2026-04-14T03:00:00.000Z,BULL,SHORT,25,13.5,IGNORE,0,WATCH,,0,0,0,NA,NA,NA,NA,NA,CLEAR,1,0,0,0,0,TREND_REVERSAL_UNCONFIRMED,1,0.45,SHORT,1,0,0,0
SOLUSDT,1776139200000,2026-04-14T04:00:00.000Z,BULL,SHORT,0,7.875,IGNORE,0,WATCH,,0,0,0,NA,NA,NA,NA,NA,CLEAR,1,0,0,0,0,TREND_REVERSAL_UNCONFIRMED,0,0.45,SHORT,1,0,0,0
SOLUSDT,1776142800000,2026-04-14T05:00:00.000Z,BULL,SHORT,0,7.875,IGNORE,0,WATCH,,0,0,0,NA,NA,NA,NA,NA,CLEAR,1,0,0,0,0,TREND_REVERSAL_UNCONFIRMED,0,0.45,SHORT,1,0,0,0
SOLUSDT,1776146400000,2026-04-14T06:00:00.000Z,BULL,SHORT,0,7.875,IGNORE,0,WATCH,,0,0,0,NA,NA,NA,NA,NA,CLEAR,1,0,0,0,0,TREND_REVERSAL_UNCONFIRMED,0,0.45,SHORT,1,0,0,0
SOLUSDT,1776150000000,2026-04-14T07:00:00.000Z,BULL,SHORT,0,7.875,IGNORE,0,WATCH,,0,0,0,NA,NA,NA,NA,NA,CLEAR,1,0,0,0,0,TREND_REVERSAL_UNCONFIRMED,0,0.45,SHORT,1,0,0,0
SOLUSDT,1776153600000,2026-04-14T08:00:00.000Z,BULL,SHORT,0,7.875,IGNORE,0,WATCH,,0,0,0,NA,NA,NA,NA,NA,CLEAR,1,0,0,0,0,TREND_REVERSAL_UNCONFIRMED,0,0.45,SHORT,1,0,0,0
SOLUSDT,1776157200000,2026-04-14T09:00:00.000Z,BULL,SHORT,0,7.875,IGNORE,0,WATCH,,0,0,0,NA,NA,NA,NA,NA,CLEAR,1,0,0,0,0,TREND_REVERSAL_UNCONFIRMED,0,0.45,SHORT,1,0,0,0
SOLUSDT,1776160800000,2026-04-14T10:00:00.000Z,BULL,SHORT,0,7.875,IGNORE,0,WATCH,,0,0,0,NA,NA,NA,NA,NA,CLEAR,1,0,0,0,0,TREND_REVERSAL_UNCONFIRMED,0,0.45,SHORT,1,0,0,0
SOLUSDT,1776164400000,2026-04-14T11:00:00.000Z,BULL,SHORT,0,7.875,IGNORE,0,WATCH,,0,0,0,NA,NA,NA,NA,NA,WARNING_SOFT,1,0,0,0,0,TREND_REVERSAL_UNCONFIRMED,0,0.45,SHORT,1,0,0,0
SOLUSDT,1776168000000,2026-04-14T12:00:00.000Z,BULL,SHORT,0,7.875,IGNORE,0,WATCH,,0,0,0,NA,NA,NA,NA,NA,WARNING_SOFT,1,0,0,0,0,TREND_REVERSAL_UNCONFIRMED,0,0.45,SHORT,1,0,0,0
SOLUSDT,1776171600000,2026-04-14T13:00:00.000Z,BULL,SHORT,25,13.5,IGNORE,0,WATCH,,0,0,0,NA,NA,NA,NA,NA,CLEAR,1,0,0,0,0,TREND_REVERSAL_UNCONFIRMED,1,0.45,SHORT,1,0,0,0
SOLUSDT,1776175200000,2026-04-14T14:00:00.000Z,BULL,SHORT,50,19.125,IGNORE,0,WATCH,,0,0,0,NA,NA,NA,NA,NA,CLEAR,1,0,0,0,0,TREND_REVERSAL_UNCONFIRMED,2,0.45,SHORT,1,0,0,0
SOLUSDT,1776178800000,2026-04-14T15:00:00.000Z,BULL,SHORT,22.827044859258528,13.32887978266661,IGNORE,0,WATCH,,0,0,0,NA,NA,NA,NA,NA,WARNING_SOFT,1,0,0,0,0,TREND_REVERSAL_UNCONFIRMED,1,0.45,SHORT,1,0,0,0
SOLUSDT,1776182400000,2026-04-14T16:00:00.000Z,NEUTRAL,NONE,0,7.875,IGNORE,0,WATCH,,0,0,0,NA,NA,NA,NA,NA,BLOCK,0,0,0,0,0,TREND_REVERSAL_UNCONFIRMED,0,0.45,NONE,1,0,0,0
SOLUSDT,1776186000000,2026-04-14T17:00:00.000Z,NEUTRAL,NONE,0,7.875,IGNORE,0,WATCH,,0,0,0,NA,NA,NA,NA,NA,WARNING_SOFT,1,0,0,0,0,TREND_REVERSAL_UNCONFIRMED,0,0.45,NONE,1,0,0,0
SOLUSDT,1776189600000,2026-04-14T18:00:00.000Z,NEUTRAL,NONE,0,7.875,IGNORE,0,WATCH,,0,0,0,NA,NA,NA,NA,NA,WARNING_SOFT,1,0,0,0,0,TREND_REVERSAL_UNCONFIRMED,0,0.45,NONE,1,0,0,0
SOLUSDT,1776193200000,2026-04-14T19:00:00.000Z,NEUTRAL,NONE,0,7.875,IGNORE,0,WATCH,,0,0,0,NA,NA,NA,NA,NA,WARNING_SOFT,1,0,0,0,0,TREND_REVERSAL_UNCONFIRMED,0,0.45,NONE,1,0,0,0
SOLUSDT,1776196800000,2026-04-14T20:00:00.000Z,NEUTRAL,NONE,0,7.875,IGNORE,0,WATCH,,0,0,0,NA,NA,NA,NA,NA,WARNING_SOFT,1,0,0,0,0,TREND_REVERSAL_UNCONFIRMED,0,0.45,NONE,1,0,0,0
SOLUSDT,1776200400000,2026-04-14T21:00:00.000Z,NEUTRAL,NONE,0,7.875,IGNORE,0,WATCH,,0,0,0,NA,NA,NA,NA,NA,WARNING_SOFT,1,0,0,0,0,TREND_REVERSAL_UNCONFIRMED,0,0.45,NONE,1,0,0,0
SOLUSDT,1776204000000,2026-04-14T22:00:00.000Z,NEUTRAL,NONE,0,7.875,IGNORE,0,WATCH,,0,0,0,NA,NA,NA,NA,NA,WARNING_SOFT,1,0,0,0,0,TREND_REVERSAL_UNCONFIRMED,0,0.45,NONE,1,0,0,0
SOLUSDT,1776207600000,2026-04-14T23:00:00.000Z,NEUTRAL,NONE,0,7.875,IGNORE,0,WATCH,,0,0,0,NA,NA,NA,NA,NA,WARNING_SOFT,1,0,0,0,0,TREND_REVERSAL_UNCONFIRMED,0,0.45,NONE,1,0,0,0
SOLUSDT,1776211200000,2026-04-15T00:00:00.000Z,NEUTRAL,NONE,0,7.875,IGNORE,0,WATCH,,0,0,0,NA,NA,NA,NA,NA,WARNING_SOFT,1,0,0,0,0,TREND_REVERSAL_UNCONFIRMED,0,0.45,NONE,1,0,0,0
SOLUSDT,1776214800000,2026-04-15T01:00:00.000Z,NEUTRAL,NONE,0,7.875,IGNORE,0,WATCH,,0,0,0,NA,NA,NA,NA,NA,WARNING_SOFT,1,0,0,0,0,TREND_REVERSAL_UNCONFIRMED,0,0.45,NONE,1,0,0,0
SOLUSDT,1776218400000,2026-04-15T02:00:00.000Z,NEUTRAL,NONE,0,7.875,IGNORE,0,WATCH,,0,0,0,NA,NA,NA,NA,NA,WARNING_SOFT,1,0,0,0,0,TREND_REVERSAL_UNCONFIRMED,0,0.45,NONE,1,0,0,0
SOLUSDT,1776222000000,2026-04-15T03:00:00.000Z,NEUTRAL,NONE,0,7.875,IGNORE,0,WATCH,,0,0,0,NA,NA,NA,NA,NA,WARNING_SOFT,1,0,0,0,0,TREND_REVERSAL_UNCONFIRMED,0,0.45,NONE,1,0,0,0
SOLUSDT,1776225600000,2026-04-15T04:00:00.000Z,NEUTRAL,NONE,0,7.875,IGNORE,0,WATCH,,0,0,0,NA,NA,NA,NA,NA,WARNING_SOFT,1,0,0,0,0,TREND_REVERSAL_UNCONFIRMED,0,0.45,NONE,1,0,0,0
SOLUSDT,1776229200000,2026-04-15T05:00:00.000Z,BEAR,LONG,0,7.875,IGNORE,0,WATCH,,0,0,0,NA,NA,NA,NA,NA,CLEAR,1,0,0,0,0,TREND_REVERSAL_UNCONFIRMED,0,0.45,LONG,1,0,0,0
SOLUSDT,1776232800000,2026-04-15T06:00:00.000Z,BEAR,LONG,12.847222222222221,12.54296875,IGNORE,0,WATCH,,0,0,0,NA,NA,NA,NA,NA,CLEAR,1,0,0,0,0,TREND_REVERSAL_UNCONFIRMED,1,0.45,LONG,1,0,0,0
SOLUSDT,1776236400000,2026-04-15T07:00:00.000Z,BEAR,LONG,0,7.875,IGNORE,0,WATCH,,0,0,0,NA,NA,NA,NA,NA,CLEAR,1,0,0,0,0,TREND_REVERSAL_UNCONFIRMED,0,0.45,LONG,1,0,0,0
SOLUSDT,1776240000000,2026-04-15T08:00:00.000Z,BEAR,LONG,25,13.5,IGNORE,0,WATCH,,0,0,0,NA,NA,NA,NA,NA,CLEAR,1,0,0,0,0,TREND_REVERSAL_UNCONFIRMED,1,0.45,LONG,1,0,0,0
SOLUSDT,1776243600000,2026-04-15T09:00:00.000Z,BEAR,LONG,0,7.875,IGNORE,0,WATCH,,0,0,0,NA,NA,NA,NA,NA,CLEAR,1,0,0,0,0,TREND_REVERSAL_UNCONFIRMED,0,0.45,LONG,1,0,0,0
SOLUSDT,1776247200000,2026-04-15T10:00:00.000Z,BEAR,LONG,0,7.875,IGNORE,0,WATCH,,0,0,0,NA,NA,NA,NA,NA,CLEAR,1,0,0,0,0,TREND_REVERSAL_UNCONFIRMED,0,0.45,LONG,1,0,0,0
SOLUSDT,1776250800000,2026-04-15T11:00:00.000Z,BEAR,LONG,25,13.5,IGNORE,0,WATCH,,0,0,0,NA,NA,NA,NA,NA,CLEAR,1,0,0,0,0,TREND_REVERSAL_UNCONFIRMED,1,0.45,LONG,1,0,0,0
SOLUSDT,1776254400000,2026-04-15T12:00:00.000Z,BEAR,LONG,0,7.875,IGNORE,0,WATCH,,0,0,0,NA,NA,NA,NA,NA,WARNING_SOFT,1,0,0,0,0,TREND_REVERSAL_UNCONFIRMED,0,0.45,LONG,1,0,0,0
SOLUSDT,1776258000000,2026-04-15T13:00:00.000Z,BEAR,LONG,12.595201347199158,12.523122106091932,IGNORE,0,WATCH,,0,0,0,NA,NA,NA,NA,NA,WARNING_SOFT,1,0,0,0,0,TREND_REVERSAL_UNCONFIRMED,1,0.45,LONG,1,0,0,0
SOLUSDT,1776261600000,2026-04-15T14:00:00.000Z,NEUTRAL,NONE,0,7.875,IGNORE,0,WATCH,,0,0,0,NA,NA,NA,NA,NA,WARNING_HARD,1,0,0,0,0,TREND_REVERSAL_UNCONFIRMED,0,0.45,NONE,1,0,0,0
SOLUSDT,1776265200000,2026-04-15T15:00:00.000Z,NEUTRAL,NONE,0,7.875,IGNORE,0,WATCH,,0,0,0,NA,NA,NA,NA,NA,WARNING_HARD,1,0,0,0,0,TREND_REVERSAL_UNCONFIRMED,0,0.45,NONE,1,0,0,0
SOLUSDT,1776268800000,2026-04-15T16:00:00.000Z,NEUTRAL,NONE,0,7.875,IGNORE,0,WATCH,,0,0,0,NA,NA,NA,NA,NA,WARNING_HARD,1,0,0,0,0,TREND_REVERSAL_UNCONFIRMED,0,0.45,NONE,1,0,0,0
SOLUSDT,1776272400000,2026-04-15T17:00:00.000Z,NEUTRAL,NONE,0,7.875,IGNORE,0,WATCH,,0,0,0,NA,NA,NA,NA,NA,CLEAR,1,0,0,0,0,TREND_REVERSAL_UNCONFIRMED,0,0.45,NONE,1,0,0,0
SOLUSDT,1776276000000,2026-04-15T18:00:00.000Z,NEUTRAL,NONE,0,7.875,IGNORE,0,WATCH,,0,0,0,NA,NA,NA,NA,NA,CLEAR,1,0,0,0,0,TREND_REVERSAL_UNCONFIRMED,0,0.45,NONE,1,0,0,0
SOLUSDT,1776279600000,2026-04-15T19:00:00.000Z,BULL,SHORT,31.03063063731329,17.63116216268842,IGNORE,0,WATCH,,0,0,0,NA,NA,NA,NA,NA,CLEAR,1,0,0,0,0,TREND_REVERSAL_UNCONFIRMED,2,0.45,SHORT,1,0,0,0
SOLUSDT,1776283200000,2026-04-15T20:00:00.000Z,BULL,SHORT,42.5,18.534375,IGNORE,0,WATCH,,0,0,0,NA,NA,NA,NA,NA,CLEAR,1,0,0,0,0,TREND_REVERSAL_UNCONFIRMED,2,0.45,SHORT,1,0,0,0
SOLUSDT,1776286800000,2026-04-15T21:00:00.000Z,BULL,SHORT,17.5,12.909375,IGNORE,0,WATCH,,0,0,0,NA,NA,NA,NA,NA,CLEAR,1,0,0,0,0,TREND_REVERSAL_UNCONFIRMED,1,0.45,SHORT,1,0,0,0
SOLUSDT,1776290400000,2026-04-15T22:00:00.000Z,BULL,SHORT,0,7.875,IGNORE,0,WATCH,,0,0,0,NA,NA,NA,NA,NA,CLEAR,1,0,0,0,0,TREND_REVERSAL_UNCONFIRMED,0,0.45,SHORT,1,0,0,0
SOLUSDT,1776294000000,2026-04-15T23:00:00.000Z,BULL,SHORT,0,7.875,IGNORE,0,WATCH,,0,0,0,NA,NA,NA,NA,NA,CLEAR,1,0,0,0,0,TREND_REVERSAL_UNCONFIRMED,0,0.45,SHORT,1,0,0,0
SOLUSDT,1776297600000,2026-04-16T00:00:00.000Z,BULL,SHORT,25,13.5,IGNORE,0,WATCH,,0,0,0,NA,NA,NA,NA,NA,CLEAR,1,0,0,0,0,TREND_REVERSAL_UNCONFIRMED,1,0.45,SHORT,1,0,0,0
SOLUSDT,1776301200000,2026-04-16T01:00:00.000Z,BULL,SHORT,0,7.875,IGNORE,0,WATCH,,0,0,0,NA,NA,NA,NA,NA,CLEAR,1,0,0,0,0,TREND_REVERSAL_UNCONFIRMED,0,0.45,SHORT,1,0,0,0
SOLUSDT,1776304800000,2026-04-16T02:00:00.000Z,BULL,SHORT,0,7.875,IGNORE,0,WATCH,,0,0,0,NA,NA,NA,NA,NA,CLEAR,1,0,0,0,0,TREND_REVERSAL_UNCONFIRMED,0,0.45,SHORT,1,0,0,0
SOLUSDT,1776308400000,2026-04-16T03:00:00.000Z,BULL,SHORT,0,7.875,IGNORE,0,WATCH,,0,0,0,NA,NA,NA,NA,NA,CLEAR,1,0,0,0,0,TREND_REVERSAL_UNCONFIRMED,0,0.45,SHORT,1,0,0,0
SOLUSDT,1776312000000,2026-04-16T04:00:00.000Z,BULL,SHORT,0,7.875,IGNORE,0,WATCH,,0,0,0,NA,NA,NA,NA,NA,CLEAR,1,0,0,0,0,TREND_REVERSAL_UNCONFIRMED,0,0.45,SHORT,1,0,0,0
SOLUSDT,1776315600000,2026-04-16T05:00:00.000Z,BULL,SHORT,17.5,12.909375,IGNORE,0,WATCH,,0,0,0,NA,NA,NA,NA,NA,CLEAR,1,0,0,0,0,TREND_REVERSAL_UNCONFIRMED,1,0.45,SHORT,1,0,0,0
SOLUSDT,1776319200000,2026-04-16T06:00:00.000Z,BULL,SHORT,17.5,12.909375,IGNORE,0,WATCH,,0,0,0,NA,NA,NA,NA,NA,CLEAR,1,0,0,0,0,TREND_REVERSAL_UNCONFIRMED,1,0.45,SHORT,1,0,0,0
SOLUSDT,1776322800000,2026-04-16T07:00:00.000Z,BULL,SHORT,17.5,12.909375,IGNORE,0,WATCH,,0,0,0,NA,NA,NA,NA,NA,CLEAR,1,0,0,0,0,TREND_REVERSAL_UNCONFIRMED,1,0.45,SHORT,1,0,0,0
SOLUSDT,1776326400000,2026-04-16T08:00:00.000Z,BULL,SHORT,17.5,12.909375,IGNORE,0,WATCH,,0,0,0,NA,NA,NA,NA,NA,CLEAR,1,0,0,0,0,TREND_REVERSAL_UNCONFIRMED,1,0.45,SHORT,1,0,0,0
SOLUSDT,1776330000000,2026-04-16T09:00:00.000Z,BULL,SHORT,17.5,12.909375,IGNORE,0,WATCH,,0,0,0,NA,NA,NA,NA,NA,WARNING_HARD,1,0,0,0,0,TREND_REVERSAL_UNCONFIRMED,1,0.45,SHORT,1,0,0,0
SOLUSDT,1776333600000,2026-04-16T10:00:00.000Z,BULL,SHORT,16.87781745774162,12.860378124797153,IGNORE,0,WATCH,,0,0,0,NA,NA,NA,NA,NA,BLOCK,0,0,0,0,0,TREND_REVERSAL_UNCONFIRMED,1,0.45,SHORT,1,0,0,0
SOLUSDT,1776337200000,2026-04-16T11:00:00.000Z,BULL,SHORT,0,7.875,IGNORE,0,WATCH,,0,0,0,NA,NA,NA,NA,NA,WARNING_SOFT,1,0,0,0,0,TREND_REVERSAL_UNCONFIRMED,0,0.45,SHORT,1,0,0,0
SOLUSDT,1776340800000,2026-04-16T12:00:00.000Z,BULL,SHORT,0,7.875,IGNORE,0,WATCH,,0,0,0,NA,NA,NA,NA,NA,BLOCK,0,0,0,0,0,TREND_REVERSAL_UNCONFIRMED,0,0.45,SHORT,1,0,0,0
SOLUSDT,1776344400000,2026-04-16T13:00:00.000Z,NEUTRAL,NONE,0,7.875,IGNORE,0,WATCH,,0,0,0,NA,NA,NA,NA,NA,BLOCK,0,0,0,0,0,TREND_REVERSAL_UNCONFIRMED,0,0.45,NONE,1,0,0,0
SOLUSDT,1776348000000,2026-04-16T14:00:00.000Z,BULL,SHORT,25,13.5,IGNORE,0,WATCH,,0,0,0,NA,NA,NA,NA,NA,BLOCK,0,0,0,0,0,TREND_REVERSAL_UNCONFIRMED,1,0.45,SHORT,1,0,0,0
SOLUSDT,1776351600000,2026-04-16T15:00:00.000Z,BULL,SHORT,25,13.5,IGNORE,0,WATCH,,0,0,0,NA,NA,NA,NA,NA,CLEAR,1,0,0,0,0,TREND_REVERSAL_UNCONFIRMED,1,0.45,SHORT,1,0,0,0
SOLUSDT,1776355200000,2026-04-16T16:00:00.000Z,BULL,SHORT,50,19.125,IGNORE,0,WATCH,,0,0,0,NA,NA,NA,NA,NA,WARNING_HARD,1,0,0,0,0,TREND_REVERSAL_UNCONFIRMED,2,0.45,SHORT,1,0,0,0
SOLUSDT,1776358800000,2026-04-16T17:00:00.000Z,BULL,SHORT,16.71432545678301,12.847503129721662,IGNORE,0,WATCH,,0,0,0,NA,NA,NA,NA,NA,WARNING_SOFT,1,0,0,0,0,TREND_REVERSAL_UNCONFIRMED,1,0.45,SHORT,1,0,0,0
SOLUSDT,1776362400000,2026-04-16T18:00:00.000Z,BULL,SHORT,39.58333333333333,18.3046875,IGNORE,0,WATCH,,0,0,0,NA,NA,NA,NA,NA,CLEAR,1,0,0,0,0,TREND_REVERSAL_UNCONFIRMED,2,0.45,SHORT,1,0,0,0
SOLUSDT,1776366000000,2026-04-16T19:00:00.000Z,BULL,SHORT,39.58333333333333,18.3046875,IGNORE,0,WATCH,,0,0,0,NA,NA,NA,NA,NA,CLEAR,1,1,0,0,0,TREND_REVERSAL_UNCONFIRMED,2,0.45,SHORT,1,0,0,0
SOLUSDT,1776369600000,2026-04-16T20:00:00.000Z,BULL,SHORT,36.97583329069768,18.099346871642442,IGNORE,0,WATCH,,0,0,0,NA,NA,NA,NA,NA,CLEAR,1,0,0,0,0,TREND_REVERSAL_UNCONFIRMED,2,0.45,SHORT,1,0,0,0
SOLUSDT,1776373200000,2026-04-16T21:00:00.000Z,BULL,SHORT,25,13.5,IGNORE,0,WATCH,,0,0,0,NA,NA,NA,NA,NA,CLEAR,1,0,0,0,0,TREND_REVERSAL_UNCONFIRMED,1,0.45,SHORT,1,0,0,0
SOLUSDT,1776376800000,2026-04-16T22:00:00.000Z,BULL,SHORT,0,7.875,IGNORE,0,WATCH,,0,0,0,NA,NA,NA,NA,NA,CLEAR,1,0,0,0,0,TREND_REVERSAL_UNCONFIRMED,0,0.45,SHORT,1,0,0,0
SOLUSDT,1776380400000,2026-04-16T23:00:00.000Z,BULL,SHORT,0,7.875,IGNORE,0,WATCH,,0,0,0,NA,NA,NA,NA,NA,CLEAR,1,0,0,0,0,TREND_REVERSAL_UNCONFIRMED,0,0.45,SHORT,1,0,0,0
SOLUSDT,1776384000000,2026-04-17T00:00:00.000Z,BULL,SHORT,0,7.875,IGNORE,0,WATCH,,0,0,0,NA,NA,NA,NA,NA,CLEAR,1,0,0,0,0,TREND_REVERSAL_UNCONFIRMED,0,0.45,SHORT,1,0,0,0
SOLUSDT,1776387600000,2026-04-17T01:00:00.000Z,BULL,SHORT,0,7.875,IGNORE,0,WATCH,,0,0,0,NA,NA,NA,NA,NA,WARNING_SOFT,1,0,0,0,0,TREND_REVERSAL_UNCONFIRMED,0,0.45,SHORT,1,0,0,0
SOLUSDT,1776391200000,2026-04-17T02:00:00.000Z,BULL,SHORT,0,7.875,IGNORE,0,WATCH,,0,0,0,NA,NA,NA,NA,NA,WARNING_SOFT,1,0,0,0,0,TREND_REVERSAL_UNCONFIRMED,0,0.45,SHORT,1,0,0,0
SOLUSDT,1776394800000,2026-04-17T03:00:00.000Z,BULL,SHORT,0,7.875,IGNORE,0,WATCH,,0,0,0,NA,NA,NA,NA,NA,WARNING_SOFT,1,0,0,0,0,TREND_REVERSAL_UNCONFIRMED,0,0.45,SHORT,1,0,0,0
SOLUSDT,1776398400000,2026-04-17T04:00:00.000Z,BULL,SHORT,0,7.875,IGNORE,0,WATCH,,0,0,0,NA,NA,NA,NA,NA,WARNING_SOFT,1,0,0,0,0,TREND_REVERSAL_UNCONFIRMED,0,0.45,SHORT,1,0,0,0
SOLUSDT,1776402000000,2026-04-17T05:00:00.000Z,NEUTRAL,NONE,0,7.875,IGNORE,0,WATCH,,0,0,0,NA,NA,NA,NA,NA,WARNING_SOFT,1,0,0,0,0,TREND_REVERSAL_UNCONFIRMED,0,0.45,NONE,1,0,0,0
SOLUSDT,1776405600000,2026-04-17T06:00:00.000Z,BULL,SHORT,0,7.875,IGNORE,0,WATCH,,0,0,0,NA,NA,NA,NA,NA,WARNING_SOFT,1,0,0,0,0,TREND_REVERSAL_UNCONFIRMED,0,0.45,SHORT,1,0,0,0
SOLUSDT,1776409200000,2026-04-17T07:00:00.000Z,BULL,SHORT,0,7.875,IGNORE,0,WATCH,,0,0,0,NA,NA,NA,NA,NA,CLEAR,1,0,0,0,0,TREND_REVERSAL_UNCONFIRMED,0,0.45,SHORT,1,0,0,0
SOLUSDT,1776412800000,2026-04-17T08:00:00.000Z,BULL,SHORT,0,7.875,IGNORE,0,WATCH,,0,0,0,NA,NA,NA,NA,NA,CLEAR,1,0,0,0,0,TREND_REVERSAL_UNCONFIRMED,0,0.45,SHORT,1,0,0,0
SOLUSDT,1776416400000,2026-04-17T09:00:00.000Z,BULL,SHORT,25,13.5,IGNORE,0,WATCH,,0,0,0,NA,NA,NA,NA,NA,CLEAR,1,0,0,0,0,TREND_REVERSAL_UNCONFIRMED,1,0.45,SHORT,1,0,0,0
SOLUSDT,1776420000000,2026-04-17T10:00:00.000Z,NEUTRAL,NONE,0,7.875,IGNORE,0,WATCH,,0,0,0,NA,NA,NA,NA,NA,BLOCK,0,0,0,0,0,TREND_REVERSAL_UNCONFIRMED,0,0.45,NONE,1,0,0,0
SOLUSDT,1776423600000,2026-04-17T11:00:00.000Z,BULL,SHORT,0,7.875,IGNORE,0,WATCH,,0,0,0,NA,NA,NA,NA,NA,WARNING_SOFT,1,0,0,0,0,TREND_REVERSAL_UNCONFIRMED,0,0.45,SHORT,1,0,0,0
SOLUSDT,1776427200000,2026-04-17T12:00:00.000Z,BULL,SHORT,17.5,12.909375,IGNORE,0,WATCH,,0,0,0,NA,NA,NA,NA,NA,WARNING_SOFT,1,0,0,0,0,TREND_REVERSAL_UNCONFIRMED,1,0.45,SHORT,1,0,0,0
SOLUSDT,1776430800000,2026-04-17T13:00:00.000Z,BULL,SHORT,42.5,18.534375,IGNORE,0,WATCH,,0,0,0,NA,NA,NA,NA,NA,CLEAR,1,0,0,0,0,TREND_REVERSAL_UNCONFIRMED,2,0.45,SHORT,1,0,0,0
SOLUSDT,1776434400000,2026-04-17T14:00:00.000Z,BULL,SHORT,40.92877184761184,18.410640782999433,IGNORE,0,WATCH,,0,0,0,NA,NA,NA,NA,NA,CLEAR,1,0,0,0,0,TREND_REVERSAL_UNCONFIRMED,2,0.45,SHORT,1,0,0,0
SOLUSDT,1776438000000,2026-04-17T15:00:00.000Z,BULL,SHORT,30.42120532767322,17.583169919554265,IGNORE,0,WATCH,,0,0,0,NA,NA,NA,NA,NA,CLEAR,1,0,0,0,0,TREND_REVERSAL_UNCONFIRMED,2,0.45,SHORT,1,0,0,0
SOLUSDT,1776441600000,2026-04-17T16:00:00.000Z,BULL,SHORT,17.5,12.909375,IGNORE,0,WATCH,,0,0,0,NA,NA,NA,NA,NA,CLEAR,1,0,0,0,0,TREND_REVERSAL_UNCONFIRMED,1,0.45,SHORT,1,0,0,0
SOLUSDT,1776445200000,2026-04-17T17:00:00.000Z,BULL,SHORT,37.533381869661255,18.143253822235824,IGNORE,0,WATCH,,0,0,0,NA,NA,NA,NA,NA,CLEAR,1,0,0,0,0,TREND_REVERSAL_UNCONFIRMED,2,0.45,SHORT,1,0,0,0
SOLUSDT,1776448800000,2026-04-17T18:00:00.000Z,BULL,SHORT,0,7.875,IGNORE,0,WATCH,,0,0,0,NA,NA,NA,NA,NA,WARNING_SOFT,1,0,0,0,0,TREND_REVERSAL_UNCONFIRMED,0,0.45,SHORT,1,0,0,0
SOLUSDT,1776452400000,2026-04-17T19:00:00.000Z,BULL,SHORT,0,7.875,IGNORE,0,WATCH,,0,0,0,NA,NA,NA,NA,NA,WARNING_SOFT,1,0,0,0,0,TREND_REVERSAL_UNCONFIRMED,0,0.45,SHORT,1,0,0,0
SOLUSDT,1776456000000,2026-04-17T20:00:00.000Z,BULL,SHORT,0,7.875,IGNORE,0,WATCH,,0,0,0,NA,NA,NA,NA,NA,WARNING_SOFT,1,0,0,0,0,TREND_REVERSAL_UNCONFIRMED,0,0.45,SHORT,1,0,0,0
SOLUSDT,1776459600000,2026-04-17T21:00:00.000Z,BULL,SHORT,0,7.875,IGNORE,0,WATCH,,0,0,0,NA,NA,NA,NA,NA,WARNING_SOFT,1,0,0,0,0,TREND_REVERSAL_UNCONFIRMED,0,0.45,SHORT,1,0,0,0
SOLUSDT,1776463200000,2026-04-17T22:00:00.000Z,BULL,SHORT,0,7.875,IGNORE,0,WATCH,,0,0,0,NA,NA,NA,NA,NA,WARNING_SOFT,1,0,0,0,0,TREND_REVERSAL_UNCONFIRMED,0,0.45,SHORT,1,0,0,0
SOLUSDT,1776466800000,2026-04-17T23:00:00.000Z,NEUTRAL,NONE,0,7.875,IGNORE,0,WATCH,,0,0,0,NA,NA,NA,NA,NA,WARNING_SOFT,1,0,0,0,0,TREND_REVERSAL_UNCONFIRMED,0,0.45,NONE,1,0,0,0
SOLUSDT,1776470400000,2026-04-18T00:00:00.000Z,BULL,SHORT,0,7.875,IGNORE,0,WATCH,,0,0,0,NA,NA,NA,NA,NA,WARNING_SOFT,1,0,0,0,0,TREND_REVERSAL_UNCONFIRMED,0,0.45,SHORT,1,0,0,0
SOLUSDT,1776474000000,2026-04-18T01:00:00.000Z,NEUTRAL,NONE,0,7.875,IGNORE,0,WATCH,,0,0,0,NA,NA,NA,NA,NA,WARNING_SOFT,1,0,0,0,0,TREND_REVERSAL_UNCONFIRMED,0,0.45,NONE,1,0,0,0
SOLUSDT,1776477600000,2026-04-18T02:00:00.000Z,BULL,SHORT,0,7.875,IGNORE,0,WATCH,,0,0,0,NA,NA,NA,NA,NA,WARNING_SOFT,1,0,0,0,0,TREND_REVERSAL_UNCONFIRMED,0,0.45,SHORT,1,0,0,0
SOLUSDT,1776481200000,2026-04-18T03:00:00.000Z,NEUTRAL,NONE,0,7.875,IGNORE,0,WATCH,,0,0,0,NA,NA,NA,NA,NA,WARNING_SOFT,1,0,0,0,0,TREND_REVERSAL_UNCONFIRMED,0,0.45,NONE,1,0,0,0
SOLUSDT,1776484800000,2026-04-18T04:00:00.000Z,NEUTRAL,NONE,0,7.875,IGNORE,0,WATCH,,0,0,0,NA,NA,NA,NA,NA,WARNING_SOFT,1,0,0,0,0,TREND_REVERSAL_UNCONFIRMED,0,0.45,NONE,1,0,0,0
SOLUSDT,1776488400000,2026-04-18T05:00:00.000Z,NEUTRAL,NONE,0,7.875,IGNORE,0,WATCH,,0,0,0,NA,NA,NA,NA,NA,WARNING_SOFT,1,0,0,0,0,TREND_REVERSAL_UNCONFIRMED,0,0.45,NONE,1,0,0,0
SOLUSDT,1776492000000,2026-04-18T06:00:00.000Z,NEUTRAL,NONE,0,7.875,IGNORE,0,WATCH,,0,0,0,NA,NA,NA,NA,NA,WARNING_SOFT,1,0,0,0,0,TREND_REVERSAL_UNCONFIRMED,0,0.45,NONE,1,0,0,0
SOLUSDT,1776495600000,2026-04-18T07:00:00.000Z,NEUTRAL,NONE,0,7.875,IGNORE,0,WATCH,,0,0,0,NA,NA,NA,NA,NA,WARNING_SOFT,1,0,0,0,0,TREND_REVERSAL_UNCONFIRMED,0,0.45,NONE,1,0,0,0
SOLUSDT,1776499200000,2026-04-18T08:00:00.000Z,NEUTRAL,NONE,0,7.875,IGNORE,0,WATCH,,0,0,0,NA,NA,NA,NA,NA,BLOCK,0,0,0,0,0,TREND_REVERSAL_UNCONFIRMED,0,0.45,NONE,1,0,0,0
SOLUSDT,1776502800000,2026-04-18T09:00:00.000Z,NEUTRAL,NONE,0,7.875,IGNORE,0,WATCH,,0,0,0,NA,NA,NA,NA,NA,BLOCK,0,0,0,0,0,TREND_REVERSAL_UNCONFIRMED,0,0.45,NONE,1,0,0,0
SOLUSDT,1776506400000,2026-04-18T10:00:00.000Z,NEUTRAL,NONE,0,7.875,IGNORE,0,WATCH,,0,0,0,NA,NA,NA,NA,NA,BLOCK,0,0,1,0,0,TREND_REVERSAL_UNCONFIRMED,0,0.45,NONE,1,0,0,0
SOLUSDT,1776510000000,2026-04-18T11:00:00.000Z,NEUTRAL,NONE,0,7.875,IGNORE,0,WATCH,,0,0,0,NA,NA,NA,NA,NA,BLOCK,0,0,0,0,0,TREND_REVERSAL_UNCONFIRMED,0,0.45,NONE,1,0,0,0
SOLUSDT,1776513600000,2026-04-18T12:00:00.000Z,NEUTRAL,NONE,0,7.875,IGNORE,0,WATCH,,0,0,0,NA,NA,NA,NA,NA,WARNING_SOFT,1,0,0,0,0,TREND_REVERSAL_UNCONFIRMED,0,0.45,NONE,1,0,0,0
SOLUSDT,1776517200000,2026-04-18T13:00:00.000Z,NEUTRAL,NONE,0,7.875,IGNORE,0,WATCH,,0,0,0,NA,NA,NA,NA,NA,WARNING_SOFT,1,0,0,0,0,TREND_REVERSAL_UNCONFIRMED,0,0.45,NONE,1,0,0,0
SOLUSDT,1776520800000,2026-04-18T14:00:00.000Z,NEUTRAL,NONE,0,7.875,IGNORE,0,WATCH,,0,0,0,NA,NA,NA,NA,NA,WARNING_SOFT,1,0,0,0,0,TREND_REVERSAL_UNCONFIRMED,0,0.45,NONE,1,0,0,0
SOLUSDT,1776524400000,2026-04-18T15:00:00.000Z,NEUTRAL,NONE,0,7.875,IGNORE,0,WATCH,,0,0,0,NA,NA,NA,NA,NA,WARNING_SOFT,1,0,0,0,0,TREND_REVERSAL_UNCONFIRMED,0,0.45,NONE,1,0,0,0
SOLUSDT,1776528000000,2026-04-18T16:00:00.000Z,BEAR,LONG,0,7.875,IGNORE,0,WATCH,,0,0,0,NA,NA,NA,NA,NA,CLEAR,1,0,0,0,0,TREND_REVERSAL_UNCONFIRMED,0,0.45,LONG,1,0,0,0
SOLUSDT,1776531600000,2026-04-18T17:00:00.000Z,BEAR,LONG,0,7.875,IGNORE,0,WATCH,,0,0,0,NA,NA,NA,NA,NA,CLEAR,1,0,0,0,0,TREND_REVERSAL_UNCONFIRMED,0,0.45,LONG,1,0,0,0
SOLUSDT,1776535200000,2026-04-18T18:00:00.000Z,BEAR,LONG,25,13.5,IGNORE,0,WATCH,,0,0,0,NA,NA,NA,NA,NA,CLEAR,1,0,1,0,0,TREND_REVERSAL_UNCONFIRMED,1,0.45,LONG,1,0,0,0
SOLUSDT,1776538800000,2026-04-18T19:00:00.000Z,BEAR,LONG,25,13.5,IGNORE,0,WATCH,,0,0,0,NA,NA,NA,NA,NA,CLEAR,1,0,0,0,0,TREND_REVERSAL_UNCONFIRMED,1,0.45,LONG,1,0,0,0
SOLUSDT,1776542400000,2026-04-18T20:00:00.000Z,BEAR,LONG,0,7.875,IGNORE,0,WATCH,,0,0,0,NA,NA,NA,NA,NA,CLEAR,1,0,0,0,0,TREND_REVERSAL_UNCONFIRMED,0,0.45,LONG,1,0,0,0
SOLUSDT,1776546000000,2026-04-18T21:00:00.000Z,BEAR,LONG,0,7.875,IGNORE,0,WATCH,,0,0,0,NA,NA,NA,NA,NA,CLEAR,1,0,0,0,0,TREND_REVERSAL_UNCONFIRMED,0,0.45,LONG,1,0,0,0
SOLUSDT,1776549600000,2026-04-18T22:00:00.000Z,BEAR,LONG,0,7.875,IGNORE,0,WATCH,,0,0,0,NA,NA,NA,NA,NA,CLEAR,1,0,0,0,0,TREND_REVERSAL_UNCONFIRMED,0,0.45,LONG,1,0,0,0
SOLUSDT,1776553200000,2026-04-18T23:00:00.000Z,BEAR,LONG,0,7.875,IGNORE,0,WATCH,,0,0,0,NA,NA,NA,NA,NA,CLEAR,1,0,0,0,0,TREND_REVERSAL_UNCONFIRMED,0,0.45,LONG,1,0,0,0
SOLUSDT,1776556800000,2026-04-19T00:00:00.000Z,BEAR,LONG,0,7.875,IGNORE,0,WATCH,,0,0,0,NA,NA,NA,NA,NA,CLEAR,1,0,0,0,0,TREND_REVERSAL_UNCONFIRMED,0,0.45,LONG,1,0,0,0
SOLUSDT,1776560400000,2026-04-19T01:00:00.000Z,BEAR,LONG,0,7.875,IGNORE,0,WATCH,,0,0,0,NA,NA,NA,NA,NA,CLEAR,1,0,0,0,0,TREND_REVERSAL_UNCONFIRMED,0,0.45,LONG,1,0,0,0
SOLUSDT,1776564000000,2026-04-19T02:00:00.000Z,BEAR,LONG,13.746494081851683,12.61378640894582,IGNORE,0,WATCH,,0,0,0,NA,NA,NA,NA,NA,CLEAR,1,0,0,0,0,TREND_REVERSAL_UNCONFIRMED,1,0.45,LONG,1,0,0,0
SOLUSDT,1776567600000,2026-04-19T03:00:00.000Z,BEAR,LONG,0,7.875,IGNORE,0,WATCH,,0,0,0,NA,NA,NA,NA,NA,CLEAR,1,0,0,0,0,TREND_REVERSAL_UNCONFIRMED,0,0.45,LONG,1,0,0,0
SOLUSDT,1776571200000,2026-04-19T04:00:00.000Z,BEAR,LONG,0,7.875,IGNORE,0,WATCH,,0,0,0,NA,NA,NA,NA,NA,CLEAR,1,0,0,0,0,TREND_REVERSAL_UNCONFIRMED,0,0.45,LONG,1,0,0,0
SOLUSDT,1776574800000,2026-04-19T05:00:00.000Z,BEAR,LONG,14.583333333333332,12.6796875,IGNORE,0,WATCH,,0,0,0,NA,NA,NA,NA,NA,CLEAR,1,0,0,0,0,TREND_REVERSAL_UNCONFIRMED,1,0.45,LONG,1,0,0,0
SOLUSDT,1776578400000,2026-04-19T06:00:00.000Z,BEAR,LONG,0,7.875,IGNORE,0,WATCH,,0,0,0,NA,NA,NA,NA,NA,CLEAR,1,0,0,0,0,TREND_REVERSAL_UNCONFIRMED,0,0.45,LONG,1,0,0,0
SOLUSDT,1776582000000,2026-04-19T07:00:00.000Z,BEAR,LONG,37.84722222222222,18.16796875,IGNORE,0,WATCH,,0,0,0,NA,NA,NA,NA,NA,CLEAR,1,0,1,0,0,TREND_REVERSAL_UNCONFIRMED,2,0.45,LONG,1,0,0,0
SOLUSDT,1776585600000,2026-04-19T08:00:00.000Z,BEAR,LONG,39.93055555555556,18.33203125,IGNORE,0,WATCH,,0,0,0,NA,NA,NA,NA,NA,CLEAR,1,0,0,0,0,TREND_REVERSAL_UNCONFIRMED,2,0.45,LONG,1,0,0,0
SOLUSDT,1776589200000,2026-04-19T09:00:00.000Z,BEAR,LONG,14.930555555555555,12.70703125,IGNORE,0,WATCH,,0,0,0,NA,NA,NA,NA,NA,CLEAR,1,0,0,0,0,TREND_REVERSAL_UNCONFIRMED,1,0.45,LONG,1,0,0,0
SOLUSDT,1776592800000,2026-04-19T10:00:00.000Z,BEAR,LONG,0,7.875,IGNORE,0,WATCH,,0,0,0,NA,NA,NA,NA,NA,CLEAR,1,0,0,0,0,TREND_REVERSAL_UNCONFIRMED,0,0.45,LONG,1,0,0,0
SOLUSDT,1776596400000,2026-04-19T11:00:00.000Z,BEAR,LONG,20.837629739989264,13.172213342024156,IGNORE,0,WATCH,,0,0,0,NA,NA,NA,NA,NA,WARNING_SOFT,1,1,0,1,0,TREND_REVERSAL_UNCONFIRMED,1,0.45,LONG,1,0,0,0
SOLUSDT,1776600000000,2026-04-19T12:00:00.000Z,NEUTRAL,NONE,0,7.875,IGNORE,0,WATCH,,0,0,0,NA,NA,NA,NA,NA,WARNING_HARD,1,1,0,0,0,TREND_REVERSAL_UNCONFIRMED,0,0.45,NONE,1,0,0,0
SOLUSDT,1776603600000,2026-04-19T13:00:00.000Z,NEUTRAL,NONE,0,7.875,IGNORE,0,WATCH,,0,0,0,NA,NA,NA,NA,NA,CLEAR,1,1,0,0,0,TREND_REVERSAL_UNCONFIRMED,0,0.45,NONE,1,0,0,0
SOLUSDT,1776607200000,2026-04-19T14:00:00.000Z,NEUTRAL,NONE,0,7.875,IGNORE,0,WATCH,,0,0,0,NA,NA,NA,NA,NA,CLEAR,1,0,0,0,0,TREND_REVERSAL_UNCONFIRMED,0,0.45,NONE,1,0,0,0
SOLUSDT,1776610800000,2026-04-19T15:00:00.000Z,NEUTRAL,NONE,0,7.875,IGNORE,0,WATCH,,0,0,0,NA,NA,NA,NA,NA,CLEAR,1,0,0,0,0,TREND_REVERSAL_UNCONFIRMED,0,0.45,NONE,1,0,0,0
SOLUSDT,1776614400000,2026-04-19T16:00:00.000Z,BEAR,LONG,0,7.875,IGNORE,0,WATCH,,0,0,0,NA,NA,NA,NA,NA,WARNING_SOFT,1,0,0,0,0,TREND_REVERSAL_UNCONFIRMED,0,0.45,LONG,1,0,0,0
SOLUSDT,1776618000000,2026-04-19T17:00:00.000Z,BEAR,LONG,16.125828291901797,12.801158977987267,IGNORE,0,WATCH,,0,0,0,NA,NA,NA,NA,NA,CLEAR,1,0,0,0,0,TREND_REVERSAL_UNCONFIRMED,1,0.45,LONG,1,0,0,0
SOLUSDT,1776621600000,2026-04-19T18:00:00.000Z,BEAR,LONG,0,7.875,IGNORE,0,WATCH,,0,0,0,NA,NA,NA,NA,NA,CLEAR,1,0,0,0,0,TREND_REVERSAL_UNCONFIRMED,0,0.45,LONG,1,0,0,0
SOLUSDT,1776625200000,2026-04-19T19:00:00.000Z,BEAR,LONG,0,7.875,IGNORE,0,WATCH,,0,0,0,NA,NA,NA,NA,NA,CLEAR,1,0,0,0,0,TREND_REVERSAL_UNCONFIRMED,0,0.45,LONG,1,0,0,0
SOLUSDT,1776628800000,2026-04-19T20:00:00.000Z,BEAR,LONG,0,7.875,IGNORE,0,WATCH,,0,0,0,NA,NA,NA,NA,NA,CLEAR,1,0,0,0,0,TREND_REVERSAL_UNCONFIRMED,0,0.45,LONG,1,0,0,0
SOLUSDT,1776632400000,2026-04-19T21:00:00.000Z,BEAR,LONG,0,7.875,IGNORE,0,WATCH,,0,0,0,NA,NA,NA,NA,NA,CLEAR,1,0,0,0,0,TREND_REVERSAL_UNCONFIRMED,0,0.45,LONG,1,0,0,0
SOLUSDT,1776636000000,2026-04-19T22:00:00.000Z,BEAR,LONG,25,13.5,IGNORE,0,WATCH,,0,0,0,NA,NA,NA,NA,NA,CLEAR,1,0,1,0,0,TREND_REVERSAL_UNCONFIRMED,1,0.45,LONG,1,0,0,0
SOLUSDT,1776639600000,2026-04-19T23:00:00.000Z,BEAR,LONG,14.583333333333332,12.6796875,IGNORE,0,WATCH,,0,0,0,NA,NA,NA,NA,NA,CLEAR,1,0,0,0,0,TREND_REVERSAL_UNCONFIRMED,1,0.45,LONG,1,0,0,0
SOLUSDT,1776643200000,2026-04-20T00:00:00.000Z,BEAR,LONG,25,13.5,IGNORE,0,WATCH,,0,0,0,NA,NA,NA,NA,NA,CLEAR,1,0,0,0,0,TREND_REVERSAL_UNCONFIRMED,1,0.45,LONG,1,0,0,0
SOLUSDT,1776646800000,2026-04-20T01:00:00.000Z,BEAR,LONG,0,7.875,IGNORE,0,WATCH,,0,0,0,NA,NA,NA,NA,NA,CLEAR,1,0,0,0,0,TREND_REVERSAL_UNCONFIRMED,0,0.45,LONG,1,0,0,0
SOLUSDT,1776650400000,2026-04-20T02:00:00.000Z,BEAR,LONG,0,7.875,IGNORE,0,WATCH,,0,0,0,NA,NA,NA,NA,NA,CLEAR,1,0,0,0,0,TREND_REVERSAL_UNCONFIRMED,0,0.45,LONG,1,0,0,0
SOLUSDT,1776654000000,2026-04-20T03:00:00.000Z,BEAR,LONG,25,13.5,IGNORE,0,WATCH,,0,0,0,NA,NA,NA,NA,NA,CLEAR,1,0,0,0,0,TREND_REVERSAL_UNCONFIRMED,1,0.45,LONG,1,0,0,0
SOLUSDT,1776657600000,2026-04-20T04:00:00.000Z,BEAR,LONG,0,7.875,IGNORE,0,WATCH,,0,0,0,NA,NA,NA,NA,NA,CLEAR,1,0,0,0,0,TREND_REVERSAL_UNCONFIRMED,0,0.45,LONG,1,0,0,0
SOLUSDT,1776661200000,2026-04-20T05:00:00.000Z,BEAR,LONG,0,7.875,IGNORE,0,WATCH,,0,0,0,NA,NA,NA,NA,NA,CLEAR,1,0,0,0,0,TREND_REVERSAL_UNCONFIRMED,0,0.45,LONG,1,0,0,0
SOLUSDT,1776664800000,2026-04-20T06:00:00.000Z,BEAR,LONG,25,13.5,IGNORE,0,WATCH,,0,0,0,NA,NA,NA,NA,NA,CLEAR,1,0,0,0,0,TREND_REVERSAL_UNCONFIRMED,1,0.45,LONG,1,0,0,0
SOLUSDT,1776668400000,2026-04-20T07:00:00.000Z,BEAR,LONG,22.322987206237237,13.289185242491182,IGNORE,0,WATCH,,0,0,0,NA,NA,NA,NA,NA,BLOCK,0,0,0,0,0,TREND_REVERSAL_UNCONFIRMED,1,0.45,LONG,1,0,0,0
SOLUSDT,1776672000000,2026-04-20T08:00:00.000Z,BEAR,LONG,0,7.875,IGNORE,0,WATCH,,0,0,0,NA,NA,NA,NA,NA,WARNING_SOFT,1,0,0,0,0,TREND_REVERSAL_UNCONFIRMED,0,0.45,LONG,1,0,0,0
SOLUSDT,1776675600000,2026-04-20T09:00:00.000Z,NEUTRAL,NONE,0,7.875,IGNORE,0,WATCH,,0,0,0,NA,NA,NA,NA,NA,CLEAR,1,0,0,0,0,TREND_REVERSAL_UNCONFIRMED,0,0.45,NONE,1,0,0,0
SOLUSDT,1776679200000,2026-04-20T10:00:00.000Z,NEUTRAL,NONE,0,7.875,IGNORE,0,WATCH,,0,0,0,NA,NA,NA,NA,NA,CLEAR,1,0,0,0,0,TREND_REVERSAL_UNCONFIRMED,0,0.45,NONE,1,0,0,0
SOLUSDT,1776682800000,2026-04-20T11:00:00.000Z,NEUTRAL,NONE,0,7.875,IGNORE,0,WATCH,,0,0,0,NA,NA,NA,NA,NA,CLEAR,1,0,0,0,0,TREND_REVERSAL_UNCONFIRMED,0,0.45,NONE,1,0,0,0
SOLUSDT,1776686400000,2026-04-20T12:00:00.000Z,NEUTRAL,NONE,0,7.875,IGNORE,0,WATCH,,0,0,0,NA,NA,NA,NA,NA,CLEAR,1,0,0,0,0,TREND_REVERSAL_UNCONFIRMED,0,0.45,NONE,1,0,0,0
SOLUSDT,1776690000000,2026-04-20T13:00:00.000Z,NEUTRAL,NONE,0,7.875,IGNORE,0,WATCH,,0,0,0,NA,NA,NA,NA,NA,CLEAR,1,0,0,0,0,TREND_REVERSAL_UNCONFIRMED,0,0.45,NONE,1,0,0,0
SOLUSDT,1776693600000,2026-04-20T14:00:00.000Z,BEAR,LONG,25,13.5,IGNORE,0,WATCH,,0,0,0,NA,NA,NA,NA,NA,BLOCK,0,0,0,0,0,TREND_REVERSAL_UNCONFIRMED,1,0.45,LONG,1,0,0,0
SOLUSDT,1776697200000,2026-04-20T15:00:00.000Z,NEUTRAL,NONE,0,7.875,IGNORE,0,WATCH,,0,0,0,NA,NA,NA,NA,NA,CLEAR,1,0,0,0,0,TREND_REVERSAL_UNCONFIRMED,0,0.45,NONE,1,0,0,0
SOLUSDT,1776700800000,2026-04-20T16:00:00.000Z,NEUTRAL,NONE,0,7.875,IGNORE,0,WATCH,,0,0,0,NA,NA,NA,NA,NA,CLEAR,1,0,0,0,0,TREND_REVERSAL_UNCONFIRMED,0,0.45,NONE,1,0,0,0
SOLUSDT,1776704400000,2026-04-20T17:00:00.000Z,NEUTRAL,NONE,0,7.875,IGNORE,0,WATCH,,0,0,0,NA,NA,NA,NA,NA,CLEAR,1,0,0,0,0,TREND_REVERSAL_UNCONFIRMED,0,0.45,NONE,1,0,0,0
SOLUSDT,1776708000000,2026-04-20T18:00:00.000Z,NEUTRAL,NONE,0,7.875,IGNORE,0,WATCH,,0,0,0,NA,NA,NA,NA,NA,CLEAR,1,0,0,0,0,TREND_REVERSAL_UNCONFIRMED,0,0.45,NONE,1,0,0,0
SOLUSDT,1776711600000,2026-04-20T19:00:00.000Z,NEUTRAL,NONE,0,7.875,IGNORE,0,WATCH,,0,0,0,NA,NA,NA,NA,NA,CLEAR,1,0,0,0,0,TREND_REVERSAL_UNCONFIRMED,0,0.45,NONE,1,0,0,0
SOLUSDT,1776715200000,2026-04-20T20:00:00.000Z,NEUTRAL,NONE,0,7.875,IGNORE,0,WATCH,,0,0,0,NA,NA,NA,NA,NA,CLEAR,1,0,0,0,0,TREND_REVERSAL_UNCONFIRMED,0,0.45,NONE,1,0,0,0
SOLUSDT,1776718800000,2026-04-20T21:00:00.000Z,NEUTRAL,NONE,0,7.875,IGNORE,0,WATCH,,0,0,0,NA,NA,NA,NA,NA,CLEAR,1,0,0,0,0,TREND_REVERSAL_UNCONFIRMED,0,0.45,NONE,1,0,0,0
SOLUSDT,1776722400000,2026-04-20T22:00:00.000Z,NEUTRAL,NONE,0,7.875,IGNORE,0,WATCH,,0,0,0,NA,NA,NA,NA,NA,CLEAR,1,0,0,0,0,TREND_REVERSAL_UNCONFIRMED,0,0.45,NONE,1,0,0,0
SOLUSDT,1776726000000,2026-04-20T23:00:00.000Z,BEAR,LONG,17.5,12.909375,IGNORE,0,WATCH,,0,0,0,NA,NA,NA,NA,NA,WARNING_SOFT,1,0,0,0,0,TREND_REVERSAL_UNCONFIRMED,1,0.45,LONG,1,0,0,0
SOLUSDT,1776729600000,2026-04-21T00:00:00.000Z,NEUTRAL,NONE,0,7.875,IGNORE,0,WATCH,,0,0,0,NA,NA,NA,NA,NA,WARNING_SOFT,1,0,0,0,0,TREND_REVERSAL_UNCONFIRMED,0,0.45,NONE,1,0,0,0
SOLUSDT,1776733200000,2026-04-21T01:00:00.000Z,NEUTRAL,NONE,0,7.875,IGNORE,0,WATCH,,0,0,0,NA,NA,NA,NA,NA,CLEAR,1,0,0,0,0,TREND_REVERSAL_UNCONFIRMED,0,0.45,NONE,1,0,0,0
SOLUSDT,1776736800000,2026-04-21T02:00:00.000Z,BEAR,LONG,17.5,12.909375,IGNORE,0,WATCH,,0,0,0,NA,NA,NA,NA,NA,CLEAR,1,0,0,0,0,TREND_REVERSAL_UNCONFIRMED,1,0.45,LONG,1,0,0,0
SOLUSDT,1776740400000,2026-04-21T03:00:00.000Z,BEAR,LONG,17.5,12.909375,IGNORE,0,WATCH,,0,0,0,NA,NA,NA,NA,NA,WARNING_SOFT,1,0,0,0,0,TREND_REVERSAL_UNCONFIRMED,1,0.45,LONG,1,0,0,0
SOLUSDT,1776744000000,2026-04-21T04:00:00.000Z,NEUTRAL,NONE,0,7.875,IGNORE,0,WATCH,,0,0,0,NA,NA,NA,NA,NA,WARNING_SOFT,1,0,0,0,0,TREND_REVERSAL_UNCONFIRMED,0,0.45,NONE,1,0,0,0
SOLUSDT,1776747600000,2026-04-21T05:00:00.000Z,NEUTRAL,NONE,0,7.875,IGNORE,0,WATCH,,0,0,0,NA,NA,NA,NA,NA,WARNING_SOFT,1,0,0,0,0,TREND_REVERSAL_UNCONFIRMED,0,0.45,NONE,1,0,0,0
SOLUSDT,1776751200000,2026-04-21T06:00:00.000Z,NEUTRAL,NONE,0,7.875,IGNORE,0,WATCH,,0,0,0,NA,NA,NA,NA,NA,WARNING_SOFT,1,0,0,0,0,TREND_REVERSAL_UNCONFIRMED,0,0.45,NONE,1,0,0,0
SOLUSDT,1776754800000,2026-04-21T07:00:00.000Z,NEUTRAL,NONE,0,7.875,IGNORE,0,WATCH,,0,0,0,NA,NA,NA,NA,NA,CLEAR,1,0,0,0,0,TREND_REVERSAL_UNCONFIRMED,0,0.45,NONE,1,0,0,0
SOLUSDT,1776758400000,2026-04-21T08:00:00.000Z,NEUTRAL,NONE,0,7.875,IGNORE,0,WATCH,,0,0,0,NA,NA,NA,NA,NA,CLEAR,1,0,0,0,0,TREND_REVERSAL_UNCONFIRMED,0,0.45,NONE,1,0,0,0
SOLUSDT,1776762000000,2026-04-21T09:00:00.000Z,NEUTRAL,NONE,0,7.875,IGNORE,0,WATCH,,0,0,0,NA,NA,NA,NA,NA,CLEAR,1,0,0,0,0,TREND_REVERSAL_UNCONFIRMED,0,0.45,NONE,1,0,0,0
SOLUSDT,1776765600000,2026-04-21T10:00:00.000Z,BULL,SHORT,37.84722222222222,18.16796875,IGNORE,0,WATCH,,0,0,0,NA,NA,NA,NA,NA,CLEAR,1,0,0,0,0,TREND_REVERSAL_UNCONFIRMED,2,0.45,SHORT,1,0,0,0
SOLUSDT,1776769200000,2026-04-21T11:00:00.000Z,BULL,SHORT,0,7.875,IGNORE,0,WATCH,,0,0,0,NA,NA,NA,NA,NA,CLEAR,1,0,0,0,0,TREND_REVERSAL_UNCONFIRMED,0,0.45,SHORT,1,0,0,0
SOLUSDT,1776772800000,2026-04-21T12:00:00.000Z,NEUTRAL,NONE,0,7.875,IGNORE,0,WATCH,,0,0,0,NA,NA,NA,NA,NA,WARNING_SOFT,1,0,1,0,0,TREND_REVERSAL_UNCONFIRMED,0,0.45,NONE,1,0,0,0
SOLUSDT,1776776400000,2026-04-21T13:00:00.000Z,BULL,SHORT,13.765721273066362,12.615300550253977,IGNORE,0,WATCH,,0,0,0,NA,NA,NA,NA,NA,WARNING_SOFT,1,0,0,0,0,TREND_REVERSAL_UNCONFIRMED,1,0.45,SHORT,1,0,0,0
SOLUSDT,1776780000000,2026-04-21T14:00:00.000Z,BULL,SHORT,25,13.5,IGNORE,0,WATCH,,0,0,0,NA,NA,NA,NA,NA,WARNING_HARD,1,0,0,0,0,TREND_REVERSAL_UNCONFIRMED,1,0.45,SHORT,1,0,0,0
SOLUSDT,1776783600000,2026-04-21T15:00:00.000Z,BULL,SHORT,25,13.5,IGNORE,0,WATCH,,0,0,0,NA,NA,NA,NA,NA,BLOCK,0,0,0,0,0,TREND_REVERSAL_UNCONFIRMED,1,0.45,SHORT,1,0,0,0
SOLUSDT,1776787200000,2026-04-21T16:00:00.000Z,NEUTRAL,NONE,0,7.875,IGNORE,0,WATCH,,0,0,0,NA,NA,NA,NA,NA,BLOCK,0,0,0,0,0,TREND_REVERSAL_UNCONFIRMED,0,0.45,NONE,1,0,0,0
SOLUSDT,1776790800000,2026-04-21T17:00:00.000Z,NEUTRAL,NONE,0,7.875,IGNORE,0,WATCH,,0,0,0,NA,NA,NA,NA,NA,BLOCK,0,0,0,0,0,TREND_REVERSAL_UNCONFIRMED,0,0.45,NONE,1,0,0,0
SOLUSDT,1776794400000,2026-04-21T18:00:00.000Z,NEUTRAL,NONE,0,7.875,IGNORE,0,WATCH,,0,0,0,NA,NA,NA,NA,NA,WARNING_SOFT,1,0,0,0,0,TREND_REVERSAL_UNCONFIRMED,0,0.45,NONE,1,0,0,0
SOLUSDT,1776798000000,2026-04-21T19:00:00.000Z,BEAR,LONG,37.70725346548342,18.15694621040682,IGNORE,0,WATCH,,0,0,0,NA,NA,NA,NA,NA,CLEAR,1,0,0,0,0,TREND_REVERSAL_UNCONFIRMED,2,0.45,LONG,1,0,0,0
SOLUSDT,1776801600000,2026-04-21T20:00:00.000Z,BEAR,LONG,31.635844680904093,17.678822768621195,IGNORE,0,WATCH,,0,0,0,NA,NA,NA,NA,NA,WARNING_SOFT,1,0,0,0,0,TREND_REVERSAL_UNCONFIRMED,2,0.45,LONG,1,0,0,0
SOLUSDT,1776805200000,2026-04-21T21:00:00.000Z,BEAR,LONG,17.5,12.909375,IGNORE,0,WATCH,,0,0,0,NA,NA,NA,NA,NA,CLEAR,1,0,0,0,0,TREND_REVERSAL_UNCONFIRMED,1,0.45,LONG,1,0,0,0
SOLUSDT,1776808800000,2026-04-21T22:00:00.000Z,BEAR,LONG,0,7.875,IGNORE,0,WATCH,,0,0,0,NA,NA,NA,NA,NA,CLEAR,1,0,0,0,0,TREND_REVERSAL_UNCONFIRMED,0,0.45,LONG,1,0,0,0
SOLUSDT,1776812400000,2026-04-21T23:00:00.000Z,NEUTRAL,NONE,0,7.875,IGNORE,0,WATCH,,0,0,0,NA,NA,NA,NA,NA,WARNING_SOFT,1,0,0,0,0,TREND_REVERSAL_UNCONFIRMED,0,0.45,NONE,1,0,0,0
SOLUSDT,1776816000000,2026-04-22T00:00:00.000Z,BULL,SHORT,0,7.875,IGNORE,0,WATCH,,0,0,0,NA,NA,NA,NA,NA,CLEAR,1,0,0,0,0,TREND_REVERSAL_UNCONFIRMED,0,0.45,SHORT,1,0,0,0
SOLUSDT,1776819600000,2026-04-22T01:00:00.000Z,BULL,SHORT,25,13.5,IGNORE,0,WATCH,,0,0,0,NA,NA,NA,NA,NA,CLEAR,1,0,0,0,0,TREND_REVERSAL_UNCONFIRMED,1,0.45,SHORT,1,0,0,0
SOLUSDT,1776823200000,2026-04-22T02:00:00.000Z,BULL,SHORT,25,13.5,IGNORE,0,WATCH,,0,0,0,NA,NA,NA,NA,NA,CLEAR,1,0,0,0,0,TREND_REVERSAL_UNCONFIRMED,1,0.45,SHORT,1,0,0,0
SOLUSDT,1776826800000,2026-04-22T03:00:00.000Z,BULL,SHORT,0,7.875,IGNORE,0,WATCH,,0,0,0,NA,NA,NA,NA,NA,CLEAR,1,0,0,0,0,TREND_REVERSAL_UNCONFIRMED,0,0.45,SHORT,1,0,0,0
SOLUSDT,1776830400000,2026-04-22T04:00:00.000Z,BULL,SHORT,25,13.5,IGNORE,0,WATCH,,0,0,0,NA,NA,NA,NA,NA,CLEAR,1,0,0,0,0,TREND_REVERSAL_UNCONFIRMED,1,0.45,SHORT,1,0,0,0
SOLUSDT,1776834000000,2026-04-22T05:00:00.000Z,BULL,SHORT,25,13.5,IGNORE,0,WATCH,,0,0,0,NA,NA,NA,NA,NA,CLEAR,1,0,0,0,0,TREND_REVERSAL_UNCONFIRMED,1,0.45,SHORT,1,0,0,0
SOLUSDT,1776837600000,2026-04-22T06:00:00.000Z,BULL,SHORT,0,7.875,IGNORE,0,WATCH,,0,0,0,NA,NA,NA,NA,NA,CLEAR,1,0,0,0,0,TREND_REVERSAL_UNCONFIRMED,0,0.45,SHORT,1,0,0,0
SOLUSDT,1776841200000,2026-04-22T07:00:00.000Z,BULL,SHORT,25,13.5,IGNORE,0,WATCH,,0,0,0,NA,NA,NA,NA,NA,CLEAR,1,0,0,0,0,TREND_REVERSAL_UNCONFIRMED,1,0.45,SHORT,1,0,0,0
SOLUSDT,1776844800000,2026-04-22T08:00:00.000Z,BULL,SHORT,0,7.875,IGNORE,0,WATCH,,0,0,0,NA,NA,NA,NA,NA,CLEAR,1,0,0,0,0,TREND_REVERSAL_UNCONFIRMED,0,0.45,SHORT,1,0,0,0
SOLUSDT,1776848400000,2026-04-22T09:00:00.000Z,BULL,SHORT,0,7.875,IGNORE,0,WATCH,,0,0,0,NA,NA,NA,NA,NA,CLEAR,1,0,0,0,0,TREND_REVERSAL_UNCONFIRMED,0,0.45,SHORT,1,0,0,0
SOLUSDT,1776852000000,2026-04-22T10:00:00.000Z,BULL,SHORT,12.847222222222221,12.54296875,IGNORE,0,WATCH,,0,0,0,NA,NA,NA,NA,NA,CLEAR,1,0,0,0,0,TREND_REVERSAL_UNCONFIRMED,1,0.45,SHORT,1,0,0,0
SOLUSDT,1776855600000,2026-04-22T11:00:00.000Z,BULL,SHORT,0,7.875,IGNORE,0,WATCH,,0,0,0,NA,NA,NA,NA,NA,CLEAR,1,0,0,0,0,TREND_REVERSAL_UNCONFIRMED,0,0.45,SHORT,1,0,0,0
SOLUSDT,1776859200000,2026-04-22T12:00:00.000Z,BULL,SHORT,14.583333333333332,12.6796875,IGNORE,0,WATCH,,0,0,0,NA,NA,NA,NA,NA,CLEAR,1,0,0,0,0,TREND_REVERSAL_UNCONFIRMED,1,0.45,SHORT,1,0,0,0
SOLUSDT,1776862800000,2026-04-22T13:00:00.000Z,BULL,SHORT,17.0805931048278,12.876346707005188,IGNORE,0,WATCH,,0,0,0,NA,NA,NA,NA,NA,CLEAR,1,0,0,0,0,TREND_REVERSAL_UNCONFIRMED,1,0.45,SHORT,1,0,0,0
SOLUSDT,1776866400000,2026-04-22T14:00:00.000Z,BULL,SHORT,19.20827084192362,13.043901328801486,IGNORE,0,WATCH,,0,0,0,NA,NA,NA,NA,NA,CLEAR,1,0,0,0,0,TREND_REVERSAL_UNCONFIRMED,1,0.45,SHORT,1,0,0,0
SOLUSDT,1776870000000,2026-04-22T15:00:00.000Z,BULL,SHORT,22.607518810253783,13.311592106307485,IGNORE,0,WATCH,,0,0,0,NA,NA,NA,NA,NA,WARNING_SOFT,1,0,0,0,0,TREND_REVERSAL_UNCONFIRMED,1,0.45,SHORT,1,0,0,0
SOLUSDT,1776873600000,2026-04-22T16:00:00.000Z,BULL,SHORT,25,13.5,IGNORE,0,WATCH,,0,0,0,NA,NA,NA,NA,NA,WARNING_SOFT,1,0,0,0,0,TREND_REVERSAL_UNCONFIRMED,1,0.45,SHORT,1,0,0,0
SOLUSDT,1776877200000,2026-04-22T17:00:00.000Z,BULL,SHORT,0,7.875,IGNORE,0,WATCH,,0,0,0,NA,NA,NA,NA,NA,WARNING_SOFT,1,0,0,0,0,TREND_REVERSAL_UNCONFIRMED,0,0.45,SHORT,1,0,0,0
SOLUSDT,1776880800000,2026-04-22T18:00:00.000Z,BULL,SHORT,0,7.875,IGNORE,0,WATCH,,0,0,0,NA,NA,NA,NA,NA,WARNING_SOFT,1,0,0,0,0,TREND_REVERSAL_UNCONFIRMED,0,0.45,SHORT,1,0,0,0
SOLUSDT,1776884400000,2026-04-22T19:00:00.000Z,NEUTRAL,NONE,0,7.875,IGNORE,0,WATCH,,0,0,0,NA,NA,NA,NA,NA,WARNING_SOFT,1,0,0,0,0,TREND_REVERSAL_UNCONFIRMED,0,0.45,NONE,1,0,0,0
SOLUSDT,1776888000000,2026-04-22T20:00:00.000Z,NEUTRAL,NONE,0,7.875,IGNORE,0,WATCH,,0,0,0,NA,NA,NA,NA,NA,WARNING_SOFT,1,0,0,0,0,TREND_REVERSAL_UNCONFIRMED,0,0.45,NONE,1,0,0,0
SOLUSDT,1776891600000,2026-04-22T21:00:00.000Z,NEUTRAL,NONE,0,7.875,IGNORE,0,WATCH,,0,0,0,NA,NA,NA,NA,NA,WARNING_SOFT,1,0,0,0,0,TREND_REVERSAL_UNCONFIRMED,0,0.45,NONE,1,0,0,0
SOLUSDT,1776895200000,2026-04-22T22:00:00.000Z,NEUTRAL,NONE,0,7.875,IGNORE,0,WATCH,,0,0,0,NA,NA,NA,NA,NA,WARNING_SOFT,1,0,0,0,0,TREND_REVERSAL_UNCONFIRMED,0,0.45,NONE,1,0,0,0
SOLUSDT,1776898800000,2026-04-22T23:00:00.000Z,NEUTRAL,NONE,0,7.875,IGNORE,0,WATCH,,0,0,0,NA,NA,NA,NA,NA,WARNING_SOFT,1,0,0,0,0,TREND_REVERSAL_UNCONFIRMED,0,0.45,NONE,1,0,0,0
SOLUSDT,1776902400000,2026-04-23T00:00:00.000Z,NEUTRAL,NONE,0,7.875,IGNORE,0,WATCH,,0,0,0,NA,NA,NA,NA,NA,BLOCK,0,0,1,0,0,TREND_REVERSAL_UNCONFIRMED,0,0.45,NONE,1,0,0,0
SOLUSDT,1776906000000,2026-04-23T01:00:00.000Z,NEUTRAL,NONE,0,7.875,IGNORE,0,WATCH,,0,0,0,NA,NA,NA,NA,NA,WARNING_SOFT,1,0,0,0,0,TREND_REVERSAL_UNCONFIRMED,0,0.45,NONE,1,0,0,0
SOLUSDT,1776909600000,2026-04-23T02:00:00.000Z,NEUTRAL,NONE,0,7.875,IGNORE,0,WATCH,,0,0,0,NA,NA,NA,NA,NA,WARNING_SOFT,1,0,0,0,0,TREND_REVERSAL_UNCONFIRMED,0,0.45,NONE,1,0,0,0
SOLUSDT,1776913200000,2026-04-23T03:00:00.000Z,NEUTRAL,NONE,0,7.875,IGNORE,0,WATCH,,0,0,0,NA,NA,NA,NA,NA,WARNING_SOFT,1,0,0,0,0,TREND_REVERSAL_UNCONFIRMED,0,0.45,NONE,1,0,0,0
SOLUSDT,1776916800000,2026-04-23T04:00:00.000Z,NEUTRAL,NONE,0,7.875,IGNORE,0,WATCH,,0,0,0,NA,NA,NA,NA,NA,WARNING_SOFT,1,0,0,0,0,TREND_REVERSAL_UNCONFIRMED,0,0.45,NONE,1,0,0,0
SOLUSDT,1776920400000,2026-04-23T05:00:00.000Z,NEUTRAL,NONE,0,7.875,IGNORE,0,WATCH,,0,0,0,NA,NA,NA,NA,NA,WARNING_SOFT,1,0,0,0,0,TREND_REVERSAL_UNCONFIRMED,0,0.45,NONE,1,0,0,0
SOLUSDT,1776924000000,2026-04-23T06:00:00.000Z,NEUTRAL,NONE,0,7.875,IGNORE,0,WATCH,,0,0,0,NA,NA,NA,NA,NA,WARNING_SOFT,1,0,0,0,0,TREND_REVERSAL_UNCONFIRMED,0,0.45,NONE,1,0,0,0
SOLUSDT,1776927600000,2026-04-23T07:00:00.000Z,NEUTRAL,NONE,0,7.875,IGNORE,0,WATCH,,0,0,0,NA,NA,NA,NA,NA,WARNING_SOFT,1,0,0,0,0,TREND_REVERSAL_UNCONFIRMED,0,0.45,NONE,1,0,0,0
SOLUSDT,1776931200000,2026-04-23T08:00:00.000Z,BEAR,LONG,17.5,12.909375,IGNORE,0,WATCH,,0,0,0,NA,NA,NA,NA,NA,CLEAR,1,0,0,0,0,TREND_REVERSAL_UNCONFIRMED,1,0.45,LONG,1,0,0,0
SOLUSDT,1776934800000,2026-04-23T09:00:00.000Z,BEAR,LONG,17.5,12.909375,IGNORE,0,WATCH,,0,0,0,NA,NA,NA,NA,NA,CLEAR,1,0,0,0,0,TREND_REVERSAL_UNCONFIRMED,1,0.45,LONG,1,0,0,0
SOLUSDT,1776938400000,2026-04-23T10:00:00.000Z,BEAR,LONG,30.34722222222222,17.57734375,IGNORE,0,WATCH,,0,0,0,NA,NA,NA,NA,NA,CLEAR,1,0,0,0,0,TREND_REVERSAL_UNCONFIRMED,2,0.45,LONG,1,0,0,0
SOLUSDT,1776942000000,2026-04-23T11:00:00.000Z,BEAR,LONG,42.5,18.534375,IGNORE,0,WATCH,,0,0,0,NA,NA,NA,NA,NA,CLEAR,1,0,0,0,0,TREND_REVERSAL_UNCONFIRMED,2,0.45,LONG,1,0,0,0
SOLUSDT,1776945600000,2026-04-23T12:00:00.000Z,BEAR,LONG,17.5,12.909375,IGNORE,0,WATCH,,0,0,0,NA,NA,NA,NA,NA,WARNING_SOFT,1,0,0,0,0,TREND_REVERSAL_UNCONFIRMED,1,0.45,LONG,1,0,0,0
SOLUSDT,1776949200000,2026-04-23T13:00:00.000Z,BEAR,LONG,0,7.875,IGNORE,0,WATCH,,0,0,0,NA,NA,NA,NA,NA,CLEAR,1,0,0,0,0,TREND_REVERSAL_UNCONFIRMED,0,0.45,LONG,1,0,0,0
SOLUSDT,1776952800000,2026-04-23T14:00:00.000Z,BEAR,LONG,39.01493954191503,18.25992648892581,IGNORE,0,WATCH,,0,0,0,NA,NA,NA,NA,NA,CLEAR,1,0,0,0,0,TREND_REVERSAL_UNCONFIRMED,2,0.45,LONG,1,0,0,0
SOLUSDT,1776956400000,2026-04-23T15:00:00.000Z,NEUTRAL,NONE,0,7.875,IGNORE,0,WATCH,,0,0,0,NA,NA,NA,NA,NA,CLEAR,1,0,0,0,0,TREND_REVERSAL_UNCONFIRMED,0,0.45,NONE,1,0,0,0
SOLUSDT,1776960000000,2026-04-23T16:00:00.000Z,BEAR,LONG,0,7.875,IGNORE,0,WATCH,,0,0,0,NA,NA,NA,NA,NA,WARNING_SOFT,1,0,0,0,0,TREND_REVERSAL_UNCONFIRMED,0,0.45,LONG,1,0,0,0
SOLUSDT,1776963600000,2026-04-23T17:00:00.000Z,BEAR,LONG,25,13.5,IGNORE,0,WATCH,,0,0,0,NA,NA,NA,NA,NA,CLEAR,1,0,0,0,0,TREND_REVERSAL_UNCONFIRMED,1,0.45,LONG,1,0,0,0
SOLUSDT,1776967200000,2026-04-23T18:00:00.000Z,BEAR,LONG,25,13.5,IGNORE,0,WATCH,,0,0,0,NA,NA,NA,NA,NA,CLEAR,1,0,0,0,0,TREND_REVERSAL_UNCONFIRMED,1,0.45,LONG,1,0,0,0
SOLUSDT,1776970800000,2026-04-23T19:00:00.000Z,BEAR,LONG,0,7.875,IGNORE,0,WATCH,,0,0,0,NA,NA,NA,NA,NA,CLEAR,1,0,0,0,0,TREND_REVERSAL_UNCONFIRMED,0,0.45,LONG,1,0,0,0
SOLUSDT,1776974400000,2026-04-23T20:00:00.000Z,BEAR,LONG,0,7.875,IGNORE,0,WATCH,,0,0,0,NA,NA,NA,NA,NA,CLEAR,1,0,0,0,0,TREND_REVERSAL_UNCONFIRMED,0,0.45,LONG,1,0,0,0
SOLUSDT,1776978000000,2026-04-23T21:00:00.000Z,BEAR,LONG,0,7.875,IGNORE,0,WATCH,,0,0,0,NA,NA,NA,NA,NA,WARNING_SOFT,1,0,0,0,0,TREND_REVERSAL_UNCONFIRMED,0,0.45,LONG,1,0,0,0
SOLUSDT,1776981600000,2026-04-23T22:00:00.000Z,NEUTRAL,NONE,0,7.875,IGNORE,0,WATCH,,0,0,0,NA,NA,NA,NA,NA,CLEAR,1,0,0,0,0,TREND_REVERSAL_UNCONFIRMED,0,0.45,NONE,1,0,0,0
SOLUSDT,1776985200000,2026-04-23T23:00:00.000Z,NEUTRAL,NONE,0,7.875,IGNORE,0,WATCH,,0,0,0,NA,NA,NA,NA,NA,CLEAR,1,0,0,0,0,TREND_REVERSAL_UNCONFIRMED,0,0.45,NONE,1,0,0,0
SOLUSDT,1776988800000,2026-04-24T00:00:00.000Z,NEUTRAL,NONE,0,7.875,IGNORE,0,WATCH,,0,0,0,NA,NA,NA,NA,NA,CLEAR,1,0,0,0,0,TREND_REVERSAL_UNCONFIRMED,0,0.45,NONE,1,0,0,0
SOLUSDT,1776992400000,2026-04-24T01:00:00.000Z,NEUTRAL,NONE,0,7.875,IGNORE,0,WATCH,,0,0,0,NA,NA,NA,NA,NA,CLEAR,1,0,0,0,0,TREND_REVERSAL_UNCONFIRMED,0,0.45,NONE,1,0,0,0
SOLUSDT,1776996000000,2026-04-24T02:00:00.000Z,BEAR,LONG,0,7.875,IGNORE,0,WATCH,,0,0,0,NA,NA,NA,NA,NA,WARNING_SOFT,1,0,0,0,0,TREND_REVERSAL_UNCONFIRMED,0,0.45,LONG,1,0,0,0
SOLUSDT,1776999600000,2026-04-24T03:00:00.000Z,BEAR,LONG,0,7.875,IGNORE,0,WATCH,,0,0,0,NA,NA,NA,NA,NA,CLEAR,1,0,0,0,0,TREND_REVERSAL_UNCONFIRMED,0,0.45,LONG,1,0,0,0
SOLUSDT,1777003200000,2026-04-24T04:00:00.000Z,BEAR,LONG,0,7.875,IGNORE,0,WATCH,,0,0,0,NA,NA,NA,NA,NA,CLEAR,1,0,0,0,0,TREND_REVERSAL_UNCONFIRMED,0,0.45,LONG,1,0,0,0
SOLUSDT,1777006800000,2026-04-24T05:00:00.000Z,BEAR,LONG,25,13.5,IGNORE,0,WATCH,,0,0,0,NA,NA,NA,NA,NA,CLEAR,1,0,0,0,0,TREND_REVERSAL_UNCONFIRMED,1,0.45,LONG,1,0,0,0
SOLUSDT,1777010400000,2026-04-24T06:00:00.000Z,BEAR,LONG,0,7.875,IGNORE,0,WATCH,,0,0,0,NA,NA,NA,NA,NA,CLEAR,1,0,0,0,0,TREND_REVERSAL_UNCONFIRMED,0,0.45,LONG,1,0,0,0
SOLUSDT,1777014000000,2026-04-24T07:00:00.000Z,BEAR,LONG,0,7.875,IGNORE,0,WATCH,,0,0,0,NA,NA,NA,NA,NA,CLEAR,1,0,0,0,0,TREND_REVERSAL_UNCONFIRMED,0,0.45,LONG,1,0,0,0
SOLUSDT,1777017600000,2026-04-24T08:00:00.000Z,BEAR,LONG,42.5,18.534375,IGNORE,0,WATCH,,0,0,0,NA,NA,NA,NA,NA,CLEAR,1,0,0,0,0,TREND_REVERSAL_UNCONFIRMED,2,0.45,LONG,1,0,0,0
SOLUSDT,1777021200000,2026-04-24T09:00:00.000Z,BEAR,LONG,17.5,12.909375,IGNORE,0,WATCH,,0,0,0,NA,NA,NA,NA,NA,CLEAR,1,0,0,0,0,TREND_REVERSAL_UNCONFIRMED,1,0.45,LONG,1,0,0,0
SOLUSDT,1777024800000,2026-04-24T10:00:00.000Z,BEAR,LONG,17.5,12.909375,IGNORE,0,WATCH,,0,0,0,NA,NA,NA,NA,NA,CLEAR,1,0,0,0,0,TREND_REVERSAL_UNCONFIRMED,1,0.45,LONG,1,0,0,0
SOLUSDT,1777028400000,2026-04-24T11:00:00.000Z,NEUTRAL,NONE,0,7.875,IGNORE,0,WATCH,,0,0,0,NA,NA,NA,NA,NA,CLEAR,1,0,0,0,0,TREND_REVERSAL_UNCONFIRMED,0,0.45,NONE,1,0,0,0
SOLUSDT,1777032000000,2026-04-24T12:00:00.000Z,NEUTRAL,NONE,0,7.875,IGNORE,0,WATCH,,0,0,0,NA,NA,NA,NA,NA,CLEAR,1,0,0,0,0,TREND_REVERSAL_UNCONFIRMED,0,0.45,NONE,1,0,0,0
SOLUSDT,1777035600000,2026-04-24T13:00:00.000Z,NEUTRAL,NONE,0,7.875,IGNORE,0,WATCH,,0,0,0,NA,NA,NA,NA,NA,CLEAR,1,0,0,0,0,TREND_REVERSAL_UNCONFIRMED,0,0.45,NONE,1,0,0,0
SOLUSDT,1777039200000,2026-04-24T14:00:00.000Z,NEUTRAL,NONE,0,7.875,IGNORE,0,WATCH,,0,0,0,NA,NA,NA,NA,NA,WARNING_SOFT,1,0,0,0,0,TREND_REVERSAL_UNCONFIRMED,0,0.45,NONE,1,0,0,0
SOLUSDT,1777042800000,2026-04-24T15:00:00.000Z,NEUTRAL,NONE,0,7.875,IGNORE,0,WATCH,,0,0,0,NA,NA,NA,NA,NA,CLEAR,1,0,0,0,0,TREND_REVERSAL_UNCONFIRMED,0,0.45,NONE,1,0,0,0
SOLUSDT,1777046400000,2026-04-24T16:00:00.000Z,NEUTRAL,NONE,0,7.875,IGNORE,0,WATCH,,0,0,0,NA,NA,NA,NA,NA,WARNING_SOFT,1,0,0,0,0,TREND_REVERSAL_UNCONFIRMED,0,0.45,NONE,1,0,0,0
SOLUSDT,1777050000000,2026-04-24T17:00:00.000Z,NEUTRAL,NONE,0,7.875,IGNORE,0,WATCH,,0,0,0,NA,NA,NA,NA,NA,WARNING_SOFT,1,0,0,0,0,TREND_REVERSAL_UNCONFIRMED,0,0.45,NONE,1,0,0,0
SOLUSDT,1777053600000,2026-04-24T18:00:00.000Z,NEUTRAL,NONE,0,7.875,IGNORE,0,WATCH,,0,0,0,NA,NA,NA,NA,NA,WARNING_SOFT,1,0,0,0,0,TREND_REVERSAL_UNCONFIRMED,0,0.45,NONE,1,0,0,0
SOLUSDT,1777057200000,2026-04-24T19:00:00.000Z,NEUTRAL,NONE,0,7.875,IGNORE,0,WATCH,,0,0,0,NA,NA,NA,NA,NA,WARNING_SOFT,1,0,0,0,0,TREND_REVERSAL_UNCONFIRMED,0,0.45,NONE,1,0,0,0
SOLUSDT,1777060800000,2026-04-24T20:00:00.000Z,BULL,SHORT,31.929758724223163,17.701968499532573,IGNORE,0,WATCH,,0,0,0,NA,NA,NA,NA,NA,WARNING_SOFT,1,0,0,0,0,TREND_REVERSAL_UNCONFIRMED,2,0.45,SHORT,1,0,0,0
SOLUSDT,1777064400000,2026-04-24T21:00:00.000Z,BULL,SHORT,42.5,18.534375,IGNORE,0,WATCH,,0,0,0,NA,NA,NA,NA,NA,WARNING_SOFT,1,0,0,0,0,TREND_REVERSAL_UNCONFIRMED,2,0.45,SHORT,1,0,0,0
SOLUSDT,1777068000000,2026-04-24T22:00:00.000Z,BULL,SHORT,17.5,12.909375,IGNORE,0,WATCH,,0,0,0,NA,NA,NA,NA,NA,WARNING_SOFT,1,0,0,0,0,TREND_REVERSAL_UNCONFIRMED,1,0.45,SHORT,1,0,0,0
SOLUSDT,1777071600000,2026-04-24T23:00:00.000Z,NEUTRAL,NONE,0,7.875,IGNORE,0,WATCH,,0,0,0,NA,NA,NA,NA,NA,WARNING_SOFT,1,0,0,0,0,TREND_REVERSAL_UNCONFIRMED,0,0.45,NONE,1,0,0,0
SOLUSDT,1777075200000,2026-04-25T00:00:00.000Z,BULL,SHORT,25,13.5,IGNORE,0,WATCH,,0,0,0,NA,NA,NA,NA,NA,WARNING_SOFT,1,0,0,0,0,TREND_REVERSAL_UNCONFIRMED,1,0.45,SHORT,1,0,0,0
SOLUSDT,1777078800000,2026-04-25T01:00:00.000Z,BULL,SHORT,0,7.875,IGNORE,0,WATCH,,0,0,0,NA,NA,NA,NA,NA,WARNING_SOFT,1,0,0,0,0,TREND_REVERSAL_UNCONFIRMED,0,0.45,SHORT,1,0,0,0
SOLUSDT,1777082400000,2026-04-25T02:00:00.000Z,BULL,SHORT,0,7.875,IGNORE,0,WATCH,,0,0,0,NA,NA,NA,NA,NA,WARNING_SOFT,1,0,0,0,0,TREND_REVERSAL_UNCONFIRMED,0,0.45,SHORT,1,0,0,0
SOLUSDT,1777086000000,2026-04-25T03:00:00.000Z,BULL,SHORT,0,7.875,IGNORE,0,WATCH,,0,0,0,NA,NA,NA,NA,NA,WARNING_SOFT,1,0,0,0,0,TREND_REVERSAL_UNCONFIRMED,0,0.45,SHORT,1,0,0,0
SOLUSDT,1777089600000,2026-04-25T04:00:00.000Z,BULL,SHORT,0,7.875,IGNORE,0,WATCH,,0,0,0,NA,NA,NA,NA,NA,WARNING_SOFT,1,0,0,0,0,TREND_REVERSAL_UNCONFIRMED,0,0.45,SHORT,1,0,0,0
SOLUSDT,1777093200000,2026-04-25T05:00:00.000Z,NEUTRAL,NONE,0,7.875,IGNORE,0,WATCH,,0,0,0,NA,NA,NA,NA,NA,WARNING_SOFT,1,0,0,0,0,TREND_REVERSAL_UNCONFIRMED,0,0.45,NONE,1,0,0,0
SOLUSDT,1777096800000,2026-04-25T06:00:00.000Z,BULL,SHORT,0,7.875,IGNORE,0,WATCH,,0,0,0,NA,NA,NA,NA,NA,WARNING_SOFT,1,0,0,0,0,TREND_REVERSAL_UNCONFIRMED,0,0.45,SHORT,1,0,0,0
SOLUSDT,1777100400000,2026-04-25T07:00:00.000Z,BULL,SHORT,0,7.875,IGNORE,0,WATCH,,0,0,0,NA,NA,NA,NA,NA,WARNING_HARD,1,0,0,0,0,TREND_REVERSAL_UNCONFIRMED,0,0.45,SHORT,1,0,0,0
SOLUSDT,1777104000000,2026-04-25T08:00:00.000Z,BULL,SHORT,0,7.875,IGNORE,0,WATCH,,0,0,0,NA,NA,NA,NA,NA,CLEAR,1,0,0,0,0,TREND_REVERSAL_UNCONFIRMED,0,0.45,SHORT,1,0,0,0
SOLUSDT,1777107600000,2026-04-25T09:00:00.000Z,BULL,SHORT,0,7.875,IGNORE,0,WATCH,,0,0,0,NA,NA,NA,NA,NA,CLEAR,1,0,0,0,0,TREND_REVERSAL_UNCONFIRMED,0,0.45,SHORT,1,0,0,0
SOLUSDT,1777111200000,2026-04-25T10:00:00.000Z,BULL,SHORT,25,13.5,IGNORE,0,WATCH,,0,0,0,NA,NA,NA,NA,NA,CLEAR,1,0,0,0,0,TREND_REVERSAL_UNCONFIRMED,1,0.45,SHORT,1,0,0,0
SOLUSDT,1777114800000,2026-04-25T11:00:00.000Z,NEUTRAL,NONE,0,7.875,IGNORE,0,WATCH,,0,0,0,NA,NA,NA,NA,NA,BLOCK,0,0,0,0,0,TREND_REVERSAL_UNCONFIRMED,0,0.45,NONE,1,0,0,0
SOLUSDT,1777118400000,2026-04-25T12:00:00.000Z,BULL,SHORT,17.5,12.909375,IGNORE,0,WATCH,,0,0,0,NA,NA,NA,NA,NA,WARNING_SOFT,1,0,0,0,0,TREND_REVERSAL_UNCONFIRMED,1,0.45,SHORT,1,0,0,0
SOLUSDT,1777122000000,2026-04-25T13:00:00.000Z,BULL,SHORT,17.5,12.909375,IGNORE,0,WATCH,,0,0,0,NA,NA,NA,NA,NA,CLEAR,1,0,0,0,0,TREND_REVERSAL_UNCONFIRMED,1,0.45,SHORT,1,0,0,0
SOLUSDT,1777125600000,2026-04-25T14:00:00.000Z,BULL,SHORT,17.5,12.909375,IGNORE,0,WATCH,,0,0,0,NA,NA,NA,NA,NA,CLEAR,1,0,0,0,0,TREND_REVERSAL_UNCONFIRMED,1,0.45,SHORT,1,0,0,0
SOLUSDT,1777129200000,2026-04-25T15:00:00.000Z,NEUTRAL,NONE,0,7.875,IGNORE,0,WATCH,,0,0,0,NA,NA,NA,NA,NA,WARNING_SOFT,1,0,0,0,0,TREND_REVERSAL_UNCONFIRMED,0,0.45,NONE,1,0,0,0
SOLUSDT,1777132800000,2026-04-25T16:00:00.000Z,NEUTRAL,NONE,0,7.875,IGNORE,0,WATCH,,0,0,0,NA,NA,NA,NA,NA,BLOCK,0,0,1,0,0,TREND_REVERSAL_UNCONFIRMED,0,0.45,NONE,1,0,0,0
SOLUSDT,1777136400000,2026-04-25T17:00:00.000Z,NEUTRAL,NONE,0,7.875,IGNORE,0,WATCH,,0,0,0,NA,NA,NA,NA,NA,WARNING_SOFT,1,0,0,0,0,TREND_REVERSAL_UNCONFIRMED,0,0.45,NONE,1,0,0,0
SOLUSDT,1777140000000,2026-04-25T18:00:00.000Z,BEAR,LONG,61.959942555666544,53.10311155568298,WATCH,1,WATCH,ACTIVE,1,1,0,PASS,PASS,SKIP,SKIP,FAIL,CLEAR,1,0,0,0,0,MARKET_CONTEXT_DENIED,3,0.84,LONG,0,1,0,0
SOLUSDT,1777143600000,2026-04-25T19:00:00.000Z,BEAR,LONG,17.5,12.909375,IGNORE,0,WATCH,,0,0,0,NA,NA,NA,NA,NA,CLEAR,1,0,0,0,0,TREND_REVERSAL_UNCONFIRMED,1,0.45,LONG,1,0,0,0
SOLUSDT,1777147200000,2026-04-25T20:00:00.000Z,BEAR,LONG,17.5,12.909375,IGNORE,0,WATCH,,0,0,0,NA,NA,NA,NA,NA,CLEAR,1,0,0,0,0,TREND_REVERSAL_UNCONFIRMED,1,0.45,LONG,1,0,0,0
SOLUSDT,1777150800000,2026-04-25T21:00:00.000Z,BEAR,LONG,0,7.875,IGNORE,0,WATCH,,0,0,0,NA,NA,NA,NA,NA,CLEAR,1,0,0,0,0,TREND_REVERSAL_UNCONFIRMED,0,0.45,LONG,1,0,0,0
SOLUSDT,1777154400000,2026-04-25T22:00:00.000Z,BEAR,LONG,0,7.875,IGNORE,0,WATCH,,0,0,0,NA,NA,NA,NA,NA,WARNING_SOFT,1,0,0,0,0,TREND_REVERSAL_UNCONFIRMED,0,0.45,LONG,1,0,0,0
SOLUSDT,1777158000000,2026-04-25T23:00:00.000Z,NEUTRAL,NONE,0,7.875,IGNORE,0,WATCH,,0,0,0,NA,NA,NA,NA,NA,CLEAR,1,0,0,0,0,TREND_REVERSAL_UNCONFIRMED,0,0.45,NONE,1,0,0,0
SOLUSDT,1777161600000,2026-04-26T00:00:00.000Z,BEAR,LONG,0,7.875,IGNORE,0,WATCH,,0,0,0,NA,NA,NA,NA,NA,WARNING_SOFT,1,0,0,0,0,TREND_REVERSAL_UNCONFIRMED,0,0.45,LONG,1,0,0,0
SOLUSDT,1777165200000,2026-04-26T01:00:00.000Z,BEAR,LONG,0,7.875,IGNORE,0,WATCH,,0,0,0,NA,NA,NA,NA,NA,CLEAR,1,0,0,0,0,TREND_REVERSAL_UNCONFIRMED,0,0.45,LONG,1,0,0,0
SOLUSDT,1777168800000,2026-04-26T02:00:00.000Z,NEUTRAL,NONE,0,7.875,IGNORE,0,WATCH,,0,0,0,NA,NA,NA,NA,NA,WARNING_SOFT,1,0,0,0,0,TREND_REVERSAL_UNCONFIRMED,0,0.45,NONE,1,0,0,0
SOLUSDT,1777172400000,2026-04-26T03:00:00.000Z,BEAR,LONG,22.632077049464556,13.313526067645334,IGNORE,0,WATCH,,0,0,0,NA,NA,NA,NA,NA,WARNING_SOFT,1,0,0,0,0,TREND_REVERSAL_UNCONFIRMED,1,0.45,LONG,1,0,0,0
SOLUSDT,1777176000000,2026-04-26T04:00:00.000Z,NEUTRAL,NONE,0,7.875,IGNORE,0,WATCH,,0,0,0,NA,NA,NA,NA,NA,WARNING_SOFT,1,0,0,0,0,TREND_REVERSAL_UNCONFIRMED,0,0.45,NONE,1,0,0,0
SOLUSDT,1777179600000,2026-04-26T05:00:00.000Z,NEUTRAL,NONE,0,7.875,IGNORE,0,WATCH,,0,0,0,NA,NA,NA,NA,NA,CLEAR,1,0,0,0,0,TREND_REVERSAL_UNCONFIRMED,0,0.45,NONE,1,0,0,0
SOLUSDT,1777183200000,2026-04-26T06:00:00.000Z,BULL,SHORT,42.5,18.534375,IGNORE,0,WATCH,,0,0,0,NA,NA,NA,NA,NA,CLEAR,1,0,0,0,0,TREND_REVERSAL_UNCONFIRMED,2,0.45,SHORT,1,0,0,0
SOLUSDT,1777186800000,2026-04-26T07:00:00.000Z,BULL,SHORT,17.5,12.909375,IGNORE,0,WATCH,,0,0,0,NA,NA,NA,NA,NA,CLEAR,1,0,0,0,0,TREND_REVERSAL_UNCONFIRMED,1,0.45,SHORT,1,0,0,0
SOLUSDT,1777190400000,2026-04-26T08:00:00.000Z,BULL,SHORT,17.5,12.909375,IGNORE,0,WATCH,,0,0,0,NA,NA,NA,NA,NA,CLEAR,1,0,0,0,0,TREND_REVERSAL_UNCONFIRMED,1,0.45,SHORT,1,0,0,0
SOLUSDT,1777194000000,2026-04-26T09:00:00.000Z,BULL,SHORT,17.5,12.909375,IGNORE,0,WATCH,,0,0,0,NA,NA,NA,NA,NA,CLEAR,1,0,0,0,0,TREND_REVERSAL_UNCONFIRMED,1,0.45,SHORT,1,0,0,0
SOLUSDT,1777197600000,2026-04-26T10:00:00.000Z,BULL,SHORT,17.5,12.909375,IGNORE,0,WATCH,,0,0,0,NA,NA,NA,NA,NA,CLEAR,1,0,0,0,0,TREND_REVERSAL_UNCONFIRMED,1,0.45,SHORT,1,0,0,0
SOLUSDT,1777201200000,2026-04-26T11:00:00.000Z,BULL,SHORT,0,7.875,IGNORE,0,WATCH,,0,0,0,NA,NA,NA,NA,NA,CLEAR,1,0,0,0,0,TREND_REVERSAL_UNCONFIRMED,0,0.45,SHORT,1,0,0,0
SOLUSDT,1777204800000,2026-04-26T12:00:00.000Z,NEUTRAL,NONE,0,7.875,IGNORE,0,WATCH,,0,0,0,NA,NA,NA,NA,NA,BLOCK,0,0,0,0,0,TREND_REVERSAL_UNCONFIRMED,0,0.45,NONE,1,0,0,0
SOLUSDT,1777208400000,2026-04-26T13:00:00.000Z,NEUTRAL,NONE,0,7.875,IGNORE,0,WATCH,,0,0,0,NA,NA,NA,NA,NA,WARNING_SOFT,1,0,0,0,0,TREND_REVERSAL_UNCONFIRMED,0,0.45,NONE,1,0,0,0
SOLUSDT,1777212000000,2026-04-26T14:00:00.000Z,BULL,SHORT,15.274172275468807,12.73409106669317,IGNORE,0,WATCH,,0,0,0,NA,NA,NA,NA,NA,WARNING_SOFT,1,0,0,0,0,TREND_REVERSAL_UNCONFIRMED,1,0.45,SHORT,1,0,0,0
SOLUSDT,1777215600000,2026-04-26T15:00:00.000Z,BULL,SHORT,0,7.875,IGNORE,0,WATCH,,0,0,0,NA,NA,NA,NA,NA,CLEAR,1,0,0,0,0,TREND_REVERSAL_UNCONFIRMED,0,0.45,SHORT,1,0,0,0
SOLUSDT,1777219200000,2026-04-26T16:00:00.000Z,BULL,SHORT,39.248026597940644,18.278282094587826,IGNORE,0,WATCH,,0,0,0,NA,NA,NA,NA,NA,CLEAR,1,0,0,0,0,TREND_REVERSAL_UNCONFIRMED,2,0.45,SHORT,1,0,0,0
SOLUSDT,1777222800000,2026-04-26T17:00:00.000Z,BULL,SHORT,0,7.875,IGNORE,0,WATCH,,0,0,0,NA,NA,NA,NA,NA,CLEAR,1,0,0,0,0,TREND_REVERSAL_UNCONFIRMED,0,0.45,SHORT,1,0,0,0
SOLUSDT,1777226400000,2026-04-26T18:00:00.000Z,BULL,SHORT,25,13.5,IGNORE,0,WATCH,,0,0,0,NA,NA,NA,NA,NA,CLEAR,1,0,0,0,0,TREND_REVERSAL_UNCONFIRMED,1,0.45,SHORT,1,0,0,0
SOLUSDT,1777230000000,2026-04-26T19:00:00.000Z,BULL,SHORT,22.767541932345143,13.32419392717218,IGNORE,0,WATCH,,0,0,0,NA,NA,NA,NA,NA,CLEAR,1,0,0,0,0,TREND_REVERSAL_UNCONFIRMED,1,0.45,SHORT,1,0,0,0
SOLUSDT,1777233600000,2026-04-26T20:00:00.000Z,BULL,SHORT,25,13.5,IGNORE,0,WATCH,,0,0,0,NA,NA,NA,NA,NA,CLEAR,1,0,0,0,0,TREND_REVERSAL_UNCONFIRMED,1,0.45,SHORT,1,0,0,0
SOLUSDT,1777237200000,2026-04-26T21:00:00.000Z,BULL,SHORT,25,13.5,IGNORE,0,WATCH,,0,0,0,NA,NA,NA,NA,NA,CLEAR,1,0,0,0,0,TREND_REVERSAL_UNCONFIRMED,1,0.45,SHORT,1,0,0,0
SOLUSDT,1777240800000,2026-04-26T22:00:00.000Z,BULL,SHORT,23.489894847566404,13.381079219245855,IGNORE,0,WATCH,,0,0,0,NA,NA,NA,NA,NA,CLEAR,1,0,0,0,0,TREND_REVERSAL_UNCONFIRMED,1,0.45,SHORT,1,0,0,0
SOLUSDT,1777244400000,2026-04-26T23:00:00.000Z,BULL,SHORT,0,7.875,IGNORE,0,WATCH,,0,0,0,NA,NA,NA,NA,NA,WARNING_SOFT,1,0,0,0,0,TREND_REVERSAL_UNCONFIRMED,0,0.45,SHORT,1,0,0,0
SOLUSDT,1777248000000,2026-04-27T00:00:00.000Z,BULL,SHORT,25,13.5,IGNORE,0,WATCH,,0,0,0,NA,NA,NA,NA,NA,CLEAR,1,1,0,0,0,TREND_REVERSAL_UNCONFIRMED,1,0.45,SHORT,1,0,0,0
SOLUSDT,1777251600000,2026-04-27T01:00:00.000Z,BULL,SHORT,25,13.5,IGNORE,0,WATCH,,0,0,0,NA,NA,NA,NA,NA,CLEAR,1,1,0,0,0,TREND_REVERSAL_UNCONFIRMED,1,0.45,SHORT,1,0,0,0
SOLUSDT,1777255200000,2026-04-27T02:00:00.000Z,BULL,SHORT,19.138080554694106,13.03837384368216,IGNORE,0,WATCH,,0,0,0,NA,NA,NA,NA,NA,CLEAR,1,0,0,0,0,TREND_REVERSAL_UNCONFIRMED,1,0.45,SHORT,1,0,0,0
SOLUSDT,1777258800000,2026-04-27T03:00:00.000Z,BULL,SHORT,25,13.5,IGNORE,0,WATCH,,0,0,0,NA,NA,NA,NA,NA,CLEAR,1,0,0,0,0,TREND_REVERSAL_UNCONFIRMED,1,0.45,SHORT,1,0,0,0
SOLUSDT,1777262400000,2026-04-27T04:00:00.000Z,BULL,SHORT,0,7.875,IGNORE,0,WATCH,,0,0,0,NA,NA,NA,NA,NA,CLEAR,1,0,0,0,0,TREND_REVERSAL_UNCONFIRMED,0,0.45,SHORT,1,0,0,0
SOLUSDT,1777266000000,2026-04-27T05:00:00.000Z,NEUTRAL,NONE,0,7.875,IGNORE,0,WATCH,,0,0,0,NA,NA,NA,NA,NA,BLOCK,0,0,1,0,0,TREND_REVERSAL_UNCONFIRMED,0,0.45,NONE,1,0,0,0
SOLUSDT,1777269600000,2026-04-27T06:00:00.000Z,NEUTRAL,NONE,0,7.875,IGNORE,0,WATCH,,0,0,0,NA,NA,NA,NA,NA,WARNING_SOFT,1,0,0,0,0,TREND_REVERSAL_UNCONFIRMED,0,0.45,NONE,1,0,0,0
SOLUSDT,1777273200000,2026-04-27T07:00:00.000Z,NEUTRAL,NONE,0,7.875,IGNORE,0,WATCH,,0,0,0,NA,NA,NA,NA,NA,WARNING_SOFT,1,0,0,0,0,TREND_REVERSAL_UNCONFIRMED,0,0.45,NONE,1,0,0,0
SOLUSDT,1777276800000,2026-04-27T08:00:00.000Z,NEUTRAL,NONE,0,7.875,IGNORE,0,WATCH,,0,0,0,NA,NA,NA,NA,NA,WARNING_SOFT,1,0,0,0,0,TREND_REVERSAL_UNCONFIRMED,0,0.45,NONE,1,0,0,0
SOLUSDT,1777280400000,2026-04-27T09:00:00.000Z,BEAR,LONG,17.5,12.909375,IGNORE,0,WATCH,,0,0,0,NA,NA,NA,NA,NA,CLEAR,1,0,0,0,0,TREND_REVERSAL_UNCONFIRMED,1,0.45,LONG,1,0,0,0
SOLUSDT,1777284000000,2026-04-27T10:00:00.000Z,BEAR,LONG,17.5,12.909375,IGNORE,0,WATCH,,0,0,0,NA,NA,NA,NA,NA,CLEAR,1,0,0,0,0,TREND_REVERSAL_UNCONFIRMED,1,0.45,LONG,1,0,0,0
SOLUSDT,1777287600000,2026-04-27T11:00:00.000Z,BEAR,LONG,25,13.5,IGNORE,0,WATCH,,0,0,0,NA,NA,NA,NA,NA,CLEAR,1,0,0,0,0,TREND_REVERSAL_UNCONFIRMED,1,0.45,LONG,1,0,0,0
SOLUSDT,1777291200000,2026-04-27T12:00:00.000Z,BEAR,LONG,12.847222222222221,12.54296875,IGNORE,0,WATCH,,0,0,0,NA,NA,NA,NA,NA,CLEAR,1,0,0,0,0,TREND_REVERSAL_UNCONFIRMED,1,0.45,LONG,1,0,0,0
SOLUSDT,1777294800000,2026-04-27T13:00:00.000Z,BEAR,LONG,12.845461240786618,12.542830072711945,IGNORE,0,WATCH,,0,0,0,NA,NA,NA,NA,NA,CLEAR,1,0,0,0,0,TREND_REVERSAL_UNCONFIRMED,1,0.45,LONG,1,0,0,0
SOLUSDT,1777298400000,2026-04-27T14:00:00.000Z,BEAR,LONG,42.91245559214194,18.566855877881178,IGNORE,0,WATCH,,0,0,0,NA,NA,NA,NA,NA,CLEAR,1,0,0,0,0,TREND_REVERSAL_UNCONFIRMED,2,0.45,LONG,1,0,0,0
SOLUSDT,1777302000000,2026-04-27T15:00:00.000Z,BEAR,LONG,25,13.5,IGNORE,0,WATCH,,0,0,0,NA,NA,NA,NA,NA,CLEAR,1,0,0,0,0,TREND_REVERSAL_UNCONFIRMED,1,0.45,LONG,1,0,0,0
SOLUSDT,1777305600000,2026-04-27T16:00:00.000Z,BEAR,LONG,0,7.875,IGNORE,0,WATCH,,0,0,0,NA,NA,NA,NA,NA,CLEAR,1,0,0,0,0,TREND_REVERSAL_UNCONFIRMED,0,0.45,LONG,1,0,0,0
SOLUSDT,1777309200000,2026-04-27T17:00:00.000Z,BEAR,LONG,0,7.875,IGNORE,0,WATCH,,0,0,0,NA,NA,NA,NA,NA,CLEAR,1,0,0,0,0,TREND_REVERSAL_UNCONFIRMED,0,0.45,LONG,1,0,0,0
SOLUSDT,1777312800000,2026-04-27T18:00:00.000Z,BEAR,LONG,0,7.875,IGNORE,0,WATCH,,0,0,0,NA,NA,NA,NA,NA,CLEAR,1,0,0,0,0,TREND_REVERSAL_UNCONFIRMED,0,0.45,LONG,1,0,0,0
SOLUSDT,1777316400000,2026-04-27T19:00:00.000Z,BEAR,LONG,0,7.875,IGNORE,0,WATCH,,0,0,0,NA,NA,NA,NA,NA,CLEAR,1,0,0,0,0,TREND_REVERSAL_UNCONFIRMED,0,0.45,LONG,1,0,0,0
SOLUSDT,1777320000000,2026-04-27T20:00:00.000Z,BEAR,LONG,0,7.875,IGNORE,0,WATCH,,0,0,0,NA,NA,NA,NA,NA,CLEAR,1,0,0,0,0,TREND_REVERSAL_UNCONFIRMED,0,0.45,LONG,1,0,0,0
SOLUSDT,1777323600000,2026-04-27T21:00:00.000Z,BEAR,LONG,0,7.875,IGNORE,0,WATCH,,0,0,0,NA,NA,NA,NA,NA,CLEAR,1,0,0,0,0,TREND_REVERSAL_UNCONFIRMED,0,0.45,LONG,1,0,0,0
SOLUSDT,1777327200000,2026-04-27T22:00:00.000Z,BEAR,LONG,17.5,12.909375,IGNORE,0,WATCH,,0,0,0,NA,NA,NA,NA,NA,CLEAR,1,0,0,0,0,TREND_REVERSAL_UNCONFIRMED,1,0.45,LONG,1,0,0,0
SOLUSDT,1777330800000,2026-04-27T23:00:00.000Z,BEAR,LONG,17.5,12.909375,IGNORE,0,WATCH,,0,0,0,NA,NA,NA,NA,NA,WARNING_SOFT,1,0,0,0,0,TREND_REVERSAL_UNCONFIRMED,1,0.45,LONG,1,0,0,0
SOLUSDT,1777334400000,2026-04-28T00:00:00.000Z,BEAR,LONG,17.5,12.909375,IGNORE,0,WATCH,,0,0,0,NA,NA,NA,NA,NA,WARNING_SOFT,1,0,0,0,0,TREND_REVERSAL_UNCONFIRMED,1,0.45,LONG,1,0,0,0
SOLUSDT,1777338000000,2026-04-28T01:00:00.000Z,BEAR,LONG,17.5,12.909375,IGNORE,0,WATCH,,0,0,0,NA,NA,NA,NA,NA,WARNING_SOFT,1,0,0,0,0,TREND_REVERSAL_UNCONFIRMED,1,0.45,LONG,1,0,0,0
SOLUSDT,1777341600000,2026-04-28T02:00:00.000Z,BEAR,LONG,17.5,12.909375,IGNORE,0,WATCH,,0,0,0,NA,NA,NA,NA,NA,CLEAR,1,0,0,0,0,TREND_REVERSAL_UNCONFIRMED,1,0.45,LONG,1,0,0,0
SOLUSDT,1777345200000,2026-04-28T03:00:00.000Z,BEAR,LONG,17.5,12.909375,IGNORE,0,WATCH,,0,0,0,NA,NA,NA,NA,NA,CLEAR,1,0,0,0,0,TREND_REVERSAL_UNCONFIRMED,1,0.45,LONG,1,0,0,0
SOLUSDT,1777348800000,2026-04-28T04:00:00.000Z,BEAR,LONG,17.5,12.909375,IGNORE,0,WATCH,,0,0,0,NA,NA,NA,NA,NA,CLEAR,1,0,0,0,0,TREND_REVERSAL_UNCONFIRMED,1,0.45,LONG,1,0,0,0
SOLUSDT,1777352400000,2026-04-28T05:00:00.000Z,BEAR,LONG,17.5,12.909375,IGNORE,0,WATCH,,0,0,0,NA,NA,NA,NA,NA,WARNING_SOFT,1,0,0,0,0,TREND_REVERSAL_UNCONFIRMED,1,0.45,LONG,1,0,0,0
SOLUSDT,1777356000000,2026-04-28T06:00:00.000Z,BEAR,LONG,17.5,12.909375,IGNORE,0,WATCH,,0,0,0,NA,NA,NA,NA,NA,CLEAR,1,0,0,0,0,TREND_REVERSAL_UNCONFIRMED,1,0.45,LONG,1,0,0,0
SOLUSDT,1777359600000,2026-04-28T07:00:00.000Z,BEAR,LONG,42.5,18.534375,IGNORE,0,WATCH,,0,0,0,NA,NA,NA,NA,NA,CLEAR,1,0,0,0,0,TREND_REVERSAL_UNCONFIRMED,2,0.45,LONG,1,0,0,0
SOLUSDT,1777363200000,2026-04-28T08:00:00.000Z,BEAR,LONG,30.34722222222222,17.57734375,IGNORE,0,WATCH,,0,0,0,NA,NA,NA,NA,NA,CLEAR,1,0,0,0,0,TREND_REVERSAL_UNCONFIRMED,2,0.45,LONG,1,0,0,0
SOLUSDT,1777366800000,2026-04-28T09:00:00.000Z,BEAR,LONG,30.34722222222222,17.57734375,IGNORE,0,WATCH,,0,0,0,NA,NA,NA,NA,NA,CLEAR,1,0,0,0,0,TREND_REVERSAL_UNCONFIRMED,2,0.45,LONG,1,0,0,0
SOLUSDT,1777370400000,2026-04-28T10:00:00.000Z,BEAR,LONG,17.5,12.909375,IGNORE,0,WATCH,,0,0,0,NA,NA,NA,NA,NA,CLEAR,1,0,0,0,0,TREND_REVERSAL_UNCONFIRMED,1,0.45,LONG,1,0,0,0
SOLUSDT,1777374000000,2026-04-28T11:00:00.000Z,BEAR,LONG,17.5,12.909375,IGNORE,0,WATCH,,0,0,0,NA,NA,NA,NA,NA,CLEAR,1,0,0,0,0,TREND_REVERSAL_UNCONFIRMED,1,0.45,LONG,1,0,0,0
SOLUSDT,1777377600000,2026-04-28T12:00:00.000Z,BEAR,LONG,30.62217367109474,17.59899617659871,IGNORE,0,WATCH,,0,0,0,NA,NA,NA,NA,NA,CLEAR,1,0,0,0,0,TREND_REVERSAL_UNCONFIRMED,2,0.45,LONG,1,0,0,0
SOLUSDT,1777381200000,2026-04-28T13:00:00.000Z,BEAR,LONG,42.5,18.534375,IGNORE,0,WATCH,,0,0,0,NA,NA,NA,NA,NA,CLEAR,1,0,0,0,0,TREND_REVERSAL_UNCONFIRMED,2,0.45,LONG,1,0,0,0
SOLUSDT,1777384800000,2026-04-28T14:00:00.000Z,BEAR,LONG,42.5,18.534375,IGNORE,0,WATCH,,0,0,0,NA,NA,NA,NA,NA,CLEAR,1,0,0,0,0,TREND_REVERSAL_UNCONFIRMED,2,0.45,LONG,1,0,0,0
SOLUSDT,1777388400000,2026-04-28T15:00:00.000Z,BEAR,LONG,17.5,12.909375,IGNORE,0,WATCH,,0,0,0,NA,NA,NA,NA,NA,CLEAR,1,0,0,0,0,TREND_REVERSAL_UNCONFIRMED,1,0.45,LONG,1,0,0,0
SOLUSDT,1777392000000,2026-04-28T16:00:00.000Z,BEAR,LONG,42.5,18.534375,IGNORE,0,WATCH,,0,0,0,NA,NA,NA,NA,NA,CLEAR,1,0,0,0,0,TREND_REVERSAL_UNCONFIRMED,2,0.45,LONG,1,0,0,0
SOLUSDT,1777395600000,2026-04-28T17:00:00.000Z,BEAR,LONG,0,7.875,IGNORE,0,WATCH,,0,0,0,NA,NA,NA,NA,NA,CLEAR,1,0,0,0,0,TREND_REVERSAL_UNCONFIRMED,0,0.45,LONG,1,0,0,0
SOLUSDT,1777399200000,2026-04-28T18:00:00.000Z,BEAR,LONG,0,7.875,IGNORE,0,WATCH,,0,0,0,NA,NA,NA,NA,NA,WARNING_SOFT,1,0,0,0,0,TREND_REVERSAL_UNCONFIRMED,0,0.45,LONG,1,0,0,0
SOLUSDT,1777402800000,2026-04-28T19:00:00.000Z,BEAR,LONG,0,7.875,IGNORE,0,WATCH,,0,0,0,NA,NA,NA,NA,NA,WARNING_SOFT,1,0,0,0,0,TREND_REVERSAL_UNCONFIRMED,0,0.45,LONG,1,0,0,0
SOLUSDT,1777406400000,2026-04-28T20:00:00.000Z,BEAR,LONG,0,7.875,IGNORE,0,WATCH,,0,0,0,NA,NA,NA,NA,NA,WARNING_SOFT,1,0,0,0,0,TREND_REVERSAL_UNCONFIRMED,0,0.45,LONG,1,0,0,0
SOLUSDT,1777410000000,2026-04-28T21:00:00.000Z,BEAR,LONG,0,7.875,IGNORE,0,WATCH,,0,0,0,NA,NA,NA,NA,NA,WARNING_SOFT,1,0,0,0,0,TREND_REVERSAL_UNCONFIRMED,0,0.45,LONG,1,0,0,0
SOLUSDT,1777413600000,2026-04-28T22:00:00.000Z,BEAR,LONG,25,13.5,IGNORE,0,WATCH,,0,0,0,NA,NA,NA,NA,NA,CLEAR,1,0,0,0,0,TREND_REVERSAL_UNCONFIRMED,1,0.45,LONG,1,0,0,0
SOLUSDT,1777417200000,2026-04-28T23:00:00.000Z,NEUTRAL,NONE,0,7.875,IGNORE,0,WATCH,,0,0,0,NA,NA,NA,NA,NA,WARNING_SOFT,1,0,0,0,0,TREND_REVERSAL_UNCONFIRMED,0,0.45,NONE,1,0,0,0
SOLUSDT,1777420800000,2026-04-29T00:00:00.000Z,NEUTRAL,NONE,0,7.875,IGNORE,0,WATCH,,0,0,0,NA,NA,NA,NA,NA,CLEAR,1,0,0,0,0,TREND_REVERSAL_UNCONFIRMED,0,0.45,NONE,1,0,0,0
SOLUSDT,1777424400000,2026-04-29T01:00:00.000Z,NEUTRAL,NONE,0,7.875,IGNORE,0,WATCH,,0,0,0,NA,NA,NA,NA,NA,CLEAR,1,0,0,0,0,TREND_REVERSAL_UNCONFIRMED,0,0.45,NONE,1,0,0,0
SOLUSDT,1777428000000,2026-04-29T02:00:00.000Z,NEUTRAL,NONE,0,7.875,IGNORE,0,WATCH,,0,0,0,NA,NA,NA,NA,NA,CLEAR,1,0,0,0,0,TREND_REVERSAL_UNCONFIRMED,0,0.45,NONE,1,0,0,0
SOLUSDT,1777431600000,2026-04-29T03:00:00.000Z,NEUTRAL,NONE,0,7.875,IGNORE,0,WATCH,,0,0,0,NA,NA,NA,NA,NA,CLEAR,1,0,0,0,0,TREND_REVERSAL_UNCONFIRMED,0,0.45,NONE,1,0,0,0
SOLUSDT,1777435200000,2026-04-29T04:00:00.000Z,NEUTRAL,NONE,0,7.875,IGNORE,0,WATCH,,0,0,0,NA,NA,NA,NA,NA,CLEAR,1,0,0,0,0,TREND_REVERSAL_UNCONFIRMED,0,0.45,NONE,1,0,0,0
SOLUSDT,1777438800000,2026-04-29T05:00:00.000Z,NEUTRAL,NONE,0,7.875,IGNORE,0,WATCH,,0,0,0,NA,NA,NA,NA,NA,CLEAR,1,0,0,0,0,TREND_REVERSAL_UNCONFIRMED,0,0.45,NONE,1,0,0,0
SOLUSDT,1777442400000,2026-04-29T06:00:00.000Z,NEUTRAL,NONE,0,7.875,IGNORE,0,WATCH,,0,0,0,NA,NA,NA,NA,NA,CLEAR,1,0,0,0,0,TREND_REVERSAL_UNCONFIRMED,0,0.45,NONE,1,0,0,0
SOLUSDT,1777446000000,2026-04-29T07:00:00.000Z,NEUTRAL,NONE,0,7.875,IGNORE,0,WATCH,,0,0,0,NA,NA,NA,NA,NA,CLEAR,1,0,0,0,0,TREND_REVERSAL_UNCONFIRMED,0,0.45,NONE,1,0,0,0
SOLUSDT,1777449600000,2026-04-29T08:00:00.000Z,NEUTRAL,NONE,0,7.875,IGNORE,0,WATCH,,0,0,0,NA,NA,NA,NA,NA,CLEAR,1,0,0,0,0,TREND_REVERSAL_UNCONFIRMED,0,0.45,NONE,1,0,0,0
SOLUSDT,1777453200000,2026-04-29T09:00:00.000Z,NEUTRAL,NONE,0,7.875,IGNORE,0,WATCH,,0,0,0,NA,NA,NA,NA,NA,CLEAR,1,0,0,0,0,TREND_REVERSAL_UNCONFIRMED,0,0.45,NONE,1,0,0,0
SOLUSDT,1777456800000,2026-04-29T10:00:00.000Z,NEUTRAL,NONE,0,7.875,IGNORE,0,WATCH,,0,0,0,NA,NA,NA,NA,NA,CLEAR,1,0,0,0,0,TREND_REVERSAL_UNCONFIRMED,0,0.45,NONE,1,0,0,0
SOLUSDT,1777460400000,2026-04-29T11:00:00.000Z,NEUTRAL,NONE,0,7.875,IGNORE,0,WATCH,,0,0,0,NA,NA,NA,NA,NA,CLEAR,1,0,0,0,0,TREND_REVERSAL_UNCONFIRMED,0,0.45,NONE,1,0,0,0
SOLUSDT,1777464000000,2026-04-29T12:00:00.000Z,BEAR,LONG,42.5,18.534375,IGNORE,0,WATCH,,0,0,0,NA,NA,NA,NA,NA,WARNING_HARD,1,0,1,0,0,TREND_REVERSAL_UNCONFIRMED,2,0.45,LONG,1,0,0,0
SOLUSDT,1777467600000,2026-04-29T13:00:00.000Z,BEAR,LONG,42.5,18.534375,IGNORE,0,WATCH,,0,0,0,NA,NA,NA,NA,NA,CLEAR,1,0,1,0,0,TREND_REVERSAL_UNCONFIRMED,2,0.45,LONG,1,0,0,0
SOLUSDT,1777471200000,2026-04-29T14:00:00.000Z,BEAR,LONG,17.5,12.909375,IGNORE,0,WATCH,,0,0,0,NA,NA,NA,NA,NA,CLEAR,1,0,0,0,0,TREND_REVERSAL_UNCONFIRMED,1,0.45,LONG,1,0,0,0
SOLUSDT,1777474800000,2026-04-29T15:00:00.000Z,BEAR,LONG,42.5,18.534375,IGNORE,0,WATCH,,0,0,0,NA,NA,NA,NA,NA,CLEAR,1,0,1,0,0,TREND_REVERSAL_UNCONFIRMED,2,0.45,LONG,1,0,0,0
SOLUSDT,1777478400000,2026-04-29T16:00:00.000Z,BEAR,LONG,50.40773896239101,51.404937627471476,WATCH,1,WATCH,ACTIVE,1,1,0,PASS,PASS,SKIP,SKIP,FAIL,CLEAR,1,0,1,0,0,MARKET_CONTEXT_DENIED,3,0.84,LONG,0,1,0,0
SOLUSDT,1777482000000,2026-04-29T17:00:00.000Z,BEAR,LONG,55.62564138025877,52.17196928289803,WATCH,1,WATCH,ACTIVE,1,1,0,PASS,PASS,SKIP,SKIP,FAIL,CLEAR,1,0,0,0,0,MARKET_CONTEXT_DENIED,3,0.84,LONG,0,1,0,0
SOLUSDT,1777485600000,2026-04-29T18:00:00.000Z,BEAR,LONG,42.5,18.534375,IGNORE,0,WATCH,,0,0,0,NA,NA,NA,NA,NA,CLEAR,1,0,0,0,0,TREND_REVERSAL_UNCONFIRMED,2,0.45,LONG,1,0,0,0
SOLUSDT,1777489200000,2026-04-29T19:00:00.000Z,BEAR,LONG,32.08333333333333,17.714062499999997,IGNORE,0,WATCH,,0,0,0,NA,NA,NA,NA,NA,CLEAR,1,0,0,0,0,TREND_REVERSAL_UNCONFIRMED,2,0.45,LONG,1,0,0,0
SOLUSDT,1777492800000,2026-04-29T20:00:00.000Z,BEAR,LONG,42.5,18.534375,IGNORE,0,WATCH,,0,0,0,NA,NA,NA,NA,NA,CLEAR,1,0,0,0,0,TREND_REVERSAL_UNCONFIRMED,2,0.45,LONG,1,0,0,0
SOLUSDT,1777496400000,2026-04-29T21:00:00.000Z,BEAR,LONG,0,7.875,IGNORE,0,WATCH,,0,0,0,NA,NA,NA,NA,NA,CLEAR,1,0,0,0,0,TREND_REVERSAL_UNCONFIRMED,0,0.45,LONG,1,0,0,0
SOLUSDT,1777500000000,2026-04-29T22:00:00.000Z,BEAR,LONG,0,7.875,IGNORE,0,WATCH,,0,0,0,NA,NA,NA,NA,NA,CLEAR,1,0,0,0,0,TREND_REVERSAL_UNCONFIRMED,0,0.45,LONG,1,0,0,0
SOLUSDT,1777503600000,2026-04-29T23:00:00.000Z,BEAR,LONG,0,7.875,IGNORE,0,WATCH,,0,0,0,NA,NA,NA,NA,NA,CLEAR,1,0,0,0,0,TREND_REVERSAL_UNCONFIRMED,0,0.45,LONG,1,0,0,0
SOLUSDT,1777507200000,2026-04-30T00:00:00.000Z,NEUTRAL,NONE,0,7.875,IGNORE,0,WATCH,,0,0,0,NA,NA,NA,NA,NA,WARNING_SOFT,1,0,0,0,0,TREND_REVERSAL_UNCONFIRMED,0,0.45,NONE,1,0,0,0
SOLUSDT,1777510800000,2026-04-30T01:00:00.000Z,NEUTRAL,NONE,0,7.875,IGNORE,0,WATCH,,0,0,0,NA,NA,NA,NA,NA,WARNING_SOFT,1,0,0,0,0,TREND_REVERSAL_UNCONFIRMED,0,0.45,NONE,1,0,0,0
SOLUSDT,1777514400000,2026-04-30T02:00:00.000Z,BEAR,LONG,0,7.875,IGNORE,0,WATCH,,0,0,0,NA,NA,NA,NA,NA,WARNING_SOFT,1,0,0,0,0,TREND_REVERSAL_UNCONFIRMED,0,0.45,LONG,1,0,0,0
SOLUSDT,1777518000000,2026-04-30T03:00:00.000Z,BEAR,LONG,25,13.5,IGNORE,0,WATCH,,0,0,0,NA,NA,NA,NA,NA,CLEAR,1,0,0,0,0,TREND_REVERSAL_UNCONFIRMED,1,0.45,LONG,1,0,0,0
SOLUSDT,1777521600000,2026-04-30T04:00:00.000Z,BEAR,LONG,0,7.875,IGNORE,0,WATCH,,0,0,0,NA,NA,NA,NA,NA,CLEAR,1,0,0,0,0,TREND_REVERSAL_UNCONFIRMED,0,0.45,LONG,1,0,0,0
SOLUSDT,1777525200000,2026-04-30T05:00:00.000Z,BEAR,LONG,0,7.875,IGNORE,0,WATCH,,0,0,0,NA,NA,NA,NA,NA,CLEAR,1,0,0,0,0,TREND_REVERSAL_UNCONFIRMED,0,0.45,LONG,1,0,0,0
SOLUSDT,1777528800000,2026-04-30T06:00:00.000Z,BEAR,LONG,0,7.875,IGNORE,0,WATCH,,0,0,0,NA,NA,NA,NA,NA,CLEAR,1,0,0,0,0,TREND_REVERSAL_UNCONFIRMED,0,0.45,LONG,1,0,0,0
SOLUSDT,1777532400000,2026-04-30T07:00:00.000Z,NEUTRAL,NONE,0,7.875,IGNORE,0,WATCH,,0,0,0,NA,NA,NA,NA,NA,WARNING_SOFT,1,0,0,0,0,TREND_REVERSAL_UNCONFIRMED,0,0.45,NONE,1,0,0,0
SOLUSDT,1777536000000,2026-04-30T08:00:00.000Z,BEAR,LONG,17.5,12.909375,IGNORE,0,WATCH,,0,0,0,NA,NA,NA,NA,NA,WARNING_SOFT,1,0,0,0,0,TREND_REVERSAL_UNCONFIRMED,1,0.45,LONG,1,0,0,0
SOLUSDT,1777539600000,2026-04-30T09:00:00.000Z,BEAR,LONG,17.5,12.909375,IGNORE,0,WATCH,,0,0,0,NA,NA,NA,NA,NA,WARNING_SOFT,1,0,0,0,0,TREND_REVERSAL_UNCONFIRMED,1,0.45,LONG,1,0,0,0
SOLUSDT,1777543200000,2026-04-30T10:00:00.000Z,BEAR,LONG,17.5,12.909375,IGNORE,0,WATCH,,0,0,0,NA,NA,NA,NA,NA,WARNING_SOFT,1,0,0,0,0,TREND_REVERSAL_UNCONFIRMED,1,0.45,LONG,1,0,0,0
SOLUSDT,1777546800000,2026-04-30T11:00:00.000Z,BEAR,LONG,17.5,12.909375,IGNORE,0,WATCH,,0,0,0,NA,NA,NA,NA,NA,WARNING_SOFT,1,0,0,0,0,TREND_REVERSAL_UNCONFIRMED,1,0.45,LONG,1,0,0,0
SOLUSDT,1777550400000,2026-04-30T12:00:00.000Z,NEUTRAL,NONE,0,7.875,IGNORE,0,WATCH,,0,0,0,NA,NA,NA,NA,NA,CLEAR,1,0,0,0,0,TREND_REVERSAL_UNCONFIRMED,0,0.45,NONE,1,0,0,0
SOLUSDT,1777554000000,2026-04-30T13:00:00.000Z,NEUTRAL,NONE,0,7.875,IGNORE,0,WATCH,,0,0,0,NA,NA,NA,NA,NA,WARNING_SOFT,1,0,0,0,0,TREND_REVERSAL_UNCONFIRMED,0,0.45,NONE,1,0,0,0
SOLUSDT,1777557600000,2026-04-30T14:00:00.000Z,NEUTRAL,NONE,0,7.875,IGNORE,0,WATCH,,0,0,0,NA,NA,NA,NA,NA,BLOCK,0,0,0,0,0,TREND_REVERSAL_UNCONFIRMED,0,0.45,NONE,1,0,0,0
SOLUSDT,1777561200000,2026-04-30T15:00:00.000Z,NEUTRAL,NONE,0,7.875,IGNORE,0,WATCH,,0,0,0,NA,NA,NA,NA,NA,CLEAR,1,0,0,0,0,TREND_REVERSAL_UNCONFIRMED,0,0.45,NONE,1,0,0,0
SOLUSDT,1777564800000,2026-04-30T16:00:00.000Z,BEAR,LONG,17.5,12.909375,IGNORE,0,WATCH,,0,0,0,NA,NA,NA,NA,NA,WARNING_SOFT,1,0,0,0,0,TREND_REVERSAL_UNCONFIRMED,1,0.45,LONG,1,0,0,0
SOLUSDT,1777568400000,2026-04-30T17:00:00.000Z,BEAR,LONG,17.5,12.909375,IGNORE,0,WATCH,,0,0,0,NA,NA,NA,NA,NA,WARNING_SOFT,1,0,0,0,0,TREND_REVERSAL_UNCONFIRMED,1,0.45,LONG,1,0,0,0
SOLUSDT,1777572000000,2026-04-30T18:00:00.000Z,BEAR,LONG,17.5,12.909375,IGNORE,0,WATCH,,0,0,0,NA,NA,NA,NA,NA,WARNING_SOFT,1,0,0,0,0,TREND_REVERSAL_UNCONFIRMED,1,0.45,LONG,1,0,0,0
SOLUSDT,1777575600000,2026-04-30T19:00:00.000Z,BEAR,LONG,17.5,12.909375,IGNORE,0,WATCH,,0,0,0,NA,NA,NA,NA,NA,WARNING_SOFT,1,0,0,0,0,TREND_REVERSAL_UNCONFIRMED,1,0.45,LONG,1,0,0,0
SOLUSDT,1777579200000,2026-04-30T20:00:00.000Z,BEAR,LONG,17.5,12.909375,IGNORE,0,WATCH,,0,0,0,NA,NA,NA,NA,NA,WARNING_SOFT,1,0,0,0,0,TREND_REVERSAL_UNCONFIRMED,1,0.45,LONG,1,0,0,0
SOLUSDT,1777582800000,2026-04-30T21:00:00.000Z,BEAR,LONG,17.5,12.909375,IGNORE,0,WATCH,,0,0,0,NA,NA,NA,NA,NA,WARNING_SOFT,1,0,0,0,0,TREND_REVERSAL_UNCONFIRMED,1,0.45,LONG,1,0,0,0
SOLUSDT,1777586400000,2026-04-30T22:00:00.000Z,BEAR,LONG,17.5,12.909375,IGNORE,0,WATCH,,0,0,0,NA,NA,NA,NA,NA,CLEAR,1,0,0,0,0,TREND_REVERSAL_UNCONFIRMED,1,0.45,LONG,1,0,0,0
SOLUSDT,1777590000000,2026-04-30T23:00:00.000Z,BEAR,LONG,17.5,12.909375,IGNORE,0,WATCH,,0,0,0,NA,NA,NA,NA,NA,WARNING_SOFT,1,0,0,0,0,TREND_REVERSAL_UNCONFIRMED,1,0.45,LONG,1,0,0,0
SOLUSDT,1777593600000,2026-05-01T00:00:00.000Z,NEUTRAL,NONE,0,7.875,IGNORE,0,WATCH,,0,0,0,NA,NA,NA,NA,NA,CLEAR,1,0,0,0,0,TREND_REVERSAL_UNCONFIRMED,0,0.45,NONE,1,0,0,0
SOLUSDT,1777597200000,2026-05-01T01:00:00.000Z,NEUTRAL,NONE,0,7.875,IGNORE,0,WATCH,,0,0,0,NA,NA,NA,NA,NA,CLEAR,1,0,0,0,0,TREND_REVERSAL_UNCONFIRMED,0,0.45,NONE,1,0,0,0
SOLUSDT,1777600800000,2026-05-01T02:00:00.000Z,NEUTRAL,NONE,0,7.875,IGNORE,0,WATCH,,0,0,0,NA,NA,NA,NA,NA,CLEAR,1,0,0,0,0,TREND_REVERSAL_UNCONFIRMED,0,0.45,NONE,1,0,0,0
SOLUSDT,1777604400000,2026-05-01T03:00:00.000Z,NEUTRAL,NONE,0,7.875,IGNORE,0,WATCH,,0,0,0,NA,NA,NA,NA,NA,CLEAR,1,0,0,0,0,TREND_REVERSAL_UNCONFIRMED,0,0.45,NONE,1,0,0,0
SOLUSDT,1777608000000,2026-05-01T04:00:00.000Z,NEUTRAL,NONE,0,7.875,IGNORE,0,WATCH,,0,0,0,NA,NA,NA,NA,NA,CLEAR,1,0,0,0,0,TREND_REVERSAL_UNCONFIRMED,0,0.45,NONE,1,0,0,0
SOLUSDT,1777611600000,2026-05-01T05:00:00.000Z,NEUTRAL,NONE,0,7.875,IGNORE,0,WATCH,,0,0,0,NA,NA,NA,NA,NA,CLEAR,1,0,0,0,0,TREND_REVERSAL_UNCONFIRMED,0,0.45,NONE,1,0,0,0
SOLUSDT,1777615200000,2026-05-01T06:00:00.000Z,NEUTRAL,NONE,0,7.875,IGNORE,0,WATCH,,0,0,0,NA,NA,NA,NA,NA,CLEAR,1,0,0,0,0,TREND_REVERSAL_UNCONFIRMED,0,0.45,NONE,1,0,0,0
SOLUSDT,1777618800000,2026-05-01T07:00:00.000Z,NEUTRAL,NONE,0,7.875,IGNORE,0,WATCH,,0,0,0,NA,NA,NA,NA,NA,CLEAR,1,0,0,0,0,TREND_REVERSAL_UNCONFIRMED,0,0.45,NONE,1,0,0,0
SOLUSDT,1777622400000,2026-05-01T08:00:00.000Z,NEUTRAL,NONE,0,7.875,IGNORE,0,WATCH,,0,0,0,NA,NA,NA,NA,NA,CLEAR,1,0,0,0,0,TREND_REVERSAL_UNCONFIRMED,0,0.45,NONE,1,0,0,0
SOLUSDT,1777626000000,2026-05-01T09:00:00.000Z,BULL,SHORT,25,13.5,IGNORE,0,WATCH,,0,0,0,NA,NA,NA,NA,NA,CLEAR,1,0,0,0,0,TREND_REVERSAL_UNCONFIRMED,1,0.45,SHORT,1,0,0,0
SOLUSDT,1777629600000,2026-05-01T10:00:00.000Z,BULL,SHORT,0,7.875,IGNORE,0,WATCH,,0,0,0,NA,NA,NA,NA,NA,CLEAR,1,0,0,0,0,TREND_REVERSAL_UNCONFIRMED,0,0.45,SHORT,1,0,0,0
SOLUSDT,1777633200000,2026-05-01T11:00:00.000Z,BULL,SHORT,17.5,12.909375,IGNORE,0,WATCH,,0,0,0,NA,NA,NA,NA,NA,CLEAR,1,0,0,0,0,TREND_REVERSAL_UNCONFIRMED,1,0.45,SHORT,1,0,0,0
SOLUSDT,1777636800000,2026-05-01T12:00:00.000Z,BULL,SHORT,42.5,18.534375,IGNORE,0,WATCH,,0,0,0,NA,NA,NA,NA,NA,CLEAR,1,0,0,0,0,TREND_REVERSAL_UNCONFIRMED,2,0.45,SHORT,1,0,0,0
SOLUSDT,1777640400000,2026-05-01T13:00:00.000Z,BULL,SHORT,42.5,18.534375,IGNORE,0,WATCH,,0,0,0,NA,NA,NA,NA,NA,CLEAR,1,1,0,0,0,TREND_REVERSAL_UNCONFIRMED,2,0.45,SHORT,1,0,0,0
SOLUSDT,1777644000000,2026-05-01T14:00:00.000Z,BULL,SHORT,67.5,53.9175,WATCH,1,WATCH,ACTIVE,1,1,0,PASS,PASS,SKIP,SKIP,FAIL,CLEAR,1,0,0,0,0,MARKET_CONTEXT_DENIED,3,0.84,SHORT,0,1,0,0
SOLUSDT,1777647600000,2026-05-01T15:00:00.000Z,BULL,SHORT,38.19161082621977,18.195089352564807,IGNORE,0,WATCH,,0,0,0,NA,NA,NA,NA,NA,CLEAR,1,0,0,0,0,TREND_REVERSAL_UNCONFIRMED,2,0.45,SHORT,1,0,0,0
SOLUSDT,1777651200000,2026-05-01T16:00:00.000Z,BULL,SHORT,17.266989155569373,12.891025396001089,IGNORE,0,WATCH,,0,0,0,NA,NA,NA,NA,NA,CLEAR,1,0,0,0,0,TREND_REVERSAL_UNCONFIRMED,1,0.45,SHORT,1,0,0,0
SOLUSDT,1777654800000,2026-05-01T17:00:00.000Z,BULL,SHORT,0,7.875,IGNORE,0,WATCH,,0,0,0,NA,NA,NA,NA,NA,WARNING_SOFT,1,0,0,0,0,TREND_REVERSAL_UNCONFIRMED,0,0.45,SHORT,1,0,0,0
SOLUSDT,1777658400000,2026-05-01T18:00:00.000Z,BULL,SHORT,0,7.875,IGNORE,0,WATCH,,0,0,0,NA,NA,NA,NA,NA,CLEAR,1,0,0,0,0,TREND_REVERSAL_UNCONFIRMED,0,0.45,SHORT,1,0,0,0
SOLUSDT,1777662000000,2026-05-01T19:00:00.000Z,NEUTRAL,NONE,0,7.875,IGNORE,0,WATCH,,0,0,0,NA,NA,NA,NA,NA,WARNING_SOFT,1,0,0,0,0,TREND_REVERSAL_UNCONFIRMED,0,0.45,NONE,1,0,0,0
SOLUSDT,1777665600000,2026-05-01T20:00:00.000Z,NEUTRAL,NONE,0,7.875,IGNORE,0,WATCH,,0,0,0,NA,NA,NA,NA,NA,WARNING_SOFT,1,0,0,0,0,TREND_REVERSAL_UNCONFIRMED,0,0.45,NONE,1,0,0,0
SOLUSDT,1777669200000,2026-05-01T21:00:00.000Z,NEUTRAL,NONE,0,7.875,IGNORE,0,WATCH,,0,0,0,NA,NA,NA,NA,NA,WARNING_SOFT,1,0,0,0,0,TREND_REVERSAL_UNCONFIRMED,0,0.45,NONE,1,0,0,0
SOLUSDT,1777672800000,2026-05-01T22:00:00.000Z,NEUTRAL,NONE,0,7.875,IGNORE,0,WATCH,,0,0,0,NA,NA,NA,NA,NA,WARNING_SOFT,1,0,0,0,0,TREND_REVERSAL_UNCONFIRMED,0,0.45,NONE,1,0,0,0
SOLUSDT,1777676400000,2026-05-01T23:00:00.000Z,NEUTRAL,NONE,0,7.875,IGNORE,0,WATCH,,0,0,0,NA,NA,NA,NA,NA,WARNING_SOFT,1,0,0,0,0,TREND_REVERSAL_UNCONFIRMED,0,0.45,NONE,1,0,0,0
SOLUSDT,1777680000000,2026-05-02T00:00:00.000Z,NEUTRAL,NONE,0,7.875,IGNORE,0,WATCH,,0,0,0,NA,NA,NA,NA,NA,WARNING_SOFT,1,0,0,0,0,TREND_REVERSAL_UNCONFIRMED,0,0.45,NONE,1,0,0,0
SOLUSDT,1777683600000,2026-05-02T01:00:00.000Z,BULL,SHORT,0,7.875,IGNORE,0,WATCH,,0,0,0,NA,NA,NA,NA,NA,WARNING_SOFT,1,0,0,0,0,TREND_REVERSAL_UNCONFIRMED,0,0.45,SHORT,1,0,0,0
SOLUSDT,1777687200000,2026-05-02T02:00:00.000Z,BULL,SHORT,0,7.875,IGNORE,0,WATCH,,0,0,0,NA,NA,NA,NA,NA,CLEAR,1,0,0,0,0,TREND_REVERSAL_UNCONFIRMED,0,0.45,SHORT,1,0,0,0
SOLUSDT,1777690800000,2026-05-02T03:00:00.000Z,NEUTRAL,NONE,0,7.875,IGNORE,0,WATCH,,0,0,0,NA,NA,NA,NA,NA,WARNING_SOFT,1,0,0,0,0,TREND_REVERSAL_UNCONFIRMED,0,0.45,NONE,1,0,0,0
SOLUSDT,1777694400000,2026-05-02T04:00:00.000Z,NEUTRAL,NONE,0,7.875,IGNORE,0,WATCH,,0,0,0,NA,NA,NA,NA,NA,WARNING_SOFT,1,0,0,0,0,TREND_REVERSAL_UNCONFIRMED,0,0.45,NONE,1,0,0,0
SOLUSDT,1777698000000,2026-05-02T05:00:00.000Z,NEUTRAL,NONE,0,7.875,IGNORE,0,WATCH,,0,0,0,NA,NA,NA,NA,NA,WARNING_SOFT,1,0,0,0,0,TREND_REVERSAL_UNCONFIRMED,0,0.45,NONE,1,0,0,0
SOLUSDT,1777701600000,2026-05-02T06:00:00.000Z,NEUTRAL,NONE,0,7.875,IGNORE,0,WATCH,,0,0,0,NA,NA,NA,NA,NA,WARNING_SOFT,1,0,0,0,0,TREND_REVERSAL_UNCONFIRMED,0,0.45,NONE,1,0,0,0
SOLUSDT,1777705200000,2026-05-02T07:00:00.000Z,NEUTRAL,NONE,0,7.875,IGNORE,0,WATCH,,0,0,0,NA,NA,NA,NA,NA,WARNING_SOFT,1,0,0,0,0,TREND_REVERSAL_UNCONFIRMED,0,0.45,NONE,1,0,0,0
SOLUSDT,1777708800000,2026-05-02T08:00:00.000Z,BULL,SHORT,17.5,12.909375,IGNORE,0,WATCH,,0,0,0,NA,NA,NA,NA,NA,WARNING_SOFT,1,0,0,0,0,TREND_REVERSAL_UNCONFIRMED,1,0.45,SHORT,1,0,0,0
SOLUSDT,1777712400000,2026-05-02T09:00:00.000Z,BULL,SHORT,17.5,12.909375,IGNORE,0,WATCH,,0,0,0,NA,NA,NA,NA,NA,CLEAR,1,0,0,0,0,TREND_REVERSAL_UNCONFIRMED,1,0.45,SHORT,1,0,0,0
SOLUSDT,1777716000000,2026-05-02T10:00:00.000Z,BULL,SHORT,17.5,12.909375,IGNORE,0,WATCH,,0,0,0,NA,NA,NA,NA,NA,CLEAR,1,0,0,0,0,TREND_REVERSAL_UNCONFIRMED,1,0.45,SHORT,1,0,0,0
SOLUSDT,1777719600000,2026-05-02T11:00:00.000Z,NEUTRAL,NONE,0,7.875,IGNORE,0,WATCH,,0,0,0,NA,NA,NA,NA,NA,WARNING_SOFT,1,0,0,0,0,TREND_REVERSAL_UNCONFIRMED,0,0.45,NONE,1,0,0,0
SOLUSDT,1777723200000,2026-05-02T12:00:00.000Z,BULL,SHORT,42.5,18.534375,IGNORE,0,WATCH,,0,0,0,NA,NA,NA,NA,NA,CLEAR,1,0,0,0,0,TREND_REVERSAL_UNCONFIRMED,2,0.45,SHORT,1,0,0,0
SOLUSDT,1777726800000,2026-05-02T13:00:00.000Z,BULL,SHORT,17.5,12.909375,IGNORE,0,WATCH,,0,0,0,NA,NA,NA,NA,NA,CLEAR,1,0,0,0,0,TREND_REVERSAL_UNCONFIRMED,1,0.45,SHORT,1,0,0,0
SOLUSDT,1777730400000,2026-05-02T14:00:00.000Z,BULL,SHORT,17.5,12.909375,IGNORE,0,WATCH,,0,0,0,NA,NA,NA,NA,NA,CLEAR,1,0,0,0,0,TREND_REVERSAL_UNCONFIRMED,1,0.45,SHORT,1,0,0,0
SOLUSDT,1777734000000,2026-05-02T15:00:00.000Z,BULL,SHORT,17.5,12.909375,IGNORE,0,WATCH,,0,0,0,NA,NA,NA,NA,NA,CLEAR,1,0,0,0,0,TREND_REVERSAL_UNCONFIRMED,1,0.45,SHORT,1,0,0,0
SOLUSDT,1777737600000,2026-05-02T16:00:00.000Z,BULL,SHORT,17.5,12.909375,IGNORE,0,WATCH,,0,0,0,NA,NA,NA,NA,NA,CLEAR,1,0,0,0,0,TREND_REVERSAL_UNCONFIRMED,1,0.45,SHORT,1,0,0,0
SOLUSDT,1777741200000,2026-05-02T17:00:00.000Z,BULL,SHORT,42.5,18.534375,IGNORE,0,WATCH,,0,0,0,NA,NA,NA,NA,NA,CLEAR,1,0,0,0,0,TREND_REVERSAL_UNCONFIRMED,2,0.45,SHORT,1,0,0,0
SOLUSDT,1777744800000,2026-05-02T18:00:00.000Z,BULL,SHORT,17.5,12.909375,IGNORE,0,WATCH,,0,0,0,NA,NA,NA,NA,NA,CLEAR,1,0,0,0,0,TREND_REVERSAL_UNCONFIRMED,1,0.45,SHORT,1,0,0,0
SOLUSDT,1777748400000,2026-05-02T19:00:00.000Z,BULL,SHORT,17.5,12.909375,IGNORE,0,WATCH,,0,0,0,NA,NA,NA,NA,NA,CLEAR,1,0,0,0,0,TREND_REVERSAL_UNCONFIRMED,1,0.45,SHORT,1,0,0,0
SOLUSDT,1777752000000,2026-05-02T20:00:00.000Z,BULL,SHORT,42.5,18.534375,IGNORE,0,WATCH,,0,0,0,NA,NA,NA,NA,NA,CLEAR,1,0,0,0,0,TREND_REVERSAL_UNCONFIRMED,2,0.45,SHORT,1,0,0,0
SOLUSDT,1777755600000,2026-05-02T21:00:00.000Z,BULL,SHORT,42.5,18.534375,IGNORE,0,WATCH,,0,0,0,NA,NA,NA,NA,NA,CLEAR,1,0,0,0,0,TREND_REVERSAL_UNCONFIRMED,2,0.45,SHORT,1,0,0,0
SOLUSDT,1777759200000,2026-05-02T22:00:00.000Z,BULL,SHORT,42.5,18.534375,IGNORE,0,WATCH,,0,0,0,NA,NA,NA,NA,NA,CLEAR,1,0,0,0,0,TREND_REVERSAL_UNCONFIRMED,2,0.45,SHORT,1,0,0,0
SOLUSDT,1777762800000,2026-05-02T23:00:00.000Z,BULL,SHORT,42.5,18.534375,IGNORE,0,WATCH,,0,0,0,NA,NA,NA,NA,NA,CLEAR,1,0,0,0,0,TREND_REVERSAL_UNCONFIRMED,2,0.45,SHORT,1,0,0,0
SOLUSDT,1777766400000,2026-05-03T00:00:00.000Z,NEUTRAL,NONE,0,7.875,IGNORE,0,WATCH,,0,0,0,NA,NA,NA,NA,NA,BLOCK,0,0,0,0,0,TREND_REVERSAL_UNCONFIRMED,0,0.45,NONE,1,0,0,0
SOLUSDT,1777770000000,2026-05-03T01:00:00.000Z,NEUTRAL,NONE,0,7.875,IGNORE,0,WATCH,,0,0,0,NA,NA,NA,NA,NA,WARNING_SOFT,1,0,0,0,0,TREND_REVERSAL_UNCONFIRMED,0,0.45,NONE,1,0,0,0
SOLUSDT,1777773600000,2026-05-03T02:00:00.000Z,NEUTRAL,NONE,0,7.875,IGNORE,0,WATCH,,0,0,0,NA,NA,NA,NA,NA,BLOCK,0,0,0,0,0,TREND_REVERSAL_UNCONFIRMED,0,0.45,NONE,1,0,0,0
SOLUSDT,1777777200000,2026-05-03T03:00:00.000Z,NEUTRAL,NONE,0,7.875,IGNORE,0,WATCH,,0,0,0,NA,NA,NA,NA,NA,WARNING_SOFT,1,0,0,0,0,TREND_REVERSAL_UNCONFIRMED,0,0.45,NONE,1,0,0,0
SOLUSDT,1777780800000,2026-05-03T04:00:00.000Z,NEUTRAL,NONE,0,7.875,IGNORE,0,WATCH,,0,0,0,NA,NA,NA,NA,NA,WARNING_SOFT,1,0,0,0,0,TREND_REVERSAL_UNCONFIRMED,0,0.45,NONE,1,0,0,0
SOLUSDT,1777784400000,2026-05-03T05:00:00.000Z,NEUTRAL,NONE,0,7.875,IGNORE,0,WATCH,,0,0,0,NA,NA,NA,NA,NA,WARNING_SOFT,1,0,0,0,0,TREND_REVERSAL_UNCONFIRMED,0,0.45,NONE,1,0,0,0
SOLUSDT,1777788000000,2026-05-03T06:00:00.000Z,NEUTRAL,NONE,0,7.875,IGNORE,0,WATCH,,0,0,0,NA,NA,NA,NA,NA,WARNING_SOFT,1,0,0,0,0,TREND_REVERSAL_UNCONFIRMED,0,0.45,NONE,1,0,0,0
SOLUSDT,1777791600000,2026-05-03T07:00:00.000Z,NEUTRAL,NONE,0,7.875,IGNORE,0,WATCH,,0,0,0,NA,NA,NA,NA,NA,WARNING_SOFT,1,0,0,0,0,TREND_REVERSAL_UNCONFIRMED,0,0.45,NONE,1,0,0,0
SOLUSDT,1777795200000,2026-05-03T08:00:00.000Z,NEUTRAL,NONE,0,7.875,IGNORE,0,WATCH,,0,0,0,NA,NA,NA,NA,NA,WARNING_SOFT,1,0,0,0,0,TREND_REVERSAL_UNCONFIRMED,0,0.45,NONE,1,0,0,0
SOLUSDT,1777798800000,2026-05-03T09:00:00.000Z,BULL,SHORT,13.954177520458142,12.630141479736078,IGNORE,0,WATCH,,0,0,0,NA,NA,NA,NA,NA,CLEAR,1,0,0,0,0,TREND_REVERSAL_UNCONFIRMED,1,0.45,SHORT,1,0,0,0
SOLUSDT,1777802400000,2026-05-03T10:00:00.000Z,NEUTRAL,NONE,0,7.875,IGNORE,0,WATCH,,0,0,0,NA,NA,NA,NA,NA,WARNING_SOFT,1,0,0,0,0,TREND_REVERSAL_UNCONFIRMED,0,0.45,NONE,1,0,0,0
SOLUSDT,1777806000000,2026-05-03T11:00:00.000Z,BULL,SHORT,19.302804019999805,13.051345816574985,IGNORE,0,WATCH,,0,0,0,NA,NA,NA,NA,NA,BLOCK,0,0,0,0,0,TREND_REVERSAL_UNCONFIRMED,1,0.45,SHORT,1,0,0,0
SOLUSDT,1777809600000,2026-05-03T12:00:00.000Z,BULL,SHORT,0,7.875,IGNORE,0,WATCH,,0,0,0,NA,NA,NA,NA,NA,CLEAR,1,0,0,0,0,TREND_REVERSAL_UNCONFIRMED,0,0.45,SHORT,1,0,0,0
SOLUSDT,1777813200000,2026-05-03T13:00:00.000Z,BULL,SHORT,0,7.875,IGNORE,0,WATCH,,0,0,0,NA,NA,NA,NA,NA,CLEAR,1,0,0,0,0,TREND_REVERSAL_UNCONFIRMED,0,0.45,SHORT,1,0,0,0
SOLUSDT,1777816800000,2026-05-03T14:00:00.000Z,BULL,SHORT,0,7.875,IGNORE,0,WATCH,,0,0,0,NA,NA,NA,NA,NA,CLEAR,1,0,0,0,0,TREND_REVERSAL_UNCONFIRMED,0,0.45,SHORT,1,0,0,0
SOLUSDT,1777820400000,2026-05-03T15:00:00.000Z,BULL,SHORT,25,13.5,IGNORE,0,WATCH,,0,0,0,NA,NA,NA,NA,NA,CLEAR,1,0,0,0,0,TREND_REVERSAL_UNCONFIRMED,1,0.45,SHORT,1,0,0,0
SOLUSDT,1777824000000,2026-05-03T16:00:00.000Z,BULL,SHORT,0,7.875,IGNORE,0,WATCH,,0,0,0,NA,NA,NA,NA,NA,CLEAR,1,0,0,0,0,TREND_REVERSAL_UNCONFIRMED,0,0.45,SHORT,1,0,0,0
SOLUSDT,1777827600000,2026-05-03T17:00:00.000Z,BULL,SHORT,17.5,12.909375,IGNORE,0,WATCH,,0,0,0,NA,NA,NA,NA,NA,CLEAR,1,0,0,0,0,TREND_REVERSAL_UNCONFIRMED,1,0.45,SHORT,1,0,0,0
SOLUSDT,1777831200000,2026-05-03T18:00:00.000Z,BULL,SHORT,42.5,18.534375,IGNORE,0,WATCH,,0,0,0,NA,NA,NA,NA,NA,CLEAR,1,0,0,0,0,TREND_REVERSAL_UNCONFIRMED,2,0.45,SHORT,1,0,0,0
SOLUSDT,1777834800000,2026-05-03T19:00:00.000Z,BULL,SHORT,30.34722222222222,17.57734375,IGNORE,0,WATCH,,0,0,0,NA,NA,NA,NA,NA,CLEAR,1,0,0,0,0,TREND_REVERSAL_UNCONFIRMED,2,0.45,SHORT,1,0,0,0
SOLUSDT,1777838400000,2026-05-03T20:00:00.000Z,BULL,SHORT,33.072101867687564,17.791928022080395,IGNORE,0,WATCH,,0,0,0,NA,NA,NA,NA,NA,CLEAR,1,0,0,0,0,TREND_REVERSAL_UNCONFIRMED,2,0.45,SHORT,1,0,0,0
SOLUSDT,1777842000000,2026-05-03T21:00:00.000Z,BULL,SHORT,59.22345002622256,43.460847153854715,WATCH,1,WATCH,ACTIVE,1,1,0,FAIL,PASS,SKIP,SKIP,FAIL,CLEAR,1,0,0,0,0,MARKET_CONTEXT_DENIED,3,0.84,SHORT,1,0,0,0
SOLUSDT,1777845600000,2026-05-03T22:00:00.000Z,BULL,SHORT,42.5,18.534375,IGNORE,0,WATCH,,0,0,0,NA,NA,NA,NA,NA,CLEAR,1,0,0,0,0,TREND_REVERSAL_UNCONFIRMED,2,0.45,SHORT,1,0,0,0
SOLUSDT,1777849200000,2026-05-03T23:00:00.000Z,NEUTRAL,NONE,0,7.875,IGNORE,0,WATCH,,0,0,0,NA,NA,NA,NA,NA,BLOCK,0,0,0,0,0,TREND_REVERSAL_UNCONFIRMED,0,0.45,NONE,1,0,0,0
SOLUSDT,1777852800000,2026-05-04T00:00:00.000Z,NEUTRAL,NONE,0,7.875,IGNORE,0,WATCH,,0,0,0,NA,NA,NA,NA,NA,BLOCK,0,0,0,0,0,TREND_REVERSAL_UNCONFIRMED,0,0.45,NONE,1,0,0,0
SOLUSDT,1777856400000,2026-05-04T01:00:00.000Z,BULL,SHORT,25,13.5,IGNORE,0,WATCH,,0,0,0,NA,NA,NA,NA,NA,BLOCK,0,0,0,0,0,TREND_REVERSAL_UNCONFIRMED,1,0.45,SHORT,1,0,0,0
SOLUSDT,1777860000000,2026-05-04T02:00:00.000Z,BULL,SHORT,25,13.5,IGNORE,0,WATCH,,0,0,0,NA,NA,NA,NA,NA,CLEAR,1,0,0,0,0,TREND_REVERSAL_UNCONFIRMED,1,0.45,SHORT,1,0,0,0
SOLUSDT,1777863600000,2026-05-04T03:00:00.000Z,BULL,SHORT,13.29040568318989,12.577869447551205,IGNORE,0,WATCH,,0,0,0,NA,NA,NA,NA,NA,CLEAR,1,0,0,0,0,TREND_REVERSAL_UNCONFIRMED,1,0.45,SHORT,1,0,0,0
SOLUSDT,1777867200000,2026-05-04T04:00:00.000Z,BULL,SHORT,25,13.5,IGNORE,0,WATCH,,0,0,0,NA,NA,NA,NA,NA,CLEAR,1,1,0,0,0,TREND_REVERSAL_UNCONFIRMED,1,0.45,SHORT,1,0,0,0
SOLUSDT,1777870800000,2026-05-04T05:00:00.000Z,BULL,SHORT,43.209451711191264,18.59024432225631,IGNORE,0,WATCH,,0,0,0,NA,NA,NA,NA,NA,CLEAR,1,0,0,0,0,TREND_REVERSAL_UNCONFIRMED,2,0.45,SHORT,1,0,0,0
SOLUSDT,1777874400000,2026-05-04T06:00:00.000Z,BULL,SHORT,24.704408018125818,13.476722131427408,IGNORE,0,WATCH,,0,0,0,NA,NA,NA,NA,NA,WARNING_SOFT,1,0,0,0,0,TREND_REVERSAL_UNCONFIRMED,1,0.45,SHORT,1,0,0,0
SOLUSDT,1777878000000,2026-05-04T07:00:00.000Z,BULL,SHORT,0,7.875,IGNORE,0,WATCH,,0,0,0,NA,NA,NA,NA,NA,WARNING_SOFT,1,0,0,0,0,TREND_REVERSAL_UNCONFIRMED,0,0.45,SHORT,1,0,0,0
SOLUSDT,1777881600000,2026-05-04T08:00:00.000Z,BULL,SHORT,25,13.5,IGNORE,0,WATCH,,0,0,0,NA,NA,NA,NA,NA,WARNING_SOFT,1,0,0,0,0,TREND_REVERSAL_UNCONFIRMED,1,0.45,SHORT,1,0,0,0
SOLUSDT,1777885200000,2026-05-04T09:00:00.000Z,BULL,SHORT,0,7.875,IGNORE,0,WATCH,,0,0,0,NA,NA,NA,NA,NA,WARNING_SOFT,1,0,0,0,0,TREND_REVERSAL_UNCONFIRMED,0,0.45,SHORT,1,0,0,0
SOLUSDT,1777888800000,2026-05-04T10:00:00.000Z,NEUTRAL,NONE,0,7.875,IGNORE,0,WATCH,,0,0,0,NA,NA,NA,NA,NA,BLOCK,0,0,0,0,0,TREND_REVERSAL_UNCONFIRMED,0,0.45,NONE,1,0,0,0
SOLUSDT,1777892400000,2026-05-04T11:00:00.000Z,NEUTRAL,NONE,0,7.875,IGNORE,0,WATCH,,0,0,0,NA,NA,NA,NA,NA,WARNING_SOFT,1,0,0,0,0,TREND_REVERSAL_UNCONFIRMED,0,0.45,NONE,1,0,0,0
SOLUSDT,1777896000000,2026-05-04T12:00:00.000Z,NEUTRAL,NONE,0,7.875,IGNORE,0,WATCH,,0,0,0,NA,NA,NA,NA,NA,WARNING_SOFT,1,0,0,0,0,TREND_REVERSAL_UNCONFIRMED,0,0.45,NONE,1,0,0,0
SOLUSDT,1777899600000,2026-05-04T13:00:00.000Z,NEUTRAL,NONE,0,7.875,IGNORE,0,WATCH,,0,0,0,NA,NA,NA,NA,NA,WARNING_SOFT,1,0,0,0,0,TREND_REVERSAL_UNCONFIRMED,0,0.45,NONE,1,0,0,0
SOLUSDT,1777903200000,2026-05-04T14:00:00.000Z,BULL,SHORT,21.304386490600074,13.208970436134756,IGNORE,0,WATCH,,0,0,0,NA,NA,NA,NA,NA,WARNING_SOFT,1,1,0,0,0,TREND_REVERSAL_UNCONFIRMED,1,0.45,SHORT,1,0,0,0
SOLUSDT,1777906800000,2026-05-04T15:00:00.000Z,NEUTRAL,NONE,0,7.875,IGNORE,0,WATCH,,0,0,0,NA,NA,NA,NA,NA,WARNING_HARD,1,0,0,0,0,TREND_REVERSAL_UNCONFIRMED,0,0.45,NONE,1,0,0,0
SOLUSDT,1777910400000,2026-05-04T16:00:00.000Z,NEUTRAL,NONE,0,7.875,IGNORE,0,WATCH,,0,0,0,NA,NA,NA,NA,NA,WARNING_HARD,1,0,0,0,0,TREND_REVERSAL_UNCONFIRMED,0,0.45,NONE,1,0,0,0
SOLUSDT,1777914000000,2026-05-04T17:00:00.000Z,BULL,SHORT,17.5,12.909375,IGNORE,0,WATCH,,0,0,0,NA,NA,NA,NA,NA,CLEAR,1,0,0,0,0,TREND_REVERSAL_UNCONFIRMED,1,0.45,SHORT,1,0,0,0
SOLUSDT,1777917600000,2026-05-04T18:00:00.000Z,BULL,SHORT,17.5,12.909375,IGNORE,0,WATCH,,0,0,0,NA,NA,NA,NA,NA,CLEAR,1,0,0,0,0,TREND_REVERSAL_UNCONFIRMED,1,0.45,SHORT,1,0,0,0
SOLUSDT,1777921200000,2026-05-04T19:00:00.000Z,NEUTRAL,NONE,0,7.875,IGNORE,0,WATCH,,0,0,0,NA,NA,NA,NA,NA,WARNING_SOFT,1,0,0,0,0,TREND_REVERSAL_UNCONFIRMED,0,0.45,NONE,1,0,0,0
SOLUSDT,1777924800000,2026-05-04T20:00:00.000Z,NEUTRAL,NONE,0,7.875,IGNORE,0,WATCH,,0,0,0,NA,NA,NA,NA,NA,WARNING_SOFT,1,0,0,0,0,TREND_REVERSAL_UNCONFIRMED,0,0.45,NONE,1,0,0,0
SOLUSDT,1777928400000,2026-05-04T21:00:00.000Z,NEUTRAL,NONE,0,7.875,IGNORE,0,WATCH,,0,0,0,NA,NA,NA,NA,NA,WARNING_SOFT,1,0,0,0,0,TREND_REVERSAL_UNCONFIRMED,0,0.45,NONE,1,0,0,0
SOLUSDT,1777932000000,2026-05-04T22:00:00.000Z,NEUTRAL,NONE,0,7.875,IGNORE,0,WATCH,,0,0,0,NA,NA,NA,NA,NA,WARNING_SOFT,1,0,0,0,0,TREND_REVERSAL_UNCONFIRMED,0,0.45,NONE,1,0,0,0
SOLUSDT,1777935600000,2026-05-04T23:00:00.000Z,NEUTRAL,NONE,0,7.875,IGNORE,0,WATCH,,0,0,0,NA,NA,NA,NA,NA,WARNING_SOFT,1,0,0,0,0,TREND_REVERSAL_UNCONFIRMED,0,0.45,NONE,1,0,0,0
SOLUSDT,1777939200000,2026-05-05T00:00:00.000Z,NEUTRAL,NONE,0,7.875,IGNORE,0,WATCH,,0,0,0,NA,NA,NA,NA,NA,WARNING_SOFT,1,0,0,0,0,TREND_REVERSAL_UNCONFIRMED,0,0.45,NONE,1,0,0,0
SOLUSDT,1777942800000,2026-05-05T01:00:00.000Z,NEUTRAL,NONE,0,7.875,IGNORE,0,WATCH,,0,0,0,NA,NA,NA,NA,NA,WARNING_SOFT,1,0,0,0,0,TREND_REVERSAL_UNCONFIRMED,0,0.45,NONE,1,0,0,0
SOLUSDT,1777946400000,2026-05-05T02:00:00.000Z,BULL,SHORT,17.5,12.909375,IGNORE,0,WATCH,,0,0,0,NA,NA,NA,NA,NA,CLEAR,1,0,0,0,0,TREND_REVERSAL_UNCONFIRMED,1,0.45,SHORT,1,0,0,0
SOLUSDT,1777950000000,2026-05-05T03:00:00.000Z,BULL,SHORT,17.5,12.909375,IGNORE,0,WATCH,,0,0,0,NA,NA,NA,NA,NA,CLEAR,1,0,0,0,0,TREND_REVERSAL_UNCONFIRMED,1,0.45,SHORT,1,0,0,0
SOLUSDT,1777953600000,2026-05-05T04:00:00.000Z,BULL,SHORT,42.5,18.534375,IGNORE,0,WATCH,,0,0,0,NA,NA,NA,NA,NA,CLEAR,1,0,0,0,0,TREND_REVERSAL_UNCONFIRMED,2,0.45,SHORT,1,0,0,0
SOLUSDT,1777957200000,2026-05-05T05:00:00.000Z,BULL,SHORT,17.5,12.909375,IGNORE,0,WATCH,,0,0,0,NA,NA,NA,NA,NA,CLEAR,1,0,0,0,0,TREND_REVERSAL_UNCONFIRMED,1,0.45,SHORT,1,0,0,0
SOLUSDT,1777960800000,2026-05-05T06:00:00.000Z,BULL,SHORT,32.08333333333333,17.714062499999997,IGNORE,0,WATCH,,0,0,0,NA,NA,NA,NA,NA,CLEAR,1,0,0,0,0,TREND_REVERSAL_UNCONFIRMED,2,0.45,SHORT,1,0,0,0
SOLUSDT,1777964400000,2026-05-05T07:00:00.000Z,BULL,SHORT,42.5,18.534375,IGNORE,0,WATCH,,0,0,0,NA,NA,NA,NA,NA,CLEAR,1,0,0,0,0,TREND_REVERSAL_UNCONFIRMED,2,0.45,SHORT,1,0,0,0
SOLUSDT,1777968000000,2026-05-05T08:00:00.000Z,BULL,SHORT,17.5,12.909375,IGNORE,0,WATCH,,0,0,0,NA,NA,NA,NA,NA,CLEAR,1,0,0,0,0,TREND_REVERSAL_UNCONFIRMED,1,0.45,SHORT,1,0,0,0
SOLUSDT,1777971600000,2026-05-05T09:00:00.000Z,NEUTRAL,NONE,0,7.875,IGNORE,0,WATCH,,0,0,0,NA,NA,NA,NA,NA,WARNING_SOFT,1,0,0,0,0,TREND_REVERSAL_UNCONFIRMED,0,0.45,NONE,1,0,0,0
SOLUSDT,1777975200000,2026-05-05T10:00:00.000Z,BULL,SHORT,17.5,12.909375,IGNORE,0,WATCH,,0,0,0,NA,NA,NA,NA,NA,WARNING_SOFT,1,0,0,0,0,TREND_REVERSAL_UNCONFIRMED,1,0.45,SHORT,1,0,0,0
SOLUSDT,1777978800000,2026-05-05T11:00:00.000Z,BULL,SHORT,17.5,12.909375,IGNORE,0,WATCH,,0,0,0,NA,NA,NA,NA,NA,CLEAR,1,0,0,0,0,TREND_REVERSAL_UNCONFIRMED,1,0.45,SHORT,1,0,0,0
SOLUSDT,1777982400000,2026-05-05T12:00:00.000Z,BULL,SHORT,30.468630382371746,17.586904642611778,IGNORE,0,WATCH,,0,0,0,NA,NA,NA,NA,NA,CLEAR,1,0,0,0,0,TREND_REVERSAL_UNCONFIRMED,2,0.45,SHORT,1,0,0,0
SOLUSDT,1777986000000,2026-05-05T13:00:00.000Z,BULL,SHORT,42.5,18.534375,IGNORE,0,WATCH,,0,0,0,NA,NA,NA,NA,NA,CLEAR,1,0,0,0,0,TREND_REVERSAL_UNCONFIRMED,2,0.45,SHORT,1,0,0,0
SOLUSDT,1777989600000,2026-05-05T14:00:00.000Z,BULL,SHORT,67.5,44.677499999999995,WATCH,1,WATCH,ACTIVE,1,1,0,FAIL,PASS,SKIP,SKIP,FAIL,CLEAR,1,0,0,0,0,MARKET_CONTEXT_DENIED,3,0.84,SHORT,1,0,0,0
SOLUSDT,1777993200000,2026-05-05T15:00:00.000Z,BULL,SHORT,40.569259951772764,18.382329221202106,IGNORE,0,WATCH,,0,0,0,NA,NA,NA,NA,NA,CLEAR,1,0,0,0,0,TREND_REVERSAL_UNCONFIRMED,2,0.45,SHORT,1,0,0,0
SOLUSDT,1777996800000,2026-05-05T16:00:00.000Z,BULL,SHORT,16.258906603212303,12.81163889500297,IGNORE,0,WATCH,,0,0,0,NA,NA,NA,NA,NA,CLEAR,1,0,0,0,0,TREND_REVERSAL_UNCONFIRMED,1,0.45,SHORT,1,0,0,0
SOLUSDT,1778000400000,2026-05-05T17:00:00.000Z,BULL,SHORT,0,7.875,IGNORE,0,WATCH,,0,0,0,NA,NA,NA,NA,NA,CLEAR,1,0,0,0,0,TREND_REVERSAL_UNCONFIRMED,0,0.45,SHORT,1,0,0,0
SOLUSDT,1778004000000,2026-05-05T18:00:00.000Z,BULL,SHORT,0,7.875,IGNORE,0,WATCH,,0,0,0,NA,NA,NA,NA,NA,CLEAR,1,0,0,0,0,TREND_REVERSAL_UNCONFIRMED,0,0.45,SHORT,1,0,0,0
SOLUSDT,1778007600000,2026-05-05T19:00:00.000Z,BULL,SHORT,20.87162617054858,13.1748905609307,IGNORE,0,WATCH,,0,0,0,NA,NA,NA,NA,NA,CLEAR,1,1,0,0,0,TREND_REVERSAL_UNCONFIRMED,1,0.45,SHORT,1,0,0,0
SOLUSDT,1778011200000,2026-05-05T20:00:00.000Z,BULL,SHORT,25,13.5,IGNORE,0,WATCH,,0,0,0,NA,NA,NA,NA,NA,CLEAR,1,0,0,0,0,TREND_REVERSAL_UNCONFIRMED,1,0.45,SHORT,1,0,0,0
SOLUSDT,1778014800000,2026-05-05T21:00:00.000Z,BULL,SHORT,13.194444444444445,12.5703125,IGNORE,0,WATCH,,0,0,0,NA,NA,NA,NA,NA,CLEAR,1,0,0,0,0,TREND_REVERSAL_UNCONFIRMED,1,0.45,SHORT,1,0,0,0
SOLUSDT,1778018400000,2026-05-05T22:00:00.000Z,BULL,SHORT,0,7.875,IGNORE,0,WATCH,,0,0,0,NA,NA,NA,NA,NA,CLEAR,1,0,0,0,0,TREND_REVERSAL_UNCONFIRMED,0,0.45,SHORT,1,0,0,0
SOLUSDT,1778022000000,2026-05-05T23:00:00.000Z,BULL,SHORT,0,7.875,IGNORE,0,WATCH,,0,0,0,NA,NA,NA,NA,NA,WARNING_SOFT,1,0,0,0,0,TREND_REVERSAL_UNCONFIRMED,0,0.45,SHORT,1,0,0,0
SOLUSDT,1778025600000,2026-05-06T00:00:00.000Z,BULL,SHORT,0,7.875,IGNORE,0,WATCH,,0,0,0,NA,NA,NA,NA,NA,WARNING_SOFT,1,0,0,0,0,TREND_REVERSAL_UNCONFIRMED,0,0.45,SHORT,1,0,0,0
SOLUSDT,1778029200000,2026-05-06T01:00:00.000Z,BULL,SHORT,14.583333333333332,12.6796875,IGNORE,0,WATCH,,0,0,0,NA,NA,NA,NA,NA,CLEAR,1,0,0,0,0,TREND_REVERSAL_UNCONFIRMED,1,0.45,SHORT,1,0,0,0
SOLUSDT,1778032800000,2026-05-06T02:00:00.000Z,BULL,SHORT,39.58333333333333,18.3046875,IGNORE,0,WATCH,,0,0,0,NA,NA,NA,NA,NA,CLEAR,1,0,0,0,0,TREND_REVERSAL_UNCONFIRMED,2,0.45,SHORT,1,0,0,0
SOLUSDT,1778036400000,2026-05-06T03:00:00.000Z,BULL,SHORT,14.411136289212898,12.666126982775516,IGNORE,0,WATCH,,0,0,0,NA,NA,NA,NA,NA,CLEAR,1,0,0,0,0,TREND_REVERSAL_UNCONFIRMED,1,0.45,SHORT,1,0,0,0
SOLUSDT,1778040000000,2026-05-06T04:00:00.000Z,BULL,SHORT,0,7.875,IGNORE,0,WATCH,,0,0,0,NA,NA,NA,NA,NA,CLEAR,1,0,0,0,0,TREND_REVERSAL_UNCONFIRMED,0,0.45,SHORT,1,0,0,0
SOLUSDT,1778043600000,2026-05-06T05:00:00.000Z,BULL,SHORT,0,7.875,IGNORE,0,WATCH,,0,0,0,NA,NA,NA,NA,NA,CLEAR,1,0,0,0,0,TREND_REVERSAL_UNCONFIRMED,0,0.45,SHORT,1,0,0,0
SOLUSDT,1778047200000,2026-05-06T06:00:00.000Z,BULL,SHORT,12.847222222222221,12.54296875,IGNORE,0,WATCH,,0,0,0,NA,NA,NA,NA,NA,CLEAR,1,0,0,0,0,TREND_REVERSAL_UNCONFIRMED,1,0.45,SHORT,1,0,0,0
SOLUSDT,1778050800000,2026-05-06T07:00:00.000Z,BULL,SHORT,0,7.875,IGNORE,0,WATCH,,0,0,0,NA,NA,NA,NA,NA,CLEAR,1,0,0,0,0,TREND_REVERSAL_UNCONFIRMED,0,0.45,SHORT,1,0,0,0
SOLUSDT,1778054400000,2026-05-06T08:00:00.000Z,BULL,SHORT,37.84722222222222,18.16796875,IGNORE,0,WATCH,,0,0,0,NA,NA,NA,NA,NA,CLEAR,1,1,0,0,0,TREND_REVERSAL_UNCONFIRMED,2,0.45,SHORT,1,0,0,0
SOLUSDT,1778058000000,2026-05-06T09:00:00.000Z,BULL,SHORT,34.83828768033206,17.93101515482615,IGNORE,0,WATCH,,0,0,0,NA,NA,NA,NA,NA,CLEAR,1,1,0,0,0,TREND_REVERSAL_UNCONFIRMED,2,0.45,SHORT,1,0,0,0
SOLUSDT,1778061600000,2026-05-06T10:00:00.000Z,BULL,SHORT,51.581715527745935,50.73751218257865,WATCH,1,WATCH,ACTIVE,1,1,0,FAIL,PASS,SKIP,SKIP,PASS,CLEAR,1,0,0,0,0,MARKET_CONTEXT_DENIED,3,0.84,SHORT,0,1,0,0
SOLUSDT,1778065200000,2026-05-06T11:00:00.000Z,BULL,SHORT,29.56616691717671,17.515835644727666,IGNORE,0,WATCH,,0,0,0,NA,NA,NA,NA,NA,CLEAR,1,0,0,0,0,TREND_REVERSAL_UNCONFIRMED,2,0.45,SHORT,1,0,0,0
SOLUSDT,1778068800000,2026-05-06T12:00:00.000Z,BULL,SHORT,12.847222222222221,12.54296875,IGNORE,0,WATCH,,0,0,0,NA,NA,NA,NA,NA,CLEAR,1,0,0,0,0,TREND_REVERSAL_UNCONFIRMED,1,0.45,SHORT,1,0,0,0
SOLUSDT,1778072400000,2026-05-06T13:00:00.000Z,BULL,SHORT,25,13.5,IGNORE,0,WATCH,,0,0,0,NA,NA,NA,NA,NA,CLEAR,1,0,0,0,0,TREND_REVERSAL_UNCONFIRMED,1,0.45,SHORT,1,0,0,0
SOLUSDT,1778076000000,2026-05-06T14:00:00.000Z,BULL,SHORT,25,13.5,IGNORE,0,WATCH,,0,0,0,NA,NA,NA,NA,NA,BLOCK,0,0,0,0,0,TREND_REVERSAL_UNCONFIRMED,1,0.45,SHORT,1,0,0,0
SOLUSDT,1778079600000,2026-05-06T15:00:00.000Z,BULL,SHORT,0,7.875,IGNORE,0,WATCH,,0,0,0,NA,NA,NA,NA,NA,WARNING_SOFT,1,0,0,0,0,TREND_REVERSAL_UNCONFIRMED,0,0.45,SHORT,1,0,0,0
SOLUSDT,1778083200000,2026-05-06T16:00:00.000Z,BULL,SHORT,0,7.875,IGNORE,0,WATCH,,0,0,0,NA,NA,NA,NA,NA,WARNING_SOFT,1,0,0,0,0,TREND_REVERSAL_UNCONFIRMED,0,0.45,SHORT,1,0,0,0
SOLUSDT,1778086800000,2026-05-06T17:00:00.000Z,BULL,SHORT,25,13.5,IGNORE,0,WATCH,,0,0,0,NA,NA,NA,NA,NA,WARNING_SOFT,1,0,0,0,0,TREND_REVERSAL_UNCONFIRMED,1,0.45,SHORT,1,0,0,0
SOLUSDT,1778090400000,2026-05-06T18:00:00.000Z,BULL,SHORT,0,7.875,IGNORE,0,WATCH,,0,0,0,NA,NA,NA,NA,NA,WARNING_SOFT,1,0,0,0,0,TREND_REVERSAL_UNCONFIRMED,0,0.45,SHORT,1,0,0,0
SOLUSDT,1778094000000,2026-05-06T19:00:00.000Z,BULL,SHORT,0,7.875,IGNORE,0,WATCH,,0,0,0,NA,NA,NA,NA,NA,WARNING_SOFT,1,0,0,0,0,TREND_REVERSAL_UNCONFIRMED,0,0.45,SHORT,1,0,0,0
SOLUSDT,1778097600000,2026-05-06T20:00:00.000Z,BULL,SHORT,0,7.875,IGNORE,0,WATCH,,0,0,0,NA,NA,NA,NA,NA,WARNING_SOFT,1,0,0,0,0,TREND_REVERSAL_UNCONFIRMED,0,0.45,SHORT,1,0,0,0
SOLUSDT,1778101200000,2026-05-06T21:00:00.000Z,BULL,SHORT,0,7.875,IGNORE,0,WATCH,,0,0,0,NA,NA,NA,NA,NA,WARNING_SOFT,1,0,0,0,0,TREND_REVERSAL_UNCONFIRMED,0,0.45,SHORT,1,0,0,0
SOLUSDT,1778104800000,2026-05-06T22:00:00.000Z,BULL,SHORT,25,13.5,IGNORE,0,WATCH,,0,0,0,NA,NA,NA,NA,NA,WARNING_SOFT,1,0,0,0,0,TREND_REVERSAL_UNCONFIRMED,1,0.45,SHORT,1,0,0,0
SOLUSDT,1778108400000,2026-05-06T23:00:00.000Z,BULL,SHORT,17.5,12.909375,IGNORE,0,WATCH,,0,0,0,NA,NA,NA,NA,NA,WARNING_SOFT,1,0,0,0,0,TREND_REVERSAL_UNCONFIRMED,1,0.45,SHORT,1,0,0,0
SOLUSDT,1778112000000,2026-05-07T00:00:00.000Z,NEUTRAL,NONE,0,7.875,IGNORE,0,WATCH,,0,0,0,NA,NA,NA,NA,NA,WARNING_SOFT,1,0,0,0,0,TREND_REVERSAL_UNCONFIRMED,0,0.45,NONE,1,0,0,0
SOLUSDT,1778115600000,2026-05-07T01:00:00.000Z,NEUTRAL,NONE,0,7.875,IGNORE,0,WATCH,,0,0,0,NA,NA,NA,NA,NA,BLOCK,0,0,0,0,0,TREND_REVERSAL_UNCONFIRMED,0,0.45,NONE,1,0,0,0
SOLUSDT,1778119200000,2026-05-07T02:00:00.000Z,NEUTRAL,NONE,0,7.875,IGNORE,0,WATCH,,0,0,0,NA,NA,NA,NA,NA,WARNING_SOFT,1,0,0,0,0,TREND_REVERSAL_UNCONFIRMED,0,0.45,NONE,1,0,0,0
SOLUSDT,1778122800000,2026-05-07T03:00:00.000Z,NEUTRAL,NONE,0,7.875,IGNORE,0,WATCH,,0,0,0,NA,NA,NA,NA,NA,BLOCK,0,0,0,0,0,TREND_REVERSAL_UNCONFIRMED,0,0.45,NONE,1,0,0,0
SOLUSDT,1778126400000,2026-05-07T04:00:00.000Z,NEUTRAL,NONE,0,7.875,IGNORE,0,WATCH,,0,0,0,NA,NA,NA,NA,NA,WARNING_SOFT,1,0,0,0,0,TREND_REVERSAL_UNCONFIRMED,0,0.45,NONE,1,0,0,0
SOLUSDT,1778130000000,2026-05-07T05:00:00.000Z,BULL,SHORT,17.5,12.909375,IGNORE,0,WATCH,,0,0,0,NA,NA,NA,NA,NA,BLOCK,0,0,0,0,0,TREND_REVERSAL_UNCONFIRMED,1,0.45,SHORT,1,0,0,0
SOLUSDT,1778133600000,2026-05-07T06:00:00.000Z,BULL,SHORT,17.5,12.909375,IGNORE,0,WATCH,,0,0,0,NA,NA,NA,NA,NA,WARNING_SOFT,1,0,0,0,0,TREND_REVERSAL_UNCONFIRMED,1,0.45,SHORT,1,0,0,0
SOLUSDT,1778137200000,2026-05-07T07:00:00.000Z,BULL,SHORT,42.42957587350388,18.52882910003843,IGNORE,0,WATCH,,0,0,0,NA,NA,NA,NA,NA,CLEAR,1,1,0,0,0,TREND_REVERSAL_UNCONFIRMED,2,0.45,SHORT,1,0,0,0
SOLUSDT,1778140800000,2026-05-07T08:00:00.000Z,BULL,SHORT,55.20979111907178,51.27083929450355,WATCH,1,WATCH,ACTIVE,1,1,0,FAIL,PASS,SKIP,SKIP,PASS,WARNING_HARD,1,0,0,0,0,MARKET_CONTEXT_DENIED,3,0.84,SHORT,0,1,0,0
SOLUSDT,1778144400000,2026-05-07T09:00:00.000Z,BULL,SHORT,17.5,12.909375,IGNORE,0,WATCH,,0,0,0,NA,NA,NA,NA,NA,WARNING_SOFT,1,0,0,0,0,TREND_REVERSAL_UNCONFIRMED,1,0.45,SHORT,1,0,0,0
SOLUSDT,1778148000000,2026-05-07T10:00:00.000Z,BULL,SHORT,0,7.875,IGNORE,0,WATCH,,0,0,0,NA,NA,NA,NA,NA,BLOCK,0,0,0,0,0,TREND_REVERSAL_UNCONFIRMED,0,0.45,SHORT,1,0,0,0
SOLUSDT,1778151600000,2026-05-07T11:00:00.000Z,BULL,SHORT,0,7.875,IGNORE,0,WATCH,,0,0,0,NA,NA,NA,NA,NA,WARNING_SOFT,1,0,0,0,0,TREND_REVERSAL_UNCONFIRMED,0,0.45,SHORT,1,0,0,0
SOLUSDT,1778155200000,2026-05-07T12:00:00.000Z,BULL,SHORT,0,7.875,IGNORE,0,WATCH,,0,0,0,NA,NA,NA,NA,NA,WARNING_SOFT,1,0,0,0,0,TREND_REVERSAL_UNCONFIRMED,0,0.45,SHORT,1,0,0,0
SOLUSDT,1778158800000,2026-05-07T13:00:00.000Z,NEUTRAL,NONE,0,7.875,IGNORE,0,WATCH,,0,0,0,NA,NA,NA,NA,NA,BLOCK,0,0,0,0,0,TREND_REVERSAL_UNCONFIRMED,0,0.45,NONE,1,0,0,0
SOLUSDT,1778162400000,2026-05-07T14:00:00.000Z,NEUTRAL,NONE,0,7.875,IGNORE,0,WATCH,,0,0,0,NA,NA,NA,NA,NA,BLOCK,0,0,0,0,0,TREND_REVERSAL_UNCONFIRMED,0,0.45,NONE,1,0,0,0
SOLUSDT,1778166000000,2026-05-07T15:00:00.000Z,NEUTRAL,NONE,0,7.875,IGNORE,0,WATCH,,0,0,0,NA,NA,NA,NA,NA,BLOCK,0,0,0,0,0,TREND_REVERSAL_UNCONFIRMED,0,0.45,NONE,1,0,0,0
SOLUSDT,1778169600000,2026-05-07T16:00:00.000Z,NEUTRAL,NONE,0,7.875,IGNORE,0,WATCH,,0,0,0,NA,NA,NA,NA,NA,BLOCK,0,0,0,0,0,TREND_REVERSAL_UNCONFIRMED,0,0.45,NONE,1,0,0,0
SOLUSDT,1778173200000,2026-05-07T17:00:00.000Z,NEUTRAL,NONE,0,7.875,IGNORE,0,WATCH,,0,0,0,NA,NA,NA,NA,NA,WARNING_SOFT,1,0,0,0,0,TREND_REVERSAL_UNCONFIRMED,0,0.45,NONE,1,0,0,0
SOLUSDT,1778176800000,2026-05-07T18:00:00.000Z,NEUTRAL,NONE,0,7.875,IGNORE,0,WATCH,,0,0,0,NA,NA,NA,NA,NA,WARNING_SOFT,1,0,0,0,0,TREND_REVERSAL_UNCONFIRMED,0,0.45,NONE,1,0,0,0
SOLUSDT,1778180400000,2026-05-07T19:00:00.000Z,NEUTRAL,NONE,0,7.875,IGNORE,0,WATCH,,0,0,0,NA,NA,NA,NA,NA,WARNING_SOFT,1,0,0,0,0,TREND_REVERSAL_UNCONFIRMED,0,0.45,NONE,1,0,0,0
SOLUSDT,1778184000000,2026-05-07T20:00:00.000Z,NEUTRAL,NONE,0,7.875,IGNORE,0,WATCH,,0,0,0,NA,NA,NA,NA,NA,WARNING_SOFT,1,0,0,0,0,TREND_REVERSAL_UNCONFIRMED,0,0.45,NONE,1,0,0,0
SOLUSDT,1778187600000,2026-05-07T21:00:00.000Z,NEUTRAL,NONE,0,7.875,IGNORE,0,WATCH,,0,0,0,NA,NA,NA,NA,NA,WARNING_SOFT,1,0,0,0,0,TREND_REVERSAL_UNCONFIRMED,0,0.45,NONE,1,0,0,0
SOLUSDT,1778191200000,2026-05-07T22:00:00.000Z,NEUTRAL,NONE,0,7.875,IGNORE,0,WATCH,,0,0,0,NA,NA,NA,NA,NA,WARNING_SOFT,1,0,0,0,0,TREND_REVERSAL_UNCONFIRMED,0,0.45,NONE,1,0,0,0
SOLUSDT,1778194800000,2026-05-07T23:00:00.000Z,NEUTRAL,NONE,0,7.875,IGNORE,0,WATCH,,0,0,0,NA,NA,NA,NA,NA,WARNING_SOFT,1,0,0,0,0,TREND_REVERSAL_UNCONFIRMED,0,0.45,NONE,1,0,0,0
SOLUSDT,1778198400000,2026-05-08T00:00:00.000Z,NEUTRAL,NONE,0,7.875,IGNORE,0,WATCH,,0,0,0,NA,NA,NA,NA,NA,WARNING_SOFT,1,0,0,0,0,TREND_REVERSAL_UNCONFIRMED,0,0.45,NONE,1,0,0,0
SOLUSDT,1778202000000,2026-05-08T01:00:00.000Z,NEUTRAL,NONE,0,7.875,IGNORE,0,WATCH,,0,0,0,NA,NA,NA,NA,NA,WARNING_SOFT,1,0,0,0,0,TREND_REVERSAL_UNCONFIRMED,0,0.45,NONE,1,0,0,0
SOLUSDT,1778205600000,2026-05-08T02:00:00.000Z,NEUTRAL,NONE,0,7.875,IGNORE,0,WATCH,,0,0,0,NA,NA,NA,NA,NA,BLOCK,0,0,0,0,0,TREND_REVERSAL_UNCONFIRMED,0,0.45,NONE,1,0,0,0
SOLUSDT,1778209200000,2026-05-08T03:00:00.000Z,NEUTRAL,NONE,0,7.875,IGNORE,0,WATCH,,0,0,0,NA,NA,NA,NA,NA,BLOCK,0,0,0,0,0,TREND_REVERSAL_UNCONFIRMED,0,0.45,NONE,1,0,0,0
SOLUSDT,1778212800000,2026-05-08T04:00:00.000Z,NEUTRAL,NONE,0,7.875,IGNORE,0,WATCH,,0,0,0,NA,NA,NA,NA,NA,WARNING_SOFT,1,0,0,0,0,TREND_REVERSAL_UNCONFIRMED,0,0.45,NONE,1,0,0,0
SOLUSDT,1778216400000,2026-05-08T05:00:00.000Z,NEUTRAL,NONE,0,7.875,IGNORE,0,WATCH,,0,0,0,NA,NA,NA,NA,NA,WARNING_SOFT,1,0,0,0,0,TREND_REVERSAL_UNCONFIRMED,0,0.45,NONE,1,0,0,0
SOLUSDT,1778220000000,2026-05-08T06:00:00.000Z,NEUTRAL,NONE,0,7.875,IGNORE,0,WATCH,,0,0,0,NA,NA,NA,NA,NA,BLOCK,0,0,0,0,0,TREND_REVERSAL_UNCONFIRMED,0,0.45,NONE,1,0,0,0
SOLUSDT,1778223600000,2026-05-08T07:00:00.000Z,NEUTRAL,NONE,0,7.875,IGNORE,0,WATCH,,0,0,0,NA,NA,NA,NA,NA,BLOCK,0,0,0,0,0,TREND_REVERSAL_UNCONFIRMED,0,0.45,NONE,1,0,0,0
SOLUSDT,1778227200000,2026-05-08T08:00:00.000Z,BULL,SHORT,17.5,12.909375,IGNORE,0,WATCH,,0,0,0,NA,NA,NA,NA,NA,BLOCK,0,0,0,0,0,TREND_REVERSAL_UNCONFIRMED,1,0.45,SHORT,1,0,0,0
SOLUSDT,1778230800000,2026-05-08T09:00:00.000Z,BULL,SHORT,17.5,12.909375,IGNORE,0,WATCH,,0,0,0,NA,NA,NA,NA,NA,WARNING_HARD,1,0,0,0,0,TREND_REVERSAL_UNCONFIRMED,1,0.45,SHORT,1,0,0,0
SOLUSDT,1778234400000,2026-05-08T10:00:00.000Z,BULL,SHORT,17.5,12.909375,IGNORE,0,WATCH,,0,0,0,NA,NA,NA,NA,NA,CLEAR,1,0,0,0,0,TREND_REVERSAL_UNCONFIRMED,1,0.45,SHORT,1,0,0,0
SOLUSDT,1778238000000,2026-05-08T11:00:00.000Z,BULL,SHORT,42.5,18.534375,IGNORE,0,WATCH,,0,0,0,NA,NA,NA,NA,NA,CLEAR,1,0,0,0,0,TREND_REVERSAL_UNCONFIRMED,2,0.45,SHORT,1,0,0,0
SOLUSDT,1778241600000,2026-05-08T12:00:00.000Z,BULL,SHORT,17.5,12.909375,IGNORE,0,WATCH,,0,0,0,NA,NA,NA,NA,NA,CLEAR,1,0,0,0,0,TREND_REVERSAL_UNCONFIRMED,1,0.45,SHORT,1,0,0,0
SOLUSDT,1778245200000,2026-05-08T13:00:00.000Z,NEUTRAL,NONE,0,7.875,IGNORE,0,WATCH,,0,0,0,NA,NA,NA,NA,NA,BLOCK,0,0,0,0,0,TREND_REVERSAL_UNCONFIRMED,0,0.45,NONE,1,0,0,0
SOLUSDT,1778248800000,2026-05-08T14:00:00.000Z,BULL,SHORT,42.5,18.534375,IGNORE,0,WATCH,,0,0,0,NA,NA,NA,NA,NA,CLEAR,1,0,0,0,0,TREND_REVERSAL_UNCONFIRMED,2,0.45,SHORT,1,0,0,0
SOLUSDT,1778252400000,2026-05-08T15:00:00.000Z,BULL,SHORT,42.5,18.534375,IGNORE,0,WATCH,,0,0,0,NA,NA,NA,NA,NA,CLEAR,1,1,0,0,0,TREND_REVERSAL_UNCONFIRMED,2,0.45,SHORT,1,0,0,0
SOLUSDT,1778256000000,2026-05-08T16:00:00.000Z,BULL,SHORT,57.89825471508807,60.90604344311794,WATCH,1,ACTIVE,ACTIVE,1,1,1,PASS,PASS,SKIP,SKIP,PASS,WARNING_HARD,1,0,0,0,1,,3,0.84,SHORT,0,1,0,0
SOLUSDT,1778259600000,2026-05-08T17:00:00.000Z,BULL,SHORT,57.08333333333333,60.786249999999995,WATCH,1,ACTIVE,ACTIVE,1,1,1,PASS,PASS,SKIP,SKIP,PASS,CLEAR,1,0,0,0,1,,3,0.84,SHORT,0,1,0,0
SOLUSDT,1778263200000,2026-05-08T18:00:00.000Z,BULL,SHORT,57.08333333333333,60.786249999999995,WATCH,1,ACTIVE,ACTIVE,1,1,1,PASS,PASS,SKIP,SKIP,PASS,CLEAR,1,0,0,0,1,,3,0.84,SHORT,0,1,0,0
SOLUSDT,1778266800000,2026-05-08T19:00:00.000Z,BULL,SHORT,76.6738187496215,70.49105135619436,WATCH,1,ACTIVE,ACTIVE,1,1,1,PASS,PASS,SKIP,SKIP,PASS,CLEAR,1,0,0,0,1,,4,0.84,SHORT,0,1,0,0
SOLUSDT,1778270400000,2026-05-08T20:00:00.000Z,BULL,SHORT,30.34722222222222,17.57734375,IGNORE,0,WATCH,,0,0,0,NA,NA,NA,NA,NA,CLEAR,1,0,0,0,0,TREND_REVERSAL_UNCONFIRMED,2,0.45,SHORT,1,0,0,0
SOLUSDT,1778274000000,2026-05-08T21:00:00.000Z,BULL,SHORT,30.34722222222222,17.57734375,IGNORE,0,WATCH,,0,0,0,NA,NA,NA,NA,NA,CLEAR,1,0,0,0,0,TREND_REVERSAL_UNCONFIRMED,2,0.45,SHORT,1,0,0,0
SOLUSDT,1778277600000,2026-05-08T22:00:00.000Z,BULL,SHORT,12.847222222222221,12.54296875,IGNORE,0,WATCH,,0,0,0,NA,NA,NA,NA,NA,CLEAR,1,0,0,0,0,TREND_REVERSAL_UNCONFIRMED,1,0.45,SHORT,1,0,0,0
SOLUSDT,1778281200000,2026-05-08T23:00:00.000Z,BULL,SHORT,0,7.875,IGNORE,0,WATCH,,0,0,0,NA,NA,NA,NA,NA,CLEAR,1,0,0,0,0,TREND_REVERSAL_UNCONFIRMED,0,0.45,SHORT,1,0,0,0
SOLUSDT,1778284800000,2026-05-09T00:00:00.000Z,BULL,SHORT,0,7.875,IGNORE,0,WATCH,,0,0,0,NA,NA,NA,NA,NA,CLEAR,1,0,0,0,0,TREND_REVERSAL_UNCONFIRMED,0,0.45,SHORT,1,0,0,0
SOLUSDT,1778288400000,2026-05-09T01:00:00.000Z,BULL,SHORT,33.744402503349086,17.844871697138743,IGNORE,0,WATCH,,0,0,0,NA,NA,NA,NA,NA,CLEAR,1,0,0,0,0,TREND_REVERSAL_UNCONFIRMED,2,0.45,SHORT,1,0,0,0
SOLUSDT,1778292000000,2026-05-09T02:00:00.000Z,BULL,SHORT,16.319444444444443,12.81640625,IGNORE,0,WATCH,,0,0,0,NA,NA,NA,NA,NA,CLEAR,1,0,0,0,0,TREND_REVERSAL_UNCONFIRMED,1,0.45,SHORT,1,0,0,0
SOLUSDT,1778295600000,2026-05-09T03:00:00.000Z,BULL,SHORT,16.319444444444443,12.81640625,IGNORE,0,WATCH,,0,0,0,NA,NA,NA,NA,NA,CLEAR,1,0,0,0,0,TREND_REVERSAL_UNCONFIRMED,1,0.45,SHORT,1,0,0,0
SOLUSDT,1778299200000,2026-05-09T04:00:00.000Z,BULL,SHORT,37.73621761371276,18.15922713707988,IGNORE,0,WATCH,,0,0,0,NA,NA,NA,NA,NA,CLEAR,1,0,0,0,0,TREND_REVERSAL_UNCONFIRMED,2,0.45,SHORT,1,0,0,0
SOLUSDT,1778302800000,2026-05-09T05:00:00.000Z,BULL,SHORT,12.847222222222221,12.54296875,IGNORE,0,WATCH,,0,0,0,NA,NA,NA,NA,NA,CLEAR,1,0,0,0,0,TREND_REVERSAL_UNCONFIRMED,1,0.45,SHORT,1,0,0,0
SOLUSDT,1778306400000,2026-05-09T06:00:00.000Z,BULL,SHORT,0,7.875,IGNORE,0,WATCH,,0,0,0,NA,NA,NA,NA,NA,CLEAR,1,0,0,0,0,TREND_REVERSAL_UNCONFIRMED,0,0.45,SHORT,1,0,0,0
SOLUSDT,1778310000000,2026-05-09T07:00:00.000Z,BULL,SHORT,14.583333333333332,12.6796875,IGNORE,0,WATCH,,0,0,0,NA,NA,NA,NA,NA,CLEAR,1,0,0,0,0,TREND_REVERSAL_UNCONFIRMED,1,0.45,SHORT,1,0,0,0
SOLUSDT,1778313600000,2026-05-09T08:00:00.000Z,BULL,SHORT,0,7.875,IGNORE,0,WATCH,,0,0,0,NA,NA,NA,NA,NA,CLEAR,1,0,0,0,0,TREND_REVERSAL_UNCONFIRMED,0,0.45,SHORT,1,0,0,0
SOLUSDT,1778317200000,2026-05-09T09:00:00.000Z,BULL,SHORT,0,7.875,IGNORE,0,WATCH,,0,0,0,NA,NA,NA,NA,NA,CLEAR,1,0,0,0,0,TREND_REVERSAL_UNCONFIRMED,0,0.45,SHORT,1,0,0,0
SOLUSDT,1778320800000,2026-05-09T10:00:00.000Z,BULL,SHORT,0,7.875,IGNORE,0,WATCH,,0,0,0,NA,NA,NA,NA,NA,CLEAR,1,0,0,0,0,TREND_REVERSAL_UNCONFIRMED,0,0.45,SHORT,1,0,0,0
SOLUSDT,1778324400000,2026-05-09T11:00:00.000Z,BULL,SHORT,0,7.875,IGNORE,0,WATCH,,0,0,0,NA,NA,NA,NA,NA,CLEAR,1,0,0,0,0,TREND_REVERSAL_UNCONFIRMED,0,0.45,SHORT,1,0,0,0
SOLUSDT,1778328000000,2026-05-09T12:00:00.000Z,BULL,SHORT,0,7.875,IGNORE,0,WATCH,,0,0,0,NA,NA,NA,NA,NA,CLEAR,1,0,0,0,0,TREND_REVERSAL_UNCONFIRMED,0,0.45,SHORT,1,0,0,0
SOLUSDT,1778331600000,2026-05-09T13:00:00.000Z,BULL,SHORT,0,7.875,IGNORE,0,WATCH,,0,0,0,NA,NA,NA,NA,NA,WARNING_SOFT,1,0,0,0,0,TREND_REVERSAL_UNCONFIRMED,0,0.45,SHORT,1,0,0,0
SOLUSDT,1778335200000,2026-05-09T14:00:00.000Z,BULL,SHORT,0,7.875,IGNORE,0,WATCH,,0,0,0,NA,NA,NA,NA,NA,BLOCK,0,0,0,0,0,TREND_REVERSAL_UNCONFIRMED,0,0.45,SHORT,1,0,0,0
SOLUSDT,1778338800000,2026-05-09T15:00:00.000Z,BULL,SHORT,33.07180468618988,17.791904619037453,IGNORE,0,WATCH,,0,0,0,NA,NA,NA,NA,NA,BLOCK,0,0,0,0,0,TREND_REVERSAL_UNCONFIRMED,2,0.45,SHORT,1,0,0,0
SOLUSDT,1778342400000,2026-05-09T16:00:00.000Z,NEUTRAL,NONE,0,7.875,IGNORE,0,WATCH,,0,0,0,NA,NA,NA,NA,NA,BLOCK,0,0,0,0,0,TREND_REVERSAL_UNCONFIRMED,0,0.45,NONE,1,0,0,0
SOLUSDT,1778346000000,2026-05-09T17:00:00.000Z,BULL,SHORT,17.5,12.909375,IGNORE,0,WATCH,,0,0,0,NA,NA,NA,NA,NA,WARNING_SOFT,1,0,0,0,0,TREND_REVERSAL_UNCONFIRMED,1,0.45,SHORT,1,0,0,0
SOLUSDT,1778349600000,2026-05-09T18:00:00.000Z,BULL,SHORT,17.5,12.909375,IGNORE,0,WATCH,,0,0,0,NA,NA,NA,NA,NA,CLEAR,1,0,0,0,0,TREND_REVERSAL_UNCONFIRMED,1,0.45,SHORT,1,0,0,0
SOLUSDT,1778353200000,2026-05-09T19:00:00.000Z,BULL,SHORT,17.5,12.909375,IGNORE,0,WATCH,,0,0,0,NA,NA,NA,NA,NA,CLEAR,1,0,0,0,0,TREND_REVERSAL_UNCONFIRMED,1,0.45,SHORT,1,0,0,0
SOLUSDT,1778356800000,2026-05-09T20:00:00.000Z,BULL,SHORT,17.5,12.909375,IGNORE,0,WATCH,,0,0,0,NA,NA,NA,NA,NA,CLEAR,1,0,0,0,0,TREND_REVERSAL_UNCONFIRMED,1,0.45,SHORT,1,0,0,0
SOLUSDT,1778360400000,2026-05-09T21:00:00.000Z,BULL,SHORT,17.5,12.909375,IGNORE,0,WATCH,,0,0,0,NA,NA,NA,NA,NA,CLEAR,1,0,0,0,0,TREND_REVERSAL_UNCONFIRMED,1,0.45,SHORT,1,0,0,0
SOLUSDT,1778364000000,2026-05-09T22:00:00.000Z,BULL,SHORT,17.5,12.909375,IGNORE,0,WATCH,,0,0,0,NA,NA,NA,NA,NA,CLEAR,1,0,0,0,0,TREND_REVERSAL_UNCONFIRMED,1,0.45,SHORT,1,0,0,0
SOLUSDT,1778367600000,2026-05-09T23:00:00.000Z,BULL,SHORT,17.5,12.909375,IGNORE,0,WATCH,,0,0,0,NA,NA,NA,NA,NA,WARNING_SOFT,1,0,0,0,0,TREND_REVERSAL_UNCONFIRMED,1,0.45,SHORT,1,0,0,0
SOLUSDT,1778371200000,2026-05-10T00:00:00.000Z,NEUTRAL,NONE,0,7.875,IGNORE,0,WATCH,,0,0,0,NA,NA,NA,NA,NA,WARNING_SOFT,1,0,0,0,0,TREND_REVERSAL_UNCONFIRMED,0,0.45,NONE,1,0,0,0
SOLUSDT,1778374800000,2026-05-10T01:00:00.000Z,NEUTRAL,NONE,0,7.875,IGNORE,0,WATCH,,0,0,0,NA,NA,NA,NA,NA,BLOCK,0,0,0,0,0,TREND_REVERSAL_UNCONFIRMED,0,0.45,NONE,1,0,0,0
SOLUSDT,1778378400000,2026-05-10T02:00:00.000Z,BULL,SHORT,17.5,12.909375,IGNORE,0,WATCH,,0,0,0,NA,NA,NA,NA,NA,WARNING_SOFT,1,0,0,0,0,TREND_REVERSAL_UNCONFIRMED,1,0.45,SHORT,1,0,0,0
SOLUSDT,1778382000000,2026-05-10T03:00:00.000Z,BULL,SHORT,17.5,12.909375,IGNORE,0,WATCH,,0,0,0,NA,NA,NA,NA,NA,WARNING_SOFT,1,0,0,0,0,TREND_REVERSAL_UNCONFIRMED,1,0.45,SHORT,1,0,0,0
SOLUSDT,1778385600000,2026-05-10T04:00:00.000Z,BULL,SHORT,42.5,18.534375,IGNORE,0,WATCH,,0,0,0,NA,NA,NA,NA,NA,CLEAR,1,0,0,0,0,TREND_REVERSAL_UNCONFIRMED,2,0.45,SHORT,1,0,0,0
SOLUSDT,1778389200000,2026-05-10T05:00:00.000Z,BULL,SHORT,17.5,12.909375,IGNORE,0,WATCH,,0,0,0,NA,NA,NA,NA,NA,CLEAR,1,0,0,0,0,TREND_REVERSAL_UNCONFIRMED,1,0.45,SHORT,1,0,0,0
SOLUSDT,1778392800000,2026-05-10T06:00:00.000Z,BULL,SHORT,17.5,12.909375,IGNORE,0,WATCH,,0,0,0,NA,NA,NA,NA,NA,CLEAR,1,0,0,0,0,TREND_REVERSAL_UNCONFIRMED,1,0.45,SHORT,1,0,0,0
SOLUSDT,1778396400000,2026-05-10T07:00:00.000Z,BULL,SHORT,17.5,12.909375,IGNORE,0,WATCH,,0,0,0,NA,NA,NA,NA,NA,CLEAR,1,0,0,0,0,TREND_REVERSAL_UNCONFIRMED,1,0.45,SHORT,1,0,0,0
SOLUSDT,1778400000000,2026-05-10T08:00:00.000Z,BULL,SHORT,41.56773556914482,18.460959176070155,IGNORE,0,WATCH,,0,0,0,NA,NA,NA,NA,NA,CLEAR,1,1,0,0,0,TREND_REVERSAL_UNCONFIRMED,2,0.45,SHORT,1,0,0,0
SOLUSDT,1778403600000,2026-05-10T09:00:00.000Z,BULL,SHORT,42.5,18.534375,IGNORE,0,WATCH,,0,0,0,NA,NA,NA,NA,NA,CLEAR,1,1,0,0,0,TREND_REVERSAL_UNCONFIRMED,2,0.45,SHORT,1,0,0,0
SOLUSDT,1778407200000,2026-05-10T10:00:00.000Z,BULL,SHORT,67.5,53.0775,WATCH,1,WATCH,ACTIVE,1,1,0,FAIL,PASS,SKIP,SKIP,PASS,CLEAR,1,0,0,0,0,MARKET_CONTEXT_DENIED,3,0.84,SHORT,0,1,0,0
SOLUSDT,1778410800000,2026-05-10T11:00:00.000Z,BULL,SHORT,42.5,18.534375,IGNORE,0,WATCH,,0,0,0,NA,NA,NA,NA,NA,WARNING_SOFT,1,0,0,0,0,TREND_REVERSAL_UNCONFIRMED,2,0.45,SHORT,1,0,0,0
SOLUSDT,1778414400000,2026-05-10T12:00:00.000Z,NEUTRAL,NONE,0,7.875,IGNORE,0,WATCH,,0,0,0,NA,NA,NA,NA,NA,WARNING_SOFT,1,0,0,0,0,TREND_REVERSAL_UNCONFIRMED,0,0.45,NONE,1,0,0,0
SOLUSDT,1778418000000,2026-05-10T13:00:00.000Z,BULL,SHORT,23.957080094794954,13.417870057465104,IGNORE,0,WATCH,,0,0,0,NA,NA,NA,NA,NA,WARNING_SOFT,1,0,0,0,0,TREND_REVERSAL_UNCONFIRMED,1,0.45,SHORT,1,0,0,0
SOLUSDT,1778421600000,2026-05-10T14:00:00.000Z,BULL,SHORT,12.764496738881997,12.536454118186958,IGNORE,0,WATCH,,0,0,0,NA,NA,NA,NA,NA,CLEAR,1,0,0,0,0,TREND_REVERSAL_UNCONFIRMED,1,0.45,SHORT,1,0,0,0
SOLUSDT,1778425200000,2026-05-10T15:00:00.000Z,BULL,SHORT,25,13.5,IGNORE,0,WATCH,,0,0,0,NA,NA,NA,NA,NA,CLEAR,1,0,0,0,0,TREND_REVERSAL_UNCONFIRMED,1,0.45,SHORT,1,0,0,0
SOLUSDT,1778428800000,2026-05-10T16:00:00.000Z,BULL,SHORT,25,13.5,IGNORE,0,WATCH,,0,0,0,NA,NA,NA,NA,NA,CLEAR,1,0,0,0,0,TREND_REVERSAL_UNCONFIRMED,1,0.45,SHORT,1,0,0,0
SOLUSDT,1778432400000,2026-05-10T17:00:00.000Z,BULL,SHORT,39.93055555555556,18.33203125,IGNORE,0,WATCH,,0,0,0,NA,NA,NA,NA,NA,CLEAR,1,1,0,0,0,TREND_REVERSAL_UNCONFIRMED,2,0.45,SHORT,1,0,0,0
SOLUSDT,1778436000000,2026-05-10T18:00:00.000Z,BULL,SHORT,62.05332473787255,52.27683873646726,WATCH,1,WATCH,ACTIVE,1,1,0,FAIL,PASS,SKIP,SKIP,PASS,CLEAR,1,0,0,0,0,MARKET_CONTEXT_DENIED,3,0.84,SHORT,0,1,0,0
SOLUSDT,1778439600000,2026-05-10T19:00:00.000Z,BULL,SHORT,31.703616458199203,17.684159796083186,IGNORE,0,WATCH,,0,0,0,NA,NA,NA,NA,NA,CLEAR,1,0,0,0,0,TREND_REVERSAL_UNCONFIRMED,2,0.45,SHORT,1,0,0,0
SOLUSDT,1778443200000,2026-05-10T20:00:00.000Z,BULL,SHORT,25,13.5,IGNORE,0,WATCH,,0,0,0,NA,NA,NA,NA,NA,WARNING_SOFT,1,0,1,1,0,TREND_REVERSAL_UNCONFIRMED,1,0.45,SHORT,1,0,0,0
SOLUSDT,1778446800000,2026-05-10T21:00:00.000Z,BULL,SHORT,14.06074152807002,12.638533395335514,IGNORE,0,WATCH,,0,0,0,NA,NA,NA,NA,NA,WARNING_HARD,1,0,0,0,0,TREND_REVERSAL_UNCONFIRMED,1,0.45,SHORT,1,0,0,0
SOLUSDT,1778450400000,2026-05-10T22:00:00.000Z,BULL,SHORT,16.41895642070157,12.82424281813025,IGNORE,0,WATCH,,0,0,0,NA,NA,NA,NA,NA,CLEAR,1,0,0,0,0,TREND_REVERSAL_UNCONFIRMED,1,0.45,SHORT,1,0,0,0
SOLUSDT,1778454000000,2026-05-10T23:00:00.000Z,BULL,SHORT,0,7.875,IGNORE,0,WATCH,,0,0,0,NA,NA,NA,NA,NA,CLEAR,1,0,0,0,0,TREND_REVERSAL_UNCONFIRMED,0,0.45,SHORT,1,0,0,0
SOLUSDT,1778457600000,2026-05-11T00:00:00.000Z,BULL,SHORT,44.20315313811142,18.668498309626276,IGNORE,0,WATCH,,0,0,0,NA,NA,NA,NA,NA,CLEAR,1,0,0,0,0,TREND_REVERSAL_UNCONFIRMED,2,0.45,SHORT,1,0,0,0
SOLUSDT,1778461200000,2026-05-11T01:00:00.000Z,BULL,SHORT,0,7.875,IGNORE,0,WATCH,,0,0,0,NA,NA,NA,NA,NA,CLEAR,1,0,0,0,0,TREND_REVERSAL_UNCONFIRMED,0,0.45,SHORT,1,0,0,0
SOLUSDT,1778464800000,2026-05-11T02:00:00.000Z,BULL,SHORT,17.5,12.909375,IGNORE,0,WATCH,,0,0,0,NA,NA,NA,NA,NA,WARNING_SOFT,1,0,0,0,0,TREND_REVERSAL_UNCONFIRMED,1,0.45,SHORT,1,0,0,0
SOLUSDT,1778468400000,2026-05-11T03:00:00.000Z,NEUTRAL,NONE,0,7.875,IGNORE,0,WATCH,,0,0,0,NA,NA,NA,NA,NA,WARNING_SOFT,1,0,0,0,0,TREND_REVERSAL_UNCONFIRMED,0,0.45,NONE,1,0,0,0
SOLUSDT,1778472000000,2026-05-11T04:00:00.000Z,NEUTRAL,NONE,0,7.875,IGNORE,0,WATCH,,0,0,0,NA,NA,NA,NA,NA,WARNING_SOFT,1,0,0,0,0,TREND_REVERSAL_UNCONFIRMED,0,0.45,NONE,1,0,0,0
SOLUSDT,1778475600000,2026-05-11T05:00:00.000Z,BULL,SHORT,17.5,12.909375,IGNORE,0,WATCH,,0,0,0,NA,NA,NA,NA,NA,WARNING_SOFT,1,0,0,0,0,TREND_REVERSAL_UNCONFIRMED,1,0.45,SHORT,1,0,0,0
SOLUSDT,1778479200000,2026-05-11T06:00:00.000Z,BULL,SHORT,42.5,18.534375,IGNORE,0,WATCH,,0,0,0,NA,NA,NA,NA,NA,WARNING_SOFT,1,0,0,0,0,TREND_REVERSAL_UNCONFIRMED,2,0.45,SHORT,1,0,0,0
SOLUSDT,1778482800000,2026-05-11T07:00:00.000Z,BULL,SHORT,17.5,12.909375,IGNORE,0,WATCH,,0,0,0,NA,NA,NA,NA,NA,WARNING_SOFT,1,0,0,0,0,TREND_REVERSAL_UNCONFIRMED,1,0.45,SHORT,1,0,0,0
SOLUSDT,1778486400000,2026-05-11T08:00:00.000Z,NEUTRAL,NONE,0,7.875,IGNORE,0,WATCH,,0,0,0,NA,NA,NA,NA,NA,BLOCK,0,0,0,0,0,TREND_REVERSAL_UNCONFIRMED,0,0.45,NONE,1,0,0,0
SOLUSDT,1778490000000,2026-05-11T09:00:00.000Z,BULL,SHORT,17.5,12.909375,IGNORE,0,WATCH,,0,0,0,NA,NA,NA,NA,NA,WARNING_SOFT,1,0,0,0,0,TREND_REVERSAL_UNCONFIRMED,1,0.45,SHORT,1,0,0,0
SOLUSDT,1778493600000,2026-05-11T10:00:00.000Z,NEUTRAL,NONE,0,7.875,IGNORE,0,WATCH,,0,0,0,NA,NA,NA,NA,NA,WARNING_SOFT,1,0,0,0,0,TREND_REVERSAL_UNCONFIRMED,0,0.45,NONE,1,0,0,0
SOLUSDT,1778497200000,2026-05-11T11:00:00.000Z,BULL,SHORT,17.5,12.909375,IGNORE,0,WATCH,,0,0,0,NA,NA,NA,NA,NA,WARNING_SOFT,1,0,0,0,0,TREND_REVERSAL_UNCONFIRMED,1,0.45,SHORT,1,0,0,0
SOLUSDT,1778500800000,2026-05-11T12:00:00.000Z,NEUTRAL,NONE,0,7.875,IGNORE,0,WATCH,,0,0,0,NA,NA,NA,NA,NA,BLOCK,0,0,0,0,0,TREND_REVERSAL_UNCONFIRMED,0,0.45,NONE,1,0,0,0
SOLUSDT,1778504400000,2026-05-11T13:00:00.000Z,BULL,SHORT,34.25905380436691,17.885400487093893,IGNORE,0,WATCH,,0,0,0,NA,NA,NA,NA,NA,WARNING_SOFT,1,0,0,0,0,TREND_REVERSAL_UNCONFIRMED,2,0.45,SHORT,1,0,0,0
SOLUSDT,1778508000000,2026-05-11T14:00:00.000Z,BULL,SHORT,42.5,18.534375,IGNORE,0,WATCH,,0,0,0,NA,NA,NA,NA,NA,BLOCK,0,0,1,1,0,TREND_REVERSAL_UNCONFIRMED,2,0.45,SHORT,1,0,0,0
SOLUSDT,1778511600000,2026-05-11T15:00:00.000Z,BULL,SHORT,41.85804583684779,18.483821109651764,IGNORE,0,WATCH,,0,0,0,NA,NA,NA,NA,NA,CLEAR,1,0,0,0,0,TREND_REVERSAL_UNCONFIRMED,2,0.45,SHORT,1,0,0,0
SOLUSDT,1778515200000,2026-05-11T16:00:00.000Z,BULL,SHORT,42.5,18.534375,IGNORE,0,WATCH,,0,0,0,NA,NA,NA,NA,NA,CLEAR,1,0,0,0,0,TREND_REVERSAL_UNCONFIRMED,2,0.45,SHORT,1,0,0,0
SOLUSDT,1778518800000,2026-05-11T17:00:00.000Z,BULL,SHORT,17.5,12.909375,IGNORE,0,WATCH,,0,0,0,NA,NA,NA,NA,NA,CLEAR,1,0,0,0,0,TREND_REVERSAL_UNCONFIRMED,1,0.45,SHORT,1,0,0,0
SOLUSDT,1778522400000,2026-05-11T18:00:00.000Z,BULL,SHORT,42.5,18.534375,IGNORE,0,WATCH,,0,0,0,NA,NA,NA,NA,NA,CLEAR,1,0,0,0,0,TREND_REVERSAL_UNCONFIRMED,2,0.45,SHORT,1,0,0,0
SOLUSDT,1778526000000,2026-05-11T19:00:00.000Z,BULL,SHORT,17.5,12.909375,IGNORE,0,WATCH,,0,0,0,NA,NA,NA,NA,NA,CLEAR,1,0,0,0,0,TREND_REVERSAL_UNCONFIRMED,1,0.45,SHORT,1,0,0,0
SOLUSDT,1778529600000,2026-05-11T20:00:00.000Z,BULL,SHORT,17.5,12.909375,IGNORE,0,WATCH,,0,0,0,NA,NA,NA,NA,NA,CLEAR,1,0,0,0,0,TREND_REVERSAL_UNCONFIRMED,1,0.45,SHORT,1,0,0,0
SOLUSDT,1778533200000,2026-05-11T21:00:00.000Z,BULL,SHORT,17.5,12.909375,IGNORE,0,WATCH,,0,0,0,NA,NA,NA,NA,NA,CLEAR,1,0,0,0,0,TREND_REVERSAL_UNCONFIRMED,1,0.45,SHORT,1,0,0,0
SOLUSDT,1778536800000,2026-05-11T22:00:00.000Z,BULL,SHORT,0,7.875,IGNORE,0,WATCH,,0,0,0,NA,NA,NA,NA,NA,CLEAR,1,0,0,0,0,TREND_REVERSAL_UNCONFIRMED,0,0.45,SHORT,1,0,0,0
SOLUSDT,1778540400000,2026-05-11T23:00:00.000Z,BULL,SHORT,25,13.5,IGNORE,0,WATCH,,0,0,0,NA,NA,NA,NA,NA,CLEAR,1,0,0,0,0,TREND_REVERSAL_UNCONFIRMED,1,0.45,SHORT,1,0,0,0
SOLUSDT,1778544000000,2026-05-12T00:00:00.000Z,BULL,SHORT,0,7.875,IGNORE,0,WATCH,,0,0,0,NA,NA,NA,NA,NA,CLEAR,1,0,0,0,0,TREND_REVERSAL_UNCONFIRMED,0,0.45,SHORT,1,0,0,0
SOLUSDT,1778547600000,2026-05-12T01:00:00.000Z,NEUTRAL,NONE,0,7.875,IGNORE,0,WATCH,,0,0,0,NA,NA,NA,NA,NA,BLOCK,0,0,0,0,0,TREND_REVERSAL_UNCONFIRMED,0,0.45,NONE,1,0,0,0
SOLUSDT,1778551200000,2026-05-12T02:00:00.000Z,NEUTRAL,NONE,0,7.875,IGNORE,0,WATCH,,0,0,0,NA,NA,NA,NA,NA,WARNING_SOFT,1,0,0,0,0,TREND_REVERSAL_UNCONFIRMED,0,0.45,NONE,1,0,0,0
SOLUSDT,1778554800000,2026-05-12T03:00:00.000Z,NEUTRAL,NONE,0,7.875,IGNORE,0,WATCH,,0,0,0,NA,NA,NA,NA,NA,WARNING_SOFT,1,0,0,0,0,TREND_REVERSAL_UNCONFIRMED,0,0.45,NONE,1,0,0,0
SOLUSDT,1778558400000,2026-05-12T04:00:00.000Z,NEUTRAL,NONE,0,7.875,IGNORE,0,WATCH,,0,0,0,NA,NA,NA,NA,NA,WARNING_SOFT,1,0,0,0,0,TREND_REVERSAL_UNCONFIRMED,0,0.45,NONE,1,0,0,0
SOLUSDT,1778562000000,2026-05-12T05:00:00.000Z,BULL,SHORT,0,7.875,IGNORE,0,WATCH,,0,0,0,NA,NA,NA,NA,NA,WARNING_SOFT,1,0,0,0,0,TREND_REVERSAL_UNCONFIRMED,0,0.45,SHORT,1,0,0,0
SOLUSDT,1778565600000,2026-05-12T06:00:00.000Z,NEUTRAL,NONE,0,7.875,IGNORE,0,WATCH,,0,0,0,NA,NA,NA,NA,NA,WARNING_SOFT,1,0,0,0,0,TREND_REVERSAL_UNCONFIRMED,0,0.45,NONE,1,0,0,0
SOLUSDT,1778569200000,2026-05-12T07:00:00.000Z,NEUTRAL,NONE,0,7.875,IGNORE,0,WATCH,,0,0,0,NA,NA,NA,NA,NA,BLOCK,0,0,0,0,0,TREND_REVERSAL_UNCONFIRMED,0,0.45,NONE,1,0,0,0
SOLUSDT,1778572800000,2026-05-12T08:00:00.000Z,NEUTRAL,NONE,0,7.875,IGNORE,0,WATCH,,0,0,0,NA,NA,NA,NA,NA,BLOCK,0,0,0,0,0,TREND_REVERSAL_UNCONFIRMED,0,0.45,NONE,1,0,0,0
SOLUSDT,1778576400000,2026-05-12T09:00:00.000Z,NEUTRAL,NONE,0,7.875,IGNORE,0,WATCH,,0,0,0,NA,NA,NA,NA,NA,WARNING_SOFT,1,0,0,0,0,TREND_REVERSAL_UNCONFIRMED,0,0.45,NONE,1,0,0,0
SOLUSDT,1778580000000,2026-05-12T10:00:00.000Z,NEUTRAL,NONE,0,7.875,IGNORE,0,WATCH,,0,0,0,NA,NA,NA,NA,NA,BLOCK,0,0,0,0,0,TREND_REVERSAL_UNCONFIRMED,0,0.45,NONE,1,0,0,0
SOLUSDT,1778583600000,2026-05-12T11:00:00.000Z,NEUTRAL,NONE,0,7.875,IGNORE,0,WATCH,,0,0,0,NA,NA,NA,NA,NA,BLOCK,0,0,0,0,0,TREND_REVERSAL_UNCONFIRMED,0,0.45,NONE,1,0,0,0
SOLUSDT,1778587200000,2026-05-12T12:00:00.000Z,NEUTRAL,NONE,0,7.875,IGNORE,0,WATCH,,0,0,0,NA,NA,NA,NA,NA,BLOCK,0,0,0,0,0,TREND_REVERSAL_UNCONFIRMED,0,0.45,NONE,1,0,0,0
SOLUSDT,1778590800000,2026-05-12T13:00:00.000Z,NEUTRAL,NONE,0,7.875,IGNORE,0,WATCH,,0,0,0,NA,NA,NA,NA,NA,WARNING_SOFT,1,0,0,0,0,TREND_REVERSAL_UNCONFIRMED,0,0.45,NONE,1,0,0,0
SOLUSDT,1778594400000,2026-05-12T14:00:00.000Z,NEUTRAL,NONE,0,7.875,IGNORE,0,WATCH,,0,0,0,NA,NA,NA,NA,NA,WARNING_SOFT,1,0,0,0,0,TREND_REVERSAL_UNCONFIRMED,0,0.45,NONE,1,0,0,0
SOLUSDT,1778598000000,2026-05-12T15:00:00.000Z,NEUTRAL,NONE,0,7.875,IGNORE,0,WATCH,,0,0,0,NA,NA,NA,NA,NA,BLOCK,0,0,1,0,0,TREND_REVERSAL_UNCONFIRMED,0,0.45,NONE,1,0,0,0
SOLUSDT,1778601600000,2026-05-12T16:00:00.000Z,NEUTRAL,NONE,0,7.875,IGNORE,0,WATCH,,0,0,0,NA,NA,NA,NA,NA,WARNING_SOFT,1,0,0,0,0,TREND_REVERSAL_UNCONFIRMED,0,0.45,NONE,1,0,0,0
SOLUSDT,1778605200000,2026-05-12T17:00:00.000Z,NEUTRAL,NONE,0,7.875,IGNORE,0,WATCH,,0,0,0,NA,NA,NA,NA,NA,WARNING_SOFT,1,0,0,0,0,TREND_REVERSAL_UNCONFIRMED,0,0.45,NONE,1,0,0,0
SOLUSDT,1778608800000,2026-05-12T18:00:00.000Z,BEAR,LONG,17.5,12.909375,IGNORE,0,WATCH,,0,0,0,NA,NA,NA,NA,NA,CLEAR,1,0,0,0,0,TREND_REVERSAL_UNCONFIRMED,1,0.45,LONG,1,0,0,0
SOLUSDT,1778612400000,2026-05-12T19:00:00.000Z,BEAR,LONG,0,7.875,IGNORE,0,WATCH,,0,0,0,NA,NA,NA,NA,NA,CLEAR,1,0,0,0,0,TREND_REVERSAL_UNCONFIRMED,0,0.45,LONG,1,0,0,0
SOLUSDT,1778616000000,2026-05-12T20:00:00.000Z,BEAR,LONG,0,7.875,IGNORE,0,WATCH,,0,0,0,NA,NA,NA,NA,NA,WARNING_SOFT,1,0,0,0,0,TREND_REVERSAL_UNCONFIRMED,0,0.45,LONG,1,0,0,0
SOLUSDT,1778619600000,2026-05-12T21:00:00.000Z,BEAR,LONG,0,7.875,IGNORE,0,WATCH,,0,0,0,NA,NA,NA,NA,NA,WARNING_SOFT,1,0,0,0,0,TREND_REVERSAL_UNCONFIRMED,0,0.45,LONG,1,0,0,0
SOLUSDT,1778623200000,2026-05-12T22:00:00.000Z,BEAR,LONG,0,7.875,IGNORE,0,WATCH,,0,0,0,NA,NA,NA,NA,NA,CLEAR,1,0,0,0,0,TREND_REVERSAL_UNCONFIRMED,0,0.45,LONG,1,0,0,0
SOLUSDT,1778626800000,2026-05-12T23:00:00.000Z,BEAR,LONG,0,7.875,IGNORE,0,WATCH,,0,0,0,NA,NA,NA,NA,NA,CLEAR,1,0,0,0,0,TREND_REVERSAL_UNCONFIRMED,0,0.45,LONG,1,0,0,0
SOLUSDT,1778630400000,2026-05-13T00:00:00.000Z,BEAR,LONG,0,7.875,IGNORE,0,WATCH,,0,0,0,NA,NA,NA,NA,NA,CLEAR,1,0,0,0,0,TREND_REVERSAL_UNCONFIRMED,0,0.45,LONG,1,0,0,0
SOLUSDT,1778634000000,2026-05-13T01:00:00.000Z,NEUTRAL,NONE,0,7.875,IGNORE,0,WATCH,,0,0,0,NA,NA,NA,NA,NA,CLEAR,1,0,0,0,0,TREND_REVERSAL_UNCONFIRMED,0,0.45,NONE,1,0,0,0
SOLUSDT,1778637600000,2026-05-13T02:00:00.000Z,NEUTRAL,NONE,0,7.875,IGNORE,0,WATCH,,0,0,0,NA,NA,NA,NA,NA,CLEAR,1,0,0,0,0,TREND_REVERSAL_UNCONFIRMED,0,0.45,NONE,1,0,0,0
SOLUSDT,1778641200000,2026-05-13T03:00:00.000Z,NEUTRAL,NONE,0,7.875,IGNORE,0,WATCH,,0,0,0,NA,NA,NA,NA,NA,CLEAR,1,0,0,0,0,TREND_REVERSAL_UNCONFIRMED,0,0.45,NONE,1,0,0,0
SOLUSDT,1778644800000,2026-05-13T04:00:00.000Z,NEUTRAL,NONE,0,7.875,IGNORE,0,WATCH,,0,0,0,NA,NA,NA,NA,NA,CLEAR,1,0,0,0,0,TREND_REVERSAL_UNCONFIRMED,0,0.45,NONE,1,0,0,0
SOLUSDT,1778648400000,2026-05-13T05:00:00.000Z,NEUTRAL,NONE,0,7.875,IGNORE,0,WATCH,,0,0,0,NA,NA,NA,NA,NA,CLEAR,1,0,0,0,0,TREND_REVERSAL_UNCONFIRMED,0,0.45,NONE,1,0,0,0
SOLUSDT,1778652000000,2026-05-13T06:00:00.000Z,NEUTRAL,NONE,0,7.875,IGNORE,0,WATCH,,0,0,0,NA,NA,NA,NA,NA,CLEAR,1,0,0,0,0,TREND_REVERSAL_UNCONFIRMED,0,0.45,NONE,1,0,0,0
SOLUSDT,1778655600000,2026-05-13T07:00:00.000Z,NEUTRAL,NONE,0,7.875,IGNORE,0,WATCH,,0,0,0,NA,NA,NA,NA,NA,WARNING_SOFT,1,0,0,0,0,TREND_REVERSAL_UNCONFIRMED,0,0.45,NONE,1,0,0,0
SOLUSDT,1778659200000,2026-05-13T08:00:00.000Z,NEUTRAL,NONE,0,7.875,IGNORE,0,WATCH,,0,0,0,NA,NA,NA,NA,NA,WARNING_SOFT,1,0,0,0,0,TREND_REVERSAL_UNCONFIRMED,0,0.45,NONE,1,0,0,0
SOLUSDT,1778662800000,2026-05-13T09:00:00.000Z,BULL,SHORT,17.5,12.909375,IGNORE,0,WATCH,,0,0,0,NA,NA,NA,NA,NA,CLEAR,1,0,0,0,0,TREND_REVERSAL_UNCONFIRMED,1,0.45,SHORT,1,0,0,0
SOLUSDT,1778666400000,2026-05-13T10:00:00.000Z,BEAR,LONG,17.5,12.909375,IGNORE,0,WATCH,,0,0,0,NA,NA,NA,NA,NA,WARNING_SOFT,1,0,0,0,0,TREND_REVERSAL_UNCONFIRMED,1,0.45,LONG,1,0,0,0
SOLUSDT,1778670000000,2026-05-13T11:00:00.000Z,BEAR,LONG,38.358886451653476,18.208262308067713,IGNORE,0,WATCH,,0,0,0,NA,NA,NA,NA,NA,CLEAR,1,0,1,0,0,TREND_REVERSAL_UNCONFIRMED,2,0.45,LONG,1,0,0,0
SOLUSDT,1778673600000,2026-05-13T12:00:00.000Z,BEAR,LONG,42.5,18.534375,IGNORE,0,WATCH,,0,0,0,NA,NA,NA,NA,NA,CLEAR,1,0,1,0,0,TREND_REVERSAL_UNCONFIRMED,2,0.45,LONG,1,0,0,0
SOLUSDT,1778677200000,2026-05-13T13:00:00.000Z,BEAR,LONG,42.5,18.534375,IGNORE,0,WATCH,,0,0,0,NA,NA,NA,NA,NA,CLEAR,1,0,1,0,0,TREND_REVERSAL_UNCONFIRMED,2,0.45,LONG,1,0,0,0
SOLUSDT,1778680800000,2026-05-13T14:00:00.000Z,BEAR,LONG,57.43055555555556,60.83729166666667,WATCH,1,ACTIVE,ACTIVE,1,1,1,PASS,PASS,SKIP,SKIP,PASS,CLEAR,1,0,1,0,1,,3,0.84,LONG,0,1,0,0
SOLUSDT,1778684400000,2026-05-13T15:00:00.000Z,BEAR,LONG,59.166666666666664,61.09249999999999,WATCH,1,ACTIVE,ACTIVE,1,1,1,PASS,PASS,SKIP,SKIP,PASS,CLEAR,1,0,1,0,1,,3,0.84,LONG,0,1,0,0
SOLUSDT,1778688000000,2026-05-13T16:00:00.000Z,BEAR,LONG,56.80657795782446,60.745566959800186,WATCH,1,ACTIVE,ACTIVE,1,1,1,PASS,PASS,SKIP,SKIP,PASS,CLEAR,1,0,0,0,1,,3,0.84,LONG,0,1,0,0
SOLUSDT,1778691600000,2026-05-13T17:00:00.000Z,BEAR,LONG,17.5,12.909375,IGNORE,0,WATCH,,0,0,0,NA,NA,NA,NA,NA,CLEAR,1,0,0,0,0,TREND_REVERSAL_UNCONFIRMED,1,0.45,LONG,1,0,0,0
SOLUSDT,1778695200000,2026-05-13T18:00:00.000Z,BEAR,LONG,25,13.5,IGNORE,0,WATCH,,0,0,0,NA,NA,NA,NA,NA,CLEAR,1,0,0,0,0,TREND_REVERSAL_UNCONFIRMED,1,0.45,LONG,1,0,0,0
SOLUSDT,1778698800000,2026-05-13T19:00:00.000Z,BEAR,LONG,0,7.875,IGNORE,0,WATCH,,0,0,0,NA,NA,NA,NA,NA,CLEAR,1,0,0,0,0,TREND_REVERSAL_UNCONFIRMED,0,0.45,LONG,1,0,0,0
SOLUSDT,1778702400000,2026-05-13T20:00:00.000Z,BEAR,LONG,13.194444444444445,12.5703125,IGNORE,0,WATCH,,0,0,0,NA,NA,NA,NA,NA,CLEAR,1,0,0,0,0,TREND_REVERSAL_UNCONFIRMED,1,0.45,LONG,1,0,0,0
SOLUSDT,1778706000000,2026-05-13T21:00:00.000Z,BEAR,LONG,0,7.875,IGNORE,0,WATCH,,0,0,0,NA,NA,NA,NA,NA,CLEAR,1,0,0,0,0,TREND_REVERSAL_UNCONFIRMED,0,0.45,LONG,1,0,0,0
SOLUSDT,1778709600000,2026-05-13T22:00:00.000Z,BEAR,LONG,0,7.875,IGNORE,0,WATCH,,0,0,0,NA,NA,NA,NA,NA,CLEAR,1,0,0,0,0,TREND_REVERSAL_UNCONFIRMED,0,0.45,LONG,1,0,0,0
SOLUSDT,1778713200000,2026-05-13T23:00:00.000Z,BEAR,LONG,0,7.875,IGNORE,0,WATCH,,0,0,0,NA,NA,NA,NA,NA,CLEAR,1,0,0,0,0,TREND_REVERSAL_UNCONFIRMED,0,0.45,LONG,1,0,0,0
SOLUSDT,1778716800000,2026-05-14T00:00:00.000Z,BEAR,LONG,25,13.5,IGNORE,0,WATCH,,0,0,0,NA,NA,NA,NA,NA,CLEAR,1,0,0,0,0,TREND_REVERSAL_UNCONFIRMED,1,0.45,LONG,1,0,0,0
SOLUSDT,1778720400000,2026-05-14T01:00:00.000Z,BEAR,LONG,0,7.875,IGNORE,0,WATCH,,0,0,0,NA,NA,NA,NA,NA,CLEAR,1,0,0,0,0,TREND_REVERSAL_UNCONFIRMED,0,0.45,LONG,1,0,0,0
SOLUSDT,1778724000000,2026-05-14T02:00:00.000Z,BEAR,LONG,0,7.875,IGNORE,0,WATCH,,0,0,0,NA,NA,NA,NA,NA,CLEAR,1,0,0,0,0,TREND_REVERSAL_UNCONFIRMED,0,0.45,LONG,1,0,0,0
SOLUSDT,1778727600000,2026-05-14T03:00:00.000Z,BEAR,LONG,37.24865822104016,18.120831834906916,IGNORE,0,WATCH,,0,0,0,NA,NA,NA,NA,NA,CLEAR,1,0,1,0,0,TREND_REVERSAL_UNCONFIRMED,2,0.45,LONG,1,0,0,0
SOLUSDT,1778731200000,2026-05-14T04:00:00.000Z,BEAR,LONG,25,13.5,IGNORE,0,WATCH,,0,0,0,NA,NA,NA,NA,NA,CLEAR,1,0,0,0,0,TREND_REVERSAL_UNCONFIRMED,1,0.45,LONG,1,0,0,0
SOLUSDT,1778734800000,2026-05-14T05:00:00.000Z,BEAR,LONG,0,7.875,IGNORE,0,WATCH,,0,0,0,NA,NA,NA,NA,NA,CLEAR,1,0,0,0,0,TREND_REVERSAL_UNCONFIRMED,0,0.45,LONG,1,0,0,0
SOLUSDT,1778738400000,2026-05-14T06:00:00.000Z,BEAR,LONG,0,7.875,IGNORE,0,WATCH,,0,0,0,NA,NA,NA,NA,NA,WARNING_SOFT,1,0,0,0,0,TREND_REVERSAL_UNCONFIRMED,0,0.45,LONG,1,0,0,0
SOLUSDT,1778742000000,2026-05-14T07:00:00.000Z,BEAR,LONG,0,7.875,IGNORE,0,WATCH,,0,0,0,NA,NA,NA,NA,NA,BLOCK,0,0,0,0,0,TREND_REVERSAL_UNCONFIRMED,0,0.45,LONG,1,0,0,0
SOLUSDT,1778745600000,2026-05-14T08:00:00.000Z,BEAR,LONG,25,13.5,IGNORE,0,WATCH,,0,0,0,NA,NA,NA,NA,NA,WARNING_SOFT,1,0,0,0,0,TREND_REVERSAL_UNCONFIRMED,1,0.45,LONG,1,0,0,0
SOLUSDT,1778749200000,2026-05-14T09:00:00.000Z,BEAR,LONG,0,7.875,IGNORE,0,WATCH,,0,0,0,NA,NA,NA,NA,NA,CLEAR,1,0,0,0,0,TREND_REVERSAL_UNCONFIRMED,0,0.45,LONG,1,0,0,0
SOLUSDT,1778752800000,2026-05-14T10:00:00.000Z,BEAR,LONG,0,7.875,IGNORE,0,WATCH,,0,0,0,NA,NA,NA,NA,NA,WARNING_SOFT,1,0,0,0,0,TREND_REVERSAL_UNCONFIRMED,0,0.45,LONG,1,0,0,0
SOLUSDT,1778756400000,2026-05-14T11:00:00.000Z,BEAR,LONG,0,7.875,IGNORE,0,WATCH,,0,0,0,NA,NA,NA,NA,NA,CLEAR,1,0,0,0,0,TREND_REVERSAL_UNCONFIRMED,0,0.45,LONG,1,0,0,0
SOLUSDT,1778760000000,2026-05-14T12:00:00.000Z,BEAR,LONG,25,13.5,IGNORE,0,WATCH,,0,0,0,NA,NA,NA,NA,NA,CLEAR,1,0,0,0,0,TREND_REVERSAL_UNCONFIRMED,1,0.45,LONG,1,0,0,0
SOLUSDT,1778763600000,2026-05-14T13:00:00.000Z,BEAR,LONG,0,7.875,IGNORE,0,WATCH,,0,0,0,NA,NA,NA,NA,NA,WARNING_SOFT,1,0,0,0,0,TREND_REVERSAL_UNCONFIRMED,0,0.45,LONG,1,0,0,0
SOLUSDT,1778767200000,2026-05-14T14:00:00.000Z,NEUTRAL,NONE,0,7.875,IGNORE,0,WATCH,,0,0,0,NA,NA,NA,NA,NA,CLEAR,1,0,0,0,0,TREND_REVERSAL_UNCONFIRMED,0,0.45,NONE,1,0,0,0
SOLUSDT,1778770800000,2026-05-14T15:00:00.000Z,NEUTRAL,NONE,0,7.875,IGNORE,0,WATCH,,0,0,0,NA,NA,NA,NA,NA,CLEAR,1,0,0,0,0,TREND_REVERSAL_UNCONFIRMED,0,0.45,NONE,1,0,0,0
SOLUSDT,1778774400000,2026-05-14T16:00:00.000Z,NEUTRAL,NONE,0,7.875,IGNORE,0,WATCH,,0,0,0,NA,NA,NA,NA,NA,CLEAR,1,1,0,0,0,TREND_REVERSAL_UNCONFIRMED,0,0.45,NONE,1,0,0,0
SOLUSDT,1778778000000,2026-05-14T17:00:00.000Z,NEUTRAL,NONE,0,7.875,IGNORE,0,WATCH,,0,0,0,NA,NA,NA,NA,NA,CLEAR,1,0,0,0,0,TREND_REVERSAL_UNCONFIRMED,0,0.45,NONE,1,0,0,0
SOLUSDT,1778781600000,2026-05-14T18:00:00.000Z,NEUTRAL,NONE,0,7.875,IGNORE,0,WATCH,,0,0,0,NA,NA,NA,NA,NA,CLEAR,1,0,0,0,0,TREND_REVERSAL_UNCONFIRMED,0,0.45,NONE,1,0,0,0
SOLUSDT,1778785200000,2026-05-14T19:00:00.000Z,NEUTRAL,NONE,0,7.875,IGNORE,0,WATCH,,0,0,0,NA,NA,NA,NA,NA,CLEAR,1,0,0,0,0,TREND_REVERSAL_UNCONFIRMED,0,0.45,NONE,1,0,0,0
SOLUSDT,1778788800000,2026-05-14T20:00:00.000Z,NEUTRAL,NONE,0,7.875,IGNORE,0,WATCH,,0,0,0,NA,NA,NA,NA,NA,CLEAR,1,0,0,0,0,TREND_REVERSAL_UNCONFIRMED,0,0.45,NONE,1,0,0,0
SOLUSDT,1778792400000,2026-05-14T21:00:00.000Z,NEUTRAL,NONE,0,7.875,IGNORE,0,WATCH,,0,0,0,NA,NA,NA,NA,NA,CLEAR,1,0,0,0,0,TREND_REVERSAL_UNCONFIRMED,0,0.45,NONE,1,0,0,0
SOLUSDT,1778796000000,2026-05-14T22:00:00.000Z,NEUTRAL,NONE,0,7.875,IGNORE,0,WATCH,,0,0,0,NA,NA,NA,NA,NA,CLEAR,1,0,0,0,0,TREND_REVERSAL_UNCONFIRMED,0,0.45,NONE,1,0,0,0
SOLUSDT,1778799600000,2026-05-14T23:00:00.000Z,BEAR,LONG,17.5,12.909375,IGNORE,0,WATCH,,0,0,0,NA,NA,NA,NA,NA,WARNING_SOFT,1,0,0,0,0,TREND_REVERSAL_UNCONFIRMED,1,0.45,LONG,1,0,0,0
SOLUSDT,1778803200000,2026-05-15T00:00:00.000Z,NEUTRAL,NONE,0,7.875,IGNORE,0,WATCH,,0,0,0,NA,NA,NA,NA,NA,WARNING_SOFT,1,0,0,0,0,TREND_REVERSAL_UNCONFIRMED,0,0.45,NONE,1,0,0,0
SOLUSDT,1778806800000,2026-05-15T01:00:00.000Z,BEAR,LONG,17.5,12.909375,IGNORE,0,WATCH,,0,0,0,NA,NA,NA,NA,NA,WARNING_SOFT,1,0,0,0,0,TREND_REVERSAL_UNCONFIRMED,1,0.45,LONG,1,0,0,0
SOLUSDT,1778810400000,2026-05-15T02:00:00.000Z,NEUTRAL,NONE,0,7.875,IGNORE,0,WATCH,,0,0,0,NA,NA,NA,NA,NA,BLOCK,0,0,0,0,0,TREND_REVERSAL_UNCONFIRMED,0,0.45,NONE,1,0,0,0
SOLUSDT,1778814000000,2026-05-15T03:00:00.000Z,BEAR,LONG,17.5,12.909375,IGNORE,0,WATCH,,0,0,0,NA,NA,NA,NA,NA,WARNING_SOFT,1,0,0,0,0,TREND_REVERSAL_UNCONFIRMED,1,0.45,LONG,1,0,0,0
SOLUSDT,1778817600000,2026-05-15T04:00:00.000Z,BEAR,LONG,17.5,12.909375,IGNORE,0,WATCH,,0,0,0,NA,NA,NA,NA,NA,CLEAR,1,0,0,0,0,TREND_REVERSAL_UNCONFIRMED,1,0.45,LONG,1,0,0,0
SOLUSDT,1778821200000,2026-05-15T05:00:00.000Z,BEAR,LONG,36.667473759313516,18.07506355854594,IGNORE,0,WATCH,,0,0,0,NA,NA,NA,NA,NA,CLEAR,1,0,1,0,0,TREND_REVERSAL_UNCONFIRMED,2,0.45,LONG,1,0,0,0
SOLUSDT,1778824800000,2026-05-15T06:00:00.000Z,BEAR,LONG,17.5,12.909375,IGNORE,0,WATCH,,0,0,0,NA,NA,NA,NA,NA,CLEAR,1,0,0,0,0,TREND_REVERSAL_UNCONFIRMED,1,0.45,LONG,1,0,0,0
SOLUSDT,1778828400000,2026-05-15T07:00:00.000Z,BEAR,LONG,59.68129469285272,61.16815031984935,WATCH,1,ACTIVE,ACTIVE,1,1,1,PASS,PASS,SKIP,SKIP,PASS,CLEAR,1,0,0,0,1,,3,0.84,LONG,0,1,0,0
SOLUSDT,1778832000000,2026-05-15T08:00:00.000Z,BEAR,LONG,0,7.875,IGNORE,0,WATCH,,0,0,0,NA,NA,NA,NA,NA,CLEAR,1,0,0,0,0,TREND_REVERSAL_UNCONFIRMED,0,0.45,LONG,1,0,0,0
SOLUSDT,1778835600000,2026-05-15T09:00:00.000Z,BEAR,LONG,0,7.875,IGNORE,0,WATCH,,0,0,0,NA,NA,NA,NA,NA,CLEAR,1,0,0,0,0,TREND_REVERSAL_UNCONFIRMED,0,0.45,LONG,1,0,0,0
SOLUSDT,1778839200000,2026-05-15T10:00:00.000Z,BEAR,LONG,0,7.875,IGNORE,0,WATCH,,0,0,0,NA,NA,NA,NA,NA,CLEAR,1,0,0,0,0,TREND_REVERSAL_UNCONFIRMED,0,0.45,LONG,1,0,0,0
SOLUSDT,1778842800000,2026-05-15T11:00:00.000Z,BEAR,LONG,0,7.875,IGNORE,0,WATCH,,0,0,0,NA,NA,NA,NA,NA,CLEAR,1,0,0,0,0,TREND_REVERSAL_UNCONFIRMED,0,0.45,LONG,1,0,0,0
SOLUSDT,1778846400000,2026-05-15T12:00:00.000Z,BEAR,LONG,0,7.875,IGNORE,0,WATCH,,0,0,0,NA,NA,NA,NA,NA,CLEAR,1,0,0,0,0,TREND_REVERSAL_UNCONFIRMED,0,0.45,LONG,1,0,0,0
SOLUSDT,1778850000000,2026-05-15T13:00:00.000Z,BEAR,LONG,25,13.5,IGNORE,0,WATCH,,0,0,0,NA,NA,NA,NA,NA,CLEAR,1,0,1,0,0,TREND_REVERSAL_UNCONFIRMED,1,0.45,LONG,1,0,0,0
SOLUSDT,1778853600000,2026-05-15T14:00:00.000Z,BEAR,LONG,50,19.125,IGNORE,0,WATCH,,0,0,0,NA,NA,NA,NA,NA,CLEAR,1,0,0,0,0,TREND_REVERSAL_UNCONFIRMED,2,0.45,LONG,1,0,0,0
SOLUSDT,1778857200000,2026-05-15T15:00:00.000Z,BEAR,LONG,0,7.875,IGNORE,0,WATCH,,0,0,0,NA,NA,NA,NA,NA,CLEAR,1,0,0,0,0,TREND_REVERSAL_UNCONFIRMED,0,0.45,LONG,1,0,0,0
SOLUSDT,1778860800000,2026-05-15T16:00:00.000Z,BEAR,LONG,0,7.875,IGNORE,0,WATCH,,0,0,0,NA,NA,NA,NA,NA,CLEAR,1,0,0,0,0,TREND_REVERSAL_UNCONFIRMED,0,0.45,LONG,1,0,0,0
SOLUSDT,1778864400000,2026-05-15T17:00:00.000Z,BEAR,LONG,0,7.875,IGNORE,0,WATCH,,0,0,0,NA,NA,NA,NA,NA,CLEAR,1,0,0,0,0,TREND_REVERSAL_UNCONFIRMED,0,0.45,LONG,1,0,0,0
SOLUSDT,1778868000000,2026-05-15T18:00:00.000Z,BEAR,LONG,0,7.875,IGNORE,0,WATCH,,0,0,0,NA,NA,NA,NA,NA,CLEAR,1,0,0,0,0,TREND_REVERSAL_UNCONFIRMED,0,0.45,LONG,1,0,0,0
SOLUSDT,1778871600000,2026-05-15T19:00:00.000Z,BEAR,LONG,0,7.875,IGNORE,0,WATCH,,0,0,0,NA,NA,NA,NA,NA,CLEAR,1,0,0,0,0,TREND_REVERSAL_UNCONFIRMED,0,0.45,LONG,1,0,0,0
SOLUSDT,1778875200000,2026-05-15T20:00:00.000Z,BEAR,LONG,0,7.875,IGNORE,0,WATCH,,0,0,0,NA,NA,NA,NA,NA,CLEAR,1,0,0,0,0,TREND_REVERSAL_UNCONFIRMED,0,0.45,LONG,1,0,0,0
SOLUSDT,1778878800000,2026-05-15T21:00:00.000Z,BEAR,LONG,0,7.875,IGNORE,0,WATCH,,0,0,0,NA,NA,NA,NA,NA,CLEAR,1,0,0,0,0,TREND_REVERSAL_UNCONFIRMED,0,0.45,LONG,1,0,0,0
SOLUSDT,1778882400000,2026-05-15T22:00:00.000Z,BEAR,LONG,0,7.875,IGNORE,0,WATCH,,0,0,0,NA,NA,NA,NA,NA,CLEAR,1,0,0,0,0,TREND_REVERSAL_UNCONFIRMED,0,0.45,LONG,1,0,0,0
SOLUSDT,1778886000000,2026-05-15T23:00:00.000Z,BEAR,LONG,25,13.5,IGNORE,0,WATCH,,0,0,0,NA,NA,NA,NA,NA,CLEAR,1,0,0,0,0,TREND_REVERSAL_UNCONFIRMED,1,0.45,LONG,1,0,0,0
SOLUSDT,1778889600000,2026-05-16T00:00:00.000Z,BEAR,LONG,17.5,12.909375,IGNORE,0,WATCH,,0,0,0,NA,NA,NA,NA,NA,CLEAR,1,0,0,0,0,TREND_REVERSAL_UNCONFIRMED,1,0.45,LONG,1,0,0,0
SOLUSDT,1778893200000,2026-05-16T01:00:00.000Z,BEAR,LONG,17.5,12.909375,IGNORE,0,WATCH,,0,0,0,NA,NA,NA,NA,NA,CLEAR,1,0,0,0,0,TREND_REVERSAL_UNCONFIRMED,1,0.45,LONG,1,0,0,0
SOLUSDT,1778896800000,2026-05-16T02:00:00.000Z,BEAR,LONG,17.5,12.909375,IGNORE,0,WATCH,,0,0,0,NA,NA,NA,NA,NA,CLEAR,1,0,0,0,0,TREND_REVERSAL_UNCONFIRMED,1,0.45,LONG,1,0,0,0
SOLUSDT,1778900400000,2026-05-16T03:00:00.000Z,BEAR,LONG,17.5,12.909375,IGNORE,0,WATCH,,0,0,0,NA,NA,NA,NA,NA,CLEAR,1,0,0,0,0,TREND_REVERSAL_UNCONFIRMED,1,0.45,LONG,1,0,0,0
SOLUSDT,1778904000000,2026-05-16T04:00:00.000Z,BEAR,LONG,33.609482445570265,17.834246742588657,IGNORE,0,WATCH,,0,0,0,NA,NA,NA,NA,NA,CLEAR,1,0,0,0,0,TREND_REVERSAL_UNCONFIRMED,2,0.45,LONG,1,0,0,0
SOLUSDT,1778907600000,2026-05-16T05:00:00.000Z,BEAR,LONG,17.5,12.909375,IGNORE,0,WATCH,,0,0,0,NA,NA,NA,NA,NA,CLEAR,1,0,0,0,0,TREND_REVERSAL_UNCONFIRMED,1,0.45,LONG,1,0,0,0
SOLUSDT,1778911200000,2026-05-16T06:00:00.000Z,BEAR,LONG,44.41534411390123,22.34145834896972,IGNORE,0,WATCH,,0,0,0,NA,NA,NA,NA,NA,CLEAR,1,0,0,0,0,TREND_REVERSAL_UNCONFIRMED,3,0.45,LONG,1,0,0,0
SOLUSDT,1778914800000,2026-05-16T07:00:00.000Z,BEAR,LONG,57.43055555555556,52.43729166666667,WATCH,1,WATCH,ACTIVE,1,1,0,PASS,PASS,SKIP,SKIP,FAIL,CLEAR,1,0,1,0,0,MARKET_CONTEXT_DENIED,3,0.84,LONG,0,1,0,0
SOLUSDT,1778918400000,2026-05-16T08:00:00.000Z,BEAR,LONG,55.34722222222222,51.291041666666665,WATCH,1,WATCH,ACTIVE,1,1,0,FAIL,PASS,SKIP,SKIP,PASS,CLEAR,1,0,0,0,0,MARKET_CONTEXT_DENIED,3,0.84,LONG,0,1,0,0
SOLUSDT,1778922000000,2026-05-16T09:00:00.000Z,BEAR,LONG,57.08333333333333,51.54624999999999,WATCH,1,WATCH,ACTIVE,1,1,0,FAIL,PASS,SKIP,SKIP,PASS,CLEAR,1,0,0,0,0,MARKET_CONTEXT_DENIED,3,0.84,LONG,0,1,0,0
SOLUSDT,1778925600000,2026-05-16T10:00:00.000Z,BEAR,LONG,47.40379148791128,22.576798579673014,IGNORE,0,WATCH,,0,0,0,NA,NA,NA,NA,NA,CLEAR,1,0,0,0,0,TREND_REVERSAL_UNCONFIRMED,3,0.45,LONG,1,0,0,0
SOLUSDT,1778929200000,2026-05-16T11:00:00.000Z,BEAR,LONG,30.34722222222222,17.57734375,IGNORE,0,WATCH,,0,0,0,NA,NA,NA,NA,NA,CLEAR,1,0,0,0,0,TREND_REVERSAL_UNCONFIRMED,2,0.45,LONG,1,0,0,0
SOLUSDT,1778932800000,2026-05-16T12:00:00.000Z,BEAR,LONG,55.34722222222222,42.89104166666666,WATCH,1,WATCH,ACTIVE,1,1,0,FAIL,PASS,SKIP,SKIP,FAIL,CLEAR,1,0,0,0,0,MARKET_CONTEXT_DENIED,3,0.84,LONG,1,0,0,0
SOLUSDT,1778936400000,2026-05-16T13:00:00.000Z,BEAR,LONG,12.847222222222221,12.54296875,IGNORE,0,WATCH,,0,0,0,NA,NA,NA,NA,NA,CLEAR,1,0,0,0,0,TREND_REVERSAL_UNCONFIRMED,1,0.45,LONG,1,0,0,0
SOLUSDT,1778940000000,2026-05-16T14:00:00.000Z,BEAR,LONG,12.847222222222221,12.54296875,IGNORE,0,WATCH,,0,0,0,NA,NA,NA,NA,NA,CLEAR,1,0,0,0,0,TREND_REVERSAL_UNCONFIRMED,1,0.45,LONG,1,0,0,0
SOLUSDT,1778943600000,2026-05-16T15:00:00.000Z,BEAR,LONG,13.194444444444445,12.5703125,IGNORE,0,WATCH,,0,0,0,NA,NA,NA,NA,NA,CLEAR,1,0,0,0,0,TREND_REVERSAL_UNCONFIRMED,1,0.45,LONG,1,0,0,0
SOLUSDT,1778947200000,2026-05-16T16:00:00.000Z,BEAR,LONG,13.194444444444445,12.5703125,IGNORE,0,WATCH,,0,0,0,NA,NA,NA,NA,NA,CLEAR,1,0,0,0,0,TREND_REVERSAL_UNCONFIRMED,1,0.45,LONG,1,0,0,0
SOLUSDT,1778950800000,2026-05-16T17:00:00.000Z,BEAR,LONG,12.847222222222221,12.54296875,IGNORE,0,WATCH,,0,0,0,NA,NA,NA,NA,NA,WARNING_SOFT,1,0,0,0,0,TREND_REVERSAL_UNCONFIRMED,1,0.45,LONG,1,0,0,0
SOLUSDT,1778954400000,2026-05-16T18:00:00.000Z,BEAR,LONG,0,7.875,IGNORE,0,WATCH,,0,0,0,NA,NA,NA,NA,NA,WARNING_SOFT,1,0,0,0,0,TREND_REVERSAL_UNCONFIRMED,0,0.45,LONG,1,0,0,0
SOLUSDT,1778958000000,2026-05-16T19:00:00.000Z,BEAR,LONG,0,7.875,IGNORE,0,WATCH,,0,0,0,NA,NA,NA,NA,NA,WARNING_SOFT,1,0,0,0,0,TREND_REVERSAL_UNCONFIRMED,0,0.45,LONG,1,0,0,0
SOLUSDT,1778961600000,2026-05-16T20:00:00.000Z,BEAR,LONG,0,7.875,IGNORE,0,WATCH,,0,0,0,NA,NA,NA,NA,NA,WARNING_SOFT,1,0,0,0,0,TREND_REVERSAL_UNCONFIRMED,0,0.45,LONG,1,0,0,0
SOLUSDT,1778965200000,2026-05-16T21:00:00.000Z,BEAR,LONG,0,7.875,IGNORE,0,WATCH,,0,0,0,NA,NA,NA,NA,NA,CLEAR,1,0,0,0,0,TREND_REVERSAL_UNCONFIRMED,0,0.45,LONG,1,0,0,0
SOLUSDT,1778968800000,2026-05-16T22:00:00.000Z,BEAR,LONG,0,7.875,IGNORE,0,WATCH,,0,0,0,NA,NA,NA,NA,NA,CLEAR,1,0,0,0,0,TREND_REVERSAL_UNCONFIRMED,0,0.45,LONG,1,0,0,0
SOLUSDT,1778972400000,2026-05-16T23:00:00.000Z,BEAR,LONG,0,7.875,IGNORE,0,WATCH,,0,0,0,NA,NA,NA,NA,NA,CLEAR,1,0,0,0,0,TREND_REVERSAL_UNCONFIRMED,0,0.45,LONG,1,0,0,0
SOLUSDT,1778976000000,2026-05-17T00:00:00.000Z,BEAR,LONG,0,7.875,IGNORE,0,WATCH,,0,0,0,NA,NA,NA,NA,NA,CLEAR,1,0,0,0,0,TREND_REVERSAL_UNCONFIRMED,0,0.45,LONG,1,0,0,0
SOLUSDT,1778979600000,2026-05-17T01:00:00.000Z,BEAR,LONG,30.612030725521105,17.598197419634786,IGNORE,0,WATCH,,0,0,0,NA,NA,NA,NA,NA,CLEAR,1,0,1,0,0,TREND_REVERSAL_UNCONFIRMED,2,0.45,LONG,1,0,0,0
SOLUSDT,1778983200000,2026-05-17T02:00:00.000Z,BEAR,LONG,25,13.5,IGNORE,0,WATCH,,0,0,0,NA,NA,NA,NA,NA,CLEAR,1,0,0,0,0,TREND_REVERSAL_UNCONFIRMED,1,0.45,LONG,1,0,0,0
SOLUSDT,1778986800000,2026-05-17T03:00:00.000Z,BEAR,LONG,0,7.875,IGNORE,0,WATCH,,0,0,0,NA,NA,NA,NA,NA,CLEAR,1,0,0,0,0,TREND_REVERSAL_UNCONFIRMED,0,0.45,LONG,1,0,0,0
SOLUSDT,1778990400000,2026-05-17T04:00:00.000Z,NEUTRAL,NONE,0,7.875,IGNORE,0,WATCH,,0,0,0,NA,NA,NA,NA,NA,WARNING_SOFT,1,0,0,0,0,TREND_REVERSAL_UNCONFIRMED,0,0.45,NONE,1,0,0,0
SOLUSDT,1778994000000,2026-05-17T05:00:00.000Z,NEUTRAL,NONE,0,7.875,IGNORE,0,WATCH,,0,0,0,NA,NA,NA,NA,NA,WARNING_HARD,1,0,0,0,0,TREND_REVERSAL_UNCONFIRMED,0,0.45,NONE,1,0,0,0
SOLUSDT,1778997600000,2026-05-17T06:00:00.000Z,NEUTRAL,NONE,0,7.875,IGNORE,0,WATCH,,0,0,0,NA,NA,NA,NA,NA,WARNING_SOFT,1,0,0,0,0,TREND_REVERSAL_UNCONFIRMED,0,0.45,NONE,1,0,0,0
SOLUSDT,1779001200000,2026-05-17T07:00:00.000Z,NEUTRAL,NONE,0,7.875,IGNORE,0,WATCH,,0,0,0,NA,NA,NA,NA,NA,WARNING_SOFT,1,0,0,0,0,TREND_REVERSAL_UNCONFIRMED,0,0.45,NONE,1,0,0,0
SOLUSDT,1779004800000,2026-05-17T08:00:00.000Z,BEAR,LONG,17.5,12.909375,IGNORE,0,WATCH,,0,0,0,NA,NA,NA,NA,NA,WARNING_SOFT,1,0,0,0,0,TREND_REVERSAL_UNCONFIRMED,1,0.45,LONG,1,0,0,0
SOLUSDT,1779008400000,2026-05-17T09:00:00.000Z,NEUTRAL,NONE,0,7.875,IGNORE,0,WATCH,,0,0,0,NA,NA,NA,NA,NA,CLEAR,1,0,0,0,0,TREND_REVERSAL_UNCONFIRMED,0,0.45,NONE,1,0,0,0
SOLUSDT,1779012000000,2026-05-17T10:00:00.000Z,NEUTRAL,NONE,0,7.875,IGNORE,0,WATCH,,0,0,0,NA,NA,NA,NA,NA,CLEAR,1,0,0,0,0,TREND_REVERSAL_UNCONFIRMED,0,0.45,NONE,1,0,0,0
SOLUSDT,1779015600000,2026-05-17T11:00:00.000Z,NEUTRAL,NONE,0,7.875,IGNORE,0,WATCH,,0,0,0,NA,NA,NA,NA,NA,CLEAR,1,0,0,0,0,TREND_REVERSAL_UNCONFIRMED,0,0.45,NONE,1,0,0,0
SOLUSDT,1779019200000,2026-05-17T12:00:00.000Z,BEAR,LONG,17.5,12.909375,IGNORE,0,WATCH,,0,0,0,NA,NA,NA,NA,NA,WARNING_SOFT,1,0,0,0,0,TREND_REVERSAL_UNCONFIRMED,1,0.45,LONG,1,0,0,0
SOLUSDT,1779022800000,2026-05-17T13:00:00.000Z,BEAR,LONG,35.659044407360966,17.995649747079675,IGNORE,0,WATCH,,0,0,0,NA,NA,NA,NA,NA,CLEAR,1,0,1,0,0,TREND_REVERSAL_UNCONFIRMED,2,0.45,LONG,1,0,0,0
SOLUSDT,1779026400000,2026-05-17T14:00:00.000Z,BEAR,LONG,40.07282283487676,18.343234798246545,IGNORE,0,WATCH,,0,0,0,NA,NA,NA,NA,NA,CLEAR,1,0,1,0,0,TREND_REVERSAL_UNCONFIRMED,2,0.45,LONG,1,0,0,0
SOLUSDT,1779030000000,2026-05-17T15:00:00.000Z,BEAR,LONG,42.5,18.534375,IGNORE,0,WATCH,,0,0,0,NA,NA,NA,NA,NA,CLEAR,1,0,0,0,0,TREND_REVERSAL_UNCONFIRMED,2,0.45,LONG,1,0,0,0
SOLUSDT,1779033600000,2026-05-17T16:00:00.000Z,BEAR,LONG,17.5,12.909375,IGNORE,0,WATCH,,0,0,0,NA,NA,NA,NA,NA,WARNING_SOFT,1,0,0,0,0,TREND_REVERSAL_UNCONFIRMED,1,0.45,LONG,1,0,0,0
SOLUSDT,1779037200000,2026-05-17T17:00:00.000Z,BEAR,LONG,0,7.875,IGNORE,0,WATCH,,0,0,0,NA,NA,NA,NA,NA,CLEAR,1,0,0,0,0,TREND_REVERSAL_UNCONFIRMED,0,0.45,LONG,1,0,0,0
SOLUSDT,1779040800000,2026-05-17T18:00:00.000Z,BEAR,LONG,25,13.5,IGNORE,0,WATCH,,0,0,0,NA,NA,NA,NA,NA,CLEAR,1,0,0,0,0,TREND_REVERSAL_UNCONFIRMED,1,0.45,LONG,1,0,0,0
SOLUSDT,1779044400000,2026-05-17T19:00:00.000Z,NEUTRAL,NONE,0,7.875,IGNORE,0,WATCH,,0,0,0,NA,NA,NA,NA,NA,WARNING_SOFT,1,0,0,0,0,TREND_REVERSAL_UNCONFIRMED,0,0.45,NONE,1,0,0,0
SOLUSDT,1779048000000,2026-05-17T20:00:00.000Z,NEUTRAL,NONE,0,7.875,IGNORE,0,WATCH,,0,0,0,NA,NA,NA,NA,NA,CLEAR,1,0,0,0,0,TREND_REVERSAL_UNCONFIRMED,0,0.45,NONE,1,0,0,0
SOLUSDT,1779051600000,2026-05-17T21:00:00.000Z,NEUTRAL,NONE,0,7.875,IGNORE,0,WATCH,,0,0,0,NA,NA,NA,NA,NA,CLEAR,1,0,0,0,0,TREND_REVERSAL_UNCONFIRMED,0,0.45,NONE,1,0,0,0
SOLUSDT,1779055200000,2026-05-17T22:00:00.000Z,BEAR,LONG,19.44596478831361,13.062619727079698,IGNORE,0,WATCH,,0,0,0,NA,NA,NA,NA,NA,WARNING_SOFT,1,0,0,0,0,TREND_REVERSAL_UNCONFIRMED,1,0.45,LONG,1,0,0,0
SOLUSDT,1779058800000,2026-05-17T23:00:00.000Z,BEAR,LONG,25,13.5,IGNORE,0,WATCH,,0,0,0,NA,NA,NA,NA,NA,CLEAR,1,0,0,0,0,TREND_REVERSAL_UNCONFIRMED,1,0.45,LONG,1,0,0,0
SOLUSDT,1779062400000,2026-05-18T00:00:00.000Z,BEAR,LONG,50,19.125,IGNORE,0,WATCH,,0,0,0,NA,NA,NA,NA,NA,CLEAR,1,0,0,0,0,TREND_REVERSAL_UNCONFIRMED,2,0.45,LONG,1,0,0,0
SOLUSDT,1779066000000,2026-05-18T01:00:00.000Z,BEAR,LONG,20.451425572335467,13.141799763821417,IGNORE,0,WATCH,,0,0,0,NA,NA,NA,NA,NA,CLEAR,1,0,0,0,0,TREND_REVERSAL_UNCONFIRMED,1,0.45,LONG,1,0,0,0
SOLUSDT,1779069600000,2026-05-18T02:00:00.000Z,BEAR,LONG,0,7.875,IGNORE,0,WATCH,,0,0,0,NA,NA,NA,NA,NA,CLEAR,1,0,0,0,0,TREND_REVERSAL_UNCONFIRMED,0,0.45,LONG,1,0,0,0
SOLUSDT,1779073200000,2026-05-18T03:00:00.000Z,BEAR,LONG,14.583333333333332,12.6796875,IGNORE,0,WATCH,,0,0,0,NA,NA,NA,NA,NA,CLEAR,1,0,0,0,0,TREND_REVERSAL_UNCONFIRMED,1,0.45,LONG,1,0,0,0
SOLUSDT,1779076800000,2026-05-18T04:00:00.000Z,BEAR,LONG,0,7.875,IGNORE,0,WATCH,,0,0,0,NA,NA,NA,NA,NA,CLEAR,1,0,0,0,0,TREND_REVERSAL_UNCONFIRMED,0,0.45,LONG,1,0,0,0
SOLUSDT,1779080400000,2026-05-18T05:00:00.000Z,BEAR,LONG,0,7.875,IGNORE,0,WATCH,,0,0,0,NA,NA,NA,NA,NA,CLEAR,1,0,0,0,0,TREND_REVERSAL_UNCONFIRMED,0,0.45,LONG,1,0,0,0
SOLUSDT,1779084000000,2026-05-18T06:00:00.000Z,BEAR,LONG,18.776346654896898,13.009887299073132,IGNORE,0,WATCH,,0,0,0,NA,NA,NA,NA,NA,CLEAR,1,0,1,0,0,TREND_REVERSAL_UNCONFIRMED,1,0.45,LONG,1,0,0,0
SOLUSDT,1779087600000,2026-05-18T07:00:00.000Z,BEAR,LONG,25,13.5,IGNORE,0,WATCH,,0,0,0,NA,NA,NA,NA,NA,CLEAR,1,0,0,0,0,TREND_REVERSAL_UNCONFIRMED,1,0.45,LONG,1,0,0,0
SOLUSDT,1779091200000,2026-05-18T08:00:00.000Z,BEAR,LONG,0,7.875,IGNORE,0,WATCH,,0,0,0,NA,NA,NA,NA,NA,CLEAR,1,0,0,0,0,TREND_REVERSAL_UNCONFIRMED,0,0.45,LONG,1,0,0,0
SOLUSDT,1779094800000,2026-05-18T09:00:00.000Z,BEAR,LONG,30.34722222222222,17.57734375,IGNORE,0,WATCH,,0,0,0,NA,NA,NA,NA,NA,CLEAR,1,0,0,0,0,TREND_REVERSAL_UNCONFIRMED,2,0.45,LONG,1,0,0,0
SOLUSDT,1779098400000,2026-05-18T10:00:00.000Z,BEAR,LONG,42.5,18.534375,IGNORE,0,WATCH,,0,0,0,NA,NA,NA,NA,NA,CLEAR,1,0,0,0,0,TREND_REVERSAL_UNCONFIRMED,2,0.45,LONG,1,0,0,0
SOLUSDT,1779102000000,2026-05-18T11:00:00.000Z,BEAR,LONG,32.00091922155526,17.70757238869748,IGNORE,0,WATCH,,0,0,0,NA,NA,NA,NA,NA,CLEAR,1,0,0,0,0,TREND_REVERSAL_UNCONFIRMED,2,0.45,LONG,1,0,0,0
SOLUSDT,1779105600000,2026-05-18T12:00:00.000Z,NEUTRAL,NONE,0,7.875,IGNORE,0,WATCH,,0,0,0,NA,NA,NA,NA,NA,WARNING_SOFT,1,1,0,0,0,TREND_REVERSAL_UNCONFIRMED,0,0.45,NONE,1,0,0,0
SOLUSDT,1779109200000,2026-05-18T13:00:00.000Z,BEAR,LONG,39.189025267723885,18.27363573983326,IGNORE,0,WATCH,,0,0,0,NA,NA,NA,NA,NA,WARNING_SOFT,1,0,0,0,0,TREND_REVERSAL_UNCONFIRMED,2,0.45,LONG,1,0,0,0
SOLUSDT,1779112800000,2026-05-18T14:00:00.000Z,BEAR,LONG,42.5,18.534375,IGNORE,0,WATCH,,0,0,0,NA,NA,NA,NA,NA,CLEAR,1,0,0,0,0,TREND_REVERSAL_UNCONFIRMED,2,0.45,LONG,1,0,0,0
SOLUSDT,1779116400000,2026-05-18T15:00:00.000Z,BEAR,LONG,55.51182699172133,42.915238567783035,WATCH,1,WATCH,ACTIVE,1,1,0,FAIL,PASS,SKIP,SKIP,FAIL,CLEAR,1,0,0,0,0,MARKET_CONTEXT_DENIED,3,0.84,LONG,1,0,0,0
SOLUSDT,1779120000000,2026-05-18T16:00:00.000Z,BEAR,LONG,17.5,12.909375,IGNORE,0,WATCH,,0,0,0,NA,NA,NA,NA,NA,CLEAR,1,0,0,0,0,TREND_REVERSAL_UNCONFIRMED,1,0.45,LONG,1,0,0,0
SOLUSDT,1779123600000,2026-05-18T17:00:00.000Z,BEAR,LONG,17.5,12.909375,IGNORE,0,WATCH,,0,0,0,NA,NA,NA,NA,NA,CLEAR,1,0,0,0,0,TREND_REVERSAL_UNCONFIRMED,1,0.45,LONG,1,0,0,0
SOLUSDT,1779127200000,2026-05-18T18:00:00.000Z,BEAR,LONG,17.5,12.909375,IGNORE,0,WATCH,,0,0,0,NA,NA,NA,NA,NA,CLEAR,1,0,0,0,0,TREND_REVERSAL_UNCONFIRMED,1,0.45,LONG,1,0,0,0
SOLUSDT,1779130800000,2026-05-18T19:00:00.000Z,NEUTRAL,NONE,0,7.875,IGNORE,0,WATCH,,0,0,0,NA,NA,NA,NA,NA,BLOCK,0,0,0,0,0,TREND_REVERSAL_UNCONFIRMED,0,0.45,NONE,1,0,0,0
SOLUSDT,1779134400000,2026-05-18T20:00:00.000Z,NEUTRAL,NONE,0,7.875,IGNORE,0,WATCH,,0,0,0,NA,NA,NA,NA,NA,WARNING_SOFT,1,0,0,0,0,TREND_REVERSAL_UNCONFIRMED,0,0.45,NONE,1,0,0,0
SOLUSDT,1779138000000,2026-05-18T21:00:00.000Z,NEUTRAL,NONE,0,7.875,IGNORE,0,WATCH,,0,0,0,NA,NA,NA,NA,NA,CLEAR,1,0,0,0,0,TREND_REVERSAL_UNCONFIRMED,0,0.45,NONE,1,0,0,0
SOLUSDT,1779141600000,2026-05-18T22:00:00.000Z,NEUTRAL,NONE,0,7.875,IGNORE,0,WATCH,,0,0,0,NA,NA,NA,NA,NA,CLEAR,1,0,0,0,0,TREND_REVERSAL_UNCONFIRMED,0,0.45,NONE,1,0,0,0
SOLUSDT,1779145200000,2026-05-18T23:00:00.000Z,NEUTRAL,NONE,0,7.875,IGNORE,0,WATCH,,0,0,0,NA,NA,NA,NA,NA,CLEAR,1,0,0,0,0,TREND_REVERSAL_UNCONFIRMED,0,0.45,NONE,1,0,0,0
SOLUSDT,1779148800000,2026-05-19T00:00:00.000Z,NEUTRAL,NONE,0,7.875,IGNORE,0,WATCH,,0,0,0,NA,NA,NA,NA,NA,CLEAR,1,0,0,0,0,TREND_REVERSAL_UNCONFIRMED,0,0.45,NONE,1,0,0,0
SOLUSDT,1779152400000,2026-05-19T01:00:00.000Z,BEAR,LONG,0,7.875,IGNORE,0,WATCH,,0,0,0,NA,NA,NA,NA,NA,WARNING_SOFT,1,0,0,0,0,TREND_REVERSAL_UNCONFIRMED,0,0.45,LONG,1,0,0,0
SOLUSDT,1779156000000,2026-05-19T02:00:00.000Z,BEAR,LONG,0,7.875,IGNORE,0,WATCH,,0,0,0,NA,NA,NA,NA,NA,WARNING_SOFT,1,0,0,0,0,TREND_REVERSAL_UNCONFIRMED,0,0.45,LONG,1,0,0,0
SOLUSDT,1779159600000,2026-05-19T03:00:00.000Z,NEUTRAL,NONE,0,7.875,IGNORE,0,WATCH,,0,0,0,NA,NA,NA,NA,NA,WARNING_SOFT,1,0,0,0,0,TREND_REVERSAL_UNCONFIRMED,0,0.45,NONE,1,0,0,0
SOLUSDT,1779163200000,2026-05-19T04:00:00.000Z,NEUTRAL,NONE,0,7.875,IGNORE,0,WATCH,,0,0,0,NA,NA,NA,NA,NA,WARNING_SOFT,1,0,0,0,0,TREND_REVERSAL_UNCONFIRMED,0,0.45,NONE,1,0,0,0
SOLUSDT,1779166800000,2026-05-19T05:00:00.000Z,NEUTRAL,NONE,0,7.875,IGNORE,0,WATCH,,0,0,0,NA,NA,NA,NA,NA,BLOCK,0,0,0,0,0,TREND_REVERSAL_UNCONFIRMED,0,0.45,NONE,1,0,0,0
SOLUSDT,1779170400000,2026-05-19T06:00:00.000Z,NEUTRAL,NONE,0,7.875,IGNORE,0,WATCH,,0,0,0,NA,NA,NA,NA,NA,CLEAR,1,0,0,0,0,TREND_REVERSAL_UNCONFIRMED,0,0.45,NONE,1,0,0,0
SOLUSDT,1779174000000,2026-05-19T07:00:00.000Z,NEUTRAL,NONE,0,7.875,IGNORE,0,WATCH,,0,0,0,NA,NA,NA,NA,NA,CLEAR,1,0,0,0,0,TREND_REVERSAL_UNCONFIRMED,0,0.45,NONE,1,0,0,0
SOLUSDT,1779177600000,2026-05-19T08:00:00.000Z,NEUTRAL,NONE,0,7.875,IGNORE,0,WATCH,,0,0,0,NA,NA,NA,NA,NA,CLEAR,1,0,0,0,0,TREND_REVERSAL_UNCONFIRMED,0,0.45,NONE,1,0,0,0
SOLUSDT,1779181200000,2026-05-19T09:00:00.000Z,BEAR,LONG,17.5,12.909375,IGNORE,0,WATCH,,0,0,0,NA,NA,NA,NA,NA,CLEAR,1,0,0,0,0,TREND_REVERSAL_UNCONFIRMED,1,0.45,LONG,1,0,0,0
SOLUSDT,1779184800000,2026-05-19T10:00:00.000Z,BEAR,LONG,17.5,12.909375,IGNORE,0,WATCH,,0,0,0,NA,NA,NA,NA,NA,WARNING_SOFT,1,0,0,0,0,TREND_REVERSAL_UNCONFIRMED,1,0.45,LONG,1,0,0,0
SOLUSDT,1779188400000,2026-05-19T11:00:00.000Z,BEAR,LONG,17.5,12.909375,IGNORE,0,WATCH,,0,0,0,NA,NA,NA,NA,NA,CLEAR,1,0,0,0,0,TREND_REVERSAL_UNCONFIRMED,1,0.45,LONG,1,0,0,0
SOLUSDT,1779192000000,2026-05-19T12:00:00.000Z,BEAR,LONG,17.5,12.909375,IGNORE,0,WATCH,,0,0,0,NA,NA,NA,NA,NA,CLEAR,1,0,0,0,0,TREND_REVERSAL_UNCONFIRMED,1,0.45,LONG,1,0,0,0
SOLUSDT,1779195600000,2026-05-19T13:00:00.000Z,BEAR,LONG,32.375987275320114,17.737108997931458,IGNORE,0,WATCH,,0,0,0,NA,NA,NA,NA,NA,CLEAR,1,0,0,0,0,TREND_REVERSAL_UNCONFIRMED,2,0.45,LONG,1,0,0,0
SOLUSDT,1779199200000,2026-05-19T14:00:00.000Z,BEAR,LONG,42.5,18.534375,IGNORE,0,WATCH,,0,0,0,NA,NA,NA,NA,NA,CLEAR,1,0,1,0,0,TREND_REVERSAL_UNCONFIRMED,2,0.45,LONG,1,0,0,0
SOLUSDT,1779202800000,2026-05-19T15:00:00.000Z,BEAR,LONG,17.5,12.909375,IGNORE,0,WATCH,,0,0,0,NA,NA,NA,NA,NA,CLEAR,1,0,0,0,0,TREND_REVERSAL_UNCONFIRMED,1,0.45,LONG,1,0,0,0
SOLUSDT,1779206400000,2026-05-19T16:00:00.000Z,NEUTRAL,NONE,0,7.875,IGNORE,0,WATCH,,0,0,0,NA,NA,NA,NA,NA,WARNING_SOFT,1,0,0,0,0,TREND_REVERSAL_UNCONFIRMED,0,0.45,NONE,1,0,0,0
SOLUSDT,1779210000000,2026-05-19T17:00:00.000Z,BEAR,LONG,0,7.875,IGNORE,0,WATCH,,0,0,0,NA,NA,NA,NA,NA,WARNING_SOFT,1,0,0,0,0,TREND_REVERSAL_UNCONFIRMED,0,0.45,LONG,1,0,0,0
SOLUSDT,1779213600000,2026-05-19T18:00:00.000Z,BEAR,LONG,0,7.875,IGNORE,0,WATCH,,0,0,0,NA,NA,NA,NA,NA,CLEAR,1,0,0,0,0,TREND_REVERSAL_UNCONFIRMED,0,0.45,LONG,1,0,0,0
SOLUSDT,1779217200000,2026-05-19T19:00:00.000Z,BEAR,LONG,25,13.5,IGNORE,0,WATCH,,0,0,0,NA,NA,NA,NA,NA,CLEAR,1,0,0,0,0,TREND_REVERSAL_UNCONFIRMED,1,0.45,LONG,1,0,0,0
SOLUSDT,1779220800000,2026-05-19T20:00:00.000Z,BEAR,LONG,0,7.875,IGNORE,0,WATCH,,0,0,0,NA,NA,NA,NA,NA,WARNING_SOFT,1,0,0,0,0,TREND_REVERSAL_UNCONFIRMED,0,0.45,LONG,1,0,0,0
SOLUSDT,1779224400000,2026-05-19T21:00:00.000Z,BEAR,LONG,0,7.875,IGNORE,0,WATCH,,0,0,0,NA,NA,NA,NA,NA,WARNING_SOFT,1,0,0,0,0,TREND_REVERSAL_UNCONFIRMED,0,0.45,LONG,1,0,0,0
SOLUSDT,1779228000000,2026-05-19T22:00:00.000Z,BEAR,LONG,0,7.875,IGNORE,0,WATCH,,0,0,0,NA,NA,NA,NA,NA,CLEAR,1,0,0,0,0,TREND_REVERSAL_UNCONFIRMED,0,0.45,LONG,1,0,0,0
SOLUSDT,1779231600000,2026-05-19T23:00:00.000Z,BEAR,LONG,0,7.875,IGNORE,0,WATCH,,0,0,0,NA,NA,NA,NA,NA,WARNING_SOFT,1,0,0,0,0,TREND_REVERSAL_UNCONFIRMED,0,0.45,LONG,1,0,0,0
SOLUSDT,1779235200000,2026-05-20T00:00:00.000Z,BEAR,LONG,25,13.5,IGNORE,0,WATCH,,0,0,0,NA,NA,NA,NA,NA,CLEAR,1,0,0,0,0,TREND_REVERSAL_UNCONFIRMED,1,0.45,LONG,1,0,0,0
SOLUSDT,1779238800000,2026-05-20T01:00:00.000Z,BEAR,LONG,0,7.875,IGNORE,0,WATCH,,0,0,0,NA,NA,NA,NA,NA,CLEAR,1,0,0,0,0,TREND_REVERSAL_UNCONFIRMED,0,0.45,LONG,1,0,0,0
SOLUSDT,1779242400000,2026-05-20T02:00:00.000Z,BEAR,LONG,0,7.875,IGNORE,0,WATCH,,0,0,0,NA,NA,NA,NA,NA,CLEAR,1,0,0,0,0,TREND_REVERSAL_UNCONFIRMED,0,0.45,LONG,1,0,0,0
SOLUSDT,1779246000000,2026-05-20T03:00:00.000Z,BEAR,LONG,25,13.5,IGNORE,0,WATCH,,0,0,0,NA,NA,NA,NA,NA,CLEAR,1,0,0,0,0,TREND_REVERSAL_UNCONFIRMED,1,0.45,LONG,1,0,0,0
SOLUSDT,1779249600000,2026-05-20T04:00:00.000Z,BEAR,LONG,17.5,12.909375,IGNORE,0,WATCH,,0,0,0,NA,NA,NA,NA,NA,CLEAR,1,0,0,0,0,TREND_REVERSAL_UNCONFIRMED,1,0.45,LONG,1,0,0,0
SOLUSDT,1779253200000,2026-05-20T05:00:00.000Z,NEUTRAL,NONE,0,7.875,IGNORE,0,WATCH,,0,0,0,NA,NA,NA,NA,NA,CLEAR,1,0,0,0,0,TREND_REVERSAL_UNCONFIRMED,0,0.45,NONE,1,0,0,0
SOLUSDT,1779256800000,2026-05-20T06:00:00.000Z,NEUTRAL,NONE,0,7.875,IGNORE,0,WATCH,,0,0,0,NA,NA,NA,NA,NA,CLEAR,1,0,0,0,0,TREND_REVERSAL_UNCONFIRMED,0,0.45,NONE,1,0,0,0
SOLUSDT,1779260400000,2026-05-20T07:00:00.000Z,NEUTRAL,NONE,0,7.875,IGNORE,0,WATCH,,0,0,0,NA,NA,NA,NA,NA,CLEAR,1,0,0,0,0,TREND_REVERSAL_UNCONFIRMED,0,0.45,NONE,1,0,0,0
SOLUSDT,1779264000000,2026-05-20T08:00:00.000Z,NEUTRAL,NONE,0,7.875,IGNORE,0,WATCH,,0,0,0,NA,NA,NA,NA,NA,CLEAR,1,0,0,0,0,TREND_REVERSAL_UNCONFIRMED,0,0.45,NONE,1,0,0,0
SOLUSDT,1779267600000,2026-05-20T09:00:00.000Z,NEUTRAL,NONE,0,7.875,IGNORE,0,WATCH,,0,0,0,NA,NA,NA,NA,NA,CLEAR,1,0,0,0,0,TREND_REVERSAL_UNCONFIRMED,0,0.45,NONE,1,0,0,0
SOLUSDT,1779271200000,2026-05-20T10:00:00.000Z,NEUTRAL,NONE,0,7.875,IGNORE,0,WATCH,,0,0,0,NA,NA,NA,NA,NA,CLEAR,1,0,0,0,0,TREND_REVERSAL_UNCONFIRMED,0,0.45,NONE,1,0,0,0
SOLUSDT,1779274800000,2026-05-20T11:00:00.000Z,NEUTRAL,NONE,0,7.875,IGNORE,0,WATCH,,0,0,0,NA,NA,NA,NA,NA,CLEAR,1,0,0,0,0,TREND_REVERSAL_UNCONFIRMED,0,0.45,NONE,1,0,0,0
SOLUSDT,1779278400000,2026-05-20T12:00:00.000Z,NEUTRAL,NONE,0,7.875,IGNORE,0,WATCH,,0,0,0,NA,NA,NA,NA,NA,CLEAR,1,0,0,0,0,TREND_REVERSAL_UNCONFIRMED,0,0.45,NONE,1,0,0,0
SOLUSDT,1779282000000,2026-05-20T13:00:00.000Z,BEAR,LONG,42.5,18.534375,IGNORE,0,WATCH,,0,0,0,NA,NA,NA,NA,NA,BLOCK,0,0,0,0,0,TREND_REVERSAL_UNCONFIRMED,2,0.45,LONG,1,0,0,0
SOLUSDT,1779285600000,2026-05-20T14:00:00.000Z,NEUTRAL,NONE,0,7.875,IGNORE,0,WATCH,,0,0,0,NA,NA,NA,NA,NA,CLEAR,1,0,0,0,0,TREND_REVERSAL_UNCONFIRMED,0,0.45,NONE,1,0,0,0
SOLUSDT,1779289200000,2026-05-20T15:00:00.000Z,NEUTRAL,NONE,0,7.875,IGNORE,0,WATCH,,0,0,0,NA,NA,NA,NA,NA,CLEAR,1,0,0,0,0,TREND_REVERSAL_UNCONFIRMED,0,0.45,NONE,1,0,0,0
SOLUSDT,1779292800000,2026-05-20T16:00:00.000Z,BULL,SHORT,42.5,18.534375,IGNORE,0,WATCH,,0,0,0,NA,NA,NA,NA,NA,CLEAR,1,1,0,0,0,TREND_REVERSAL_UNCONFIRMED,2,0.45,SHORT,1,0,0,0
SOLUSDT,1779296400000,2026-05-20T17:00:00.000Z,BULL,SHORT,35.343118222452745,17.970770560018153,IGNORE,0,WATCH,,0,0,0,NA,NA,NA,NA,NA,CLEAR,1,1,0,0,0,TREND_REVERSAL_UNCONFIRMED,2,0.45,SHORT,1,0,0,0
SOLUSDT,1779300000000,2026-05-20T18:00:00.000Z,BULL,SHORT,42.5,18.534375,IGNORE,0,WATCH,,0,0,0,NA,NA,NA,NA,NA,CLEAR,1,0,0,0,0,TREND_REVERSAL_UNCONFIRMED,2,0.45,SHORT,1,0,0,0
SOLUSDT,1779303600000,2026-05-20T19:00:00.000Z,BULL,SHORT,17.5,12.909375,IGNORE,0,WATCH,,0,0,0,NA,NA,NA,NA,NA,CLEAR,1,0,0,0,0,TREND_REVERSAL_UNCONFIRMED,1,0.45,SHORT,1,0,0,0
SOLUSDT,1779307200000,2026-05-20T20:00:00.000Z,BULL,SHORT,0,7.875,IGNORE,0,WATCH,,0,0,0,NA,NA,NA,NA,NA,CLEAR,1,0,0,0,0,TREND_REVERSAL_UNCONFIRMED,0,0.45,SHORT,1,0,0,0
SOLUSDT,1779310800000,2026-05-20T21:00:00.000Z,BULL,SHORT,25,13.5,IGNORE,0,WATCH,,0,0,0,NA,NA,NA,NA,NA,CLEAR,1,0,0,0,0,TREND_REVERSAL_UNCONFIRMED,1,0.45,SHORT,1,0,0,0
SOLUSDT,1779314400000,2026-05-20T22:00:00.000Z,BULL,SHORT,0,7.875,IGNORE,0,WATCH,,0,0,0,NA,NA,NA,NA,NA,CLEAR,1,0,0,0,0,TREND_REVERSAL_UNCONFIRMED,0,0.45,SHORT,1,0,0,0
SOLUSDT,1779318000000,2026-05-20T23:00:00.000Z,BULL,SHORT,0,7.875,IGNORE,0,WATCH,,0,0,0,NA,NA,NA,NA,NA,CLEAR,1,0,0,0,0,TREND_REVERSAL_UNCONFIRMED,0,0.45,SHORT,1,0,0,0
SOLUSDT,1779321600000,2026-05-21T00:00:00.000Z,BULL,SHORT,12.847222222222221,12.54296875,IGNORE,0,WATCH,,0,0,0,NA,NA,NA,NA,NA,CLEAR,1,0,0,0,0,TREND_REVERSAL_UNCONFIRMED,1,0.45,SHORT,1,0,0,0
SOLUSDT,1779325200000,2026-05-21T01:00:00.000Z,BULL,SHORT,0,7.875,IGNORE,0,WATCH,,0,0,0,NA,NA,NA,NA,NA,CLEAR,1,0,0,0,0,TREND_REVERSAL_UNCONFIRMED,0,0.45,SHORT,1,0,0,0
SOLUSDT,1779328800000,2026-05-21T02:00:00.000Z,BULL,SHORT,0,7.875,IGNORE,0,WATCH,,0,0,0,NA,NA,NA,NA,NA,CLEAR,1,0,0,0,0,TREND_REVERSAL_UNCONFIRMED,0,0.45,SHORT,1,0,0,0
SOLUSDT,1779332400000,2026-05-21T03:00:00.000Z,BULL,SHORT,12.847222222222221,12.54296875,IGNORE,0,WATCH,,0,0,0,NA,NA,NA,NA,NA,CLEAR,1,0,0,0,0,TREND_REVERSAL_UNCONFIRMED,1,0.45,SHORT,1,0,0,0
SOLUSDT,1779336000000,2026-05-21T04:00:00.000Z,BULL,SHORT,0,7.875,IGNORE,0,WATCH,,0,0,0,NA,NA,NA,NA,NA,CLEAR,1,0,0,0,0,TREND_REVERSAL_UNCONFIRMED,0,0.45,SHORT,1,0,0,0
SOLUSDT,1779339600000,2026-05-21T05:00:00.000Z,BULL,SHORT,25,13.5,IGNORE,0,WATCH,,0,0,0,NA,NA,NA,NA,NA,CLEAR,1,0,0,0,0,TREND_REVERSAL_UNCONFIRMED,1,0.45,SHORT,1,0,0,0
SOLUSDT,1779343200000,2026-05-21T06:00:00.000Z,BULL,SHORT,0,7.875,IGNORE,0,WATCH,,0,0,0,NA,NA,NA,NA,NA,WARNING_HARD,1,0,0,0,0,TREND_REVERSAL_UNCONFIRMED,0,0.45,SHORT,1,0,0,0
SOLUSDT,1779346800000,2026-05-21T07:00:00.000Z,BULL,SHORT,0,7.875,IGNORE,0,WATCH,,0,0,0,NA,NA,NA,NA,NA,WARNING_SOFT,1,0,0,0,0,TREND_REVERSAL_UNCONFIRMED,0,0.45,SHORT,1,0,0,0
SOLUSDT,1779350400000,2026-05-21T08:00:00.000Z,BULL,SHORT,0,7.875,IGNORE,0,WATCH,,0,0,0,NA,NA,NA,NA,NA,CLEAR,1,0,0,0,0,TREND_REVERSAL_UNCONFIRMED,0,0.45,SHORT,1,0,0,0
SOLUSDT,1779354000000,2026-05-21T09:00:00.000Z,BULL,SHORT,25,13.5,IGNORE,0,WATCH,,0,0,0,NA,NA,NA,NA,NA,WARNING_SOFT,1,0,0,0,0,TREND_REVERSAL_UNCONFIRMED,1,0.45,SHORT,1,0,0,0
SOLUSDT,1779357600000,2026-05-21T10:00:00.000Z,NEUTRAL,NONE,0,7.875,IGNORE,0,WATCH,,0,0,0,NA,NA,NA,NA,NA,BLOCK,0,0,0,0,0,TREND_REVERSAL_UNCONFIRMED,0,0.45,NONE,1,0,0,0
SOLUSDT,1779361200000,2026-05-21T11:00:00.000Z,NEUTRAL,NONE,0,7.875,IGNORE,0,WATCH,,0,0,0,NA,NA,NA,NA,NA,WARNING_SOFT,1,0,0,0,0,TREND_REVERSAL_UNCONFIRMED,0,0.45,NONE,1,0,0,0
SOLUSDT,1779364800000,2026-05-21T12:00:00.000Z,NEUTRAL,NONE,0,7.875,IGNORE,0,WATCH,,0,0,0,NA,NA,NA,NA,NA,BLOCK,0,0,0,0,0,TREND_REVERSAL_UNCONFIRMED,0,0.45,NONE,1,0,0,0
SOLUSDT,1779368400000,2026-05-21T13:00:00.000Z,NEUTRAL,NONE,0,7.875,IGNORE,0,WATCH,,0,0,0,NA,NA,NA,NA,NA,WARNING_SOFT,1,0,0,0,0,TREND_REVERSAL_UNCONFIRMED,0,0.45,NONE,1,0,0,0
SOLUSDT,1779372000000,2026-05-21T14:00:00.000Z,NEUTRAL,NONE,0,7.875,IGNORE,0,WATCH,,0,0,0,NA,NA,NA,NA,NA,BLOCK,0,0,0,0,0,TREND_REVERSAL_UNCONFIRMED,0,0.45,NONE,1,0,0,0
SOLUSDT,1779375600000,2026-05-21T15:00:00.000Z,BULL,SHORT,65.23199995726961,53.58410399371863,WATCH,1,WATCH,ACTIVE,1,1,0,PASS,PASS,SKIP,SKIP,FAIL,WARNING_HARD,1,0,0,0,0,MARKET_CONTEXT_DENIED,3,0.84,SHORT,0,1,0,0
SOLUSDT,1779379200000,2026-05-21T16:00:00.000Z,BULL,SHORT,17.5,12.909375,IGNORE,0,WATCH,,0,0,0,NA,NA,NA,NA,NA,WARNING_SOFT,1,0,0,0,0,TREND_REVERSAL_UNCONFIRMED,1,0.45,SHORT,1,0,0,0
SOLUSDT,1779382800000,2026-05-21T17:00:00.000Z,BULL,SHORT,42.5,18.534375,IGNORE,0,WATCH,,0,0,0,NA,NA,NA,NA,NA,CLEAR,1,0,0,0,0,TREND_REVERSAL_UNCONFIRMED,2,0.45,SHORT,1,0,0,0
SOLUSDT,1779386400000,2026-05-21T18:00:00.000Z,BULL,SHORT,31.547762683591912,17.671886311332862,IGNORE,0,WATCH,,0,0,0,NA,NA,NA,NA,NA,WARNING_SOFT,1,0,0,0,0,TREND_REVERSAL_UNCONFIRMED,2,0.45,SHORT,1,0,0,0
SOLUSDT,1779390000000,2026-05-21T19:00:00.000Z,BULL,SHORT,30.34722222222222,17.57734375,IGNORE,0,WATCH,,0,0,0,NA,NA,NA,NA,NA,CLEAR,1,0,0,0,0,TREND_REVERSAL_UNCONFIRMED,2,0.45,SHORT,1,0,0,0
SOLUSDT,1779393600000,2026-05-21T20:00:00.000Z,BULL,SHORT,0,7.875,IGNORE,0,WATCH,,0,0,0,NA,NA,NA,NA,NA,CLEAR,1,0,0,0,0,TREND_REVERSAL_UNCONFIRMED,0,0.45,SHORT,1,0,0,0
SOLUSDT,1779397200000,2026-05-21T21:00:00.000Z,BULL,SHORT,0,7.875,IGNORE,0,WATCH,,0,0,0,NA,NA,NA,NA,NA,CLEAR,1,0,0,0,0,TREND_REVERSAL_UNCONFIRMED,0,0.45,SHORT,1,0,0,0
SOLUSDT,1779400800000,2026-05-21T22:00:00.000Z,BULL,SHORT,0,7.875,IGNORE,0,WATCH,,0,0,0,NA,NA,NA,NA,NA,CLEAR,1,0,0,0,0,TREND_REVERSAL_UNCONFIRMED,0,0.45,SHORT,1,0,0,0
SOLUSDT,1779404400000,2026-05-21T23:00:00.000Z,BULL,SHORT,0,7.875,IGNORE,0,WATCH,,0,0,0,NA,NA,NA,NA,NA,CLEAR,1,0,0,0,0,TREND_REVERSAL_UNCONFIRMED,0,0.45,SHORT,1,0,0,0
SOLUSDT,1779408000000,2026-05-22T00:00:00.000Z,BULL,SHORT,0,7.875,IGNORE,0,WATCH,,0,0,0,NA,NA,NA,NA,NA,WARNING_SOFT,1,0,0,0,0,TREND_REVERSAL_UNCONFIRMED,0,0.45,SHORT,1,0,0,0
SOLUSDT,1779411600000,2026-05-22T01:00:00.000Z,BULL,SHORT,0,7.875,IGNORE,0,WATCH,,0,0,0,NA,NA,NA,NA,NA,WARNING_SOFT,1,0,0,0,0,TREND_REVERSAL_UNCONFIRMED,0,0.45,SHORT,1,0,0,0
SOLUSDT,1779415200000,2026-05-22T02:00:00.000Z,BULL,SHORT,0,7.875,IGNORE,0,WATCH,,0,0,0,NA,NA,NA,NA,NA,WARNING_SOFT,1,0,0,0,0,TREND_REVERSAL_UNCONFIRMED,0,0.45,SHORT,1,0,0,0
SOLUSDT,1779418800000,2026-05-22T03:00:00.000Z,BULL,SHORT,0,7.875,IGNORE,0,WATCH,,0,0,0,NA,NA,NA,NA,NA,WARNING_SOFT,1,0,0,0,0,TREND_REVERSAL_UNCONFIRMED,0,0.45,SHORT,1,0,0,0
SOLUSDT,1779422400000,2026-05-22T04:00:00.000Z,BULL,SHORT,0,7.875,IGNORE,0,WATCH,,0,0,0,NA,NA,NA,NA,NA,CLEAR,1,0,0,0,0,TREND_REVERSAL_UNCONFIRMED,0,0.45,SHORT,1,0,0,0
SOLUSDT,1779426000000,2026-05-22T05:00:00.000Z,NEUTRAL,NONE,0,7.875,IGNORE,0,WATCH,,0,0,0,NA,NA,NA,NA,NA,WARNING_SOFT,1,0,0,0,0,TREND_REVERSAL_UNCONFIRMED,0,0.45,NONE,1,0,0,0
SOLUSDT,1779429600000,2026-05-22T06:00:00.000Z,NEUTRAL,NONE,0,7.875,IGNORE,0,WATCH,,0,0,0,NA,NA,NA,NA,NA,BLOCK,0,0,0,0,0,TREND_REVERSAL_UNCONFIRMED,0,0.45,NONE,1,0,0,0
SOLUSDT,1779433200000,2026-05-22T07:00:00.000Z,BULL,SHORT,17.5,12.909375,IGNORE,0,WATCH,,0,0,0,NA,NA,NA,NA,NA,BLOCK,0,0,0,0,0,TREND_REVERSAL_UNCONFIRMED,1,0.45,SHORT,1,0,0,0
SOLUSDT,1779436800000,2026-05-22T08:00:00.000Z,BULL,SHORT,17.5,12.909375,IGNORE,0,WATCH,,0,0,0,NA,NA,NA,NA,NA,WARNING_HARD,1,0,0,0,0,TREND_REVERSAL_UNCONFIRMED,1,0.45,SHORT,1,0,0,0
SOLUSDT,1779440400000,2026-05-22T09:00:00.000Z,BULL,SHORT,17.5,12.909375,IGNORE,0,WATCH,,0,0,0,NA,NA,NA,NA,NA,WARNING_SOFT,1,0,0,0,0,TREND_REVERSAL_UNCONFIRMED,1,0.45,SHORT,1,0,0,0
SOLUSDT,1779444000000,2026-05-22T10:00:00.000Z,BULL,SHORT,17.5,12.909375,IGNORE,0,WATCH,,0,0,0,NA,NA,NA,NA,NA,WARNING_SOFT,1,0,0,0,0,TREND_REVERSAL_UNCONFIRMED,1,0.45,SHORT,1,0,0,0
SOLUSDT,1779447600000,2026-05-22T11:00:00.000Z,BULL,SHORT,0,7.875,IGNORE,0,WATCH,,0,0,0,NA,NA,NA,NA,NA,WARNING_SOFT,1,0,0,0,0,TREND_REVERSAL_UNCONFIRMED,0,0.45,SHORT,1,0,0,0
SOLUSDT,1779451200000,2026-05-22T12:00:00.000Z,BULL,SHORT,0,7.875,IGNORE,0,WATCH,,0,0,0,NA,NA,NA,NA,NA,CLEAR,1,0,0,0,0,TREND_REVERSAL_UNCONFIRMED,0,0.45,SHORT,1,0,0,0
SOLUSDT,1779454800000,2026-05-22T13:00:00.000Z,BULL,SHORT,15.131974787136791,12.722893014487022,IGNORE,0,WATCH,,0,0,0,NA,NA,NA,NA,NA,WARNING_HARD,1,0,0,0,0,TREND_REVERSAL_UNCONFIRMED,1,0.45,SHORT,1,0,0,0
SOLUSDT,1779458400000,2026-05-22T14:00:00.000Z,NEUTRAL,NONE,0,7.875,IGNORE,0,WATCH,,0,0,0,NA,NA,NA,NA,NA,BLOCK,0,0,0,0,0,TREND_REVERSAL_UNCONFIRMED,0,0.45,NONE,1,0,0,0
SOLUSDT,1779462000000,2026-05-22T15:00:00.000Z,NEUTRAL,NONE,0,7.875,IGNORE,0,WATCH,,0,0,0,NA,NA,NA,NA,NA,BLOCK,0,0,0,0,0,TREND_REVERSAL_UNCONFIRMED,0,0.45,NONE,1,0,0,0
SOLUSDT,1779465600000,2026-05-22T16:00:00.000Z,NEUTRAL,NONE,0,7.875,IGNORE,0,WATCH,,0,0,0,NA,NA,NA,NA,NA,WARNING_SOFT,1,0,0,0,0,TREND_REVERSAL_UNCONFIRMED,0,0.45,NONE,1,0,0,0
SOLUSDT,1779469200000,2026-05-22T17:00:00.000Z,NEUTRAL,NONE,0,7.875,IGNORE,0,WATCH,,0,0,0,NA,NA,NA,NA,NA,WARNING_SOFT,1,0,0,0,0,TREND_REVERSAL_UNCONFIRMED,0,0.45,NONE,1,0,0,0
SOLUSDT,1779472800000,2026-05-22T18:00:00.000Z,NEUTRAL,NONE,0,7.875,IGNORE,0,WATCH,,0,0,0,NA,NA,NA,NA,NA,WARNING_SOFT,1,0,0,0,0,TREND_REVERSAL_UNCONFIRMED,0,0.45,NONE,1,0,0,0
SOLUSDT,1779476400000,2026-05-22T19:00:00.000Z,NEUTRAL,NONE,0,7.875,IGNORE,0,WATCH,,0,0,0,NA,NA,NA,NA,NA,BLOCK,0,0,1,0,0,TREND_REVERSAL_UNCONFIRMED,0,0.45,NONE,1,0,0,0
SOLUSDT,1779480000000,2026-05-22T20:00:00.000Z,NEUTRAL,NONE,0,7.875,IGNORE,0,WATCH,,0,0,0,NA,NA,NA,NA,NA,WARNING_SOFT,1,0,0,0,0,TREND_REVERSAL_UNCONFIRMED,0,0.45,NONE,1,0,0,0
SOLUSDT,1779483600000,2026-05-22T21:00:00.000Z,BEAR,LONG,0,7.875,IGNORE,0,WATCH,,0,0,0,NA,NA,NA,NA,NA,CLEAR,1,0,0,0,0,TREND_REVERSAL_UNCONFIRMED,0,0.45,LONG,1,0,0,0
SOLUSDT,1779487200000,2026-05-22T22:00:00.000Z,BEAR,LONG,0,7.875,IGNORE,0,WATCH,,0,0,0,NA,NA,NA,NA,NA,CLEAR,1,0,0,0,0,TREND_REVERSAL_UNCONFIRMED,0,0.45,LONG,1,0,0,0
SOLUSDT,1779490800000,2026-05-22T23:00:00.000Z,BEAR,LONG,0,7.875,IGNORE,0,WATCH,,0,0,0,NA,NA,NA,NA,NA,CLEAR,1,0,0,0,0,TREND_REVERSAL_UNCONFIRMED,0,0.45,LONG,1,0,0,0
SOLUSDT,1779494400000,2026-05-23T00:00:00.000Z,BEAR,LONG,0,7.875,IGNORE,0,WATCH,,0,0,0,NA,NA,NA,NA,NA,CLEAR,1,0,0,0,0,TREND_REVERSAL_UNCONFIRMED,0,0.45,LONG,1,0,0,0
SOLUSDT,1779498000000,2026-05-23T01:00:00.000Z,BEAR,LONG,0,7.875,IGNORE,0,WATCH,,0,0,0,NA,NA,NA,NA,NA,CLEAR,1,0,0,0,0,TREND_REVERSAL_UNCONFIRMED,0,0.45,LONG,1,0,0,0
SOLUSDT,1779501600000,2026-05-23T02:00:00.000Z,BEAR,LONG,42.5,18.534375,IGNORE,0,WATCH,,0,0,0,NA,NA,NA,NA,NA,CLEAR,1,0,0,0,0,TREND_REVERSAL_UNCONFIRMED,2,0.45,LONG,1,0,0,0
SOLUSDT,1779505200000,2026-05-23T03:00:00.000Z,BEAR,LONG,17.5,12.909375,IGNORE,0,WATCH,,0,0,0,NA,NA,NA,NA,NA,CLEAR,1,0,0,0,0,TREND_REVERSAL_UNCONFIRMED,1,0.45,LONG,1,0,0,0
SOLUSDT,1779508800000,2026-05-23T04:00:00.000Z,BEAR,LONG,30.34722222222222,17.57734375,IGNORE,0,WATCH,,0,0,0,NA,NA,NA,NA,NA,CLEAR,1,0,0,0,0,TREND_REVERSAL_UNCONFIRMED,2,0.45,LONG,1,0,0,0
SOLUSDT,1779512400000,2026-05-23T05:00:00.000Z,BEAR,LONG,17.5,12.909375,IGNORE,0,WATCH,,0,0,0,NA,NA,NA,NA,NA,CLEAR,1,0,0,0,0,TREND_REVERSAL_UNCONFIRMED,1,0.45,LONG,1,0,0,0
SOLUSDT,1779516000000,2026-05-23T06:00:00.000Z,BEAR,LONG,30.34722222222222,17.57734375,IGNORE,0,WATCH,,0,0,0,NA,NA,NA,NA,NA,CLEAR,1,0,0,0,0,TREND_REVERSAL_UNCONFIRMED,2,0.45,LONG,1,0,0,0
SOLUSDT,1779519600000,2026-05-23T07:00:00.000Z,BEAR,LONG,57.08333333333333,51.54624999999999,WATCH,1,WATCH,ACTIVE,1,1,0,FAIL,PASS,SKIP,SKIP,PASS,CLEAR,1,0,1,0,0,MARKET_CONTEXT_DENIED,3,0.84,LONG,0,1,0,0
SOLUSDT,1779523200000,2026-05-23T08:00:00.000Z,BEAR,LONG,69,60.123,WATCH,1,WATCH,ACTIVE,1,1,0,FAIL,PASS,SKIP,SKIP,PASS,CLEAR,1,0,0,0,0,MARKET_CONTEXT_DENIED,4,0.84,LONG,0,1,0,0
SOLUSDT,1779526800000,2026-05-23T09:00:00.000Z,BEAR,LONG,33.81944444444444,17.85078125,IGNORE,0,WATCH,,0,0,0,NA,NA,NA,NA,NA,CLEAR,1,0,0,0,0,TREND_REVERSAL_UNCONFIRMED,2,0.45,LONG,1,0,0,0
SOLUSDT,1779530400000,2026-05-23T10:00:00.000Z,BEAR,LONG,12.847222222222221,12.54296875,IGNORE,0,WATCH,,0,0,0,NA,NA,NA,NA,NA,CLEAR,1,0,0,0,0,TREND_REVERSAL_UNCONFIRMED,1,0.45,LONG,1,0,0,0
SOLUSDT,1779534000000,2026-05-23T11:00:00.000Z,BEAR,LONG,37.84722222222222,18.16796875,IGNORE,0,WATCH,,0,0,0,NA,NA,NA,NA,NA,CLEAR,1,0,0,0,0,TREND_REVERSAL_UNCONFIRMED,2,0.45,LONG,1,0,0,0
SOLUSDT,1779537600000,2026-05-23T12:00:00.000Z,BEAR,LONG,0,7.875,IGNORE,0,WATCH,,0,0,0,NA,NA,NA,NA,NA,CLEAR,1,0,0,0,0,TREND_REVERSAL_UNCONFIRMED,0,0.45,LONG,1,0,0,0
SOLUSDT,1779541200000,2026-05-23T13:00:00.000Z,BEAR,LONG,15.459460980915694,12.74868255224711,IGNORE,0,WATCH,,0,0,0,NA,NA,NA,NA,NA,WARNING_SOFT,1,0,0,0,0,TREND_REVERSAL_UNCONFIRMED,1,0.45,LONG,1,0,0,0
SOLUSDT,1779544800000,2026-05-23T14:00:00.000Z,NEUTRAL,NONE,0,7.875,IGNORE,0,WATCH,,0,0,0,NA,NA,NA,NA,NA,CLEAR,1,0,0,0,0,TREND_REVERSAL_UNCONFIRMED,0,0.45,NONE,1,0,0,0
SOLUSDT,1779548400000,2026-05-23T15:00:00.000Z,NEUTRAL,NONE,0,7.875,IGNORE,0,WATCH,,0,0,0,NA,NA,NA,NA,NA,CLEAR,1,0,0,0,0,TREND_REVERSAL_UNCONFIRMED,0,0.45,NONE,1,0,0,0
SOLUSDT,1779552000000,2026-05-23T16:00:00.000Z,NEUTRAL,NONE,0,7.875,IGNORE,0,WATCH,,0,0,0,NA,NA,NA,NA,NA,WARNING_SOFT,1,0,0,0,0,TREND_REVERSAL_UNCONFIRMED,0,0.45,NONE,1,0,0,0
SOLUSDT,1779555600000,2026-05-23T17:00:00.000Z,NEUTRAL,NONE,0,7.875,IGNORE,0,WATCH,,0,0,0,NA,NA,NA,NA,NA,CLEAR,1,0,0,0,0,TREND_REVERSAL_UNCONFIRMED,0,0.45,NONE,1,0,0,0
SOLUSDT,1779559200000,2026-05-23T18:00:00.000Z,NEUTRAL,NONE,0,7.875,IGNORE,0,WATCH,,0,0,0,NA,NA,NA,NA,NA,CLEAR,1,0,0,0,0,TREND_REVERSAL_UNCONFIRMED,0,0.45,NONE,1,0,0,0
SOLUSDT,1779562800000,2026-05-23T19:00:00.000Z,NEUTRAL,NONE,0,7.875,IGNORE,0,WATCH,,0,0,0,NA,NA,NA,NA,NA,CLEAR,1,0,0,0,0,TREND_REVERSAL_UNCONFIRMED,0,0.45,NONE,1,0,0,0
SOLUSDT,1779566400000,2026-05-23T20:00:00.000Z,NEUTRAL,NONE,0,7.875,IGNORE,0,WATCH,,0,0,0,NA,NA,NA,NA,NA,CLEAR,1,0,0,0,0,TREND_REVERSAL_UNCONFIRMED,0,0.45,NONE,1,0,0,0
SOLUSDT,1779570000000,2026-05-23T21:00:00.000Z,NEUTRAL,NONE,0,7.875,IGNORE,0,WATCH,,0,0,0,NA,NA,NA,NA,NA,CLEAR,1,0,0,0,0,TREND_REVERSAL_UNCONFIRMED,0,0.45,NONE,1,0,0,0
SOLUSDT,1779573600000,2026-05-23T22:00:00.000Z,NEUTRAL,NONE,0,7.875,IGNORE,0,WATCH,,0,0,0,NA,NA,NA,NA,NA,CLEAR,1,0,0,0,0,TREND_REVERSAL_UNCONFIRMED,0,0.45,NONE,1,0,0,0
SOLUSDT,1779577200000,2026-05-23T23:00:00.000Z,NEUTRAL,NONE,0,7.875,IGNORE,0,WATCH,,0,0,0,NA,NA,NA,NA,NA,CLEAR,1,0,0,0,0,TREND_REVERSAL_UNCONFIRMED,0,0.45,NONE,1,0,0,0
SOLUSDT,1779580800000,2026-05-24T00:00:00.000Z,NEUTRAL,NONE,0,7.875,IGNORE,0,WATCH,,0,0,0,NA,NA,NA,NA,NA,CLEAR,1,0,0,0,0,TREND_REVERSAL_UNCONFIRMED,0,0.45,NONE,1,0,0,0
SOLUSDT,1779584400000,2026-05-24T01:00:00.000Z,NEUTRAL,NONE,0,7.875,IGNORE,0,WATCH,,0,0,0,NA,NA,NA,NA,NA,CLEAR,1,0,0,0,0,TREND_REVERSAL_UNCONFIRMED,0,0.45,NONE,1,0,0,0
SOLUSDT,1779588000000,2026-05-24T02:00:00.000Z,NEUTRAL,NONE,0,7.875,IGNORE,0,WATCH,,0,0,0,NA,NA,NA,NA,NA,CLEAR,1,0,0,0,0,TREND_REVERSAL_UNCONFIRMED,0,0.45,NONE,1,0,0,0
SOLUSDT,1779591600000,2026-05-24T03:00:00.000Z,NEUTRAL,NONE,0,7.875,IGNORE,0,WATCH,,0,0,0,NA,NA,NA,NA,NA,CLEAR,1,0,0,0,0,TREND_REVERSAL_UNCONFIRMED,0,0.45,NONE,1,0,0,0
SOLUSDT,1779595200000,2026-05-24T04:00:00.000Z,BULL,SHORT,0,7.875,IGNORE,0,WATCH,,0,0,0,NA,NA,NA,NA,NA,CLEAR,1,0,0,0,0,TREND_REVERSAL_UNCONFIRMED,0,0.45,SHORT,1,0,0,0
SOLUSDT,1779598800000,2026-05-24T05:00:00.000Z,BULL,SHORT,0,7.875,IGNORE,0,WATCH,,0,0,0,NA,NA,NA,NA,NA,CLEAR,1,0,0,0,0,TREND_REVERSAL_UNCONFIRMED,0,0.45,SHORT,1,0,0,0
SOLUSDT,1779602400000,2026-05-24T06:00:00.000Z,BULL,SHORT,0,7.875,IGNORE,0,WATCH,,0,0,0,NA,NA,NA,NA,NA,CLEAR,1,0,0,0,0,TREND_REVERSAL_UNCONFIRMED,0,0.45,SHORT,1,0,0,0
SOLUSDT,1779606000000,2026-05-24T07:00:00.000Z,BULL,SHORT,0,7.875,IGNORE,0,WATCH,,0,0,0,NA,NA,NA,NA,NA,CLEAR,1,0,0,0,0,TREND_REVERSAL_UNCONFIRMED,0,0.45,SHORT,1,0,0,0
SOLUSDT,1779609600000,2026-05-24T08:00:00.000Z,BULL,SHORT,0,7.875,IGNORE,0,WATCH,,0,0,0,NA,NA,NA,NA,NA,CLEAR,1,0,0,0,0,TREND_REVERSAL_UNCONFIRMED,0,0.45,SHORT,1,0,0,0
SOLUSDT,1779613200000,2026-05-24T09:00:00.000Z,BULL,SHORT,0,7.875,IGNORE,0,WATCH,,0,0,0,NA,NA,NA,NA,NA,CLEAR,1,0,0,0,0,TREND_REVERSAL_UNCONFIRMED,0,0.45,SHORT,1,0,0,0
SOLUSDT,1779616800000,2026-05-24T10:00:00.000Z,BULL,SHORT,0,7.875,IGNORE,0,WATCH,,0,0,0,NA,NA,NA,NA,NA,CLEAR,1,0,0,0,0,TREND_REVERSAL_UNCONFIRMED,0,0.45,SHORT,1,0,0,0
SOLUSDT,1779620400000,2026-05-24T11:00:00.000Z,BULL,SHORT,0,7.875,IGNORE,0,WATCH,,0,0,0,NA,NA,NA,NA,NA,CLEAR,1,0,0,0,0,TREND_REVERSAL_UNCONFIRMED,0,0.45,SHORT,1,0,0,0
SOLUSDT,1779624000000,2026-05-24T12:00:00.000Z,BULL,SHORT,42.5,18.534375,IGNORE,0,WATCH,,0,0,0,NA,NA,NA,NA,NA,CLEAR,1,0,0,0,0,TREND_REVERSAL_UNCONFIRMED,2,0.45,SHORT,1,0,0,0
SOLUSDT,1779627600000,2026-05-24T13:00:00.000Z,BULL,SHORT,17.5,12.909375,IGNORE,0,WATCH,,0,0,0,NA,NA,NA,NA,NA,WARNING_SOFT,1,0,0,0,0,TREND_REVERSAL_UNCONFIRMED,1,0.45,SHORT,1,0,0,0
SOLUSDT,1779631200000,2026-05-24T14:00:00.000Z,NEUTRAL,NONE,0,7.875,IGNORE,0,WATCH,,0,0,0,NA,NA,NA,NA,NA,BLOCK,0,0,1,0,0,TREND_REVERSAL_UNCONFIRMED,0,0.45,NONE,1,0,0,0
SOLUSDT,1779634800000,2026-05-24T15:00:00.000Z,NEUTRAL,NONE,0,7.875,IGNORE,0,WATCH,,0,0,0,NA,NA,NA,NA,NA,WARNING_SOFT,1,0,0,0,0,TREND_REVERSAL_UNCONFIRMED,0,0.45,NONE,1,0,0,0
SOLUSDT,1779638400000,2026-05-24T16:00:00.000Z,NEUTRAL,NONE,0,7.875,IGNORE,0,WATCH,,0,0,0,NA,NA,NA,NA,NA,BLOCK,0,0,0,0,0,TREND_REVERSAL_UNCONFIRMED,0,0.45,NONE,1,0,0,0
SOLUSDT,1779642000000,2026-05-24T17:00:00.000Z,NEUTRAL,NONE,0,7.875,IGNORE,0,WATCH,,0,0,0,NA,NA,NA,NA,NA,WARNING_SOFT,1,0,0,0,0,TREND_REVERSAL_UNCONFIRMED,0,0.45,NONE,1,0,0,0
SOLUSDT,1779645600000,2026-05-24T18:00:00.000Z,NEUTRAL,NONE,0,7.875,IGNORE,0,WATCH,,0,0,0,NA,NA,NA,NA,NA,BLOCK,0,0,0,0,0,TREND_REVERSAL_UNCONFIRMED,0,0.45,NONE,1,0,0,0
SOLUSDT,1779649200000,2026-05-24T19:00:00.000Z,NEUTRAL,NONE,0,7.875,IGNORE,0,WATCH,,0,0,0,NA,NA,NA,NA,NA,WARNING_SOFT,1,0,0,0,0,TREND_REVERSAL_UNCONFIRMED,0,0.45,NONE,1,0,0,0
SOLUSDT,1779652800000,2026-05-24T20:00:00.000Z,NEUTRAL,NONE,0,7.875,IGNORE,0,WATCH,,0,0,0,NA,NA,NA,NA,NA,WARNING_SOFT,1,0,0,0,0,TREND_REVERSAL_UNCONFIRMED,0,0.45,NONE,1,0,0,0
SOLUSDT,1779656400000,2026-05-24T21:00:00.000Z,NEUTRAL,NONE,0,7.875,IGNORE,0,WATCH,,0,0,0,NA,NA,NA,NA,NA,WARNING_SOFT,1,0,1,0,0,TREND_REVERSAL_UNCONFIRMED,0,0.45,NONE,1,0,0,0
SOLUSDT,1779660000000,2026-05-24T22:00:00.000Z,BEAR,LONG,49.87350544325088,19.115038553656007,IGNORE,0,WATCH,,0,0,0,NA,NA,NA,NA,NA,CLEAR,1,0,0,0,0,TREND_REVERSAL_UNCONFIRMED,2,0.45,LONG,1,0,0,0
SOLUSDT,1779663600000,2026-05-24T23:00:00.000Z,BEAR,LONG,0,7.875,IGNORE,0,WATCH,,0,0,0,NA,NA,NA,NA,NA,WARNING_SOFT,1,0,0,0,0,TREND_REVERSAL_UNCONFIRMED,0,0.45,LONG,1,0,0,0
SOLUSDT,1779667200000,2026-05-25T00:00:00.000Z,NEUTRAL,NONE,0,7.875,IGNORE,0,WATCH,,0,0,0,NA,NA,NA,NA,NA,CLEAR,1,0,0,0,0,TREND_REVERSAL_UNCONFIRMED,0,0.45,NONE,1,0,0,0
SOLUSDT,1779670800000,2026-05-25T01:00:00.000Z,BEAR,LONG,0,7.875,IGNORE,0,WATCH,,0,0,0,NA,NA,NA,NA,NA,WARNING_SOFT,1,0,0,0,0,TREND_REVERSAL_UNCONFIRMED,0,0.45,LONG,1,0,0,0
SOLUSDT,1779674400000,2026-05-25T02:00:00.000Z,BEAR,LONG,0,7.875,IGNORE,0,WATCH,,0,0,0,NA,NA,NA,NA,NA,WARNING_HARD,1,0,0,0,0,TREND_REVERSAL_UNCONFIRMED,0,0.45,LONG,1,0,0,0
SOLUSDT,1779678000000,2026-05-25T03:00:00.000Z,BEAR,LONG,0,7.875,IGNORE,0,WATCH,,0,0,0,NA,NA,NA,NA,NA,WARNING_SOFT,1,0,0,0,0,TREND_REVERSAL_UNCONFIRMED,0,0.45,LONG,1,0,0,0
SOLUSDT,1779681600000,2026-05-25T04:00:00.000Z,NEUTRAL,NONE,0,7.875,IGNORE,0,WATCH,,0,0,0,NA,NA,NA,NA,NA,WARNING_SOFT,1,0,0,0,0,TREND_REVERSAL_UNCONFIRMED,0,0.45,NONE,1,0,0,0
SOLUSDT,1779685200000,2026-05-25T05:00:00.000Z,NEUTRAL,NONE,0,7.875,IGNORE,0,WATCH,,0,0,0,NA,NA,NA,NA,NA,CLEAR,1,0,0,0,0,TREND_REVERSAL_UNCONFIRMED,0,0.45,NONE,1,0,0,0
SOLUSDT,1779688800000,2026-05-25T06:00:00.000Z,BULL,SHORT,17.5,12.909375,IGNORE,0,WATCH,,0,0,0,NA,NA,NA,NA,NA,CLEAR,1,0,0,0,0,TREND_REVERSAL_UNCONFIRMED,1,0.45,SHORT,1,0,0,0
SOLUSDT,1779692400000,2026-05-25T07:00:00.000Z,BULL,SHORT,17.5,12.909375,IGNORE,0,WATCH,,0,0,0,NA,NA,NA,NA,NA,CLEAR,1,0,0,0,0,TREND_REVERSAL_UNCONFIRMED,1,0.45,SHORT,1,0,0,0
SOLUSDT,1779696000000,2026-05-25T08:00:00.000Z,BULL,SHORT,17.5,12.909375,IGNORE,0,WATCH,,0,0,0,NA,NA,NA,NA,NA,CLEAR,1,0,0,0,0,TREND_REVERSAL_UNCONFIRMED,1,0.45,SHORT,1,0,0,0
SOLUSDT,1779699600000,2026-05-25T09:00:00.000Z,BULL,SHORT,17.5,12.909375,IGNORE,0,WATCH,,0,0,0,NA,NA,NA,NA,NA,CLEAR,1,0,0,0,0,TREND_REVERSAL_UNCONFIRMED,1,0.45,SHORT,1,0,0,0
SOLUSDT,1779703200000,2026-05-25T10:00:00.000Z,BULL,SHORT,17.5,12.909375,IGNORE,0,WATCH,,0,0,0,NA,NA,NA,NA,NA,CLEAR,1,0,0,0,0,TREND_REVERSAL_UNCONFIRMED,1,0.45,SHORT,1,0,0,0
SOLUSDT,1779706800000,2026-05-25T11:00:00.000Z,BULL,SHORT,17.5,12.909375,IGNORE,0,WATCH,,0,0,0,NA,NA,NA,NA,NA,CLEAR,1,0,0,0,0,TREND_REVERSAL_UNCONFIRMED,1,0.45,SHORT,1,0,0,0
SOLUSDT,1779710400000,2026-05-25T12:00:00.000Z,BULL,SHORT,25,13.5,IGNORE,0,WATCH,,0,0,0,NA,NA,NA,NA,NA,CLEAR,1,0,0,0,0,TREND_REVERSAL_UNCONFIRMED,1,0.45,SHORT,1,0,0,0
SOLUSDT,1779714000000,2026-05-25T13:00:00.000Z,BULL,SHORT,0,7.875,IGNORE,0,WATCH,,0,0,0,NA,NA,NA,NA,NA,CLEAR,1,0,0,0,0,TREND_REVERSAL_UNCONFIRMED,0,0.45,SHORT,1,0,0,0
SOLUSDT,1779717600000,2026-05-25T14:00:00.000Z,BULL,SHORT,0,7.875,IGNORE,0,WATCH,,0,0,0,NA,NA,NA,NA,NA,CLEAR,1,0,0,0,0,TREND_REVERSAL_UNCONFIRMED,0,0.45,SHORT,1,0,0,0
SOLUSDT,1779721200000,2026-05-25T15:00:00.000Z,BULL,SHORT,0,7.875,IGNORE,0,WATCH,,0,0,0,NA,NA,NA,NA,NA,CLEAR,1,0,0,0,0,TREND_REVERSAL_UNCONFIRMED,0,0.45,SHORT,1,0,0,0
SOLUSDT,1779724800000,2026-05-25T16:00:00.000Z,BULL,SHORT,0,7.875,IGNORE,0,WATCH,,0,0,0,NA,NA,NA,NA,NA,CLEAR,1,0,0,0,0,TREND_REVERSAL_UNCONFIRMED,0,0.45,SHORT,1,0,0,0
SOLUSDT,1779728400000,2026-05-25T17:00:00.000Z,BULL,SHORT,25,13.5,IGNORE,0,WATCH,,0,0,0,NA,NA,NA,NA,NA,CLEAR,1,0,0,0,0,TREND_REVERSAL_UNCONFIRMED,1,0.45,SHORT,1,0,0,0
SOLUSDT,1779732000000,2026-05-25T18:00:00.000Z,BULL,SHORT,0,7.875,IGNORE,0,WATCH,,0,0,0,NA,NA,NA,NA,NA,CLEAR,1,0,0,0,0,TREND_REVERSAL_UNCONFIRMED,0,0.45,SHORT,1,0,0,0
SOLUSDT,1779735600000,2026-05-25T19:00:00.000Z,NEUTRAL,NONE,0,7.875,IGNORE,0,WATCH,,0,0,0,NA,NA,NA,NA,NA,WARNING_SOFT,1,0,0,0,0,TREND_REVERSAL_UNCONFIRMED,0,0.45,NONE,1,0,0,0
SOLUSDT,1779739200000,2026-05-25T20:00:00.000Z,NEUTRAL,NONE,0,7.875,IGNORE,0,WATCH,,0,0,0,NA,NA,NA,NA,NA,WARNING_SOFT,1,0,0,0,0,TREND_REVERSAL_UNCONFIRMED,0,0.45,NONE,1,0,0,0
SOLUSDT,1779742800000,2026-05-25T21:00:00.000Z,NEUTRAL,NONE,0,7.875,IGNORE,0,WATCH,,0,0,0,NA,NA,NA,NA,NA,WARNING_SOFT,1,0,0,0,0,TREND_REVERSAL_UNCONFIRMED,0,0.45,NONE,1,0,0,0
SOLUSDT,1779746400000,2026-05-25T22:00:00.000Z,NEUTRAL,NONE,0,7.875,IGNORE,0,WATCH,,0,0,0,NA,NA,NA,NA,NA,WARNING_SOFT,1,0,0,0,0,TREND_REVERSAL_UNCONFIRMED,0,0.45,NONE,1,0,0,0
SOLUSDT,1779750000000,2026-05-25T23:00:00.000Z,NEUTRAL,NONE,0,7.875,IGNORE,0,WATCH,,0,0,0,NA,NA,NA,NA,NA,BLOCK,0,0,0,0,0,TREND_REVERSAL_UNCONFIRMED,0,0.45,NONE,1,0,0,0
SOLUSDT,1779753600000,2026-05-26T00:00:00.000Z,BEAR,LONG,42.5,18.534375,IGNORE,0,WATCH,,0,0,0,NA,NA,NA,NA,NA,CLEAR,1,0,0,0,0,TREND_REVERSAL_UNCONFIRMED,2,0.45,LONG,1,0,0,0
SOLUSDT,1779757200000,2026-05-26T01:00:00.000Z,BEAR,LONG,67.5,44.677499999999995,WATCH,1,WATCH,ACTIVE,1,1,0,FAIL,PASS,SKIP,SKIP,FAIL,CLEAR,1,0,0,0,0,MARKET_CONTEXT_DENIED,3,0.84,LONG,1,0,0,0
SOLUSDT,1779760800000,2026-05-26T02:00:00.000Z,BEAR,LONG,17.5,12.909375,IGNORE,0,WATCH,,0,0,0,NA,NA,NA,NA,NA,CLEAR,1,0,0,0,0,TREND_REVERSAL_UNCONFIRMED,1,0.45,LONG,1,0,0,0
SOLUSDT,1779764400000,2026-05-26T03:00:00.000Z,BEAR,LONG,17.5,12.909375,IGNORE,0,WATCH,,0,0,0,NA,NA,NA,NA,NA,CLEAR,1,0,0,0,0,TREND_REVERSAL_UNCONFIRMED,1,0.45,LONG,1,0,0,0
SOLUSDT,1779768000000,2026-05-26T04:00:00.000Z,BEAR,LONG,17.5,12.909375,IGNORE,0,WATCH,,0,0,0,NA,NA,NA,NA,NA,CLEAR,1,0,0,0,0,TREND_REVERSAL_UNCONFIRMED,1,0.45,LONG,1,0,0,0
SOLUSDT,1779771600000,2026-05-26T05:00:00.000Z,BEAR,LONG,17.5,12.909375,IGNORE,0,WATCH,,0,0,0,NA,NA,NA,NA,NA,CLEAR,1,0,0,0,0,TREND_REVERSAL_UNCONFIRMED,1,0.45,LONG,1,0,0,0
SOLUSDT,1779775200000,2026-05-26T06:00:00.000Z,BEAR,LONG,0,7.875,IGNORE,0,WATCH,,0,0,0,NA,NA,NA,NA,NA,CLEAR,1,0,0,0,0,TREND_REVERSAL_UNCONFIRMED,0,0.45,LONG,1,0,0,0
SOLUSDT,1779778800000,2026-05-26T07:00:00.000Z,BEAR,LONG,0,7.875,IGNORE,0,WATCH,,0,0,0,NA,NA,NA,NA,NA,CLEAR,1,0,0,0,0,TREND_REVERSAL_UNCONFIRMED,0,0.45,LONG,1,0,0,0
SOLUSDT,1779782400000,2026-05-26T08:00:00.000Z,BEAR,LONG,0,7.875,IGNORE,0,WATCH,,0,0,0,NA,NA,NA,NA,NA,CLEAR,1,0,0,0,0,TREND_REVERSAL_UNCONFIRMED,0,0.45,LONG,1,0,0,0
SOLUSDT,1779786000000,2026-05-26T09:00:00.000Z,BEAR,LONG,0,7.875,IGNORE,0,WATCH,,0,0,0,NA,NA,NA,NA,NA,CLEAR,1,0,0,0,0,TREND_REVERSAL_UNCONFIRMED,0,0.45,LONG,1,0,0,0
SOLUSDT,1779789600000,2026-05-26T10:00:00.000Z,NEUTRAL,NONE,0,7.875,IGNORE,0,WATCH,,0,0,0,NA,NA,NA,NA,NA,CLEAR,1,0,0,0,0,TREND_REVERSAL_UNCONFIRMED,0,0.45,NONE,1,0,0,0
SOLUSDT,1779793200000,2026-05-26T11:00:00.000Z,NEUTRAL,NONE,0,7.875,IGNORE,0,WATCH,,0,0,0,NA,NA,NA,NA,NA,CLEAR,1,0,0,0,0,TREND_REVERSAL_UNCONFIRMED,0,0.45,NONE,1,0,0,0
SOLUSDT,1779796800000,2026-05-26T12:00:00.000Z,NEUTRAL,NONE,0,7.875,IGNORE,0,WATCH,,0,0,0,NA,NA,NA,NA,NA,CLEAR,1,0,0,0,0,TREND_REVERSAL_UNCONFIRMED,0,0.45,NONE,1,0,0,0
SOLUSDT,1779800400000,2026-05-26T13:00:00.000Z,NEUTRAL,NONE,0,7.875,IGNORE,0,WATCH,,0,0,0,NA,NA,NA,NA,NA,CLEAR,1,0,0,0,0,TREND_REVERSAL_UNCONFIRMED,0,0.45,NONE,1,0,0,0
SOLUSDT,1779804000000,2026-05-26T14:00:00.000Z,NEUTRAL,NONE,0,7.875,IGNORE,0,WATCH,,0,0,0,NA,NA,NA,NA,NA,WARNING_HARD,1,0,0,0,0,TREND_REVERSAL_UNCONFIRMED,0,0.45,NONE,1,0,0,0
SOLUSDT,1779807600000,2026-05-26T15:00:00.000Z,BEAR,LONG,25,13.5,IGNORE,0,WATCH,,0,0,0,NA,NA,NA,NA,NA,WARNING_SOFT,1,0,0,0,0,TREND_REVERSAL_UNCONFIRMED,1,0.45,LONG,1,0,0,0
SOLUSDT,1779811200000,2026-05-26T16:00:00.000Z,BEAR,LONG,16.4261098432766,12.824806150158032,IGNORE,0,WATCH,,0,0,0,NA,NA,NA,NA,NA,CLEAR,1,0,0,0,0,TREND_REVERSAL_UNCONFIRMED,1,0.45,LONG,1,0,0,0
SOLUSDT,1779814800000,2026-05-26T17:00:00.000Z,BEAR,LONG,25,13.5,IGNORE,0,WATCH,,0,0,0,NA,NA,NA,NA,NA,CLEAR,1,0,0,0,0,TREND_REVERSAL_UNCONFIRMED,1,0.45,LONG,1,0,0,0
SOLUSDT,1779818400000,2026-05-26T18:00:00.000Z,BEAR,LONG,0,7.875,IGNORE,0,WATCH,,0,0,0,NA,NA,NA,NA,NA,CLEAR,1,0,0,0,0,TREND_REVERSAL_UNCONFIRMED,0,0.45,LONG,1,0,0,0
SOLUSDT,1779822000000,2026-05-26T19:00:00.000Z,BEAR,LONG,0,7.875,IGNORE,0,WATCH,,0,0,0,NA,NA,NA,NA,NA,CLEAR,1,0,0,0,0,TREND_REVERSAL_UNCONFIRMED,0,0.45,LONG,1,0,0,0
SOLUSDT,1779825600000,2026-05-26T20:00:00.000Z,BEAR,LONG,0,7.875,IGNORE,0,WATCH,,0,0,0,NA,NA,NA,NA,NA,CLEAR,1,0,0,0,0,TREND_REVERSAL_UNCONFIRMED,0,0.45,LONG,1,0,0,0
SOLUSDT,1779829200000,2026-05-26T21:00:00.000Z,BEAR,LONG,0,7.875,IGNORE,0,WATCH,,0,0,0,NA,NA,NA,NA,NA,CLEAR,1,0,0,0,0,TREND_REVERSAL_UNCONFIRMED,0,0.45,LONG,1,0,0,0
SOLUSDT,1779832800000,2026-05-26T22:00:00.000Z,BEAR,LONG,0,7.875,IGNORE,0,WATCH,,0,0,0,NA,NA,NA,NA,NA,CLEAR,1,0,0,0,0,TREND_REVERSAL_UNCONFIRMED,0,0.45,LONG,1,0,0,0
SOLUSDT,1779836400000,2026-05-26T23:00:00.000Z,BEAR,LONG,0,7.875,IGNORE,0,WATCH,,0,0,0,NA,NA,NA,NA,NA,CLEAR,1,0,0,0,0,TREND_REVERSAL_UNCONFIRMED,0,0.45,LONG,1,0,0,0
SOLUSDT,1779840000000,2026-05-27T00:00:00.000Z,BEAR,LONG,25,13.5,IGNORE,0,WATCH,,0,0,0,NA,NA,NA,NA,NA,CLEAR,1,0,0,0,0,TREND_REVERSAL_UNCONFIRMED,1,0.45,LONG,1,0,0,0
SOLUSDT,1779843600000,2026-05-27T01:00:00.000Z,BEAR,LONG,0,7.875,IGNORE,0,WATCH,,0,0,0,NA,NA,NA,NA,NA,CLEAR,1,0,0,0,0,TREND_REVERSAL_UNCONFIRMED,0,0.45,LONG,1,0,0,0
SOLUSDT,1779847200000,2026-05-27T02:00:00.000Z,BEAR,LONG,0,7.875,IGNORE,0,WATCH,,0,0,0,NA,NA,NA,NA,NA,CLEAR,1,0,0,0,0,TREND_REVERSAL_UNCONFIRMED,0,0.45,LONG,1,0,0,0
SOLUSDT,1779850800000,2026-05-27T03:00:00.000Z,BEAR,LONG,0,7.875,IGNORE,0,WATCH,,0,0,0,NA,NA,NA,NA,NA,CLEAR,1,0,0,0,0,TREND_REVERSAL_UNCONFIRMED,0,0.45,LONG,1,0,0,0
SOLUSDT,1779854400000,2026-05-27T04:00:00.000Z,BEAR,LONG,18.16563405871406,12.961793682123732,IGNORE,0,WATCH,,0,0,0,NA,NA,NA,NA,NA,CLEAR,1,0,0,0,0,TREND_REVERSAL_UNCONFIRMED,1,0.45,LONG,1,0,0,0
SOLUSDT,1779858000000,2026-05-27T05:00:00.000Z,BEAR,LONG,25,13.5,IGNORE,0,WATCH,,0,0,0,NA,NA,NA,NA,NA,CLEAR,1,0,0,0,0,TREND_REVERSAL_UNCONFIRMED,1,0.45,LONG,1,0,0,0
SOLUSDT,1779861600000,2026-05-27T06:00:00.000Z,BEAR,LONG,0,7.875,IGNORE,0,WATCH,,0,0,0,NA,NA,NA,NA,NA,WARNING_SOFT,1,0,0,0,0,TREND_REVERSAL_UNCONFIRMED,0,0.45,LONG,1,0,0,0
SOLUSDT,1779865200000,2026-05-27T07:00:00.000Z,NEUTRAL,NONE,0,7.875,IGNORE,0,WATCH,,0,0,0,NA,NA,NA,NA,NA,WARNING_SOFT,1,0,0,0,0,TREND_REVERSAL_UNCONFIRMED,0,0.45,NONE,1,0,0,0
SOLUSDT,1779868800000,2026-05-27T08:00:00.000Z,BEAR,LONG,0,7.875,IGNORE,0,WATCH,,0,0,0,NA,NA,NA,NA,NA,BLOCK,0,0,0,0,0,TREND_REVERSAL_UNCONFIRMED,0,0.45,LONG,1,0,0,0
SOLUSDT,1779872400000,2026-05-27T09:00:00.000Z,BEAR,LONG,0,7.875,IGNORE,0,WATCH,,0,0,0,NA,NA,NA,NA,NA,WARNING_SOFT,1,0,0,0,0,TREND_REVERSAL_UNCONFIRMED,0,0.45,LONG,1,0,0,0
SOLUSDT,1779876000000,2026-05-27T10:00:00.000Z,BEAR,LONG,25,13.5,IGNORE,0,WATCH,,0,0,0,NA,NA,NA,NA,NA,WARNING_SOFT,1,0,0,0,0,TREND_REVERSAL_UNCONFIRMED,1,0.45,LONG,1,0,0,0
SOLUSDT,1779879600000,2026-05-27T11:00:00.000Z,BEAR,LONG,0,7.875,IGNORE,0,WATCH,,0,0,0,NA,NA,NA,NA,NA,WARNING_SOFT,1,0,0,0,0,TREND_REVERSAL_UNCONFIRMED,0,0.45,LONG,1,0,0,0
SOLUSDT,1779883200000,2026-05-27T12:00:00.000Z,BEAR,LONG,25,13.5,IGNORE,0,WATCH,,0,0,0,NA,NA,NA,NA,NA,BLOCK,0,0,0,0,0,TREND_REVERSAL_UNCONFIRMED,1,0.45,LONG,1,0,0,0
SOLUSDT,1779886800000,2026-05-27T13:00:00.000Z,BEAR,LONG,25,13.5,IGNORE,0,WATCH,,0,0,0,NA,NA,NA,NA,NA,CLEAR,1,0,1,0,0,TREND_REVERSAL_UNCONFIRMED,1,0.45,LONG,1,0,0,0
SOLUSDT,1779890400000,2026-05-27T14:00:00.000Z,BEAR,LONG,25,13.5,IGNORE,0,WATCH,,0,0,0,NA,NA,NA,NA,NA,CLEAR,1,0,0,0,0,TREND_REVERSAL_UNCONFIRMED,1,0.45,LONG,1,0,0,0
SOLUSDT,1779894000000,2026-05-27T15:00:00.000Z,NEUTRAL,NONE,0,7.875,IGNORE,0,WATCH,,0,0,0,NA,NA,NA,NA,NA,WARNING_HARD,1,0,0,0,0,TREND_REVERSAL_UNCONFIRMED,0,0.45,NONE,1,0,0,0
SOLUSDT,1779897600000,2026-05-27T16:00:00.000Z,NEUTRAL,NONE,0,7.875,IGNORE,0,WATCH,,0,0,0,NA,NA,NA,NA,NA,WARNING_SOFT,1,0,0,0,0,TREND_REVERSAL_UNCONFIRMED,0,0.45,NONE,1,0,0,0
SOLUSDT,1779901200000,2026-05-27T17:00:00.000Z,BEAR,LONG,40.63927373888957,18.387842806937552,IGNORE,0,WATCH,,0,0,0,NA,NA,NA,NA,NA,WARNING_SOFT,1,0,0,0,0,TREND_REVERSAL_UNCONFIRMED,2,0.45,LONG,1,0,0,0
SOLUSDT,1779904800000,2026-05-27T18:00:00.000Z,BEAR,LONG,42.5,18.534375,IGNORE,0,WATCH,,0,0,0,NA,NA,NA,NA,NA,CLEAR,1,0,0,0,0,TREND_REVERSAL_UNCONFIRMED,2,0.45,LONG,1,0,0,0
SOLUSDT,1779908400000,2026-05-27T19:00:00.000Z,BEAR,LONG,17.5,12.909375,IGNORE,0,WATCH,,0,0,0,NA,NA,NA,NA,NA,WARNING_SOFT,1,0,0,0,0,TREND_REVERSAL_UNCONFIRMED,1,0.45,LONG,1,0,0,0
SOLUSDT,1779912000000,2026-05-27T20:00:00.000Z,BEAR,LONG,17.5,12.909375,IGNORE,0,WATCH,,0,0,0,NA,NA,NA,NA,NA,WARNING_SOFT,1,0,0,0,0,TREND_REVERSAL_UNCONFIRMED,1,0.45,LONG,1,0,0,0
SOLUSDT,1779915600000,2026-05-27T21:00:00.000Z,BEAR,LONG,39.61586425814065,18.307249310328576,IGNORE,0,WATCH,,0,0,0,NA,NA,NA,NA,NA,CLEAR,1,0,0,0,0,TREND_REVERSAL_UNCONFIRMED,2,0.45,LONG,1,0,0,0
SOLUSDT,1779919200000,2026-05-27T22:00:00.000Z,BEAR,LONG,32.028106006402005,17.709713348004158,IGNORE,0,WATCH,,0,0,0,NA,NA,NA,NA,NA,CLEAR,1,0,0,0,0,TREND_REVERSAL_UNCONFIRMED,2,0.45,LONG,1,0,0,0
SOLUSDT,1779922800000,2026-05-27T23:00:00.000Z,BEAR,LONG,32.43055555555556,17.74140625,IGNORE,0,WATCH,,0,0,0,NA,NA,NA,NA,NA,CLEAR,1,0,0,0,0,TREND_REVERSAL_UNCONFIRMED,2,0.45,LONG,1,0,0,0
SOLUSDT,1779926400000,2026-05-28T00:00:00.000Z,BEAR,LONG,25,13.5,IGNORE,0,WATCH,,0,0,0,NA,NA,NA,NA,NA,CLEAR,1,0,0,0,0,TREND_REVERSAL_UNCONFIRMED,1,0.45,LONG,1,0,0,0
SOLUSDT,1779930000000,2026-05-28T01:00:00.000Z,BEAR,LONG,0,7.875,IGNORE,0,WATCH,,0,0,0,NA,NA,NA,NA,NA,CLEAR,1,0,0,0,0,TREND_REVERSAL_UNCONFIRMED,0,0.45,LONG,1,0,0,0
SOLUSDT,1779933600000,2026-05-28T02:00:00.000Z,BEAR,LONG,12.847222222222221,12.54296875,IGNORE,0,WATCH,,0,0,0,NA,NA,NA,NA,NA,CLEAR,1,0,0,0,0,TREND_REVERSAL_UNCONFIRMED,1,0.45,LONG,1,0,0,0
SOLUSDT,1779937200000,2026-05-28T03:00:00.000Z,BEAR,LONG,37.84722222222222,18.16796875,IGNORE,0,WATCH,,0,0,0,NA,NA,NA,NA,NA,CLEAR,1,0,0,0,0,TREND_REVERSAL_UNCONFIRMED,2,0.45,LONG,1,0,0,0
SOLUSDT,1779940800000,2026-05-28T04:00:00.000Z,BEAR,LONG,25,13.5,IGNORE,0,WATCH,,0,0,0,NA,NA,NA,NA,NA,CLEAR,1,0,0,0,0,TREND_REVERSAL_UNCONFIRMED,1,0.45,LONG,1,0,0,0
SOLUSDT,1779944400000,2026-05-28T05:00:00.000Z,BEAR,LONG,14.583333333333332,12.6796875,IGNORE,0,WATCH,,0,0,0,NA,NA,NA,NA,NA,CLEAR,1,0,0,0,0,TREND_REVERSAL_UNCONFIRMED,1,0.45,LONG,1,0,0,0
SOLUSDT,1779948000000,2026-05-28T06:00:00.000Z,BEAR,LONG,25,13.5,IGNORE,0,WATCH,,0,0,0,NA,NA,NA,NA,NA,CLEAR,1,0,0,0,0,TREND_REVERSAL_UNCONFIRMED,1,0.45,LONG,1,0,0,0
SOLUSDT,1779951600000,2026-05-28T07:00:00.000Z,BEAR,LONG,0,7.875,IGNORE,0,WATCH,,0,0,0,NA,NA,NA,NA,NA,CLEAR,1,0,0,0,0,TREND_REVERSAL_UNCONFIRMED,0,0.45,LONG,1,0,0,0
SOLUSDT,1779955200000,2026-05-28T08:00:00.000Z,BEAR,LONG,0,7.875,IGNORE,0,WATCH,,0,0,0,NA,NA,NA,NA,NA,CLEAR,1,0,0,0,0,TREND_REVERSAL_UNCONFIRMED,0,0.45,LONG,1,0,0,0
SOLUSDT,1779958800000,2026-05-28T09:00:00.000Z,BEAR,LONG,0,7.875,IGNORE,0,WATCH,,0,0,0,NA,NA,NA,NA,NA,CLEAR,1,0,0,0,0,TREND_REVERSAL_UNCONFIRMED,0,0.45,LONG,1,0,0,0
SOLUSDT,1779962400000,2026-05-28T10:00:00.000Z,BEAR,LONG,0,7.875,IGNORE,0,WATCH,,0,0,0,NA,NA,NA,NA,NA,CLEAR,1,0,0,0,0,TREND_REVERSAL_UNCONFIRMED,0,0.45,LONG,1,0,0,0
SOLUSDT,1779966000000,2026-05-28T11:00:00.000Z,BEAR,LONG,0,7.875,IGNORE,0,WATCH,,0,0,0,NA,NA,NA,NA,NA,CLEAR,1,0,0,0,0,TREND_REVERSAL_UNCONFIRMED,0,0.45,LONG,1,0,0,0
SOLUSDT,1779969600000,2026-05-28T12:00:00.000Z,BEAR,LONG,0,7.875,IGNORE,0,WATCH,,0,0,0,NA,NA,NA,NA,NA,CLEAR,1,0,0,0,0,TREND_REVERSAL_UNCONFIRMED,0,0.45,LONG,1,0,0,0
SOLUSDT,1779973200000,2026-05-28T13:00:00.000Z,BEAR,LONG,15.035200717457094,12.715272056499746,IGNORE,0,WATCH,,0,0,0,NA,NA,NA,NA,NA,CLEAR,1,0,0,0,0,TREND_REVERSAL_UNCONFIRMED,1,0.45,LONG,1,0,0,0
SOLUSDT,1779976800000,2026-05-28T14:00:00.000Z,BEAR,LONG,25,13.5,IGNORE,0,WATCH,,0,0,0,NA,NA,NA,NA,NA,CLEAR,1,0,0,0,0,TREND_REVERSAL_UNCONFIRMED,1,0.45,LONG,1,0,0,0
SOLUSDT,1779980400000,2026-05-28T15:00:00.000Z,BEAR,LONG,0,7.875,IGNORE,0,WATCH,,0,0,0,NA,NA,NA,NA,NA,CLEAR,1,0,0,0,0,TREND_REVERSAL_UNCONFIRMED,0,0.45,LONG,1,0,0,0
SOLUSDT,1779984000000,2026-05-28T16:00:00.000Z,NEUTRAL,NONE,0,7.875,IGNORE,0,WATCH,,0,0,0,NA,NA,NA,NA,NA,WARNING_HARD,1,0,0,0,0,TREND_REVERSAL_UNCONFIRMED,0,0.45,NONE,1,0,0,0
SOLUSDT,1779987600000,2026-05-28T17:00:00.000Z,NEUTRAL,NONE,0,7.875,IGNORE,0,WATCH,,0,0,0,NA,NA,NA,NA,NA,WARNING_SOFT,1,0,0,0,0,TREND_REVERSAL_UNCONFIRMED,0,0.45,NONE,1,0,0,0
SOLUSDT,1779991200000,2026-05-28T18:00:00.000Z,NEUTRAL,NONE,0,7.875,IGNORE,0,WATCH,,0,0,0,NA,NA,NA,NA,NA,WARNING_HARD,1,0,0,0,0,TREND_REVERSAL_UNCONFIRMED,0,0.45,NONE,1,0,0,0
SOLUSDT,1779994800000,2026-05-28T19:00:00.000Z,NEUTRAL,NONE,0,7.875,IGNORE,0,WATCH,,0,0,0,NA,NA,NA,NA,NA,WARNING_SOFT,1,0,0,0,0,TREND_REVERSAL_UNCONFIRMED,0,0.45,NONE,1,0,0,0
SOLUSDT,1779998400000,2026-05-28T20:00:00.000Z,NEUTRAL,NONE,0,7.875,IGNORE,0,WATCH,,0,0,0,NA,NA,NA,NA,NA,WARNING_SOFT,1,0,0,0,0,TREND_REVERSAL_UNCONFIRMED,0,0.45,NONE,1,0,0,0
SOLUSDT,1780002000000,2026-05-28T21:00:00.000Z,NEUTRAL,NONE,0,7.875,IGNORE,0,WATCH,,0,0,0,NA,NA,NA,NA,NA,CLEAR,1,0,0,0,0,TREND_REVERSAL_UNCONFIRMED,0,0.45,NONE,1,0,0,0
SOLUSDT,1780005600000,2026-05-28T22:00:00.000Z,NEUTRAL,NONE,0,7.875,IGNORE,0,WATCH,,0,0,0,NA,NA,NA,NA,NA,WARNING_SOFT,1,0,0,0,0,TREND_REVERSAL_UNCONFIRMED,0,0.45,NONE,1,0,0,0
SOLUSDT,1780009200000,2026-05-28T23:00:00.000Z,NEUTRAL,NONE,0,7.875,IGNORE,0,WATCH,,0,0,0,NA,NA,NA,NA,NA,WARNING_SOFT,1,0,0,0,0,TREND_REVERSAL_UNCONFIRMED,0,0.45,NONE,1,0,0,0
SOLUSDT,1780012800000,2026-05-29T00:00:00.000Z,NEUTRAL,NONE,0,7.875,IGNORE,0,WATCH,,0,0,0,NA,NA,NA,NA,NA,CLEAR,1,0,0,0,0,TREND_REVERSAL_UNCONFIRMED,0,0.45,NONE,1,0,0,0
SOLUSDT,1780016400000,2026-05-29T01:00:00.000Z,NEUTRAL,NONE,0,7.875,IGNORE,0,WATCH,,0,0,0,NA,NA,NA,NA,NA,WARNING_SOFT,1,0,0,0,0,TREND_REVERSAL_UNCONFIRMED,0,0.45,NONE,1,0,0,0
SOLUSDT,1780020000000,2026-05-29T02:00:00.000Z,BEAR,LONG,17.5,12.909375,IGNORE,0,WATCH,,0,0,0,NA,NA,NA,NA,NA,CLEAR,1,0,0,0,0,TREND_REVERSAL_UNCONFIRMED,1,0.45,LONG,1,0,0,0
SOLUSDT,1780023600000,2026-05-29T03:00:00.000Z,BEAR,LONG,17.5,12.909375,IGNORE,0,WATCH,,0,0,0,NA,NA,NA,NA,NA,CLEAR,1,0,0,0,0,TREND_REVERSAL_UNCONFIRMED,1,0.45,LONG,1,0,0,0
SOLUSDT,1780027200000,2026-05-29T04:00:00.000Z,BEAR,LONG,17.5,12.909375,IGNORE,0,WATCH,,0,0,0,NA,NA,NA,NA,NA,CLEAR,1,0,0,0,0,TREND_REVERSAL_UNCONFIRMED,1,0.45,LONG,1,0,0,0
SOLUSDT,1780030800000,2026-05-29T05:00:00.000Z,NEUTRAL,NONE,0,7.875,IGNORE,0,WATCH,,0,0,0,NA,NA,NA,NA,NA,WARNING_SOFT,1,0,0,0,0,TREND_REVERSAL_UNCONFIRMED,0,0.45,NONE,1,0,0,0
SOLUSDT,1780034400000,2026-05-29T06:00:00.000Z,NEUTRAL,NONE,0,7.875,IGNORE,0,WATCH,,0,0,0,NA,NA,NA,NA,NA,CLEAR,1,0,0,0,0,TREND_REVERSAL_UNCONFIRMED,0,0.45,NONE,1,0,0,0
SOLUSDT,1780038000000,2026-05-29T07:00:00.000Z,NEUTRAL,NONE,0,7.875,IGNORE,0,WATCH,,0,0,0,NA,NA,NA,NA,NA,WARNING_HARD,1,0,0,0,0,TREND_REVERSAL_UNCONFIRMED,0,0.45,NONE,1,0,0,0
SOLUSDT,1780041600000,2026-05-29T08:00:00.000Z,NEUTRAL,NONE,0,7.875,IGNORE,0,WATCH,,0,0,0,NA,NA,NA,NA,NA,CLEAR,1,0,0,0,0,TREND_REVERSAL_UNCONFIRMED,0,0.45,NONE,1,0,0,0
SOLUSDT,1780045200000,2026-05-29T09:00:00.000Z,NEUTRAL,NONE,0,7.875,IGNORE,0,WATCH,,0,0,0,NA,NA,NA,NA,NA,CLEAR,1,0,0,0,0,TREND_REVERSAL_UNCONFIRMED,0,0.45,NONE,1,0,0,0
SOLUSDT,1780048800000,2026-05-29T10:00:00.000Z,NEUTRAL,NONE,0,7.875,IGNORE,0,WATCH,,0,0,0,NA,NA,NA,NA,NA,CLEAR,1,0,0,0,0,TREND_REVERSAL_UNCONFIRMED,0,0.45,NONE,1,0,0,0
SOLUSDT,1780052400000,2026-05-29T11:00:00.000Z,BEAR,LONG,0,7.875,IGNORE,0,WATCH,,0,0,0,NA,NA,NA,NA,NA,CLEAR,1,0,0,0,0,TREND_REVERSAL_UNCONFIRMED,0,0.45,LONG,1,0,0,0
SOLUSDT,1780056000000,2026-05-29T12:00:00.000Z,BEAR,LONG,0,7.875,IGNORE,0,WATCH,,0,0,0,NA,NA,NA,NA,NA,CLEAR,1,0,0,0,0,TREND_REVERSAL_UNCONFIRMED,0,0.45,LONG,1,0,0,0
SOLUSDT,1780059600000,2026-05-29T13:00:00.000Z,BEAR,LONG,42.801746100167065,18.558137505388157,IGNORE,0,WATCH,,0,0,0,NA,NA,NA,NA,NA,CLEAR,1,0,0,0,0,TREND_REVERSAL_UNCONFIRMED,2,0.45,LONG,1,0,0,0
SOLUSDT,1780063200000,2026-05-29T14:00:00.000Z,BEAR,LONG,25,13.5,IGNORE,0,WATCH,,0,0,0,NA,NA,NA,NA,NA,CLEAR,1,0,0,0,0,TREND_REVERSAL_UNCONFIRMED,1,0.45,LONG,1,0,0,0
SOLUSDT,1780066800000,2026-05-29T15:00:00.000Z,NEUTRAL,NONE,0,7.875,IGNORE,0,WATCH,,0,0,0,NA,NA,NA,NA,NA,WARNING_SOFT,1,0,0,0,0,TREND_REVERSAL_UNCONFIRMED,0,0.45,NONE,1,0,0,0
SOLUSDT,1780070400000,2026-05-29T16:00:00.000Z,NEUTRAL,NONE,0,7.875,IGNORE,0,WATCH,,0,0,0,NA,NA,NA,NA,NA,CLEAR,1,0,0,0,0,TREND_REVERSAL_UNCONFIRMED,0,0.45,NONE,1,0,0,0
SOLUSDT,1780074000000,2026-05-29T17:00:00.000Z,NEUTRAL,NONE,0,7.875,IGNORE,0,WATCH,,0,0,0,NA,NA,NA,NA,NA,CLEAR,1,0,0,0,0,TREND_REVERSAL_UNCONFIRMED,0,0.45,NONE,1,0,0,0
SOLUSDT,1780077600000,2026-05-29T18:00:00.000Z,BEAR,LONG,13.906927746517201,12.626420560038229,IGNORE,0,WATCH,,0,0,0,NA,NA,NA,NA,NA,WARNING_SOFT,1,0,0,0,0,TREND_REVERSAL_UNCONFIRMED,1,0.45,LONG,1,0,0,0
SOLUSDT,1780081200000,2026-05-29T19:00:00.000Z,BEAR,LONG,0,7.875,IGNORE,0,WATCH,,0,0,0,NA,NA,NA,NA,NA,CLEAR,1,0,0,0,0,TREND_REVERSAL_UNCONFIRMED,0,0.45,LONG,1,0,0,0
SOLUSDT,1780084800000,2026-05-29T20:00:00.000Z,NEUTRAL,NONE,0,7.875,IGNORE,0,WATCH,,0,0,0,NA,NA,NA,NA,NA,WARNING_SOFT,1,0,0,0,0,TREND_REVERSAL_UNCONFIRMED,0,0.45,NONE,1,0,0,0
SOLUSDT,1780088400000,2026-05-29T21:00:00.000Z,BEAR,LONG,0,7.875,IGNORE,0,WATCH,,0,0,0,NA,NA,NA,NA,NA,CLEAR,1,0,0,0,0,TREND_REVERSAL_UNCONFIRMED,0,0.45,LONG,1,0,0,0
SOLUSDT,1780092000000,2026-05-29T22:00:00.000Z,BEAR,LONG,17.5,12.909375,IGNORE,0,WATCH,,0,0,0,NA,NA,NA,NA,NA,CLEAR,1,0,0,0,0,TREND_REVERSAL_UNCONFIRMED,1,0.45,LONG,1,0,0,0
SOLUSDT,1780095600000,2026-05-29T23:00:00.000Z,BEAR,LONG,42.5,18.534375,IGNORE,0,WATCH,,0,0,0,NA,NA,NA,NA,NA,CLEAR,1,0,0,0,0,TREND_REVERSAL_UNCONFIRMED,2,0.45,LONG,1,0,0,0
SOLUSDT,1780099200000,2026-05-30T00:00:00.000Z,NEUTRAL,NONE,0,7.875,IGNORE,0,WATCH,,0,0,0,NA,NA,NA,NA,NA,WARNING_SOFT,1,0,0,0,0,TREND_REVERSAL_UNCONFIRMED,0,0.45,NONE,1,0,0,0
SOLUSDT,1780102800000,2026-05-30T01:00:00.000Z,NEUTRAL,NONE,0,7.875,IGNORE,0,WATCH,,0,0,0,NA,NA,NA,NA,NA,CLEAR,1,0,0,0,0,TREND_REVERSAL_UNCONFIRMED,0,0.45,NONE,1,0,0,0
SOLUSDT,1780106400000,2026-05-30T02:00:00.000Z,NEUTRAL,NONE,0,7.875,IGNORE,0,WATCH,,0,0,0,NA,NA,NA,NA,NA,CLEAR,1,0,0,0,0,TREND_REVERSAL_UNCONFIRMED,0,0.45,NONE,1,0,0,0
SOLUSDT,1780110000000,2026-05-30T03:00:00.000Z,NEUTRAL,NONE,0,7.875,IGNORE,0,WATCH,,0,0,0,NA,NA,NA,NA,NA,WARNING_SOFT,1,0,0,0,0,TREND_REVERSAL_UNCONFIRMED,0,0.45,NONE,1,0,0,0
SOLUSDT,1780113600000,2026-05-30T04:00:00.000Z,NEUTRAL,NONE,0,7.875,IGNORE,0,WATCH,,0,0,0,NA,NA,NA,NA,NA,BLOCK,0,0,0,0,0,TREND_REVERSAL_UNCONFIRMED,0,0.45,NONE,1,0,0,0
SOLUSDT,1780117200000,2026-05-30T05:00:00.000Z,NEUTRAL,NONE,0,7.875,IGNORE,0,WATCH,,0,0,0,NA,NA,NA,NA,NA,WARNING_SOFT,1,0,0,0,0,TREND_REVERSAL_UNCONFIRMED,0,0.45,NONE,1,0,0,0
SOLUSDT,1780120800000,2026-05-30T06:00:00.000Z,NEUTRAL,NONE,0,7.875,IGNORE,0,WATCH,,0,0,0,NA,NA,NA,NA,NA,CLEAR,1,0,0,0,0,TREND_REVERSAL_UNCONFIRMED,0,0.45,NONE,1,0,0,0
SOLUSDT,1780124400000,2026-05-30T07:00:00.000Z,NEUTRAL,NONE,0,7.875,IGNORE,0,WATCH,,0,0,0,NA,NA,NA,NA,NA,WARNING_SOFT,1,0,0,0,0,TREND_REVERSAL_UNCONFIRMED,0,0.45,NONE,1,0,0,0
SOLUSDT,1780128000000,2026-05-30T08:00:00.000Z,BEAR,LONG,17.5,12.909375,IGNORE,0,WATCH,,0,0,0,NA,NA,NA,NA,NA,CLEAR,1,0,0,0,0,TREND_REVERSAL_UNCONFIRMED,1,0.45,LONG,1,0,0,0
SOLUSDT,1780131600000,2026-05-30T09:00:00.000Z,BEAR,LONG,17.5,12.909375,IGNORE,0,WATCH,,0,0,0,NA,NA,NA,NA,NA,CLEAR,1,0,0,0,0,TREND_REVERSAL_UNCONFIRMED,1,0.45,LONG,1,0,0,0
SOLUSDT,1780135200000,2026-05-30T10:00:00.000Z,NEUTRAL,NONE,0,7.875,IGNORE,0,WATCH,,0,0,0,NA,NA,NA,NA,NA,WARNING_SOFT,1,0,0,0,0,TREND_REVERSAL_UNCONFIRMED,0,0.45,NONE,1,0,0,0
SOLUSDT,1780138800000,2026-05-30T11:00:00.000Z,BEAR,LONG,17.5,12.909375,IGNORE,0,WATCH,,0,0,0,NA,NA,NA,NA,NA,WARNING_SOFT,1,0,0,0,0,TREND_REVERSAL_UNCONFIRMED,1,0.45,LONG,1,0,0,0
SOLUSDT,1780142400000,2026-05-30T12:00:00.000Z,NEUTRAL,NONE,0,7.875,IGNORE,0,WATCH,,0,0,0,NA,NA,NA,NA,NA,WARNING_SOFT,1,0,0,0,0,TREND_REVERSAL_UNCONFIRMED,0,0.45,NONE,1,0,0,0
SOLUSDT,1780146000000,2026-05-30T13:00:00.000Z,NEUTRAL,NONE,0,7.875,IGNORE,0,WATCH,,0,0,0,NA,NA,NA,NA,NA,CLEAR,1,0,0,0,0,TREND_REVERSAL_UNCONFIRMED,0,0.45,NONE,1,0,0,0
SOLUSDT,1780149600000,2026-05-30T14:00:00.000Z,BULL,SHORT,17.5,12.909375,IGNORE,0,WATCH,,0,0,0,NA,NA,NA,NA,NA,CLEAR,1,0,0,0,0,TREND_REVERSAL_UNCONFIRMED,1,0.45,SHORT,1,0,0,0
SOLUSDT,1780153200000,2026-05-30T15:00:00.000Z,BULL,SHORT,56.07059606626581,52.23737762174107,WATCH,1,WATCH,ACTIVE,1,1,0,PASS,PASS,SKIP,SKIP,FAIL,CLEAR,1,0,0,0,0,MARKET_CONTEXT_DENIED,3,0.84,SHORT,0,1,0,0
SOLUSDT,1780156800000,2026-05-30T16:00:00.000Z,BULL,SHORT,17.5,12.909375,IGNORE,0,WATCH,,0,0,0,NA,NA,NA,NA,NA,CLEAR,1,0,0,0,0,TREND_REVERSAL_UNCONFIRMED,1,0.45,SHORT,1,0,0,0
SOLUSDT,1780160400000,2026-05-30T17:00:00.000Z,BULL,SHORT,31.344800406914267,17.6559030320445,IGNORE,0,WATCH,,0,0,0,NA,NA,NA,NA,NA,CLEAR,1,0,0,0,0,TREND_REVERSAL_UNCONFIRMED,2,0.45,SHORT,1,0,0,0
SOLUSDT,1780164000000,2026-05-30T18:00:00.000Z,BULL,SHORT,17.5,12.909375,IGNORE,0,WATCH,,0,0,0,NA,NA,NA,NA,NA,CLEAR,1,0,0,0,0,TREND_REVERSAL_UNCONFIRMED,1,0.45,SHORT,1,0,0,0
SOLUSDT,1780167600000,2026-05-30T19:00:00.000Z,BULL,SHORT,17.5,12.909375,IGNORE,0,WATCH,,0,0,0,NA,NA,NA,NA,NA,CLEAR,1,0,0,0,0,TREND_REVERSAL_UNCONFIRMED,1,0.45,SHORT,1,0,0,0
SOLUSDT,1780171200000,2026-05-30T20:00:00.000Z,BULL,SHORT,17.5,12.909375,IGNORE,0,WATCH,,0,0,0,NA,NA,NA,NA,NA,CLEAR,1,0,0,0,0,TREND_REVERSAL_UNCONFIRMED,1,0.45,SHORT,1,0,0,0
SOLUSDT,1780174800000,2026-05-30T21:00:00.000Z,BULL,SHORT,42.5,18.534375,IGNORE,0,WATCH,,0,0,0,NA,NA,NA,NA,NA,CLEAR,1,0,0,0,0,TREND_REVERSAL_UNCONFIRMED,2,0.45,SHORT,1,0,0,0
SOLUSDT,1780178400000,2026-05-30T22:00:00.000Z,NEUTRAL,NONE,0,7.875,IGNORE,0,WATCH,,0,0,0,NA,NA,NA,NA,NA,BLOCK,0,0,0,0,0,TREND_REVERSAL_UNCONFIRMED,0,0.45,NONE,1,0,0,0
SOLUSDT,1780182000000,2026-05-30T23:00:00.000Z,BULL,SHORT,17.5,12.909375,IGNORE,0,WATCH,,0,0,0,NA,NA,NA,NA,NA,WARNING_SOFT,1,0,0,0,0,TREND_REVERSAL_UNCONFIRMED,1,0.45,SHORT,1,0,0,0
SOLUSDT,1780185600000,2026-05-31T00:00:00.000Z,BULL,SHORT,0,7.875,IGNORE,0,WATCH,,0,0,0,NA,NA,NA,NA,NA,WARNING_SOFT,1,0,0,0,0,TREND_REVERSAL_UNCONFIRMED,0,0.45,SHORT,1,0,0,0
SOLUSDT,1780189200000,2026-05-31T01:00:00.000Z,BULL,SHORT,13.172911062160841,12.568616746145167,IGNORE,0,WATCH,,0,0,0,NA,NA,NA,NA,NA,CLEAR,1,0,0,0,0,TREND_REVERSAL_UNCONFIRMED,1,0.45,SHORT,1,0,0,0
SOLUSDT,1780192800000,2026-05-31T02:00:00.000Z,BULL,SHORT,20.894597569346768,13.176699558586058,IGNORE,0,WATCH,,0,0,0,NA,NA,NA,NA,NA,CLEAR,1,1,0,0,0,TREND_REVERSAL_UNCONFIRMED,1,0.45,SHORT,1,0,0,0
SOLUSDT,1780196400000,2026-05-31T03:00:00.000Z,BULL,SHORT,39.93055555555556,18.33203125,IGNORE,0,WATCH,,0,0,0,NA,NA,NA,NA,NA,CLEAR,1,0,0,0,0,TREND_REVERSAL_UNCONFIRMED,2,0.45,SHORT,1,0,0,0
SOLUSDT,1780200000000,2026-05-31T04:00:00.000Z,BULL,SHORT,0,7.875,IGNORE,0,WATCH,,0,0,0,NA,NA,NA,NA,NA,CLEAR,1,0,0,0,0,TREND_REVERSAL_UNCONFIRMED,0,0.45,SHORT,1,0,0,0
SOLUSDT,1780203600000,2026-05-31T05:00:00.000Z,BULL,SHORT,0,7.875,IGNORE,0,WATCH,,0,0,0,NA,NA,NA,NA,NA,CLEAR,1,0,0,0,0,TREND_REVERSAL_UNCONFIRMED,0,0.45,SHORT,1,0,0,0
SOLUSDT,1780207200000,2026-05-31T06:00:00.000Z,BULL,SHORT,0,7.875,IGNORE,0,WATCH,,0,0,0,NA,NA,NA,NA,NA,WARNING_SOFT,1,0,0,0,0,TREND_REVERSAL_UNCONFIRMED,0,0.45,SHORT,1,0,0,0
SOLUSDT,1780210800000,2026-05-31T07:00:00.000Z,NEUTRAL,NONE,0,7.875,IGNORE,0,WATCH,,0,0,0,NA,NA,NA,NA,NA,BLOCK,0,0,0,0,0,TREND_REVERSAL_UNCONFIRMED,0,0.45,NONE,1,0,0,0
SOLUSDT,1780214400000,2026-05-31T08:00:00.000Z,NEUTRAL,NONE,0,7.875,IGNORE,0,WATCH,,0,0,0,NA,NA,NA,NA,NA,BLOCK,0,0,0,0,0,TREND_REVERSAL_UNCONFIRMED,0,0.45,NONE,1,0,0,0
SOLUSDT,1780218000000,2026-05-31T09:00:00.000Z,NEUTRAL,NONE,0,7.875,IGNORE,0,WATCH,,0,0,0,NA,NA,NA,NA,NA,WARNING_SOFT,1,0,0,0,0,TREND_REVERSAL_UNCONFIRMED,0,0.45,NONE,1,0,0,0
SOLUSDT,1780221600000,2026-05-31T10:00:00.000Z,NEUTRAL,NONE,0,7.875,IGNORE,0,WATCH,,0,0,0,NA,NA,NA,NA,NA,BLOCK,0,0,0,0,0,TREND_REVERSAL_UNCONFIRMED,0,0.45,NONE,1,0,0,0
SOLUSDT,1780225200000,2026-05-31T11:00:00.000Z,NEUTRAL,NONE,0,7.875,IGNORE,0,WATCH,,0,0,0,NA,NA,NA,NA,NA,WARNING_SOFT,1,0,0,0,0,TREND_REVERSAL_UNCONFIRMED,0,0.45,NONE,1,0,0,0
SOLUSDT,1780228800000,2026-05-31T12:00:00.000Z,BULL,SHORT,17.5,12.909375,IGNORE,0,WATCH,,0,0,0,NA,NA,NA,NA,NA,WARNING_SOFT,1,0,0,0,0,TREND_REVERSAL_UNCONFIRMED,1,0.45,SHORT,1,0,0,0
SOLUSDT,1780232400000,2026-05-31T13:00:00.000Z,NEUTRAL,NONE,0,7.875,IGNORE,0,WATCH,,0,0,0,NA,NA,NA,NA,NA,BLOCK,0,0,0,0,0,TREND_REVERSAL_UNCONFIRMED,0,0.45,NONE,1,0,0,0
SOLUSDT,1780236000000,2026-05-31T14:00:00.000Z,NEUTRAL,NONE,0,7.875,IGNORE,0,WATCH,,0,0,0,NA,NA,NA,NA,NA,BLOCK,0,0,0,0,0,TREND_REVERSAL_UNCONFIRMED,0,0.45,NONE,1,0,0,0
SOLUSDT,1780239600000,2026-05-31T15:00:00.000Z,NEUTRAL,NONE,0,7.875,IGNORE,0,WATCH,,0,0,0,NA,NA,NA,NA,NA,WARNING_SOFT,1,0,0,0,0,TREND_REVERSAL_UNCONFIRMED,0,0.45,NONE,1,0,0,0
SOLUSDT,1780243200000,2026-05-31T16:00:00.000Z,BEAR,LONG,42.5,18.534375,IGNORE,0,WATCH,,0,0,0,NA,NA,NA,NA,NA,CLEAR,1,0,1,0,0,TREND_REVERSAL_UNCONFIRMED,2,0.45,LONG,1,0,0,0
SOLUSDT,1780246800000,2026-05-31T17:00:00.000Z,BEAR,LONG,42.5,18.534375,IGNORE,0,WATCH,,0,0,0,NA,NA,NA,NA,NA,CLEAR,1,0,0,0,0,TREND_REVERSAL_UNCONFIRMED,2,0.45,LONG,1,0,0,0
SOLUSDT,1780250400000,2026-05-31T18:00:00.000Z,BEAR,LONG,17.5,12.909375,IGNORE,0,WATCH,,0,0,0,NA,NA,NA,NA,NA,CLEAR,1,0,0,0,0,TREND_REVERSAL_UNCONFIRMED,1,0.45,LONG,1,0,0,0
SOLUSDT,1780254000000,2026-05-31T19:00:00.000Z,BEAR,LONG,30.34722222222222,17.57734375,IGNORE,0,WATCH,,0,0,0,NA,NA,NA,NA,NA,CLEAR,1,0,0,0,0,TREND_REVERSAL_UNCONFIRMED,2,0.45,LONG,1,0,0,0
SOLUSDT,1780257600000,2026-05-31T20:00:00.000Z,BEAR,LONG,42.5,18.534375,IGNORE,0,WATCH,,0,0,0,NA,NA,NA,NA,NA,CLEAR,1,0,0,0,0,TREND_REVERSAL_UNCONFIRMED,2,0.45,LONG,1,0,0,0
SOLUSDT,1780261200000,2026-05-31T21:00:00.000Z,NEUTRAL,NONE,0,7.875,IGNORE,0,WATCH,,0,0,0,NA,NA,NA,NA,NA,WARNING_SOFT,1,0,0,0,0,TREND_REVERSAL_UNCONFIRMED,0,0.45,NONE,1,0,0,0
SOLUSDT,1780264800000,2026-05-31T22:00:00.000Z,NEUTRAL,NONE,0,7.875,IGNORE,0,WATCH,,0,0,0,NA,NA,NA,NA,NA,CLEAR,1,1,0,0,0,TREND_REVERSAL_UNCONFIRMED,0,0.45,NONE,1,0,0,0
SOLUSDT,1780268400000,2026-05-31T23:00:00.000Z,NEUTRAL,NONE,0,7.875,IGNORE,0,WATCH,,0,0,0,NA,NA,NA,NA,NA,WARNING_HARD,1,0,0,0,0,TREND_REVERSAL_UNCONFIRMED,0,0.45,NONE,1,0,0,0
SOLUSDT,1780272000000,2026-06-01T00:00:00.000Z,NEUTRAL,NONE,0,7.875,IGNORE,0,WATCH,,0,0,0,NA,NA,NA,NA,NA,CLEAR,1,0,0,0,0,TREND_REVERSAL_UNCONFIRMED,0,0.45,NONE,1,0,0,0
SOLUSDT,1780275600000,2026-06-01T01:00:00.000Z,BEAR,LONG,19.68466142819134,13.081417087470067,IGNORE,0,WATCH,,0,0,0,NA,NA,NA,NA,NA,WARNING_SOFT,1,0,0,0,0,TREND_REVERSAL_UNCONFIRMED,1,0.45,LONG,1,0,0,0
SOLUSDT,1780279200000,2026-06-01T02:00:00.000Z,NEUTRAL,NONE,0,7.875,IGNORE,0,WATCH,,0,0,0,NA,NA,NA,NA,NA,BLOCK,0,0,0,0,0,TREND_REVERSAL_UNCONFIRMED,0,0.45,NONE,1,0,0,0
SOLUSDT,1780282800000,2026-06-01T03:00:00.000Z,NEUTRAL,NONE,0,7.875,IGNORE,0,WATCH,,0,0,0,NA,NA,NA,NA,NA,CLEAR,1,0,0,0,0,TREND_REVERSAL_UNCONFIRMED,0,0.45,NONE,1,0,0,0
SOLUSDT,1780286400000,2026-06-01T04:00:00.000Z,BEAR,LONG,19.592019240200855,13.07412151516582,IGNORE,0,WATCH,,0,0,0,NA,NA,NA,NA,NA,WARNING_SOFT,1,0,0,0,0,TREND_REVERSAL_UNCONFIRMED,1,0.45,LONG,1,0,0,0
SOLUSDT,1780290000000,2026-06-01T05:00:00.000Z,BEAR,LONG,17.5,12.909375,IGNORE,0,WATCH,,0,0,0,NA,NA,NA,NA,NA,CLEAR,1,0,0,0,0,TREND_REVERSAL_UNCONFIRMED,1,0.45,LONG,1,0,0,0
SOLUSDT,1780293600000,2026-06-01T06:00:00.000Z,BEAR,LONG,36.45933339640182,18.058672504966644,IGNORE,0,WATCH,,0,0,0,NA,NA,NA,NA,NA,CLEAR,1,0,0,0,0,TREND_REVERSAL_UNCONFIRMED,2,0.45,LONG,1,0,0,0
SOLUSDT,1780297200000,2026-06-01T07:00:00.000Z,BEAR,LONG,39.24414109792399,18.277976111461513,IGNORE,0,WATCH,,0,0,0,NA,NA,NA,NA,NA,CLEAR,1,0,1,0,0,TREND_REVERSAL_UNCONFIRMED,2,0.45,LONG,1,0,0,0
SOLUSDT,1780300800000,2026-06-01T08:00:00.000Z,BEAR,LONG,56.943732286781575,43.125728646156894,WATCH,1,WATCH,ACTIVE,1,1,0,FAIL,PASS,SKIP,SKIP,FAIL,CLEAR,1,0,0,0,0,MARKET_CONTEXT_DENIED,3,0.84,LONG,1,0,0,0
SOLUSDT,1780304400000,2026-06-01T09:00:00.000Z,BEAR,LONG,17.5,12.909375,IGNORE,0,WATCH,,0,0,0,NA,NA,NA,NA,NA,CLEAR,1,0,0,0,0,TREND_REVERSAL_UNCONFIRMED,1,0.45,LONG,1,0,0,0
SOLUSDT,1780308000000,2026-06-01T10:00:00.000Z,BEAR,LONG,17.5,12.909375,IGNORE,0,WATCH,,0,0,0,NA,NA,NA,NA,NA,CLEAR,1,0,0,0,0,TREND_REVERSAL_UNCONFIRMED,1,0.45,LONG,1,0,0,0
SOLUSDT,1780311600000,2026-06-01T11:00:00.000Z,BEAR,LONG,0,7.875,IGNORE,0,WATCH,,0,0,0,NA,NA,NA,NA,NA,CLEAR,1,0,0,0,0,TREND_REVERSAL_UNCONFIRMED,0,0.45,LONG,1,0,0,0
SOLUSDT,1780315200000,2026-06-01T12:00:00.000Z,BEAR,LONG,23.030925534686805,13.344935385856587,IGNORE,0,WATCH,,0,0,0,NA,NA,NA,NA,NA,CLEAR,1,0,0,0,0,TREND_REVERSAL_UNCONFIRMED,1,0.45,LONG,1,0,0,0
SOLUSDT,1780318800000,2026-06-01T13:00:00.000Z,BEAR,LONG,25,13.5,IGNORE,0,WATCH,,0,0,0,NA,NA,NA,NA,NA,CLEAR,1,0,1,0,0,TREND_REVERSAL_UNCONFIRMED,1,0.45,LONG,1,0,0,0
SOLUSDT,1780322400000,2026-06-01T14:00:00.000Z,BEAR,LONG,46.52151717578981,18.851069477593448,IGNORE,0,WATCH,,0,0,0,NA,NA,NA,NA,NA,CLEAR,1,0,0,0,0,TREND_REVERSAL_UNCONFIRMED,2,0.45,LONG,1,0,0,0
SOLUSDT,1780326000000,2026-06-01T15:00:00.000Z,BEAR,LONG,20.336931901743807,13.132783387262323,IGNORE,0,WATCH,,0,0,0,NA,NA,NA,NA,NA,CLEAR,1,0,0,0,0,TREND_REVERSAL_UNCONFIRMED,1,0.45,LONG,1,0,0,0
SOLUSDT,1780329600000,2026-06-01T16:00:00.000Z,BEAR,LONG,22.636696898535575,13.313889880759676,IGNORE,0,WATCH,,0,0,0,NA,NA,NA,NA,NA,CLEAR,1,1,0,1,0,TREND_REVERSAL_UNCONFIRMED,1,0.45,LONG,1,0,0,0
SOLUSDT,1780333200000,2026-06-01T17:00:00.000Z,BEAR,LONG,19.71385611657239,13.083716169180077,IGNORE,0,WATCH,,0,0,0,NA,NA,NA,NA,NA,WARNING_SOFT,1,1,0,1,0,TREND_REVERSAL_UNCONFIRMED,1,0.45,LONG,1,0,0,0
SOLUSDT,1780336800000,2026-06-01T18:00:00.000Z,BEAR,LONG,0,7.875,IGNORE,0,WATCH,,0,0,0,NA,NA,NA,NA,NA,WARNING_SOFT,1,0,0,0,0,TREND_REVERSAL_UNCONFIRMED,0,0.45,LONG,1,0,0,0
SOLUSDT,1780340400000,2026-06-01T19:00:00.000Z,NEUTRAL,NONE,0,7.875,IGNORE,0,WATCH,,0,0,0,NA,NA,NA,NA,NA,WARNING_SOFT,1,0,0,0,0,TREND_REVERSAL_UNCONFIRMED,0,0.45,NONE,1,0,0,0
SOLUSDT,1780344000000,2026-06-01T20:00:00.000Z,NEUTRAL,NONE,0,7.875,IGNORE,0,WATCH,,0,0,0,NA,NA,NA,NA,NA,WARNING_SOFT,1,0,0,0,0,TREND_REVERSAL_UNCONFIRMED,0,0.45,NONE,1,0,0,0
SOLUSDT,1780347600000,2026-06-01T21:00:00.000Z,BEAR,LONG,0,7.875,IGNORE,0,WATCH,,0,0,0,NA,NA,NA,NA,NA,WARNING_SOFT,1,0,0,0,0,TREND_REVERSAL_UNCONFIRMED,0,0.45,LONG,1,0,0,0
SOLUSDT,1780351200000,2026-06-01T22:00:00.000Z,NEUTRAL,NONE,0,7.875,IGNORE,0,WATCH,,0,0,0,NA,NA,NA,NA,NA,WARNING_SOFT,1,0,0,0,0,TREND_REVERSAL_UNCONFIRMED,0,0.45,NONE,1,0,0,0
SOLUSDT,1780354800000,2026-06-01T23:00:00.000Z,NEUTRAL,NONE,0,7.875,IGNORE,0,WATCH,,0,0,0,NA,NA,NA,NA,NA,WARNING_SOFT,1,0,0,0,0,TREND_REVERSAL_UNCONFIRMED,0,0.45,NONE,1,0,0,0
SOLUSDT,1780358400000,2026-06-02T00:00:00.000Z,BEAR,LONG,0,7.875,IGNORE,0,WATCH,,0,0,0,NA,NA,NA,NA,NA,WARNING_SOFT,1,0,0,0,0,TREND_REVERSAL_UNCONFIRMED,0,0.45,LONG,1,0,0,0
SOLUSDT,1780362000000,2026-06-02T01:00:00.000Z,BEAR,LONG,0,7.875,IGNORE,0,WATCH,,0,0,0,NA,NA,NA,NA,NA,CLEAR,1,0,0,0,0,TREND_REVERSAL_UNCONFIRMED,0,0.45,LONG,1,0,0,0
SOLUSDT,1780365600000,2026-06-02T02:00:00.000Z,BEAR,LONG,14.075175191277236,12.639670046313084,IGNORE,0,WATCH,,0,0,0,NA,NA,NA,NA,NA,CLEAR,1,0,0,0,0,TREND_REVERSAL_UNCONFIRMED,1,0.45,LONG,1,0,0,0
SOLUSDT,1780369200000,2026-06-02T03:00:00.000Z,BEAR,LONG,25,13.5,IGNORE,0,WATCH,,0,0,0,NA,NA,NA,NA,NA,WARNING_SOFT,1,0,0,0,0,TREND_REVERSAL_UNCONFIRMED,1,0.45,LONG,1,0,0,0
SOLUSDT,1780372800000,2026-06-02T04:00:00.000Z,BEAR,LONG,0,7.875,IGNORE,0,WATCH,,0,0,0,NA,NA,NA,NA,NA,WARNING_SOFT,1,0,0,0,0,TREND_REVERSAL_UNCONFIRMED,0,0.45,LONG,1,0,0,0
SOLUSDT,1780376400000,2026-06-02T05:00:00.000Z,BEAR,LONG,17.5,12.909375,IGNORE,0,WATCH,,0,0,0,NA,NA,NA,NA,NA,CLEAR,1,0,0,0,0,TREND_REVERSAL_UNCONFIRMED,1,0.45,LONG,1,0,0,0
SOLUSDT,1780380000000,2026-06-02T06:00:00.000Z,BEAR,LONG,17.5,12.909375,IGNORE,0,WATCH,,0,0,0,NA,NA,NA,NA,NA,CLEAR,1,0,0,0,0,TREND_REVERSAL_UNCONFIRMED,1,0.45,LONG,1,0,0,0
SOLUSDT,1780383600000,2026-06-02T07:00:00.000Z,BEAR,LONG,17.5,12.909375,IGNORE,0,WATCH,,0,0,0,NA,NA,NA,NA,NA,CLEAR,1,0,0,0,0,TREND_REVERSAL_UNCONFIRMED,1,0.45,LONG,1,0,0,0
SOLUSDT,1780387200000,2026-06-02T08:00:00.000Z,BEAR,LONG,42.5,18.534375,IGNORE,0,WATCH,,0,0,0,NA,NA,NA,NA,NA,CLEAR,1,0,0,0,0,TREND_REVERSAL_UNCONFIRMED,2,0.45,LONG,1,0,0,0
SOLUSDT,1780390800000,2026-06-02T09:00:00.000Z,BEAR,LONG,31.433673826998486,17.662901813876132,IGNORE,0,WATCH,,0,0,0,NA,NA,NA,NA,NA,CLEAR,1,0,0,0,0,TREND_REVERSAL_UNCONFIRMED,2,0.45,LONG,1,0,0,0
SOLUSDT,1780394400000,2026-06-02T10:00:00.000Z,BEAR,LONG,17.5,12.909375,IGNORE,0,WATCH,,0,0,0,NA,NA,NA,NA,NA,CLEAR,1,0,0,0,0,TREND_REVERSAL_UNCONFIRMED,1,0.45,LONG,1,0,0,0
SOLUSDT,1780398000000,2026-06-02T11:00:00.000Z,BEAR,LONG,17.5,12.909375,IGNORE,0,WATCH,,0,0,0,NA,NA,NA,NA,NA,CLEAR,1,0,0,0,0,TREND_REVERSAL_UNCONFIRMED,1,0.45,LONG,1,0,0,0
SOLUSDT,1780401600000,2026-06-02T12:00:00.000Z,BEAR,LONG,17.5,12.909375,IGNORE,0,WATCH,,0,0,0,NA,NA,NA,NA,NA,CLEAR,1,0,0,0,0,TREND_REVERSAL_UNCONFIRMED,1,0.45,LONG,1,0,0,0
SOLUSDT,1780405200000,2026-06-02T13:00:00.000Z,BEAR,LONG,17.5,12.909375,IGNORE,0,WATCH,,0,0,0,NA,NA,NA,NA,NA,CLEAR,1,0,0,0,0,TREND_REVERSAL_UNCONFIRMED,1,0.45,LONG,1,0,0,0
SOLUSDT,1780408800000,2026-06-02T14:00:00.000Z,BEAR,LONG,42.5,18.534375,IGNORE,0,WATCH,,0,0,0,NA,NA,NA,NA,NA,CLEAR,1,0,1,0,0,TREND_REVERSAL_UNCONFIRMED,2,0.45,LONG,1,0,0,0
SOLUSDT,1780412400000,2026-06-02T15:00:00.000Z,BEAR,LONG,57.08333333333333,51.54624999999999,WATCH,1,WATCH,ACTIVE,1,1,0,FAIL,PASS,SKIP,SKIP,PASS,CLEAR,1,0,1,0,0,MARKET_CONTEXT_DENIED,3,0.84,LONG,0,1,0,0
SOLUSDT,1780416000000,2026-06-02T16:00:00.000Z,BEAR,LONG,69,60.123,WATCH,1,WATCH,ACTIVE,1,1,0,FAIL,PASS,SKIP,SKIP,PASS,CLEAR,1,0,0,0,0,MARKET_CONTEXT_DENIED,4,0.84,LONG,0,1,0,0
SOLUSDT,1780419600000,2026-06-02T17:00:00.000Z,BEAR,LONG,17.5,12.909375,IGNORE,0,WATCH,,0,0,0,NA,NA,NA,NA,NA,CLEAR,1,0,0,0,0,TREND_REVERSAL_UNCONFIRMED,1,0.45,LONG,1,0,0,0
SOLUSDT,1780423200000,2026-06-02T18:00:00.000Z,BEAR,LONG,18.055555555555557,12.953125,IGNORE,0,WATCH,,0,0,0,NA,NA,NA,NA,NA,CLEAR,1,0,0,0,0,TREND_REVERSAL_UNCONFIRMED,1,0.45,LONG,1,0,0,0
SOLUSDT,1780426800000,2026-06-02T19:00:00.000Z,BEAR,LONG,39.58333333333333,18.3046875,IGNORE,0,WATCH,,0,0,0,NA,NA,NA,NA,NA,CLEAR,1,0,0,0,0,TREND_REVERSAL_UNCONFIRMED,2,0.45,LONG,1,0,0,0
SOLUSDT,1780430400000,2026-06-02T20:00:00.000Z,BEAR,LONG,14.583333333333332,12.6796875,IGNORE,0,WATCH,,0,0,0,NA,NA,NA,NA,NA,CLEAR,1,0,0,0,0,TREND_REVERSAL_UNCONFIRMED,1,0.45,LONG,1,0,0,0
SOLUSDT,1780434000000,2026-06-02T21:00:00.000Z,BEAR,LONG,37.84722222222222,18.16796875,IGNORE,0,WATCH,,0,0,0,NA,NA,NA,NA,NA,CLEAR,1,0,0,0,0,TREND_REVERSAL_UNCONFIRMED,2,0.45,LONG,1,0,0,0
SOLUSDT,1780437600000,2026-06-02T22:00:00.000Z,BEAR,LONG,39.58333333333333,18.3046875,IGNORE,0,WATCH,,0,0,0,NA,NA,NA,NA,NA,CLEAR,1,0,0,0,0,TREND_REVERSAL_UNCONFIRMED,2,0.45,LONG,1,0,0,0
SOLUSDT,1780441200000,2026-06-02T23:00:00.000Z,BEAR,LONG,37.85720340869196,18.168754768434493,IGNORE,0,WATCH,,0,0,0,NA,NA,NA,NA,NA,CLEAR,1,0,0,0,0,TREND_REVERSAL_UNCONFIRMED,2,0.45,LONG,1,0,0,0
SOLUSDT,1780444800000,2026-06-03T00:00:00.000Z,BEAR,LONG,0,7.875,IGNORE,0,WATCH,,0,0,0,NA,NA,NA,NA,NA,CLEAR,1,0,0,0,0,TREND_REVERSAL_UNCONFIRMED,0,0.45,LONG,1,0,0,0
SOLUSDT,1780448400000,2026-06-03T01:00:00.000Z,BEAR,LONG,0,7.875,IGNORE,0,WATCH,,0,0,0,NA,NA,NA,NA,NA,CLEAR,1,0,0,0,0,TREND_REVERSAL_UNCONFIRMED,0,0.45,LONG,1,0,0,0
SOLUSDT,1780452000000,2026-06-03T02:00:00.000Z,BEAR,LONG,0,7.875,IGNORE,0,WATCH,,0,0,0,NA,NA,NA,NA,NA,CLEAR,1,0,0,0,0,TREND_REVERSAL_UNCONFIRMED,0,0.45,LONG,1,0,0,0
SOLUSDT,1780455600000,2026-06-03T03:00:00.000Z,BEAR,LONG,31.105476939087367,17.63705630895313,IGNORE,0,WATCH,,0,0,0,NA,NA,NA,NA,NA,CLEAR,1,0,0,0,0,TREND_REVERSAL_UNCONFIRMED,2,0.45,LONG,1,0,0,0
SOLUSDT,1780459200000,2026-06-03T04:00:00.000Z,BEAR,LONG,25,13.5,IGNORE,0,WATCH,,0,0,0,NA,NA,NA,NA,NA,CLEAR,1,0,0,0,0,TREND_REVERSAL_UNCONFIRMED,1,0.45,LONG,1,0,0,0
SOLUSDT,1780462800000,2026-06-03T05:00:00.000Z,BEAR,LONG,0,7.875,IGNORE,0,WATCH,,0,0,0,NA,NA,NA,NA,NA,CLEAR,1,0,0,0,0,TREND_REVERSAL_UNCONFIRMED,0,0.45,LONG,1,0,0,0
SOLUSDT,1780466400000,2026-06-03T06:00:00.000Z,BEAR,LONG,0,7.875,IGNORE,0,WATCH,,0,0,0,NA,NA,NA,NA,NA,WARNING_SOFT,1,0,0,0,0,TREND_REVERSAL_UNCONFIRMED,0,0.45,LONG,1,0,0,0
SOLUSDT,1780470000000,2026-06-03T07:00:00.000Z,BEAR,LONG,0,7.875,IGNORE,0,WATCH,,0,0,0,NA,NA,NA,NA,NA,WARNING_SOFT,1,0,0,0,0,TREND_REVERSAL_UNCONFIRMED,0,0.45,LONG,1,0,0,0
SOLUSDT,1780473600000,2026-06-03T08:00:00.000Z,BEAR,LONG,0,7.875,IGNORE,0,WATCH,,0,0,0,NA,NA,NA,NA,NA,WARNING_SOFT,1,0,0,0,0,TREND_REVERSAL_UNCONFIRMED,0,0.45,LONG,1,0,0,0
SOLUSDT,1780477200000,2026-06-03T09:00:00.000Z,BEAR,LONG,0,7.875,IGNORE,0,WATCH,,0,0,0,NA,NA,NA,NA,NA,WARNING_SOFT,1,0,0,0,0,TREND_REVERSAL_UNCONFIRMED,0,0.45,LONG,1,0,0,0
SOLUSDT,1780480800000,2026-06-03T10:00:00.000Z,BEAR,LONG,0,7.875,IGNORE,0,WATCH,,0,0,0,NA,NA,NA,NA,NA,WARNING_SOFT,1,0,0,0,0,TREND_REVERSAL_UNCONFIRMED,0,0.45,LONG,1,0,0,0
SOLUSDT,1780484400000,2026-06-03T11:00:00.000Z,BEAR,LONG,0,7.875,IGNORE,0,WATCH,,0,0,0,NA,NA,NA,NA,NA,WARNING_SOFT,1,0,0,0,0,TREND_REVERSAL_UNCONFIRMED,0,0.45,LONG,1,0,0,0
SOLUSDT,1780488000000,2026-06-03T12:00:00.000Z,BEAR,LONG,0,7.875,IGNORE,0,WATCH,,0,0,0,NA,NA,NA,NA,NA,WARNING_SOFT,1,0,0,0,0,TREND_REVERSAL_UNCONFIRMED,0,0.45,LONG,1,0,0,0
SOLUSDT,1780491600000,2026-06-03T13:00:00.000Z,BEAR,LONG,0,7.875,IGNORE,0,WATCH,,0,0,0,NA,NA,NA,NA,NA,CLEAR,1,0,0,0,0,TREND_REVERSAL_UNCONFIRMED,0,0.45,LONG,1,0,0,0
SOLUSDT,1780495200000,2026-06-03T14:00:00.000Z,BEAR,LONG,0,7.875,IGNORE,0,WATCH,,0,0,0,NA,NA,NA,NA,NA,CLEAR,1,0,0,0,0,TREND_REVERSAL_UNCONFIRMED,0,0.45,LONG,1,0,0,0
SOLUSDT,1780498800000,2026-06-03T15:00:00.000Z,BEAR,LONG,15.405214507254176,12.744410642446267,IGNORE,0,WATCH,,0,0,0,NA,NA,NA,NA,NA,CLEAR,1,0,0,0,0,TREND_REVERSAL_UNCONFIRMED,1,0.45,LONG,1,0,0,0
SOLUSDT,1780502400000,2026-06-03T16:00:00.000Z,BEAR,LONG,50,19.125,IGNORE,0,WATCH,,0,0,0,NA,NA,NA,NA,NA,CLEAR,1,0,0,0,0,TREND_REVERSAL_UNCONFIRMED,2,0.45,LONG,1,0,0,0
SOLUSDT,1780506000000,2026-06-03T17:00:00.000Z,BEAR,LONG,15.070308075688473,12.718036760960468,IGNORE,0,WATCH,,0,0,0,NA,NA,NA,NA,NA,CLEAR,1,0,0,0,0,TREND_REVERSAL_UNCONFIRMED,1,0.45,LONG,1,0,0,0
SOLUSDT,1780509600000,2026-06-03T18:00:00.000Z,BEAR,LONG,0,7.875,IGNORE,0,WATCH,,0,0,0,NA,NA,NA,NA,NA,CLEAR,1,0,0,0,0,TREND_REVERSAL_UNCONFIRMED,0,0.45,LONG,1,0,0,0
SOLUSDT,1780513200000,2026-06-03T19:00:00.000Z,BEAR,LONG,30.249292515490023,17.56963178559484,IGNORE,0,WATCH,,0,0,0,NA,NA,NA,NA,NA,CLEAR,1,0,0,0,0,TREND_REVERSAL_UNCONFIRMED,2,0.45,LONG,1,0,0,0
SOLUSDT,1780516800000,2026-06-03T20:00:00.000Z,BEAR,LONG,38.32911083450982,18.20591747821765,IGNORE,0,WATCH,,0,0,0,NA,NA,NA,NA,NA,CLEAR,1,0,0,0,0,TREND_REVERSAL_UNCONFIRMED,2,0.45,LONG,1,0,0,0
SOLUSDT,1780520400000,2026-06-03T21:00:00.000Z,BEAR,LONG,25,13.5,IGNORE,0,WATCH,,0,0,0,NA,NA,NA,NA,NA,CLEAR,1,0,0,0,0,TREND_REVERSAL_UNCONFIRMED,1,0.45,LONG,1,0,0,0
SOLUSDT,1780524000000,2026-06-03T22:00:00.000Z,BEAR,LONG,0,7.875,IGNORE,0,WATCH,,0,0,0,NA,NA,NA,NA,NA,CLEAR,1,0,0,0,0,TREND_REVERSAL_UNCONFIRMED,0,0.45,LONG,1,0,0,0
SOLUSDT,1780527600000,2026-06-03T23:00:00.000Z,BEAR,LONG,0,7.875,IGNORE,0,WATCH,,0,0,0,NA,NA,NA,NA,NA,CLEAR,1,0,0,0,0,TREND_REVERSAL_UNCONFIRMED,0,0.45,LONG,1,0,0,0
SOLUSDT,1780531200000,2026-06-04T00:00:00.000Z,BEAR,LONG,22.852595845954376,13.330891922868906,IGNORE,0,WATCH,,0,0,0,NA,NA,NA,NA,NA,CLEAR,1,0,1,0,0,TREND_REVERSAL_UNCONFIRMED,1,0.45,LONG,1,0,0,0
SOLUSDT,1780534800000,2026-06-04T01:00:00.000Z,BEAR,LONG,41.31944444444444,18.44140625,IGNORE,0,WATCH,,0,0,0,NA,NA,NA,NA,NA,CLEAR,1,0,1,0,0,TREND_REVERSAL_UNCONFIRMED,2,0.45,LONG,1,0,0,0
SOLUSDT,1780538400000,2026-06-04T02:00:00.000Z,BEAR,LONG,25,13.5,IGNORE,0,WATCH,,0,0,0,NA,NA,NA,NA,NA,CLEAR,1,0,0,0,0,TREND_REVERSAL_UNCONFIRMED,1,0.45,LONG,1,0,0,0
SOLUSDT,1780542000000,2026-06-04T03:00:00.000Z,BEAR,LONG,39.20887954299718,18.27519926401103,IGNORE,0,WATCH,,0,0,0,NA,NA,NA,NA,NA,CLEAR,1,0,0,0,0,TREND_REVERSAL_UNCONFIRMED,2,0.45,LONG,1,0,0,0
SOLUSDT,1780545600000,2026-06-04T04:00:00.000Z,BEAR,LONG,0,7.875,IGNORE,0,WATCH,,0,0,0,NA,NA,NA,NA,NA,WARNING_SOFT,1,0,0,0,0,TREND_REVERSAL_UNCONFIRMED,0,0.45,LONG,1,0,0,0
SOLUSDT,1780549200000,2026-06-04T05:00:00.000Z,BEAR,LONG,0,7.875,IGNORE,0,WATCH,,0,0,0,NA,NA,NA,NA,NA,CLEAR,1,0,0,0,0,TREND_REVERSAL_UNCONFIRMED,0,0.45,LONG,1,0,0,0
SOLUSDT,1780552800000,2026-06-04T06:00:00.000Z,BEAR,LONG,0,7.875,IGNORE,0,WATCH,,0,0,0,NA,NA,NA,NA,NA,CLEAR,1,0,0,0,0,TREND_REVERSAL_UNCONFIRMED,0,0.45,LONG,1,0,0,0
SOLUSDT,1780556400000,2026-06-04T07:00:00.000Z,BEAR,LONG,0,7.875,IGNORE,0,WATCH,,0,0,0,NA,NA,NA,NA,NA,CLEAR,1,0,0,0,0,TREND_REVERSAL_UNCONFIRMED,0,0.45,LONG,1,0,0,0
SOLUSDT,1780560000000,2026-06-04T08:00:00.000Z,BEAR,LONG,25,13.5,IGNORE,0,WATCH,,0,0,0,NA,NA,NA,NA,NA,CLEAR,1,0,0,0,0,TREND_REVERSAL_UNCONFIRMED,1,0.45,LONG,1,0,0,0
SOLUSDT,1780563600000,2026-06-04T09:00:00.000Z,BEAR,LONG,0,7.875,IGNORE,0,WATCH,,0,0,0,NA,NA,NA,NA,NA,CLEAR,1,0,0,0,0,TREND_REVERSAL_UNCONFIRMED,0,0.45,LONG,1,0,0,0
SOLUSDT,1780567200000,2026-06-04T10:00:00.000Z,BEAR,LONG,12.847222222222221,12.54296875,IGNORE,0,WATCH,,0,0,0,NA,NA,NA,NA,NA,CLEAR,1,0,0,0,0,TREND_REVERSAL_UNCONFIRMED,1,0.45,LONG,1,0,0,0
SOLUSDT,1780570800000,2026-06-04T11:00:00.000Z,BEAR,LONG,25,13.5,IGNORE,0,WATCH,,0,0,0,NA,NA,NA,NA,NA,CLEAR,1,0,0,0,0,TREND_REVERSAL_UNCONFIRMED,1,0.45,LONG,1,0,0,0
SOLUSDT,1780574400000,2026-06-04T12:00:00.000Z,BEAR,LONG,13.280249668570887,12.577069661399957,IGNORE,0,WATCH,,0,0,0,NA,NA,NA,NA,NA,CLEAR,1,0,0,0,0,TREND_REVERSAL_UNCONFIRMED,1,0.45,LONG,1,0,0,0
SOLUSDT,1780578000000,2026-06-04T13:00:00.000Z,BEAR,LONG,0,7.875,IGNORE,0,WATCH,,0,0,0,NA,NA,NA,NA,NA,WARNING_SOFT,1,0,0,0,0,TREND_REVERSAL_UNCONFIRMED,0,0.45,LONG,1,0,0,0
SOLUSDT,1780581600000,2026-06-04T14:00:00.000Z,BEAR,LONG,17.5,12.909375,IGNORE,0,WATCH,,0,0,0,NA,NA,NA,NA,NA,WARNING_SOFT,1,0,0,0,0,TREND_REVERSAL_UNCONFIRMED,1,0.45,LONG,1,0,0,0
SOLUSDT,1780585200000,2026-06-04T15:00:00.000Z,BEAR,LONG,17.5,12.909375,IGNORE,0,WATCH,,0,0,0,NA,NA,NA,NA,NA,WARNING_SOFT,1,0,0,0,0,TREND_REVERSAL_UNCONFIRMED,1,0.45,LONG,1,0,0,0
SOLUSDT,1780588800000,2026-06-04T16:00:00.000Z,BEAR,LONG,42.5,18.534375,IGNORE,0,WATCH,,0,0,0,NA,NA,NA,NA,NA,CLEAR,1,0,0,0,0,TREND_REVERSAL_UNCONFIRMED,2,0.45,LONG,1,0,0,0
SOLUSDT,1780592400000,2026-06-04T17:00:00.000Z,BEAR,LONG,17.5,12.909375,IGNORE,0,WATCH,,0,0,0,NA,NA,NA,NA,NA,CLEAR,1,0,0,0,0,TREND_REVERSAL_UNCONFIRMED,1,0.45,LONG,1,0,0,0
SOLUSDT,1780596000000,2026-06-04T18:00:00.000Z,BEAR,LONG,17.5,12.909375,IGNORE,0,WATCH,,0,0,0,NA,NA,NA,NA,NA,WARNING_SOFT,1,0,0,0,0,TREND_REVERSAL_UNCONFIRMED,1,0.45,LONG,1,0,0,0
SOLUSDT,1780599600000,2026-06-04T19:00:00.000Z,BEAR,LONG,17.5,12.909375,IGNORE,0,WATCH,,0,0,0,NA,NA,NA,NA,NA,WARNING_SOFT,1,0,0,0,0,TREND_REVERSAL_UNCONFIRMED,1,0.45,LONG,1,0,0,0
SOLUSDT,1780603200000,2026-06-04T20:00:00.000Z,BEAR,LONG,17.5,12.909375,IGNORE,0,WATCH,,0,0,0,NA,NA,NA,NA,NA,CLEAR,1,0,0,0,0,TREND_REVERSAL_UNCONFIRMED,1,0.45,LONG,1,0,0,0
SOLUSDT,1780606800000,2026-06-04T21:00:00.000Z,BEAR,LONG,30.34722222222222,17.57734375,IGNORE,0,WATCH,,0,0,0,NA,NA,NA,NA,NA,CLEAR,1,0,0,0,0,TREND_REVERSAL_UNCONFIRMED,2,0.45,LONG,1,0,0,0
SOLUSDT,1780610400000,2026-06-04T22:00:00.000Z,BEAR,LONG,17.5,12.909375,IGNORE,0,WATCH,,0,0,0,NA,NA,NA,NA,NA,CLEAR,1,0,0,0,0,TREND_REVERSAL_UNCONFIRMED,1,0.45,LONG,1,0,0,0
SOLUSDT,1780614000000,2026-06-04T23:00:00.000Z,BEAR,LONG,42.5,18.534375,IGNORE,0,WATCH,,0,0,0,NA,NA,NA,NA,NA,CLEAR,1,0,0,0,0,TREND_REVERSAL_UNCONFIRMED,2,0.45,LONG,1,0,0,0
SOLUSDT,1780617600000,2026-06-05T00:00:00.000Z,BEAR,LONG,17.5,12.909375,IGNORE,0,WATCH,,0,0,0,NA,NA,NA,NA,NA,WARNING_SOFT,1,0,0,0,0,TREND_REVERSAL_UNCONFIRMED,1,0.45,LONG,1,0,0,0
SOLUSDT,1780621200000,2026-06-05T01:00:00.000Z,BEAR,LONG,17.5,12.909375,IGNORE,0,WATCH,,0,0,0,NA,NA,NA,NA,NA,CLEAR,1,0,0,0,0,TREND_REVERSAL_UNCONFIRMED,1,0.45,LONG,1,0,0,0
SOLUSDT,1780624800000,2026-06-05T02:00:00.000Z,BEAR,LONG,17.5,12.909375,IGNORE,0,WATCH,,0,0,0,NA,NA,NA,NA,NA,CLEAR,1,0,0,0,0,TREND_REVERSAL_UNCONFIRMED,1,0.45,LONG,1,0,0,0
SOLUSDT,1780628400000,2026-06-05T03:00:00.000Z,BEAR,LONG,17.5,12.909375,IGNORE,0,WATCH,,0,0,0,NA,NA,NA,NA,NA,CLEAR,1,0,0,0,0,TREND_REVERSAL_UNCONFIRMED,1,0.45,LONG,1,0,0,0
SOLUSDT,1780632000000,2026-06-05T04:00:00.000Z,BEAR,LONG,60.83090672052821,52.097143287917646,WATCH,1,WATCH,ACTIVE,1,1,0,FAIL,PASS,SKIP,SKIP,PASS,CLEAR,1,0,0,0,0,MARKET_CONTEXT_DENIED,3,0.84,LONG,0,1,0,0
SOLUSDT,1780635600000,2026-06-05T05:00:00.000Z,BEAR,LONG,36.017399719513016,18.02387022791165,IGNORE,0,WATCH,,0,0,0,NA,NA,NA,NA,NA,CLEAR,1,0,0,0,0,TREND_REVERSAL_UNCONFIRMED,2,0.45,LONG,1,0,0,0
SOLUSDT,1780639200000,2026-06-05T06:00:00.000Z,BEAR,LONG,55.34722222222222,51.291041666666665,WATCH,1,WATCH,ACTIVE,1,1,0,FAIL,PASS,SKIP,SKIP,PASS,CLEAR,1,0,0,0,0,MARKET_CONTEXT_DENIED,3,0.84,LONG,0,1,0,0
SOLUSDT,1780642800000,2026-06-05T07:00:00.000Z,BEAR,LONG,37.50979931766085,18.14139669626579,IGNORE,0,WATCH,,0,0,0,NA,NA,NA,NA,NA,CLEAR,1,0,0,0,0,TREND_REVERSAL_UNCONFIRMED,2,0.45,LONG,1,0,0,0
SOLUSDT,1780646400000,2026-06-05T08:00:00.000Z,BEAR,LONG,17.5,12.909375,IGNORE,0,WATCH,,0,0,0,NA,NA,NA,NA,NA,CLEAR,1,0,0,0,0,TREND_REVERSAL_UNCONFIRMED,1,0.45,LONG,1,0,0,0
SOLUSDT,1780650000000,2026-06-05T09:00:00.000Z,BEAR,LONG,25,13.5,IGNORE,0,WATCH,,0,0,0,NA,NA,NA,NA,NA,CLEAR,1,0,0,0,0,TREND_REVERSAL_UNCONFIRMED,1,0.45,LONG,1,0,0,0
SOLUSDT,1780653600000,2026-06-05T10:00:00.000Z,BEAR,LONG,0,7.875,IGNORE,0,WATCH,,0,0,0,NA,NA,NA,NA,NA,CLEAR,1,0,0,0,0,TREND_REVERSAL_UNCONFIRMED,0,0.45,LONG,1,0,0,0
SOLUSDT,1780657200000,2026-06-05T11:00:00.000Z,BEAR,LONG,0,7.875,IGNORE,0,WATCH,,0,0,0,NA,NA,NA,NA,NA,CLEAR,1,0,0,0,0,TREND_REVERSAL_UNCONFIRMED,0,0.45,LONG,1,0,0,0
SOLUSDT,1780660800000,2026-06-05T12:00:00.000Z,BEAR,LONG,0,7.875,IGNORE,0,WATCH,,0,0,0,NA,NA,NA,NA,NA,CLEAR,1,0,0,0,0,TREND_REVERSAL_UNCONFIRMED,0,0.45,LONG,1,0,0,0
SOLUSDT,1780664400000,2026-06-05T13:00:00.000Z,BEAR,LONG,19.15386697146501,13.039617024002869,IGNORE,0,WATCH,,0,0,0,NA,NA,NA,NA,NA,CLEAR,1,0,0,0,0,TREND_REVERSAL_UNCONFIRMED,1,0.45,LONG,1,0,0,0
SOLUSDT,1780668000000,2026-06-05T14:00:00.000Z,BEAR,LONG,25,13.5,IGNORE,0,WATCH,,0,0,0,NA,NA,NA,NA,NA,CLEAR,1,0,0,0,0,TREND_REVERSAL_UNCONFIRMED,1,0.45,LONG,1,0,0,0
SOLUSDT,1780671600000,2026-06-05T15:00:00.000Z,BEAR,LONG,22.323813611617535,13.289250321914881,IGNORE,0,WATCH,,0,0,0,NA,NA,NA,NA,NA,CLEAR,1,0,0,0,0,TREND_REVERSAL_UNCONFIRMED,1,0.45,LONG,1,0,0,0
SOLUSDT,1780675200000,2026-06-05T16:00:00.000Z,BEAR,LONG,25,13.5,IGNORE,0,WATCH,,0,0,0,NA,NA,NA,NA,NA,CLEAR,1,0,0,0,0,TREND_REVERSAL_UNCONFIRMED,1,0.45,LONG,1,0,0,0
SOLUSDT,1780678800000,2026-06-05T17:00:00.000Z,BEAR,LONG,0,7.875,IGNORE,0,WATCH,,0,0,0,NA,NA,NA,NA,NA,CLEAR,1,0,0,0,0,TREND_REVERSAL_UNCONFIRMED,0,0.45,LONG,1,0,0,0
SOLUSDT,1780682400000,2026-06-05T18:00:00.000Z,BEAR,LONG,15.998785112981754,12.791154327647313,IGNORE,0,WATCH,,0,0,0,NA,NA,NA,NA,NA,CLEAR,1,0,0,0,0,TREND_REVERSAL_UNCONFIRMED,1,0.45,LONG,1,0,0,0
SOLUSDT,1780686000000,2026-06-05T19:00:00.000Z,BEAR,LONG,21.221096202386196,13.202411325937913,IGNORE,0,WATCH,,0,0,0,NA,NA,NA,NA,NA,CLEAR,1,0,0,0,0,TREND_REVERSAL_UNCONFIRMED,1,0.45,LONG,1,0,0,0
SOLUSDT,1780689600000,2026-06-05T20:00:00.000Z,BEAR,LONG,25,13.5,IGNORE,0,WATCH,,0,0,0,NA,NA,NA,NA,NA,CLEAR,1,0,0,0,0,TREND_REVERSAL_UNCONFIRMED,1,0.45,LONG,1,0,0,0
SOLUSDT,1780693200000,2026-06-05T21:00:00.000Z,BEAR,LONG,0,7.875,IGNORE,0,WATCH,,0,0,0,NA,NA,NA,NA,NA,WARNING_SOFT,1,0,0,0,0,TREND_REVERSAL_UNCONFIRMED,0,0.45,LONG,1,0,0,0
SOLUSDT,1780696800000,2026-06-05T22:00:00.000Z,BEAR,LONG,0,7.875,IGNORE,0,WATCH,,0,0,0,NA,NA,NA,NA,NA,CLEAR,1,0,0,0,0,TREND_REVERSAL_UNCONFIRMED,0,0.45,LONG,1,0,0,0
SOLUSDT,1780700400000,2026-06-05T23:00:00.000Z,BEAR,LONG,0,7.875,IGNORE,0,WATCH,,0,0,0,NA,NA,NA,NA,NA,CLEAR,1,0,0,0,0,TREND_REVERSAL_UNCONFIRMED,0,0.45,LONG,1,0,0,0
SOLUSDT,1780704000000,2026-06-06T00:00:00.000Z,BEAR,LONG,0,7.875,IGNORE,0,WATCH,,0,0,0,NA,NA,NA,NA,NA,CLEAR,1,0,0,0,0,TREND_REVERSAL_UNCONFIRMED,0,0.45,LONG,1,0,0,0
SOLUSDT,1780707600000,2026-06-06T01:00:00.000Z,BEAR,LONG,0,7.875,IGNORE,0,WATCH,,0,0,0,NA,NA,NA,NA,NA,WARNING_SOFT,1,0,0,0,0,TREND_REVERSAL_UNCONFIRMED,0,0.45,LONG,1,0,0,0
SOLUSDT,1780711200000,2026-06-06T02:00:00.000Z,BEAR,LONG,17.5,12.909375,IGNORE,0,WATCH,,0,0,0,NA,NA,NA,NA,NA,CLEAR,1,0,0,0,0,TREND_REVERSAL_UNCONFIRMED,1,0.45,LONG,1,0,0,0
SOLUSDT,1780714800000,2026-06-06T03:00:00.000Z,BEAR,LONG,30.34722222222222,17.57734375,IGNORE,0,WATCH,,0,0,0,NA,NA,NA,NA,NA,CLEAR,1,0,0,0,0,TREND_REVERSAL_UNCONFIRMED,2,0.45,LONG,1,0,0,0
SOLUSDT,1780718400000,2026-06-06T04:00:00.000Z,BEAR,LONG,52.531240982288715,42.47709242439644,WATCH,1,WATCH,ACTIVE,1,1,0,FAIL,PASS,SKIP,SKIP,FAIL,CLEAR,1,0,0,0,0,MARKET_CONTEXT_DENIED,3,0.84,LONG,1,0,0,0
SOLUSDT,1780722000000,2026-06-06T05:00:00.000Z,BEAR,LONG,35.117194264798954,17.952979048352915,IGNORE,0,WATCH,,0,0,0,NA,NA,NA,NA,NA,CLEAR,1,0,0,0,0,TREND_REVERSAL_UNCONFIRMED,2,0.45,LONG,1,0,0,0
SOLUSDT,1780725600000,2026-06-06T06:00:00.000Z,BEAR,LONG,17.5,12.909375,IGNORE,0,WATCH,,0,0,0,NA,NA,NA,NA,NA,CLEAR,1,0,0,0,0,TREND_REVERSAL_UNCONFIRMED,1,0.45,LONG,1,0,0,0
SOLUSDT,1780729200000,2026-06-06T07:00:00.000Z,BEAR,LONG,42.5,18.534375,IGNORE,0,WATCH,,0,0,0,NA,NA,NA,NA,NA,CLEAR,1,0,0,0,0,TREND_REVERSAL_UNCONFIRMED,2,0.45,LONG,1,0,0,0
SOLUSDT,1780732800000,2026-06-06T08:00:00.000Z,BEAR,LONG,0,7.875,IGNORE,0,WATCH,,0,0,0,NA,NA,NA,NA,NA,WARNING_SOFT,1,0,0,0,0,TREND_REVERSAL_UNCONFIRMED,0,0.45,LONG,1,0,0,0
SOLUSDT,1780736400000,2026-06-06T09:00:00.000Z,BEAR,LONG,0,7.875,IGNORE,0,WATCH,,0,0,0,NA,NA,NA,NA,NA,WARNING_SOFT,1,0,0,0,0,TREND_REVERSAL_UNCONFIRMED,0,0.45,LONG,1,0,0,0
SOLUSDT,1780740000000,2026-06-06T10:00:00.000Z,BEAR,LONG,0,7.875,IGNORE,0,WATCH,,0,0,0,NA,NA,NA,NA,NA,CLEAR,1,0,0,0,0,TREND_REVERSAL_UNCONFIRMED,0,0.45,LONG,1,0,0,0
SOLUSDT,1780743600000,2026-06-06T11:00:00.000Z,BEAR,LONG,0,7.875,IGNORE,0,WATCH,,0,0,0,NA,NA,NA,NA,NA,CLEAR,1,0,0,0,0,TREND_REVERSAL_UNCONFIRMED,0,0.45,LONG,1,0,0,0
SOLUSDT,1780747200000,2026-06-06T12:00:00.000Z,BEAR,LONG,25,13.5,IGNORE,0,WATCH,,0,0,0,NA,NA,NA,NA,NA,CLEAR,1,0,0,0,0,TREND_REVERSAL_UNCONFIRMED,1,0.45,LONG,1,0,0,0
SOLUSDT,1780750800000,2026-06-06T13:00:00.000Z,BEAR,LONG,17.5,12.909375,IGNORE,0,WATCH,,0,0,0,NA,NA,NA,NA,NA,CLEAR,1,0,0,0,0,TREND_REVERSAL_UNCONFIRMED,1,0.45,LONG,1,0,0,0
SOLUSDT,1780754400000,2026-06-06T14:00:00.000Z,BEAR,LONG,17.5,12.909375,IGNORE,0,WATCH,,0,0,0,NA,NA,NA,NA,NA,CLEAR,1,0,0,0,0,TREND_REVERSAL_UNCONFIRMED,1,0.45,LONG,1,0,0,0
SOLUSDT,1780758000000,2026-06-06T15:00:00.000Z,BEAR,LONG,30.1274600385138,17.56003747803296,IGNORE,0,WATCH,,0,0,0,NA,NA,NA,NA,NA,CLEAR,1,0,0,0,0,TREND_REVERSAL_UNCONFIRMED,2,0.45,LONG,1,0,0,0
SOLUSDT,1780761600000,2026-06-06T16:00:00.000Z,BEAR,LONG,17.5,12.909375,IGNORE,0,WATCH,,0,0,0,NA,NA,NA,NA,NA,CLEAR,1,0,0,0,0,TREND_REVERSAL_UNCONFIRMED,1,0.45,LONG,1,0,0,0
SOLUSDT,1780765200000,2026-06-06T17:00:00.000Z,BEAR,LONG,17.5,12.909375,IGNORE,0,WATCH,,0,0,0,NA,NA,NA,NA,NA,CLEAR,1,0,0,0,0,TREND_REVERSAL_UNCONFIRMED,1,0.45,LONG,1,0,0,0
SOLUSDT,1780768800000,2026-06-06T18:00:00.000Z,BEAR,LONG,17.5,12.909375,IGNORE,0,WATCH,,0,0,0,NA,NA,NA,NA,NA,CLEAR,1,0,0,0,0,TREND_REVERSAL_UNCONFIRMED,1,0.45,LONG,1,0,0,0
SOLUSDT,1780772400000,2026-06-06T19:00:00.000Z,BEAR,LONG,17.5,12.909375,IGNORE,0,WATCH,,0,0,0,NA,NA,NA,NA,NA,CLEAR,1,0,0,0,0,TREND_REVERSAL_UNCONFIRMED,1,0.45,LONG,1,0,0,0
SOLUSDT,1780776000000,2026-06-06T20:00:00.000Z,BEAR,LONG,17.5,12.909375,IGNORE,0,WATCH,,0,0,0,NA,NA,NA,NA,NA,CLEAR,1,0,0,0,0,TREND_REVERSAL_UNCONFIRMED,1,0.45,LONG,1,0,0,0
SOLUSDT,1780779600000,2026-06-06T21:00:00.000Z,BEAR,LONG,17.5,12.909375,IGNORE,0,WATCH,,0,0,0,NA,NA,NA,NA,NA,WARNING_SOFT,1,0,0,0,0,TREND_REVERSAL_UNCONFIRMED,1,0.45,LONG,1,0,0,0
SOLUSDT,1780783200000,2026-06-06T22:00:00.000Z,BEAR,LONG,17.5,12.909375,IGNORE,0,WATCH,,0,0,0,NA,NA,NA,NA,NA,CLEAR,1,0,0,0,0,TREND_REVERSAL_UNCONFIRMED,1,0.45,LONG,1,0,0,0
SOLUSDT,1780786800000,2026-06-06T23:00:00.000Z,BEAR,LONG,17.5,12.909375,IGNORE,0,WATCH,,0,0,0,NA,NA,NA,NA,NA,WARNING_SOFT,1,0,0,0,0,TREND_REVERSAL_UNCONFIRMED,1,0.45,LONG,1,0,0,0
SOLUSDT,1780790400000,2026-06-07T00:00:00.000Z,BEAR,LONG,42.5,18.534375,IGNORE,0,WATCH,,0,0,0,NA,NA,NA,NA,NA,WARNING_SOFT,1,0,0,0,0,TREND_REVERSAL_UNCONFIRMED,2,0.45,LONG,1,0,0,0
SOLUSDT,1780794000000,2026-06-07T01:00:00.000Z,NEUTRAL,NONE,0,7.875,IGNORE,0,WATCH,,0,0,0,NA,NA,NA,NA,NA,CLEAR,1,0,0,0,0,TREND_REVERSAL_UNCONFIRMED,0,0.45,NONE,1,0,0,0
SOLUSDT,1780797600000,2026-06-07T02:00:00.000Z,NEUTRAL,NONE,0,7.875,IGNORE,0,WATCH,,0,0,0,NA,NA,NA,NA,NA,CLEAR,1,0,0,0,0,TREND_REVERSAL_UNCONFIRMED,0,0.45,NONE,1,0,0,0
SOLUSDT,1780801200000,2026-06-07T03:00:00.000Z,NEUTRAL,NONE,0,7.875,IGNORE,0,WATCH,,0,0,0,NA,NA,NA,NA,NA,CLEAR,1,0,0,0,0,TREND_REVERSAL_UNCONFIRMED,0,0.45,NONE,1,0,0,0
SOLUSDT,1780804800000,2026-06-07T04:00:00.000Z,NEUTRAL,NONE,0,7.875,IGNORE,0,WATCH,,0,0,0,NA,NA,NA,NA,NA,CLEAR,1,0,0,0,0,TREND_REVERSAL_UNCONFIRMED,0,0.45,NONE,1,0,0,0
SOLUSDT,1780808400000,2026-06-07T05:00:00.000Z,NEUTRAL,NONE,0,7.875,IGNORE,0,WATCH,,0,0,0,NA,NA,NA,NA,NA,CLEAR,1,0,0,0,0,TREND_REVERSAL_UNCONFIRMED,0,0.45,NONE,1,0,0,0
SOLUSDT,1780812000000,2026-06-07T06:00:00.000Z,NEUTRAL,NONE,0,7.875,IGNORE,0,WATCH,,0,0,0,NA,NA,NA,NA,NA,CLEAR,1,0,0,0,0,TREND_REVERSAL_UNCONFIRMED,0,0.45,NONE,1,0,0,0
SOLUSDT,1780815600000,2026-06-07T07:00:00.000Z,NEUTRAL,NONE,0,7.875,IGNORE,0,WATCH,,0,0,0,NA,NA,NA,NA,NA,CLEAR,1,0,0,0,0,TREND_REVERSAL_UNCONFIRMED,0,0.45,NONE,1,0,0,0
SOLUSDT,1780819200000,2026-06-07T08:00:00.000Z,NEUTRAL,NONE,0,7.875,IGNORE,0,WATCH,,0,0,0,NA,NA,NA,NA,NA,CLEAR,1,1,0,0,0,TREND_REVERSAL_UNCONFIRMED,0,0.45,NONE,1,0,0,0
SOLUSDT,1780822800000,2026-06-07T09:00:00.000Z,NEUTRAL,NONE,0,7.875,IGNORE,0,WATCH,,0,0,0,NA,NA,NA,NA,NA,CLEAR,1,0,0,0,0,TREND_REVERSAL_UNCONFIRMED,0,0.45,NONE,1,0,0,0
SOLUSDT,1780826400000,2026-06-07T10:00:00.000Z,NEUTRAL,NONE,0,7.875,IGNORE,0,WATCH,,0,0,0,NA,NA,NA,NA,NA,CLEAR,1,0,0,0,0,TREND_REVERSAL_UNCONFIRMED,0,0.45,NONE,1,0,0,0
SOLUSDT,1780830000000,2026-06-07T11:00:00.000Z,NEUTRAL,NONE,0,7.875,IGNORE,0,WATCH,,0,0,0,NA,NA,NA,NA,NA,CLEAR,1,0,0,0,0,TREND_REVERSAL_UNCONFIRMED,0,0.45,NONE,1,0,0,0
SOLUSDT,1780833600000,2026-06-07T12:00:00.000Z,NEUTRAL,NONE,0,7.875,IGNORE,0,WATCH,,0,0,0,NA,NA,NA,NA,NA,WARNING_SOFT,1,0,0,0,0,TREND_REVERSAL_UNCONFIRMED,0,0.45,NONE,1,0,0,0
SOLUSDT,1780837200000,2026-06-07T13:00:00.000Z,NEUTRAL,NONE,0,7.875,IGNORE,0,WATCH,,0,0,0,NA,NA,NA,NA,NA,WARNING_SOFT,1,0,0,0,0,TREND_REVERSAL_UNCONFIRMED,0,0.45,NONE,1,0,0,0
SOLUSDT,1780840800000,2026-06-07T14:00:00.000Z,NEUTRAL,NONE,0,7.875,IGNORE,0,WATCH,,0,0,0,NA,NA,NA,NA,NA,CLEAR,1,0,0,0,0,TREND_REVERSAL_UNCONFIRMED,0,0.45,NONE,1,0,0,0
SOLUSDT,1780844400000,2026-06-07T15:00:00.000Z,NEUTRAL,NONE,0,7.875,IGNORE,0,WATCH,,0,0,0,NA,NA,NA,NA,NA,CLEAR,1,0,0,0,0,TREND_REVERSAL_UNCONFIRMED,0,0.45,NONE,1,0,0,0
SOLUSDT,1780848000000,2026-06-07T16:00:00.000Z,NEUTRAL,NONE,0,7.875,IGNORE,0,WATCH,,0,0,0,NA,NA,NA,NA,NA,CLEAR,1,0,0,0,0,TREND_REVERSAL_UNCONFIRMED,0,0.45,NONE,1,0,0,0
SOLUSDT,1780851600000,2026-06-07T17:00:00.000Z,NEUTRAL,NONE,0,7.875,IGNORE,0,WATCH,,0,0,0,NA,NA,NA,NA,NA,CLEAR,1,0,0,0,0,TREND_REVERSAL_UNCONFIRMED,0,0.45,NONE,1,0,0,0
SOLUSDT,1780855200000,2026-06-07T18:00:00.000Z,NEUTRAL,NONE,0,7.875,IGNORE,0,WATCH,,0,0,0,NA,NA,NA,NA,NA,CLEAR,1,0,0,0,0,TREND_REVERSAL_UNCONFIRMED,0,0.45,NONE,1,0,0,0
SOLUSDT,1780858800000,2026-06-07T19:00:00.000Z,BEAR,LONG,35.13506699715881,17.95438652602626,IGNORE,0,WATCH,,0,0,0,NA,NA,NA,NA,NA,CLEAR,1,0,0,0,0,TREND_REVERSAL_UNCONFIRMED,2,0.45,LONG,1,0,0,0
SOLUSDT,1780862400000,2026-06-07T20:00:00.000Z,NEUTRAL,NONE,0,7.875,IGNORE,0,WATCH,,0,0,0,NA,NA,NA,NA,NA,WARNING_SOFT,1,0,0,0,0,TREND_REVERSAL_UNCONFIRMED,0,0.45,NONE,1,0,0,0
SOLUSDT,1780866000000,2026-06-07T21:00:00.000Z,NEUTRAL,NONE,0,7.875,IGNORE,0,WATCH,,0,0,0,NA,NA,NA,NA,NA,WARNING_SOFT,1,0,0,0,0,TREND_REVERSAL_UNCONFIRMED,0,0.45,NONE,1,0,0,0
SOLUSDT,1780869600000,2026-06-07T22:00:00.000Z,NEUTRAL,NONE,0,7.875,IGNORE,0,WATCH,,0,0,0,NA,NA,NA,NA,NA,CLEAR,1,0,0,0,0,TREND_REVERSAL_UNCONFIRMED,0,0.45,NONE,1,0,0,0
SOLUSDT,1780873200000,2026-06-07T23:00:00.000Z,BULL,SHORT,17.5,12.909375,IGNORE,0,WATCH,,0,0,0,NA,NA,NA,NA,NA,CLEAR,1,0,0,0,0,TREND_REVERSAL_UNCONFIRMED,1,0.45,SHORT,1,0,0,0
SOLUSDT,1780876800000,2026-06-08T00:00:00.000Z,BULL,SHORT,42.5,18.534375,IGNORE,0,WATCH,,0,0,0,NA,NA,NA,NA,NA,CLEAR,1,0,0,0,0,TREND_REVERSAL_UNCONFIRMED,2,0.45,SHORT,1,0,0,0
SOLUSDT,1780880400000,2026-06-08T01:00:00.000Z,BULL,SHORT,0,7.875,IGNORE,0,WATCH,,0,0,0,NA,NA,NA,NA,NA,CLEAR,1,0,0,0,0,TREND_REVERSAL_UNCONFIRMED,0,0.45,SHORT,1,0,0,0
SOLUSDT,1780884000000,2026-06-08T02:00:00.000Z,BULL,SHORT,0,7.875,IGNORE,0,WATCH,,0,0,0,NA,NA,NA,NA,NA,CLEAR,1,0,0,0,0,TREND_REVERSAL_UNCONFIRMED,0,0.45,SHORT,1,0,0,0
SOLUSDT,1780887600000,2026-06-08T03:00:00.000Z,BULL,SHORT,0,7.875,IGNORE,0,WATCH,,0,0,0,NA,NA,NA,NA,NA,CLEAR,1,0,0,0,0,TREND_REVERSAL_UNCONFIRMED,0,0.45,SHORT,1,0,0,0
SOLUSDT,1780891200000,2026-06-08T04:00:00.000Z,BULL,SHORT,0,7.875,IGNORE,0,WATCH,,0,0,0,NA,NA,NA,NA,NA,WARNING_SOFT,1,0,0,0,0,TREND_REVERSAL_UNCONFIRMED,0,0.45,SHORT,1,0,0,0
SOLUSDT,1780894800000,2026-06-08T05:00:00.000Z,BULL,SHORT,0,7.875,IGNORE,0,WATCH,,0,0,0,NA,NA,NA,NA,NA,WARNING_SOFT,1,0,0,0,0,TREND_REVERSAL_UNCONFIRMED,0,0.45,SHORT,1,0,0,0
SOLUSDT,1780898400000,2026-06-08T06:00:00.000Z,BULL,SHORT,0,7.875,IGNORE,0,WATCH,,0,0,0,NA,NA,NA,NA,NA,WARNING_SOFT,1,0,0,0,0,TREND_REVERSAL_UNCONFIRMED,0,0.45,SHORT,1,0,0,0
SOLUSDT,1780902000000,2026-06-08T07:00:00.000Z,BULL,SHORT,0,7.875,IGNORE,0,WATCH,,0,0,0,NA,NA,NA,NA,NA,CLEAR,1,0,0,0,0,TREND_REVERSAL_UNCONFIRMED,0,0.45,SHORT,1,0,0,0
SOLUSDT,1780905600000,2026-06-08T08:00:00.000Z,BULL,SHORT,25,13.5,IGNORE,0,WATCH,,0,0,0,NA,NA,NA,NA,NA,WARNING_SOFT,1,0,0,0,0,TREND_REVERSAL_UNCONFIRMED,1,0.45,SHORT,1,0,0,0
SOLUSDT,1780909200000,2026-06-08T09:00:00.000Z,BULL,SHORT,0,7.875,IGNORE,0,WATCH,,0,0,0,NA,NA,NA,NA,NA,CLEAR,1,0,0,0,0,TREND_REVERSAL_UNCONFIRMED,0,0.45,SHORT,1,0,0,0
SOLUSDT,1780912800000,2026-06-08T10:00:00.000Z,BULL,SHORT,0,7.875,IGNORE,0,WATCH,,0,0,0,NA,NA,NA,NA,NA,CLEAR,1,0,0,0,0,TREND_REVERSAL_UNCONFIRMED,0,0.45,SHORT,1,0,0,0
SOLUSDT,1780916400000,2026-06-08T11:00:00.000Z,BULL,SHORT,13.11075324377529,12.563721817947304,IGNORE,0,WATCH,,0,0,0,NA,NA,NA,NA,NA,CLEAR,1,0,0,0,0,TREND_REVERSAL_UNCONFIRMED,1,0.45,SHORT,1,0,0,0
SOLUSDT,1780920000000,2026-06-08T12:00:00.000Z,BULL,SHORT,18.914290002206837,13.020750337673787,IGNORE,0,WATCH,,0,0,0,NA,NA,NA,NA,NA,CLEAR,1,0,0,0,0,TREND_REVERSAL_UNCONFIRMED,1,0.45,SHORT,1,0,0,0
SOLUSDT,1780923600000,2026-06-08T13:00:00.000Z,BULL,SHORT,37.82698231576034,18.16637485736613,IGNORE,0,WATCH,,0,0,0,NA,NA,NA,NA,NA,CLEAR,1,0,0,0,0,TREND_REVERSAL_UNCONFIRMED,2,0.45,SHORT,1,0,0,0
SOLUSDT,1780927200000,2026-06-08T14:00:00.000Z,BULL,SHORT,0,7.875,IGNORE,0,WATCH,,0,0,0,NA,NA,NA,NA,NA,CLEAR,1,0,0,0,0,TREND_REVERSAL_UNCONFIRMED,0,0.45,SHORT,1,0,0,0
SOLUSDT,1780930800000,2026-06-08T15:00:00.000Z,BULL,SHORT,0,7.875,IGNORE,0,WATCH,,0,0,0,NA,NA,NA,NA,NA,CLEAR,1,0,0,0,0,TREND_REVERSAL_UNCONFIRMED,0,0.45,SHORT,1,0,0,0
SOLUSDT,1780934400000,2026-06-08T16:00:00.000Z,BULL,SHORT,0,7.875,IGNORE,0,WATCH,,0,0,0,NA,NA,NA,NA,NA,CLEAR,1,0,0,0,0,TREND_REVERSAL_UNCONFIRMED,0,0.45,SHORT,1,0,0,0
SOLUSDT,1780938000000,2026-06-08T17:00:00.000Z,BULL,SHORT,12.847222222222221,12.54296875,IGNORE,0,WATCH,,0,0,0,NA,NA,NA,NA,NA,CLEAR,1,0,0,0,0,TREND_REVERSAL_UNCONFIRMED,1,0.45,SHORT,1,0,0,0
SOLUSDT,1780941600000,2026-06-08T18:00:00.000Z,BULL,SHORT,30.34722222222222,17.57734375,IGNORE,0,WATCH,,0,0,0,NA,NA,NA,NA,NA,CLEAR,1,0,0,0,0,TREND_REVERSAL_UNCONFIRMED,2,0.45,SHORT,1,0,0,0
SOLUSDT,1780945200000,2026-06-08T19:00:00.000Z,BULL,SHORT,17.5,12.909375,IGNORE,0,WATCH,,0,0,0,NA,NA,NA,NA,NA,CLEAR,1,0,0,0,0,TREND_REVERSAL_UNCONFIRMED,1,0.45,SHORT,1,0,0,0
SOLUSDT,1780948800000,2026-06-08T20:00:00.000Z,BULL,SHORT,30.34722222222222,17.57734375,IGNORE,0,WATCH,,0,0,0,NA,NA,NA,NA,NA,WARNING_SOFT,1,0,0,0,0,TREND_REVERSAL_UNCONFIRMED,2,0.45,SHORT,1,0,0,0
SOLUSDT,1780952400000,2026-06-08T21:00:00.000Z,BULL,SHORT,17.5,12.909375,IGNORE,0,WATCH,,0,0,0,NA,NA,NA,NA,NA,CLEAR,1,0,0,0,0,TREND_REVERSAL_UNCONFIRMED,1,0.45,SHORT,1,0,0,0
SOLUSDT,1780956000000,2026-06-08T22:00:00.000Z,BULL,SHORT,17.5,12.909375,IGNORE,0,WATCH,,0,0,0,NA,NA,NA,NA,NA,WARNING_SOFT,1,0,0,0,0,TREND_REVERSAL_UNCONFIRMED,1,0.45,SHORT,1,0,0,0
SOLUSDT,1780959600000,2026-06-08T23:00:00.000Z,BULL,SHORT,42.5,18.534375,IGNORE,0,WATCH,,0,0,0,NA,NA,NA,NA,NA,WARNING_SOFT,1,0,0,0,0,TREND_REVERSAL_UNCONFIRMED,2,0.45,SHORT,1,0,0,0
SOLUSDT,1780963200000,2026-06-09T00:00:00.000Z,NEUTRAL,NONE,0,7.875,IGNORE,0,WATCH,,0,0,0,NA,NA,NA,NA,NA,BLOCK,0,0,0,0,0,TREND_REVERSAL_UNCONFIRMED,0,0.45,NONE,1,0,0,0
SOLUSDT,1780966800000,2026-06-09T01:00:00.000Z,NEUTRAL,NONE,0,7.875,IGNORE,0,WATCH,,0,0,0,NA,NA,NA,NA,NA,BLOCK,0,0,0,0,0,TREND_REVERSAL_UNCONFIRMED,0,0.45,NONE,1,0,0,0
SOLUSDT,1780970400000,2026-06-09T02:00:00.000Z,NEUTRAL,NONE,0,7.875,IGNORE,0,WATCH,,0,0,0,NA,NA,NA,NA,NA,WARNING_SOFT,1,0,0,0,0,TREND_REVERSAL_UNCONFIRMED,0,0.45,NONE,1,0,0,0
SOLUSDT,1780974000000,2026-06-09T03:00:00.000Z,NEUTRAL,NONE,0,7.875,IGNORE,0,WATCH,,0,0,0,NA,NA,NA,NA,NA,WARNING_SOFT,1,0,0,0,0,TREND_REVERSAL_UNCONFIRMED,0,0.45,NONE,1,0,0,0
SOLUSDT,1780977600000,2026-06-09T04:00:00.000Z,BULL,SHORT,24.036013111006525,13.424086032491763,IGNORE,0,WATCH,,0,0,0,NA,NA,NA,NA,NA,WARNING_SOFT,1,0,0,0,0,TREND_REVERSAL_UNCONFIRMED,1,0.45,SHORT,1,0,0,0
SOLUSDT,1780981200000,2026-06-09T05:00:00.000Z,BULL,SHORT,0,7.875,IGNORE,0,WATCH,,0,0,0,NA,NA,NA,NA,NA,CLEAR,1,0,0,0,0,TREND_REVERSAL_UNCONFIRMED,0,0.45,SHORT,1,0,0,0
SOLUSDT,1780984800000,2026-06-09T06:00:00.000Z,BULL,SHORT,25,13.5,IGNORE,0,WATCH,,0,0,0,NA,NA,NA,NA,NA,CLEAR,1,0,0,0,0,TREND_REVERSAL_UNCONFIRMED,1,0.45,SHORT,1,0,0,0
SOLUSDT,1780988400000,2026-06-09T07:00:00.000Z,BULL,SHORT,0,7.875,IGNORE,0,WATCH,,0,0,0,NA,NA,NA,NA,NA,CLEAR,1,0,0,0,0,TREND_REVERSAL_UNCONFIRMED,0,0.45,SHORT,1,0,0,0
SOLUSDT,1780992000000,2026-06-09T08:00:00.000Z,NEUTRAL,NONE,0,7.875,IGNORE,0,WATCH,,0,0,0,NA,NA,NA,NA,NA,BLOCK,0,0,0,0,0,TREND_REVERSAL_UNCONFIRMED,0,0.45,NONE,1,0,0,0
SOLUSDT,1780995600000,2026-06-09T09:00:00.000Z,NEUTRAL,NONE,0,7.875,IGNORE,0,WATCH,,0,0,0,NA,NA,NA,NA,NA,WARNING_SOFT,1,0,0,0,0,TREND_REVERSAL_UNCONFIRMED,0,0.45,NONE,1,0,0,0
SOLUSDT,1780999200000,2026-06-09T10:00:00.000Z,NEUTRAL,NONE,0,7.875,IGNORE,0,WATCH,,0,0,0,NA,NA,NA,NA,NA,WARNING_SOFT,1,0,0,0,0,TREND_REVERSAL_UNCONFIRMED,0,0.45,NONE,1,0,0,0
SOLUSDT,1781002800000,2026-06-09T11:00:00.000Z,NEUTRAL,NONE,0,7.875,IGNORE,0,WATCH,,0,0,0,NA,NA,NA,NA,NA,WARNING_SOFT,1,0,0,0,0,TREND_REVERSAL_UNCONFIRMED,0,0.45,NONE,1,0,0,0
SOLUSDT,1781006400000,2026-06-09T12:00:00.000Z,NEUTRAL,NONE,0,7.875,IGNORE,0,WATCH,,0,0,0,NA,NA,NA,NA,NA,BLOCK,0,0,0,0,0,TREND_REVERSAL_UNCONFIRMED,0,0.45,NONE,1,0,0,0
SOLUSDT,1781010000000,2026-06-09T13:00:00.000Z,NEUTRAL,NONE,0,7.875,IGNORE,0,WATCH,,0,0,0,NA,NA,NA,NA,NA,BLOCK,0,0,0,0,0,TREND_REVERSAL_UNCONFIRMED,0,0.45,NONE,1,0,0,0
SOLUSDT,1781013600000,2026-06-09T14:00:00.000Z,NEUTRAL,NONE,0,7.875,IGNORE,0,WATCH,,0,0,0,NA,NA,NA,NA,NA,BLOCK,0,0,0,0,0,TREND_REVERSAL_UNCONFIRMED,0,0.45,NONE,1,0,0,0
SOLUSDT,1781017200000,2026-06-09T15:00:00.000Z,NEUTRAL,NONE,0,7.875,IGNORE,0,WATCH,,0,0,0,NA,NA,NA,NA,NA,BLOCK,0,0,1,0,0,TREND_REVERSAL_UNCONFIRMED,0,0.45,NONE,1,0,0,0
SOLUSDT,1781020800000,2026-06-09T16:00:00.000Z,BEAR,LONG,42.5,18.534375,IGNORE,0,WATCH,,0,0,0,NA,NA,NA,NA,NA,CLEAR,1,0,1,0,0,TREND_REVERSAL_UNCONFIRMED,2,0.45,LONG,1,0,0,0
SOLUSDT,1781024400000,2026-06-09T17:00:00.000Z,BEAR,LONG,57.47397968384416,43.20367501352509,WATCH,1,WATCH,ACTIVE,1,1,0,FAIL,PASS,SKIP,SKIP,FAIL,CLEAR,1,0,0,0,0,MARKET_CONTEXT_DENIED,3,0.84,LONG,1,0,0,0
SOLUSDT,1781028000000,2026-06-09T18:00:00.000Z,BEAR,LONG,17.5,12.909375,IGNORE,0,WATCH,,0,0,0,NA,NA,NA,NA,NA,CLEAR,1,0,0,0,0,TREND_REVERSAL_UNCONFIRMED,1,0.45,LONG,1,0,0,0
SOLUSDT,1781031600000,2026-06-09T19:00:00.000Z,BEAR,LONG,0,7.875,IGNORE,0,WATCH,,0,0,0,NA,NA,NA,NA,NA,WARNING_SOFT,1,0,0,0,0,TREND_REVERSAL_UNCONFIRMED,0,0.45,LONG,1,0,0,0
SOLUSDT,1781035200000,2026-06-09T20:00:00.000Z,BEAR,LONG,0,7.875,IGNORE,0,WATCH,,0,0,0,NA,NA,NA,NA,NA,WARNING_SOFT,1,0,0,0,0,TREND_REVERSAL_UNCONFIRMED,0,0.45,LONG,1,0,0,0
SOLUSDT,1781038800000,2026-06-09T21:00:00.000Z,BEAR,LONG,0,7.875,IGNORE,0,WATCH,,0,0,0,NA,NA,NA,NA,NA,WARNING_SOFT,1,0,0,0,0,TREND_REVERSAL_UNCONFIRMED,0,0.45,LONG,1,0,0,0
SOLUSDT,1781042400000,2026-06-09T22:00:00.000Z,BEAR,LONG,0,7.875,IGNORE,0,WATCH,,0,0,0,NA,NA,NA,NA,NA,CLEAR,1,0,0,0,0,TREND_REVERSAL_UNCONFIRMED,0,0.45,LONG,1,0,0,0
SOLUSDT,1781046000000,2026-06-09T23:00:00.000Z,BEAR,LONG,0,7.875,IGNORE,0,WATCH,,0,0,0,NA,NA,NA,NA,NA,CLEAR,1,0,0,0,0,TREND_REVERSAL_UNCONFIRMED,0,0.45,LONG,1,0,0,0
SOLUSDT,1781049600000,2026-06-10T00:00:00.000Z,BEAR,LONG,0,7.875,IGNORE,0,WATCH,,0,0,0,NA,NA,NA,NA,NA,CLEAR,1,0,0,0,0,TREND_REVERSAL_UNCONFIRMED,0,0.45,LONG,1,0,0,0
SOLUSDT,1781053200000,2026-06-10T01:00:00.000Z,BEAR,LONG,25,13.5,IGNORE,0,WATCH,,0,0,0,NA,NA,NA,NA,NA,CLEAR,1,0,0,0,0,TREND_REVERSAL_UNCONFIRMED,1,0.45,LONG,1,0,0,0
SOLUSDT,1781056800000,2026-06-10T02:00:00.000Z,BEAR,LONG,0,7.875,IGNORE,0,WATCH,,0,0,0,NA,NA,NA,NA,NA,CLEAR,1,0,0,0,0,TREND_REVERSAL_UNCONFIRMED,0,0.45,LONG,1,0,0,0
SOLUSDT,1781060400000,2026-06-10T03:00:00.000Z,BEAR,LONG,0,7.875,IGNORE,0,WATCH,,0,0,0,NA,NA,NA,NA,NA,CLEAR,1,0,0,0,0,TREND_REVERSAL_UNCONFIRMED,0,0.45,LONG,1,0,0,0
SOLUSDT,1781064000000,2026-06-10T04:00:00.000Z,BEAR,LONG,0,7.875,IGNORE,0,WATCH,,0,0,0,NA,NA,NA,NA,NA,CLEAR,1,0,0,0,0,TREND_REVERSAL_UNCONFIRMED,0,0.45,LONG,1,0,0,0
SOLUSDT,1781067600000,2026-06-10T05:00:00.000Z,BEAR,LONG,12.847222222222221,12.54296875,IGNORE,0,WATCH,,0,0,0,NA,NA,NA,NA,NA,CLEAR,1,0,0,0,0,TREND_REVERSAL_UNCONFIRMED,1,0.45,LONG,1,0,0,0
SOLUSDT,1781071200000,2026-06-10T06:00:00.000Z,BEAR,LONG,25,13.5,IGNORE,0,WATCH,,0,0,0,NA,NA,NA,NA,NA,CLEAR,1,0,0,0,0,TREND_REVERSAL_UNCONFIRMED,1,0.45,LONG,1,0,0,0
SOLUSDT,1781074800000,2026-06-10T07:00:00.000Z,BEAR,LONG,0,7.875,IGNORE,0,WATCH,,0,0,0,NA,NA,NA,NA,NA,CLEAR,1,0,0,0,0,TREND_REVERSAL_UNCONFIRMED,0,0.45,LONG,1,0,0,0
SOLUSDT,1781078400000,2026-06-10T08:00:00.000Z,BEAR,LONG,12.67294214016568,12.529244193538048,IGNORE,0,WATCH,,0,0,0,NA,NA,NA,NA,NA,CLEAR,1,0,0,0,0,TREND_REVERSAL_UNCONFIRMED,1,0.45,LONG,1,0,0,0
SOLUSDT,1781082000000,2026-06-10T09:00:00.000Z,BEAR,LONG,25,13.5,IGNORE,0,WATCH,,0,0,0,NA,NA,NA,NA,NA,CLEAR,1,0,0,0,0,TREND_REVERSAL_UNCONFIRMED,1,0.45,LONG,1,0,0,0
SOLUSDT,1781085600000,2026-06-10T10:00:00.000Z,BEAR,LONG,0,7.875,IGNORE,0,WATCH,,0,0,0,NA,NA,NA,NA,NA,CLEAR,1,0,0,0,0,TREND_REVERSAL_UNCONFIRMED,0,0.45,LONG,1,0,0,0
SOLUSDT,1781089200000,2026-06-10T11:00:00.000Z,BEAR,LONG,18.07980190912235,12.955034400343385,IGNORE,0,WATCH,,0,0,0,NA,NA,NA,NA,NA,CLEAR,1,0,0,0,0,TREND_REVERSAL_UNCONFIRMED,1,0.45,LONG,1,0,0,0
SOLUSDT,1781092800000,2026-06-10T12:00:00.000Z,BEAR,LONG,25,13.5,IGNORE,0,WATCH,,0,0,0,NA,NA,NA,NA,NA,CLEAR,1,0,0,0,0,TREND_REVERSAL_UNCONFIRMED,1,0.45,LONG,1,0,0,0
SOLUSDT,1781096400000,2026-06-10T13:00:00.000Z,NEUTRAL,NONE,0,7.875,IGNORE,0,WATCH,,0,0,0,NA,NA,NA,NA,NA,CLEAR,1,0,0,0,0,TREND_REVERSAL_UNCONFIRMED,0,0.45,NONE,1,0,0,0
SOLUSDT,1781100000000,2026-06-10T14:00:00.000Z,NEUTRAL,NONE,0,7.875,IGNORE,0,WATCH,,0,0,0,NA,NA,NA,NA,NA,CLEAR,1,0,0,0,0,TREND_REVERSAL_UNCONFIRMED,0,0.45,NONE,1,0,0,0
SOLUSDT,1781103600000,2026-06-10T15:00:00.000Z,NEUTRAL,NONE,0,7.875,IGNORE,0,WATCH,,0,0,0,NA,NA,NA,NA,NA,CLEAR,1,1,0,0,0,TREND_REVERSAL_UNCONFIRMED,0,0.45,NONE,1,0,0,0
SOLUSDT,1781107200000,2026-06-10T16:00:00.000Z,BEAR,LONG,15.584811279454762,12.758553888257062,IGNORE,0,WATCH,,0,0,0,NA,NA,NA,NA,NA,WARNING_SOFT,1,0,0,0,0,TREND_REVERSAL_UNCONFIRMED,1,0.45,LONG,1,0,0,0
SOLUSDT,1781110800000,2026-06-10T17:00:00.000Z,BEAR,LONG,13.44708110873527,12.590207637312904,IGNORE,0,WATCH,,0,0,0,NA,NA,NA,NA,NA,WARNING_SOFT,1,0,0,0,0,TREND_REVERSAL_UNCONFIRMED,1,0.45,LONG,1,0,0,0
SOLUSDT,1781114400000,2026-06-10T18:00:00.000Z,BEAR,LONG,0,7.875,IGNORE,0,WATCH,,0,0,0,NA,NA,NA,NA,NA,WARNING_SOFT,1,0,0,0,0,TREND_REVERSAL_UNCONFIRMED,0,0.45,LONG,1,0,0,0
SOLUSDT,1781118000000,2026-06-10T19:00:00.000Z,BEAR,LONG,25,13.5,IGNORE,0,WATCH,,0,0,0,NA,NA,NA,NA,NA,WARNING_SOFT,1,0,0,0,0,TREND_REVERSAL_UNCONFIRMED,1,0.45,LONG,1,0,0,0
SOLUSDT,1781121600000,2026-06-10T20:00:00.000Z,BEAR,LONG,14.930555555555555,12.70703125,IGNORE,0,WATCH,,0,0,0,NA,NA,NA,NA,NA,CLEAR,1,0,0,0,0,TREND_REVERSAL_UNCONFIRMED,1,0.45,LONG,1,0,0,0
SOLUSDT,1781125200000,2026-06-10T21:00:00.000Z,BEAR,LONG,0,7.875,IGNORE,0,WATCH,,0,0,0,NA,NA,NA,NA,NA,CLEAR,1,0,0,0,0,TREND_REVERSAL_UNCONFIRMED,0,0.45,LONG,1,0,0,0
SOLUSDT,1781128800000,2026-06-10T22:00:00.000Z,BEAR,LONG,0,7.875,IGNORE,0,WATCH,,0,0,0,NA,NA,NA,NA,NA,CLEAR,1,0,0,0,0,TREND_REVERSAL_UNCONFIRMED,0,0.45,LONG,1,0,0,0
SOLUSDT,1781132400000,2026-06-10T23:00:00.000Z,BEAR,LONG,0,7.875,IGNORE,0,WATCH,,0,0,0,NA,NA,NA,NA,NA,CLEAR,1,0,0,0,0,TREND_REVERSAL_UNCONFIRMED,0,0.45,LONG,1,0,0,0
SOLUSDT,1781136000000,2026-06-11T00:00:00.000Z,BEAR,LONG,0,7.875,IGNORE,0,WATCH,,0,0,0,NA,NA,NA,NA,NA,WARNING_SOFT,1,0,0,0,0,TREND_REVERSAL_UNCONFIRMED,0,0.45,LONG,1,0,0,0
SOLUSDT,1781139600000,2026-06-11T01:00:00.000Z,NEUTRAL,NONE,0,7.875,IGNORE,0,WATCH,,0,0,0,NA,NA,NA,NA,NA,CLEAR,1,0,0,0,0,TREND_REVERSAL_UNCONFIRMED,0,0.45,NONE,1,0,0,0
SOLUSDT,1781143200000,2026-06-11T02:00:00.000Z,NEUTRAL,NONE,0,7.875,IGNORE,0,WATCH,,0,0,0,NA,NA,NA,NA,NA,CLEAR,1,0,0,0,0,TREND_REVERSAL_UNCONFIRMED,0,0.45,NONE,1,0,0,0
SOLUSDT,1781146800000,2026-06-11T03:00:00.000Z,NEUTRAL,NONE,0,7.875,IGNORE,0,WATCH,,0,0,0,NA,NA,NA,NA,NA,CLEAR,1,0,0,0,0,TREND_REVERSAL_UNCONFIRMED,0,0.45,NONE,1,0,0,0
SOLUSDT,1781150400000,2026-06-11T04:00:00.000Z,NEUTRAL,NONE,0,7.875,IGNORE,0,WATCH,,0,0,0,NA,NA,NA,NA,NA,CLEAR,1,0,0,0,0,TREND_REVERSAL_UNCONFIRMED,0,0.45,NONE,1,0,0,0
SOLUSDT,1781154000000,2026-06-11T05:00:00.000Z,NEUTRAL,NONE,0,7.875,IGNORE,0,WATCH,,0,0,0,NA,NA,NA,NA,NA,CLEAR,1,0,0,0,0,TREND_REVERSAL_UNCONFIRMED,0,0.45,NONE,1,0,0,0
SOLUSDT,1781157600000,2026-06-11T06:00:00.000Z,NEUTRAL,NONE,0,7.875,IGNORE,0,WATCH,,0,0,0,NA,NA,NA,NA,NA,CLEAR,1,0,0,0,0,TREND_REVERSAL_UNCONFIRMED,0,0.45,NONE,1,0,0,0
SOLUSDT,1781161200000,2026-06-11T07:00:00.000Z,NEUTRAL,NONE,0,7.875,IGNORE,0,WATCH,,0,0,0,NA,NA,NA,NA,NA,CLEAR,1,0,0,0,0,TREND_REVERSAL_UNCONFIRMED,0,0.45,NONE,1,0,0,0
SOLUSDT,1781164800000,2026-06-11T08:00:00.000Z,NEUTRAL,NONE,0,7.875,IGNORE,0,WATCH,,0,0,0,NA,NA,NA,NA,NA,CLEAR,1,0,0,0,0,TREND_REVERSAL_UNCONFIRMED,0,0.45,NONE,1,0,0,0
SOLUSDT,1781168400000,2026-06-11T09:00:00.000Z,NEUTRAL,NONE,0,7.875,IGNORE,0,WATCH,,0,0,0,NA,NA,NA,NA,NA,CLEAR,1,0,0,0,0,TREND_REVERSAL_UNCONFIRMED,0,0.45,NONE,1,0,0,0
SOLUSDT,1781172000000,2026-06-11T10:00:00.000Z,NEUTRAL,NONE,0,7.875,IGNORE,0,WATCH,,0,0,0,NA,NA,NA,NA,NA,CLEAR,1,0,0,0,0,TREND_REVERSAL_UNCONFIRMED,0,0.45,NONE,1,0,0,0
SOLUSDT,1781175600000,2026-06-11T11:00:00.000Z,NEUTRAL,NONE,0,7.875,IGNORE,0,WATCH,,0,0,0,NA,NA,NA,NA,NA,CLEAR,1,0,0,0,0,TREND_REVERSAL_UNCONFIRMED,0,0.45,NONE,1,0,0,0
SOLUSDT,1781179200000,2026-06-11T12:00:00.000Z,BULL,SHORT,66.09119400714694,53.710405519050596,WATCH,1,WATCH,ACTIVE,1,1,0,PASS,PASS,SKIP,SKIP,FAIL,WARNING_SOFT,1,0,0,0,0,MARKET_CONTEXT_DENIED,3,0.84,SHORT,0,1,0,0
SOLUSDT,1781182800000,2026-06-11T13:00:00.000Z,BULL,SHORT,17.5,12.909375,IGNORE,0,WATCH,,0,0,0,NA,NA,NA,NA,NA,CLEAR,1,0,0,0,0,TREND_REVERSAL_UNCONFIRMED,1,0.45,SHORT,1,0,0,0
SOLUSDT,1781186400000,2026-06-11T14:00:00.000Z,BULL,SHORT,0,7.875,IGNORE,0,WATCH,,0,0,0,NA,NA,NA,NA,NA,CLEAR,1,0,0,0,0,TREND_REVERSAL_UNCONFIRMED,0,0.45,SHORT,1,0,0,0
SOLUSDT,1781190000000,2026-06-11T15:00:00.000Z,BULL,SHORT,0,7.875,IGNORE,0,WATCH,,0,0,0,NA,NA,NA,NA,NA,CLEAR,1,0,0,0,0,TREND_REVERSAL_UNCONFIRMED,0,0.45,SHORT,1,0,0,0
SOLUSDT,1781193600000,2026-06-11T16:00:00.000Z,BULL,SHORT,0,7.875,IGNORE,0,WATCH,,0,0,0,NA,NA,NA,NA,NA,WARNING_SOFT,1,0,0,0,0,TREND_REVERSAL_UNCONFIRMED,0,0.45,SHORT,1,0,0,0
SOLUSDT,1781197200000,2026-06-11T17:00:00.000Z,BULL,SHORT,25,13.5,IGNORE,0,WATCH,,0,0,0,NA,NA,NA,NA,NA,CLEAR,1,0,0,0,0,TREND_REVERSAL_UNCONFIRMED,1,0.45,SHORT,1,0,0,0
SOLUSDT,1781200800000,2026-06-11T18:00:00.000Z,BULL,SHORT,25,13.5,IGNORE,0,WATCH,,0,0,0,NA,NA,NA,NA,NA,CLEAR,1,0,0,0,0,TREND_REVERSAL_UNCONFIRMED,1,0.45,SHORT,1,0,0,0
SOLUSDT,1781204400000,2026-06-11T19:00:00.000Z,BULL,SHORT,0,7.875,IGNORE,0,WATCH,,0,0,0,NA,NA,NA,NA,NA,CLEAR,1,0,0,0,0,TREND_REVERSAL_UNCONFIRMED,0,0.45,SHORT,1,0,0,0
SOLUSDT,1781208000000,2026-06-11T20:00:00.000Z,BULL,SHORT,0,7.875,IGNORE,0,WATCH,,0,0,0,NA,NA,NA,NA,NA,CLEAR,1,0,0,0,0,TREND_REVERSAL_UNCONFIRMED,0,0.45,SHORT,1,0,0,0
SOLUSDT,1781211600000,2026-06-11T21:00:00.000Z,BULL,SHORT,0,7.875,IGNORE,0,WATCH,,0,0,0,NA,NA,NA,NA,NA,CLEAR,1,0,0,0,0,TREND_REVERSAL_UNCONFIRMED,0,0.45,SHORT,1,0,0,0
SOLUSDT,1781215200000,2026-06-11T22:00:00.000Z,BULL,SHORT,0,7.875,IGNORE,0,WATCH,,0,0,0,NA,NA,NA,NA,NA,CLEAR,1,0,0,0,0,TREND_REVERSAL_UNCONFIRMED,0,0.45,SHORT,1,0,0,0
SOLUSDT,1781218800000,2026-06-11T23:00:00.000Z,BULL,SHORT,0,7.875,IGNORE,0,WATCH,,0,0,0,NA,NA,NA,NA,NA,CLEAR,1,0,0,0,0,TREND_REVERSAL_UNCONFIRMED,0,0.45,SHORT,1,0,0,0
SOLUSDT,1781222400000,2026-06-12T00:00:00.000Z,BULL,SHORT,0,7.875,IGNORE,0,WATCH,,0,0,0,NA,NA,NA,NA,NA,CLEAR,1,0,0,0,0,TREND_REVERSAL_UNCONFIRMED,0,0.45,SHORT,1,0,0,0
SOLUSDT,1781226000000,2026-06-12T01:00:00.000Z,BULL,SHORT,25,13.5,IGNORE,0,WATCH,,0,0,0,NA,NA,NA,NA,NA,WARNING_SOFT,1,0,0,0,0,TREND_REVERSAL_UNCONFIRMED,1,0.45,SHORT,1,0,0,0
SOLUSDT,1781229600000,2026-06-12T02:00:00.000Z,BULL,SHORT,0,7.875,IGNORE,0,WATCH,,0,0,0,NA,NA,NA,NA,NA,CLEAR,1,0,0,0,0,TREND_REVERSAL_UNCONFIRMED,0,0.45,SHORT,1,0,0,0
SOLUSDT,1781233200000,2026-06-12T03:00:00.000Z,BULL,SHORT,0,7.875,IGNORE,0,WATCH,,0,0,0,NA,NA,NA,NA,NA,CLEAR,1,0,0,0,0,TREND_REVERSAL_UNCONFIRMED,0,0.45,SHORT,1,0,0,0
SOLUSDT,1781236800000,2026-06-12T04:00:00.000Z,BULL,SHORT,0,7.875,IGNORE,0,WATCH,,0,0,0,NA,NA,NA,NA,NA,CLEAR,1,0,0,0,0,TREND_REVERSAL_UNCONFIRMED,0,0.45,SHORT,1,0,0,0
SOLUSDT,1781240400000,2026-06-12T05:00:00.000Z,BULL,SHORT,17.5,12.909375,IGNORE,0,WATCH,,0,0,0,NA,NA,NA,NA,NA,CLEAR,1,0,0,0,0,TREND_REVERSAL_UNCONFIRMED,1,0.45,SHORT,1,0,0,0
SOLUSDT,1781244000000,2026-06-12T06:00:00.000Z,NEUTRAL,NONE,0,7.875,IGNORE,0,WATCH,,0,0,0,NA,NA,NA,NA,NA,BLOCK,0,0,0,0,0,TREND_REVERSAL_UNCONFIRMED,0,0.45,NONE,1,0,0,0
SOLUSDT,1781247600000,2026-06-12T07:00:00.000Z,NEUTRAL,NONE,0,7.875,IGNORE,0,WATCH,,0,0,0,NA,NA,NA,NA,NA,WARNING_SOFT,1,0,0,0,0,TREND_REVERSAL_UNCONFIRMED,0,0.45,NONE,1,0,0,0
SOLUSDT,1781251200000,2026-06-12T08:00:00.000Z,BULL,SHORT,17.5,12.909375,IGNORE,0,WATCH,,0,0,0,NA,NA,NA,NA,NA,WARNING_SOFT,1,0,0,0,0,TREND_REVERSAL_UNCONFIRMED,1,0.45,SHORT,1,0,0,0
SOLUSDT,1781254800000,2026-06-12T09:00:00.000Z,BULL,SHORT,17.5,12.909375,IGNORE,0,WATCH,,0,0,0,NA,NA,NA,NA,NA,CLEAR,1,0,0,0,0,TREND_REVERSAL_UNCONFIRMED,1,0.45,SHORT,1,0,0,0
SOLUSDT,1781258400000,2026-06-12T10:00:00.000Z,BULL,SHORT,42.5,18.534375,IGNORE,0,WATCH,,0,0,0,NA,NA,NA,NA,NA,WARNING_SOFT,1,0,0,0,0,TREND_REVERSAL_UNCONFIRMED,2,0.45,SHORT,1,0,0,0
SOLUSDT,1781262000000,2026-06-12T11:00:00.000Z,BULL,SHORT,17.5,12.909375,IGNORE,0,WATCH,,0,0,0,NA,NA,NA,NA,NA,CLEAR,1,0,0,0,0,TREND_REVERSAL_UNCONFIRMED,1,0.45,SHORT,1,0,0,0
SOLUSDT,1781265600000,2026-06-12T12:00:00.000Z,BULL,SHORT,0,7.875,IGNORE,0,WATCH,,0,0,0,NA,NA,NA,NA,NA,WARNING_SOFT,1,0,0,0,0,TREND_REVERSAL_UNCONFIRMED,0,0.45,SHORT,1,0,0,0
SOLUSDT,1781269200000,2026-06-12T13:00:00.000Z,BULL,SHORT,21.812708098169423,13.249000762730843,IGNORE,0,WATCH,,0,0,0,NA,NA,NA,NA,NA,WARNING_SOFT,1,0,0,0,0,TREND_REVERSAL_UNCONFIRMED,1,0.45,SHORT,1,0,0,0
SOLUSDT,1781272800000,2026-06-12T14:00:00.000Z,BULL,SHORT,25,13.5,IGNORE,0,WATCH,,0,0,0,NA,NA,NA,NA,NA,CLEAR,1,0,0,0,0,TREND_REVERSAL_UNCONFIRMED,1,0.45,SHORT,1,0,0,0
SOLUSDT,1781276400000,2026-06-12T15:00:00.000Z,BULL,SHORT,50,19.125,IGNORE,0,WATCH,,0,0,0,NA,NA,NA,NA,NA,CLEAR,1,0,0,0,0,TREND_REVERSAL_UNCONFIRMED,2,0.45,SHORT,1,0,0,0
SOLUSDT,1781280000000,2026-06-12T16:00:00.000Z,BULL,SHORT,15.547775776341812,12.755637342386919,IGNORE,0,WATCH,,0,0,0,NA,NA,NA,NA,NA,CLEAR,1,0,0,0,0,TREND_REVERSAL_UNCONFIRMED,1,0.45,SHORT,1,0,0,0
SOLUSDT,1781283600000,2026-06-12T17:00:00.000Z,BULL,SHORT,0,7.875,IGNORE,0,WATCH,,0,0,0,NA,NA,NA,NA,NA,CLEAR,1,0,0,0,0,TREND_REVERSAL_UNCONFIRMED,0,0.45,SHORT,1,0,0,0
SOLUSDT,1781287200000,2026-06-12T18:00:00.000Z,BULL,SHORT,0,7.875,IGNORE,0,WATCH,,0,0,0,NA,NA,NA,NA,NA,WARNING_SOFT,1,0,0,0,0,TREND_REVERSAL_UNCONFIRMED,0,0.45,SHORT,1,0,0,0
SOLUSDT,1781290800000,2026-06-12T19:00:00.000Z,NEUTRAL,NONE,0,7.875,IGNORE,0,WATCH,,0,0,0,NA,NA,NA,NA,NA,WARNING_SOFT,1,0,0,0,0,TREND_REVERSAL_UNCONFIRMED,0,0.45,NONE,1,0,0,0
SOLUSDT,1781294400000,2026-06-12T20:00:00.000Z,NEUTRAL,NONE,0,7.875,IGNORE,0,WATCH,,0,0,0,NA,NA,NA,NA,NA,WARNING_SOFT,1,0,0,0,0,TREND_REVERSAL_UNCONFIRMED,0,0.45,NONE,1,0,0,0
SOLUSDT,1781298000000,2026-06-12T21:00:00.000Z,NEUTRAL,NONE,0,7.875,IGNORE,0,WATCH,,0,0,0,NA,NA,NA,NA,NA,WARNING_SOFT,1,0,0,0,0,TREND_REVERSAL_UNCONFIRMED,0,0.45,NONE,1,0,0,0
SOLUSDT,1781301600000,2026-06-12T22:00:00.000Z,NEUTRAL,NONE,0,7.875,IGNORE,0,WATCH,,0,0,0,NA,NA,NA,NA,NA,WARNING_SOFT,1,0,0,0,0,TREND_REVERSAL_UNCONFIRMED,0,0.45,NONE,1,0,0,0
SOLUSDT,1781305200000,2026-06-12T23:00:00.000Z,NEUTRAL,NONE,0,7.875,IGNORE,0,WATCH,,0,0,0,NA,NA,NA,NA,NA,WARNING_SOFT,1,0,0,0,0,TREND_REVERSAL_UNCONFIRMED,0,0.45,NONE,1,0,0,0
SOLUSDT,1781308800000,2026-06-13T00:00:00.000Z,BULL,SHORT,0,7.875,IGNORE,0,WATCH,,0,0,0,NA,NA,NA,NA,NA,WARNING_SOFT,1,0,0,0,0,TREND_REVERSAL_UNCONFIRMED,0,0.45,SHORT,1,0,0,0
SOLUSDT,1781312400000,2026-06-13T01:00:00.000Z,BULL,SHORT,0,7.875,IGNORE,0,WATCH,,0,0,0,NA,NA,NA,NA,NA,CLEAR,1,0,0,0,0,TREND_REVERSAL_UNCONFIRMED,0,0.45,SHORT,1,0,0,0
SOLUSDT,1781316000000,2026-06-13T02:00:00.000Z,BULL,SHORT,25,13.5,IGNORE,0,WATCH,,0,0,0,NA,NA,NA,NA,NA,CLEAR,1,0,0,0,0,TREND_REVERSAL_UNCONFIRMED,1,0.45,SHORT,1,0,0,0
SOLUSDT,1781319600000,2026-06-13T03:00:00.000Z,NEUTRAL,NONE,0,7.875,IGNORE,0,WATCH,,0,0,0,NA,NA,NA,NA,NA,WARNING_SOFT,1,0,0,0,0,TREND_REVERSAL_UNCONFIRMED,0,0.45,NONE,1,0,0,0
SOLUSDT,1781323200000,2026-06-13T04:00:00.000Z,NEUTRAL,NONE,0,7.875,IGNORE,0,WATCH,,0,0,0,NA,NA,NA,NA,NA,WARNING_SOFT,1,0,0,0,0,TREND_REVERSAL_UNCONFIRMED,0,0.45,NONE,1,0,0,0
SOLUSDT,1781326800000,2026-06-13T05:00:00.000Z,NEUTRAL,NONE,0,7.875,IGNORE,0,WATCH,,0,0,0,NA,NA,NA,NA,NA,BLOCK,0,0,0,0,0,TREND_REVERSAL_UNCONFIRMED,0,0.45,NONE,1,0,0,0
SOLUSDT,1781330400000,2026-06-13T06:00:00.000Z,BULL,SHORT,17.5,12.909375,IGNORE,0,WATCH,,0,0,0,NA,NA,NA,NA,NA,WARNING_SOFT,1,0,0,0,0,TREND_REVERSAL_UNCONFIRMED,1,0.45,SHORT,1,0,0,0
SOLUSDT,1781334000000,2026-06-13T07:00:00.000Z,BULL,SHORT,17.5,12.909375,IGNORE,0,WATCH,,0,0,0,NA,NA,NA,NA,NA,CLEAR,1,0,0,0,0,TREND_REVERSAL_UNCONFIRMED,1,0.45,SHORT,1,0,0,0
SOLUSDT,1781337600000,2026-06-13T08:00:00.000Z,BULL,SHORT,17.5,12.909375,IGNORE,0,WATCH,,0,0,0,NA,NA,NA,NA,NA,CLEAR,1,0,0,0,0,TREND_REVERSAL_UNCONFIRMED,1,0.45,SHORT,1,0,0,0
SOLUSDT,1781341200000,2026-06-13T09:00:00.000Z,BULL,SHORT,17.5,12.909375,IGNORE,0,WATCH,,0,0,0,NA,NA,NA,NA,NA,CLEAR,1,0,0,0,0,TREND_REVERSAL_UNCONFIRMED,1,0.45,SHORT,1,0,0,0
SOLUSDT,1781344800000,2026-06-13T10:00:00.000Z,BULL,SHORT,17.5,12.909375,IGNORE,0,WATCH,,0,0,0,NA,NA,NA,NA,NA,CLEAR,1,0,0,0,0,TREND_REVERSAL_UNCONFIRMED,1,0.45,SHORT,1,0,0,0
SOLUSDT,1781348400000,2026-06-13T11:00:00.000Z,BULL,SHORT,17.5,12.909375,IGNORE,0,WATCH,,0,0,0,NA,NA,NA,NA,NA,CLEAR,1,0,0,0,0,TREND_REVERSAL_UNCONFIRMED,1,0.45,SHORT,1,0,0,0
SOLUSDT,1781352000000,2026-06-13T12:00:00.000Z,BULL,SHORT,17.5,12.909375,IGNORE,0,WATCH,,0,0,0,NA,NA,NA,NA,NA,CLEAR,1,0,0,0,0,TREND_REVERSAL_UNCONFIRMED,1,0.45,SHORT,1,0,0,0
SOLUSDT,1781355600000,2026-06-13T13:00:00.000Z,BULL,SHORT,34.07588851884208,17.87097622085881,IGNORE,0,WATCH,,0,0,0,NA,NA,NA,NA,NA,CLEAR,1,0,0,0,0,TREND_REVERSAL_UNCONFIRMED,2,0.45,SHORT,1,0,0,0
SOLUSDT,1781359200000,2026-06-13T14:00:00.000Z,BULL,SHORT,17.5,12.909375,IGNORE,0,WATCH,,0,0,0,NA,NA,NA,NA,NA,CLEAR,1,0,0,0,0,TREND_REVERSAL_UNCONFIRMED,1,0.45,SHORT,1,0,0,0
SOLUSDT,1781362800000,2026-06-13T15:00:00.000Z,BULL,SHORT,53.296415221387,51.82957303754389,WATCH,1,WATCH,ACTIVE,1,1,0,PASS,PASS,SKIP,SKIP,FAIL,CLEAR,1,1,0,0,0,MARKET_CONTEXT_DENIED,3,0.84,SHORT,0,1,0,0
SOLUSDT,1781366400000,2026-06-13T16:00:00.000Z,BULL,SHORT,67.5,53.9175,WATCH,1,WATCH,ACTIVE,1,1,0,PASS,PASS,SKIP,SKIP,FAIL,CLEAR,1,0,0,0,0,MARKET_CONTEXT_DENIED,3,0.84,SHORT,0,1,0,0
SOLUSDT,1781370000000,2026-06-13T17:00:00.000Z,BULL,SHORT,17.5,12.909375,IGNORE,0,WATCH,,0,0,0,NA,NA,NA,NA,NA,CLEAR,1,0,0,0,0,TREND_REVERSAL_UNCONFIRMED,1,0.45,SHORT,1,0,0,0
SOLUSDT,1781373600000,2026-06-13T18:00:00.000Z,BULL,SHORT,0,7.875,IGNORE,0,WATCH,,0,0,0,NA,NA,NA,NA,NA,CLEAR,1,0,0,0,0,TREND_REVERSAL_UNCONFIRMED,0,0.45,SHORT,1,0,0,0
SOLUSDT,1781377200000,2026-06-13T19:00:00.000Z,BULL,SHORT,0,7.875,IGNORE,0,WATCH,,0,0,0,NA,NA,NA,NA,NA,CLEAR,1,0,0,0,0,TREND_REVERSAL_UNCONFIRMED,0,0.45,SHORT,1,0,0,0
SOLUSDT,1781380800000,2026-06-13T20:00:00.000Z,BULL,SHORT,0,7.875,IGNORE,0,WATCH,,0,0,0,NA,NA,NA,NA,NA,CLEAR,1,0,0,0,0,TREND_REVERSAL_UNCONFIRMED,0,0.45,SHORT,1,0,0,0
SOLUSDT,1781384400000,2026-06-13T21:00:00.000Z,BULL,SHORT,25,13.5,IGNORE,0,WATCH,,0,0,0,NA,NA,NA,NA,NA,CLEAR,1,1,0,0,0,TREND_REVERSAL_UNCONFIRMED,1,0.45,SHORT,1,0,0,0
SOLUSDT,1781388000000,2026-06-13T22:00:00.000Z,BULL,SHORT,0,7.875,IGNORE,0,WATCH,,0,0,0,NA,NA,NA,NA,NA,CLEAR,1,0,0,0,0,TREND_REVERSAL_UNCONFIRMED,0,0.45,SHORT,1,0,0,0
SOLUSDT,1781391600000,2026-06-13T23:00:00.000Z,BULL,SHORT,0,7.875,IGNORE,0,WATCH,,0,0,0,NA,NA,NA,NA,NA,CLEAR,1,0,0,0,0,TREND_REVERSAL_UNCONFIRMED,0,0.45,SHORT,1,0,0,0
SOLUSDT,1781395200000,2026-06-14T00:00:00.000Z,BULL,SHORT,25,13.5,IGNORE,0,WATCH,,0,0,0,NA,NA,NA,NA,NA,CLEAR,1,0,0,0,0,TREND_REVERSAL_UNCONFIRMED,1,0.45,SHORT,1,0,0,0
SOLUSDT,1781398800000,2026-06-14T01:00:00.000Z,BULL,SHORT,0,7.875,IGNORE,0,WATCH,,0,0,0,NA,NA,NA,NA,NA,CLEAR,1,0,0,0,0,TREND_REVERSAL_UNCONFIRMED,0,0.45,SHORT,1,0,0,0
SOLUSDT,1781402400000,2026-06-14T02:00:00.000Z,BULL,SHORT,0,7.875,IGNORE,0,WATCH,,0,0,0,NA,NA,NA,NA,NA,CLEAR,1,0,0,0,0,TREND_REVERSAL_UNCONFIRMED,0,0.45,SHORT,1,0,0,0
SOLUSDT,1781406000000,2026-06-14T03:00:00.000Z,BULL,SHORT,0,7.875,IGNORE,0,WATCH,,0,0,0,NA,NA,NA,NA,NA,CLEAR,1,0,0,0,0,TREND_REVERSAL_UNCONFIRMED,0,0.45,SHORT,1,0,0,0
SOLUSDT,1781409600000,2026-06-14T04:00:00.000Z,BULL,SHORT,12.598332445133412,12.523368680054256,IGNORE,0,WATCH,,0,0,0,NA,NA,NA,NA,NA,CLEAR,1,0,0,0,0,TREND_REVERSAL_UNCONFIRMED,1,0.45,SHORT,1,0,0,0
SOLUSDT,1781413200000,2026-06-14T05:00:00.000Z,NEUTRAL,NONE,0,7.875,IGNORE,0,WATCH,,0,0,0,NA,NA,NA,NA,NA,BLOCK,0,0,0,0,0,TREND_REVERSAL_UNCONFIRMED,0,0.45,NONE,1,0,0,0
SOLUSDT,1781416800000,2026-06-14T06:00:00.000Z,NEUTRAL,NONE,0,7.875,IGNORE,0,WATCH,,0,0,0,NA,NA,NA,NA,NA,WARNING_SOFT,1,0,0,0,0,TREND_REVERSAL_UNCONFIRMED,0,0.45,NONE,1,0,0,0
SOLUSDT,1781420400000,2026-06-14T07:00:00.000Z,NEUTRAL,NONE,0,7.875,IGNORE,0,WATCH,,0,0,0,NA,NA,NA,NA,NA,WARNING_SOFT,1,0,0,0,0,TREND_REVERSAL_UNCONFIRMED,0,0.45,NONE,1,0,0,0
SOLUSDT,1781424000000,2026-06-14T08:00:00.000Z,NEUTRAL,NONE,0,7.875,IGNORE,0,WATCH,,0,0,0,NA,NA,NA,NA,NA,WARNING_SOFT,1,0,0,0,0,TREND_REVERSAL_UNCONFIRMED,0,0.45,NONE,1,0,0,0
SOLUSDT,1781427600000,2026-06-14T09:00:00.000Z,BULL,SHORT,0,7.875,IGNORE,0,WATCH,,0,0,0,NA,NA,NA,NA,NA,BLOCK,0,0,0,0,0,TREND_REVERSAL_UNCONFIRMED,0,0.45,SHORT,1,0,0,0
SOLUSDT,1781431200000,2026-06-14T10:00:00.000Z,NEUTRAL,NONE,0,7.875,IGNORE,0,WATCH,,0,0,0,NA,NA,NA,NA,NA,WARNING_SOFT,1,0,0,0,0,TREND_REVERSAL_UNCONFIRMED,0,0.45,NONE,1,0,0,0
SOLUSDT,1781434800000,2026-06-14T11:00:00.000Z,NEUTRAL,NONE,0,7.875,IGNORE,0,WATCH,,0,0,0,NA,NA,NA,NA,NA,WARNING_SOFT,1,0,0,0,0,TREND_REVERSAL_UNCONFIRMED,0,0.45,NONE,1,0,0,0
SOLUSDT,1781438400000,2026-06-14T12:00:00.000Z,NEUTRAL,NONE,0,7.875,IGNORE,0,WATCH,,0,0,0,NA,NA,NA,NA,NA,WARNING_SOFT,1,0,0,0,0,TREND_REVERSAL_UNCONFIRMED,0,0.45,NONE,1,0,0,0
SOLUSDT,1781442000000,2026-06-14T13:00:00.000Z,NEUTRAL,NONE,0,7.875,IGNORE,0,WATCH,,0,0,0,NA,NA,NA,NA,NA,BLOCK,0,0,0,0,0,TREND_REVERSAL_UNCONFIRMED,0,0.45,NONE,1,0,0,0
SOLUSDT,1781445600000,2026-06-14T14:00:00.000Z,NEUTRAL,NONE,0,7.875,IGNORE,0,WATCH,,0,0,0,NA,NA,NA,NA,NA,WARNING_SOFT,1,0,1,0,0,TREND_REVERSAL_UNCONFIRMED,0,0.45,NONE,1,0,0,0
SOLUSDT,1781449200000,2026-06-14T15:00:00.000Z,NEUTRAL,NONE,0,7.875,IGNORE,0,WATCH,,0,0,0,NA,NA,NA,NA,NA,BLOCK,0,0,0,0,0,TREND_REVERSAL_UNCONFIRMED,0,0.45,NONE,1,0,0,0
SOLUSDT,1781452800000,2026-06-14T16:00:00.000Z,NEUTRAL,NONE,0,7.875,IGNORE,0,WATCH,,0,0,0,NA,NA,NA,NA,NA,WARNING_SOFT,1,0,0,0,0,TREND_REVERSAL_UNCONFIRMED,0,0.45,NONE,1,0,0,0
SOLUSDT,1781456400000,2026-06-14T17:00:00.000Z,NEUTRAL,NONE,0,7.875,IGNORE,0,WATCH,,0,0,0,NA,NA,NA,NA,NA,WARNING_SOFT,1,0,0,0,0,TREND_REVERSAL_UNCONFIRMED,0,0.45,NONE,1,0,0,0
SOLUSDT,1781460000000,2026-06-14T18:00:00.000Z,NEUTRAL,NONE,0,7.875,IGNORE,0,WATCH,,0,0,0,NA,NA,NA,NA,NA,WARNING_SOFT,1,0,0,0,0,TREND_REVERSAL_UNCONFIRMED,0,0.45,NONE,1,0,0,0
SOLUSDT,1781463600000,2026-06-14T19:00:00.000Z,NEUTRAL,NONE,0,7.875,IGNORE,0,WATCH,,0,0,0,NA,NA,NA,NA,NA,WARNING_SOFT,1,0,0,0,0,TREND_REVERSAL_UNCONFIRMED,0,0.45,NONE,1,0,0,0
SOLUSDT,1781467200000,2026-06-14T20:00:00.000Z,NEUTRAL,NONE,0,7.875,IGNORE,0,WATCH,,0,0,0,NA,NA,NA,NA,NA,WARNING_SOFT,1,0,0,0,0,TREND_REVERSAL_UNCONFIRMED,0,0.45,NONE,1,0,0,0
SOLUSDT,1781470800000,2026-06-14T21:00:00.000Z,BULL,SHORT,55.34722222222222,52.13104166666666,WATCH,1,WATCH,ACTIVE,1,1,0,PASS,PASS,SKIP,SKIP,FAIL,CLEAR,1,1,0,0,0,MARKET_CONTEXT_DENIED,3,0.84,SHORT,0,1,0,0
SOLUSDT,1781474400000,2026-06-14T22:00:00.000Z,BULL,SHORT,69,60.963,WATCH,1,WATCH,ACTIVE,1,1,0,PASS,PASS,SKIP,SKIP,FAIL,CLEAR,1,0,0,0,0,MARKET_CONTEXT_DENIED,4,0.84,SHORT,0,1,0,0
SOLUSDT,1781478000000,2026-06-14T23:00:00.000Z,BULL,SHORT,55.71099360734527,52.184516060279755,WATCH,1,WATCH,ACTIVE,1,1,0,PASS,PASS,SKIP,SKIP,FAIL,CLEAR,1,0,0,0,0,MARKET_CONTEXT_DENIED,3,0.84,SHORT,0,1,0,0
SOLUSDT,1781481600000,2026-06-15T00:00:00.000Z,BULL,SHORT,57.08333333333333,52.38625,WATCH,1,WATCH,ACTIVE,1,1,0,PASS,PASS,SKIP,SKIP,FAIL,CLEAR,1,0,0,0,0,MARKET_CONTEXT_DENIED,3,0.84,SHORT,0,1,0,0
SOLUSDT,1781485200000,2026-06-15T01:00:00.000Z,BULL,SHORT,30.34722222222222,17.57734375,IGNORE,0,WATCH,,0,0,0,NA,NA,NA,NA,NA,CLEAR,1,0,0,0,0,TREND_REVERSAL_UNCONFIRMED,2,0.45,SHORT,1,0,0,0
SOLUSDT,1781488800000,2026-06-15T02:00:00.000Z,BULL,SHORT,17.5,12.909375,IGNORE,0,WATCH,,0,0,0,NA,NA,NA,NA,NA,CLEAR,1,0,0,0,0,TREND_REVERSAL_UNCONFIRMED,1,0.45,SHORT,1,0,0,0
SOLUSDT,1781492400000,2026-06-15T03:00:00.000Z,BULL,SHORT,12.847222222222221,12.54296875,IGNORE,0,WATCH,,0,0,0,NA,NA,NA,NA,NA,CLEAR,1,0,0,0,0,TREND_REVERSAL_UNCONFIRMED,1,0.45,SHORT,1,0,0,0
SOLUSDT,1781496000000,2026-06-15T04:00:00.000Z,BULL,SHORT,0,7.875,IGNORE,0,WATCH,,0,0,0,NA,NA,NA,NA,NA,CLEAR,1,0,0,0,0,TREND_REVERSAL_UNCONFIRMED,0,0.45,SHORT,1,0,0,0
SOLUSDT,1781499600000,2026-06-15T05:00:00.000Z,BULL,SHORT,0,7.875,IGNORE,0,WATCH,,0,0,0,NA,NA,NA,NA,NA,CLEAR,1,0,0,0,0,TREND_REVERSAL_UNCONFIRMED,0,0.45,SHORT,1,0,0,0
SOLUSDT,1781503200000,2026-06-15T06:00:00.000Z,BULL,SHORT,14.583333333333332,12.6796875,IGNORE,0,WATCH,,0,0,0,NA,NA,NA,NA,NA,CLEAR,1,0,0,0,0,TREND_REVERSAL_UNCONFIRMED,1,0.45,SHORT,1,0,0,0
SOLUSDT,1781506800000,2026-06-15T07:00:00.000Z,BULL,SHORT,0,7.875,IGNORE,0,WATCH,,0,0,0,NA,NA,NA,NA,NA,CLEAR,1,0,0,0,0,TREND_REVERSAL_UNCONFIRMED,0,0.45,SHORT,1,0,0,0
SOLUSDT,1781510400000,2026-06-15T08:00:00.000Z,BULL,SHORT,0,7.875,IGNORE,0,WATCH,,0,0,0,NA,NA,NA,NA,NA,CLEAR,1,0,0,0,0,TREND_REVERSAL_UNCONFIRMED,0,0.45,SHORT,1,0,0,0
SOLUSDT,1781514000000,2026-06-15T09:00:00.000Z,BULL,SHORT,25,13.5,IGNORE,0,WATCH,,0,0,0,NA,NA,NA,NA,NA,CLEAR,1,0,0,0,0,TREND_REVERSAL_UNCONFIRMED,1,0.45,SHORT,1,0,0,0
SOLUSDT,1781517600000,2026-06-15T10:00:00.000Z,BULL,SHORT,32.44217093333093,17.742320960999812,IGNORE,0,WATCH,,0,0,0,NA,NA,NA,NA,NA,CLEAR,1,0,0,0,0,TREND_REVERSAL_UNCONFIRMED,2,0.45,SHORT,1,0,0,0
SOLUSDT,1781521200000,2026-06-15T11:00:00.000Z,BULL,SHORT,37.84722222222222,18.16796875,IGNORE,0,WATCH,,0,0,0,NA,NA,NA,NA,NA,CLEAR,1,0,0,0,0,TREND_REVERSAL_UNCONFIRMED,2,0.45,SHORT,1,0,0,0
SOLUSDT,1781524800000,2026-06-15T12:00:00.000Z,BULL,SHORT,26.655894146898767,17.28665166406828,IGNORE,0,WATCH,,0,0,0,NA,NA,NA,NA,NA,CLEAR,1,0,0,0,0,TREND_REVERSAL_UNCONFIRMED,2,0.45,SHORT,1,0,0,0
SOLUSDT,1781528400000,2026-06-15T13:00:00.000Z,BULL,SHORT,64.58333333333333,44.248749999999994,WATCH,1,WATCH,ACTIVE,1,1,0,FAIL,PASS,SKIP,SKIP,FAIL,CLEAR,1,0,0,0,0,MARKET_CONTEXT_DENIED,3,0.84,SHORT,1,0,0,0
SOLUSDT,1781532000000,2026-06-15T14:00:00.000Z,BULL,SHORT,30.221903452785448,17.567474896906855,IGNORE,0,WATCH,,0,0,0,NA,NA,NA,NA,NA,CLEAR,1,0,0,0,0,TREND_REVERSAL_UNCONFIRMED,2,0.45,SHORT,1,0,0,0
SOLUSDT,1781535600000,2026-06-15T15:00:00.000Z,BULL,SHORT,37.77349530375877,18.162162755171003,IGNORE,0,WATCH,,0,0,0,NA,NA,NA,NA,NA,CLEAR,1,0,0,0,0,TREND_REVERSAL_UNCONFIRMED,2,0.45,SHORT,1,0,0,0
SOLUSDT,1781539200000,2026-06-15T16:00:00.000Z,BULL,SHORT,40.20734704643729,18.35382857990694,IGNORE,0,WATCH,,0,0,0,NA,NA,NA,NA,NA,CLEAR,1,1,0,0,0,TREND_REVERSAL_UNCONFIRMED,2,0.45,SHORT,1,0,0,0
SOLUSDT,1781542800000,2026-06-15T17:00:00.000Z,BULL,SHORT,55.46376126304767,42.908172905668,WATCH,1,WATCH,ACTIVE,1,1,0,FAIL,PASS,SKIP,SKIP,FAIL,CLEAR,1,0,0,0,0,MARKET_CONTEXT_DENIED,3,0.84,SHORT,1,0,0,0
SOLUSDT,1781546400000,2026-06-15T18:00:00.000Z,BULL,SHORT,14.583333333333332,12.6796875,IGNORE,0,WATCH,,0,0,0,NA,NA,NA,NA,NA,CLEAR,1,0,0,0,0,TREND_REVERSAL_UNCONFIRMED,1,0.45,SHORT,1,0,0,0
SOLUSDT,1781550000000,2026-06-15T19:00:00.000Z,BULL,SHORT,14.583333333333332,12.6796875,IGNORE,0,WATCH,,0,0,0,NA,NA,NA,NA,NA,CLEAR,1,0,0,0,0,TREND_REVERSAL_UNCONFIRMED,1,0.45,SHORT,1,0,0,0
SOLUSDT,1781553600000,2026-06-15T20:00:00.000Z,BULL,SHORT,12.847222222222221,12.54296875,IGNORE,0,WATCH,,0,0,0,NA,NA,NA,NA,NA,CLEAR,1,0,0,0,0,TREND_REVERSAL_UNCONFIRMED,1,0.45,SHORT,1,0,0,0
SOLUSDT,1781557200000,2026-06-15T21:00:00.000Z,BULL,SHORT,0,7.875,IGNORE,0,WATCH,,0,0,0,NA,NA,NA,NA,NA,CLEAR,1,0,0,0,0,TREND_REVERSAL_UNCONFIRMED,0,0.45,SHORT,1,0,0,0
SOLUSDT,1781560800000,2026-06-15T22:00:00.000Z,BULL,SHORT,0,7.875,IGNORE,0,WATCH,,0,0,0,NA,NA,NA,NA,NA,WARNING_SOFT,1,0,0,0,0,TREND_REVERSAL_UNCONFIRMED,0,0.45,SHORT,1,0,0,0
SOLUSDT,1781564400000,2026-06-15T23:00:00.000Z,BULL,SHORT,0,7.875,IGNORE,0,WATCH,,0,0,0,NA,NA,NA,NA,NA,WARNING_SOFT,1,0,0,0,0,TREND_REVERSAL_UNCONFIRMED,0,0.45,SHORT,1,0,0,0
SOLUSDT,1781568000000,2026-06-16T00:00:00.000Z,BULL,SHORT,0,7.875,IGNORE,0,WATCH,,0,0,0,NA,NA,NA,NA,NA,WARNING_SOFT,1,0,0,0,0,TREND_REVERSAL_UNCONFIRMED,0,0.45,SHORT,1,0,0,0
SOLUSDT,1781571600000,2026-06-16T01:00:00.000Z,BULL,SHORT,25,13.5,IGNORE,0,WATCH,,0,0,0,NA,NA,NA,NA,NA,WARNING_SOFT,1,0,0,0,0,TREND_REVERSAL_UNCONFIRMED,1,0.45,SHORT,1,0,0,0
SOLUSDT,1781575200000,2026-06-16T02:00:00.000Z,NEUTRAL,NONE,0,7.875,IGNORE,0,WATCH,,0,0,0,NA,NA,NA,NA,NA,BLOCK,0,0,0,0,0,TREND_REVERSAL_UNCONFIRMED,0,0.45,NONE,1,0,0,0
SOLUSDT,1781578800000,2026-06-16T03:00:00.000Z,BULL,SHORT,0,7.875,IGNORE,0,WATCH,,0,0,0,NA,NA,NA,NA,NA,WARNING_SOFT,1,0,0,0,0,TREND_REVERSAL_UNCONFIRMED,0,0.45,SHORT,1,0,0,0
SOLUSDT,1781582400000,2026-06-16T04:00:00.000Z,NEUTRAL,NONE,0,7.875,IGNORE,0,WATCH,,0,0,0,NA,NA,NA,NA,NA,WARNING_SOFT,1,0,0,0,0,TREND_REVERSAL_UNCONFIRMED,0,0.45,NONE,1,0,0,0
SOLUSDT,1781586000000,2026-06-16T05:00:00.000Z,BULL,SHORT,0,7.875,IGNORE,0,WATCH,,0,0,0,NA,NA,NA,NA,NA,WARNING_SOFT,1,0,0,0,0,TREND_REVERSAL_UNCONFIRMED,0,0.45,SHORT,1,0,0,0
SOLUSDT,1781589600000,2026-06-16T06:00:00.000Z,BULL,SHORT,0,7.875,IGNORE,0,WATCH,,0,0,0,NA,NA,NA,NA,NA,CLEAR,1,0,0,0,0,TREND_REVERSAL_UNCONFIRMED,0,0.45,SHORT,1,0,0,0
SOLUSDT,1781593200000,2026-06-16T07:00:00.000Z,BULL,SHORT,0,7.875,IGNORE,0,WATCH,,0,0,0,NA,NA,NA,NA,NA,CLEAR,1,0,0,0,0,TREND_REVERSAL_UNCONFIRMED,0,0.45,SHORT,1,0,0,0
SOLUSDT,1781596800000,2026-06-16T08:00:00.000Z,BULL,SHORT,0,7.875,IGNORE,0,WATCH,,0,0,0,NA,NA,NA,NA,NA,CLEAR,1,0,0,0,0,TREND_REVERSAL_UNCONFIRMED,0,0.45,SHORT,1,0,0,0
SOLUSDT,1781600400000,2026-06-16T09:00:00.000Z,BULL,SHORT,25,13.5,IGNORE,0,WATCH,,0,0,0,NA,NA,NA,NA,NA,CLEAR,1,0,0,0,0,TREND_REVERSAL_UNCONFIRMED,1,0.45,SHORT,1,0,0,0
SOLUSDT,1781604000000,2026-06-16T10:00:00.000Z,BULL,SHORT,0,7.875,IGNORE,0,WATCH,,0,0,0,NA,NA,NA,NA,NA,CLEAR,1,0,0,0,0,TREND_REVERSAL_UNCONFIRMED,0,0.45,SHORT,1,0,0,0
SOLUSDT,1781607600000,2026-06-16T11:00:00.000Z,BULL,SHORT,17.5,12.909375,IGNORE,0,WATCH,,0,0,0,NA,NA,NA,NA,NA,CLEAR,1,0,0,0,0,TREND_REVERSAL_UNCONFIRMED,1,0.45,SHORT,1,0,0,0
SOLUSDT,1781611200000,2026-06-16T12:00:00.000Z,BULL,SHORT,17.5,12.909375,IGNORE,0,WATCH,,0,0,0,NA,NA,NA,NA,NA,CLEAR,1,0,0,0,0,TREND_REVERSAL_UNCONFIRMED,1,0.45,SHORT,1,0,0,0
SOLUSDT,1781614800000,2026-06-16T13:00:00.000Z,NEUTRAL,NONE,0,7.875,IGNORE,0,WATCH,,0,0,0,NA,NA,NA,NA,NA,BLOCK,0,0,0,0,0,TREND_REVERSAL_UNCONFIRMED,0,0.45,NONE,1,0,0,0
SOLUSDT,1781618400000,2026-06-16T14:00:00.000Z,NEUTRAL,NONE,0,7.875,IGNORE,0,WATCH,,0,0,0,NA,NA,NA,NA,NA,BLOCK,0,0,0,0,0,TREND_REVERSAL_UNCONFIRMED,0,0.45,NONE,1,0,0,0
SOLUSDT,1781622000000,2026-06-16T15:00:00.000Z,NEUTRAL,NONE,0,7.875,IGNORE,0,WATCH,,0,0,0,NA,NA,NA,NA,NA,WARNING_SOFT,1,0,0,0,0,TREND_REVERSAL_UNCONFIRMED,0,0.45,NONE,1,0,0,0
SOLUSDT,1781625600000,2026-06-16T16:00:00.000Z,NEUTRAL,NONE,0,7.875,IGNORE,0,WATCH,,0,0,0,NA,NA,NA,NA,NA,WARNING_SOFT,1,0,0,0,0,TREND_REVERSAL_UNCONFIRMED,0,0.45,NONE,1,0,0,0
SOLUSDT,1781629200000,2026-06-16T17:00:00.000Z,NEUTRAL,NONE,0,7.875,IGNORE,0,WATCH,,0,0,0,NA,NA,NA,NA,NA,WARNING_SOFT,1,0,0,0,0,TREND_REVERSAL_UNCONFIRMED,0,0.45,NONE,1,0,0,0
SOLUSDT,1781632800000,2026-06-16T18:00:00.000Z,BULL,SHORT,30.621571426370828,17.598948749826704,IGNORE,0,WATCH,,0,0,0,NA,NA,NA,NA,NA,BLOCK,0,0,0,0,0,TREND_REVERSAL_UNCONFIRMED,2,0.45,SHORT,1,0,0,0
SOLUSDT,1781636400000,2026-06-16T19:00:00.000Z,NEUTRAL,NONE,0,7.875,IGNORE,0,WATCH,,0,0,0,NA,NA,NA,NA,NA,WARNING_SOFT,1,0,0,0,0,TREND_REVERSAL_UNCONFIRMED,0,0.45,NONE,1,0,0,0
SOLUSDT,1781640000000,2026-06-16T20:00:00.000Z,BULL,SHORT,17.5,12.909375,IGNORE,0,WATCH,,0,0,0,NA,NA,NA,NA,NA,WARNING_SOFT,1,0,0,0,0,TREND_REVERSAL_UNCONFIRMED,1,0.45,SHORT,1,0,0,0
SOLUSDT,1781643600000,2026-06-16T21:00:00.000Z,BULL,SHORT,17.5,12.909375,IGNORE,0,WATCH,,0,0,0,NA,NA,NA,NA,NA,WARNING_SOFT,1,0,0,0,0,TREND_REVERSAL_UNCONFIRMED,1,0.45,SHORT,1,0,0,0
SOLUSDT,1781647200000,2026-06-16T22:00:00.000Z,NEUTRAL,NONE,0,7.875,IGNORE,0,WATCH,,0,0,0,NA,NA,NA,NA,NA,WARNING_SOFT,1,0,0,0,0,TREND_REVERSAL_UNCONFIRMED,0,0.45,NONE,1,0,0,0
SOLUSDT,1781650800000,2026-06-16T23:00:00.000Z,NEUTRAL,NONE,0,7.875,IGNORE,0,WATCH,,0,0,0,NA,NA,NA,NA,NA,WARNING_SOFT,1,0,0,0,0,TREND_REVERSAL_UNCONFIRMED,0,0.45,NONE,1,0,0,0
SOLUSDT,1781654400000,2026-06-17T00:00:00.000Z,NEUTRAL,NONE,0,7.875,IGNORE,0,WATCH,,0,0,0,NA,NA,NA,NA,NA,WARNING_SOFT,1,0,0,0,0,TREND_REVERSAL_UNCONFIRMED,0,0.45,NONE,1,0,0,0
SOLUSDT,1781658000000,2026-06-17T01:00:00.000Z,BULL,SHORT,17.5,12.909375,IGNORE,0,WATCH,,0,0,0,NA,NA,NA,NA,NA,WARNING_SOFT,1,0,0,0,0,TREND_REVERSAL_UNCONFIRMED,1,0.45,SHORT,1,0,0,0
SOLUSDT,1781661600000,2026-06-17T02:00:00.000Z,BULL,SHORT,17.5,12.909375,IGNORE,0,WATCH,,0,0,0,NA,NA,NA,NA,NA,WARNING_HARD,1,0,0,0,0,TREND_REVERSAL_UNCONFIRMED,1,0.45,SHORT,1,0,0,0
SOLUSDT,1781665200000,2026-06-17T03:00:00.000Z,NEUTRAL,NONE,0,7.875,IGNORE,0,WATCH,,0,0,0,NA,NA,NA,NA,NA,WARNING_SOFT,1,0,0,0,0,TREND_REVERSAL_UNCONFIRMED,0,0.45,NONE,1,0,0,0
SOLUSDT,1781668800000,2026-06-17T04:00:00.000Z,BULL,SHORT,17.5,12.909375,IGNORE,0,WATCH,,0,0,0,NA,NA,NA,NA,NA,WARNING_SOFT,1,0,0,0,0,TREND_REVERSAL_UNCONFIRMED,1,0.45,SHORT,1,0,0,0
SOLUSDT,1781672400000,2026-06-17T05:00:00.000Z,NEUTRAL,NONE,0,7.875,IGNORE,0,WATCH,,0,0,0,NA,NA,NA,NA,NA,WARNING_SOFT,1,0,0,0,0,TREND_REVERSAL_UNCONFIRMED,0,0.45,NONE,1,0,0,0
SOLUSDT,1781676000000,2026-06-17T06:00:00.000Z,NEUTRAL,NONE,0,7.875,IGNORE,0,WATCH,,0,0,0,NA,NA,NA,NA,NA,WARNING_SOFT,1,0,0,0,0,TREND_REVERSAL_UNCONFIRMED,0,0.45,NONE,1,0,0,0
SOLUSDT,1781679600000,2026-06-17T07:00:00.000Z,NEUTRAL,NONE,0,7.875,IGNORE,0,WATCH,,0,0,0,NA,NA,NA,NA,NA,BLOCK,0,0,0,0,0,TREND_REVERSAL_UNCONFIRMED,0,0.45,NONE,1,0,0,0
SOLUSDT,1781683200000,2026-06-17T08:00:00.000Z,NEUTRAL,NONE,0,7.875,IGNORE,0,WATCH,,0,0,0,NA,NA,NA,NA,NA,BLOCK,0,0,1,0,0,TREND_REVERSAL_UNCONFIRMED,0,0.45,NONE,1,0,0,0
SOLUSDT,1781686800000,2026-06-17T09:00:00.000Z,NEUTRAL,NONE,0,7.875,IGNORE,0,WATCH,,0,0,0,NA,NA,NA,NA,NA,BLOCK,0,0,0,0,0,TREND_REVERSAL_UNCONFIRMED,0,0.45,NONE,1,0,0,0
SOLUSDT,1781690400000,2026-06-17T10:00:00.000Z,NEUTRAL,NONE,0,7.875,IGNORE,0,WATCH,,0,0,0,NA,NA,NA,NA,NA,WARNING_SOFT,1,0,0,0,0,TREND_REVERSAL_UNCONFIRMED,0,0.45,NONE,1,0,0,0
SOLUSDT,1781694000000,2026-06-17T11:00:00.000Z,NEUTRAL,NONE,0,7.875,IGNORE,0,WATCH,,0,0,0,NA,NA,NA,NA,NA,BLOCK,0,0,0,0,0,TREND_REVERSAL_UNCONFIRMED,0,0.45,NONE,1,0,0,0
SOLUSDT,1781697600000,2026-06-17T12:00:00.000Z,NEUTRAL,NONE,0,7.875,IGNORE,0,WATCH,,0,0,0,NA,NA,NA,NA,NA,BLOCK,0,0,0,0,0,TREND_REVERSAL_UNCONFIRMED,0,0.45,NONE,1,0,0,0
SOLUSDT,1781701200000,2026-06-17T13:00:00.000Z,NEUTRAL,NONE,0,7.875,IGNORE,0,WATCH,,0,0,0,NA,NA,NA,NA,NA,BLOCK,0,1,0,0,0,TREND_REVERSAL_UNCONFIRMED,0,0.45,NONE,1,0,0,0
SOLUSDT,1781704800000,2026-06-17T14:00:00.000Z,NEUTRAL,NONE,0,7.875,IGNORE,0,WATCH,,0,0,0,NA,NA,NA,NA,NA,WARNING_SOFT,1,0,0,0,0,TREND_REVERSAL_UNCONFIRMED,0,0.45,NONE,1,0,0,0
SOLUSDT,1781708400000,2026-06-17T15:00:00.000Z,BULL,SHORT,25,13.5,IGNORE,0,WATCH,,0,0,0,NA,NA,NA,NA,NA,WARNING_SOFT,1,0,0,0,0,TREND_REVERSAL_UNCONFIRMED,1,0.45,SHORT,1,0,0,0
SOLUSDT,1781712000000,2026-06-17T16:00:00.000Z,BULL,SHORT,25,13.5,IGNORE,0,WATCH,,0,0,0,NA,NA,NA,NA,NA,CLEAR,1,0,0,0,0,TREND_REVERSAL_UNCONFIRMED,1,0.45,SHORT,1,0,0,0
SOLUSDT,1781715600000,2026-06-17T17:00:00.000Z,BULL,SHORT,14.259762699259024,12.654206312566648,IGNORE,0,WATCH,,0,0,0,NA,NA,NA,NA,NA,CLEAR,1,0,0,0,0,TREND_REVERSAL_UNCONFIRMED,1,0.45,SHORT,1,0,0,0
SOLUSDT,1781719200000,2026-06-17T18:00:00.000Z,BULL,SHORT,25,13.5,IGNORE,0,WATCH,,0,0,0,NA,NA,NA,NA,NA,BLOCK,0,0,0,0,0,TREND_REVERSAL_UNCONFIRMED,1,0.45,SHORT,1,0,0,0
SOLUSDT,1781722800000,2026-06-17T19:00:00.000Z,NEUTRAL,NONE,0,7.875,IGNORE,0,WATCH,,0,0,0,NA,NA,NA,NA,NA,BLOCK,0,0,0,0,0,TREND_REVERSAL_UNCONFIRMED,0,0.45,NONE,1,0,0,0
SOLUSDT,1781726400000,2026-06-17T20:00:00.000Z,NEUTRAL,NONE,0,7.875,IGNORE,0,WATCH,,0,0,0,NA,NA,NA,NA,NA,WARNING_SOFT,1,0,0,0,0,TREND_REVERSAL_UNCONFIRMED,0,0.45,NONE,1,0,0,0
SOLUSDT,1781730000000,2026-06-17T21:00:00.000Z,BEAR,LONG,12.847222222222221,12.54296875,IGNORE,0,WATCH,,0,0,0,NA,NA,NA,NA,NA,CLEAR,1,0,0,0,0,TREND_REVERSAL_UNCONFIRMED,1,0.45,LONG,1,0,0,0
SOLUSDT,1781733600000,2026-06-17T22:00:00.000Z,BEAR,LONG,0,7.875,IGNORE,0,WATCH,,0,0,0,NA,NA,NA,NA,NA,CLEAR,1,0,0,0,0,TREND_REVERSAL_UNCONFIRMED,0,0.45,LONG,1,0,0,0
SOLUSDT,1781737200000,2026-06-17T23:00:00.000Z,BEAR,LONG,25,13.5,IGNORE,0,WATCH,,0,0,0,NA,NA,NA,NA,NA,CLEAR,1,0,0,0,0,TREND_REVERSAL_UNCONFIRMED,1,0.45,LONG,1,0,0,0
SOLUSDT,1781740800000,2026-06-18T00:00:00.000Z,BEAR,LONG,0,7.875,IGNORE,0,WATCH,,0,0,0,NA,NA,NA,NA,NA,CLEAR,1,0,0,0,0,TREND_REVERSAL_UNCONFIRMED,0,0.45,LONG,1,0,0,0
SOLUSDT,1781744400000,2026-06-18T01:00:00.000Z,BEAR,LONG,0,7.875,IGNORE,0,WATCH,,0,0,0,NA,NA,NA,NA,NA,WARNING_SOFT,1,0,0,0,0,TREND_REVERSAL_UNCONFIRMED,0,0.45,LONG,1,0,0,0
SOLUSDT,1781748000000,2026-06-18T02:00:00.000Z,BEAR,LONG,0,7.875,IGNORE,0,WATCH,,0,0,0,NA,NA,NA,NA,NA,WARNING_SOFT,1,0,0,0,0,TREND_REVERSAL_UNCONFIRMED,0,0.45,LONG,1,0,0,0
SOLUSDT,1781751600000,2026-06-18T03:00:00.000Z,BEAR,LONG,0,7.875,IGNORE,0,WATCH,,0,0,0,NA,NA,NA,NA,NA,CLEAR,1,0,0,0,0,TREND_REVERSAL_UNCONFIRMED,0,0.45,LONG,1,0,0,0
SOLUSDT,1781755200000,2026-06-18T04:00:00.000Z,BEAR,LONG,12.847222222222221,12.54296875,IGNORE,0,WATCH,,0,0,0,NA,NA,NA,NA,NA,CLEAR,1,0,0,0,0,TREND_REVERSAL_UNCONFIRMED,1,0.45,LONG,1,0,0,0
SOLUSDT,1781758800000,2026-06-18T05:00:00.000Z,BEAR,LONG,25,13.5,IGNORE,0,WATCH,,0,0,0,NA,NA,NA,NA,NA,CLEAR,1,0,0,0,0,TREND_REVERSAL_UNCONFIRMED,1,0.45,LONG,1,0,0,0
SOLUSDT,1781762400000,2026-06-18T06:00:00.000Z,BEAR,LONG,0,7.875,IGNORE,0,WATCH,,0,0,0,NA,NA,NA,NA,NA,CLEAR,1,0,0,0,0,TREND_REVERSAL_UNCONFIRMED,0,0.45,LONG,1,0,0,0
SOLUSDT,1781766000000,2026-06-18T07:00:00.000Z,BEAR,LONG,0,7.875,IGNORE,0,WATCH,,0,0,0,NA,NA,NA,NA,NA,CLEAR,1,0,0,0,0,TREND_REVERSAL_UNCONFIRMED,0,0.45,LONG,1,0,0,0
SOLUSDT,1781769600000,2026-06-18T08:00:00.000Z,BEAR,LONG,0,7.875,IGNORE,0,WATCH,,0,0,0,NA,NA,NA,NA,NA,BLOCK,0,0,0,0,0,TREND_REVERSAL_UNCONFIRMED,0,0.45,LONG,1,0,0,0
SOLUSDT,1781773200000,2026-06-18T09:00:00.000Z,BEAR,LONG,0,7.875,IGNORE,0,WATCH,,0,0,0,NA,NA,NA,NA,NA,WARNING_SOFT,1,0,0,0,0,TREND_REVERSAL_UNCONFIRMED,0,0.45,LONG,1,0,0,0
SOLUSDT,1781776800000,2026-06-18T10:00:00.000Z,BEAR,LONG,0,7.875,IGNORE,0,WATCH,,0,0,0,NA,NA,NA,NA,NA,CLEAR,1,0,0,0,0,TREND_REVERSAL_UNCONFIRMED,0,0.45,LONG,1,0,0,0
SOLUSDT,1781780400000,2026-06-18T11:00:00.000Z,BEAR,LONG,12.847222222222221,12.54296875,IGNORE,0,WATCH,,0,0,0,NA,NA,NA,NA,NA,CLEAR,1,0,0,0,0,TREND_REVERSAL_UNCONFIRMED,1,0.45,LONG,1,0,0,0
SOLUSDT,1781784000000,2026-06-18T12:00:00.000Z,BEAR,LONG,25,13.5,IGNORE,0,WATCH,,0,0,0,NA,NA,NA,NA,NA,CLEAR,1,0,0,0,0,TREND_REVERSAL_UNCONFIRMED,1,0.45,LONG,1,0,0,0
SOLUSDT,1781787600000,2026-06-18T13:00:00.000Z,BEAR,LONG,12.625541866093263,12.525511421954844,IGNORE,0,WATCH,,0,0,0,NA,NA,NA,NA,NA,WARNING_SOFT,1,0,0,0,0,TREND_REVERSAL_UNCONFIRMED,1,0.45,LONG,1,0,0,0
SOLUSDT,1781791200000,2026-06-18T14:00:00.000Z,BEAR,LONG,13.721438599814734,12.61181328973541,IGNORE,0,WATCH,,0,0,0,NA,NA,NA,NA,NA,CLEAR,1,0,0,0,0,TREND_REVERSAL_UNCONFIRMED,1,0.45,LONG,1,0,0,0
SOLUSDT,1781794800000,2026-06-18T15:00:00.000Z,BEAR,LONG,37.84722222222222,18.16796875,IGNORE,0,WATCH,,0,0,0,NA,NA,NA,NA,NA,CLEAR,1,0,0,0,0,TREND_REVERSAL_UNCONFIRMED,2,0.45,LONG,1,0,0,0
SOLUSDT,1781798400000,2026-06-18T16:00:00.000Z,BEAR,LONG,45.91486406890337,18.80329554542614,IGNORE,0,WATCH,,0,0,0,NA,NA,NA,NA,NA,CLEAR,1,0,0,0,0,TREND_REVERSAL_UNCONFIRMED,2,0.45,LONG,1,0,0,0
SOLUSDT,1781802000000,2026-06-18T17:00:00.000Z,BEAR,LONG,0,7.875,IGNORE,0,WATCH,,0,0,0,NA,NA,NA,NA,NA,CLEAR,1,0,0,0,0,TREND_REVERSAL_UNCONFIRMED,0,0.45,LONG,1,0,0,0
SOLUSDT,1781805600000,2026-06-18T18:00:00.000Z,BEAR,LONG,0,7.875,IGNORE,0,WATCH,,0,0,0,NA,NA,NA,NA,NA,CLEAR,1,0,0,0,0,TREND_REVERSAL_UNCONFIRMED,0,0.45,LONG,1,0,0,0
SOLUSDT,1781809200000,2026-06-18T19:00:00.000Z,BEAR,LONG,0,7.875,IGNORE,0,WATCH,,0,0,0,NA,NA,NA,NA,NA,CLEAR,1,0,0,0,0,TREND_REVERSAL_UNCONFIRMED,0,0.45,LONG,1,0,0,0
SOLUSDT,1781812800000,2026-06-18T20:00:00.000Z,BEAR,LONG,0,7.875,IGNORE,0,WATCH,,0,0,0,NA,NA,NA,NA,NA,CLEAR,1,0,0,0,0,TREND_REVERSAL_UNCONFIRMED,0,0.45,LONG,1,0,0,0
SOLUSDT,1781816400000,2026-06-18T21:00:00.000Z,BEAR,LONG,0,7.875,IGNORE,0,WATCH,,0,0,0,NA,NA,NA,NA,NA,CLEAR,1,0,0,0,0,TREND_REVERSAL_UNCONFIRMED,0,0.45,LONG,1,0,0,0
SOLUSDT,1781820000000,2026-06-18T22:00:00.000Z,BEAR,LONG,25,13.5,IGNORE,0,WATCH,,0,0,0,NA,NA,NA,NA,NA,CLEAR,1,0,0,0,0,TREND_REVERSAL_UNCONFIRMED,1,0.45,LONG,1,0,0,0
SOLUSDT,1781823600000,2026-06-18T23:00:00.000Z,BEAR,LONG,0,7.875,IGNORE,0,WATCH,,0,0,0,NA,NA,NA,NA,NA,CLEAR,1,0,0,0,0,TREND_REVERSAL_UNCONFIRMED,0,0.45,LONG,1,0,0,0
SOLUSDT,1781827200000,2026-06-19T00:00:00.000Z,BEAR,LONG,0,7.875,IGNORE,0,WATCH,,0,0,0,NA,NA,NA,NA,NA,WARNING_SOFT,1,0,0,0,0,TREND_REVERSAL_UNCONFIRMED,0,0.45,LONG,1,0,0,0
SOLUSDT,1781830800000,2026-06-19T01:00:00.000Z,BEAR,LONG,0,7.875,IGNORE,0,WATCH,,0,0,0,NA,NA,NA,NA,NA,WARNING_SOFT,1,0,0,0,0,TREND_REVERSAL_UNCONFIRMED,0,0.45,LONG,1,0,0,0
SOLUSDT,1781834400000,2026-06-19T02:00:00.000Z,BEAR,LONG,0,7.875,IGNORE,0,WATCH,,0,0,0,NA,NA,NA,NA,NA,CLEAR,1,0,0,0,0,TREND_REVERSAL_UNCONFIRMED,0,0.45,LONG,1,0,0,0
SOLUSDT,1781838000000,2026-06-19T03:00:00.000Z,BEAR,LONG,16.963588352389618,12.867132582750683,IGNORE,0,WATCH,,0,0,0,NA,NA,NA,NA,NA,CLEAR,1,0,0,0,0,TREND_REVERSAL_UNCONFIRMED,1,0.45,LONG,1,0,0,0
SOLUSDT,1781841600000,2026-06-19T04:00:00.000Z,BEAR,LONG,0,7.875,IGNORE,0,WATCH,,0,0,0,NA,NA,NA,NA,NA,CLEAR,1,0,0,0,0,TREND_REVERSAL_UNCONFIRMED,0,0.45,LONG,1,0,0,0
SOLUSDT,1781845200000,2026-06-19T05:00:00.000Z,BEAR,LONG,0,7.875,IGNORE,0,WATCH,,0,0,0,NA,NA,NA,NA,NA,CLEAR,1,0,0,0,0,TREND_REVERSAL_UNCONFIRMED,0,0.45,LONG,1,0,0,0
SOLUSDT,1781848800000,2026-06-19T06:00:00.000Z,BEAR,LONG,25,13.5,IGNORE,0,WATCH,,0,0,0,NA,NA,NA,NA,NA,CLEAR,1,0,0,0,0,TREND_REVERSAL_UNCONFIRMED,1,0.45,LONG,1,0,0,0
SOLUSDT,1781852400000,2026-06-19T07:00:00.000Z,BEAR,LONG,0,7.875,IGNORE,0,WATCH,,0,0,0,NA,NA,NA,NA,NA,CLEAR,1,0,0,0,0,TREND_REVERSAL_UNCONFIRMED,0,0.45,LONG,1,0,0,0
SOLUSDT,1781856000000,2026-06-19T08:00:00.000Z,BEAR,LONG,0,7.875,IGNORE,0,WATCH,,0,0,0,NA,NA,NA,NA,NA,CLEAR,1,0,0,0,0,TREND_REVERSAL_UNCONFIRMED,0,0.45,LONG,1,0,0,0
SOLUSDT,1781859600000,2026-06-19T09:00:00.000Z,BEAR,LONG,12.847222222222221,12.54296875,IGNORE,0,WATCH,,0,0,0,NA,NA,NA,NA,NA,CLEAR,1,0,0,0,0,TREND_REVERSAL_UNCONFIRMED,1,0.45,LONG,1,0,0,0
SOLUSDT,1781863200000,2026-06-19T10:00:00.000Z,BEAR,LONG,12.847222222222221,12.54296875,IGNORE,0,WATCH,,0,0,0,NA,NA,NA,NA,NA,CLEAR,1,0,0,0,0,TREND_REVERSAL_UNCONFIRMED,1,0.45,LONG,1,0,0,0
SOLUSDT,1781866800000,2026-06-19T11:00:00.000Z,BEAR,LONG,12.847222222222221,12.54296875,IGNORE,0,WATCH,,0,0,0,NA,NA,NA,NA,NA,CLEAR,1,0,0,0,0,TREND_REVERSAL_UNCONFIRMED,1,0.45,LONG,1,0,0,0
SOLUSDT,1781870400000,2026-06-19T12:00:00.000Z,BEAR,LONG,13.238549510732149,12.573785773970156,IGNORE,0,WATCH,,0,0,0,NA,NA,NA,NA,NA,CLEAR,1,0,0,0,0,TREND_REVERSAL_UNCONFIRMED,1,0.45,LONG,1,0,0,0
SOLUSDT,1781874000000,2026-06-19T13:00:00.000Z,NEUTRAL,NONE,0,7.875,IGNORE,0,WATCH,,0,0,0,NA,NA,NA,NA,NA,BLOCK,0,1,0,0,0,TREND_REVERSAL_UNCONFIRMED,0,0.45,NONE,1,0,0,0
SOLUSDT,1781877600000,2026-06-19T14:00:00.000Z,NEUTRAL,NONE,0,7.875,IGNORE,0,WATCH,,0,0,0,NA,NA,NA,NA,NA,CLEAR,1,0,0,0,0,TREND_REVERSAL_UNCONFIRMED,0,0.45,NONE,1,0,0,0
SOLUSDT,1781881200000,2026-06-19T15:00:00.000Z,NEUTRAL,NONE,0,7.875,IGNORE,0,WATCH,,0,0,0,NA,NA,NA,NA,NA,CLEAR,1,0,0,0,0,TREND_REVERSAL_UNCONFIRMED,0,0.45,NONE,1,0,0,0
SOLUSDT,1781884800000,2026-06-19T16:00:00.000Z,BEAR,LONG,14.106484063166068,12.642135619974328,IGNORE,0,WATCH,,0,0,0,NA,NA,NA,NA,NA,BLOCK,0,0,0,0,0,TREND_REVERSAL_UNCONFIRMED,1,0.45,LONG,1,0,0,0
SOLUSDT,1781888400000,2026-06-19T17:00:00.000Z,NEUTRAL,NONE,0,7.875,IGNORE,0,WATCH,,0,0,0,NA,NA,NA,NA,NA,CLEAR,1,0,0,0,0,TREND_REVERSAL_UNCONFIRMED,0,0.45,NONE,1,0,0,0
SOLUSDT,1781892000000,2026-06-19T18:00:00.000Z,BEAR,LONG,0,7.875,IGNORE,0,WATCH,,0,0,0,NA,NA,NA,NA,NA,WARNING_SOFT,1,0,0,0,0,TREND_REVERSAL_UNCONFIRMED,0,0.45,LONG,1,0,0,0
SOLUSDT,1781895600000,2026-06-19T19:00:00.000Z,BEAR,LONG,0,7.875,IGNORE,0,WATCH,,0,0,0,NA,NA,NA,NA,NA,WARNING_SOFT,1,0,0,0,0,TREND_REVERSAL_UNCONFIRMED,0,0.45,LONG,1,0,0,0
SOLUSDT,1781899200000,2026-06-19T20:00:00.000Z,NEUTRAL,NONE,0,7.875,IGNORE,0,WATCH,,0,0,0,NA,NA,NA,NA,NA,WARNING_SOFT,1,0,0,0,0,TREND_REVERSAL_UNCONFIRMED,0,0.45,NONE,1,0,0,0
SOLUSDT,1781902800000,2026-06-19T21:00:00.000Z,BEAR,LONG,17.5,12.909375,IGNORE,0,WATCH,,0,0,0,NA,NA,NA,NA,NA,WARNING_SOFT,1,0,0,0,0,TREND_REVERSAL_UNCONFIRMED,1,0.45,LONG,1,0,0,0
SOLUSDT,1781906400000,2026-06-19T22:00:00.000Z,NEUTRAL,NONE,0,7.875,IGNORE,0,WATCH,,0,0,0,NA,NA,NA,NA,NA,CLEAR,1,0,0,0,0,TREND_REVERSAL_UNCONFIRMED,0,0.45,NONE,1,0,0,0
SOLUSDT,1781910000000,2026-06-19T23:00:00.000Z,NEUTRAL,NONE,0,7.875,IGNORE,0,WATCH,,0,0,0,NA,NA,NA,NA,NA,CLEAR,1,0,0,0,0,TREND_REVERSAL_UNCONFIRMED,0,0.45,NONE,1,0,0,0
SOLUSDT,1781913600000,2026-06-20T00:00:00.000Z,NEUTRAL,NONE,0,7.875,IGNORE,0,WATCH,,0,0,0,NA,NA,NA,NA,NA,CLEAR,1,0,0,0,0,TREND_REVERSAL_UNCONFIRMED,0,0.45,NONE,1,0,0,0
SOLUSDT,1781917200000,2026-06-20T01:00:00.000Z,NEUTRAL,NONE,0,7.875,IGNORE,0,WATCH,,0,0,0,NA,NA,NA,NA,NA,CLEAR,1,0,0,0,0,TREND_REVERSAL_UNCONFIRMED,0,0.45,NONE,1,0,0,0
SOLUSDT,1781920800000,2026-06-20T02:00:00.000Z,NEUTRAL,NONE,0,7.875,IGNORE,0,WATCH,,0,0,0,NA,NA,NA,NA,NA,CLEAR,1,0,0,0,0,TREND_REVERSAL_UNCONFIRMED,0,0.45,NONE,1,0,0,0
SOLUSDT,1781924400000,2026-06-20T03:00:00.000Z,NEUTRAL,NONE,0,7.875,IGNORE,0,WATCH,,0,0,0,NA,NA,NA,NA,NA,CLEAR,1,0,0,0,0,TREND_REVERSAL_UNCONFIRMED,0,0.45,NONE,1,0,0,0
SOLUSDT,1781928000000,2026-06-20T04:00:00.000Z,NEUTRAL,NONE,0,7.875,IGNORE,0,WATCH,,0,0,0,NA,NA,NA,NA,NA,CLEAR,1,0,0,0,0,TREND_REVERSAL_UNCONFIRMED,0,0.45,NONE,1,0,0,0
SOLUSDT,1781931600000,2026-06-20T05:00:00.000Z,NEUTRAL,NONE,0,7.875,IGNORE,0,WATCH,,0,0,0,NA,NA,NA,NA,NA,CLEAR,1,0,0,0,0,TREND_REVERSAL_UNCONFIRMED,0,0.45,NONE,1,0,0,0
SOLUSDT,1781935200000,2026-06-20T06:00:00.000Z,NEUTRAL,NONE,0,7.875,IGNORE,0,WATCH,,0,0,0,NA,NA,NA,NA,NA,CLEAR,1,0,0,0,0,TREND_REVERSAL_UNCONFIRMED,0,0.45,NONE,1,0,0,0
SOLUSDT,1781938800000,2026-06-20T07:00:00.000Z,NEUTRAL,NONE,0,7.875,IGNORE,0,WATCH,,0,0,0,NA,NA,NA,NA,NA,CLEAR,1,0,0,0,0,TREND_REVERSAL_UNCONFIRMED,0,0.45,NONE,1,0,0,0
SOLUSDT,1781942400000,2026-06-20T08:00:00.000Z,BULL,SHORT,0,7.875,IGNORE,0,WATCH,,0,0,0,NA,NA,NA,NA,NA,CLEAR,1,0,0,0,0,TREND_REVERSAL_UNCONFIRMED,0,0.45,SHORT,1,0,0,0
SOLUSDT,1781946000000,2026-06-20T09:00:00.000Z,BULL,SHORT,0,7.875,IGNORE,0,WATCH,,0,0,0,NA,NA,NA,NA,NA,CLEAR,1,0,0,0,0,TREND_REVERSAL_UNCONFIRMED,0,0.45,SHORT,1,0,0,0
SOLUSDT,1781949600000,2026-06-20T10:00:00.000Z,BULL,SHORT,0,7.875,IGNORE,0,WATCH,,0,0,0,NA,NA,NA,NA,NA,CLEAR,1,0,0,0,0,TREND_REVERSAL_UNCONFIRMED,0,0.45,SHORT,1,0,0,0
SOLUSDT,1781953200000,2026-06-20T11:00:00.000Z,BULL,SHORT,0,7.875,IGNORE,0,WATCH,,0,0,0,NA,NA,NA,NA,NA,CLEAR,1,0,0,0,0,TREND_REVERSAL_UNCONFIRMED,0,0.45,SHORT,1,0,0,0
SOLUSDT,1781956800000,2026-06-20T12:00:00.000Z,BULL,SHORT,0,7.875,IGNORE,0,WATCH,,0,0,0,NA,NA,NA,NA,NA,CLEAR,1,0,0,0,0,TREND_REVERSAL_UNCONFIRMED,0,0.45,SHORT,1,0,0,0
SOLUSDT,1781960400000,2026-06-20T13:00:00.000Z,BULL,SHORT,25,13.5,IGNORE,0,WATCH,,0,0,0,NA,NA,NA,NA,NA,BLOCK,0,0,0,0,0,TREND_REVERSAL_UNCONFIRMED,1,0.45,SHORT,1,0,0,0
SOLUSDT,1781964000000,2026-06-20T14:00:00.000Z,BULL,SHORT,25,13.5,IGNORE,0,WATCH,,0,0,0,NA,NA,NA,NA,NA,BLOCK,0,0,0,0,0,TREND_REVERSAL_UNCONFIRMED,1,0.45,SHORT,1,0,0,0
SOLUSDT,1781967600000,2026-06-20T15:00:00.000Z,BULL,SHORT,25,13.5,IGNORE,0,WATCH,,0,0,0,NA,NA,NA,NA,NA,CLEAR,1,0,0,0,0,TREND_REVERSAL_UNCONFIRMED,1,0.45,SHORT,1,0,0,0
SOLUSDT,1781971200000,2026-06-20T16:00:00.000Z,BULL,SHORT,25,13.5,IGNORE,0,WATCH,,0,0,0,NA,NA,NA,NA,NA,CLEAR,1,0,0,0,0,TREND_REVERSAL_UNCONFIRMED,1,0.45,SHORT,1,0,0,0
SOLUSDT,1781974800000,2026-06-20T17:00:00.000Z,BULL,SHORT,0,7.875,IGNORE,0,WATCH,,0,0,0,NA,NA,NA,NA,NA,CLEAR,1,0,0,0,0,TREND_REVERSAL_UNCONFIRMED,0,0.45,SHORT,1,0,0,0
SOLUSDT,1781978400000,2026-06-20T18:00:00.000Z,BULL,SHORT,0,7.875,IGNORE,0,WATCH,,0,0,0,NA,NA,NA,NA,NA,CLEAR,1,0,0,0,0,TREND_REVERSAL_UNCONFIRMED,0,0.45,SHORT,1,0,0,0
SOLUSDT,1781982000000,2026-06-20T19:00:00.000Z,BULL,SHORT,0,7.875,IGNORE,0,WATCH,,0,0,0,NA,NA,NA,NA,NA,CLEAR,1,0,0,0,0,TREND_REVERSAL_UNCONFIRMED,0,0.45,SHORT,1,0,0,0
SOLUSDT,1781985600000,2026-06-20T20:00:00.000Z,BULL,SHORT,25,13.5,IGNORE,0,WATCH,,0,0,0,NA,NA,NA,NA,NA,CLEAR,1,0,0,0,0,TREND_REVERSAL_UNCONFIRMED,1,0.45,SHORT,1,0,0,0
SOLUSDT,1781989200000,2026-06-20T21:00:00.000Z,BULL,SHORT,12.847222222222221,12.54296875,IGNORE,0,WATCH,,0,0,0,NA,NA,NA,NA,NA,CLEAR,1,0,0,0,0,TREND_REVERSAL_UNCONFIRMED,1,0.45,SHORT,1,0,0,0
SOLUSDT,1781992800000,2026-06-20T22:00:00.000Z,BULL,SHORT,38.19444444444444,18.1953125,IGNORE,0,WATCH,,0,0,0,NA,NA,NA,NA,NA,CLEAR,1,0,0,0,0,TREND_REVERSAL_UNCONFIRMED,2,0.45,SHORT,1,0,0,0
SOLUSDT,1781996400000,2026-06-20T23:00:00.000Z,BULL,SHORT,0,7.875,IGNORE,0,WATCH,,0,0,0,NA,NA,NA,NA,NA,CLEAR,1,0,0,0,0,TREND_REVERSAL_UNCONFIRMED,0,0.45,SHORT,1,0,0,0
SOLUSDT,1782000000000,2026-06-21T00:00:00.000Z,BULL,SHORT,0,7.875,IGNORE,0,WATCH,,0,0,0,NA,NA,NA,NA,NA,CLEAR,1,0,0,0,0,TREND_REVERSAL_UNCONFIRMED,0,0.45,SHORT,1,0,0,0
SOLUSDT,1782003600000,2026-06-21T01:00:00.000Z,BULL,SHORT,0,7.875,IGNORE,0,WATCH,,0,0,0,NA,NA,NA,NA,NA,CLEAR,1,0,0,0,0,TREND_REVERSAL_UNCONFIRMED,0,0.45,SHORT,1,0,0,0
SOLUSDT,1782007200000,2026-06-21T02:00:00.000Z,BULL,SHORT,0,7.875,IGNORE,0,WATCH,,0,0,0,NA,NA,NA,NA,NA,CLEAR,1,0,0,0,0,TREND_REVERSAL_UNCONFIRMED,0,0.45,SHORT,1,0,0,0
SOLUSDT,1782010800000,2026-06-21T03:00:00.000Z,BULL,SHORT,0,7.875,IGNORE,0,WATCH,,0,0,0,NA,NA,NA,NA,NA,CLEAR,1,0,0,0,0,TREND_REVERSAL_UNCONFIRMED,0,0.45,SHORT,1,0,0,0
SOLUSDT,1782014400000,2026-06-21T04:00:00.000Z,BULL,SHORT,25,13.5,IGNORE,0,WATCH,,0,0,0,NA,NA,NA,NA,NA,CLEAR,1,0,0,0,0,TREND_REVERSAL_UNCONFIRMED,1,0.45,SHORT,1,0,0,0
SOLUSDT,1782018000000,2026-06-21T05:00:00.000Z,BULL,SHORT,0,7.875,IGNORE,0,WATCH,,0,0,0,NA,NA,NA,NA,NA,CLEAR,1,0,0,0,0,TREND_REVERSAL_UNCONFIRMED,0,0.45,SHORT,1,0,0,0
SOLUSDT,1782021600000,2026-06-21T06:00:00.000Z,BULL,SHORT,17.5,12.909375,IGNORE,0,WATCH,,0,0,0,NA,NA,NA,NA,NA,CLEAR,1,0,0,0,0,TREND_REVERSAL_UNCONFIRMED,1,0.45,SHORT,1,0,0,0
SOLUSDT,1782025200000,2026-06-21T07:00:00.000Z,BULL,SHORT,17.5,12.909375,IGNORE,0,WATCH,,0,0,0,NA,NA,NA,NA,NA,CLEAR,1,0,0,0,0,TREND_REVERSAL_UNCONFIRMED,1,0.45,SHORT,1,0,0,0
SOLUSDT,1782028800000,2026-06-21T08:00:00.000Z,BULL,SHORT,17.5,12.909375,IGNORE,0,WATCH,,0,0,0,NA,NA,NA,NA,NA,WARNING_SOFT,1,0,0,0,0,TREND_REVERSAL_UNCONFIRMED,1,0.45,SHORT,1,0,0,0
SOLUSDT,1782032400000,2026-06-21T09:00:00.000Z,BULL,SHORT,31.136633524606587,17.63950989006277,IGNORE,0,WATCH,,0,0,0,NA,NA,NA,NA,NA,CLEAR,1,0,0,0,0,TREND_REVERSAL_UNCONFIRMED,2,0.45,SHORT,1,0,0,0
SOLUSDT,1782036000000,2026-06-21T10:00:00.000Z,BULL,SHORT,17.5,12.909375,IGNORE,0,WATCH,,0,0,0,NA,NA,NA,NA,NA,CLEAR,1,0,0,0,0,TREND_REVERSAL_UNCONFIRMED,1,0.45,SHORT,1,0,0,0
SOLUSDT,1782039600000,2026-06-21T11:00:00.000Z,BULL,SHORT,37.58538014166961,18.14734868615648,IGNORE,0,WATCH,,0,0,0,NA,NA,NA,NA,NA,CLEAR,1,0,0,0,0,TREND_REVERSAL_UNCONFIRMED,2,0.45,SHORT,1,0,0,0
SOLUSDT,1782043200000,2026-06-21T12:00:00.000Z,BULL,SHORT,38.54841980082135,18.22318805931468,IGNORE,0,WATCH,,0,0,0,NA,NA,NA,NA,NA,BLOCK,0,0,0,0,0,TREND_REVERSAL_UNCONFIRMED,2,0.45,SHORT,1,0,0,0
SOLUSDT,1782046800000,2026-06-21T13:00:00.000Z,BULL,SHORT,0,7.875,IGNORE,0,WATCH,,0,0,0,NA,NA,NA,NA,NA,CLEAR,1,0,0,0,0,TREND_REVERSAL_UNCONFIRMED,0,0.45,SHORT,1,0,0,0
SOLUSDT,1782050400000,2026-06-21T14:00:00.000Z,BULL,SHORT,0,7.875,IGNORE,0,WATCH,,0,0,0,NA,NA,NA,NA,NA,CLEAR,1,0,0,0,0,TREND_REVERSAL_UNCONFIRMED,0,0.45,SHORT,1,0,0,0
SOLUSDT,1782054000000,2026-06-21T15:00:00.000Z,BULL,SHORT,0,7.875,IGNORE,0,WATCH,,0,0,0,NA,NA,NA,NA,NA,CLEAR,1,0,0,0,0,TREND_REVERSAL_UNCONFIRMED,0,0.45,SHORT,1,0,0,0
SOLUSDT,1782057600000,2026-06-21T16:00:00.000Z,BULL,SHORT,16.81125808110198,12.855136573886782,IGNORE,0,WATCH,,0,0,0,NA,NA,NA,NA,NA,CLEAR,1,0,0,0,0,TREND_REVERSAL_UNCONFIRMED,1,0.45,SHORT,1,0,0,0
SOLUSDT,1782061200000,2026-06-21T17:00:00.000Z,BULL,SHORT,25,13.5,IGNORE,0,WATCH,,0,0,0,NA,NA,NA,NA,NA,CLEAR,1,0,0,0,0,TREND_REVERSAL_UNCONFIRMED,1,0.45,SHORT,1,0,0,0
SOLUSDT,1782064800000,2026-06-21T18:00:00.000Z,BULL,SHORT,0,7.875,IGNORE,0,WATCH,,0,0,0,NA,NA,NA,NA,NA,CLEAR,1,0,0,0,0,TREND_REVERSAL_UNCONFIRMED,0,0.45,SHORT,1,0,0,0
SOLUSDT,1782068400000,2026-06-21T19:00:00.000Z,BULL,SHORT,12.847222222222221,12.54296875,IGNORE,0,WATCH,,0,0,0,NA,NA,NA,NA,NA,CLEAR,1,0,0,0,0,TREND_REVERSAL_UNCONFIRMED,1,0.45,SHORT,1,0,0,0
SOLUSDT,1782072000000,2026-06-21T20:00:00.000Z,NEUTRAL,NONE,0,7.875,IGNORE,0,WATCH,,0,0,0,NA,NA,NA,NA,NA,WARNING_SOFT,1,0,0,0,0,TREND_REVERSAL_UNCONFIRMED,0,0.45,NONE,1,0,0,0
SOLUSDT,1782075600000,2026-06-21T21:00:00.000Z,NEUTRAL,NONE,0,7.875,IGNORE,0,WATCH,,0,0,0,NA,NA,NA,NA,NA,BLOCK,0,0,0,0,0,TREND_REVERSAL_UNCONFIRMED,0,0.45,NONE,1,0,0,0
SOLUSDT,1782079200000,2026-06-21T22:00:00.000Z,NEUTRAL,NONE,0,7.875,IGNORE,0,WATCH,,0,0,0,NA,NA,NA,NA,NA,WARNING_SOFT,1,0,0,0,0,TREND_REVERSAL_UNCONFIRMED,0,0.45,NONE,1,0,0,0
SOLUSDT,1782082800000,2026-06-21T23:00:00.000Z,NEUTRAL,NONE,0,7.875,IGNORE,0,WATCH,,0,0,0,NA,NA,NA,NA,NA,WARNING_SOFT,1,0,0,0,0,TREND_REVERSAL_UNCONFIRMED,0,0.45,NONE,1,0,0,0
SOLUSDT,1782086400000,2026-06-22T00:00:00.000Z,NEUTRAL,NONE,0,7.875,IGNORE,0,WATCH,,0,0,0,NA,NA,NA,NA,NA,WARNING_SOFT,1,0,0,0,0,TREND_REVERSAL_UNCONFIRMED,0,0.45,NONE,1,0,0,0
SOLUSDT,1782090000000,2026-06-22T01:00:00.000Z,BULL,SHORT,25,13.5,IGNORE,0,WATCH,,0,0,0,NA,NA,NA,NA,NA,CLEAR,1,1,0,0,0,TREND_REVERSAL_UNCONFIRMED,1,0.45,SHORT,1,0,0,0
SOLUSDT,1782093600000,2026-06-22T02:00:00.000Z,BULL,SHORT,25,13.5,IGNORE,0,WATCH,,0,0,0,NA,NA,NA,NA,NA,CLEAR,1,0,0,0,0,TREND_REVERSAL_UNCONFIRMED,1,0.45,SHORT,1,0,0,0
SOLUSDT,1782097200000,2026-06-22T03:00:00.000Z,NEUTRAL,NONE,0,7.875,IGNORE,0,WATCH,,0,0,0,NA,NA,NA,NA,NA,BLOCK,0,0,0,0,0,TREND_REVERSAL_UNCONFIRMED,0,0.45,NONE,1,0,0,0
SOLUSDT,1782100800000,2026-06-22T04:00:00.000Z,BULL,SHORT,0,7.875,IGNORE,0,WATCH,,0,0,0,NA,NA,NA,NA,NA,WARNING_SOFT,1,0,0,0,0,TREND_REVERSAL_UNCONFIRMED,0,0.45,SHORT,1,0,0,0
SOLUSDT,1782104400000,2026-06-22T05:00:00.000Z,BULL,SHORT,0,7.875,IGNORE,0,WATCH,,0,0,0,NA,NA,NA,NA,NA,CLEAR,1,0,0,0,0,TREND_REVERSAL_UNCONFIRMED,0,0.45,SHORT,1,0,0,0
SOLUSDT,1782108000000,2026-06-22T06:00:00.000Z,BULL,SHORT,0,7.875,IGNORE,0,WATCH,,0,0,0,NA,NA,NA,NA,NA,WARNING_SOFT,1,0,0,0,0,TREND_REVERSAL_UNCONFIRMED,0,0.45,SHORT,1,0,0,0
SOLUSDT,1782111600000,2026-06-22T07:00:00.000Z,BULL,SHORT,0,7.875,IGNORE,0,WATCH,,0,0,0,NA,NA,NA,NA,NA,CLEAR,1,0,0,0,0,TREND_REVERSAL_UNCONFIRMED,0,0.45,SHORT,1,0,0,0
SOLUSDT,1782115200000,2026-06-22T08:00:00.000Z,BULL,SHORT,0,7.875,IGNORE,0,WATCH,,0,0,0,NA,NA,NA,NA,NA,CLEAR,1,0,0,0,0,TREND_REVERSAL_UNCONFIRMED,0,0.45,SHORT,1,0,0,0
SOLUSDT,1782118800000,2026-06-22T09:00:00.000Z,BULL,SHORT,0,7.875,IGNORE,0,WATCH,,0,0,0,NA,NA,NA,NA,NA,WARNING_SOFT,1,0,0,0,0,TREND_REVERSAL_UNCONFIRMED,0,0.45,SHORT,1,0,0,0
SOLUSDT,1782122400000,2026-06-22T10:00:00.000Z,BULL,SHORT,42.5,18.534375,IGNORE,0,WATCH,,0,0,0,NA,NA,NA,NA,NA,WARNING_SOFT,1,0,0,0,0,TREND_REVERSAL_UNCONFIRMED,2,0.45,SHORT,1,0,0,0
SOLUSDT,1782126000000,2026-06-22T11:00:00.000Z,BULL,SHORT,36.287681853243214,18.045154945942905,IGNORE,0,WATCH,,0,0,0,NA,NA,NA,NA,NA,WARNING_SOFT,1,0,0,0,0,TREND_REVERSAL_UNCONFIRMED,2,0.45,SHORT,1,0,0,0
SOLUSDT,1782129600000,2026-06-22T12:00:00.000Z,BULL,SHORT,32.13123760929131,17.717834961731693,IGNORE,0,WATCH,,0,0,0,NA,NA,NA,NA,NA,CLEAR,1,0,0,0,0,TREND_REVERSAL_UNCONFIRMED,2,0.45,SHORT,1,0,0,0
SOLUSDT,1782133200000,2026-06-22T13:00:00.000Z,BULL,SHORT,39.83352185216787,18.32438984585822,IGNORE,0,WATCH,,0,0,0,NA,NA,NA,NA,NA,CLEAR,1,0,0,0,0,TREND_REVERSAL_UNCONFIRMED,2,0.45,SHORT,1,0,0,0
SOLUSDT,1782136800000,2026-06-22T14:00:00.000Z,NEUTRAL,NONE,0,7.875,IGNORE,0,WATCH,,0,0,0,NA,NA,NA,NA,NA,BLOCK,0,0,0,0,0,TREND_REVERSAL_UNCONFIRMED,0,0.45,NONE,1,0,0,0
SOLUSDT,1782140400000,2026-06-22T15:00:00.000Z,NEUTRAL,NONE,0,7.875,IGNORE,0,WATCH,,0,0,0,NA,NA,NA,NA,NA,BLOCK,0,0,0,0,0,TREND_REVERSAL_UNCONFIRMED,0,0.45,NONE,1,0,0,0
SOLUSDT,1782144000000,2026-06-22T16:00:00.000Z,NEUTRAL,NONE,0,7.875,IGNORE,0,WATCH,,0,0,0,NA,NA,NA,NA,NA,BLOCK,0,0,0,0,0,TREND_REVERSAL_UNCONFIRMED,0,0.45,NONE,1,0,0,0
SOLUSDT,1782147600000,2026-06-22T17:00:00.000Z,NEUTRAL,NONE,0,7.875,IGNORE,0,WATCH,,0,0,0,NA,NA,NA,NA,NA,WARNING_SOFT,1,0,0,0,0,TREND_REVERSAL_UNCONFIRMED,0,0.45,NONE,1,0,0,0
SOLUSDT,1782151200000,2026-06-22T18:00:00.000Z,NEUTRAL,NONE,0,7.875,IGNORE,0,WATCH,,0,0,0,NA,NA,NA,NA,NA,WARNING_SOFT,1,0,0,0,0,TREND_REVERSAL_UNCONFIRMED,0,0.45,NONE,1,0,0,0
SOLUSDT,1782154800000,2026-06-22T19:00:00.000Z,NEUTRAL,NONE,0,7.875,IGNORE,0,WATCH,,0,0,0,NA,NA,NA,NA,NA,WARNING_SOFT,1,0,0,0,0,TREND_REVERSAL_UNCONFIRMED,0,0.45,NONE,1,0,0,0
SOLUSDT,1782158400000,2026-06-22T20:00:00.000Z,NEUTRAL,NONE,0,7.875,IGNORE,0,WATCH,,0,0,0,NA,NA,NA,NA,NA,WARNING_SOFT,1,0,0,0,0,TREND_REVERSAL_UNCONFIRMED,0,0.45,NONE,1,0,0,0
SOLUSDT,1782162000000,2026-06-22T21:00:00.000Z,NEUTRAL,NONE,0,7.875,IGNORE,0,WATCH,,0,0,0,NA,NA,NA,NA,NA,WARNING_SOFT,1,0,0,0,0,TREND_REVERSAL_UNCONFIRMED,0,0.45,NONE,1,0,0,0
SOLUSDT,1782165600000,2026-06-22T22:00:00.000Z,NEUTRAL,NONE,0,7.875,IGNORE,0,WATCH,,0,0,0,NA,NA,NA,NA,NA,BLOCK,0,0,1,0,0,TREND_REVERSAL_UNCONFIRMED,0,0.45,NONE,1,0,0,0
SOLUSDT,1782169200000,2026-06-22T23:00:00.000Z,NEUTRAL,NONE,0,7.875,IGNORE,0,WATCH,,0,0,0,NA,NA,NA,NA,NA,WARNING_SOFT,1,0,0,0,0,TREND_REVERSAL_UNCONFIRMED,0,0.45,NONE,1,0,0,0
SOLUSDT,1782172800000,2026-06-23T00:00:00.000Z,BEAR,LONG,0,7.875,IGNORE,0,WATCH,,0,0,0,NA,NA,NA,NA,NA,CLEAR,1,0,0,0,0,TREND_REVERSAL_UNCONFIRMED,0,0.45,LONG,1,0,0,0
SOLUSDT,1782176400000,2026-06-23T01:00:00.000Z,BEAR,LONG,14.930555555555555,12.70703125,IGNORE,0,WATCH,,0,0,0,NA,NA,NA,NA,NA,CLEAR,1,0,0,0,0,TREND_REVERSAL_UNCONFIRMED,1,0.45,LONG,1,0,0,0
SOLUSDT,1782180000000,2026-06-23T02:00:00.000Z,BEAR,LONG,0,7.875,IGNORE,0,WATCH,,0,0,0,NA,NA,NA,NA,NA,CLEAR,1,0,0,0,0,TREND_REVERSAL_UNCONFIRMED,0,0.45,LONG,1,0,0,0
SOLUSDT,1782183600000,2026-06-23T03:00:00.000Z,BEAR,LONG,0,7.875,IGNORE,0,WATCH,,0,0,0,NA,NA,NA,NA,NA,CLEAR,1,0,0,0,0,TREND_REVERSAL_UNCONFIRMED,0,0.45,LONG,1,0,0,0
SOLUSDT,1782187200000,2026-06-23T04:00:00.000Z,BEAR,LONG,12.847222222222221,12.54296875,IGNORE,0,WATCH,,0,0,0,NA,NA,NA,NA,NA,CLEAR,1,0,0,0,0,TREND_REVERSAL_UNCONFIRMED,1,0.45,LONG,1,0,0,0
SOLUSDT,1782190800000,2026-06-23T05:00:00.000Z,BEAR,LONG,12.999983811956719,12.554998725191592,IGNORE,0,WATCH,,0,0,0,NA,NA,NA,NA,NA,CLEAR,1,0,0,0,0,TREND_REVERSAL_UNCONFIRMED,1,0.45,LONG,1,0,0,0
SOLUSDT,1782194400000,2026-06-23T06:00:00.000Z,BEAR,LONG,25,13.5,IGNORE,0,WATCH,,0,0,0,NA,NA,NA,NA,NA,CLEAR,1,0,1,0,0,TREND_REVERSAL_UNCONFIRMED,1,0.45,LONG,1,0,0,0
SOLUSDT,1782198000000,2026-06-23T07:00:00.000Z,BEAR,LONG,18.40277777777778,12.98046875,IGNORE,0,WATCH,,0,0,0,NA,NA,NA,NA,NA,CLEAR,1,0,0,0,0,TREND_REVERSAL_UNCONFIRMED,1,0.45,LONG,1,0,0,0
SOLUSDT,1782201600000,2026-06-23T08:00:00.000Z,BEAR,LONG,66.66666666666666,62.19499999999999,WATCH,1,ACTIVE,ACTIVE,1,1,1,PASS,PASS,SKIP,SKIP,PASS,CLEAR,1,0,0,0,1,,3,0.84,LONG,0,1,0,0
SOLUSDT,1782205200000,2026-06-23T09:00:00.000Z,BEAR,LONG,14.583333333333332,12.6796875,IGNORE,0,WATCH,,0,0,0,NA,NA,NA,NA,NA,CLEAR,1,0,0,0,0,TREND_REVERSAL_UNCONFIRMED,1,0.45,LONG,1,0,0,0
SOLUSDT,1782208800000,2026-06-23T10:00:00.000Z,BEAR,LONG,14.583333333333332,12.6796875,IGNORE,0,WATCH,,0,0,0,NA,NA,NA,NA,NA,CLEAR,1,0,0,0,0,TREND_REVERSAL_UNCONFIRMED,1,0.45,LONG,1,0,0,0
SOLUSDT,1782212400000,2026-06-23T11:00:00.000Z,BEAR,LONG,0,7.875,IGNORE,0,WATCH,,0,0,0,NA,NA,NA,NA,NA,CLEAR,1,0,0,0,0,TREND_REVERSAL_UNCONFIRMED,0,0.45,LONG,1,0,0,0
SOLUSDT,1782216000000,2026-06-23T12:00:00.000Z,BEAR,LONG,0,7.875,IGNORE,0,WATCH,,0,0,0,NA,NA,NA,NA,NA,CLEAR,1,0,0,0,0,TREND_REVERSAL_UNCONFIRMED,0,0.45,LONG,1,0,0,0
SOLUSDT,1782219600000,2026-06-23T13:00:00.000Z,BEAR,LONG,18.43143564873771,12.982725557338094,IGNORE,0,WATCH,,0,0,0,NA,NA,NA,NA,NA,CLEAR,1,0,0,0,0,TREND_REVERSAL_UNCONFIRMED,1,0.45,LONG,1,0,0,0
SOLUSDT,1782223200000,2026-06-23T14:00:00.000Z,BEAR,LONG,15.036989718362172,12.715412940321022,IGNORE,0,WATCH,,0,0,0,NA,NA,NA,NA,NA,CLEAR,1,0,0,0,0,TREND_REVERSAL_UNCONFIRMED,1,0.45,LONG,1,0,0,0
SOLUSDT,1782226800000,2026-06-23T15:00:00.000Z,BEAR,LONG,0,7.875,IGNORE,0,WATCH,,0,0,0,NA,NA,NA,NA,NA,CLEAR,1,0,0,0,0,TREND_REVERSAL_UNCONFIRMED,0,0.45,LONG,1,0,0,0
SOLUSDT,1782230400000,2026-06-23T16:00:00.000Z,BEAR,LONG,25,13.5,IGNORE,0,WATCH,,0,0,0,NA,NA,NA,NA,NA,CLEAR,1,0,0,0,0,TREND_REVERSAL_UNCONFIRMED,1,0.45,LONG,1,0,0,0
SOLUSDT,1782234000000,2026-06-23T17:00:00.000Z,BEAR,LONG,0,7.875,IGNORE,0,WATCH,,0,0,0,NA,NA,NA,NA,NA,CLEAR,1,0,0,0,0,TREND_REVERSAL_UNCONFIRMED,0,0.45,LONG,1,0,0,0
SOLUSDT,1782237600000,2026-06-23T18:00:00.000Z,BEAR,LONG,17.5,12.909375,IGNORE,0,WATCH,,0,0,0,NA,NA,NA,NA,NA,CLEAR,1,0,0,0,0,TREND_REVERSAL_UNCONFIRMED,1,0.45,LONG,1,0,0,0
SOLUSDT,1782241200000,2026-06-23T19:00:00.000Z,BEAR,LONG,17.5,12.909375,IGNORE,0,WATCH,,0,0,0,NA,NA,NA,NA,NA,CLEAR,1,0,0,0,0,TREND_REVERSAL_UNCONFIRMED,1,0.45,LONG,1,0,0,0
SOLUSDT,1782244800000,2026-06-23T20:00:00.000Z,BEAR,LONG,17.5,12.909375,IGNORE,0,WATCH,,0,0,0,NA,NA,NA,NA,NA,CLEAR,1,0,0,0,0,TREND_REVERSAL_UNCONFIRMED,1,0.45,LONG,1,0,0,0
SOLUSDT,1782248400000,2026-06-23T21:00:00.000Z,BEAR,LONG,17.5,12.909375,IGNORE,0,WATCH,,0,0,0,NA,NA,NA,NA,NA,WARNING_SOFT,1,0,0,0,0,TREND_REVERSAL_UNCONFIRMED,1,0.45,LONG,1,0,0,0
SOLUSDT,1782252000000,2026-06-23T22:00:00.000Z,BEAR,LONG,17.5,12.909375,IGNORE,0,WATCH,,0,0,0,NA,NA,NA,NA,NA,BLOCK,0,0,0,0,0,TREND_REVERSAL_UNCONFIRMED,1,0.45,LONG,1,0,0,0
SOLUSDT,1782255600000,2026-06-23T23:00:00.000Z,BEAR,LONG,17.5,12.909375,IGNORE,0,WATCH,,0,0,0,NA,NA,NA,NA,NA,WARNING_SOFT,1,0,0,0,0,TREND_REVERSAL_UNCONFIRMED,1,0.45,LONG,1,0,0,0
SOLUSDT,1782259200000,2026-06-24T00:00:00.000Z,NEUTRAL,NONE,0,7.875,IGNORE,0,WATCH,,0,0,0,NA,NA,NA,NA,NA,CLEAR,1,0,0,0,0,TREND_REVERSAL_UNCONFIRMED,0,0.45,NONE,1,0,0,0
SOLUSDT,1782262800000,2026-06-24T01:00:00.000Z,NEUTRAL,NONE,0,7.875,IGNORE,0,WATCH,,0,0,0,NA,NA,NA,NA,NA,CLEAR,1,0,0,0,0,TREND_REVERSAL_UNCONFIRMED,0,0.45,NONE,1,0,0,0
SOLUSDT,1782266400000,2026-06-24T02:00:00.000Z,BEAR,LONG,17.5,12.909375,IGNORE,0,WATCH,,0,0,0,NA,NA,NA,NA,NA,BLOCK,0,0,0,0,0,TREND_REVERSAL_UNCONFIRMED,1,0.45,LONG,1,0,0,0
SOLUSDT,1782270000000,2026-06-24T03:00:00.000Z,BEAR,LONG,17.5,12.909375,IGNORE,0,WATCH,,0,0,0,NA,NA,NA,NA,NA,CLEAR,1,0,0,0,0,TREND_REVERSAL_UNCONFIRMED,1,0.45,LONG,1,0,0,0
SOLUSDT,1782273600000,2026-06-24T04:00:00.000Z,BEAR,LONG,17.5,12.909375,IGNORE,0,WATCH,,0,0,0,NA,NA,NA,NA,NA,CLEAR,1,0,0,0,0,TREND_REVERSAL_UNCONFIRMED,1,0.45,LONG,1,0,0,0
SOLUSDT,1782277200000,2026-06-24T05:00:00.000Z,NEUTRAL,NONE,0,7.875,IGNORE,0,WATCH,,0,0,0,NA,NA,NA,NA,NA,CLEAR,1,0,0,0,0,TREND_REVERSAL_UNCONFIRMED,0,0.45,NONE,1,0,0,0
SOLUSDT,1782280800000,2026-06-24T06:00:00.000Z,BEAR,LONG,17.5,12.909375,IGNORE,0,WATCH,,0,0,0,NA,NA,NA,NA,NA,WARNING_SOFT,1,0,0,0,0,TREND_REVERSAL_UNCONFIRMED,1,0.45,LONG,1,0,0,0
SOLUSDT,1782284400000,2026-06-24T07:00:00.000Z,BEAR,LONG,17.5,12.909375,IGNORE,0,WATCH,,0,0,0,NA,NA,NA,NA,NA,WARNING_SOFT,1,0,0,0,0,TREND_REVERSAL_UNCONFIRMED,1,0.45,LONG,1,0,0,0
SOLUSDT,1782288000000,2026-06-24T08:00:00.000Z,BEAR,LONG,17.5,12.909375,IGNORE,0,WATCH,,0,0,0,NA,NA,NA,NA,NA,CLEAR,1,0,0,0,0,TREND_REVERSAL_UNCONFIRMED,1,0.45,LONG,1,0,0,0
SOLUSDT,1782291600000,2026-06-24T09:00:00.000Z,BEAR,LONG,17.5,12.909375,IGNORE,0,WATCH,,0,0,0,NA,NA,NA,NA,NA,CLEAR,1,0,0,0,0,TREND_REVERSAL_UNCONFIRMED,1,0.45,LONG,1,0,0,0
SOLUSDT,1782295200000,2026-06-24T10:00:00.000Z,BEAR,LONG,17.5,12.909375,IGNORE,0,WATCH,,0,0,0,NA,NA,NA,NA,NA,CLEAR,1,0,0,0,0,TREND_REVERSAL_UNCONFIRMED,1,0.45,LONG,1,0,0,0
SOLUSDT,1782298800000,2026-06-24T11:00:00.000Z,NEUTRAL,NONE,0,7.875,IGNORE,0,WATCH,,0,0,0,NA,NA,NA,NA,NA,BLOCK,0,0,0,0,0,TREND_REVERSAL_UNCONFIRMED,0,0.45,NONE,1,0,0,0
SOLUSDT,1782302400000,2026-06-24T12:00:00.000Z,BEAR,LONG,32.77089541712253,17.7682080140984,IGNORE,0,WATCH,,0,0,0,NA,NA,NA,NA,NA,BLOCK,0,0,0,0,0,TREND_REVERSAL_UNCONFIRMED,2,0.45,LONG,1,0,0,0
SOLUSDT,1782306000000,2026-06-24T13:00:00.000Z,BEAR,LONG,42.5,18.534375,IGNORE,0,WATCH,,0,0,0,NA,NA,NA,NA,NA,CLEAR,1,0,0,0,0,TREND_REVERSAL_UNCONFIRMED,2,0.45,LONG,1,0,0,0
SOLUSDT,1782309600000,2026-06-24T14:00:00.000Z,BEAR,LONG,67.5,53.0775,WATCH,1,WATCH,ACTIVE,1,1,0,FAIL,PASS,SKIP,SKIP,PASS,CLEAR,1,0,0,0,0,MARKET_CONTEXT_DENIED,3,0.84,LONG,0,1,0,0
SOLUSDT,1782313200000,2026-06-24T15:00:00.000Z,BEAR,LONG,42.5,18.534375,IGNORE,0,WATCH,,0,0,0,NA,NA,NA,NA,NA,CLEAR,1,0,0,0,0,TREND_REVERSAL_UNCONFIRMED,2,0.45,LONG,1,0,0,0
SOLUSDT,1782316800000,2026-06-24T16:00:00.000Z,BEAR,LONG,57.08333333333333,51.54624999999999,WATCH,1,WATCH,ACTIVE,1,1,0,FAIL,PASS,SKIP,SKIP,PASS,CLEAR,1,0,0,0,0,MARKET_CONTEXT_DENIED,3,0.84,LONG,0,1,0,0
SOLUSDT,1782320400000,2026-06-24T17:00:00.000Z,BEAR,LONG,58.81944444444444,51.80145833333333,WATCH,1,WATCH,ACTIVE,1,1,0,FAIL,PASS,SKIP,SKIP,PASS,CLEAR,1,0,1,0,0,MARKET_CONTEXT_DENIED,3,0.84,LONG,0,1,0,0
SOLUSDT,1782324000000,2026-06-24T18:00:00.000Z,BEAR,LONG,67.5,53.0775,WATCH,1,WATCH,ACTIVE,1,1,0,FAIL,PASS,SKIP,SKIP,PASS,CLEAR,1,0,0,0,0,MARKET_CONTEXT_DENIED,3,0.84,LONG,0,1,0,0
SOLUSDT,1782327600000,2026-06-24T19:00:00.000Z,BEAR,LONG,17.5,12.909375,IGNORE,0,WATCH,,0,0,0,NA,NA,NA,NA,NA,CLEAR,1,0,0,0,0,TREND_REVERSAL_UNCONFIRMED,1,0.45,LONG,1,0,0,0
SOLUSDT,1782331200000,2026-06-24T20:00:00.000Z,BEAR,LONG,18.289870772595673,12.97157732334191,IGNORE,0,WATCH,,0,0,0,NA,NA,NA,NA,NA,WARNING_SOFT,1,1,0,1,0,TREND_REVERSAL_UNCONFIRMED,1,0.45,LONG,1,0,0,0
SOLUSDT,1782334800000,2026-06-24T21:00:00.000Z,BEAR,LONG,0,7.875,IGNORE,0,WATCH,,0,0,0,NA,NA,NA,NA,NA,WARNING_SOFT,1,0,0,0,0,TREND_REVERSAL_UNCONFIRMED,0,0.45,LONG,1,0,0,0
SOLUSDT,1782338400000,2026-06-24T22:00:00.000Z,BEAR,LONG,0,7.875,IGNORE,0,WATCH,,0,0,0,NA,NA,NA,NA,NA,WARNING_SOFT,1,0,0,0,0,TREND_REVERSAL_UNCONFIRMED,0,0.45,LONG,1,0,0,0
SOLUSDT,1782342000000,2026-06-24T23:00:00.000Z,NEUTRAL,NONE,0,7.875,IGNORE,0,WATCH,,0,0,0,NA,NA,NA,NA,NA,WARNING_SOFT,1,0,0,0,0,TREND_REVERSAL_UNCONFIRMED,0,0.45,NONE,1,0,0,0
SOLUSDT,1782345600000,2026-06-25T00:00:00.000Z,BEAR,LONG,0,7.875,IGNORE,0,WATCH,,0,0,0,NA,NA,NA,NA,NA,WARNING_SOFT,1,0,0,0,0,TREND_REVERSAL_UNCONFIRMED,0,0.45,LONG,1,0,0,0
SOLUSDT,1782349200000,2026-06-25T01:00:00.000Z,BEAR,LONG,0,7.875,IGNORE,0,WATCH,,0,0,0,NA,NA,NA,NA,NA,WARNING_SOFT,1,0,0,0,0,TREND_REVERSAL_UNCONFIRMED,0,0.45,LONG,1,0,0,0
SOLUSDT,1782352800000,2026-06-25T02:00:00.000Z,BEAR,LONG,0,7.875,IGNORE,0,WATCH,,0,0,0,NA,NA,NA,NA,NA,WARNING_SOFT,1,0,0,0,0,TREND_REVERSAL_UNCONFIRMED,0,0.45,LONG,1,0,0,0
SOLUSDT,1782356400000,2026-06-25T03:00:00.000Z,BEAR,LONG,0,7.875,IGNORE,0,WATCH,,0,0,0,NA,NA,NA,NA,NA,WARNING_SOFT,1,0,0,0,0,TREND_REVERSAL_UNCONFIRMED,0,0.45,LONG,1,0,0,0
SOLUSDT,1782360000000,2026-06-25T04:00:00.000Z,NEUTRAL,NONE,0,7.875,IGNORE,0,WATCH,,0,0,0,NA,NA,NA,NA,NA,WARNING_SOFT,1,0,0,0,0,TREND_REVERSAL_UNCONFIRMED,0,0.45,NONE,1,0,0,0
SOLUSDT,1782363600000,2026-06-25T05:00:00.000Z,NEUTRAL,NONE,0,7.875,IGNORE,0,WATCH,,0,0,0,NA,NA,NA,NA,NA,CLEAR,1,0,0,0,0,TREND_REVERSAL_UNCONFIRMED,0,0.45,NONE,1,0,0,0
SOLUSDT,1782367200000,2026-06-25T06:00:00.000Z,NEUTRAL,NONE,0,7.875,IGNORE,0,WATCH,,0,0,0,NA,NA,NA,NA,NA,CLEAR,1,0,0,0,0,TREND_REVERSAL_UNCONFIRMED,0,0.45,NONE,1,0,0,0
SOLUSDT,1782370800000,2026-06-25T07:00:00.000Z,NEUTRAL,NONE,0,7.875,IGNORE,0,WATCH,,0,0,0,NA,NA,NA,NA,NA,CLEAR,1,0,0,0,0,TREND_REVERSAL_UNCONFIRMED,0,0.45,NONE,1,0,0,0
SOLUSDT,1782374400000,2026-06-25T08:00:00.000Z,NEUTRAL,NONE,0,7.875,IGNORE,0,WATCH,,0,0,0,NA,NA,NA,NA,NA,CLEAR,1,0,0,0,0,TREND_REVERSAL_UNCONFIRMED,0,0.45,NONE,1,0,0,0
SOLUSDT,1782378000000,2026-06-25T09:00:00.000Z,NEUTRAL,NONE,0,7.875,IGNORE,0,WATCH,,0,0,0,NA,NA,NA,NA,NA,CLEAR,1,0,0,0,0,TREND_REVERSAL_UNCONFIRMED,0,0.45,NONE,1,0,0,0
SOLUSDT,1782381600000,2026-06-25T10:00:00.000Z,BEAR,LONG,17.5,12.909375,IGNORE,0,WATCH,,0,0,0,NA,NA,NA,NA,NA,WARNING_SOFT,1,0,0,0,0,TREND_REVERSAL_UNCONFIRMED,1,0.45,LONG,1,0,0,0
SOLUSDT,1782385200000,2026-06-25T11:00:00.000Z,BEAR,LONG,42.5,18.534375,IGNORE,0,WATCH,,0,0,0,NA,NA,NA,NA,NA,CLEAR,1,0,0,0,0,TREND_REVERSAL_UNCONFIRMED,2,0.45,LONG,1,0,0,0
SOLUSDT,1782388800000,2026-06-25T12:00:00.000Z,BEAR,LONG,17.5,12.909375,IGNORE,0,WATCH,,0,0,0,NA,NA,NA,NA,NA,CLEAR,1,0,0,0,0,TREND_REVERSAL_UNCONFIRMED,1,0.45,LONG,1,0,0,0
SOLUSDT,1782392400000,2026-06-25T13:00:00.000Z,BEAR,LONG,57.08333333333333,51.54624999999999,WATCH,1,WATCH,ACTIVE,1,1,0,FAIL,PASS,SKIP,SKIP,PASS,CLEAR,1,0,0,0,0,MARKET_CONTEXT_DENIED,3,0.84,LONG,0,1,0,0
SOLUSDT,1782396000000,2026-06-25T14:00:00.000Z,BEAR,LONG,42.5,18.534375,IGNORE,0,WATCH,,0,0,0,NA,NA,NA,NA,NA,CLEAR,1,0,0,0,0,TREND_REVERSAL_UNCONFIRMED,2,0.45,LONG,1,0,0,0
SOLUSDT,1782399600000,2026-06-25T15:00:00.000Z,BEAR,LONG,32.91484663554659,17.779544172549294,IGNORE,0,WATCH,,0,0,0,NA,NA,NA,NA,NA,CLEAR,1,0,0,0,0,TREND_REVERSAL_UNCONFIRMED,2,0.45,LONG,1,0,0,0
SOLUSDT,1782403200000,2026-06-25T16:00:00.000Z,BEAR,LONG,0,7.875,IGNORE,0,WATCH,,0,0,0,NA,NA,NA,NA,NA,CLEAR,1,0,0,0,0,TREND_REVERSAL_UNCONFIRMED,0,0.45,LONG,1,0,0,0
SOLUSDT,1782406800000,2026-06-25T17:00:00.000Z,BEAR,LONG,37.5958389343436,18.14817231607956,IGNORE,0,WATCH,,0,0,0,NA,NA,NA,NA,NA,WARNING_SOFT,1,0,0,0,0,TREND_REVERSAL_UNCONFIRMED,2,0.45,LONG,1,0,0,0
SOLUSDT,1782410400000,2026-06-25T18:00:00.000Z,BEAR,LONG,0,7.875,IGNORE,0,WATCH,,0,0,0,NA,NA,NA,NA,NA,CLEAR,1,0,0,0,0,TREND_REVERSAL_UNCONFIRMED,0,0.45,LONG,1,0,0,0
SOLUSDT,1782414000000,2026-06-25T19:00:00.000Z,BEAR,LONG,0,7.875,IGNORE,0,WATCH,,0,0,0,NA,NA,NA,NA,NA,CLEAR,1,0,0,0,0,TREND_REVERSAL_UNCONFIRMED,0,0.45,LONG,1,0,0,0
SOLUSDT,1782417600000,2026-06-25T20:00:00.000Z,BEAR,LONG,0,7.875,IGNORE,0,WATCH,,0,0,0,NA,NA,NA,NA,NA,CLEAR,1,0,0,0,0,TREND_REVERSAL_UNCONFIRMED,0,0.45,LONG,1,0,0,0
SOLUSDT,1782421200000,2026-06-25T21:00:00.000Z,NEUTRAL,NONE,0,7.875,IGNORE,0,WATCH,,0,0,0,NA,NA,NA,NA,NA,WARNING_SOFT,1,0,0,0,0,TREND_REVERSAL_UNCONFIRMED,0,0.45,NONE,1,0,0,0
SOLUSDT,1782424800000,2026-06-25T22:00:00.000Z,BEAR,LONG,0,7.875,IGNORE,0,WATCH,,0,0,0,NA,NA,NA,NA,NA,WARNING_SOFT,1,0,0,0,0,TREND_REVERSAL_UNCONFIRMED,0,0.45,LONG,1,0,0,0
SOLUSDT,1782428400000,2026-06-25T23:00:00.000Z,NEUTRAL,NONE,0,7.875,IGNORE,0,WATCH,,0,0,0,NA,NA,NA,NA,NA,WARNING_SOFT,1,0,0,0,0,TREND_REVERSAL_UNCONFIRMED,0,0.45,NONE,1,0,0,0
SOLUSDT,1782432000000,2026-06-26T00:00:00.000Z,NEUTRAL,NONE,0,7.875,IGNORE,0,WATCH,,0,0,0,NA,NA,NA,NA,NA,WARNING_SOFT,1,0,0,0,0,TREND_REVERSAL_UNCONFIRMED,0,0.45,NONE,1,0,0,0
SOLUSDT,1782435600000,2026-06-26T01:00:00.000Z,NEUTRAL,NONE,0,7.875,IGNORE,0,WATCH,,0,0,0,NA,NA,NA,NA,NA,WARNING_SOFT,1,0,0,0,0,TREND_REVERSAL_UNCONFIRMED,0,0.45,NONE,1,0,0,0
SOLUSDT,1782439200000,2026-06-26T02:00:00.000Z,BEAR,LONG,14.575588851218317,12.679077622033443,IGNORE,0,WATCH,,0,0,0,NA,NA,NA,NA,NA,CLEAR,1,0,0,0,0,TREND_REVERSAL_UNCONFIRMED,1,0.45,LONG,1,0,0,0
SOLUSDT,1782442800000,2026-06-26T03:00:00.000Z,NEUTRAL,NONE,0,7.875,IGNORE,0,WATCH,,0,0,0,NA,NA,NA,NA,NA,BLOCK,0,0,0,0,0,TREND_REVERSAL_UNCONFIRMED,0,0.45,NONE,1,0,0,0
SOLUSDT,1782446400000,2026-06-26T04:00:00.000Z,NEUTRAL,NONE,0,7.875,IGNORE,0,WATCH,,0,0,0,NA,NA,NA,NA,NA,WARNING_SOFT,1,0,0,0,0,TREND_REVERSAL_UNCONFIRMED,0,0.45,NONE,1,0,0,0
SOLUSDT,1782450000000,2026-06-26T05:00:00.000Z,NEUTRAL,NONE,0,7.875,IGNORE,0,WATCH,,0,0,0,NA,NA,NA,NA,NA,CLEAR,1,0,0,0,0,TREND_REVERSAL_UNCONFIRMED,0,0.45,NONE,1,0,0,0
SOLUSDT,1782453600000,2026-06-26T06:00:00.000Z,NEUTRAL,NONE,0,7.875,IGNORE,0,WATCH,,0,0,0,NA,NA,NA,NA,NA,CLEAR,1,0,0,0,0,TREND_REVERSAL_UNCONFIRMED,0,0.45,NONE,1,0,0,0
SOLUSDT,1782457200000,2026-06-26T07:00:00.000Z,NEUTRAL,NONE,0,7.875,IGNORE,0,WATCH,,0,0,0,NA,NA,NA,NA,NA,CLEAR,1,0,0,0,0,TREND_REVERSAL_UNCONFIRMED,0,0.45,NONE,1,0,0,0
SOLUSDT,1782460800000,2026-06-26T08:00:00.000Z,NEUTRAL,NONE,0,7.875,IGNORE,0,WATCH,,0,0,0,NA,NA,NA,NA,NA,CLEAR,1,0,0,0,0,TREND_REVERSAL_UNCONFIRMED,0,0.45,NONE,1,0,0,0
SOLUSDT,1782464400000,2026-06-26T09:00:00.000Z,NEUTRAL,NONE,0,7.875,IGNORE,0,WATCH,,0,0,0,NA,NA,NA,NA,NA,WARNING_SOFT,1,0,0,0,0,TREND_REVERSAL_UNCONFIRMED,0,0.45,NONE,1,0,0,0
SOLUSDT,1782468000000,2026-06-26T10:00:00.000Z,NEUTRAL,NONE,0,7.875,IGNORE,0,WATCH,,0,0,0,NA,NA,NA,NA,NA,WARNING_SOFT,1,0,0,0,0,TREND_REVERSAL_UNCONFIRMED,0,0.45,NONE,1,0,0,0
SOLUSDT,1782471600000,2026-06-26T11:00:00.000Z,BULL,SHORT,0,7.875,IGNORE,0,WATCH,,0,0,0,NA,NA,NA,NA,NA,WARNING_SOFT,1,0,0,0,0,TREND_REVERSAL_UNCONFIRMED,0,0.45,SHORT,1,0,0,0
SOLUSDT,1782475200000,2026-06-26T12:00:00.000Z,BULL,SHORT,16.682742208527525,12.845015948921544,IGNORE,0,WATCH,,0,0,0,NA,NA,NA,NA,NA,WARNING_SOFT,1,0,0,0,0,TREND_REVERSAL_UNCONFIRMED,1,0.45,SHORT,1,0,0,0
SOLUSDT,1782478800000,2026-06-26T13:00:00.000Z,BULL,SHORT,25,13.5,IGNORE,0,WATCH,,0,0,0,NA,NA,NA,NA,NA,WARNING_SOFT,1,0,0,0,0,TREND_REVERSAL_UNCONFIRMED,1,0.45,SHORT,1,0,0,0
SOLUSDT,1782482400000,2026-06-26T14:00:00.000Z,BULL,SHORT,25,13.5,IGNORE,0,WATCH,,0,0,0,NA,NA,NA,NA,NA,WARNING_HARD,1,0,0,0,0,TREND_REVERSAL_UNCONFIRMED,1,0.45,SHORT,1,0,0,0
SOLUSDT,1782486000000,2026-06-26T15:00:00.000Z,BULL,SHORT,18.76626272146367,13.009093189315264,IGNORE,0,WATCH,,0,0,0,NA,NA,NA,NA,NA,CLEAR,1,1,0,0,0,TREND_REVERSAL_UNCONFIRMED,1,0.45,SHORT,1,0,0,0
SOLUSDT,1782489600000,2026-06-26T16:00:00.000Z,BULL,SHORT,25,13.5,IGNORE,0,WATCH,,0,0,0,NA,NA,NA,NA,NA,CLEAR,1,1,0,0,0,TREND_REVERSAL_UNCONFIRMED,1,0.45,SHORT,1,0,0,0
SOLUSDT,1782493200000,2026-06-26T17:00:00.000Z,BULL,SHORT,39.58333333333333,18.3046875,IGNORE,0,WATCH,,0,0,0,NA,NA,NA,NA,NA,CLEAR,1,0,0,0,0,TREND_REVERSAL_UNCONFIRMED,2,0.45,SHORT,1,0,0,0
SOLUSDT,1782496800000,2026-06-26T18:00:00.000Z,BULL,SHORT,14.583333333333332,12.6796875,IGNORE,0,WATCH,,0,0,0,NA,NA,NA,NA,NA,WARNING_SOFT,1,0,0,0,0,TREND_REVERSAL_UNCONFIRMED,1,0.45,SHORT,1,0,0,0
SOLUSDT,1782500400000,2026-06-26T19:00:00.000Z,BULL,SHORT,13.194444444444445,12.5703125,IGNORE,0,WATCH,,0,0,0,NA,NA,NA,NA,NA,WARNING_SOFT,1,0,0,0,0,TREND_REVERSAL_UNCONFIRMED,1,0.45,SHORT,1,0,0,0
SOLUSDT,1782504000000,2026-06-26T20:00:00.000Z,BULL,SHORT,0,7.875,IGNORE,0,WATCH,,0,0,0,NA,NA,NA,NA,NA,WARNING_SOFT,1,0,0,0,0,TREND_REVERSAL_UNCONFIRMED,0,0.45,SHORT,1,0,0,0
SOLUSDT,1782507600000,2026-06-26T21:00:00.000Z,BULL,SHORT,0,7.875,IGNORE,0,WATCH,,0,0,0,NA,NA,NA,NA,NA,CLEAR,1,0,0,0,0,TREND_REVERSAL_UNCONFIRMED,0,0.45,SHORT,1,0,0,0
SOLUSDT,1782511200000,2026-06-26T22:00:00.000Z,BULL,SHORT,0,7.875,IGNORE,0,WATCH,,0,0,0,NA,NA,NA,NA,NA,WARNING_SOFT,1,0,0,0,0,TREND_REVERSAL_UNCONFIRMED,0,0.45,SHORT,1,0,0,0
SOLUSDT,1782514800000,2026-06-26T23:00:00.000Z,BULL,SHORT,0,7.875,IGNORE,0,WATCH,,0,0,0,NA,NA,NA,NA,NA,WARNING_SOFT,1,0,0,0,0,TREND_REVERSAL_UNCONFIRMED,0,0.45,SHORT,1,0,0,0
SOLUSDT,1782518400000,2026-06-27T00:00:00.000Z,BULL,SHORT,0,7.875,IGNORE,0,WATCH,,0,0,0,NA,NA,NA,NA,NA,CLEAR,1,0,0,0,0,TREND_REVERSAL_UNCONFIRMED,0,0.45,SHORT,1,0,0,0
SOLUSDT,1782522000000,2026-06-27T01:00:00.000Z,BULL,SHORT,25,13.5,IGNORE,0,WATCH,,0,0,0,NA,NA,NA,NA,NA,WARNING_SOFT,1,0,0,0,0,TREND_REVERSAL_UNCONFIRMED,1,0.45,SHORT,1,0,0,0
SOLUSDT,1782525600000,2026-06-27T02:00:00.000Z,BULL,SHORT,0,7.875,IGNORE,0,WATCH,,0,0,0,NA,NA,NA,NA,NA,CLEAR,1,0,0,0,0,TREND_REVERSAL_UNCONFIRMED,0,0.45,SHORT,1,0,0,0
SOLUSDT,1782529200000,2026-06-27T03:00:00.000Z,BULL,SHORT,17.5,12.909375,IGNORE,0,WATCH,,0,0,0,NA,NA,NA,NA,NA,CLEAR,1,0,0,0,0,TREND_REVERSAL_UNCONFIRMED,1,0.45,SHORT,1,0,0,0
SOLUSDT,1782532800000,2026-06-27T04:00:00.000Z,BULL,SHORT,42.5,18.534375,IGNORE,0,WATCH,,0,0,0,NA,NA,NA,NA,NA,CLEAR,1,0,0,0,0,TREND_REVERSAL_UNCONFIRMED,2,0.45,SHORT,1,0,0,0
SOLUSDT,1782536400000,2026-06-27T05:00:00.000Z,BULL,SHORT,17.5,12.909375,IGNORE,0,WATCH,,0,0,0,NA,NA,NA,NA,NA,WARNING_SOFT,1,0,0,0,0,TREND_REVERSAL_UNCONFIRMED,1,0.45,SHORT,1,0,0,0
SOLUSDT,1782540000000,2026-06-27T06:00:00.000Z,BULL,SHORT,17.5,12.909375,IGNORE,0,WATCH,,0,0,0,NA,NA,NA,NA,NA,WARNING_SOFT,1,0,0,0,0,TREND_REVERSAL_UNCONFIRMED,1,0.45,SHORT,1,0,0,0
SOLUSDT,1782543600000,2026-06-27T07:00:00.000Z,BULL,SHORT,0,7.875,IGNORE,0,WATCH,,0,0,0,NA,NA,NA,NA,NA,CLEAR,1,0,0,0,0,TREND_REVERSAL_UNCONFIRMED,0,0.45,SHORT,1,0,0,0
SOLUSDT,1782547200000,2026-06-27T08:00:00.000Z,BULL,SHORT,25,13.5,IGNORE,0,WATCH,,0,0,0,NA,NA,NA,NA,NA,CLEAR,1,0,0,0,0,TREND_REVERSAL_UNCONFIRMED,1,0.45,SHORT,1,0,0,0
SOLUSDT,1782550800000,2026-06-27T09:00:00.000Z,BULL,SHORT,0,7.875,IGNORE,0,WATCH,,0,0,0,NA,NA,NA,NA,NA,WARNING_SOFT,1,0,0,0,0,TREND_REVERSAL_UNCONFIRMED,0,0.45,SHORT,1,0,0,0
SOLUSDT,1782554400000,2026-06-27T10:00:00.000Z,BULL,SHORT,0,7.875,IGNORE,0,WATCH,,0,0,0,NA,NA,NA,NA,NA,WARNING_SOFT,1,0,0,0,0,TREND_REVERSAL_UNCONFIRMED,0,0.45,SHORT,1,0,0,0
SOLUSDT,1782558000000,2026-06-27T11:00:00.000Z,BULL,SHORT,0,7.875,IGNORE,0,WATCH,,0,0,0,NA,NA,NA,NA,NA,WARNING_SOFT,1,0,0,0,0,TREND_REVERSAL_UNCONFIRMED,0,0.45,SHORT,1,0,0,0
SOLUSDT,1782561600000,2026-06-27T12:00:00.000Z,BULL,SHORT,0,7.875,IGNORE,0,WATCH,,0,0,0,NA,NA,NA,NA,NA,WARNING_SOFT,1,0,0,0,0,TREND_REVERSAL_UNCONFIRMED,0,0.45,SHORT,1,0,0,0
SOLUSDT,1782565200000,2026-06-27T13:00:00.000Z,BULL,SHORT,0,7.875,IGNORE,0,WATCH,,0,0,0,NA,NA,NA,NA,NA,CLEAR,1,0,0,0,0,TREND_REVERSAL_UNCONFIRMED,0,0.45,SHORT,1,0,0,0
SOLUSDT,1782568800000,2026-06-27T14:00:00.000Z,BULL,SHORT,0,7.875,IGNORE,0,WATCH,,0,0,0,NA,NA,NA,NA,NA,CLEAR,1,0,0,0,0,TREND_REVERSAL_UNCONFIRMED,0,0.45,SHORT,1,0,0,0
SOLUSDT,1782572400000,2026-06-27T15:00:00.000Z,BULL,SHORT,13.250388335830078,12.574718081446619,IGNORE,0,WATCH,,0,0,0,NA,NA,NA,NA,NA,CLEAR,1,0,0,0,0,TREND_REVERSAL_UNCONFIRMED,1,0.45,SHORT,1,0,0,0
SOLUSDT,1782576000000,2026-06-27T16:00:00.000Z,BULL,SHORT,25,13.5,IGNORE,0,WATCH,,0,0,0,NA,NA,NA,NA,NA,CLEAR,1,0,0,0,0,TREND_REVERSAL_UNCONFIRMED,1,0.45,SHORT,1,0,0,0
SOLUSDT,1782579600000,2026-06-27T17:00:00.000Z,BULL,SHORT,22.791535471918337,13.32608341841357,IGNORE,0,WATCH,,0,0,0,NA,NA,NA,NA,NA,WARNING_SOFT,1,0,0,0,0,TREND_REVERSAL_UNCONFIRMED,1,0.45,SHORT,1,0,0,0
SOLUSDT,1782583200000,2026-06-27T18:00:00.000Z,NEUTRAL,NONE,0,7.875,IGNORE,0,WATCH,,0,0,0,NA,NA,NA,NA,NA,BLOCK,0,0,0,0,0,TREND_REVERSAL_UNCONFIRMED,0,0.45,NONE,1,0,0,0
SOLUSDT,1782586800000,2026-06-27T19:00:00.000Z,NEUTRAL,NONE,0,7.875,IGNORE,0,WATCH,,0,0,0,NA,NA,NA,NA,NA,BLOCK,0,0,0,0,0,TREND_REVERSAL_UNCONFIRMED,0,0.45,NONE,1,0,0,0
SOLUSDT,1782590400000,2026-06-27T20:00:00.000Z,NEUTRAL,NONE,0,7.875,IGNORE,0,WATCH,,0,0,0,NA,NA,NA,NA,NA,WARNING_SOFT,1,0,0,0,0,TREND_REVERSAL_UNCONFIRMED,0,0.45,NONE,1,0,0,0
SOLUSDT,1782594000000,2026-06-27T21:00:00.000Z,NEUTRAL,NONE,0,7.875,IGNORE,0,WATCH,,0,0,0,NA,NA,NA,NA,NA,WARNING_SOFT,1,0,0,0,0,TREND_REVERSAL_UNCONFIRMED,0,0.45,NONE,1,0,0,0
SOLUSDT,1782597600000,2026-06-27T22:00:00.000Z,NEUTRAL,NONE,0,7.875,IGNORE,0,WATCH,,0,0,0,NA,NA,NA,NA,NA,BLOCK,0,0,0,0,0,TREND_REVERSAL_UNCONFIRMED,0,0.45,NONE,1,0,0,0
SOLUSDT,1782601200000,2026-06-27T23:00:00.000Z,NEUTRAL,NONE,0,7.875,IGNORE,0,WATCH,,0,0,0,NA,NA,NA,NA,NA,WARNING_SOFT,1,0,0,0,0,TREND_REVERSAL_UNCONFIRMED,0,0.45,NONE,1,0,0,0
SOLUSDT,1782604800000,2026-06-28T00:00:00.000Z,NEUTRAL,NONE,0,7.875,IGNORE,0,WATCH,,0,0,0,NA,NA,NA,NA,NA,WARNING_SOFT,1,0,0,0,0,TREND_REVERSAL_UNCONFIRMED,0,0.45,NONE,1,0,0,0
SOLUSDT,1782608400000,2026-06-28T01:00:00.000Z,NEUTRAL,NONE,0,7.875,IGNORE,0,WATCH,,0,0,0,NA,NA,NA,NA,NA,WARNING_SOFT,1,0,0,0,0,TREND_REVERSAL_UNCONFIRMED,0,0.45,NONE,1,0,0,0
SOLUSDT,1782612000000,2026-06-28T02:00:00.000Z,NEUTRAL,NONE,0,7.875,IGNORE,0,WATCH,,0,0,0,NA,NA,NA,NA,NA,WARNING_SOFT,1,0,0,0,0,TREND_REVERSAL_UNCONFIRMED,0,0.45,NONE,1,0,0,0
SOLUSDT,1782615600000,2026-06-28T03:00:00.000Z,NEUTRAL,NONE,0,7.875,IGNORE,0,WATCH,,0,0,0,NA,NA,NA,NA,NA,WARNING_SOFT,1,0,0,0,0,TREND_REVERSAL_UNCONFIRMED,0,0.45,NONE,1,0,0,0
SOLUSDT,1782619200000,2026-06-28T04:00:00.000Z,NEUTRAL,NONE,0,7.875,IGNORE,0,WATCH,,0,0,0,NA,NA,NA,NA,NA,WARNING_SOFT,1,0,0,0,0,TREND_REVERSAL_UNCONFIRMED,0,0.45,NONE,1,0,0,0
SOLUSDT,1782622800000,2026-06-28T05:00:00.000Z,NEUTRAL,NONE,0,7.875,IGNORE,0,WATCH,,0,0,0,NA,NA,NA,NA,NA,BLOCK,0,0,0,0,0,TREND_REVERSAL_UNCONFIRMED,0,0.45,NONE,1,0,0,0
SOLUSDT,1782626400000,2026-06-28T06:00:00.000Z,NEUTRAL,NONE,0,7.875,IGNORE,0,WATCH,,0,0,0,NA,NA,NA,NA,NA,WARNING_SOFT,1,0,0,0,0,TREND_REVERSAL_UNCONFIRMED,0,0.45,NONE,1,0,0,0
SOLUSDT,1782630000000,2026-06-28T07:00:00.000Z,NEUTRAL,NONE,0,7.875,IGNORE,0,WATCH,,0,0,0,NA,NA,NA,NA,NA,BLOCK,0,0,0,0,0,TREND_REVERSAL_UNCONFIRMED,0,0.45,NONE,1,0,0,0
SOLUSDT,1782633600000,2026-06-28T08:00:00.000Z,BULL,SHORT,24.43653511012163,13.455627139922077,IGNORE,0,WATCH,,0,0,0,NA,NA,NA,NA,NA,CLEAR,1,1,0,0,0,TREND_REVERSAL_UNCONFIRMED,1,0.45,SHORT,1,0,0,0
SOLUSDT,1782637200000,2026-06-28T09:00:00.000Z,BULL,SHORT,25,13.5,IGNORE,0,WATCH,,0,0,0,NA,NA,NA,NA,NA,CLEAR,1,0,0,0,0,TREND_REVERSAL_UNCONFIRMED,1,0.45,SHORT,1,0,0,0
SOLUSDT,1782640800000,2026-06-28T10:00:00.000Z,BULL,SHORT,0,7.875,IGNORE,0,WATCH,,0,0,0,NA,NA,NA,NA,NA,WARNING_HARD,1,0,0,0,0,TREND_REVERSAL_UNCONFIRMED,0,0.45,SHORT,1,0,0,0
SOLUSDT,1782644400000,2026-06-28T11:00:00.000Z,BULL,SHORT,17.5,12.909375,IGNORE,0,WATCH,,0,0,0,NA,NA,NA,NA,NA,CLEAR,1,0,0,0,0,TREND_REVERSAL_UNCONFIRMED,1,0.45,SHORT,1,0,0,0
SOLUSDT,1782648000000,2026-06-28T12:00:00.000Z,BULL,SHORT,17.5,12.909375,IGNORE,0,WATCH,,0,0,0,NA,NA,NA,NA,NA,CLEAR,1,0,0,0,0,TREND_REVERSAL_UNCONFIRMED,1,0.45,SHORT,1,0,0,0
SOLUSDT,1782651600000,2026-06-28T13:00:00.000Z,BULL,SHORT,57.339606989294026,52.42392222742622,WATCH,1,WATCH,ACTIVE,1,1,0,PASS,PASS,SKIP,SKIP,FAIL,WARNING_HARD,1,0,0,0,0,MARKET_CONTEXT_DENIED,3,0.84,SHORT,0,1,0,0
SOLUSDT,1782655200000,2026-06-28T14:00:00.000Z,BULL,SHORT,17.5,12.909375,IGNORE,0,WATCH,,0,0,0,NA,NA,NA,NA,NA,WARNING_SOFT,1,0,0,0,0,TREND_REVERSAL_UNCONFIRMED,1,0.45,SHORT,1,0,0,0
SOLUSDT,1782658800000,2026-06-28T15:00:00.000Z,BULL,SHORT,0,7.875,IGNORE,0,WATCH,,0,0,0,NA,NA,NA,NA,NA,WARNING_SOFT,1,0,0,0,0,TREND_REVERSAL_UNCONFIRMED,0,0.45,SHORT,1,0,0,0
SOLUSDT,1782662400000,2026-06-28T16:00:00.000Z,BULL,SHORT,20.60637461339843,13.154002000805127,IGNORE,0,WATCH,,0,0,0,NA,NA,NA,NA,NA,BLOCK,0,0,1,1,0,TREND_REVERSAL_UNCONFIRMED,1,0.45,SHORT,1,0,0,0
SOLUSDT,1782666000000,2026-06-28T17:00:00.000Z,BULL,SHORT,16.309893471327833,12.815654110867067,IGNORE,0,WATCH,,0,0,0,NA,NA,NA,NA,NA,WARNING_SOFT,1,0,0,0,0,TREND_REVERSAL_UNCONFIRMED,1,0.45,SHORT,1,0,0,0
SOLUSDT,1782669600000,2026-06-28T18:00:00.000Z,NEUTRAL,NONE,0,7.875,IGNORE,0,WATCH,,0,0,0,NA,NA,NA,NA,NA,WARNING_SOFT,1,0,0,0,0,TREND_REVERSAL_UNCONFIRMED,0,0.45,NONE,1,0,0,0
SOLUSDT,1782673200000,2026-06-28T19:00:00.000Z,NEUTRAL,NONE,0,7.875,IGNORE,0,WATCH,,0,0,0,NA,NA,NA,NA,NA,WARNING_SOFT,1,0,0,0,0,TREND_REVERSAL_UNCONFIRMED,0,0.45,NONE,1,0,0,0
SOLUSDT,1782676800000,2026-06-28T20:00:00.000Z,NEUTRAL,NONE,0,7.875,IGNORE,0,WATCH,,0,0,0,NA,NA,NA,NA,NA,WARNING_SOFT,1,0,0,0,0,TREND_REVERSAL_UNCONFIRMED,0,0.45,NONE,1,0,0,0
SOLUSDT,1782680400000,2026-06-28T21:00:00.000Z,NEUTRAL,NONE,0,7.875,IGNORE,0,WATCH,,0,0,0,NA,NA,NA,NA,NA,WARNING_SOFT,1,0,0,0,0,TREND_REVERSAL_UNCONFIRMED,0,0.45,NONE,1,0,0,0
SOLUSDT,1782684000000,2026-06-28T22:00:00.000Z,NEUTRAL,NONE,0,7.875,IGNORE,0,WATCH,,0,0,0,NA,NA,NA,NA,NA,BLOCK,0,0,0,0,0,TREND_REVERSAL_UNCONFIRMED,0,0.45,NONE,1,0,0,0
SOLUSDT,1782687600000,2026-06-28T23:00:00.000Z,BULL,SHORT,19.78353509516868,13.089203388744535,IGNORE,0,WATCH,,0,0,0,NA,NA,NA,NA,NA,BLOCK,0,0,0,0,0,TREND_REVERSAL_UNCONFIRMED,1,0.45,SHORT,1,0,0,0
SOLUSDT,1782691200000,2026-06-29T00:00:00.000Z,BULL,SHORT,22.088485121010113,13.270718203279547,IGNORE,0,WATCH,,0,0,0,NA,NA,NA,NA,NA,BLOCK,0,0,0,0,0,TREND_REVERSAL_UNCONFIRMED,1,0.45,SHORT,1,0,0,0
SOLUSDT,1782694800000,2026-06-29T01:00:00.000Z,BULL,SHORT,25,13.5,IGNORE,0,WATCH,,0,0,0,NA,NA,NA,NA,NA,WARNING_SOFT,1,0,0,0,0,TREND_REVERSAL_UNCONFIRMED,1,0.45,SHORT,1,0,0,0
SOLUSDT,1782698400000,2026-06-29T02:00:00.000Z,BULL,SHORT,21.614219190519364,13.2333697612534,IGNORE,0,WATCH,,0,0,0,NA,NA,NA,NA,NA,CLEAR,1,0,0,0,0,TREND_REVERSAL_UNCONFIRMED,1,0.45,SHORT,1,0,0,0
SOLUSDT,1782702000000,2026-06-29T03:00:00.000Z,BULL,SHORT,25,13.5,IGNORE,0,WATCH,,0,0,0,NA,NA,NA,NA,NA,CLEAR,1,0,0,0,0,TREND_REVERSAL_UNCONFIRMED,1,0.45,SHORT,1,0,0,0
SOLUSDT,1782705600000,2026-06-29T04:00:00.000Z,BULL,SHORT,0,7.875,IGNORE,0,WATCH,,0,0,0,NA,NA,NA,NA,NA,CLEAR,1,0,0,0,0,TREND_REVERSAL_UNCONFIRMED,0,0.45,SHORT,1,0,0,0
SOLUSDT,1782709200000,2026-06-29T05:00:00.000Z,BULL,SHORT,14.692352167630716,12.688272733200918,IGNORE,0,WATCH,,0,0,0,NA,NA,NA,NA,NA,WARNING_SOFT,1,0,0,0,0,TREND_REVERSAL_UNCONFIRMED,1,0.45,SHORT,1,0,0,0
SOLUSDT,1782712800000,2026-06-29T06:00:00.000Z,BULL,SHORT,14.074782151519956,12.639639094432198,IGNORE,0,WATCH,,0,0,0,NA,NA,NA,NA,NA,CLEAR,1,0,0,0,0,TREND_REVERSAL_UNCONFIRMED,1,0.45,SHORT,1,0,0,0
SOLUSDT,1782716400000,2026-06-29T07:00:00.000Z,BULL,SHORT,0,7.875,IGNORE,0,WATCH,,0,0,0,NA,NA,NA,NA,NA,CLEAR,1,0,0,0,0,TREND_REVERSAL_UNCONFIRMED,0,0.45,SHORT,1,0,0,0
SOLUSDT,1782720000000,2026-06-29T08:00:00.000Z,BULL,SHORT,0,7.875,IGNORE,0,WATCH,,0,0,0,NA,NA,NA,NA,NA,WARNING_SOFT,1,0,0,0,0,TREND_REVERSAL_UNCONFIRMED,0,0.45,SHORT,1,0,0,0
SOLUSDT,1782723600000,2026-06-29T09:00:00.000Z,BULL,SHORT,14.930555555555555,12.70703125,IGNORE,0,WATCH,,0,0,0,NA,NA,NA,NA,NA,CLEAR,1,0,0,0,0,TREND_REVERSAL_UNCONFIRMED,1,0.45,SHORT,1,0,0,0
SOLUSDT,1782727200000,2026-06-29T10:00:00.000Z,BULL,SHORT,0,7.875,IGNORE,0,WATCH,,0,0,0,NA,NA,NA,NA,NA,CLEAR,1,0,0,0,0,TREND_REVERSAL_UNCONFIRMED,0,0.45,SHORT,1,0,0,0
SOLUSDT,1782730800000,2026-06-29T11:00:00.000Z,BULL,SHORT,13.507197542688365,12.594941806486709,IGNORE,0,WATCH,,0,0,0,NA,NA,NA,NA,NA,CLEAR,1,0,0,0,0,TREND_REVERSAL_UNCONFIRMED,1,0.45,SHORT,1,0,0,0
SOLUSDT,1782734400000,2026-06-29T12:00:00.000Z,BULL,SHORT,25,13.5,IGNORE,0,WATCH,,0,0,0,NA,NA,NA,NA,NA,CLEAR,1,0,0,0,0,TREND_REVERSAL_UNCONFIRMED,1,0.45,SHORT,1,0,0,0
SOLUSDT,1782738000000,2026-06-29T13:00:00.000Z,BULL,SHORT,25,13.5,IGNORE,0,WATCH,,0,0,0,NA,NA,NA,NA,NA,WARNING_HARD,1,0,0,0,0,TREND_REVERSAL_UNCONFIRMED,1,0.45,SHORT,1,0,0,0
SOLUSDT,1782741600000,2026-06-29T14:00:00.000Z,BULL,SHORT,24.257328285185817,13.441514602458383,IGNORE,0,WATCH,,0,0,0,NA,NA,NA,NA,NA,WARNING_HARD,1,1,0,0,0,TREND_REVERSAL_UNCONFIRMED,1,0.45,SHORT,1,0,0,0
SOLUSDT,1782745200000,2026-06-29T15:00:00.000Z,BULL,SHORT,16.75572580711657,12.85076340731043,IGNORE,0,WATCH,,0,0,0,NA,NA,NA,NA,NA,WARNING_SOFT,1,0,0,0,0,TREND_REVERSAL_UNCONFIRMED,1,0.45,SHORT,1,0,0,0
SOLUSDT,1782748800000,2026-06-29T16:00:00.000Z,BULL,SHORT,0,7.875,IGNORE,0,WATCH,,0,0,0,NA,NA,NA,NA,NA,WARNING_SOFT,1,0,0,0,0,TREND_REVERSAL_UNCONFIRMED,0,0.45,SHORT,1,0,0,0
SOLUSDT,1782752400000,2026-06-29T17:00:00.000Z,BULL,SHORT,39.93055555555556,18.33203125,IGNORE,0,WATCH,,0,0,0,NA,NA,NA,NA,NA,CLEAR,1,1,0,0,0,TREND_REVERSAL_UNCONFIRMED,2,0.45,SHORT,1,0,0,0
SOLUSDT,1782756000000,2026-06-29T18:00:00.000Z,BULL,SHORT,21.52777777777778,13.2265625,IGNORE,0,WATCH,,0,0,0,NA,NA,NA,NA,NA,CLEAR,1,0,0,0,0,TREND_REVERSAL_UNCONFIRMED,1,0.45,SHORT,1,0,0,0
SOLUSDT,1782759600000,2026-06-29T19:00:00.000Z,BULL,SHORT,46.52777777777778,18.851562500000004,IGNORE,0,WATCH,,0,0,0,NA,NA,NA,NA,NA,CLEAR,1,0,0,0,0,TREND_REVERSAL_UNCONFIRMED,2,0.45,SHORT,1,0,0,0
SOLUSDT,1782763200000,2026-06-29T20:00:00.000Z,BULL,SHORT,0,7.875,IGNORE,0,WATCH,,0,0,0,NA,NA,NA,NA,NA,CLEAR,1,0,0,0,0,TREND_REVERSAL_UNCONFIRMED,0,0.45,SHORT,1,0,0,0
SOLUSDT,1782766800000,2026-06-29T21:00:00.000Z,BULL,SHORT,0,7.875,IGNORE,0,WATCH,,0,0,0,NA,NA,NA,NA,NA,CLEAR,1,0,0,0,0,TREND_REVERSAL_UNCONFIRMED,0,0.45,SHORT,1,0,0,0
SOLUSDT,1782770400000,2026-06-29T22:00:00.000Z,BULL,SHORT,0,7.875,IGNORE,0,WATCH,,0,0,0,NA,NA,NA,NA,NA,CLEAR,1,0,0,0,0,TREND_REVERSAL_UNCONFIRMED,0,0.45,SHORT,1,0,0,0
SOLUSDT,1782774000000,2026-06-29T23:00:00.000Z,BULL,SHORT,0,7.875,IGNORE,0,WATCH,,0,0,0,NA,NA,NA,NA,NA,CLEAR,1,0,0,0,0,TREND_REVERSAL_UNCONFIRMED,0,0.45,SHORT,1,0,0,0
SOLUSDT,1782777600000,2026-06-30T00:00:00.000Z,BULL,SHORT,0,7.875,IGNORE,0,WATCH,,0,0,0,NA,NA,NA,NA,NA,WARNING_SOFT,1,0,0,0,0,TREND_REVERSAL_UNCONFIRMED,0,0.45,SHORT,1,0,0,0
SOLUSDT,1782781200000,2026-06-30T01:00:00.000Z,BULL,SHORT,0,7.875,IGNORE,0,WATCH,,0,0,0,NA,NA,NA,NA,NA,WARNING_SOFT,1,0,0,0,0,TREND_REVERSAL_UNCONFIRMED,0,0.45,SHORT,1,0,0,0
SOLUSDT,1782784800000,2026-06-30T02:00:00.000Z,BULL,SHORT,0,7.875,IGNORE,0,WATCH,,0,0,0,NA,NA,NA,NA,NA,WARNING_SOFT,1,0,0,0,0,TREND_REVERSAL_UNCONFIRMED,0,0.45,SHORT,1,0,0,0
SOLUSDT,1782788400000,2026-06-30T03:00:00.000Z,NEUTRAL,NONE,0,7.875,IGNORE,0,WATCH,,0,0,0,NA,NA,NA,NA,NA,WARNING_SOFT,1,0,0,0,0,TREND_REVERSAL_UNCONFIRMED,0,0.45,NONE,1,0,0,0
SOLUSDT,1782792000000,2026-06-30T04:00:00.000Z,NEUTRAL,NONE,0,7.875,IGNORE,0,WATCH,,0,0,0,NA,NA,NA,NA,NA,BLOCK,0,0,0,0,0,TREND_REVERSAL_UNCONFIRMED,0,0.45,NONE,1,0,0,0
SOLUSDT,1782795600000,2026-06-30T05:00:00.000Z,BULL,SHORT,0,7.875,IGNORE,0,WATCH,,0,0,0,NA,NA,NA,NA,NA,WARNING_SOFT,1,0,0,0,0,TREND_REVERSAL_UNCONFIRMED,0,0.45,SHORT,1,0,0,0
SOLUSDT,1782799200000,2026-06-30T06:00:00.000Z,NEUTRAL,NONE,0,7.875,IGNORE,0,WATCH,,0,0,0,NA,NA,NA,NA,NA,WARNING_SOFT,1,0,0,0,0,TREND_REVERSAL_UNCONFIRMED,0,0.45,NONE,1,0,0,0
SOLUSDT,1782802800000,2026-06-30T07:00:00.000Z,NEUTRAL,NONE,0,7.875,IGNORE,0,WATCH,,0,0,0,NA,NA,NA,NA,NA,WARNING_SOFT,1,0,0,0,0,TREND_REVERSAL_UNCONFIRMED,0,0.45,NONE,1,0,0,0
SOLUSDT,1782806400000,2026-06-30T08:00:00.000Z,NEUTRAL,NONE,0,7.875,IGNORE,0,WATCH,,0,0,0,NA,NA,NA,NA,NA,WARNING_SOFT,1,0,0,0,0,TREND_REVERSAL_UNCONFIRMED,0,0.45,NONE,1,0,0,0
SOLUSDT,1782810000000,2026-06-30T09:00:00.000Z,NEUTRAL,NONE,0,7.875,IGNORE,0,WATCH,,0,0,0,NA,NA,NA,NA,NA,WARNING_SOFT,1,0,0,0,0,TREND_REVERSAL_UNCONFIRMED,0,0.45,NONE,1,0,0,0
SOLUSDT,1782813600000,2026-06-30T10:00:00.000Z,NEUTRAL,NONE,0,7.875,IGNORE,0,WATCH,,0,0,0,NA,NA,NA,NA,NA,WARNING_SOFT,1,0,0,0,0,TREND_REVERSAL_UNCONFIRMED,0,0.45,NONE,1,0,0,0
SOLUSDT,1782817200000,2026-06-30T11:00:00.000Z,NEUTRAL,NONE,0,7.875,IGNORE,0,WATCH,,0,0,0,NA,NA,NA,NA,NA,WARNING_SOFT,1,0,0,0,0,TREND_REVERSAL_UNCONFIRMED,0,0.45,NONE,1,0,0,0
SOLUSDT,1782820800000,2026-06-30T12:00:00.000Z,NEUTRAL,NONE,0,7.875,IGNORE,0,WATCH,,0,0,0,NA,NA,NA,NA,NA,BLOCK,0,0,0,0,0,TREND_REVERSAL_UNCONFIRMED,0,0.45,NONE,1,0,0,0
SOLUSDT,1782824400000,2026-06-30T13:00:00.000Z,NEUTRAL,NONE,0,7.875,IGNORE,0,WATCH,,0,0,0,NA,NA,NA,NA,NA,BLOCK,0,0,0,0,0,TREND_REVERSAL_UNCONFIRMED,0,0.45,NONE,1,0,0,0
SOLUSDT,1782828000000,2026-06-30T14:00:00.000Z,NEUTRAL,NONE,0,7.875,IGNORE,0,WATCH,,0,0,0,NA,NA,NA,NA,NA,BLOCK,0,0,0,0,0,TREND_REVERSAL_UNCONFIRMED,0,0.45,NONE,1,0,0,0
SOLUSDT,1782831600000,2026-06-30T15:00:00.000Z,NEUTRAL,NONE,0,7.875,IGNORE,0,WATCH,,0,0,0,NA,NA,NA,NA,NA,BLOCK,0,0,0,0,0,TREND_REVERSAL_UNCONFIRMED,0,0.45,NONE,1,0,0,0
SOLUSDT,1782835200000,2026-06-30T16:00:00.000Z,NEUTRAL,NONE,0,7.875,IGNORE,0,WATCH,,0,0,0,NA,NA,NA,NA,NA,WARNING_SOFT,1,0,0,0,0,TREND_REVERSAL_UNCONFIRMED,0,0.45,NONE,1,0,0,0
SOLUSDT,1782838800000,2026-06-30T17:00:00.000Z,NEUTRAL,NONE,0,7.875,IGNORE,0,WATCH,,0,0,0,NA,NA,NA,NA,NA,WARNING_SOFT,1,0,0,0,0,TREND_REVERSAL_UNCONFIRMED,0,0.45,NONE,1,0,0,0
SOLUSDT,1782842400000,2026-06-30T18:00:00.000Z,BULL,SHORT,17.5,12.909375,IGNORE,0,WATCH,,0,0,0,NA,NA,NA,NA,NA,WARNING_SOFT,1,0,0,0,0,TREND_REVERSAL_UNCONFIRMED,1,0.45,SHORT,1,0,0,0
SOLUSDT,1782846000000,2026-06-30T19:00:00.000Z,BULL,SHORT,17.5,12.909375,IGNORE,0,WATCH,,0,0,0,NA,NA,NA,NA,NA,WARNING_SOFT,1,0,0,0,0,TREND_REVERSAL_UNCONFIRMED,1,0.45,SHORT,1,0,0,0
SOLUSDT,1782849600000,2026-06-30T20:00:00.000Z,BULL,SHORT,42.5,18.534375,IGNORE,0,WATCH,,0,0,0,NA,NA,NA,NA,NA,WARNING_SOFT,1,0,0,0,0,TREND_REVERSAL_UNCONFIRMED,2,0.45,SHORT,1,0,0,0
SOLUSDT,1782853200000,2026-06-30T21:00:00.000Z,NEUTRAL,NONE,0,7.875,IGNORE,0,WATCH,,0,0,0,NA,NA,NA,NA,NA,WARNING_SOFT,1,0,0,0,0,TREND_REVERSAL_UNCONFIRMED,0,0.45,NONE,1,0,0,0
SOLUSDT,1782856800000,2026-06-30T22:00:00.000Z,NEUTRAL,NONE,0,7.875,IGNORE,0,WATCH,,0,0,0,NA,NA,NA,NA,NA,WARNING_SOFT,1,0,0,0,0,TREND_REVERSAL_UNCONFIRMED,0,0.45,NONE,1,0,0,0
SOLUSDT,1782860400000,2026-06-30T23:00:00.000Z,BULL,SHORT,17.5,12.909375,IGNORE,0,WATCH,,0,0,0,NA,NA,NA,NA,NA,WARNING_SOFT,1,0,0,0,0,TREND_REVERSAL_UNCONFIRMED,1,0.45,SHORT,1,0,0,0
SOLUSDT,1782864000000,2026-07-01T00:00:00.000Z,BULL,SHORT,17.5,12.909375,IGNORE,0,WATCH,,0,0,0,NA,NA,NA,NA,NA,WARNING_SOFT,1,0,0,0,0,TREND_REVERSAL_UNCONFIRMED,1,0.45,SHORT,1,0,0,0
SOLUSDT,1782867600000,2026-07-01T01:00:00.000Z,BULL,SHORT,42.5,18.534375,IGNORE,0,WATCH,,0,0,0,NA,NA,NA,NA,NA,BLOCK,0,0,0,0,0,TREND_REVERSAL_UNCONFIRMED,2,0.45,SHORT,1,0,0,0
SOLUSDT,1782871200000,2026-07-01T02:00:00.000Z,BULL,SHORT,33.67122773457875,17.839109184098078,IGNORE,0,WATCH,,0,0,0,NA,NA,NA,NA,NA,CLEAR,1,0,0,0,0,TREND_REVERSAL_UNCONFIRMED,2,0.45,SHORT,1,0,0,0
SOLUSDT,1782874800000,2026-07-01T03:00:00.000Z,BULL,SHORT,33.01571614237484,17.78748764621202,IGNORE,0,WATCH,,0,0,0,NA,NA,NA,NA,NA,CLEAR,1,0,0,0,0,TREND_REVERSAL_UNCONFIRMED,2,0.45,SHORT,1,0,0,0
SOLUSDT,1782878400000,2026-07-01T04:00:00.000Z,BULL,SHORT,17.5,12.909375,IGNORE,0,WATCH,,0,0,0,NA,NA,NA,NA,NA,CLEAR,1,0,0,0,0,TREND_REVERSAL_UNCONFIRMED,1,0.45,SHORT,1,0,0,0
SOLUSDT,1782882000000,2026-07-01T05:00:00.000Z,BULL,SHORT,42.5,18.534375,IGNORE,0,WATCH,,0,0,0,NA,NA,NA,NA,NA,CLEAR,1,0,0,0,0,TREND_REVERSAL_UNCONFIRMED,2,0.45,SHORT,1,0,0,0
SOLUSDT,1782885600000,2026-07-01T06:00:00.000Z,BULL,SHORT,37.29187079360929,18.12423482499673,IGNORE,0,WATCH,,0,0,0,NA,NA,NA,NA,NA,WARNING_HARD,1,0,0,0,0,TREND_REVERSAL_UNCONFIRMED,2,0.45,SHORT,1,0,0,0
SOLUSDT,1782889200000,2026-07-01T07:00:00.000Z,BULL,SHORT,0,7.875,IGNORE,0,WATCH,,0,0,0,NA,NA,NA,NA,NA,WARNING_SOFT,1,0,0,0,0,TREND_REVERSAL_UNCONFIRMED,0,0.45,SHORT,1,0,0,0
SOLUSDT,1782892800000,2026-07-01T08:00:00.000Z,BULL,SHORT,0,7.875,IGNORE,0,WATCH,,0,0,0,NA,NA,NA,NA,NA,CLEAR,1,0,0,0,0,TREND_REVERSAL_UNCONFIRMED,0,0.45,SHORT,1,0,0,0
SOLUSDT,1782896400000,2026-07-01T09:00:00.000Z,BULL,SHORT,0,7.875,IGNORE,0,WATCH,,0,0,0,NA,NA,NA,NA,NA,WARNING_SOFT,1,0,0,0,0,TREND_REVERSAL_UNCONFIRMED,0,0.45,SHORT,1,0,0,0
SOLUSDT,1782900000000,2026-07-01T10:00:00.000Z,BULL,SHORT,25,13.5,IGNORE,0,WATCH,,0,0,0,NA,NA,NA,NA,NA,WARNING_SOFT,1,0,0,0,0,TREND_REVERSAL_UNCONFIRMED,1,0.45,SHORT,1,0,0,0
SOLUSDT,1782903600000,2026-07-01T11:00:00.000Z,BULL,SHORT,0,7.875,IGNORE,0,WATCH,,0,0,0,NA,NA,NA,NA,NA,WARNING_SOFT,1,0,0,0,0,TREND_REVERSAL_UNCONFIRMED,0,0.45,SHORT,1,0,0,0
SOLUSDT,1782907200000,2026-07-01T12:00:00.000Z,BULL,SHORT,17.5,12.909375,IGNORE,0,WATCH,,0,0,0,NA,NA,NA,NA,NA,WARNING_SOFT,1,0,0,0,0,TREND_REVERSAL_UNCONFIRMED,1,0.45,SHORT,1,0,0,0
SOLUSDT,1782910800000,2026-07-01T13:00:00.000Z,BULL,SHORT,42.5,18.534375,IGNORE,0,WATCH,,0,0,0,NA,NA,NA,NA,NA,CLEAR,1,0,0,0,0,TREND_REVERSAL_UNCONFIRMED,2,0.45,SHORT,1,0,0,0
SOLUSDT,1782914400000,2026-07-01T14:00:00.000Z,BULL,SHORT,42.5,18.534375,IGNORE,0,WATCH,,0,0,0,NA,NA,NA,NA,NA,CLEAR,1,0,0,0,0,TREND_REVERSAL_UNCONFIRMED,2,0.45,SHORT,1,0,0,0
SOLUSDT,1782918000000,2026-07-01T15:00:00.000Z,BULL,SHORT,50.09027067546802,59.7582697892938,WATCH,1,ACTIVE,ACTIVE,1,1,1,PASS,PASS,SKIP,SKIP,PASS,CLEAR,1,1,0,0,1,,3,0.84,SHORT,0,1,0,0
SOLUSDT,1782921600000,2026-07-01T16:00:00.000Z,BULL,SHORT,57.43453246422665,60.83787627224132,WATCH,1,ACTIVE,ACTIVE,1,1,1,PASS,PASS,SKIP,SKIP,PASS,CLEAR,1,0,0,0,1,,3,0.84,SHORT,0,1,0,0
SOLUSDT,1782925200000,2026-07-01T17:00:00.000Z,BULL,SHORT,17.5,12.909375,IGNORE,0,WATCH,,0,0,0,NA,NA,NA,NA,NA,CLEAR,1,0,0,0,0,TREND_REVERSAL_UNCONFIRMED,1,0.45,SHORT,1,0,0,0
SOLUSDT,1782928800000,2026-07-01T18:00:00.000Z,BULL,SHORT,17.5,12.909375,IGNORE,0,WATCH,,0,0,0,NA,NA,NA,NA,NA,CLEAR,1,0,0,0,0,TREND_REVERSAL_UNCONFIRMED,1,0.45,SHORT,1,0,0,0
SOLUSDT,1782932400000,2026-07-01T19:00:00.000Z,BULL,SHORT,0,7.875,IGNORE,0,WATCH,,0,0,0,NA,NA,NA,NA,NA,CLEAR,1,0,0,0,0,TREND_REVERSAL_UNCONFIRMED,0,0.45,SHORT,1,0,0,0
SOLUSDT,1782936000000,2026-07-01T20:00:00.000Z,BULL,SHORT,0,7.875,IGNORE,0,WATCH,,0,0,0,NA,NA,NA,NA,NA,CLEAR,1,0,0,0,0,TREND_REVERSAL_UNCONFIRMED,0,0.45,SHORT,1,0,0,0
SOLUSDT,1782939600000,2026-07-01T21:00:00.000Z,BULL,SHORT,0,7.875,IGNORE,0,WATCH,,0,0,0,NA,NA,NA,NA,NA,CLEAR,1,0,0,0,0,TREND_REVERSAL_UNCONFIRMED,0,0.45,SHORT,1,0,0,0
SOLUSDT,1782943200000,2026-07-01T22:00:00.000Z,BULL,SHORT,25,13.5,IGNORE,0,WATCH,,0,0,0,NA,NA,NA,NA,NA,CLEAR,1,0,0,0,0,TREND_REVERSAL_UNCONFIRMED,1,0.45,SHORT,1,0,0,0
SOLUSDT,1782946800000,2026-07-01T23:00:00.000Z,BULL,SHORT,0,7.875,IGNORE,0,WATCH,,0,0,0,NA,NA,NA,NA,NA,CLEAR,1,0,0,0,0,TREND_REVERSAL_UNCONFIRMED,0,0.45,SHORT,1,0,0,0
SOLUSDT,1782950400000,2026-07-02T00:00:00.000Z,BULL,SHORT,0,7.875,IGNORE,0,WATCH,,0,0,0,NA,NA,NA,NA,NA,WARNING_SOFT,1,0,0,0,0,TREND_REVERSAL_UNCONFIRMED,0,0.45,SHORT,1,0,0,0
SOLUSDT,1782954000000,2026-07-02T01:00:00.000Z,BULL,SHORT,0,7.875,IGNORE,0,WATCH,,0,0,0,NA,NA,NA,NA,NA,CLEAR,1,0,0,0,0,TREND_REVERSAL_UNCONFIRMED,0,0.45,SHORT,1,0,0,0
SOLUSDT,1782957600000,2026-07-02T02:00:00.000Z,BULL,SHORT,12.847222222222221,12.54296875,IGNORE,0,WATCH,,0,0,0,NA,NA,NA,NA,NA,CLEAR,1,0,0,0,0,TREND_REVERSAL_UNCONFIRMED,1,0.45,SHORT,1,0,0,0
SOLUSDT,1782961200000,2026-07-02T03:00:00.000Z,BULL,SHORT,0,7.875,IGNORE,0,WATCH,,0,0,0,NA,NA,NA,NA,NA,CLEAR,1,0,0,0,0,TREND_REVERSAL_UNCONFIRMED,0,0.45,SHORT,1,0,0,0
SOLUSDT,1782964800000,2026-07-02T04:00:00.000Z,BULL,SHORT,25,13.5,IGNORE,0,WATCH,,0,0,0,NA,NA,NA,NA,NA,CLEAR,1,0,0,0,0,TREND_REVERSAL_UNCONFIRMED,1,0.45,SHORT,1,0,0,0
SOLUSDT,1782968400000,2026-07-02T05:00:00.000Z,BULL,SHORT,0,7.875,IGNORE,0,WATCH,,0,0,0,NA,NA,NA,NA,NA,CLEAR,1,0,0,0,0,TREND_REVERSAL_UNCONFIRMED,0,0.45,SHORT,1,0,0,0
SOLUSDT,1782972000000,2026-07-02T06:00:00.000Z,BULL,SHORT,0,7.875,IGNORE,0,WATCH,,0,0,0,NA,NA,NA,NA,NA,CLEAR,1,0,0,0,0,TREND_REVERSAL_UNCONFIRMED,0,0.45,SHORT,1,0,0,0
SOLUSDT,1782975600000,2026-07-02T07:00:00.000Z,BULL,SHORT,0,7.875,IGNORE,0,WATCH,,0,0,0,NA,NA,NA,NA,NA,WARNING_SOFT,1,0,0,0,0,TREND_REVERSAL_UNCONFIRMED,0,0.45,SHORT,1,0,0,0
SOLUSDT,1782979200000,2026-07-02T08:00:00.000Z,BULL,SHORT,0,7.875,IGNORE,0,WATCH,,0,0,0,NA,NA,NA,NA,NA,CLEAR,1,0,0,0,0,TREND_REVERSAL_UNCONFIRMED,0,0.45,SHORT,1,0,0,0
SOLUSDT,1782982800000,2026-07-02T09:00:00.000Z,BULL,SHORT,22.917161925381137,13.335976501623765,IGNORE,0,WATCH,,0,0,0,NA,NA,NA,NA,NA,CLEAR,1,0,0,0,0,TREND_REVERSAL_UNCONFIRMED,1,0.45,SHORT,1,0,0,0
SOLUSDT,1782986400000,2026-07-02T10:00:00.000Z,BULL,SHORT,41.31944444444444,18.44140625,IGNORE,0,WATCH,,0,0,0,NA,NA,NA,NA,NA,CLEAR,1,1,0,0,0,TREND_REVERSAL_UNCONFIRMED,2,0.45,SHORT,1,0,0,0
SOLUSDT,1782990000000,2026-07-02T11:00:00.000Z,BULL,SHORT,41.666666666666664,18.46875,IGNORE,0,WATCH,,0,0,0,NA,NA,NA,NA,NA,CLEAR,1,1,0,0,0,TREND_REVERSAL_UNCONFIRMED,2,0.45,SHORT,1,0,0,0
SOLUSDT,1782993600000,2026-07-02T12:00:00.000Z,BULL,SHORT,62.84722222222222,61.63354166666666,WATCH,1,ACTIVE,ACTIVE,1,1,1,PASS,PASS,SKIP,SKIP,PASS,CLEAR,1,0,0,0,1,,3,0.84,SHORT,0,1,0,0
SOLUSDT,1782997200000,2026-07-02T13:00:00.000Z,BULL,SHORT,37.303880676646514,18.125180603285912,IGNORE,0,WATCH,,0,0,0,NA,NA,NA,NA,NA,CLEAR,1,0,0,0,0,TREND_REVERSAL_UNCONFIRMED,2,0.45,SHORT,1,0,0,0
SOLUSDT,1783000800000,2026-07-02T14:00:00.000Z,BULL,SHORT,18.690787269753837,13.003149497493114,IGNORE,0,WATCH,,0,0,0,NA,NA,NA,NA,NA,CLEAR,1,0,0,0,0,TREND_REVERSAL_UNCONFIRMED,1,0.45,SHORT,1,0,0,0
SOLUSDT,1783004400000,2026-07-02T15:00:00.000Z,BULL,SHORT,0,7.875,IGNORE,0,WATCH,,0,0,0,NA,NA,NA,NA,NA,CLEAR,1,0,0,0,0,TREND_REVERSAL_UNCONFIRMED,0,0.45,SHORT,1,0,0,0
SOLUSDT,1783008000000,2026-07-02T16:00:00.000Z,BULL,SHORT,0,7.875,IGNORE,0,WATCH,,0,0,0,NA,NA,NA,NA,NA,CLEAR,1,0,0,0,0,TREND_REVERSAL_UNCONFIRMED,0,0.45,SHORT,1,0,0,0
SOLUSDT,1783011600000,2026-07-02T17:00:00.000Z,BULL,SHORT,0,7.875,IGNORE,0,WATCH,,0,0,0,NA,NA,NA,NA,NA,CLEAR,1,0,0,0,0,TREND_REVERSAL_UNCONFIRMED,0,0.45,SHORT,1,0,0,0
SOLUSDT,1783015200000,2026-07-02T18:00:00.000Z,BULL,SHORT,0,7.875,IGNORE,0,WATCH,,0,0,0,NA,NA,NA,NA,NA,CLEAR,1,0,0,0,0,TREND_REVERSAL_UNCONFIRMED,0,0.45,SHORT,1,0,0,0
SOLUSDT,1783018800000,2026-07-02T19:00:00.000Z,BULL,SHORT,0,7.875,IGNORE,0,WATCH,,0,0,0,NA,NA,NA,NA,NA,CLEAR,1,0,0,0,0,TREND_REVERSAL_UNCONFIRMED,0,0.45,SHORT,1,0,0,0
SOLUSDT,1783022400000,2026-07-02T20:00:00.000Z,BULL,SHORT,0,7.875,IGNORE,0,WATCH,,0,0,0,NA,NA,NA,NA,NA,CLEAR,1,0,0,0,0,TREND_REVERSAL_UNCONFIRMED,0,0.45,SHORT,1,0,0,0
SOLUSDT,1783026000000,2026-07-02T21:00:00.000Z,BULL,SHORT,0,7.875,IGNORE,0,WATCH,,0,0,0,NA,NA,NA,NA,NA,CLEAR,1,0,0,0,0,TREND_REVERSAL_UNCONFIRMED,0,0.45,SHORT,1,0,0,0
SOLUSDT,1783029600000,2026-07-02T22:00:00.000Z,BULL,SHORT,17.5,12.909375,IGNORE,0,WATCH,,0,0,0,NA,NA,NA,NA,NA,WARNING_SOFT,1,0,0,0,0,TREND_REVERSAL_UNCONFIRMED,1,0.45,SHORT,1,0,0,0
SOLUSDT,1783033200000,2026-07-02T23:00:00.000Z,BULL,SHORT,17.5,12.909375,IGNORE,0,WATCH,,0,0,0,NA,NA,NA,NA,NA,WARNING_SOFT,1,0,0,0,0,TREND_REVERSAL_UNCONFIRMED,1,0.45,SHORT,1,0,0,0
SOLUSDT,1783036800000,2026-07-03T00:00:00.000Z,BULL,SHORT,17.5,12.909375,IGNORE,0,WATCH,,0,0,0,NA,NA,NA,NA,NA,WARNING_SOFT,1,0,0,0,0,TREND_REVERSAL_UNCONFIRMED,1,0.45,SHORT,1,0,0,0
SOLUSDT,1783040400000,2026-07-03T01:00:00.000Z,BULL,SHORT,17.5,12.909375,IGNORE,0,WATCH,,0,0,0,NA,NA,NA,NA,NA,CLEAR,1,0,0,0,0,TREND_REVERSAL_UNCONFIRMED,1,0.45,SHORT,1,0,0,0
SOLUSDT,1783044000000,2026-07-03T02:00:00.000Z,BULL,SHORT,17.5,12.909375,IGNORE,0,WATCH,,0,0,0,NA,NA,NA,NA,NA,CLEAR,1,0,0,0,0,TREND_REVERSAL_UNCONFIRMED,1,0.45,SHORT,1,0,0,0
SOLUSDT,1783047600000,2026-07-03T03:00:00.000Z,BULL,SHORT,17.5,12.909375,IGNORE,0,WATCH,,0,0,0,NA,NA,NA,NA,NA,CLEAR,1,0,0,0,0,TREND_REVERSAL_UNCONFIRMED,1,0.45,SHORT,1,0,0,0
SOLUSDT,1783051200000,2026-07-03T04:00:00.000Z,BULL,SHORT,0,7.875,IGNORE,0,WATCH,,0,0,0,NA,NA,NA,NA,NA,WARNING_SOFT,1,0,0,0,0,TREND_REVERSAL_UNCONFIRMED,0,0.45,SHORT,1,0,0,0
SOLUSDT,1783054800000,2026-07-03T05:00:00.000Z,BULL,SHORT,0,7.875,IGNORE,0,WATCH,,0,0,0,NA,NA,NA,NA,NA,WARNING_SOFT,1,0,0,0,0,TREND_REVERSAL_UNCONFIRMED,0,0.45,SHORT,1,0,0,0
SOLUSDT,1783058400000,2026-07-03T06:00:00.000Z,BULL,SHORT,25,13.5,IGNORE,0,WATCH,,0,0,0,NA,NA,NA,NA,NA,CLEAR,1,0,0,0,0,TREND_REVERSAL_UNCONFIRMED,1,0.45,SHORT,1,0,0,0
SOLUSDT,1783062000000,2026-07-03T07:00:00.000Z,BULL,SHORT,0,7.875,IGNORE,0,WATCH,,0,0,0,NA,NA,NA,NA,NA,CLEAR,1,0,0,0,0,TREND_REVERSAL_UNCONFIRMED,0,0.45,SHORT,1,0,0,0
SOLUSDT,1783065600000,2026-07-03T08:00:00.000Z,BULL,SHORT,0,7.875,IGNORE,0,WATCH,,0,0,0,NA,NA,NA,NA,NA,CLEAR,1,0,0,0,0,TREND_REVERSAL_UNCONFIRMED,0,0.45,SHORT,1,0,0,0
SOLUSDT,1783069200000,2026-07-03T09:00:00.000Z,BULL,SHORT,0,7.875,IGNORE,0,WATCH,,0,0,0,NA,NA,NA,NA,NA,CLEAR,1,0,0,0,0,TREND_REVERSAL_UNCONFIRMED,0,0.45,SHORT,1,0,0,0
SOLUSDT,1783072800000,2026-07-03T10:00:00.000Z,BULL,SHORT,18.210600598418353,12.965334797125445,IGNORE,0,WATCH,,0,0,0,NA,NA,NA,NA,NA,CLEAR,1,0,0,0,0,TREND_REVERSAL_UNCONFIRMED,1,0.45,SHORT,1,0,0,0
SOLUSDT,1783076400000,2026-07-03T11:00:00.000Z,BULL,SHORT,0,7.875,IGNORE,0,WATCH,,0,0,0,NA,NA,NA,NA,NA,CLEAR,1,0,0,0,0,TREND_REVERSAL_UNCONFIRMED,0,0.45,SHORT,1,0,0,0
SOLUSDT,1783080000000,2026-07-03T12:00:00.000Z,BULL,SHORT,0,7.875,IGNORE,0,WATCH,,0,0,0,NA,NA,NA,NA,NA,CLEAR,1,0,0,0,0,TREND_REVERSAL_UNCONFIRMED,0,0.45,SHORT,1,0,0,0
SOLUSDT,1783083600000,2026-07-03T13:00:00.000Z,BULL,SHORT,25,13.5,IGNORE,0,WATCH,,0,0,0,NA,NA,NA,NA,NA,CLEAR,1,0,0,0,0,TREND_REVERSAL_UNCONFIRMED,1,0.45,SHORT,1,0,0,0
SOLUSDT,1783087200000,2026-07-03T14:00:00.000Z,BULL,SHORT,22.105478135667056,13.27205640318378,IGNORE,0,WATCH,,0,0,0,NA,NA,NA,NA,NA,CLEAR,1,0,0,0,0,TREND_REVERSAL_UNCONFIRMED,1,0.45,SHORT,1,0,0,0
SOLUSDT,1783090800000,2026-07-03T15:00:00.000Z,BULL,SHORT,23.816659601265393,13.40681194359965,IGNORE,0,WATCH,,0,0,0,NA,NA,NA,NA,NA,WARNING_SOFT,1,0,1,1,0,TREND_REVERSAL_UNCONFIRMED,1,0.45,SHORT,1,0,0,0
SOLUSDT,1783094400000,2026-07-03T16:00:00.000Z,BULL,SHORT,0,7.875,IGNORE,0,WATCH,,0,0,0,NA,NA,NA,NA,NA,WARNING_SOFT,1,0,0,0,0,TREND_REVERSAL_UNCONFIRMED,0,0.45,SHORT,1,0,0,0
SOLUSDT,1783098000000,2026-07-03T17:00:00.000Z,BULL,SHORT,0,7.875,IGNORE,0,WATCH,,0,0,0,NA,NA,NA,NA,NA,CLEAR,1,0,0,0,0,TREND_REVERSAL_UNCONFIRMED,0,0.45,SHORT,1,0,0,0
SOLUSDT,1783101600000,2026-07-03T18:00:00.000Z,BULL,SHORT,14.980123145938956,12.710934697742692,IGNORE,0,WATCH,,0,0,0,NA,NA,NA,NA,NA,CLEAR,1,0,0,0,0,TREND_REVERSAL_UNCONFIRMED,1,0.45,SHORT,1,0,0,0
SOLUSDT,1783105200000,2026-07-03T19:00:00.000Z,BULL,SHORT,25,13.5,IGNORE,0,WATCH,,0,0,0,NA,NA,NA,NA,NA,CLEAR,1,0,0,0,0,TREND_REVERSAL_UNCONFIRMED,1,0.45,SHORT,1,0,0,0
SOLUSDT,1783108800000,2026-07-03T20:00:00.000Z,BULL,SHORT,14.951458693432839,12.708677372107836,IGNORE,0,WATCH,,0,0,0,NA,NA,NA,NA,NA,CLEAR,1,0,0,0,0,TREND_REVERSAL_UNCONFIRMED,1,0.45,SHORT,1,0,0,0
SOLUSDT,1783112400000,2026-07-03T21:00:00.000Z,BULL,SHORT,25,13.5,IGNORE,0,WATCH,,0,0,0,NA,NA,NA,NA,NA,CLEAR,1,0,0,0,0,TREND_REVERSAL_UNCONFIRMED,1,0.45,SHORT,1,0,0,0
SOLUSDT,1783116000000,2026-07-03T22:00:00.000Z,BULL,SHORT,0,7.875,IGNORE,0,WATCH,,0,0,0,NA,NA,NA,NA,NA,CLEAR,1,0,0,0,0,TREND_REVERSAL_UNCONFIRMED,0,0.45,SHORT,1,0,0,0
SOLUSDT,1783119600000,2026-07-03T23:00:00.000Z,BULL,SHORT,0,7.875,IGNORE,0,WATCH,,0,0,0,NA,NA,NA,NA,NA,CLEAR,1,0,0,0,0,TREND_REVERSAL_UNCONFIRMED,0,0.45,SHORT,1,0,0,0
SOLUSDT,1783123200000,2026-07-04T00:00:00.000Z,BULL,SHORT,0,7.875,IGNORE,0,WATCH,,0,0,0,NA,NA,NA,NA,NA,CLEAR,1,0,0,0,0,TREND_REVERSAL_UNCONFIRMED,0,0.45,SHORT,1,0,0,0
SOLUSDT,1783126800000,2026-07-04T01:00:00.000Z,BULL,SHORT,25,13.5,IGNORE,0,WATCH,,0,0,0,NA,NA,NA,NA,NA,WARNING_SOFT,1,0,0,0,0,TREND_REVERSAL_UNCONFIRMED,1,0.45,SHORT,1,0,0,0
SOLUSDT,1783130400000,2026-07-04T02:00:00.000Z,BULL,SHORT,0,7.875,IGNORE,0,WATCH,,0,0,0,NA,NA,NA,NA,NA,WARNING_SOFT,1,0,0,0,0,TREND_REVERSAL_UNCONFIRMED,0,0.45,SHORT,1,0,0,0
SOLUSDT,1783134000000,2026-07-04T03:00:00.000Z,BULL,SHORT,0,7.875,IGNORE,0,WATCH,,0,0,0,NA,NA,NA,NA,NA,CLEAR,1,0,0,0,0,TREND_REVERSAL_UNCONFIRMED,0,0.45,SHORT,1,0,0,0
SOLUSDT,1783137600000,2026-07-04T04:00:00.000Z,BULL,SHORT,25,13.5,IGNORE,0,WATCH,,0,0,0,NA,NA,NA,NA,NA,CLEAR,1,1,0,0,0,TREND_REVERSAL_UNCONFIRMED,1,0.45,SHORT,1,0,0,0
SOLUSDT,1783141200000,2026-07-04T05:00:00.000Z,BULL,SHORT,25,13.5,IGNORE,0,WATCH,,0,0,0,NA,NA,NA,NA,NA,CLEAR,1,0,0,0,0,TREND_REVERSAL_UNCONFIRMED,1,0.45,SHORT,1,0,0,0
SOLUSDT,1783144800000,2026-07-04T06:00:00.000Z,BULL,SHORT,12.826060274779827,12.541302246638912,IGNORE,0,WATCH,,0,0,0,NA,NA,NA,NA,NA,CLEAR,1,0,0,0,0,TREND_REVERSAL_UNCONFIRMED,1,0.45,SHORT,1,0,0,0
SOLUSDT,1783148400000,2026-07-04T07:00:00.000Z,BULL,SHORT,0,7.875,IGNORE,0,WATCH,,0,0,0,NA,NA,NA,NA,NA,BLOCK,0,0,0,0,0,TREND_REVERSAL_UNCONFIRMED,0,0.45,SHORT,1,0,0,0
SOLUSDT,1783152000000,2026-07-04T08:00:00.000Z,BULL,SHORT,0,7.875,IGNORE,0,WATCH,,0,0,0,NA,NA,NA,NA,NA,WARNING_SOFT,1,0,0,0,0,TREND_REVERSAL_UNCONFIRMED,0,0.45,SHORT,1,0,0,0
SOLUSDT,1783155600000,2026-07-04T09:00:00.000Z,NEUTRAL,NONE,0,7.875,IGNORE,0,WATCH,,0,0,0,NA,NA,NA,NA,NA,BLOCK,0,0,0,0,0,TREND_REVERSAL_UNCONFIRMED,0,0.45,NONE,1,0,0,0
SOLUSDT,1783159200000,2026-07-04T10:00:00.000Z,NEUTRAL,NONE,0,7.875,IGNORE,0,WATCH,,0,0,0,NA,NA,NA,NA,NA,WARNING_SOFT,1,0,0,0,0,TREND_REVERSAL_UNCONFIRMED,0,0.45,NONE,1,0,0,0
SOLUSDT,1783162800000,2026-07-04T11:00:00.000Z,NEUTRAL,NONE,0,7.875,IGNORE,0,WATCH,,0,0,0,NA,NA,NA,NA,NA,WARNING_SOFT,1,0,0,0,0,TREND_REVERSAL_UNCONFIRMED,0,0.45,NONE,1,0,0,0
SOLUSDT,1783166400000,2026-07-04T12:00:00.000Z,NEUTRAL,NONE,0,7.875,IGNORE,0,WATCH,,0,0,0,NA,NA,NA,NA,NA,WARNING_SOFT,1,0,0,0,0,TREND_REVERSAL_UNCONFIRMED,0,0.45,NONE,1,0,0,0
SOLUSDT,1783170000000,2026-07-04T13:00:00.000Z,NEUTRAL,NONE,0,7.875,IGNORE,0,WATCH,,0,0,0,NA,NA,NA,NA,NA,WARNING_SOFT,1,0,0,0,0,TREND_REVERSAL_UNCONFIRMED,0,0.45,NONE,1,0,0,0
SOLUSDT,1783173600000,2026-07-04T14:00:00.000Z,NEUTRAL,NONE,0,7.875,IGNORE,0,WATCH,,0,0,0,NA,NA,NA,NA,NA,WARNING_SOFT,1,0,0,0,0,TREND_REVERSAL_UNCONFIRMED,0,0.45,NONE,1,0,0,0
SOLUSDT,1783177200000,2026-07-04T15:00:00.000Z,BULL,SHORT,21.160525612812705,13.197641392009,IGNORE,0,WATCH,,0,0,0,NA,NA,NA,NA,NA,WARNING_SOFT,1,1,0,0,0,TREND_REVERSAL_UNCONFIRMED,1,0.45,SHORT,1,0,0,0
SOLUSDT,1783180800000,2026-07-04T16:00:00.000Z,BULL,SHORT,0,7.875,IGNORE,0,WATCH,,0,0,0,NA,NA,NA,NA,NA,CLEAR,1,0,0,0,0,TREND_REVERSAL_UNCONFIRMED,0,0.45,SHORT,1,0,0,0
SOLUSDT,1783184400000,2026-07-04T17:00:00.000Z,BULL,SHORT,15.716216412837442,12.76890204251095,IGNORE,0,WATCH,,0,0,0,NA,NA,NA,NA,NA,CLEAR,1,0,0,0,0,TREND_REVERSAL_UNCONFIRMED,1,0.45,SHORT,1,0,0,0
SOLUSDT,1783188000000,2026-07-04T18:00:00.000Z,BULL,SHORT,25,13.5,IGNORE,0,WATCH,,0,0,0,NA,NA,NA,NA,NA,CLEAR,1,0,0,0,0,TREND_REVERSAL_UNCONFIRMED,1,0.45,SHORT,1,0,0,0
SOLUSDT,1783191600000,2026-07-04T19:00:00.000Z,NEUTRAL,NONE,0,7.875,IGNORE,0,WATCH,,0,0,0,NA,NA,NA,NA,NA,WARNING_SOFT,1,0,0,0,0,TREND_REVERSAL_UNCONFIRMED,0,0.45,NONE,1,0,0,0
SOLUSDT,1783195200000,2026-07-04T20:00:00.000Z,NEUTRAL,NONE,0,7.875,IGNORE,0,WATCH,,0,0,0,NA,NA,NA,NA,NA,WARNING_SOFT,1,0,0,0,0,TREND_REVERSAL_UNCONFIRMED,0,0.45,NONE,1,0,0,0
SOLUSDT,1783198800000,2026-07-04T21:00:00.000Z,NEUTRAL,NONE,0,7.875,IGNORE,0,WATCH,,0,0,0,NA,NA,NA,NA,NA,WARNING_SOFT,1,0,0,0,0,TREND_REVERSAL_UNCONFIRMED,0,0.45,NONE,1,0,0,0
SOLUSDT,1783202400000,2026-07-04T22:00:00.000Z,NEUTRAL,NONE,0,7.875,IGNORE,0,WATCH,,0,0,0,NA,NA,NA,NA,NA,WARNING_SOFT,1,0,0,0,0,TREND_REVERSAL_UNCONFIRMED,0,0.45,NONE,1,0,0,0
SOLUSDT,1783206000000,2026-07-04T23:00:00.000Z,NEUTRAL,NONE,0,7.875,IGNORE,0,WATCH,,0,0,0,NA,NA,NA,NA,NA,WARNING_SOFT,1,0,0,0,0,TREND_REVERSAL_UNCONFIRMED,0,0.45,NONE,1,0,0,0
SOLUSDT,1783209600000,2026-07-05T00:00:00.000Z,NEUTRAL,NONE,0,7.875,IGNORE,0,WATCH,,0,0,0,NA,NA,NA,NA,NA,BLOCK,0,0,0,0,0,TREND_REVERSAL_UNCONFIRMED,0,0.45,NONE,1,0,0,0
SOLUSDT,1783213200000,2026-07-05T01:00:00.000Z,NEUTRAL,NONE,0,7.875,IGNORE,0,WATCH,,0,0,0,NA,NA,NA,NA,NA,BLOCK,0,0,1,0,0,TREND_REVERSAL_UNCONFIRMED,0,0.45,NONE,1,0,0,0
SOLUSDT,1783216800000,2026-07-05T02:00:00.000Z,NEUTRAL,NONE,0,7.875,IGNORE,0,WATCH,,0,0,0,NA,NA,NA,NA,NA,BLOCK,0,0,1,0,0,TREND_REVERSAL_UNCONFIRMED,0,0.45,NONE,1,0,0,0
SOLUSDT,1783220400000,2026-07-05T03:00:00.000Z,NEUTRAL,NONE,0,7.875,IGNORE,0,WATCH,,0,0,0,NA,NA,NA,NA,NA,WARNING_SOFT,1,0,0,0,0,TREND_REVERSAL_UNCONFIRMED,0,0.45,NONE,1,0,0,0
SOLUSDT,1783224000000,2026-07-05T04:00:00.000Z,NEUTRAL,NONE,0,7.875,IGNORE,0,WATCH,,0,0,0,NA,NA,NA,NA,NA,BLOCK,0,0,0,0,0,TREND_REVERSAL_UNCONFIRMED,0,0.45,NONE,1,0,0,0
SOLUSDT,1783227600000,2026-07-05T05:00:00.000Z,NEUTRAL,NONE,0,7.875,IGNORE,0,WATCH,,0,0,0,NA,NA,NA,NA,NA,WARNING_SOFT,1,0,0,0,0,TREND_REVERSAL_UNCONFIRMED,0,0.45,NONE,1,0,0,0
SOLUSDT,1783231200000,2026-07-05T06:00:00.000Z,NEUTRAL,NONE,0,7.875,IGNORE,0,WATCH,,0,0,0,NA,NA,NA,NA,NA,WARNING_SOFT,1,0,0,0,0,TREND_REVERSAL_UNCONFIRMED,0,0.45,NONE,1,0,0,0
SOLUSDT,1783234800000,2026-07-05T07:00:00.000Z,NEUTRAL,NONE,0,7.875,IGNORE,0,WATCH,,0,0,0,NA,NA,NA,NA,NA,WARNING_SOFT,1,0,0,0,0,TREND_REVERSAL_UNCONFIRMED,0,0.45,NONE,1,0,0,0
SOLUSDT,1783238400000,2026-07-05T08:00:00.000Z,BEAR,LONG,0,7.875,IGNORE,0,WATCH,,0,0,0,NA,NA,NA,NA,NA,WARNING_SOFT,1,0,0,0,0,TREND_REVERSAL_UNCONFIRMED,0,0.45,LONG,1,0,0,0
SOLUSDT,1783242000000,2026-07-05T09:00:00.000Z,BEAR,LONG,25,13.5,IGNORE,0,WATCH,,0,0,0,NA,NA,NA,NA,NA,CLEAR,1,0,0,0,0,TREND_REVERSAL_UNCONFIRMED,1,0.45,LONG,1,0,0,0
SOLUSDT,1783245600000,2026-07-05T10:00:00.000Z,BEAR,LONG,0,7.875,IGNORE,0,WATCH,,0,0,0,NA,NA,NA,NA,NA,CLEAR,1,0,0,0,0,TREND_REVERSAL_UNCONFIRMED,0,0.45,LONG,1,0,0,0
SOLUSDT,1783249200000,2026-07-05T11:00:00.000Z,BEAR,LONG,0,7.875,IGNORE,0,WATCH,,0,0,0,NA,NA,NA,NA,NA,CLEAR,1,0,0,0,0,TREND_REVERSAL_UNCONFIRMED,0,0.45,LONG,1,0,0,0
SOLUSDT,1783252800000,2026-07-05T12:00:00.000Z,BEAR,LONG,23.220847145891803,13.35989171273898,IGNORE,0,WATCH,,0,0,0,NA,NA,NA,NA,NA,BLOCK,0,1,0,1,0,TREND_REVERSAL_UNCONFIRMED,1,0.45,LONG,1,0,0,0
SOLUSDT,1783256400000,2026-07-05T13:00:00.000Z,NEUTRAL,NONE,0,7.875,IGNORE,0,WATCH,,0,0,0,NA,NA,NA,NA,NA,WARNING_SOFT,1,0,0,0,0,TREND_REVERSAL_UNCONFIRMED,0,0.45,NONE,1,0,0,0
SOLUSDT,1783260000000,2026-07-05T14:00:00.000Z,NEUTRAL,NONE,0,7.875,IGNORE,0,WATCH,,0,0,0,NA,NA,NA,NA,NA,WARNING_SOFT,1,0,0,0,0,TREND_REVERSAL_UNCONFIRMED,0,0.45,NONE,1,0,0,0
SOLUSDT,1783263600000,2026-07-05T15:00:00.000Z,NEUTRAL,NONE,0,7.875,IGNORE,0,WATCH,,0,0,0,NA,NA,NA,NA,NA,WARNING_HARD,1,0,0,0,0,TREND_REVERSAL_UNCONFIRMED,0,0.45,NONE,1,0,0,0
SOLUSDT,1783267200000,2026-07-05T16:00:00.000Z,NEUTRAL,NONE,0,7.875,IGNORE,0,WATCH,,0,0,0,NA,NA,NA,NA,NA,WARNING_SOFT,1,0,0,0,0,TREND_REVERSAL_UNCONFIRMED,0,0.45,NONE,1,0,0,0
SOLUSDT,1783270800000,2026-07-05T17:00:00.000Z,NEUTRAL,NONE,0,7.875,IGNORE,0,WATCH,,0,0,0,NA,NA,NA,NA,NA,WARNING_SOFT,1,0,0,0,0,TREND_REVERSAL_UNCONFIRMED,0,0.45,NONE,1,0,0,0
SOLUSDT,1783274400000,2026-07-05T18:00:00.000Z,BEAR,LONG,25,13.5,IGNORE,0,WATCH,,0,0,0,NA,NA,NA,NA,NA,WARNING_SOFT,1,0,0,0,0,TREND_REVERSAL_UNCONFIRMED,1,0.45,LONG,1,0,0,0
SOLUSDT,1783278000000,2026-07-05T19:00:00.000Z,BEAR,LONG,0,7.875,IGNORE,0,WATCH,,0,0,0,NA,NA,NA,NA,NA,WARNING_SOFT,1,0,0,0,0,TREND_REVERSAL_UNCONFIRMED,0,0.45,LONG,1,0,0,0
SOLUSDT,1783281600000,2026-07-05T20:00:00.000Z,NEUTRAL,NONE,0,7.875,IGNORE,0,WATCH,,0,0,0,NA,NA,NA,NA,NA,WARNING_SOFT,1,0,0,0,0,TREND_REVERSAL_UNCONFIRMED,0,0.45,NONE,1,0,0,0
SOLUSDT,1783285200000,2026-07-05T21:00:00.000Z,NEUTRAL,NONE,0,7.875,IGNORE,0,WATCH,,0,0,0,NA,NA,NA,NA,NA,CLEAR,1,0,0,0,0,TREND_REVERSAL_UNCONFIRMED,0,0.45,NONE,1,0,0,0
SOLUSDT,1783288800000,2026-07-05T22:00:00.000Z,BULL,SHORT,24.088834453929056,13.428245713246913,IGNORE,0,WATCH,,0,0,0,NA,NA,NA,NA,NA,CLEAR,1,0,0,0,0,TREND_REVERSAL_UNCONFIRMED,1,0.45,SHORT,1,0,0,0
SOLUSDT,1783292400000,2026-07-05T23:00:00.000Z,BULL,SHORT,0,7.875,IGNORE,0,WATCH,,0,0,0,NA,NA,NA,NA,NA,CLEAR,1,0,0,0,0,TREND_REVERSAL_UNCONFIRMED,0,0.45,SHORT,1,0,0,0
SOLUSDT,1783296000000,2026-07-06T00:00:00.000Z,BULL,SHORT,16.43273861872687,12.825328166224741,IGNORE,0,WATCH,,0,0,0,NA,NA,NA,NA,NA,WARNING_SOFT,1,0,0,0,0,TREND_REVERSAL_UNCONFIRMED,1,0.45,SHORT,1,0,0,0
SOLUSDT,1783299600000,2026-07-06T01:00:00.000Z,BULL,SHORT,0,7.875,IGNORE,0,WATCH,,0,0,0,NA,NA,NA,NA,NA,CLEAR,1,0,0,0,0,TREND_REVERSAL_UNCONFIRMED,0,0.45,SHORT,1,0,0,0
SOLUSDT,1783303200000,2026-07-06T02:00:00.000Z,NEUTRAL,NONE,0,7.875,IGNORE,0,WATCH,,0,0,0,NA,NA,NA,NA,NA,BLOCK,0,0,0,0,0,TREND_REVERSAL_UNCONFIRMED,0,0.45,NONE,1,0,0,0
SOLUSDT,1783306800000,2026-07-06T03:00:00.000Z,NEUTRAL,NONE,0,7.875,IGNORE,0,WATCH,,0,0,0,NA,NA,NA,NA,NA,BLOCK,0,0,0,0,0,TREND_REVERSAL_UNCONFIRMED,0,0.45,NONE,1,0,0,0
SOLUSDT,1783310400000,2026-07-06T04:00:00.000Z,NEUTRAL,NONE,0,7.875,IGNORE,0,WATCH,,0,0,0,NA,NA,NA,NA,NA,WARNING_SOFT,1,0,0,0,0,TREND_REVERSAL_UNCONFIRMED,0,0.45,NONE,1,0,0,0
SOLUSDT,1783314000000,2026-07-06T05:00:00.000Z,BEAR,LONG,17.5,12.909375,IGNORE,0,WATCH,,0,0,0,NA,NA,NA,NA,NA,CLEAR,1,0,0,0,0,TREND_REVERSAL_UNCONFIRMED,1,0.45,LONG,1,0,0,0
SOLUSDT,1783317600000,2026-07-06T06:00:00.000Z,BEAR,LONG,32.43055555555556,17.74140625,IGNORE,0,WATCH,,0,0,0,NA,NA,NA,NA,NA,CLEAR,1,0,0,0,0,TREND_REVERSAL_UNCONFIRMED,2,0.45,LONG,1,0,0,0
SOLUSDT,1783321200000,2026-07-06T07:00:00.000Z,BEAR,LONG,42.5,18.534375,IGNORE,0,WATCH,,0,0,0,NA,NA,NA,NA,NA,CLEAR,1,0,0,0,0,TREND_REVERSAL_UNCONFIRMED,2,0.45,LONG,1,0,0,0
SOLUSDT,1783324800000,2026-07-06T08:00:00.000Z,BEAR,LONG,0,7.875,IGNORE,0,WATCH,,0,0,0,NA,NA,NA,NA,NA,CLEAR,1,0,0,0,0,TREND_REVERSAL_UNCONFIRMED,0,0.45,LONG,1,0,0,0
SOLUSDT,1783328400000,2026-07-06T09:00:00.000Z,BEAR,LONG,0,7.875,IGNORE,0,WATCH,,0,0,0,NA,NA,NA,NA,NA,CLEAR,1,0,0,0,0,TREND_REVERSAL_UNCONFIRMED,0,0.45,LONG,1,0,0,0
SOLUSDT,1783332000000,2026-07-06T10:00:00.000Z,BEAR,LONG,25,13.5,IGNORE,0,WATCH,,0,0,0,NA,NA,NA,NA,NA,CLEAR,1,0,0,0,0,TREND_REVERSAL_UNCONFIRMED,1,0.45,LONG,1,0,0,0
SOLUSDT,1783335600000,2026-07-06T11:00:00.000Z,BEAR,LONG,0,7.875,IGNORE,0,WATCH,,0,0,0,NA,NA,NA,NA,NA,WARNING_SOFT,1,0,0,0,0,TREND_REVERSAL_UNCONFIRMED,0,0.45,LONG,1,0,0,0
SOLUSDT,1783339200000,2026-07-06T12:00:00.000Z,BEAR,LONG,25,13.5,IGNORE,0,WATCH,,0,0,0,NA,NA,NA,NA,NA,CLEAR,1,0,0,0,0,TREND_REVERSAL_UNCONFIRMED,1,0.45,LONG,1,0,0,0
SOLUSDT,1783342800000,2026-07-06T13:00:00.000Z,BEAR,LONG,50,19.125,IGNORE,0,WATCH,,0,0,0,NA,NA,NA,NA,NA,CLEAR,1,0,0,0,0,TREND_REVERSAL_UNCONFIRMED,2,0.45,LONG,1,0,0,0
SOLUSDT,1783346400000,2026-07-06T14:00:00.000Z,BEAR,LONG,20.33982684002314,13.133011363651821,IGNORE,0,WATCH,,0,0,0,NA,NA,NA,NA,NA,CLEAR,1,0,0,0,0,TREND_REVERSAL_UNCONFIRMED,1,0.45,LONG,1,0,0,0
SOLUSDT,1783350000000,2026-07-06T15:00:00.000Z,NEUTRAL,NONE,0,7.875,IGNORE,0,WATCH,,0,0,0,NA,NA,NA,NA,NA,CLEAR,1,1,0,0,0,TREND_REVERSAL_UNCONFIRMED,0,0.45,NONE,1,0,0,0
SOLUSDT,1783353600000,2026-07-06T16:00:00.000Z,NEUTRAL,NONE,0,7.875,IGNORE,0,WATCH,,0,0,0,NA,NA,NA,NA,NA,CLEAR,1,0,0,0,0,TREND_REVERSAL_UNCONFIRMED,0,0.45,NONE,1,0,0,0
SOLUSDT,1783357200000,2026-07-06T17:00:00.000Z,NEUTRAL,NONE,0,7.875,IGNORE,0,WATCH,,0,0,0,NA,NA,NA,NA,NA,CLEAR,1,0,0,0,0,TREND_REVERSAL_UNCONFIRMED,0,0.45,NONE,1,0,0,0
SOLUSDT,1783360800000,2026-07-06T18:00:00.000Z,NEUTRAL,NONE,0,7.875,IGNORE,0,WATCH,,0,0,0,NA,NA,NA,NA,NA,CLEAR,1,0,0,0,0,TREND_REVERSAL_UNCONFIRMED,0,0.45,NONE,1,0,0,0
SOLUSDT,1783364400000,2026-07-06T19:00:00.000Z,BULL,SHORT,0,7.875,IGNORE,0,WATCH,,0,0,0,NA,NA,NA,NA,NA,CLEAR,1,0,0,0,0,TREND_REVERSAL_UNCONFIRMED,0,0.45,SHORT,1,0,0,0
SOLUSDT,1783368000000,2026-07-06T20:00:00.000Z,BULL,SHORT,0,7.875,IGNORE,0,WATCH,,0,0,0,NA,NA,NA,NA,NA,CLEAR,1,0,0,0,0,TREND_REVERSAL_UNCONFIRMED,0,0.45,SHORT,1,0,0,0
SOLUSDT,1783371600000,2026-07-06T21:00:00.000Z,BULL,SHORT,19.98507813652887,13.105074903251648,IGNORE,0,WATCH,,0,0,0,NA,NA,NA,NA,NA,CLEAR,1,0,0,0,0,TREND_REVERSAL_UNCONFIRMED,1,0.45,SHORT,1,0,0,0
SOLUSDT,1783375200000,2026-07-06T22:00:00.000Z,BULL,SHORT,0,7.875,IGNORE,0,WATCH,,0,0,0,NA,NA,NA,NA,NA,CLEAR,1,0,0,0,0,TREND_REVERSAL_UNCONFIRMED,0,0.45,SHORT,1,0,0,0
SOLUSDT,1783378800000,2026-07-06T23:00:00.000Z,BULL,SHORT,0,7.875,IGNORE,0,WATCH,,0,0,0,NA,NA,NA,NA,NA,CLEAR,1,0,0,0,0,TREND_REVERSAL_UNCONFIRMED,0,0.45,SHORT,1,0,0,0
SOLUSDT,1783382400000,2026-07-07T00:00:00.000Z,BULL,SHORT,0,7.875,IGNORE,0,WATCH,,0,0,0,NA,NA,NA,NA,NA,CLEAR,1,0,0,0,0,TREND_REVERSAL_UNCONFIRMED,0,0.45,SHORT,1,0,0,0
SOLUSDT,1783386000000,2026-07-07T01:00:00.000Z,BULL,SHORT,0,7.875,IGNORE,0,WATCH,,0,0,0,NA,NA,NA,NA,NA,CLEAR,1,0,0,0,0,TREND_REVERSAL_UNCONFIRMED,0,0.45,SHORT,1,0,0,0
SOLUSDT,1783389600000,2026-07-07T02:00:00.000Z,NEUTRAL,NONE,0,7.875,IGNORE,0,WATCH,,0,0,0,NA,NA,NA,NA,NA,WARNING_SOFT,1,0,0,0,0,TREND_REVERSAL_UNCONFIRMED,0,0.45,NONE,1,0,0,0
SOLUSDT,1783393200000,2026-07-07T03:00:00.000Z,NEUTRAL,NONE,0,7.875,IGNORE,0,WATCH,,0,0,0,NA,NA,NA,NA,NA,WARNING_SOFT,1,0,0,0,0,TREND_REVERSAL_UNCONFIRMED,0,0.45,NONE,1,0,0,0
SOLUSDT,1783396800000,2026-07-07T04:00:00.000Z,NEUTRAL,NONE,0,7.875,IGNORE,0,WATCH,,0,0,0,NA,NA,NA,NA,NA,WARNING_SOFT,1,0,0,0,0,TREND_REVERSAL_UNCONFIRMED,0,0.45,NONE,1,0,0,0
SOLUSDT,1783400400000,2026-07-07T05:00:00.000Z,NEUTRAL,NONE,0,7.875,IGNORE,0,WATCH,,0,0,0,NA,NA,NA,NA,NA,BLOCK,0,0,0,0,0,TREND_REVERSAL_UNCONFIRMED,0,0.45,NONE,1,0,0,0
SOLUSDT,1783404000000,2026-07-07T06:00:00.000Z,BULL,SHORT,0,7.875,IGNORE,0,WATCH,,0,0,0,NA,NA,NA,NA,NA,WARNING_SOFT,1,0,0,0,0,TREND_REVERSAL_UNCONFIRMED,0,0.45,SHORT,1,0,0,0
SOLUSDT,1783407600000,2026-07-07T07:00:00.000Z,BULL,SHORT,25,13.5,IGNORE,0,WATCH,,0,0,0,NA,NA,NA,NA,NA,WARNING_SOFT,1,0,0,0,0,TREND_REVERSAL_UNCONFIRMED,1,0.45,SHORT,1,0,0,0
SOLUSDT,1783411200000,2026-07-07T08:00:00.000Z,NEUTRAL,NONE,0,7.875,IGNORE,0,WATCH,,0,0,0,NA,NA,NA,NA,NA,WARNING_SOFT,1,0,0,0,0,TREND_REVERSAL_UNCONFIRMED,0,0.45,NONE,1,0,0,0
SOLUSDT,1783414800000,2026-07-07T09:00:00.000Z,NEUTRAL,NONE,0,7.875,IGNORE,0,WATCH,,0,0,0,NA,NA,NA,NA,NA,WARNING_SOFT,1,0,0,0,0,TREND_REVERSAL_UNCONFIRMED,0,0.45,NONE,1,0,0,0
SOLUSDT,1783418400000,2026-07-07T10:00:00.000Z,NEUTRAL,NONE,0,7.875,IGNORE,0,WATCH,,0,0,0,NA,NA,NA,NA,NA,WARNING_SOFT,1,0,0,0,0,TREND_REVERSAL_UNCONFIRMED,0,0.45,NONE,1,0,0,0
SOLUSDT,1783422000000,2026-07-07T11:00:00.000Z,NEUTRAL,NONE,0,7.875,IGNORE,0,WATCH,,0,0,0,NA,NA,NA,NA,NA,WARNING_SOFT,1,0,0,0,0,TREND_REVERSAL_UNCONFIRMED,0,0.45,NONE,1,0,0,0
SOLUSDT,1783425600000,2026-07-07T12:00:00.000Z,BULL,SHORT,32.306232454826315,17.731615805817572,IGNORE,0,WATCH,,0,0,0,NA,NA,NA,NA,NA,CLEAR,1,0,0,0,0,TREND_REVERSAL_UNCONFIRMED,2,0.45,SHORT,1,0,0,0
SOLUSDT,1783429200000,2026-07-07T13:00:00.000Z,NEUTRAL,NONE,0,7.875,IGNORE,0,WATCH,,0,0,0,NA,NA,NA,NA,NA,BLOCK,0,0,0,0,0,TREND_REVERSAL_UNCONFIRMED,0,0.45,NONE,1,0,0,0
SOLUSDT,1783432800000,2026-07-07T14:00:00.000Z,BULL,SHORT,42.5,18.534375,IGNORE,0,WATCH,,0,0,0,NA,NA,NA,NA,NA,BLOCK,0,0,0,0,0,TREND_REVERSAL_UNCONFIRMED,2,0.45,SHORT,1,0,0,0
SOLUSDT,1783436400000,2026-07-07T15:00:00.000Z,BULL,SHORT,38.78783425489615,18.24204194757307,IGNORE,0,WATCH,,0,0,0,NA,NA,NA,NA,NA,CLEAR,1,0,0,0,0,TREND_REVERSAL_UNCONFIRMED,2,0.45,SHORT,1,0,0,0
SOLUSDT,1783440000000,2026-07-07T16:00:00.000Z,BULL,SHORT,17.5,12.909375,IGNORE,0,WATCH,,0,0,0,NA,NA,NA,NA,NA,CLEAR,1,0,0,0,0,TREND_REVERSAL_UNCONFIRMED,1,0.45,SHORT,1,0,0,0
SOLUSDT,1783443600000,2026-07-07T17:00:00.000Z,BULL,SHORT,17.5,12.909375,IGNORE,0,WATCH,,0,0,0,NA,NA,NA,NA,NA,CLEAR,1,0,0,0,0,TREND_REVERSAL_UNCONFIRMED,1,0.45,SHORT,1,0,0,0
SOLUSDT,1783447200000,2026-07-07T18:00:00.000Z,NEUTRAL,NONE,0,7.875,IGNORE,0,WATCH,,0,0,0,NA,NA,NA,NA,NA,WARNING_SOFT,1,0,0,0,0,TREND_REVERSAL_UNCONFIRMED,0,0.45,NONE,1,0,0,0
SOLUSDT,1783450800000,2026-07-07T19:00:00.000Z,NEUTRAL,NONE,0,7.875,IGNORE,0,WATCH,,0,0,0,NA,NA,NA,NA,NA,BLOCK,0,0,0,0,0,TREND_REVERSAL_UNCONFIRMED,0,0.45,NONE,1,0,0,0
SOLUSDT,1783454400000,2026-07-07T20:00:00.000Z,NEUTRAL,NONE,0,7.875,IGNORE,0,WATCH,,0,0,0,NA,NA,NA,NA,NA,WARNING_SOFT,1,0,0,0,0,TREND_REVERSAL_UNCONFIRMED,0,0.45,NONE,1,0,0,0
SOLUSDT,1783458000000,2026-07-07T21:00:00.000Z,NEUTRAL,NONE,0,7.875,IGNORE,0,WATCH,,0,0,0,NA,NA,NA,NA,NA,WARNING_SOFT,1,0,0,0,0,TREND_REVERSAL_UNCONFIRMED,0,0.45,NONE,1,0,0,0
SOLUSDT,1783461600000,2026-07-07T22:00:00.000Z,NEUTRAL,NONE,0,7.875,IGNORE,0,WATCH,,0,0,0,NA,NA,NA,NA,NA,WARNING_SOFT,1,0,0,0,0,TREND_REVERSAL_UNCONFIRMED,0,0.45,NONE,1,0,0,0
SOLUSDT,1783465200000,2026-07-07T23:00:00.000Z,NEUTRAL,NONE,0,7.875,IGNORE,0,WATCH,,0,0,0,NA,NA,NA,NA,NA,WARNING_SOFT,1,0,0,0,0,TREND_REVERSAL_UNCONFIRMED,0,0.45,NONE,1,0,0,0
SOLUSDT,1783468800000,2026-07-08T00:00:00.000Z,BEAR,LONG,17.5,12.909375,IGNORE,0,WATCH,,0,0,0,NA,NA,NA,NA,NA,CLEAR,1,0,0,0,0,TREND_REVERSAL_UNCONFIRMED,1,0.45,LONG,1,0,0,0
SOLUSDT,1783472400000,2026-07-08T01:00:00.000Z,BEAR,LONG,42.5,18.534375,IGNORE,0,WATCH,,0,0,0,NA,NA,NA,NA,NA,CLEAR,1,0,0,0,0,TREND_REVERSAL_UNCONFIRMED,2,0.45,LONG,1,0,0,0
SOLUSDT,1783476000000,2026-07-08T02:00:00.000Z,BEAR,LONG,42.5,18.534375,IGNORE,0,WATCH,,0,0,0,NA,NA,NA,NA,NA,CLEAR,1,0,0,0,0,TREND_REVERSAL_UNCONFIRMED,2,0.45,LONG,1,0,0,0
SOLUSDT,1783479600000,2026-07-08T03:00:00.000Z,BEAR,LONG,30.694444444444443,17.6046875,IGNORE,0,WATCH,,0,0,0,NA,NA,NA,NA,NA,CLEAR,1,0,0,0,0,TREND_REVERSAL_UNCONFIRMED,2,0.45,LONG,1,0,0,0
SOLUSDT,1783483200000,2026-07-08T04:00:00.000Z,BEAR,LONG,34.166666666666664,17.878125,IGNORE,0,WATCH,,0,0,0,NA,NA,NA,NA,NA,CLEAR,1,0,0,0,0,TREND_REVERSAL_UNCONFIRMED,2,0.45,LONG,1,0,0,0
SOLUSDT,1783486800000,2026-07-08T05:00:00.000Z,BEAR,LONG,43.05555555555556,18.578125,IGNORE,0,WATCH,,0,0,0,NA,NA,NA,NA,NA,CLEAR,1,0,0,0,0,TREND_REVERSAL_UNCONFIRMED,2,0.45,LONG,1,0,0,0
SOLUSDT,1783490400000,2026-07-08T06:00:00.000Z,BEAR,LONG,14.583333333333332,12.6796875,IGNORE,0,WATCH,,0,0,0,NA,NA,NA,NA,NA,CLEAR,1,0,0,0,0,TREND_REVERSAL_UNCONFIRMED,1,0.45,LONG,1,0,0,0
SOLUSDT,1783494000000,2026-07-08T07:00:00.000Z,BEAR,LONG,0,7.875,IGNORE,0,WATCH,,0,0,0,NA,NA,NA,NA,NA,CLEAR,1,0,0,0,0,TREND_REVERSAL_UNCONFIRMED,0,0.45,LONG,1,0,0,0
SOLUSDT,1783497600000,2026-07-08T08:00:00.000Z,BEAR,LONG,37.84722222222222,18.16796875,IGNORE,0,WATCH,,0,0,0,NA,NA,NA,NA,NA,CLEAR,1,0,0,0,0,TREND_REVERSAL_UNCONFIRMED,2,0.45,LONG,1,0,0,0
SOLUSDT,1783501200000,2026-07-08T09:00:00.000Z,BEAR,LONG,16.319444444444443,12.81640625,IGNORE,0,WATCH,,0,0,0,NA,NA,NA,NA,NA,CLEAR,1,0,0,0,0,TREND_REVERSAL_UNCONFIRMED,1,0.45,LONG,1,0,0,0
SOLUSDT,1783504800000,2026-07-08T10:00:00.000Z,BEAR,LONG,12.847222222222221,12.54296875,IGNORE,0,WATCH,,0,0,0,NA,NA,NA,NA,NA,CLEAR,1,0,0,0,0,TREND_REVERSAL_UNCONFIRMED,1,0.45,LONG,1,0,0,0
SOLUSDT,1783508400000,2026-07-08T11:00:00.000Z,BEAR,LONG,0,7.875,IGNORE,0,WATCH,,0,0,0,NA,NA,NA,NA,NA,CLEAR,1,0,0,0,0,TREND_REVERSAL_UNCONFIRMED,0,0.45,LONG,1,0,0,0
SOLUSDT,1783512000000,2026-07-08T12:00:00.000Z,BEAR,LONG,16.319444444444443,12.81640625,IGNORE,0,WATCH,,0,0,0,NA,NA,NA,NA,NA,CLEAR,1,0,0,0,0,TREND_REVERSAL_UNCONFIRMED,1,0.45,LONG,1,0,0,0
SOLUSDT,1783515600000,2026-07-08T13:00:00.000Z,BEAR,LONG,23.617317884015947,13.391113783366256,IGNORE,0,WATCH,,0,0,0,NA,NA,NA,NA,NA,CLEAR,1,0,0,0,0,TREND_REVERSAL_UNCONFIRMED,1,0.45,LONG,1,0,0,0
SOLUSDT,1783519200000,2026-07-08T14:00:00.000Z,BEAR,LONG,25,13.5,IGNORE,0,WATCH,,0,0,0,NA,NA,NA,NA,NA,CLEAR,1,0,0,0,0,TREND_REVERSAL_UNCONFIRMED,1,0.45,LONG,1,0,0,0
SOLUSDT,1783522800000,2026-07-08T15:00:00.000Z,BEAR,LONG,14.087447243089038,12.640636470393261,IGNORE,0,WATCH,,0,0,0,NA,NA,NA,NA,NA,CLEAR,1,0,0,0,0,TREND_REVERSAL_UNCONFIRMED,1,0.45,LONG,1,0,0,0
SOLUSDT,1783526400000,2026-07-08T16:00:00.000Z,BEAR,LONG,0,7.875,IGNORE,0,WATCH,,0,0,0,NA,NA,NA,NA,NA,CLEAR,1,0,0,0,0,TREND_REVERSAL_UNCONFIRMED,0,0.45,LONG,1,0,0,0
SOLUSDT,1783530000000,2026-07-08T17:00:00.000Z,BEAR,LONG,0,7.875,IGNORE,0,WATCH,,0,0,0,NA,NA,NA,NA,NA,WARNING_SOFT,1,0,0,0,0,TREND_REVERSAL_UNCONFIRMED,0,0.45,LONG,1,0,0,0
SOLUSDT,1783533600000,2026-07-08T18:00:00.000Z,BEAR,LONG,0,7.875,IGNORE,0,WATCH,,0,0,0,NA,NA,NA,NA,NA,CLEAR,1,0,0,0,0,TREND_REVERSAL_UNCONFIRMED,0,0.45,LONG,1,0,0,0
SOLUSDT,1783537200000,2026-07-08T19:00:00.000Z,BEAR,LONG,0,7.875,IGNORE,0,WATCH,,0,0,0,NA,NA,NA,NA,NA,CLEAR,1,0,0,0,0,TREND_REVERSAL_UNCONFIRMED,0,0.45,LONG,1,0,0,0
SOLUSDT,1783540800000,2026-07-08T20:00:00.000Z,BEAR,LONG,0,7.875,IGNORE,0,WATCH,,0,0,0,NA,NA,NA,NA,NA,WARNING_SOFT,1,0,0,0,0,TREND_REVERSAL_UNCONFIRMED,0,0.45,LONG,1,0,0,0
SOLUSDT,1783544400000,2026-07-08T21:00:00.000Z,BEAR,LONG,0,7.875,IGNORE,0,WATCH,,0,0,0,NA,NA,NA,NA,NA,CLEAR,1,0,0,0,0,TREND_REVERSAL_UNCONFIRMED,0,0.45,LONG,1,0,0,0
SOLUSDT,1783548000000,2026-07-08T22:00:00.000Z,BEAR,LONG,0,7.875,IGNORE,0,WATCH,,0,0,0,NA,NA,NA,NA,NA,WARNING_SOFT,1,0,0,0,0,TREND_REVERSAL_UNCONFIRMED,0,0.45,LONG,1,0,0,0
SOLUSDT,1783551600000,2026-07-08T23:00:00.000Z,BEAR,LONG,0,7.875,IGNORE,0,WATCH,,0,0,0,NA,NA,NA,NA,NA,WARNING_SOFT,1,0,0,0,0,TREND_REVERSAL_UNCONFIRMED,0,0.45,LONG,1,0,0,0
SOLUSDT,1783555200000,2026-07-09T00:00:00.000Z,BEAR,LONG,0,7.875,IGNORE,0,WATCH,,0,0,0,NA,NA,NA,NA,NA,WARNING_SOFT,1,0,0,0,0,TREND_REVERSAL_UNCONFIRMED,0,0.45,LONG,1,0,0,0
SOLUSDT,1783558800000,2026-07-09T01:00:00.000Z,BEAR,LONG,19.188316374747036,13.042329914511328,IGNORE,0,WATCH,,0,0,0,NA,NA,NA,NA,NA,BLOCK,0,0,0,0,0,TREND_REVERSAL_UNCONFIRMED,1,0.45,LONG,1,0,0,0
SOLUSDT,1783562400000,2026-07-09T02:00:00.000Z,BEAR,LONG,0,7.875,IGNORE,0,WATCH,,0,0,0,NA,NA,NA,NA,NA,WARNING_SOFT,1,0,0,0,0,TREND_REVERSAL_UNCONFIRMED,0,0.45,LONG,1,0,0,0
SOLUSDT,1783566000000,2026-07-09T03:00:00.000Z,BEAR,LONG,0,7.875,IGNORE,0,WATCH,,0,0,0,NA,NA,NA,NA,NA,CLEAR,1,0,0,0,0,TREND_REVERSAL_UNCONFIRMED,0,0.45,LONG,1,0,0,0
SOLUSDT,1783569600000,2026-07-09T04:00:00.000Z,NEUTRAL,NONE,0,7.875,IGNORE,0,WATCH,,0,0,0,NA,NA,NA,NA,NA,WARNING_SOFT,1,0,0,0,0,TREND_REVERSAL_UNCONFIRMED,0,0.45,NONE,1,0,0,0
SOLUSDT,1783573200000,2026-07-09T05:00:00.000Z,NEUTRAL,NONE,0,7.875,IGNORE,0,WATCH,,0,0,0,NA,NA,NA,NA,NA,CLEAR,1,0,0,0,0,TREND_REVERSAL_UNCONFIRMED,0,0.45,NONE,1,0,0,0
SOLUSDT,1783576800000,2026-07-09T06:00:00.000Z,NEUTRAL,NONE,0,7.875,IGNORE,0,WATCH,,0,0,0,NA,NA,NA,NA,NA,CLEAR,1,0,0,0,0,TREND_REVERSAL_UNCONFIRMED,0,0.45,NONE,1,0,0,0
SOLUSDT,1783580400000,2026-07-09T07:00:00.000Z,NEUTRAL,NONE,0,7.875,IGNORE,0,WATCH,,0,0,0,NA,NA,NA,NA,NA,CLEAR,1,0,0,0,0,TREND_REVERSAL_UNCONFIRMED,0,0.45,NONE,1,0,0,0
SOLUSDT,1783584000000,2026-07-09T08:00:00.000Z,NEUTRAL,NONE,0,7.875,IGNORE,0,WATCH,,0,0,0,NA,NA,NA,NA,NA,CLEAR,1,0,0,0,0,TREND_REVERSAL_UNCONFIRMED,0,0.45,NONE,1,0,0,0
SOLUSDT,1783587600000,2026-07-09T09:00:00.000Z,NEUTRAL,NONE,0,7.875,IGNORE,0,WATCH,,0,0,0,NA,NA,NA,NA,NA,CLEAR,1,0,0,0,0,TREND_REVERSAL_UNCONFIRMED,0,0.45,NONE,1,0,0,0
SOLUSDT,1783591200000,2026-07-09T10:00:00.000Z,BEAR,LONG,17.5,12.909375,IGNORE,0,WATCH,,0,0,0,NA,NA,NA,NA,NA,WARNING_SOFT,1,0,0,0,0,TREND_REVERSAL_UNCONFIRMED,1,0.45,LONG,1,0,0,0
SOLUSDT,1783594800000,2026-07-09T11:00:00.000Z,BEAR,LONG,17.5,12.909375,IGNORE,0,WATCH,,0,0,0,NA,NA,NA,NA,NA,WARNING_SOFT,1,0,0,0,0,TREND_REVERSAL_UNCONFIRMED,1,0.45,LONG,1,0,0,0
SOLUSDT,1783598400000,2026-07-09T12:00:00.000Z,BEAR,LONG,42.5,18.534375,IGNORE,0,WATCH,,0,0,0,NA,NA,NA,NA,NA,WARNING_HARD,1,0,0,0,0,TREND_REVERSAL_UNCONFIRMED,2,0.45,LONG,1,0,0,0
SOLUSDT,1783602000000,2026-07-09T13:00:00.000Z,NEUTRAL,NONE,0,7.875,IGNORE,0,WATCH,,0,0,0,NA,NA,NA,NA,NA,WARNING_SOFT,1,0,0,0,0,TREND_REVERSAL_UNCONFIRMED,0,0.45,NONE,1,0,0,0
SOLUSDT,1783605600000,2026-07-09T14:00:00.000Z,BEAR,LONG,32.16381481868879,17.720400416971742,IGNORE,0,WATCH,,0,0,0,NA,NA,NA,NA,NA,BLOCK,0,0,0,0,0,TREND_REVERSAL_UNCONFIRMED,2,0.45,LONG,1,0,0,0
SOLUSDT,1783609200000,2026-07-09T15:00:00.000Z,BEAR,LONG,17.5,12.909375,IGNORE,0,WATCH,,0,0,0,NA,NA,NA,NA,NA,WARNING_SOFT,1,0,0,0,0,TREND_REVERSAL_UNCONFIRMED,1,0.45,LONG,1,0,0,0
SOLUSDT,1783612800000,2026-07-09T16:00:00.000Z,BEAR,LONG,17.5,12.909375,IGNORE,0,WATCH,,0,0,0,NA,NA,NA,NA,NA,WARNING_HARD,1,0,0,0,0,TREND_REVERSAL_UNCONFIRMED,1,0.45,LONG,1,0,0,0
SOLUSDT,1783616400000,2026-07-09T17:00:00.000Z,NEUTRAL,NONE,0,7.875,IGNORE,0,WATCH,,0,0,0,NA,NA,NA,NA,NA,WARNING_SOFT,1,0,0,0,0,TREND_REVERSAL_UNCONFIRMED,0,0.45,NONE,1,0,0,0
SOLUSDT,1783620000000,2026-07-09T18:00:00.000Z,NEUTRAL,NONE,0,7.875,IGNORE,0,WATCH,,0,0,0,NA,NA,NA,NA,NA,CLEAR,1,0,0,0,0,TREND_REVERSAL_UNCONFIRMED,0,0.45,NONE,1,0,0,0
SOLUSDT,1783623600000,2026-07-09T19:00:00.000Z,NEUTRAL,NONE,0,7.875,IGNORE,0,WATCH,,0,0,0,NA,NA,NA,NA,NA,CLEAR,1,0,0,0,0,TREND_REVERSAL_UNCONFIRMED,0,0.45,NONE,1,0,0,0
SOLUSDT,1783627200000,2026-07-09T20:00:00.000Z,NEUTRAL,NONE,0,7.875,IGNORE,0,WATCH,,0,0,0,NA,NA,NA,NA,NA,CLEAR,1,0,0,0,0,TREND_REVERSAL_UNCONFIRMED,0,0.45,NONE,1,0,0,0
SOLUSDT,1783630800000,2026-07-09T21:00:00.000Z,NEUTRAL,NONE,0,7.875,IGNORE,0,WATCH,,0,0,0,NA,NA,NA,NA,NA,CLEAR,1,0,0,0,0,TREND_REVERSAL_UNCONFIRMED,0,0.45,NONE,1,0,0,0
SOLUSDT,1783634400000,2026-07-09T22:00:00.000Z,NEUTRAL,NONE,0,7.875,IGNORE,0,WATCH,,0,0,0,NA,NA,NA,NA,NA,CLEAR,1,0,0,0,0,TREND_REVERSAL_UNCONFIRMED,0,0.45,NONE,1,0,0,0
SOLUSDT,1783638000000,2026-07-09T23:00:00.000Z,NEUTRAL,NONE,0,7.875,IGNORE,0,WATCH,,0,0,0,NA,NA,NA,NA,NA,CLEAR,1,0,0,0,0,TREND_REVERSAL_UNCONFIRMED,0,0.45,NONE,1,0,0,0
SOLUSDT,1783641600000,2026-07-10T00:00:00.000Z,NEUTRAL,NONE,0,7.875,IGNORE,0,WATCH,,0,0,0,NA,NA,NA,NA,NA,WARNING_SOFT,1,0,0,0,0,TREND_REVERSAL_UNCONFIRMED,0,0.45,NONE,1,0,0,0
SOLUSDT,1783645200000,2026-07-10T01:00:00.000Z,NEUTRAL,NONE,0,7.875,IGNORE,0,WATCH,,0,0,0,NA,NA,NA,NA,NA,CLEAR,1,0,0,0,0,TREND_REVERSAL_UNCONFIRMED,0,0.45,NONE,1,0,0,0
SOLUSDT,1783648800000,2026-07-10T02:00:00.000Z,NEUTRAL,NONE,0,7.875,IGNORE,0,WATCH,,0,0,0,NA,NA,NA,NA,NA,CLEAR,1,0,0,0,0,TREND_REVERSAL_UNCONFIRMED,0,0.45,NONE,1,0,0,0
SOLUSDT,1783652400000,2026-07-10T03:00:00.000Z,NEUTRAL,NONE,0,7.875,IGNORE,0,WATCH,,0,0,0,NA,NA,NA,NA,NA,CLEAR,1,0,0,0,0,TREND_REVERSAL_UNCONFIRMED,0,0.45,NONE,1,0,0,0
SOLUSDT,1783656000000,2026-07-10T04:00:00.000Z,NEUTRAL,NONE,0,7.875,IGNORE,0,WATCH,,0,0,0,NA,NA,NA,NA,NA,CLEAR,1,0,0,0,0,TREND_REVERSAL_UNCONFIRMED,0,0.45,NONE,1,0,0,0
SOLUSDT,1783659600000,2026-07-10T05:00:00.000Z,NEUTRAL,NONE,0,7.875,IGNORE,0,WATCH,,0,0,0,NA,NA,NA,NA,NA,CLEAR,1,0,0,0,0,TREND_REVERSAL_UNCONFIRMED,0,0.45,NONE,1,0,0,0
SOLUSDT,1783663200000,2026-07-10T06:00:00.000Z,NEUTRAL,NONE,0,7.875,IGNORE,0,WATCH,,0,0,0,NA,NA,NA,NA,NA,CLEAR,1,0,0,0,0,TREND_REVERSAL_UNCONFIRMED,0,0.45,NONE,1,0,0,0
SOLUSDT,1783666800000,2026-07-10T07:00:00.000Z,NEUTRAL,NONE,0,7.875,IGNORE,0,WATCH,,0,0,0,NA,NA,NA,NA,NA,CLEAR,1,0,0,0,0,TREND_REVERSAL_UNCONFIRMED,0,0.45,NONE,1,0,0,0
SOLUSDT,1783670400000,2026-07-10T08:00:00.000Z,BULL,SHORT,17.812798660507976,12.934007894515004,IGNORE,0,WATCH,,0,0,0,NA,NA,NA,NA,NA,CLEAR,1,0,0,0,0,TREND_REVERSAL_UNCONFIRMED,1,0.45,SHORT,1,0,0,0
SOLUSDT,1783674000000,2026-07-10T09:00:00.000Z,BULL,SHORT,0,7.875,IGNORE,0,WATCH,,0,0,0,NA,NA,NA,NA,NA,CLEAR,1,0,0,0,0,TREND_REVERSAL_UNCONFIRMED,0,0.45,SHORT,1,0,0,0
SOLUSDT,1783677600000,2026-07-10T10:00:00.000Z,BULL,SHORT,14.546906104738722,12.676818855748174,IGNORE,0,WATCH,,0,0,0,NA,NA,NA,NA,NA,CLEAR,1,0,0,0,0,TREND_REVERSAL_UNCONFIRMED,1,0.45,SHORT,1,0,0,0
SOLUSDT,1783681200000,2026-07-10T11:00:00.000Z,BULL,SHORT,0,7.875,IGNORE,0,WATCH,,0,0,0,NA,NA,NA,NA,NA,CLEAR,1,0,0,0,0,TREND_REVERSAL_UNCONFIRMED,0,0.45,SHORT,1,0,0,0
SOLUSDT,1783684800000,2026-07-10T12:00:00.000Z,BULL,SHORT,39.491943893714506,18.29749058163002,IGNORE,0,WATCH,,0,0,0,NA,NA,NA,NA,NA,CLEAR,1,0,0,0,0,TREND_REVERSAL_UNCONFIRMED,2,0.45,SHORT,1,0,0,0
SOLUSDT,1783688400000,2026-07-10T13:00:00.000Z,BULL,SHORT,18.33072480890892,12.974794578701577,IGNORE,0,WATCH,,0,0,0,NA,NA,NA,NA,NA,WARNING_SOFT,1,0,0,0,0,TREND_REVERSAL_UNCONFIRMED,1,0.45,SHORT,1,0,0,0
SOLUSDT,1783692000000,2026-07-10T14:00:00.000Z,NEUTRAL,NONE,0,7.875,IGNORE,0,WATCH,,0,0,0,NA,NA,NA,NA,NA,BLOCK,0,0,0,0,0,TREND_REVERSAL_UNCONFIRMED,0,0.45,NONE,1,0,0,0
SOLUSDT,1783695600000,2026-07-10T15:00:00.000Z,NEUTRAL,NONE,0,7.875,IGNORE,0,WATCH,,0,0,0,NA,NA,NA,NA,NA,WARNING_SOFT,1,0,0,0,0,TREND_REVERSAL_UNCONFIRMED,0,0.45,NONE,1,0,0,0
SOLUSDT,1783699200000,2026-07-10T16:00:00.000Z,NEUTRAL,NONE,0,7.875,IGNORE,0,WATCH,,0,0,0,NA,NA,NA,NA,NA,WARNING_SOFT,1,0,0,0,0,TREND_REVERSAL_UNCONFIRMED,0,0.45,NONE,1,0,0,0
SOLUSDT,1783702800000,2026-07-10T17:00:00.000Z,BEAR,LONG,0,7.875,IGNORE,0,WATCH,,0,0,0,NA,NA,NA,NA,NA,CLEAR,1,0,0,0,0,TREND_REVERSAL_UNCONFIRMED,0,0.45,LONG,1,0,0,0
SOLUSDT,1783706400000,2026-07-10T18:00:00.000Z,BEAR,LONG,12.847222222222221,12.54296875,IGNORE,0,WATCH,,0,0,0,NA,NA,NA,NA,NA,CLEAR,1,0,0,0,0,TREND_REVERSAL_UNCONFIRMED,1,0.45,LONG,1,0,0,0
SOLUSDT,1783710000000,2026-07-10T19:00:00.000Z,BEAR,LONG,25,13.5,IGNORE,0,WATCH,,0,0,0,NA,NA,NA,NA,NA,CLEAR,1,0,0,0,0,TREND_REVERSAL_UNCONFIRMED,1,0.45,LONG,1,0,0,0
SOLUSDT,1783713600000,2026-07-10T20:00:00.000Z,BEAR,LONG,0,7.875,IGNORE,0,WATCH,,0,0,0,NA,NA,NA,NA,NA,CLEAR,1,0,0,0,0,TREND_REVERSAL_UNCONFIRMED,0,0.45,LONG,1,0,0,0
SOLUSDT,1783717200000,2026-07-10T21:00:00.000Z,BEAR,LONG,17.5,12.909375,IGNORE,0,WATCH,,0,0,0,NA,NA,NA,NA,NA,WARNING_SOFT,1,0,0,0,0,TREND_REVERSAL_UNCONFIRMED,1,0.45,LONG,1,0,0,0
SOLUSDT,1783720800000,2026-07-10T22:00:00.000Z,BEAR,LONG,17.5,12.909375,IGNORE,0,WATCH,,0,0,0,NA,NA,NA,NA,NA,WARNING_SOFT,1,0,0,0,0,TREND_REVERSAL_UNCONFIRMED,1,0.45,LONG,1,0,0,0
SOLUSDT,1783724400000,2026-07-10T23:00:00.000Z,BEAR,LONG,17.5,12.909375,IGNORE,0,WATCH,,0,0,0,NA,NA,NA,NA,NA,WARNING_SOFT,1,0,0,0,0,TREND_REVERSAL_UNCONFIRMED,1,0.45,LONG,1,0,0,0
SOLUSDT,1783728000000,2026-07-11T00:00:00.000Z,BEAR,LONG,17.5,12.909375,IGNORE,0,WATCH,,0,0,0,NA,NA,NA,NA,NA,WARNING_SOFT,1,0,0,0,0,TREND_REVERSAL_UNCONFIRMED,1,0.45,LONG,1,0,0,0
SOLUSDT,1783731600000,2026-07-11T01:00:00.000Z,BEAR,LONG,17.5,12.909375,IGNORE,0,WATCH,,0,0,0,NA,NA,NA,NA,NA,WARNING_SOFT,1,0,0,0,0,TREND_REVERSAL_UNCONFIRMED,1,0.45,LONG,1,0,0,0
SOLUSDT,1783735200000,2026-07-11T02:00:00.000Z,BEAR,LONG,17.5,12.909375,IGNORE,0,WATCH,,0,0,0,NA,NA,NA,NA,NA,WARNING_SOFT,1,0,0,0,0,TREND_REVERSAL_UNCONFIRMED,1,0.45,LONG,1,0,0,0
SOLUSDT,1783738800000,2026-07-11T03:00:00.000Z,BEAR,LONG,17.5,12.909375,IGNORE,0,WATCH,,0,0,0,NA,NA,NA,NA,NA,WARNING_SOFT,1,0,0,0,0,TREND_REVERSAL_UNCONFIRMED,1,0.45,LONG,1,0,0,0
SOLUSDT,1783742400000,2026-07-11T04:00:00.000Z,BEAR,LONG,17.5,12.909375,IGNORE,0,WATCH,,0,0,0,NA,NA,NA,NA,NA,WARNING_SOFT,1,0,0,0,0,TREND_REVERSAL_UNCONFIRMED,1,0.45,LONG,1,0,0,0
SOLUSDT,1783746000000,2026-07-11T05:00:00.000Z,BEAR,LONG,42.5,18.534375,IGNORE,0,WATCH,,0,0,0,NA,NA,NA,NA,NA,WARNING_SOFT,1,0,0,0,0,TREND_REVERSAL_UNCONFIRMED,2,0.45,LONG,1,0,0,0
SOLUSDT,1783749600000,2026-07-11T06:00:00.000Z,NEUTRAL,NONE,0,7.875,IGNORE,0,WATCH,,0,0,0,NA,NA,NA,NA,NA,CLEAR,1,0,0,0,0,TREND_REVERSAL_UNCONFIRMED,0,0.45,NONE,1,0,0,0
SOLUSDT,1783753200000,2026-07-11T07:00:00.000Z,BEAR,LONG,17.5,12.909375,IGNORE,0,WATCH,,0,0,0,NA,NA,NA,NA,NA,WARNING_SOFT,1,0,0,0,0,TREND_REVERSAL_UNCONFIRMED,1,0.45,LONG,1,0,0,0
SOLUSDT,1783756800000,2026-07-11T08:00:00.000Z,NEUTRAL,NONE,0,7.875,IGNORE,0,WATCH,,0,0,0,NA,NA,NA,NA,NA,CLEAR,1,0,0,0,0,TREND_REVERSAL_UNCONFIRMED,0,0.45,NONE,1,0,0,0
SOLUSDT,1783760400000,2026-07-11T09:00:00.000Z,BEAR,LONG,17.5,12.909375,IGNORE,0,WATCH,,0,0,0,NA,NA,NA,NA,NA,BLOCK,0,0,0,0,0,TREND_REVERSAL_UNCONFIRMED,1,0.45,LONG,1,0,0,0
SOLUSDT,1783764000000,2026-07-11T10:00:00.000Z,NEUTRAL,NONE,0,7.875,IGNORE,0,WATCH,,0,0,0,NA,NA,NA,NA,NA,BLOCK,0,0,0,0,0,TREND_REVERSAL_UNCONFIRMED,0,0.45,NONE,1,0,0,0
SOLUSDT,1783767600000,2026-07-11T11:00:00.000Z,NEUTRAL,NONE,0,7.875,IGNORE,0,WATCH,,0,0,0,NA,NA,NA,NA,NA,CLEAR,1,0,0,0,0,TREND_REVERSAL_UNCONFIRMED,0,0.45,NONE,1,0,0,0
SOLUSDT,1783771200000,2026-07-11T12:00:00.000Z,NEUTRAL,NONE,0,7.875,IGNORE,0,WATCH,,0,0,0,NA,NA,NA,NA,NA,CLEAR,1,0,0,0,0,TREND_REVERSAL_UNCONFIRMED,0,0.45,NONE,1,0,0,0
SOLUSDT,1783774800000,2026-07-11T13:00:00.000Z,NEUTRAL,NONE,0,7.875,IGNORE,0,WATCH,,0,0,0,NA,NA,NA,NA,NA,CLEAR,1,0,0,0,0,TREND_REVERSAL_UNCONFIRMED,0,0.45,NONE,1,0,0,0
SOLUSDT,1783778400000,2026-07-11T14:00:00.000Z,NEUTRAL,NONE,0,7.875,IGNORE,0,WATCH,,0,0,0,NA,NA,NA,NA,NA,CLEAR,1,0,0,0,0,TREND_REVERSAL_UNCONFIRMED,0,0.45,NONE,1,0,0,0
SOLUSDT,1783782000000,2026-07-11T15:00:00.000Z,NEUTRAL,NONE,0,7.875,IGNORE,0,WATCH,,0,0,0,NA,NA,NA,NA,NA,CLEAR,1,0,0,0,0,TREND_REVERSAL_UNCONFIRMED,0,0.45,NONE,1,0,0,0
SOLUSDT,1783785600000,2026-07-11T16:00:00.000Z,BEAR,LONG,42.5,18.534375,IGNORE,0,WATCH,,0,0,0,NA,NA,NA,NA,NA,BLOCK,0,0,0,0,0,TREND_REVERSAL_UNCONFIRMED,2,0.45,LONG,1,0,0,0
SOLUSDT,1783789200000,2026-07-11T17:00:00.000Z,BEAR,LONG,42.5,18.534375,IGNORE,0,WATCH,,0,0,0,NA,NA,NA,NA,NA,WARNING_SOFT,1,0,0,0,0,TREND_REVERSAL_UNCONFIRMED,2,0.45,LONG,1,0,0,0
SOLUSDT,1783792800000,2026-07-11T18:00:00.000Z,BEAR,LONG,17.5,12.909375,IGNORE,0,WATCH,,0,0,0,NA,NA,NA,NA,NA,WARNING_SOFT,1,0,0,0,0,TREND_REVERSAL_UNCONFIRMED,1,0.45,LONG,1,0,0,0
SOLUSDT,1783796400000,2026-07-11T19:00:00.000Z,NEUTRAL,NONE,0,7.875,IGNORE,0,WATCH,,0,0,0,NA,NA,NA,NA,NA,WARNING_SOFT,1,0,0,0,0,TREND_REVERSAL_UNCONFIRMED,0,0.45,NONE,1,0,0,0
SOLUSDT,1783800000000,2026-07-11T20:00:00.000Z,NEUTRAL,NONE,0,7.875,IGNORE,0,WATCH,,0,0,0,NA,NA,NA,NA,NA,WARNING_SOFT,1,0,0,0,0,TREND_REVERSAL_UNCONFIRMED,0,0.45,NONE,1,0,0,0
SOLUSDT,1783803600000,2026-07-11T21:00:00.000Z,NEUTRAL,NONE,0,7.875,IGNORE,0,WATCH,,0,0,0,NA,NA,NA,NA,NA,CLEAR,1,0,0,0,0,TREND_REVERSAL_UNCONFIRMED,0,0.45,NONE,1,0,0,0
SOLUSDT,1783807200000,2026-07-11T22:00:00.000Z,BEAR,LONG,0,7.875,IGNORE,0,WATCH,,0,0,0,NA,NA,NA,NA,NA,CLEAR,1,0,0,0,0,TREND_REVERSAL_UNCONFIRMED,0,0.45,LONG,1,0,0,0
SOLUSDT,1783810800000,2026-07-11T23:00:00.000Z,BEAR,LONG,25,13.5,IGNORE,0,WATCH,,0,0,0,NA,NA,NA,NA,NA,CLEAR,1,0,1,0,0,TREND_REVERSAL_UNCONFIRMED,1,0.45,LONG,1,0,0,0
SOLUSDT,1783814400000,2026-07-12T00:00:00.000Z,BEAR,LONG,37.84722222222222,18.16796875,IGNORE,0,WATCH,,0,0,0,NA,NA,NA,NA,NA,CLEAR,1,0,1,0,0,TREND_REVERSAL_UNCONFIRMED,2,0.45,LONG,1,0,0,0
SOLUSDT,1783818000000,2026-07-12T01:00:00.000Z,BEAR,LONG,41.59123095823171,18.462809437960747,IGNORE,0,WATCH,,0,0,0,NA,NA,NA,NA,NA,CLEAR,1,0,0,0,0,TREND_REVERSAL_UNCONFIRMED,2,0.45,LONG,1,0,0,0
SOLUSDT,1783821600000,2026-07-12T02:00:00.000Z,BEAR,LONG,0,7.875,IGNORE,0,WATCH,,0,0,0,NA,NA,NA,NA,NA,CLEAR,1,0,0,0,0,TREND_REVERSAL_UNCONFIRMED,0,0.45,LONG,1,0,0,0
SOLUSDT,1783825200000,2026-07-12T03:00:00.000Z,BEAR,LONG,0,7.875,IGNORE,0,WATCH,,0,0,0,NA,NA,NA,NA,NA,CLEAR,1,0,0,0,0,TREND_REVERSAL_UNCONFIRMED,0,0.45,LONG,1,0,0,0
SOLUSDT,1783828800000,2026-07-12T04:00:00.000Z,BEAR,LONG,0,7.875,IGNORE,0,WATCH,,0,0,0,NA,NA,NA,NA,NA,CLEAR,1,0,0,0,0,TREND_REVERSAL_UNCONFIRMED,0,0.45,LONG,1,0,0,0
SOLUSDT,1783832400000,2026-07-12T05:00:00.000Z,BEAR,LONG,0,7.875,IGNORE,0,WATCH,,0,0,0,NA,NA,NA,NA,NA,CLEAR,1,0,0,0,0,TREND_REVERSAL_UNCONFIRMED,0,0.45,LONG,1,0,0,0
SOLUSDT,1783836000000,2026-07-12T06:00:00.000Z,BEAR,LONG,16.33241090349076,12.817427358649898,IGNORE,0,WATCH,,0,0,0,NA,NA,NA,NA,NA,CLEAR,1,0,0,0,0,TREND_REVERSAL_UNCONFIRMED,1,0.45,LONG,1,0,0,0
SOLUSDT,1783839600000,2026-07-12T07:00:00.000Z,BEAR,LONG,25,13.5,IGNORE,0,WATCH,,0,0,0,NA,NA,NA,NA,NA,CLEAR,1,0,0,0,0,TREND_REVERSAL_UNCONFIRMED,1,0.45,LONG,1,0,0,0
SOLUSDT,1783843200000,2026-07-12T08:00:00.000Z,BEAR,LONG,0,7.875,IGNORE,0,WATCH,,0,0,0,NA,NA,NA,NA,NA,CLEAR,1,0,0,0,0,TREND_REVERSAL_UNCONFIRMED,0,0.45,LONG,1,0,0,0
SOLUSDT,1783846800000,2026-07-12T09:00:00.000Z,BEAR,LONG,17.5,12.909375,IGNORE,0,WATCH,,0,0,0,NA,NA,NA,NA,NA,CLEAR,1,0,0,0,0,TREND_REVERSAL_UNCONFIRMED,1,0.45,LONG,1,0,0,0
SOLUSDT,1783850400000,2026-07-12T10:00:00.000Z,BEAR,LONG,17.5,12.909375,IGNORE,0,WATCH,,0,0,0,NA,NA,NA,NA,NA,WARNING_SOFT,1,0,0,0,0,TREND_REVERSAL_UNCONFIRMED,1,0.45,LONG,1,0,0,0
SOLUSDT,1783854000000,2026-07-12T11:00:00.000Z,BEAR,LONG,42.5,18.534375,IGNORE,0,WATCH,,0,0,0,NA,NA,NA,NA,NA,WARNING_SOFT,1,0,0,0,0,TREND_REVERSAL_UNCONFIRMED,2,0.45,LONG,1,0,0,0
SOLUSDT,1783857600000,2026-07-12T12:00:00.000Z,NEUTRAL,NONE,0,7.875,IGNORE,0,WATCH,,0,0,0,NA,NA,NA,NA,NA,WARNING_HARD,1,0,0,0,0,TREND_REVERSAL_UNCONFIRMED,0,0.45,NONE,1,0,0,0
SOLUSDT,1783861200000,2026-07-12T13:00:00.000Z,NEUTRAL,NONE,0,7.875,IGNORE,0,WATCH,,0,0,0,NA,NA,NA,NA,NA,WARNING_HARD,1,0,0,0,0,TREND_REVERSAL_UNCONFIRMED,0,0.45,NONE,1,0,0,0
SOLUSDT,1783864800000,2026-07-12T14:00:00.000Z,NEUTRAL,NONE,0,7.875,IGNORE,0,WATCH,,0,0,0,NA,NA,NA,NA,NA,CLEAR,1,0,0,0,0,TREND_REVERSAL_UNCONFIRMED,0,0.45,NONE,1,0,0,0
SOLUSDT,1783868400000,2026-07-12T15:00:00.000Z,NEUTRAL,NONE,0,7.875,IGNORE,0,WATCH,,0,0,0,NA,NA,NA,NA,NA,CLEAR,1,0,0,0,0,TREND_REVERSAL_UNCONFIRMED,0,0.45,NONE,1,0,0,0
SOLUSDT,1783872000000,2026-07-12T16:00:00.000Z,NEUTRAL,NONE,0,7.875,IGNORE,0,WATCH,,0,0,0,NA,NA,NA,NA,NA,CLEAR,1,0,0,0,0,TREND_REVERSAL_UNCONFIRMED,0,0.45,NONE,1,0,0,0
SOLUSDT,1783875600000,2026-07-12T17:00:00.000Z,NEUTRAL,NONE,0,7.875,IGNORE,0,WATCH,,0,0,0,NA,NA,NA,NA,NA,CLEAR,1,0,0,0,0,TREND_REVERSAL_UNCONFIRMED,0,0.45,NONE,1,0,0,0
SOLUSDT,1783879200000,2026-07-12T18:00:00.000Z,NEUTRAL,NONE,0,7.875,IGNORE,0,WATCH,,0,0,0,NA,NA,NA,NA,NA,CLEAR,1,0,0,0,0,TREND_REVERSAL_UNCONFIRMED,0,0.45,NONE,1,0,0,0
SOLUSDT,1783882800000,2026-07-12T19:00:00.000Z,NEUTRAL,NONE,0,7.875,IGNORE,0,WATCH,,0,0,0,NA,NA,NA,NA,NA,CLEAR,1,0,0,0,0,TREND_REVERSAL_UNCONFIRMED,0,0.45,NONE,1,0,0,0
SOLUSDT,1783886400000,2026-07-12T20:00:00.000Z,NEUTRAL,NONE,0,7.875,IGNORE,0,WATCH,,0,0,0,NA,NA,NA,NA,NA,CLEAR,1,0,0,0,0,TREND_REVERSAL_UNCONFIRMED,0,0.45,NONE,1,0,0,0
SOLUSDT,1783890000000,2026-07-12T21:00:00.000Z,BEAR,LONG,17.5,12.909375,IGNORE,0,WATCH,,0,0,0,NA,NA,NA,NA,NA,WARNING_SOFT,1,0,0,0,0,TREND_REVERSAL_UNCONFIRMED,1,0.45,LONG,1,0,0,0
SOLUSDT,1783893600000,2026-07-12T22:00:00.000Z,BEAR,LONG,42.5,18.534375,IGNORE,0,WATCH,,0,0,0,NA,NA,NA,NA,NA,CLEAR,1,0,1,0,0,TREND_REVERSAL_UNCONFIRMED,2,0.45,LONG,1,0,0,0
SOLUSDT,1783897200000,2026-07-12T23:00:00.000Z,BEAR,LONG,42.5,18.534375,IGNORE,0,WATCH,,0,0,0,NA,NA,NA,NA,NA,CLEAR,1,0,0,0,0,TREND_REVERSAL_UNCONFIRMED,2,0.45,LONG,1,0,0,0
SOLUSDT,1783900800000,2026-07-13T00:00:00.000Z,NEUTRAL,NONE,0,7.875,IGNORE,0,WATCH,,0,0,0,NA,NA,NA,NA,NA,WARNING_SOFT,1,0,0,0,0,TREND_REVERSAL_UNCONFIRMED,0,0.45,NONE,1,0,0,0
SOLUSDT,1783904400000,2026-07-13T01:00:00.000Z,BEAR,LONG,42.5,18.534375,IGNORE,0,WATCH,,0,0,0,NA,NA,NA,NA,NA,WARNING_SOFT,1,0,0,0,0,TREND_REVERSAL_UNCONFIRMED,2,0.45,LONG,1,0,0,0
SOLUSDT,1783908000000,2026-07-13T02:00:00.000Z,BEAR,LONG,33.123284930590984,17.79595868828404,IGNORE,0,WATCH,,0,0,0,NA,NA,NA,NA,NA,CLEAR,1,0,0,0,0,TREND_REVERSAL_UNCONFIRMED,2,0.45,LONG,1,0,0,0
SOLUSDT,1783911600000,2026-07-13T03:00:00.000Z,BEAR,LONG,42.5,18.534375,IGNORE,0,WATCH,,0,0,0,NA,NA,NA,NA,NA,CLEAR,1,0,0,0,0,TREND_REVERSAL_UNCONFIRMED,2,0.45,LONG,1,0,0,0
SOLUSDT,1783915200000,2026-07-13T04:00:00.000Z,BEAR,LONG,17.5,12.909375,IGNORE,0,WATCH,,0,0,0,NA,NA,NA,NA,NA,CLEAR,1,0,0,0,0,TREND_REVERSAL_UNCONFIRMED,1,0.45,LONG,1,0,0,0
SOLUSDT,1783918800000,2026-07-13T05:00:00.000Z,BEAR,LONG,31.918877734424314,17.701111621585916,IGNORE,0,WATCH,,0,0,0,NA,NA,NA,NA,NA,CLEAR,1,0,0,0,0,TREND_REVERSAL_UNCONFIRMED,2,0.45,LONG,1,0,0,0
SOLUSDT,1783922400000,2026-07-13T06:00:00.000Z,BEAR,LONG,0,7.875,IGNORE,0,WATCH,,0,0,0,NA,NA,NA,NA,NA,CLEAR,1,0,0,0,0,TREND_REVERSAL_UNCONFIRMED,0,0.45,LONG,1,0,0,0
SOLUSDT,1783926000000,2026-07-13T07:00:00.000Z,BEAR,LONG,25,13.5,IGNORE,0,WATCH,,0,0,0,NA,NA,NA,NA,NA,WARNING_SOFT,1,0,0,0,0,TREND_REVERSAL_UNCONFIRMED,1,0.45,LONG,1,0,0,0
SOLUSDT,1783929600000,2026-07-13T08:00:00.000Z,BEAR,LONG,0,7.875,IGNORE,0,WATCH,,0,0,0,NA,NA,NA,NA,NA,CLEAR,1,0,0,0,0,TREND_REVERSAL_UNCONFIRMED,0,0.45,LONG,1,0,0,0
SOLUSDT,1783933200000,2026-07-13T09:00:00.000Z,BEAR,LONG,0,7.875,IGNORE,0,WATCH,,0,0,0,NA,NA,NA,NA,NA,WARNING_SOFT,1,0,0,0,0,TREND_REVERSAL_UNCONFIRMED,0,0.45,LONG,1,0,0,0
SOLUSDT,1783936800000,2026-07-13T10:00:00.000Z,BEAR,LONG,0,7.875,IGNORE,0,WATCH,,0,0,0,NA,NA,NA,NA,NA,CLEAR,1,0,0,0,0,TREND_REVERSAL_UNCONFIRMED,0,0.45,LONG,1,0,0,0
SOLUSDT,1783940400000,2026-07-13T11:00:00.000Z,BEAR,LONG,25,13.5,IGNORE,0,WATCH,,0,0,0,NA,NA,NA,NA,NA,CLEAR,1,0,0,0,0,TREND_REVERSAL_UNCONFIRMED,1,0.45,LONG,1,0,0,0
SOLUSDT,1783944000000,2026-07-13T12:00:00.000Z,BEAR,LONG,12.829689845307405,12.541588075317957,IGNORE,0,WATCH,,0,0,0,NA,NA,NA,NA,NA,CLEAR,1,0,0,0,0,TREND_REVERSAL_UNCONFIRMED,1,0.45,LONG,1,0,0,0
SOLUSDT,1783947600000,2026-07-13T13:00:00.000Z,BEAR,LONG,25,13.5,IGNORE,0,WATCH,,0,0,0,NA,NA,NA,NA,NA,CLEAR,1,0,0,0,0,TREND_REVERSAL_UNCONFIRMED,1,0.45,LONG,1,0,0,0
SOLUSDT,1783951200000,2026-07-13T14:00:00.000Z,BEAR,LONG,25,13.5,IGNORE,0,WATCH,,0,0,0,NA,NA,NA,NA,NA,CLEAR,1,0,0,0,0,TREND_REVERSAL_UNCONFIRMED,1,0.45,LONG,1,0,0,0
SOLUSDT,1783954800000,2026-07-13T15:00:00.000Z,BEAR,LONG,0,7.875,IGNORE,0,WATCH,,0,0,0,NA,NA,NA,NA,NA,CLEAR,1,0,0,0,0,TREND_REVERSAL_UNCONFIRMED,0,0.45,LONG,1,0,0,0
SOLUSDT,1783958400000,2026-07-13T16:00:00.000Z,BEAR,LONG,25,13.5,IGNORE,0,WATCH,,0,0,0,NA,NA,NA,NA,NA,CLEAR,1,0,0,0,0,TREND_REVERSAL_UNCONFIRMED,1,0.45,LONG,1,0,0,0
SOLUSDT,1783962000000,2026-07-13T17:00:00.000Z,BEAR,LONG,22.010383326479293,13.264567686960245,IGNORE,0,WATCH,,0,0,0,NA,NA,NA,NA,NA,CLEAR,1,0,0,0,0,TREND_REVERSAL_UNCONFIRMED,1,0.45,LONG,1,0,0,0
SOLUSDT,1783965600000,2026-07-13T18:00:00.000Z,BEAR,LONG,0,7.875,IGNORE,0,WATCH,,0,0,0,NA,NA,NA,NA,NA,CLEAR,1,0,0,0,0,TREND_REVERSAL_UNCONFIRMED,0,0.45,LONG,1,0,0,0
SOLUSDT,1783969200000,2026-07-13T19:00:00.000Z,BEAR,LONG,0,7.875,IGNORE,0,WATCH,,0,0,0,NA,NA,NA,NA,NA,CLEAR,1,0,0,0,0,TREND_REVERSAL_UNCONFIRMED,0,0.45,LONG,1,0,0,0
SOLUSDT,1783972800000,2026-07-13T20:00:00.000Z,BEAR,LONG,0,7.875,IGNORE,0,WATCH,,0,0,0,NA,NA,NA,NA,NA,CLEAR,1,0,0,0,0,TREND_REVERSAL_UNCONFIRMED,0,0.45,LONG,1,0,0,0
SOLUSDT,1783976400000,2026-07-13T21:00:00.000Z,BEAR,LONG,0,7.875,IGNORE,0,WATCH,,0,0,0,NA,NA,NA,NA,NA,CLEAR,1,0,0,0,0,TREND_REVERSAL_UNCONFIRMED,0,0.45,LONG,1,0,0,0
SOLUSDT,1783980000000,2026-07-13T22:00:00.000Z,BEAR,LONG,0,7.875,IGNORE,0,WATCH,,0,0,0,NA,NA,NA,NA,NA,CLEAR,1,0,0,0,0,TREND_REVERSAL_UNCONFIRMED,0,0.45,LONG,1,0,0,0
SOLUSDT,1783983600000,2026-07-13T23:00:00.000Z,BEAR,LONG,25,13.5,IGNORE,0,WATCH,,0,0,0,NA,NA,NA,NA,NA,CLEAR,1,0,0,0,0,TREND_REVERSAL_UNCONFIRMED,1,0.45,LONG,1,0,0,0
SOLUSDT,1783987200000,2026-07-14T00:00:00.000Z,BEAR,LONG,0,7.875,IGNORE,0,WATCH,,0,0,0,NA,NA,NA,NA,NA,WARNING_SOFT,1,0,0,0,0,TREND_REVERSAL_UNCONFIRMED,0,0.45,LONG,1,0,0,0
SOLUSDT,1783990800000,2026-07-14T01:00:00.000Z,BEAR,LONG,0,7.875,IGNORE,0,WATCH,,0,0,0,NA,NA,NA,NA,NA,WARNING_SOFT,1,0,0,0,0,TREND_REVERSAL_UNCONFIRMED,0,0.45,LONG,1,0,0,0
SOLUSDT,1783994400000,2026-07-14T02:00:00.000Z,BEAR,LONG,0,7.875,IGNORE,0,WATCH,,0,0,0,NA,NA,NA,NA,NA,WARNING_SOFT,1,0,0,0,0,TREND_REVERSAL_UNCONFIRMED,0,0.45,LONG,1,0,0,0
SOLUSDT,1783998000000,2026-07-14T03:00:00.000Z,BEAR,LONG,25,13.5,IGNORE,0,WATCH,,0,0,0,NA,NA,NA,NA,NA,CLEAR,1,0,0,0,0,TREND_REVERSAL_UNCONFIRMED,1,0.45,LONG,1,0,0,0
SOLUSDT,1784001600000,2026-07-14T04:00:00.000Z,BEAR,LONG,0,7.875,IGNORE,0,WATCH,,0,0,0,NA,NA,NA,NA,NA,WARNING_SOFT,1,0,0,0,0,TREND_REVERSAL_UNCONFIRMED,0,0.45,LONG,1,0,0,0
SOLUSDT,1784005200000,2026-07-14T05:00:00.000Z,NEUTRAL,NONE,0,7.875,IGNORE,0,WATCH,,0,0,0,NA,NA,NA,NA,NA,CLEAR,1,0,0,0,0,TREND_REVERSAL_UNCONFIRMED,0,0.45,NONE,1,0,0,0
SOLUSDT,1784008800000,2026-07-14T06:00:00.000Z,BEAR,LONG,17.5,12.909375,IGNORE,0,WATCH,,0,0,0,NA,NA,NA,NA,NA,WARNING_SOFT,1,0,0,0,0,TREND_REVERSAL_UNCONFIRMED,1,0.45,LONG,1,0,0,0
SOLUSDT,1784012400000,2026-07-14T07:00:00.000Z,BEAR,LONG,17.5,12.909375,IGNORE,0,WATCH,,0,0,0,NA,NA,NA,NA,NA,WARNING_SOFT,1,0,0,0,0,TREND_REVERSAL_UNCONFIRMED,1,0.45,LONG,1,0,0,0
SOLUSDT,1784016000000,2026-07-14T08:00:00.000Z,BEAR,LONG,17.5,12.909375,IGNORE,0,WATCH,,0,0,0,NA,NA,NA,NA,NA,WARNING_SOFT,1,0,0,0,0,TREND_REVERSAL_UNCONFIRMED,1,0.45,LONG,1,0,0,0
SOLUSDT,1784019600000,2026-07-14T09:00:00.000Z,BEAR,LONG,17.5,12.909375,IGNORE,0,WATCH,,0,0,0,NA,NA,NA,NA,NA,WARNING_SOFT,1,0,0,0,0,TREND_REVERSAL_UNCONFIRMED,1,0.45,LONG,1,0,0,0
SOLUSDT,1784023200000,2026-07-14T10:00:00.000Z,NEUTRAL,NONE,0,7.875,IGNORE,0,WATCH,,0,0,0,NA,NA,NA,NA,NA,WARNING_SOFT,1,0,0,0,0,TREND_REVERSAL_UNCONFIRMED,0,0.45,NONE,1,0,0,0
SOLUSDT,1784026800000,2026-07-14T11:00:00.000Z,NEUTRAL,NONE,0,7.875,IGNORE,0,WATCH,,0,0,0,NA,NA,NA,NA,NA,CLEAR,1,0,0,0,0,TREND_REVERSAL_UNCONFIRMED,0,0.45,NONE,1,0,0,0
SOLUSDT,1784030400000,2026-07-14T12:00:00.000Z,NEUTRAL,NONE,0,7.875,IGNORE,0,WATCH,,0,0,0,NA,NA,NA,NA,NA,CLEAR,1,0,0,0,0,TREND_REVERSAL_UNCONFIRMED,0,0.45,NONE,1,0,0,0
SOLUSDT,1784034000000,2026-07-14T13:00:00.000Z,NEUTRAL,NONE,0,7.875,IGNORE,0,WATCH,,0,0,0,NA,NA,NA,NA,NA,CLEAR,1,0,0,0,0,TREND_REVERSAL_UNCONFIRMED,0,0.45,NONE,1,0,0,0
SOLUSDT,1784037600000,2026-07-14T14:00:00.000Z,NEUTRAL,NONE,0,7.875,IGNORE,0,WATCH,,0,0,0,NA,NA,NA,NA,NA,CLEAR,1,0,0,0,0,TREND_REVERSAL_UNCONFIRMED,0,0.45,NONE,1,0,0,0
SOLUSDT,1784041200000,2026-07-14T15:00:00.000Z,NEUTRAL,NONE,0,7.875,IGNORE,0,WATCH,,0,0,0,NA,NA,NA,NA,NA,CLEAR,1,0,0,0,0,TREND_REVERSAL_UNCONFIRMED,0,0.45,NONE,1,0,0,0
SOLUSDT,1784044800000,2026-07-14T16:00:00.000Z,NEUTRAL,NONE,0,7.875,IGNORE,0,WATCH,,0,0,0,NA,NA,NA,NA,NA,CLEAR,1,0,0,0,0,TREND_REVERSAL_UNCONFIRMED,0,0.45,NONE,1,0,0,0
SOLUSDT,1784048400000,2026-07-14T17:00:00.000Z,NEUTRAL,NONE,0,7.875,IGNORE,0,WATCH,,0,0,0,NA,NA,NA,NA,NA,CLEAR,1,0,0,0,0,TREND_REVERSAL_UNCONFIRMED,0,0.45,NONE,1,0,0,0
SOLUSDT,1784052000000,2026-07-14T18:00:00.000Z,BULL,SHORT,0,7.875,IGNORE,0,WATCH,,0,0,0,NA,NA,NA,NA,NA,CLEAR,1,0,0,0,0,TREND_REVERSAL_UNCONFIRMED,0,0.45,SHORT,1,0,0,0
SOLUSDT,1784055600000,2026-07-14T19:00:00.000Z,BULL,SHORT,0,7.875,IGNORE,0,WATCH,,0,0,0,NA,NA,NA,NA,NA,CLEAR,1,0,0,0,0,TREND_REVERSAL_UNCONFIRMED,0,0.45,SHORT,1,0,0,0
SOLUSDT,1784059200000,2026-07-14T20:00:00.000Z,BULL,SHORT,0,7.875,IGNORE,0,WATCH,,0,0,0,NA,NA,NA,NA,NA,CLEAR,1,0,0,0,0,TREND_REVERSAL_UNCONFIRMED,0,0.45,SHORT,1,0,0,0
SOLUSDT,1784062800000,2026-07-14T21:00:00.000Z,BULL,SHORT,0,7.875,IGNORE,0,WATCH,,0,0,0,NA,NA,NA,NA,NA,CLEAR,1,0,0,0,0,TREND_REVERSAL_UNCONFIRMED,0,0.45,SHORT,1,0,0,0
SOLUSDT,1784066400000,2026-07-14T22:00:00.000Z,BULL,SHORT,0,7.875,IGNORE,0,WATCH,,0,0,0,NA,NA,NA,NA,NA,CLEAR,1,0,0,0,0,TREND_REVERSAL_UNCONFIRMED,0,0.45,SHORT,1,0,0,0
SOLUSDT,1784070000000,2026-07-14T23:00:00.000Z,BULL,SHORT,14.583333333333332,12.6796875,IGNORE,0,WATCH,,0,0,0,NA,NA,NA,NA,NA,CLEAR,1,0,0,0,0,TREND_REVERSAL_UNCONFIRMED,1,0.45,SHORT,1,0,0,0
SOLUSDT,1784073600000,2026-07-15T00:00:00.000Z,BULL,SHORT,25,13.5,IGNORE,0,WATCH,,0,0,0,NA,NA,NA,NA,NA,CLEAR,1,0,0,0,0,TREND_REVERSAL_UNCONFIRMED,1,0.45,SHORT,1,0,0,0
SOLUSDT,1784077200000,2026-07-15T01:00:00.000Z,BULL,SHORT,17.5,12.909375,IGNORE,0,WATCH,,0,0,0,NA,NA,NA,NA,NA,CLEAR,1,0,0,0,0,TREND_REVERSAL_UNCONFIRMED,1,0.45,SHORT,1,0,0,0
SOLUSDT,1784080800000,2026-07-15T02:00:00.000Z,BULL,SHORT,30.419451983632207,17.583031843711037,IGNORE,0,WATCH,,0,0,0,NA,NA,NA,NA,NA,WARNING_SOFT,1,0,0,0,0,TREND_REVERSAL_UNCONFIRMED,2,0.45,SHORT,1,0,0,0
SOLUSDT,1784084400000,2026-07-15T03:00:00.000Z,BULL,SHORT,17.5,12.909375,IGNORE,0,WATCH,,0,0,0,NA,NA,NA,NA,NA,CLEAR,1,0,0,0,0,TREND_REVERSAL_UNCONFIRMED,1,0.45,SHORT,1,0,0,0
SOLUSDT,1784088000000,2026-07-15T04:00:00.000Z,BULL,SHORT,30.34722222222222,17.57734375,IGNORE,0,WATCH,,0,0,0,NA,NA,NA,NA,NA,CLEAR,1,0,0,0,0,TREND_REVERSAL_UNCONFIRMED,2,0.45,SHORT,1,0,0,0
SOLUSDT,1784091600000,2026-07-15T05:00:00.000Z,BULL,SHORT,17.5,12.909375,IGNORE,0,WATCH,,0,0,0,NA,NA,NA,NA,NA,CLEAR,1,0,0,0,0,TREND_REVERSAL_UNCONFIRMED,1,0.45,SHORT,1,0,0,0
SOLUSDT,1784095200000,2026-07-15T06:00:00.000Z,BULL,SHORT,39.04106234218277,18.261983659446894,IGNORE,0,WATCH,,0,0,0,NA,NA,NA,NA,NA,CLEAR,1,0,0,0,0,TREND_REVERSAL_UNCONFIRMED,2,0.45,SHORT,1,0,0,0
SOLUSDT,1784098800000,2026-07-15T07:00:00.000Z,BULL,SHORT,42.5,18.534375,IGNORE,0,WATCH,,0,0,0,NA,NA,NA,NA,NA,WARNING_SOFT,1,0,0,0,0,TREND_REVERSAL_UNCONFIRMED,2,0.45,SHORT,1,0,0,0
SOLUSDT,1784102400000,2026-07-15T08:00:00.000Z,BULL,SHORT,17.5,12.909375,IGNORE,0,WATCH,,0,0,0,NA,NA,NA,NA,NA,WARNING_SOFT,1,0,0,0,0,TREND_REVERSAL_UNCONFIRMED,1,0.45,SHORT,1,0,0,0
SOLUSDT,1784106000000,2026-07-15T09:00:00.000Z,BULL,SHORT,0,7.875,IGNORE,0,WATCH,,0,0,0,NA,NA,NA,NA,NA,WARNING_SOFT,1,0,0,0,0,TREND_REVERSAL_UNCONFIRMED,0,0.45,SHORT,1,0,0,0
SOLUSDT,1784109600000,2026-07-15T10:00:00.000Z,BULL,SHORT,25,13.5,IGNORE,0,WATCH,,0,0,0,NA,NA,NA,NA,NA,WARNING_SOFT,1,0,0,0,0,TREND_REVERSAL_UNCONFIRMED,1,0.45,SHORT,1,0,0,0
SOLUSDT,1784113200000,2026-07-15T11:00:00.000Z,BULL,SHORT,0,7.875,IGNORE,0,WATCH,,0,0,0,NA,NA,NA,NA,NA,WARNING_SOFT,1,0,0,0,0,TREND_REVERSAL_UNCONFIRMED,0,0.45,SHORT,1,0,0,0
SOLUSDT,1784116800000,2026-07-15T12:00:00.000Z,BULL,SHORT,25,13.5,IGNORE,0,WATCH,,0,0,0,NA,NA,NA,NA,NA,WARNING_SOFT,1,0,0,0,0,TREND_REVERSAL_UNCONFIRMED,1,0.45,SHORT,1,0,0,0
SOLUSDT,1784120400000,2026-07-15T13:00:00.000Z,BULL,SHORT,50,19.125,IGNORE,0,WATCH,,0,0,0,NA,NA,NA,NA,NA,CLEAR,1,0,0,0,0,TREND_REVERSAL_UNCONFIRMED,2,0.45,SHORT,1,0,0,0
SOLUSDT,1784124000000,2026-07-15T14:00:00.000Z,BULL,SHORT,18.44644399653479,12.983907464727116,IGNORE,0,WATCH,,0,0,0,NA,NA,NA,NA,NA,CLEAR,1,0,0,0,0,TREND_REVERSAL_UNCONFIRMED,1,0.45,SHORT,1,0,0,0
SOLUSDT,1784127600000,2026-07-15T15:00:00.000Z,BULL,SHORT,0,7.875,IGNORE,0,WATCH,,0,0,0,NA,NA,NA,NA,NA,CLEAR,1,0,0,0,0,TREND_REVERSAL_UNCONFIRMED,0,0.45,SHORT,1,0,0,0
SOLUSDT,1784131200000,2026-07-15T16:00:00.000Z,BULL,SHORT,18.323752615906496,12.974245518502636,IGNORE,0,WATCH,,0,0,0,NA,NA,NA,NA,NA,WARNING_SOFT,1,0,0,0,0,TREND_REVERSAL_UNCONFIRMED,1,0.45,SHORT,1,0,0,0
SOLUSDT,1784134800000,2026-07-15T17:00:00.000Z,BULL,SHORT,0,7.875,IGNORE,0,WATCH,,0,0,0,NA,NA,NA,NA,NA,WARNING_SOFT,1,0,0,0,0,TREND_REVERSAL_UNCONFIRMED,0,0.45,SHORT,1,0,0,0
SOLUSDT,1784138400000,2026-07-15T18:00:00.000Z,NEUTRAL,NONE,0,7.875,IGNORE,0,WATCH,,0,0,0,NA,NA,NA,NA,NA,WARNING_SOFT,1,0,0,0,0,TREND_REVERSAL_UNCONFIRMED,0,0.45,NONE,1,0,0,0
SOLUSDT,1784142000000,2026-07-15T19:00:00.000Z,NEUTRAL,NONE,0,7.875,IGNORE,0,WATCH,,0,0,0,NA,NA,NA,NA,NA,WARNING_SOFT,1,0,0,0,0,TREND_REVERSAL_UNCONFIRMED,0,0.45,NONE,1,0,0,0
SOLUSDT,1784145600000,2026-07-15T20:00:00.000Z,NEUTRAL,NONE,0,7.875,IGNORE,0,WATCH,,0,0,0,NA,NA,NA,NA,NA,WARNING_SOFT,1,0,0,0,0,TREND_REVERSAL_UNCONFIRMED,0,0.45,NONE,1,0,0,0
SOLUSDT,1784149200000,2026-07-15T21:00:00.000Z,NEUTRAL,NONE,0,7.875,IGNORE,0,WATCH,,0,0,0,NA,NA,NA,NA,NA,WARNING_SOFT,1,0,0,0,0,TREND_REVERSAL_UNCONFIRMED,0,0.45,NONE,1,0,0,0
SOLUSDT,1784152800000,2026-07-15T22:00:00.000Z,NEUTRAL,NONE,0,7.875,IGNORE,0,WATCH,,0,0,0,NA,NA,NA,NA,NA,WARNING_SOFT,1,0,0,0,0,TREND_REVERSAL_UNCONFIRMED,0,0.45,NONE,1,0,0,0
SOLUSDT,1784156400000,2026-07-15T23:00:00.000Z,NEUTRAL,NONE,0,7.875,IGNORE,0,WATCH,,0,0,0,NA,NA,NA,NA,NA,WARNING_SOFT,1,0,0,0,0,TREND_REVERSAL_UNCONFIRMED,0,0.45,NONE,1,0,0,0
SOLUSDT,1784160000000,2026-07-16T00:00:00.000Z,NEUTRAL,NONE,0,7.875,IGNORE,0,WATCH,,0,0,0,NA,NA,NA,NA,NA,WARNING_SOFT,1,0,0,0,0,TREND_REVERSAL_UNCONFIRMED,0,0.45,NONE,1,0,0,0
SOLUSDT,1784163600000,2026-07-16T01:00:00.000Z,NEUTRAL,NONE,0,7.875,IGNORE,0,WATCH,,0,0,0,NA,NA,NA,NA,NA,BLOCK,0,0,0,0,0,TREND_REVERSAL_UNCONFIRMED,0,0.45,NONE,1,0,0,0
SOLUSDT,1784167200000,2026-07-16T02:00:00.000Z,NEUTRAL,NONE,0,7.875,IGNORE,0,WATCH,,0,0,0,NA,NA,NA,NA,NA,WARNING_SOFT,1,0,0,0,0,TREND_REVERSAL_UNCONFIRMED,0,0.45,NONE,1,0,0,0
SOLUSDT,1784170800000,2026-07-16T03:00:00.000Z,NEUTRAL,NONE,0,7.875,IGNORE,0,WATCH,,0,0,0,NA,NA,NA,NA,NA,WARNING_SOFT,1,0,0,0,0,TREND_REVERSAL_UNCONFIRMED,0,0.45,NONE,1,0,0,0
SOLUSDT,1784174400000,2026-07-16T04:00:00.000Z,NEUTRAL,NONE,0,7.875,IGNORE,0,WATCH,,0,0,0,NA,NA,NA,NA,NA,WARNING_SOFT,1,0,0,0,0,TREND_REVERSAL_UNCONFIRMED,0,0.45,NONE,1,0,0,0
SOLUSDT,1784178000000,2026-07-16T05:00:00.000Z,BULL,SHORT,17.5,12.909375,IGNORE,0,WATCH,,0,0,0,NA,NA,NA,NA,NA,WARNING_SOFT,1,0,0,0,0,TREND_REVERSAL_UNCONFIRMED,1,0.45,SHORT,1,0,0,0
SOLUSDT,1784181600000,2026-07-16T06:00:00.000Z,BULL,SHORT,17.5,12.909375,IGNORE,0,WATCH,,0,0,0,NA,NA,NA,NA,NA,WARNING_HARD,1,0,0,0,0,TREND_REVERSAL_UNCONFIRMED,1,0.45,SHORT,1,0,0,0
SOLUSDT,1784185200000,2026-07-16T07:00:00.000Z,NEUTRAL,NONE,0,7.875,IGNORE,0,WATCH,,0,0,0,NA,NA,NA,NA,NA,WARNING_SOFT,1,0,0,0,0,TREND_REVERSAL_UNCONFIRMED,0,0.45,NONE,1,0,0,0
SOLUSDT,1784188800000,2026-07-16T08:00:00.000Z,NEUTRAL,NONE,0,7.875,IGNORE,0,WATCH,,0,0,0,NA,NA,NA,NA,NA,BLOCK,0,0,1,0,0,TREND_REVERSAL_UNCONFIRMED,0,0.45,NONE,1,0,0,0
SOLUSDT,1784192400000,2026-07-16T09:00:00.000Z,BEAR,LONG,12.847222222222221,12.54296875,IGNORE,0,WATCH,,0,0,0,NA,NA,NA,NA,NA,CLEAR,1,0,0,0,0,TREND_REVERSAL_UNCONFIRMED,1,0.45,LONG,1,0,0,0
SOLUSDT,1784196000000,2026-07-16T10:00:00.000Z,BEAR,LONG,25,13.5,IGNORE,0,WATCH,,0,0,0,NA,NA,NA,NA,NA,CLEAR,1,0,0,0,0,TREND_REVERSAL_UNCONFIRMED,1,0.45,LONG,1,0,0,0
SOLUSDT,1784199600000,2026-07-16T11:00:00.000Z,BEAR,LONG,0,7.875,IGNORE,0,WATCH,,0,0,0,NA,NA,NA,NA,NA,CLEAR,1,0,0,0,0,TREND_REVERSAL_UNCONFIRMED,0,0.45,LONG,1,0,0,0
SOLUSDT,1784203200000,2026-07-16T12:00:00.000Z,BEAR,LONG,0,7.875,IGNORE,0,WATCH,,0,0,0,NA,NA,NA,NA,NA,CLEAR,1,0,0,0,0,TREND_REVERSAL_UNCONFIRMED,0,0.45,LONG,1,0,0,0
SOLUSDT,1784206800000,2026-07-16T13:00:00.000Z,BEAR,LONG,44.52579743125695,18.693906547711485,IGNORE,0,WATCH,,0,0,0,NA,NA,NA,NA,NA,CLEAR,1,0,0,0,0,TREND_REVERSAL_UNCONFIRMED,2,0.45,LONG,1,0,0,0
SOLUSDT,1784210400000,2026-07-16T14:00:00.000Z,BEAR,LONG,14.556962499789957,12.67761079685846,IGNORE,0,WATCH,,0,0,0,NA,NA,NA,NA,NA,WARNING_SOFT,1,0,0,0,0,TREND_REVERSAL_UNCONFIRMED,1,0.45,LONG,1,0,0,0
SOLUSDT,1784214000000,2026-07-16T15:00:00.000Z,BEAR,LONG,33.37552647060278,17.81582270955997,IGNORE,0,WATCH,,0,0,0,NA,NA,NA,NA,NA,BLOCK,0,0,0,0,0,TREND_REVERSAL_UNCONFIRMED,2,0.45,LONG,1,0,0,0
SOLUSDT,1784217600000,2026-07-16T16:00:00.000Z,BEAR,LONG,17.5,12.909375,IGNORE,0,WATCH,,0,0,0,NA,NA,NA,NA,NA,WARNING_SOFT,1,0,0,0,0,TREND_REVERSAL_UNCONFIRMED,1,0.45,LONG,1,0,0,0
SOLUSDT,1784221200000,2026-07-16T17:00:00.000Z,BEAR,LONG,33.539862805955565,17.828764195969,IGNORE,0,WATCH,,0,0,0,NA,NA,NA,NA,NA,CLEAR,1,0,0,0,0,TREND_REVERSAL_UNCONFIRMED,2,0.45,LONG,1,0,0,0
SOLUSDT,1784224800000,2026-07-16T18:00:00.000Z,BEAR,LONG,56.4845191353141,52.29822431289117,WATCH,1,WATCH,ACTIVE,1,1,0,PASS,PASS,SKIP,SKIP,FAIL,CLEAR,1,0,0,0,0,MARKET_CONTEXT_DENIED,3,0.84,LONG,0,1,0,0
SOLUSDT,1784228400000,2026-07-16T19:00:00.000Z,BEAR,LONG,17.5,12.909375,IGNORE,0,WATCH,,0,0,0,NA,NA,NA,NA,NA,CLEAR,1,0,0,0,0,TREND_REVERSAL_UNCONFIRMED,1,0.45,LONG,1,0,0,0
SOLUSDT,1784232000000,2026-07-16T20:00:00.000Z,BEAR,LONG,0,7.875,IGNORE,0,WATCH,,0,0,0,NA,NA,NA,NA,NA,CLEAR,1,0,0,0,0,TREND_REVERSAL_UNCONFIRMED,0,0.45,LONG,1,0,0,0
SOLUSDT,1784235600000,2026-07-16T21:00:00.000Z,BEAR,LONG,25,13.5,IGNORE,0,WATCH,,0,0,0,NA,NA,NA,NA,NA,CLEAR,1,0,0,0,0,TREND_REVERSAL_UNCONFIRMED,1,0.45,LONG,1,0,0,0
SOLUSDT,1784239200000,2026-07-16T22:00:00.000Z,BEAR,LONG,0,7.875,IGNORE,0,WATCH,,0,0,0,NA,NA,NA,NA,NA,CLEAR,1,0,0,0,0,TREND_REVERSAL_UNCONFIRMED,0,0.45,LONG,1,0,0,0
SOLUSDT,1784242800000,2026-07-16T23:00:00.000Z,BEAR,LONG,0,7.875,IGNORE,0,WATCH,,0,0,0,NA,NA,NA,NA,NA,CLEAR,1,0,0,0,0,TREND_REVERSAL_UNCONFIRMED,0,0.45,LONG,1,0,0,0
SOLUSDT,1784246400000,2026-07-17T00:00:00.000Z,BEAR,LONG,0,7.875,IGNORE,0,WATCH,,0,0,0,NA,NA,NA,NA,NA,CLEAR,1,0,0,0,0,TREND_REVERSAL_UNCONFIRMED,0,0.45,LONG,1,0,0,0
SOLUSDT,1784250000000,2026-07-17T01:00:00.000Z,BEAR,LONG,0,7.875,IGNORE,0,WATCH,,0,0,0,NA,NA,NA,NA,NA,CLEAR,1,0,0,0,0,TREND_REVERSAL_UNCONFIRMED,0,0.45,LONG,1,0,0,0
SOLUSDT,1784253600000,2026-07-17T02:00:00.000Z,BEAR,LONG,0,7.875,IGNORE,0,WATCH,,0,0,0,NA,NA,NA,NA,NA,CLEAR,1,0,0,0,0,TREND_REVERSAL_UNCONFIRMED,0,0.45,LONG,1,0,0,0
SOLUSDT,1784257200000,2026-07-17T03:00:00.000Z,BEAR,LONG,25,13.5,IGNORE,0,WATCH,,0,0,0,NA,NA,NA,NA,NA,CLEAR,1,0,0,0,0,TREND_REVERSAL_UNCONFIRMED,1,0.45,LONG,1,0,0,0
SOLUSDT,1784260800000,2026-07-17T04:00:00.000Z,BEAR,LONG,0,7.875,IGNORE,0,WATCH,,0,0,0,NA,NA,NA,NA,NA,CLEAR,1,0,0,0,0,TREND_REVERSAL_UNCONFIRMED,0,0.45,LONG,1,0,0,0
SOLUSDT,1784264400000,2026-07-17T05:00:00.000Z,BEAR,LONG,25,13.5,IGNORE,0,WATCH,,0,0,0,NA,NA,NA,NA,NA,CLEAR,1,0,0,0,0,TREND_REVERSAL_UNCONFIRMED,1,0.45,LONG,1,0,0,0
SOLUSDT,1784268000000,2026-07-17T06:00:00.000Z,BEAR,LONG,0,7.875,IGNORE,0,WATCH,,0,0,0,NA,NA,NA,NA,NA,CLEAR,1,0,0,0,0,TREND_REVERSAL_UNCONFIRMED,0,0.45,LONG,1,0,0,0
SOLUSDT,1784271600000,2026-07-17T07:00:00.000Z,BEAR,LONG,0,7.875,IGNORE,0,WATCH,,0,0,0,NA,NA,NA,NA,NA,CLEAR,1,0,0,0,0,TREND_REVERSAL_UNCONFIRMED,0,0.45,LONG,1,0,0,0
SOLUSDT,1784275200000,2026-07-17T08:00:00.000Z,BEAR,LONG,0,7.875,IGNORE,0,WATCH,,0,0,0,NA,NA,NA,NA,NA,CLEAR,1,0,0,0,0,TREND_REVERSAL_UNCONFIRMED,0,0.45,LONG,1,0,0,0
SOLUSDT,1784278800000,2026-07-17T09:00:00.000Z,BEAR,LONG,25,13.5,IGNORE,0,WATCH,,0,0,0,NA,NA,NA,NA,NA,CLEAR,1,0,0,0,0,TREND_REVERSAL_UNCONFIRMED,1,0.45,LONG,1,0,0,0
SOLUSDT,1784282400000,2026-07-17T10:00:00.000Z,BEAR,LONG,0,7.875,IGNORE,0,WATCH,,0,0,0,NA,NA,NA,NA,NA,CLEAR,1,0,0,0,0,TREND_REVERSAL_UNCONFIRMED,0,0.45,LONG,1,0,0,0
SOLUSDT,1784286000000,2026-07-17T11:00:00.000Z,BEAR,LONG,0,7.875,IGNORE,0,WATCH,,0,0,0,NA,NA,NA,NA,NA,CLEAR,1,0,0,0,0,TREND_REVERSAL_UNCONFIRMED,0,0.45,LONG,1,0,0,0
SOLUSDT,1784289600000,2026-07-17T12:00:00.000Z,BEAR,LONG,12.847222222222221,12.54296875,IGNORE,0,WATCH,,0,0,0,NA,NA,NA,NA,NA,CLEAR,1,0,0,0,0,TREND_REVERSAL_UNCONFIRMED,1,0.45,LONG,1,0,0,0
SOLUSDT,1784293200000,2026-07-17T13:00:00.000Z,BEAR,LONG,25,13.5,IGNORE,0,WATCH,,0,0,0,NA,NA,NA,NA,NA,CLEAR,1,0,0,0,0,TREND_REVERSAL_UNCONFIRMED,1,0.45,LONG,1,0,0,0
SOLUSDT,1784296800000,2026-07-17T14:00:00.000Z,BEAR,LONG,25,13.5,IGNORE,0,WATCH,,0,0,0,NA,NA,NA,NA,NA,CLEAR,1,0,0,0,0,TREND_REVERSAL_UNCONFIRMED,1,0.45,LONG,1,0,0,0
SOLUSDT,1784300400000,2026-07-17T15:00:00.000Z,BEAR,LONG,16.599999801266797,12.838499984349761,IGNORE,0,WATCH,,0,0,0,NA,NA,NA,NA,NA,CLEAR,1,0,0,0,0,TREND_REVERSAL_UNCONFIRMED,1,0.45,LONG,1,0,0,0
SOLUSDT,1784304000000,2026-07-17T16:00:00.000Z,BEAR,LONG,12.59772380719924,12.523320749816941,IGNORE,0,WATCH,,0,0,0,NA,NA,NA,NA,NA,WARNING_SOFT,1,0,0,0,0,TREND_REVERSAL_UNCONFIRMED,1,0.45,LONG,1,0,0,0
SOLUSDT,1784307600000,2026-07-17T17:00:00.000Z,NEUTRAL,NONE,0,7.875,IGNORE,0,WATCH,,0,0,0,NA,NA,NA,NA,NA,CLEAR,1,0,0,0,0,TREND_REVERSAL_UNCONFIRMED,0,0.45,NONE,1,0,0,0
SOLUSDT,1784311200000,2026-07-17T18:00:00.000Z,NEUTRAL,NONE,0,7.875,IGNORE,0,WATCH,,0,0,0,NA,NA,NA,NA,NA,CLEAR,1,0,0,0,0,TREND_REVERSAL_UNCONFIRMED,0,0.45,NONE,1,0,0,0
SOLUSDT,1784314800000,2026-07-17T19:00:00.000Z,NEUTRAL,NONE,0,7.875,IGNORE,0,WATCH,,0,0,0,NA,NA,NA,NA,NA,CLEAR,1,0,0,0,0,TREND_REVERSAL_UNCONFIRMED,0,0.45,NONE,1,0,0,0
SOLUSDT,1784318400000,2026-07-17T20:00:00.000Z,NEUTRAL,NONE,0,7.875,IGNORE,0,WATCH,,0,0,0,NA,NA,NA,NA,NA,CLEAR,1,0,0,0,0,TREND_REVERSAL_UNCONFIRMED,0,0.45,NONE,1,0,0,0
SOLUSDT,1784322000000,2026-07-17T21:00:00.000Z,BEAR,LONG,0,7.875,IGNORE,0,WATCH,,0,0,0,NA,NA,NA,NA,NA,WARNING_SOFT,1,0,0,0,0,TREND_REVERSAL_UNCONFIRMED,0,0.45,LONG,1,0,0,0
SOLUSDT,1784325600000,2026-07-17T22:00:00.000Z,BEAR,LONG,0,7.875,IGNORE,0,WATCH,,0,0,0,NA,NA,NA,NA,NA,WARNING_SOFT,1,0,0,0,0,TREND_REVERSAL_UNCONFIRMED,0,0.45,LONG,1,0,0,0
SOLUSDT,1784329200000,2026-07-17T23:00:00.000Z,BEAR,LONG,0,7.875,IGNORE,0,WATCH,,0,0,0,NA,NA,NA,NA,NA,WARNING_SOFT,1,0,0,0,0,TREND_REVERSAL_UNCONFIRMED,0,0.45,LONG,1,0,0,0
SOLUSDT,1784332800000,2026-07-18T00:00:00.000Z,NEUTRAL,NONE,0,7.875,IGNORE,0,WATCH,,0,0,0,NA,NA,NA,NA,NA,CLEAR,1,0,0,0,0,TREND_REVERSAL_UNCONFIRMED,0,0.45,NONE,1,0,0,0
SOLUSDT,1784336400000,2026-07-18T01:00:00.000Z,NEUTRAL,NONE,0,7.875,IGNORE,0,WATCH,,0,0,0,NA,NA,NA,NA,NA,CLEAR,1,0,0,0,0,TREND_REVERSAL_UNCONFIRMED,0,0.45,NONE,1,0,0,0
SOLUSDT,1784340000000,2026-07-18T02:00:00.000Z,NEUTRAL,NONE,0,7.875,IGNORE,0,WATCH,,0,0,0,NA,NA,NA,NA,NA,CLEAR,1,0,0,0,0,TREND_REVERSAL_UNCONFIRMED,0,0.45,NONE,1,0,0,0
SOLUSDT,1784343600000,2026-07-18T03:00:00.000Z,NEUTRAL,NONE,0,7.875,IGNORE,0,WATCH,,0,0,0,NA,NA,NA,NA,NA,CLEAR,1,0,0,0,0,TREND_REVERSAL_UNCONFIRMED,0,0.45,NONE,1,0,0,0
SOLUSDT,1784347200000,2026-07-18T04:00:00.000Z,NEUTRAL,NONE,0,7.875,IGNORE,0,WATCH,,0,0,0,NA,NA,NA,NA,NA,CLEAR,1,0,0,0,0,TREND_REVERSAL_UNCONFIRMED,0,0.45,NONE,1,0,0,0
SOLUSDT,1784350800000,2026-07-18T05:00:00.000Z,BEAR,LONG,17.5,12.909375,IGNORE,0,WATCH,,0,0,0,NA,NA,NA,NA,NA,WARNING_SOFT,1,0,0,0,0,TREND_REVERSAL_UNCONFIRMED,1,0.45,LONG,1,0,0,0
SOLUSDT,1784354400000,2026-07-18T06:00:00.000Z,BEAR,LONG,17.5,12.909375,IGNORE,0,WATCH,,0,0,0,NA,NA,NA,NA,NA,WARNING_SOFT,1,0,0,0,0,TREND_REVERSAL_UNCONFIRMED,1,0.45,LONG,1,0,0,0
SOLUSDT,1784358000000,2026-07-18T07:00:00.000Z,BEAR,LONG,17.5,12.909375,IGNORE,0,WATCH,,0,0,0,NA,NA,NA,NA,NA,WARNING_SOFT,1,0,0,0,0,TREND_REVERSAL_UNCONFIRMED,1,0.45,LONG,1,0,0,0
SOLUSDT,1784361600000,2026-07-18T08:00:00.000Z,BEAR,LONG,17.5,12.909375,IGNORE,0,WATCH,,0,0,0,NA,NA,NA,NA,NA,WARNING_HARD,1,0,0,0,0,TREND_REVERSAL_UNCONFIRMED,1,0.45,LONG,1,0,0,0
SOLUSDT,1784365200000,2026-07-18T09:00:00.000Z,BEAR,LONG,17.5,12.909375,IGNORE,0,WATCH,,0,0,0,NA,NA,NA,NA,NA,WARNING_HARD,1,0,0,0,0,TREND_REVERSAL_UNCONFIRMED,1,0.45,LONG,1,0,0,0
SOLUSDT,1784368800000,2026-07-18T10:00:00.000Z,BEAR,LONG,17.5,12.909375,IGNORE,0,WATCH,,0,0,0,NA,NA,NA,NA,NA,WARNING_SOFT,1,0,0,0,0,TREND_REVERSAL_UNCONFIRMED,1,0.45,LONG,1,0,0,0
SOLUSDT,1784372400000,2026-07-18T11:00:00.000Z,BEAR,LONG,17.5,12.909375,IGNORE,0,WATCH,,0,0,0,NA,NA,NA,NA,NA,WARNING_SOFT,1,0,0,0,0,TREND_REVERSAL_UNCONFIRMED,1,0.45,LONG,1,0,0,0
SOLUSDT,1784376000000,2026-07-18T12:00:00.000Z,BEAR,LONG,15.39557264927075,12.743651346130072,IGNORE,0,WATCH,,0,0,0,NA,NA,NA,NA,NA,WARNING_HARD,1,0,0,0,0,TREND_REVERSAL_UNCONFIRMED,1,0.45,LONG,1,0,0,0
SOLUSDT,1784379600000,2026-07-18T13:00:00.000Z,BEAR,LONG,16.997014667530422,12.869764905068022,IGNORE,0,WATCH,,0,0,0,NA,NA,NA,NA,NA,WARNING_HARD,1,0,0,0,0,TREND_REVERSAL_UNCONFIRMED,1,0.45,LONG,1,0,0,0
SOLUSDT,1784383200000,2026-07-18T14:00:00.000Z,NEUTRAL,NONE,0,7.875,IGNORE,0,WATCH,,0,0,0,NA,NA,NA,NA,NA,WARNING_SOFT,1,0,0,0,0,TREND_REVERSAL_UNCONFIRMED,0,0.45,NONE,1,0,0,0
SOLUSDT,1784386800000,2026-07-18T15:00:00.000Z,BEAR,LONG,0,7.875,IGNORE,0,WATCH,,0,0,0,NA,NA,NA,NA,NA,WARNING_SOFT,1,0,0,0,0,TREND_REVERSAL_UNCONFIRMED,0,0.45,LONG,1,0,0,0
SOLUSDT,1784390400000,2026-07-18T16:00:00.000Z,NEUTRAL,NONE,0,7.875,IGNORE,0,WATCH,,0,0,0,NA,NA,NA,NA,NA,CLEAR,1,0,0,0,0,TREND_REVERSAL_UNCONFIRMED,0,0.45,NONE,1,0,0,0
SOLUSDT,1784394000000,2026-07-18T17:00:00.000Z,NEUTRAL,NONE,0,7.875,IGNORE,0,WATCH,,0,0,0,NA,NA,NA,NA,NA,CLEAR,1,0,0,0,0,TREND_REVERSAL_UNCONFIRMED,0,0.45,NONE,1,0,0,0
SOLUSDT,1784397600000,2026-07-18T18:00:00.000Z,NEUTRAL,NONE,0,7.875,IGNORE,0,WATCH,,0,0,0,NA,NA,NA,NA,NA,CLEAR,1,0,0,0,0,TREND_REVERSAL_UNCONFIRMED,0,0.45,NONE,1,0,0,0
SOLUSDT,1784401200000,2026-07-18T19:00:00.000Z,NEUTRAL,NONE,0,7.875,IGNORE,0,WATCH,,0,0,0,NA,NA,NA,NA,NA,CLEAR,1,0,0,0,0,TREND_REVERSAL_UNCONFIRMED,0,0.45,NONE,1,0,0,0
SOLUSDT,1784404800000,2026-07-18T20:00:00.000Z,NEUTRAL,NONE,0,7.875,IGNORE,0,WATCH,,0,0,0,NA,NA,NA,NA,NA,CLEAR,1,0,0,0,0,TREND_REVERSAL_UNCONFIRMED,0,0.45,NONE,1,0,0,0
SOLUSDT,1784408400000,2026-07-18T21:00:00.000Z,NEUTRAL,NONE,0,7.875,IGNORE,0,WATCH,,0,0,0,NA,NA,NA,NA,NA,CLEAR,1,0,0,0,0,TREND_REVERSAL_UNCONFIRMED,0,0.45,NONE,1,0,0,0
SOLUSDT,1784412000000,2026-07-18T22:00:00.000Z,NEUTRAL,NONE,0,7.875,IGNORE,0,WATCH,,0,0,0,NA,NA,NA,NA,NA,CLEAR,1,0,0,0,0,TREND_REVERSAL_UNCONFIRMED,0,0.45,NONE,1,0,0,0
SOLUSDT,1784415600000,2026-07-18T23:00:00.000Z,NEUTRAL,NONE,0,7.875,IGNORE,0,WATCH,,0,0,0,NA,NA,NA,NA,NA,CLEAR,1,0,0,0,0,TREND_REVERSAL_UNCONFIRMED,0,0.45,NONE,1,0,0,0
SOLUSDT,1784419200000,2026-07-19T00:00:00.000Z,NEUTRAL,NONE,0,7.875,IGNORE,0,WATCH,,0,0,0,NA,NA,NA,NA,NA,CLEAR,1,0,0,0,0,TREND_REVERSAL_UNCONFIRMED,0,0.45,NONE,1,0,0,0
SOLUSDT,1784422800000,2026-07-19T01:00:00.000Z,NEUTRAL,NONE,0,7.875,IGNORE,0,WATCH,,0,0,0,NA,NA,NA,NA,NA,CLEAR,1,0,0,0,0,TREND_REVERSAL_UNCONFIRMED,0,0.45,NONE,1,0,0,0
SOLUSDT,1784426400000,2026-07-19T02:00:00.000Z,BULL,SHORT,25,13.5,IGNORE,0,WATCH,,0,0,0,NA,NA,NA,NA,NA,CLEAR,1,0,0,0,0,TREND_REVERSAL_UNCONFIRMED,1,0.45,SHORT,1,0,0,0
SOLUSDT,1784430000000,2026-07-19T03:00:00.000Z,BULL,SHORT,15.618975260991377,12.761244301803073,IGNORE,0,WATCH,,0,0,0,NA,NA,NA,NA,NA,CLEAR,1,0,0,0,0,TREND_REVERSAL_UNCONFIRMED,1,0.45,SHORT,1,0,0,0
SOLUSDT,1784433600000,2026-07-19T04:00:00.000Z,BULL,SHORT,0,7.875,IGNORE,0,WATCH,,0,0,0,NA,NA,NA,NA,NA,CLEAR,1,0,0,0,0,TREND_REVERSAL_UNCONFIRMED,0,0.45,SHORT,1,0,0,0
SOLUSDT,1784437200000,2026-07-19T05:00:00.000Z,BULL,SHORT,0,7.875,IGNORE,0,WATCH,,0,0,0,NA,NA,NA,NA,NA,CLEAR,1,0,0,0,0,TREND_REVERSAL_UNCONFIRMED,0,0.45,SHORT,1,0,0,0
SOLUSDT,1784440800000,2026-07-19T06:00:00.000Z,BULL,SHORT,0,7.875,IGNORE,0,WATCH,,0,0,0,NA,NA,NA,NA,NA,CLEAR,1,0,0,0,0,TREND_REVERSAL_UNCONFIRMED,0,0.45,SHORT,1,0,0,0
SOLUSDT,1784444400000,2026-07-19T07:00:00.000Z,BULL,SHORT,0,7.875,IGNORE,0,WATCH,,0,0,0,NA,NA,NA,NA,NA,CLEAR,1,0,0,0,0,TREND_REVERSAL_UNCONFIRMED,0,0.45,SHORT,1,0,0,0
SOLUSDT,1784448000000,2026-07-19T08:00:00.000Z,BULL,SHORT,14.583333333333332,12.6796875,IGNORE,0,WATCH,,0,0,0,NA,NA,NA,NA,NA,CLEAR,1,0,0,0,0,TREND_REVERSAL_UNCONFIRMED,1,0.45,SHORT,1,0,0,0
SOLUSDT,1784451600000,2026-07-19T09:00:00.000Z,BULL,SHORT,25,13.5,IGNORE,0,WATCH,,0,0,0,NA,NA,NA,NA,NA,WARNING_SOFT,1,0,0,0,0,TREND_REVERSAL_UNCONFIRMED,1,0.45,SHORT,1,0,0,0
SOLUSDT,1784455200000,2026-07-19T10:00:00.000Z,BULL,SHORT,0,7.875,IGNORE,0,WATCH,,0,0,0,NA,NA,NA,NA,NA,CLEAR,1,0,0,0,0,TREND_REVERSAL_UNCONFIRMED,0,0.45,SHORT,1,0,0,0
SOLUSDT,1784458800000,2026-07-19T11:00:00.000Z,BULL,SHORT,0,7.875,IGNORE,0,WATCH,,0,0,0,NA,NA,NA,NA,NA,WARNING_SOFT,1,0,0,0,0,TREND_REVERSAL_UNCONFIRMED,0,0.45,SHORT,1,0,0,0
SOLUSDT,1784462400000,2026-07-19T12:00:00.000Z,BULL,SHORT,19.93426938862331,13.101073714354085,IGNORE,0,WATCH,,0,0,0,NA,NA,NA,NA,NA,BLOCK,0,0,0,0,0,TREND_REVERSAL_UNCONFIRMED,1,0.45,SHORT,1,0,0,0
SOLUSDT,1784466000000,2026-07-19T13:00:00.000Z,BULL,SHORT,17.5,12.909375,IGNORE,0,WATCH,,0,0,0,NA,NA,NA,NA,NA,WARNING_SOFT,1,0,0,0,0,TREND_REVERSAL_UNCONFIRMED,1,0.45,SHORT,1,0,0,0
SOLUSDT,1784469600000,2026-07-19T14:00:00.000Z,BULL,SHORT,42.5,18.534375,IGNORE,0,WATCH,,0,0,0,NA,NA,NA,NA,NA,CLEAR,1,0,0,0,0,TREND_REVERSAL_UNCONFIRMED,2,0.45,SHORT,1,0,0,0
SOLUSDT,1784473200000,2026-07-19T15:00:00.000Z,BULL,SHORT,17.5,12.909375,IGNORE,0,WATCH,,0,0,0,NA,NA,NA,NA,NA,CLEAR,1,0,0,0,0,TREND_REVERSAL_UNCONFIRMED,1,0.45,SHORT,1,0,0,0
SOLUSDT,1784476800000,2026-07-19T16:00:00.000Z,NEUTRAL,NONE,0,7.875,IGNORE,0,WATCH,,0,0,0,NA,NA,NA,NA,NA,WARNING_SOFT,1,0,0,0,0,TREND_REVERSAL_UNCONFIRMED,0,0.45,NONE,1,0,0,0
SOLUSDT,1784480400000,2026-07-19T17:00:00.000Z,BULL,SHORT,17.33624339301288,12.896479167199763,IGNORE,0,WATCH,,0,0,0,NA,NA,NA,NA,NA,BLOCK,0,0,0,0,0,TREND_REVERSAL_UNCONFIRMED,1,0.45,SHORT,1,0,0,0
SOLUSDT,1784484000000,2026-07-19T18:00:00.000Z,NEUTRAL,NONE,0,7.875,IGNORE,0,WATCH,,0,0,0,NA,NA,NA,NA,NA,BLOCK,0,0,1,0,0,TREND_REVERSAL_UNCONFIRMED,0,0.45,NONE,1,0,0,0
SOLUSDT,1784487600000,2026-07-19T19:00:00.000Z,NEUTRAL,NONE,0,7.875,IGNORE,0,WATCH,,0,0,0,NA,NA,NA,NA,NA,WARNING_SOFT,1,0,0,0,0,TREND_REVERSAL_UNCONFIRMED,0,0.45,NONE,1,0,0,0
SOLUSDT,1784491200000,2026-07-19T20:00:00.000Z,BULL,SHORT,0,7.875,IGNORE,0,WATCH,,0,0,0,NA,NA,NA,NA,NA,WARNING_SOFT,1,0,0,0,0,TREND_REVERSAL_UNCONFIRMED,0,0.45,SHORT,1,0,0,0
SOLUSDT,1784494800000,2026-07-19T21:00:00.000Z,NEUTRAL,NONE,0,7.875,IGNORE,0,WATCH,,0,0,0,NA,NA,NA,NA,NA,WARNING_SOFT,1,0,0,0,0,TREND_REVERSAL_UNCONFIRMED,0,0.45,NONE,1,0,0,0
SOLUSDT,1784498400000,2026-07-19T22:00:00.000Z,BULL,SHORT,21.358940865955258,13.213266593193977,IGNORE,0,WATCH,,0,0,0,NA,NA,NA,NA,NA,WARNING_SOFT,1,0,0,0,0,TREND_REVERSAL_UNCONFIRMED,1,0.45,SHORT,1,0,0,0
SOLUSDT,1784502000000,2026-07-19T23:00:00.000Z,BULL,SHORT,19.146919875243043,13.039069940175391,IGNORE,0,WATCH,,0,0,0,NA,NA,NA,NA,NA,CLEAR,1,0,0,0,0,TREND_REVERSAL_UNCONFIRMED,1,0.45,SHORT,1,0,0,0
SOLUSDT,1784505600000,2026-07-20T00:00:00.000Z,BULL,SHORT,25,13.5,IGNORE,0,WATCH,,0,0,0,NA,NA,NA,NA,NA,WARNING_HARD,1,1,0,0,0,TREND_REVERSAL_UNCONFIRMED,1,0.45,SHORT,1,0,0,0
SOLUSDT,1784509200000,2026-07-20T01:00:00.000Z,BULL,SHORT,25,13.5,IGNORE,0,WATCH,,0,0,0,NA,NA,NA,NA,NA,CLEAR,1,0,0,0,0,TREND_REVERSAL_UNCONFIRMED,1,0.45,SHORT,1,0,0,0
SOLUSDT,1784512800000,2026-07-20T02:00:00.000Z,BULL,SHORT,44.86610918385839,18.72070609822885,IGNORE,0,WATCH,,0,0,0,NA,NA,NA,NA,NA,CLEAR,1,0,0,0,0,TREND_REVERSAL_UNCONFIRMED,2,0.45,SHORT,1,0,0,0
SOLUSDT,1784516400000,2026-07-20T03:00:00.000Z,BULL,SHORT,0,7.875,IGNORE,0,WATCH,,0,0,0,NA,NA,NA,NA,NA,CLEAR,1,0,0,0,0,TREND_REVERSAL_UNCONFIRMED,0,0.45,SHORT,1,0,0,0
SOLUSDT,1784520000000,2026-07-20T04:00:00.000Z,BULL,SHORT,0,7.875,IGNORE,0,WATCH,,0,0,0,NA,NA,NA,NA,NA,WARNING_SOFT,1,0,0,0,0,TREND_REVERSAL_UNCONFIRMED,0,0.45,SHORT,1,0,0,0
SOLUSDT,1784523600000,2026-07-20T05:00:00.000Z,NEUTRAL,NONE,0,7.875,IGNORE,0,WATCH,,0,0,0,NA,NA,NA,NA,NA,BLOCK,0,0,0,0,0,TREND_REVERSAL_UNCONFIRMED,0,0.45,NONE,1,0,0,0
SOLUSDT,1784527200000,2026-07-20T06:00:00.000Z,NEUTRAL,NONE,0,7.875,IGNORE,0,WATCH,,0,0,0,NA,NA,NA,NA,NA,WARNING_SOFT,1,0,0,0,0,TREND_REVERSAL_UNCONFIRMED,0,0.45,NONE,1,0,0,0
SOLUSDT,1784530800000,2026-07-20T07:00:00.000Z,BULL,SHORT,0,7.875,IGNORE,0,WATCH,,0,0,0,NA,NA,NA,NA,NA,WARNING_SOFT,1,0,0,0,0,TREND_REVERSAL_UNCONFIRMED,0,0.45,SHORT,1,0,0,0
SOLUSDT,1784534400000,2026-07-20T08:00:00.000Z,NEUTRAL,NONE,0,7.875,IGNORE,0,WATCH,,0,0,0,NA,NA,NA,NA,NA,WARNING_SOFT,1,0,0,0,0,TREND_REVERSAL_UNCONFIRMED,0,0.45,NONE,1,0,0,0
SOLUSDT,1784538000000,2026-07-20T09:00:00.000Z,BULL,SHORT,0,7.875,IGNORE,0,WATCH,,0,0,0,NA,NA,NA,NA,NA,WARNING_SOFT,1,0,0,0,0,TREND_REVERSAL_UNCONFIRMED,0,0.45,SHORT,1,0,0,0
SOLUSDT,1784541600000,2026-07-20T10:00:00.000Z,BULL,SHORT,0,7.875,IGNORE,0,WATCH,,0,0,0,NA,NA,NA,NA,NA,WARNING_SOFT,1,0,0,0,0,TREND_REVERSAL_UNCONFIRMED,0,0.45,SHORT,1,0,0,0
SOLUSDT,1784545200000,2026-07-20T11:00:00.000Z,BULL,SHORT,25,13.5,IGNORE,0,WATCH,,0,0,0,NA,NA,NA,NA,NA,CLEAR,1,0,0,0,0,TREND_REVERSAL_UNCONFIRMED,1,0.45,SHORT,1,0,0,0
SOLUSDT,1784548800000,2026-07-20T12:00:00.000Z,BULL,SHORT,13.914798353549271,12.627040370342005,IGNORE,0,WATCH,,0,0,0,NA,NA,NA,NA,NA,CLEAR,1,0,0,0,0,TREND_REVERSAL_UNCONFIRMED,1,0.45,SHORT,1,0,0,0
SOLUSDT,1784552400000,2026-07-20T13:00:00.000Z,NEUTRAL,NONE,0,7.875,IGNORE,0,WATCH,,0,0,0,NA,NA,NA,NA,NA,WARNING_SOFT,1,0,1,0,0,TREND_REVERSAL_UNCONFIRMED,0,0.45,NONE,1,0,0,0
SOLUSDT,1784556000000,2026-07-20T14:00:00.000Z,NEUTRAL,NONE,0,7.875,IGNORE,0,WATCH,,0,0,0,NA,NA,NA,NA,NA,BLOCK,0,0,0,0,0,TREND_REVERSAL_UNCONFIRMED,0,0.45,NONE,1,0,0,0
SOLUSDT,1784559600000,2026-07-20T15:00:00.000Z,BULL,SHORT,42.5,18.534375,IGNORE,0,WATCH,,0,0,0,NA,NA,NA,NA,NA,CLEAR,1,0,0,0,0,TREND_REVERSAL_UNCONFIRMED,2,0.45,SHORT,1,0,0,0
SOLUSDT,1784563200000,2026-07-20T16:00:00.000Z,BULL,SHORT,57.42046282521801,43.195808035307046,WATCH,1,WATCH,ACTIVE,1,1,0,FAIL,PASS,SKIP,SKIP,FAIL,CLEAR,1,0,0,0,0,MARKET_CONTEXT_DENIED,3,0.84,SHORT,1,0,0,0
SOLUSDT,1784566800000,2026-07-20T17:00:00.000Z,BULL,SHORT,17.5,12.909375,IGNORE,0,WATCH,,0,0,0,NA,NA,NA,NA,NA,CLEAR,1,0,0,0,0,TREND_REVERSAL_UNCONFIRMED,1,0.45,SHORT,1,0,0,0
SOLUSDT,1784570400000,2026-07-20T18:00:00.000Z,BULL,SHORT,37.62414117827693,18.150401117789308,IGNORE,0,WATCH,,0,0,0,NA,NA,NA,NA,NA,CLEAR,1,0,0,0,0,TREND_REVERSAL_UNCONFIRMED,2,0.45,SHORT,1,0,0,0
SOLUSDT,1784574000000,2026-07-20T19:00:00.000Z,BULL,SHORT,17.5,12.909375,IGNORE,0,WATCH,,0,0,0,NA,NA,NA,NA,NA,CLEAR,1,0,0,0,0,TREND_REVERSAL_UNCONFIRMED,1,0.45,SHORT,1,0,0,0
SOLUSDT,1784577600000,2026-07-20T20:00:00.000Z,BULL,SHORT,55.34722222222222,42.89104166666666,WATCH,1,WATCH,ACTIVE,1,1,0,FAIL,PASS,SKIP,SKIP,FAIL,CLEAR,1,0,0,0,0,MARKET_CONTEXT_DENIED,3,0.84,SHORT,1,0,0,0
SOLUSDT,1784581200000,2026-07-20T21:00:00.000Z,BULL,SHORT,0,7.875,IGNORE,0,WATCH,,0,0,0,NA,NA,NA,NA,NA,CLEAR,1,0,0,0,0,TREND_REVERSAL_UNCONFIRMED,0,0.45,SHORT,1,0,0,0
SOLUSDT,1784584800000,2026-07-20T22:00:00.000Z,BULL,SHORT,0,7.875,IGNORE,0,WATCH,,0,0,0,NA,NA,NA,NA,NA,CLEAR,1,0,0,0,0,TREND_REVERSAL_UNCONFIRMED,0,0.45,SHORT,1,0,0,0
SOLUSDT,1784588400000,2026-07-20T23:00:00.000Z,BULL,SHORT,0,7.875,IGNORE,0,WATCH,,0,0,0,NA,NA,NA,NA,NA,CLEAR,1,0,0,0,0,TREND_REVERSAL_UNCONFIRMED,0,0.45,SHORT,1,0,0,0
SOLUSDT,1784592000000,2026-07-21T00:00:00.000Z,BULL,SHORT,12.847222222222221,12.54296875,IGNORE,0,WATCH,,0,0,0,NA,NA,NA,NA,NA,CLEAR,1,0,0,0,0,TREND_REVERSAL_UNCONFIRMED,1,0.45,SHORT,1,0,0,0
SOLUSDT,1784595600000,2026-07-21T01:00:00.000Z,BULL,SHORT,25,13.5,IGNORE,0,WATCH,,0,0,0,NA,NA,NA,NA,NA,CLEAR,1,0,0,0,0,TREND_REVERSAL_UNCONFIRMED,1,0.45,SHORT,1,0,0,0
SOLUSDT,1784599200000,2026-07-21T02:00:00.000Z,BULL,SHORT,0,7.875,IGNORE,0,WATCH,,0,0,0,NA,NA,NA,NA,NA,CLEAR,1,0,0,0,0,TREND_REVERSAL_UNCONFIRMED,0,0.45,SHORT,1,0,0,0
SOLUSDT,1784602800000,2026-07-21T03:00:00.000Z,BULL,SHORT,0,7.875,IGNORE,0,WATCH,,0,0,0,NA,NA,NA,NA,NA,CLEAR,1,0,0,0,0,TREND_REVERSAL_UNCONFIRMED,0,0.45,SHORT,1,0,0,0
SOLUSDT,1784606400000,2026-07-21T04:00:00.000Z,BULL,SHORT,25,13.5,IGNORE,0,WATCH,,0,0,0,NA,NA,NA,NA,NA,CLEAR,1,0,0,0,0,TREND_REVERSAL_UNCONFIRMED,1,0.45,SHORT,1,0,0,0
SOLUSDT,1784610000000,2026-07-21T05:00:00.000Z,BULL,SHORT,12.847222222222221,12.54296875,IGNORE,0,WATCH,,0,0,0,NA,NA,NA,NA,NA,CLEAR,1,0,0,0,0,TREND_REVERSAL_UNCONFIRMED,1,0.45,SHORT,1,0,0,0
SOLUSDT,1784613600000,2026-07-21T06:00:00.000Z,BULL,SHORT,0,7.875,IGNORE,0,WATCH,,0,0,0,NA,NA,NA,NA,NA,CLEAR,1,0,0,0,0,TREND_REVERSAL_UNCONFIRMED,0,0.45,SHORT,1,0,0,0
SOLUSDT,1784617200000,2026-07-21T07:00:00.000Z,BULL,SHORT,0,7.875,IGNORE,0,WATCH,,0,0,0,NA,NA,NA,NA,NA,CLEAR,1,0,0,0,0,TREND_REVERSAL_UNCONFIRMED,0,0.45,SHORT,1,0,0,0
SOLUSDT,1784620800000,2026-07-21T08:00:00.000Z,BULL,SHORT,25,13.5,IGNORE,0,WATCH,,0,0,0,NA,NA,NA,NA,NA,CLEAR,1,0,0,0,0,TREND_REVERSAL_UNCONFIRMED,1,0.45,SHORT,1,0,0,0
SOLUSDT,1784624400000,2026-07-21T09:00:00.000Z,BULL,SHORT,0,7.875,IGNORE,0,WATCH,,0,0,0,NA,NA,NA,NA,NA,CLEAR,1,0,0,0,0,TREND_REVERSAL_UNCONFIRMED,0,0.45,SHORT,1,0,0,0
SOLUSDT,1784628000000,2026-07-21T10:00:00.000Z,BULL,SHORT,0,7.875,IGNORE,0,WATCH,,0,0,0,NA,NA,NA,NA,NA,CLEAR,1,0,0,0,0,TREND_REVERSAL_UNCONFIRMED,0,0.45,SHORT,1,0,0,0
SOLUSDT,1784631600000,2026-07-21T11:00:00.000Z,BULL,SHORT,0,7.875,IGNORE,0,WATCH,,0,0,0,NA,NA,NA,NA,NA,CLEAR,1,0,0,0,0,TREND_REVERSAL_UNCONFIRMED,0,0.45,SHORT,1,0,0,0
SOLUSDT,1784635200000,2026-07-21T12:00:00.000Z,BULL,SHORT,0,7.875,IGNORE,0,WATCH,,0,0,0,NA,NA,NA,NA,NA,CLEAR,1,0,0,0,0,TREND_REVERSAL_UNCONFIRMED,0,0.45,SHORT,1,0,0,0
SOLUSDT,1784638800000,2026-07-21T13:00:00.000Z,BULL,SHORT,14.494060308032976,12.672657249257597,IGNORE,0,WATCH,,0,0,0,NA,NA,NA,NA,NA,CLEAR,1,0,0,0,0,TREND_REVERSAL_UNCONFIRMED,1,0.45,SHORT,1,0,0,0
SOLUSDT,1784642400000,2026-07-21T14:00:00.000Z,NEUTRAL,NONE,0,7.875,IGNORE,0,WATCH,,0,0,0,NA,NA,NA,NA,NA,BLOCK,0,0,0,0,0,TREND_REVERSAL_UNCONFIRMED,0,0.45,NONE,1,0,0,0
SOLUSDT,1784646000000,2026-07-21T15:00:00.000Z,BULL,SHORT,13.759856431737573,12.614838693999333,IGNORE,0,WATCH,,0,0,0,NA,NA,NA,NA,NA,BLOCK,0,0,0,0,0,TREND_REVERSAL_UNCONFIRMED,1,0.45,SHORT,1,0,0,0
SOLUSDT,1784649600000,2026-07-21T16:00:00.000Z,BULL,SHORT,17.5,12.909375,IGNORE,0,WATCH,,0,0,0,NA,NA,NA,NA,NA,WARNING_SOFT,1,0,0,0,0,TREND_REVERSAL_UNCONFIRMED,1,0.45,SHORT,1,0,0,0
SOLUSDT,1784653200000,2026-07-21T17:00:00.000Z,NEUTRAL,NONE,0,7.875,IGNORE,0,WATCH,,0,0,0,NA,NA,NA,NA,NA,WARNING_SOFT,1,0,0,0,0,TREND_REVERSAL_UNCONFIRMED,0,0.45,NONE,1,0,0,0
SOLUSDT,1784656800000,2026-07-21T18:00:00.000Z,NEUTRAL,NONE,0,7.875,IGNORE,0,WATCH,,0,0,0,NA,NA,NA,NA,NA,WARNING_SOFT,1,0,0,0,0,TREND_REVERSAL_UNCONFIRMED,0,0.45,NONE,1,0,0,0
SOLUSDT,1784660400000,2026-07-21T19:00:00.000Z,NEUTRAL,NONE,0,7.875,IGNORE,0,WATCH,,0,0,0,NA,NA,NA,NA,NA,WARNING_SOFT,1,0,0,0,0,TREND_REVERSAL_UNCONFIRMED,0,0.45,NONE,1,0,0,0
SOLUSDT,1784664000000,2026-07-21T20:00:00.000Z,NEUTRAL,NONE,0,7.875,IGNORE,0,WATCH,,0,0,0,NA,NA,NA,NA,NA,WARNING_SOFT,1,0,0,0,0,TREND_REVERSAL_UNCONFIRMED,0,0.45,NONE,1,0,0,0
SOLUSDT,1784667600000,2026-07-21T21:00:00.000Z,BULL,SHORT,0,7.875,IGNORE,0,WATCH,,0,0,0,NA,NA,NA,NA,NA,WARNING_SOFT,1,0,0,0,0,TREND_REVERSAL_UNCONFIRMED,0,0.45,SHORT,1,0,0,0
SOLUSDT,1784671200000,2026-07-21T22:00:00.000Z,NEUTRAL,NONE,0,7.875,IGNORE,0,WATCH,,0,0,0,NA,NA,NA,NA,NA,WARNING_SOFT,1,0,0,0,0,TREND_REVERSAL_UNCONFIRMED,0,0.45,NONE,1,0,0,0
SOLUSDT,1784674800000,2026-07-21T23:00:00.000Z,BULL,SHORT,0,7.875,IGNORE,0,WATCH,,0,0,0,NA,NA,NA,NA,NA,WARNING_SOFT,1,0,0,0,0,TREND_REVERSAL_UNCONFIRMED,0,0.45,SHORT,1,0,0,0
SOLUSDT,1784678400000,2026-07-22T00:00:00.000Z,BULL,SHORT,0,7.875,IGNORE,0,WATCH,,0,0,0,NA,NA,NA,NA,NA,CLEAR,1,0,0,0,0,TREND_REVERSAL_UNCONFIRMED,0,0.45,SHORT,1,0,0,0
SOLUSDT,1784682000000,2026-07-22T01:00:00.000Z,BULL,SHORT,25,13.5,IGNORE,0,WATCH,,0,0,0,NA,NA,NA,NA,NA,CLEAR,1,0,0,0,0,TREND_REVERSAL_UNCONFIRMED,1,0.45,SHORT,1,0,0,0
SOLUSDT,1784685600000,2026-07-22T02:00:00.000Z,BULL,SHORT,0,7.875,IGNORE,0,WATCH,,0,0,0,NA,NA,NA,NA,NA,CLEAR,1,0,0,0,0,TREND_REVERSAL_UNCONFIRMED,0,0.45,SHORT,1,0,0,0
SOLUSDT,1784689200000,2026-07-22T03:00:00.000Z,NEUTRAL,NONE,0,7.875,IGNORE,0,WATCH,,0,0,0,NA,NA,NA,NA,NA,WARNING_SOFT,1,0,0,0,0,TREND_REVERSAL_UNCONFIRMED,0,0.45,NONE,1,0,0,0
SOLUSDT,1784692800000,2026-07-22T04:00:00.000Z,NEUTRAL,NONE,0,7.875,IGNORE,0,WATCH,,0,0,0,NA,NA,NA,NA,NA,WARNING_SOFT,1,0,0,0,0,TREND_REVERSAL_UNCONFIRMED,0,0.45,NONE,1,0,0,0
SOLUSDT,1784696400000,2026-07-22T05:00:00.000Z,NEUTRAL,NONE,0,7.875,IGNORE,0,WATCH,,0,0,0,NA,NA,NA,NA,NA,BLOCK,0,0,0,0,0,TREND_REVERSAL_UNCONFIRMED,0,0.45,NONE,1,0,0,0
SOLUSDT,1784700000000,2026-07-22T06:00:00.000Z,NEUTRAL,NONE,0,7.875,IGNORE,0,WATCH,,0,0,0,NA,NA,NA,NA,NA,BLOCK,0,0,0,0,0,TREND_REVERSAL_UNCONFIRMED,0,0.45,NONE,1,0,0,0
SOLUSDT,1784703600000,2026-07-22T07:00:00.000Z,NEUTRAL,NONE,0,7.875,IGNORE,0,WATCH,,0,0,0,NA,NA,NA,NA,NA,WARNING_SOFT,1,0,0,0,0,TREND_REVERSAL_UNCONFIRMED,0,0.45,NONE,1,0,0,0
SOLUSDT,1784707200000,2026-07-22T08:00:00.000Z,NEUTRAL,NONE,0,7.875,IGNORE,0,WATCH,,0,0,0,NA,NA,NA,NA,NA,BLOCK,0,0,0,0,0,TREND_REVERSAL_UNCONFIRMED,0,0.45,NONE,1,0,0,0
SOLUSDT,1784710800000,2026-07-22T09:00:00.000Z,NEUTRAL,NONE,0,7.875,IGNORE,0,WATCH,,0,0,0,NA,NA,NA,NA,NA,WARNING_SOFT,1,0,0,0,0,TREND_REVERSAL_UNCONFIRMED,0,0.45,NONE,1,0,0,0
SOLUSDT,1784714400000,2026-07-22T10:00:00.000Z,NEUTRAL,NONE,0,7.875,IGNORE,0,WATCH,,0,0,0,NA,NA,NA,NA,NA,WARNING_SOFT,1,0,0,0,0,TREND_REVERSAL_UNCONFIRMED,0,0.45,NONE,1,0,0,0
SOLUSDT,1784718000000,2026-07-22T11:00:00.000Z,NEUTRAL,NONE,0,7.875,IGNORE,0,WATCH,,0,0,0,NA,NA,NA,NA,NA,WARNING_SOFT,1,0,0,0,0,TREND_REVERSAL_UNCONFIRMED,0,0.45,NONE,1,0,0,0
SOLUSDT,1784721600000,2026-07-22T12:00:00.000Z,NEUTRAL,NONE,0,7.875,IGNORE,0,WATCH,,0,0,0,NA,NA,NA,NA,NA,WARNING_SOFT,1,0,0,0,0,TREND_REVERSAL_UNCONFIRMED,0,0.45,NONE,1,0,0,0
SOLUSDT,1784725200000,2026-07-22T13:00:00.000Z,BULL,SHORT,42.5,18.534375,IGNORE,0,WATCH,,0,0,0,NA,NA,NA,NA,NA,WARNING_SOFT,1,0,0,0,0,TREND_REVERSAL_UNCONFIRMED,2,0.45,SHORT,1,0,0,0
SOLUSDT,1784728800000,2026-07-22T14:00:00.000Z,BULL,SHORT,42.5,18.534375,IGNORE,0,WATCH,,0,0,0,NA,NA,NA,NA,NA,BLOCK,0,0,0,0,0,TREND_REVERSAL_UNCONFIRMED,2,0.45,SHORT,1,0,0,0
SOLUSDT,1784732400000,2026-07-22T15:00:00.000Z,BULL,SHORT,42.5,18.534375,IGNORE,0,WATCH,,0,0,0,NA,NA,NA,NA,NA,CLEAR,1,1,0,0,0,TREND_REVERSAL_UNCONFIRMED,2,0.45,SHORT,1,0,0,0
SOLUSDT,1784736000000,2026-07-22T16:00:00.000Z,BULL,SHORT,33.87505245124997,17.85516038053594,IGNORE,0,WATCH,,0,0,0,NA,NA,NA,NA,NA,CLEAR,1,0,0,0,0,TREND_REVERSAL_UNCONFIRMED,2,0.45,SHORT,1,0,0,0
SOLUSDT,1784739600000,2026-07-22T17:00:00.000Z,BULL,SHORT,42.5,18.534375,IGNORE,0,WATCH,,0,0,0,NA,NA,NA,NA,NA,WARNING_SOFT,1,0,0,0,0,TREND_REVERSAL_UNCONFIRMED,2,0.45,SHORT,1,0,0,0
SOLUSDT,1784743200000,2026-07-22T18:00:00.000Z,NEUTRAL,NONE,0,7.875,IGNORE,0,WATCH,,0,0,0,NA,NA,NA,NA,NA,WARNING_SOFT,1,0,0,0,0,TREND_REVERSAL_UNCONFIRMED,0,0.45,NONE,1,0,0,0
SOLUSDT,1784746800000,2026-07-22T19:00:00.000Z,NEUTRAL,NONE,0,7.875,IGNORE,0,WATCH,,0,0,0,NA,NA,NA,NA,NA,WARNING_SOFT,1,0,0,0,0,TREND_REVERSAL_UNCONFIRMED,0,0.45,NONE,1,0,0,0
SOLUSDT,1784750400000,2026-07-22T20:00:00.000Z,NEUTRAL,NONE,0,7.875,IGNORE,0,WATCH,,0,0,0,NA,NA,NA,NA,NA,WARNING_SOFT,1,0,0,0,0,TREND_REVERSAL_UNCONFIRMED,0,0.45,NONE,1,0,0,0
SOLUSDT,1784754000000,2026-07-22T21:00:00.000Z,BULL,SHORT,0,7.875,IGNORE,0,WATCH,,0,0,0,NA,NA,NA,NA,NA,WARNING_SOFT,1,0,0,0,0,TREND_REVERSAL_UNCONFIRMED,0,0.45,SHORT,1,0,0,0
SOLUSDT,1784757600000,2026-07-22T22:00:00.000Z,BULL,SHORT,0,7.875,IGNORE,0,WATCH,,0,0,0,NA,NA,NA,NA,NA,CLEAR,1,0,0,0,0,TREND_REVERSAL_UNCONFIRMED,0,0.45,SHORT,1,0,0,0
SOLUSDT,1784761200000,2026-07-22T23:00:00.000Z,BULL,SHORT,0,7.875,IGNORE,0,WATCH,,0,0,0,NA,NA,NA,NA,NA,WARNING_SOFT,1,0,0,0,0,TREND_REVERSAL_UNCONFIRMED,0,0.45,SHORT,1,0,0,0
SOLUSDT,1784764800000,2026-07-23T00:00:00.000Z,BULL,SHORT,0,7.875,IGNORE,0,WATCH,,0,0,0,NA,NA,NA,NA,NA,CLEAR,1,0,0,0,0,TREND_REVERSAL_UNCONFIRMED,0,0.45,SHORT,1,0,0,0
SOLUSDT,1784768400000,2026-07-23T01:00:00.000Z,NEUTRAL,NONE,0,7.875,IGNORE,0,WATCH,,0,0,0,NA,NA,NA,NA,NA,WARNING_SOFT,1,0,0,0,0,TREND_REVERSAL_UNCONFIRMED,0,0.45,NONE,1,0,0,0
SOLUSDT,1784772000000,2026-07-23T02:00:00.000Z,NEUTRAL,NONE,0,7.875,IGNORE,0,WATCH,,0,0,0,NA,NA,NA,NA,NA,BLOCK,0,0,0,0,0,TREND_REVERSAL_UNCONFIRMED,0,0.45,NONE,1,0,0,0
SOLUSDT,1784775600000,2026-07-23T03:00:00.000Z,NEUTRAL,NONE,0,7.875,IGNORE,0,WATCH,,0,0,0,NA,NA,NA,NA,NA,WARNING_SOFT,1,0,0,0,0,TREND_REVERSAL_UNCONFIRMED,0,0.45,NONE,1,0,0,0
SOLUSDT,1784779200000,2026-07-23T04:00:00.000Z,NEUTRAL,NONE,0,7.875,IGNORE,0,WATCH,,0,0,0,NA,NA,NA,NA,NA,WARNING_SOFT,1,0,0,0,0,TREND_REVERSAL_UNCONFIRMED,0,0.45,NONE,1,0,0,0
SOLUSDT,1784782800000,2026-07-23T05:00:00.000Z,NEUTRAL,NONE,0,7.875,IGNORE,0,WATCH,,0,0,0,NA,NA,NA,NA,NA,WARNING_SOFT,1,0,0,0,0,TREND_REVERSAL_UNCONFIRMED,0,0.45,NONE,1,0,0,0
SOLUSDT,1784786400000,2026-07-23T06:00:00.000Z,NEUTRAL,NONE,0,7.875,IGNORE,0,WATCH,,0,0,0,NA,NA,NA,NA,NA,WARNING_SOFT,1,0,0,0,0,TREND_REVERSAL_UNCONFIRMED,0,0.45,NONE,1,0,0,0
SOLUSDT,1784790000000,2026-07-23T07:00:00.000Z,NEUTRAL,NONE,0,7.875,IGNORE,0,WATCH,,0,0,0,NA,NA,NA,NA,NA,BLOCK,0,0,0,0,0,TREND_REVERSAL_UNCONFIRMED,0,0.45,NONE,1,0,0,0
SOLUSDT,1784793600000,2026-07-23T08:00:00.000Z,NEUTRAL,NONE,0,7.875,IGNORE,0,WATCH,,0,0,0,NA,NA,NA,NA,NA,WARNING_SOFT,1,0,0,0,0,TREND_REVERSAL_UNCONFIRMED,0,0.45,NONE,1,0,0,0
SOLUSDT,1784797200000,2026-07-23T09:00:00.000Z,BEAR,LONG,17.5,12.909375,IGNORE,0,WATCH,,0,0,0,NA,NA,NA,NA,NA,CLEAR,1,0,0,0,0,TREND_REVERSAL_UNCONFIRMED,1,0.45,LONG,1,0,0,0
SOLUSDT,1784800800000,2026-07-23T10:00:00.000Z,NEUTRAL,NONE,0,7.875,IGNORE,0,WATCH,,0,0,0,NA,NA,NA,NA,NA,WARNING_SOFT,1,0,0,0,0,TREND_REVERSAL_UNCONFIRMED,0,0.45,NONE,1,0,0,0
SOLUSDT,1784804400000,2026-07-23T11:00:00.000Z,BEAR,LONG,0,7.875,IGNORE,0,WATCH,,0,0,0,NA,NA,NA,NA,NA,WARNING_SOFT,1,0,0,0,0,TREND_REVERSAL_UNCONFIRMED,0,0.45,LONG,1,0,0,0
SOLUSDT,1784808000000,2026-07-23T12:00:00.000Z,BEAR,LONG,25,13.5,IGNORE,0,WATCH,,0,0,0,NA,NA,NA,NA,NA,WARNING_SOFT,1,0,0,0,0,TREND_REVERSAL_UNCONFIRMED,1,0.45,LONG,1,0,0,0
SOLUSDT,1784811600000,2026-07-23T13:00:00.000Z,BEAR,LONG,50,19.125,IGNORE,0,WATCH,,0,0,0,NA,NA,NA,NA,NA,CLEAR,1,0,0,0,0,TREND_REVERSAL_UNCONFIRMED,2,0.45,LONG,1,0,0,0
SOLUSDT,1784815200000,2026-07-23T14:00:00.000Z,BEAR,LONG,22.056777435997418,13.268221223084797,IGNORE,0,WATCH,,0,0,0,NA,NA,NA,NA,NA,CLEAR,1,0,0,0,0,TREND_REVERSAL_UNCONFIRMED,1,0.45,LONG,1,0,0,0
SOLUSDT,1784818800000,2026-07-23T15:00:00.000Z,BEAR,LONG,25,13.5,IGNORE,0,WATCH,,0,0,0,NA,NA,NA,NA,NA,CLEAR,1,0,0,0,0,TREND_REVERSAL_UNCONFIRMED,1,0.45,LONG,1,0,0,0
SOLUSDT,1784822400000,2026-07-23T16:00:00.000Z,BEAR,LONG,30.07311057814571,17.555757458028975,IGNORE,0,WATCH,,0,0,0,NA,NA,NA,NA,NA,CLEAR,1,0,0,0,0,TREND_REVERSAL_UNCONFIRMED,2,0.45,LONG,1,0,0,0
SOLUSDT,1784826000000,2026-07-23T17:00:00.000Z,BEAR,LONG,16.319444444444443,12.81640625,IGNORE,0,WATCH,,0,0,0,NA,NA,NA,NA,NA,CLEAR,1,0,0,0,0,TREND_REVERSAL_UNCONFIRMED,1,0.45,LONG,1,0,0,0
SOLUSDT,1784829600000,2026-07-23T18:00:00.000Z,BEAR,LONG,0,7.875,IGNORE,0,WATCH,,0,0,0,NA,NA,NA,NA,NA,CLEAR,1,0,0,0,0,TREND_REVERSAL_UNCONFIRMED,0,0.45,LONG,1,0,0,0
SOLUSDT,1784833200000,2026-07-23T19:00:00.000Z,BEAR,LONG,25,13.5,IGNORE,0,WATCH,,0,0,0,NA,NA,NA,NA,NA,CLEAR,1,0,0,0,0,TREND_REVERSAL_UNCONFIRMED,1,0.45,LONG,1,0,0,0
SOLUSDT,1784836800000,2026-07-23T20:00:00.000Z,BEAR,LONG,0,7.875,IGNORE,0,WATCH,,0,0,0,NA,NA,NA,NA,NA,CLEAR,1,0,0,0,0,TREND_REVERSAL_UNCONFIRMED,0,0.45,LONG,1,0,0,0
SOLUSDT,1784840400000,2026-07-23T21:00:00.000Z,BEAR,LONG,0,7.875,IGNORE,0,WATCH,,0,0,0,NA,NA,NA,NA,NA,CLEAR,1,0,0,0,0,TREND_REVERSAL_UNCONFIRMED,0,0.45,LONG,1,0,0,0
SOLUSDT,1784844000000,2026-07-23T22:00:00.000Z,BEAR,LONG,0,7.875,IGNORE,0,WATCH,,0,0,0,NA,NA,NA,NA,NA,CLEAR,1,0,0,0,0,TREND_REVERSAL_UNCONFIRMED,0,0.45,LONG,1,0,0,0
SOLUSDT,1784847600000,2026-07-23T23:00:00.000Z,BEAR,LONG,0,7.875,IGNORE,0,WATCH,,0,0,0,NA,NA,NA,NA,NA,CLEAR,1,0,0,0,0,TREND_REVERSAL_UNCONFIRMED,0,0.45,LONG,1,0,0,0
SOLUSDT,1784851200000,2026-07-24T00:00:00.000Z,BEAR,LONG,0,7.875,IGNORE,0,WATCH,,0,0,0,NA,NA,NA,NA,NA,CLEAR,1,0,0,0,0,TREND_REVERSAL_UNCONFIRMED,0,0.45,LONG,1,0,0,0
SOLUSDT,1784854800000,2026-07-24T01:00:00.000Z,BEAR,LONG,25,13.5,IGNORE,0,WATCH,,0,0,0,NA,NA,NA,NA,NA,CLEAR,1,0,0,0,0,TREND_REVERSAL_UNCONFIRMED,1,0.45,LONG,1,0,0,0
SOLUSDT,1784858400000,2026-07-24T02:00:00.000Z,BEAR,LONG,12.847222222222221,12.54296875,IGNORE,0,WATCH,,0,0,0,NA,NA,NA,NA,NA,CLEAR,1,0,0,0,0,TREND_REVERSAL_UNCONFIRMED,1,0.45,LONG,1,0,0,0
SOLUSDT,1784862000000,2026-07-24T03:00:00.000Z,BEAR,LONG,0,7.875,IGNORE,0,WATCH,,0,0,0,NA,NA,NA,NA,NA,WARNING_HARD,1,0,0,0,0,TREND_REVERSAL_UNCONFIRMED,0,0.45,LONG,1,0,0,0
SOLUSDT,1784865600000,2026-07-24T04:00:00.000Z,BEAR,LONG,0,7.875,IGNORE,0,WATCH,,0,0,0,NA,NA,NA,NA,NA,WARNING_SOFT,1,0,0,0,0,TREND_REVERSAL_UNCONFIRMED,0,0.45,LONG,1,0,0,0
SOLUSDT,1784869200000,2026-07-24T05:00:00.000Z,BEAR,LONG,0,7.875,IGNORE,0,WATCH,,0,0,0,NA,NA,NA,NA,NA,WARNING_HARD,1,0,0,0,0,TREND_REVERSAL_UNCONFIRMED,0,0.45,LONG,1,0,0,0
SOLUSDT,1784872800000,2026-07-24T06:00:00.000Z,BEAR,LONG,25,13.5,IGNORE,0,WATCH,,0,0,0,NA,NA,NA,NA,NA,WARNING_SOFT,1,0,0,0,0,TREND_REVERSAL_UNCONFIRMED,1,0.45,LONG,1,0,0,0
SOLUSDT,1784876400000,2026-07-24T07:00:00.000Z,BEAR,LONG,15.525126020451623,12.753853674110564,IGNORE,0,WATCH,,0,0,0,NA,NA,NA,NA,NA,BLOCK,0,0,0,0,0,TREND_REVERSAL_UNCONFIRMED,1,0.45,LONG,1,0,0,0
SOLUSDT,1784880000000,2026-07-24T08:00:00.000Z,BEAR,LONG,0,7.875,IGNORE,0,WATCH,,0,0,0,NA,NA,NA,NA,NA,WARNING_SOFT,1,0,0,0,0,TREND_REVERSAL_UNCONFIRMED,0,0.45,LONG,1,0,0,0
SOLUSDT,1784883600000,2026-07-24T09:00:00.000Z,BEAR,LONG,12.787036001060919,12.538229085083548,IGNORE,0,WATCH,,0,0,0,NA,NA,NA,NA,NA,CLEAR,1,0,0,0,0,TREND_REVERSAL_UNCONFIRMED,1,0.45,LONG,1,0,0,0
SOLUSDT,1784887200000,2026-07-24T10:00:00.000Z,BEAR,LONG,12.847222222222221,12.54296875,IGNORE,0,WATCH,,0,0,0,NA,NA,NA,NA,NA,CLEAR,1,0,0,0,0,TREND_REVERSAL_UNCONFIRMED,1,0.45,LONG,1,0,0,0
SOLUSDT,1784890800000,2026-07-24T11:00:00.000Z,BEAR,LONG,20.035858986128957,13.109073895157655,IGNORE,0,WATCH,,0,0,0,NA,NA,NA,NA,NA,CLEAR,1,0,1,0,0,TREND_REVERSAL_UNCONFIRMED,1,0.45,LONG,1,0,0,0
SOLUSDT,1784894400000,2026-07-24T12:00:00.000Z,BEAR,LONG,13.194444444444445,12.5703125,IGNORE,0,WATCH,,0,0,0,NA,NA,NA,NA,NA,CLEAR,1,0,0,0,0,TREND_REVERSAL_UNCONFIRMED,1,0.45,LONG,1,0,0,0
SOLUSDT,1784898000000,2026-07-24T13:00:00.000Z,BEAR,LONG,39.93055555555556,18.33203125,IGNORE,0,WATCH,,0,0,0,NA,NA,NA,NA,NA,CLEAR,1,0,1,0,0,TREND_REVERSAL_UNCONFIRMED,2,0.45,LONG,1,0,0,0
SOLUSDT,1784901600000,2026-07-24T14:00:00.000Z,BEAR,LONG,41.31944444444444,18.44140625,IGNORE,0,WATCH,,0,0,0,NA,NA,NA,NA,NA,CLEAR,1,0,1,0,0,TREND_REVERSAL_UNCONFIRMED,2,0.45,LONG,1,0,0,0
SOLUSDT,1784905200000,2026-07-24T15:00:00.000Z,BEAR,LONG,35.82867170737423,18.009007896955723,IGNORE,0,WATCH,,0,0,0,NA,NA,NA,NA,NA,CLEAR,1,0,0,0,0,TREND_REVERSAL_UNCONFIRMED,2,0.45,LONG,1,0,0,0
SOLUSDT,1784908800000,2026-07-24T16:00:00.000Z,BEAR,LONG,12.847222222222221,12.54296875,IGNORE,0,WATCH,,0,0,0,NA,NA,NA,NA,NA,CLEAR,1,0,0,0,0,TREND_REVERSAL_UNCONFIRMED,1,0.45,LONG,1,0,0,0
SOLUSDT,1784912400000,2026-07-24T17:00:00.000Z,BEAR,LONG,12.847222222222221,12.54296875,IGNORE,0,WATCH,,0,0,0,NA,NA,NA,NA,NA,CLEAR,1,0,0,0,0,TREND_REVERSAL_UNCONFIRMED,1,0.45,LONG,1,0,0,0
SOLUSDT,1784916000000,2026-07-24T18:00:00.000Z,BEAR,LONG,37.84722222222222,18.16796875,IGNORE,0,WATCH,,0,0,0,NA,NA,NA,NA,NA,CLEAR,1,0,0,0,0,TREND_REVERSAL_UNCONFIRMED,2,0.45,LONG,1,0,0,0
SOLUSDT,1784919600000,2026-07-24T19:00:00.000Z,BEAR,LONG,12.847222222222221,12.54296875,IGNORE,0,WATCH,,0,0,0,NA,NA,NA,NA,NA,CLEAR,1,0,0,0,0,TREND_REVERSAL_UNCONFIRMED,1,0.45,LONG,1,0,0,0
SOLUSDT,1784923200000,2026-07-24T20:00:00.000Z,BEAR,LONG,16.319444444444443,12.81640625,IGNORE,0,WATCH,,0,0,0,NA,NA,NA,NA,NA,CLEAR,1,0,0,0,0,TREND_REVERSAL_UNCONFIRMED,1,0.45,LONG,1,0,0,0
SOLUSDT,1784926800000,2026-07-24T21:00:00.000Z,BEAR,LONG,26.091404940028262,17.242198139027224,IGNORE,0,WATCH,,0,0,0,NA,NA,NA,NA,NA,CLEAR,1,0,0,0,0,TREND_REVERSAL_UNCONFIRMED,2,0.45,LONG,1,0,0,0
SOLUSDT,1784930400000,2026-07-24T22:00:00.000Z,BEAR,LONG,0,7.875,IGNORE,0,WATCH,,0,0,0,NA,NA,NA,NA,NA,CLEAR,1,0,0,0,0,TREND_REVERSAL_UNCONFIRMED,0,0.45,LONG,1,0,0,0
SOLUSDT,1784934000000,2026-07-24T23:00:00.000Z,BEAR,LONG,0,7.875,IGNORE,0,WATCH,,0,0,0,NA,NA,NA,NA,NA,CLEAR,1,0,0,0,0,TREND_REVERSAL_UNCONFIRMED,0,0.45,LONG,1,0,0,0
SOLUSDT,1784937600000,2026-07-25T00:00:00.000Z,BEAR,LONG,0,7.875,IGNORE,0,WATCH,,0,0,0,NA,NA,NA,NA,NA,CLEAR,1,0,0,0,0,TREND_REVERSAL_UNCONFIRMED,0,0.45,LONG,1,0,0,0
SOLUSDT,1784941200000,2026-07-25T01:00:00.000Z,BEAR,LONG,0,7.875,IGNORE,0,WATCH,,0,0,0,NA,NA,NA,NA,NA,CLEAR,1,0,0,0,0,TREND_REVERSAL_UNCONFIRMED,0,0.45,LONG,1,0,0,0
SOLUSDT,1784944800000,2026-07-25T02:00:00.000Z,BEAR,LONG,0,7.875,IGNORE,0,WATCH,,0,0,0,NA,NA,NA,NA,NA,WARNING_SOFT,1,0,0,0,0,TREND_REVERSAL_UNCONFIRMED,0,0.45,LONG,1,0,0,0
SOLUSDT,1784948400000,2026-07-25T03:00:00.000Z,BEAR,LONG,0,7.875,IGNORE,0,WATCH,,0,0,0,NA,NA,NA,NA,NA,WARNING_SOFT,1,0,0,0,0,TREND_REVERSAL_UNCONFIRMED,0,0.45,LONG,1,0,0,0
SOLUSDT,1784952000000,2026-07-25T04:00:00.000Z,BEAR,LONG,0,7.875,IGNORE,0,WATCH,,0,0,0,NA,NA,NA,NA,NA,WARNING_SOFT,1,0,0,0,0,TREND_REVERSAL_UNCONFIRMED,0,0.45,LONG,1,0,0,0
SOLUSDT,1784955600000,2026-07-25T05:00:00.000Z,BEAR,LONG,0,7.875,IGNORE,0,WATCH,,0,0,0,NA,NA,NA,NA,NA,WARNING_SOFT,1,0,0,0,0,TREND_REVERSAL_UNCONFIRMED,0,0.45,LONG,1,0,0,0
SOLUSDT,1784959200000,2026-07-25T06:00:00.000Z,BEAR,LONG,0,7.875,IGNORE,0,WATCH,,0,0,0,NA,NA,NA,NA,NA,CLEAR,1,0,0,0,0,TREND_REVERSAL_UNCONFIRMED,0,0.45,LONG,1,0,0,0
SOLUSDT,1784962800000,2026-07-25T07:00:00.000Z,BEAR,LONG,0,7.875,IGNORE,0,WATCH,,0,0,0,NA,NA,NA,NA,NA,CLEAR,1,0,0,0,0,TREND_REVERSAL_UNCONFIRMED,0,0.45,LONG,1,0,0,0
SOLUSDT,1784966400000,2026-07-25T08:00:00.000Z,BEAR,LONG,0,7.875,IGNORE,0,WATCH,,0,0,0,NA,NA,NA,NA,NA,CLEAR,1,0,0,0,0,TREND_REVERSAL_UNCONFIRMED,0,0.45,LONG,1,0,0,0
SOLUSDT,1784970000000,2026-07-25T09:00:00.000Z,BEAR,LONG,25,13.5,IGNORE,0,WATCH,,0,0,0,NA,NA,NA,NA,NA,CLEAR,1,0,0,0,0,TREND_REVERSAL_UNCONFIRMED,1,0.45,LONG,1,0,0,0
SOLUSDT,1784973600000,2026-07-25T10:00:00.000Z,BEAR,LONG,0,7.875,IGNORE,0,WATCH,,0,0,0,NA,NA,NA,NA,NA,CLEAR,1,0,0,0,0,TREND_REVERSAL_UNCONFIRMED,0,0.45,LONG,1,0,0,0
SOLUSDT,1784977200000,2026-07-25T11:00:00.000Z,BEAR,LONG,17.5,12.909375,IGNORE,0,WATCH,,0,0,0,NA,NA,NA,NA,NA,CLEAR,1,0,0,0,0,TREND_REVERSAL_UNCONFIRMED,1,0.45,LONG,1,0,0,0
SOLUSDT,1784980800000,2026-07-25T12:00:00.000Z,BEAR,LONG,42.5,18.534375,IGNORE,0,WATCH,,0,0,0,NA,NA,NA,NA,NA,CLEAR,1,0,0,0,0,TREND_REVERSAL_UNCONFIRMED,2,0.45,LONG,1,0,0,0
SOLUSDT,1784984400000,2026-07-25T13:00:00.000Z,BEAR,LONG,17.5,12.909375,IGNORE,0,WATCH,,0,0,0,NA,NA,NA,NA,NA,WARNING_SOFT,1,0,0,0,0,TREND_REVERSAL_UNCONFIRMED,1,0.45,LONG,1,0,0,0
SOLUSDT,1784988000000,2026-07-25T14:00:00.000Z,BEAR,LONG,34.472273649467766,17.902191549895587,IGNORE,0,WATCH,,0,0,0,NA,NA,NA,NA,NA,CLEAR,1,0,0,0,0,TREND_REVERSAL_UNCONFIRMED,2,0.45,LONG,1,0,0,0
SOLUSDT,1784991600000,2026-07-25T15:00:00.000Z,NEUTRAL,NONE,0,7.875,IGNORE,0,WATCH,,0,0,0,NA,NA,NA,NA,NA,CLEAR,1,0,0,0,0,TREND_REVERSAL_UNCONFIRMED,0,0.45,NONE,1,0,0,0
SOLUSDT,1784995200000,2026-07-25T16:00:00.000Z,NEUTRAL,NONE,0,7.875,IGNORE,0,WATCH,,0,0,0,NA,NA,NA,NA,NA,CLEAR,1,0,0,0,0,TREND_REVERSAL_UNCONFIRMED,0,0.45,NONE,1,0,0,0
SOLUSDT,1784998800000,2026-07-25T17:00:00.000Z,NEUTRAL,NONE,0,7.875,IGNORE,0,WATCH,,0,0,0,NA,NA,NA,NA,NA,CLEAR,1,1,0,0,0,TREND_REVERSAL_UNCONFIRMED,0,0.45,NONE,1,0,0,0
SOLUSDT,1785002400000,2026-07-25T18:00:00.000Z,NEUTRAL,NONE,0,7.875,IGNORE,0,WATCH,,0,0,0,NA,NA,NA,NA,NA,CLEAR,1,0,0,0,0,TREND_REVERSAL_UNCONFIRMED,0,0.45,NONE,1,0,0,0
SOLUSDT,1785006000000,2026-07-25T19:00:00.000Z,NEUTRAL,NONE,0,7.875,IGNORE,0,WATCH,,0,0,0,NA,NA,NA,NA,NA,CLEAR,1,0,0,0,0,TREND_REVERSAL_UNCONFIRMED,0,0.45,NONE,1,0,0,0
SOLUSDT,1785009600000,2026-07-25T20:00:00.000Z,NEUTRAL,NONE,0,7.875,IGNORE,0,WATCH,,0,0,0,NA,NA,NA,NA,NA,CLEAR,1,0,0,0,0,TREND_REVERSAL_UNCONFIRMED,0,0.45,NONE,1,0,0,0
SOLUSDT,1785013200000,2026-07-25T21:00:00.000Z,NEUTRAL,NONE,0,7.875,IGNORE,0,WATCH,,0,0,0,NA,NA,NA,NA,NA,CLEAR,1,0,0,0,0,TREND_REVERSAL_UNCONFIRMED,0,0.45,NONE,1,0,0,0
SOLUSDT,1785016800000,2026-07-25T22:00:00.000Z,NEUTRAL,NONE,0,7.875,IGNORE,0,WATCH,,0,0,0,NA,NA,NA,NA,NA,CLEAR,1,0,0,0,0,TREND_REVERSAL_UNCONFIRMED,0,0.45,NONE,1,0,0,0
SOLUSDT,1785020400000,2026-07-25T23:00:00.000Z,NEUTRAL,NONE,0,7.875,IGNORE,0,WATCH,,0,0,0,NA,NA,NA,NA,NA,CLEAR,1,0,0,0,0,TREND_REVERSAL_UNCONFIRMED,0,0.45,NONE,1,0,0,0
SOLUSDT,1785024000000,2026-07-26T00:00:00.000Z,NEUTRAL,NONE,0,7.875,IGNORE,0,WATCH,,0,0,0,NA,NA,NA,NA,NA,CLEAR,1,0,0,0,0,TREND_REVERSAL_UNCONFIRMED,0,0.45,NONE,1,0,0,0
SOLUSDT,1785027600000,2026-07-26T01:00:00.000Z,NEUTRAL,NONE,0,7.875,IGNORE,0,WATCH,,0,0,0,NA,NA,NA,NA,NA,CLEAR,1,0,0,0,0,TREND_REVERSAL_UNCONFIRMED,0,0.45,NONE,1,0,0,0
SOLUSDT,1785031200000,2026-07-26T02:00:00.000Z,NEUTRAL,NONE,0,7.875,IGNORE,0,WATCH,,0,0,0,NA,NA,NA,NA,NA,CLEAR,1,0,0,0,0,TREND_REVERSAL_UNCONFIRMED,0,0.45,NONE,1,0,0,0
SOLUSDT,1785034800000,2026-07-26T03:00:00.000Z,NEUTRAL,NONE,0,7.875,IGNORE,0,WATCH,,0,0,0,NA,NA,NA,NA,NA,CLEAR,1,0,0,0,0,TREND_REVERSAL_UNCONFIRMED,0,0.45,NONE,1,0,0,0
SOLUSDT,1785038400000,2026-07-26T04:00:00.000Z,NEUTRAL,NONE,0,7.875,IGNORE,0,WATCH,,0,0,0,NA,NA,NA,NA,NA,CLEAR,1,0,0,0,0,TREND_REVERSAL_UNCONFIRMED,0,0.45,NONE,1,0,0,0
SOLUSDT,1785042000000,2026-07-26T05:00:00.000Z,NEUTRAL,NONE,0,7.875,IGNORE,0,WATCH,,0,0,0,NA,NA,NA,NA,NA,CLEAR,1,0,0,0,0,TREND_REVERSAL_UNCONFIRMED,0,0.45,NONE,1,0,0,0
SOLUSDT,1785045600000,2026-07-26T06:00:00.000Z,NEUTRAL,NONE,0,7.875,IGNORE,0,WATCH,,0,0,0,NA,NA,NA,NA,NA,WARNING_SOFT,1,0,0,0,0,TREND_REVERSAL_UNCONFIRMED,0,0.45,NONE,1,0,0,0
SOLUSDT,1785049200000,2026-07-26T07:00:00.000Z,NEUTRAL,NONE,0,7.875,IGNORE,0,WATCH,,0,0,0,NA,NA,NA,NA,NA,WARNING_SOFT,1,0,0,0,0,TREND_REVERSAL_UNCONFIRMED,0,0.45,NONE,1,0,0,0
SOLUSDT,1785052800000,2026-07-26T08:00:00.000Z,NEUTRAL,NONE,0,7.875,IGNORE,0,WATCH,,0,0,0,NA,NA,NA,NA,NA,CLEAR,1,0,0,0,0,TREND_REVERSAL_UNCONFIRMED,0,0.45,NONE,1,0,0,0
SOLUSDT,1785056400000,2026-07-26T09:00:00.000Z,NEUTRAL,NONE,0,7.875,IGNORE,0,WATCH,,0,0,0,NA,NA,NA,NA,NA,CLEAR,1,0,0,0,0,TREND_REVERSAL_UNCONFIRMED,0,0.45,NONE,1,0,0,0
SOLUSDT,1785060000000,2026-07-26T10:00:00.000Z,NEUTRAL,NONE,0,7.875,IGNORE,0,WATCH,,0,0,0,NA,NA,NA,NA,NA,CLEAR,1,0,0,0,0,TREND_REVERSAL_UNCONFIRMED,0,0.45,NONE,1,0,0,0
SOLUSDT,1785063600000,2026-07-26T11:00:00.000Z,NEUTRAL,NONE,0,7.875,IGNORE,0,WATCH,,0,0,0,NA,NA,NA,NA,NA,CLEAR,1,0,0,0,0,TREND_REVERSAL_UNCONFIRMED,0,0.45,NONE,1,0,0,0
SOLUSDT,1785067200000,2026-07-26T12:00:00.000Z,NEUTRAL,NONE,0,7.875,IGNORE,0,WATCH,,0,0,0,NA,NA,NA,NA,NA,CLEAR,1,0,0,0,0,TREND_REVERSAL_UNCONFIRMED,0,0.45,NONE,1,0,0,0
SOLUSDT,1785070800000,2026-07-26T13:00:00.000Z,NEUTRAL,NONE,0,7.875,IGNORE,0,WATCH,,0,0,0,NA,NA,NA,NA,NA,WARNING_SOFT,1,0,0,0,0,TREND_REVERSAL_UNCONFIRMED,0,0.45,NONE,1,0,0,0
SOLUSDT,1785074400000,2026-07-26T14:00:00.000Z,NEUTRAL,NONE,0,7.875,IGNORE,0,WATCH,,0,0,0,NA,NA,NA,NA,NA,BLOCK,0,0,0,0,0,TREND_REVERSAL_UNCONFIRMED,0,0.45,NONE,1,0,0,0
SOLUSDT,1785078000000,2026-07-26T15:00:00.000Z,BULL,SHORT,25,13.5,IGNORE,0,WATCH,,0,0,0,NA,NA,NA,NA,NA,CLEAR,1,0,0,0,0,TREND_REVERSAL_UNCONFIRMED,1,0.45,SHORT,1,0,0,0
SOLUSDT,1785081600000,2026-07-26T16:00:00.000Z,BULL,SHORT,50,19.125,IGNORE,0,WATCH,,0,0,0,NA,NA,NA,NA,NA,CLEAR,1,0,0,0,0,TREND_REVERSAL_UNCONFIRMED,2,0.45,SHORT,1,0,0,0
SOLUSDT,1785085200000,2026-07-26T17:00:00.000Z,BULL,SHORT,0,7.875,IGNORE,0,WATCH,,0,0,0,NA,NA,NA,NA,NA,CLEAR,1,0,0,0,0,TREND_REVERSAL_UNCONFIRMED,0,0.45,SHORT,1,0,0,0
SOLUSDT,1785088800000,2026-07-26T18:00:00.000Z,BULL,SHORT,0,7.875,IGNORE,0,WATCH,,0,0,0,NA,NA,NA,NA,NA,CLEAR,1,0,0,0,0,TREND_REVERSAL_UNCONFIRMED,0,0.45,SHORT,1,0,0,0
SOLUSDT,1785092400000,2026-07-26T19:00:00.000Z,BULL,SHORT,0,7.875,IGNORE,0,WATCH,,0,0,0,NA,NA,NA,NA,NA,CLEAR,1,0,0,0,0,TREND_REVERSAL_UNCONFIRMED,0,0.45,SHORT,1,0,0,0
SOLUSDT,1785096000000,2026-07-26T20:00:00.000Z,BULL,SHORT,0,7.875,IGNORE,0,WATCH,,0,0,0,NA,NA,NA,NA,NA,CLEAR,1,0,0,0,0,TREND_REVERSAL_UNCONFIRMED,0,0.45,SHORT,1,0,0,0
SOLUSDT,1785099600000,2026-07-26T21:00:00.000Z,BULL,SHORT,0,7.875,IGNORE,0,WATCH,,0,0,0,NA,NA,NA,NA,NA,CLEAR,1,0,0,0,0,TREND_REVERSAL_UNCONFIRMED,0,0.45,SHORT,1,0,0,0
SOLUSDT,1785103200000,2026-07-26T22:00:00.000Z,BULL,SHORT,37.84722222222222,18.16796875,IGNORE,0,WATCH,,0,0,0,NA,NA,NA,NA,NA,CLEAR,1,0,0,0,0,TREND_REVERSAL_UNCONFIRMED,2,0.45,SHORT,1,0,0,0
SOLUSDT,1785106800000,2026-07-26T23:00:00.000Z,BULL,SHORT,37.84722222222222,18.16796875,IGNORE,0,WATCH,,0,0,0,NA,NA,NA,NA,NA,CLEAR,1,1,0,0,0,TREND_REVERSAL_UNCONFIRMED,2,0.45,SHORT,1,0,0,0
SOLUSDT,1785110400000,2026-07-27T00:00:00.000Z,BULL,SHORT,41.631820000752185,18.466005825059234,IGNORE,0,WATCH,,0,0,0,NA,NA,NA,NA,NA,CLEAR,1,0,0,0,0,TREND_REVERSAL_UNCONFIRMED,2,0.45,SHORT,1,0,0,0
SOLUSDT,1785114000000,2026-07-27T01:00:00.000Z,BULL,SHORT,15.56873459779913,12.757287849576683,IGNORE,0,WATCH,,0,0,0,NA,NA,NA,NA,NA,CLEAR,1,0,0,0,0,TREND_REVERSAL_UNCONFIRMED,1,0.45,SHORT,1,0,0,0
SOLUSDT,1785117600000,2026-07-27T02:00:00.000Z,BULL,SHORT,0,7.875,IGNORE,0,WATCH,,0,0,0,NA,NA,NA,NA,NA,CLEAR,1,0,0,0,0,TREND_REVERSAL_UNCONFIRMED,0,0.45,SHORT,1,0,0,0
SOLUSDT,1785121200000,2026-07-27T03:00:00.000Z,BULL,SHORT,0,7.875,IGNORE,0,WATCH,,0,0,0,NA,NA,NA,NA,NA,CLEAR,1,0,0,0,0,TREND_REVERSAL_UNCONFIRMED,0,0.45,SHORT,1,0,0,0
SOLUSDT,1785124800000,2026-07-27T04:00:00.000Z,BULL,SHORT,0,7.875,IGNORE,0,WATCH,,0,0,0,NA,NA,NA,NA,NA,CLEAR,1,0,0,0,0,TREND_REVERSAL_UNCONFIRMED,0,0.45,SHORT,1,0,0,0
SOLUSDT,1785128400000,2026-07-27T05:00:00.000Z,BULL,SHORT,0,7.875,IGNORE,0,WATCH,,0,0,0,NA,NA,NA,NA,NA,CLEAR,1,0,0,0,0,TREND_REVERSAL_UNCONFIRMED,0,0.45,SHORT,1,0,0,0
SOLUSDT,1785132000000,2026-07-27T06:00:00.000Z,BULL,SHORT,18.347795540313037,12.976138898799652,IGNORE,0,WATCH,,0,0,0,NA,NA,NA,NA,NA,CLEAR,1,0,0,0,0,TREND_REVERSAL_UNCONFIRMED,1,0.45,SHORT,1,0,0,0
SOLUSDT,1785135600000,2026-07-27T07:00:00.000Z,BULL,SHORT,0,7.875,IGNORE,0,WATCH,,0,0,0,NA,NA,NA,NA,NA,CLEAR,1,0,0,0,0,TREND_REVERSAL_UNCONFIRMED,0,0.45,SHORT,1,0,0,0
SOLUSDT,1785139200000,2026-07-27T08:00:00.000Z,BULL,SHORT,0,7.875,IGNORE,0,WATCH,,0,0,0,NA,NA,NA,NA,NA,CLEAR,1,0,0,0,0,TREND_REVERSAL_UNCONFIRMED,0,0.45,SHORT,1,0,0,0
SOLUSDT,1785142800000,2026-07-27T09:00:00.000Z,BULL,SHORT,17.5,12.909375,IGNORE,0,WATCH,,0,0,0,NA,NA,NA,NA,NA,CLEAR,1,0,0,0,0,TREND_REVERSAL_UNCONFIRMED,1,0.45,SHORT,1,0,0,0
SOLUSDT,1785146400000,2026-07-27T10:00:00.000Z,BULL,SHORT,17.5,12.909375,IGNORE,0,WATCH,,0,0,0,NA,NA,NA,NA,NA,CLEAR,1,0,0,0,0,TREND_REVERSAL_UNCONFIRMED,1,0.45,SHORT,1,0,0,0
SOLUSDT,1785150000000,2026-07-27T11:00:00.000Z,BULL,SHORT,17.5,12.909375,IGNORE,0,WATCH,,0,0,0,NA,NA,NA,NA,NA,CLEAR,1,0,0,0,0,TREND_REVERSAL_UNCONFIRMED,1,0.45,SHORT,1,0,0,0
SOLUSDT,1785153600000,2026-07-27T12:00:00.000Z,BULL,SHORT,42.5,18.534375,IGNORE,0,WATCH,,0,0,0,NA,NA,NA,NA,NA,BLOCK,0,0,0,0,0,TREND_REVERSAL_UNCONFIRMED,2,0.45,SHORT,1,0,0,0
SOLUSDT,1785157200000,2026-07-27T13:00:00.000Z,BULL,SHORT,42.5,18.534375,IGNORE,0,WATCH,,0,0,0,NA,NA,NA,NA,NA,CLEAR,1,0,0,0,0,TREND_REVERSAL_UNCONFIRMED,2,0.45,SHORT,1,0,0,0
SOLUSDT,1785160800000,2026-07-27T14:00:00.000Z,NEUTRAL,NONE,0,7.875,IGNORE,0,WATCH,,0,0,0,NA,NA,NA,NA,NA,BLOCK,0,0,0,0,0,TREND_REVERSAL_UNCONFIRMED,0,0.45,NONE,1,0,0,0
SOLUSDT,1785164400000,2026-07-27T15:00:00.000Z,NEUTRAL,NONE,0,7.875,IGNORE,0,WATCH,,0,0,0,NA,NA,NA,NA,NA,WARNING_SOFT,1,0,0,0,0,TREND_REVERSAL_UNCONFIRMED,0,0.45,NONE,1,0,0,0
SOLUSDT,1785168000000,2026-07-27T16:00:00.000Z,NEUTRAL,NONE,0,7.875,IGNORE,0,WATCH,,0,0,0,NA,NA,NA,NA,NA,WARNING_SOFT,1,0,0,0,0,TREND_REVERSAL_UNCONFIRMED,0,0.45,NONE,1,0,0,0
SOLUSDT,1785171600000,2026-07-27T17:00:00.000Z,NEUTRAL,NONE,0,7.875,IGNORE,0,WATCH,,0,0,0,NA,NA,NA,NA,NA,WARNING_SOFT,1,0,0,0,0,TREND_REVERSAL_UNCONFIRMED,0,0.45,NONE,1,0,0,0
SOLUSDT,1785175200000,2026-07-27T18:00:00.000Z,NEUTRAL,NONE,0,7.875,IGNORE,0,WATCH,,0,0,0,NA,NA,NA,NA,NA,WARNING_SOFT,1,0,0,0,0,TREND_REVERSAL_UNCONFIRMED,0,0.45,NONE,1,0,0,0
SOLUSDT,1785178800000,2026-07-27T19:00:00.000Z,NEUTRAL,NONE,0,7.875,IGNORE,0,WATCH,,0,0,0,NA,NA,NA,NA,NA,WARNING_SOFT,1,0,0,0,0,TREND_REVERSAL_UNCONFIRMED,0,0.45,NONE,1,0,0,0
SOLUSDT,1785182400000,2026-07-27T20:00:00.000Z,NEUTRAL,NONE,0,7.875,IGNORE,0,WATCH,,0,0,0,NA,NA,NA,NA,NA,WARNING_SOFT,1,0,0,0,0,TREND_REVERSAL_UNCONFIRMED,0,0.45,NONE,1,0,0,0
SOLUSDT,1785186000000,2026-07-27T21:00:00.000Z,NEUTRAL,NONE,0,7.875,IGNORE,0,WATCH,,0,0,0,NA,NA,NA,NA,NA,WARNING_SOFT,1,0,0,0,0,TREND_REVERSAL_UNCONFIRMED,0,0.45,NONE,1,0,0,0
SOLUSDT,1785189600000,2026-07-27T22:00:00.000Z,NEUTRAL,NONE,0,7.875,IGNORE,0,WATCH,,0,0,0,NA,NA,NA,NA,NA,WARNING_SOFT,1,0,0,0,0,TREND_REVERSAL_UNCONFIRMED,0,0.45,NONE,1,0,0,0
SOLUSDT,1785193200000,2026-07-27T23:00:00.000Z,NEUTRAL,NONE,0,7.875,IGNORE,0,WATCH,,0,0,0,NA,NA,NA,NA,NA,BLOCK,0,0,0,0,0,TREND_REVERSAL_UNCONFIRMED,0,0.45,NONE,1,0,0,0
SOLUSDT,1785196800000,2026-07-28T00:00:00.000Z,BEAR,LONG,0,7.875,IGNORE,0,WATCH,,0,0,0,NA,NA,NA,NA,NA,CLEAR,1,0,0,0,0,TREND_REVERSAL_UNCONFIRMED,0,0.45,LONG,1,0,0,0
SOLUSDT,1785200400000,2026-07-28T01:00:00.000Z,BEAR,LONG,25,13.5,IGNORE,0,WATCH,,0,0,0,NA,NA,NA,NA,NA,CLEAR,1,0,0,0,0,TREND_REVERSAL_UNCONFIRMED,1,0.45,LONG,1,0,0,0
SOLUSDT,1785204000000,2026-07-28T02:00:00.000Z,BEAR,LONG,25,13.5,IGNORE,0,WATCH,,0,0,0,NA,NA,NA,NA,NA,CLEAR,1,0,0,0,0,TREND_REVERSAL_UNCONFIRMED,1,0.45,LONG,1,0,0,0
SOLUSDT,1785207600000,2026-07-28T03:00:00.000Z,BEAR,LONG,0,7.875,IGNORE,0,WATCH,,0,0,0,NA,NA,NA,NA,NA,CLEAR,1,0,0,0,0,TREND_REVERSAL_UNCONFIRMED,0,0.45,LONG,1,0,0,0
SOLUSDT,1785211200000,2026-07-28T04:00:00.000Z,BEAR,LONG,0,7.875,IGNORE,0,WATCH,,0,0,0,NA,NA,NA,NA,NA,CLEAR,1,0,0,0,0,TREND_REVERSAL_UNCONFIRMED,0,0.45,LONG,1,0,0,0
SOLUSDT,1785214800000,2026-07-28T05:00:00.000Z,BEAR,LONG,0,7.875,IGNORE,0,WATCH,,0,0,0,NA,NA,NA,NA,NA,CLEAR,1,0,0,0,0,TREND_REVERSAL_UNCONFIRMED,0,0.45,LONG,1,0,0,0
SOLUSDT,1785218400000,2026-07-28T06:00:00.000Z,BEAR,LONG,0,7.875,IGNORE,0,WATCH,,0,0,0,NA,NA,NA,NA,NA,CLEAR,1,0,0,0,0,TREND_REVERSAL_UNCONFIRMED,0,0.45,LONG,1,0,0,0
SOLUSDT,1785222000000,2026-07-28T07:00:00.000Z,BEAR,LONG,0,7.875,IGNORE,0,WATCH,,0,0,0,NA,NA,NA,NA,NA,CLEAR,1,0,0,0,0,TREND_REVERSAL_UNCONFIRMED,0,0.45,LONG,1,0,0,0
SOLUSDT,1785225600000,2026-07-28T08:00:00.000Z,BEAR,LONG,0,7.875,IGNORE,0,WATCH,,0,0,0,NA,NA,NA,NA,NA,CLEAR,1,0,0,0,0,TREND_REVERSAL_UNCONFIRMED,0,0.45,LONG,1,0,0,0
SOLUSDT,1785229200000,2026-07-28T09:00:00.000Z,BEAR,LONG,0,7.875,IGNORE,0,WATCH,,0,0,0,NA,NA,NA,NA,NA,CLEAR,1,0,0,0,0,TREND_REVERSAL_UNCONFIRMED,0,0.45,LONG,1,0,0,0
SOLUSDT,1785232800000,2026-07-28T10:00:00.000Z,BEAR,LONG,12.847222222222221,12.54296875,IGNORE,0,WATCH,,0,0,0,NA,NA,NA,NA,NA,CLEAR,1,0,0,0,0,TREND_REVERSAL_UNCONFIRMED,1,0.45,LONG,1,0,0,0
SOLUSDT,1785236400000,2026-07-28T11:00:00.000Z,BEAR,LONG,25,13.5,IGNORE,0,WATCH,,0,0,0,NA,NA,NA,NA,NA,CLEAR,1,0,0,0,0,TREND_REVERSAL_UNCONFIRMED,1,0.45,LONG,1,0,0,0
SOLUSDT,1785240000000,2026-07-28T12:00:00.000Z,BEAR,LONG,0,7.875,IGNORE,0,WATCH,,0,0,0,NA,NA,NA,NA,NA,CLEAR,1,0,0,0,0,TREND_REVERSAL_UNCONFIRMED,0,0.45,LONG,1,0,0,0
SOLUSDT,1785243600000,2026-07-28T13:00:00.000Z,BEAR,LONG,25,13.5,IGNORE,0,WATCH,,0,0,0,NA,NA,NA,NA,NA,CLEAR,1,0,0,0,0,TREND_REVERSAL_UNCONFIRMED,1,0.45,LONG,1,0,0,0
SOLUSDT,1785247200000,2026-07-28T14:00:00.000Z,BEAR,LONG,22.300460567389045,13.287411269681886,IGNORE,0,WATCH,,0,0,0,NA,NA,NA,NA,NA,CLEAR,1,0,0,0,0,TREND_REVERSAL_UNCONFIRMED,1,0.45,LONG,1,0,0,0
SOLUSDT,1785250800000,2026-07-28T15:00:00.000Z,NEUTRAL,NONE,0,7.875,IGNORE,0,WATCH,,0,0,0,NA,NA,NA,NA,NA,CLEAR,1,0,0,0,0,TREND_REVERSAL_UNCONFIRMED,0,0.45,NONE,1,0,0,0
SOLUSDT,1785254400000,2026-07-28T16:00:00.000Z,NEUTRAL,NONE,0,7.875,IGNORE,0,WATCH,,0,0,0,NA,NA,NA,NA,NA,CLEAR,1,0,0,0,0,TREND_REVERSAL_UNCONFIRMED,0,0.45,NONE,1,0,0,0
SOLUSDT,1785258000000,2026-07-28T17:00:00.000Z,BEAR,LONG,0,7.875,IGNORE,0,WATCH,,0,0,0,NA,NA,NA,NA,NA,WARNING_SOFT,1,0,0,0,0,TREND_REVERSAL_UNCONFIRMED,0,0.45,LONG,1,0,0,0
SOLUSDT,1785261600000,2026-07-28T18:00:00.000Z,NEUTRAL,NONE,0,7.875,IGNORE,0,WATCH,,0,0,0,NA,NA,NA,NA,NA,WARNING_SOFT,1,0,0,0,0,TREND_REVERSAL_UNCONFIRMED,0,0.45,NONE,1,0,0,0
SOLUSDT,1785265200000,2026-07-28T19:00:00.000Z,NEUTRAL,NONE,0,7.875,IGNORE,0,WATCH,,0,0,0,NA,NA,NA,NA,NA,CLEAR,1,0,0,0,0,TREND_REVERSAL_UNCONFIRMED,0,0.45,NONE,1,0,0,0
SOLUSDT,1785268800000,2026-07-28T20:00:00.000Z,NEUTRAL,NONE,0,7.875,IGNORE,0,WATCH,,0,0,0,NA,NA,NA,NA,NA,CLEAR,1,0,0,0,0,TREND_REVERSAL_UNCONFIRMED,0,0.45,NONE,1,0,0,0
SOLUSDT,1785272400000,2026-07-28T21:00:00.000Z,NEUTRAL,NONE,0,7.875,IGNORE,0,WATCH,,0,0,0,NA,NA,NA,NA,NA,CLEAR,1,0,0,0,0,TREND_REVERSAL_UNCONFIRMED,0,0.45,NONE,1,0,0,0
SOLUSDT,1785276000000,2026-07-28T22:00:00.000Z,BEAR,LONG,0,7.875,IGNORE,0,WATCH,,0,0,0,NA,NA,NA,NA,NA,WARNING_SOFT,1,0,0,0,0,TREND_REVERSAL_UNCONFIRMED,0,0.45,LONG,1,0,0,0
SOLUSDT,1785279600000,2026-07-28T23:00:00.000Z,BEAR,LONG,0,7.875,IGNORE,0,WATCH,,0,0,0,NA,NA,NA,NA,NA,WARNING_SOFT,1,0,0,0,0,TREND_REVERSAL_UNCONFIRMED,0,0.45,LONG,1,0,0,0
SOLUSDT,1785283200000,2026-07-29T00:00:00.000Z,BEAR,LONG,0,7.875,IGNORE,0,WATCH,,0,0,0,NA,NA,NA,NA,NA,WARNING_SOFT,1,0,0,0,0,TREND_REVERSAL_UNCONFIRMED,0,0.45,LONG,1,0,0,0
SOLUSDT,1785286800000,2026-07-29T01:00:00.000Z,BEAR,LONG,0,7.875,IGNORE,0,WATCH,,0,0,0,NA,NA,NA,NA,NA,CLEAR,1,0,0,0,0,TREND_REVERSAL_UNCONFIRMED,0,0.45,LONG,1,0,0,0
SOLUSDT,1785290400000,2026-07-29T02:00:00.000Z,BEAR,LONG,25,13.5,IGNORE,0,WATCH,,0,0,0,NA,NA,NA,NA,NA,WARNING_HARD,1,0,0,0,0,TREND_REVERSAL_UNCONFIRMED,1,0.45,LONG,1,0,0,0
SOLUSDT,1785294000000,2026-07-29T03:00:00.000Z,BEAR,LONG,0,7.875,IGNORE,0,WATCH,,0,0,0,NA,NA,NA,NA,NA,CLEAR,1,0,0,0,0,TREND_REVERSAL_UNCONFIRMED,0,0.45,LONG,1,0,0,0
SOLUSDT,1785297600000,2026-07-29T04:00:00.000Z,BEAR,LONG,15.673795924512925,12.765561429055394,IGNORE,0,WATCH,,0,0,0,NA,NA,NA,NA,NA,WARNING_HARD,1,0,0,0,0,TREND_REVERSAL_UNCONFIRMED,1,0.45,LONG,1,0,0,0
SOLUSDT,1785301200000,2026-07-29T05:00:00.000Z,BEAR,LONG,0,7.875,IGNORE,0,WATCH,,0,0,0,NA,NA,NA,NA,NA,WARNING_SOFT,1,0,0,0,0,TREND_REVERSAL_UNCONFIRMED,0,0.45,LONG,1,0,0,0
SOLUSDT,1785304800000,2026-07-29T06:00:00.000Z,NEUTRAL,NONE,0,7.875,IGNORE,0,WATCH,,0,0,0,NA,NA,NA,NA,NA,CLEAR,1,0,0,0,0,TREND_REVERSAL_UNCONFIRMED,0,0.45,NONE,1,0,0,0
SOLUSDT,1785308400000,2026-07-29T07:00:00.000Z,NEUTRAL,NONE,0,7.875,IGNORE,0,WATCH,,0,0,0,NA,NA,NA,NA,NA,CLEAR,1,0,0,0,0,TREND_REVERSAL_UNCONFIRMED,0,0.45,NONE,1,0,0,0
SOLUSDT,1785312000000,2026-07-29T08:00:00.000Z,NEUTRAL,NONE,0,7.875,IGNORE,0,WATCH,,0,0,0,NA,NA,NA,NA,NA,CLEAR,1,0,0,0,0,TREND_REVERSAL_UNCONFIRMED,0,0.45,NONE,1,0,0,0
SOLUSDT,1785315600000,2026-07-29T09:00:00.000Z,NEUTRAL,NONE,0,7.875,IGNORE,0,WATCH,,0,0,0,NA,NA,NA,NA,NA,CLEAR,1,0,0,0,0,TREND_REVERSAL_UNCONFIRMED,0,0.45,NONE,1,0,0,0
SOLUSDT,1785319200000,2026-07-29T10:00:00.000Z,NEUTRAL,NONE,0,7.875,IGNORE,0,WATCH,,0,0,0,NA,NA,NA,NA,NA,CLEAR,1,0,0,0,0,TREND_REVERSAL_UNCONFIRMED,0,0.45,NONE,1,0,0,0
SOLUSDT,1785322800000,2026-07-29T11:00:00.000Z,NEUTRAL,NONE,0,7.875,IGNORE,0,WATCH,,0,0,0,NA,NA,NA,NA,NA,CLEAR,1,0,0,0,0,TREND_REVERSAL_UNCONFIRMED,0,0.45,NONE,1,0,0,0
SOLUSDT,1785326400000,2026-07-29T12:00:00.000Z,BEAR,LONG,17.5,12.909375,IGNORE,0,WATCH,,0,0,0,NA,NA,NA,NA,NA,WARNING_HARD,1,0,0,0,0,TREND_REVERSAL_UNCONFIRMED,1,0.45,LONG,1,0,0,0
SOLUSDT,1785330000000,2026-07-29T13:00:00.000Z,BEAR,LONG,59.04690326614073,51.83489478012269,WATCH,1,WATCH,ACTIVE,1,1,0,FAIL,PASS,SKIP,SKIP,PASS,WARNING_SOFT,1,0,0,0,0,MARKET_CONTEXT_DENIED,3,0.84,LONG,0,1,0,0
SOLUSDT,1785333600000,2026-07-29T14:00:00.000Z,BEAR,LONG,40.747847262906355,18.396392971953876,IGNORE,0,WATCH,,0,0,0,NA,NA,NA,NA,NA,CLEAR,1,0,0,0,0,TREND_REVERSAL_UNCONFIRMED,2,0.45,LONG,1,0,0,0
SOLUSDT,1785337200000,2026-07-29T15:00:00.000Z,BEAR,LONG,17.5,12.909375,IGNORE,0,WATCH,,0,0,0,NA,NA,NA,NA,NA,CLEAR,1,0,0,0,0,TREND_REVERSAL_UNCONFIRMED,1,0.45,LONG,1,0,0,0
SOLUSDT,1785340800000,2026-07-29T16:00:00.000Z,BEAR,LONG,33.11669639607727,17.795439841191087,IGNORE,0,WATCH,,0,0,0,NA,NA,NA,NA,NA,CLEAR,1,0,0,0,0,TREND_REVERSAL_UNCONFIRMED,2,0.45,LONG,1,0,0,0
SOLUSDT,1785344400000,2026-07-29T17:00:00.000Z,NEUTRAL,NONE,0,7.875,IGNORE,0,WATCH,,0,0,0,NA,NA,NA,NA,NA,BLOCK,0,0,0,0,0,TREND_REVERSAL_UNCONFIRMED,0,0.45,NONE,1,0,0,0
SOLUSDT,1785348000000,2026-07-29T18:00:00.000Z,NEUTRAL,NONE,0,7.875,IGNORE,0,WATCH,,0,0,0,NA,NA,NA,NA,NA,CLEAR,1,0,0,0,0,TREND_REVERSAL_UNCONFIRMED,0,0.45,NONE,1,0,0,0
SOLUSDT,1785351600000,2026-07-29T19:00:00.000Z,BEAR,LONG,42.5,18.534375,IGNORE,0,WATCH,,0,0,0,NA,NA,NA,NA,NA,WARNING_SOFT,1,0,0,0,0,TREND_REVERSAL_UNCONFIRMED,2,0.45,LONG,1,0,0,0
SOLUSDT,1785355200000,2026-07-29T20:00:00.000Z,BEAR,LONG,39.524234643423576,18.30003347816961,IGNORE,0,WATCH,,0,0,0,NA,NA,NA,NA,NA,CLEAR,1,0,1,0,0,TREND_REVERSAL_UNCONFIRMED,2,0.45,LONG,1,0,0,0
SOLUSDT,1785358800000,2026-07-29T21:00:00.000Z,BEAR,LONG,31.301830838343832,17.65251917851958,IGNORE,0,WATCH,,0,0,0,NA,NA,NA,NA,NA,CLEAR,1,0,0,0,0,TREND_REVERSAL_UNCONFIRMED,2,0.45,LONG,1,0,0,0
SOLUSDT,1785362400000,2026-07-29T22:00:00.000Z,NEUTRAL,NONE,0,7.875,IGNORE,0,WATCH,,0,0,0,NA,NA,NA,NA,NA,BLOCK,0,0,0,0,0,TREND_REVERSAL_UNCONFIRMED,0,0.45,NONE,1,0,0,0
SOLUSDT,1785366000000,2026-07-29T23:00:00.000Z,NEUTRAL,NONE,0,7.875,IGNORE,0,WATCH,,0,0,0,NA,NA,NA,NA,NA,WARNING_SOFT,1,0,0,0,0,TREND_REVERSAL_UNCONFIRMED,0,0.45,NONE,1,0,0,0
SOLUSDT,1785369600000,2026-07-30T00:00:00.000Z,BEAR,LONG,0,7.875,IGNORE,0,WATCH,,0,0,0,NA,NA,NA,NA,NA,WARNING_SOFT,1,0,0,0,0,TREND_REVERSAL_UNCONFIRMED,0,0.45,LONG,1,0,0,0
SOLUSDT,1785373200000,2026-07-30T01:00:00.000Z,NEUTRAL,NONE,0,7.875,IGNORE,0,WATCH,,0,0,0,NA,NA,NA,NA,NA,CLEAR,1,0,0,0,0,TREND_REVERSAL_UNCONFIRMED,0,0.45,NONE,1,0,0,0
SOLUSDT,1785376800000,2026-07-30T02:00:00.000Z,NEUTRAL,NONE,0,7.875,IGNORE,0,WATCH,,0,0,0,NA,NA,NA,NA,NA,CLEAR,1,0,0,0,0,TREND_REVERSAL_UNCONFIRMED,0,0.45,NONE,1,0,0,0
SOLUSDT,1785380400000,2026-07-30T03:00:00.000Z,NEUTRAL,NONE,0,7.875,IGNORE,0,WATCH,,0,0,0,NA,NA,NA,NA,NA,CLEAR,1,0,0,0,0,TREND_REVERSAL_UNCONFIRMED,0,0.45,NONE,1,0,0,0
SOLUSDT,1785384000000,2026-07-30T04:00:00.000Z,BEAR,LONG,0,7.875,IGNORE,0,WATCH,,0,0,0,NA,NA,NA,NA,NA,WARNING_SOFT,1,0,0,0,0,TREND_REVERSAL_UNCONFIRMED,0,0.45,LONG,1,0,0,0
SOLUSDT,1785387600000,2026-07-30T05:00:00.000Z,NEUTRAL,NONE,0,7.875,IGNORE,0,WATCH,,0,0,0,NA,NA,NA,NA,NA,WARNING_SOFT,1,0,0,0,0,TREND_REVERSAL_UNCONFIRMED,0,0.45,NONE,1,0,0,0
SOLUSDT,1785391200000,2026-07-30T06:00:00.000Z,BEAR,LONG,0,7.875,IGNORE,0,WATCH,,0,0,0,NA,NA,NA,NA,NA,WARNING_SOFT,1,0,0,0,0,TREND_REVERSAL_UNCONFIRMED,0,0.45,LONG,1,0,0,0
SOLUSDT,1785394800000,2026-07-30T07:00:00.000Z,BEAR,LONG,0,7.875,IGNORE,0,WATCH,,0,0,0,NA,NA,NA,NA,NA,WARNING_SOFT,1,0,0,0,0,TREND_REVERSAL_UNCONFIRMED,0,0.45,LONG,1,0,0,0
SOLUSDT,1785398400000,2026-07-30T08:00:00.000Z,NEUTRAL,NONE,0,7.875,IGNORE,0,WATCH,,0,0,0,NA,NA,NA,NA,NA,WARNING_SOFT,1,0,0,0,0,TREND_REVERSAL_UNCONFIRMED,0,0.45,NONE,1,0,0,0
SOLUSDT,1785402000000,2026-07-30T09:00:00.000Z,NEUTRAL,NONE,0,7.875,IGNORE,0,WATCH,,0,0,0,NA,NA,NA,NA,NA,CLEAR,1,0,0,0,0,TREND_REVERSAL_UNCONFIRMED,0,0.45,NONE,1,0,0,0
SOLUSDT,1785405600000,2026-07-30T10:00:00.000Z,NEUTRAL,NONE,0,7.875,IGNORE,0,WATCH,,0,0,0,NA,NA,NA,NA,NA,CLEAR,1,0,0,0,0,TREND_REVERSAL_UNCONFIRMED,0,0.45,NONE,1,0,0,0
SOLUSDT,1785409200000,2026-07-30T11:00:00.000Z,NEUTRAL,NONE,0,7.875,IGNORE,0,WATCH,,0,0,0,NA,NA,NA,NA,NA,CLEAR,1,0,0,0,0,TREND_REVERSAL_UNCONFIRMED,0,0.45,NONE,1,0,0,0
SOLUSDT,1785412800000,2026-07-30T12:00:00.000Z,NEUTRAL,NONE,0,7.875,IGNORE,0,WATCH,,0,0,0,NA,NA,NA,NA,NA,CLEAR,1,0,0,0,0,TREND_REVERSAL_UNCONFIRMED,0,0.45,NONE,1,0,0,0
SOLUSDT,1785416400000,2026-07-30T13:00:00.000Z,NEUTRAL,NONE,0,7.875,IGNORE,0,WATCH,,0,0,0,NA,NA,NA,NA,NA,CLEAR,1,1,0,0,0,TREND_REVERSAL_UNCONFIRMED,0,0.45,NONE,1,0,0,0
SOLUSDT,1785420000000,2026-07-30T14:00:00.000Z,BULL,SHORT,60.607052907100545,61.30423677734378,WATCH,1,ACTIVE,ACTIVE,1,1,1,PASS,PASS,SKIP,SKIP,PASS,CLEAR,1,0,0,0,1,,3,0.84,SHORT,0,1,0,0
SOLUSDT,1785423600000,2026-07-30T15:00:00.000Z,BULL,SHORT,17.5,12.909375,IGNORE,0,WATCH,,0,0,0,NA,NA,NA,NA,NA,CLEAR,1,0,0,0,0,TREND_REVERSAL_UNCONFIRMED,1,0.45,SHORT,1,0,0,0
SOLUSDT,1785427200000,2026-07-30T16:00:00.000Z,BULL,SHORT,0,7.875,IGNORE,0,WATCH,,0,0,0,NA,NA,NA,NA,NA,CLEAR,1,0,0,0,0,TREND_REVERSAL_UNCONFIRMED,0,0.45,SHORT,1,0,0,0
SOLUSDT,1785430800000,2026-07-30T17:00:00.000Z,BULL,SHORT,12.847222222222221,12.54296875,IGNORE,0,WATCH,,0,0,0,NA,NA,NA,NA,NA,CLEAR,1,0,0,0,0,TREND_REVERSAL_UNCONFIRMED,1,0.45,SHORT,1,0,0,0
SOLUSDT,1785434400000,2026-07-30T18:00:00.000Z,BULL,SHORT,0,7.875,IGNORE,0,WATCH,,0,0,0,NA,NA,NA,NA,NA,CLEAR,1,0,0,0,0,TREND_REVERSAL_UNCONFIRMED,0,0.45,SHORT,1,0,0,0
SOLUSDT,1785438000000,2026-07-30T19:00:00.000Z,BULL,SHORT,12.847222222222221,12.54296875,IGNORE,0,WATCH,,0,0,0,NA,NA,NA,NA,NA,CLEAR,1,0,0,0,0,TREND_REVERSAL_UNCONFIRMED,1,0.45,SHORT,1,0,0,0
SOLUSDT,1785441600000,2026-07-30T20:00:00.000Z,BULL,SHORT,0,7.875,IGNORE,0,WATCH,,0,0,0,NA,NA,NA,NA,NA,CLEAR,1,0,0,0,0,TREND_REVERSAL_UNCONFIRMED,0,0.45,SHORT,1,0,0,0
SOLUSDT,1785445200000,2026-07-30T21:00:00.000Z,BULL,SHORT,0,7.875,IGNORE,0,WATCH,,0,0,0,NA,NA,NA,NA,NA,WARNING_SOFT,1,0,0,0,0,TREND_REVERSAL_UNCONFIRMED,0,0.45,SHORT,1,0,0,0
SOLUSDT,1785448800000,2026-07-30T22:00:00.000Z,BULL,SHORT,0,7.875,IGNORE,0,WATCH,,0,0,0,NA,NA,NA,NA,NA,CLEAR,1,0,0,0,0,TREND_REVERSAL_UNCONFIRMED,0,0.45,SHORT,1,0,0,0
SOLUSDT,1785452400000,2026-07-30T23:00:00.000Z,BULL,SHORT,18.048390359943596,12.95256074084556,IGNORE,0,WATCH,,0,0,0,NA,NA,NA,NA,NA,CLEAR,1,0,0,0,0,TREND_REVERSAL_UNCONFIRMED,1,0.45,SHORT,1,0,0,0
SOLUSDT,1785456000000,2026-07-31T00:00:00.000Z,BULL,SHORT,0,7.875,IGNORE,0,WATCH,,0,0,0,NA,NA,NA,NA,NA,CLEAR,1,0,0,0,0,TREND_REVERSAL_UNCONFIRMED,0,0.45,SHORT,1,0,0,0
SOLUSDT,1785459600000,2026-07-31T01:00:00.000Z,BULL,SHORT,25,13.5,IGNORE,0,WATCH,,0,0,0,NA,NA,NA,NA,NA,WARNING_HARD,1,0,0,0,0,TREND_REVERSAL_UNCONFIRMED,1,0.45,SHORT,1,0,0,0
SOLUSDT,1785463200000,2026-07-31T02:00:00.000Z,NEUTRAL,NONE,0,7.875,IGNORE,0,WATCH,,0,0,0,NA,NA,NA,NA,NA,BLOCK,0,0,0,0,0,TREND_REVERSAL_UNCONFIRMED,0,0.45,NONE,1,0,0,0
SOLUSDT,1785466800000,2026-07-31T03:00:00.000Z,NEUTRAL,NONE,0,7.875,IGNORE,0,WATCH,,0,0,0,NA,NA,NA,NA,NA,BLOCK,0,0,0,0,0,TREND_REVERSAL_UNCONFIRMED,0,0.45,NONE,1,0,0,0
SOLUSDT,1785470400000,2026-07-31T04:00:00.000Z,NEUTRAL,NONE,0,7.875,IGNORE,0,WATCH,,0,0,0,NA,NA,NA,NA,NA,WARNING_SOFT,1,0,0,0,0,TREND_REVERSAL_UNCONFIRMED,0,0.45,NONE,1,0,0,0
SOLUSDT,1785474000000,2026-07-31T05:00:00.000Z,NEUTRAL,NONE,0,7.875,IGNORE,0,WATCH,,0,0,0,NA,NA,NA,NA,NA,BLOCK,0,0,0,0,0,TREND_REVERSAL_UNCONFIRMED,0,0.45,NONE,1,0,0,0
SOLUSDT,1785477600000,2026-07-31T06:00:00.000Z,NEUTRAL,NONE,0,7.875,IGNORE,0,WATCH,,0,0,0,NA,NA,NA,NA,NA,WARNING_SOFT,1,0,0,0,0,TREND_REVERSAL_UNCONFIRMED,0,0.45,NONE,1,0,0,0
SOLUSDT,1785481200000,2026-07-31T07:00:00.000Z,NEUTRAL,NONE,0,7.875,IGNORE,0,WATCH,,0,0,0,NA,NA,NA,NA,NA,BLOCK,0,0,0,0,0,TREND_REVERSAL_UNCONFIRMED,0,0.45,NONE,1,0,0,0
SOLUSDT,1785484800000,2026-07-31T08:00:00.000Z,NEUTRAL,NONE,0,7.875,IGNORE,0,WATCH,,0,0,0,NA,NA,NA,NA,NA,WARNING_SOFT,1,0,0,0,0,TREND_REVERSAL_UNCONFIRMED,0,0.45,NONE,1,0,0,0
SOLUSDT,1785488400000,2026-07-31T09:00:00.000Z,NEUTRAL,NONE,0,7.875,IGNORE,0,WATCH,,0,0,0,NA,NA,NA,NA,NA,WARNING_SOFT,1,0,0,0,0,TREND_REVERSAL_UNCONFIRMED,0,0.45,NONE,1,0,0,0
SOLUSDT,1785492000000,2026-07-31T10:00:00.000Z,BEAR,LONG,17.5,12.909375,IGNORE,0,WATCH,,0,0,0,NA,NA,NA,NA,NA,CLEAR,1,0,0,0,0,TREND_REVERSAL_UNCONFIRMED,1,0.45,LONG,1,0,0,0
SOLUSDT,1785495600000,2026-07-31T11:00:00.000Z,BEAR,LONG,17.5,12.909375,IGNORE,0,WATCH,,0,0,0,NA,NA,NA,NA,NA,CLEAR,1,0,0,0,0,TREND_REVERSAL_UNCONFIRMED,1,0.45,LONG,1,0,0,0
SOLUSDT,1785499200000,2026-07-31T12:00:00.000Z,BEAR,LONG,17.5,12.909375,IGNORE,0,WATCH,,0,0,0,NA,NA,NA,NA,NA,CLEAR,1,0,0,0,0,TREND_REVERSAL_UNCONFIRMED,1,0.45,LONG,1,0,0,0
SOLUSDT,1785502800000,2026-07-31T13:00:00.000Z,BEAR,LONG,41.31001506072373,18.440663686031993,IGNORE,0,WATCH,,0,0,0,NA,NA,NA,NA,NA,WARNING_SOFT,1,0,0,0,0,TREND_REVERSAL_UNCONFIRMED,2,0.45,LONG,1,0,0,0
SOLUSDT,1785506400000,2026-07-31T14:00:00.000Z,BEAR,LONG,42.5,18.534375,IGNORE,0,WATCH,,0,0,0,NA,NA,NA,NA,NA,CLEAR,1,0,1,0,0,TREND_REVERSAL_UNCONFIRMED,2,0.45,LONG,1,0,0,0
SOLUSDT,1785510000000,2026-07-31T15:00:00.000Z,BEAR,LONG,42.5,18.534375,IGNORE,0,WATCH,,0,0,0,NA,NA,NA,NA,NA,CLEAR,1,0,0,0,0,TREND_REVERSAL_UNCONFIRMED,2,0.45,LONG,1,0,0,0
SOLUSDT,1785513600000,2026-07-31T16:00:00.000Z,BEAR,LONG,17.5,12.909375,IGNORE,0,WATCH,,0,0,0,NA,NA,NA,NA,NA,CLEAR,1,0,0,0,0,TREND_REVERSAL_UNCONFIRMED,1,0.45,LONG,1,0,0,0
SOLUSDT,1785517200000,2026-07-31T17:00:00.000Z,BEAR,LONG,0,7.875,IGNORE,0,WATCH,,0,0,0,NA,NA,NA,NA,NA,CLEAR,1,0,0,0,0,TREND_REVERSAL_UNCONFIRMED,0,0.45,LONG,1,0,0,0
SOLUSDT,1785520800000,2026-07-31T18:00:00.000Z,BEAR,LONG,0,7.875,IGNORE,0,WATCH,,0,0,0,NA,NA,NA,NA,NA,CLEAR,1,0,0,0,0,TREND_REVERSAL_UNCONFIRMED,0,0.45,LONG,1,0,0,0
SOLUSDT,1785524400000,2026-07-31T19:00:00.000Z,BEAR,LONG,0,7.875,IGNORE,0,WATCH,,0,0,0,NA,NA,NA,NA,NA,CLEAR,1,0,0,0,0,TREND_REVERSAL_UNCONFIRMED,0,0.45,LONG,1,0,0,0
SOLUSDT,1785528000000,2026-07-31T20:00:00.000Z,BEAR,LONG,12.847222222222221,12.54296875,IGNORE,0,WATCH,,0,0,0,NA,NA,NA,NA,NA,CLEAR,1,0,0,0,0,TREND_REVERSAL_UNCONFIRMED,1,0.45,LONG,1,0,0,0
SOLUSDT,1785531600000,2026-07-31T21:00:00.000Z,BEAR,LONG,12.847222222222221,12.54296875,IGNORE,0,WATCH,,0,0,0,NA,NA,NA,NA,NA,CLEAR,1,0,0,0,0,TREND_REVERSAL_UNCONFIRMED,1,0.45,LONG,1,0,0,0
SOLUSDT,1785535200000,2026-07-31T22:00:00.000Z,BEAR,LONG,0,7.875,IGNORE,0,WATCH,,0,0,0,NA,NA,NA,NA,NA,CLEAR,1,0,0,0,0,TREND_REVERSAL_UNCONFIRMED,0,0.45,LONG,1,0,0,0
SOLUSDT,1785538800000,2026-07-31T23:00:00.000Z,BEAR,LONG,0,7.875,IGNORE,0,WATCH,,0,0,0,NA,NA,NA,NA,NA,CLEAR,1,0,0,0,0,TREND_REVERSAL_UNCONFIRMED,0,0.45,LONG,1,0,0,0
SOLUSDT,1785542400000,2026-08-01T00:00:00.000Z,BEAR,LONG,25,13.5,IGNORE,0,WATCH,,0,0,0,NA,NA,NA,NA,NA,CLEAR,1,0,0,0,0,TREND_REVERSAL_UNCONFIRMED,1,0.45,LONG,1,0,0,0
SOLUSDT,1785546000000,2026-08-01T01:00:00.000Z,BEAR,LONG,0,7.875,IGNORE,0,WATCH,,0,0,0,NA,NA,NA,NA,NA,WARNING_SOFT,1,0,0,0,0,TREND_REVERSAL_UNCONFIRMED,0,0.45,LONG,1,0,0,0
SOLUSDT,1785549600000,2026-08-01T02:00:00.000Z,BEAR,LONG,0,7.875,IGNORE,0,WATCH,,0,0,0,NA,NA,NA,NA,NA,WARNING_SOFT,1,0,0,0,0,TREND_REVERSAL_UNCONFIRMED,0,0.45,LONG,1,0,0,0
SOLUSDT,1785553200000,2026-08-01T03:00:00.000Z,BEAR,LONG,0,7.875,IGNORE,0,WATCH,,0,0,0,NA,NA,NA,NA,NA,CLEAR,1,0,0,0,0,TREND_REVERSAL_UNCONFIRMED,0,0.45,LONG,1,0,0,0
SOLUSDT,1785556800000,2026-08-01T04:00:00.000Z,BEAR,LONG,0,7.875,IGNORE,0,WATCH,,0,0,0,NA,NA,NA,NA,NA,WARNING_SOFT,1,0,0,0,0,TREND_REVERSAL_UNCONFIRMED,0,0.45,LONG,1,0,0,0
SOLUSDT,1785560400000,2026-08-01T05:00:00.000Z,BEAR,LONG,0,7.875,IGNORE,0,WATCH,,0,0,0,NA,NA,NA,NA,NA,WARNING_SOFT,1,0,0,0,0,TREND_REVERSAL_UNCONFIRMED,0,0.45,LONG,1,0,0,0
SOLUSDT,1785564000000,2026-08-01T06:00:00.000Z,BEAR,LONG,17.5,12.909375,IGNORE,0,WATCH,,0,0,0,NA,NA,NA,NA,NA,CLEAR,1,0,0,0,0,TREND_REVERSAL_UNCONFIRMED,1,0.45,LONG,1,0,0,0
SOLUSDT,1785567600000,2026-08-01T07:00:00.000Z,BEAR,LONG,17.5,12.909375,IGNORE,0,WATCH,,0,0,0,NA,NA,NA,NA,NA,CLEAR,1,0,0,0,0,TREND_REVERSAL_UNCONFIRMED,1,0.45,LONG,1,0,0,0
SOLUSDT,1785571200000,2026-08-01T08:00:00.000Z,BEAR,LONG,25,13.5,IGNORE,0,WATCH,,0,0,0,NA,NA,NA,NA,NA,CLEAR,1,0,0,0,0,TREND_REVERSAL_UNCONFIRMED,1,0.45,LONG,1,0,0,0
SOLUSDT,1785574800000,2026-08-01T09:00:00.000Z,BEAR,LONG,0,7.875,IGNORE,0,WATCH,,0,0,0,NA,NA,NA,NA,NA,CLEAR,1,0,0,0,0,TREND_REVERSAL_UNCONFIRMED,0,0.45,LONG,1,0,0,0
SOLUSDT,1785578400000,2026-08-01T10:00:00.000Z,BEAR,LONG,0,7.875,IGNORE,0,WATCH,,0,0,0,NA,NA,NA,NA,NA,CLEAR,1,0,0,0,0,TREND_REVERSAL_UNCONFIRMED,0,0.45,LONG,1,0,0,0
SOLUSDT,1785582000000,2026-08-01T11:00:00.000Z,BEAR,LONG,0,7.875,IGNORE,0,WATCH,,0,0,0,NA,NA,NA,NA,NA,CLEAR,1,0,0,0,0,TREND_REVERSAL_UNCONFIRMED,0,0.45,LONG,1,0,0,0
SOLUSDT,1785585600000,2026-08-01T12:00:00.000Z,BEAR,LONG,0,7.875,IGNORE,0,WATCH,,0,0,0,NA,NA,NA,NA,NA,CLEAR,1,0,0,0,0,TREND_REVERSAL_UNCONFIRMED,0,0.45,LONG,1,0,0,0
SOLUSDT,1785589200000,2026-08-01T13:00:00.000Z,BEAR,LONG,0,7.875,IGNORE,0,WATCH,,0,0,0,NA,NA,NA,NA,NA,CLEAR,1,0,0,0,0,TREND_REVERSAL_UNCONFIRMED,0,0.45,LONG,1,0,0,0
SOLUSDT,1785592800000,2026-08-01T14:00:00.000Z,BEAR,LONG,25,13.5,IGNORE,0,WATCH,,0,0,0,NA,NA,NA,NA,NA,BLOCK,0,0,0,0,0,TREND_REVERSAL_UNCONFIRMED,1,0.45,LONG,1,0,0,0
SOLUSDT,1785596400000,2026-08-01T15:00:00.000Z,BEAR,LONG,15.409948831640065,12.744783470491654,IGNORE,0,WATCH,,0,0,0,NA,NA,NA,NA,NA,CLEAR,1,0,0,0,0,TREND_REVERSAL_UNCONFIRMED,1,0.45,LONG,1,0,0,0
SOLUSDT,1785600000000,2026-08-01T16:00:00.000Z,BEAR,LONG,25,13.5,IGNORE,0,WATCH,,0,0,0,NA,NA,NA,NA,NA,CLEAR,1,0,0,0,0,TREND_REVERSAL_UNCONFIRMED,1,0.45,LONG,1,0,0,0
SOLUSDT,1785603600000,2026-08-01T17:00:00.000Z,BEAR,LONG,37.84722222222222,18.16796875,IGNORE,0,WATCH,,0,0,0,NA,NA,NA,NA,NA,CLEAR,1,0,1,0,0,TREND_REVERSAL_UNCONFIRMED,2,0.45,LONG,1,0,0,0
SOLUSDT,1785607200000,2026-08-01T18:00:00.000Z,BEAR,LONG,37.84722222222222,18.16796875,IGNORE,0,WATCH,,0,0,0,NA,NA,NA,NA,NA,CLEAR,1,0,1,0,0,TREND_REVERSAL_UNCONFIRMED,2,0.45,LONG,1,0,0,0
SOLUSDT,1785610800000,2026-08-01T19:00:00.000Z,BEAR,LONG,37.84722222222222,18.16796875,IGNORE,0,WATCH,,0,0,0,NA,NA,NA,NA,NA,CLEAR,1,0,0,0,0,TREND_REVERSAL_UNCONFIRMED,2,0.45,LONG,1,0,0,0
SOLUSDT,1785614400000,2026-08-01T20:00:00.000Z,BEAR,LONG,0,7.875,IGNORE,0,WATCH,,0,0,0,NA,NA,NA,NA,NA,CLEAR,1,0,0,0,0,TREND_REVERSAL_UNCONFIRMED,0,0.45,LONG,1,0,0,0
SOLUSDT,1785618000000,2026-08-01T21:00:00.000Z,BEAR,LONG,0,7.875,IGNORE,0,WATCH,,0,0,0,NA,NA,NA,NA,NA,CLEAR,1,0,0,0,0,TREND_REVERSAL_UNCONFIRMED,0,0.45,LONG,1,0,0,0
SOLUSDT,1785621600000,2026-08-01T22:00:00.000Z,BEAR,LONG,0,7.875,IGNORE,0,WATCH,,0,0,0,NA,NA,NA,NA,NA,CLEAR,1,0,0,0,0,TREND_REVERSAL_UNCONFIRMED,0,0.45,LONG,1,0,0,0
SOLUSDT,1785625200000,2026-08-01T23:00:00.000Z,BEAR,LONG,0,7.875,IGNORE,0,WATCH,,0,0,0,NA,NA,NA,NA,NA,CLEAR,1,0,0,0,0,TREND_REVERSAL_UNCONFIRMED,0,0.45,LONG,1,0,0,0
SOLUSDT,1785628800000,2026-08-02T00:00:00.000Z,BEAR,LONG,0,7.875,IGNORE,0,WATCH,,0,0,0,NA,NA,NA,NA,NA,WARNING_SOFT,1,0,0,0,0,TREND_REVERSAL_UNCONFIRMED,0,0.45,LONG,1,0,0,0
SOLUSDT,1785632400000,2026-08-02T01:00:00.000Z,NEUTRAL,NONE,0,7.875,IGNORE,0,WATCH,,0,0,0,NA,NA,NA,NA,NA,CLEAR,1,1,0,0,0,TREND_REVERSAL_UNCONFIRMED,0,0.45,NONE,1,0,0,0
SOLUSDT,1785636000000,2026-08-02T02:00:00.000Z,NEUTRAL,NONE,0,7.875,IGNORE,0,WATCH,,0,0,0,NA,NA,NA,NA,NA,CLEAR,1,1,0,0,0,TREND_REVERSAL_UNCONFIRMED,0,0.45,NONE,1,0,0,0
SOLUSDT,1785639600000,2026-08-02T03:00:00.000Z,NEUTRAL,NONE,0,7.875,IGNORE,0,WATCH,,0,0,0,NA,NA,NA,NA,NA,CLEAR,1,0,0,0,0,TREND_REVERSAL_UNCONFIRMED,0,0.45,NONE,1,0,0,0
SOLUSDT,1785643200000,2026-08-02T04:00:00.000Z,NEUTRAL,NONE,0,7.875,IGNORE,0,WATCH,,0,0,0,NA,NA,NA,NA,NA,CLEAR,1,0,0,0,0,TREND_REVERSAL_UNCONFIRMED,0,0.45,NONE,1,0,0,0
SOLUSDT,1785646800000,2026-08-02T05:00:00.000Z,NEUTRAL,NONE,0,7.875,IGNORE,0,WATCH,,0,0,0,NA,NA,NA,NA,NA,CLEAR,1,0,0,0,0,TREND_REVERSAL_UNCONFIRMED,0,0.45,NONE,1,0,0,0
SOLUSDT,1785650400000,2026-08-02T06:00:00.000Z,NEUTRAL,NONE,0,7.875,IGNORE,0,WATCH,,0,0,0,NA,NA,NA,NA,NA,CLEAR,1,0,0,0,0,TREND_REVERSAL_UNCONFIRMED,0,0.45,NONE,1,0,0,0
SOLUSDT,1785654000000,2026-08-02T07:00:00.000Z,NEUTRAL,NONE,0,7.875,IGNORE,0,WATCH,,0,0,0,NA,NA,NA,NA,NA,CLEAR,1,0,0,0,0,TREND_REVERSAL_UNCONFIRMED,0,0.45,NONE,1,0,0,0
SOLUSDT,1785657600000,2026-08-02T08:00:00.000Z,NEUTRAL,NONE,0,7.875,IGNORE,0,WATCH,,0,0,0,NA,NA,NA,NA,NA,CLEAR,1,0,0,0,0,TREND_REVERSAL_UNCONFIRMED,0,0.45,NONE,1,0,0,0
SOLUSDT,1785661200000,2026-08-02T09:00:00.000Z,NEUTRAL,NONE,0,7.875,IGNORE,0,WATCH,,0,0,0,NA,NA,NA,NA,NA,CLEAR,1,0,0,0,0,TREND_REVERSAL_UNCONFIRMED,0,0.45,NONE,1,0,0,0
SOLUSDT,1785664800000,2026-08-02T10:00:00.000Z,NEUTRAL,NONE,0,7.875,IGNORE,0,WATCH,,0,0,0,NA,NA,NA,NA,NA,CLEAR,1,0,0,0,0,TREND_REVERSAL_UNCONFIRMED,0,0.45,NONE,1,0,0,0
SOLUSDT,1785668400000,2026-08-02T11:00:00.000Z,NEUTRAL,NONE,0,7.875,IGNORE,0,WATCH,,0,0,0,NA,NA,NA,NA,NA,WARNING_SOFT,1,0,0,0,0,TREND_REVERSAL_UNCONFIRMED,0,0.45,NONE,1,0,0,0
SOLUSDT,1785672000000,2026-08-02T12:00:00.000Z,BEAR,LONG,0,7.875,IGNORE,0,WATCH,,0,0,0,NA,NA,NA,NA,NA,WARNING_SOFT,1,0,0,0,0,TREND_REVERSAL_UNCONFIRMED,0,0.45,LONG,1,0,0,0
SOLUSDT,1785675600000,2026-08-02T13:00:00.000Z,NEUTRAL,NONE,0,7.875,IGNORE,0,WATCH,,0,0,0,NA,NA,NA,NA,NA,WARNING_SOFT,1,0,0,0,0,TREND_REVERSAL_UNCONFIRMED,0,0.45,NONE,1,0,0,0
SOLUSDT,1785679200000,2026-08-02T14:00:00.000Z,NEUTRAL,NONE,0,7.875,IGNORE,0,WATCH,,0,0,0,NA,NA,NA,NA,NA,WARNING_SOFT,1,0,0,0,0,TREND_REVERSAL_UNCONFIRMED,0,0.45,NONE,1,0,0,0
SOLUSDT,1785682800000,2026-08-02T15:00:00.000Z,NEUTRAL,NONE,0,7.875,IGNORE,0,WATCH,,0,0,0,NA,NA,NA,NA,NA,WARNING_SOFT,1,0,0,0,0,TREND_REVERSAL_UNCONFIRMED,0,0.45,NONE,1,0,0,0
SOLUSDT,1785686400000,2026-08-02T16:00:00.000Z,NEUTRAL,NONE,0,7.875,IGNORE,0,WATCH,,0,0,0,NA,NA,NA,NA,NA,WARNING_SOFT,1,0,0,0,0,TREND_REVERSAL_UNCONFIRMED,0,0.45,NONE,1,0,0,0
SOLUSDT,1785690000000,2026-08-02T17:00:00.000Z,NEUTRAL,NONE,0,7.875,IGNORE,0,WATCH,,0,0,0,NA,NA,NA,NA,NA,CLEAR,1,0,0,0,0,TREND_REVERSAL_UNCONFIRMED,0,0.45,NONE,1,0,0,0
SOLUSDT,1785693600000,2026-08-02T18:00:00.000Z,BULL,SHORT,16.231792789730342,12.809503682191265,IGNORE,0,WATCH,,0,0,0,NA,NA,NA,NA,NA,CLEAR,1,0,0,0,0,TREND_REVERSAL_UNCONFIRMED,1,0.45,SHORT,1,0,0,0
SOLUSDT,1785697200000,2026-08-02T19:00:00.000Z,BULL,SHORT,12.847222222222221,12.54296875,IGNORE,0,WATCH,,0,0,0,NA,NA,NA,NA,NA,CLEAR,1,0,0,0,0,TREND_REVERSAL_UNCONFIRMED,1,0.45,SHORT,1,0,0,0
SOLUSDT,1785700800000,2026-08-02T20:00:00.000Z,BULL,SHORT,0,7.875,IGNORE,0,WATCH,,0,0,0,NA,NA,NA,NA,NA,CLEAR,1,0,0,0,0,TREND_REVERSAL_UNCONFIRMED,0,0.45,SHORT,1,0,0,0
SOLUSDT,1785704400000,2026-08-02T21:00:00.000Z,BULL,SHORT,16.709672962491712,12.847136745796224,IGNORE,0,WATCH,,0,0,0,NA,NA,NA,NA,NA,CLEAR,1,0,0,0,0,TREND_REVERSAL_UNCONFIRMED,1,0.45,SHORT,1,0,0,0
SOLUSDT,1785708000000,2026-08-02T22:00:00.000Z,BULL,SHORT,38.485875367372266,18.218262685180566,IGNORE,0,WATCH,,0,0,0,NA,NA,NA,NA,NA,CLEAR,1,0,0,0,0,TREND_REVERSAL_UNCONFIRMED,2,0.45,SHORT,1,0,0,0
SOLUSDT,1785711600000,2026-08-02T23:00:00.000Z,BULL,SHORT,0,7.875,IGNORE,0,WATCH,,0,0,0,NA,NA,NA,NA,NA,CLEAR,1,0,0,0,0,TREND_REVERSAL_UNCONFIRMED,0,0.45,SHORT,1,0,0,0
SOLUSDT,1785715200000,2026-08-03T00:00:00.000Z,NEUTRAL,NONE,0,7.875,IGNORE,0,WATCH,,0,0,0,NA,NA,NA,NA,NA,BLOCK,0,0,0,0,0,TREND_REVERSAL_UNCONFIRMED,0,0.45,NONE,1,0,0,0
SOLUSDT,1785718800000,2026-08-03T01:00:00.000Z,NEUTRAL,NONE,0,7.875,IGNORE,0,WATCH,,0,0,0,NA,NA,NA,NA,NA,BLOCK,0,0,0,0,0,TREND_REVERSAL_UNCONFIRMED,0,0.45,NONE,1,0,0,0
SOLUSDT,1785722400000,2026-08-03T02:00:00.000Z,NEUTRAL,NONE,0,7.875,IGNORE,0,WATCH,,0,0,0,NA,NA,NA,NA,NA,WARNING_SOFT,1,0,0,0,0,TREND_REVERSAL_UNCONFIRMED,0,0.45,NONE,1,0,0,0
SOLUSDT,1785726000000,2026-08-03T03:00:00.000Z,NEUTRAL,NONE,0,7.875,IGNORE,0,WATCH,,0,0,0,NA,NA,NA,NA,NA,WARNING_SOFT,1,0,0,0,0,TREND_REVERSAL_UNCONFIRMED,0,0.45,NONE,1,0,0,0
SOLUSDT,1785729600000,2026-08-03T04:00:00.000Z,NEUTRAL,NONE,0,7.875,IGNORE,0,WATCH,,0,0,0,NA,NA,NA,NA,NA,WARNING_SOFT,1,0,0,0,0,TREND_REVERSAL_UNCONFIRMED,0,0.45,NONE,1,0,0,0
SOLUSDT,1785733200000,2026-08-03T05:00:00.000Z,NEUTRAL,NONE,0,7.875,IGNORE,0,WATCH,,0,0,0,NA,NA,NA,NA,NA,WARNING_SOFT,1,0,0,0,0,TREND_REVERSAL_UNCONFIRMED,0,0.45,NONE,1,0,0,0
SOLUSDT,1785736800000,2026-08-03T06:00:00.000Z,NEUTRAL,NONE,0,7.875,IGNORE,0,WATCH,,0,0,0,NA,NA,NA,NA,NA,WARNING_SOFT,1,0,0,0,0,TREND_REVERSAL_UNCONFIRMED,0,0.45,NONE,1,0,0,0
SOLUSDT,1785740400000,2026-08-03T07:00:00.000Z,BEAR,LONG,31.846584683674063,17.69541854383933,IGNORE,0,WATCH,,0,0,0,NA,NA,NA,NA,NA,CLEAR,1,0,0,0,0,TREND_REVERSAL_UNCONFIRMED,2,0.45,LONG,1,0,0,0
SOLUSDT,1785744000000,2026-08-03T08:00:00.000Z,BEAR,LONG,42.5,18.534375,IGNORE,0,WATCH,,0,0,0,NA,NA,NA,NA,NA,CLEAR,1,0,1,0,0,TREND_REVERSAL_UNCONFIRMED,2,0.45,LONG,1,0,0,0
SOLUSDT,1785747600000,2026-08-03T09:00:00.000Z,BEAR,LONG,42.5,18.534375,IGNORE,0,WATCH,,0,0,0,NA,NA,NA,NA,NA,CLEAR,1,0,0,0,0,TREND_REVERSAL_UNCONFIRMED,2,0.45,LONG,1,0,0,0
SOLUSDT,1785751200000,2026-08-03T10:00:00.000Z,BEAR,LONG,17.5,12.909375,IGNORE,0,WATCH,,0,0,0,NA,NA,NA,NA,NA,CLEAR,1,0,0,0,0,TREND_REVERSAL_UNCONFIRMED,1,0.45,LONG,1,0,0,0
SOLUSDT,1785754800000,2026-08-03T11:00:00.000Z,BEAR,LONG,0,7.875,IGNORE,0,WATCH,,0,0,0,NA,NA,NA,NA,NA,CLEAR,1,0,0,0,0,TREND_REVERSAL_UNCONFIRMED,0,0.45,LONG,1,0,0,0
SOLUSDT,1785758400000,2026-08-03T12:00:00.000Z,BEAR,LONG,25,13.5,IGNORE,0,WATCH,,0,0,0,NA,NA,NA,NA,NA,CLEAR,1,0,0,0,0,TREND_REVERSAL_UNCONFIRMED,1,0.45,LONG,1,0,0,0
SOLUSDT,1785762000000,2026-08-03T13:00:00.000Z,NEUTRAL,NONE,0,7.875,IGNORE,0,WATCH,,0,0,0,NA,NA,NA,NA,NA,BLOCK,0,0,0,0,0,TREND_REVERSAL_UNCONFIRMED,0,0.45,NONE,1,0,0,0
SOLUSDT,1785765600000,2026-08-03T14:00:00.000Z,NEUTRAL,NONE,0,7.875,IGNORE,0,WATCH,,0,0,0,NA,NA,NA,NA,NA,CLEAR,1,1,0,0,0,TREND_REVERSAL_UNCONFIRMED,0,0.45,NONE,1,0,0,0
SOLUSDT,1785769200000,2026-08-03T15:00:00.000Z,NEUTRAL,NONE,0,7.875,IGNORE,0,WATCH,,0,0,0,NA,NA,NA,NA,NA,CLEAR,1,0,0,0,0,TREND_REVERSAL_UNCONFIRMED,0,0.45,NONE,1,0,0,0
SOLUSDT,1785772800000,2026-08-03T16:00:00.000Z,BULL,SHORT,14.027147004248913,12.635887826584602,IGNORE,0,WATCH,,0,0,0,NA,NA,NA,NA,NA,CLEAR,1,0,0,0,0,TREND_REVERSAL_UNCONFIRMED,1,0.45,SHORT,1,0,0,0
SOLUSDT,1785776400000,2026-08-03T17:00:00.000Z,BULL,SHORT,0,7.875,IGNORE,0,WATCH,,0,0,0,NA,NA,NA,NA,NA,CLEAR,1,0,0,0,0,TREND_REVERSAL_UNCONFIRMED,0,0.45,SHORT,1,0,0,0
SOLUSDT,1785780000000,2026-08-03T18:00:00.000Z,BULL,SHORT,12.903993111285878,12.547439457513763,IGNORE,0,WATCH,,0,0,0,NA,NA,NA,NA,NA,CLEAR,1,0,0,0,0,TREND_REVERSAL_UNCONFIRMED,1,0.45,SHORT,1,0,0,0
SOLUSDT,1785783600000,2026-08-03T19:00:00.000Z,BULL,SHORT,37.84722222222222,18.16796875,IGNORE,0,WATCH,,0,0,0,NA,NA,NA,NA,NA,CLEAR,1,0,0,0,0,TREND_REVERSAL_UNCONFIRMED,2,0.45,SHORT,1,0,0,0
SOLUSDT,1785787200000,2026-08-03T20:00:00.000Z,BULL,SHORT,0,7.875,IGNORE,0,WATCH,,0,0,0,NA,NA,NA,NA,NA,CLEAR,1,0,0,0,0,TREND_REVERSAL_UNCONFIRMED,0,0.45,SHORT,1,0,0,0
SOLUSDT,1785790800000,2026-08-03T21:00:00.000Z,BULL,SHORT,17.5,12.909375,IGNORE,0,WATCH,,0,0,0,NA,NA,NA,NA,NA,CLEAR,1,0,0,0,0,TREND_REVERSAL_UNCONFIRMED,1,0.45,SHORT,1,0,0,0
SOLUSDT,1785794400000,2026-08-03T22:00:00.000Z,BULL,SHORT,17.5,12.909375,IGNORE,0,WATCH,,0,0,0,NA,NA,NA,NA,NA,WARNING_SOFT,1,0,0,0,0,TREND_REVERSAL_UNCONFIRMED,1,0.45,SHORT,1,0,0,0

# summary
stage,n,note
0_bars_dumped,4319,1H bars in 180d after warmup
0b_non_neutral_trend,2930,BULL|BEAR count during loop
band_lt45,4228,finalConfidence < 45 | 97.89%
band_45_to_75,91,45 ≤ finalConfidence < 75 | 2.11%
band_ge75,0,finalConfidence ≥ 75 | 0.00%
decision_LONG_or_SHORT,0,engine decision LONG|SHORT | 0.00%
ge75_and_LONG_SHORT,0,≥75 AND decision LONG|SHORT | 0.00% of bars; of ≥75: n/a%
trActive,108,preContext or state ACTIVE
trendReversalConfirmed,108,decisionContext.trendReversalConfirmed
eligible,31,isEligibleForDirection
