# v41 decision funnel | NEARUSDT | days=180 | path=RC3 binary TR→Confidence→Decision
# finalConfidence = Confidence Engine (Decision threshold SSOT); confTR = detail.confidence
# bands vs decisionConfig thresholds: ignore/watch floor 45, long/short 75
symbol,openTime,iso,trendDirection,proposedSide,confTR,finalConfidence,decision,trendReversalConfirmed,trState,preContextState,trActive,contextApplied,contextPass,ctxBtc,ctxFunding,ctxOi,ctxWhale,ctxVolatility,ewSeverity,ewPass,momentumLong,momentumShort,momentumPass,eligible,hardBlocks,activeConditionCount,completenessMultiplier,proposedDirection,bandLt45,band45to75,bandGe75,finalPropose
NEARUSDT,1770249600000,2026-02-05T00:00:00.000Z,BEAR,LONG,0,7.875,IGNORE,0,WATCH,,0,0,0,NA,NA,NA,NA,NA,CLEAR,1,0,0,0,0,TREND_REVERSAL_UNCONFIRMED,0,0.45,LONG,1,0,0,0
NEARUSDT,1770253200000,2026-02-05T01:00:00.000Z,BEAR,LONG,17.5,12.909375,IGNORE,0,WATCH,,0,0,0,NA,NA,NA,NA,NA,WARNING_SOFT,1,0,0,0,0,TREND_REVERSAL_UNCONFIRMED,1,0.45,LONG,1,0,0,0
NEARUSDT,1770256800000,2026-02-05T02:00:00.000Z,BEAR,LONG,42.5,18.534375,IGNORE,0,WATCH,,0,0,0,NA,NA,NA,NA,NA,CLEAR,1,0,0,0,0,TREND_REVERSAL_UNCONFIRMED,2,0.45,LONG,1,0,0,0
NEARUSDT,1770260400000,2026-02-05T03:00:00.000Z,BEAR,LONG,17.5,12.909375,IGNORE,0,WATCH,,0,0,0,NA,NA,NA,NA,NA,CLEAR,1,0,0,0,0,TREND_REVERSAL_UNCONFIRMED,1,0.45,LONG,1,0,0,0
NEARUSDT,1770264000000,2026-02-05T04:00:00.000Z,BEAR,LONG,17.5,12.909375,IGNORE,0,WATCH,,0,0,0,NA,NA,NA,NA,NA,CLEAR,1,0,0,0,0,TREND_REVERSAL_UNCONFIRMED,1,0.45,LONG,1,0,0,0
NEARUSDT,1770267600000,2026-02-05T05:00:00.000Z,BEAR,LONG,31.04509577096764,17.632301291963703,IGNORE,0,WATCH,,0,0,0,NA,NA,NA,NA,NA,CLEAR,1,0,0,0,0,TREND_REVERSAL_UNCONFIRMED,2,0.45,LONG,1,0,0,0
NEARUSDT,1770271200000,2026-02-05T06:00:00.000Z,BEAR,LONG,30.34722222222222,17.57734375,IGNORE,0,WATCH,,0,0,0,NA,NA,NA,NA,NA,CLEAR,1,0,0,0,0,TREND_REVERSAL_UNCONFIRMED,2,0.45,LONG,1,0,0,0
NEARUSDT,1770274800000,2026-02-05T07:00:00.000Z,BEAR,LONG,17.5,12.909375,IGNORE,0,WATCH,,0,0,0,NA,NA,NA,NA,NA,CLEAR,1,0,0,0,0,TREND_REVERSAL_UNCONFIRMED,1,0.45,LONG,1,0,0,0
NEARUSDT,1770278400000,2026-02-05T08:00:00.000Z,BEAR,LONG,42.5,18.534375,IGNORE,0,WATCH,,0,0,0,NA,NA,NA,NA,NA,CLEAR,1,0,0,0,0,TREND_REVERSAL_UNCONFIRMED,2,0.45,LONG,1,0,0,0
NEARUSDT,1770282000000,2026-02-05T09:00:00.000Z,BEAR,LONG,0,7.875,IGNORE,0,WATCH,,0,0,0,NA,NA,NA,NA,NA,CLEAR,1,0,0,0,0,TREND_REVERSAL_UNCONFIRMED,0,0.45,LONG,1,0,0,0
NEARUSDT,1770285600000,2026-02-05T10:00:00.000Z,BEAR,LONG,0,7.875,IGNORE,0,WATCH,,0,0,0,NA,NA,NA,NA,NA,CLEAR,1,0,0,0,0,TREND_REVERSAL_UNCONFIRMED,0,0.45,LONG,1,0,0,0
NEARUSDT,1770289200000,2026-02-05T11:00:00.000Z,BEAR,LONG,22.838489304836116,13.329781032755845,IGNORE,0,WATCH,,0,0,0,NA,NA,NA,NA,NA,CLEAR,1,0,0,0,0,TREND_REVERSAL_UNCONFIRMED,1,0.45,LONG,1,0,0,0
NEARUSDT,1770292800000,2026-02-05T12:00:00.000Z,BEAR,LONG,20.064586834990703,13.111336213255518,IGNORE,0,WATCH,,0,0,0,NA,NA,NA,NA,NA,CLEAR,1,0,0,0,0,TREND_REVERSAL_UNCONFIRMED,1,0.45,LONG,1,0,0,0
NEARUSDT,1770296400000,2026-02-05T13:00:00.000Z,BEAR,LONG,0,7.875,IGNORE,0,WATCH,,0,0,0,NA,NA,NA,NA,NA,CLEAR,1,0,0,0,0,TREND_REVERSAL_UNCONFIRMED,0,0.45,LONG,1,0,0,0
NEARUSDT,1770300000000,2026-02-05T14:00:00.000Z,BEAR,LONG,20.1649187024884,13.119237347820961,IGNORE,0,WATCH,,0,0,0,NA,NA,NA,NA,NA,CLEAR,1,1,0,1,0,TREND_REVERSAL_UNCONFIRMED,1,0.45,LONG,1,0,0,0
NEARUSDT,1770303600000,2026-02-05T15:00:00.000Z,BEAR,LONG,39.58333333333333,18.3046875,IGNORE,0,WATCH,,0,0,0,NA,NA,NA,NA,NA,CLEAR,1,0,0,0,0,TREND_REVERSAL_UNCONFIRMED,2,0.45,LONG,1,0,0,0
NEARUSDT,1770307200000,2026-02-05T16:00:00.000Z,BEAR,LONG,37.84722222222222,18.16796875,IGNORE,0,WATCH,,0,0,0,NA,NA,NA,NA,NA,CLEAR,1,0,0,0,0,TREND_REVERSAL_UNCONFIRMED,2,0.45,LONG,1,0,0,0
NEARUSDT,1770310800000,2026-02-05T17:00:00.000Z,BEAR,LONG,39.58333333333333,18.3046875,IGNORE,0,WATCH,,0,0,0,NA,NA,NA,NA,NA,CLEAR,1,0,0,0,0,TREND_REVERSAL_UNCONFIRMED,2,0.45,LONG,1,0,0,0
NEARUSDT,1770314400000,2026-02-05T18:00:00.000Z,BEAR,LONG,39.71303642144082,18.314901618188465,IGNORE,0,WATCH,,0,0,0,NA,NA,NA,NA,NA,CLEAR,1,0,0,0,0,TREND_REVERSAL_UNCONFIRMED,2,0.45,LONG,1,0,0,0
NEARUSDT,1770318000000,2026-02-05T19:00:00.000Z,BEAR,LONG,16.319444444444443,12.81640625,IGNORE,0,WATCH,,0,0,0,NA,NA,NA,NA,NA,CLEAR,1,0,0,0,0,TREND_REVERSAL_UNCONFIRMED,1,0.45,LONG,1,0,0,0
NEARUSDT,1770321600000,2026-02-05T20:00:00.000Z,BEAR,LONG,43.05555555555556,18.578125,IGNORE,0,WATCH,,0,0,0,NA,NA,NA,NA,NA,CLEAR,1,0,0,0,0,TREND_REVERSAL_UNCONFIRMED,2,0.45,LONG,1,0,0,0
NEARUSDT,1770325200000,2026-02-05T21:00:00.000Z,BEAR,LONG,65.87476387567312,62.07859028972395,WATCH,1,ACTIVE,ACTIVE,1,1,1,PASS,PASS,SKIP,SKIP,PASS,CLEAR,1,0,0,0,1,,3,0.84,LONG,0,1,0,0
NEARUSDT,1770328800000,2026-02-05T22:00:00.000Z,BEAR,LONG,16.319444444444443,12.81640625,IGNORE,0,WATCH,,0,0,0,NA,NA,NA,NA,NA,CLEAR,1,0,0,0,0,TREND_REVERSAL_UNCONFIRMED,1,0.45,LONG,1,0,0,0
NEARUSDT,1770332400000,2026-02-05T23:00:00.000Z,BEAR,LONG,16.319444444444443,12.81640625,IGNORE,0,WATCH,,0,0,0,NA,NA,NA,NA,NA,CLEAR,1,0,0,0,0,TREND_REVERSAL_UNCONFIRMED,1,0.45,LONG,1,0,0,0
NEARUSDT,1770336000000,2026-02-06T00:00:00.000Z,BEAR,LONG,43.05555555555556,18.578125,IGNORE,0,WATCH,,0,0,0,NA,NA,NA,NA,NA,CLEAR,1,0,0,0,0,TREND_REVERSAL_UNCONFIRMED,2,0.45,LONG,1,0,0,0
NEARUSDT,1770339600000,2026-02-06T01:00:00.000Z,BEAR,LONG,14.583333333333332,12.6796875,IGNORE,0,WATCH,,0,0,0,NA,NA,NA,NA,NA,CLEAR,1,0,0,0,0,TREND_REVERSAL_UNCONFIRMED,1,0.45,LONG,1,0,0,0
NEARUSDT,1770343200000,2026-02-06T02:00:00.000Z,BEAR,LONG,14.583333333333332,12.6796875,IGNORE,0,WATCH,,0,0,0,NA,NA,NA,NA,NA,CLEAR,1,0,0,0,0,TREND_REVERSAL_UNCONFIRMED,1,0.45,LONG,1,0,0,0
NEARUSDT,1770346800000,2026-02-06T03:00:00.000Z,BEAR,LONG,14.583333333333332,12.6796875,IGNORE,0,WATCH,,0,0,0,NA,NA,NA,NA,NA,CLEAR,1,0,0,0,0,TREND_REVERSAL_UNCONFIRMED,1,0.45,LONG,1,0,0,0
NEARUSDT,1770350400000,2026-02-06T04:00:00.000Z,BEAR,LONG,0,7.875,IGNORE,0,WATCH,,0,0,0,NA,NA,NA,NA,NA,CLEAR,1,0,0,0,0,TREND_REVERSAL_UNCONFIRMED,0,0.45,LONG,1,0,0,0
NEARUSDT,1770354000000,2026-02-06T05:00:00.000Z,BEAR,LONG,0,7.875,IGNORE,0,WATCH,,0,0,0,NA,NA,NA,NA,NA,WARNING_SOFT,1,0,0,0,0,TREND_REVERSAL_UNCONFIRMED,0,0.45,LONG,1,0,0,0
NEARUSDT,1770357600000,2026-02-06T06:00:00.000Z,BEAR,LONG,0,7.875,IGNORE,0,WATCH,,0,0,0,NA,NA,NA,NA,NA,WARNING_SOFT,1,0,0,0,0,TREND_REVERSAL_UNCONFIRMED,0,0.45,LONG,1,0,0,0
NEARUSDT,1770361200000,2026-02-06T07:00:00.000Z,BEAR,LONG,0,7.875,IGNORE,0,WATCH,,0,0,0,NA,NA,NA,NA,NA,CLEAR,1,0,0,0,0,TREND_REVERSAL_UNCONFIRMED,0,0.45,LONG,1,0,0,0
NEARUSDT,1770364800000,2026-02-06T08:00:00.000Z,BEAR,LONG,0,7.875,IGNORE,0,WATCH,,0,0,0,NA,NA,NA,NA,NA,CLEAR,1,0,0,0,0,TREND_REVERSAL_UNCONFIRMED,0,0.45,LONG,1,0,0,0
NEARUSDT,1770368400000,2026-02-06T09:00:00.000Z,BEAR,LONG,0,7.875,IGNORE,0,WATCH,,0,0,0,NA,NA,NA,NA,NA,WARNING_SOFT,1,0,0,0,0,TREND_REVERSAL_UNCONFIRMED,0,0.45,LONG,1,0,0,0
NEARUSDT,1770372000000,2026-02-06T10:00:00.000Z,NEUTRAL,NONE,0,7.875,IGNORE,0,WATCH,,0,0,0,NA,NA,NA,NA,NA,WARNING_SOFT,1,0,0,0,0,TREND_REVERSAL_UNCONFIRMED,0,0.45,NONE,1,0,0,0
NEARUSDT,1770375600000,2026-02-06T11:00:00.000Z,NEUTRAL,NONE,0,7.875,IGNORE,0,WATCH,,0,0,0,NA,NA,NA,NA,NA,CLEAR,1,0,0,0,0,TREND_REVERSAL_UNCONFIRMED,0,0.45,NONE,1,0,0,0
NEARUSDT,1770379200000,2026-02-06T12:00:00.000Z,NEUTRAL,NONE,0,7.875,IGNORE,0,WATCH,,0,0,0,NA,NA,NA,NA,NA,CLEAR,1,0,0,0,0,TREND_REVERSAL_UNCONFIRMED,0,0.45,NONE,1,0,0,0
NEARUSDT,1770382800000,2026-02-06T13:00:00.000Z,NEUTRAL,NONE,0,7.875,IGNORE,0,WATCH,,0,0,0,NA,NA,NA,NA,NA,CLEAR,1,0,0,0,0,TREND_REVERSAL_UNCONFIRMED,0,0.45,NONE,1,0,0,0
NEARUSDT,1770386400000,2026-02-06T14:00:00.000Z,NEUTRAL,NONE,0,7.875,IGNORE,0,WATCH,,0,0,0,NA,NA,NA,NA,NA,CLEAR,1,0,0,0,0,TREND_REVERSAL_UNCONFIRMED,0,0.45,NONE,1,0,0,0
NEARUSDT,1770390000000,2026-02-06T15:00:00.000Z,NEUTRAL,NONE,0,7.875,IGNORE,0,WATCH,,0,0,0,NA,NA,NA,NA,NA,CLEAR,1,0,0,0,0,TREND_REVERSAL_UNCONFIRMED,0,0.45,NONE,1,0,0,0
NEARUSDT,1770393600000,2026-02-06T16:00:00.000Z,NEUTRAL,NONE,0,7.875,IGNORE,0,WATCH,,0,0,0,NA,NA,NA,NA,NA,CLEAR,1,0,0,0,0,TREND_REVERSAL_UNCONFIRMED,0,0.45,NONE,1,0,0,0
NEARUSDT,1770397200000,2026-02-06T17:00:00.000Z,NEUTRAL,NONE,0,7.875,IGNORE,0,WATCH,,0,0,0,NA,NA,NA,NA,NA,CLEAR,1,0,0,0,0,TREND_REVERSAL_UNCONFIRMED,0,0.45,NONE,1,0,0,0
NEARUSDT,1770400800000,2026-02-06T18:00:00.000Z,NEUTRAL,NONE,0,7.875,IGNORE,0,WATCH,,0,0,0,NA,NA,NA,NA,NA,CLEAR,1,0,0,0,0,TREND_REVERSAL_UNCONFIRMED,0,0.45,NONE,1,0,0,0
NEARUSDT,1770404400000,2026-02-06T19:00:00.000Z,NEUTRAL,NONE,0,7.875,IGNORE,0,WATCH,,0,0,0,NA,NA,NA,NA,NA,CLEAR,1,0,0,0,0,TREND_REVERSAL_UNCONFIRMED,0,0.45,NONE,1,0,0,0
NEARUSDT,1770408000000,2026-02-06T20:00:00.000Z,NEUTRAL,NONE,0,7.875,IGNORE,0,WATCH,,0,0,0,NA,NA,NA,NA,NA,CLEAR,1,0,0,0,0,TREND_REVERSAL_UNCONFIRMED,0,0.45,NONE,1,0,0,0
NEARUSDT,1770411600000,2026-02-06T21:00:00.000Z,NEUTRAL,NONE,0,7.875,IGNORE,0,WATCH,,0,0,0,NA,NA,NA,NA,NA,CLEAR,1,0,0,0,0,TREND_REVERSAL_UNCONFIRMED,0,0.45,NONE,1,0,0,0
NEARUSDT,1770415200000,2026-02-06T22:00:00.000Z,NEUTRAL,NONE,0,7.875,IGNORE,0,WATCH,,0,0,0,NA,NA,NA,NA,NA,CLEAR,1,0,0,0,0,TREND_REVERSAL_UNCONFIRMED,0,0.45,NONE,1,0,0,0
NEARUSDT,1770418800000,2026-02-06T23:00:00.000Z,NEUTRAL,NONE,0,7.875,IGNORE,0,WATCH,,0,0,0,NA,NA,NA,NA,NA,CLEAR,1,0,0,0,0,TREND_REVERSAL_UNCONFIRMED,0,0.45,NONE,1,0,0,0
NEARUSDT,1770422400000,2026-02-07T00:00:00.000Z,NEUTRAL,NONE,0,7.875,IGNORE,0,WATCH,,0,0,0,NA,NA,NA,NA,NA,CLEAR,1,0,0,0,0,TREND_REVERSAL_UNCONFIRMED,0,0.45,NONE,1,0,0,0
NEARUSDT,1770426000000,2026-02-07T01:00:00.000Z,NEUTRAL,NONE,0,7.875,IGNORE,0,WATCH,,0,0,0,NA,NA,NA,NA,NA,CLEAR,1,0,0,0,0,TREND_REVERSAL_UNCONFIRMED,0,0.45,NONE,1,0,0,0
NEARUSDT,1770429600000,2026-02-07T02:00:00.000Z,NEUTRAL,NONE,0,7.875,IGNORE,0,WATCH,,0,0,0,NA,NA,NA,NA,NA,CLEAR,1,0,0,0,0,TREND_REVERSAL_UNCONFIRMED,0,0.45,NONE,1,0,0,0
NEARUSDT,1770433200000,2026-02-07T03:00:00.000Z,NEUTRAL,NONE,0,7.875,IGNORE,0,WATCH,,0,0,0,NA,NA,NA,NA,NA,CLEAR,1,0,0,0,0,TREND_REVERSAL_UNCONFIRMED,0,0.45,NONE,1,0,0,0
NEARUSDT,1770436800000,2026-02-07T04:00:00.000Z,NEUTRAL,NONE,0,7.875,IGNORE,0,WATCH,,0,0,0,NA,NA,NA,NA,NA,CLEAR,1,0,0,0,0,TREND_REVERSAL_UNCONFIRMED,0,0.45,NONE,1,0,0,0
NEARUSDT,1770440400000,2026-02-07T05:00:00.000Z,NEUTRAL,NONE,0,7.875,IGNORE,0,WATCH,,0,0,0,NA,NA,NA,NA,NA,CLEAR,1,0,0,0,0,TREND_REVERSAL_UNCONFIRMED,0,0.45,NONE,1,0,0,0
NEARUSDT,1770444000000,2026-02-07T06:00:00.000Z,BEAR,LONG,17.5,12.909375,IGNORE,0,WATCH,,0,0,0,NA,NA,NA,NA,NA,WARNING_SOFT,1,0,0,0,0,TREND_REVERSAL_UNCONFIRMED,1,0.45,LONG,1,0,0,0
NEARUSDT,1770447600000,2026-02-07T07:00:00.000Z,BEAR,LONG,66.65419495174143,62.193166657905984,WATCH,1,ACTIVE,ACTIVE,1,1,1,PASS,PASS,SKIP,SKIP,PASS,CLEAR,1,0,0,0,1,,3,0.84,LONG,0,1,0,0
NEARUSDT,1770451200000,2026-02-07T08:00:00.000Z,BEAR,LONG,17.5,12.909375,IGNORE,0,WATCH,,0,0,0,NA,NA,NA,NA,NA,CLEAR,1,0,0,0,0,TREND_REVERSAL_UNCONFIRMED,1,0.45,LONG,1,0,0,0
NEARUSDT,1770454800000,2026-02-07T09:00:00.000Z,BEAR,LONG,17.5,12.909375,IGNORE,0,WATCH,,0,0,0,NA,NA,NA,NA,NA,CLEAR,1,0,0,0,0,TREND_REVERSAL_UNCONFIRMED,1,0.45,LONG,1,0,0,0
NEARUSDT,1770458400000,2026-02-07T10:00:00.000Z,BEAR,LONG,17.5,12.909375,IGNORE,0,WATCH,,0,0,0,NA,NA,NA,NA,NA,CLEAR,1,0,0,0,0,TREND_REVERSAL_UNCONFIRMED,1,0.45,LONG,1,0,0,0
NEARUSDT,1770462000000,2026-02-07T11:00:00.000Z,BEAR,LONG,17.5,12.909375,IGNORE,0,WATCH,,0,0,0,NA,NA,NA,NA,NA,CLEAR,1,0,0,0,0,TREND_REVERSAL_UNCONFIRMED,1,0.45,LONG,1,0,0,0
NEARUSDT,1770465600000,2026-02-07T12:00:00.000Z,NEUTRAL,NONE,0,7.875,IGNORE,0,WATCH,,0,0,0,NA,NA,NA,NA,NA,WARNING_SOFT,1,0,0,0,0,TREND_REVERSAL_UNCONFIRMED,0,0.45,NONE,1,0,0,0
NEARUSDT,1770469200000,2026-02-07T13:00:00.000Z,NEUTRAL,NONE,0,7.875,IGNORE,0,WATCH,,0,0,0,NA,NA,NA,NA,NA,CLEAR,1,0,0,0,0,TREND_REVERSAL_UNCONFIRMED,0,0.45,NONE,1,0,0,0
NEARUSDT,1770472800000,2026-02-07T14:00:00.000Z,BEAR,LONG,0,7.875,IGNORE,0,WATCH,,0,0,0,NA,NA,NA,NA,NA,WARNING_SOFT,1,0,0,0,0,TREND_REVERSAL_UNCONFIRMED,0,0.45,LONG,1,0,0,0
NEARUSDT,1770476400000,2026-02-07T15:00:00.000Z,NEUTRAL,NONE,0,7.875,IGNORE,0,WATCH,,0,0,0,NA,NA,NA,NA,NA,WARNING_SOFT,1,0,0,0,0,TREND_REVERSAL_UNCONFIRMED,0,0.45,NONE,1,0,0,0
NEARUSDT,1770480000000,2026-02-07T16:00:00.000Z,NEUTRAL,NONE,0,7.875,IGNORE,0,WATCH,,0,0,0,NA,NA,NA,NA,NA,CLEAR,1,0,0,0,0,TREND_REVERSAL_UNCONFIRMED,0,0.45,NONE,1,0,0,0
NEARUSDT,1770483600000,2026-02-07T17:00:00.000Z,NEUTRAL,NONE,0,7.875,IGNORE,0,WATCH,,0,0,0,NA,NA,NA,NA,NA,CLEAR,1,0,0,0,0,TREND_REVERSAL_UNCONFIRMED,0,0.45,NONE,1,0,0,0
NEARUSDT,1770487200000,2026-02-07T18:00:00.000Z,NEUTRAL,NONE,0,7.875,IGNORE,0,WATCH,,0,0,0,NA,NA,NA,NA,NA,CLEAR,1,0,0,0,0,TREND_REVERSAL_UNCONFIRMED,0,0.45,NONE,1,0,0,0
NEARUSDT,1770490800000,2026-02-07T19:00:00.000Z,BULL,SHORT,0,7.875,IGNORE,0,WATCH,,0,0,0,NA,NA,NA,NA,NA,CLEAR,1,0,0,0,0,TREND_REVERSAL_UNCONFIRMED,0,0.45,SHORT,1,0,0,0
NEARUSDT,1770494400000,2026-02-07T20:00:00.000Z,BULL,SHORT,25,13.5,IGNORE,0,WATCH,,0,0,0,NA,NA,NA,NA,NA,CLEAR,1,0,0,0,0,TREND_REVERSAL_UNCONFIRMED,1,0.45,SHORT,1,0,0,0
NEARUSDT,1770498000000,2026-02-07T21:00:00.000Z,BULL,SHORT,0,7.875,IGNORE,0,WATCH,,0,0,0,NA,NA,NA,NA,NA,CLEAR,1,0,0,0,0,TREND_REVERSAL_UNCONFIRMED,0,0.45,SHORT,1,0,0,0
NEARUSDT,1770501600000,2026-02-07T22:00:00.000Z,BULL,SHORT,0,7.875,IGNORE,0,WATCH,,0,0,0,NA,NA,NA,NA,NA,WARNING_SOFT,1,0,0,0,0,TREND_REVERSAL_UNCONFIRMED,0,0.45,SHORT,1,0,0,0
NEARUSDT,1770505200000,2026-02-07T23:00:00.000Z,BULL,SHORT,0,7.875,IGNORE,0,WATCH,,0,0,0,NA,NA,NA,NA,NA,WARNING_SOFT,1,0,0,0,0,TREND_REVERSAL_UNCONFIRMED,0,0.45,SHORT,1,0,0,0
NEARUSDT,1770508800000,2026-02-08T00:00:00.000Z,NEUTRAL,NONE,0,7.875,IGNORE,0,WATCH,,0,0,0,NA,NA,NA,NA,NA,WARNING_SOFT,1,0,0,0,0,TREND_REVERSAL_UNCONFIRMED,0,0.45,NONE,1,0,0,0
NEARUSDT,1770512400000,2026-02-08T01:00:00.000Z,NEUTRAL,NONE,0,7.875,IGNORE,0,WATCH,,0,0,0,NA,NA,NA,NA,NA,WARNING_SOFT,1,0,0,0,0,TREND_REVERSAL_UNCONFIRMED,0,0.45,NONE,1,0,0,0
NEARUSDT,1770516000000,2026-02-08T02:00:00.000Z,NEUTRAL,NONE,0,7.875,IGNORE,0,WATCH,,0,0,0,NA,NA,NA,NA,NA,WARNING_SOFT,1,0,0,0,0,TREND_REVERSAL_UNCONFIRMED,0,0.45,NONE,1,0,0,0
NEARUSDT,1770519600000,2026-02-08T03:00:00.000Z,NEUTRAL,NONE,0,7.875,IGNORE,0,WATCH,,0,0,0,NA,NA,NA,NA,NA,WARNING_SOFT,1,0,0,0,0,TREND_REVERSAL_UNCONFIRMED,0,0.45,NONE,1,0,0,0
NEARUSDT,1770523200000,2026-02-08T04:00:00.000Z,BEAR,LONG,0,7.875,IGNORE,0,WATCH,,0,0,0,NA,NA,NA,NA,NA,WARNING_SOFT,1,0,0,0,0,TREND_REVERSAL_UNCONFIRMED,0,0.45,LONG,1,0,0,0
NEARUSDT,1770526800000,2026-02-08T05:00:00.000Z,BEAR,LONG,0,7.875,IGNORE,0,WATCH,,0,0,0,NA,NA,NA,NA,NA,WARNING_SOFT,1,0,0,0,0,TREND_REVERSAL_UNCONFIRMED,0,0.45,LONG,1,0,0,0
NEARUSDT,1770530400000,2026-02-08T06:00:00.000Z,BEAR,LONG,0,7.875,IGNORE,0,WATCH,,0,0,0,NA,NA,NA,NA,NA,WARNING_SOFT,1,0,0,0,0,TREND_REVERSAL_UNCONFIRMED,0,0.45,LONG,1,0,0,0
NEARUSDT,1770534000000,2026-02-08T07:00:00.000Z,BEAR,LONG,25,13.5,IGNORE,0,WATCH,,0,0,0,NA,NA,NA,NA,NA,WARNING_SOFT,1,0,0,0,0,TREND_REVERSAL_UNCONFIRMED,1,0.45,LONG,1,0,0,0
NEARUSDT,1770537600000,2026-02-08T08:00:00.000Z,NEUTRAL,NONE,0,7.875,IGNORE,0,WATCH,,0,0,0,NA,NA,NA,NA,NA,WARNING_SOFT,1,0,0,0,0,TREND_REVERSAL_UNCONFIRMED,0,0.45,NONE,1,0,0,0
NEARUSDT,1770541200000,2026-02-08T09:00:00.000Z,BEAR,LONG,0,7.875,IGNORE,0,WATCH,,0,0,0,NA,NA,NA,NA,NA,BLOCK,0,0,0,0,0,TREND_REVERSAL_UNCONFIRMED,0,0.45,LONG,1,0,0,0
NEARUSDT,1770544800000,2026-02-08T10:00:00.000Z,BEAR,LONG,0,7.875,IGNORE,0,WATCH,,0,0,0,NA,NA,NA,NA,NA,WARNING_HARD,1,0,0,0,0,TREND_REVERSAL_UNCONFIRMED,0,0.45,LONG,1,0,0,0
NEARUSDT,1770548400000,2026-02-08T11:00:00.000Z,NEUTRAL,NONE,0,7.875,IGNORE,0,WATCH,,0,0,0,NA,NA,NA,NA,NA,WARNING_SOFT,1,0,0,0,0,TREND_REVERSAL_UNCONFIRMED,0,0.45,NONE,1,0,0,0
NEARUSDT,1770552000000,2026-02-08T12:00:00.000Z,NEUTRAL,NONE,0,7.875,IGNORE,0,WATCH,,0,0,0,NA,NA,NA,NA,NA,CLEAR,1,0,0,0,0,TREND_REVERSAL_UNCONFIRMED,0,0.45,NONE,1,0,0,0
NEARUSDT,1770555600000,2026-02-08T13:00:00.000Z,BEAR,LONG,41.40557346078062,18.448188910036475,IGNORE,0,WATCH,,0,0,0,NA,NA,NA,NA,NA,BLOCK,0,0,0,0,0,TREND_REVERSAL_UNCONFIRMED,2,0.45,LONG,1,0,0,0
NEARUSDT,1770559200000,2026-02-08T14:00:00.000Z,NEUTRAL,NONE,0,7.875,IGNORE,0,WATCH,,0,0,0,NA,NA,NA,NA,NA,BLOCK,0,0,0,0,0,TREND_REVERSAL_UNCONFIRMED,0,0.45,NONE,1,0,0,0
NEARUSDT,1770562800000,2026-02-08T15:00:00.000Z,BEAR,LONG,41.28313562562862,18.438546930518257,IGNORE,0,WATCH,,0,0,0,NA,NA,NA,NA,NA,WARNING_HARD,1,0,0,0,0,TREND_REVERSAL_UNCONFIRMED,2,0.45,LONG,1,0,0,0
NEARUSDT,1770566400000,2026-02-08T16:00:00.000Z,BEAR,LONG,42.5,18.534375,IGNORE,0,WATCH,,0,0,0,NA,NA,NA,NA,NA,WARNING_SOFT,1,0,0,0,0,TREND_REVERSAL_UNCONFIRMED,2,0.45,LONG,1,0,0,0
NEARUSDT,1770570000000,2026-02-08T17:00:00.000Z,BEAR,LONG,31.22499816139254,17.646468605209662,IGNORE,0,WATCH,,0,0,0,NA,NA,NA,NA,NA,WARNING_HARD,1,0,0,0,0,TREND_REVERSAL_UNCONFIRMED,2,0.45,LONG,1,0,0,0
NEARUSDT,1770573600000,2026-02-08T18:00:00.000Z,BEAR,LONG,42.5,18.534375,IGNORE,0,WATCH,,0,0,0,NA,NA,NA,NA,NA,WARNING_SOFT,1,0,0,0,0,TREND_REVERSAL_UNCONFIRMED,2,0.45,LONG,1,0,0,0
NEARUSDT,1770577200000,2026-02-08T19:00:00.000Z,BEAR,LONG,0,7.875,IGNORE,0,WATCH,,0,0,0,NA,NA,NA,NA,NA,WARNING_SOFT,1,0,0,0,0,TREND_REVERSAL_UNCONFIRMED,0,0.45,LONG,1,0,0,0
NEARUSDT,1770580800000,2026-02-08T20:00:00.000Z,BEAR,LONG,0,7.875,IGNORE,0,WATCH,,0,0,0,NA,NA,NA,NA,NA,WARNING_SOFT,1,0,0,0,0,TREND_REVERSAL_UNCONFIRMED,0,0.45,LONG,1,0,0,0
NEARUSDT,1770584400000,2026-02-08T21:00:00.000Z,BEAR,LONG,0,7.875,IGNORE,0,WATCH,,0,0,0,NA,NA,NA,NA,NA,WARNING_SOFT,1,0,0,0,0,TREND_REVERSAL_UNCONFIRMED,0,0.45,LONG,1,0,0,0
NEARUSDT,1770588000000,2026-02-08T22:00:00.000Z,BEAR,LONG,25,13.5,IGNORE,0,WATCH,,0,0,0,NA,NA,NA,NA,NA,WARNING_SOFT,1,0,0,0,0,TREND_REVERSAL_UNCONFIRMED,1,0.45,LONG,1,0,0,0
NEARUSDT,1770591600000,2026-02-08T23:00:00.000Z,BEAR,LONG,25,13.5,IGNORE,0,WATCH,,0,0,0,NA,NA,NA,NA,NA,CLEAR,1,0,0,0,0,TREND_REVERSAL_UNCONFIRMED,1,0.45,LONG,1,0,0,0
NEARUSDT,1770595200000,2026-02-09T00:00:00.000Z,BEAR,LONG,0,7.875,IGNORE,0,WATCH,,0,0,0,NA,NA,NA,NA,NA,CLEAR,1,0,0,0,0,TREND_REVERSAL_UNCONFIRMED,0,0.45,LONG,1,0,0,0
NEARUSDT,1770598800000,2026-02-09T01:00:00.000Z,BEAR,LONG,0,7.875,IGNORE,0,WATCH,,0,0,0,NA,NA,NA,NA,NA,WARNING_SOFT,1,0,0,0,0,TREND_REVERSAL_UNCONFIRMED,0,0.45,LONG,1,0,0,0
NEARUSDT,1770602400000,2026-02-09T02:00:00.000Z,BEAR,LONG,0,7.875,IGNORE,0,WATCH,,0,0,0,NA,NA,NA,NA,NA,CLEAR,1,0,0,0,0,TREND_REVERSAL_UNCONFIRMED,0,0.45,LONG,1,0,0,0
NEARUSDT,1770606000000,2026-02-09T03:00:00.000Z,BEAR,LONG,0,7.875,IGNORE,0,WATCH,,0,0,0,NA,NA,NA,NA,NA,WARNING_SOFT,1,0,0,0,0,TREND_REVERSAL_UNCONFIRMED,0,0.45,LONG,1,0,0,0
NEARUSDT,1770609600000,2026-02-09T04:00:00.000Z,BEAR,LONG,0,7.875,IGNORE,0,WATCH,,0,0,0,NA,NA,NA,NA,NA,WARNING_SOFT,1,0,0,0,0,TREND_REVERSAL_UNCONFIRMED,0,0.45,LONG,1,0,0,0
NEARUSDT,1770613200000,2026-02-09T05:00:00.000Z,BEAR,LONG,25,13.5,IGNORE,0,WATCH,,0,0,0,NA,NA,NA,NA,NA,WARNING_SOFT,1,0,0,0,0,TREND_REVERSAL_UNCONFIRMED,1,0.45,LONG,1,0,0,0
NEARUSDT,1770616800000,2026-02-09T06:00:00.000Z,BEAR,LONG,18.844054743387083,13.015219311041733,IGNORE,0,WATCH,,0,0,0,NA,NA,NA,NA,NA,CLEAR,1,0,0,0,0,TREND_REVERSAL_UNCONFIRMED,1,0.45,LONG,1,0,0,0
NEARUSDT,1770620400000,2026-02-09T07:00:00.000Z,BEAR,LONG,0,7.875,IGNORE,0,WATCH,,0,0,0,NA,NA,NA,NA,NA,CLEAR,1,0,0,0,0,TREND_REVERSAL_UNCONFIRMED,0,0.45,LONG,1,0,0,0
NEARUSDT,1770624000000,2026-02-09T08:00:00.000Z,BEAR,LONG,21.220217693403562,13.20234214335553,IGNORE,0,WATCH,,0,0,0,NA,NA,NA,NA,NA,CLEAR,1,0,1,0,0,TREND_REVERSAL_UNCONFIRMED,1,0.45,LONG,1,0,0,0
NEARUSDT,1770627600000,2026-02-09T09:00:00.000Z,BEAR,LONG,0,7.875,IGNORE,0,WATCH,,0,0,0,NA,NA,NA,NA,NA,CLEAR,1,0,0,0,0,TREND_REVERSAL_UNCONFIRMED,0,0.45,LONG,1,0,0,0
NEARUSDT,1770631200000,2026-02-09T10:00:00.000Z,BEAR,LONG,39.93055555555556,18.33203125,IGNORE,0,WATCH,,0,0,0,NA,NA,NA,NA,NA,CLEAR,1,0,1,0,0,TREND_REVERSAL_UNCONFIRMED,2,0.45,LONG,1,0,0,0
NEARUSDT,1770634800000,2026-02-09T11:00:00.000Z,BEAR,LONG,36.62572212576947,18.071775617404345,IGNORE,0,WATCH,,0,0,0,NA,NA,NA,NA,NA,CLEAR,1,0,0,0,0,TREND_REVERSAL_UNCONFIRMED,2,0.45,LONG,1,0,0,0
NEARUSDT,1770638400000,2026-02-09T12:00:00.000Z,BEAR,LONG,0,7.875,IGNORE,0,WATCH,,0,0,0,NA,NA,NA,NA,NA,CLEAR,1,0,0,0,0,TREND_REVERSAL_UNCONFIRMED,0,0.45,LONG,1,0,0,0
NEARUSDT,1770642000000,2026-02-09T13:00:00.000Z,BEAR,LONG,0,7.875,IGNORE,0,WATCH,,0,0,0,NA,NA,NA,NA,NA,CLEAR,1,0,0,0,0,TREND_REVERSAL_UNCONFIRMED,0,0.45,LONG,1,0,0,0
NEARUSDT,1770645600000,2026-02-09T14:00:00.000Z,BEAR,LONG,16.14049884295772,12.802314283882922,IGNORE,0,WATCH,,0,0,0,NA,NA,NA,NA,NA,CLEAR,1,0,0,0,0,TREND_REVERSAL_UNCONFIRMED,1,0.45,LONG,1,0,0,0
NEARUSDT,1770649200000,2026-02-09T15:00:00.000Z,BEAR,LONG,19.700302673262392,13.082648835519414,IGNORE,0,WATCH,,0,0,0,NA,NA,NA,NA,NA,CLEAR,1,0,0,0,0,TREND_REVERSAL_UNCONFIRMED,1,0.45,LONG,1,0,0,0
NEARUSDT,1770652800000,2026-02-09T16:00:00.000Z,BEAR,LONG,0,7.875,IGNORE,0,WATCH,,0,0,0,NA,NA,NA,NA,NA,WARNING_SOFT,1,0,0,0,0,TREND_REVERSAL_UNCONFIRMED,0,0.45,LONG,1,0,0,0
NEARUSDT,1770656400000,2026-02-09T17:00:00.000Z,NEUTRAL,NONE,0,7.875,IGNORE,0,WATCH,,0,0,0,NA,NA,NA,NA,NA,CLEAR,1,0,0,0,0,TREND_REVERSAL_UNCONFIRMED,0,0.45,NONE,1,0,0,0
NEARUSDT,1770660000000,2026-02-09T18:00:00.000Z,NEUTRAL,NONE,0,7.875,IGNORE,0,WATCH,,0,0,0,NA,NA,NA,NA,NA,CLEAR,1,0,0,0,0,TREND_REVERSAL_UNCONFIRMED,0,0.45,NONE,1,0,0,0
NEARUSDT,1770663600000,2026-02-09T19:00:00.000Z,NEUTRAL,NONE,0,7.875,IGNORE,0,WATCH,,0,0,0,NA,NA,NA,NA,NA,CLEAR,1,0,0,0,0,TREND_REVERSAL_UNCONFIRMED,0,0.45,NONE,1,0,0,0
NEARUSDT,1770667200000,2026-02-09T20:00:00.000Z,NEUTRAL,NONE,0,7.875,IGNORE,0,WATCH,,0,0,0,NA,NA,NA,NA,NA,CLEAR,1,0,0,0,0,TREND_REVERSAL_UNCONFIRMED,0,0.45,NONE,1,0,0,0
NEARUSDT,1770670800000,2026-02-09T21:00:00.000Z,NEUTRAL,NONE,0,7.875,IGNORE,0,WATCH,,0,0,0,NA,NA,NA,NA,NA,CLEAR,1,0,0,0,0,TREND_REVERSAL_UNCONFIRMED,0,0.45,NONE,1,0,0,0
NEARUSDT,1770674400000,2026-02-09T22:00:00.000Z,NEUTRAL,NONE,0,7.875,IGNORE,0,WATCH,,0,0,0,NA,NA,NA,NA,NA,CLEAR,1,0,0,0,0,TREND_REVERSAL_UNCONFIRMED,0,0.45,NONE,1,0,0,0
NEARUSDT,1770678000000,2026-02-09T23:00:00.000Z,NEUTRAL,NONE,0,7.875,IGNORE,0,WATCH,,0,0,0,NA,NA,NA,NA,NA,WARNING_SOFT,1,0,0,0,0,TREND_REVERSAL_UNCONFIRMED,0,0.45,NONE,1,0,0,0
NEARUSDT,1770681600000,2026-02-10T00:00:00.000Z,BEAR,LONG,17.5,12.909375,IGNORE,0,WATCH,,0,0,0,NA,NA,NA,NA,NA,WARNING_SOFT,1,0,0,0,0,TREND_REVERSAL_UNCONFIRMED,1,0.45,LONG,1,0,0,0
NEARUSDT,1770685200000,2026-02-10T01:00:00.000Z,NEUTRAL,NONE,0,7.875,IGNORE,0,WATCH,,0,0,0,NA,NA,NA,NA,NA,CLEAR,1,0,0,0,0,TREND_REVERSAL_UNCONFIRMED,0,0.45,NONE,1,0,0,0
NEARUSDT,1770688800000,2026-02-10T02:00:00.000Z,BEAR,LONG,17.5,12.909375,IGNORE,0,WATCH,,0,0,0,NA,NA,NA,NA,NA,WARNING_SOFT,1,0,0,0,0,TREND_REVERSAL_UNCONFIRMED,1,0.45,LONG,1,0,0,0
NEARUSDT,1770692400000,2026-02-10T03:00:00.000Z,BEAR,LONG,31.080297841700144,17.635073455033886,IGNORE,0,WATCH,,0,0,0,NA,NA,NA,NA,NA,CLEAR,1,0,0,0,0,TREND_REVERSAL_UNCONFIRMED,2,0.45,LONG,1,0,0,0
NEARUSDT,1770696000000,2026-02-10T04:00:00.000Z,BEAR,LONG,17.5,12.909375,IGNORE,0,WATCH,,0,0,0,NA,NA,NA,NA,NA,CLEAR,1,0,0,0,0,TREND_REVERSAL_UNCONFIRMED,1,0.45,LONG,1,0,0,0
NEARUSDT,1770699600000,2026-02-10T05:00:00.000Z,BEAR,LONG,17.5,12.909375,IGNORE,0,WATCH,,0,0,0,NA,NA,NA,NA,NA,CLEAR,1,0,0,0,0,TREND_REVERSAL_UNCONFIRMED,1,0.45,LONG,1,0,0,0
NEARUSDT,1770703200000,2026-02-10T06:00:00.000Z,BEAR,LONG,42.5,18.534375,IGNORE,0,WATCH,,0,0,0,NA,NA,NA,NA,NA,CLEAR,1,0,1,0,0,TREND_REVERSAL_UNCONFIRMED,2,0.45,LONG,1,0,0,0
NEARUSDT,1770706800000,2026-02-10T07:00:00.000Z,BEAR,LONG,42.5,18.534375,IGNORE,0,WATCH,,0,0,0,NA,NA,NA,NA,NA,CLEAR,1,0,0,0,0,TREND_REVERSAL_UNCONFIRMED,2,0.45,LONG,1,0,0,0
NEARUSDT,1770710400000,2026-02-10T08:00:00.000Z,BEAR,LONG,17.5,12.909375,IGNORE,0,WATCH,,0,0,0,NA,NA,NA,NA,NA,CLEAR,1,0,0,0,0,TREND_REVERSAL_UNCONFIRMED,1,0.45,LONG,1,0,0,0
NEARUSDT,1770714000000,2026-02-10T09:00:00.000Z,BEAR,LONG,0,7.875,IGNORE,0,WATCH,,0,0,0,NA,NA,NA,NA,NA,CLEAR,1,0,0,0,0,TREND_REVERSAL_UNCONFIRMED,0,0.45,LONG,1,0,0,0
NEARUSDT,1770717600000,2026-02-10T10:00:00.000Z,BEAR,LONG,0,7.875,IGNORE,0,WATCH,,0,0,0,NA,NA,NA,NA,NA,CLEAR,1,0,0,0,0,TREND_REVERSAL_UNCONFIRMED,0,0.45,LONG,1,0,0,0
NEARUSDT,1770721200000,2026-02-10T11:00:00.000Z,BEAR,LONG,0,7.875,IGNORE,0,WATCH,,0,0,0,NA,NA,NA,NA,NA,CLEAR,1,0,0,0,0,TREND_REVERSAL_UNCONFIRMED,0,0.45,LONG,1,0,0,0
NEARUSDT,1770724800000,2026-02-10T12:00:00.000Z,BEAR,LONG,12.847222222222221,12.54296875,IGNORE,0,WATCH,,0,0,0,NA,NA,NA,NA,NA,CLEAR,1,0,0,0,0,TREND_REVERSAL_UNCONFIRMED,1,0.45,LONG,1,0,0,0
NEARUSDT,1770728400000,2026-02-10T13:00:00.000Z,BEAR,LONG,15.485113210372422,12.75070266531683,IGNORE,0,WATCH,,0,0,0,NA,NA,NA,NA,NA,CLEAR,1,0,0,0,0,TREND_REVERSAL_UNCONFIRMED,1,0.45,LONG,1,0,0,0
NEARUSDT,1770732000000,2026-02-10T14:00:00.000Z,BEAR,LONG,18.30182600192034,12.972518797651228,IGNORE,0,WATCH,,0,0,0,NA,NA,NA,NA,NA,CLEAR,1,0,1,0,0,TREND_REVERSAL_UNCONFIRMED,1,0.45,LONG,1,0,0,0
NEARUSDT,1770735600000,2026-02-10T15:00:00.000Z,BEAR,LONG,45.75104735726275,18.79039497938444,IGNORE,0,WATCH,,0,0,0,NA,NA,NA,NA,NA,CLEAR,1,0,0,0,0,TREND_REVERSAL_UNCONFIRMED,2,0.45,LONG,1,0,0,0
NEARUSDT,1770739200000,2026-02-10T16:00:00.000Z,BEAR,LONG,0,7.875,IGNORE,0,WATCH,,0,0,0,NA,NA,NA,NA,NA,WARNING_SOFT,1,0,0,0,0,TREND_REVERSAL_UNCONFIRMED,0,0.45,LONG,1,0,0,0
NEARUSDT,1770742800000,2026-02-10T17:00:00.000Z,BEAR,LONG,0,7.875,IGNORE,0,WATCH,,0,0,0,NA,NA,NA,NA,NA,WARNING_SOFT,1,0,0,0,0,TREND_REVERSAL_UNCONFIRMED,0,0.45,LONG,1,0,0,0
NEARUSDT,1770746400000,2026-02-10T18:00:00.000Z,BEAR,LONG,0,7.875,IGNORE,0,WATCH,,0,0,0,NA,NA,NA,NA,NA,CLEAR,1,0,0,0,0,TREND_REVERSAL_UNCONFIRMED,0,0.45,LONG,1,0,0,0
NEARUSDT,1770750000000,2026-02-10T19:00:00.000Z,BEAR,LONG,0,7.875,IGNORE,0,WATCH,,0,0,0,NA,NA,NA,NA,NA,CLEAR,1,0,0,0,0,TREND_REVERSAL_UNCONFIRMED,0,0.45,LONG,1,0,0,0
NEARUSDT,1770753600000,2026-02-10T20:00:00.000Z,BEAR,LONG,0,7.875,IGNORE,0,WATCH,,0,0,0,NA,NA,NA,NA,NA,CLEAR,1,0,0,0,0,TREND_REVERSAL_UNCONFIRMED,0,0.45,LONG,1,0,0,0
NEARUSDT,1770757200000,2026-02-10T21:00:00.000Z,BEAR,LONG,0,7.875,IGNORE,0,WATCH,,0,0,0,NA,NA,NA,NA,NA,CLEAR,1,0,0,0,0,TREND_REVERSAL_UNCONFIRMED,0,0.45,LONG,1,0,0,0
NEARUSDT,1770760800000,2026-02-10T22:00:00.000Z,BEAR,LONG,0,7.875,IGNORE,0,WATCH,,0,0,0,NA,NA,NA,NA,NA,CLEAR,1,0,0,0,0,TREND_REVERSAL_UNCONFIRMED,0,0.45,LONG,1,0,0,0
NEARUSDT,1770764400000,2026-02-10T23:00:00.000Z,BEAR,LONG,0,7.875,IGNORE,0,WATCH,,0,0,0,NA,NA,NA,NA,NA,CLEAR,1,0,0,0,0,TREND_REVERSAL_UNCONFIRMED,0,0.45,LONG,1,0,0,0
NEARUSDT,1770768000000,2026-02-11T00:00:00.000Z,BEAR,LONG,25,13.5,IGNORE,0,WATCH,,0,0,0,NA,NA,NA,NA,NA,WARNING_SOFT,1,0,0,0,0,TREND_REVERSAL_UNCONFIRMED,1,0.45,LONG,1,0,0,0
NEARUSDT,1770771600000,2026-02-11T01:00:00.000Z,NEUTRAL,NONE,0,7.875,IGNORE,0,WATCH,,0,0,0,NA,NA,NA,NA,NA,WARNING_SOFT,1,0,0,0,0,TREND_REVERSAL_UNCONFIRMED,0,0.45,NONE,1,0,0,0
NEARUSDT,1770775200000,2026-02-11T02:00:00.000Z,BEAR,LONG,0,7.875,IGNORE,0,WATCH,,0,0,0,NA,NA,NA,NA,NA,WARNING_SOFT,1,0,0,0,0,TREND_REVERSAL_UNCONFIRMED,0,0.45,LONG,1,0,0,0
NEARUSDT,1770778800000,2026-02-11T03:00:00.000Z,BEAR,LONG,0,7.875,IGNORE,0,WATCH,,0,0,0,NA,NA,NA,NA,NA,WARNING_SOFT,1,0,0,0,0,TREND_REVERSAL_UNCONFIRMED,0,0.45,LONG,1,0,0,0
NEARUSDT,1770782400000,2026-02-11T04:00:00.000Z,BEAR,LONG,13.780588982440808,12.616471382367212,IGNORE,0,WATCH,,0,0,0,NA,NA,NA,NA,NA,CLEAR,1,0,0,0,0,TREND_REVERSAL_UNCONFIRMED,1,0.45,LONG,1,0,0,0
NEARUSDT,1770786000000,2026-02-11T05:00:00.000Z,BEAR,LONG,0,7.875,IGNORE,0,WATCH,,0,0,0,NA,NA,NA,NA,NA,CLEAR,1,0,0,0,0,TREND_REVERSAL_UNCONFIRMED,0,0.45,LONG,1,0,0,0
NEARUSDT,1770789600000,2026-02-11T06:00:00.000Z,BEAR,LONG,38.19444444444444,18.1953125,IGNORE,0,WATCH,,0,0,0,NA,NA,NA,NA,NA,CLEAR,1,0,1,0,0,TREND_REVERSAL_UNCONFIRMED,2,0.45,LONG,1,0,0,0
NEARUSDT,1770793200000,2026-02-11T07:00:00.000Z,BEAR,LONG,14.930555555555555,12.70703125,IGNORE,0,WATCH,,0,0,0,NA,NA,NA,NA,NA,CLEAR,1,0,0,0,0,TREND_REVERSAL_UNCONFIRMED,1,0.45,LONG,1,0,0,0
NEARUSDT,1770796800000,2026-02-11T08:00:00.000Z,BEAR,LONG,0,7.875,IGNORE,0,WATCH,,0,0,0,NA,NA,NA,NA,NA,CLEAR,1,0,0,0,0,TREND_REVERSAL_UNCONFIRMED,0,0.45,LONG,1,0,0,0
NEARUSDT,1770800400000,2026-02-11T09:00:00.000Z,BEAR,LONG,41.31944444444444,18.44140625,IGNORE,0,WATCH,,0,0,0,NA,NA,NA,NA,NA,CLEAR,1,0,0,0,0,TREND_REVERSAL_UNCONFIRMED,2,0.45,LONG,1,0,0,0
NEARUSDT,1770804000000,2026-02-11T10:00:00.000Z,BEAR,LONG,14.583333333333332,12.6796875,IGNORE,0,WATCH,,0,0,0,NA,NA,NA,NA,NA,CLEAR,1,0,0,0,0,TREND_REVERSAL_UNCONFIRMED,1,0.45,LONG,1,0,0,0
NEARUSDT,1770807600000,2026-02-11T11:00:00.000Z,BEAR,LONG,0,7.875,IGNORE,0,WATCH,,0,0,0,NA,NA,NA,NA,NA,CLEAR,1,0,0,0,0,TREND_REVERSAL_UNCONFIRMED,0,0.45,LONG,1,0,0,0
NEARUSDT,1770811200000,2026-02-11T12:00:00.000Z,BEAR,LONG,0,7.875,IGNORE,0,WATCH,,0,0,0,NA,NA,NA,NA,NA,CLEAR,1,0,0,0,0,TREND_REVERSAL_UNCONFIRMED,0,0.45,LONG,1,0,0,0
NEARUSDT,1770814800000,2026-02-11T13:00:00.000Z,BEAR,LONG,19.3264495401517,13.053207901286946,IGNORE,0,WATCH,,0,0,0,NA,NA,NA,NA,NA,CLEAR,1,0,0,0,0,TREND_REVERSAL_UNCONFIRMED,1,0.45,LONG,1,0,0,0
NEARUSDT,1770818400000,2026-02-11T14:00:00.000Z,BEAR,LONG,25,13.5,IGNORE,0,WATCH,,0,0,0,NA,NA,NA,NA,NA,BLOCK,0,0,0,0,0,TREND_REVERSAL_UNCONFIRMED,1,0.45,LONG,1,0,0,0
NEARUSDT,1770822000000,2026-02-11T15:00:00.000Z,BEAR,LONG,25,13.5,IGNORE,0,WATCH,,0,0,0,NA,NA,NA,NA,NA,CLEAR,1,0,0,0,0,TREND_REVERSAL_UNCONFIRMED,1,0.45,LONG,1,0,0,0
NEARUSDT,1770825600000,2026-02-11T16:00:00.000Z,BEAR,LONG,0,7.875,IGNORE,0,WATCH,,0,0,0,NA,NA,NA,NA,NA,CLEAR,1,0,0,0,0,TREND_REVERSAL_UNCONFIRMED,0,0.45,LONG,1,0,0,0
NEARUSDT,1770829200000,2026-02-11T17:00:00.000Z,BEAR,LONG,38.41212982536722,18.212455223747668,IGNORE,0,WATCH,,0,0,0,NA,NA,NA,NA,NA,WARNING_SOFT,1,0,0,0,0,TREND_REVERSAL_UNCONFIRMED,2,0.45,LONG,1,0,0,0
NEARUSDT,1770832800000,2026-02-11T18:00:00.000Z,NEUTRAL,NONE,0,7.875,IGNORE,0,WATCH,,0,0,0,NA,NA,NA,NA,NA,WARNING_SOFT,1,0,0,0,0,TREND_REVERSAL_UNCONFIRMED,0,0.45,NONE,1,0,0,0
NEARUSDT,1770836400000,2026-02-11T19:00:00.000Z,BEAR,LONG,0,7.875,IGNORE,0,WATCH,,0,0,0,NA,NA,NA,NA,NA,WARNING_SOFT,1,0,0,0,0,TREND_REVERSAL_UNCONFIRMED,0,0.45,LONG,1,0,0,0
NEARUSDT,1770840000000,2026-02-11T20:00:00.000Z,NEUTRAL,NONE,0,7.875,IGNORE,0,WATCH,,0,0,0,NA,NA,NA,NA,NA,WARNING_SOFT,1,0,0,0,0,TREND_REVERSAL_UNCONFIRMED,0,0.45,NONE,1,0,0,0
NEARUSDT,1770843600000,2026-02-11T21:00:00.000Z,NEUTRAL,NONE,0,7.875,IGNORE,0,WATCH,,0,0,0,NA,NA,NA,NA,NA,CLEAR,1,0,0,0,0,TREND_REVERSAL_UNCONFIRMED,0,0.45,NONE,1,0,0,0
NEARUSDT,1770847200000,2026-02-11T22:00:00.000Z,NEUTRAL,NONE,0,7.875,IGNORE,0,WATCH,,0,0,0,NA,NA,NA,NA,NA,CLEAR,1,0,0,0,0,TREND_REVERSAL_UNCONFIRMED,0,0.45,NONE,1,0,0,0
NEARUSDT,1770850800000,2026-02-11T23:00:00.000Z,BEAR,LONG,0,7.875,IGNORE,0,WATCH,,0,0,0,NA,NA,NA,NA,NA,WARNING_SOFT,1,0,0,0,0,TREND_REVERSAL_UNCONFIRMED,0,0.45,LONG,1,0,0,0
NEARUSDT,1770854400000,2026-02-12T00:00:00.000Z,BEAR,LONG,0,7.875,IGNORE,0,WATCH,,0,0,0,NA,NA,NA,NA,NA,WARNING_SOFT,1,0,0,0,0,TREND_REVERSAL_UNCONFIRMED,0,0.45,LONG,1,0,0,0
NEARUSDT,1770858000000,2026-02-12T01:00:00.000Z,NEUTRAL,NONE,0,7.875,IGNORE,0,WATCH,,0,0,0,NA,NA,NA,NA,NA,CLEAR,1,0,0,0,0,TREND_REVERSAL_UNCONFIRMED,0,0.45,NONE,1,0,0,0
NEARUSDT,1770861600000,2026-02-12T02:00:00.000Z,NEUTRAL,NONE,0,7.875,IGNORE,0,WATCH,,0,0,0,NA,NA,NA,NA,NA,CLEAR,1,0,0,0,0,TREND_REVERSAL_UNCONFIRMED,0,0.45,NONE,1,0,0,0
NEARUSDT,1770865200000,2026-02-12T03:00:00.000Z,NEUTRAL,NONE,0,7.875,IGNORE,0,WATCH,,0,0,0,NA,NA,NA,NA,NA,CLEAR,1,0,0,0,0,TREND_REVERSAL_UNCONFIRMED,0,0.45,NONE,1,0,0,0
NEARUSDT,1770868800000,2026-02-12T04:00:00.000Z,NEUTRAL,NONE,0,7.875,IGNORE,0,WATCH,,0,0,0,NA,NA,NA,NA,NA,WARNING_SOFT,1,0,0,0,0,TREND_REVERSAL_UNCONFIRMED,0,0.45,NONE,1,0,0,0
NEARUSDT,1770872400000,2026-02-12T05:00:00.000Z,NEUTRAL,NONE,0,7.875,IGNORE,0,WATCH,,0,0,0,NA,NA,NA,NA,NA,BLOCK,0,0,0,0,0,TREND_REVERSAL_UNCONFIRMED,0,0.45,NONE,1,0,0,0
NEARUSDT,1770876000000,2026-02-12T06:00:00.000Z,NEUTRAL,NONE,0,7.875,IGNORE,0,WATCH,,0,0,0,NA,NA,NA,NA,NA,WARNING_SOFT,1,0,0,0,0,TREND_REVERSAL_UNCONFIRMED,0,0.45,NONE,1,0,0,0
NEARUSDT,1770879600000,2026-02-12T07:00:00.000Z,NEUTRAL,NONE,0,7.875,IGNORE,0,WATCH,,0,0,0,NA,NA,NA,NA,NA,WARNING_SOFT,1,0,0,0,0,TREND_REVERSAL_UNCONFIRMED,0,0.45,NONE,1,0,0,0
NEARUSDT,1770883200000,2026-02-12T08:00:00.000Z,NEUTRAL,NONE,0,7.875,IGNORE,0,WATCH,,0,0,0,NA,NA,NA,NA,NA,WARNING_HARD,1,0,0,0,0,TREND_REVERSAL_UNCONFIRMED,0,0.45,NONE,1,0,0,0
NEARUSDT,1770886800000,2026-02-12T09:00:00.000Z,NEUTRAL,NONE,0,7.875,IGNORE,0,WATCH,,0,0,0,NA,NA,NA,NA,NA,CLEAR,1,0,0,0,0,TREND_REVERSAL_UNCONFIRMED,0,0.45,NONE,1,0,0,0
NEARUSDT,1770890400000,2026-02-12T10:00:00.000Z,NEUTRAL,NONE,0,7.875,IGNORE,0,WATCH,,0,0,0,NA,NA,NA,NA,NA,CLEAR,1,1,0,0,0,TREND_REVERSAL_UNCONFIRMED,0,0.45,NONE,1,0,0,0
NEARUSDT,1770894000000,2026-02-12T11:00:00.000Z,NEUTRAL,NONE,0,7.875,IGNORE,0,WATCH,,0,0,0,NA,NA,NA,NA,NA,CLEAR,1,0,0,0,0,TREND_REVERSAL_UNCONFIRMED,0,0.45,NONE,1,0,0,0
NEARUSDT,1770897600000,2026-02-12T12:00:00.000Z,BEAR,LONG,42.5,18.534375,IGNORE,0,WATCH,,0,0,0,NA,NA,NA,NA,NA,BLOCK,0,0,0,0,0,TREND_REVERSAL_UNCONFIRMED,2,0.45,LONG,1,0,0,0
NEARUSDT,1770901200000,2026-02-12T13:00:00.000Z,BEAR,LONG,67.5,53.9175,WATCH,1,WATCH,ACTIVE,1,1,0,PASS,PASS,SKIP,SKIP,FAIL,WARNING_HARD,1,0,0,0,0,MARKET_CONTEXT_DENIED,3,0.84,LONG,0,1,0,0
NEARUSDT,1770904800000,2026-02-12T14:00:00.000Z,BEAR,LONG,42.35519697140062,18.5229717614978,IGNORE,0,WATCH,,0,0,0,NA,NA,NA,NA,NA,CLEAR,1,0,0,0,0,TREND_REVERSAL_UNCONFIRMED,2,0.45,LONG,1,0,0,0
NEARUSDT,1770908400000,2026-02-12T15:00:00.000Z,BEAR,LONG,36.60357242783376,18.070031328691908,IGNORE,0,WATCH,,0,0,0,NA,NA,NA,NA,NA,CLEAR,1,0,0,0,0,TREND_REVERSAL_UNCONFIRMED,2,0.45,LONG,1,0,0,0
NEARUSDT,1770912000000,2026-02-12T16:00:00.000Z,BEAR,LONG,42.5,18.534375,IGNORE,0,WATCH,,0,0,0,NA,NA,NA,NA,NA,CLEAR,1,0,0,0,0,TREND_REVERSAL_UNCONFIRMED,2,0.45,LONG,1,0,0,0
NEARUSDT,1770915600000,2026-02-12T17:00:00.000Z,BEAR,LONG,34.33272131920796,17.89120180388763,IGNORE,0,WATCH,,0,0,0,NA,NA,NA,NA,NA,CLEAR,1,0,0,0,0,TREND_REVERSAL_UNCONFIRMED,2,0.45,LONG,1,0,0,0
NEARUSDT,1770919200000,2026-02-12T18:00:00.000Z,BEAR,LONG,42.5,18.534375,IGNORE,0,WATCH,,0,0,0,NA,NA,NA,NA,NA,CLEAR,1,0,0,0,0,TREND_REVERSAL_UNCONFIRMED,2,0.45,LONG,1,0,0,0
NEARUSDT,1770922800000,2026-02-12T19:00:00.000Z,BEAR,LONG,0,7.875,IGNORE,0,WATCH,,0,0,0,NA,NA,NA,NA,NA,CLEAR,1,0,0,0,0,TREND_REVERSAL_UNCONFIRMED,0,0.45,LONG,1,0,0,0
NEARUSDT,1770926400000,2026-02-12T20:00:00.000Z,BEAR,LONG,0,7.875,IGNORE,0,WATCH,,0,0,0,NA,NA,NA,NA,NA,CLEAR,1,0,0,0,0,TREND_REVERSAL_UNCONFIRMED,0,0.45,LONG,1,0,0,0
NEARUSDT,1770930000000,2026-02-12T21:00:00.000Z,BEAR,LONG,25,13.5,IGNORE,0,WATCH,,0,0,0,NA,NA,NA,NA,NA,CLEAR,1,0,0,0,0,TREND_REVERSAL_UNCONFIRMED,1,0.45,LONG,1,0,0,0
NEARUSDT,1770933600000,2026-02-12T22:00:00.000Z,BEAR,LONG,0,7.875,IGNORE,0,WATCH,,0,0,0,NA,NA,NA,NA,NA,CLEAR,1,0,0,0,0,TREND_REVERSAL_UNCONFIRMED,0,0.45,LONG,1,0,0,0
NEARUSDT,1770937200000,2026-02-12T23:00:00.000Z,NEUTRAL,NONE,0,7.875,IGNORE,0,WATCH,,0,0,0,NA,NA,NA,NA,NA,WARNING_SOFT,1,0,0,0,0,TREND_REVERSAL_UNCONFIRMED,0,0.45,NONE,1,0,0,0
NEARUSDT,1770940800000,2026-02-13T00:00:00.000Z,NEUTRAL,NONE,0,7.875,IGNORE,0,WATCH,,0,0,0,NA,NA,NA,NA,NA,WARNING_SOFT,1,0,0,0,0,TREND_REVERSAL_UNCONFIRMED,0,0.45,NONE,1,0,0,0
NEARUSDT,1770944400000,2026-02-13T01:00:00.000Z,NEUTRAL,NONE,0,7.875,IGNORE,0,WATCH,,0,0,0,NA,NA,NA,NA,NA,WARNING_SOFT,1,0,0,0,0,TREND_REVERSAL_UNCONFIRMED,0,0.45,NONE,1,0,0,0
NEARUSDT,1770948000000,2026-02-13T02:00:00.000Z,NEUTRAL,NONE,0,7.875,IGNORE,0,WATCH,,0,0,0,NA,NA,NA,NA,NA,CLEAR,1,0,0,0,0,TREND_REVERSAL_UNCONFIRMED,0,0.45,NONE,1,0,0,0
NEARUSDT,1770951600000,2026-02-13T03:00:00.000Z,NEUTRAL,NONE,0,7.875,IGNORE,0,WATCH,,0,0,0,NA,NA,NA,NA,NA,WARNING_SOFT,1,0,0,0,0,TREND_REVERSAL_UNCONFIRMED,0,0.45,NONE,1,0,0,0
NEARUSDT,1770955200000,2026-02-13T04:00:00.000Z,NEUTRAL,NONE,0,7.875,IGNORE,0,WATCH,,0,0,0,NA,NA,NA,NA,NA,WARNING_SOFT,1,0,0,0,0,TREND_REVERSAL_UNCONFIRMED,0,0.45,NONE,1,0,0,0
NEARUSDT,1770958800000,2026-02-13T05:00:00.000Z,NEUTRAL,NONE,0,7.875,IGNORE,0,WATCH,,0,0,0,NA,NA,NA,NA,NA,WARNING_HARD,1,0,0,0,0,TREND_REVERSAL_UNCONFIRMED,0,0.45,NONE,1,0,0,0
NEARUSDT,1770962400000,2026-02-13T06:00:00.000Z,NEUTRAL,NONE,0,7.875,IGNORE,0,WATCH,,0,0,0,NA,NA,NA,NA,NA,WARNING_SOFT,1,0,0,0,0,TREND_REVERSAL_UNCONFIRMED,0,0.45,NONE,1,0,0,0
NEARUSDT,1770966000000,2026-02-13T07:00:00.000Z,NEUTRAL,NONE,0,7.875,IGNORE,0,WATCH,,0,0,0,NA,NA,NA,NA,NA,WARNING_HARD,1,0,0,0,0,TREND_REVERSAL_UNCONFIRMED,0,0.45,NONE,1,0,0,0
NEARUSDT,1770969600000,2026-02-13T08:00:00.000Z,NEUTRAL,NONE,0,7.875,IGNORE,0,WATCH,,0,0,0,NA,NA,NA,NA,NA,CLEAR,1,0,0,0,0,TREND_REVERSAL_UNCONFIRMED,0,0.45,NONE,1,0,0,0
NEARUSDT,1770973200000,2026-02-13T09:00:00.000Z,NEUTRAL,NONE,0,7.875,IGNORE,0,WATCH,,0,0,0,NA,NA,NA,NA,NA,CLEAR,1,0,0,0,0,TREND_REVERSAL_UNCONFIRMED,0,0.45,NONE,1,0,0,0
NEARUSDT,1770976800000,2026-02-13T10:00:00.000Z,NEUTRAL,NONE,0,7.875,IGNORE,0,WATCH,,0,0,0,NA,NA,NA,NA,NA,CLEAR,1,0,0,0,0,TREND_REVERSAL_UNCONFIRMED,0,0.45,NONE,1,0,0,0
NEARUSDT,1770980400000,2026-02-13T11:00:00.000Z,NEUTRAL,NONE,0,7.875,IGNORE,0,WATCH,,0,0,0,NA,NA,NA,NA,NA,CLEAR,1,0,0,0,0,TREND_REVERSAL_UNCONFIRMED,0,0.45,NONE,1,0,0,0
NEARUSDT,1770984000000,2026-02-13T12:00:00.000Z,NEUTRAL,NONE,0,7.875,IGNORE,0,WATCH,,0,0,0,NA,NA,NA,NA,NA,CLEAR,1,0,0,0,0,TREND_REVERSAL_UNCONFIRMED,0,0.45,NONE,1,0,0,0
NEARUSDT,1770987600000,2026-02-13T13:00:00.000Z,NEUTRAL,NONE,0,7.875,IGNORE,0,WATCH,,0,0,0,NA,NA,NA,NA,NA,CLEAR,1,0,0,0,0,TREND_REVERSAL_UNCONFIRMED,0,0.45,NONE,1,0,0,0
NEARUSDT,1770991200000,2026-02-13T14:00:00.000Z,BULL,SHORT,25,13.5,IGNORE,0,WATCH,,0,0,0,NA,NA,NA,NA,NA,CLEAR,1,0,0,0,0,TREND_REVERSAL_UNCONFIRMED,1,0.45,SHORT,1,0,0,0
NEARUSDT,1770994800000,2026-02-13T15:00:00.000Z,BULL,SHORT,25,13.5,IGNORE,0,WATCH,,0,0,0,NA,NA,NA,NA,NA,CLEAR,1,0,0,0,0,TREND_REVERSAL_UNCONFIRMED,1,0.45,SHORT,1,0,0,0
NEARUSDT,1770998400000,2026-02-13T16:00:00.000Z,BULL,SHORT,35.03507517319791,17.946512169889335,IGNORE,0,WATCH,,0,0,0,NA,NA,NA,NA,NA,CLEAR,1,0,0,0,0,TREND_REVERSAL_UNCONFIRMED,2,0.45,SHORT,1,0,0,0
NEARUSDT,1771002000000,2026-02-13T17:00:00.000Z,BULL,SHORT,0,7.875,IGNORE,0,WATCH,,0,0,0,NA,NA,NA,NA,NA,CLEAR,1,0,0,0,0,TREND_REVERSAL_UNCONFIRMED,0,0.45,SHORT,1,0,0,0
NEARUSDT,1771005600000,2026-02-13T18:00:00.000Z,BULL,SHORT,0,7.875,IGNORE,0,WATCH,,0,0,0,NA,NA,NA,NA,NA,CLEAR,1,0,0,0,0,TREND_REVERSAL_UNCONFIRMED,0,0.45,SHORT,1,0,0,0
NEARUSDT,1771009200000,2026-02-13T19:00:00.000Z,BULL,SHORT,0,7.875,IGNORE,0,WATCH,,0,0,0,NA,NA,NA,NA,NA,CLEAR,1,0,0,0,0,TREND_REVERSAL_UNCONFIRMED,0,0.45,SHORT,1,0,0,0
NEARUSDT,1771012800000,2026-02-13T20:00:00.000Z,BULL,SHORT,0,7.875,IGNORE,0,WATCH,,0,0,0,NA,NA,NA,NA,NA,CLEAR,1,0,0,0,0,TREND_REVERSAL_UNCONFIRMED,0,0.45,SHORT,1,0,0,0
NEARUSDT,1771016400000,2026-02-13T21:00:00.000Z,BULL,SHORT,14.583333333333332,12.6796875,IGNORE,0,WATCH,,0,0,0,NA,NA,NA,NA,NA,CLEAR,1,0,0,0,0,TREND_REVERSAL_UNCONFIRMED,1,0.45,SHORT,1,0,0,0
NEARUSDT,1771020000000,2026-02-13T22:00:00.000Z,BULL,SHORT,0,7.875,IGNORE,0,WATCH,,0,0,0,NA,NA,NA,NA,NA,CLEAR,1,0,0,0,0,TREND_REVERSAL_UNCONFIRMED,0,0.45,SHORT,1,0,0,0
NEARUSDT,1771023600000,2026-02-13T23:00:00.000Z,BULL,SHORT,0,7.875,IGNORE,0,WATCH,,0,0,0,NA,NA,NA,NA,NA,CLEAR,1,0,0,0,0,TREND_REVERSAL_UNCONFIRMED,0,0.45,SHORT,1,0,0,0
NEARUSDT,1771027200000,2026-02-14T00:00:00.000Z,BULL,SHORT,0,7.875,IGNORE,0,WATCH,,0,0,0,NA,NA,NA,NA,NA,CLEAR,1,0,0,0,0,TREND_REVERSAL_UNCONFIRMED,0,0.45,SHORT,1,0,0,0
NEARUSDT,1771030800000,2026-02-14T01:00:00.000Z,BULL,SHORT,12.847222222222221,12.54296875,IGNORE,0,WATCH,,0,0,0,NA,NA,NA,NA,NA,CLEAR,1,0,0,0,0,TREND_REVERSAL_UNCONFIRMED,1,0.45,SHORT,1,0,0,0
NEARUSDT,1771034400000,2026-02-14T02:00:00.000Z,BULL,SHORT,0,7.875,IGNORE,0,WATCH,,0,0,0,NA,NA,NA,NA,NA,CLEAR,1,0,0,0,0,TREND_REVERSAL_UNCONFIRMED,0,0.45,SHORT,1,0,0,0
NEARUSDT,1771038000000,2026-02-14T03:00:00.000Z,BULL,SHORT,0,7.875,IGNORE,0,WATCH,,0,0,0,NA,NA,NA,NA,NA,CLEAR,1,0,0,0,0,TREND_REVERSAL_UNCONFIRMED,0,0.45,SHORT,1,0,0,0
NEARUSDT,1771041600000,2026-02-14T04:00:00.000Z,BULL,SHORT,25,13.5,IGNORE,0,WATCH,,0,0,0,NA,NA,NA,NA,NA,CLEAR,1,0,0,0,0,TREND_REVERSAL_UNCONFIRMED,1,0.45,SHORT,1,0,0,0
NEARUSDT,1771045200000,2026-02-14T05:00:00.000Z,BULL,SHORT,0,7.875,IGNORE,0,WATCH,,0,0,0,NA,NA,NA,NA,NA,CLEAR,1,0,0,0,0,TREND_REVERSAL_UNCONFIRMED,0,0.45,SHORT,1,0,0,0
NEARUSDT,1771048800000,2026-02-14T06:00:00.000Z,BULL,SHORT,18.485917201231064,12.987015979596947,IGNORE,0,WATCH,,0,0,0,NA,NA,NA,NA,NA,WARNING_SOFT,1,0,0,0,0,TREND_REVERSAL_UNCONFIRMED,1,0.45,SHORT,1,0,0,0
NEARUSDT,1771052400000,2026-02-14T07:00:00.000Z,BULL,SHORT,0,7.875,IGNORE,0,WATCH,,0,0,0,NA,NA,NA,NA,NA,CLEAR,1,0,0,0,0,TREND_REVERSAL_UNCONFIRMED,0,0.45,SHORT,1,0,0,0
NEARUSDT,1771056000000,2026-02-14T08:00:00.000Z,BULL,SHORT,0,7.875,IGNORE,0,WATCH,,0,0,0,NA,NA,NA,NA,NA,CLEAR,1,0,0,0,0,TREND_REVERSAL_UNCONFIRMED,0,0.45,SHORT,1,0,0,0
NEARUSDT,1771059600000,2026-02-14T09:00:00.000Z,BULL,SHORT,0,7.875,IGNORE,0,WATCH,,0,0,0,NA,NA,NA,NA,NA,CLEAR,1,0,0,0,0,TREND_REVERSAL_UNCONFIRMED,0,0.45,SHORT,1,0,0,0
NEARUSDT,1771063200000,2026-02-14T10:00:00.000Z,BULL,SHORT,0,7.875,IGNORE,0,WATCH,,0,0,0,NA,NA,NA,NA,NA,CLEAR,1,0,0,0,0,TREND_REVERSAL_UNCONFIRMED,0,0.45,SHORT,1,0,0,0
NEARUSDT,1771066800000,2026-02-14T11:00:00.000Z,BULL,SHORT,12.847222222222221,12.54296875,IGNORE,0,WATCH,,0,0,0,NA,NA,NA,NA,NA,CLEAR,1,0,0,0,0,TREND_REVERSAL_UNCONFIRMED,1,0.45,SHORT,1,0,0,0
NEARUSDT,1771070400000,2026-02-14T12:00:00.000Z,BULL,SHORT,25,13.5,IGNORE,0,WATCH,,0,0,0,NA,NA,NA,NA,NA,CLEAR,1,0,0,0,0,TREND_REVERSAL_UNCONFIRMED,1,0.45,SHORT,1,0,0,0
NEARUSDT,1771074000000,2026-02-14T13:00:00.000Z,BULL,SHORT,0,7.875,IGNORE,0,WATCH,,0,0,0,NA,NA,NA,NA,NA,CLEAR,1,0,0,0,0,TREND_REVERSAL_UNCONFIRMED,0,0.45,SHORT,1,0,0,0
NEARUSDT,1771077600000,2026-02-14T14:00:00.000Z,BULL,SHORT,27.5734800775897,17.358911556110186,IGNORE,0,WATCH,,0,0,0,NA,NA,NA,NA,NA,CLEAR,1,0,0,0,0,TREND_REVERSAL_UNCONFIRMED,2,0.45,SHORT,1,0,0,0
NEARUSDT,1771081200000,2026-02-14T15:00:00.000Z,BULL,SHORT,31.39519108105406,17.659871297633007,IGNORE,0,WATCH,,0,0,0,NA,NA,NA,NA,NA,CLEAR,1,0,0,0,0,TREND_REVERSAL_UNCONFIRMED,2,0.45,SHORT,1,0,0,0
NEARUSDT,1771084800000,2026-02-14T16:00:00.000Z,BULL,SHORT,39.58333333333333,18.3046875,IGNORE,0,WATCH,,0,0,0,NA,NA,NA,NA,NA,CLEAR,1,0,0,0,0,TREND_REVERSAL_UNCONFIRMED,2,0.45,SHORT,1,0,0,0
NEARUSDT,1771088400000,2026-02-14T17:00:00.000Z,BULL,SHORT,62.84722222222222,53.23354166666666,WATCH,1,WATCH,ACTIVE,1,1,0,PASS,PASS,SKIP,SKIP,FAIL,CLEAR,1,0,0,0,0,MARKET_CONTEXT_DENIED,3,0.84,SHORT,0,1,0,0
NEARUSDT,1771092000000,2026-02-14T18:00:00.000Z,BULL,SHORT,35.95855061588061,18.0192358610006,IGNORE,0,WATCH,,0,0,0,NA,NA,NA,NA,NA,CLEAR,1,0,0,0,0,TREND_REVERSAL_UNCONFIRMED,2,0.45,SHORT,1,0,0,0
NEARUSDT,1771095600000,2026-02-14T19:00:00.000Z,BULL,SHORT,14.583333333333332,12.6796875,IGNORE,0,WATCH,,0,0,0,NA,NA,NA,NA,NA,CLEAR,1,0,0,0,0,TREND_REVERSAL_UNCONFIRMED,1,0.45,SHORT,1,0,0,0
NEARUSDT,1771099200000,2026-02-14T20:00:00.000Z,BULL,SHORT,39.58333333333333,18.3046875,IGNORE,0,WATCH,,0,0,0,NA,NA,NA,NA,NA,CLEAR,1,0,0,0,0,TREND_REVERSAL_UNCONFIRMED,2,0.45,SHORT,1,0,0,0
NEARUSDT,1771102800000,2026-02-14T21:00:00.000Z,BULL,SHORT,14.583333333333332,12.6796875,IGNORE,0,WATCH,,0,0,0,NA,NA,NA,NA,NA,CLEAR,1,0,0,0,0,TREND_REVERSAL_UNCONFIRMED,1,0.45,SHORT,1,0,0,0
NEARUSDT,1771106400000,2026-02-14T22:00:00.000Z,BULL,SHORT,16.319444444444443,12.81640625,IGNORE,0,WATCH,,0,0,0,NA,NA,NA,NA,NA,CLEAR,1,0,0,0,0,TREND_REVERSAL_UNCONFIRMED,1,0.45,SHORT,1,0,0,0
NEARUSDT,1771110000000,2026-02-14T23:00:00.000Z,BULL,SHORT,0,7.875,IGNORE,0,WATCH,,0,0,0,NA,NA,NA,NA,NA,CLEAR,1,0,0,0,0,TREND_REVERSAL_UNCONFIRMED,0,0.45,SHORT,1,0,0,0
NEARUSDT,1771113600000,2026-02-15T00:00:00.000Z,BULL,SHORT,0,7.875,IGNORE,0,WATCH,,0,0,0,NA,NA,NA,NA,NA,WARNING_SOFT,1,0,0,0,0,TREND_REVERSAL_UNCONFIRMED,0,0.45,SHORT,1,0,0,0
NEARUSDT,1771117200000,2026-02-15T01:00:00.000Z,BULL,SHORT,0,7.875,IGNORE,0,WATCH,,0,0,0,NA,NA,NA,NA,NA,WARNING_SOFT,1,0,0,0,0,TREND_REVERSAL_UNCONFIRMED,0,0.45,SHORT,1,0,0,0
NEARUSDT,1771120800000,2026-02-15T02:00:00.000Z,BULL,SHORT,0,7.875,IGNORE,0,WATCH,,0,0,0,NA,NA,NA,NA,NA,WARNING_SOFT,1,0,0,0,0,TREND_REVERSAL_UNCONFIRMED,0,0.45,SHORT,1,0,0,0
NEARUSDT,1771124400000,2026-02-15T03:00:00.000Z,BULL,SHORT,0,7.875,IGNORE,0,WATCH,,0,0,0,NA,NA,NA,NA,NA,WARNING_SOFT,1,0,0,0,0,TREND_REVERSAL_UNCONFIRMED,0,0.45,SHORT,1,0,0,0
NEARUSDT,1771128000000,2026-02-15T04:00:00.000Z,BULL,SHORT,17.96970726145712,12.946364446839748,IGNORE,0,WATCH,,0,0,0,NA,NA,NA,NA,NA,BLOCK,0,0,0,0,0,TREND_REVERSAL_UNCONFIRMED,1,0.45,SHORT,1,0,0,0
NEARUSDT,1771131600000,2026-02-15T05:00:00.000Z,BULL,SHORT,0,7.875,IGNORE,0,WATCH,,0,0,0,NA,NA,NA,NA,NA,CLEAR,1,0,0,0,0,TREND_REVERSAL_UNCONFIRMED,0,0.45,SHORT,1,0,0,0
NEARUSDT,1771135200000,2026-02-15T06:00:00.000Z,BULL,SHORT,0,7.875,IGNORE,0,WATCH,,0,0,0,NA,NA,NA,NA,NA,CLEAR,1,0,0,0,0,TREND_REVERSAL_UNCONFIRMED,0,0.45,SHORT,1,0,0,0
NEARUSDT,1771138800000,2026-02-15T07:00:00.000Z,BULL,SHORT,0,7.875,IGNORE,0,WATCH,,0,0,0,NA,NA,NA,NA,NA,CLEAR,1,0,0,0,0,TREND_REVERSAL_UNCONFIRMED,0,0.45,SHORT,1,0,0,0
NEARUSDT,1771142400000,2026-02-15T08:00:00.000Z,BULL,SHORT,39.02258163200623,18.26052830352049,IGNORE,0,WATCH,,0,0,0,NA,NA,NA,NA,NA,CLEAR,1,0,0,0,0,TREND_REVERSAL_UNCONFIRMED,2,0.45,SHORT,1,0,0,0
NEARUSDT,1771146000000,2026-02-15T09:00:00.000Z,BULL,SHORT,0,7.875,IGNORE,0,WATCH,,0,0,0,NA,NA,NA,NA,NA,WARNING_SOFT,1,0,0,0,0,TREND_REVERSAL_UNCONFIRMED,0,0.45,SHORT,1,0,0,0
NEARUSDT,1771149600000,2026-02-15T10:00:00.000Z,BULL,SHORT,17.5,12.909375,IGNORE,0,WATCH,,0,0,0,NA,NA,NA,NA,NA,WARNING_SOFT,1,0,0,0,0,TREND_REVERSAL_UNCONFIRMED,1,0.45,SHORT,1,0,0,0
NEARUSDT,1771153200000,2026-02-15T11:00:00.000Z,BULL,SHORT,17.5,12.909375,IGNORE,0,WATCH,,0,0,0,NA,NA,NA,NA,NA,CLEAR,1,0,0,0,0,TREND_REVERSAL_UNCONFIRMED,1,0.45,SHORT,1,0,0,0
NEARUSDT,1771156800000,2026-02-15T12:00:00.000Z,NEUTRAL,NONE,0,7.875,IGNORE,0,WATCH,,0,0,0,NA,NA,NA,NA,NA,BLOCK,0,0,0,0,0,TREND_REVERSAL_UNCONFIRMED,0,0.45,NONE,1,0,0,0
NEARUSDT,1771160400000,2026-02-15T13:00:00.000Z,NEUTRAL,NONE,0,7.875,IGNORE,0,WATCH,,0,0,0,NA,NA,NA,NA,NA,BLOCK,0,0,0,0,0,TREND_REVERSAL_UNCONFIRMED,0,0.45,NONE,1,0,0,0
NEARUSDT,1771164000000,2026-02-15T14:00:00.000Z,NEUTRAL,NONE,0,7.875,IGNORE,0,WATCH,,0,0,0,NA,NA,NA,NA,NA,BLOCK,0,0,0,0,0,TREND_REVERSAL_UNCONFIRMED,0,0.45,NONE,1,0,0,0
NEARUSDT,1771167600000,2026-02-15T15:00:00.000Z,NEUTRAL,NONE,0,7.875,IGNORE,0,WATCH,,0,0,0,NA,NA,NA,NA,NA,WARNING_SOFT,1,0,0,0,0,TREND_REVERSAL_UNCONFIRMED,0,0.45,NONE,1,0,0,0
NEARUSDT,1771171200000,2026-02-15T16:00:00.000Z,NEUTRAL,NONE,0,7.875,IGNORE,0,WATCH,,0,0,0,NA,NA,NA,NA,NA,WARNING_SOFT,1,0,0,0,0,TREND_REVERSAL_UNCONFIRMED,0,0.45,NONE,1,0,0,0
NEARUSDT,1771174800000,2026-02-15T17:00:00.000Z,NEUTRAL,NONE,0,7.875,IGNORE,0,WATCH,,0,0,0,NA,NA,NA,NA,NA,WARNING_SOFT,1,0,0,0,0,TREND_REVERSAL_UNCONFIRMED,0,0.45,NONE,1,0,0,0
NEARUSDT,1771178400000,2026-02-15T18:00:00.000Z,NEUTRAL,NONE,0,7.875,IGNORE,0,WATCH,,0,0,0,NA,NA,NA,NA,NA,WARNING_SOFT,1,0,0,0,0,TREND_REVERSAL_UNCONFIRMED,0,0.45,NONE,1,0,0,0
NEARUSDT,1771182000000,2026-02-15T19:00:00.000Z,NEUTRAL,NONE,0,7.875,IGNORE,0,WATCH,,0,0,0,NA,NA,NA,NA,NA,WARNING_SOFT,1,0,0,0,0,TREND_REVERSAL_UNCONFIRMED,0,0.45,NONE,1,0,0,0
NEARUSDT,1771185600000,2026-02-15T20:00:00.000Z,NEUTRAL,NONE,0,7.875,IGNORE,0,WATCH,,0,0,0,NA,NA,NA,NA,NA,WARNING_SOFT,1,0,0,0,0,TREND_REVERSAL_UNCONFIRMED,0,0.45,NONE,1,0,0,0
NEARUSDT,1771189200000,2026-02-15T21:00:00.000Z,NEUTRAL,NONE,0,7.875,IGNORE,0,WATCH,,0,0,0,NA,NA,NA,NA,NA,WARNING_SOFT,1,0,0,0,0,TREND_REVERSAL_UNCONFIRMED,0,0.45,NONE,1,0,0,0
NEARUSDT,1771192800000,2026-02-15T22:00:00.000Z,NEUTRAL,NONE,0,7.875,IGNORE,0,WATCH,,0,0,0,NA,NA,NA,NA,NA,WARNING_SOFT,1,0,0,0,0,TREND_REVERSAL_UNCONFIRMED,0,0.45,NONE,1,0,0,0
NEARUSDT,1771196400000,2026-02-15T23:00:00.000Z,NEUTRAL,NONE,0,7.875,IGNORE,0,WATCH,,0,0,0,NA,NA,NA,NA,NA,WARNING_SOFT,1,0,0,0,0,TREND_REVERSAL_UNCONFIRMED,0,0.45,NONE,1,0,0,0
NEARUSDT,1771200000000,2026-02-16T00:00:00.000Z,NEUTRAL,NONE,0,7.875,IGNORE,0,WATCH,,0,0,0,NA,NA,NA,NA,NA,BLOCK,0,0,0,0,0,TREND_REVERSAL_UNCONFIRMED,0,0.45,NONE,1,0,0,0
NEARUSDT,1771203600000,2026-02-16T01:00:00.000Z,NEUTRAL,NONE,0,7.875,IGNORE,0,WATCH,,0,0,0,NA,NA,NA,NA,NA,BLOCK,0,0,0,0,0,TREND_REVERSAL_UNCONFIRMED,0,0.45,NONE,1,0,0,0
NEARUSDT,1771207200000,2026-02-16T02:00:00.000Z,NEUTRAL,NONE,0,7.875,IGNORE,0,WATCH,,0,0,0,NA,NA,NA,NA,NA,WARNING_SOFT,1,0,0,0,0,TREND_REVERSAL_UNCONFIRMED,0,0.45,NONE,1,0,0,0
NEARUSDT,1771210800000,2026-02-16T03:00:00.000Z,NEUTRAL,NONE,0,7.875,IGNORE,0,WATCH,,0,0,0,NA,NA,NA,NA,NA,WARNING_SOFT,1,0,0,0,0,TREND_REVERSAL_UNCONFIRMED,0,0.45,NONE,1,0,0,0
NEARUSDT,1771214400000,2026-02-16T04:00:00.000Z,BULL,SHORT,0,7.875,IGNORE,0,WATCH,,0,0,0,NA,NA,NA,NA,NA,WARNING_SOFT,1,0,0,0,0,TREND_REVERSAL_UNCONFIRMED,0,0.45,SHORT,1,0,0,0
NEARUSDT,1771218000000,2026-02-16T05:00:00.000Z,NEUTRAL,NONE,0,7.875,IGNORE,0,WATCH,,0,0,0,NA,NA,NA,NA,NA,BLOCK,0,0,0,0,0,TREND_REVERSAL_UNCONFIRMED,0,0.45,NONE,1,0,0,0
NEARUSDT,1771221600000,2026-02-16T06:00:00.000Z,NEUTRAL,NONE,0,7.875,IGNORE,0,WATCH,,0,0,0,NA,NA,NA,NA,NA,WARNING_SOFT,1,0,0,0,0,TREND_REVERSAL_UNCONFIRMED,0,0.45,NONE,1,0,0,0
NEARUSDT,1771225200000,2026-02-16T07:00:00.000Z,NEUTRAL,NONE,0,7.875,IGNORE,0,WATCH,,0,0,0,NA,NA,NA,NA,NA,WARNING_SOFT,1,0,0,0,0,TREND_REVERSAL_UNCONFIRMED,0,0.45,NONE,1,0,0,0
NEARUSDT,1771228800000,2026-02-16T08:00:00.000Z,NEUTRAL,NONE,0,7.875,IGNORE,0,WATCH,,0,0,0,NA,NA,NA,NA,NA,WARNING_SOFT,1,0,0,0,0,TREND_REVERSAL_UNCONFIRMED,0,0.45,NONE,1,0,0,0
NEARUSDT,1771232400000,2026-02-16T09:00:00.000Z,NEUTRAL,NONE,0,7.875,IGNORE,0,WATCH,,0,0,0,NA,NA,NA,NA,NA,WARNING_SOFT,1,0,0,0,0,TREND_REVERSAL_UNCONFIRMED,0,0.45,NONE,1,0,0,0
NEARUSDT,1771236000000,2026-02-16T10:00:00.000Z,NEUTRAL,NONE,0,7.875,IGNORE,0,WATCH,,0,0,0,NA,NA,NA,NA,NA,WARNING_SOFT,1,0,0,0,0,TREND_REVERSAL_UNCONFIRMED,0,0.45,NONE,1,0,0,0
NEARUSDT,1771239600000,2026-02-16T11:00:00.000Z,NEUTRAL,NONE,0,7.875,IGNORE,0,WATCH,,0,0,0,NA,NA,NA,NA,NA,BLOCK,0,0,0,0,0,TREND_REVERSAL_UNCONFIRMED,0,0.45,NONE,1,0,0,0
NEARUSDT,1771243200000,2026-02-16T12:00:00.000Z,BULL,SHORT,42.5,18.534375,IGNORE,0,WATCH,,0,0,0,NA,NA,NA,NA,NA,CLEAR,1,0,0,0,0,TREND_REVERSAL_UNCONFIRMED,2,0.45,SHORT,1,0,0,0
NEARUSDT,1771246800000,2026-02-16T13:00:00.000Z,NEUTRAL,NONE,0,7.875,IGNORE,0,WATCH,,0,0,0,NA,NA,NA,NA,NA,BLOCK,0,0,0,0,0,TREND_REVERSAL_UNCONFIRMED,0,0.45,NONE,1,0,0,0
NEARUSDT,1771250400000,2026-02-16T14:00:00.000Z,NEUTRAL,NONE,0,7.875,IGNORE,0,WATCH,,0,0,0,NA,NA,NA,NA,NA,WARNING_SOFT,1,0,0,0,0,TREND_REVERSAL_UNCONFIRMED,0,0.45,NONE,1,0,0,0
NEARUSDT,1771254000000,2026-02-16T15:00:00.000Z,NEUTRAL,NONE,0,7.875,IGNORE,0,WATCH,,0,0,0,NA,NA,NA,NA,NA,WARNING_SOFT,1,0,0,0,0,TREND_REVERSAL_UNCONFIRMED,0,0.45,NONE,1,0,0,0
NEARUSDT,1771257600000,2026-02-16T16:00:00.000Z,BEAR,LONG,14.095535612975118,12.64127342952179,IGNORE,0,WATCH,,0,0,0,NA,NA,NA,NA,NA,CLEAR,1,0,0,0,0,TREND_REVERSAL_UNCONFIRMED,1,0.45,LONG,1,0,0,0
NEARUSDT,1771261200000,2026-02-16T17:00:00.000Z,BEAR,LONG,0,7.875,IGNORE,0,WATCH,,0,0,0,NA,NA,NA,NA,NA,CLEAR,1,0,0,0,0,TREND_REVERSAL_UNCONFIRMED,0,0.45,LONG,1,0,0,0
NEARUSDT,1771264800000,2026-02-16T18:00:00.000Z,NEUTRAL,NONE,0,7.875,IGNORE,0,WATCH,,0,0,0,NA,NA,NA,NA,NA,WARNING_SOFT,1,0,0,0,0,TREND_REVERSAL_UNCONFIRMED,0,0.45,NONE,1,0,0,0
NEARUSDT,1771268400000,2026-02-16T19:00:00.000Z,BULL,SHORT,0,7.875,IGNORE,0,WATCH,,0,0,0,NA,NA,NA,NA,NA,WARNING_SOFT,1,0,0,0,0,TREND_REVERSAL_UNCONFIRMED,0,0.45,SHORT,1,0,0,0
NEARUSDT,1771272000000,2026-02-16T20:00:00.000Z,BULL,SHORT,0,7.875,IGNORE,0,WATCH,,0,0,0,NA,NA,NA,NA,NA,CLEAR,1,0,0,0,0,TREND_REVERSAL_UNCONFIRMED,0,0.45,SHORT,1,0,0,0
NEARUSDT,1771275600000,2026-02-16T21:00:00.000Z,BULL,SHORT,25,13.5,IGNORE,0,WATCH,,0,0,0,NA,NA,NA,NA,NA,CLEAR,1,0,0,0,0,TREND_REVERSAL_UNCONFIRMED,1,0.45,SHORT,1,0,0,0
NEARUSDT,1771279200000,2026-02-16T22:00:00.000Z,BULL,SHORT,0,7.875,IGNORE,0,WATCH,,0,0,0,NA,NA,NA,NA,NA,CLEAR,1,0,0,0,0,TREND_REVERSAL_UNCONFIRMED,0,0.45,SHORT,1,0,0,0
NEARUSDT,1771282800000,2026-02-16T23:00:00.000Z,BULL,SHORT,0,7.875,IGNORE,0,WATCH,,0,0,0,NA,NA,NA,NA,NA,CLEAR,1,0,0,0,0,TREND_REVERSAL_UNCONFIRMED,0,0.45,SHORT,1,0,0,0
NEARUSDT,1771286400000,2026-02-17T00:00:00.000Z,NEUTRAL,NONE,0,7.875,IGNORE,0,WATCH,,0,0,0,NA,NA,NA,NA,NA,WARNING_SOFT,1,0,0,0,0,TREND_REVERSAL_UNCONFIRMED,0,0.45,NONE,1,0,0,0
NEARUSDT,1771290000000,2026-02-17T01:00:00.000Z,NEUTRAL,NONE,0,7.875,IGNORE,0,WATCH,,0,0,0,NA,NA,NA,NA,NA,WARNING_SOFT,1,0,0,0,0,TREND_REVERSAL_UNCONFIRMED,0,0.45,NONE,1,0,0,0
NEARUSDT,1771293600000,2026-02-17T02:00:00.000Z,BULL,SHORT,17.5,12.909375,IGNORE,0,WATCH,,0,0,0,NA,NA,NA,NA,NA,CLEAR,1,0,0,0,0,TREND_REVERSAL_UNCONFIRMED,1,0.45,SHORT,1,0,0,0
NEARUSDT,1771297200000,2026-02-17T03:00:00.000Z,BULL,SHORT,17.5,12.909375,IGNORE,0,WATCH,,0,0,0,NA,NA,NA,NA,NA,WARNING_SOFT,1,0,0,0,0,TREND_REVERSAL_UNCONFIRMED,1,0.45,SHORT,1,0,0,0
NEARUSDT,1771300800000,2026-02-17T04:00:00.000Z,NEUTRAL,NONE,0,7.875,IGNORE,0,WATCH,,0,0,0,NA,NA,NA,NA,NA,WARNING_SOFT,1,0,0,0,0,TREND_REVERSAL_UNCONFIRMED,0,0.45,NONE,1,0,0,0
NEARUSDT,1771304400000,2026-02-17T05:00:00.000Z,NEUTRAL,NONE,0,7.875,IGNORE,0,WATCH,,0,0,0,NA,NA,NA,NA,NA,WARNING_SOFT,1,0,0,0,0,TREND_REVERSAL_UNCONFIRMED,0,0.45,NONE,1,0,0,0
NEARUSDT,1771308000000,2026-02-17T06:00:00.000Z,BULL,SHORT,17.5,12.909375,IGNORE,0,WATCH,,0,0,0,NA,NA,NA,NA,NA,WARNING_SOFT,1,0,0,0,0,TREND_REVERSAL_UNCONFIRMED,1,0.45,SHORT,1,0,0,0
NEARUSDT,1771311600000,2026-02-17T07:00:00.000Z,BULL,SHORT,17.5,12.909375,IGNORE,0,WATCH,,0,0,0,NA,NA,NA,NA,NA,WARNING_SOFT,1,0,0,0,0,TREND_REVERSAL_UNCONFIRMED,1,0.45,SHORT,1,0,0,0
NEARUSDT,1771315200000,2026-02-17T08:00:00.000Z,NEUTRAL,NONE,0,7.875,IGNORE,0,WATCH,,0,0,0,NA,NA,NA,NA,NA,WARNING_SOFT,1,0,0,0,0,TREND_REVERSAL_UNCONFIRMED,0,0.45,NONE,1,0,0,0
NEARUSDT,1771318800000,2026-02-17T09:00:00.000Z,BULL,SHORT,17.5,12.909375,IGNORE,0,WATCH,,0,0,0,NA,NA,NA,NA,NA,WARNING_SOFT,1,0,0,0,0,TREND_REVERSAL_UNCONFIRMED,1,0.45,SHORT,1,0,0,0
NEARUSDT,1771322400000,2026-02-17T10:00:00.000Z,NEUTRAL,NONE,0,7.875,IGNORE,0,WATCH,,0,0,0,NA,NA,NA,NA,NA,WARNING_SOFT,1,0,0,0,0,TREND_REVERSAL_UNCONFIRMED,0,0.45,NONE,1,0,0,0
NEARUSDT,1771326000000,2026-02-17T11:00:00.000Z,BULL,SHORT,17.5,12.909375,IGNORE,0,WATCH,,0,0,0,NA,NA,NA,NA,NA,WARNING_SOFT,1,0,0,0,0,TREND_REVERSAL_UNCONFIRMED,1,0.45,SHORT,1,0,0,0
NEARUSDT,1771329600000,2026-02-17T12:00:00.000Z,BULL,SHORT,35.09489719027037,17.951223153733793,IGNORE,0,WATCH,,0,0,0,NA,NA,NA,NA,NA,WARNING_HARD,1,0,0,0,0,TREND_REVERSAL_UNCONFIRMED,2,0.45,SHORT,1,0,0,0
NEARUSDT,1771333200000,2026-02-17T13:00:00.000Z,BULL,SHORT,33.251178748582184,17.80603032645085,IGNORE,0,WATCH,,0,0,0,NA,NA,NA,NA,NA,WARNING_HARD,1,0,0,0,0,TREND_REVERSAL_UNCONFIRMED,2,0.45,SHORT,1,0,0,0
NEARUSDT,1771336800000,2026-02-17T14:00:00.000Z,NEUTRAL,NONE,0,7.875,IGNORE,0,WATCH,,0,0,0,NA,NA,NA,NA,NA,BLOCK,0,0,0,0,0,TREND_REVERSAL_UNCONFIRMED,0,0.45,NONE,1,0,0,0
NEARUSDT,1771340400000,2026-02-17T15:00:00.000Z,BEAR,LONG,42.5,18.534375,IGNORE,0,WATCH,,0,0,0,NA,NA,NA,NA,NA,CLEAR,1,0,0,0,0,TREND_REVERSAL_UNCONFIRMED,2,0.45,LONG,1,0,0,0
NEARUSDT,1771344000000,2026-02-17T16:00:00.000Z,BEAR,LONG,42.5,18.534375,IGNORE,0,WATCH,,0,0,0,NA,NA,NA,NA,NA,CLEAR,1,0,0,0,0,TREND_REVERSAL_UNCONFIRMED,2,0.45,LONG,1,0,0,0
NEARUSDT,1771347600000,2026-02-17T17:00:00.000Z,BEAR,LONG,59.100037747184025,52.682705548836054,WATCH,1,WATCH,ACTIVE,1,1,0,PASS,PASS,SKIP,SKIP,FAIL,CLEAR,1,0,0,0,0,MARKET_CONTEXT_DENIED,3,0.84,LONG,0,1,0,0
NEARUSDT,1771351200000,2026-02-17T18:00:00.000Z,NEUTRAL,NONE,0,7.875,IGNORE,0,WATCH,,0,0,0,NA,NA,NA,NA,NA,WARNING_SOFT,1,0,0,0,0,TREND_REVERSAL_UNCONFIRMED,0,0.45,NONE,1,0,0,0
NEARUSDT,1771354800000,2026-02-17T19:00:00.000Z,BEAR,LONG,30.813345901323622,17.614050989729236,IGNORE,0,WATCH,,0,0,0,NA,NA,NA,NA,NA,WARNING_SOFT,1,0,0,0,0,TREND_REVERSAL_UNCONFIRMED,2,0.45,LONG,1,0,0,0
NEARUSDT,1771358400000,2026-02-17T20:00:00.000Z,BEAR,LONG,0,7.875,IGNORE,0,WATCH,,0,0,0,NA,NA,NA,NA,NA,CLEAR,1,0,0,0,0,TREND_REVERSAL_UNCONFIRMED,0,0.45,LONG,1,0,0,0
NEARUSDT,1771362000000,2026-02-17T21:00:00.000Z,BEAR,LONG,0,7.875,IGNORE,0,WATCH,,0,0,0,NA,NA,NA,NA,NA,CLEAR,1,0,0,0,0,TREND_REVERSAL_UNCONFIRMED,0,0.45,LONG,1,0,0,0
NEARUSDT,1771365600000,2026-02-17T22:00:00.000Z,BEAR,LONG,0,7.875,IGNORE,0,WATCH,,0,0,0,NA,NA,NA,NA,NA,CLEAR,1,0,0,0,0,TREND_REVERSAL_UNCONFIRMED,0,0.45,LONG,1,0,0,0
NEARUSDT,1771369200000,2026-02-17T23:00:00.000Z,BEAR,LONG,0,7.875,IGNORE,0,WATCH,,0,0,0,NA,NA,NA,NA,NA,CLEAR,1,0,0,0,0,TREND_REVERSAL_UNCONFIRMED,0,0.45,LONG,1,0,0,0
NEARUSDT,1771372800000,2026-02-18T00:00:00.000Z,BEAR,LONG,0,7.875,IGNORE,0,WATCH,,0,0,0,NA,NA,NA,NA,NA,CLEAR,1,0,0,0,0,TREND_REVERSAL_UNCONFIRMED,0,0.45,LONG,1,0,0,0
NEARUSDT,1771376400000,2026-02-18T01:00:00.000Z,BEAR,LONG,0,7.875,IGNORE,0,WATCH,,0,0,0,NA,NA,NA,NA,NA,CLEAR,1,0,0,0,0,TREND_REVERSAL_UNCONFIRMED,0,0.45,LONG,1,0,0,0
NEARUSDT,1771380000000,2026-02-18T02:00:00.000Z,NEUTRAL,NONE,0,7.875,IGNORE,0,WATCH,,0,0,0,NA,NA,NA,NA,NA,WARNING_SOFT,1,0,0,0,0,TREND_REVERSAL_UNCONFIRMED,0,0.45,NONE,1,0,0,0
NEARUSDT,1771383600000,2026-02-18T03:00:00.000Z,NEUTRAL,NONE,0,7.875,IGNORE,0,WATCH,,0,0,0,NA,NA,NA,NA,NA,WARNING_SOFT,1,0,0,0,0,TREND_REVERSAL_UNCONFIRMED,0,0.45,NONE,1,0,0,0
NEARUSDT,1771387200000,2026-02-18T04:00:00.000Z,BEAR,LONG,17.5,12.909375,IGNORE,0,WATCH,,0,0,0,NA,NA,NA,NA,NA,WARNING_SOFT,1,0,0,0,0,TREND_REVERSAL_UNCONFIRMED,1,0.45,LONG,1,0,0,0
NEARUSDT,1771390800000,2026-02-18T05:00:00.000Z,NEUTRAL,NONE,0,7.875,IGNORE,0,WATCH,,0,0,0,NA,NA,NA,NA,NA,WARNING_SOFT,1,0,0,0,0,TREND_REVERSAL_UNCONFIRMED,0,0.45,NONE,1,0,0,0
NEARUSDT,1771394400000,2026-02-18T06:00:00.000Z,BEAR,LONG,17.5,12.909375,IGNORE,0,WATCH,,0,0,0,NA,NA,NA,NA,NA,WARNING_SOFT,1,0,0,0,0,TREND_REVERSAL_UNCONFIRMED,1,0.45,LONG,1,0,0,0
NEARUSDT,1771398000000,2026-02-18T07:00:00.000Z,NEUTRAL,NONE,0,7.875,IGNORE,0,WATCH,,0,0,0,NA,NA,NA,NA,NA,WARNING_SOFT,1,0,0,0,0,TREND_REVERSAL_UNCONFIRMED,0,0.45,NONE,1,0,0,0
NEARUSDT,1771401600000,2026-02-18T08:00:00.000Z,NEUTRAL,NONE,0,7.875,IGNORE,0,WATCH,,0,0,0,NA,NA,NA,NA,NA,CLEAR,1,0,0,0,0,TREND_REVERSAL_UNCONFIRMED,0,0.45,NONE,1,0,0,0
NEARUSDT,1771405200000,2026-02-18T09:00:00.000Z,NEUTRAL,NONE,0,7.875,IGNORE,0,WATCH,,0,0,0,NA,NA,NA,NA,NA,CLEAR,1,0,0,0,0,TREND_REVERSAL_UNCONFIRMED,0,0.45,NONE,1,0,0,0
NEARUSDT,1771408800000,2026-02-18T10:00:00.000Z,NEUTRAL,NONE,0,7.875,IGNORE,0,WATCH,,0,0,0,NA,NA,NA,NA,NA,WARNING_HARD,1,0,0,0,0,TREND_REVERSAL_UNCONFIRMED,0,0.45,NONE,1,0,0,0
NEARUSDT,1771412400000,2026-02-18T11:00:00.000Z,BEAR,LONG,31.822617690914527,17.693531143159518,IGNORE,0,WATCH,,0,0,0,NA,NA,NA,NA,NA,WARNING_SOFT,1,0,0,0,0,TREND_REVERSAL_UNCONFIRMED,2,0.45,LONG,1,0,0,0
NEARUSDT,1771416000000,2026-02-18T12:00:00.000Z,BEAR,LONG,17.5,12.909375,IGNORE,0,WATCH,,0,0,0,NA,NA,NA,NA,NA,CLEAR,1,0,0,0,0,TREND_REVERSAL_UNCONFIRMED,1,0.45,LONG,1,0,0,0
NEARUSDT,1771419600000,2026-02-18T13:00:00.000Z,BEAR,LONG,32.719394448778196,17.764152312841286,IGNORE,0,WATCH,,0,0,0,NA,NA,NA,NA,NA,CLEAR,1,0,0,0,0,TREND_REVERSAL_UNCONFIRMED,2,0.45,LONG,1,0,0,0
NEARUSDT,1771423200000,2026-02-18T14:00:00.000Z,BEAR,LONG,42.5,18.534375,IGNORE,0,WATCH,,0,0,0,NA,NA,NA,NA,NA,CLEAR,1,0,0,0,0,TREND_REVERSAL_UNCONFIRMED,2,0.45,LONG,1,0,0,0
NEARUSDT,1771426800000,2026-02-18T15:00:00.000Z,NEUTRAL,NONE,0,7.875,IGNORE,0,WATCH,,0,0,0,NA,NA,NA,NA,NA,WARNING_SOFT,1,0,0,0,0,TREND_REVERSAL_UNCONFIRMED,0,0.45,NONE,1,0,0,0
NEARUSDT,1771430400000,2026-02-18T16:00:00.000Z,BEAR,LONG,24.900563785861877,13.492169398136623,IGNORE,0,WATCH,,0,0,0,NA,NA,NA,NA,NA,WARNING_SOFT,1,0,1,0,0,TREND_REVERSAL_UNCONFIRMED,1,0.45,LONG,1,0,0,0
NEARUSDT,1771434000000,2026-02-18T17:00:00.000Z,BEAR,LONG,15.699465076724756,12.767582874792074,IGNORE,0,WATCH,,0,0,0,NA,NA,NA,NA,NA,CLEAR,1,0,0,0,0,TREND_REVERSAL_UNCONFIRMED,1,0.45,LONG,1,0,0,0
NEARUSDT,1771437600000,2026-02-18T18:00:00.000Z,BEAR,LONG,25,13.5,IGNORE,0,WATCH,,0,0,0,NA,NA,NA,NA,NA,CLEAR,1,0,1,0,0,TREND_REVERSAL_UNCONFIRMED,1,0.45,LONG,1,0,0,0
NEARUSDT,1771441200000,2026-02-18T19:00:00.000Z,BEAR,LONG,25,13.5,IGNORE,0,WATCH,,0,0,0,NA,NA,NA,NA,NA,CLEAR,1,0,1,0,0,TREND_REVERSAL_UNCONFIRMED,1,0.45,LONG,1,0,0,0
NEARUSDT,1771444800000,2026-02-18T20:00:00.000Z,BEAR,LONG,25,13.5,IGNORE,0,WATCH,,0,0,0,NA,NA,NA,NA,NA,CLEAR,1,0,0,0,0,TREND_REVERSAL_UNCONFIRMED,1,0.45,LONG,1,0,0,0
NEARUSDT,1771448400000,2026-02-18T21:00:00.000Z,BEAR,LONG,12.847222222222221,12.54296875,IGNORE,0,WATCH,,0,0,0,NA,NA,NA,NA,NA,CLEAR,1,0,0,0,0,TREND_REVERSAL_UNCONFIRMED,1,0.45,LONG,1,0,0,0
NEARUSDT,1771452000000,2026-02-18T22:00:00.000Z,BEAR,LONG,0,7.875,IGNORE,0,WATCH,,0,0,0,NA,NA,NA,NA,NA,CLEAR,1,0,0,0,0,TREND_REVERSAL_UNCONFIRMED,0,0.45,LONG,1,0,0,0
NEARUSDT,1771455600000,2026-02-18T23:00:00.000Z,BEAR,LONG,25,13.5,IGNORE,0,WATCH,,0,0,0,NA,NA,NA,NA,NA,CLEAR,1,0,0,0,0,TREND_REVERSAL_UNCONFIRMED,1,0.45,LONG,1,0,0,0
NEARUSDT,1771459200000,2026-02-19T00:00:00.000Z,BEAR,LONG,0,7.875,IGNORE,0,WATCH,,0,0,0,NA,NA,NA,NA,NA,CLEAR,1,0,0,0,0,TREND_REVERSAL_UNCONFIRMED,0,0.45,LONG,1,0,0,0
NEARUSDT,1771462800000,2026-02-19T01:00:00.000Z,BEAR,LONG,0,7.875,IGNORE,0,WATCH,,0,0,0,NA,NA,NA,NA,NA,CLEAR,1,0,0,0,0,TREND_REVERSAL_UNCONFIRMED,0,0.45,LONG,1,0,0,0
NEARUSDT,1771466400000,2026-02-19T02:00:00.000Z,BEAR,LONG,0,7.875,IGNORE,0,WATCH,,0,0,0,NA,NA,NA,NA,NA,CLEAR,1,0,0,0,0,TREND_REVERSAL_UNCONFIRMED,0,0.45,LONG,1,0,0,0
NEARUSDT,1771470000000,2026-02-19T03:00:00.000Z,BEAR,LONG,0,7.875,IGNORE,0,WATCH,,0,0,0,NA,NA,NA,NA,NA,CLEAR,1,0,0,0,0,TREND_REVERSAL_UNCONFIRMED,0,0.45,LONG,1,0,0,0
NEARUSDT,1771473600000,2026-02-19T04:00:00.000Z,BEAR,LONG,0,7.875,IGNORE,0,WATCH,,0,0,0,NA,NA,NA,NA,NA,CLEAR,1,0,0,0,0,TREND_REVERSAL_UNCONFIRMED,0,0.45,LONG,1,0,0,0
NEARUSDT,1771477200000,2026-02-19T05:00:00.000Z,BEAR,LONG,25,13.5,IGNORE,0,WATCH,,0,0,0,NA,NA,NA,NA,NA,CLEAR,1,0,0,0,0,TREND_REVERSAL_UNCONFIRMED,1,0.45,LONG,1,0,0,0
NEARUSDT,1771480800000,2026-02-19T06:00:00.000Z,BEAR,LONG,0,7.875,IGNORE,0,WATCH,,0,0,0,NA,NA,NA,NA,NA,WARNING_SOFT,1,0,0,0,0,TREND_REVERSAL_UNCONFIRMED,0,0.45,LONG,1,0,0,0
NEARUSDT,1771484400000,2026-02-19T07:00:00.000Z,BEAR,LONG,0,7.875,IGNORE,0,WATCH,,0,0,0,NA,NA,NA,NA,NA,WARNING_SOFT,1,0,0,0,0,TREND_REVERSAL_UNCONFIRMED,0,0.45,LONG,1,0,0,0
NEARUSDT,1771488000000,2026-02-19T08:00:00.000Z,BEAR,LONG,0,7.875,IGNORE,0,WATCH,,0,0,0,NA,NA,NA,NA,NA,CLEAR,1,0,0,0,0,TREND_REVERSAL_UNCONFIRMED,0,0.45,LONG,1,0,0,0
NEARUSDT,1771491600000,2026-02-19T09:00:00.000Z,BEAR,LONG,0,7.875,IGNORE,0,WATCH,,0,0,0,NA,NA,NA,NA,NA,CLEAR,1,0,0,0,0,TREND_REVERSAL_UNCONFIRMED,0,0.45,LONG,1,0,0,0
NEARUSDT,1771495200000,2026-02-19T10:00:00.000Z,BEAR,LONG,0,7.875,IGNORE,0,WATCH,,0,0,0,NA,NA,NA,NA,NA,CLEAR,1,0,0,0,0,TREND_REVERSAL_UNCONFIRMED,0,0.45,LONG,1,0,0,0
NEARUSDT,1771498800000,2026-02-19T11:00:00.000Z,BEAR,LONG,0,7.875,IGNORE,0,WATCH,,0,0,0,NA,NA,NA,NA,NA,CLEAR,1,0,0,0,0,TREND_REVERSAL_UNCONFIRMED,0,0.45,LONG,1,0,0,0
NEARUSDT,1771502400000,2026-02-19T12:00:00.000Z,BEAR,LONG,0,7.875,IGNORE,0,WATCH,,0,0,0,NA,NA,NA,NA,NA,CLEAR,1,0,0,0,0,TREND_REVERSAL_UNCONFIRMED,0,0.45,LONG,1,0,0,0
NEARUSDT,1771506000000,2026-02-19T13:00:00.000Z,BEAR,LONG,21.616271158563833,13.233531353736902,IGNORE,0,WATCH,,0,0,0,NA,NA,NA,NA,NA,CLEAR,1,0,1,0,0,TREND_REVERSAL_UNCONFIRMED,1,0.45,LONG,1,0,0,0
NEARUSDT,1771509600000,2026-02-19T14:00:00.000Z,BEAR,LONG,22.039842984736598,13.266887635048006,IGNORE,0,WATCH,,0,0,0,NA,NA,NA,NA,NA,CLEAR,1,0,0,0,0,TREND_REVERSAL_UNCONFIRMED,1,0.45,LONG,1,0,0,0
NEARUSDT,1771513200000,2026-02-19T15:00:00.000Z,BEAR,LONG,19.875614807290596,13.096454666074136,IGNORE,0,WATCH,,0,0,0,NA,NA,NA,NA,NA,CLEAR,1,0,1,0,0,TREND_REVERSAL_UNCONFIRMED,1,0.45,LONG,1,0,0,0
NEARUSDT,1771516800000,2026-02-19T16:00:00.000Z,BEAR,LONG,45.296577641033274,18.75460548923137,IGNORE,0,WATCH,,0,0,0,NA,NA,NA,NA,NA,CLEAR,1,0,0,0,0,TREND_REVERSAL_UNCONFIRMED,2,0.45,LONG,1,0,0,0
NEARUSDT,1771520400000,2026-02-19T17:00:00.000Z,BEAR,LONG,21.415672437121906,13.21773420442335,IGNORE,0,WATCH,,0,0,0,NA,NA,NA,NA,NA,CLEAR,1,0,0,0,0,TREND_REVERSAL_UNCONFIRMED,1,0.45,LONG,1,0,0,0
NEARUSDT,1771524000000,2026-02-19T18:00:00.000Z,BEAR,LONG,16.347034871289853,12.818578996114077,IGNORE,0,WATCH,,0,0,0,NA,NA,NA,NA,NA,WARNING_SOFT,1,0,0,0,0,TREND_REVERSAL_UNCONFIRMED,1,0.45,LONG,1,0,0,0
NEARUSDT,1771527600000,2026-02-19T19:00:00.000Z,BEAR,LONG,0,7.875,IGNORE,0,WATCH,,0,0,0,NA,NA,NA,NA,NA,WARNING_SOFT,1,0,0,0,0,TREND_REVERSAL_UNCONFIRMED,0,0.45,LONG,1,0,0,0
NEARUSDT,1771531200000,2026-02-19T20:00:00.000Z,BEAR,LONG,0,7.875,IGNORE,0,WATCH,,0,0,0,NA,NA,NA,NA,NA,WARNING_SOFT,1,0,0,0,0,TREND_REVERSAL_UNCONFIRMED,0,0.45,LONG,1,0,0,0
NEARUSDT,1771534800000,2026-02-19T21:00:00.000Z,BEAR,LONG,0,7.875,IGNORE,0,WATCH,,0,0,0,NA,NA,NA,NA,NA,WARNING_SOFT,1,0,0,0,0,TREND_REVERSAL_UNCONFIRMED,0,0.45,LONG,1,0,0,0
NEARUSDT,1771538400000,2026-02-19T22:00:00.000Z,BEAR,LONG,0,7.875,IGNORE,0,WATCH,,0,0,0,NA,NA,NA,NA,NA,WARNING_SOFT,1,0,0,0,0,TREND_REVERSAL_UNCONFIRMED,0,0.45,LONG,1,0,0,0
NEARUSDT,1771542000000,2026-02-19T23:00:00.000Z,NEUTRAL,NONE,0,7.875,IGNORE,0,WATCH,,0,0,0,NA,NA,NA,NA,NA,CLEAR,1,0,0,0,0,TREND_REVERSAL_UNCONFIRMED,0,0.45,NONE,1,0,0,0
NEARUSDT,1771545600000,2026-02-20T00:00:00.000Z,NEUTRAL,NONE,0,7.875,IGNORE,0,WATCH,,0,0,0,NA,NA,NA,NA,NA,CLEAR,1,0,0,0,0,TREND_REVERSAL_UNCONFIRMED,0,0.45,NONE,1,0,0,0
NEARUSDT,1771549200000,2026-02-20T01:00:00.000Z,NEUTRAL,NONE,0,7.875,IGNORE,0,WATCH,,0,0,0,NA,NA,NA,NA,NA,CLEAR,1,0,0,0,0,TREND_REVERSAL_UNCONFIRMED,0,0.45,NONE,1,0,0,0
NEARUSDT,1771552800000,2026-02-20T02:00:00.000Z,NEUTRAL,NONE,0,7.875,IGNORE,0,WATCH,,0,0,0,NA,NA,NA,NA,NA,CLEAR,1,0,0,0,0,TREND_REVERSAL_UNCONFIRMED,0,0.45,NONE,1,0,0,0
NEARUSDT,1771556400000,2026-02-20T03:00:00.000Z,NEUTRAL,NONE,0,7.875,IGNORE,0,WATCH,,0,0,0,NA,NA,NA,NA,NA,CLEAR,1,0,0,0,0,TREND_REVERSAL_UNCONFIRMED,0,0.45,NONE,1,0,0,0
NEARUSDT,1771560000000,2026-02-20T04:00:00.000Z,BEAR,LONG,0,7.875,IGNORE,0,WATCH,,0,0,0,NA,NA,NA,NA,NA,WARNING_SOFT,1,0,0,0,0,TREND_REVERSAL_UNCONFIRMED,0,0.45,LONG,1,0,0,0
NEARUSDT,1771563600000,2026-02-20T05:00:00.000Z,NEUTRAL,NONE,0,7.875,IGNORE,0,WATCH,,0,0,0,NA,NA,NA,NA,NA,WARNING_SOFT,1,0,0,0,0,TREND_REVERSAL_UNCONFIRMED,0,0.45,NONE,1,0,0,0
NEARUSDT,1771567200000,2026-02-20T06:00:00.000Z,NEUTRAL,NONE,0,7.875,IGNORE,0,WATCH,,0,0,0,NA,NA,NA,NA,NA,CLEAR,1,0,0,0,0,TREND_REVERSAL_UNCONFIRMED,0,0.45,NONE,1,0,0,0
NEARUSDT,1771570800000,2026-02-20T07:00:00.000Z,NEUTRAL,NONE,0,7.875,IGNORE,0,WATCH,,0,0,0,NA,NA,NA,NA,NA,CLEAR,1,0,0,0,0,TREND_REVERSAL_UNCONFIRMED,0,0.45,NONE,1,0,0,0
NEARUSDT,1771574400000,2026-02-20T08:00:00.000Z,NEUTRAL,NONE,0,7.875,IGNORE,0,WATCH,,0,0,0,NA,NA,NA,NA,NA,CLEAR,1,0,0,0,0,TREND_REVERSAL_UNCONFIRMED,0,0.45,NONE,1,0,0,0
NEARUSDT,1771578000000,2026-02-20T09:00:00.000Z,NEUTRAL,NONE,0,7.875,IGNORE,0,WATCH,,0,0,0,NA,NA,NA,NA,NA,CLEAR,1,0,0,0,0,TREND_REVERSAL_UNCONFIRMED,0,0.45,NONE,1,0,0,0
NEARUSDT,1771581600000,2026-02-20T10:00:00.000Z,NEUTRAL,NONE,0,7.875,IGNORE,0,WATCH,,0,0,0,NA,NA,NA,NA,NA,CLEAR,1,0,0,0,0,TREND_REVERSAL_UNCONFIRMED,0,0.45,NONE,1,0,0,0
NEARUSDT,1771585200000,2026-02-20T11:00:00.000Z,NEUTRAL,NONE,0,7.875,IGNORE,0,WATCH,,0,0,0,NA,NA,NA,NA,NA,WARNING_SOFT,1,0,0,0,0,TREND_REVERSAL_UNCONFIRMED,0,0.45,NONE,1,0,0,0
NEARUSDT,1771588800000,2026-02-20T12:00:00.000Z,NEUTRAL,NONE,0,7.875,IGNORE,0,WATCH,,0,0,0,NA,NA,NA,NA,NA,CLEAR,1,1,0,0,0,TREND_REVERSAL_UNCONFIRMED,0,0.45,NONE,1,0,0,0
NEARUSDT,1771592400000,2026-02-20T13:00:00.000Z,NEUTRAL,NONE,0,7.875,IGNORE,0,WATCH,,0,0,0,NA,NA,NA,NA,NA,WARNING_HARD,1,0,0,0,0,TREND_REVERSAL_UNCONFIRMED,0,0.45,NONE,1,0,0,0
NEARUSDT,1771596000000,2026-02-20T14:00:00.000Z,NEUTRAL,NONE,0,7.875,IGNORE,0,WATCH,,0,0,0,NA,NA,NA,NA,NA,WARNING_HARD,1,0,0,0,0,TREND_REVERSAL_UNCONFIRMED,0,0.45,NONE,1,0,0,0
NEARUSDT,1771599600000,2026-02-20T15:00:00.000Z,NEUTRAL,NONE,0,7.875,IGNORE,0,WATCH,,0,0,0,NA,NA,NA,NA,NA,CLEAR,1,0,0,0,0,TREND_REVERSAL_UNCONFIRMED,0,0.45,NONE,1,0,0,0
NEARUSDT,1771603200000,2026-02-20T16:00:00.000Z,BULL,SHORT,25,13.5,IGNORE,0,WATCH,,0,0,0,NA,NA,NA,NA,NA,CLEAR,1,0,0,0,0,TREND_REVERSAL_UNCONFIRMED,1,0.45,SHORT,1,0,0,0
NEARUSDT,1771606800000,2026-02-20T17:00:00.000Z,BULL,SHORT,25,13.5,IGNORE,0,WATCH,,0,0,0,NA,NA,NA,NA,NA,WARNING_SOFT,1,0,0,0,0,TREND_REVERSAL_UNCONFIRMED,1,0.45,SHORT,1,0,0,0
NEARUSDT,1771610400000,2026-02-20T18:00:00.000Z,BULL,SHORT,18.166976455989378,12.961899395909164,IGNORE,0,WATCH,,0,0,0,NA,NA,NA,NA,NA,CLEAR,1,0,0,0,0,TREND_REVERSAL_UNCONFIRMED,1,0.45,SHORT,1,0,0,0
NEARUSDT,1771614000000,2026-02-20T19:00:00.000Z,BULL,SHORT,0,7.875,IGNORE,0,WATCH,,0,0,0,NA,NA,NA,NA,NA,CLEAR,1,0,0,0,0,TREND_REVERSAL_UNCONFIRMED,0,0.45,SHORT,1,0,0,0
NEARUSDT,1771617600000,2026-02-20T20:00:00.000Z,BULL,SHORT,25,13.5,IGNORE,0,WATCH,,0,0,0,NA,NA,NA,NA,NA,CLEAR,1,0,0,0,0,TREND_REVERSAL_UNCONFIRMED,1,0.45,SHORT,1,0,0,0
NEARUSDT,1771621200000,2026-02-20T21:00:00.000Z,BULL,SHORT,12.847222222222221,12.54296875,IGNORE,0,WATCH,,0,0,0,NA,NA,NA,NA,NA,CLEAR,1,0,0,0,0,TREND_REVERSAL_UNCONFIRMED,1,0.45,SHORT,1,0,0,0
NEARUSDT,1771624800000,2026-02-20T22:00:00.000Z,BULL,SHORT,14.583333333333332,12.6796875,IGNORE,0,WATCH,,0,0,0,NA,NA,NA,NA,NA,CLEAR,1,0,0,0,0,TREND_REVERSAL_UNCONFIRMED,1,0.45,SHORT,1,0,0,0
NEARUSDT,1771628400000,2026-02-20T23:00:00.000Z,BULL,SHORT,14.583333333333332,12.6796875,IGNORE,0,WATCH,,0,0,0,NA,NA,NA,NA,NA,CLEAR,1,0,0,0,0,TREND_REVERSAL_UNCONFIRMED,1,0.45,SHORT,1,0,0,0
NEARUSDT,1771632000000,2026-02-21T00:00:00.000Z,BULL,SHORT,0,7.875,IGNORE,0,WATCH,,0,0,0,NA,NA,NA,NA,NA,CLEAR,1,0,0,0,0,TREND_REVERSAL_UNCONFIRMED,0,0.45,SHORT,1,0,0,0
NEARUSDT,1771635600000,2026-02-21T01:00:00.000Z,BULL,SHORT,0,7.875,IGNORE,0,WATCH,,0,0,0,NA,NA,NA,NA,NA,CLEAR,1,0,0,0,0,TREND_REVERSAL_UNCONFIRMED,0,0.45,SHORT,1,0,0,0
NEARUSDT,1771639200000,2026-02-21T02:00:00.000Z,BULL,SHORT,12.847222222222221,12.54296875,IGNORE,0,WATCH,,0,0,0,NA,NA,NA,NA,NA,CLEAR,1,0,0,0,0,TREND_REVERSAL_UNCONFIRMED,1,0.45,SHORT,1,0,0,0
NEARUSDT,1771642800000,2026-02-21T03:00:00.000Z,BULL,SHORT,12.847222222222221,12.54296875,IGNORE,0,WATCH,,0,0,0,NA,NA,NA,NA,NA,WARNING_SOFT,1,0,0,0,0,TREND_REVERSAL_UNCONFIRMED,1,0.45,SHORT,1,0,0,0
NEARUSDT,1771646400000,2026-02-21T04:00:00.000Z,BULL,SHORT,14.583333333333332,12.6796875,IGNORE,0,WATCH,,0,0,0,NA,NA,NA,NA,NA,CLEAR,1,0,0,0,0,TREND_REVERSAL_UNCONFIRMED,1,0.45,SHORT,1,0,0,0
NEARUSDT,1771650000000,2026-02-21T05:00:00.000Z,BULL,SHORT,41.666666666666664,18.46875,IGNORE,0,WATCH,,0,0,0,NA,NA,NA,NA,NA,CLEAR,1,0,0,0,0,TREND_REVERSAL_UNCONFIRMED,2,0.45,SHORT,1,0,0,0
NEARUSDT,1771653600000,2026-02-21T06:00:00.000Z,BULL,SHORT,0,7.875,IGNORE,0,WATCH,,0,0,0,NA,NA,NA,NA,NA,CLEAR,1,0,0,0,0,TREND_REVERSAL_UNCONFIRMED,0,0.45,SHORT,1,0,0,0
NEARUSDT,1771657200000,2026-02-21T07:00:00.000Z,BULL,SHORT,0,7.875,IGNORE,0,WATCH,,0,0,0,NA,NA,NA,NA,NA,CLEAR,1,0,0,0,0,TREND_REVERSAL_UNCONFIRMED,0,0.45,SHORT,1,0,0,0
NEARUSDT,1771660800000,2026-02-21T08:00:00.000Z,BULL,SHORT,34.3960505587208,17.89618898149926,IGNORE,0,WATCH,,0,0,0,NA,NA,NA,NA,NA,CLEAR,1,0,0,0,0,TREND_REVERSAL_UNCONFIRMED,2,0.45,SHORT,1,0,0,0
NEARUSDT,1771664400000,2026-02-21T09:00:00.000Z,BULL,SHORT,30.379708401084564,17.57990203658541,IGNORE,0,WATCH,,0,0,0,NA,NA,NA,NA,NA,CLEAR,1,0,0,0,0,TREND_REVERSAL_UNCONFIRMED,2,0.45,SHORT,1,0,0,0
NEARUSDT,1771668000000,2026-02-21T10:00:00.000Z,BULL,SHORT,14.583333333333332,12.6796875,IGNORE,0,WATCH,,0,0,0,NA,NA,NA,NA,NA,CLEAR,1,0,0,0,0,TREND_REVERSAL_UNCONFIRMED,1,0.45,SHORT,1,0,0,0
NEARUSDT,1771671600000,2026-02-21T11:00:00.000Z,BULL,SHORT,21.364265152573783,13.213685880765185,IGNORE,0,WATCH,,0,0,0,NA,NA,NA,NA,NA,CLEAR,1,0,0,0,0,TREND_REVERSAL_UNCONFIRMED,1,0.45,SHORT,1,0,0,0
NEARUSDT,1771675200000,2026-02-21T12:00:00.000Z,BULL,SHORT,0,7.875,IGNORE,0,WATCH,,0,0,0,NA,NA,NA,NA,NA,CLEAR,1,0,0,0,0,TREND_REVERSAL_UNCONFIRMED,0,0.45,SHORT,1,0,0,0
NEARUSDT,1771678800000,2026-02-21T13:00:00.000Z,BULL,SHORT,0,7.875,IGNORE,0,WATCH,,0,0,0,NA,NA,NA,NA,NA,WARNING_SOFT,1,0,0,0,0,TREND_REVERSAL_UNCONFIRMED,0,0.45,SHORT,1,0,0,0
NEARUSDT,1771682400000,2026-02-21T14:00:00.000Z,BULL,SHORT,14.349590533759462,12.661280254533558,IGNORE,0,WATCH,,0,0,0,NA,NA,NA,NA,NA,BLOCK,0,0,0,0,0,TREND_REVERSAL_UNCONFIRMED,1,0.45,SHORT,1,0,0,0
NEARUSDT,1771686000000,2026-02-21T15:00:00.000Z,NEUTRAL,NONE,0,7.875,IGNORE,0,WATCH,,0,0,0,NA,NA,NA,NA,NA,BLOCK,0,0,0,0,0,TREND_REVERSAL_UNCONFIRMED,0,0.45,NONE,1,0,0,0
NEARUSDT,1771689600000,2026-02-21T16:00:00.000Z,NEUTRAL,NONE,0,7.875,IGNORE,0,WATCH,,0,0,0,NA,NA,NA,NA,NA,BLOCK,0,0,0,0,0,TREND_REVERSAL_UNCONFIRMED,0,0.45,NONE,1,0,0,0
NEARUSDT,1771693200000,2026-02-21T17:00:00.000Z,NEUTRAL,NONE,0,7.875,IGNORE,0,WATCH,,0,0,0,NA,NA,NA,NA,NA,WARNING_SOFT,1,0,0,0,0,TREND_REVERSAL_UNCONFIRMED,0,0.45,NONE,1,0,0,0
NEARUSDT,1771696800000,2026-02-21T18:00:00.000Z,NEUTRAL,NONE,0,7.875,IGNORE,0,WATCH,,0,0,0,NA,NA,NA,NA,NA,WARNING_SOFT,1,0,0,0,0,TREND_REVERSAL_UNCONFIRMED,0,0.45,NONE,1,0,0,0
NEARUSDT,1771700400000,2026-02-21T19:00:00.000Z,NEUTRAL,NONE,0,7.875,IGNORE,0,WATCH,,0,0,0,NA,NA,NA,NA,NA,WARNING_SOFT,1,0,0,0,0,TREND_REVERSAL_UNCONFIRMED,0,0.45,NONE,1,0,0,0
NEARUSDT,1771704000000,2026-02-21T20:00:00.000Z,NEUTRAL,NONE,0,7.875,IGNORE,0,WATCH,,0,0,0,NA,NA,NA,NA,NA,WARNING_SOFT,1,0,0,0,0,TREND_REVERSAL_UNCONFIRMED,0,0.45,NONE,1,0,0,0
NEARUSDT,1771707600000,2026-02-21T21:00:00.000Z,NEUTRAL,NONE,0,7.875,IGNORE,0,WATCH,,0,0,0,NA,NA,NA,NA,NA,WARNING_SOFT,1,0,0,0,0,TREND_REVERSAL_UNCONFIRMED,0,0.45,NONE,1,0,0,0
NEARUSDT,1771711200000,2026-02-21T22:00:00.000Z,NEUTRAL,NONE,0,7.875,IGNORE,0,WATCH,,0,0,0,NA,NA,NA,NA,NA,WARNING_SOFT,1,0,0,0,0,TREND_REVERSAL_UNCONFIRMED,0,0.45,NONE,1,0,0,0
NEARUSDT,1771714800000,2026-02-21T23:00:00.000Z,NEUTRAL,NONE,0,7.875,IGNORE,0,WATCH,,0,0,0,NA,NA,NA,NA,NA,WARNING_SOFT,1,0,0,0,0,TREND_REVERSAL_UNCONFIRMED,0,0.45,NONE,1,0,0,0
NEARUSDT,1771718400000,2026-02-22T00:00:00.000Z,NEUTRAL,NONE,0,7.875,IGNORE,0,WATCH,,0,0,0,NA,NA,NA,NA,NA,BLOCK,0,0,0,0,0,TREND_REVERSAL_UNCONFIRMED,0,0.45,NONE,1,0,0,0
NEARUSDT,1771722000000,2026-02-22T01:00:00.000Z,NEUTRAL,NONE,0,7.875,IGNORE,0,WATCH,,0,0,0,NA,NA,NA,NA,NA,WARNING_SOFT,1,0,0,0,0,TREND_REVERSAL_UNCONFIRMED,0,0.45,NONE,1,0,0,0
NEARUSDT,1771725600000,2026-02-22T02:00:00.000Z,NEUTRAL,NONE,0,7.875,IGNORE,0,WATCH,,0,0,0,NA,NA,NA,NA,NA,WARNING_SOFT,1,0,0,0,0,TREND_REVERSAL_UNCONFIRMED,0,0.45,NONE,1,0,0,0
NEARUSDT,1771729200000,2026-02-22T03:00:00.000Z,NEUTRAL,NONE,0,7.875,IGNORE,0,WATCH,,0,0,0,NA,NA,NA,NA,NA,WARNING_SOFT,1,0,0,0,0,TREND_REVERSAL_UNCONFIRMED,0,0.45,NONE,1,0,0,0
NEARUSDT,1771732800000,2026-02-22T04:00:00.000Z,NEUTRAL,NONE,0,7.875,IGNORE,0,WATCH,,0,0,0,NA,NA,NA,NA,NA,WARNING_SOFT,1,0,0,0,0,TREND_REVERSAL_UNCONFIRMED,0,0.45,NONE,1,0,0,0
NEARUSDT,1771736400000,2026-02-22T05:00:00.000Z,NEUTRAL,NONE,0,7.875,IGNORE,0,WATCH,,0,0,0,NA,NA,NA,NA,NA,WARNING_SOFT,1,0,0,0,0,TREND_REVERSAL_UNCONFIRMED,0,0.45,NONE,1,0,0,0
NEARUSDT,1771740000000,2026-02-22T06:00:00.000Z,NEUTRAL,NONE,0,7.875,IGNORE,0,WATCH,,0,0,0,NA,NA,NA,NA,NA,WARNING_SOFT,1,0,0,0,0,TREND_REVERSAL_UNCONFIRMED,0,0.45,NONE,1,0,0,0
NEARUSDT,1771743600000,2026-02-22T07:00:00.000Z,BEAR,LONG,0,7.875,IGNORE,0,WATCH,,0,0,0,NA,NA,NA,NA,NA,CLEAR,1,0,0,0,0,TREND_REVERSAL_UNCONFIRMED,0,0.45,LONG,1,0,0,0
NEARUSDT,1771747200000,2026-02-22T08:00:00.000Z,BEAR,LONG,12.847222222222221,12.54296875,IGNORE,0,WATCH,,0,0,0,NA,NA,NA,NA,NA,CLEAR,1,0,0,0,0,TREND_REVERSAL_UNCONFIRMED,1,0.45,LONG,1,0,0,0
NEARUSDT,1771750800000,2026-02-22T09:00:00.000Z,BEAR,LONG,0,7.875,IGNORE,0,WATCH,,0,0,0,NA,NA,NA,NA,NA,CLEAR,1,0,0,0,0,TREND_REVERSAL_UNCONFIRMED,0,0.45,LONG,1,0,0,0
NEARUSDT,1771754400000,2026-02-22T10:00:00.000Z,BEAR,LONG,0,7.875,IGNORE,0,WATCH,,0,0,0,NA,NA,NA,NA,NA,CLEAR,1,0,0,0,0,TREND_REVERSAL_UNCONFIRMED,0,0.45,LONG,1,0,0,0
NEARUSDT,1771758000000,2026-02-22T11:00:00.000Z,BEAR,LONG,0,7.875,IGNORE,0,WATCH,,0,0,0,NA,NA,NA,NA,NA,WARNING_SOFT,1,0,0,0,0,TREND_REVERSAL_UNCONFIRMED,0,0.45,LONG,1,0,0,0
NEARUSDT,1771761600000,2026-02-22T12:00:00.000Z,BEAR,LONG,15.38639912036797,12.74292893072898,IGNORE,0,WATCH,,0,0,0,NA,NA,NA,NA,NA,CLEAR,1,0,0,0,0,TREND_REVERSAL_UNCONFIRMED,1,0.45,LONG,1,0,0,0
NEARUSDT,1771765200000,2026-02-22T13:00:00.000Z,BEAR,LONG,12.65613671353874,12.527920766191176,IGNORE,0,WATCH,,0,0,0,NA,NA,NA,NA,NA,CLEAR,1,0,0,0,0,TREND_REVERSAL_UNCONFIRMED,1,0.45,LONG,1,0,0,0
NEARUSDT,1771768800000,2026-02-22T14:00:00.000Z,BEAR,LONG,16.69671380331001,12.846116212010665,IGNORE,0,WATCH,,0,0,0,NA,NA,NA,NA,NA,CLEAR,1,0,0,0,0,TREND_REVERSAL_UNCONFIRMED,1,0.45,LONG,1,0,0,0
NEARUSDT,1771772400000,2026-02-22T15:00:00.000Z,BEAR,LONG,39.60629776684603,18.306495949139123,IGNORE,0,WATCH,,0,0,0,NA,NA,NA,NA,NA,CLEAR,1,0,0,0,0,TREND_REVERSAL_UNCONFIRMED,2,0.45,LONG,1,0,0,0
NEARUSDT,1771776000000,2026-02-22T16:00:00.000Z,BEAR,LONG,0,7.875,IGNORE,0,WATCH,,0,0,0,NA,NA,NA,NA,NA,CLEAR,1,0,0,0,0,TREND_REVERSAL_UNCONFIRMED,0,0.45,LONG,1,0,0,0
NEARUSDT,1771779600000,2026-02-22T17:00:00.000Z,BEAR,LONG,0,7.875,IGNORE,0,WATCH,,0,0,0,NA,NA,NA,NA,NA,CLEAR,1,0,0,0,0,TREND_REVERSAL_UNCONFIRMED,0,0.45,LONG,1,0,0,0
NEARUSDT,1771783200000,2026-02-22T18:00:00.000Z,BEAR,LONG,0,7.875,IGNORE,0,WATCH,,0,0,0,NA,NA,NA,NA,NA,CLEAR,1,0,0,0,0,TREND_REVERSAL_UNCONFIRMED,0,0.45,LONG,1,0,0,0
NEARUSDT,1771786800000,2026-02-22T19:00:00.000Z,BEAR,LONG,0,7.875,IGNORE,0,WATCH,,0,0,0,NA,NA,NA,NA,NA,CLEAR,1,0,0,0,0,TREND_REVERSAL_UNCONFIRMED,0,0.45,LONG,1,0,0,0
NEARUSDT,1771790400000,2026-02-22T20:00:00.000Z,BEAR,LONG,12.847222222222221,12.54296875,IGNORE,0,WATCH,,0,0,0,NA,NA,NA,NA,NA,CLEAR,1,0,0,0,0,TREND_REVERSAL_UNCONFIRMED,1,0.45,LONG,1,0,0,0
NEARUSDT,1771794000000,2026-02-22T21:00:00.000Z,BEAR,LONG,0,7.875,IGNORE,0,WATCH,,0,0,0,NA,NA,NA,NA,NA,CLEAR,1,0,0,0,0,TREND_REVERSAL_UNCONFIRMED,0,0.45,LONG,1,0,0,0
NEARUSDT,1771797600000,2026-02-22T22:00:00.000Z,BEAR,LONG,25,13.5,IGNORE,0,WATCH,,0,0,0,NA,NA,NA,NA,NA,CLEAR,1,0,0,0,0,TREND_REVERSAL_UNCONFIRMED,1,0.45,LONG,1,0,0,0
NEARUSDT,1771801200000,2026-02-22T23:00:00.000Z,NEUTRAL,NONE,0,7.875,IGNORE,0,WATCH,,0,0,0,NA,NA,NA,NA,NA,WARNING_SOFT,1,0,0,0,0,TREND_REVERSAL_UNCONFIRMED,0,0.45,NONE,1,0,0,0
NEARUSDT,1771804800000,2026-02-23T00:00:00.000Z,BEAR,LONG,25,13.5,IGNORE,0,WATCH,,0,0,0,NA,NA,NA,NA,NA,BLOCK,0,0,0,0,0,TREND_REVERSAL_UNCONFIRMED,1,0.45,LONG,1,0,0,0
NEARUSDT,1771808400000,2026-02-23T01:00:00.000Z,BEAR,LONG,37.84722222222222,18.16796875,IGNORE,0,WATCH,,0,0,0,NA,NA,NA,NA,NA,CLEAR,1,0,0,0,0,TREND_REVERSAL_UNCONFIRMED,2,0.45,LONG,1,0,0,0
NEARUSDT,1771812000000,2026-02-23T02:00:00.000Z,BEAR,LONG,16.261537961194936,12.811846114444101,IGNORE,0,WATCH,,0,0,0,NA,NA,NA,NA,NA,CLEAR,1,0,0,0,0,TREND_REVERSAL_UNCONFIRMED,1,0.45,LONG,1,0,0,0
NEARUSDT,1771815600000,2026-02-23T03:00:00.000Z,BEAR,LONG,13.56936281874328,12.599837321976034,IGNORE,0,WATCH,,0,0,0,NA,NA,NA,NA,NA,CLEAR,1,0,0,0,0,TREND_REVERSAL_UNCONFIRMED,1,0.45,LONG,1,0,0,0
NEARUSDT,1771819200000,2026-02-23T04:00:00.000Z,BEAR,LONG,0,7.875,IGNORE,0,WATCH,,0,0,0,NA,NA,NA,NA,NA,CLEAR,1,0,0,0,0,TREND_REVERSAL_UNCONFIRMED,0,0.45,LONG,1,0,0,0
NEARUSDT,1771822800000,2026-02-23T05:00:00.000Z,BEAR,LONG,0,7.875,IGNORE,0,WATCH,,0,0,0,NA,NA,NA,NA,NA,CLEAR,1,0,0,0,0,TREND_REVERSAL_UNCONFIRMED,0,0.45,LONG,1,0,0,0
NEARUSDT,1771826400000,2026-02-23T06:00:00.000Z,NEUTRAL,NONE,0,7.875,IGNORE,0,WATCH,,0,0,0,NA,NA,NA,NA,NA,WARNING_HARD,1,0,0,0,0,TREND_REVERSAL_UNCONFIRMED,0,0.45,NONE,1,0,0,0
NEARUSDT,1771830000000,2026-02-23T07:00:00.000Z,BEAR,LONG,0,7.875,IGNORE,0,WATCH,,0,0,0,NA,NA,NA,NA,NA,WARNING_SOFT,1,0,0,0,0,TREND_REVERSAL_UNCONFIRMED,0,0.45,LONG,1,0,0,0
NEARUSDT,1771833600000,2026-02-23T08:00:00.000Z,BEAR,LONG,0,7.875,IGNORE,0,WATCH,,0,0,0,NA,NA,NA,NA,NA,WARNING_SOFT,1,0,0,0,0,TREND_REVERSAL_UNCONFIRMED,0,0.45,LONG,1,0,0,0
NEARUSDT,1771837200000,2026-02-23T09:00:00.000Z,NEUTRAL,NONE,0,7.875,IGNORE,0,WATCH,,0,0,0,NA,NA,NA,NA,NA,WARNING_SOFT,1,0,0,0,0,TREND_REVERSAL_UNCONFIRMED,0,0.45,NONE,1,0,0,0
NEARUSDT,1771840800000,2026-02-23T10:00:00.000Z,NEUTRAL,NONE,0,7.875,IGNORE,0,WATCH,,0,0,0,NA,NA,NA,NA,NA,WARNING_SOFT,1,0,0,0,0,TREND_REVERSAL_UNCONFIRMED,0,0.45,NONE,1,0,0,0
NEARUSDT,1771844400000,2026-02-23T11:00:00.000Z,NEUTRAL,NONE,0,7.875,IGNORE,0,WATCH,,0,0,0,NA,NA,NA,NA,NA,WARNING_SOFT,1,0,0,0,0,TREND_REVERSAL_UNCONFIRMED,0,0.45,NONE,1,0,0,0
NEARUSDT,1771848000000,2026-02-23T12:00:00.000Z,NEUTRAL,NONE,0,7.875,IGNORE,0,WATCH,,0,0,0,NA,NA,NA,NA,NA,WARNING_SOFT,1,0,0,0,0,TREND_REVERSAL_UNCONFIRMED,0,0.45,NONE,1,0,0,0
NEARUSDT,1771851600000,2026-02-23T13:00:00.000Z,BEAR,LONG,0,7.875,IGNORE,0,WATCH,,0,0,0,NA,NA,NA,NA,NA,WARNING_SOFT,1,0,0,0,0,TREND_REVERSAL_UNCONFIRMED,0,0.45,LONG,1,0,0,0
NEARUSDT,1771855200000,2026-02-23T14:00:00.000Z,BEAR,LONG,16.282478479872516,12.81349518028996,IGNORE,0,WATCH,,0,0,0,NA,NA,NA,NA,NA,CLEAR,1,0,0,0,0,TREND_REVERSAL_UNCONFIRMED,1,0.45,LONG,1,0,0,0
NEARUSDT,1771858800000,2026-02-23T15:00:00.000Z,BEAR,LONG,17.79246401943345,12.932406541530383,IGNORE,0,WATCH,,0,0,0,NA,NA,NA,NA,NA,CLEAR,1,0,0,0,0,TREND_REVERSAL_UNCONFIRMED,1,0.45,LONG,1,0,0,0
NEARUSDT,1771862400000,2026-02-23T16:00:00.000Z,BEAR,LONG,15.398609412858278,12.74389049126259,IGNORE,0,WATCH,,0,0,0,NA,NA,NA,NA,NA,CLEAR,1,0,0,0,0,TREND_REVERSAL_UNCONFIRMED,1,0.45,LONG,1,0,0,0
NEARUSDT,1771866000000,2026-02-23T17:00:00.000Z,BEAR,LONG,17.71950439830354,12.926660971366404,IGNORE,0,WATCH,,0,0,0,NA,NA,NA,NA,NA,CLEAR,1,0,0,0,0,TREND_REVERSAL_UNCONFIRMED,1,0.45,LONG,1,0,0,0
NEARUSDT,1771869600000,2026-02-23T18:00:00.000Z,BEAR,LONG,0,7.875,IGNORE,0,WATCH,,0,0,0,NA,NA,NA,NA,NA,CLEAR,1,0,0,0,0,TREND_REVERSAL_UNCONFIRMED,0,0.45,LONG,1,0,0,0
NEARUSDT,1771873200000,2026-02-23T19:00:00.000Z,BEAR,LONG,12.847222222222221,12.54296875,IGNORE,0,WATCH,,0,0,0,NA,NA,NA,NA,NA,CLEAR,1,0,0,0,0,TREND_REVERSAL_UNCONFIRMED,1,0.45,LONG,1,0,0,0
NEARUSDT,1771876800000,2026-02-23T20:00:00.000Z,BEAR,LONG,25,13.5,IGNORE,0,WATCH,,0,0,0,NA,NA,NA,NA,NA,CLEAR,1,0,0,0,0,TREND_REVERSAL_UNCONFIRMED,1,0.45,LONG,1,0,0,0
NEARUSDT,1771880400000,2026-02-23T21:00:00.000Z,BEAR,LONG,0,7.875,IGNORE,0,WATCH,,0,0,0,NA,NA,NA,NA,NA,CLEAR,1,0,0,0,0,TREND_REVERSAL_UNCONFIRMED,0,0.45,LONG,1,0,0,0
NEARUSDT,1771884000000,2026-02-23T22:00:00.000Z,BEAR,LONG,0,7.875,IGNORE,0,WATCH,,0,0,0,NA,NA,NA,NA,NA,WARNING_SOFT,1,0,0,0,0,TREND_REVERSAL_UNCONFIRMED,0,0.45,LONG,1,0,0,0
NEARUSDT,1771887600000,2026-02-23T23:00:00.000Z,BEAR,LONG,0,7.875,IGNORE,0,WATCH,,0,0,0,NA,NA,NA,NA,NA,CLEAR,1,0,0,0,0,TREND_REVERSAL_UNCONFIRMED,0,0.45,LONG,1,0,0,0
NEARUSDT,1771891200000,2026-02-24T00:00:00.000Z,BEAR,LONG,0,7.875,IGNORE,0,WATCH,,0,0,0,NA,NA,NA,NA,NA,WARNING_SOFT,1,0,0,0,0,TREND_REVERSAL_UNCONFIRMED,0,0.45,LONG,1,0,0,0
NEARUSDT,1771894800000,2026-02-24T01:00:00.000Z,BEAR,LONG,25,13.5,IGNORE,0,WATCH,,0,0,0,NA,NA,NA,NA,NA,BLOCK,0,0,0,0,0,TREND_REVERSAL_UNCONFIRMED,1,0.45,LONG,1,0,0,0
NEARUSDT,1771898400000,2026-02-24T02:00:00.000Z,BEAR,LONG,0,7.875,IGNORE,0,WATCH,,0,0,0,NA,NA,NA,NA,NA,WARNING_SOFT,1,0,0,0,0,TREND_REVERSAL_UNCONFIRMED,0,0.45,LONG,1,0,0,0
NEARUSDT,1771902000000,2026-02-24T03:00:00.000Z,BEAR,LONG,0,7.875,IGNORE,0,WATCH,,0,0,0,NA,NA,NA,NA,NA,CLEAR,1,0,0,0,0,TREND_REVERSAL_UNCONFIRMED,0,0.45,LONG,1,0,0,0
NEARUSDT,1771905600000,2026-02-24T04:00:00.000Z,BEAR,LONG,17.5,12.909375,IGNORE,0,WATCH,,0,0,0,NA,NA,NA,NA,NA,CLEAR,1,0,0,0,0,TREND_REVERSAL_UNCONFIRMED,1,0.45,LONG,1,0,0,0
NEARUSDT,1771909200000,2026-02-24T05:00:00.000Z,BEAR,LONG,17.5,12.909375,IGNORE,0,WATCH,,0,0,0,NA,NA,NA,NA,NA,CLEAR,1,0,0,0,0,TREND_REVERSAL_UNCONFIRMED,1,0.45,LONG,1,0,0,0
NEARUSDT,1771912800000,2026-02-24T06:00:00.000Z,BEAR,LONG,30.34722222222222,17.57734375,IGNORE,0,WATCH,,0,0,0,NA,NA,NA,NA,NA,CLEAR,1,0,0,0,0,TREND_REVERSAL_UNCONFIRMED,2,0.45,LONG,1,0,0,0
NEARUSDT,1771916400000,2026-02-24T07:00:00.000Z,BEAR,LONG,17.5,12.909375,IGNORE,0,WATCH,,0,0,0,NA,NA,NA,NA,NA,CLEAR,1,0,0,0,0,TREND_REVERSAL_UNCONFIRMED,1,0.45,LONG,1,0,0,0
NEARUSDT,1771920000000,2026-02-24T08:00:00.000Z,BEAR,LONG,0,7.875,IGNORE,0,WATCH,,0,0,0,NA,NA,NA,NA,NA,CLEAR,1,0,0,0,0,TREND_REVERSAL_UNCONFIRMED,0,0.45,LONG,1,0,0,0
NEARUSDT,1771923600000,2026-02-24T09:00:00.000Z,BEAR,LONG,0,7.875,IGNORE,0,WATCH,,0,0,0,NA,NA,NA,NA,NA,CLEAR,1,0,0,0,0,TREND_REVERSAL_UNCONFIRMED,0,0.45,LONG,1,0,0,0
NEARUSDT,1771927200000,2026-02-24T10:00:00.000Z,BEAR,LONG,0,7.875,IGNORE,0,WATCH,,0,0,0,NA,NA,NA,NA,NA,CLEAR,1,0,0,0,0,TREND_REVERSAL_UNCONFIRMED,0,0.45,LONG,1,0,0,0
NEARUSDT,1771930800000,2026-02-24T11:00:00.000Z,BEAR,LONG,0,7.875,IGNORE,0,WATCH,,0,0,0,NA,NA,NA,NA,NA,CLEAR,1,0,0,0,0,TREND_REVERSAL_UNCONFIRMED,0,0.45,LONG,1,0,0,0
NEARUSDT,1771934400000,2026-02-24T12:00:00.000Z,BEAR,LONG,0,7.875,IGNORE,0,WATCH,,0,0,0,NA,NA,NA,NA,NA,CLEAR,1,0,0,0,0,TREND_REVERSAL_UNCONFIRMED,0,0.45,LONG,1,0,0,0
NEARUSDT,1771938000000,2026-02-24T13:00:00.000Z,BEAR,LONG,20.37616485504554,13.135872982334838,IGNORE,0,WATCH,,0,0,0,NA,NA,NA,NA,NA,CLEAR,1,0,1,0,0,TREND_REVERSAL_UNCONFIRMED,1,0.45,LONG,1,0,0,0
NEARUSDT,1771941600000,2026-02-24T14:00:00.000Z,BEAR,LONG,25,13.5,IGNORE,0,WATCH,,0,0,0,NA,NA,NA,NA,NA,CLEAR,1,0,0,0,0,TREND_REVERSAL_UNCONFIRMED,1,0.45,LONG,1,0,0,0
NEARUSDT,1771945200000,2026-02-24T15:00:00.000Z,BEAR,LONG,50,19.125,IGNORE,0,WATCH,,0,0,0,NA,NA,NA,NA,NA,WARNING_SOFT,1,0,0,0,0,TREND_REVERSAL_UNCONFIRMED,2,0.45,LONG,1,0,0,0
NEARUSDT,1771948800000,2026-02-24T16:00:00.000Z,NEUTRAL,NONE,0,7.875,IGNORE,0,WATCH,,0,0,0,NA,NA,NA,NA,NA,CLEAR,1,0,0,0,0,TREND_REVERSAL_UNCONFIRMED,0,0.45,NONE,1,0,0,0
NEARUSDT,1771952400000,2026-02-24T17:00:00.000Z,NEUTRAL,NONE,0,7.875,IGNORE,0,WATCH,,0,0,0,NA,NA,NA,NA,NA,CLEAR,1,0,0,0,0,TREND_REVERSAL_UNCONFIRMED,0,0.45,NONE,1,0,0,0
NEARUSDT,1771956000000,2026-02-24T18:00:00.000Z,NEUTRAL,NONE,0,7.875,IGNORE,0,WATCH,,0,0,0,NA,NA,NA,NA,NA,CLEAR,1,0,0,0,0,TREND_REVERSAL_UNCONFIRMED,0,0.45,NONE,1,0,0,0
NEARUSDT,1771959600000,2026-02-24T19:00:00.000Z,BEAR,LONG,0,7.875,IGNORE,0,WATCH,,0,0,0,NA,NA,NA,NA,NA,WARNING_SOFT,1,0,0,0,0,TREND_REVERSAL_UNCONFIRMED,0,0.45,LONG,1,0,0,0
NEARUSDT,1771963200000,2026-02-24T20:00:00.000Z,BEAR,LONG,0,7.875,IGNORE,0,WATCH,,0,0,0,NA,NA,NA,NA,NA,WARNING_SOFT,1,0,0,0,0,TREND_REVERSAL_UNCONFIRMED,0,0.45,LONG,1,0,0,0
NEARUSDT,1771966800000,2026-02-24T21:00:00.000Z,BEAR,LONG,0,7.875,IGNORE,0,WATCH,,0,0,0,NA,NA,NA,NA,NA,WARNING_SOFT,1,0,0,0,0,TREND_REVERSAL_UNCONFIRMED,0,0.45,LONG,1,0,0,0
NEARUSDT,1771970400000,2026-02-24T22:00:00.000Z,BEAR,LONG,25,13.5,IGNORE,0,WATCH,,0,0,0,NA,NA,NA,NA,NA,WARNING_SOFT,1,0,0,0,0,TREND_REVERSAL_UNCONFIRMED,1,0.45,LONG,1,0,0,0
NEARUSDT,1771974000000,2026-02-24T23:00:00.000Z,BEAR,LONG,0,7.875,IGNORE,0,WATCH,,0,0,0,NA,NA,NA,NA,NA,WARNING_SOFT,1,0,0,0,0,TREND_REVERSAL_UNCONFIRMED,0,0.45,LONG,1,0,0,0
NEARUSDT,1771977600000,2026-02-25T00:00:00.000Z,BEAR,LONG,0,7.875,IGNORE,0,WATCH,,0,0,0,NA,NA,NA,NA,NA,WARNING_SOFT,1,0,0,0,0,TREND_REVERSAL_UNCONFIRMED,0,0.45,LONG,1,0,0,0
NEARUSDT,1771981200000,2026-02-25T01:00:00.000Z,NEUTRAL,NONE,0,7.875,IGNORE,0,WATCH,,0,0,0,NA,NA,NA,NA,NA,CLEAR,1,0,0,0,0,TREND_REVERSAL_UNCONFIRMED,0,0.45,NONE,1,0,0,0
NEARUSDT,1771984800000,2026-02-25T02:00:00.000Z,NEUTRAL,NONE,0,7.875,IGNORE,0,WATCH,,0,0,0,NA,NA,NA,NA,NA,CLEAR,1,0,0,0,0,TREND_REVERSAL_UNCONFIRMED,0,0.45,NONE,1,0,0,0
NEARUSDT,1771988400000,2026-02-25T03:00:00.000Z,NEUTRAL,NONE,0,7.875,IGNORE,0,WATCH,,0,0,0,NA,NA,NA,NA,NA,CLEAR,1,0,0,0,0,TREND_REVERSAL_UNCONFIRMED,0,0.45,NONE,1,0,0,0
NEARUSDT,1771992000000,2026-02-25T04:00:00.000Z,NEUTRAL,NONE,0,7.875,IGNORE,0,WATCH,,0,0,0,NA,NA,NA,NA,NA,CLEAR,1,0,0,0,0,TREND_REVERSAL_UNCONFIRMED,0,0.45,NONE,1,0,0,0
NEARUSDT,1771995600000,2026-02-25T05:00:00.000Z,NEUTRAL,NONE,0,7.875,IGNORE,0,WATCH,,0,0,0,NA,NA,NA,NA,NA,WARNING_SOFT,1,0,0,0,0,TREND_REVERSAL_UNCONFIRMED,0,0.45,NONE,1,0,0,0
NEARUSDT,1771999200000,2026-02-25T06:00:00.000Z,NEUTRAL,NONE,0,7.875,IGNORE,0,WATCH,,0,0,0,NA,NA,NA,NA,NA,CLEAR,1,0,0,0,0,TREND_REVERSAL_UNCONFIRMED,0,0.45,NONE,1,0,0,0
NEARUSDT,1772002800000,2026-02-25T07:00:00.000Z,NEUTRAL,NONE,0,7.875,IGNORE,0,WATCH,,0,0,0,NA,NA,NA,NA,NA,CLEAR,1,0,0,0,0,TREND_REVERSAL_UNCONFIRMED,0,0.45,NONE,1,0,0,0
NEARUSDT,1772006400000,2026-02-25T08:00:00.000Z,NEUTRAL,NONE,0,7.875,IGNORE,0,WATCH,,0,0,0,NA,NA,NA,NA,NA,CLEAR,1,0,0,0,0,TREND_REVERSAL_UNCONFIRMED,0,0.45,NONE,1,0,0,0
NEARUSDT,1772010000000,2026-02-25T09:00:00.000Z,NEUTRAL,NONE,0,7.875,IGNORE,0,WATCH,,0,0,0,NA,NA,NA,NA,NA,CLEAR,1,0,0,0,0,TREND_REVERSAL_UNCONFIRMED,0,0.45,NONE,1,0,0,0
NEARUSDT,1772013600000,2026-02-25T10:00:00.000Z,BULL,SHORT,0,7.875,IGNORE,0,WATCH,,0,0,0,NA,NA,NA,NA,NA,CLEAR,1,0,0,0,0,TREND_REVERSAL_UNCONFIRMED,0,0.45,SHORT,1,0,0,0
NEARUSDT,1772017200000,2026-02-25T11:00:00.000Z,BULL,SHORT,30.51548078509157,17.590594111825965,IGNORE,0,WATCH,,0,0,0,NA,NA,NA,NA,NA,CLEAR,1,0,0,0,0,TREND_REVERSAL_UNCONFIRMED,2,0.45,SHORT,1,0,0,0
NEARUSDT,1772020800000,2026-02-25T12:00:00.000Z,BULL,SHORT,41.31944444444444,18.44140625,IGNORE,0,WATCH,,0,0,0,NA,NA,NA,NA,NA,CLEAR,1,1,0,0,0,TREND_REVERSAL_UNCONFIRMED,2,0.45,SHORT,1,0,0,0
NEARUSDT,1772024400000,2026-02-25T13:00:00.000Z,BULL,SHORT,66.31944444444444,62.14395833333332,WATCH,1,ACTIVE,ACTIVE,1,1,1,PASS,PASS,SKIP,SKIP,PASS,CLEAR,1,0,0,0,1,,3,0.84,SHORT,0,1,0,0
NEARUSDT,1772028000000,2026-02-25T14:00:00.000Z,BULL,SHORT,41.31944444444444,18.44140625,IGNORE,0,WATCH,,0,0,0,NA,NA,NA,NA,NA,CLEAR,1,0,0,0,0,TREND_REVERSAL_UNCONFIRMED,2,0.45,SHORT,1,0,0,0
NEARUSDT,1772031600000,2026-02-25T15:00:00.000Z,BULL,SHORT,43.40277777777778,18.605468750000004,IGNORE,0,WATCH,,0,0,0,NA,NA,NA,NA,NA,CLEAR,1,0,0,0,0,TREND_REVERSAL_UNCONFIRMED,2,0.45,SHORT,1,0,0,0
NEARUSDT,1772035200000,2026-02-25T16:00:00.000Z,BULL,SHORT,45.138888888888886,18.7421875,IGNORE,0,WATCH,,0,0,0,NA,NA,NA,NA,NA,CLEAR,1,0,0,0,0,TREND_REVERSAL_UNCONFIRMED,2,0.45,SHORT,1,0,0,0
NEARUSDT,1772038800000,2026-02-25T17:00:00.000Z,BULL,SHORT,43.05828395834186,18.57833986171942,IGNORE,0,WATCH,,0,0,0,NA,NA,NA,NA,NA,CLEAR,1,0,0,0,0,TREND_REVERSAL_UNCONFIRMED,2,0.45,SHORT,1,0,0,0
NEARUSDT,1772042400000,2026-02-25T18:00:00.000Z,BULL,SHORT,62.377889184966776,61.564549710190114,WATCH,1,ACTIVE,ACTIVE,1,1,1,PASS,PASS,SKIP,SKIP,PASS,CLEAR,1,0,0,0,1,,3,0.84,SHORT,0,1,0,0
NEARUSDT,1772046000000,2026-02-25T19:00:00.000Z,BULL,SHORT,35.25114586688173,17.963527737016936,IGNORE,0,WATCH,,0,0,0,NA,NA,NA,NA,NA,CLEAR,1,0,0,0,0,TREND_REVERSAL_UNCONFIRMED,2,0.45,SHORT,1,0,0,0
NEARUSDT,1772049600000,2026-02-25T20:00:00.000Z,BULL,SHORT,46.52777777777778,18.851562500000004,IGNORE,0,WATCH,,0,0,0,NA,NA,NA,NA,NA,CLEAR,1,0,0,0,0,TREND_REVERSAL_UNCONFIRMED,2,0.45,SHORT,1,0,0,0
NEARUSDT,1772053200000,2026-02-25T21:00:00.000Z,BULL,SHORT,68.05555555555556,53.99916666666667,WATCH,1,WATCH,ACTIVE,1,1,0,PASS,PASS,SKIP,SKIP,FAIL,CLEAR,1,0,0,0,0,MARKET_CONTEXT_DENIED,3,0.84,SHORT,0,1,0,0
NEARUSDT,1772056800000,2026-02-25T22:00:00.000Z,BULL,SHORT,34.24436814031509,17.884243991049814,IGNORE,0,WATCH,,0,0,0,NA,NA,NA,NA,NA,CLEAR,1,0,0,0,0,TREND_REVERSAL_UNCONFIRMED,2,0.45,SHORT,1,0,0,0
NEARUSDT,1772060400000,2026-02-25T23:00:00.000Z,BULL,SHORT,27.701548556825642,17.368996948850018,IGNORE,0,WATCH,,0,0,0,NA,NA,NA,NA,NA,CLEAR,1,0,0,0,0,TREND_REVERSAL_UNCONFIRMED,2,0.45,SHORT,1,0,0,0
NEARUSDT,1772064000000,2026-02-26T00:00:00.000Z,BULL,SHORT,14.885087761215004,12.703450661195681,IGNORE,0,WATCH,,0,0,0,NA,NA,NA,NA,NA,CLEAR,1,0,0,0,0,TREND_REVERSAL_UNCONFIRMED,1,0.45,SHORT,1,0,0,0
NEARUSDT,1772067600000,2026-02-26T01:00:00.000Z,BULL,SHORT,0,7.875,IGNORE,0,WATCH,,0,0,0,NA,NA,NA,NA,NA,CLEAR,1,0,0,0,0,TREND_REVERSAL_UNCONFIRMED,0,0.45,SHORT,1,0,0,0
NEARUSDT,1772071200000,2026-02-26T02:00:00.000Z,BULL,SHORT,0,7.875,IGNORE,0,WATCH,,0,0,0,NA,NA,NA,NA,NA,WARNING_SOFT,1,0,0,0,0,TREND_REVERSAL_UNCONFIRMED,0,0.45,SHORT,1,0,0,0
NEARUSDT,1772074800000,2026-02-26T03:00:00.000Z,BULL,SHORT,25,13.5,IGNORE,0,WATCH,,0,0,0,NA,NA,NA,NA,NA,WARNING_SOFT,1,0,0,0,0,TREND_REVERSAL_UNCONFIRMED,1,0.45,SHORT,1,0,0,0
NEARUSDT,1772078400000,2026-02-26T04:00:00.000Z,BULL,SHORT,12.847222222222221,12.54296875,IGNORE,0,WATCH,,0,0,0,NA,NA,NA,NA,NA,WARNING_SOFT,1,0,0,0,0,TREND_REVERSAL_UNCONFIRMED,1,0.45,SHORT,1,0,0,0
NEARUSDT,1772082000000,2026-02-26T05:00:00.000Z,BULL,SHORT,0,7.875,IGNORE,0,WATCH,,0,0,0,NA,NA,NA,NA,NA,WARNING_SOFT,1,0,0,0,0,TREND_REVERSAL_UNCONFIRMED,0,0.45,SHORT,1,0,0,0
NEARUSDT,1772085600000,2026-02-26T06:00:00.000Z,BULL,SHORT,0,7.875,IGNORE,0,WATCH,,0,0,0,NA,NA,NA,NA,NA,WARNING_SOFT,1,0,0,0,0,TREND_REVERSAL_UNCONFIRMED,0,0.45,SHORT,1,0,0,0
NEARUSDT,1772089200000,2026-02-26T07:00:00.000Z,NEUTRAL,NONE,0,7.875,IGNORE,0,WATCH,,0,0,0,NA,NA,NA,NA,NA,WARNING_SOFT,1,0,0,0,0,TREND_REVERSAL_UNCONFIRMED,0,0.45,NONE,1,0,0,0
NEARUSDT,1772092800000,2026-02-26T08:00:00.000Z,NEUTRAL,NONE,0,7.875,IGNORE,0,WATCH,,0,0,0,NA,NA,NA,NA,NA,WARNING_SOFT,1,0,0,0,0,TREND_REVERSAL_UNCONFIRMED,0,0.45,NONE,1,0,0,0
NEARUSDT,1772096400000,2026-02-26T09:00:00.000Z,BULL,SHORT,0,7.875,IGNORE,0,WATCH,,0,0,0,NA,NA,NA,NA,NA,WARNING_SOFT,1,0,0,0,0,TREND_REVERSAL_UNCONFIRMED,0,0.45,SHORT,1,0,0,0
NEARUSDT,1772100000000,2026-02-26T10:00:00.000Z,NEUTRAL,NONE,0,7.875,IGNORE,0,WATCH,,0,0,0,NA,NA,NA,NA,NA,WARNING_SOFT,1,0,0,0,0,TREND_REVERSAL_UNCONFIRMED,0,0.45,NONE,1,0,0,0
NEARUSDT,1772103600000,2026-02-26T11:00:00.000Z,NEUTRAL,NONE,0,7.875,IGNORE,0,WATCH,,0,0,0,NA,NA,NA,NA,NA,WARNING_SOFT,1,0,0,0,0,TREND_REVERSAL_UNCONFIRMED,0,0.45,NONE,1,0,0,0
NEARUSDT,1772107200000,2026-02-26T12:00:00.000Z,BULL,SHORT,0,7.875,IGNORE,0,WATCH,,0,0,0,NA,NA,NA,NA,NA,WARNING_SOFT,1,0,0,0,0,TREND_REVERSAL_UNCONFIRMED,0,0.45,SHORT,1,0,0,0
NEARUSDT,1772110800000,2026-02-26T13:00:00.000Z,NEUTRAL,NONE,0,7.875,IGNORE,0,WATCH,,0,0,0,NA,NA,NA,NA,NA,BLOCK,0,0,0,0,0,TREND_REVERSAL_UNCONFIRMED,0,0.45,NONE,1,0,0,0
NEARUSDT,1772114400000,2026-02-26T14:00:00.000Z,NEUTRAL,NONE,0,7.875,IGNORE,0,WATCH,,0,0,0,NA,NA,NA,NA,NA,WARNING_SOFT,1,0,0,0,0,TREND_REVERSAL_UNCONFIRMED,0,0.45,NONE,1,0,0,0
NEARUSDT,1772118000000,2026-02-26T15:00:00.000Z,NEUTRAL,NONE,0,7.875,IGNORE,0,WATCH,,0,0,0,NA,NA,NA,NA,NA,BLOCK,0,0,0,0,0,TREND_REVERSAL_UNCONFIRMED,0,0.45,NONE,1,0,0,0
NEARUSDT,1772121600000,2026-02-26T16:00:00.000Z,NEUTRAL,NONE,0,7.875,IGNORE,0,WATCH,,0,0,0,NA,NA,NA,NA,NA,WARNING_SOFT,1,0,0,0,0,TREND_REVERSAL_UNCONFIRMED,0,0.45,NONE,1,0,0,0
NEARUSDT,1772125200000,2026-02-26T17:00:00.000Z,NEUTRAL,NONE,0,7.875,IGNORE,0,WATCH,,0,0,0,NA,NA,NA,NA,NA,WARNING_SOFT,1,0,0,0,0,TREND_REVERSAL_UNCONFIRMED,0,0.45,NONE,1,0,0,0
NEARUSDT,1772128800000,2026-02-26T18:00:00.000Z,NEUTRAL,NONE,0,7.875,IGNORE,0,WATCH,,0,0,0,NA,NA,NA,NA,NA,WARNING_SOFT,1,0,0,0,0,TREND_REVERSAL_UNCONFIRMED,0,0.45,NONE,1,0,0,0
NEARUSDT,1772132400000,2026-02-26T19:00:00.000Z,NEUTRAL,NONE,0,7.875,IGNORE,0,WATCH,,0,0,0,NA,NA,NA,NA,NA,WARNING_SOFT,1,0,0,0,0,TREND_REVERSAL_UNCONFIRMED,0,0.45,NONE,1,0,0,0
NEARUSDT,1772136000000,2026-02-26T20:00:00.000Z,NEUTRAL,NONE,0,7.875,IGNORE,0,WATCH,,0,0,0,NA,NA,NA,NA,NA,WARNING_SOFT,1,0,0,0,0,TREND_REVERSAL_UNCONFIRMED,0,0.45,NONE,1,0,0,0
NEARUSDT,1772139600000,2026-02-26T21:00:00.000Z,NEUTRAL,NONE,0,7.875,IGNORE,0,WATCH,,0,0,0,NA,NA,NA,NA,NA,WARNING_SOFT,1,0,0,0,0,TREND_REVERSAL_UNCONFIRMED,0,0.45,NONE,1,0,0,0
NEARUSDT,1772143200000,2026-02-26T22:00:00.000Z,BULL,SHORT,17.5,12.909375,IGNORE,0,WATCH,,0,0,0,NA,NA,NA,NA,NA,WARNING_SOFT,1,0,0,0,0,TREND_REVERSAL_UNCONFIRMED,1,0.45,SHORT,1,0,0,0
NEARUSDT,1772146800000,2026-02-26T23:00:00.000Z,BULL,SHORT,17.5,12.909375,IGNORE,0,WATCH,,0,0,0,NA,NA,NA,NA,NA,WARNING_SOFT,1,0,0,0,0,TREND_REVERSAL_UNCONFIRMED,1,0.45,SHORT,1,0,0,0
NEARUSDT,1772150400000,2026-02-27T00:00:00.000Z,BULL,SHORT,42.5,18.534375,IGNORE,0,WATCH,,0,0,0,NA,NA,NA,NA,NA,WARNING_SOFT,1,0,0,0,0,TREND_REVERSAL_UNCONFIRMED,2,0.45,SHORT,1,0,0,0
NEARUSDT,1772154000000,2026-02-27T01:00:00.000Z,BULL,SHORT,17.5,12.909375,IGNORE,0,WATCH,,0,0,0,NA,NA,NA,NA,NA,BLOCK,0,0,0,0,0,TREND_REVERSAL_UNCONFIRMED,1,0.45,SHORT,1,0,0,0
NEARUSDT,1772157600000,2026-02-27T02:00:00.000Z,NEUTRAL,NONE,0,7.875,IGNORE,0,WATCH,,0,0,0,NA,NA,NA,NA,NA,WARNING_SOFT,1,0,0,0,0,TREND_REVERSAL_UNCONFIRMED,0,0.45,NONE,1,0,0,0
NEARUSDT,1772161200000,2026-02-27T03:00:00.000Z,BULL,SHORT,17.5,12.909375,IGNORE,0,WATCH,,0,0,0,NA,NA,NA,NA,NA,CLEAR,1,0,0,0,0,TREND_REVERSAL_UNCONFIRMED,1,0.45,SHORT,1,0,0,0
NEARUSDT,1772164800000,2026-02-27T04:00:00.000Z,BULL,SHORT,17.5,12.909375,IGNORE,0,WATCH,,0,0,0,NA,NA,NA,NA,NA,CLEAR,1,0,0,0,0,TREND_REVERSAL_UNCONFIRMED,1,0.45,SHORT,1,0,0,0
NEARUSDT,1772168400000,2026-02-27T05:00:00.000Z,BULL,SHORT,42.5,18.534375,IGNORE,0,WATCH,,0,0,0,NA,NA,NA,NA,NA,CLEAR,1,0,0,0,0,TREND_REVERSAL_UNCONFIRMED,2,0.45,SHORT,1,0,0,0
NEARUSDT,1772172000000,2026-02-27T06:00:00.000Z,BULL,SHORT,17.5,12.909375,IGNORE,0,WATCH,,0,0,0,NA,NA,NA,NA,NA,CLEAR,1,0,0,0,0,TREND_REVERSAL_UNCONFIRMED,1,0.45,SHORT,1,0,0,0
NEARUSDT,1772175600000,2026-02-27T07:00:00.000Z,BULL,SHORT,17.5,12.909375,IGNORE,0,WATCH,,0,0,0,NA,NA,NA,NA,NA,CLEAR,1,0,0,0,0,TREND_REVERSAL_UNCONFIRMED,1,0.45,SHORT,1,0,0,0
NEARUSDT,1772179200000,2026-02-27T08:00:00.000Z,BULL,SHORT,31.06480986325819,17.633853776731584,IGNORE,0,WATCH,,0,0,0,NA,NA,NA,NA,NA,CLEAR,1,0,0,0,0,TREND_REVERSAL_UNCONFIRMED,2,0.45,SHORT,1,0,0,0
NEARUSDT,1772182800000,2026-02-27T09:00:00.000Z,BULL,SHORT,0,7.875,IGNORE,0,WATCH,,0,0,0,NA,NA,NA,NA,NA,WARNING_SOFT,1,0,0,0,0,TREND_REVERSAL_UNCONFIRMED,0,0.45,SHORT,1,0,0,0
NEARUSDT,1772186400000,2026-02-27T10:00:00.000Z,NEUTRAL,NONE,0,7.875,IGNORE,0,WATCH,,0,0,0,NA,NA,NA,NA,NA,BLOCK,0,0,1,0,0,TREND_REVERSAL_UNCONFIRMED,0,0.45,NONE,1,0,0,0
NEARUSDT,1772190000000,2026-02-27T11:00:00.000Z,NEUTRAL,NONE,0,7.875,IGNORE,0,WATCH,,0,0,0,NA,NA,NA,NA,NA,BLOCK,0,0,0,0,0,TREND_REVERSAL_UNCONFIRMED,0,0.45,NONE,1,0,0,0
NEARUSDT,1772193600000,2026-02-27T12:00:00.000Z,NEUTRAL,NONE,0,7.875,IGNORE,0,WATCH,,0,0,0,NA,NA,NA,NA,NA,BLOCK,0,0,0,0,0,TREND_REVERSAL_UNCONFIRMED,0,0.45,NONE,1,0,0,0
NEARUSDT,1772197200000,2026-02-27T13:00:00.000Z,NEUTRAL,NONE,0,7.875,IGNORE,0,WATCH,,0,0,0,NA,NA,NA,NA,NA,WARNING_SOFT,1,0,0,0,0,TREND_REVERSAL_UNCONFIRMED,0,0.45,NONE,1,0,0,0
NEARUSDT,1772200800000,2026-02-27T14:00:00.000Z,NEUTRAL,NONE,0,7.875,IGNORE,0,WATCH,,0,0,0,NA,NA,NA,NA,NA,WARNING_SOFT,1,0,0,0,0,TREND_REVERSAL_UNCONFIRMED,0,0.45,NONE,1,0,0,0
NEARUSDT,1772204400000,2026-02-27T15:00:00.000Z,NEUTRAL,NONE,0,7.875,IGNORE,0,WATCH,,0,0,0,NA,NA,NA,NA,NA,WARNING_SOFT,1,0,0,0,0,TREND_REVERSAL_UNCONFIRMED,0,0.45,NONE,1,0,0,0
NEARUSDT,1772208000000,2026-02-27T16:00:00.000Z,NEUTRAL,NONE,0,7.875,IGNORE,0,WATCH,,0,0,0,NA,NA,NA,NA,NA,WARNING_SOFT,1,0,0,0,0,TREND_REVERSAL_UNCONFIRMED,0,0.45,NONE,1,0,0,0
NEARUSDT,1772211600000,2026-02-27T17:00:00.000Z,NEUTRAL,NONE,0,7.875,IGNORE,0,WATCH,,0,0,0,NA,NA,NA,NA,NA,WARNING_SOFT,1,0,0,0,0,TREND_REVERSAL_UNCONFIRMED,0,0.45,NONE,1,0,0,0
NEARUSDT,1772215200000,2026-02-27T18:00:00.000Z,NEUTRAL,NONE,0,7.875,IGNORE,0,WATCH,,0,0,0,NA,NA,NA,NA,NA,WARNING_SOFT,1,0,0,0,0,TREND_REVERSAL_UNCONFIRMED,0,0.45,NONE,1,0,0,0
NEARUSDT,1772218800000,2026-02-27T19:00:00.000Z,NEUTRAL,NONE,0,7.875,IGNORE,0,WATCH,,0,0,0,NA,NA,NA,NA,NA,WARNING_SOFT,1,0,0,0,0,TREND_REVERSAL_UNCONFIRMED,0,0.45,NONE,1,0,0,0
NEARUSDT,1772222400000,2026-02-27T20:00:00.000Z,NEUTRAL,NONE,0,7.875,IGNORE,0,WATCH,,0,0,0,NA,NA,NA,NA,NA,WARNING_SOFT,1,0,0,0,0,TREND_REVERSAL_UNCONFIRMED,0,0.45,NONE,1,0,0,0
NEARUSDT,1772226000000,2026-02-27T21:00:00.000Z,NEUTRAL,NONE,0,7.875,IGNORE,0,WATCH,,0,0,0,NA,NA,NA,NA,NA,WARNING_SOFT,1,0,0,0,0,TREND_REVERSAL_UNCONFIRMED,0,0.45,NONE,1,0,0,0
NEARUSDT,1772229600000,2026-02-27T22:00:00.000Z,BEAR,LONG,17.5,12.909375,IGNORE,0,WATCH,,0,0,0,NA,NA,NA,NA,NA,CLEAR,1,0,0,0,0,TREND_REVERSAL_UNCONFIRMED,1,0.45,LONG,1,0,0,0
NEARUSDT,1772233200000,2026-02-27T23:00:00.000Z,BEAR,LONG,17.5,12.909375,IGNORE,0,WATCH,,0,0,0,NA,NA,NA,NA,NA,CLEAR,1,0,0,0,0,TREND_REVERSAL_UNCONFIRMED,1,0.45,LONG,1,0,0,0
NEARUSDT,1772236800000,2026-02-28T00:00:00.000Z,BEAR,LONG,17.5,12.909375,IGNORE,0,WATCH,,0,0,0,NA,NA,NA,NA,NA,CLEAR,1,0,0,0,0,TREND_REVERSAL_UNCONFIRMED,1,0.45,LONG,1,0,0,0
NEARUSDT,1772240400000,2026-02-28T01:00:00.000Z,BEAR,LONG,12.847222222222221,12.54296875,IGNORE,0,WATCH,,0,0,0,NA,NA,NA,NA,NA,CLEAR,1,0,0,0,0,TREND_REVERSAL_UNCONFIRMED,1,0.45,LONG,1,0,0,0
NEARUSDT,1772244000000,2026-02-28T02:00:00.000Z,BEAR,LONG,0,7.875,IGNORE,0,WATCH,,0,0,0,NA,NA,NA,NA,NA,CLEAR,1,0,0,0,0,TREND_REVERSAL_UNCONFIRMED,0,0.45,LONG,1,0,0,0
NEARUSDT,1772247600000,2026-02-28T03:00:00.000Z,BEAR,LONG,0,7.875,IGNORE,0,WATCH,,0,0,0,NA,NA,NA,NA,NA,CLEAR,1,0,0,0,0,TREND_REVERSAL_UNCONFIRMED,0,0.45,LONG,1,0,0,0
NEARUSDT,1772251200000,2026-02-28T04:00:00.000Z,BEAR,LONG,0,7.875,IGNORE,0,WATCH,,0,0,0,NA,NA,NA,NA,NA,CLEAR,1,0,0,0,0,TREND_REVERSAL_UNCONFIRMED,0,0.45,LONG,1,0,0,0
NEARUSDT,1772254800000,2026-02-28T05:00:00.000Z,BEAR,LONG,12.847222222222221,12.54296875,IGNORE,0,WATCH,,0,0,0,NA,NA,NA,NA,NA,CLEAR,1,0,0,0,0,TREND_REVERSAL_UNCONFIRMED,1,0.45,LONG,1,0,0,0
NEARUSDT,1772258400000,2026-02-28T06:00:00.000Z,BEAR,LONG,41.31944444444444,18.44140625,IGNORE,0,WATCH,,0,0,0,NA,NA,NA,NA,NA,CLEAR,1,0,1,0,0,TREND_REVERSAL_UNCONFIRMED,2,0.45,LONG,1,0,0,0
NEARUSDT,1772262000000,2026-02-28T07:00:00.000Z,BEAR,LONG,47.47597056035663,18.926232681628086,IGNORE,0,WATCH,,0,0,0,NA,NA,NA,NA,NA,CLEAR,1,0,0,0,0,TREND_REVERSAL_UNCONFIRMED,2,0.45,LONG,1,0,0,0
NEARUSDT,1772265600000,2026-02-28T08:00:00.000Z,BEAR,LONG,14.689870176623685,12.688077276409116,IGNORE,0,WATCH,,0,0,0,NA,NA,NA,NA,NA,CLEAR,1,0,0,0,0,TREND_REVERSAL_UNCONFIRMED,1,0.45,LONG,1,0,0,0
NEARUSDT,1772269200000,2026-02-28T09:00:00.000Z,BEAR,LONG,0,7.875,IGNORE,0,WATCH,,0,0,0,NA,NA,NA,NA,NA,CLEAR,1,0,0,0,0,TREND_REVERSAL_UNCONFIRMED,0,0.45,LONG,1,0,0,0
NEARUSDT,1772272800000,2026-02-28T10:00:00.000Z,BEAR,LONG,19.242778891418283,13.04661883769919,IGNORE,0,WATCH,,0,0,0,NA,NA,NA,NA,NA,CLEAR,1,0,0,0,0,TREND_REVERSAL_UNCONFIRMED,1,0.45,LONG,1,0,0,0
NEARUSDT,1772276400000,2026-02-28T11:00:00.000Z,BEAR,LONG,0,7.875,IGNORE,0,WATCH,,0,0,0,NA,NA,NA,NA,NA,CLEAR,1,0,0,0,0,TREND_REVERSAL_UNCONFIRMED,0,0.45,LONG,1,0,0,0
NEARUSDT,1772280000000,2026-02-28T12:00:00.000Z,BEAR,LONG,0,7.875,IGNORE,0,WATCH,,0,0,0,NA,NA,NA,NA,NA,CLEAR,1,0,0,0,0,TREND_REVERSAL_UNCONFIRMED,0,0.45,LONG,1,0,0,0
NEARUSDT,1772283600000,2026-02-28T13:00:00.000Z,NEUTRAL,NONE,0,7.875,IGNORE,0,WATCH,,0,0,0,NA,NA,NA,NA,NA,WARNING_SOFT,1,0,0,0,0,TREND_REVERSAL_UNCONFIRMED,0,0.45,NONE,1,0,0,0
NEARUSDT,1772287200000,2026-02-28T14:00:00.000Z,BEAR,LONG,16.047752377196158,12.795010499704198,IGNORE,0,WATCH,,0,0,0,NA,NA,NA,NA,NA,BLOCK,0,0,0,0,0,TREND_REVERSAL_UNCONFIRMED,1,0.45,LONG,1,0,0,0
NEARUSDT,1772290800000,2026-02-28T15:00:00.000Z,BEAR,LONG,0,7.875,IGNORE,0,WATCH,,0,0,0,NA,NA,NA,NA,NA,WARNING_SOFT,1,0,0,0,0,TREND_REVERSAL_UNCONFIRMED,0,0.45,LONG,1,0,0,0
NEARUSDT,1772294400000,2026-02-28T16:00:00.000Z,NEUTRAL,NONE,0,7.875,IGNORE,0,WATCH,,0,0,0,NA,NA,NA,NA,NA,CLEAR,1,0,0,0,0,TREND_REVERSAL_UNCONFIRMED,0,0.45,NONE,1,0,0,0
NEARUSDT,1772298000000,2026-02-28T17:00:00.000Z,NEUTRAL,NONE,0,7.875,IGNORE,0,WATCH,,0,0,0,NA,NA,NA,NA,NA,CLEAR,1,0,0,0,0,TREND_REVERSAL_UNCONFIRMED,0,0.45,NONE,1,0,0,0
NEARUSDT,1772301600000,2026-02-28T18:00:00.000Z,NEUTRAL,NONE,0,7.875,IGNORE,0,WATCH,,0,0,0,NA,NA,NA,NA,NA,CLEAR,1,1,0,0,0,TREND_REVERSAL_UNCONFIRMED,0,0.45,NONE,1,0,0,0
NEARUSDT,1772305200000,2026-02-28T19:00:00.000Z,NEUTRAL,NONE,0,7.875,IGNORE,0,WATCH,,0,0,0,NA,NA,NA,NA,NA,CLEAR,1,0,0,0,0,TREND_REVERSAL_UNCONFIRMED,0,0.45,NONE,1,0,0,0
NEARUSDT,1772308800000,2026-02-28T20:00:00.000Z,NEUTRAL,NONE,0,7.875,IGNORE,0,WATCH,,0,0,0,NA,NA,NA,NA,NA,CLEAR,1,0,0,0,0,TREND_REVERSAL_UNCONFIRMED,0,0.45,NONE,1,0,0,0
NEARUSDT,1772312400000,2026-02-28T21:00:00.000Z,BULL,SHORT,36.91037718532361,18.094192203344235,IGNORE,0,WATCH,,0,0,0,NA,NA,NA,NA,NA,CLEAR,1,0,0,0,0,TREND_REVERSAL_UNCONFIRMED,2,0.45,SHORT,1,0,0,0
NEARUSDT,1772316000000,2026-02-28T22:00:00.000Z,BULL,SHORT,18.055555555555557,12.953125,IGNORE,0,WATCH,,0,0,0,NA,NA,NA,NA,NA,CLEAR,1,0,0,0,0,TREND_REVERSAL_UNCONFIRMED,1,0.45,SHORT,1,0,0,0
NEARUSDT,1772319600000,2026-02-28T23:00:00.000Z,BULL,SHORT,21.52777777777778,13.2265625,IGNORE,0,WATCH,,0,0,0,NA,NA,NA,NA,NA,CLEAR,1,0,0,0,0,TREND_REVERSAL_UNCONFIRMED,1,0.45,SHORT,1,0,0,0
NEARUSDT,1772323200000,2026-03-01T00:00:00.000Z,BULL,SHORT,0,7.875,IGNORE,0,WATCH,,0,0,0,NA,NA,NA,NA,NA,CLEAR,1,0,0,0,0,TREND_REVERSAL_UNCONFIRMED,0,0.45,SHORT,1,0,0,0
NEARUSDT,1772326800000,2026-03-01T01:00:00.000Z,BULL,SHORT,21.694466255237366,13.239689217599944,IGNORE,0,WATCH,,0,0,0,NA,NA,NA,NA,NA,CLEAR,1,0,0,0,0,TREND_REVERSAL_UNCONFIRMED,1,0.45,SHORT,1,0,0,0
NEARUSDT,1772330400000,2026-03-01T02:00:00.000Z,BULL,SHORT,19.634065739523148,13.077432676987447,IGNORE,0,WATCH,,0,0,0,NA,NA,NA,NA,NA,CLEAR,1,0,0,0,0,TREND_REVERSAL_UNCONFIRMED,1,0.45,SHORT,1,0,0,0
NEARUSDT,1772334000000,2026-03-01T03:00:00.000Z,BULL,SHORT,0,7.875,IGNORE,0,WATCH,,0,0,0,NA,NA,NA,NA,NA,CLEAR,1,0,0,0,0,TREND_REVERSAL_UNCONFIRMED,0,0.45,SHORT,1,0,0,0
NEARUSDT,1772337600000,2026-03-01T04:00:00.000Z,BULL,SHORT,0,7.875,IGNORE,0,WATCH,,0,0,0,NA,NA,NA,NA,NA,CLEAR,1,0,0,0,0,TREND_REVERSAL_UNCONFIRMED,0,0.45,SHORT,1,0,0,0
NEARUSDT,1772341200000,2026-03-01T05:00:00.000Z,BULL,SHORT,0,7.875,IGNORE,0,WATCH,,0,0,0,NA,NA,NA,NA,NA,CLEAR,1,0,0,0,0,TREND_REVERSAL_UNCONFIRMED,0,0.45,SHORT,1,0,0,0
NEARUSDT,1772344800000,2026-03-01T06:00:00.000Z,BULL,SHORT,0,7.875,IGNORE,0,WATCH,,0,0,0,NA,NA,NA,NA,NA,CLEAR,1,0,0,0,0,TREND_REVERSAL_UNCONFIRMED,0,0.45,SHORT,1,0,0,0
NEARUSDT,1772348400000,2026-03-01T07:00:00.000Z,BULL,SHORT,12.847222222222221,12.54296875,IGNORE,0,WATCH,,0,0,0,NA,NA,NA,NA,NA,CLEAR,1,0,0,0,0,TREND_REVERSAL_UNCONFIRMED,1,0.45,SHORT,1,0,0,0
NEARUSDT,1772352000000,2026-03-01T08:00:00.000Z,BULL,SHORT,0,7.875,IGNORE,0,WATCH,,0,0,0,NA,NA,NA,NA,NA,CLEAR,1,0,0,0,0,TREND_REVERSAL_UNCONFIRMED,0,0.45,SHORT,1,0,0,0
NEARUSDT,1772355600000,2026-03-01T09:00:00.000Z,BULL,SHORT,0,7.875,IGNORE,0,WATCH,,0,0,0,NA,NA,NA,NA,NA,WARNING_SOFT,1,0,0,0,0,TREND_REVERSAL_UNCONFIRMED,0,0.45,SHORT,1,0,0,0
NEARUSDT,1772359200000,2026-03-01T10:00:00.000Z,BULL,SHORT,0,7.875,IGNORE,0,WATCH,,0,0,0,NA,NA,NA,NA,NA,WARNING_SOFT,1,0,0,0,0,TREND_REVERSAL_UNCONFIRMED,0,0.45,SHORT,1,0,0,0
NEARUSDT,1772362800000,2026-03-01T11:00:00.000Z,BULL,SHORT,0,7.875,IGNORE,0,WATCH,,0,0,0,NA,NA,NA,NA,NA,WARNING_SOFT,1,0,0,0,0,TREND_REVERSAL_UNCONFIRMED,0,0.45,SHORT,1,0,0,0
NEARUSDT,1772366400000,2026-03-01T12:00:00.000Z,NEUTRAL,NONE,0,7.875,IGNORE,0,WATCH,,0,0,0,NA,NA,NA,NA,NA,WARNING_SOFT,1,0,0,0,0,TREND_REVERSAL_UNCONFIRMED,0,0.45,NONE,1,0,0,0
NEARUSDT,1772370000000,2026-03-01T13:00:00.000Z,BULL,SHORT,0,7.875,IGNORE,0,WATCH,,0,0,0,NA,NA,NA,NA,NA,WARNING_SOFT,1,0,0,0,0,TREND_REVERSAL_UNCONFIRMED,0,0.45,SHORT,1,0,0,0
NEARUSDT,1772373600000,2026-03-01T14:00:00.000Z,BULL,SHORT,0,7.875,IGNORE,0,WATCH,,0,0,0,NA,NA,NA,NA,NA,WARNING_SOFT,1,0,0,0,0,TREND_REVERSAL_UNCONFIRMED,0,0.45,SHORT,1,0,0,0
NEARUSDT,1772377200000,2026-03-01T15:00:00.000Z,BULL,SHORT,0,7.875,IGNORE,0,WATCH,,0,0,0,NA,NA,NA,NA,NA,WARNING_SOFT,1,0,0,0,0,TREND_REVERSAL_UNCONFIRMED,0,0.45,SHORT,1,0,0,0
NEARUSDT,1772380800000,2026-03-01T16:00:00.000Z,NEUTRAL,NONE,0,7.875,IGNORE,0,WATCH,,0,0,0,NA,NA,NA,NA,NA,WARNING_SOFT,1,0,0,0,0,TREND_REVERSAL_UNCONFIRMED,0,0.45,NONE,1,0,0,0
NEARUSDT,1772384400000,2026-03-01T17:00:00.000Z,NEUTRAL,NONE,0,7.875,IGNORE,0,WATCH,,0,0,0,NA,NA,NA,NA,NA,WARNING_SOFT,1,0,0,0,0,TREND_REVERSAL_UNCONFIRMED,0,0.45,NONE,1,0,0,0
NEARUSDT,1772388000000,2026-03-01T18:00:00.000Z,NEUTRAL,NONE,0,7.875,IGNORE,0,WATCH,,0,0,0,NA,NA,NA,NA,NA,WARNING_SOFT,1,0,0,0,0,TREND_REVERSAL_UNCONFIRMED,0,0.45,NONE,1,0,0,0
NEARUSDT,1772391600000,2026-03-01T19:00:00.000Z,NEUTRAL,NONE,0,7.875,IGNORE,0,WATCH,,0,0,0,NA,NA,NA,NA,NA,WARNING_SOFT,1,0,0,0,0,TREND_REVERSAL_UNCONFIRMED,0,0.45,NONE,1,0,0,0
NEARUSDT,1772395200000,2026-03-01T20:00:00.000Z,NEUTRAL,NONE,0,7.875,IGNORE,0,WATCH,,0,0,0,NA,NA,NA,NA,NA,WARNING_SOFT,1,0,0,0,0,TREND_REVERSAL_UNCONFIRMED,0,0.45,NONE,1,0,0,0
NEARUSDT,1772398800000,2026-03-01T21:00:00.000Z,NEUTRAL,NONE,0,7.875,IGNORE,0,WATCH,,0,0,0,NA,NA,NA,NA,NA,WARNING_SOFT,1,0,0,0,0,TREND_REVERSAL_UNCONFIRMED,0,0.45,NONE,1,0,0,0
NEARUSDT,1772402400000,2026-03-01T22:00:00.000Z,NEUTRAL,NONE,0,7.875,IGNORE,0,WATCH,,0,0,0,NA,NA,NA,NA,NA,BLOCK,0,0,0,0,0,TREND_REVERSAL_UNCONFIRMED,0,0.45,NONE,1,0,0,0
NEARUSDT,1772406000000,2026-03-01T23:00:00.000Z,BULL,SHORT,31.212074378625868,17.645450857316785,IGNORE,0,WATCH,,0,0,0,NA,NA,NA,NA,NA,BLOCK,0,0,0,0,0,TREND_REVERSAL_UNCONFIRMED,2,0.45,SHORT,1,0,0,0
NEARUSDT,1772409600000,2026-03-02T00:00:00.000Z,BULL,SHORT,32.29163124707925,17.73046596070749,IGNORE,0,WATCH,,0,0,0,NA,NA,NA,NA,NA,CLEAR,1,0,0,0,0,TREND_REVERSAL_UNCONFIRMED,2,0.45,SHORT,1,0,0,0
NEARUSDT,1772413200000,2026-03-02T01:00:00.000Z,BULL,SHORT,38.359771986083885,18.208332043904104,IGNORE,0,WATCH,,0,0,0,NA,NA,NA,NA,NA,CLEAR,1,1,0,0,0,TREND_REVERSAL_UNCONFIRMED,2,0.45,SHORT,1,0,0,0
NEARUSDT,1772416800000,2026-03-02T02:00:00.000Z,BULL,SHORT,42.5,18.534375,IGNORE,0,WATCH,,0,0,0,NA,NA,NA,NA,NA,CLEAR,1,0,0,0,0,TREND_REVERSAL_UNCONFIRMED,2,0.45,SHORT,1,0,0,0
NEARUSDT,1772420400000,2026-03-02T03:00:00.000Z,BULL,SHORT,53.864939484595844,60.31314610423559,WATCH,1,ACTIVE,ACTIVE,1,1,1,PASS,PASS,SKIP,SKIP,PASS,CLEAR,1,0,0,0,1,,3,0.84,SHORT,0,1,0,0
NEARUSDT,1772424000000,2026-03-02T04:00:00.000Z,BULL,SHORT,42.5,18.534375,IGNORE,0,WATCH,,0,0,0,NA,NA,NA,NA,NA,CLEAR,1,0,0,0,0,TREND_REVERSAL_UNCONFIRMED,2,0.45,SHORT,1,0,0,0
NEARUSDT,1772427600000,2026-03-02T05:00:00.000Z,BULL,SHORT,42.5,18.534375,IGNORE,0,WATCH,,0,0,0,NA,NA,NA,NA,NA,CLEAR,1,1,0,0,0,TREND_REVERSAL_UNCONFIRMED,2,0.45,SHORT,1,0,0,0
NEARUSDT,1772431200000,2026-03-02T06:00:00.000Z,BULL,SHORT,63.04244383108245,61.66223924316912,WATCH,1,ACTIVE,ACTIVE,1,1,1,PASS,PASS,SKIP,SKIP,PASS,WARNING_HARD,1,0,0,0,1,,3,0.84,SHORT,0,1,0,0
NEARUSDT,1772434800000,2026-03-02T07:00:00.000Z,BULL,SHORT,31.264095656418355,17.649547532942947,IGNORE,0,WATCH,,0,0,0,NA,NA,NA,NA,NA,WARNING_HARD,1,0,0,0,0,TREND_REVERSAL_UNCONFIRMED,2,0.45,SHORT,1,0,0,0
NEARUSDT,1772438400000,2026-03-02T08:00:00.000Z,BULL,SHORT,38.98189280877037,18.257324058690664,IGNORE,0,WATCH,,0,0,0,NA,NA,NA,NA,NA,WARNING_SOFT,1,0,1,1,0,TREND_REVERSAL_UNCONFIRMED,2,0.45,SHORT,1,0,0,0
NEARUSDT,1772442000000,2026-03-02T09:00:00.000Z,BULL,SHORT,0,7.875,IGNORE,0,WATCH,,0,0,0,NA,NA,NA,NA,NA,WARNING_SOFT,1,0,0,0,0,TREND_REVERSAL_UNCONFIRMED,0,0.45,SHORT,1,0,0,0
NEARUSDT,1772445600000,2026-03-02T10:00:00.000Z,BULL,SHORT,0,7.875,IGNORE,0,WATCH,,0,0,0,NA,NA,NA,NA,NA,CLEAR,1,0,0,0,0,TREND_REVERSAL_UNCONFIRMED,0,0.45,SHORT,1,0,0,0
NEARUSDT,1772449200000,2026-03-02T11:00:00.000Z,BULL,SHORT,0,7.875,IGNORE,0,WATCH,,0,0,0,NA,NA,NA,NA,NA,CLEAR,1,0,0,0,0,TREND_REVERSAL_UNCONFIRMED,0,0.45,SHORT,1,0,0,0
NEARUSDT,1772452800000,2026-03-02T12:00:00.000Z,BULL,SHORT,0,7.875,IGNORE,0,WATCH,,0,0,0,NA,NA,NA,NA,NA,WARNING_SOFT,1,0,0,0,0,TREND_REVERSAL_UNCONFIRMED,0,0.45,SHORT,1,0,0,0
NEARUSDT,1772456400000,2026-03-02T13:00:00.000Z,BULL,SHORT,13.160618303148578,12.56764869137295,IGNORE,0,WATCH,,0,0,0,NA,NA,NA,NA,NA,WARNING_SOFT,1,0,0,0,0,TREND_REVERSAL_UNCONFIRMED,1,0.45,SHORT,1,0,0,0
NEARUSDT,1772460000000,2026-03-02T14:00:00.000Z,BULL,SHORT,45.138888888888886,18.7421875,IGNORE,0,WATCH,,0,0,0,NA,NA,NA,NA,NA,CLEAR,1,1,0,0,0,TREND_REVERSAL_UNCONFIRMED,2,0.45,SHORT,1,0,0,0
NEARUSDT,1772463600000,2026-03-02T15:00:00.000Z,BULL,SHORT,69,54.138,WATCH,1,WATCH,ACTIVE,1,1,0,PASS,PASS,SKIP,SKIP,FAIL,CLEAR,1,0,0,0,0,MARKET_CONTEXT_DENIED,3,0.84,SHORT,0,1,0,0
NEARUSDT,1772467200000,2026-03-02T16:00:00.000Z,BULL,SHORT,46.52777777777778,18.851562500000004,IGNORE,0,WATCH,,0,0,0,NA,NA,NA,NA,NA,CLEAR,1,0,0,0,0,TREND_REVERSAL_UNCONFIRMED,2,0.45,SHORT,1,0,0,0
NEARUSDT,1772470800000,2026-03-02T17:00:00.000Z,BULL,SHORT,16.319444444444443,12.81640625,IGNORE,0,WATCH,,0,0,0,NA,NA,NA,NA,NA,CLEAR,1,0,0,0,0,TREND_REVERSAL_UNCONFIRMED,1,0.45,SHORT,1,0,0,0
NEARUSDT,1772474400000,2026-03-02T18:00:00.000Z,BULL,SHORT,19.791666666666668,13.08984375,IGNORE,0,WATCH,,0,0,0,NA,NA,NA,NA,NA,CLEAR,1,0,0,0,0,TREND_REVERSAL_UNCONFIRMED,1,0.45,SHORT,1,0,0,0
NEARUSDT,1772478000000,2026-03-02T19:00:00.000Z,BULL,SHORT,19.791666666666668,13.08984375,IGNORE,0,WATCH,,0,0,0,NA,NA,NA,NA,NA,CLEAR,1,0,0,0,0,TREND_REVERSAL_UNCONFIRMED,1,0.45,SHORT,1,0,0,0
NEARUSDT,1772481600000,2026-03-02T20:00:00.000Z,BULL,SHORT,16.319444444444443,12.81640625,IGNORE,0,WATCH,,0,0,0,NA,NA,NA,NA,NA,CLEAR,1,0,0,0,0,TREND_REVERSAL_UNCONFIRMED,1,0.45,SHORT,1,0,0,0
NEARUSDT,1772485200000,2026-03-02T21:00:00.000Z,BULL,SHORT,38.016177514109714,18.18127397923614,IGNORE,0,WATCH,,0,0,0,NA,NA,NA,NA,NA,CLEAR,1,1,0,0,0,TREND_REVERSAL_UNCONFIRMED,2,0.45,SHORT,1,0,0,0
NEARUSDT,1772488800000,2026-03-02T22:00:00.000Z,BULL,SHORT,30.79231856150502,17.612395086718518,IGNORE,0,WATCH,,0,0,0,NA,NA,NA,NA,NA,CLEAR,1,0,0,0,0,TREND_REVERSAL_UNCONFIRMED,2,0.45,SHORT,1,0,0,0
NEARUSDT,1772492400000,2026-03-02T23:00:00.000Z,BULL,SHORT,29.0974995984613,17.47892809337883,IGNORE,0,WATCH,,0,0,0,NA,NA,NA,NA,NA,CLEAR,1,0,0,0,0,TREND_REVERSAL_UNCONFIRMED,2,0.45,SHORT,1,0,0,0
NEARUSDT,1772496000000,2026-03-03T00:00:00.000Z,BULL,SHORT,57.38154958155585,52.430087788488706,WATCH,1,WATCH,ACTIVE,1,1,0,PASS,PASS,SKIP,SKIP,FAIL,CLEAR,1,0,0,0,0,MARKET_CONTEXT_DENIED,3,0.84,SHORT,0,1,0,0
NEARUSDT,1772499600000,2026-03-03T01:00:00.000Z,BULL,SHORT,16.319444444444443,12.81640625,IGNORE,0,WATCH,,0,0,0,NA,NA,NA,NA,NA,CLEAR,1,0,0,0,0,TREND_REVERSAL_UNCONFIRMED,1,0.45,SHORT,1,0,0,0
NEARUSDT,1772503200000,2026-03-03T02:00:00.000Z,BULL,SHORT,14.583333333333332,12.6796875,IGNORE,0,WATCH,,0,0,0,NA,NA,NA,NA,NA,CLEAR,1,0,0,0,0,TREND_REVERSAL_UNCONFIRMED,1,0.45,SHORT,1,0,0,0
NEARUSDT,1772506800000,2026-03-03T03:00:00.000Z,BULL,SHORT,19.791666666666668,13.08984375,IGNORE,0,WATCH,,0,0,0,NA,NA,NA,NA,NA,CLEAR,1,0,0,0,0,TREND_REVERSAL_UNCONFIRMED,1,0.45,SHORT,1,0,0,0
NEARUSDT,1772510400000,2026-03-03T04:00:00.000Z,BULL,SHORT,14.583333333333332,12.6796875,IGNORE,0,WATCH,,0,0,0,NA,NA,NA,NA,NA,WARNING_HARD,1,0,0,0,0,TREND_REVERSAL_UNCONFIRMED,1,0.45,SHORT,1,0,0,0
NEARUSDT,1772514000000,2026-03-03T05:00:00.000Z,BULL,SHORT,25,13.5,IGNORE,0,WATCH,,0,0,0,NA,NA,NA,NA,NA,WARNING_HARD,1,0,0,0,0,TREND_REVERSAL_UNCONFIRMED,1,0.45,SHORT,1,0,0,0
NEARUSDT,1772517600000,2026-03-03T06:00:00.000Z,BULL,SHORT,0,7.875,IGNORE,0,WATCH,,0,0,0,NA,NA,NA,NA,NA,BLOCK,0,0,0,0,0,TREND_REVERSAL_UNCONFIRMED,0,0.45,SHORT,1,0,0,0
NEARUSDT,1772521200000,2026-03-03T07:00:00.000Z,BULL,SHORT,0,7.875,IGNORE,0,WATCH,,0,0,0,NA,NA,NA,NA,NA,WARNING_SOFT,1,0,0,0,0,TREND_REVERSAL_UNCONFIRMED,0,0.45,SHORT,1,0,0,0
NEARUSDT,1772524800000,2026-03-03T08:00:00.000Z,BULL,SHORT,0,7.875,IGNORE,0,WATCH,,0,0,0,NA,NA,NA,NA,NA,BLOCK,0,0,0,0,0,TREND_REVERSAL_UNCONFIRMED,0,0.45,SHORT,1,0,0,0
NEARUSDT,1772528400000,2026-03-03T09:00:00.000Z,BULL,SHORT,15.329951277723238,12.738483663120705,IGNORE,0,WATCH,,0,0,0,NA,NA,NA,NA,NA,BLOCK,0,0,0,0,0,TREND_REVERSAL_UNCONFIRMED,1,0.45,SHORT,1,0,0,0
NEARUSDT,1772532000000,2026-03-03T10:00:00.000Z,NEUTRAL,NONE,0,7.875,IGNORE,0,WATCH,,0,0,0,NA,NA,NA,NA,NA,WARNING_SOFT,1,0,0,0,0,TREND_REVERSAL_UNCONFIRMED,0,0.45,NONE,1,0,0,0
NEARUSDT,1772535600000,2026-03-03T11:00:00.000Z,NEUTRAL,NONE,0,7.875,IGNORE,0,WATCH,,0,0,0,NA,NA,NA,NA,NA,WARNING_SOFT,1,0,0,0,0,TREND_REVERSAL_UNCONFIRMED,0,0.45,NONE,1,0,0,0
NEARUSDT,1772539200000,2026-03-03T12:00:00.000Z,BULL,SHORT,17.5,12.909375,IGNORE,0,WATCH,,0,0,0,NA,NA,NA,NA,NA,WARNING_SOFT,1,0,0,0,0,TREND_REVERSAL_UNCONFIRMED,1,0.45,SHORT,1,0,0,0
NEARUSDT,1772542800000,2026-03-03T13:00:00.000Z,BULL,SHORT,17.5,12.909375,IGNORE,0,WATCH,,0,0,0,NA,NA,NA,NA,NA,WARNING_SOFT,1,0,0,0,0,TREND_REVERSAL_UNCONFIRMED,1,0.45,SHORT,1,0,0,0
NEARUSDT,1772546400000,2026-03-03T14:00:00.000Z,NEUTRAL,NONE,0,7.875,IGNORE,0,WATCH,,0,0,0,NA,NA,NA,NA,NA,WARNING_SOFT,1,0,0,0,0,TREND_REVERSAL_UNCONFIRMED,0,0.45,NONE,1,0,0,0
NEARUSDT,1772550000000,2026-03-03T15:00:00.000Z,BULL,SHORT,17.5,12.909375,IGNORE,0,WATCH,,0,0,0,NA,NA,NA,NA,NA,WARNING_SOFT,1,0,0,0,0,TREND_REVERSAL_UNCONFIRMED,1,0.45,SHORT,1,0,0,0
NEARUSDT,1772553600000,2026-03-03T16:00:00.000Z,BULL,SHORT,30.741099241185992,17.608361565243396,IGNORE,0,WATCH,,0,0,0,NA,NA,NA,NA,NA,CLEAR,1,0,0,0,0,TREND_REVERSAL_UNCONFIRMED,2,0.45,SHORT,1,0,0,0
NEARUSDT,1772557200000,2026-03-03T17:00:00.000Z,BULL,SHORT,17.5,12.909375,IGNORE,0,WATCH,,0,0,0,NA,NA,NA,NA,NA,CLEAR,1,0,0,0,0,TREND_REVERSAL_UNCONFIRMED,1,0.45,SHORT,1,0,0,0
NEARUSDT,1772560800000,2026-03-03T18:00:00.000Z,BULL,SHORT,17.5,12.909375,IGNORE,0,WATCH,,0,0,0,NA,NA,NA,NA,NA,CLEAR,1,0,0,0,0,TREND_REVERSAL_UNCONFIRMED,1,0.45,SHORT,1,0,0,0
NEARUSDT,1772564400000,2026-03-03T19:00:00.000Z,BULL,SHORT,17.5,12.909375,IGNORE,0,WATCH,,0,0,0,NA,NA,NA,NA,NA,WARNING_SOFT,1,0,0,0,0,TREND_REVERSAL_UNCONFIRMED,1,0.45,SHORT,1,0,0,0
NEARUSDT,1772568000000,2026-03-03T20:00:00.000Z,BULL,SHORT,17.5,12.909375,IGNORE,0,WATCH,,0,0,0,NA,NA,NA,NA,NA,WARNING_SOFT,1,0,0,0,0,TREND_REVERSAL_UNCONFIRMED,1,0.45,SHORT,1,0,0,0
NEARUSDT,1772571600000,2026-03-03T21:00:00.000Z,NEUTRAL,NONE,0,7.875,IGNORE,0,WATCH,,0,0,0,NA,NA,NA,NA,NA,WARNING_SOFT,1,0,0,0,0,TREND_REVERSAL_UNCONFIRMED,0,0.45,NONE,1,0,0,0
NEARUSDT,1772575200000,2026-03-03T22:00:00.000Z,NEUTRAL,NONE,0,7.875,IGNORE,0,WATCH,,0,0,0,NA,NA,NA,NA,NA,WARNING_SOFT,1,0,0,0,0,TREND_REVERSAL_UNCONFIRMED,0,0.45,NONE,1,0,0,0
NEARUSDT,1772578800000,2026-03-03T23:00:00.000Z,BULL,SHORT,0,7.875,IGNORE,0,WATCH,,0,0,0,NA,NA,NA,NA,NA,WARNING_SOFT,1,0,0,0,0,TREND_REVERSAL_UNCONFIRMED,0,0.45,SHORT,1,0,0,0
NEARUSDT,1772582400000,2026-03-04T00:00:00.000Z,BULL,SHORT,0,7.875,IGNORE,0,WATCH,,0,0,0,NA,NA,NA,NA,NA,CLEAR,1,0,0,0,0,TREND_REVERSAL_UNCONFIRMED,0,0.45,SHORT,1,0,0,0
NEARUSDT,1772586000000,2026-03-04T01:00:00.000Z,BULL,SHORT,0,7.875,IGNORE,0,WATCH,,0,0,0,NA,NA,NA,NA,NA,CLEAR,1,0,0,0,0,TREND_REVERSAL_UNCONFIRMED,0,0.45,SHORT,1,0,0,0
NEARUSDT,1772589600000,2026-03-04T02:00:00.000Z,BULL,SHORT,14.930555555555555,12.70703125,IGNORE,0,WATCH,,0,0,0,NA,NA,NA,NA,NA,CLEAR,1,0,0,0,0,TREND_REVERSAL_UNCONFIRMED,1,0.45,SHORT,1,0,0,0
NEARUSDT,1772593200000,2026-03-04T03:00:00.000Z,BULL,SHORT,12.58987052546788,12.522702303880596,IGNORE,0,WATCH,,0,0,0,NA,NA,NA,NA,NA,WARNING_HARD,1,0,0,0,0,TREND_REVERSAL_UNCONFIRMED,1,0.45,SHORT,1,0,0,0
NEARUSDT,1772596800000,2026-03-04T04:00:00.000Z,BULL,SHORT,0,7.875,IGNORE,0,WATCH,,0,0,0,NA,NA,NA,NA,NA,BLOCK,0,0,0,0,0,TREND_REVERSAL_UNCONFIRMED,0,0.45,SHORT,1,0,0,0
NEARUSDT,1772600400000,2026-03-04T05:00:00.000Z,BULL,SHORT,25,13.5,IGNORE,0,WATCH,,0,0,0,NA,NA,NA,NA,NA,WARNING_SOFT,1,0,0,0,0,TREND_REVERSAL_UNCONFIRMED,1,0.45,SHORT,1,0,0,0
NEARUSDT,1772604000000,2026-03-04T06:00:00.000Z,NEUTRAL,NONE,0,7.875,IGNORE,0,WATCH,,0,0,0,NA,NA,NA,NA,NA,BLOCK,0,0,0,0,0,TREND_REVERSAL_UNCONFIRMED,0,0.45,NONE,1,0,0,0
NEARUSDT,1772607600000,2026-03-04T07:00:00.000Z,BULL,SHORT,0,7.875,IGNORE,0,WATCH,,0,0,0,NA,NA,NA,NA,NA,BLOCK,0,0,0,0,0,TREND_REVERSAL_UNCONFIRMED,0,0.45,SHORT,1,0,0,0
NEARUSDT,1772611200000,2026-03-04T08:00:00.000Z,BULL,SHORT,17.768253992481412,12.93050000190791,IGNORE,0,WATCH,,0,0,0,NA,NA,NA,NA,NA,BLOCK,0,0,0,0,0,TREND_REVERSAL_UNCONFIRMED,1,0.45,SHORT,1,0,0,0
NEARUSDT,1772614800000,2026-03-04T09:00:00.000Z,BULL,SHORT,13.206023191384949,12.571224326321566,IGNORE,0,WATCH,,0,0,0,NA,NA,NA,NA,NA,CLEAR,1,0,0,0,0,TREND_REVERSAL_UNCONFIRMED,1,0.45,SHORT,1,0,0,0
NEARUSDT,1772618400000,2026-03-04T10:00:00.000Z,NEUTRAL,NONE,0,7.875,IGNORE,0,WATCH,,0,0,0,NA,NA,NA,NA,NA,WARNING_SOFT,1,0,0,0,0,TREND_REVERSAL_UNCONFIRMED,0,0.45,NONE,1,0,0,0
NEARUSDT,1772622000000,2026-03-04T11:00:00.000Z,NEUTRAL,NONE,0,7.875,IGNORE,0,WATCH,,0,0,0,NA,NA,NA,NA,NA,WARNING_SOFT,1,0,0,0,0,TREND_REVERSAL_UNCONFIRMED,0,0.45,NONE,1,0,0,0
NEARUSDT,1772625600000,2026-03-04T12:00:00.000Z,NEUTRAL,NONE,0,7.875,IGNORE,0,WATCH,,0,0,0,NA,NA,NA,NA,NA,WARNING_SOFT,1,0,0,0,0,TREND_REVERSAL_UNCONFIRMED,0,0.45,NONE,1,0,0,0
NEARUSDT,1772629200000,2026-03-04T13:00:00.000Z,NEUTRAL,NONE,0,7.875,IGNORE,0,WATCH,,0,0,0,NA,NA,NA,NA,NA,WARNING_SOFT,1,0,0,0,0,TREND_REVERSAL_UNCONFIRMED,0,0.45,NONE,1,0,0,0
NEARUSDT,1772632800000,2026-03-04T14:00:00.000Z,NEUTRAL,NONE,0,7.875,IGNORE,0,WATCH,,0,0,0,NA,NA,NA,NA,NA,BLOCK,0,0,0,0,0,TREND_REVERSAL_UNCONFIRMED,0,0.45,NONE,1,0,0,0
NEARUSDT,1772636400000,2026-03-04T15:00:00.000Z,NEUTRAL,NONE,0,7.875,IGNORE,0,WATCH,,0,0,0,NA,NA,NA,NA,NA,BLOCK,0,0,0,0,0,TREND_REVERSAL_UNCONFIRMED,0,0.45,NONE,1,0,0,0
NEARUSDT,1772640000000,2026-03-04T16:00:00.000Z,NEUTRAL,NONE,0,7.875,IGNORE,0,WATCH,,0,0,0,NA,NA,NA,NA,NA,WARNING_SOFT,1,0,0,0,0,TREND_REVERSAL_UNCONFIRMED,0,0.45,NONE,1,0,0,0
NEARUSDT,1772643600000,2026-03-04T17:00:00.000Z,NEUTRAL,NONE,0,7.875,IGNORE,0,WATCH,,0,0,0,NA,NA,NA,NA,NA,WARNING_SOFT,1,0,0,0,0,TREND_REVERSAL_UNCONFIRMED,0,0.45,NONE,1,0,0,0
NEARUSDT,1772647200000,2026-03-04T18:00:00.000Z,NEUTRAL,NONE,0,7.875,IGNORE,0,WATCH,,0,0,0,NA,NA,NA,NA,NA,WARNING_SOFT,1,0,0,0,0,TREND_REVERSAL_UNCONFIRMED,0,0.45,NONE,1,0,0,0
NEARUSDT,1772650800000,2026-03-04T19:00:00.000Z,NEUTRAL,NONE,0,7.875,IGNORE,0,WATCH,,0,0,0,NA,NA,NA,NA,NA,BLOCK,0,0,0,0,0,TREND_REVERSAL_UNCONFIRMED,0,0.45,NONE,1,0,0,0
NEARUSDT,1772654400000,2026-03-04T20:00:00.000Z,NEUTRAL,NONE,0,7.875,IGNORE,0,WATCH,,0,0,0,NA,NA,NA,NA,NA,WARNING_SOFT,1,0,0,0,0,TREND_REVERSAL_UNCONFIRMED,0,0.45,NONE,1,0,0,0
NEARUSDT,1772658000000,2026-03-04T21:00:00.000Z,NEUTRAL,NONE,0,7.875,IGNORE,0,WATCH,,0,0,0,NA,NA,NA,NA,NA,WARNING_SOFT,1,0,0,0,0,TREND_REVERSAL_UNCONFIRMED,0,0.45,NONE,1,0,0,0
NEARUSDT,1772661600000,2026-03-04T22:00:00.000Z,NEUTRAL,NONE,0,7.875,IGNORE,0,WATCH,,0,0,0,NA,NA,NA,NA,NA,WARNING_SOFT,1,0,0,0,0,TREND_REVERSAL_UNCONFIRMED,0,0.45,NONE,1,0,0,0
NEARUSDT,1772665200000,2026-03-04T23:00:00.000Z,NEUTRAL,NONE,0,7.875,IGNORE,0,WATCH,,0,0,0,NA,NA,NA,NA,NA,WARNING_SOFT,1,0,0,0,0,TREND_REVERSAL_UNCONFIRMED,0,0.45,NONE,1,0,0,0
NEARUSDT,1772668800000,2026-03-05T00:00:00.000Z,NEUTRAL,NONE,0,7.875,IGNORE,0,WATCH,,0,0,0,NA,NA,NA,NA,NA,BLOCK,0,0,0,0,0,TREND_REVERSAL_UNCONFIRMED,0,0.45,NONE,1,0,0,0
NEARUSDT,1772672400000,2026-03-05T01:00:00.000Z,BEAR,LONG,35.138398626625246,17.954648891846738,IGNORE,0,WATCH,,0,0,0,NA,NA,NA,NA,NA,WARNING_HARD,1,0,0,0,0,TREND_REVERSAL_UNCONFIRMED,2,0.45,LONG,1,0,0,0
NEARUSDT,1772676000000,2026-03-05T02:00:00.000Z,BEAR,LONG,25,13.5,IGNORE,0,WATCH,,0,0,0,NA,NA,NA,NA,NA,WARNING_HARD,1,0,0,0,0,TREND_REVERSAL_UNCONFIRMED,1,0.45,LONG,1,0,0,0
NEARUSDT,1772679600000,2026-03-05T03:00:00.000Z,BEAR,LONG,0,7.875,IGNORE,0,WATCH,,0,0,0,NA,NA,NA,NA,NA,WARNING_SOFT,1,0,0,0,0,TREND_REVERSAL_UNCONFIRMED,0,0.45,LONG,1,0,0,0
NEARUSDT,1772683200000,2026-03-05T04:00:00.000Z,BEAR,LONG,0,7.875,IGNORE,0,WATCH,,0,0,0,NA,NA,NA,NA,NA,WARNING_SOFT,1,0,0,0,0,TREND_REVERSAL_UNCONFIRMED,0,0.45,LONG,1,0,0,0
NEARUSDT,1772686800000,2026-03-05T05:00:00.000Z,BEAR,LONG,0,7.875,IGNORE,0,WATCH,,0,0,0,NA,NA,NA,NA,NA,WARNING_SOFT,1,0,0,0,0,TREND_REVERSAL_UNCONFIRMED,0,0.45,LONG,1,0,0,0
NEARUSDT,1772690400000,2026-03-05T06:00:00.000Z,BEAR,LONG,0,7.875,IGNORE,0,WATCH,,0,0,0,NA,NA,NA,NA,NA,WARNING_SOFT,1,0,0,0,0,TREND_REVERSAL_UNCONFIRMED,0,0.45,LONG,1,0,0,0
NEARUSDT,1772694000000,2026-03-05T07:00:00.000Z,BEAR,LONG,25,13.5,IGNORE,0,WATCH,,0,0,0,NA,NA,NA,NA,NA,WARNING_SOFT,1,0,0,0,0,TREND_REVERSAL_UNCONFIRMED,1,0.45,LONG,1,0,0,0
NEARUSDT,1772697600000,2026-03-05T08:00:00.000Z,NEUTRAL,NONE,0,7.875,IGNORE,0,WATCH,,0,0,0,NA,NA,NA,NA,NA,CLEAR,1,0,0,0,0,TREND_REVERSAL_UNCONFIRMED,0,0.45,NONE,1,0,0,0
NEARUSDT,1772701200000,2026-03-05T09:00:00.000Z,BEAR,LONG,0,7.875,IGNORE,0,WATCH,,0,0,0,NA,NA,NA,NA,NA,WARNING_SOFT,1,0,0,0,0,TREND_REVERSAL_UNCONFIRMED,0,0.45,LONG,1,0,0,0
NEARUSDT,1772704800000,2026-03-05T10:00:00.000Z,BEAR,LONG,0,7.875,IGNORE,0,WATCH,,0,0,0,NA,NA,NA,NA,NA,WARNING_SOFT,1,0,0,0,0,TREND_REVERSAL_UNCONFIRMED,0,0.45,LONG,1,0,0,0
NEARUSDT,1772708400000,2026-03-05T11:00:00.000Z,BEAR,LONG,0,7.875,IGNORE,0,WATCH,,0,0,0,NA,NA,NA,NA,NA,WARNING_SOFT,1,0,0,0,0,TREND_REVERSAL_UNCONFIRMED,0,0.45,LONG,1,0,0,0
NEARUSDT,1772712000000,2026-03-05T12:00:00.000Z,BEAR,LONG,0,7.875,IGNORE,0,WATCH,,0,0,0,NA,NA,NA,NA,NA,WARNING_SOFT,1,0,0,0,0,TREND_REVERSAL_UNCONFIRMED,0,0.45,LONG,1,0,0,0
NEARUSDT,1772715600000,2026-03-05T13:00:00.000Z,BEAR,LONG,0,7.875,IGNORE,0,WATCH,,0,0,0,NA,NA,NA,NA,NA,WARNING_SOFT,1,0,0,0,0,TREND_REVERSAL_UNCONFIRMED,0,0.45,LONG,1,0,0,0
NEARUSDT,1772719200000,2026-03-05T14:00:00.000Z,BEAR,LONG,17.5,12.909375,IGNORE,0,WATCH,,0,0,0,NA,NA,NA,NA,NA,WARNING_SOFT,1,0,0,0,0,TREND_REVERSAL_UNCONFIRMED,1,0.45,LONG,1,0,0,0
NEARUSDT,1772722800000,2026-03-05T15:00:00.000Z,BEAR,LONG,35.3244952292211,17.96930399930116,IGNORE,0,WATCH,,0,0,0,NA,NA,NA,NA,NA,CLEAR,1,0,0,0,0,TREND_REVERSAL_UNCONFIRMED,2,0.45,LONG,1,0,0,0
NEARUSDT,1772726400000,2026-03-05T16:00:00.000Z,BEAR,LONG,39.40478331991405,18.290626686443233,IGNORE,0,WATCH,,0,0,0,NA,NA,NA,NA,NA,CLEAR,1,0,0,0,0,TREND_REVERSAL_UNCONFIRMED,2,0.45,LONG,1,0,0,0
NEARUSDT,1772730000000,2026-03-05T17:00:00.000Z,BEAR,LONG,17.5,12.909375,IGNORE,0,WATCH,,0,0,0,NA,NA,NA,NA,NA,CLEAR,1,0,0,0,0,TREND_REVERSAL_UNCONFIRMED,1,0.45,LONG,1,0,0,0
NEARUSDT,1772733600000,2026-03-05T18:00:00.000Z,BEAR,LONG,17.5,12.909375,IGNORE,0,WATCH,,0,0,0,NA,NA,NA,NA,NA,CLEAR,1,0,0,0,0,TREND_REVERSAL_UNCONFIRMED,1,0.45,LONG,1,0,0,0
NEARUSDT,1772737200000,2026-03-05T19:00:00.000Z,BEAR,LONG,17.5,12.909375,IGNORE,0,WATCH,,0,0,0,NA,NA,NA,NA,NA,CLEAR,1,0,0,0,0,TREND_REVERSAL_UNCONFIRMED,1,0.45,LONG,1,0,0,0
NEARUSDT,1772740800000,2026-03-05T20:00:00.000Z,BEAR,LONG,0,7.875,IGNORE,0,WATCH,,0,0,0,NA,NA,NA,NA,NA,CLEAR,1,0,0,0,0,TREND_REVERSAL_UNCONFIRMED,0,0.45,LONG,1,0,0,0
NEARUSDT,1772744400000,2026-03-05T21:00:00.000Z,BEAR,LONG,0,7.875,IGNORE,0,WATCH,,0,0,0,NA,NA,NA,NA,NA,WARNING_SOFT,1,0,0,0,0,TREND_REVERSAL_UNCONFIRMED,0,0.45,LONG,1,0,0,0
NEARUSDT,1772748000000,2026-03-05T22:00:00.000Z,BEAR,LONG,0,7.875,IGNORE,0,WATCH,,0,0,0,NA,NA,NA,NA,NA,WARNING_SOFT,1,0,0,0,0,TREND_REVERSAL_UNCONFIRMED,0,0.45,LONG,1,0,0,0
NEARUSDT,1772751600000,2026-03-05T23:00:00.000Z,BEAR,LONG,0,7.875,IGNORE,0,WATCH,,0,0,0,NA,NA,NA,NA,NA,WARNING_SOFT,1,0,0,0,0,TREND_REVERSAL_UNCONFIRMED,0,0.45,LONG,1,0,0,0
NEARUSDT,1772755200000,2026-03-06T00:00:00.000Z,BEAR,LONG,0,7.875,IGNORE,0,WATCH,,0,0,0,NA,NA,NA,NA,NA,CLEAR,1,0,0,0,0,TREND_REVERSAL_UNCONFIRMED,0,0.45,LONG,1,0,0,0
NEARUSDT,1772758800000,2026-03-06T01:00:00.000Z,NEUTRAL,NONE,0,7.875,IGNORE,0,WATCH,,0,0,0,NA,NA,NA,NA,NA,WARNING_SOFT,1,1,0,0,0,TREND_REVERSAL_UNCONFIRMED,0,0.45,NONE,1,0,0,0
NEARUSDT,1772762400000,2026-03-06T02:00:00.000Z,BEAR,LONG,14.456683096482305,12.669713793847983,IGNORE,0,WATCH,,0,0,0,NA,NA,NA,NA,NA,CLEAR,1,0,0,0,0,TREND_REVERSAL_UNCONFIRMED,1,0.45,LONG,1,0,0,0
NEARUSDT,1772766000000,2026-03-06T03:00:00.000Z,BEAR,LONG,0,7.875,IGNORE,0,WATCH,,0,0,0,NA,NA,NA,NA,NA,WARNING_SOFT,1,0,0,0,0,TREND_REVERSAL_UNCONFIRMED,0,0.45,LONG,1,0,0,0
NEARUSDT,1772769600000,2026-03-06T04:00:00.000Z,BEAR,LONG,17.5,12.909375,IGNORE,0,WATCH,,0,0,0,NA,NA,NA,NA,NA,WARNING_SOFT,1,0,0,0,0,TREND_REVERSAL_UNCONFIRMED,1,0.45,LONG,1,0,0,0
NEARUSDT,1772773200000,2026-03-06T05:00:00.000Z,BEAR,LONG,17.5,12.909375,IGNORE,0,WATCH,,0,0,0,NA,NA,NA,NA,NA,CLEAR,1,0,0,0,0,TREND_REVERSAL_UNCONFIRMED,1,0.45,LONG,1,0,0,0
NEARUSDT,1772776800000,2026-03-06T06:00:00.000Z,BEAR,LONG,17.5,12.909375,IGNORE,0,WATCH,,0,0,0,NA,NA,NA,NA,NA,CLEAR,1,0,0,0,0,TREND_REVERSAL_UNCONFIRMED,1,0.45,LONG,1,0,0,0
NEARUSDT,1772780400000,2026-03-06T07:00:00.000Z,BEAR,LONG,17.5,12.909375,IGNORE,0,WATCH,,0,0,0,NA,NA,NA,NA,NA,CLEAR,1,0,0,0,0,TREND_REVERSAL_UNCONFIRMED,1,0.45,LONG,1,0,0,0
NEARUSDT,1772784000000,2026-03-06T08:00:00.000Z,BEAR,LONG,42.5,18.534375,IGNORE,0,WATCH,,0,0,0,NA,NA,NA,NA,NA,CLEAR,1,0,0,0,0,TREND_REVERSAL_UNCONFIRMED,2,0.45,LONG,1,0,0,0
NEARUSDT,1772787600000,2026-03-06T09:00:00.000Z,BEAR,LONG,0,7.875,IGNORE,0,WATCH,,0,0,0,NA,NA,NA,NA,NA,CLEAR,1,0,0,0,0,TREND_REVERSAL_UNCONFIRMED,0,0.45,LONG,1,0,0,0
NEARUSDT,1772791200000,2026-03-06T10:00:00.000Z,BEAR,LONG,0,7.875,IGNORE,0,WATCH,,0,0,0,NA,NA,NA,NA,NA,CLEAR,1,0,0,0,0,TREND_REVERSAL_UNCONFIRMED,0,0.45,LONG,1,0,0,0
NEARUSDT,1772794800000,2026-03-06T11:00:00.000Z,BEAR,LONG,0,7.875,IGNORE,0,WATCH,,0,0,0,NA,NA,NA,NA,NA,CLEAR,1,0,0,0,0,TREND_REVERSAL_UNCONFIRMED,0,0.45,LONG,1,0,0,0
NEARUSDT,1772798400000,2026-03-06T12:00:00.000Z,BEAR,LONG,0,7.875,IGNORE,0,WATCH,,0,0,0,NA,NA,NA,NA,NA,CLEAR,1,0,0,0,0,TREND_REVERSAL_UNCONFIRMED,0,0.45,LONG,1,0,0,0
NEARUSDT,1772802000000,2026-03-06T13:00:00.000Z,BEAR,LONG,25,13.5,IGNORE,0,WATCH,,0,0,0,NA,NA,NA,NA,NA,CLEAR,1,0,0,0,0,TREND_REVERSAL_UNCONFIRMED,1,0.45,LONG,1,0,0,0
NEARUSDT,1772805600000,2026-03-06T14:00:00.000Z,BEAR,LONG,25,13.5,IGNORE,0,WATCH,,0,0,0,NA,NA,NA,NA,NA,CLEAR,1,0,0,0,0,TREND_REVERSAL_UNCONFIRMED,1,0.45,LONG,1,0,0,0
NEARUSDT,1772809200000,2026-03-06T15:00:00.000Z,BEAR,LONG,0,7.875,IGNORE,0,WATCH,,0,0,0,NA,NA,NA,NA,NA,CLEAR,1,0,0,0,0,TREND_REVERSAL_UNCONFIRMED,0,0.45,LONG,1,0,0,0
NEARUSDT,1772812800000,2026-03-06T16:00:00.000Z,BEAR,LONG,25,13.5,IGNORE,0,WATCH,,0,0,0,NA,NA,NA,NA,NA,CLEAR,1,0,0,0,0,TREND_REVERSAL_UNCONFIRMED,1,0.45,LONG,1,0,0,0
NEARUSDT,1772816400000,2026-03-06T17:00:00.000Z,BEAR,LONG,28.086232182657298,17.399290784384263,IGNORE,0,WATCH,,0,0,0,NA,NA,NA,NA,NA,CLEAR,1,0,0,0,0,TREND_REVERSAL_UNCONFIRMED,2,0.45,LONG,1,0,0,0
NEARUSDT,1772820000000,2026-03-06T18:00:00.000Z,BEAR,LONG,12.98824715010692,12.55407446307092,IGNORE,0,WATCH,,0,0,0,NA,NA,NA,NA,NA,CLEAR,1,0,0,0,0,TREND_REVERSAL_UNCONFIRMED,1,0.45,LONG,1,0,0,0
NEARUSDT,1772823600000,2026-03-06T19:00:00.000Z,BEAR,LONG,0,7.875,IGNORE,0,WATCH,,0,0,0,NA,NA,NA,NA,NA,CLEAR,1,0,0,0,0,TREND_REVERSAL_UNCONFIRMED,0,0.45,LONG,1,0,0,0
NEARUSDT,1772827200000,2026-03-06T20:00:00.000Z,BEAR,LONG,0,7.875,IGNORE,0,WATCH,,0,0,0,NA,NA,NA,NA,NA,CLEAR,1,0,0,0,0,TREND_REVERSAL_UNCONFIRMED,0,0.45,LONG,1,0,0,0
NEARUSDT,1772830800000,2026-03-06T21:00:00.000Z,BEAR,LONG,0,7.875,IGNORE,0,WATCH,,0,0,0,NA,NA,NA,NA,NA,CLEAR,1,0,0,0,0,TREND_REVERSAL_UNCONFIRMED,0,0.45,LONG,1,0,0,0
NEARUSDT,1772834400000,2026-03-06T22:00:00.000Z,BEAR,LONG,0,7.875,IGNORE,0,WATCH,,0,0,0,NA,NA,NA,NA,NA,WARNING_SOFT,1,0,0,0,0,TREND_REVERSAL_UNCONFIRMED,0,0.45,LONG,1,0,0,0
NEARUSDT,1772838000000,2026-03-06T23:00:00.000Z,BEAR,LONG,0,7.875,IGNORE,0,WATCH,,0,0,0,NA,NA,NA,NA,NA,CLEAR,1,0,0,0,0,TREND_REVERSAL_UNCONFIRMED,0,0.45,LONG,1,0,0,0
NEARUSDT,1772841600000,2026-03-07T00:00:00.000Z,BEAR,LONG,0,7.875,IGNORE,0,WATCH,,0,0,0,NA,NA,NA,NA,NA,CLEAR,1,0,0,0,0,TREND_REVERSAL_UNCONFIRMED,0,0.45,LONG,1,0,0,0
NEARUSDT,1772845200000,2026-03-07T01:00:00.000Z,BEAR,LONG,0,7.875,IGNORE,0,WATCH,,0,0,0,NA,NA,NA,NA,NA,CLEAR,1,0,0,0,0,TREND_REVERSAL_UNCONFIRMED,0,0.45,LONG,1,0,0,0
NEARUSDT,1772848800000,2026-03-07T02:00:00.000Z,BEAR,LONG,17.5,12.909375,IGNORE,0,WATCH,,0,0,0,NA,NA,NA,NA,NA,CLEAR,1,0,0,0,0,TREND_REVERSAL_UNCONFIRMED,1,0.45,LONG,1,0,0,0
NEARUSDT,1772852400000,2026-03-07T03:00:00.000Z,BEAR,LONG,17.5,12.909375,IGNORE,0,WATCH,,0,0,0,NA,NA,NA,NA,NA,WARNING_SOFT,1,0,0,0,0,TREND_REVERSAL_UNCONFIRMED,1,0.45,LONG,1,0,0,0
NEARUSDT,1772856000000,2026-03-07T04:00:00.000Z,BEAR,LONG,17.5,12.909375,IGNORE,0,WATCH,,0,0,0,NA,NA,NA,NA,NA,CLEAR,1,0,0,0,0,TREND_REVERSAL_UNCONFIRMED,1,0.45,LONG,1,0,0,0
NEARUSDT,1772859600000,2026-03-07T05:00:00.000Z,BEAR,LONG,17.5,12.909375,IGNORE,0,WATCH,,0,0,0,NA,NA,NA,NA,NA,CLEAR,1,0,0,0,0,TREND_REVERSAL_UNCONFIRMED,1,0.45,LONG,1,0,0,0
NEARUSDT,1772863200000,2026-03-07T06:00:00.000Z,BEAR,LONG,17.5,12.909375,IGNORE,0,WATCH,,0,0,0,NA,NA,NA,NA,NA,CLEAR,1,0,0,0,0,TREND_REVERSAL_UNCONFIRMED,1,0.45,LONG,1,0,0,0
NEARUSDT,1772866800000,2026-03-07T07:00:00.000Z,BEAR,LONG,42.5,18.534375,IGNORE,0,WATCH,,0,0,0,NA,NA,NA,NA,NA,CLEAR,1,0,0,0,0,TREND_REVERSAL_UNCONFIRMED,2,0.45,LONG,1,0,0,0
NEARUSDT,1772870400000,2026-03-07T08:00:00.000Z,BEAR,LONG,17.5,12.909375,IGNORE,0,WATCH,,0,0,0,NA,NA,NA,NA,NA,CLEAR,1,0,0,0,0,TREND_REVERSAL_UNCONFIRMED,1,0.45,LONG,1,0,0,0
NEARUSDT,1772874000000,2026-03-07T09:00:00.000Z,BEAR,LONG,17.5,12.909375,IGNORE,0,WATCH,,0,0,0,NA,NA,NA,NA,NA,CLEAR,1,0,0,0,0,TREND_REVERSAL_UNCONFIRMED,1,0.45,LONG,1,0,0,0
NEARUSDT,1772877600000,2026-03-07T10:00:00.000Z,BEAR,LONG,0,7.875,IGNORE,0,WATCH,,0,0,0,NA,NA,NA,NA,NA,CLEAR,1,0,0,0,0,TREND_REVERSAL_UNCONFIRMED,0,0.45,LONG,1,0,0,0
NEARUSDT,1772881200000,2026-03-07T11:00:00.000Z,BEAR,LONG,0,7.875,IGNORE,0,WATCH,,0,0,0,NA,NA,NA,NA,NA,WARNING_SOFT,1,0,0,0,0,TREND_REVERSAL_UNCONFIRMED,0,0.45,LONG,1,0,0,0
NEARUSDT,1772884800000,2026-03-07T12:00:00.000Z,BEAR,LONG,0,7.875,IGNORE,0,WATCH,,0,0,0,NA,NA,NA,NA,NA,BLOCK,0,0,0,0,0,TREND_REVERSAL_UNCONFIRMED,0,0.45,LONG,1,0,0,0
NEARUSDT,1772888400000,2026-03-07T13:00:00.000Z,BEAR,LONG,0,7.875,IGNORE,0,WATCH,,0,0,0,NA,NA,NA,NA,NA,BLOCK,0,0,0,0,0,TREND_REVERSAL_UNCONFIRMED,0,0.45,LONG,1,0,0,0
NEARUSDT,1772892000000,2026-03-07T14:00:00.000Z,BEAR,LONG,17.754926778352417,12.929450483795254,IGNORE,0,WATCH,,0,0,0,NA,NA,NA,NA,NA,WARNING_SOFT,1,0,0,0,0,TREND_REVERSAL_UNCONFIRMED,1,0.45,LONG,1,0,0,0
NEARUSDT,1772895600000,2026-03-07T15:00:00.000Z,BEAR,LONG,19.6615859382584,13.07959989263785,IGNORE,0,WATCH,,0,0,0,NA,NA,NA,NA,NA,BLOCK,0,0,0,0,0,TREND_REVERSAL_UNCONFIRMED,1,0.45,LONG,1,0,0,0
NEARUSDT,1772899200000,2026-03-07T16:00:00.000Z,BEAR,LONG,0,7.875,IGNORE,0,WATCH,,0,0,0,NA,NA,NA,NA,NA,CLEAR,1,0,0,0,0,TREND_REVERSAL_UNCONFIRMED,0,0.45,LONG,1,0,0,0
NEARUSDT,1772902800000,2026-03-07T17:00:00.000Z,NEUTRAL,NONE,0,7.875,IGNORE,0,WATCH,,0,0,0,NA,NA,NA,NA,NA,WARNING_SOFT,1,0,0,0,0,TREND_REVERSAL_UNCONFIRMED,0,0.45,NONE,1,0,0,0
NEARUSDT,1772906400000,2026-03-07T18:00:00.000Z,BEAR,LONG,33.7225199118402,17.843148443057416,IGNORE,0,WATCH,,0,0,0,NA,NA,NA,NA,NA,WARNING_SOFT,1,0,0,0,0,TREND_REVERSAL_UNCONFIRMED,2,0.45,LONG,1,0,0,0
NEARUSDT,1772910000000,2026-03-07T19:00:00.000Z,BEAR,LONG,37.47929954882541,18.13899483947,IGNORE,0,WATCH,,0,0,0,NA,NA,NA,NA,NA,CLEAR,1,0,0,0,0,TREND_REVERSAL_UNCONFIRMED,2,0.45,LONG,1,0,0,0
NEARUSDT,1772913600000,2026-03-07T20:00:00.000Z,BEAR,LONG,42.5,18.534375,IGNORE,0,WATCH,,0,0,0,NA,NA,NA,NA,NA,CLEAR,1,0,0,0,0,TREND_REVERSAL_UNCONFIRMED,2,0.45,LONG,1,0,0,0
NEARUSDT,1772917200000,2026-03-07T21:00:00.000Z,BEAR,LONG,17.5,12.909375,IGNORE,0,WATCH,,0,0,0,NA,NA,NA,NA,NA,CLEAR,1,0,0,0,0,TREND_REVERSAL_UNCONFIRMED,1,0.45,LONG,1,0,0,0
NEARUSDT,1772920800000,2026-03-07T22:00:00.000Z,BEAR,LONG,0,7.875,IGNORE,0,WATCH,,0,0,0,NA,NA,NA,NA,NA,CLEAR,1,0,0,0,0,TREND_REVERSAL_UNCONFIRMED,0,0.45,LONG,1,0,0,0
NEARUSDT,1772924400000,2026-03-07T23:00:00.000Z,BEAR,LONG,0,7.875,IGNORE,0,WATCH,,0,0,0,NA,NA,NA,NA,NA,CLEAR,1,0,0,0,0,TREND_REVERSAL_UNCONFIRMED,0,0.45,LONG,1,0,0,0
NEARUSDT,1772928000000,2026-03-08T00:00:00.000Z,BEAR,LONG,25,13.5,IGNORE,0,WATCH,,0,0,0,NA,NA,NA,NA,NA,CLEAR,1,0,0,0,0,TREND_REVERSAL_UNCONFIRMED,1,0.45,LONG,1,0,0,0
NEARUSDT,1772931600000,2026-03-08T01:00:00.000Z,BEAR,LONG,0,7.875,IGNORE,0,WATCH,,0,0,0,NA,NA,NA,NA,NA,CLEAR,1,0,0,0,0,TREND_REVERSAL_UNCONFIRMED,0,0.45,LONG,1,0,0,0
NEARUSDT,1772935200000,2026-03-08T02:00:00.000Z,BEAR,LONG,0,7.875,IGNORE,0,WATCH,,0,0,0,NA,NA,NA,NA,NA,CLEAR,1,0,0,0,0,TREND_REVERSAL_UNCONFIRMED,0,0.45,LONG,1,0,0,0
NEARUSDT,1772938800000,2026-03-08T03:00:00.000Z,BEAR,LONG,25,13.5,IGNORE,0,WATCH,,0,0,0,NA,NA,NA,NA,NA,CLEAR,1,0,0,0,0,TREND_REVERSAL_UNCONFIRMED,1,0.45,LONG,1,0,0,0
NEARUSDT,1772942400000,2026-03-08T04:00:00.000Z,BEAR,LONG,0,7.875,IGNORE,0,WATCH,,0,0,0,NA,NA,NA,NA,NA,CLEAR,1,0,0,0,0,TREND_REVERSAL_UNCONFIRMED,0,0.45,LONG,1,0,0,0
NEARUSDT,1772946000000,2026-03-08T05:00:00.000Z,BEAR,LONG,0,7.875,IGNORE,0,WATCH,,0,0,0,NA,NA,NA,NA,NA,CLEAR,1,0,0,0,0,TREND_REVERSAL_UNCONFIRMED,0,0.45,LONG,1,0,0,0
NEARUSDT,1772949600000,2026-03-08T06:00:00.000Z,BEAR,LONG,21.969562632481107,13.261353057307886,IGNORE,0,WATCH,,0,0,0,NA,NA,NA,NA,NA,CLEAR,1,0,1,0,0,TREND_REVERSAL_UNCONFIRMED,1,0.45,LONG,1,0,0,0
NEARUSDT,1772953200000,2026-03-08T07:00:00.000Z,BEAR,LONG,0,7.875,IGNORE,0,WATCH,,0,0,0,NA,NA,NA,NA,NA,CLEAR,1,0,0,0,0,TREND_REVERSAL_UNCONFIRMED,0,0.45,LONG,1,0,0,0
NEARUSDT,1772956800000,2026-03-08T08:00:00.000Z,NEUTRAL,NONE,0,7.875,IGNORE,0,WATCH,,0,0,0,NA,NA,NA,NA,NA,BLOCK,0,0,0,0,0,TREND_REVERSAL_UNCONFIRMED,0,0.45,NONE,1,0,0,0
NEARUSDT,1772960400000,2026-03-08T09:00:00.000Z,NEUTRAL,NONE,0,7.875,IGNORE,0,WATCH,,0,0,0,NA,NA,NA,NA,NA,CLEAR,1,0,0,0,0,TREND_REVERSAL_UNCONFIRMED,0,0.45,NONE,1,0,0,0
NEARUSDT,1772964000000,2026-03-08T10:00:00.000Z,NEUTRAL,NONE,0,7.875,IGNORE,0,WATCH,,0,0,0,NA,NA,NA,NA,NA,CLEAR,1,1,0,0,0,TREND_REVERSAL_UNCONFIRMED,0,0.45,NONE,1,0,0,0
NEARUSDT,1772967600000,2026-03-08T11:00:00.000Z,NEUTRAL,NONE,0,7.875,IGNORE,0,WATCH,,0,0,0,NA,NA,NA,NA,NA,CLEAR,1,0,0,0,0,TREND_REVERSAL_UNCONFIRMED,0,0.45,NONE,1,0,0,0
NEARUSDT,1772971200000,2026-03-08T12:00:00.000Z,NEUTRAL,NONE,0,7.875,IGNORE,0,WATCH,,0,0,0,NA,NA,NA,NA,NA,WARNING_HARD,1,0,0,0,0,TREND_REVERSAL_UNCONFIRMED,0,0.45,NONE,1,0,0,0
NEARUSDT,1772974800000,2026-03-08T13:00:00.000Z,NEUTRAL,NONE,0,7.875,IGNORE,0,WATCH,,0,0,0,NA,NA,NA,NA,NA,WARNING_HARD,1,0,0,0,0,TREND_REVERSAL_UNCONFIRMED,0,0.45,NONE,1,0,0,0
NEARUSDT,1772978400000,2026-03-08T14:00:00.000Z,NEUTRAL,NONE,0,7.875,IGNORE,0,WATCH,,0,0,0,NA,NA,NA,NA,NA,WARNING_SOFT,1,0,0,0,0,TREND_REVERSAL_UNCONFIRMED,0,0.45,NONE,1,0,0,0
NEARUSDT,1772982000000,2026-03-08T15:00:00.000Z,BEAR,LONG,16.581944393062024,12.837078120953635,IGNORE,0,WATCH,,0,0,0,NA,NA,NA,NA,NA,CLEAR,1,0,0,0,0,TREND_REVERSAL_UNCONFIRMED,1,0.45,LONG,1,0,0,0
NEARUSDT,1772985600000,2026-03-08T16:00:00.000Z,BEAR,LONG,0,7.875,IGNORE,0,WATCH,,0,0,0,NA,NA,NA,NA,NA,CLEAR,1,0,0,0,0,TREND_REVERSAL_UNCONFIRMED,0,0.45,LONG,1,0,0,0
NEARUSDT,1772989200000,2026-03-08T17:00:00.000Z,NEUTRAL,NONE,0,7.875,IGNORE,0,WATCH,,0,0,0,NA,NA,NA,NA,NA,WARNING_SOFT,1,0,0,0,0,TREND_REVERSAL_UNCONFIRMED,0,0.45,NONE,1,0,0,0
NEARUSDT,1772992800000,2026-03-08T18:00:00.000Z,BEAR,LONG,0,7.875,IGNORE,0,WATCH,,0,0,0,NA,NA,NA,NA,NA,CLEAR,1,0,0,0,0,TREND_REVERSAL_UNCONFIRMED,0,0.45,LONG,1,0,0,0
NEARUSDT,1772996400000,2026-03-08T19:00:00.000Z,NEUTRAL,NONE,0,7.875,IGNORE,0,WATCH,,0,0,0,NA,NA,NA,NA,NA,CLEAR,1,0,0,0,0,TREND_REVERSAL_UNCONFIRMED,0,0.45,NONE,1,0,0,0
NEARUSDT,1773000000000,2026-03-08T20:00:00.000Z,NEUTRAL,NONE,0,7.875,IGNORE,0,WATCH,,0,0,0,NA,NA,NA,NA,NA,WARNING_SOFT,1,0,0,0,0,TREND_REVERSAL_UNCONFIRMED,0,0.45,NONE,1,0,0,0
NEARUSDT,1773003600000,2026-03-08T21:00:00.000Z,BEAR,LONG,17.5,12.909375,IGNORE,0,WATCH,,0,0,0,NA,NA,NA,NA,NA,WARNING_SOFT,1,0,0,0,0,TREND_REVERSAL_UNCONFIRMED,1,0.45,LONG,1,0,0,0
NEARUSDT,1773007200000,2026-03-08T22:00:00.000Z,BEAR,LONG,42.5,18.534375,IGNORE,0,WATCH,,0,0,0,NA,NA,NA,NA,NA,CLEAR,1,0,1,0,0,TREND_REVERSAL_UNCONFIRMED,2,0.45,LONG,1,0,0,0
NEARUSDT,1773010800000,2026-03-08T23:00:00.000Z,BEAR,LONG,17.5,12.909375,IGNORE,0,WATCH,,0,0,0,NA,NA,NA,NA,NA,CLEAR,1,0,0,0,0,TREND_REVERSAL_UNCONFIRMED,1,0.45,LONG,1,0,0,0
NEARUSDT,1773014400000,2026-03-09T00:00:00.000Z,BEAR,LONG,42.5,18.534375,IGNORE,0,WATCH,,0,0,0,NA,NA,NA,NA,NA,CLEAR,1,0,0,0,0,TREND_REVERSAL_UNCONFIRMED,2,0.45,LONG,1,0,0,0
NEARUSDT,1773018000000,2026-03-09T01:00:00.000Z,NEUTRAL,NONE,0,7.875,IGNORE,0,WATCH,,0,0,0,NA,NA,NA,NA,NA,WARNING_SOFT,1,0,0,0,0,TREND_REVERSAL_UNCONFIRMED,0,0.45,NONE,1,0,0,0
NEARUSDT,1773021600000,2026-03-09T02:00:00.000Z,NEUTRAL,NONE,0,7.875,IGNORE,0,WATCH,,0,0,0,NA,NA,NA,NA,NA,BLOCK,0,0,0,0,0,TREND_REVERSAL_UNCONFIRMED,0,0.45,NONE,1,0,0,0
NEARUSDT,1773025200000,2026-03-09T03:00:00.000Z,NEUTRAL,NONE,0,7.875,IGNORE,0,WATCH,,0,0,0,NA,NA,NA,NA,NA,CLEAR,1,1,0,0,0,TREND_REVERSAL_UNCONFIRMED,0,0.45,NONE,1,0,0,0
NEARUSDT,1773028800000,2026-03-09T04:00:00.000Z,NEUTRAL,NONE,0,7.875,IGNORE,0,WATCH,,0,0,0,NA,NA,NA,NA,NA,CLEAR,1,0,0,0,0,TREND_REVERSAL_UNCONFIRMED,0,0.45,NONE,1,0,0,0
NEARUSDT,1773032400000,2026-03-09T05:00:00.000Z,NEUTRAL,NONE,0,7.875,IGNORE,0,WATCH,,0,0,0,NA,NA,NA,NA,NA,CLEAR,1,0,0,0,0,TREND_REVERSAL_UNCONFIRMED,0,0.45,NONE,1,0,0,0
NEARUSDT,1773036000000,2026-03-09T06:00:00.000Z,NEUTRAL,NONE,0,7.875,IGNORE,0,WATCH,,0,0,0,NA,NA,NA,NA,NA,CLEAR,1,0,0,0,0,TREND_REVERSAL_UNCONFIRMED,0,0.45,NONE,1,0,0,0
NEARUSDT,1773039600000,2026-03-09T07:00:00.000Z,NEUTRAL,NONE,0,7.875,IGNORE,0,WATCH,,0,0,0,NA,NA,NA,NA,NA,WARNING_SOFT,1,0,0,0,0,TREND_REVERSAL_UNCONFIRMED,0,0.45,NONE,1,0,0,0
NEARUSDT,1773043200000,2026-03-09T08:00:00.000Z,NEUTRAL,NONE,0,7.875,IGNORE,0,WATCH,,0,0,0,NA,NA,NA,NA,NA,CLEAR,1,0,0,0,0,TREND_REVERSAL_UNCONFIRMED,0,0.45,NONE,1,0,0,0
NEARUSDT,1773046800000,2026-03-09T09:00:00.000Z,BULL,SHORT,12.811532035799068,12.540158147819177,IGNORE,0,WATCH,,0,0,0,NA,NA,NA,NA,NA,CLEAR,1,0,0,0,0,TREND_REVERSAL_UNCONFIRMED,1,0.45,SHORT,1,0,0,0
NEARUSDT,1773050400000,2026-03-09T10:00:00.000Z,BULL,SHORT,0,7.875,IGNORE,0,WATCH,,0,0,0,NA,NA,NA,NA,NA,CLEAR,1,0,0,0,0,TREND_REVERSAL_UNCONFIRMED,0,0.45,SHORT,1,0,0,0
NEARUSDT,1773054000000,2026-03-09T11:00:00.000Z,NEUTRAL,NONE,0,7.875,IGNORE,0,WATCH,,0,0,0,NA,NA,NA,NA,NA,WARNING_SOFT,1,0,0,0,0,TREND_REVERSAL_UNCONFIRMED,0,0.45,NONE,1,0,0,0
NEARUSDT,1773057600000,2026-03-09T12:00:00.000Z,BULL,SHORT,17.5,12.909375,IGNORE,0,WATCH,,0,0,0,NA,NA,NA,NA,NA,WARNING_SOFT,1,0,0,0,0,TREND_REVERSAL_UNCONFIRMED,1,0.45,SHORT,1,0,0,0
NEARUSDT,1773061200000,2026-03-09T13:00:00.000Z,BULL,SHORT,39.15654785161114,18.271078143314377,IGNORE,0,WATCH,,0,0,0,NA,NA,NA,NA,NA,CLEAR,1,1,0,0,0,TREND_REVERSAL_UNCONFIRMED,2,0.45,SHORT,1,0,0,0
NEARUSDT,1773064800000,2026-03-09T14:00:00.000Z,BULL,SHORT,42.5,18.534375,IGNORE,0,WATCH,,0,0,0,NA,NA,NA,NA,NA,CLEAR,1,0,0,0,0,TREND_REVERSAL_UNCONFIRMED,2,0.45,SHORT,1,0,0,0
NEARUSDT,1773068400000,2026-03-09T15:00:00.000Z,BULL,SHORT,17.5,12.909375,IGNORE,0,WATCH,,0,0,0,NA,NA,NA,NA,NA,CLEAR,1,0,0,0,0,TREND_REVERSAL_UNCONFIRMED,1,0.45,SHORT,1,0,0,0
NEARUSDT,1773072000000,2026-03-09T16:00:00.000Z,NEUTRAL,NONE,0,7.875,IGNORE,0,WATCH,,0,0,0,NA,NA,NA,NA,NA,WARNING_SOFT,1,0,0,0,0,TREND_REVERSAL_UNCONFIRMED,0,0.45,NONE,1,0,0,0
NEARUSDT,1773075600000,2026-03-09T17:00:00.000Z,BULL,SHORT,0,7.875,IGNORE,0,WATCH,,0,0,0,NA,NA,NA,NA,NA,WARNING_SOFT,1,0,0,0,0,TREND_REVERSAL_UNCONFIRMED,0,0.45,SHORT,1,0,0,0
NEARUSDT,1773079200000,2026-03-09T18:00:00.000Z,BULL,SHORT,0,7.875,IGNORE,0,WATCH,,0,0,0,NA,NA,NA,NA,NA,CLEAR,1,0,0,0,0,TREND_REVERSAL_UNCONFIRMED,0,0.45,SHORT,1,0,0,0
NEARUSDT,1773082800000,2026-03-09T19:00:00.000Z,BULL,SHORT,39.720975928272466,18.315526854351457,IGNORE,0,WATCH,,0,0,0,NA,NA,NA,NA,NA,CLEAR,1,0,0,0,0,TREND_REVERSAL_UNCONFIRMED,2,0.45,SHORT,1,0,0,0
NEARUSDT,1773086400000,2026-03-09T20:00:00.000Z,BULL,SHORT,0,7.875,IGNORE,0,WATCH,,0,0,0,NA,NA,NA,NA,NA,CLEAR,1,0,0,0,0,TREND_REVERSAL_UNCONFIRMED,0,0.45,SHORT,1,0,0,0
NEARUSDT,1773090000000,2026-03-09T21:00:00.000Z,BULL,SHORT,0,7.875,IGNORE,0,WATCH,,0,0,0,NA,NA,NA,NA,NA,WARNING_SOFT,1,0,0,0,0,TREND_REVERSAL_UNCONFIRMED,0,0.45,SHORT,1,0,0,0
NEARUSDT,1773093600000,2026-03-09T22:00:00.000Z,NEUTRAL,NONE,0,7.875,IGNORE,0,WATCH,,0,0,0,NA,NA,NA,NA,NA,BLOCK,0,0,0,0,0,TREND_REVERSAL_UNCONFIRMED,0,0.45,NONE,1,0,0,0
NEARUSDT,1773097200000,2026-03-09T23:00:00.000Z,NEUTRAL,NONE,0,7.875,IGNORE,0,WATCH,,0,0,0,NA,NA,NA,NA,NA,WARNING_SOFT,1,0,0,0,0,TREND_REVERSAL_UNCONFIRMED,0,0.45,NONE,1,0,0,0
NEARUSDT,1773100800000,2026-03-10T00:00:00.000Z,NEUTRAL,NONE,0,7.875,IGNORE,0,WATCH,,0,0,0,NA,NA,NA,NA,NA,WARNING_SOFT,1,0,0,0,0,TREND_REVERSAL_UNCONFIRMED,0,0.45,NONE,1,0,0,0
NEARUSDT,1773104400000,2026-03-10T01:00:00.000Z,NEUTRAL,NONE,0,7.875,IGNORE,0,WATCH,,0,0,0,NA,NA,NA,NA,NA,WARNING_SOFT,1,0,0,0,0,TREND_REVERSAL_UNCONFIRMED,0,0.45,NONE,1,0,0,0
NEARUSDT,1773108000000,2026-03-10T02:00:00.000Z,BULL,SHORT,12.96368222656938,12.552139975342339,IGNORE,0,WATCH,,0,0,0,NA,NA,NA,NA,NA,WARNING_SOFT,1,0,0,0,0,TREND_REVERSAL_UNCONFIRMED,1,0.45,SHORT,1,0,0,0
NEARUSDT,1773111600000,2026-03-10T03:00:00.000Z,BULL,SHORT,0,7.875,IGNORE,0,WATCH,,0,0,0,NA,NA,NA,NA,NA,CLEAR,1,0,0,0,0,TREND_REVERSAL_UNCONFIRMED,0,0.45,SHORT,1,0,0,0
NEARUSDT,1773115200000,2026-03-10T04:00:00.000Z,BULL,SHORT,0,7.875,IGNORE,0,WATCH,,0,0,0,NA,NA,NA,NA,NA,CLEAR,1,0,0,0,0,TREND_REVERSAL_UNCONFIRMED,0,0.45,SHORT,1,0,0,0
NEARUSDT,1773118800000,2026-03-10T05:00:00.000Z,BULL,SHORT,0,7.875,IGNORE,0,WATCH,,0,0,0,NA,NA,NA,NA,NA,CLEAR,1,0,0,0,0,TREND_REVERSAL_UNCONFIRMED,0,0.45,SHORT,1,0,0,0
NEARUSDT,1773122400000,2026-03-10T06:00:00.000Z,BULL,SHORT,0,7.875,IGNORE,0,WATCH,,0,0,0,NA,NA,NA,NA,NA,CLEAR,1,0,0,0,0,TREND_REVERSAL_UNCONFIRMED,0,0.45,SHORT,1,0,0,0
NEARUSDT,1773126000000,2026-03-10T07:00:00.000Z,BULL,SHORT,13.308675458456559,12.579308192353453,IGNORE,0,WATCH,,0,0,0,NA,NA,NA,NA,NA,CLEAR,1,0,0,0,0,TREND_REVERSAL_UNCONFIRMED,1,0.45,SHORT,1,0,0,0
NEARUSDT,1773129600000,2026-03-10T08:00:00.000Z,BULL,SHORT,15.537054077590886,12.754793008610282,IGNORE,0,WATCH,,0,0,0,NA,NA,NA,NA,NA,CLEAR,1,0,0,0,0,TREND_REVERSAL_UNCONFIRMED,1,0.45,SHORT,1,0,0,0
NEARUSDT,1773133200000,2026-03-10T09:00:00.000Z,BULL,SHORT,60.645898206224096,52.90994703631494,WATCH,1,WATCH,ACTIVE,1,1,0,PASS,PASS,SKIP,SKIP,FAIL,CLEAR,1,0,0,0,0,MARKET_CONTEXT_DENIED,3,0.84,SHORT,0,1,0,0
NEARUSDT,1773136800000,2026-03-10T10:00:00.000Z,BULL,SHORT,0,7.875,IGNORE,0,WATCH,,0,0,0,NA,NA,NA,NA,NA,CLEAR,1,0,0,0,0,TREND_REVERSAL_UNCONFIRMED,0,0.45,SHORT,1,0,0,0
NEARUSDT,1773140400000,2026-03-10T11:00:00.000Z,BULL,SHORT,0,7.875,IGNORE,0,WATCH,,0,0,0,NA,NA,NA,NA,NA,CLEAR,1,0,0,0,0,TREND_REVERSAL_UNCONFIRMED,0,0.45,SHORT,1,0,0,0
NEARUSDT,1773144000000,2026-03-10T12:00:00.000Z,BULL,SHORT,0,7.875,IGNORE,0,WATCH,,0,0,0,NA,NA,NA,NA,NA,CLEAR,1,0,0,0,0,TREND_REVERSAL_UNCONFIRMED,0,0.45,SHORT,1,0,0,0
NEARUSDT,1773147600000,2026-03-10T13:00:00.000Z,BULL,SHORT,38.016857552726435,18.18132753227721,IGNORE,0,WATCH,,0,0,0,NA,NA,NA,NA,NA,CLEAR,1,0,0,0,0,TREND_REVERSAL_UNCONFIRMED,2,0.45,SHORT,1,0,0,0
NEARUSDT,1773151200000,2026-03-10T14:00:00.000Z,BULL,SHORT,37.84722222222222,18.16796875,IGNORE,0,WATCH,,0,0,0,NA,NA,NA,NA,NA,CLEAR,1,0,0,0,0,TREND_REVERSAL_UNCONFIRMED,2,0.45,SHORT,1,0,0,0
NEARUSDT,1773154800000,2026-03-10T15:00:00.000Z,BULL,SHORT,14.708903508710405,12.689576151310945,IGNORE,0,WATCH,,0,0,0,NA,NA,NA,NA,NA,CLEAR,1,0,0,0,0,TREND_REVERSAL_UNCONFIRMED,1,0.45,SHORT,1,0,0,0
NEARUSDT,1773158400000,2026-03-10T16:00:00.000Z,BULL,SHORT,0,7.875,IGNORE,0,WATCH,,0,0,0,NA,NA,NA,NA,NA,CLEAR,1,0,0,0,0,TREND_REVERSAL_UNCONFIRMED,0,0.45,SHORT,1,0,0,0
NEARUSDT,1773162000000,2026-03-10T17:00:00.000Z,BULL,SHORT,0,7.875,IGNORE,0,WATCH,,0,0,0,NA,NA,NA,NA,NA,CLEAR,1,0,0,0,0,TREND_REVERSAL_UNCONFIRMED,0,0.45,SHORT,1,0,0,0
NEARUSDT,1773165600000,2026-03-10T18:00:00.000Z,NEUTRAL,NONE,0,7.875,IGNORE,0,WATCH,,0,0,0,NA,NA,NA,NA,NA,BLOCK,0,0,0,0,0,TREND_REVERSAL_UNCONFIRMED,0,0.45,NONE,1,0,0,0
NEARUSDT,1773169200000,2026-03-10T19:00:00.000Z,NEUTRAL,NONE,0,7.875,IGNORE,0,WATCH,,0,0,0,NA,NA,NA,NA,NA,WARNING_SOFT,1,0,0,0,0,TREND_REVERSAL_UNCONFIRMED,0,0.45,NONE,1,0,0,0
NEARUSDT,1773172800000,2026-03-10T20:00:00.000Z,BULL,SHORT,0,7.875,IGNORE,0,WATCH,,0,0,0,NA,NA,NA,NA,NA,WARNING_SOFT,1,0,0,0,0,TREND_REVERSAL_UNCONFIRMED,0,0.45,SHORT,1,0,0,0
NEARUSDT,1773176400000,2026-03-10T21:00:00.000Z,NEUTRAL,NONE,0,7.875,IGNORE,0,WATCH,,0,0,0,NA,NA,NA,NA,NA,WARNING_SOFT,1,0,0,0,0,TREND_REVERSAL_UNCONFIRMED,0,0.45,NONE,1,0,0,0
NEARUSDT,1773180000000,2026-03-10T22:00:00.000Z,NEUTRAL,NONE,0,7.875,IGNORE,0,WATCH,,0,0,0,NA,NA,NA,NA,NA,WARNING_SOFT,1,0,0,0,0,TREND_REVERSAL_UNCONFIRMED,0,0.45,NONE,1,0,0,0
NEARUSDT,1773183600000,2026-03-10T23:00:00.000Z,NEUTRAL,NONE,0,7.875,IGNORE,0,WATCH,,0,0,0,NA,NA,NA,NA,NA,WARNING_SOFT,1,0,0,0,0,TREND_REVERSAL_UNCONFIRMED,0,0.45,NONE,1,0,0,0
NEARUSDT,1773187200000,2026-03-11T00:00:00.000Z,BULL,SHORT,0,7.875,IGNORE,0,WATCH,,0,0,0,NA,NA,NA,NA,NA,WARNING_SOFT,1,0,0,0,0,TREND_REVERSAL_UNCONFIRMED,0,0.45,SHORT,1,0,0,0
NEARUSDT,1773190800000,2026-03-11T01:00:00.000Z,NEUTRAL,NONE,0,7.875,IGNORE,0,WATCH,,0,0,0,NA,NA,NA,NA,NA,BLOCK,0,0,0,0,0,TREND_REVERSAL_UNCONFIRMED,0,0.45,NONE,1,0,0,0
NEARUSDT,1773194400000,2026-03-11T02:00:00.000Z,BULL,SHORT,0,7.875,IGNORE,0,WATCH,,0,0,0,NA,NA,NA,NA,NA,WARNING_SOFT,1,0,0,0,0,TREND_REVERSAL_UNCONFIRMED,0,0.45,SHORT,1,0,0,0
NEARUSDT,1773198000000,2026-03-11T03:00:00.000Z,NEUTRAL,NONE,0,7.875,IGNORE,0,WATCH,,0,0,0,NA,NA,NA,NA,NA,BLOCK,0,0,0,0,0,TREND_REVERSAL_UNCONFIRMED,0,0.45,NONE,1,0,0,0
NEARUSDT,1773201600000,2026-03-11T04:00:00.000Z,NEUTRAL,NONE,0,7.875,IGNORE,0,WATCH,,0,0,0,NA,NA,NA,NA,NA,WARNING_SOFT,1,0,0,0,0,TREND_REVERSAL_UNCONFIRMED,0,0.45,NONE,1,0,0,0
NEARUSDT,1773205200000,2026-03-11T05:00:00.000Z,NEUTRAL,NONE,0,7.875,IGNORE,0,WATCH,,0,0,0,NA,NA,NA,NA,NA,WARNING_SOFT,1,0,0,0,0,TREND_REVERSAL_UNCONFIRMED,0,0.45,NONE,1,0,0,0
NEARUSDT,1773208800000,2026-03-11T06:00:00.000Z,BULL,SHORT,17.5,12.909375,IGNORE,0,WATCH,,0,0,0,NA,NA,NA,NA,NA,WARNING_SOFT,1,0,0,0,0,TREND_REVERSAL_UNCONFIRMED,1,0.45,SHORT,1,0,0,0
NEARUSDT,1773212400000,2026-03-11T07:00:00.000Z,NEUTRAL,NONE,0,7.875,IGNORE,0,WATCH,,0,0,0,NA,NA,NA,NA,NA,WARNING_SOFT,1,0,0,0,0,TREND_REVERSAL_UNCONFIRMED,0,0.45,NONE,1,0,0,0
NEARUSDT,1773216000000,2026-03-11T08:00:00.000Z,NEUTRAL,NONE,0,7.875,IGNORE,0,WATCH,,0,0,0,NA,NA,NA,NA,NA,WARNING_SOFT,1,0,0,0,0,TREND_REVERSAL_UNCONFIRMED,0,0.45,NONE,1,0,0,0
NEARUSDT,1773219600000,2026-03-11T09:00:00.000Z,NEUTRAL,NONE,0,7.875,IGNORE,0,WATCH,,0,0,0,NA,NA,NA,NA,NA,WARNING_SOFT,1,0,0,0,0,TREND_REVERSAL_UNCONFIRMED,0,0.45,NONE,1,0,0,0
NEARUSDT,1773223200000,2026-03-11T10:00:00.000Z,NEUTRAL,NONE,0,7.875,IGNORE,0,WATCH,,0,0,0,NA,NA,NA,NA,NA,WARNING_SOFT,1,0,0,0,0,TREND_REVERSAL_UNCONFIRMED,0,0.45,NONE,1,0,0,0
NEARUSDT,1773226800000,2026-03-11T11:00:00.000Z,BULL,SHORT,17.5,12.909375,IGNORE,0,WATCH,,0,0,0,NA,NA,NA,NA,NA,WARNING_SOFT,1,0,0,0,0,TREND_REVERSAL_UNCONFIRMED,1,0.45,SHORT,1,0,0,0
NEARUSDT,1773230400000,2026-03-11T12:00:00.000Z,BULL,SHORT,34.154549466614576,17.877170770495898,IGNORE,0,WATCH,,0,0,0,NA,NA,NA,NA,NA,WARNING_HARD,1,0,0,0,0,TREND_REVERSAL_UNCONFIRMED,2,0.45,SHORT,1,0,0,0
NEARUSDT,1773234000000,2026-03-11T13:00:00.000Z,BULL,SHORT,42.5,18.534375,IGNORE,0,WATCH,,0,0,0,NA,NA,NA,NA,NA,CLEAR,1,0,0,0,0,TREND_REVERSAL_UNCONFIRMED,2,0.45,SHORT,1,0,0,0
NEARUSDT,1773237600000,2026-03-11T14:00:00.000Z,BULL,SHORT,56.41417008913835,52.28788300310333,WATCH,1,WATCH,ACTIVE,1,1,0,PASS,PASS,SKIP,SKIP,FAIL,CLEAR,1,0,0,0,0,MARKET_CONTEXT_DENIED,3,0.84,SHORT,0,1,0,0
NEARUSDT,1773241200000,2026-03-11T15:00:00.000Z,BULL,SHORT,40.034582222726584,18.34022335003972,IGNORE,0,WATCH,,0,0,0,NA,NA,NA,NA,NA,CLEAR,1,0,0,0,0,TREND_REVERSAL_UNCONFIRMED,2,0.45,SHORT,1,0,0,0
NEARUSDT,1773244800000,2026-03-11T16:00:00.000Z,BULL,SHORT,14.54165896343617,12.676405643370598,IGNORE,0,WATCH,,0,0,0,NA,NA,NA,NA,NA,CLEAR,1,0,0,0,0,TREND_REVERSAL_UNCONFIRMED,1,0.45,SHORT,1,0,0,0
NEARUSDT,1773248400000,2026-03-11T17:00:00.000Z,BULL,SHORT,14.500555778824305,12.673168767582414,IGNORE,0,WATCH,,0,0,0,NA,NA,NA,NA,NA,CLEAR,1,0,0,0,0,TREND_REVERSAL_UNCONFIRMED,1,0.45,SHORT,1,0,0,0
NEARUSDT,1773252000000,2026-03-11T18:00:00.000Z,BULL,SHORT,0,7.875,IGNORE,0,WATCH,,0,0,0,NA,NA,NA,NA,NA,CLEAR,1,0,0,0,0,TREND_REVERSAL_UNCONFIRMED,0,0.45,SHORT,1,0,0,0
NEARUSDT,1773255600000,2026-03-11T19:00:00.000Z,BULL,SHORT,0,7.875,IGNORE,0,WATCH,,0,0,0,NA,NA,NA,NA,NA,WARNING_SOFT,1,0,0,0,0,TREND_REVERSAL_UNCONFIRMED,0,0.45,SHORT,1,0,0,0
NEARUSDT,1773259200000,2026-03-11T20:00:00.000Z,BULL,SHORT,0,7.875,IGNORE,0,WATCH,,0,0,0,NA,NA,NA,NA,NA,WARNING_SOFT,1,0,0,0,0,TREND_REVERSAL_UNCONFIRMED,0,0.45,SHORT,1,0,0,0
NEARUSDT,1773262800000,2026-03-11T21:00:00.000Z,BULL,SHORT,25,13.5,IGNORE,0,WATCH,,0,0,0,NA,NA,NA,NA,NA,WARNING_SOFT,1,0,0,0,0,TREND_REVERSAL_UNCONFIRMED,1,0.45,SHORT,1,0,0,0
NEARUSDT,1773266400000,2026-03-11T22:00:00.000Z,BULL,SHORT,0,7.875,IGNORE,0,WATCH,,0,0,0,NA,NA,NA,NA,NA,CLEAR,1,0,0,0,0,TREND_REVERSAL_UNCONFIRMED,0,0.45,SHORT,1,0,0,0
NEARUSDT,1773270000000,2026-03-11T23:00:00.000Z,BULL,SHORT,0,7.875,IGNORE,0,WATCH,,0,0,0,NA,NA,NA,NA,NA,WARNING_SOFT,1,0,0,0,0,TREND_REVERSAL_UNCONFIRMED,0,0.45,SHORT,1,0,0,0
NEARUSDT,1773273600000,2026-03-12T00:00:00.000Z,BULL,SHORT,0,7.875,IGNORE,0,WATCH,,0,0,0,NA,NA,NA,NA,NA,WARNING_SOFT,1,0,0,0,0,TREND_REVERSAL_UNCONFIRMED,0,0.45,SHORT,1,0,0,0
NEARUSDT,1773277200000,2026-03-12T01:00:00.000Z,NEUTRAL,NONE,0,7.875,IGNORE,0,WATCH,,0,0,0,NA,NA,NA,NA,NA,WARNING_SOFT,1,0,0,0,0,TREND_REVERSAL_UNCONFIRMED,0,0.45,NONE,1,0,0,0
NEARUSDT,1773280800000,2026-03-12T02:00:00.000Z,NEUTRAL,NONE,0,7.875,IGNORE,0,WATCH,,0,0,0,NA,NA,NA,NA,NA,WARNING_SOFT,1,0,0,0,0,TREND_REVERSAL_UNCONFIRMED,0,0.45,NONE,1,0,0,0
NEARUSDT,1773284400000,2026-03-12T03:00:00.000Z,NEUTRAL,NONE,0,7.875,IGNORE,0,WATCH,,0,0,0,NA,NA,NA,NA,NA,WARNING_SOFT,1,0,0,0,0,TREND_REVERSAL_UNCONFIRMED,0,0.45,NONE,1,0,0,0
NEARUSDT,1773288000000,2026-03-12T04:00:00.000Z,NEUTRAL,NONE,0,7.875,IGNORE,0,WATCH,,0,0,0,NA,NA,NA,NA,NA,WARNING_SOFT,1,0,0,0,0,TREND_REVERSAL_UNCONFIRMED,0,0.45,NONE,1,0,0,0
NEARUSDT,1773291600000,2026-03-12T05:00:00.000Z,NEUTRAL,NONE,0,7.875,IGNORE,0,WATCH,,0,0,0,NA,NA,NA,NA,NA,BLOCK,0,0,0,0,0,TREND_REVERSAL_UNCONFIRMED,0,0.45,NONE,1,0,0,0
NEARUSDT,1773295200000,2026-03-12T06:00:00.000Z,BULL,SHORT,17.5,12.909375,IGNORE,0,WATCH,,0,0,0,NA,NA,NA,NA,NA,BLOCK,0,0,0,0,0,TREND_REVERSAL_UNCONFIRMED,1,0.45,SHORT,1,0,0,0
NEARUSDT,1773298800000,2026-03-12T07:00:00.000Z,BULL,SHORT,36.63122855602907,18.07220924878729,IGNORE,0,WATCH,,0,0,0,NA,NA,NA,NA,NA,WARNING_HARD,1,0,0,0,0,TREND_REVERSAL_UNCONFIRMED,2,0.45,SHORT,1,0,0,0
NEARUSDT,1773302400000,2026-03-12T08:00:00.000Z,BULL,SHORT,61.78660555745116,53.07763101694532,WATCH,1,WATCH,ACTIVE,1,1,0,PASS,PASS,SKIP,SKIP,FAIL,CLEAR,1,0,0,0,0,MARKET_CONTEXT_DENIED,3,0.84,SHORT,0,1,0,0
NEARUSDT,1773306000000,2026-03-12T09:00:00.000Z,BULL,SHORT,39.96320513144149,18.334602404101016,IGNORE,0,WATCH,,0,0,0,NA,NA,NA,NA,NA,CLEAR,1,0,0,0,0,TREND_REVERSAL_UNCONFIRMED,2,0.45,SHORT,1,0,0,0
NEARUSDT,1773309600000,2026-03-12T10:00:00.000Z,BULL,SHORT,30.34722222222222,17.57734375,IGNORE,0,WATCH,,0,0,0,NA,NA,NA,NA,NA,CLEAR,1,0,0,0,0,TREND_REVERSAL_UNCONFIRMED,2,0.45,SHORT,1,0,0,0
NEARUSDT,1773313200000,2026-03-12T11:00:00.000Z,BULL,SHORT,32.717930403610794,17.764037019284352,IGNORE,0,WATCH,,0,0,0,NA,NA,NA,NA,NA,CLEAR,1,0,0,0,0,TREND_REVERSAL_UNCONFIRMED,2,0.45,SHORT,1,0,0,0
NEARUSDT,1773316800000,2026-03-12T12:00:00.000Z,BULL,SHORT,17.5,12.909375,IGNORE,0,WATCH,,0,0,0,NA,NA,NA,NA,NA,CLEAR,1,0,0,0,0,TREND_REVERSAL_UNCONFIRMED,1,0.45,SHORT,1,0,0,0
NEARUSDT,1773320400000,2026-03-12T13:00:00.000Z,BULL,SHORT,37.11829501832934,18.110565732693434,IGNORE,0,WATCH,,0,0,0,NA,NA,NA,NA,NA,WARNING_SOFT,1,0,0,0,0,TREND_REVERSAL_UNCONFIRMED,2,0.45,SHORT,1,0,0,0
NEARUSDT,1773324000000,2026-03-12T14:00:00.000Z,BULL,SHORT,44.11767194394213,18.661766665585443,IGNORE,0,WATCH,,0,0,0,NA,NA,NA,NA,NA,BLOCK,0,0,0,0,0,TREND_REVERSAL_UNCONFIRMED,2,0.45,SHORT,1,0,0,0
NEARUSDT,1773327600000,2026-03-12T15:00:00.000Z,BULL,SHORT,0,7.875,IGNORE,0,WATCH,,0,0,0,NA,NA,NA,NA,NA,CLEAR,1,0,0,0,0,TREND_REVERSAL_UNCONFIRMED,0,0.45,SHORT,1,0,0,0
NEARUSDT,1773331200000,2026-03-12T16:00:00.000Z,BULL,SHORT,0,7.875,IGNORE,0,WATCH,,0,0,0,NA,NA,NA,NA,NA,CLEAR,1,0,0,0,0,TREND_REVERSAL_UNCONFIRMED,0,0.45,SHORT,1,0,0,0
NEARUSDT,1773334800000,2026-03-12T17:00:00.000Z,BULL,SHORT,25,13.5,IGNORE,0,WATCH,,0,0,0,NA,NA,NA,NA,NA,CLEAR,1,1,0,0,0,TREND_REVERSAL_UNCONFIRMED,1,0.45,SHORT,1,0,0,0
NEARUSDT,1773338400000,2026-03-12T18:00:00.000Z,BULL,SHORT,25,13.5,IGNORE,0,WATCH,,0,0,0,NA,NA,NA,NA,NA,WARNING_HARD,1,0,0,0,0,TREND_REVERSAL_UNCONFIRMED,1,0.45,SHORT,1,0,0,0
NEARUSDT,1773342000000,2026-03-12T19:00:00.000Z,BULL,SHORT,12.847222222222221,12.54296875,IGNORE,0,WATCH,,0,0,0,NA,NA,NA,NA,NA,CLEAR,1,0,0,0,0,TREND_REVERSAL_UNCONFIRMED,1,0.45,SHORT,1,0,0,0
NEARUSDT,1773345600000,2026-03-12T20:00:00.000Z,BULL,SHORT,0,7.875,IGNORE,0,WATCH,,0,0,0,NA,NA,NA,NA,NA,CLEAR,1,0,0,0,0,TREND_REVERSAL_UNCONFIRMED,0,0.45,SHORT,1,0,0,0
NEARUSDT,1773349200000,2026-03-12T21:00:00.000Z,BULL,SHORT,0,7.875,IGNORE,0,WATCH,,0,0,0,NA,NA,NA,NA,NA,CLEAR,1,0,0,0,0,TREND_REVERSAL_UNCONFIRMED,0,0.45,SHORT,1,0,0,0
NEARUSDT,1773352800000,2026-03-12T22:00:00.000Z,BULL,SHORT,14.583333333333332,12.6796875,IGNORE,0,WATCH,,0,0,0,NA,NA,NA,NA,NA,CLEAR,1,0,0,0,0,TREND_REVERSAL_UNCONFIRMED,1,0.45,SHORT,1,0,0,0
NEARUSDT,1773356400000,2026-03-12T23:00:00.000Z,BULL,SHORT,0,7.875,IGNORE,0,WATCH,,0,0,0,NA,NA,NA,NA,NA,CLEAR,1,0,0,0,0,TREND_REVERSAL_UNCONFIRMED,0,0.45,SHORT,1,0,0,0
NEARUSDT,1773360000000,2026-03-13T00:00:00.000Z,BULL,SHORT,39.58333333333333,18.3046875,IGNORE,0,WATCH,,0,0,0,NA,NA,NA,NA,NA,CLEAR,1,1,0,0,0,TREND_REVERSAL_UNCONFIRMED,2,0.45,SHORT,1,0,0,0
NEARUSDT,1773363600000,2026-03-13T01:00:00.000Z,BULL,SHORT,33.90527830483658,17.85754066650588,IGNORE,0,WATCH,,0,0,0,NA,NA,NA,NA,NA,CLEAR,1,0,0,0,0,TREND_REVERSAL_UNCONFIRMED,2,0.45,SHORT,1,0,0,0
NEARUSDT,1773367200000,2026-03-13T02:00:00.000Z,BULL,SHORT,37.839633399088555,18.16737113017822,IGNORE,0,WATCH,,0,0,0,NA,NA,NA,NA,NA,CLEAR,1,0,0,0,0,TREND_REVERSAL_UNCONFIRMED,2,0.45,SHORT,1,0,0,0
NEARUSDT,1773370800000,2026-03-13T03:00:00.000Z,BULL,SHORT,0,7.875,IGNORE,0,WATCH,,0,0,0,NA,NA,NA,NA,NA,CLEAR,1,0,0,0,0,TREND_REVERSAL_UNCONFIRMED,0,0.45,SHORT,1,0,0,0
NEARUSDT,1773374400000,2026-03-13T04:00:00.000Z,BULL,SHORT,0,7.875,IGNORE,0,WATCH,,0,0,0,NA,NA,NA,NA,NA,CLEAR,1,0,0,0,0,TREND_REVERSAL_UNCONFIRMED,0,0.45,SHORT,1,0,0,0
NEARUSDT,1773378000000,2026-03-13T05:00:00.000Z,BULL,SHORT,0,7.875,IGNORE,0,WATCH,,0,0,0,NA,NA,NA,NA,NA,CLEAR,1,0,0,0,0,TREND_REVERSAL_UNCONFIRMED,0,0.45,SHORT,1,0,0,0
NEARUSDT,1773381600000,2026-03-13T06:00:00.000Z,BULL,SHORT,25,13.5,IGNORE,0,WATCH,,0,0,0,NA,NA,NA,NA,NA,WARNING_SOFT,1,0,0,0,0,TREND_REVERSAL_UNCONFIRMED,1,0.45,SHORT,1,0,0,0
NEARUSDT,1773385200000,2026-03-13T07:00:00.000Z,NEUTRAL,NONE,0,7.875,IGNORE,0,WATCH,,0,0,0,NA,NA,NA,NA,NA,WARNING_SOFT,1,0,0,0,0,TREND_REVERSAL_UNCONFIRMED,0,0.45,NONE,1,0,0,0
NEARUSDT,1773388800000,2026-03-13T08:00:00.000Z,NEUTRAL,NONE,0,7.875,IGNORE,0,WATCH,,0,0,0,NA,NA,NA,NA,NA,BLOCK,0,0,1,0,0,TREND_REVERSAL_UNCONFIRMED,0,0.45,NONE,1,0,0,0
NEARUSDT,1773392400000,2026-03-13T09:00:00.000Z,NEUTRAL,NONE,0,7.875,IGNORE,0,WATCH,,0,0,0,NA,NA,NA,NA,NA,WARNING_SOFT,1,0,0,0,0,TREND_REVERSAL_UNCONFIRMED,0,0.45,NONE,1,0,0,0
NEARUSDT,1773396000000,2026-03-13T10:00:00.000Z,NEUTRAL,NONE,0,7.875,IGNORE,0,WATCH,,0,0,0,NA,NA,NA,NA,NA,WARNING_SOFT,1,0,0,0,0,TREND_REVERSAL_UNCONFIRMED,0,0.45,NONE,1,0,0,0
NEARUSDT,1773399600000,2026-03-13T11:00:00.000Z,NEUTRAL,NONE,0,7.875,IGNORE,0,WATCH,,0,0,0,NA,NA,NA,NA,NA,WARNING_SOFT,1,0,0,0,0,TREND_REVERSAL_UNCONFIRMED,0,0.45,NONE,1,0,0,0
NEARUSDT,1773403200000,2026-03-13T12:00:00.000Z,BULL,SHORT,0,7.875,IGNORE,0,WATCH,,0,0,0,NA,NA,NA,NA,NA,WARNING_SOFT,1,0,0,0,0,TREND_REVERSAL_UNCONFIRMED,0,0.45,SHORT,1,0,0,0
NEARUSDT,1773406800000,2026-03-13T13:00:00.000Z,BULL,SHORT,0,7.875,IGNORE,0,WATCH,,0,0,0,NA,NA,NA,NA,NA,CLEAR,1,0,0,0,0,TREND_REVERSAL_UNCONFIRMED,0,0.45,SHORT,1,0,0,0
NEARUSDT,1773410400000,2026-03-13T14:00:00.000Z,NEUTRAL,NONE,0,7.875,IGNORE,0,WATCH,,0,0,0,NA,NA,NA,NA,NA,WARNING_SOFT,1,0,0,0,0,TREND_REVERSAL_UNCONFIRMED,0,0.45,NONE,1,0,0,0
NEARUSDT,1773414000000,2026-03-13T15:00:00.000Z,BULL,SHORT,13.331378905985838,12.581096088846385,IGNORE,0,WATCH,,0,0,0,NA,NA,NA,NA,NA,CLEAR,1,0,0,0,0,TREND_REVERSAL_UNCONFIRMED,1,0.45,SHORT,1,0,0,0
NEARUSDT,1773417600000,2026-03-13T16:00:00.000Z,BULL,SHORT,0,7.875,IGNORE,0,WATCH,,0,0,0,NA,NA,NA,NA,NA,CLEAR,1,0,0,0,0,TREND_REVERSAL_UNCONFIRMED,0,0.45,SHORT,1,0,0,0
NEARUSDT,1773421200000,2026-03-13T17:00:00.000Z,NEUTRAL,NONE,0,7.875,IGNORE,0,WATCH,,0,0,0,NA,NA,NA,NA,NA,WARNING_SOFT,1,0,0,0,0,TREND_REVERSAL_UNCONFIRMED,0,0.45,NONE,1,0,0,0
NEARUSDT,1773424800000,2026-03-13T18:00:00.000Z,NEUTRAL,NONE,0,7.875,IGNORE,0,WATCH,,0,0,0,NA,NA,NA,NA,NA,WARNING_SOFT,1,0,0,0,0,TREND_REVERSAL_UNCONFIRMED,0,0.45,NONE,1,0,0,0
NEARUSDT,1773428400000,2026-03-13T19:00:00.000Z,NEUTRAL,NONE,0,7.875,IGNORE,0,WATCH,,0,0,0,NA,NA,NA,NA,NA,WARNING_SOFT,1,0,0,0,0,TREND_REVERSAL_UNCONFIRMED,0,0.45,NONE,1,0,0,0
NEARUSDT,1773432000000,2026-03-13T20:00:00.000Z,NEUTRAL,NONE,0,7.875,IGNORE,0,WATCH,,0,0,0,NA,NA,NA,NA,NA,WARNING_SOFT,1,0,0,0,0,TREND_REVERSAL_UNCONFIRMED,0,0.45,NONE,1,0,0,0
NEARUSDT,1773435600000,2026-03-13T21:00:00.000Z,NEUTRAL,NONE,0,7.875,IGNORE,0,WATCH,,0,0,0,NA,NA,NA,NA,NA,WARNING_SOFT,1,0,0,0,0,TREND_REVERSAL_UNCONFIRMED,0,0.45,NONE,1,0,0,0
NEARUSDT,1773439200000,2026-03-13T22:00:00.000Z,NEUTRAL,NONE,0,7.875,IGNORE,0,WATCH,,0,0,0,NA,NA,NA,NA,NA,WARNING_SOFT,1,0,0,0,0,TREND_REVERSAL_UNCONFIRMED,0,0.45,NONE,1,0,0,0
NEARUSDT,1773442800000,2026-03-13T23:00:00.000Z,NEUTRAL,NONE,0,7.875,IGNORE,0,WATCH,,0,0,0,NA,NA,NA,NA,NA,WARNING_SOFT,1,0,0,0,0,TREND_REVERSAL_UNCONFIRMED,0,0.45,NONE,1,0,0,0
NEARUSDT,1773446400000,2026-03-14T00:00:00.000Z,NEUTRAL,NONE,0,7.875,IGNORE,0,WATCH,,0,0,0,NA,NA,NA,NA,NA,WARNING_SOFT,1,0,0,0,0,TREND_REVERSAL_UNCONFIRMED,0,0.45,NONE,1,0,0,0
NEARUSDT,1773450000000,2026-03-14T01:00:00.000Z,NEUTRAL,NONE,0,7.875,IGNORE,0,WATCH,,0,0,0,NA,NA,NA,NA,NA,WARNING_SOFT,1,0,0,0,0,TREND_REVERSAL_UNCONFIRMED,0,0.45,NONE,1,0,0,0
NEARUSDT,1773453600000,2026-03-14T02:00:00.000Z,NEUTRAL,NONE,0,7.875,IGNORE,0,WATCH,,0,0,0,NA,NA,NA,NA,NA,WARNING_SOFT,1,0,0,0,0,TREND_REVERSAL_UNCONFIRMED,0,0.45,NONE,1,0,0,0
NEARUSDT,1773457200000,2026-03-14T03:00:00.000Z,NEUTRAL,NONE,0,7.875,IGNORE,0,WATCH,,0,0,0,NA,NA,NA,NA,NA,WARNING_SOFT,1,0,0,0,0,TREND_REVERSAL_UNCONFIRMED,0,0.45,NONE,1,0,0,0
NEARUSDT,1773460800000,2026-03-14T04:00:00.000Z,NEUTRAL,NONE,0,7.875,IGNORE,0,WATCH,,0,0,0,NA,NA,NA,NA,NA,BLOCK,0,0,0,0,0,TREND_REVERSAL_UNCONFIRMED,0,0.45,NONE,1,0,0,0
NEARUSDT,1773464400000,2026-03-14T05:00:00.000Z,NEUTRAL,NONE,0,7.875,IGNORE,0,WATCH,,0,0,0,NA,NA,NA,NA,NA,WARNING_SOFT,1,0,0,0,0,TREND_REVERSAL_UNCONFIRMED,0,0.45,NONE,1,0,0,0
NEARUSDT,1773468000000,2026-03-14T06:00:00.000Z,NEUTRAL,NONE,0,7.875,IGNORE,0,WATCH,,0,0,0,NA,NA,NA,NA,NA,BLOCK,0,0,0,0,0,TREND_REVERSAL_UNCONFIRMED,0,0.45,NONE,1,0,0,0
NEARUSDT,1773471600000,2026-03-14T07:00:00.000Z,NEUTRAL,NONE,0,7.875,IGNORE,0,WATCH,,0,0,0,NA,NA,NA,NA,NA,WARNING_SOFT,1,0,0,0,0,TREND_REVERSAL_UNCONFIRMED,0,0.45,NONE,1,0,0,0
NEARUSDT,1773475200000,2026-03-14T08:00:00.000Z,BEAR,LONG,12.847222222222221,12.54296875,IGNORE,0,WATCH,,0,0,0,NA,NA,NA,NA,NA,CLEAR,1,0,0,0,0,TREND_REVERSAL_UNCONFIRMED,1,0.45,LONG,1,0,0,0
NEARUSDT,1773478800000,2026-03-14T09:00:00.000Z,BEAR,LONG,12.847222222222221,12.54296875,IGNORE,0,WATCH,,0,0,0,NA,NA,NA,NA,NA,CLEAR,1,0,0,0,0,TREND_REVERSAL_UNCONFIRMED,1,0.45,LONG,1,0,0,0
NEARUSDT,1773482400000,2026-03-14T10:00:00.000Z,BEAR,LONG,0,7.875,IGNORE,0,WATCH,,0,0,0,NA,NA,NA,NA,NA,CLEAR,1,0,0,0,0,TREND_REVERSAL_UNCONFIRMED,0,0.45,LONG,1,0,0,0
NEARUSDT,1773486000000,2026-03-14T11:00:00.000Z,BEAR,LONG,37.84722222222222,18.16796875,IGNORE,0,WATCH,,0,0,0,NA,NA,NA,NA,NA,CLEAR,1,0,0,0,0,TREND_REVERSAL_UNCONFIRMED,2,0.45,LONG,1,0,0,0
NEARUSDT,1773489600000,2026-03-14T12:00:00.000Z,BEAR,LONG,0,7.875,IGNORE,0,WATCH,,0,0,0,NA,NA,NA,NA,NA,CLEAR,1,0,0,0,0,TREND_REVERSAL_UNCONFIRMED,0,0.45,LONG,1,0,0,0
NEARUSDT,1773493200000,2026-03-14T13:00:00.000Z,BEAR,LONG,14.170720432345094,12.647194234047177,IGNORE,0,WATCH,,0,0,0,NA,NA,NA,NA,NA,CLEAR,1,0,0,0,0,TREND_REVERSAL_UNCONFIRMED,1,0.45,LONG,1,0,0,0
NEARUSDT,1773496800000,2026-03-14T14:00:00.000Z,BEAR,LONG,0,7.875,IGNORE,0,WATCH,,0,0,0,NA,NA,NA,NA,NA,CLEAR,1,0,0,0,0,TREND_REVERSAL_UNCONFIRMED,0,0.45,LONG,1,0,0,0
NEARUSDT,1773500400000,2026-03-14T15:00:00.000Z,BEAR,LONG,25,13.5,IGNORE,0,WATCH,,0,0,0,NA,NA,NA,NA,NA,CLEAR,1,0,0,0,0,TREND_REVERSAL_UNCONFIRMED,1,0.45,LONG,1,0,0,0
NEARUSDT,1773504000000,2026-03-14T16:00:00.000Z,BEAR,LONG,0,7.875,IGNORE,0,WATCH,,0,0,0,NA,NA,NA,NA,NA,WARNING_SOFT,1,0,0,0,0,TREND_REVERSAL_UNCONFIRMED,0,0.45,LONG,1,0,0,0
NEARUSDT,1773507600000,2026-03-14T17:00:00.000Z,BEAR,LONG,12.847222222222221,12.54296875,IGNORE,0,WATCH,,0,0,0,NA,NA,NA,NA,NA,CLEAR,1,0,0,0,0,TREND_REVERSAL_UNCONFIRMED,1,0.45,LONG,1,0,0,0
NEARUSDT,1773511200000,2026-03-14T18:00:00.000Z,BEAR,LONG,12.847222222222221,12.54296875,IGNORE,0,WATCH,,0,0,0,NA,NA,NA,NA,NA,CLEAR,1,0,0,0,0,TREND_REVERSAL_UNCONFIRMED,1,0.45,LONG,1,0,0,0
NEARUSDT,1773514800000,2026-03-14T19:00:00.000Z,BEAR,LONG,12.847222222222221,12.54296875,IGNORE,0,WATCH,,0,0,0,NA,NA,NA,NA,NA,CLEAR,1,0,0,0,0,TREND_REVERSAL_UNCONFIRMED,1,0.45,LONG,1,0,0,0
NEARUSDT,1773518400000,2026-03-14T20:00:00.000Z,BEAR,LONG,0,7.875,IGNORE,0,WATCH,,0,0,0,NA,NA,NA,NA,NA,CLEAR,1,0,0,0,0,TREND_REVERSAL_UNCONFIRMED,0,0.45,LONG,1,0,0,0
NEARUSDT,1773522000000,2026-03-14T21:00:00.000Z,BEAR,LONG,0,7.875,IGNORE,0,WATCH,,0,0,0,NA,NA,NA,NA,NA,CLEAR,1,0,0,0,0,TREND_REVERSAL_UNCONFIRMED,0,0.45,LONG,1,0,0,0
NEARUSDT,1773525600000,2026-03-14T22:00:00.000Z,BEAR,LONG,0,7.875,IGNORE,0,WATCH,,0,0,0,NA,NA,NA,NA,NA,WARNING_SOFT,1,0,0,0,0,TREND_REVERSAL_UNCONFIRMED,0,0.45,LONG,1,0,0,0
NEARUSDT,1773529200000,2026-03-14T23:00:00.000Z,NEUTRAL,NONE,0,7.875,IGNORE,0,WATCH,,0,0,0,NA,NA,NA,NA,NA,CLEAR,1,0,0,0,0,TREND_REVERSAL_UNCONFIRMED,0,0.45,NONE,1,0,0,0
NEARUSDT,1773532800000,2026-03-15T00:00:00.000Z,NEUTRAL,NONE,0,7.875,IGNORE,0,WATCH,,0,0,0,NA,NA,NA,NA,NA,CLEAR,1,0,0,0,0,TREND_REVERSAL_UNCONFIRMED,0,0.45,NONE,1,0,0,0
NEARUSDT,1773536400000,2026-03-15T01:00:00.000Z,NEUTRAL,NONE,0,7.875,IGNORE,0,WATCH,,0,0,0,NA,NA,NA,NA,NA,CLEAR,1,0,0,0,0,TREND_REVERSAL_UNCONFIRMED,0,0.45,NONE,1,0,0,0
NEARUSDT,1773540000000,2026-03-15T02:00:00.000Z,NEUTRAL,NONE,0,7.875,IGNORE,0,WATCH,,0,0,0,NA,NA,NA,NA,NA,CLEAR,1,0,0,0,0,TREND_REVERSAL_UNCONFIRMED,0,0.45,NONE,1,0,0,0
NEARUSDT,1773543600000,2026-03-15T03:00:00.000Z,BULL,SHORT,67.5,44.677499999999995,WATCH,1,WATCH,ACTIVE,1,1,0,FAIL,PASS,SKIP,SKIP,FAIL,CLEAR,1,0,0,0,0,MARKET_CONTEXT_DENIED,3,0.84,SHORT,1,0,0,0
NEARUSDT,1773547200000,2026-03-15T04:00:00.000Z,BULL,SHORT,33.85995097066489,17.85397113893986,IGNORE,0,WATCH,,0,0,0,NA,NA,NA,NA,NA,CLEAR,1,0,0,0,0,TREND_REVERSAL_UNCONFIRMED,2,0.45,SHORT,1,0,0,0
NEARUSDT,1773550800000,2026-03-15T05:00:00.000Z,BULL,SHORT,31.4272803312504,17.66239832608597,IGNORE,0,WATCH,,0,0,0,NA,NA,NA,NA,NA,CLEAR,1,0,0,0,0,TREND_REVERSAL_UNCONFIRMED,2,0.45,SHORT,1,0,0,0
NEARUSDT,1773554400000,2026-03-15T06:00:00.000Z,BULL,SHORT,0,7.875,IGNORE,0,WATCH,,0,0,0,NA,NA,NA,NA,NA,CLEAR,1,0,0,0,0,TREND_REVERSAL_UNCONFIRMED,0,0.45,SHORT,1,0,0,0
NEARUSDT,1773558000000,2026-03-15T07:00:00.000Z,BULL,SHORT,0,7.875,IGNORE,0,WATCH,,0,0,0,NA,NA,NA,NA,NA,WARNING_SOFT,1,0,0,0,0,TREND_REVERSAL_UNCONFIRMED,0,0.45,SHORT,1,0,0,0
NEARUSDT,1773561600000,2026-03-15T08:00:00.000Z,BULL,SHORT,0,7.875,IGNORE,0,WATCH,,0,0,0,NA,NA,NA,NA,NA,CLEAR,1,0,0,0,0,TREND_REVERSAL_UNCONFIRMED,0,0.45,SHORT,1,0,0,0
NEARUSDT,1773565200000,2026-03-15T09:00:00.000Z,BULL,SHORT,17.082386192559383,12.876487912664052,IGNORE,0,WATCH,,0,0,0,NA,NA,NA,NA,NA,CLEAR,1,0,0,0,0,TREND_REVERSAL_UNCONFIRMED,1,0.45,SHORT,1,0,0,0
NEARUSDT,1773568800000,2026-03-15T10:00:00.000Z,BULL,SHORT,0,7.875,IGNORE,0,WATCH,,0,0,0,NA,NA,NA,NA,NA,CLEAR,1,0,0,0,0,TREND_REVERSAL_UNCONFIRMED,0,0.45,SHORT,1,0,0,0
NEARUSDT,1773572400000,2026-03-15T11:00:00.000Z,BULL,SHORT,13.799515016024491,12.617961807511929,IGNORE,0,WATCH,,0,0,0,NA,NA,NA,NA,NA,CLEAR,1,0,0,0,0,TREND_REVERSAL_UNCONFIRMED,1,0.45,SHORT,1,0,0,0
NEARUSDT,1773576000000,2026-03-15T12:00:00.000Z,BULL,SHORT,40.273388862917145,18.359029372954726,IGNORE,0,WATCH,,0,0,0,NA,NA,NA,NA,NA,CLEAR,1,0,0,0,0,TREND_REVERSAL_UNCONFIRMED,2,0.45,SHORT,1,0,0,0
NEARUSDT,1773579600000,2026-03-15T13:00:00.000Z,BULL,SHORT,25,13.5,IGNORE,0,WATCH,,0,0,0,NA,NA,NA,NA,NA,CLEAR,1,0,0,0,0,TREND_REVERSAL_UNCONFIRMED,1,0.45,SHORT,1,0,0,0
NEARUSDT,1773583200000,2026-03-15T14:00:00.000Z,NEUTRAL,NONE,0,7.875,IGNORE,0,WATCH,,0,0,0,NA,NA,NA,NA,NA,BLOCK,0,0,0,0,0,TREND_REVERSAL_UNCONFIRMED,0,0.45,NONE,1,0,0,0
NEARUSDT,1773586800000,2026-03-15T15:00:00.000Z,NEUTRAL,NONE,0,7.875,IGNORE,0,WATCH,,0,0,0,NA,NA,NA,NA,NA,WARNING_SOFT,1,0,0,0,0,TREND_REVERSAL_UNCONFIRMED,0,0.45,NONE,1,0,0,0
NEARUSDT,1773590400000,2026-03-15T16:00:00.000Z,NEUTRAL,NONE,0,7.875,IGNORE,0,WATCH,,0,0,0,NA,NA,NA,NA,NA,WARNING_SOFT,1,0,0,0,0,TREND_REVERSAL_UNCONFIRMED,0,0.45,NONE,1,0,0,0
NEARUSDT,1773594000000,2026-03-15T17:00:00.000Z,BULL,SHORT,17.5,12.909375,IGNORE,0,WATCH,,0,0,0,NA,NA,NA,NA,NA,WARNING_SOFT,1,0,0,0,0,TREND_REVERSAL_UNCONFIRMED,1,0.45,SHORT,1,0,0,0
NEARUSDT,1773597600000,2026-03-15T18:00:00.000Z,NEUTRAL,NONE,0,7.875,IGNORE,0,WATCH,,0,0,0,NA,NA,NA,NA,NA,WARNING_SOFT,1,0,0,0,0,TREND_REVERSAL_UNCONFIRMED,0,0.45,NONE,1,0,0,0
NEARUSDT,1773601200000,2026-03-15T19:00:00.000Z,BULL,SHORT,17.5,12.909375,IGNORE,0,WATCH,,0,0,0,NA,NA,NA,NA,NA,WARNING_SOFT,1,0,0,0,0,TREND_REVERSAL_UNCONFIRMED,1,0.45,SHORT,1,0,0,0
NEARUSDT,1773604800000,2026-03-15T20:00:00.000Z,BULL,SHORT,17.5,12.909375,IGNORE,0,WATCH,,0,0,0,NA,NA,NA,NA,NA,WARNING_SOFT,1,0,0,0,0,TREND_REVERSAL_UNCONFIRMED,1,0.45,SHORT,1,0,0,0
NEARUSDT,1773608400000,2026-03-15T21:00:00.000Z,BULL,SHORT,17.5,12.909375,IGNORE,0,WATCH,,0,0,0,NA,NA,NA,NA,NA,CLEAR,1,0,0,0,0,TREND_REVERSAL_UNCONFIRMED,1,0.45,SHORT,1,0,0,0
NEARUSDT,1773612000000,2026-03-15T22:00:00.000Z,BULL,SHORT,63.41612421593587,44.07717025974257,WATCH,1,WATCH,ACTIVE,1,1,0,FAIL,PASS,SKIP,SKIP,FAIL,CLEAR,1,0,0,0,0,MARKET_CONTEXT_DENIED,3,0.84,SHORT,1,0,0,0
NEARUSDT,1773615600000,2026-03-15T23:00:00.000Z,BULL,SHORT,37.484289655265634,18.139387810352172,IGNORE,0,WATCH,,0,0,0,NA,NA,NA,NA,NA,WARNING_SOFT,1,0,0,0,0,TREND_REVERSAL_UNCONFIRMED,2,0.45,SHORT,1,0,0,0
NEARUSDT,1773619200000,2026-03-16T00:00:00.000Z,BULL,SHORT,14.78215698464089,12.69534486254047,IGNORE,0,WATCH,,0,0,0,NA,NA,NA,NA,NA,BLOCK,0,0,0,0,0,TREND_REVERSAL_UNCONFIRMED,1,0.45,SHORT,1,0,0,0
NEARUSDT,1773622800000,2026-03-16T01:00:00.000Z,BULL,SHORT,13.245673357178296,12.574346776877793,IGNORE,0,WATCH,,0,0,0,NA,NA,NA,NA,NA,CLEAR,1,0,0,0,0,TREND_REVERSAL_UNCONFIRMED,1,0.45,SHORT,1,0,0,0
NEARUSDT,1773626400000,2026-03-16T02:00:00.000Z,BULL,SHORT,17.74316104166809,12.928523932031363,IGNORE,0,WATCH,,0,0,0,NA,NA,NA,NA,NA,CLEAR,1,0,0,0,0,TREND_REVERSAL_UNCONFIRMED,1,0.45,SHORT,1,0,0,0
NEARUSDT,1773630000000,2026-03-16T03:00:00.000Z,BULL,SHORT,25,13.5,IGNORE,0,WATCH,,0,0,0,NA,NA,NA,NA,NA,CLEAR,1,1,0,0,0,TREND_REVERSAL_UNCONFIRMED,1,0.45,SHORT,1,0,0,0
NEARUSDT,1773633600000,2026-03-16T04:00:00.000Z,BULL,SHORT,16.666666666666664,12.84375,IGNORE,0,WATCH,,0,0,0,NA,NA,NA,NA,NA,CLEAR,1,0,0,0,0,TREND_REVERSAL_UNCONFIRMED,1,0.45,SHORT,1,0,0,0
NEARUSDT,1773637200000,2026-03-16T05:00:00.000Z,BULL,SHORT,16.666666666666664,12.84375,IGNORE,0,WATCH,,0,0,0,NA,NA,NA,NA,NA,CLEAR,1,0,0,0,0,TREND_REVERSAL_UNCONFIRMED,1,0.45,SHORT,1,0,0,0
NEARUSDT,1773640800000,2026-03-16T06:00:00.000Z,BULL,SHORT,38.13928378298711,18.190968597910235,IGNORE,0,WATCH,,0,0,0,NA,NA,NA,NA,NA,CLEAR,1,0,0,0,0,TREND_REVERSAL_UNCONFIRMED,2,0.45,SHORT,1,0,0,0
NEARUSDT,1773644400000,2026-03-16T07:00:00.000Z,BULL,SHORT,0,7.875,IGNORE,0,WATCH,,0,0,0,NA,NA,NA,NA,NA,CLEAR,1,0,0,0,0,TREND_REVERSAL_UNCONFIRMED,0,0.45,SHORT,1,0,0,0
NEARUSDT,1773648000000,2026-03-16T08:00:00.000Z,BULL,SHORT,17.15624035895422,12.882303928267646,IGNORE,0,WATCH,,0,0,0,NA,NA,NA,NA,NA,CLEAR,1,0,0,0,0,TREND_REVERSAL_UNCONFIRMED,1,0.45,SHORT,1,0,0,0
NEARUSDT,1773651600000,2026-03-16T09:00:00.000Z,BULL,SHORT,0,7.875,IGNORE,0,WATCH,,0,0,0,NA,NA,NA,NA,NA,WARNING_SOFT,1,0,0,0,0,TREND_REVERSAL_UNCONFIRMED,0,0.45,SHORT,1,0,0,0
NEARUSDT,1773655200000,2026-03-16T10:00:00.000Z,BULL,SHORT,0,7.875,IGNORE,0,WATCH,,0,0,0,NA,NA,NA,NA,NA,WARNING_SOFT,1,0,0,0,0,TREND_REVERSAL_UNCONFIRMED,0,0.45,SHORT,1,0,0,0
NEARUSDT,1773658800000,2026-03-16T11:00:00.000Z,BULL,SHORT,0,7.875,IGNORE,0,WATCH,,0,0,0,NA,NA,NA,NA,NA,CLEAR,1,0,0,0,0,TREND_REVERSAL_UNCONFIRMED,0,0.45,SHORT,1,0,0,0
NEARUSDT,1773662400000,2026-03-16T12:00:00.000Z,BULL,SHORT,0,7.875,IGNORE,0,WATCH,,0,0,0,NA,NA,NA,NA,NA,CLEAR,1,0,0,0,0,TREND_REVERSAL_UNCONFIRMED,0,0.45,SHORT,1,0,0,0
NEARUSDT,1773666000000,2026-03-16T13:00:00.000Z,BULL,SHORT,39.93055555555556,18.33203125,IGNORE,0,WATCH,,0,0,0,NA,NA,NA,NA,NA,CLEAR,1,1,0,0,0,TREND_REVERSAL_UNCONFIRMED,2,0.45,SHORT,1,0,0,0
NEARUSDT,1773669600000,2026-03-16T14:00:00.000Z,BULL,SHORT,48.76219560488221,19.027522903884474,IGNORE,0,WATCH,,0,0,0,NA,NA,NA,NA,NA,CLEAR,1,0,0,0,0,TREND_REVERSAL_UNCONFIRMED,2,0.45,SHORT,1,0,0,0
NEARUSDT,1773673200000,2026-03-16T15:00:00.000Z,BULL,SHORT,0,7.875,IGNORE,0,WATCH,,0,0,0,NA,NA,NA,NA,NA,CLEAR,1,0,0,0,0,TREND_REVERSAL_UNCONFIRMED,0,0.45,SHORT,1,0,0,0
NEARUSDT,1773676800000,2026-03-16T16:00:00.000Z,BULL,SHORT,13.59949049534745,12.602209876508612,IGNORE,0,WATCH,,0,0,0,NA,NA,NA,NA,NA,CLEAR,1,0,0,0,0,TREND_REVERSAL_UNCONFIRMED,1,0.45,SHORT,1,0,0,0
NEARUSDT,1773680400000,2026-03-16T17:00:00.000Z,BULL,SHORT,0,7.875,IGNORE,0,WATCH,,0,0,0,NA,NA,NA,NA,NA,CLEAR,1,0,0,0,0,TREND_REVERSAL_UNCONFIRMED,0,0.45,SHORT,1,0,0,0
NEARUSDT,1773684000000,2026-03-16T18:00:00.000Z,BULL,SHORT,0,7.875,IGNORE,0,WATCH,,0,0,0,NA,NA,NA,NA,NA,CLEAR,1,0,0,0,0,TREND_REVERSAL_UNCONFIRMED,0,0.45,SHORT,1,0,0,0
NEARUSDT,1773687600000,2026-03-16T19:00:00.000Z,BULL,SHORT,14.583333333333332,12.6796875,IGNORE,0,WATCH,,0,0,0,NA,NA,NA,NA,NA,CLEAR,1,0,0,0,0,TREND_REVERSAL_UNCONFIRMED,1,0.45,SHORT,1,0,0,0
NEARUSDT,1773691200000,2026-03-16T20:00:00.000Z,BULL,SHORT,12.847222222222221,12.54296875,IGNORE,0,WATCH,,0,0,0,NA,NA,NA,NA,NA,CLEAR,1,0,0,0,0,TREND_REVERSAL_UNCONFIRMED,1,0.45,SHORT,1,0,0,0
NEARUSDT,1773694800000,2026-03-16T21:00:00.000Z,BULL,SHORT,52.159467242675575,50.82244168467331,WATCH,1,WATCH,ACTIVE,1,1,0,FAIL,PASS,SKIP,SKIP,PASS,CLEAR,1,0,0,0,0,MARKET_CONTEXT_DENIED,3,0.84,SHORT,0,1,0,0
NEARUSDT,1773698400000,2026-03-16T22:00:00.000Z,BULL,SHORT,31.40451614578668,17.660605646480704,IGNORE,0,WATCH,,0,0,0,NA,NA,NA,NA,NA,CLEAR,1,0,0,0,0,TREND_REVERSAL_UNCONFIRMED,2,0.45,SHORT,1,0,0,0
NEARUSDT,1773702000000,2026-03-16T23:00:00.000Z,BULL,SHORT,12.847222222222221,12.54296875,IGNORE,0,WATCH,,0,0,0,NA,NA,NA,NA,NA,CLEAR,1,0,0,0,0,TREND_REVERSAL_UNCONFIRMED,1,0.45,SHORT,1,0,0,0
NEARUSDT,1773705600000,2026-03-17T00:00:00.000Z,BULL,SHORT,26.046613360576984,17.238670802145435,IGNORE,0,WATCH,,0,0,0,NA,NA,NA,NA,NA,CLEAR,1,0,0,0,0,TREND_REVERSAL_UNCONFIRMED,2,0.45,SHORT,1,0,0,0
NEARUSDT,1773709200000,2026-03-17T01:00:00.000Z,BULL,SHORT,0,7.875,IGNORE,0,WATCH,,0,0,0,NA,NA,NA,NA,NA,CLEAR,1,0,0,0,0,TREND_REVERSAL_UNCONFIRMED,0,0.45,SHORT,1,0,0,0
NEARUSDT,1773712800000,2026-03-17T02:00:00.000Z,BULL,SHORT,0,7.875,IGNORE,0,WATCH,,0,0,0,NA,NA,NA,NA,NA,WARNING_SOFT,1,0,0,0,0,TREND_REVERSAL_UNCONFIRMED,0,0.45,SHORT,1,0,0,0
NEARUSDT,1773716400000,2026-03-17T03:00:00.000Z,BULL,SHORT,0,7.875,IGNORE,0,WATCH,,0,0,0,NA,NA,NA,NA,NA,WARNING_SOFT,1,0,0,0,0,TREND_REVERSAL_UNCONFIRMED,0,0.45,SHORT,1,0,0,0
NEARUSDT,1773720000000,2026-03-17T04:00:00.000Z,NEUTRAL,NONE,0,7.875,IGNORE,0,WATCH,,0,0,0,NA,NA,NA,NA,NA,WARNING_SOFT,1,0,0,0,0,TREND_REVERSAL_UNCONFIRMED,0,0.45,NONE,1,0,0,0
NEARUSDT,1773723600000,2026-03-17T05:00:00.000Z,NEUTRAL,NONE,0,7.875,IGNORE,0,WATCH,,0,0,0,NA,NA,NA,NA,NA,WARNING_SOFT,1,0,0,0,0,TREND_REVERSAL_UNCONFIRMED,0,0.45,NONE,1,0,0,0
NEARUSDT,1773727200000,2026-03-17T06:00:00.000Z,BULL,SHORT,0,7.875,IGNORE,0,WATCH,,0,0,0,NA,NA,NA,NA,NA,WARNING_SOFT,1,0,0,0,0,TREND_REVERSAL_UNCONFIRMED,0,0.45,SHORT,1,0,0,0
NEARUSDT,1773730800000,2026-03-17T07:00:00.000Z,BULL,SHORT,0,7.875,IGNORE,0,WATCH,,0,0,0,NA,NA,NA,NA,NA,WARNING_SOFT,1,0,0,0,0,TREND_REVERSAL_UNCONFIRMED,0,0.45,SHORT,1,0,0,0
NEARUSDT,1773734400000,2026-03-17T08:00:00.000Z,BULL,SHORT,0,7.875,IGNORE,0,WATCH,,0,0,0,NA,NA,NA,NA,NA,WARNING_SOFT,1,0,0,0,0,TREND_REVERSAL_UNCONFIRMED,0,0.45,SHORT,1,0,0,0
NEARUSDT,1773738000000,2026-03-17T09:00:00.000Z,BULL,SHORT,25,13.5,IGNORE,0,WATCH,,0,0,0,NA,NA,NA,NA,NA,WARNING_SOFT,1,0,0,0,0,TREND_REVERSAL_UNCONFIRMED,1,0.45,SHORT,1,0,0,0
NEARUSDT,1773741600000,2026-03-17T10:00:00.000Z,BULL,SHORT,0,7.875,IGNORE,0,WATCH,,0,0,0,NA,NA,NA,NA,NA,WARNING_SOFT,1,0,0,0,0,TREND_REVERSAL_UNCONFIRMED,0,0.45,SHORT,1,0,0,0
NEARUSDT,1773745200000,2026-03-17T11:00:00.000Z,NEUTRAL,NONE,0,7.875,IGNORE,0,WATCH,,0,0,0,NA,NA,NA,NA,NA,WARNING_SOFT,1,0,0,0,0,TREND_REVERSAL_UNCONFIRMED,0,0.45,NONE,1,0,0,0
NEARUSDT,1773748800000,2026-03-17T12:00:00.000Z,NEUTRAL,NONE,0,7.875,IGNORE,0,WATCH,,0,0,0,NA,NA,NA,NA,NA,WARNING_SOFT,1,0,0,0,0,TREND_REVERSAL_UNCONFIRMED,0,0.45,NONE,1,0,0,0
NEARUSDT,1773752400000,2026-03-17T13:00:00.000Z,NEUTRAL,NONE,0,7.875,IGNORE,0,WATCH,,0,0,0,NA,NA,NA,NA,NA,WARNING_SOFT,1,0,0,0,0,TREND_REVERSAL_UNCONFIRMED,0,0.45,NONE,1,0,0,0
NEARUSDT,1773756000000,2026-03-17T14:00:00.000Z,BULL,SHORT,17.5,12.909375,IGNORE,0,WATCH,,0,0,0,NA,NA,NA,NA,NA,BLOCK,0,0,0,0,0,TREND_REVERSAL_UNCONFIRMED,1,0.45,SHORT,1,0,0,0
NEARUSDT,1773759600000,2026-03-17T15:00:00.000Z,BULL,SHORT,17.5,12.909375,IGNORE,0,WATCH,,0,0,0,NA,NA,NA,NA,NA,WARNING_HARD,1,0,0,0,0,TREND_REVERSAL_UNCONFIRMED,1,0.45,SHORT,1,0,0,0
NEARUSDT,1773763200000,2026-03-17T16:00:00.000Z,BULL,SHORT,17.5,12.909375,IGNORE,0,WATCH,,0,0,0,NA,NA,NA,NA,NA,CLEAR,1,0,0,0,0,TREND_REVERSAL_UNCONFIRMED,1,0.45,SHORT,1,0,0,0
NEARUSDT,1773766800000,2026-03-17T17:00:00.000Z,BULL,SHORT,17.5,12.909375,IGNORE,0,WATCH,,0,0,0,NA,NA,NA,NA,NA,CLEAR,1,0,0,0,0,TREND_REVERSAL_UNCONFIRMED,1,0.45,SHORT,1,0,0,0
NEARUSDT,1773770400000,2026-03-17T18:00:00.000Z,BULL,SHORT,17.5,12.909375,IGNORE,0,WATCH,,0,0,0,NA,NA,NA,NA,NA,CLEAR,1,0,0,0,0,TREND_REVERSAL_UNCONFIRMED,1,0.45,SHORT,1,0,0,0
NEARUSDT,1773774000000,2026-03-17T19:00:00.000Z,BULL,SHORT,17.5,12.909375,IGNORE,0,WATCH,,0,0,0,NA,NA,NA,NA,NA,WARNING_SOFT,1,0,0,0,0,TREND_REVERSAL_UNCONFIRMED,1,0.45,SHORT,1,0,0,0
NEARUSDT,1773777600000,2026-03-17T20:00:00.000Z,BULL,SHORT,17.5,12.909375,IGNORE,0,WATCH,,0,0,0,NA,NA,NA,NA,NA,WARNING_SOFT,1,0,0,0,0,TREND_REVERSAL_UNCONFIRMED,1,0.45,SHORT,1,0,0,0
NEARUSDT,1773781200000,2026-03-17T21:00:00.000Z,BULL,SHORT,17.5,12.909375,IGNORE,0,WATCH,,0,0,0,NA,NA,NA,NA,NA,CLEAR,1,0,0,0,0,TREND_REVERSAL_UNCONFIRMED,1,0.45,SHORT,1,0,0,0
NEARUSDT,1773784800000,2026-03-17T22:00:00.000Z,BULL,SHORT,17.5,12.909375,IGNORE,0,WATCH,,0,0,0,NA,NA,NA,NA,NA,WARNING_SOFT,1,0,0,0,0,TREND_REVERSAL_UNCONFIRMED,1,0.45,SHORT,1,0,0,0
NEARUSDT,1773788400000,2026-03-17T23:00:00.000Z,NEUTRAL,NONE,0,7.875,IGNORE,0,WATCH,,0,0,0,NA,NA,NA,NA,NA,WARNING_SOFT,1,0,0,0,0,TREND_REVERSAL_UNCONFIRMED,0,0.45,NONE,1,0,0,0
NEARUSDT,1773792000000,2026-03-18T00:00:00.000Z,BULL,SHORT,0,7.875,IGNORE,0,WATCH,,0,0,0,NA,NA,NA,NA,NA,BLOCK,0,0,0,0,0,TREND_REVERSAL_UNCONFIRMED,0,0.45,SHORT,1,0,0,0
NEARUSDT,1773795600000,2026-03-18T01:00:00.000Z,NEUTRAL,NONE,0,7.875,IGNORE,0,WATCH,,0,0,0,NA,NA,NA,NA,NA,WARNING_SOFT,1,0,0,0,0,TREND_REVERSAL_UNCONFIRMED,0,0.45,NONE,1,0,0,0
NEARUSDT,1773799200000,2026-03-18T02:00:00.000Z,BULL,SHORT,0,7.875,IGNORE,0,WATCH,,0,0,0,NA,NA,NA,NA,NA,WARNING_SOFT,1,0,0,0,0,TREND_REVERSAL_UNCONFIRMED,0,0.45,SHORT,1,0,0,0
NEARUSDT,1773802800000,2026-03-18T03:00:00.000Z,BULL,SHORT,0,7.875,IGNORE,0,WATCH,,0,0,0,NA,NA,NA,NA,NA,CLEAR,1,0,0,0,0,TREND_REVERSAL_UNCONFIRMED,0,0.45,SHORT,1,0,0,0
NEARUSDT,1773806400000,2026-03-18T04:00:00.000Z,BULL,SHORT,0,7.875,IGNORE,0,WATCH,,0,0,0,NA,NA,NA,NA,NA,WARNING_SOFT,1,0,0,0,0,TREND_REVERSAL_UNCONFIRMED,0,0.45,SHORT,1,0,0,0
NEARUSDT,1773810000000,2026-03-18T05:00:00.000Z,NEUTRAL,NONE,0,7.875,IGNORE,0,WATCH,,0,0,0,NA,NA,NA,NA,NA,WARNING_SOFT,1,0,0,0,0,TREND_REVERSAL_UNCONFIRMED,0,0.45,NONE,1,0,0,0
NEARUSDT,1773813600000,2026-03-18T06:00:00.000Z,NEUTRAL,NONE,0,7.875,IGNORE,0,WATCH,,0,0,0,NA,NA,NA,NA,NA,WARNING_SOFT,1,0,0,0,0,TREND_REVERSAL_UNCONFIRMED,0,0.45,NONE,1,0,0,0
NEARUSDT,1773817200000,2026-03-18T07:00:00.000Z,NEUTRAL,NONE,0,7.875,IGNORE,0,WATCH,,0,0,0,NA,NA,NA,NA,NA,BLOCK,0,0,0,0,0,TREND_REVERSAL_UNCONFIRMED,0,0.45,NONE,1,0,0,0
NEARUSDT,1773820800000,2026-03-18T08:00:00.000Z,NEUTRAL,NONE,0,7.875,IGNORE,0,WATCH,,0,0,0,NA,NA,NA,NA,NA,WARNING_SOFT,1,0,0,0,0,TREND_REVERSAL_UNCONFIRMED,0,0.45,NONE,1,0,0,0
NEARUSDT,1773824400000,2026-03-18T09:00:00.000Z,BULL,SHORT,12.551398116492212,12.519672601673761,IGNORE,0,WATCH,,0,0,0,NA,NA,NA,NA,NA,WARNING_SOFT,1,0,0,0,0,TREND_REVERSAL_UNCONFIRMED,1,0.45,SHORT,1,0,0,0
NEARUSDT,1773828000000,2026-03-18T10:00:00.000Z,BULL,SHORT,0,7.875,IGNORE,0,WATCH,,0,0,0,NA,NA,NA,NA,NA,WARNING_SOFT,1,0,0,0,0,TREND_REVERSAL_UNCONFIRMED,0,0.45,SHORT,1,0,0,0
NEARUSDT,1773831600000,2026-03-18T11:00:00.000Z,NEUTRAL,NONE,0,7.875,IGNORE,0,WATCH,,0,0,0,NA,NA,NA,NA,NA,BLOCK,0,0,0,0,0,TREND_REVERSAL_UNCONFIRMED,0,0.45,NONE,1,0,0,0
NEARUSDT,1773835200000,2026-03-18T12:00:00.000Z,NEUTRAL,NONE,0,7.875,IGNORE,0,WATCH,,0,0,0,NA,NA,NA,NA,NA,BLOCK,0,0,0,0,0,TREND_REVERSAL_UNCONFIRMED,0,0.45,NONE,1,0,0,0
NEARUSDT,1773838800000,2026-03-18T13:00:00.000Z,NEUTRAL,NONE,0,7.875,IGNORE,0,WATCH,,0,0,0,NA,NA,NA,NA,NA,WARNING_SOFT,1,0,0,0,0,TREND_REVERSAL_UNCONFIRMED,0,0.45,NONE,1,0,0,0
NEARUSDT,1773842400000,2026-03-18T14:00:00.000Z,NEUTRAL,NONE,0,7.875,IGNORE,0,WATCH,,0,0,0,NA,NA,NA,NA,NA,BLOCK,0,0,1,0,0,TREND_REVERSAL_UNCONFIRMED,0,0.45,NONE,1,0,0,0
NEARUSDT,1773846000000,2026-03-18T15:00:00.000Z,NEUTRAL,NONE,0,7.875,IGNORE,0,WATCH,,0,0,0,NA,NA,NA,NA,NA,BLOCK,0,0,0,0,0,TREND_REVERSAL_UNCONFIRMED,0,0.45,NONE,1,0,0,0
NEARUSDT,1773849600000,2026-03-18T16:00:00.000Z,BEAR,LONG,32.05927237212869,17.712167699305134,IGNORE,0,WATCH,,0,0,0,NA,NA,NA,NA,NA,CLEAR,1,0,0,0,0,TREND_REVERSAL_UNCONFIRMED,2,0.45,LONG,1,0,0,0
NEARUSDT,1773853200000,2026-03-18T17:00:00.000Z,BEAR,LONG,0,7.875,IGNORE,0,WATCH,,0,0,0,NA,NA,NA,NA,NA,CLEAR,1,0,0,0,0,TREND_REVERSAL_UNCONFIRMED,0,0.45,LONG,1,0,0,0
NEARUSDT,1773856800000,2026-03-18T18:00:00.000Z,BEAR,LONG,14.818948207195161,12.698242171316618,IGNORE,0,WATCH,,0,0,0,NA,NA,NA,NA,NA,CLEAR,1,0,0,0,0,TREND_REVERSAL_UNCONFIRMED,1,0.45,LONG,1,0,0,0
NEARUSDT,1773860400000,2026-03-18T19:00:00.000Z,BEAR,LONG,0,7.875,IGNORE,0,WATCH,,0,0,0,NA,NA,NA,NA,NA,CLEAR,1,0,0,0,0,TREND_REVERSAL_UNCONFIRMED,0,0.45,LONG,1,0,0,0
NEARUSDT,1773864000000,2026-03-18T20:00:00.000Z,BEAR,LONG,0,7.875,IGNORE,0,WATCH,,0,0,0,NA,NA,NA,NA,NA,CLEAR,1,0,0,0,0,TREND_REVERSAL_UNCONFIRMED,0,0.45,LONG,1,0,0,0
NEARUSDT,1773867600000,2026-03-18T21:00:00.000Z,BEAR,LONG,0,7.875,IGNORE,0,WATCH,,0,0,0,NA,NA,NA,NA,NA,CLEAR,1,0,0,0,0,TREND_REVERSAL_UNCONFIRMED,0,0.45,LONG,1,0,0,0
NEARUSDT,1773871200000,2026-03-18T22:00:00.000Z,BEAR,LONG,0,7.875,IGNORE,0,WATCH,,0,0,0,NA,NA,NA,NA,NA,CLEAR,1,0,0,0,0,TREND_REVERSAL_UNCONFIRMED,0,0.45,LONG,1,0,0,0
NEARUSDT,1773874800000,2026-03-18T23:00:00.000Z,BEAR,LONG,0,7.875,IGNORE,0,WATCH,,0,0,0,NA,NA,NA,NA,NA,CLEAR,1,0,0,0,0,TREND_REVERSAL_UNCONFIRMED,0,0.45,LONG,1,0,0,0
NEARUSDT,1773878400000,2026-03-19T00:00:00.000Z,BEAR,LONG,0,7.875,IGNORE,0,WATCH,,0,0,0,NA,NA,NA,NA,NA,CLEAR,1,0,0,0,0,TREND_REVERSAL_UNCONFIRMED,0,0.45,LONG,1,0,0,0
NEARUSDT,1773882000000,2026-03-19T01:00:00.000Z,BEAR,LONG,12.847222222222221,12.54296875,IGNORE,0,WATCH,,0,0,0,NA,NA,NA,NA,NA,CLEAR,1,0,0,0,0,TREND_REVERSAL_UNCONFIRMED,1,0.45,LONG,1,0,0,0
NEARUSDT,1773885600000,2026-03-19T02:00:00.000Z,BEAR,LONG,0,7.875,IGNORE,0,WATCH,,0,0,0,NA,NA,NA,NA,NA,CLEAR,1,0,0,0,0,TREND_REVERSAL_UNCONFIRMED,0,0.45,LONG,1,0,0,0
NEARUSDT,1773889200000,2026-03-19T03:00:00.000Z,BEAR,LONG,0,7.875,IGNORE,0,WATCH,,0,0,0,NA,NA,NA,NA,NA,WARNING_SOFT,1,0,0,0,0,TREND_REVERSAL_UNCONFIRMED,0,0.45,LONG,1,0,0,0
NEARUSDT,1773892800000,2026-03-19T04:00:00.000Z,BEAR,LONG,12.847222222222221,12.54296875,IGNORE,0,WATCH,,0,0,0,NA,NA,NA,NA,NA,CLEAR,1,0,0,0,0,TREND_REVERSAL_UNCONFIRMED,1,0.45,LONG,1,0,0,0
NEARUSDT,1773896400000,2026-03-19T05:00:00.000Z,BEAR,LONG,14.170150164067769,12.647149325420337,IGNORE,0,WATCH,,0,0,0,NA,NA,NA,NA,NA,CLEAR,1,0,0,0,0,TREND_REVERSAL_UNCONFIRMED,1,0.45,LONG,1,0,0,0
NEARUSDT,1773900000000,2026-03-19T06:00:00.000Z,BEAR,LONG,12.847222222222221,12.54296875,IGNORE,0,WATCH,,0,0,0,NA,NA,NA,NA,NA,CLEAR,1,0,0,0,0,TREND_REVERSAL_UNCONFIRMED,1,0.45,LONG,1,0,0,0
NEARUSDT,1773903600000,2026-03-19T07:00:00.000Z,BEAR,LONG,16.776428781685393,12.852393766557725,IGNORE,0,WATCH,,0,0,0,NA,NA,NA,NA,NA,CLEAR,1,0,0,0,0,TREND_REVERSAL_UNCONFIRMED,1,0.45,LONG,1,0,0,0
NEARUSDT,1773907200000,2026-03-19T08:00:00.000Z,BEAR,LONG,16.666666666666664,12.84375,IGNORE,0,WATCH,,0,0,0,NA,NA,NA,NA,NA,CLEAR,1,0,0,0,0,TREND_REVERSAL_UNCONFIRMED,1,0.45,LONG,1,0,0,0
NEARUSDT,1773910800000,2026-03-19T09:00:00.000Z,BEAR,LONG,25,13.5,IGNORE,0,WATCH,,0,0,0,NA,NA,NA,NA,NA,CLEAR,1,0,0,0,0,TREND_REVERSAL_UNCONFIRMED,1,0.45,LONG,1,0,0,0
NEARUSDT,1773914400000,2026-03-19T10:00:00.000Z,BEAR,LONG,0,7.875,IGNORE,0,WATCH,,0,0,0,NA,NA,NA,NA,NA,CLEAR,1,0,0,0,0,TREND_REVERSAL_UNCONFIRMED,0,0.45,LONG,1,0,0,0
NEARUSDT,1773918000000,2026-03-19T11:00:00.000Z,BEAR,LONG,0,7.875,IGNORE,0,WATCH,,0,0,0,NA,NA,NA,NA,NA,CLEAR,1,0,0,0,0,TREND_REVERSAL_UNCONFIRMED,0,0.45,LONG,1,0,0,0
NEARUSDT,1773921600000,2026-03-19T12:00:00.000Z,BEAR,LONG,0,7.875,IGNORE,0,WATCH,,0,0,0,NA,NA,NA,NA,NA,CLEAR,1,0,0,0,0,TREND_REVERSAL_UNCONFIRMED,0,0.45,LONG,1,0,0,0
NEARUSDT,1773925200000,2026-03-19T13:00:00.000Z,BEAR,LONG,25,13.5,IGNORE,0,WATCH,,0,0,0,NA,NA,NA,NA,NA,CLEAR,1,0,0,0,0,TREND_REVERSAL_UNCONFIRMED,1,0.45,LONG,1,0,0,0
NEARUSDT,1773928800000,2026-03-19T14:00:00.000Z,BEAR,LONG,39.055877065290396,18.26315031889162,IGNORE,0,WATCH,,0,0,0,NA,NA,NA,NA,NA,CLEAR,1,0,0,0,0,TREND_REVERSAL_UNCONFIRMED,2,0.45,LONG,1,0,0,0
NEARUSDT,1773932400000,2026-03-19T15:00:00.000Z,BEAR,LONG,0,7.875,IGNORE,0,WATCH,,0,0,0,NA,NA,NA,NA,NA,CLEAR,1,0,0,0,0,TREND_REVERSAL_UNCONFIRMED,0,0.45,LONG,1,0,0,0
NEARUSDT,1773936000000,2026-03-19T16:00:00.000Z,BEAR,LONG,0,7.875,IGNORE,0,WATCH,,0,0,0,NA,NA,NA,NA,NA,CLEAR,1,0,0,0,0,TREND_REVERSAL_UNCONFIRMED,0,0.45,LONG,1,0,0,0
NEARUSDT,1773939600000,2026-03-19T17:00:00.000Z,BEAR,LONG,0,7.875,IGNORE,0,WATCH,,0,0,0,NA,NA,NA,NA,NA,CLEAR,1,0,0,0,0,TREND_REVERSAL_UNCONFIRMED,0,0.45,LONG,1,0,0,0
NEARUSDT,1773943200000,2026-03-19T18:00:00.000Z,BEAR,LONG,25,13.5,IGNORE,0,WATCH,,0,0,0,NA,NA,NA,NA,NA,CLEAR,1,0,0,0,0,TREND_REVERSAL_UNCONFIRMED,1,0.45,LONG,1,0,0,0
NEARUSDT,1773946800000,2026-03-19T19:00:00.000Z,BEAR,LONG,14.901110086570835,12.704712419317453,IGNORE,0,WATCH,,0,0,0,NA,NA,NA,NA,NA,WARNING_SOFT,1,0,0,0,0,TREND_REVERSAL_UNCONFIRMED,1,0.45,LONG,1,0,0,0
NEARUSDT,1773950400000,2026-03-19T20:00:00.000Z,BEAR,LONG,0,7.875,IGNORE,0,WATCH,,0,0,0,NA,NA,NA,NA,NA,WARNING_SOFT,1,0,0,0,0,TREND_REVERSAL_UNCONFIRMED,0,0.45,LONG,1,0,0,0
NEARUSDT,1773954000000,2026-03-19T21:00:00.000Z,BEAR,LONG,0,7.875,IGNORE,0,WATCH,,0,0,0,NA,NA,NA,NA,NA,WARNING_SOFT,1,0,0,0,0,TREND_REVERSAL_UNCONFIRMED,0,0.45,LONG,1,0,0,0
NEARUSDT,1773957600000,2026-03-19T22:00:00.000Z,BEAR,LONG,25,13.5,IGNORE,0,WATCH,,0,0,0,NA,NA,NA,NA,NA,CLEAR,1,0,0,0,0,TREND_REVERSAL_UNCONFIRMED,1,0.45,LONG,1,0,0,0
NEARUSDT,1773961200000,2026-03-19T23:00:00.000Z,BEAR,LONG,0,7.875,IGNORE,0,WATCH,,0,0,0,NA,NA,NA,NA,NA,CLEAR,1,0,0,0,0,TREND_REVERSAL_UNCONFIRMED,0,0.45,LONG,1,0,0,0
NEARUSDT,1773964800000,2026-03-20T00:00:00.000Z,BEAR,LONG,0,7.875,IGNORE,0,WATCH,,0,0,0,NA,NA,NA,NA,NA,WARNING_SOFT,1,0,0,0,0,TREND_REVERSAL_UNCONFIRMED,0,0.45,LONG,1,0,0,0
NEARUSDT,1773968400000,2026-03-20T01:00:00.000Z,NEUTRAL,NONE,0,7.875,IGNORE,0,WATCH,,0,0,0,NA,NA,NA,NA,NA,CLEAR,1,0,0,0,0,TREND_REVERSAL_UNCONFIRMED,0,0.45,NONE,1,0,0,0
NEARUSDT,1773972000000,2026-03-20T02:00:00.000Z,NEUTRAL,NONE,0,7.875,IGNORE,0,WATCH,,0,0,0,NA,NA,NA,NA,NA,CLEAR,1,0,0,0,0,TREND_REVERSAL_UNCONFIRMED,0,0.45,NONE,1,0,0,0
NEARUSDT,1773975600000,2026-03-20T03:00:00.000Z,BEAR,LONG,17.5,12.909375,IGNORE,0,WATCH,,0,0,0,NA,NA,NA,NA,NA,WARNING_SOFT,1,0,0,0,0,TREND_REVERSAL_UNCONFIRMED,1,0.45,LONG,1,0,0,0
NEARUSDT,1773979200000,2026-03-20T04:00:00.000Z,NEUTRAL,NONE,0,7.875,IGNORE,0,WATCH,,0,0,0,NA,NA,NA,NA,NA,CLEAR,1,0,0,0,0,TREND_REVERSAL_UNCONFIRMED,0,0.45,NONE,1,0,0,0
NEARUSDT,1773982800000,2026-03-20T05:00:00.000Z,NEUTRAL,NONE,0,7.875,IGNORE,0,WATCH,,0,0,0,NA,NA,NA,NA,NA,CLEAR,1,0,0,0,0,TREND_REVERSAL_UNCONFIRMED,0,0.45,NONE,1,0,0,0
NEARUSDT,1773986400000,2026-03-20T06:00:00.000Z,NEUTRAL,NONE,0,7.875,IGNORE,0,WATCH,,0,0,0,NA,NA,NA,NA,NA,CLEAR,1,0,0,0,0,TREND_REVERSAL_UNCONFIRMED,0,0.45,NONE,1,0,0,0
NEARUSDT,1773990000000,2026-03-20T07:00:00.000Z,BEAR,LONG,38.07069840326086,18.185567499256795,IGNORE,0,WATCH,,0,0,0,NA,NA,NA,NA,NA,BLOCK,0,0,0,0,0,TREND_REVERSAL_UNCONFIRMED,2,0.45,LONG,1,0,0,0
NEARUSDT,1773993600000,2026-03-20T08:00:00.000Z,BEAR,LONG,17.5,12.909375,IGNORE,0,WATCH,,0,0,0,NA,NA,NA,NA,NA,BLOCK,0,0,0,0,0,TREND_REVERSAL_UNCONFIRMED,1,0.45,LONG,1,0,0,0
NEARUSDT,1773997200000,2026-03-20T09:00:00.000Z,BEAR,LONG,17.5,12.909375,IGNORE,0,WATCH,,0,0,0,NA,NA,NA,NA,NA,WARNING_SOFT,1,0,0,0,0,TREND_REVERSAL_UNCONFIRMED,1,0.45,LONG,1,0,0,0
NEARUSDT,1774000800000,2026-03-20T10:00:00.000Z,BEAR,LONG,17.5,12.909375,IGNORE,0,WATCH,,0,0,0,NA,NA,NA,NA,NA,WARNING_SOFT,1,0,0,0,0,TREND_REVERSAL_UNCONFIRMED,1,0.45,LONG,1,0,0,0
NEARUSDT,1774004400000,2026-03-20T11:00:00.000Z,BEAR,LONG,17.5,12.909375,IGNORE,0,WATCH,,0,0,0,NA,NA,NA,NA,NA,CLEAR,1,0,0,0,0,TREND_REVERSAL_UNCONFIRMED,1,0.45,LONG,1,0,0,0
NEARUSDT,1774008000000,2026-03-20T12:00:00.000Z,BEAR,LONG,32.468681342007734,17.74440865568311,IGNORE,0,WATCH,,0,0,0,NA,NA,NA,NA,NA,CLEAR,1,0,0,0,0,TREND_REVERSAL_UNCONFIRMED,2,0.45,LONG,1,0,0,0
NEARUSDT,1774011600000,2026-03-20T13:00:00.000Z,BEAR,LONG,32.24307294426731,17.72664199436105,IGNORE,0,WATCH,,0,0,0,NA,NA,NA,NA,NA,CLEAR,1,0,0,0,0,TREND_REVERSAL_UNCONFIRMED,2,0.45,LONG,1,0,0,0
NEARUSDT,1774015200000,2026-03-20T14:00:00.000Z,BEAR,LONG,38.82606117364046,18.24505231742419,IGNORE,0,WATCH,,0,0,0,NA,NA,NA,NA,NA,CLEAR,1,0,1,0,0,TREND_REVERSAL_UNCONFIRMED,2,0.45,LONG,1,0,0,0
NEARUSDT,1774018800000,2026-03-20T15:00:00.000Z,BEAR,LONG,42.5,18.534375,IGNORE,0,WATCH,,0,0,0,NA,NA,NA,NA,NA,CLEAR,1,0,0,0,0,TREND_REVERSAL_UNCONFIRMED,2,0.45,LONG,1,0,0,0
NEARUSDT,1774022400000,2026-03-20T16:00:00.000Z,BEAR,LONG,17.5,12.909375,IGNORE,0,WATCH,,0,0,0,NA,NA,NA,NA,NA,CLEAR,1,0,0,0,0,TREND_REVERSAL_UNCONFIRMED,1,0.45,LONG,1,0,0,0
NEARUSDT,1774026000000,2026-03-20T17:00:00.000Z,BEAR,LONG,42.5,18.534375,IGNORE,0,WATCH,,0,0,0,NA,NA,NA,NA,NA,CLEAR,1,0,0,0,0,TREND_REVERSAL_UNCONFIRMED,2,0.45,LONG,1,0,0,0
NEARUSDT,1774029600000,2026-03-20T18:00:00.000Z,BEAR,LONG,31.784032379159097,17.690492549858778,IGNORE,0,WATCH,,0,0,0,NA,NA,NA,NA,NA,CLEAR,1,0,0,0,0,TREND_REVERSAL_UNCONFIRMED,2,0.45,LONG,1,0,0,0
NEARUSDT,1774033200000,2026-03-20T19:00:00.000Z,BEAR,LONG,17.5,12.909375,IGNORE,0,WATCH,,0,0,0,NA,NA,NA,NA,NA,CLEAR,1,0,0,0,0,TREND_REVERSAL_UNCONFIRMED,1,0.45,LONG,1,0,0,0
NEARUSDT,1774036800000,2026-03-20T20:00:00.000Z,BEAR,LONG,17.5,12.909375,IGNORE,0,WATCH,,0,0,0,NA,NA,NA,NA,NA,CLEAR,1,0,0,0,0,TREND_REVERSAL_UNCONFIRMED,1,0.45,LONG,1,0,0,0
NEARUSDT,1774040400000,2026-03-20T21:00:00.000Z,BEAR,LONG,17.5,12.909375,IGNORE,0,WATCH,,0,0,0,NA,NA,NA,NA,NA,WARNING_SOFT,1,0,0,0,0,TREND_REVERSAL_UNCONFIRMED,1,0.45,LONG,1,0,0,0
NEARUSDT,1774044000000,2026-03-20T22:00:00.000Z,BEAR,LONG,0,7.875,IGNORE,0,WATCH,,0,0,0,NA,NA,NA,NA,NA,WARNING_SOFT,1,0,0,0,0,TREND_REVERSAL_UNCONFIRMED,0,0.45,LONG,1,0,0,0
NEARUSDT,1774047600000,2026-03-20T23:00:00.000Z,BEAR,LONG,0,7.875,IGNORE,0,WATCH,,0,0,0,NA,NA,NA,NA,NA,WARNING_SOFT,1,0,0,0,0,TREND_REVERSAL_UNCONFIRMED,0,0.45,LONG,1,0,0,0
NEARUSDT,1774051200000,2026-03-21T00:00:00.000Z,BEAR,LONG,0,7.875,IGNORE,0,WATCH,,0,0,0,NA,NA,NA,NA,NA,WARNING_SOFT,1,0,0,0,0,TREND_REVERSAL_UNCONFIRMED,0,0.45,LONG,1,0,0,0
NEARUSDT,1774054800000,2026-03-21T01:00:00.000Z,BEAR,LONG,12.847222222222221,12.54296875,IGNORE,0,WATCH,,0,0,0,NA,NA,NA,NA,NA,WARNING_SOFT,1,0,0,0,0,TREND_REVERSAL_UNCONFIRMED,1,0.45,LONG,1,0,0,0
NEARUSDT,1774058400000,2026-03-21T02:00:00.000Z,BEAR,LONG,25,13.5,IGNORE,0,WATCH,,0,0,0,NA,NA,NA,NA,NA,WARNING_SOFT,1,0,0,0,0,TREND_REVERSAL_UNCONFIRMED,1,0.45,LONG,1,0,0,0
NEARUSDT,1774062000000,2026-03-21T03:00:00.000Z,BEAR,LONG,17.5,12.909375,IGNORE,0,WATCH,,0,0,0,NA,NA,NA,NA,NA,WARNING_SOFT,1,0,0,0,0,TREND_REVERSAL_UNCONFIRMED,1,0.45,LONG,1,0,0,0
NEARUSDT,1774065600000,2026-03-21T04:00:00.000Z,BEAR,LONG,0,7.875,IGNORE,0,WATCH,,0,0,0,NA,NA,NA,NA,NA,WARNING_SOFT,1,0,0,0,0,TREND_REVERSAL_UNCONFIRMED,0,0.45,LONG,1,0,0,0
NEARUSDT,1774069200000,2026-03-21T05:00:00.000Z,BEAR,LONG,0,7.875,IGNORE,0,WATCH,,0,0,0,NA,NA,NA,NA,NA,WARNING_SOFT,1,0,0,0,0,TREND_REVERSAL_UNCONFIRMED,0,0.45,LONG,1,0,0,0
NEARUSDT,1774072800000,2026-03-21T06:00:00.000Z,BEAR,LONG,25,13.5,IGNORE,0,WATCH,,0,0,0,NA,NA,NA,NA,NA,WARNING_SOFT,1,0,0,0,0,TREND_REVERSAL_UNCONFIRMED,1,0.45,LONG,1,0,0,0
NEARUSDT,1774076400000,2026-03-21T07:00:00.000Z,BEAR,LONG,0,7.875,IGNORE,0,WATCH,,0,0,0,NA,NA,NA,NA,NA,WARNING_SOFT,1,0,0,0,0,TREND_REVERSAL_UNCONFIRMED,0,0.45,LONG,1,0,0,0
NEARUSDT,1774080000000,2026-03-21T08:00:00.000Z,BEAR,LONG,0,7.875,IGNORE,0,WATCH,,0,0,0,NA,NA,NA,NA,NA,WARNING_HARD,1,0,0,0,0,TREND_REVERSAL_UNCONFIRMED,0,0.45,LONG,1,0,0,0
NEARUSDT,1774083600000,2026-03-21T09:00:00.000Z,BEAR,LONG,12.847222222222221,12.54296875,IGNORE,0,WATCH,,0,0,0,NA,NA,NA,NA,NA,WARNING_SOFT,1,0,0,0,0,TREND_REVERSAL_UNCONFIRMED,1,0.45,LONG,1,0,0,0
NEARUSDT,1774087200000,2026-03-21T10:00:00.000Z,BEAR,LONG,0,7.875,IGNORE,0,WATCH,,0,0,0,NA,NA,NA,NA,NA,WARNING_SOFT,1,0,0,0,0,TREND_REVERSAL_UNCONFIRMED,0,0.45,LONG,1,0,0,0
NEARUSDT,1774090800000,2026-03-21T11:00:00.000Z,BEAR,LONG,0,7.875,IGNORE,0,WATCH,,0,0,0,NA,NA,NA,NA,NA,WARNING_SOFT,1,0,0,0,0,TREND_REVERSAL_UNCONFIRMED,0,0.45,LONG,1,0,0,0
NEARUSDT,1774094400000,2026-03-21T12:00:00.000Z,BEAR,LONG,12.847222222222221,12.54296875,IGNORE,0,WATCH,,0,0,0,NA,NA,NA,NA,NA,WARNING_SOFT,1,0,0,0,0,TREND_REVERSAL_UNCONFIRMED,1,0.45,LONG,1,0,0,0
NEARUSDT,1774098000000,2026-03-21T13:00:00.000Z,BEAR,LONG,0,7.875,IGNORE,0,WATCH,,0,0,0,NA,NA,NA,NA,NA,WARNING_SOFT,1,0,0,0,0,TREND_REVERSAL_UNCONFIRMED,0,0.45,LONG,1,0,0,0
NEARUSDT,1774101600000,2026-03-21T14:00:00.000Z,BEAR,LONG,14.798679349722072,12.696645998790613,IGNORE,0,WATCH,,0,0,0,NA,NA,NA,NA,NA,BLOCK,0,0,0,0,0,TREND_REVERSAL_UNCONFIRMED,1,0.45,LONG,1,0,0,0
NEARUSDT,1774105200000,2026-03-21T15:00:00.000Z,NEUTRAL,NONE,0,7.875,IGNORE,0,WATCH,,0,0,0,NA,NA,NA,NA,NA,CLEAR,1,0,0,0,0,TREND_REVERSAL_UNCONFIRMED,0,0.45,NONE,1,0,0,0
NEARUSDT,1774108800000,2026-03-21T16:00:00.000Z,NEUTRAL,NONE,0,7.875,IGNORE,0,WATCH,,0,0,0,NA,NA,NA,NA,NA,WARNING_HARD,1,0,0,0,0,TREND_REVERSAL_UNCONFIRMED,0,0.45,NONE,1,0,0,0
NEARUSDT,1774112400000,2026-03-21T17:00:00.000Z,NEUTRAL,NONE,0,7.875,IGNORE,0,WATCH,,0,0,0,NA,NA,NA,NA,NA,WARNING_SOFT,1,0,0,0,0,TREND_REVERSAL_UNCONFIRMED,0,0.45,NONE,1,0,0,0
NEARUSDT,1774116000000,2026-03-21T18:00:00.000Z,NEUTRAL,NONE,0,7.875,IGNORE,0,WATCH,,0,0,0,NA,NA,NA,NA,NA,WARNING_SOFT,1,0,0,0,0,TREND_REVERSAL_UNCONFIRMED,0,0.45,NONE,1,0,0,0
NEARUSDT,1774119600000,2026-03-21T19:00:00.000Z,NEUTRAL,NONE,0,7.875,IGNORE,0,WATCH,,0,0,0,NA,NA,NA,NA,NA,WARNING_SOFT,1,0,0,0,0,TREND_REVERSAL_UNCONFIRMED,0,0.45,NONE,1,0,0,0
NEARUSDT,1774123200000,2026-03-21T20:00:00.000Z,NEUTRAL,NONE,0,7.875,IGNORE,0,WATCH,,0,0,0,NA,NA,NA,NA,NA,WARNING_SOFT,1,0,0,0,0,TREND_REVERSAL_UNCONFIRMED,0,0.45,NONE,1,0,0,0
NEARUSDT,1774126800000,2026-03-21T21:00:00.000Z,BEAR,LONG,0,7.875,IGNORE,0,WATCH,,0,0,0,NA,NA,NA,NA,NA,WARNING_SOFT,1,0,0,0,0,TREND_REVERSAL_UNCONFIRMED,0,0.45,LONG,1,0,0,0
NEARUSDT,1774130400000,2026-03-21T22:00:00.000Z,BEAR,LONG,0,7.875,IGNORE,0,WATCH,,0,0,0,NA,NA,NA,NA,NA,CLEAR,1,0,0,0,0,TREND_REVERSAL_UNCONFIRMED,0,0.45,LONG,1,0,0,0
NEARUSDT,1774134000000,2026-03-21T23:00:00.000Z,BEAR,LONG,25,13.5,IGNORE,0,WATCH,,0,0,0,NA,NA,NA,NA,NA,CLEAR,1,0,0,0,0,TREND_REVERSAL_UNCONFIRMED,1,0.45,LONG,1,0,0,0
NEARUSDT,1774137600000,2026-03-22T00:00:00.000Z,BEAR,LONG,25,13.5,IGNORE,0,WATCH,,0,0,0,NA,NA,NA,NA,NA,CLEAR,1,0,0,0,0,TREND_REVERSAL_UNCONFIRMED,1,0.45,LONG,1,0,0,0
NEARUSDT,1774141200000,2026-03-22T01:00:00.000Z,BEAR,LONG,46.941463725956055,18.884140268419042,IGNORE,0,WATCH,,0,0,0,NA,NA,NA,NA,NA,CLEAR,1,0,0,0,0,TREND_REVERSAL_UNCONFIRMED,2,0.45,LONG,1,0,0,0
NEARUSDT,1774144800000,2026-03-22T02:00:00.000Z,BEAR,LONG,15.436612589272375,12.746883241405198,IGNORE,0,WATCH,,0,0,0,NA,NA,NA,NA,NA,CLEAR,1,0,0,0,0,TREND_REVERSAL_UNCONFIRMED,1,0.45,LONG,1,0,0,0
NEARUSDT,1774148400000,2026-03-22T03:00:00.000Z,BEAR,LONG,0,7.875,IGNORE,0,WATCH,,0,0,0,NA,NA,NA,NA,NA,CLEAR,1,0,0,0,0,TREND_REVERSAL_UNCONFIRMED,0,0.45,LONG,1,0,0,0
NEARUSDT,1774152000000,2026-03-22T04:00:00.000Z,BEAR,LONG,14.91858775479957,12.706088785690467,IGNORE,0,WATCH,,0,0,0,NA,NA,NA,NA,NA,CLEAR,1,0,0,0,0,TREND_REVERSAL_UNCONFIRMED,1,0.45,LONG,1,0,0,0
NEARUSDT,1774155600000,2026-03-22T05:00:00.000Z,BEAR,LONG,0,7.875,IGNORE,0,WATCH,,0,0,0,NA,NA,NA,NA,NA,CLEAR,1,0,0,0,0,TREND_REVERSAL_UNCONFIRMED,0,0.45,LONG,1,0,0,0
NEARUSDT,1774159200000,2026-03-22T06:00:00.000Z,BEAR,LONG,13.886689213932177,12.62482677559716,IGNORE,0,WATCH,,0,0,0,NA,NA,NA,NA,NA,CLEAR,1,0,0,0,0,TREND_REVERSAL_UNCONFIRMED,1,0.45,LONG,1,0,0,0
NEARUSDT,1774162800000,2026-03-22T07:00:00.000Z,BEAR,LONG,0,7.875,IGNORE,0,WATCH,,0,0,0,NA,NA,NA,NA,NA,CLEAR,1,0,0,0,0,TREND_REVERSAL_UNCONFIRMED,0,0.45,LONG,1,0,0,0
NEARUSDT,1774166400000,2026-03-22T08:00:00.000Z,BEAR,LONG,40.4239796874193,18.37088840038427,IGNORE,0,WATCH,,0,0,0,NA,NA,NA,NA,NA,CLEAR,1,0,0,0,0,TREND_REVERSAL_UNCONFIRMED,2,0.45,LONG,1,0,0,0
NEARUSDT,1774170000000,2026-03-22T09:00:00.000Z,BEAR,LONG,0,7.875,IGNORE,0,WATCH,,0,0,0,NA,NA,NA,NA,NA,CLEAR,1,0,0,0,0,TREND_REVERSAL_UNCONFIRMED,0,0.45,LONG,1,0,0,0
NEARUSDT,1774173600000,2026-03-22T10:00:00.000Z,BEAR,LONG,0,7.875,IGNORE,0,WATCH,,0,0,0,NA,NA,NA,NA,NA,CLEAR,1,0,0,0,0,TREND_REVERSAL_UNCONFIRMED,0,0.45,LONG,1,0,0,0
NEARUSDT,1774177200000,2026-03-22T11:00:00.000Z,BEAR,LONG,0,7.875,IGNORE,0,WATCH,,0,0,0,NA,NA,NA,NA,NA,CLEAR,1,0,0,0,0,TREND_REVERSAL_UNCONFIRMED,0,0.45,LONG,1,0,0,0
NEARUSDT,1774180800000,2026-03-22T12:00:00.000Z,BEAR,LONG,25,13.5,IGNORE,0,WATCH,,0,0,0,NA,NA,NA,NA,NA,CLEAR,1,0,0,0,0,TREND_REVERSAL_UNCONFIRMED,1,0.45,LONG,1,0,0,0
NEARUSDT,1774184400000,2026-03-22T13:00:00.000Z,BEAR,LONG,0,7.875,IGNORE,0,WATCH,,0,0,0,NA,NA,NA,NA,NA,CLEAR,1,0,0,0,0,TREND_REVERSAL_UNCONFIRMED,0,0.45,LONG,1,0,0,0
NEARUSDT,1774188000000,2026-03-22T14:00:00.000Z,BEAR,LONG,0,7.875,IGNORE,0,WATCH,,0,0,0,NA,NA,NA,NA,NA,CLEAR,1,0,0,0,0,TREND_REVERSAL_UNCONFIRMED,0,0.45,LONG,1,0,0,0
NEARUSDT,1774191600000,2026-03-22T15:00:00.000Z,BEAR,LONG,0,7.875,IGNORE,0,WATCH,,0,0,0,NA,NA,NA,NA,NA,WARNING_SOFT,1,0,0,0,0,TREND_REVERSAL_UNCONFIRMED,0,0.45,LONG,1,0,0,0
NEARUSDT,1774195200000,2026-03-22T16:00:00.000Z,BEAR,LONG,0,7.875,IGNORE,0,WATCH,,0,0,0,NA,NA,NA,NA,NA,WARNING_SOFT,1,0,0,0,0,TREND_REVERSAL_UNCONFIRMED,0,0.45,LONG,1,0,0,0
NEARUSDT,1774198800000,2026-03-22T17:00:00.000Z,BEAR,LONG,17.5,12.909375,IGNORE,0,WATCH,,0,0,0,NA,NA,NA,NA,NA,WARNING_SOFT,1,0,0,0,0,TREND_REVERSAL_UNCONFIRMED,1,0.45,LONG,1,0,0,0
NEARUSDT,1774202400000,2026-03-22T18:00:00.000Z,BEAR,LONG,17.5,12.909375,IGNORE,0,WATCH,,0,0,0,NA,NA,NA,NA,NA,WARNING_SOFT,1,0,0,0,0,TREND_REVERSAL_UNCONFIRMED,1,0.45,LONG,1,0,0,0
NEARUSDT,1774206000000,2026-03-22T19:00:00.000Z,BEAR,LONG,17.5,12.909375,IGNORE,0,WATCH,,0,0,0,NA,NA,NA,NA,NA,CLEAR,1,0,0,0,0,TREND_REVERSAL_UNCONFIRMED,1,0.45,LONG,1,0,0,0
NEARUSDT,1774209600000,2026-03-22T20:00:00.000Z,BEAR,LONG,30.34722222222222,17.57734375,IGNORE,0,WATCH,,0,0,0,NA,NA,NA,NA,NA,CLEAR,1,0,0,0,0,TREND_REVERSAL_UNCONFIRMED,2,0.45,LONG,1,0,0,0
NEARUSDT,1774213200000,2026-03-22T21:00:00.000Z,BEAR,LONG,62.19145743388597,43.89714424278123,WATCH,1,WATCH,ACTIVE,1,1,0,FAIL,PASS,SKIP,SKIP,FAIL,CLEAR,1,0,0,0,0,MARKET_CONTEXT_DENIED,3,0.84,LONG,1,0,0,0
NEARUSDT,1774216800000,2026-03-22T22:00:00.000Z,BEAR,LONG,35.26662705022698,17.964746880205375,IGNORE,0,WATCH,,0,0,0,NA,NA,NA,NA,NA,WARNING_SOFT,1,0,0,0,0,TREND_REVERSAL_UNCONFIRMED,2,0.45,LONG,1,0,0,0
NEARUSDT,1774220400000,2026-03-22T23:00:00.000Z,BEAR,LONG,30.34722222222222,17.57734375,IGNORE,0,WATCH,,0,0,0,NA,NA,NA,NA,NA,CLEAR,1,0,0,0,0,TREND_REVERSAL_UNCONFIRMED,2,0.45,LONG,1,0,0,0
NEARUSDT,1774224000000,2026-03-23T00:00:00.000Z,BEAR,LONG,21.861090582434784,13.25281088336674,IGNORE,0,WATCH,,0,0,0,NA,NA,NA,NA,NA,CLEAR,1,0,0,0,0,TREND_REVERSAL_UNCONFIRMED,1,0.45,LONG,1,0,0,0
NEARUSDT,1774227600000,2026-03-23T01:00:00.000Z,BEAR,LONG,16.34569011226463,12.81847309634084,IGNORE,0,WATCH,,0,0,0,NA,NA,NA,NA,NA,WARNING_SOFT,1,0,0,0,0,TREND_REVERSAL_UNCONFIRMED,1,0.45,LONG,1,0,0,0
NEARUSDT,1774231200000,2026-03-23T02:00:00.000Z,BEAR,LONG,0,7.875,IGNORE,0,WATCH,,0,0,0,NA,NA,NA,NA,NA,WARNING_SOFT,1,0,0,0,0,TREND_REVERSAL_UNCONFIRMED,0,0.45,LONG,1,0,0,0
NEARUSDT,1774234800000,2026-03-23T03:00:00.000Z,BEAR,LONG,0,7.875,IGNORE,0,WATCH,,0,0,0,NA,NA,NA,NA,NA,WARNING_SOFT,1,0,0,0,0,TREND_REVERSAL_UNCONFIRMED,0,0.45,LONG,1,0,0,0
NEARUSDT,1774238400000,2026-03-23T04:00:00.000Z,NEUTRAL,NONE,0,7.875,IGNORE,0,WATCH,,0,0,0,NA,NA,NA,NA,NA,CLEAR,1,0,0,0,0,TREND_REVERSAL_UNCONFIRMED,0,0.45,NONE,1,0,0,0
NEARUSDT,1774242000000,2026-03-23T05:00:00.000Z,BEAR,LONG,0,7.875,IGNORE,0,WATCH,,0,0,0,NA,NA,NA,NA,NA,WARNING_SOFT,1,0,0,0,0,TREND_REVERSAL_UNCONFIRMED,0,0.45,LONG,1,0,0,0
NEARUSDT,1774245600000,2026-03-23T06:00:00.000Z,BEAR,LONG,0,7.875,IGNORE,0,WATCH,,0,0,0,NA,NA,NA,NA,NA,CLEAR,1,0,0,0,0,TREND_REVERSAL_UNCONFIRMED,0,0.45,LONG,1,0,0,0
NEARUSDT,1774249200000,2026-03-23T07:00:00.000Z,BEAR,LONG,38.5097795707235,18.22014514119448,IGNORE,0,WATCH,,0,0,0,NA,NA,NA,NA,NA,CLEAR,1,0,0,0,0,TREND_REVERSAL_UNCONFIRMED,2,0.45,LONG,1,0,0,0
NEARUSDT,1774252800000,2026-03-23T08:00:00.000Z,BEAR,LONG,0,7.875,IGNORE,0,WATCH,,0,0,0,NA,NA,NA,NA,NA,CLEAR,1,0,0,0,0,TREND_REVERSAL_UNCONFIRMED,0,0.45,LONG,1,0,0,0
NEARUSDT,1774256400000,2026-03-23T09:00:00.000Z,BEAR,LONG,0,7.875,IGNORE,0,WATCH,,0,0,0,NA,NA,NA,NA,NA,CLEAR,1,0,0,0,0,TREND_REVERSAL_UNCONFIRMED,0,0.45,LONG,1,0,0,0
NEARUSDT,1774260000000,2026-03-23T10:00:00.000Z,BEAR,LONG,0,7.875,IGNORE,0,WATCH,,0,0,0,NA,NA,NA,NA,NA,WARNING_SOFT,1,0,0,0,0,TREND_REVERSAL_UNCONFIRMED,0,0.45,LONG,1,0,0,0
NEARUSDT,1774263600000,2026-03-23T11:00:00.000Z,NEUTRAL,NONE,0,7.875,IGNORE,0,WATCH,,0,0,0,NA,NA,NA,NA,NA,CLEAR,1,0,0,0,0,TREND_REVERSAL_UNCONFIRMED,0,0.45,NONE,1,0,0,0
NEARUSDT,1774267200000,2026-03-23T12:00:00.000Z,NEUTRAL,NONE,0,7.875,IGNORE,0,WATCH,,0,0,0,NA,NA,NA,NA,NA,CLEAR,1,0,0,0,0,TREND_REVERSAL_UNCONFIRMED,0,0.45,NONE,1,0,0,0
NEARUSDT,1774270800000,2026-03-23T13:00:00.000Z,NEUTRAL,NONE,0,7.875,IGNORE,0,WATCH,,0,0,0,NA,NA,NA,NA,NA,CLEAR,1,0,0,0,0,TREND_REVERSAL_UNCONFIRMED,0,0.45,NONE,1,0,0,0
NEARUSDT,1774274400000,2026-03-23T14:00:00.000Z,NEUTRAL,NONE,0,7.875,IGNORE,0,WATCH,,0,0,0,NA,NA,NA,NA,NA,CLEAR,1,0,0,0,0,TREND_REVERSAL_UNCONFIRMED,0,0.45,NONE,1,0,0,0
NEARUSDT,1774278000000,2026-03-23T15:00:00.000Z,NEUTRAL,NONE,0,7.875,IGNORE,0,WATCH,,0,0,0,NA,NA,NA,NA,NA,CLEAR,1,0,0,0,0,TREND_REVERSAL_UNCONFIRMED,0,0.45,NONE,1,0,0,0
NEARUSDT,1774281600000,2026-03-23T16:00:00.000Z,NEUTRAL,NONE,0,7.875,IGNORE,0,WATCH,,0,0,0,NA,NA,NA,NA,NA,CLEAR,1,0,0,0,0,TREND_REVERSAL_UNCONFIRMED,0,0.45,NONE,1,0,0,0
NEARUSDT,1774285200000,2026-03-23T17:00:00.000Z,NEUTRAL,NONE,0,7.875,IGNORE,0,WATCH,,0,0,0,NA,NA,NA,NA,NA,CLEAR,1,0,0,0,0,TREND_REVERSAL_UNCONFIRMED,0,0.45,NONE,1,0,0,0
NEARUSDT,1774288800000,2026-03-23T18:00:00.000Z,NEUTRAL,NONE,0,7.875,IGNORE,0,WATCH,,0,0,0,NA,NA,NA,NA,NA,CLEAR,1,0,0,0,0,TREND_REVERSAL_UNCONFIRMED,0,0.45,NONE,1,0,0,0
NEARUSDT,1774292400000,2026-03-23T19:00:00.000Z,NEUTRAL,NONE,0,7.875,IGNORE,0,WATCH,,0,0,0,NA,NA,NA,NA,NA,CLEAR,1,0,0,0,0,TREND_REVERSAL_UNCONFIRMED,0,0.45,NONE,1,0,0,0
NEARUSDT,1774296000000,2026-03-23T20:00:00.000Z,NEUTRAL,NONE,0,7.875,IGNORE,0,WATCH,,0,0,0,NA,NA,NA,NA,NA,CLEAR,1,0,0,0,0,TREND_REVERSAL_UNCONFIRMED,0,0.45,NONE,1,0,0,0
NEARUSDT,1774299600000,2026-03-23T21:00:00.000Z,BULL,SHORT,30.34722222222222,17.57734375,IGNORE,0,WATCH,,0,0,0,NA,NA,NA,NA,NA,CLEAR,1,0,0,0,0,TREND_REVERSAL_UNCONFIRMED,2,0.45,SHORT,1,0,0,0
NEARUSDT,1774303200000,2026-03-23T22:00:00.000Z,BULL,SHORT,17.5,12.909375,IGNORE,0,WATCH,,0,0,0,NA,NA,NA,NA,NA,CLEAR,1,0,0,0,0,TREND_REVERSAL_UNCONFIRMED,1,0.45,SHORT,1,0,0,0
NEARUSDT,1774306800000,2026-03-23T23:00:00.000Z,BULL,SHORT,17.5,12.909375,IGNORE,0,WATCH,,0,0,0,NA,NA,NA,NA,NA,CLEAR,1,0,0,0,0,TREND_REVERSAL_UNCONFIRMED,1,0.45,SHORT,1,0,0,0
NEARUSDT,1774310400000,2026-03-24T00:00:00.000Z,BULL,SHORT,0,7.875,IGNORE,0,WATCH,,0,0,0,NA,NA,NA,NA,NA,WARNING_SOFT,1,0,0,0,0,TREND_REVERSAL_UNCONFIRMED,0,0.45,SHORT,1,0,0,0
NEARUSDT,1774314000000,2026-03-24T01:00:00.000Z,NEUTRAL,NONE,0,7.875,IGNORE,0,WATCH,,0,0,0,NA,NA,NA,NA,NA,WARNING_SOFT,1,0,0,0,0,TREND_REVERSAL_UNCONFIRMED,0,0.45,NONE,1,0,0,0
NEARUSDT,1774317600000,2026-03-24T02:00:00.000Z,NEUTRAL,NONE,0,7.875,IGNORE,0,WATCH,,0,0,0,NA,NA,NA,NA,NA,WARNING_SOFT,1,0,0,0,0,TREND_REVERSAL_UNCONFIRMED,0,0.45,NONE,1,0,0,0
NEARUSDT,1774321200000,2026-03-24T03:00:00.000Z,BULL,SHORT,0,7.875,IGNORE,0,WATCH,,0,0,0,NA,NA,NA,NA,NA,WARNING_SOFT,1,0,0,0,0,TREND_REVERSAL_UNCONFIRMED,0,0.45,SHORT,1,0,0,0
NEARUSDT,1774324800000,2026-03-24T04:00:00.000Z,BULL,SHORT,0,7.875,IGNORE,0,WATCH,,0,0,0,NA,NA,NA,NA,NA,WARNING_SOFT,1,0,0,0,0,TREND_REVERSAL_UNCONFIRMED,0,0.45,SHORT,1,0,0,0
NEARUSDT,1774328400000,2026-03-24T05:00:00.000Z,BULL,SHORT,0,7.875,IGNORE,0,WATCH,,0,0,0,NA,NA,NA,NA,NA,BLOCK,0,0,0,0,0,TREND_REVERSAL_UNCONFIRMED,0,0.45,SHORT,1,0,0,0
NEARUSDT,1774332000000,2026-03-24T06:00:00.000Z,BULL,SHORT,0,7.875,IGNORE,0,WATCH,,0,0,0,NA,NA,NA,NA,NA,WARNING_SOFT,1,0,0,0,0,TREND_REVERSAL_UNCONFIRMED,0,0.45,SHORT,1,0,0,0
NEARUSDT,1774335600000,2026-03-24T07:00:00.000Z,BULL,SHORT,0,7.875,IGNORE,0,WATCH,,0,0,0,NA,NA,NA,NA,NA,CLEAR,1,0,0,0,0,TREND_REVERSAL_UNCONFIRMED,0,0.45,SHORT,1,0,0,0
NEARUSDT,1774339200000,2026-03-24T08:00:00.000Z,BULL,SHORT,25,13.5,IGNORE,0,WATCH,,0,0,0,NA,NA,NA,NA,NA,CLEAR,1,0,0,0,0,TREND_REVERSAL_UNCONFIRMED,1,0.45,SHORT,1,0,0,0
NEARUSDT,1774342800000,2026-03-24T09:00:00.000Z,BULL,SHORT,0,7.875,IGNORE,0,WATCH,,0,0,0,NA,NA,NA,NA,NA,CLEAR,1,0,0,0,0,TREND_REVERSAL_UNCONFIRMED,0,0.45,SHORT,1,0,0,0
NEARUSDT,1774346400000,2026-03-24T10:00:00.000Z,BULL,SHORT,0,7.875,IGNORE,0,WATCH,,0,0,0,NA,NA,NA,NA,NA,CLEAR,1,0,0,0,0,TREND_REVERSAL_UNCONFIRMED,0,0.45,SHORT,1,0,0,0
NEARUSDT,1774350000000,2026-03-24T11:00:00.000Z,NEUTRAL,NONE,0,7.875,IGNORE,0,WATCH,,0,0,0,NA,NA,NA,NA,NA,BLOCK,0,0,0,0,0,TREND_REVERSAL_UNCONFIRMED,0,0.45,NONE,1,0,0,0
NEARUSDT,1774353600000,2026-03-24T12:00:00.000Z,NEUTRAL,NONE,0,7.875,IGNORE,0,WATCH,,0,0,0,NA,NA,NA,NA,NA,WARNING_SOFT,1,0,0,0,0,TREND_REVERSAL_UNCONFIRMED,0,0.45,NONE,1,0,0,0
NEARUSDT,1774357200000,2026-03-24T13:00:00.000Z,NEUTRAL,NONE,0,7.875,IGNORE,0,WATCH,,0,0,0,NA,NA,NA,NA,NA,WARNING_SOFT,1,0,0,0,0,TREND_REVERSAL_UNCONFIRMED,0,0.45,NONE,1,0,0,0
NEARUSDT,1774360800000,2026-03-24T14:00:00.000Z,NEUTRAL,NONE,0,7.875,IGNORE,0,WATCH,,0,0,0,NA,NA,NA,NA,NA,BLOCK,0,0,0,0,0,TREND_REVERSAL_UNCONFIRMED,0,0.45,NONE,1,0,0,0
NEARUSDT,1774364400000,2026-03-24T15:00:00.000Z,NEUTRAL,NONE,0,7.875,IGNORE,0,WATCH,,0,0,0,NA,NA,NA,NA,NA,BLOCK,0,0,0,0,0,TREND_REVERSAL_UNCONFIRMED,0,0.45,NONE,1,0,0,0
NEARUSDT,1774368000000,2026-03-24T16:00:00.000Z,BEAR,LONG,25,13.5,IGNORE,0,WATCH,,0,0,0,NA,NA,NA,NA,NA,CLEAR,1,0,0,0,0,TREND_REVERSAL_UNCONFIRMED,1,0.45,LONG,1,0,0,0
NEARUSDT,1774371600000,2026-03-24T17:00:00.000Z,BEAR,LONG,22.288326906972102,13.286455743924055,IGNORE,0,WATCH,,0,0,0,NA,NA,NA,NA,NA,CLEAR,1,0,0,0,0,TREND_REVERSAL_UNCONFIRMED,1,0.45,LONG,1,0,0,0
NEARUSDT,1774375200000,2026-03-24T18:00:00.000Z,BEAR,LONG,0,7.875,IGNORE,0,WATCH,,0,0,0,NA,NA,NA,NA,NA,CLEAR,1,0,0,0,0,TREND_REVERSAL_UNCONFIRMED,0,0.45,LONG,1,0,0,0
NEARUSDT,1774378800000,2026-03-24T19:00:00.000Z,BEAR,LONG,0,7.875,IGNORE,0,WATCH,,0,0,0,NA,NA,NA,NA,NA,WARNING_SOFT,1,0,0,0,0,TREND_REVERSAL_UNCONFIRMED,0,0.45,LONG,1,0,0,0
NEARUSDT,1774382400000,2026-03-24T20:00:00.000Z,NEUTRAL,NONE,0,7.875,IGNORE,0,WATCH,,0,0,0,NA,NA,NA,NA,NA,WARNING_HARD,1,0,0,0,0,TREND_REVERSAL_UNCONFIRMED,0,0.45,NONE,1,0,0,0
NEARUSDT,1774386000000,2026-03-24T21:00:00.000Z,BEAR,LONG,0,7.875,IGNORE,0,WATCH,,0,0,0,NA,NA,NA,NA,NA,WARNING_SOFT,1,0,0,0,0,TREND_REVERSAL_UNCONFIRMED,0,0.45,LONG,1,0,0,0
NEARUSDT,1774389600000,2026-03-24T22:00:00.000Z,BEAR,LONG,0,7.875,IGNORE,0,WATCH,,0,0,0,NA,NA,NA,NA,NA,WARNING_SOFT,1,0,0,0,0,TREND_REVERSAL_UNCONFIRMED,0,0.45,LONG,1,0,0,0
NEARUSDT,1774393200000,2026-03-24T23:00:00.000Z,BEAR,LONG,0,7.875,IGNORE,0,WATCH,,0,0,0,NA,NA,NA,NA,NA,WARNING_SOFT,1,0,0,0,0,TREND_REVERSAL_UNCONFIRMED,0,0.45,LONG,1,0,0,0
NEARUSDT,1774396800000,2026-03-25T00:00:00.000Z,NEUTRAL,NONE,0,7.875,IGNORE,0,WATCH,,0,0,0,NA,NA,NA,NA,NA,BLOCK,0,0,0,0,0,TREND_REVERSAL_UNCONFIRMED,0,0.45,NONE,1,0,0,0
NEARUSDT,1774400400000,2026-03-25T01:00:00.000Z,BEAR,LONG,42.5,18.534375,IGNORE,0,WATCH,,0,0,0,NA,NA,NA,NA,NA,WARNING_SOFT,1,0,0,0,0,TREND_REVERSAL_UNCONFIRMED,2,0.45,LONG,1,0,0,0
NEARUSDT,1774404000000,2026-03-25T02:00:00.000Z,BEAR,LONG,17.5,12.909375,IGNORE,0,WATCH,,0,0,0,NA,NA,NA,NA,NA,WARNING_SOFT,1,0,0,0,0,TREND_REVERSAL_UNCONFIRMED,1,0.45,LONG,1,0,0,0
NEARUSDT,1774407600000,2026-03-25T03:00:00.000Z,BEAR,LONG,17.5,12.909375,IGNORE,0,WATCH,,0,0,0,NA,NA,NA,NA,NA,WARNING_SOFT,1,0,0,0,0,TREND_REVERSAL_UNCONFIRMED,1,0.45,LONG,1,0,0,0
NEARUSDT,1774411200000,2026-03-25T04:00:00.000Z,BEAR,LONG,42.5,18.534375,IGNORE,0,WATCH,,0,0,0,NA,NA,NA,NA,NA,WARNING_SOFT,1,0,0,0,0,TREND_REVERSAL_UNCONFIRMED,2,0.45,LONG,1,0,0,0
NEARUSDT,1774414800000,2026-03-25T05:00:00.000Z,BEAR,LONG,36.46592668290214,18.059191726278545,IGNORE,0,WATCH,,0,0,0,NA,NA,NA,NA,NA,WARNING_HARD,1,0,0,0,0,TREND_REVERSAL_UNCONFIRMED,2,0.45,LONG,1,0,0,0
NEARUSDT,1774418400000,2026-03-25T06:00:00.000Z,BEAR,LONG,34.44171794193976,17.899785287927756,IGNORE,0,WATCH,,0,0,0,NA,NA,NA,NA,NA,WARNING_HARD,1,0,0,0,0,TREND_REVERSAL_UNCONFIRMED,2,0.45,LONG,1,0,0,0
NEARUSDT,1774422000000,2026-03-25T07:00:00.000Z,BEAR,LONG,30.34722222222222,17.57734375,IGNORE,0,WATCH,,0,0,0,NA,NA,NA,NA,NA,WARNING_SOFT,1,0,0,0,0,TREND_REVERSAL_UNCONFIRMED,2,0.45,LONG,1,0,0,0
NEARUSDT,1774425600000,2026-03-25T08:00:00.000Z,NEUTRAL,NONE,0,7.875,IGNORE,0,WATCH,,0,0,0,NA,NA,NA,NA,NA,WARNING_SOFT,1,0,0,0,0,TREND_REVERSAL_UNCONFIRMED,0,0.45,NONE,1,0,0,0
NEARUSDT,1774429200000,2026-03-25T09:00:00.000Z,NEUTRAL,NONE,0,7.875,IGNORE,0,WATCH,,0,0,0,NA,NA,NA,NA,NA,WARNING_SOFT,1,0,0,0,0,TREND_REVERSAL_UNCONFIRMED,0,0.45,NONE,1,0,0,0
NEARUSDT,1774432800000,2026-03-25T10:00:00.000Z,NEUTRAL,NONE,0,7.875,IGNORE,0,WATCH,,0,0,0,NA,NA,NA,NA,NA,CLEAR,1,0,0,0,0,TREND_REVERSAL_UNCONFIRMED,0,0.45,NONE,1,0,0,0
NEARUSDT,1774436400000,2026-03-25T11:00:00.000Z,NEUTRAL,NONE,0,7.875,IGNORE,0,WATCH,,0,0,0,NA,NA,NA,NA,NA,CLEAR,1,0,0,0,0,TREND_REVERSAL_UNCONFIRMED,0,0.45,NONE,1,0,0,0
NEARUSDT,1774440000000,2026-03-25T12:00:00.000Z,NEUTRAL,NONE,0,7.875,IGNORE,0,WATCH,,0,0,0,NA,NA,NA,NA,NA,CLEAR,1,0,0,0,0,TREND_REVERSAL_UNCONFIRMED,0,0.45,NONE,1,0,0,0
NEARUSDT,1774443600000,2026-03-25T13:00:00.000Z,BEAR,LONG,0,7.875,IGNORE,0,WATCH,,0,0,0,NA,NA,NA,NA,NA,WARNING_SOFT,1,0,0,0,0,TREND_REVERSAL_UNCONFIRMED,0,0.45,LONG,1,0,0,0
NEARUSDT,1774447200000,2026-03-25T14:00:00.000Z,NEUTRAL,NONE,0,7.875,IGNORE,0,WATCH,,0,0,0,NA,NA,NA,NA,NA,CLEAR,1,0,0,0,0,TREND_REVERSAL_UNCONFIRMED,0,0.45,NONE,1,0,0,0
NEARUSDT,1774450800000,2026-03-25T15:00:00.000Z,BEAR,LONG,16.643475798196985,12.841923719108014,IGNORE,0,WATCH,,0,0,0,NA,NA,NA,NA,NA,WARNING_SOFT,1,0,0,0,0,TREND_REVERSAL_UNCONFIRMED,1,0.45,LONG,1,0,0,0
NEARUSDT,1774454400000,2026-03-25T16:00:00.000Z,BEAR,LONG,0,7.875,IGNORE,0,WATCH,,0,0,0,NA,NA,NA,NA,NA,BLOCK,0,0,0,0,0,TREND_REVERSAL_UNCONFIRMED,0,0.45,LONG,1,0,0,0
NEARUSDT,1774458000000,2026-03-25T17:00:00.000Z,BEAR,LONG,0,7.875,IGNORE,0,WATCH,,0,0,0,NA,NA,NA,NA,NA,CLEAR,1,0,0,0,0,TREND_REVERSAL_UNCONFIRMED,0,0.45,LONG,1,0,0,0
NEARUSDT,1774461600000,2026-03-25T18:00:00.000Z,BEAR,LONG,0,7.875,IGNORE,0,WATCH,,0,0,0,NA,NA,NA,NA,NA,CLEAR,1,0,0,0,0,TREND_REVERSAL_UNCONFIRMED,0,0.45,LONG,1,0,0,0
NEARUSDT,1774465200000,2026-03-25T19:00:00.000Z,BEAR,LONG,0,7.875,IGNORE,0,WATCH,,0,0,0,NA,NA,NA,NA,NA,CLEAR,1,0,0,0,0,TREND_REVERSAL_UNCONFIRMED,0,0.45,LONG,1,0,0,0
NEARUSDT,1774468800000,2026-03-25T20:00:00.000Z,BEAR,LONG,0,7.875,IGNORE,0,WATCH,,0,0,0,NA,NA,NA,NA,NA,CLEAR,1,0,0,0,0,TREND_REVERSAL_UNCONFIRMED,0,0.45,LONG,1,0,0,0
NEARUSDT,1774472400000,2026-03-25T21:00:00.000Z,BEAR,LONG,0,7.875,IGNORE,0,WATCH,,0,0,0,NA,NA,NA,NA,NA,CLEAR,1,0,0,0,0,TREND_REVERSAL_UNCONFIRMED,0,0.45,LONG,1,0,0,0
NEARUSDT,1774476000000,2026-03-25T22:00:00.000Z,BEAR,LONG,0,7.875,IGNORE,0,WATCH,,0,0,0,NA,NA,NA,NA,NA,WARNING_SOFT,1,0,0,0,0,TREND_REVERSAL_UNCONFIRMED,0,0.45,LONG,1,0,0,0
NEARUSDT,1774479600000,2026-03-25T23:00:00.000Z,BEAR,LONG,25,13.5,IGNORE,0,WATCH,,0,0,0,NA,NA,NA,NA,NA,WARNING_SOFT,1,0,0,0,0,TREND_REVERSAL_UNCONFIRMED,1,0.45,LONG,1,0,0,0
NEARUSDT,1774483200000,2026-03-26T00:00:00.000Z,BEAR,LONG,17.5,12.909375,IGNORE,0,WATCH,,0,0,0,NA,NA,NA,NA,NA,WARNING_SOFT,1,0,0,0,0,TREND_REVERSAL_UNCONFIRMED,1,0.45,LONG,1,0,0,0
NEARUSDT,1774486800000,2026-03-26T01:00:00.000Z,BEAR,LONG,17.5,12.909375,IGNORE,0,WATCH,,0,0,0,NA,NA,NA,NA,NA,WARNING_SOFT,1,0,0,0,0,TREND_REVERSAL_UNCONFIRMED,1,0.45,LONG,1,0,0,0
NEARUSDT,1774490400000,2026-03-26T02:00:00.000Z,BEAR,LONG,37.561561304156506,18.145472952702328,IGNORE,0,WATCH,,0,0,0,NA,NA,NA,NA,NA,CLEAR,1,0,1,0,0,TREND_REVERSAL_UNCONFIRMED,2,0.45,LONG,1,0,0,0
NEARUSDT,1774494000000,2026-03-26T03:00:00.000Z,BEAR,LONG,32.43055555555556,17.74140625,IGNORE,0,WATCH,,0,0,0,NA,NA,NA,NA,NA,CLEAR,1,0,0,0,0,TREND_REVERSAL_UNCONFIRMED,2,0.45,LONG,1,0,0,0
NEARUSDT,1774497600000,2026-03-26T04:00:00.000Z,BEAR,LONG,32.43055555555556,17.74140625,IGNORE,0,WATCH,,0,0,0,NA,NA,NA,NA,NA,CLEAR,1,0,0,0,0,TREND_REVERSAL_UNCONFIRMED,2,0.45,LONG,1,0,0,0
NEARUSDT,1774501200000,2026-03-26T05:00:00.000Z,BEAR,LONG,52.251396115419,51.67595522896659,WATCH,1,WATCH,ACTIVE,1,1,0,PASS,PASS,SKIP,SKIP,FAIL,CLEAR,1,0,1,0,0,MARKET_CONTEXT_DENIED,3,0.84,LONG,0,1,0,0
NEARUSDT,1774504800000,2026-03-26T06:00:00.000Z,BEAR,LONG,57.08333333333333,52.38625,WATCH,1,WATCH,ACTIVE,1,1,0,PASS,PASS,SKIP,SKIP,FAIL,CLEAR,1,0,0,0,0,MARKET_CONTEXT_DENIED,3,0.84,LONG,0,1,0,0
NEARUSDT,1774508400000,2026-03-26T07:00:00.000Z,BEAR,LONG,17.5,12.909375,IGNORE,0,WATCH,,0,0,0,NA,NA,NA,NA,NA,CLEAR,1,0,0,0,0,TREND_REVERSAL_UNCONFIRMED,1,0.45,LONG,1,0,0,0
NEARUSDT,1774512000000,2026-03-26T08:00:00.000Z,BEAR,LONG,17.5,12.909375,IGNORE,0,WATCH,,0,0,0,NA,NA,NA,NA,NA,CLEAR,1,0,0,0,0,TREND_REVERSAL_UNCONFIRMED,1,0.45,LONG,1,0,0,0
NEARUSDT,1774515600000,2026-03-26T09:00:00.000Z,BEAR,LONG,43.57485959979928,22.275270193484197,IGNORE,0,WATCH,,0,0,0,NA,NA,NA,NA,NA,CLEAR,1,0,0,0,0,TREND_REVERSAL_UNCONFIRMED,3,0.45,LONG,1,0,0,0
NEARUSDT,1774519200000,2026-03-26T10:00:00.000Z,BEAR,LONG,33.81944444444444,17.85078125,IGNORE,0,WATCH,,0,0,0,NA,NA,NA,NA,NA,CLEAR,1,0,0,0,0,TREND_REVERSAL_UNCONFIRMED,2,0.45,LONG,1,0,0,0
NEARUSDT,1774522800000,2026-03-26T11:00:00.000Z,BEAR,LONG,42.5,18.534375,IGNORE,0,WATCH,,0,0,0,NA,NA,NA,NA,NA,CLEAR,1,0,0,0,0,TREND_REVERSAL_UNCONFIRMED,2,0.45,LONG,1,0,0,0
NEARUSDT,1774526400000,2026-03-26T12:00:00.000Z,BEAR,LONG,0,7.875,IGNORE,0,WATCH,,0,0,0,NA,NA,NA,NA,NA,CLEAR,1,0,0,0,0,TREND_REVERSAL_UNCONFIRMED,0,0.45,LONG,1,0,0,0
NEARUSDT,1774530000000,2026-03-26T13:00:00.000Z,BEAR,LONG,18.526904232511463,12.99024370831028,IGNORE,0,WATCH,,0,0,0,NA,NA,NA,NA,NA,CLEAR,1,1,0,1,0,TREND_REVERSAL_UNCONFIRMED,1,0.45,LONG,1,0,0,0
NEARUSDT,1774533600000,2026-03-26T14:00:00.000Z,BEAR,LONG,12.696511170439264,12.531100254672094,IGNORE,0,WATCH,,0,0,0,NA,NA,NA,NA,NA,WARNING_SOFT,1,0,0,0,0,TREND_REVERSAL_UNCONFIRMED,1,0.45,LONG,1,0,0,0
NEARUSDT,1774537200000,2026-03-26T15:00:00.000Z,BEAR,LONG,23.647101143320015,13.39345921503645,IGNORE,0,WATCH,,0,0,0,NA,NA,NA,NA,NA,CLEAR,1,0,0,0,0,TREND_REVERSAL_UNCONFIRMED,1,0.45,LONG,1,0,0,0
NEARUSDT,1774540800000,2026-03-26T16:00:00.000Z,BEAR,LONG,22.941635570820907,13.337903801202147,IGNORE,0,WATCH,,0,0,0,NA,NA,NA,NA,NA,CLEAR,1,0,0,0,0,TREND_REVERSAL_UNCONFIRMED,1,0.45,LONG,1,0,0,0
NEARUSDT,1774544400000,2026-03-26T17:00:00.000Z,BEAR,LONG,0,7.875,IGNORE,0,WATCH,,0,0,0,NA,NA,NA,NA,NA,CLEAR,1,0,0,0,0,TREND_REVERSAL_UNCONFIRMED,0,0.45,LONG,1,0,0,0
NEARUSDT,1774548000000,2026-03-26T18:00:00.000Z,BEAR,LONG,0,7.875,IGNORE,0,WATCH,,0,0,0,NA,NA,NA,NA,NA,CLEAR,1,0,0,0,0,TREND_REVERSAL_UNCONFIRMED,0,0.45,LONG,1,0,0,0
NEARUSDT,1774551600000,2026-03-26T19:00:00.000Z,BEAR,LONG,14.583333333333332,12.6796875,IGNORE,0,WATCH,,0,0,0,NA,NA,NA,NA,NA,CLEAR,1,0,0,0,0,TREND_REVERSAL_UNCONFIRMED,1,0.45,LONG,1,0,0,0
NEARUSDT,1774555200000,2026-03-26T20:00:00.000Z,BEAR,LONG,21.329402391040556,13.210940438294445,IGNORE,0,WATCH,,0,0,0,NA,NA,NA,NA,NA,WARNING_SOFT,1,0,0,0,0,TREND_REVERSAL_UNCONFIRMED,1,0.45,LONG,1,0,0,0
NEARUSDT,1774558800000,2026-03-26T21:00:00.000Z,BEAR,LONG,0,7.875,IGNORE,0,WATCH,,0,0,0,NA,NA,NA,NA,NA,WARNING_SOFT,1,0,0,0,0,TREND_REVERSAL_UNCONFIRMED,0,0.45,LONG,1,0,0,0
NEARUSDT,1774562400000,2026-03-26T22:00:00.000Z,BEAR,LONG,0,7.875,IGNORE,0,WATCH,,0,0,0,NA,NA,NA,NA,NA,WARNING_SOFT,1,0,0,0,0,TREND_REVERSAL_UNCONFIRMED,0,0.45,LONG,1,0,0,0
NEARUSDT,1774566000000,2026-03-26T23:00:00.000Z,BEAR,LONG,0,7.875,IGNORE,0,WATCH,,0,0,0,NA,NA,NA,NA,NA,WARNING_SOFT,1,0,0,0,0,TREND_REVERSAL_UNCONFIRMED,0,0.45,LONG,1,0,0,0
NEARUSDT,1774569600000,2026-03-27T00:00:00.000Z,BEAR,LONG,0,7.875,IGNORE,0,WATCH,,0,0,0,NA,NA,NA,NA,NA,BLOCK,0,0,0,0,0,TREND_REVERSAL_UNCONFIRMED,0,0.45,LONG,1,0,0,0
NEARUSDT,1774573200000,2026-03-27T01:00:00.000Z,NEUTRAL,NONE,0,7.875,IGNORE,0,WATCH,,0,0,0,NA,NA,NA,NA,NA,WARNING_SOFT,1,0,0,0,0,TREND_REVERSAL_UNCONFIRMED,0,0.45,NONE,1,0,0,0
NEARUSDT,1774576800000,2026-03-27T02:00:00.000Z,NEUTRAL,NONE,0,7.875,IGNORE,0,WATCH,,0,0,0,NA,NA,NA,NA,NA,WARNING_SOFT,1,0,0,0,0,TREND_REVERSAL_UNCONFIRMED,0,0.45,NONE,1,0,0,0
NEARUSDT,1774580400000,2026-03-27T03:00:00.000Z,BEAR,LONG,0,7.875,IGNORE,0,WATCH,,0,0,0,NA,NA,NA,NA,NA,WARNING_SOFT,1,0,0,0,0,TREND_REVERSAL_UNCONFIRMED,0,0.45,LONG,1,0,0,0
NEARUSDT,1774584000000,2026-03-27T04:00:00.000Z,BEAR,LONG,0,7.875,IGNORE,0,WATCH,,0,0,0,NA,NA,NA,NA,NA,WARNING_SOFT,1,0,0,0,0,TREND_REVERSAL_UNCONFIRMED,0,0.45,LONG,1,0,0,0
NEARUSDT,1774587600000,2026-03-27T05:00:00.000Z,BEAR,LONG,0,7.875,IGNORE,0,WATCH,,0,0,0,NA,NA,NA,NA,NA,CLEAR,1,0,0,0,0,TREND_REVERSAL_UNCONFIRMED,0,0.45,LONG,1,0,0,0
NEARUSDT,1774591200000,2026-03-27T06:00:00.000Z,NEUTRAL,NONE,0,7.875,IGNORE,0,WATCH,,0,0,0,NA,NA,NA,NA,NA,WARNING_SOFT,1,0,0,0,0,TREND_REVERSAL_UNCONFIRMED,0,0.45,NONE,1,0,0,0
NEARUSDT,1774594800000,2026-03-27T07:00:00.000Z,NEUTRAL,NONE,0,7.875,IGNORE,0,WATCH,,0,0,0,NA,NA,NA,NA,NA,WARNING_SOFT,1,0,0,0,0,TREND_REVERSAL_UNCONFIRMED,0,0.45,NONE,1,0,0,0
NEARUSDT,1774598400000,2026-03-27T08:00:00.000Z,BEAR,LONG,17.5,12.909375,IGNORE,0,WATCH,,0,0,0,NA,NA,NA,NA,NA,WARNING_SOFT,1,0,0,0,0,TREND_REVERSAL_UNCONFIRMED,1,0.45,LONG,1,0,0,0
NEARUSDT,1774602000000,2026-03-27T09:00:00.000Z,BEAR,LONG,17.5,12.909375,IGNORE,0,WATCH,,0,0,0,NA,NA,NA,NA,NA,CLEAR,1,0,0,0,0,TREND_REVERSAL_UNCONFIRMED,1,0.45,LONG,1,0,0,0
NEARUSDT,1774605600000,2026-03-27T10:00:00.000Z,BEAR,LONG,42.5,18.534375,IGNORE,0,WATCH,,0,0,0,NA,NA,NA,NA,NA,CLEAR,1,0,1,0,0,TREND_REVERSAL_UNCONFIRMED,2,0.45,LONG,1,0,0,0
NEARUSDT,1774609200000,2026-03-27T11:00:00.000Z,BEAR,LONG,42.5,18.534375,IGNORE,0,WATCH,,0,0,0,NA,NA,NA,NA,NA,CLEAR,1,0,1,0,0,TREND_REVERSAL_UNCONFIRMED,2,0.45,LONG,1,0,0,0
NEARUSDT,1774612800000,2026-03-27T12:00:00.000Z,BEAR,LONG,56.843769740302335,43.11103415182444,WATCH,1,WATCH,ACTIVE,1,1,0,FAIL,PASS,SKIP,SKIP,FAIL,CLEAR,1,0,1,0,0,MARKET_CONTEXT_DENIED,3,0.84,LONG,1,0,0,0
NEARUSDT,1774616400000,2026-03-27T13:00:00.000Z,BEAR,LONG,67.5,44.677499999999995,WATCH,1,WATCH,ACTIVE,1,1,0,FAIL,PASS,SKIP,SKIP,FAIL,CLEAR,1,0,0,0,0,MARKET_CONTEXT_DENIED,3,0.84,LONG,1,0,0,0
NEARUSDT,1774620000000,2026-03-27T14:00:00.000Z,BEAR,LONG,39.177329791921714,18.272714721113836,IGNORE,0,WATCH,,0,0,0,NA,NA,NA,NA,NA,CLEAR,1,0,0,0,0,TREND_REVERSAL_UNCONFIRMED,2,0.45,LONG,1,0,0,0
NEARUSDT,1774623600000,2026-03-27T15:00:00.000Z,BEAR,LONG,36.65758851292265,18.07428509539266,IGNORE,0,WATCH,,0,0,0,NA,NA,NA,NA,NA,CLEAR,1,0,0,0,0,TREND_REVERSAL_UNCONFIRMED,2,0.45,LONG,1,0,0,0
NEARUSDT,1774627200000,2026-03-27T16:00:00.000Z,BEAR,LONG,35.67141885530968,17.99662423485564,IGNORE,0,WATCH,,0,0,0,NA,NA,NA,NA,NA,CLEAR,1,0,0,0,0,TREND_REVERSAL_UNCONFIRMED,2,0.45,LONG,1,0,0,0
NEARUSDT,1774630800000,2026-03-27T17:00:00.000Z,BEAR,LONG,33.23239729020239,17.804551286603438,IGNORE,0,WATCH,,0,0,0,NA,NA,NA,NA,NA,CLEAR,1,0,0,0,0,TREND_REVERSAL_UNCONFIRMED,2,0.45,LONG,1,0,0,0
NEARUSDT,1774634400000,2026-03-27T18:00:00.000Z,BEAR,LONG,30.34722222222222,17.57734375,IGNORE,0,WATCH,,0,0,0,NA,NA,NA,NA,NA,CLEAR,1,0,0,0,0,TREND_REVERSAL_UNCONFIRMED,2,0.45,LONG,1,0,0,0
NEARUSDT,1774638000000,2026-03-27T19:00:00.000Z,BEAR,LONG,0,7.875,IGNORE,0,WATCH,,0,0,0,NA,NA,NA,NA,NA,CLEAR,1,0,0,0,0,TREND_REVERSAL_UNCONFIRMED,0,0.45,LONG,1,0,0,0
NEARUSDT,1774641600000,2026-03-27T20:00:00.000Z,BEAR,LONG,0,7.875,IGNORE,0,WATCH,,0,0,0,NA,NA,NA,NA,NA,CLEAR,1,0,0,0,0,TREND_REVERSAL_UNCONFIRMED,0,0.45,LONG,1,0,0,0
NEARUSDT,1774645200000,2026-03-27T21:00:00.000Z,BEAR,LONG,0,7.875,IGNORE,0,WATCH,,0,0,0,NA,NA,NA,NA,NA,CLEAR,1,0,0,0,0,TREND_REVERSAL_UNCONFIRMED,0,0.45,LONG,1,0,0,0
NEARUSDT,1774648800000,2026-03-27T22:00:00.000Z,BEAR,LONG,0,7.875,IGNORE,0,WATCH,,0,0,0,NA,NA,NA,NA,NA,CLEAR,1,0,0,0,0,TREND_REVERSAL_UNCONFIRMED,0,0.45,LONG,1,0,0,0
NEARUSDT,1774652400000,2026-03-27T23:00:00.000Z,BEAR,LONG,0,7.875,IGNORE,0,WATCH,,0,0,0,NA,NA,NA,NA,NA,CLEAR,1,0,0,0,0,TREND_REVERSAL_UNCONFIRMED,0,0.45,LONG,1,0,0,0
NEARUSDT,1774656000000,2026-03-28T00:00:00.000Z,BEAR,LONG,37.84722222222222,18.16796875,IGNORE,0,WATCH,,0,0,0,NA,NA,NA,NA,NA,CLEAR,1,0,0,0,0,TREND_REVERSAL_UNCONFIRMED,2,0.45,LONG,1,0,0,0
NEARUSDT,1774659600000,2026-03-28T01:00:00.000Z,BEAR,LONG,0,7.875,IGNORE,0,WATCH,,0,0,0,NA,NA,NA,NA,NA,CLEAR,1,0,0,0,0,TREND_REVERSAL_UNCONFIRMED,0,0.45,LONG,1,0,0,0
NEARUSDT,1774663200000,2026-03-28T02:00:00.000Z,BEAR,LONG,14.583333333333332,12.6796875,IGNORE,0,WATCH,,0,0,0,NA,NA,NA,NA,NA,CLEAR,1,0,0,0,0,TREND_REVERSAL_UNCONFIRMED,1,0.45,LONG,1,0,0,0
NEARUSDT,1774666800000,2026-03-28T03:00:00.000Z,BEAR,LONG,14.583333333333332,12.6796875,IGNORE,0,WATCH,,0,0,0,NA,NA,NA,NA,NA,CLEAR,1,0,0,0,0,TREND_REVERSAL_UNCONFIRMED,1,0.45,LONG,1,0,0,0
NEARUSDT,1774670400000,2026-03-28T04:00:00.000Z,BEAR,LONG,25,13.5,IGNORE,0,WATCH,,0,0,0,NA,NA,NA,NA,NA,CLEAR,1,0,0,0,0,TREND_REVERSAL_UNCONFIRMED,1,0.45,LONG,1,0,0,0
NEARUSDT,1774674000000,2026-03-28T05:00:00.000Z,BEAR,LONG,0,7.875,IGNORE,0,WATCH,,0,0,0,NA,NA,NA,NA,NA,CLEAR,1,0,0,0,0,TREND_REVERSAL_UNCONFIRMED,0,0.45,LONG,1,0,0,0
NEARUSDT,1774677600000,2026-03-28T06:00:00.000Z,BEAR,LONG,0,7.875,IGNORE,0,WATCH,,0,0,0,NA,NA,NA,NA,NA,WARNING_SOFT,1,0,0,0,0,TREND_REVERSAL_UNCONFIRMED,0,0.45,LONG,1,0,0,0
NEARUSDT,1774681200000,2026-03-28T07:00:00.000Z,BEAR,LONG,0,7.875,IGNORE,0,WATCH,,0,0,0,NA,NA,NA,NA,NA,WARNING_SOFT,1,0,0,0,0,TREND_REVERSAL_UNCONFIRMED,0,0.45,LONG,1,0,0,0
NEARUSDT,1774684800000,2026-03-28T08:00:00.000Z,BEAR,LONG,0,7.875,IGNORE,0,WATCH,,0,0,0,NA,NA,NA,NA,NA,WARNING_SOFT,1,0,0,0,0,TREND_REVERSAL_UNCONFIRMED,0,0.45,LONG,1,0,0,0
NEARUSDT,1774688400000,2026-03-28T09:00:00.000Z,BEAR,LONG,14.583333333333332,12.6796875,IGNORE,0,WATCH,,0,0,0,NA,NA,NA,NA,NA,CLEAR,1,0,0,0,0,TREND_REVERSAL_UNCONFIRMED,1,0.45,LONG,1,0,0,0
NEARUSDT,1774692000000,2026-03-28T10:00:00.000Z,BEAR,LONG,0,7.875,IGNORE,0,WATCH,,0,0,0,NA,NA,NA,NA,NA,CLEAR,1,0,0,0,0,TREND_REVERSAL_UNCONFIRMED,0,0.45,LONG,1,0,0,0
NEARUSDT,1774695600000,2026-03-28T11:00:00.000Z,BEAR,LONG,25,13.5,IGNORE,0,WATCH,,0,0,0,NA,NA,NA,NA,NA,CLEAR,1,0,0,0,0,TREND_REVERSAL_UNCONFIRMED,1,0.45,LONG,1,0,0,0
NEARUSDT,1774699200000,2026-03-28T12:00:00.000Z,BEAR,LONG,0,7.875,IGNORE,0,WATCH,,0,0,0,NA,NA,NA,NA,NA,CLEAR,1,0,0,0,0,TREND_REVERSAL_UNCONFIRMED,0,0.45,LONG,1,0,0,0
NEARUSDT,1774702800000,2026-03-28T13:00:00.000Z,NEUTRAL,NONE,0,7.875,IGNORE,0,WATCH,,0,0,0,NA,NA,NA,NA,NA,WARNING_SOFT,1,1,0,0,0,TREND_REVERSAL_UNCONFIRMED,0,0.45,NONE,1,0,0,0
NEARUSDT,1774706400000,2026-03-28T14:00:00.000Z,NEUTRAL,NONE,0,7.875,IGNORE,0,WATCH,,0,0,0,NA,NA,NA,NA,NA,CLEAR,1,0,0,0,0,TREND_REVERSAL_UNCONFIRMED,0,0.45,NONE,1,0,0,0
NEARUSDT,1774710000000,2026-03-28T15:00:00.000Z,NEUTRAL,NONE,0,7.875,IGNORE,0,WATCH,,0,0,0,NA,NA,NA,NA,NA,CLEAR,1,1,0,0,0,TREND_REVERSAL_UNCONFIRMED,0,0.45,NONE,1,0,0,0
NEARUSDT,1774713600000,2026-03-28T16:00:00.000Z,NEUTRAL,NONE,0,7.875,IGNORE,0,WATCH,,0,0,0,NA,NA,NA,NA,NA,CLEAR,1,0,0,0,0,TREND_REVERSAL_UNCONFIRMED,0,0.45,NONE,1,0,0,0
NEARUSDT,1774717200000,2026-03-28T17:00:00.000Z,NEUTRAL,NONE,0,7.875,IGNORE,0,WATCH,,0,0,0,NA,NA,NA,NA,NA,CLEAR,1,0,0,0,0,TREND_REVERSAL_UNCONFIRMED,0,0.45,NONE,1,0,0,0
NEARUSDT,1774720800000,2026-03-28T18:00:00.000Z,NEUTRAL,NONE,0,7.875,IGNORE,0,WATCH,,0,0,0,NA,NA,NA,NA,NA,CLEAR,1,0,0,0,0,TREND_REVERSAL_UNCONFIRMED,0,0.45,NONE,1,0,0,0
NEARUSDT,1774724400000,2026-03-28T19:00:00.000Z,NEUTRAL,NONE,0,7.875,IGNORE,0,WATCH,,0,0,0,NA,NA,NA,NA,NA,CLEAR,1,0,0,0,0,TREND_REVERSAL_UNCONFIRMED,0,0.45,NONE,1,0,0,0
NEARUSDT,1774728000000,2026-03-28T20:00:00.000Z,NEUTRAL,NONE,0,7.875,IGNORE,0,WATCH,,0,0,0,NA,NA,NA,NA,NA,CLEAR,1,0,0,0,0,TREND_REVERSAL_UNCONFIRMED,0,0.45,NONE,1,0,0,0
NEARUSDT,1774731600000,2026-03-28T21:00:00.000Z,BEAR,LONG,0,7.875,IGNORE,0,WATCH,,0,0,0,NA,NA,NA,NA,NA,WARNING_SOFT,1,0,0,0,0,TREND_REVERSAL_UNCONFIRMED,0,0.45,LONG,1,0,0,0
NEARUSDT,1774735200000,2026-03-28T22:00:00.000Z,BEAR,LONG,0,7.875,IGNORE,0,WATCH,,0,0,0,NA,NA,NA,NA,NA,WARNING_SOFT,1,0,0,0,0,TREND_REVERSAL_UNCONFIRMED,0,0.45,LONG,1,0,0,0
NEARUSDT,1774738800000,2026-03-28T23:00:00.000Z,BEAR,LONG,17.700504462533118,12.925164726424484,IGNORE,0,WATCH,,0,0,0,NA,NA,NA,NA,NA,CLEAR,1,0,1,0,0,TREND_REVERSAL_UNCONFIRMED,1,0.45,LONG,1,0,0,0
NEARUSDT,1774742400000,2026-03-29T00:00:00.000Z,BEAR,LONG,25,13.5,IGNORE,0,WATCH,,0,0,0,NA,NA,NA,NA,NA,CLEAR,1,0,1,0,0,TREND_REVERSAL_UNCONFIRMED,1,0.45,LONG,1,0,0,0
NEARUSDT,1774746000000,2026-03-29T01:00:00.000Z,BEAR,LONG,17.482464818623804,12.907994104466624,IGNORE,0,WATCH,,0,0,0,NA,NA,NA,NA,NA,CLEAR,1,0,0,0,0,TREND_REVERSAL_UNCONFIRMED,1,0.45,LONG,1,0,0,0
NEARUSDT,1774749600000,2026-03-29T02:00:00.000Z,BEAR,LONG,0,7.875,IGNORE,0,WATCH,,0,0,0,NA,NA,NA,NA,NA,CLEAR,1,0,0,0,0,TREND_REVERSAL_UNCONFIRMED,0,0.45,LONG,1,0,0,0
NEARUSDT,1774753200000,2026-03-29T03:00:00.000Z,BEAR,LONG,42.5,18.534375,IGNORE,0,WATCH,,0,0,0,NA,NA,NA,NA,NA,BLOCK,0,0,0,0,0,TREND_REVERSAL_UNCONFIRMED,2,0.45,LONG,1,0,0,0
NEARUSDT,1774756800000,2026-03-29T04:00:00.000Z,BEAR,LONG,17.5,12.909375,IGNORE,0,WATCH,,0,0,0,NA,NA,NA,NA,NA,WARNING_SOFT,1,0,0,0,0,TREND_REVERSAL_UNCONFIRMED,1,0.45,LONG,1,0,0,0
NEARUSDT,1774760400000,2026-03-29T05:00:00.000Z,BEAR,LONG,17.5,12.909375,IGNORE,0,WATCH,,0,0,0,NA,NA,NA,NA,NA,WARNING_SOFT,1,0,0,0,0,TREND_REVERSAL_UNCONFIRMED,1,0.45,LONG,1,0,0,0
NEARUSDT,1774764000000,2026-03-29T06:00:00.000Z,BEAR,LONG,17.5,12.909375,IGNORE,0,WATCH,,0,0,0,NA,NA,NA,NA,NA,WARNING_SOFT,1,0,0,0,0,TREND_REVERSAL_UNCONFIRMED,1,0.45,LONG,1,0,0,0
NEARUSDT,1774767600000,2026-03-29T07:00:00.000Z,BEAR,LONG,30.34722222222222,17.57734375,IGNORE,0,WATCH,,0,0,0,NA,NA,NA,NA,NA,CLEAR,1,0,0,0,0,TREND_REVERSAL_UNCONFIRMED,2,0.45,LONG,1,0,0,0
NEARUSDT,1774771200000,2026-03-29T08:00:00.000Z,BEAR,LONG,17.5,12.909375,IGNORE,0,WATCH,,0,0,0,NA,NA,NA,NA,NA,WARNING_HARD,1,0,0,0,0,TREND_REVERSAL_UNCONFIRMED,1,0.45,LONG,1,0,0,0
NEARUSDT,1774774800000,2026-03-29T09:00:00.000Z,BEAR,LONG,42.5,18.534375,IGNORE,0,WATCH,,0,0,0,NA,NA,NA,NA,NA,CLEAR,1,0,0,0,0,TREND_REVERSAL_UNCONFIRMED,2,0.45,LONG,1,0,0,0
NEARUSDT,1774778400000,2026-03-29T10:00:00.000Z,BEAR,LONG,35.064862380174944,17.94885791243878,IGNORE,0,WATCH,,0,0,0,NA,NA,NA,NA,NA,CLEAR,1,0,0,0,0,TREND_REVERSAL_UNCONFIRMED,2,0.45,LONG,1,0,0,0
NEARUSDT,1774782000000,2026-03-29T11:00:00.000Z,BEAR,LONG,59.00142163345661,43.42820898011812,WATCH,1,WATCH,ACTIVE,1,1,0,FAIL,PASS,SKIP,SKIP,FAIL,CLEAR,1,0,0,0,0,MARKET_CONTEXT_DENIED,3,0.84,LONG,1,0,0,0
NEARUSDT,1774785600000,2026-03-29T12:00:00.000Z,BEAR,LONG,41.56596719918365,18.460819916935712,IGNORE,0,WATCH,,0,0,0,NA,NA,NA,NA,NA,WARNING_HARD,1,0,0,0,0,TREND_REVERSAL_UNCONFIRMED,2,0.45,LONG,1,0,0,0
NEARUSDT,1774789200000,2026-03-29T13:00:00.000Z,BEAR,LONG,42.5,18.534375,IGNORE,0,WATCH,,0,0,0,NA,NA,NA,NA,NA,CLEAR,1,0,0,0,0,TREND_REVERSAL_UNCONFIRMED,2,0.45,LONG,1,0,0,0
NEARUSDT,1774792800000,2026-03-29T14:00:00.000Z,BEAR,LONG,42.5,18.534375,IGNORE,0,WATCH,,0,0,0,NA,NA,NA,NA,NA,CLEAR,1,0,0,0,0,TREND_REVERSAL_UNCONFIRMED,2,0.45,LONG,1,0,0,0
NEARUSDT,1774796400000,2026-03-29T15:00:00.000Z,BEAR,LONG,17.5,12.909375,IGNORE,0,WATCH,,0,0,0,NA,NA,NA,NA,NA,CLEAR,1,0,0,0,0,TREND_REVERSAL_UNCONFIRMED,1,0.45,LONG,1,0,0,0
NEARUSDT,1774800000000,2026-03-29T16:00:00.000Z,BEAR,LONG,12.847222222222221,12.54296875,IGNORE,0,WATCH,,0,0,0,NA,NA,NA,NA,NA,CLEAR,1,0,0,0,0,TREND_REVERSAL_UNCONFIRMED,1,0.45,LONG,1,0,0,0
NEARUSDT,1774803600000,2026-03-29T17:00:00.000Z,BEAR,LONG,0,7.875,IGNORE,0,WATCH,,0,0,0,NA,NA,NA,NA,NA,CLEAR,1,0,0,0,0,TREND_REVERSAL_UNCONFIRMED,0,0.45,LONG,1,0,0,0
NEARUSDT,1774807200000,2026-03-29T18:00:00.000Z,BEAR,LONG,0,7.875,IGNORE,0,WATCH,,0,0,0,NA,NA,NA,NA,NA,CLEAR,1,0,0,0,0,TREND_REVERSAL_UNCONFIRMED,0,0.45,LONG,1,0,0,0
NEARUSDT,1774810800000,2026-03-29T19:00:00.000Z,BEAR,LONG,0,7.875,IGNORE,0,WATCH,,0,0,0,NA,NA,NA,NA,NA,CLEAR,1,0,0,0,0,TREND_REVERSAL_UNCONFIRMED,0,0.45,LONG,1,0,0,0
NEARUSDT,1774814400000,2026-03-29T20:00:00.000Z,NEUTRAL,NONE,0,7.875,IGNORE,0,WATCH,,0,0,0,NA,NA,NA,NA,NA,CLEAR,1,0,0,0,0,TREND_REVERSAL_UNCONFIRMED,0,0.45,NONE,1,0,0,0
NEARUSDT,1774818000000,2026-03-29T21:00:00.000Z,NEUTRAL,NONE,0,7.875,IGNORE,0,WATCH,,0,0,0,NA,NA,NA,NA,NA,CLEAR,1,0,0,0,0,TREND_REVERSAL_UNCONFIRMED,0,0.45,NONE,1,0,0,0
NEARUSDT,1774821600000,2026-03-29T22:00:00.000Z,BEAR,LONG,25,13.5,IGNORE,0,WATCH,,0,0,0,NA,NA,NA,NA,NA,WARNING_SOFT,1,0,0,0,0,TREND_REVERSAL_UNCONFIRMED,1,0.45,LONG,1,0,0,0
NEARUSDT,1774825200000,2026-03-29T23:00:00.000Z,NEUTRAL,NONE,0,7.875,IGNORE,0,WATCH,,0,0,0,NA,NA,NA,NA,NA,BLOCK,0,0,0,0,0,TREND_REVERSAL_UNCONFIRMED,0,0.45,NONE,1,0,0,0
NEARUSDT,1774828800000,2026-03-30T00:00:00.000Z,NEUTRAL,NONE,0,7.875,IGNORE,0,WATCH,,0,0,0,NA,NA,NA,NA,NA,WARNING_HARD,1,0,0,0,0,TREND_REVERSAL_UNCONFIRMED,0,0.45,NONE,1,0,0,0
NEARUSDT,1774832400000,2026-03-30T01:00:00.000Z,NEUTRAL,NONE,0,7.875,IGNORE,0,WATCH,,0,0,0,NA,NA,NA,NA,NA,CLEAR,1,0,0,0,0,TREND_REVERSAL_UNCONFIRMED,0,0.45,NONE,1,0,0,0
NEARUSDT,1774836000000,2026-03-30T02:00:00.000Z,NEUTRAL,NONE,0,7.875,IGNORE,0,WATCH,,0,0,0,NA,NA,NA,NA,NA,CLEAR,1,0,0,0,0,TREND_REVERSAL_UNCONFIRMED,0,0.45,NONE,1,0,0,0
NEARUSDT,1774839600000,2026-03-30T03:00:00.000Z,NEUTRAL,NONE,0,7.875,IGNORE,0,WATCH,,0,0,0,NA,NA,NA,NA,NA,CLEAR,1,0,0,0,0,TREND_REVERSAL_UNCONFIRMED,0,0.45,NONE,1,0,0,0
NEARUSDT,1774843200000,2026-03-30T04:00:00.000Z,NEUTRAL,NONE,0,7.875,IGNORE,0,WATCH,,0,0,0,NA,NA,NA,NA,NA,CLEAR,1,1,0,0,0,TREND_REVERSAL_UNCONFIRMED,0,0.45,NONE,1,0,0,0
NEARUSDT,1774846800000,2026-03-30T05:00:00.000Z,NEUTRAL,NONE,0,7.875,IGNORE,0,WATCH,,0,0,0,NA,NA,NA,NA,NA,CLEAR,1,0,0,0,0,TREND_REVERSAL_UNCONFIRMED,0,0.45,NONE,1,0,0,0
NEARUSDT,1774850400000,2026-03-30T06:00:00.000Z,NEUTRAL,NONE,0,7.875,IGNORE,0,WATCH,,0,0,0,NA,NA,NA,NA,NA,CLEAR,1,0,0,0,0,TREND_REVERSAL_UNCONFIRMED,0,0.45,NONE,1,0,0,0
NEARUSDT,1774854000000,2026-03-30T07:00:00.000Z,BULL,SHORT,17.5,12.909375,IGNORE,0,WATCH,,0,0,0,NA,NA,NA,NA,NA,CLEAR,1,0,0,0,0,TREND_REVERSAL_UNCONFIRMED,1,0.45,SHORT,1,0,0,0
NEARUSDT,1774857600000,2026-03-30T08:00:00.000Z,BULL,SHORT,52.78428845664439,51.754290403126724,WATCH,1,WATCH,ACTIVE,1,1,0,PASS,PASS,SKIP,SKIP,FAIL,CLEAR,1,0,0,0,0,MARKET_CONTEXT_DENIED,3,0.84,SHORT,0,1,0,0
NEARUSDT,1774861200000,2026-03-30T09:00:00.000Z,BULL,SHORT,17.5,12.909375,IGNORE,0,WATCH,,0,0,0,NA,NA,NA,NA,NA,CLEAR,1,0,0,0,0,TREND_REVERSAL_UNCONFIRMED,1,0.45,SHORT,1,0,0,0
NEARUSDT,1774864800000,2026-03-30T10:00:00.000Z,BULL,SHORT,17.5,12.909375,IGNORE,0,WATCH,,0,0,0,NA,NA,NA,NA,NA,CLEAR,1,0,0,0,0,TREND_REVERSAL_UNCONFIRMED,1,0.45,SHORT,1,0,0,0
NEARUSDT,1774868400000,2026-03-30T11:00:00.000Z,BULL,SHORT,0,7.875,IGNORE,0,WATCH,,0,0,0,NA,NA,NA,NA,NA,CLEAR,1,0,0,0,0,TREND_REVERSAL_UNCONFIRMED,0,0.45,SHORT,1,0,0,0
NEARUSDT,1774872000000,2026-03-30T12:00:00.000Z,BULL,SHORT,0,7.875,IGNORE,0,WATCH,,0,0,0,NA,NA,NA,NA,NA,CLEAR,1,0,0,0,0,TREND_REVERSAL_UNCONFIRMED,0,0.45,SHORT,1,0,0,0
NEARUSDT,1774875600000,2026-03-30T13:00:00.000Z,BULL,SHORT,15.823601172009301,12.777358592295732,IGNORE,0,WATCH,,0,0,0,NA,NA,NA,NA,NA,CLEAR,1,0,0,0,0,TREND_REVERSAL_UNCONFIRMED,1,0.45,SHORT,1,0,0,0
NEARUSDT,1774879200000,2026-03-30T14:00:00.000Z,NEUTRAL,NONE,0,7.875,IGNORE,0,WATCH,,0,0,0,NA,NA,NA,NA,NA,WARNING_SOFT,1,0,0,0,0,TREND_REVERSAL_UNCONFIRMED,0,0.45,NONE,1,0,0,0
NEARUSDT,1774882800000,2026-03-30T15:00:00.000Z,NEUTRAL,NONE,0,7.875,IGNORE,0,WATCH,,0,0,0,NA,NA,NA,NA,NA,WARNING_SOFT,1,0,0,0,0,TREND_REVERSAL_UNCONFIRMED,0,0.45,NONE,1,0,0,0
NEARUSDT,1774886400000,2026-03-30T16:00:00.000Z,NEUTRAL,NONE,0,7.875,IGNORE,0,WATCH,,0,0,0,NA,NA,NA,NA,NA,WARNING_SOFT,1,0,0,0,0,TREND_REVERSAL_UNCONFIRMED,0,0.45,NONE,1,0,0,0
NEARUSDT,1774890000000,2026-03-30T17:00:00.000Z,NEUTRAL,NONE,0,7.875,IGNORE,0,WATCH,,0,0,0,NA,NA,NA,NA,NA,BLOCK,0,0,0,0,0,TREND_REVERSAL_UNCONFIRMED,0,0.45,NONE,1,0,0,0
NEARUSDT,1774893600000,2026-03-30T18:00:00.000Z,NEUTRAL,NONE,0,7.875,IGNORE,0,WATCH,,0,0,0,NA,NA,NA,NA,NA,WARNING_SOFT,1,0,0,0,0,TREND_REVERSAL_UNCONFIRMED,0,0.45,NONE,1,0,0,0
NEARUSDT,1774897200000,2026-03-30T19:00:00.000Z,BEAR,LONG,12.847222222222221,12.54296875,IGNORE,0,WATCH,,0,0,0,NA,NA,NA,NA,NA,CLEAR,1,0,0,0,0,TREND_REVERSAL_UNCONFIRMED,1,0.45,LONG,1,0,0,0
NEARUSDT,1774900800000,2026-03-30T20:00:00.000Z,BEAR,LONG,0,7.875,IGNORE,0,WATCH,,0,0,0,NA,NA,NA,NA,NA,CLEAR,1,0,0,0,0,TREND_REVERSAL_UNCONFIRMED,0,0.45,LONG,1,0,0,0
NEARUSDT,1774904400000,2026-03-30T21:00:00.000Z,BEAR,LONG,0,7.875,IGNORE,0,WATCH,,0,0,0,NA,NA,NA,NA,NA,CLEAR,1,0,0,0,0,TREND_REVERSAL_UNCONFIRMED,0,0.45,LONG,1,0,0,0
NEARUSDT,1774908000000,2026-03-30T22:00:00.000Z,BEAR,LONG,17.5,12.909375,IGNORE,0,WATCH,,0,0,0,NA,NA,NA,NA,NA,CLEAR,1,0,0,0,0,TREND_REVERSAL_UNCONFIRMED,1,0.45,LONG,1,0,0,0
NEARUSDT,1774911600000,2026-03-30T23:00:00.000Z,BEAR,LONG,0,7.875,IGNORE,0,WATCH,,0,0,0,NA,NA,NA,NA,NA,CLEAR,1,0,0,0,0,TREND_REVERSAL_UNCONFIRMED,0,0.45,LONG,1,0,0,0
NEARUSDT,1774915200000,2026-03-31T00:00:00.000Z,BEAR,LONG,0,7.875,IGNORE,0,WATCH,,0,0,0,NA,NA,NA,NA,NA,CLEAR,1,0,0,0,0,TREND_REVERSAL_UNCONFIRMED,0,0.45,LONG,1,0,0,0
NEARUSDT,1774918800000,2026-03-31T01:00:00.000Z,NEUTRAL,NONE,0,7.875,IGNORE,0,WATCH,,0,0,0,NA,NA,NA,NA,NA,CLEAR,1,0,0,0,0,TREND_REVERSAL_UNCONFIRMED,0,0.45,NONE,1,0,0,0
NEARUSDT,1774922400000,2026-03-31T02:00:00.000Z,NEUTRAL,NONE,0,7.875,IGNORE,0,WATCH,,0,0,0,NA,NA,NA,NA,NA,CLEAR,1,0,0,0,0,TREND_REVERSAL_UNCONFIRMED,0,0.45,NONE,1,0,0,0
NEARUSDT,1774926000000,2026-03-31T03:00:00.000Z,NEUTRAL,NONE,0,7.875,IGNORE,0,WATCH,,0,0,0,NA,NA,NA,NA,NA,CLEAR,1,0,0,0,0,TREND_REVERSAL_UNCONFIRMED,0,0.45,NONE,1,0,0,0
NEARUSDT,1774929600000,2026-03-31T04:00:00.000Z,BEAR,LONG,0,7.875,IGNORE,0,WATCH,,0,0,0,NA,NA,NA,NA,NA,WARNING_SOFT,1,0,0,0,0,TREND_REVERSAL_UNCONFIRMED,0,0.45,LONG,1,0,0,0
NEARUSDT,1774933200000,2026-03-31T05:00:00.000Z,NEUTRAL,NONE,0,7.875,IGNORE,0,WATCH,,0,0,0,NA,NA,NA,NA,NA,CLEAR,1,0,0,0,0,TREND_REVERSAL_UNCONFIRMED,0,0.45,NONE,1,0,0,0
NEARUSDT,1774936800000,2026-03-31T06:00:00.000Z,NEUTRAL,NONE,0,7.875,IGNORE,0,WATCH,,0,0,0,NA,NA,NA,NA,NA,CLEAR,1,0,0,0,0,TREND_REVERSAL_UNCONFIRMED,0,0.45,NONE,1,0,0,0
NEARUSDT,1774940400000,2026-03-31T07:00:00.000Z,NEUTRAL,NONE,0,7.875,IGNORE,0,WATCH,,0,0,0,NA,NA,NA,NA,NA,CLEAR,1,0,0,0,0,TREND_REVERSAL_UNCONFIRMED,0,0.45,NONE,1,0,0,0
NEARUSDT,1774944000000,2026-03-31T08:00:00.000Z,BEAR,LONG,17.5,12.909375,IGNORE,0,WATCH,,0,0,0,NA,NA,NA,NA,NA,WARNING_SOFT,1,0,0,0,0,TREND_REVERSAL_UNCONFIRMED,1,0.45,LONG,1,0,0,0
NEARUSDT,1774947600000,2026-03-31T09:00:00.000Z,BEAR,LONG,17.5,12.909375,IGNORE,0,WATCH,,0,0,0,NA,NA,NA,NA,NA,CLEAR,1,0,0,0,0,TREND_REVERSAL_UNCONFIRMED,1,0.45,LONG,1,0,0,0
NEARUSDT,1774951200000,2026-03-31T10:00:00.000Z,BEAR,LONG,17.5,12.909375,IGNORE,0,WATCH,,0,0,0,NA,NA,NA,NA,NA,CLEAR,1,0,0,0,0,TREND_REVERSAL_UNCONFIRMED,1,0.45,LONG,1,0,0,0
NEARUSDT,1774954800000,2026-03-31T11:00:00.000Z,BEAR,LONG,57.042361576788196,43.14022715178786,WATCH,1,WATCH,ACTIVE,1,1,0,FAIL,PASS,SKIP,SKIP,FAIL,CLEAR,1,0,0,0,0,MARKET_CONTEXT_DENIED,3,0.84,LONG,1,0,0,0
NEARUSDT,1774958400000,2026-03-31T12:00:00.000Z,BEAR,LONG,15.953815280595869,12.787612953346924,IGNORE,0,WATCH,,0,0,0,NA,NA,NA,NA,NA,BLOCK,0,0,0,0,0,TREND_REVERSAL_UNCONFIRMED,1,0.45,LONG,1,0,0,0
NEARUSDT,1774962000000,2026-03-31T13:00:00.000Z,NEUTRAL,NONE,0,7.875,IGNORE,0,WATCH,,0,0,0,NA,NA,NA,NA,NA,CLEAR,1,0,0,0,0,TREND_REVERSAL_UNCONFIRMED,0,0.45,NONE,1,0,0,0
NEARUSDT,1774965600000,2026-03-31T14:00:00.000Z,BEAR,LONG,17.88854619286718,12.93997301268829,IGNORE,0,WATCH,,0,0,0,NA,NA,NA,NA,NA,BLOCK,0,0,0,0,0,TREND_REVERSAL_UNCONFIRMED,1,0.45,LONG,1,0,0,0
NEARUSDT,1774969200000,2026-03-31T15:00:00.000Z,BEAR,LONG,12.829296696096302,12.541557114817586,IGNORE,0,WATCH,,0,0,0,NA,NA,NA,NA,NA,BLOCK,0,0,0,0,0,TREND_REVERSAL_UNCONFIRMED,1,0.45,LONG,1,0,0,0
NEARUSDT,1774972800000,2026-03-31T16:00:00.000Z,NEUTRAL,NONE,0,7.875,IGNORE,0,WATCH,,0,0,0,NA,NA,NA,NA,NA,WARNING_SOFT,1,0,0,0,0,TREND_REVERSAL_UNCONFIRMED,0,0.45,NONE,1,0,0,0
NEARUSDT,1774976400000,2026-03-31T17:00:00.000Z,BULL,SHORT,37.85800528080255,18.1688179158632,IGNORE,0,WATCH,,0,0,0,NA,NA,NA,NA,NA,CLEAR,1,0,0,0,0,TREND_REVERSAL_UNCONFIRMED,2,0.45,SHORT,1,0,0,0
NEARUSDT,1774980000000,2026-03-31T18:00:00.000Z,BULL,SHORT,17.5,12.909375,IGNORE,0,WATCH,,0,0,0,NA,NA,NA,NA,NA,CLEAR,1,0,0,0,0,TREND_REVERSAL_UNCONFIRMED,1,0.45,SHORT,1,0,0,0
NEARUSDT,1774983600000,2026-03-31T19:00:00.000Z,BULL,SHORT,42.5,18.534375,IGNORE,0,WATCH,,0,0,0,NA,NA,NA,NA,NA,CLEAR,1,0,1,1,0,TREND_REVERSAL_UNCONFIRMED,2,0.45,SHORT,1,0,0,0
NEARUSDT,1774987200000,2026-03-31T20:00:00.000Z,BULL,SHORT,0,7.875,IGNORE,0,WATCH,,0,0,0,NA,NA,NA,NA,NA,CLEAR,1,0,0,0,0,TREND_REVERSAL_UNCONFIRMED,0,0.45,SHORT,1,0,0,0
NEARUSDT,1774990800000,2026-03-31T21:00:00.000Z,BULL,SHORT,0,7.875,IGNORE,0,WATCH,,0,0,0,NA,NA,NA,NA,NA,WARNING_SOFT,1,0,0,0,0,TREND_REVERSAL_UNCONFIRMED,0,0.45,SHORT,1,0,0,0
NEARUSDT,1774994400000,2026-03-31T22:00:00.000Z,NEUTRAL,NONE,0,7.875,IGNORE,0,WATCH,,0,0,0,NA,NA,NA,NA,NA,WARNING_SOFT,1,0,0,0,0,TREND_REVERSAL_UNCONFIRMED,0,0.45,NONE,1,0,0,0
NEARUSDT,1774998000000,2026-03-31T23:00:00.000Z,BULL,SHORT,0,7.875,IGNORE,0,WATCH,,0,0,0,NA,NA,NA,NA,NA,WARNING_SOFT,1,0,0,0,0,TREND_REVERSAL_UNCONFIRMED,0,0.45,SHORT,1,0,0,0
NEARUSDT,1775001600000,2026-04-01T00:00:00.000Z,BULL,SHORT,0,7.875,IGNORE,0,WATCH,,0,0,0,NA,NA,NA,NA,NA,CLEAR,1,0,0,0,0,TREND_REVERSAL_UNCONFIRMED,0,0.45,SHORT,1,0,0,0
NEARUSDT,1775005200000,2026-04-01T01:00:00.000Z,NEUTRAL,NONE,0,7.875,IGNORE,0,WATCH,,0,0,0,NA,NA,NA,NA,NA,WARNING_SOFT,1,0,0,0,0,TREND_REVERSAL_UNCONFIRMED,0,0.45,NONE,1,0,0,0
NEARUSDT,1775008800000,2026-04-01T02:00:00.000Z,NEUTRAL,NONE,0,7.875,IGNORE,0,WATCH,,0,0,0,NA,NA,NA,NA,NA,WARNING_SOFT,1,0,0,0,0,TREND_REVERSAL_UNCONFIRMED,0,0.45,NONE,1,0,0,0
NEARUSDT,1775012400000,2026-04-01T03:00:00.000Z,BULL,SHORT,0,7.875,IGNORE,0,WATCH,,0,0,0,NA,NA,NA,NA,NA,WARNING_SOFT,1,0,0,0,0,TREND_REVERSAL_UNCONFIRMED,0,0.45,SHORT,1,0,0,0
NEARUSDT,1775016000000,2026-04-01T04:00:00.000Z,BULL,SHORT,0,7.875,IGNORE,0,WATCH,,0,0,0,NA,NA,NA,NA,NA,CLEAR,1,0,0,0,0,TREND_REVERSAL_UNCONFIRMED,0,0.45,SHORT,1,0,0,0
NEARUSDT,1775019600000,2026-04-01T05:00:00.000Z,BULL,SHORT,0,7.875,IGNORE,0,WATCH,,0,0,0,NA,NA,NA,NA,NA,CLEAR,1,0,0,0,0,TREND_REVERSAL_UNCONFIRMED,0,0.45,SHORT,1,0,0,0
NEARUSDT,1775023200000,2026-04-01T06:00:00.000Z,BULL,SHORT,0,7.875,IGNORE,0,WATCH,,0,0,0,NA,NA,NA,NA,NA,CLEAR,1,0,0,0,0,TREND_REVERSAL_UNCONFIRMED,0,0.45,SHORT,1,0,0,0
NEARUSDT,1775026800000,2026-04-01T07:00:00.000Z,BULL,SHORT,37.58622801658896,18.147415456306383,IGNORE,0,WATCH,,0,0,0,NA,NA,NA,NA,NA,CLEAR,1,0,0,0,0,TREND_REVERSAL_UNCONFIRMED,2,0.45,SHORT,1,0,0,0
NEARUSDT,1775030400000,2026-04-01T08:00:00.000Z,BULL,SHORT,0,7.875,IGNORE,0,WATCH,,0,0,0,NA,NA,NA,NA,NA,CLEAR,1,0,0,0,0,TREND_REVERSAL_UNCONFIRMED,0,0.45,SHORT,1,0,0,0
NEARUSDT,1775034000000,2026-04-01T09:00:00.000Z,BULL,SHORT,0,7.875,IGNORE,0,WATCH,,0,0,0,NA,NA,NA,NA,NA,CLEAR,1,0,0,0,0,TREND_REVERSAL_UNCONFIRMED,0,0.45,SHORT,1,0,0,0
NEARUSDT,1775037600000,2026-04-01T10:00:00.000Z,BULL,SHORT,0,7.875,IGNORE,0,WATCH,,0,0,0,NA,NA,NA,NA,NA,CLEAR,1,0,0,0,0,TREND_REVERSAL_UNCONFIRMED,0,0.45,SHORT,1,0,0,0
NEARUSDT,1775041200000,2026-04-01T11:00:00.000Z,BULL,SHORT,0,7.875,IGNORE,0,WATCH,,0,0,0,NA,NA,NA,NA,NA,CLEAR,1,0,0,0,0,TREND_REVERSAL_UNCONFIRMED,0,0.45,SHORT,1,0,0,0
NEARUSDT,1775044800000,2026-04-01T12:00:00.000Z,BULL,SHORT,25,13.5,IGNORE,0,WATCH,,0,0,0,NA,NA,NA,NA,NA,CLEAR,1,0,0,0,0,TREND_REVERSAL_UNCONFIRMED,1,0.45,SHORT,1,0,0,0
NEARUSDT,1775048400000,2026-04-01T13:00:00.000Z,BULL,SHORT,24.440519625895522,13.455940920539273,IGNORE,0,WATCH,,0,0,0,NA,NA,NA,NA,NA,WARNING_HARD,1,0,0,0,0,TREND_REVERSAL_UNCONFIRMED,1,0.45,SHORT,1,0,0,0
NEARUSDT,1775052000000,2026-04-01T14:00:00.000Z,BULL,SHORT,12.759635272460468,12.536071277706261,IGNORE,0,WATCH,,0,0,0,NA,NA,NA,NA,NA,CLEAR,1,0,0,0,0,TREND_REVERSAL_UNCONFIRMED,1,0.45,SHORT,1,0,0,0
NEARUSDT,1775055600000,2026-04-01T15:00:00.000Z,BULL,SHORT,25,13.5,IGNORE,0,WATCH,,0,0,0,NA,NA,NA,NA,NA,CLEAR,1,0,0,0,0,TREND_REVERSAL_UNCONFIRMED,1,0.45,SHORT,1,0,0,0
NEARUSDT,1775059200000,2026-04-01T16:00:00.000Z,BULL,SHORT,0,7.875,IGNORE,0,WATCH,,0,0,0,NA,NA,NA,NA,NA,WARNING_SOFT,1,0,0,0,0,TREND_REVERSAL_UNCONFIRMED,0,0.45,SHORT,1,0,0,0
NEARUSDT,1775062800000,2026-04-01T17:00:00.000Z,BULL,SHORT,16.312138489467287,12.81583090604555,IGNORE,0,WATCH,,0,0,0,NA,NA,NA,NA,NA,BLOCK,0,0,0,0,0,TREND_REVERSAL_UNCONFIRMED,1,0.45,SHORT,1,0,0,0
NEARUSDT,1775066400000,2026-04-01T18:00:00.000Z,NEUTRAL,NONE,0,7.875,IGNORE,0,WATCH,,0,0,0,NA,NA,NA,NA,NA,WARNING_SOFT,1,0,0,0,0,TREND_REVERSAL_UNCONFIRMED,0,0.45,NONE,1,0,0,0
NEARUSDT,1775070000000,2026-04-01T19:00:00.000Z,NEUTRAL,NONE,0,7.875,IGNORE,0,WATCH,,0,0,0,NA,NA,NA,NA,NA,WARNING_SOFT,1,0,0,0,0,TREND_REVERSAL_UNCONFIRMED,0,0.45,NONE,1,0,0,0
NEARUSDT,1775073600000,2026-04-01T20:00:00.000Z,NEUTRAL,NONE,0,7.875,IGNORE,0,WATCH,,0,0,0,NA,NA,NA,NA,NA,WARNING_SOFT,1,0,0,0,0,TREND_REVERSAL_UNCONFIRMED,0,0.45,NONE,1,0,0,0
NEARUSDT,1775077200000,2026-04-01T21:00:00.000Z,NEUTRAL,NONE,0,7.875,IGNORE,0,WATCH,,0,0,0,NA,NA,NA,NA,NA,WARNING_SOFT,1,0,0,0,0,TREND_REVERSAL_UNCONFIRMED,0,0.45,NONE,1,0,0,0
NEARUSDT,1775080800000,2026-04-01T22:00:00.000Z,NEUTRAL,NONE,0,7.875,IGNORE,0,WATCH,,0,0,0,NA,NA,NA,NA,NA,WARNING_SOFT,1,0,0,0,0,TREND_REVERSAL_UNCONFIRMED,0,0.45,NONE,1,0,0,0
NEARUSDT,1775084400000,2026-04-01T23:00:00.000Z,NEUTRAL,NONE,0,7.875,IGNORE,0,WATCH,,0,0,0,NA,NA,NA,NA,NA,WARNING_SOFT,1,0,0,0,0,TREND_REVERSAL_UNCONFIRMED,0,0.45,NONE,1,0,0,0
NEARUSDT,1775088000000,2026-04-02T00:00:00.000Z,BULL,SHORT,17.5,12.909375,IGNORE,0,WATCH,,0,0,0,NA,NA,NA,NA,NA,WARNING_SOFT,1,0,0,0,0,TREND_REVERSAL_UNCONFIRMED,1,0.45,SHORT,1,0,0,0
NEARUSDT,1775091600000,2026-04-02T01:00:00.000Z,NEUTRAL,NONE,0,7.875,IGNORE,0,WATCH,,0,0,0,NA,NA,NA,NA,NA,BLOCK,0,0,1,0,0,TREND_REVERSAL_UNCONFIRMED,0,0.45,NONE,1,0,0,0
NEARUSDT,1775095200000,2026-04-02T02:00:00.000Z,NEUTRAL,NONE,0,7.875,IGNORE,0,WATCH,,0,0,0,NA,NA,NA,NA,NA,BLOCK,0,0,0,0,0,TREND_REVERSAL_UNCONFIRMED,0,0.45,NONE,1,0,0,0
NEARUSDT,1775098800000,2026-04-02T03:00:00.000Z,BEAR,LONG,17.5,12.909375,IGNORE,0,WATCH,,0,0,0,NA,NA,NA,NA,NA,CLEAR,1,0,0,0,0,TREND_REVERSAL_UNCONFIRMED,1,0.45,LONG,1,0,0,0
NEARUSDT,1775102400000,2026-04-02T04:00:00.000Z,BEAR,LONG,30.34722222222222,17.57734375,IGNORE,0,WATCH,,0,0,0,NA,NA,NA,NA,NA,CLEAR,1,0,0,0,0,TREND_REVERSAL_UNCONFIRMED,2,0.45,LONG,1,0,0,0
NEARUSDT,1775106000000,2026-04-02T05:00:00.000Z,BEAR,LONG,32.088700708676846,17.7144851808083,IGNORE,0,WATCH,,0,0,0,NA,NA,NA,NA,NA,CLEAR,1,0,0,0,0,TREND_REVERSAL_UNCONFIRMED,2,0.45,LONG,1,0,0,0
NEARUSDT,1775109600000,2026-04-02T06:00:00.000Z,BEAR,LONG,17.5,12.909375,IGNORE,0,WATCH,,0,0,0,NA,NA,NA,NA,NA,CLEAR,1,0,0,0,0,TREND_REVERSAL_UNCONFIRMED,1,0.45,LONG,1,0,0,0
NEARUSDT,1775113200000,2026-04-02T07:00:00.000Z,BEAR,LONG,42.5,18.534375,IGNORE,0,WATCH,,0,0,0,NA,NA,NA,NA,NA,CLEAR,1,0,0,0,0,TREND_REVERSAL_UNCONFIRMED,2,0.45,LONG,1,0,0,0
NEARUSDT,1775116800000,2026-04-02T08:00:00.000Z,BEAR,LONG,0,7.875,IGNORE,0,WATCH,,0,0,0,NA,NA,NA,NA,NA,CLEAR,1,0,0,0,0,TREND_REVERSAL_UNCONFIRMED,0,0.45,LONG,1,0,0,0
NEARUSDT,1775120400000,2026-04-02T09:00:00.000Z,BEAR,LONG,0,7.875,IGNORE,0,WATCH,,0,0,0,NA,NA,NA,NA,NA,CLEAR,1,0,0,0,0,TREND_REVERSAL_UNCONFIRMED,0,0.45,LONG,1,0,0,0
NEARUSDT,1775124000000,2026-04-02T10:00:00.000Z,BEAR,LONG,12.847222222222221,12.54296875,IGNORE,0,WATCH,,0,0,0,NA,NA,NA,NA,NA,CLEAR,1,0,0,0,0,TREND_REVERSAL_UNCONFIRMED,1,0.45,LONG,1,0,0,0
NEARUSDT,1775127600000,2026-04-02T11:00:00.000Z,BEAR,LONG,0,7.875,IGNORE,0,WATCH,,0,0,0,NA,NA,NA,NA,NA,CLEAR,1,0,0,0,0,TREND_REVERSAL_UNCONFIRMED,0,0.45,LONG,1,0,0,0
NEARUSDT,1775131200000,2026-04-02T12:00:00.000Z,BEAR,LONG,25,13.5,IGNORE,0,WATCH,,0,0,0,NA,NA,NA,NA,NA,CLEAR,1,0,0,0,0,TREND_REVERSAL_UNCONFIRMED,1,0.45,LONG,1,0,0,0
NEARUSDT,1775134800000,2026-04-02T13:00:00.000Z,BEAR,LONG,23.804321953641207,13.405840353849245,IGNORE,0,WATCH,,0,0,0,NA,NA,NA,NA,NA,CLEAR,1,0,0,0,0,TREND_REVERSAL_UNCONFIRMED,1,0.45,LONG,1,0,0,0
NEARUSDT,1775138400000,2026-04-02T14:00:00.000Z,BEAR,LONG,20.484041089520634,13.14436823579975,IGNORE,0,WATCH,,0,0,0,NA,NA,NA,NA,NA,CLEAR,1,0,0,0,0,TREND_REVERSAL_UNCONFIRMED,1,0.45,LONG,1,0,0,0
NEARUSDT,1775142000000,2026-04-02T15:00:00.000Z,BEAR,LONG,0,7.875,IGNORE,0,WATCH,,0,0,0,NA,NA,NA,NA,NA,WARNING_SOFT,1,0,0,0,0,TREND_REVERSAL_UNCONFIRMED,0,0.45,LONG,1,0,0,0
NEARUSDT,1775145600000,2026-04-02T16:00:00.000Z,BEAR,LONG,0,7.875,IGNORE,0,WATCH,,0,0,0,NA,NA,NA,NA,NA,CLEAR,1,0,0,0,0,TREND_REVERSAL_UNCONFIRMED,0,0.45,LONG,1,0,0,0
NEARUSDT,1775149200000,2026-04-02T17:00:00.000Z,BEAR,LONG,0,7.875,IGNORE,0,WATCH,,0,0,0,NA,NA,NA,NA,NA,WARNING_SOFT,1,0,0,0,0,TREND_REVERSAL_UNCONFIRMED,0,0.45,LONG,1,0,0,0
NEARUSDT,1775152800000,2026-04-02T18:00:00.000Z,BEAR,LONG,0,7.875,IGNORE,0,WATCH,,0,0,0,NA,NA,NA,NA,NA,CLEAR,1,0,0,0,0,TREND_REVERSAL_UNCONFIRMED,0,0.45,LONG,1,0,0,0
NEARUSDT,1775156400000,2026-04-02T19:00:00.000Z,BEAR,LONG,0,7.875,IGNORE,0,WATCH,,0,0,0,NA,NA,NA,NA,NA,CLEAR,1,0,0,0,0,TREND_REVERSAL_UNCONFIRMED,0,0.45,LONG,1,0,0,0
NEARUSDT,1775160000000,2026-04-02T20:00:00.000Z,BEAR,LONG,18.34795452639867,12.976151418953895,IGNORE,0,WATCH,,0,0,0,NA,NA,NA,NA,NA,BLOCK,0,0,0,0,0,TREND_REVERSAL_UNCONFIRMED,1,0.45,LONG,1,0,0,0
NEARUSDT,1775163600000,2026-04-02T21:00:00.000Z,BEAR,LONG,17.5,12.909375,IGNORE,0,WATCH,,0,0,0,NA,NA,NA,NA,NA,WARNING_SOFT,1,0,0,0,0,TREND_REVERSAL_UNCONFIRMED,1,0.45,LONG,1,0,0,0
NEARUSDT,1775167200000,2026-04-02T22:00:00.000Z,BEAR,LONG,17.5,12.909375,IGNORE,0,WATCH,,0,0,0,NA,NA,NA,NA,NA,WARNING_SOFT,1,0,0,0,0,TREND_REVERSAL_UNCONFIRMED,1,0.45,LONG,1,0,0,0
NEARUSDT,1775170800000,2026-04-02T23:00:00.000Z,NEUTRAL,NONE,0,7.875,IGNORE,0,WATCH,,0,0,0,NA,NA,NA,NA,NA,WARNING_HARD,1,0,0,0,0,TREND_REVERSAL_UNCONFIRMED,0,0.45,NONE,1,0,0,0
NEARUSDT,1775174400000,2026-04-03T00:00:00.000Z,BEAR,LONG,17.5,12.909375,IGNORE,0,WATCH,,0,0,0,NA,NA,NA,NA,NA,WARNING_SOFT,1,0,0,0,0,TREND_REVERSAL_UNCONFIRMED,1,0.45,LONG,1,0,0,0
NEARUSDT,1775178000000,2026-04-03T01:00:00.000Z,NEUTRAL,NONE,0,7.875,IGNORE,0,WATCH,,0,0,0,NA,NA,NA,NA,NA,WARNING_SOFT,1,0,0,0,0,TREND_REVERSAL_UNCONFIRMED,0,0.45,NONE,1,0,0,0
NEARUSDT,1775181600000,2026-04-03T02:00:00.000Z,NEUTRAL,NONE,0,7.875,IGNORE,0,WATCH,,0,0,0,NA,NA,NA,NA,NA,WARNING_SOFT,1,0,0,0,0,TREND_REVERSAL_UNCONFIRMED,0,0.45,NONE,1,0,0,0
NEARUSDT,1775185200000,2026-04-03T03:00:00.000Z,NEUTRAL,NONE,0,7.875,IGNORE,0,WATCH,,0,0,0,NA,NA,NA,NA,NA,WARNING_SOFT,1,0,0,0,0,TREND_REVERSAL_UNCONFIRMED,0,0.45,NONE,1,0,0,0
NEARUSDT,1775188800000,2026-04-03T04:00:00.000Z,NEUTRAL,NONE,0,7.875,IGNORE,0,WATCH,,0,0,0,NA,NA,NA,NA,NA,WARNING_SOFT,1,0,0,0,0,TREND_REVERSAL_UNCONFIRMED,0,0.45,NONE,1,0,0,0
NEARUSDT,1775192400000,2026-04-03T05:00:00.000Z,NEUTRAL,NONE,0,7.875,IGNORE,0,WATCH,,0,0,0,NA,NA,NA,NA,NA,WARNING_SOFT,1,0,0,0,0,TREND_REVERSAL_UNCONFIRMED,0,0.45,NONE,1,0,0,0
NEARUSDT,1775196000000,2026-04-03T06:00:00.000Z,NEUTRAL,NONE,0,7.875,IGNORE,0,WATCH,,0,0,0,NA,NA,NA,NA,NA,WARNING_HARD,1,1,0,0,0,TREND_REVERSAL_UNCONFIRMED,0,0.45,NONE,1,0,0,0
NEARUSDT,1775199600000,2026-04-03T07:00:00.000Z,NEUTRAL,NONE,0,7.875,IGNORE,0,WATCH,,0,0,0,NA,NA,NA,NA,NA,CLEAR,1,1,0,0,0,TREND_REVERSAL_UNCONFIRMED,0,0.45,NONE,1,0,0,0
NEARUSDT,1775203200000,2026-04-03T08:00:00.000Z,BULL,SHORT,66.31944444444444,62.14395833333332,WATCH,1,ACTIVE,ACTIVE,1,1,1,PASS,PASS,SKIP,SKIP,PASS,CLEAR,1,0,0,0,1,,3,0.84,SHORT,0,1,0,0
NEARUSDT,1775206800000,2026-04-03T09:00:00.000Z,BULL,SHORT,37.96837199516983,18.177509294619625,IGNORE,0,WATCH,,0,0,0,NA,NA,NA,NA,NA,CLEAR,1,0,0,0,0,TREND_REVERSAL_UNCONFIRMED,2,0.45,SHORT,1,0,0,0
NEARUSDT,1775210400000,2026-04-03T10:00:00.000Z,BULL,SHORT,18.055555555555557,12.953125,IGNORE,0,WATCH,,0,0,0,NA,NA,NA,NA,NA,CLEAR,1,0,0,0,0,TREND_REVERSAL_UNCONFIRMED,1,0.45,SHORT,1,0,0,0
NEARUSDT,1775214000000,2026-04-03T11:00:00.000Z,BULL,SHORT,16.319444444444443,12.81640625,IGNORE,0,WATCH,,0,0,0,NA,NA,NA,NA,NA,CLEAR,1,0,0,0,0,TREND_REVERSAL_UNCONFIRMED,1,0.45,SHORT,1,0,0,0
NEARUSDT,1775217600000,2026-04-03T12:00:00.000Z,BULL,SHORT,15.948189481896888,12.78716992169938,IGNORE,0,WATCH,,0,0,0,NA,NA,NA,NA,NA,WARNING_SOFT,1,0,0,0,0,TREND_REVERSAL_UNCONFIRMED,1,0.45,SHORT,1,0,0,0
NEARUSDT,1775221200000,2026-04-03T13:00:00.000Z,BULL,SHORT,0,7.875,IGNORE,0,WATCH,,0,0,0,NA,NA,NA,NA,NA,WARNING_SOFT,1,0,0,0,0,TREND_REVERSAL_UNCONFIRMED,0,0.45,SHORT,1,0,0,0
NEARUSDT,1775224800000,2026-04-03T14:00:00.000Z,BULL,SHORT,0,7.875,IGNORE,0,WATCH,,0,0,0,NA,NA,NA,NA,NA,CLEAR,1,0,0,0,0,TREND_REVERSAL_UNCONFIRMED,0,0.45,SHORT,1,0,0,0
NEARUSDT,1775228400000,2026-04-03T15:00:00.000Z,BULL,SHORT,0,7.875,IGNORE,0,WATCH,,0,0,0,NA,NA,NA,NA,NA,CLEAR,1,0,0,0,0,TREND_REVERSAL_UNCONFIRMED,0,0.45,SHORT,1,0,0,0
NEARUSDT,1775232000000,2026-04-03T16:00:00.000Z,BULL,SHORT,0,7.875,IGNORE,0,WATCH,,0,0,0,NA,NA,NA,NA,NA,CLEAR,1,0,0,0,0,TREND_REVERSAL_UNCONFIRMED,0,0.45,SHORT,1,0,0,0
NEARUSDT,1775235600000,2026-04-03T17:00:00.000Z,BULL,SHORT,0,7.875,IGNORE,0,WATCH,,0,0,0,NA,NA,NA,NA,NA,WARNING_SOFT,1,0,0,0,0,TREND_REVERSAL_UNCONFIRMED,0,0.45,SHORT,1,0,0,0
NEARUSDT,1775239200000,2026-04-03T18:00:00.000Z,BULL,SHORT,0,7.875,IGNORE,0,WATCH,,0,0,0,NA,NA,NA,NA,NA,WARNING_SOFT,1,0,0,0,0,TREND_REVERSAL_UNCONFIRMED,0,0.45,SHORT,1,0,0,0
NEARUSDT,1775242800000,2026-04-03T19:00:00.000Z,BULL,SHORT,0,7.875,IGNORE,0,WATCH,,0,0,0,NA,NA,NA,NA,NA,WARNING_SOFT,1,0,0,0,0,TREND_REVERSAL_UNCONFIRMED,0,0.45,SHORT,1,0,0,0
NEARUSDT,1775246400000,2026-04-03T20:00:00.000Z,BULL,SHORT,0,7.875,IGNORE,0,WATCH,,0,0,0,NA,NA,NA,NA,NA,WARNING_SOFT,1,0,0,0,0,TREND_REVERSAL_UNCONFIRMED,0,0.45,SHORT,1,0,0,0
NEARUSDT,1775250000000,2026-04-03T21:00:00.000Z,BULL,SHORT,25,13.5,IGNORE,0,WATCH,,0,0,0,NA,NA,NA,NA,NA,CLEAR,1,0,0,0,0,TREND_REVERSAL_UNCONFIRMED,1,0.45,SHORT,1,0,0,0
NEARUSDT,1775253600000,2026-04-03T22:00:00.000Z,BULL,SHORT,0,7.875,IGNORE,0,WATCH,,0,0,0,NA,NA,NA,NA,NA,WARNING_SOFT,1,0,0,0,0,TREND_REVERSAL_UNCONFIRMED,0,0.45,SHORT,1,0,0,0
NEARUSDT,1775257200000,2026-04-03T23:00:00.000Z,BULL,SHORT,0,7.875,IGNORE,0,WATCH,,0,0,0,NA,NA,NA,NA,NA,WARNING_SOFT,1,0,0,0,0,TREND_REVERSAL_UNCONFIRMED,0,0.45,SHORT,1,0,0,0
NEARUSDT,1775260800000,2026-04-04T00:00:00.000Z,BULL,SHORT,17.5,12.909375,IGNORE,0,WATCH,,0,0,0,NA,NA,NA,NA,NA,CLEAR,1,0,0,0,0,TREND_REVERSAL_UNCONFIRMED,1,0.45,SHORT,1,0,0,0
NEARUSDT,1775264400000,2026-04-04T01:00:00.000Z,BULL,SHORT,42.5,18.534375,IGNORE,0,WATCH,,0,0,0,NA,NA,NA,NA,NA,WARNING_SOFT,1,0,0,0,0,TREND_REVERSAL_UNCONFIRMED,2,0.45,SHORT,1,0,0,0
NEARUSDT,1775268000000,2026-04-04T02:00:00.000Z,BULL,SHORT,17.5,12.909375,IGNORE,0,WATCH,,0,0,0,NA,NA,NA,NA,NA,WARNING_SOFT,1,0,0,0,0,TREND_REVERSAL_UNCONFIRMED,1,0.45,SHORT,1,0,0,0
NEARUSDT,1775271600000,2026-04-04T03:00:00.000Z,BULL,SHORT,17.5,12.909375,IGNORE,0,WATCH,,0,0,0,NA,NA,NA,NA,NA,WARNING_HARD,1,0,0,0,0,TREND_REVERSAL_UNCONFIRMED,1,0.45,SHORT,1,0,0,0
NEARUSDT,1775275200000,2026-04-04T04:00:00.000Z,BULL,SHORT,17.5,12.909375,IGNORE,0,WATCH,,0,0,0,NA,NA,NA,NA,NA,WARNING_HARD,1,0,0,0,0,TREND_REVERSAL_UNCONFIRMED,1,0.45,SHORT,1,0,0,0
NEARUSDT,1775278800000,2026-04-04T05:00:00.000Z,BULL,SHORT,17.5,12.909375,IGNORE,0,WATCH,,0,0,0,NA,NA,NA,NA,NA,CLEAR,1,0,0,0,0,TREND_REVERSAL_UNCONFIRMED,1,0.45,SHORT,1,0,0,0
NEARUSDT,1775282400000,2026-04-04T06:00:00.000Z,BULL,SHORT,30.34722222222222,17.57734375,IGNORE,0,WATCH,,0,0,0,NA,NA,NA,NA,NA,CLEAR,1,0,0,0,0,TREND_REVERSAL_UNCONFIRMED,2,0.45,SHORT,1,0,0,0
NEARUSDT,1775286000000,2026-04-04T07:00:00.000Z,BULL,SHORT,17.5,12.909375,IGNORE,0,WATCH,,0,0,0,NA,NA,NA,NA,NA,CLEAR,1,0,0,0,0,TREND_REVERSAL_UNCONFIRMED,1,0.45,SHORT,1,0,0,0
NEARUSDT,1775289600000,2026-04-04T08:00:00.000Z,BULL,SHORT,42.5,18.534375,IGNORE,0,WATCH,,0,0,0,NA,NA,NA,NA,NA,CLEAR,1,0,0,0,0,TREND_REVERSAL_UNCONFIRMED,2,0.45,SHORT,1,0,0,0
NEARUSDT,1775293200000,2026-04-04T09:00:00.000Z,BULL,SHORT,17.5,12.909375,IGNORE,0,WATCH,,0,0,0,NA,NA,NA,NA,NA,CLEAR,1,0,0,0,0,TREND_REVERSAL_UNCONFIRMED,1,0.45,SHORT,1,0,0,0
NEARUSDT,1775296800000,2026-04-04T10:00:00.000Z,BULL,SHORT,17.5,12.909375,IGNORE,0,WATCH,,0,0,0,NA,NA,NA,NA,NA,CLEAR,1,0,0,0,0,TREND_REVERSAL_UNCONFIRMED,1,0.45,SHORT,1,0,0,0
NEARUSDT,1775300400000,2026-04-04T11:00:00.000Z,BULL,SHORT,32.82807108281694,17.772710597771834,IGNORE,0,WATCH,,0,0,0,NA,NA,NA,NA,NA,CLEAR,1,0,0,0,0,TREND_REVERSAL_UNCONFIRMED,2,0.45,SHORT,1,0,0,0
NEARUSDT,1775304000000,2026-04-04T12:00:00.000Z,BULL,SHORT,42.5,18.534375,IGNORE,0,WATCH,,0,0,0,NA,NA,NA,NA,NA,CLEAR,1,1,0,0,0,TREND_REVERSAL_UNCONFIRMED,2,0.45,SHORT,1,0,0,0
NEARUSDT,1775307600000,2026-04-04T13:00:00.000Z,BULL,SHORT,42.5,18.534375,IGNORE,0,WATCH,,0,0,0,NA,NA,NA,NA,NA,CLEAR,1,0,0,0,0,TREND_REVERSAL_UNCONFIRMED,2,0.45,SHORT,1,0,0,0
NEARUSDT,1775311200000,2026-04-04T14:00:00.000Z,BULL,SHORT,32.07894845312074,17.71371719068326,IGNORE,0,WATCH,,0,0,0,NA,NA,NA,NA,NA,CLEAR,1,0,0,0,0,TREND_REVERSAL_UNCONFIRMED,2,0.45,SHORT,1,0,0,0
NEARUSDT,1775314800000,2026-04-04T15:00:00.000Z,BULL,SHORT,55.34722222222222,52.13104166666666,WATCH,1,WATCH,ACTIVE,1,1,0,PASS,PASS,SKIP,SKIP,FAIL,CLEAR,1,1,0,0,0,MARKET_CONTEXT_DENIED,3,0.84,SHORT,0,1,0,0
NEARUSDT,1775318400000,2026-04-04T16:00:00.000Z,BULL,SHORT,67.5,62.317499999999995,WATCH,1,ACTIVE,ACTIVE,1,1,1,PASS,PASS,SKIP,SKIP,PASS,CLEAR,1,0,0,0,1,,3,0.84,SHORT,0,1,0,0
NEARUSDT,1775322000000,2026-04-04T17:00:00.000Z,BULL,SHORT,53.27742411479815,60.22678134487533,WATCH,1,ACTIVE,ACTIVE,1,1,1,PASS,PASS,SKIP,SKIP,PASS,CLEAR,1,0,0,0,1,,3,0.84,SHORT,0,1,0,0
NEARUSDT,1775325600000,2026-04-04T18:00:00.000Z,BULL,SHORT,32.08333333333333,17.714062499999997,IGNORE,0,WATCH,,0,0,0,NA,NA,NA,NA,NA,CLEAR,1,0,0,0,0,TREND_REVERSAL_UNCONFIRMED,2,0.45,SHORT,1,0,0,0
NEARUSDT,1775329200000,2026-04-04T19:00:00.000Z,BULL,SHORT,64.40657693154917,61.86276680893772,WATCH,1,ACTIVE,ACTIVE,1,1,1,PASS,PASS,SKIP,SKIP,PASS,CLEAR,1,0,0,0,1,,3,0.84,SHORT,0,1,0,0
NEARUSDT,1775332800000,2026-04-04T20:00:00.000Z,BULL,SHORT,17.5,12.909375,IGNORE,0,WATCH,,0,0,0,NA,NA,NA,NA,NA,CLEAR,1,0,0,0,0,TREND_REVERSAL_UNCONFIRMED,1,0.45,SHORT,1,0,0,0
NEARUSDT,1775336400000,2026-04-04T21:00:00.000Z,BULL,SHORT,17.5,12.909375,IGNORE,0,WATCH,,0,0,0,NA,NA,NA,NA,NA,CLEAR,1,0,0,0,0,TREND_REVERSAL_UNCONFIRMED,1,0.45,SHORT,1,0,0,0
NEARUSDT,1775340000000,2026-04-04T22:00:00.000Z,BULL,SHORT,0,7.875,IGNORE,0,WATCH,,0,0,0,NA,NA,NA,NA,NA,WARNING_SOFT,1,0,0,0,0,TREND_REVERSAL_UNCONFIRMED,0,0.45,SHORT,1,0,0,0
NEARUSDT,1775343600000,2026-04-04T23:00:00.000Z,BULL,SHORT,0,7.875,IGNORE,0,WATCH,,0,0,0,NA,NA,NA,NA,NA,WARNING_SOFT,1,0,0,0,0,TREND_REVERSAL_UNCONFIRMED,0,0.45,SHORT,1,0,0,0
NEARUSDT,1775347200000,2026-04-05T00:00:00.000Z,BULL,SHORT,0,7.875,IGNORE,0,WATCH,,0,0,0,NA,NA,NA,NA,NA,WARNING_SOFT,1,0,0,0,0,TREND_REVERSAL_UNCONFIRMED,0,0.45,SHORT,1,0,0,0
NEARUSDT,1775350800000,2026-04-05T01:00:00.000Z,BULL,SHORT,0,7.875,IGNORE,0,WATCH,,0,0,0,NA,NA,NA,NA,NA,WARNING_SOFT,1,0,0,0,0,TREND_REVERSAL_UNCONFIRMED,0,0.45,SHORT,1,0,0,0
NEARUSDT,1775354400000,2026-04-05T02:00:00.000Z,BULL,SHORT,25,13.5,IGNORE,0,WATCH,,0,0,0,NA,NA,NA,NA,NA,WARNING_SOFT,1,0,0,0,0,TREND_REVERSAL_UNCONFIRMED,1,0.45,SHORT,1,0,0,0
NEARUSDT,1775358000000,2026-04-05T03:00:00.000Z,BULL,SHORT,0,7.875,IGNORE,0,WATCH,,0,0,0,NA,NA,NA,NA,NA,WARNING_SOFT,1,0,0,0,0,TREND_REVERSAL_UNCONFIRMED,0,0.45,SHORT,1,0,0,0
NEARUSDT,1775361600000,2026-04-05T04:00:00.000Z,BULL,SHORT,0,7.875,IGNORE,0,WATCH,,0,0,0,NA,NA,NA,NA,NA,WARNING_SOFT,1,0,0,0,0,TREND_REVERSAL_UNCONFIRMED,0,0.45,SHORT,1,0,0,0
NEARUSDT,1775365200000,2026-04-05T05:00:00.000Z,NEUTRAL,NONE,0,7.875,IGNORE,0,WATCH,,0,0,0,NA,NA,NA,NA,NA,WARNING_SOFT,1,0,0,0,0,TREND_REVERSAL_UNCONFIRMED,0,0.45,NONE,1,0,0,0
NEARUSDT,1775368800000,2026-04-05T06:00:00.000Z,NEUTRAL,NONE,0,7.875,IGNORE,0,WATCH,,0,0,0,NA,NA,NA,NA,NA,BLOCK,0,0,0,0,0,TREND_REVERSAL_UNCONFIRMED,0,0.45,NONE,1,0,0,0
NEARUSDT,1775372400000,2026-04-05T07:00:00.000Z,NEUTRAL,NONE,0,7.875,IGNORE,0,WATCH,,0,0,0,NA,NA,NA,NA,NA,WARNING_SOFT,1,0,0,0,0,TREND_REVERSAL_UNCONFIRMED,0,0.45,NONE,1,0,0,0
NEARUSDT,1775376000000,2026-04-05T08:00:00.000Z,NEUTRAL,NONE,0,7.875,IGNORE,0,WATCH,,0,0,0,NA,NA,NA,NA,NA,WARNING_SOFT,1,0,0,0,0,TREND_REVERSAL_UNCONFIRMED,0,0.45,NONE,1,0,0,0
NEARUSDT,1775379600000,2026-04-05T09:00:00.000Z,NEUTRAL,NONE,0,7.875,IGNORE,0,WATCH,,0,0,0,NA,NA,NA,NA,NA,WARNING_SOFT,1,0,0,0,0,TREND_REVERSAL_UNCONFIRMED,0,0.45,NONE,1,0,0,0
NEARUSDT,1775383200000,2026-04-05T10:00:00.000Z,NEUTRAL,NONE,0,7.875,IGNORE,0,WATCH,,0,0,0,NA,NA,NA,NA,NA,WARNING_SOFT,1,0,0,0,0,TREND_REVERSAL_UNCONFIRMED,0,0.45,NONE,1,0,0,0
NEARUSDT,1775386800000,2026-04-05T11:00:00.000Z,NEUTRAL,NONE,0,7.875,IGNORE,0,WATCH,,0,0,0,NA,NA,NA,NA,NA,WARNING_SOFT,1,0,0,0,0,TREND_REVERSAL_UNCONFIRMED,0,0.45,NONE,1,0,0,0
NEARUSDT,1775390400000,2026-04-05T12:00:00.000Z,NEUTRAL,NONE,0,7.875,IGNORE,0,WATCH,,0,0,0,NA,NA,NA,NA,NA,WARNING_SOFT,1,0,0,0,0,TREND_REVERSAL_UNCONFIRMED,0,0.45,NONE,1,0,0,0
NEARUSDT,1775394000000,2026-04-05T13:00:00.000Z,NEUTRAL,NONE,0,7.875,IGNORE,0,WATCH,,0,0,0,NA,NA,NA,NA,NA,BLOCK,0,0,0,0,0,TREND_REVERSAL_UNCONFIRMED,0,0.45,NONE,1,0,0,0
NEARUSDT,1775397600000,2026-04-05T14:00:00.000Z,NEUTRAL,NONE,0,7.875,IGNORE,0,WATCH,,0,0,0,NA,NA,NA,NA,NA,WARNING_SOFT,1,0,0,0,0,TREND_REVERSAL_UNCONFIRMED,0,0.45,NONE,1,0,0,0
NEARUSDT,1775401200000,2026-04-05T15:00:00.000Z,NEUTRAL,NONE,0,7.875,IGNORE,0,WATCH,,0,0,0,NA,NA,NA,NA,NA,WARNING_HARD,1,1,0,0,0,TREND_REVERSAL_UNCONFIRMED,0,0.45,NONE,1,0,0,0
NEARUSDT,1775404800000,2026-04-05T16:00:00.000Z,NEUTRAL,NONE,0,7.875,IGNORE,0,WATCH,,0,0,0,NA,NA,NA,NA,NA,WARNING_SOFT,1,0,0,0,0,TREND_REVERSAL_UNCONFIRMED,0,0.45,NONE,1,0,0,0
NEARUSDT,1775408400000,2026-04-05T17:00:00.000Z,NEUTRAL,NONE,0,7.875,IGNORE,0,WATCH,,0,0,0,NA,NA,NA,NA,NA,WARNING_SOFT,1,0,0,0,0,TREND_REVERSAL_UNCONFIRMED,0,0.45,NONE,1,0,0,0
NEARUSDT,1775412000000,2026-04-05T18:00:00.000Z,NEUTRAL,NONE,0,7.875,IGNORE,0,WATCH,,0,0,0,NA,NA,NA,NA,NA,BLOCK,0,0,0,0,0,TREND_REVERSAL_UNCONFIRMED,0,0.45,NONE,1,0,0,0
NEARUSDT,1775415600000,2026-04-05T19:00:00.000Z,NEUTRAL,NONE,0,7.875,IGNORE,0,WATCH,,0,0,0,NA,NA,NA,NA,NA,WARNING_SOFT,1,0,0,0,0,TREND_REVERSAL_UNCONFIRMED,0,0.45,NONE,1,0,0,0
NEARUSDT,1775419200000,2026-04-05T20:00:00.000Z,NEUTRAL,NONE,0,7.875,IGNORE,0,WATCH,,0,0,0,NA,NA,NA,NA,NA,WARNING_SOFT,1,0,0,0,0,TREND_REVERSAL_UNCONFIRMED,0,0.45,NONE,1,0,0,0
NEARUSDT,1775422800000,2026-04-05T21:00:00.000Z,NEUTRAL,NONE,0,7.875,IGNORE,0,WATCH,,0,0,0,NA,NA,NA,NA,NA,BLOCK,0,0,0,0,0,TREND_REVERSAL_UNCONFIRMED,0,0.45,NONE,1,0,0,0
NEARUSDT,1775426400000,2026-04-05T22:00:00.000Z,BULL,SHORT,18.03616995273843,12.951598383778151,IGNORE,0,WATCH,,0,0,0,NA,NA,NA,NA,NA,BLOCK,0,0,0,0,0,TREND_REVERSAL_UNCONFIRMED,1,0.45,SHORT,1,0,0,0
NEARUSDT,1775430000000,2026-04-05T23:00:00.000Z,BULL,SHORT,21.722626513791003,13.241906837961041,IGNORE,0,WATCH,,0,0,0,NA,NA,NA,NA,NA,CLEAR,1,0,0,0,0,TREND_REVERSAL_UNCONFIRMED,1,0.45,SHORT,1,0,0,0
NEARUSDT,1775433600000,2026-04-06T00:00:00.000Z,BULL,SHORT,22.14835944746296,13.275433306487708,IGNORE,0,WATCH,,0,0,0,NA,NA,NA,NA,NA,CLEAR,1,0,0,0,0,TREND_REVERSAL_UNCONFIRMED,1,0.45,SHORT,1,0,0,0
NEARUSDT,1775437200000,2026-04-06T01:00:00.000Z,BULL,SHORT,13.299476471132438,12.57858377210168,IGNORE,0,WATCH,,0,0,0,NA,NA,NA,NA,NA,CLEAR,1,0,0,0,0,TREND_REVERSAL_UNCONFIRMED,1,0.45,SHORT,1,0,0,0
NEARUSDT,1775440800000,2026-04-06T02:00:00.000Z,BULL,SHORT,15.091817547204043,12.719730631842317,IGNORE,0,WATCH,,0,0,0,NA,NA,NA,NA,NA,CLEAR,1,0,0,0,0,TREND_REVERSAL_UNCONFIRMED,1,0.45,SHORT,1,0,0,0
NEARUSDT,1775444400000,2026-04-06T03:00:00.000Z,BULL,SHORT,0,7.875,IGNORE,0,WATCH,,0,0,0,NA,NA,NA,NA,NA,CLEAR,1,0,0,0,0,TREND_REVERSAL_UNCONFIRMED,0,0.45,SHORT,1,0,0,0
NEARUSDT,1775448000000,2026-04-06T04:00:00.000Z,BULL,SHORT,26.404102918251812,17.266823104812328,IGNORE,0,WATCH,,0,0,0,NA,NA,NA,NA,NA,CLEAR,1,0,0,0,0,TREND_REVERSAL_UNCONFIRMED,2,0.45,SHORT,1,0,0,0
NEARUSDT,1775451600000,2026-04-06T05:00:00.000Z,BULL,SHORT,0,7.875,IGNORE,0,WATCH,,0,0,0,NA,NA,NA,NA,NA,CLEAR,1,0,0,0,0,TREND_REVERSAL_UNCONFIRMED,0,0.45,SHORT,1,0,0,0
NEARUSDT,1775455200000,2026-04-06T06:00:00.000Z,BULL,SHORT,0,7.875,IGNORE,0,WATCH,,0,0,0,NA,NA,NA,NA,NA,CLEAR,1,0,0,0,0,TREND_REVERSAL_UNCONFIRMED,0,0.45,SHORT,1,0,0,0
NEARUSDT,1775458800000,2026-04-06T07:00:00.000Z,BULL,SHORT,0,7.875,IGNORE,0,WATCH,,0,0,0,NA,NA,NA,NA,NA,CLEAR,1,0,0,0,0,TREND_REVERSAL_UNCONFIRMED,0,0.45,SHORT,1,0,0,0
NEARUSDT,1775462400000,2026-04-06T08:00:00.000Z,BULL,SHORT,13.745697068004006,12.613723644105315,IGNORE,0,WATCH,,0,0,0,NA,NA,NA,NA,NA,CLEAR,1,0,0,0,0,TREND_REVERSAL_UNCONFIRMED,1,0.45,SHORT,1,0,0,0
NEARUSDT,1775466000000,2026-04-06T09:00:00.000Z,BULL,SHORT,24.3502106303646,13.448829087141212,IGNORE,0,WATCH,,0,0,0,NA,NA,NA,NA,NA,CLEAR,1,0,0,0,0,TREND_REVERSAL_UNCONFIRMED,1,0.45,SHORT,1,0,0,0
NEARUSDT,1775469600000,2026-04-06T10:00:00.000Z,BULL,SHORT,0,7.875,IGNORE,0,WATCH,,0,0,0,NA,NA,NA,NA,NA,CLEAR,1,0,0,0,0,TREND_REVERSAL_UNCONFIRMED,0,0.45,SHORT,1,0,0,0
NEARUSDT,1775473200000,2026-04-06T11:00:00.000Z,BULL,SHORT,13.216124065835599,12.572019770184554,IGNORE,0,WATCH,,0,0,0,NA,NA,NA,NA,NA,CLEAR,1,0,0,0,0,TREND_REVERSAL_UNCONFIRMED,1,0.45,SHORT,1,0,0,0
NEARUSDT,1775476800000,2026-04-06T12:00:00.000Z,BULL,SHORT,0,7.875,IGNORE,0,WATCH,,0,0,0,NA,NA,NA,NA,NA,CLEAR,1,0,0,0,0,TREND_REVERSAL_UNCONFIRMED,0,0.45,SHORT,1,0,0,0
NEARUSDT,1775480400000,2026-04-06T13:00:00.000Z,BULL,SHORT,25,13.5,IGNORE,0,WATCH,,0,0,0,NA,NA,NA,NA,NA,CLEAR,1,0,0,0,0,TREND_REVERSAL_UNCONFIRMED,1,0.45,SHORT,1,0,0,0
NEARUSDT,1775484000000,2026-04-06T14:00:00.000Z,BULL,SHORT,15.783302931008613,12.77418510581693,IGNORE,0,WATCH,,0,0,0,NA,NA,NA,NA,NA,WARNING_SOFT,1,0,0,0,0,TREND_REVERSAL_UNCONFIRMED,1,0.45,SHORT,1,0,0,0
NEARUSDT,1775487600000,2026-04-06T15:00:00.000Z,BULL,SHORT,0,7.875,IGNORE,0,WATCH,,0,0,0,NA,NA,NA,NA,NA,WARNING_SOFT,1,0,0,0,0,TREND_REVERSAL_UNCONFIRMED,0,0.45,SHORT,1,0,0,0
NEARUSDT,1775491200000,2026-04-06T16:00:00.000Z,BULL,SHORT,0,7.875,IGNORE,0,WATCH,,0,0,0,NA,NA,NA,NA,NA,WARNING_SOFT,1,0,0,0,0,TREND_REVERSAL_UNCONFIRMED,0,0.45,SHORT,1,0,0,0
NEARUSDT,1775494800000,2026-04-06T17:00:00.000Z,BULL,SHORT,0,7.875,IGNORE,0,WATCH,,0,0,0,NA,NA,NA,NA,NA,WARNING_SOFT,1,0,0,0,0,TREND_REVERSAL_UNCONFIRMED,0,0.45,SHORT,1,0,0,0
NEARUSDT,1775498400000,2026-04-06T18:00:00.000Z,BULL,SHORT,0,7.875,IGNORE,0,WATCH,,0,0,0,NA,NA,NA,NA,NA,WARNING_SOFT,1,0,0,0,0,TREND_REVERSAL_UNCONFIRMED,0,0.45,SHORT,1,0,0,0
NEARUSDT,1775502000000,2026-04-06T19:00:00.000Z,NEUTRAL,NONE,0,7.875,IGNORE,0,WATCH,,0,0,0,NA,NA,NA,NA,NA,WARNING_SOFT,1,0,0,0,0,TREND_REVERSAL_UNCONFIRMED,0,0.45,NONE,1,0,0,0
NEARUSDT,1775505600000,2026-04-06T20:00:00.000Z,BULL,SHORT,0,7.875,IGNORE,0,WATCH,,0,0,0,NA,NA,NA,NA,NA,WARNING_SOFT,1,0,0,0,0,TREND_REVERSAL_UNCONFIRMED,0,0.45,SHORT,1,0,0,0
NEARUSDT,1775509200000,2026-04-06T21:00:00.000Z,NEUTRAL,NONE,0,7.875,IGNORE,0,WATCH,,0,0,0,NA,NA,NA,NA,NA,WARNING_SOFT,1,0,0,0,0,TREND_REVERSAL_UNCONFIRMED,0,0.45,NONE,1,0,0,0
NEARUSDT,1775512800000,2026-04-06T22:00:00.000Z,NEUTRAL,NONE,0,7.875,IGNORE,0,WATCH,,0,0,0,NA,NA,NA,NA,NA,WARNING_SOFT,1,0,0,0,0,TREND_REVERSAL_UNCONFIRMED,0,0.45,NONE,1,0,0,0
NEARUSDT,1775516400000,2026-04-06T23:00:00.000Z,NEUTRAL,NONE,0,7.875,IGNORE,0,WATCH,,0,0,0,NA,NA,NA,NA,NA,BLOCK,0,0,0,0,0,TREND_REVERSAL_UNCONFIRMED,0,0.45,NONE,1,0,0,0
NEARUSDT,1775520000000,2026-04-07T00:00:00.000Z,NEUTRAL,NONE,0,7.875,IGNORE,0,WATCH,,0,0,0,NA,NA,NA,NA,NA,BLOCK,0,0,0,0,0,TREND_REVERSAL_UNCONFIRMED,0,0.45,NONE,1,0,0,0
NEARUSDT,1775523600000,2026-04-07T01:00:00.000Z,NEUTRAL,NONE,0,7.875,IGNORE,0,WATCH,,0,0,0,NA,NA,NA,NA,NA,WARNING_SOFT,1,0,0,0,0,TREND_REVERSAL_UNCONFIRMED,0,0.45,NONE,1,0,0,0
NEARUSDT,1775527200000,2026-04-07T02:00:00.000Z,NEUTRAL,NONE,0,7.875,IGNORE,0,WATCH,,0,0,0,NA,NA,NA,NA,NA,WARNING_SOFT,1,0,0,0,0,TREND_REVERSAL_UNCONFIRMED,0,0.45,NONE,1,0,0,0
NEARUSDT,1775530800000,2026-04-07T03:00:00.000Z,NEUTRAL,NONE,0,7.875,IGNORE,0,WATCH,,0,0,0,NA,NA,NA,NA,NA,WARNING_SOFT,1,0,0,0,0,TREND_REVERSAL_UNCONFIRMED,0,0.45,NONE,1,0,0,0
NEARUSDT,1775534400000,2026-04-07T04:00:00.000Z,NEUTRAL,NONE,0,7.875,IGNORE,0,WATCH,,0,0,0,NA,NA,NA,NA,NA,WARNING_SOFT,1,0,0,0,0,TREND_REVERSAL_UNCONFIRMED,0,0.45,NONE,1,0,0,0
NEARUSDT,1775538000000,2026-04-07T05:00:00.000Z,BEAR,LONG,30.34722222222222,17.57734375,IGNORE,0,WATCH,,0,0,0,NA,NA,NA,NA,NA,CLEAR,1,0,0,0,0,TREND_REVERSAL_UNCONFIRMED,2,0.45,LONG,1,0,0,0
NEARUSDT,1775541600000,2026-04-07T06:00:00.000Z,BEAR,LONG,17.5,12.909375,IGNORE,0,WATCH,,0,0,0,NA,NA,NA,NA,NA,CLEAR,1,0,0,0,0,TREND_REVERSAL_UNCONFIRMED,1,0.45,LONG,1,0,0,0
NEARUSDT,1775545200000,2026-04-07T07:00:00.000Z,BEAR,LONG,42.5,18.534375,IGNORE,0,WATCH,,0,0,0,NA,NA,NA,NA,NA,CLEAR,1,0,0,0,0,TREND_REVERSAL_UNCONFIRMED,2,0.45,LONG,1,0,0,0
NEARUSDT,1775548800000,2026-04-07T08:00:00.000Z,BEAR,LONG,17.5,12.909375,IGNORE,0,WATCH,,0,0,0,NA,NA,NA,NA,NA,CLEAR,1,0,0,0,0,TREND_REVERSAL_UNCONFIRMED,1,0.45,LONG,1,0,0,0
NEARUSDT,1775552400000,2026-04-07T09:00:00.000Z,BEAR,LONG,15.87388579799677,12.781318506592246,IGNORE,0,WATCH,,0,0,0,NA,NA,NA,NA,NA,BLOCK,0,0,0,0,0,TREND_REVERSAL_UNCONFIRMED,1,0.45,LONG,1,0,0,0
NEARUSDT,1775556000000,2026-04-07T10:00:00.000Z,BEAR,LONG,22.4139154286474,13.296345840005984,IGNORE,0,WATCH,,0,0,0,NA,NA,NA,NA,NA,WARNING_SOFT,1,0,0,0,0,TREND_REVERSAL_UNCONFIRMED,1,0.45,LONG,1,0,0,0
NEARUSDT,1775559600000,2026-04-07T11:00:00.000Z,BEAR,LONG,0,7.875,IGNORE,0,WATCH,,0,0,0,NA,NA,NA,NA,NA,CLEAR,1,0,0,0,0,TREND_REVERSAL_UNCONFIRMED,0,0.45,LONG,1,0,0,0
NEARUSDT,1775563200000,2026-04-07T12:00:00.000Z,BEAR,LONG,50,19.125,IGNORE,0,WATCH,,0,0,0,NA,NA,NA,NA,NA,CLEAR,1,0,0,0,0,TREND_REVERSAL_UNCONFIRMED,2,0.45,LONG,1,0,0,0
NEARUSDT,1775566800000,2026-04-07T13:00:00.000Z,BEAR,LONG,0,7.875,IGNORE,0,WATCH,,0,0,0,NA,NA,NA,NA,NA,CLEAR,1,0,0,0,0,TREND_REVERSAL_UNCONFIRMED,0,0.45,LONG,1,0,0,0
NEARUSDT,1775570400000,2026-04-07T14:00:00.000Z,BEAR,LONG,0,7.875,IGNORE,0,WATCH,,0,0,0,NA,NA,NA,NA,NA,CLEAR,1,0,0,0,0,TREND_REVERSAL_UNCONFIRMED,0,0.45,LONG,1,0,0,0
NEARUSDT,1775574000000,2026-04-07T15:00:00.000Z,BEAR,LONG,18.446579222187623,12.983918113747276,IGNORE,0,WATCH,,0,0,0,NA,NA,NA,NA,NA,CLEAR,1,0,0,0,0,TREND_REVERSAL_UNCONFIRMED,1,0.45,LONG,1,0,0,0
NEARUSDT,1775577600000,2026-04-07T16:00:00.000Z,BEAR,LONG,0,7.875,IGNORE,0,WATCH,,0,0,0,NA,NA,NA,NA,NA,BLOCK,0,0,0,0,0,TREND_REVERSAL_UNCONFIRMED,0,0.45,LONG,1,0,0,0
NEARUSDT,1775581200000,2026-04-07T17:00:00.000Z,NEUTRAL,NONE,0,7.875,IGNORE,0,WATCH,,0,0,0,NA,NA,NA,NA,NA,WARNING_SOFT,1,0,0,0,0,TREND_REVERSAL_UNCONFIRMED,0,0.45,NONE,1,0,0,0
NEARUSDT,1775584800000,2026-04-07T18:00:00.000Z,NEUTRAL,NONE,0,7.875,IGNORE,0,WATCH,,0,0,0,NA,NA,NA,NA,NA,WARNING_SOFT,1,0,0,0,0,TREND_REVERSAL_UNCONFIRMED,0,0.45,NONE,1,0,0,0
NEARUSDT,1775588400000,2026-04-07T19:00:00.000Z,NEUTRAL,NONE,0,7.875,IGNORE,0,WATCH,,0,0,0,NA,NA,NA,NA,NA,CLEAR,1,0,0,0,0,TREND_REVERSAL_UNCONFIRMED,0,0.45,NONE,1,0,0,0
NEARUSDT,1775592000000,2026-04-07T20:00:00.000Z,NEUTRAL,NONE,0,7.875,IGNORE,0,WATCH,,0,0,0,NA,NA,NA,NA,NA,CLEAR,1,0,0,0,0,TREND_REVERSAL_UNCONFIRMED,0,0.45,NONE,1,0,0,0
NEARUSDT,1775595600000,2026-04-07T21:00:00.000Z,BULL,SHORT,59.166666666666664,51.8525,WATCH,1,WATCH,ACTIVE,1,1,0,FAIL,PASS,SKIP,SKIP,PASS,CLEAR,1,1,0,0,0,MARKET_CONTEXT_DENIED,3,0.84,SHORT,0,1,0,0
NEARUSDT,1775599200000,2026-04-07T22:00:00.000Z,BULL,SHORT,60.90277777777778,52.107708333333335,WATCH,1,WATCH,ACTIVE,1,1,0,FAIL,PASS,SKIP,SKIP,PASS,CLEAR,1,1,0,0,0,MARKET_CONTEXT_DENIED,3,0.84,SHORT,0,1,0,0
NEARUSDT,1775602800000,2026-04-07T23:00:00.000Z,BULL,SHORT,67.5,53.0775,WATCH,1,WATCH,ACTIVE,1,1,0,FAIL,PASS,SKIP,SKIP,PASS,CLEAR,1,0,0,0,0,MARKET_CONTEXT_DENIED,3,0.84,SHORT,0,1,0,0
NEARUSDT,1775606400000,2026-04-08T00:00:00.000Z,BULL,SHORT,17.5,12.909375,IGNORE,0,WATCH,,0,0,0,NA,NA,NA,NA,NA,CLEAR,1,0,0,0,0,TREND_REVERSAL_UNCONFIRMED,1,0.45,SHORT,1,0,0,0
NEARUSDT,1775610000000,2026-04-08T01:00:00.000Z,BULL,SHORT,17.5,12.909375,IGNORE,0,WATCH,,0,0,0,NA,NA,NA,NA,NA,CLEAR,1,0,0,0,0,TREND_REVERSAL_UNCONFIRMED,1,0.45,SHORT,1,0,0,0
NEARUSDT,1775613600000,2026-04-08T02:00:00.000Z,BULL,SHORT,0,7.875,IGNORE,0,WATCH,,0,0,0,NA,NA,NA,NA,NA,CLEAR,1,0,0,0,0,TREND_REVERSAL_UNCONFIRMED,0,0.45,SHORT,1,0,0,0
NEARUSDT,1775617200000,2026-04-08T03:00:00.000Z,BULL,SHORT,0,7.875,IGNORE,0,WATCH,,0,0,0,NA,NA,NA,NA,NA,CLEAR,1,0,0,0,0,TREND_REVERSAL_UNCONFIRMED,0,0.45,SHORT,1,0,0,0
NEARUSDT,1775620800000,2026-04-08T04:00:00.000Z,BULL,SHORT,0,7.875,IGNORE,0,WATCH,,0,0,0,NA,NA,NA,NA,NA,CLEAR,1,0,0,0,0,TREND_REVERSAL_UNCONFIRMED,0,0.45,SHORT,1,0,0,0
NEARUSDT,1775624400000,2026-04-08T05:00:00.000Z,BULL,SHORT,13.194444444444445,12.5703125,IGNORE,0,WATCH,,0,0,0,NA,NA,NA,NA,NA,CLEAR,1,0,0,0,0,TREND_REVERSAL_UNCONFIRMED,1,0.45,SHORT,1,0,0,0
NEARUSDT,1775628000000,2026-04-08T06:00:00.000Z,BULL,SHORT,18.40277777777778,12.98046875,IGNORE,0,WATCH,,0,0,0,NA,NA,NA,NA,NA,CLEAR,1,0,0,0,0,TREND_REVERSAL_UNCONFIRMED,1,0.45,SHORT,1,0,0,0
NEARUSDT,1775631600000,2026-04-08T07:00:00.000Z,BULL,SHORT,41.31944444444444,18.44140625,IGNORE,0,WATCH,,0,0,0,NA,NA,NA,NA,NA,CLEAR,1,1,0,0,0,TREND_REVERSAL_UNCONFIRMED,2,0.45,SHORT,1,0,0,0
NEARUSDT,1775635200000,2026-04-08T08:00:00.000Z,BULL,SHORT,34.93747214057527,17.938825931070305,IGNORE,0,WATCH,,0,0,0,NA,NA,NA,NA,NA,CLEAR,1,0,0,0,0,TREND_REVERSAL_UNCONFIRMED,2,0.45,SHORT,1,0,0,0
NEARUSDT,1775638800000,2026-04-08T09:00:00.000Z,BULL,SHORT,18.055555555555557,12.953125,IGNORE,0,WATCH,,0,0,0,NA,NA,NA,NA,NA,CLEAR,1,0,0,0,0,TREND_REVERSAL_UNCONFIRMED,1,0.45,SHORT,1,0,0,0
NEARUSDT,1775642400000,2026-04-08T10:00:00.000Z,BULL,SHORT,37.84722222222222,18.16796875,IGNORE,0,WATCH,,0,0,0,NA,NA,NA,NA,NA,CLEAR,1,0,0,0,0,TREND_REVERSAL_UNCONFIRMED,2,0.45,SHORT,1,0,0,0
NEARUSDT,1775646000000,2026-04-08T11:00:00.000Z,BULL,SHORT,12.847222222222221,12.54296875,IGNORE,0,WATCH,,0,0,0,NA,NA,NA,NA,NA,CLEAR,1,0,0,0,0,TREND_REVERSAL_UNCONFIRMED,1,0.45,SHORT,1,0,0,0
NEARUSDT,1775649600000,2026-04-08T12:00:00.000Z,BULL,SHORT,12.847222222222221,12.54296875,IGNORE,0,WATCH,,0,0,0,NA,NA,NA,NA,NA,CLEAR,1,0,0,0,0,TREND_REVERSAL_UNCONFIRMED,1,0.45,SHORT,1,0,0,0
NEARUSDT,1775653200000,2026-04-08T13:00:00.000Z,BULL,SHORT,12.847222222222221,12.54296875,IGNORE,0,WATCH,,0,0,0,NA,NA,NA,NA,NA,CLEAR,1,0,0,0,0,TREND_REVERSAL_UNCONFIRMED,1,0.45,SHORT,1,0,0,0
NEARUSDT,1775656800000,2026-04-08T14:00:00.000Z,BULL,SHORT,15.591290575157831,12.75906413279368,IGNORE,0,WATCH,,0,0,0,NA,NA,NA,NA,NA,WARNING_SOFT,1,0,0,0,0,TREND_REVERSAL_UNCONFIRMED,1,0.45,SHORT,1,0,0,0
NEARUSDT,1775660400000,2026-04-08T15:00:00.000Z,BULL,SHORT,0,7.875,IGNORE,0,WATCH,,0,0,0,NA,NA,NA,NA,NA,WARNING_SOFT,1,0,0,0,0,TREND_REVERSAL_UNCONFIRMED,0,0.45,SHORT,1,0,0,0
NEARUSDT,1775664000000,2026-04-08T16:00:00.000Z,BULL,SHORT,0,7.875,IGNORE,0,WATCH,,0,0,0,NA,NA,NA,NA,NA,WARNING_SOFT,1,0,0,0,0,TREND_REVERSAL_UNCONFIRMED,0,0.45,SHORT,1,0,0,0
NEARUSDT,1775667600000,2026-04-08T17:00:00.000Z,BULL,SHORT,0,7.875,IGNORE,0,WATCH,,0,0,0,NA,NA,NA,NA,NA,WARNING_SOFT,1,0,0,0,0,TREND_REVERSAL_UNCONFIRMED,0,0.45,SHORT,1,0,0,0
NEARUSDT,1775671200000,2026-04-08T18:00:00.000Z,BULL,SHORT,0,7.875,IGNORE,0,WATCH,,0,0,0,NA,NA,NA,NA,NA,WARNING_SOFT,1,0,0,0,0,TREND_REVERSAL_UNCONFIRMED,0,0.45,SHORT,1,0,0,0
NEARUSDT,1775674800000,2026-04-08T19:00:00.000Z,BULL,SHORT,0,7.875,IGNORE,0,WATCH,,0,0,0,NA,NA,NA,NA,NA,WARNING_SOFT,1,0,0,0,0,TREND_REVERSAL_UNCONFIRMED,0,0.45,SHORT,1,0,0,0
NEARUSDT,1775678400000,2026-04-08T20:00:00.000Z,BULL,SHORT,0,7.875,IGNORE,0,WATCH,,0,0,0,NA,NA,NA,NA,NA,WARNING_SOFT,1,0,0,0,0,TREND_REVERSAL_UNCONFIRMED,0,0.45,SHORT,1,0,0,0
NEARUSDT,1775682000000,2026-04-08T21:00:00.000Z,BULL,SHORT,0,7.875,IGNORE,0,WATCH,,0,0,0,NA,NA,NA,NA,NA,WARNING_SOFT,1,0,0,0,0,TREND_REVERSAL_UNCONFIRMED,0,0.45,SHORT,1,0,0,0
NEARUSDT,1775685600000,2026-04-08T22:00:00.000Z,NEUTRAL,NONE,0,7.875,IGNORE,0,WATCH,,0,0,0,NA,NA,NA,NA,NA,WARNING_SOFT,1,0,0,0,0,TREND_REVERSAL_UNCONFIRMED,0,0.45,NONE,1,0,0,0
NEARUSDT,1775689200000,2026-04-08T23:00:00.000Z,NEUTRAL,NONE,0,7.875,IGNORE,0,WATCH,,0,0,0,NA,NA,NA,NA,NA,WARNING_SOFT,1,0,0,0,0,TREND_REVERSAL_UNCONFIRMED,0,0.45,NONE,1,0,0,0
NEARUSDT,1775692800000,2026-04-09T00:00:00.000Z,NEUTRAL,NONE,0,7.875,IGNORE,0,WATCH,,0,0,0,NA,NA,NA,NA,NA,BLOCK,0,0,0,0,0,TREND_REVERSAL_UNCONFIRMED,0,0.45,NONE,1,0,0,0
NEARUSDT,1775696400000,2026-04-09T01:00:00.000Z,NEUTRAL,NONE,0,7.875,IGNORE,0,WATCH,,0,0,0,NA,NA,NA,NA,NA,BLOCK,0,0,0,0,0,TREND_REVERSAL_UNCONFIRMED,0,0.45,NONE,1,0,0,0
NEARUSDT,1775700000000,2026-04-09T02:00:00.000Z,NEUTRAL,NONE,0,7.875,IGNORE,0,WATCH,,0,0,0,NA,NA,NA,NA,NA,WARNING_SOFT,1,0,0,0,0,TREND_REVERSAL_UNCONFIRMED,0,0.45,NONE,1,0,0,0
NEARUSDT,1775703600000,2026-04-09T03:00:00.000Z,NEUTRAL,NONE,0,7.875,IGNORE,0,WATCH,,0,0,0,NA,NA,NA,NA,NA,BLOCK,0,0,0,0,0,TREND_REVERSAL_UNCONFIRMED,0,0.45,NONE,1,0,0,0
NEARUSDT,1775707200000,2026-04-09T04:00:00.000Z,BULL,SHORT,0,7.875,IGNORE,0,WATCH,,0,0,0,NA,NA,NA,NA,NA,WARNING_SOFT,1,0,0,0,0,TREND_REVERSAL_UNCONFIRMED,0,0.45,SHORT,1,0,0,0
NEARUSDT,1775710800000,2026-04-09T05:00:00.000Z,BULL,SHORT,0,7.875,IGNORE,0,WATCH,,0,0,0,NA,NA,NA,NA,NA,WARNING_SOFT,1,0,0,0,0,TREND_REVERSAL_UNCONFIRMED,0,0.45,SHORT,1,0,0,0
NEARUSDT,1775714400000,2026-04-09T06:00:00.000Z,BULL,SHORT,0,7.875,IGNORE,0,WATCH,,0,0,0,NA,NA,NA,NA,NA,WARNING_SOFT,1,0,0,0,0,TREND_REVERSAL_UNCONFIRMED,0,0.45,SHORT,1,0,0,0
NEARUSDT,1775718000000,2026-04-09T07:00:00.000Z,BULL,SHORT,25,13.5,IGNORE,0,WATCH,,0,0,0,NA,NA,NA,NA,NA,WARNING_SOFT,1,0,0,0,0,TREND_REVERSAL_UNCONFIRMED,1,0.45,SHORT,1,0,0,0
NEARUSDT,1775721600000,2026-04-09T08:00:00.000Z,BULL,SHORT,0,7.875,IGNORE,0,WATCH,,0,0,0,NA,NA,NA,NA,NA,CLEAR,1,0,0,0,0,TREND_REVERSAL_UNCONFIRMED,0,0.45,SHORT,1,0,0,0
NEARUSDT,1775725200000,2026-04-09T09:00:00.000Z,NEUTRAL,NONE,0,7.875,IGNORE,0,WATCH,,0,0,0,NA,NA,NA,NA,NA,BLOCK,0,0,0,0,0,TREND_REVERSAL_UNCONFIRMED,0,0.45,NONE,1,0,0,0
NEARUSDT,1775728800000,2026-04-09T10:00:00.000Z,NEUTRAL,NONE,0,7.875,IGNORE,0,WATCH,,0,0,0,NA,NA,NA,NA,NA,WARNING_SOFT,1,0,0,0,0,TREND_REVERSAL_UNCONFIRMED,0,0.45,NONE,1,0,0,0
NEARUSDT,1775732400000,2026-04-09T11:00:00.000Z,NEUTRAL,NONE,0,7.875,IGNORE,0,WATCH,,0,0,0,NA,NA,NA,NA,NA,WARNING_SOFT,1,0,0,0,0,TREND_REVERSAL_UNCONFIRMED,0,0.45,NONE,1,0,0,0
NEARUSDT,1775736000000,2026-04-09T12:00:00.000Z,BULL,SHORT,17.5,12.909375,IGNORE,0,WATCH,,0,0,0,NA,NA,NA,NA,NA,WARNING_SOFT,1,0,0,0,0,TREND_REVERSAL_UNCONFIRMED,1,0.45,SHORT,1,0,0,0
NEARUSDT,1775739600000,2026-04-09T13:00:00.000Z,NEUTRAL,NONE,0,7.875,IGNORE,0,WATCH,,0,0,0,NA,NA,NA,NA,NA,WARNING_SOFT,1,0,0,0,0,TREND_REVERSAL_UNCONFIRMED,0,0.45,NONE,1,0,0,0
NEARUSDT,1775743200000,2026-04-09T14:00:00.000Z,BULL,SHORT,32.69906348838392,17.76255124971023,IGNORE,0,WATCH,,0,0,0,NA,NA,NA,NA,NA,WARNING_SOFT,1,0,0,0,0,TREND_REVERSAL_UNCONFIRMED,2,0.45,SHORT,1,0,0,0
NEARUSDT,1775746800000,2026-04-09T15:00:00.000Z,BULL,SHORT,42.5,18.534375,IGNORE,0,WATCH,,0,0,0,NA,NA,NA,NA,NA,CLEAR,1,0,0,0,0,TREND_REVERSAL_UNCONFIRMED,2,0.45,SHORT,1,0,0,0
NEARUSDT,1775750400000,2026-04-09T16:00:00.000Z,BULL,SHORT,34.987517151065575,17.942766975646414,IGNORE,0,WATCH,,0,0,0,NA,NA,NA,NA,NA,CLEAR,1,0,0,0,0,TREND_REVERSAL_UNCONFIRMED,2,0.45,SHORT,1,0,0,0
NEARUSDT,1775754000000,2026-04-09T17:00:00.000Z,BULL,SHORT,17.5,12.909375,IGNORE,0,WATCH,,0,0,0,NA,NA,NA,NA,NA,CLEAR,1,0,0,0,0,TREND_REVERSAL_UNCONFIRMED,1,0.45,SHORT,1,0,0,0
NEARUSDT,1775757600000,2026-04-09T18:00:00.000Z,BULL,SHORT,16.085989550563923,12.79802167710691,IGNORE,0,WATCH,,0,0,0,NA,NA,NA,NA,NA,CLEAR,1,0,0,0,0,TREND_REVERSAL_UNCONFIRMED,1,0.45,SHORT,1,0,0,0
NEARUSDT,1775761200000,2026-04-09T19:00:00.000Z,BULL,SHORT,0,7.875,IGNORE,0,WATCH,,0,0,0,NA,NA,NA,NA,NA,CLEAR,1,0,0,0,0,TREND_REVERSAL_UNCONFIRMED,0,0.45,SHORT,1,0,0,0
NEARUSDT,1775764800000,2026-04-09T20:00:00.000Z,BULL,SHORT,0,7.875,IGNORE,0,WATCH,,0,0,0,NA,NA,NA,NA,NA,CLEAR,1,0,0,0,0,TREND_REVERSAL_UNCONFIRMED,0,0.45,SHORT,1,0,0,0
NEARUSDT,1775768400000,2026-04-09T21:00:00.000Z,BULL,SHORT,0,7.875,IGNORE,0,WATCH,,0,0,0,NA,NA,NA,NA,NA,WARNING_SOFT,1,0,0,0,0,TREND_REVERSAL_UNCONFIRMED,0,0.45,SHORT,1,0,0,0
NEARUSDT,1775772000000,2026-04-09T22:00:00.000Z,BULL,SHORT,16.10340661120046,12.799393270632036,IGNORE,0,WATCH,,0,0,0,NA,NA,NA,NA,NA,CLEAR,1,0,0,0,0,TREND_REVERSAL_UNCONFIRMED,1,0.45,SHORT,1,0,0,0
NEARUSDT,1775775600000,2026-04-09T23:00:00.000Z,BULL,SHORT,14.045046653845459,12.637297423990331,IGNORE,0,WATCH,,0,0,0,NA,NA,NA,NA,NA,CLEAR,1,0,0,0,0,TREND_REVERSAL_UNCONFIRMED,1,0.45,SHORT,1,0,0,0
NEARUSDT,1775779200000,2026-04-10T00:00:00.000Z,BULL,SHORT,13.018373583442134,12.556446919696068,IGNORE,0,WATCH,,0,0,0,NA,NA,NA,NA,NA,CLEAR,1,0,0,0,0,TREND_REVERSAL_UNCONFIRMED,1,0.45,SHORT,1,0,0,0
NEARUSDT,1775782800000,2026-04-10T01:00:00.000Z,BULL,SHORT,17.5,12.909375,IGNORE,0,WATCH,,0,0,0,NA,NA,NA,NA,NA,CLEAR,1,0,0,0,0,TREND_REVERSAL_UNCONFIRMED,1,0.45,SHORT,1,0,0,0
NEARUSDT,1775786400000,2026-04-10T02:00:00.000Z,BULL,SHORT,42.5,18.534375,IGNORE,0,WATCH,,0,0,0,NA,NA,NA,NA,NA,CLEAR,1,0,0,0,0,TREND_REVERSAL_UNCONFIRMED,2,0.45,SHORT,1,0,0,0
NEARUSDT,1775790000000,2026-04-10T03:00:00.000Z,BULL,SHORT,32.05289504235566,17.71166548458551,IGNORE,0,WATCH,,0,0,0,NA,NA,NA,NA,NA,BLOCK,0,0,0,0,0,TREND_REVERSAL_UNCONFIRMED,2,0.45,SHORT,1,0,0,0
NEARUSDT,1775793600000,2026-04-10T04:00:00.000Z,BULL,SHORT,17.5,12.909375,IGNORE,0,WATCH,,0,0,0,NA,NA,NA,NA,NA,WARNING_SOFT,1,0,0,0,0,TREND_REVERSAL_UNCONFIRMED,1,0.45,SHORT,1,0,0,0
NEARUSDT,1775797200000,2026-04-10T05:00:00.000Z,BULL,SHORT,17.5,12.909375,IGNORE,0,WATCH,,0,0,0,NA,NA,NA,NA,NA,CLEAR,1,0,0,0,0,TREND_REVERSAL_UNCONFIRMED,1,0.45,SHORT,1,0,0,0
NEARUSDT,1775800800000,2026-04-10T06:00:00.000Z,NEUTRAL,NONE,0,7.875,IGNORE,0,WATCH,,0,0,0,NA,NA,NA,NA,NA,WARNING_SOFT,1,0,0,0,0,TREND_REVERSAL_UNCONFIRMED,0,0.45,NONE,1,0,0,0
NEARUSDT,1775804400000,2026-04-10T07:00:00.000Z,NEUTRAL,NONE,0,7.875,IGNORE,0,WATCH,,0,0,0,NA,NA,NA,NA,NA,WARNING_SOFT,1,0,0,0,0,TREND_REVERSAL_UNCONFIRMED,0,0.45,NONE,1,0,0,0
NEARUSDT,1775808000000,2026-04-10T08:00:00.000Z,NEUTRAL,NONE,0,7.875,IGNORE,0,WATCH,,0,0,0,NA,NA,NA,NA,NA,WARNING_SOFT,1,0,0,0,0,TREND_REVERSAL_UNCONFIRMED,0,0.45,NONE,1,0,0,0
NEARUSDT,1775811600000,2026-04-10T09:00:00.000Z,BULL,SHORT,17.5,12.909375,IGNORE,0,WATCH,,0,0,0,NA,NA,NA,NA,NA,WARNING_HARD,1,0,0,0,0,TREND_REVERSAL_UNCONFIRMED,1,0.45,SHORT,1,0,0,0
NEARUSDT,1775815200000,2026-04-10T10:00:00.000Z,BULL,SHORT,17.5,12.909375,IGNORE,0,WATCH,,0,0,0,NA,NA,NA,NA,NA,CLEAR,1,0,0,0,0,TREND_REVERSAL_UNCONFIRMED,1,0.45,SHORT,1,0,0,0
NEARUSDT,1775818800000,2026-04-10T11:00:00.000Z,BULL,SHORT,17.5,12.909375,IGNORE,0,WATCH,,0,0,0,NA,NA,NA,NA,NA,WARNING_SOFT,1,0,0,0,0,TREND_REVERSAL_UNCONFIRMED,1,0.45,SHORT,1,0,0,0
NEARUSDT,1775822400000,2026-04-10T12:00:00.000Z,BULL,SHORT,25,13.5,IGNORE,0,WATCH,,0,0,0,NA,NA,NA,NA,NA,WARNING_SOFT,1,0,0,0,0,TREND_REVERSAL_UNCONFIRMED,1,0.45,SHORT,1,0,0,0
NEARUSDT,1775826000000,2026-04-10T13:00:00.000Z,BULL,SHORT,13.570706147032162,12.599943109078783,IGNORE,0,WATCH,,0,0,0,NA,NA,NA,NA,NA,CLEAR,1,0,0,0,0,TREND_REVERSAL_UNCONFIRMED,1,0.45,SHORT,1,0,0,0
NEARUSDT,1775829600000,2026-04-10T14:00:00.000Z,BULL,SHORT,18.04668194083491,12.95242620284075,IGNORE,0,WATCH,,0,0,0,NA,NA,NA,NA,NA,CLEAR,1,0,0,0,0,TREND_REVERSAL_UNCONFIRMED,1,0.45,SHORT,1,0,0,0
NEARUSDT,1775833200000,2026-04-10T15:00:00.000Z,BULL,SHORT,17.63017375898909,12.919626183520391,IGNORE,0,WATCH,,0,0,0,NA,NA,NA,NA,NA,CLEAR,1,0,0,0,0,TREND_REVERSAL_UNCONFIRMED,1,0.45,SHORT,1,0,0,0
NEARUSDT,1775836800000,2026-04-10T16:00:00.000Z,BULL,SHORT,0,7.875,IGNORE,0,WATCH,,0,0,0,NA,NA,NA,NA,NA,CLEAR,1,0,0,0,0,TREND_REVERSAL_UNCONFIRMED,0,0.45,SHORT,1,0,0,0
NEARUSDT,1775840400000,2026-04-10T17:00:00.000Z,BULL,SHORT,0,7.875,IGNORE,0,WATCH,,0,0,0,NA,NA,NA,NA,NA,WARNING_SOFT,1,0,0,0,0,TREND_REVERSAL_UNCONFIRMED,0,0.45,SHORT,1,0,0,0
NEARUSDT,1775844000000,2026-04-10T18:00:00.000Z,BULL,SHORT,0,7.875,IGNORE,0,WATCH,,0,0,0,NA,NA,NA,NA,NA,WARNING_SOFT,1,0,0,0,0,TREND_REVERSAL_UNCONFIRMED,0,0.45,SHORT,1,0,0,0
NEARUSDT,1775847600000,2026-04-10T19:00:00.000Z,BULL,SHORT,0,7.875,IGNORE,0,WATCH,,0,0,0,NA,NA,NA,NA,NA,CLEAR,1,0,0,0,0,TREND_REVERSAL_UNCONFIRMED,0,0.45,SHORT,1,0,0,0
NEARUSDT,1775851200000,2026-04-10T20:00:00.000Z,NEUTRAL,NONE,0,7.875,IGNORE,0,WATCH,,0,0,0,NA,NA,NA,NA,NA,WARNING_SOFT,1,0,0,0,0,TREND_REVERSAL_UNCONFIRMED,0,0.45,NONE,1,0,0,0
NEARUSDT,1775854800000,2026-04-10T21:00:00.000Z,NEUTRAL,NONE,0,7.875,IGNORE,0,WATCH,,0,0,0,NA,NA,NA,NA,NA,WARNING_SOFT,1,0,0,0,0,TREND_REVERSAL_UNCONFIRMED,0,0.45,NONE,1,0,0,0
NEARUSDT,1775858400000,2026-04-10T22:00:00.000Z,NEUTRAL,NONE,0,7.875,IGNORE,0,WATCH,,0,0,0,NA,NA,NA,NA,NA,WARNING_SOFT,1,0,0,0,0,TREND_REVERSAL_UNCONFIRMED,0,0.45,NONE,1,0,0,0
NEARUSDT,1775862000000,2026-04-10T23:00:00.000Z,NEUTRAL,NONE,0,7.875,IGNORE,0,WATCH,,0,0,0,NA,NA,NA,NA,NA,WARNING_SOFT,1,0,0,0,0,TREND_REVERSAL_UNCONFIRMED,0,0.45,NONE,1,0,0,0
NEARUSDT,1775865600000,2026-04-11T00:00:00.000Z,NEUTRAL,NONE,0,7.875,IGNORE,0,WATCH,,0,0,0,NA,NA,NA,NA,NA,WARNING_SOFT,1,0,0,0,0,TREND_REVERSAL_UNCONFIRMED,0,0.45,NONE,1,0,0,0
NEARUSDT,1775869200000,2026-04-11T01:00:00.000Z,NEUTRAL,NONE,0,7.875,IGNORE,0,WATCH,,0,0,0,NA,NA,NA,NA,NA,WARNING_SOFT,1,0,0,0,0,TREND_REVERSAL_UNCONFIRMED,0,0.45,NONE,1,0,0,0
NEARUSDT,1775872800000,2026-04-11T02:00:00.000Z,NEUTRAL,NONE,0,7.875,IGNORE,0,WATCH,,0,0,0,NA,NA,NA,NA,NA,WARNING_SOFT,1,0,0,0,0,TREND_REVERSAL_UNCONFIRMED,0,0.45,NONE,1,0,0,0
NEARUSDT,1775876400000,2026-04-11T03:00:00.000Z,NEUTRAL,NONE,0,7.875,IGNORE,0,WATCH,,0,0,0,NA,NA,NA,NA,NA,WARNING_SOFT,1,0,0,0,0,TREND_REVERSAL_UNCONFIRMED,0,0.45,NONE,1,0,0,0
NEARUSDT,1775880000000,2026-04-11T04:00:00.000Z,NEUTRAL,NONE,0,7.875,IGNORE,0,WATCH,,0,0,0,NA,NA,NA,NA,NA,BLOCK,0,0,0,0,0,TREND_REVERSAL_UNCONFIRMED,0,0.45,NONE,1,0,0,0
NEARUSDT,1775883600000,2026-04-11T05:00:00.000Z,NEUTRAL,NONE,0,7.875,IGNORE,0,WATCH,,0,0,0,NA,NA,NA,NA,NA,WARNING_SOFT,1,0,0,0,0,TREND_REVERSAL_UNCONFIRMED,0,0.45,NONE,1,0,0,0
NEARUSDT,1775887200000,2026-04-11T06:00:00.000Z,NEUTRAL,NONE,0,7.875,IGNORE,0,WATCH,,0,0,0,NA,NA,NA,NA,NA,BLOCK,0,0,0,0,0,TREND_REVERSAL_UNCONFIRMED,0,0.45,NONE,1,0,0,0
NEARUSDT,1775890800000,2026-04-11T07:00:00.000Z,NEUTRAL,NONE,0,7.875,IGNORE,0,WATCH,,0,0,0,NA,NA,NA,NA,NA,WARNING_SOFT,1,0,0,0,0,TREND_REVERSAL_UNCONFIRMED,0,0.45,NONE,1,0,0,0
NEARUSDT,1775894400000,2026-04-11T08:00:00.000Z,NEUTRAL,NONE,0,7.875,IGNORE,0,WATCH,,0,0,0,NA,NA,NA,NA,NA,WARNING_SOFT,1,0,0,0,0,TREND_REVERSAL_UNCONFIRMED,0,0.45,NONE,1,0,0,0
NEARUSDT,1775898000000,2026-04-11T09:00:00.000Z,NEUTRAL,NONE,0,7.875,IGNORE,0,WATCH,,0,0,0,NA,NA,NA,NA,NA,WARNING_SOFT,1,0,0,0,0,TREND_REVERSAL_UNCONFIRMED,0,0.45,NONE,1,0,0,0
NEARUSDT,1775901600000,2026-04-11T10:00:00.000Z,NEUTRAL,NONE,0,7.875,IGNORE,0,WATCH,,0,0,0,NA,NA,NA,NA,NA,WARNING_SOFT,1,0,0,0,0,TREND_REVERSAL_UNCONFIRMED,0,0.45,NONE,1,0,0,0
NEARUSDT,1775905200000,2026-04-11T11:00:00.000Z,NEUTRAL,NONE,0,7.875,IGNORE,0,WATCH,,0,0,0,NA,NA,NA,NA,NA,WARNING_SOFT,1,0,0,0,0,TREND_REVERSAL_UNCONFIRMED,0,0.45,NONE,1,0,0,0
NEARUSDT,1775908800000,2026-04-11T12:00:00.000Z,BULL,SHORT,38.79900847252287,18.242921917211177,IGNORE,0,WATCH,,0,0,0,NA,NA,NA,NA,NA,CLEAR,1,1,0,0,0,TREND_REVERSAL_UNCONFIRMED,2,0.45,SHORT,1,0,0,0
NEARUSDT,1775912400000,2026-04-11T13:00:00.000Z,BULL,SHORT,17.5,12.909375,IGNORE,0,WATCH,,0,0,0,NA,NA,NA,NA,NA,WARNING_HARD,1,0,0,0,0,TREND_REVERSAL_UNCONFIRMED,1,0.45,SHORT,1,0,0,0
NEARUSDT,1775916000000,2026-04-11T14:00:00.000Z,NEUTRAL,NONE,0,7.875,IGNORE,0,WATCH,,0,0,0,NA,NA,NA,NA,NA,WARNING_SOFT,1,0,0,0,0,TREND_REVERSAL_UNCONFIRMED,0,0.45,NONE,1,0,0,0
NEARUSDT,1775919600000,2026-04-11T15:00:00.000Z,BULL,SHORT,32.39612534886601,17.7386948712232,IGNORE,0,WATCH,,0,0,0,NA,NA,NA,NA,NA,CLEAR,1,0,0,0,0,TREND_REVERSAL_UNCONFIRMED,2,0.45,SHORT,1,0,0,0
NEARUSDT,1775923200000,2026-04-11T16:00:00.000Z,BULL,SHORT,42.5,18.534375,IGNORE,0,WATCH,,0,0,0,NA,NA,NA,NA,NA,CLEAR,1,1,0,0,0,TREND_REVERSAL_UNCONFIRMED,2,0.45,SHORT,1,0,0,0
NEARUSDT,1775926800000,2026-04-11T17:00:00.000Z,BULL,SHORT,55.34722222222222,51.291041666666665,WATCH,1,WATCH,ACTIVE,1,1,0,FAIL,PASS,SKIP,SKIP,PASS,CLEAR,1,1,0,0,0,MARKET_CONTEXT_DENIED,3,0.84,SHORT,0,1,0,0
NEARUSDT,1775930400000,2026-04-11T18:00:00.000Z,BULL,SHORT,40.426446110449426,18.371082631197893,IGNORE,0,WATCH,,0,0,0,NA,NA,NA,NA,NA,CLEAR,1,0,0,0,0,TREND_REVERSAL_UNCONFIRMED,2,0.45,SHORT,1,0,0,0
NEARUSDT,1775934000000,2026-04-11T19:00:00.000Z,BULL,SHORT,42.5,18.534375,IGNORE,0,WATCH,,0,0,0,NA,NA,NA,NA,NA,CLEAR,1,0,0,0,0,TREND_REVERSAL_UNCONFIRMED,2,0.45,SHORT,1,0,0,0
NEARUSDT,1775937600000,2026-04-11T20:00:00.000Z,BULL,SHORT,32.37482150475023,17.73701719349908,IGNORE,0,WATCH,,0,0,0,NA,NA,NA,NA,NA,CLEAR,1,0,0,0,0,TREND_REVERSAL_UNCONFIRMED,2,0.45,SHORT,1,0,0,0
NEARUSDT,1775941200000,2026-04-11T21:00:00.000Z,BULL,SHORT,24.510234544780058,13.46143097040143,IGNORE,0,WATCH,,0,0,0,NA,NA,NA,NA,NA,CLEAR,1,0,0,0,0,TREND_REVERSAL_UNCONFIRMED,1,0.45,SHORT,1,0,0,0
NEARUSDT,1775944800000,2026-04-11T22:00:00.000Z,BULL,SHORT,0,7.875,IGNORE,0,WATCH,,0,0,0,NA,NA,NA,NA,NA,CLEAR,1,0,0,0,0,TREND_REVERSAL_UNCONFIRMED,0,0.45,SHORT,1,0,0,0
NEARUSDT,1775948400000,2026-04-11T23:00:00.000Z,BULL,SHORT,0,7.875,IGNORE,0,WATCH,,0,0,0,NA,NA,NA,NA,NA,WARNING_SOFT,1,0,0,0,0,TREND_REVERSAL_UNCONFIRMED,0,0.45,SHORT,1,0,0,0
NEARUSDT,1775952000000,2026-04-12T00:00:00.000Z,BULL,SHORT,0,7.875,IGNORE,0,WATCH,,0,0,0,NA,NA,NA,NA,NA,WARNING_SOFT,1,0,0,0,0,TREND_REVERSAL_UNCONFIRMED,0,0.45,SHORT,1,0,0,0
NEARUSDT,1775955600000,2026-04-12T01:00:00.000Z,NEUTRAL,NONE,0,7.875,IGNORE,0,WATCH,,0,0,0,NA,NA,NA,NA,NA,WARNING_SOFT,1,0,0,0,0,TREND_REVERSAL_UNCONFIRMED,0,0.45,NONE,1,0,0,0
NEARUSDT,1775959200000,2026-04-12T02:00:00.000Z,NEUTRAL,NONE,0,7.875,IGNORE,0,WATCH,,0,0,0,NA,NA,NA,NA,NA,BLOCK,0,0,0,0,0,TREND_REVERSAL_UNCONFIRMED,0,0.45,NONE,1,0,0,0
NEARUSDT,1775962800000,2026-04-12T03:00:00.000Z,NEUTRAL,NONE,0,7.875,IGNORE,0,WATCH,,0,0,0,NA,NA,NA,NA,NA,WARNING_SOFT,1,0,0,0,0,TREND_REVERSAL_UNCONFIRMED,0,0.45,NONE,1,0,0,0
NEARUSDT,1775966400000,2026-04-12T04:00:00.000Z,NEUTRAL,NONE,0,7.875,IGNORE,0,WATCH,,0,0,0,NA,NA,NA,NA,NA,WARNING_SOFT,1,0,0,0,0,TREND_REVERSAL_UNCONFIRMED,0,0.45,NONE,1,0,0,0
NEARUSDT,1775970000000,2026-04-12T05:00:00.000Z,NEUTRAL,NONE,0,7.875,IGNORE,0,WATCH,,0,0,0,NA,NA,NA,NA,NA,WARNING_SOFT,1,0,0,0,0,TREND_REVERSAL_UNCONFIRMED,0,0.45,NONE,1,0,0,0
NEARUSDT,1775973600000,2026-04-12T06:00:00.000Z,NEUTRAL,NONE,0,7.875,IGNORE,0,WATCH,,0,0,0,NA,NA,NA,NA,NA,WARNING_SOFT,1,0,0,0,0,TREND_REVERSAL_UNCONFIRMED,0,0.45,NONE,1,0,0,0
NEARUSDT,1775977200000,2026-04-12T07:00:00.000Z,NEUTRAL,NONE,0,7.875,IGNORE,0,WATCH,,0,0,0,NA,NA,NA,NA,NA,WARNING_SOFT,1,0,0,0,0,TREND_REVERSAL_UNCONFIRMED,0,0.45,NONE,1,0,0,0
NEARUSDT,1775980800000,2026-04-12T08:00:00.000Z,BEAR,LONG,30.34722222222222,17.57734375,IGNORE,0,WATCH,,0,0,0,NA,NA,NA,NA,NA,CLEAR,1,0,0,0,0,TREND_REVERSAL_UNCONFIRMED,2,0.45,LONG,1,0,0,0
NEARUSDT,1775984400000,2026-04-12T09:00:00.000Z,BEAR,LONG,30.34722222222222,17.57734375,IGNORE,0,WATCH,,0,0,0,NA,NA,NA,NA,NA,CLEAR,1,0,0,0,0,TREND_REVERSAL_UNCONFIRMED,2,0.45,LONG,1,0,0,0
NEARUSDT,1775988000000,2026-04-12T10:00:00.000Z,BEAR,LONG,30.34722222222222,17.57734375,IGNORE,0,WATCH,,0,0,0,NA,NA,NA,NA,NA,CLEAR,1,0,0,0,0,TREND_REVERSAL_UNCONFIRMED,2,0.45,LONG,1,0,0,0
NEARUSDT,1775991600000,2026-04-12T11:00:00.000Z,BEAR,LONG,42.5,18.534375,IGNORE,0,WATCH,,0,0,0,NA,NA,NA,NA,NA,CLEAR,1,0,0,0,0,TREND_REVERSAL_UNCONFIRMED,2,0.45,LONG,1,0,0,0
NEARUSDT,1775995200000,2026-04-12T12:00:00.000Z,BEAR,LONG,17.5,12.909375,IGNORE,0,WATCH,,0,0,0,NA,NA,NA,NA,NA,CLEAR,1,0,0,0,0,TREND_REVERSAL_UNCONFIRMED,1,0.45,LONG,1,0,0,0
NEARUSDT,1775998800000,2026-04-12T13:00:00.000Z,BEAR,LONG,0,7.875,IGNORE,0,WATCH,,0,0,0,NA,NA,NA,NA,NA,CLEAR,1,0,0,0,0,TREND_REVERSAL_UNCONFIRMED,0,0.45,LONG,1,0,0,0
NEARUSDT,1776002400000,2026-04-12T14:00:00.000Z,BEAR,LONG,0,7.875,IGNORE,0,WATCH,,0,0,0,NA,NA,NA,NA,NA,BLOCK,0,0,0,0,0,TREND_REVERSAL_UNCONFIRMED,0,0.45,LONG,1,0,0,0
NEARUSDT,1776006000000,2026-04-12T15:00:00.000Z,BEAR,LONG,0,7.875,IGNORE,0,WATCH,,0,0,0,NA,NA,NA,NA,NA,WARNING_SOFT,1,0,0,0,0,TREND_REVERSAL_UNCONFIRMED,0,0.45,LONG,1,0,0,0
NEARUSDT,1776009600000,2026-04-12T16:00:00.000Z,NEUTRAL,NONE,0,7.875,IGNORE,0,WATCH,,0,0,0,NA,NA,NA,NA,NA,WARNING_SOFT,1,0,0,0,0,TREND_REVERSAL_UNCONFIRMED,0,0.45,NONE,1,0,0,0
NEARUSDT,1776013200000,2026-04-12T17:00:00.000Z,NEUTRAL,NONE,0,7.875,IGNORE,0,WATCH,,0,0,0,NA,NA,NA,NA,NA,WARNING_SOFT,1,0,0,0,0,TREND_REVERSAL_UNCONFIRMED,0,0.45,NONE,1,0,0,0
NEARUSDT,1776016800000,2026-04-12T18:00:00.000Z,NEUTRAL,NONE,0,7.875,IGNORE,0,WATCH,,0,0,0,NA,NA,NA,NA,NA,WARNING_SOFT,1,0,0,0,0,TREND_REVERSAL_UNCONFIRMED,0,0.45,NONE,1,0,0,0
NEARUSDT,1776020400000,2026-04-12T19:00:00.000Z,NEUTRAL,NONE,0,7.875,IGNORE,0,WATCH,,0,0,0,NA,NA,NA,NA,NA,WARNING_SOFT,1,0,0,0,0,TREND_REVERSAL_UNCONFIRMED,0,0.45,NONE,1,0,0,0
NEARUSDT,1776024000000,2026-04-12T20:00:00.000Z,NEUTRAL,NONE,0,7.875,IGNORE,0,WATCH,,0,0,0,NA,NA,NA,NA,NA,WARNING_SOFT,1,0,0,0,0,TREND_REVERSAL_UNCONFIRMED,0,0.45,NONE,1,0,0,0
NEARUSDT,1776027600000,2026-04-12T21:00:00.000Z,NEUTRAL,NONE,0,7.875,IGNORE,0,WATCH,,0,0,0,NA,NA,NA,NA,NA,WARNING_SOFT,1,0,0,0,0,TREND_REVERSAL_UNCONFIRMED,0,0.45,NONE,1,0,0,0
NEARUSDT,1776031200000,2026-04-12T22:00:00.000Z,BEAR,LONG,15.934939020424979,12.786126447858468,IGNORE,0,WATCH,,0,0,0,NA,NA,NA,NA,NA,WARNING_SOFT,1,0,0,0,0,TREND_REVERSAL_UNCONFIRMED,1,0.45,LONG,1,0,0,0
NEARUSDT,1776034800000,2026-04-12T23:00:00.000Z,BEAR,LONG,0,7.875,IGNORE,0,WATCH,,0,0,0,NA,NA,NA,NA,NA,CLEAR,1,0,0,0,0,TREND_REVERSAL_UNCONFIRMED,0,0.45,LONG,1,0,0,0
NEARUSDT,1776038400000,2026-04-13T00:00:00.000Z,NEUTRAL,NONE,0,7.875,IGNORE,0,WATCH,,0,0,0,NA,NA,NA,NA,NA,WARNING_HARD,1,0,0,0,0,TREND_REVERSAL_UNCONFIRMED,0,0.45,NONE,1,0,0,0
NEARUSDT,1776042000000,2026-04-13T01:00:00.000Z,NEUTRAL,NONE,0,7.875,IGNORE,0,WATCH,,0,0,0,NA,NA,NA,NA,NA,WARNING_HARD,1,0,0,0,0,TREND_REVERSAL_UNCONFIRMED,0,0.45,NONE,1,0,0,0
NEARUSDT,1776045600000,2026-04-13T02:00:00.000Z,BULL,SHORT,67.5,62.317499999999995,WATCH,1,ACTIVE,ACTIVE,1,1,1,PASS,PASS,SKIP,SKIP,PASS,WARNING_HARD,1,0,0,0,1,,3,0.84,SHORT,0,1,0,0
NEARUSDT,1776049200000,2026-04-13T03:00:00.000Z,BULL,SHORT,17.5,12.909375,IGNORE,0,WATCH,,0,0,0,NA,NA,NA,NA,NA,BLOCK,0,0,0,0,0,TREND_REVERSAL_UNCONFIRMED,1,0.45,SHORT,1,0,0,0
NEARUSDT,1776052800000,2026-04-13T04:00:00.000Z,BULL,SHORT,0,7.875,IGNORE,0,WATCH,,0,0,0,NA,NA,NA,NA,NA,WARNING_SOFT,1,0,0,0,0,TREND_REVERSAL_UNCONFIRMED,0,0.45,SHORT,1,0,0,0
NEARUSDT,1776056400000,2026-04-13T05:00:00.000Z,BULL,SHORT,0,7.875,IGNORE,0,WATCH,,0,0,0,NA,NA,NA,NA,NA,WARNING_SOFT,1,0,0,0,0,TREND_REVERSAL_UNCONFIRMED,0,0.45,SHORT,1,0,0,0
NEARUSDT,1776060000000,2026-04-13T06:00:00.000Z,BULL,SHORT,43.066912024651344,18.579019321941292,IGNORE,0,WATCH,,0,0,0,NA,NA,NA,NA,NA,WARNING_HARD,1,0,0,0,0,TREND_REVERSAL_UNCONFIRMED,2,0.45,SHORT,1,0,0,0
NEARUSDT,1776063600000,2026-04-13T07:00:00.000Z,BULL,SHORT,15.920737390074205,12.785008069468343,IGNORE,0,WATCH,,0,0,0,NA,NA,NA,NA,NA,WARNING_SOFT,1,0,0,0,0,TREND_REVERSAL_UNCONFIRMED,1,0.45,SHORT,1,0,0,0
NEARUSDT,1776067200000,2026-04-13T08:00:00.000Z,BULL,SHORT,0,7.875,IGNORE,0,WATCH,,0,0,0,NA,NA,NA,NA,NA,WARNING_SOFT,1,0,0,0,0,TREND_REVERSAL_UNCONFIRMED,0,0.45,SHORT,1,0,0,0
NEARUSDT,1776070800000,2026-04-13T09:00:00.000Z,BULL,SHORT,0,7.875,IGNORE,0,WATCH,,0,0,0,NA,NA,NA,NA,NA,WARNING_SOFT,1,0,0,0,0,TREND_REVERSAL_UNCONFIRMED,0,0.45,SHORT,1,0,0,0
NEARUSDT,1776074400000,2026-04-13T10:00:00.000Z,BULL,SHORT,25,13.5,IGNORE,0,WATCH,,0,0,0,NA,NA,NA,NA,NA,WARNING_SOFT,1,0,0,0,0,TREND_REVERSAL_UNCONFIRMED,1,0.45,SHORT,1,0,0,0
NEARUSDT,1776078000000,2026-04-13T11:00:00.000Z,BULL,SHORT,0,7.875,IGNORE,0,WATCH,,0,0,0,NA,NA,NA,NA,NA,WARNING_SOFT,1,0,0,0,0,TREND_REVERSAL_UNCONFIRMED,0,0.45,SHORT,1,0,0,0
NEARUSDT,1776081600000,2026-04-13T12:00:00.000Z,BULL,SHORT,0,7.875,IGNORE,0,WATCH,,0,0,0,NA,NA,NA,NA,NA,WARNING_SOFT,1,0,0,0,0,TREND_REVERSAL_UNCONFIRMED,0,0.45,SHORT,1,0,0,0
NEARUSDT,1776085200000,2026-04-13T13:00:00.000Z,BULL,SHORT,25,13.5,IGNORE,0,WATCH,,0,0,0,NA,NA,NA,NA,NA,CLEAR,1,0,0,0,0,TREND_REVERSAL_UNCONFIRMED,1,0.45,SHORT,1,0,0,0
NEARUSDT,1776088800000,2026-04-13T14:00:00.000Z,BULL,SHORT,0,7.875,IGNORE,0,WATCH,,0,0,0,NA,NA,NA,NA,NA,CLEAR,1,0,0,0,0,TREND_REVERSAL_UNCONFIRMED,0,0.45,SHORT,1,0,0,0
NEARUSDT,1776092400000,2026-04-13T15:00:00.000Z,BULL,SHORT,18.728106443346096,13.006088382413505,IGNORE,0,WATCH,,0,0,0,NA,NA,NA,NA,NA,CLEAR,1,0,0,0,0,TREND_REVERSAL_UNCONFIRMED,1,0.45,SHORT,1,0,0,0
NEARUSDT,1776096000000,2026-04-13T16:00:00.000Z,BULL,SHORT,0,7.875,IGNORE,0,WATCH,,0,0,0,NA,NA,NA,NA,NA,CLEAR,1,0,0,0,0,TREND_REVERSAL_UNCONFIRMED,0,0.45,SHORT,1,0,0,0
NEARUSDT,1776099600000,2026-04-13T17:00:00.000Z,BULL,SHORT,0,7.875,IGNORE,0,WATCH,,0,0,0,NA,NA,NA,NA,NA,CLEAR,1,0,0,0,0,TREND_REVERSAL_UNCONFIRMED,0,0.45,SHORT,1,0,0,0
NEARUSDT,1776103200000,2026-04-13T18:00:00.000Z,BULL,SHORT,0,7.875,IGNORE,0,WATCH,,0,0,0,NA,NA,NA,NA,NA,CLEAR,1,0,0,0,0,TREND_REVERSAL_UNCONFIRMED,0,0.45,SHORT,1,0,0,0
NEARUSDT,1776106800000,2026-04-13T19:00:00.000Z,BULL,SHORT,12.847222222222221,12.54296875,IGNORE,0,WATCH,,0,0,0,NA,NA,NA,NA,NA,CLEAR,1,0,0,0,0,TREND_REVERSAL_UNCONFIRMED,1,0.45,SHORT,1,0,0,0
NEARUSDT,1776110400000,2026-04-13T20:00:00.000Z,BULL,SHORT,25,13.5,IGNORE,0,WATCH,,0,0,0,NA,NA,NA,NA,NA,WARNING_SOFT,1,0,0,0,0,TREND_REVERSAL_UNCONFIRMED,1,0.45,SHORT,1,0,0,0
NEARUSDT,1776114000000,2026-04-13T21:00:00.000Z,BULL,SHORT,0,7.875,IGNORE,0,WATCH,,0,0,0,NA,NA,NA,NA,NA,CLEAR,1,0,0,0,0,TREND_REVERSAL_UNCONFIRMED,0,0.45,SHORT,1,0,0,0
NEARUSDT,1776117600000,2026-04-13T22:00:00.000Z,BULL,SHORT,25,13.5,IGNORE,0,WATCH,,0,0,0,NA,NA,NA,NA,NA,CLEAR,1,0,0,0,0,TREND_REVERSAL_UNCONFIRMED,1,0.45,SHORT,1,0,0,0
NEARUSDT,1776121200000,2026-04-13T23:00:00.000Z,BULL,SHORT,15.611119754031659,12.760625680629994,IGNORE,0,WATCH,,0,0,0,NA,NA,NA,NA,NA,CLEAR,1,0,0,0,0,TREND_REVERSAL_UNCONFIRMED,1,0.45,SHORT,1,0,0,0
NEARUSDT,1776124800000,2026-04-14T00:00:00.000Z,BULL,SHORT,12.943486120164007,12.550549531962917,IGNORE,0,WATCH,,0,0,0,NA,NA,NA,NA,NA,CLEAR,1,0,0,0,0,TREND_REVERSAL_UNCONFIRMED,1,0.45,SHORT,1,0,0,0
NEARUSDT,1776128400000,2026-04-14T01:00:00.000Z,BULL,SHORT,0,7.875,IGNORE,0,WATCH,,0,0,0,NA,NA,NA,NA,NA,CLEAR,1,0,0,0,0,TREND_REVERSAL_UNCONFIRMED,0,0.45,SHORT,1,0,0,0
NEARUSDT,1776132000000,2026-04-14T02:00:00.000Z,BULL,SHORT,0,7.875,IGNORE,0,WATCH,,0,0,0,NA,NA,NA,NA,NA,CLEAR,1,0,0,0,0,TREND_REVERSAL_UNCONFIRMED,0,0.45,SHORT,1,0,0,0
NEARUSDT,1776135600000,2026-04-14T03:00:00.000Z,BULL,SHORT,0,7.875,IGNORE,0,WATCH,,0,0,0,NA,NA,NA,NA,NA,CLEAR,1,0,0,0,0,TREND_REVERSAL_UNCONFIRMED,0,0.45,SHORT,1,0,0,0
NEARUSDT,1776139200000,2026-04-14T04:00:00.000Z,BULL,SHORT,0,7.875,IGNORE,0,WATCH,,0,0,0,NA,NA,NA,NA,NA,CLEAR,1,0,0,0,0,TREND_REVERSAL_UNCONFIRMED,0,0.45,SHORT,1,0,0,0
NEARUSDT,1776142800000,2026-04-14T05:00:00.000Z,BULL,SHORT,0,7.875,IGNORE,0,WATCH,,0,0,0,NA,NA,NA,NA,NA,CLEAR,1,0,0,0,0,TREND_REVERSAL_UNCONFIRMED,0,0.45,SHORT,1,0,0,0
NEARUSDT,1776146400000,2026-04-14T06:00:00.000Z,BULL,SHORT,0,7.875,IGNORE,0,WATCH,,0,0,0,NA,NA,NA,NA,NA,CLEAR,1,0,0,0,0,TREND_REVERSAL_UNCONFIRMED,0,0.45,SHORT,1,0,0,0
NEARUSDT,1776150000000,2026-04-14T07:00:00.000Z,BULL,SHORT,0,7.875,IGNORE,0,WATCH,,0,0,0,NA,NA,NA,NA,NA,CLEAR,1,0,0,0,0,TREND_REVERSAL_UNCONFIRMED,0,0.45,SHORT,1,0,0,0
NEARUSDT,1776153600000,2026-04-14T08:00:00.000Z,BULL,SHORT,0,7.875,IGNORE,0,WATCH,,0,0,0,NA,NA,NA,NA,NA,CLEAR,1,0,0,0,0,TREND_REVERSAL_UNCONFIRMED,0,0.45,SHORT,1,0,0,0
NEARUSDT,1776157200000,2026-04-14T09:00:00.000Z,BULL,SHORT,25,13.5,IGNORE,0,WATCH,,0,0,0,NA,NA,NA,NA,NA,WARNING_SOFT,1,0,0,0,0,TREND_REVERSAL_UNCONFIRMED,1,0.45,SHORT,1,0,0,0
NEARUSDT,1776160800000,2026-04-14T10:00:00.000Z,NEUTRAL,NONE,0,7.875,IGNORE,0,WATCH,,0,0,0,NA,NA,NA,NA,NA,WARNING_SOFT,1,0,0,0,0,TREND_REVERSAL_UNCONFIRMED,0,0.45,NONE,1,0,0,0
NEARUSDT,1776164400000,2026-04-14T11:00:00.000Z,NEUTRAL,NONE,0,7.875,IGNORE,0,WATCH,,0,0,0,NA,NA,NA,NA,NA,WARNING_SOFT,1,0,0,0,0,TREND_REVERSAL_UNCONFIRMED,0,0.45,NONE,1,0,0,0
NEARUSDT,1776168000000,2026-04-14T12:00:00.000Z,BULL,SHORT,0,7.875,IGNORE,0,WATCH,,0,0,0,NA,NA,NA,NA,NA,WARNING_SOFT,1,0,0,0,0,TREND_REVERSAL_UNCONFIRMED,0,0.45,SHORT,1,0,0,0
NEARUSDT,1776171600000,2026-04-14T13:00:00.000Z,NEUTRAL,NONE,0,7.875,IGNORE,0,WATCH,,0,0,0,NA,NA,NA,NA,NA,BLOCK,0,0,0,0,0,TREND_REVERSAL_UNCONFIRMED,0,0.45,NONE,1,0,0,0
NEARUSDT,1776175200000,2026-04-14T14:00:00.000Z,NEUTRAL,NONE,0,7.875,IGNORE,0,WATCH,,0,0,0,NA,NA,NA,NA,NA,BLOCK,0,0,0,0,0,TREND_REVERSAL_UNCONFIRMED,0,0.45,NONE,1,0,0,0
NEARUSDT,1776178800000,2026-04-14T15:00:00.000Z,NEUTRAL,NONE,0,7.875,IGNORE,0,WATCH,,0,0,0,NA,NA,NA,NA,NA,BLOCK,0,0,0,0,0,TREND_REVERSAL_UNCONFIRMED,0,0.45,NONE,1,0,0,0
NEARUSDT,1776182400000,2026-04-14T16:00:00.000Z,NEUTRAL,NONE,0,7.875,IGNORE,0,WATCH,,0,0,0,NA,NA,NA,NA,NA,WARNING_SOFT,1,0,0,0,0,TREND_REVERSAL_UNCONFIRMED,0,0.45,NONE,1,0,0,0
NEARUSDT,1776186000000,2026-04-14T17:00:00.000Z,NEUTRAL,NONE,0,7.875,IGNORE,0,WATCH,,0,0,0,NA,NA,NA,NA,NA,WARNING_SOFT,1,0,0,0,0,TREND_REVERSAL_UNCONFIRMED,0,0.45,NONE,1,0,0,0
NEARUSDT,1776189600000,2026-04-14T18:00:00.000Z,NEUTRAL,NONE,0,7.875,IGNORE,0,WATCH,,0,0,0,NA,NA,NA,NA,NA,WARNING_SOFT,1,0,0,0,0,TREND_REVERSAL_UNCONFIRMED,0,0.45,NONE,1,0,0,0
NEARUSDT,1776193200000,2026-04-14T19:00:00.000Z,NEUTRAL,NONE,0,7.875,IGNORE,0,WATCH,,0,0,0,NA,NA,NA,NA,NA,WARNING_SOFT,1,0,0,0,0,TREND_REVERSAL_UNCONFIRMED,0,0.45,NONE,1,0,0,0
NEARUSDT,1776196800000,2026-04-14T20:00:00.000Z,NEUTRAL,NONE,0,7.875,IGNORE,0,WATCH,,0,0,0,NA,NA,NA,NA,NA,WARNING_SOFT,1,0,0,0,0,TREND_REVERSAL_UNCONFIRMED,0,0.45,NONE,1,0,0,0
NEARUSDT,1776200400000,2026-04-14T21:00:00.000Z,NEUTRAL,NONE,0,7.875,IGNORE,0,WATCH,,0,0,0,NA,NA,NA,NA,NA,WARNING_SOFT,1,0,0,0,0,TREND_REVERSAL_UNCONFIRMED,0,0.45,NONE,1,0,0,0
NEARUSDT,1776204000000,2026-04-14T22:00:00.000Z,BEAR,LONG,12.847222222222221,12.54296875,IGNORE,0,WATCH,,0,0,0,NA,NA,NA,NA,NA,CLEAR,1,0,0,0,0,TREND_REVERSAL_UNCONFIRMED,1,0.45,LONG,1,0,0,0
NEARUSDT,1776207600000,2026-04-14T23:00:00.000Z,BEAR,LONG,0,7.875,IGNORE,0,WATCH,,0,0,0,NA,NA,NA,NA,NA,CLEAR,1,0,0,0,0,TREND_REVERSAL_UNCONFIRMED,0,0.45,LONG,1,0,0,0
NEARUSDT,1776211200000,2026-04-15T00:00:00.000Z,BEAR,LONG,25,13.5,IGNORE,0,WATCH,,0,0,0,NA,NA,NA,NA,NA,CLEAR,1,0,0,0,0,TREND_REVERSAL_UNCONFIRMED,1,0.45,LONG,1,0,0,0
NEARUSDT,1776214800000,2026-04-15T01:00:00.000Z,BEAR,LONG,0,7.875,IGNORE,0,WATCH,,0,0,0,NA,NA,NA,NA,NA,WARNING_SOFT,1,0,0,0,0,TREND_REVERSAL_UNCONFIRMED,0,0.45,LONG,1,0,0,0
NEARUSDT,1776218400000,2026-04-15T02:00:00.000Z,BEAR,LONG,0,7.875,IGNORE,0,WATCH,,0,0,0,NA,NA,NA,NA,NA,WARNING_SOFT,1,0,0,0,0,TREND_REVERSAL_UNCONFIRMED,0,0.45,LONG,1,0,0,0
NEARUSDT,1776222000000,2026-04-15T03:00:00.000Z,BEAR,LONG,0,7.875,IGNORE,0,WATCH,,0,0,0,NA,NA,NA,NA,NA,WARNING_SOFT,1,0,0,0,0,TREND_REVERSAL_UNCONFIRMED,0,0.45,LONG,1,0,0,0
NEARUSDT,1776225600000,2026-04-15T04:00:00.000Z,BEAR,LONG,0,7.875,IGNORE,0,WATCH,,0,0,0,NA,NA,NA,NA,NA,WARNING_SOFT,1,0,0,0,0,TREND_REVERSAL_UNCONFIRMED,0,0.45,LONG,1,0,0,0
NEARUSDT,1776229200000,2026-04-15T05:00:00.000Z,BEAR,LONG,12.847222222222221,12.54296875,IGNORE,0,WATCH,,0,0,0,NA,NA,NA,NA,NA,CLEAR,1,0,0,0,0,TREND_REVERSAL_UNCONFIRMED,1,0.45,LONG,1,0,0,0
NEARUSDT,1776232800000,2026-04-15T06:00:00.000Z,BEAR,LONG,12.847222222222221,12.54296875,IGNORE,0,WATCH,,0,0,0,NA,NA,NA,NA,NA,CLEAR,1,0,0,0,0,TREND_REVERSAL_UNCONFIRMED,1,0.45,LONG,1,0,0,0
NEARUSDT,1776236400000,2026-04-15T07:00:00.000Z,BEAR,LONG,0,7.875,IGNORE,0,WATCH,,0,0,0,NA,NA,NA,NA,NA,CLEAR,1,0,0,0,0,TREND_REVERSAL_UNCONFIRMED,0,0.45,LONG,1,0,0,0
NEARUSDT,1776240000000,2026-04-15T08:00:00.000Z,BEAR,LONG,0,7.875,IGNORE,0,WATCH,,0,0,0,NA,NA,NA,NA,NA,CLEAR,1,0,0,0,0,TREND_REVERSAL_UNCONFIRMED,0,0.45,LONG,1,0,0,0
NEARUSDT,1776243600000,2026-04-15T09:00:00.000Z,BEAR,LONG,0,7.875,IGNORE,0,WATCH,,0,0,0,NA,NA,NA,NA,NA,CLEAR,1,0,0,0,0,TREND_REVERSAL_UNCONFIRMED,0,0.45,LONG,1,0,0,0
NEARUSDT,1776247200000,2026-04-15T10:00:00.000Z,NEUTRAL,NONE,0,7.875,IGNORE,0,WATCH,,0,0,0,NA,NA,NA,NA,NA,WARNING_SOFT,1,0,0,0,0,TREND_REVERSAL_UNCONFIRMED,0,0.45,NONE,1,0,0,0
NEARUSDT,1776250800000,2026-04-15T11:00:00.000Z,NEUTRAL,NONE,0,7.875,IGNORE,0,WATCH,,0,0,0,NA,NA,NA,NA,NA,CLEAR,1,0,0,0,0,TREND_REVERSAL_UNCONFIRMED,0,0.45,NONE,1,0,0,0
NEARUSDT,1776254400000,2026-04-15T12:00:00.000Z,NEUTRAL,NONE,0,7.875,IGNORE,0,WATCH,,0,0,0,NA,NA,NA,NA,NA,CLEAR,1,1,0,0,0,TREND_REVERSAL_UNCONFIRMED,0,0.45,NONE,1,0,0,0
NEARUSDT,1776258000000,2026-04-15T13:00:00.000Z,NEUTRAL,NONE,0,7.875,IGNORE,0,WATCH,,0,0,0,NA,NA,NA,NA,NA,WARNING_SOFT,1,0,0,0,0,TREND_REVERSAL_UNCONFIRMED,0,0.45,NONE,1,0,0,0
NEARUSDT,1776261600000,2026-04-15T14:00:00.000Z,NEUTRAL,NONE,0,7.875,IGNORE,0,WATCH,,0,0,0,NA,NA,NA,NA,NA,WARNING_HARD,1,0,0,0,0,TREND_REVERSAL_UNCONFIRMED,0,0.45,NONE,1,0,0,0
NEARUSDT,1776265200000,2026-04-15T15:00:00.000Z,NEUTRAL,NONE,0,7.875,IGNORE,0,WATCH,,0,0,0,NA,NA,NA,NA,NA,WARNING_SOFT,1,0,0,0,0,TREND_REVERSAL_UNCONFIRMED,0,0.45,NONE,1,0,0,0
NEARUSDT,1776268800000,2026-04-15T16:00:00.000Z,NEUTRAL,NONE,0,7.875,IGNORE,0,WATCH,,0,0,0,NA,NA,NA,NA,NA,WARNING_SOFT,1,0,0,0,0,TREND_REVERSAL_UNCONFIRMED,0,0.45,NONE,1,0,0,0
NEARUSDT,1776272400000,2026-04-15T17:00:00.000Z,BULL,SHORT,0,7.875,IGNORE,0,WATCH,,0,0,0,NA,NA,NA,NA,NA,CLEAR,1,0,0,0,0,TREND_REVERSAL_UNCONFIRMED,0,0.45,SHORT,1,0,0,0
NEARUSDT,1776276000000,2026-04-15T18:00:00.000Z,BULL,SHORT,0,7.875,IGNORE,0,WATCH,,0,0,0,NA,NA,NA,NA,NA,CLEAR,1,0,0,0,0,TREND_REVERSAL_UNCONFIRMED,0,0.45,SHORT,1,0,0,0
NEARUSDT,1776279600000,2026-04-15T19:00:00.000Z,BULL,SHORT,0,7.875,IGNORE,0,WATCH,,0,0,0,NA,NA,NA,NA,NA,CLEAR,1,0,0,0,0,TREND_REVERSAL_UNCONFIRMED,0,0.45,SHORT,1,0,0,0
NEARUSDT,1776283200000,2026-04-15T20:00:00.000Z,BULL,SHORT,25,13.5,IGNORE,0,WATCH,,0,0,0,NA,NA,NA,NA,NA,CLEAR,1,0,0,0,0,TREND_REVERSAL_UNCONFIRMED,1,0.45,SHORT,1,0,0,0
NEARUSDT,1776286800000,2026-04-15T21:00:00.000Z,BULL,SHORT,12.847222222222221,12.54296875,IGNORE,0,WATCH,,0,0,0,NA,NA,NA,NA,NA,CLEAR,1,0,0,0,0,TREND_REVERSAL_UNCONFIRMED,1,0.45,SHORT,1,0,0,0
NEARUSDT,1776290400000,2026-04-15T22:00:00.000Z,BULL,SHORT,13.647665813879692,12.606003682843028,IGNORE,0,WATCH,,0,0,0,NA,NA,NA,NA,NA,CLEAR,1,0,0,0,0,TREND_REVERSAL_UNCONFIRMED,1,0.45,SHORT,1,0,0,0
NEARUSDT,1776294000000,2026-04-15T23:00:00.000Z,BULL,SHORT,0,7.875,IGNORE,0,WATCH,,0,0,0,NA,NA,NA,NA,NA,CLEAR,1,0,0,0,0,TREND_REVERSAL_UNCONFIRMED,0,0.45,SHORT,1,0,0,0
NEARUSDT,1776297600000,2026-04-16T00:00:00.000Z,BULL,SHORT,0,7.875,IGNORE,0,WATCH,,0,0,0,NA,NA,NA,NA,NA,CLEAR,1,0,0,0,0,TREND_REVERSAL_UNCONFIRMED,0,0.45,SHORT,1,0,0,0
NEARUSDT,1776301200000,2026-04-16T01:00:00.000Z,BULL,SHORT,0,7.875,IGNORE,0,WATCH,,0,0,0,NA,NA,NA,NA,NA,CLEAR,1,0,0,0,0,TREND_REVERSAL_UNCONFIRMED,0,0.45,SHORT,1,0,0,0
NEARUSDT,1776304800000,2026-04-16T02:00:00.000Z,BULL,SHORT,0,7.875,IGNORE,0,WATCH,,0,0,0,NA,NA,NA,NA,NA,CLEAR,1,0,0,0,0,TREND_REVERSAL_UNCONFIRMED,0,0.45,SHORT,1,0,0,0
NEARUSDT,1776308400000,2026-04-16T03:00:00.000Z,BULL,SHORT,0,7.875,IGNORE,0,WATCH,,0,0,0,NA,NA,NA,NA,NA,CLEAR,1,0,0,0,0,TREND_REVERSAL_UNCONFIRMED,0,0.45,SHORT,1,0,0,0
NEARUSDT,1776312000000,2026-04-16T04:00:00.000Z,BULL,SHORT,0,7.875,IGNORE,0,WATCH,,0,0,0,NA,NA,NA,NA,NA,CLEAR,1,0,0,0,0,TREND_REVERSAL_UNCONFIRMED,0,0.45,SHORT,1,0,0,0
NEARUSDT,1776315600000,2026-04-16T05:00:00.000Z,BULL,SHORT,17.260029472383614,12.89047732095021,IGNORE,0,WATCH,,0,0,0,NA,NA,NA,NA,NA,CLEAR,1,1,0,0,0,TREND_REVERSAL_UNCONFIRMED,1,0.45,SHORT,1,0,0,0
NEARUSDT,1776319200000,2026-04-16T06:00:00.000Z,BULL,SHORT,14.583333333333332,12.6796875,IGNORE,0,WATCH,,0,0,0,NA,NA,NA,NA,NA,CLEAR,1,0,0,0,0,TREND_REVERSAL_UNCONFIRMED,1,0.45,SHORT,1,0,0,0
NEARUSDT,1776322800000,2026-04-16T07:00:00.000Z,BULL,SHORT,39.00048055558085,18.258787843751993,IGNORE,0,WATCH,,0,0,0,NA,NA,NA,NA,NA,CLEAR,1,0,0,0,0,TREND_REVERSAL_UNCONFIRMED,2,0.45,SHORT,1,0,0,0
NEARUSDT,1776326400000,2026-04-16T08:00:00.000Z,BULL,SHORT,14.403924635346822,12.665559065033563,IGNORE,0,WATCH,,0,0,0,NA,NA,NA,NA,NA,WARNING_SOFT,1,0,0,0,0,TREND_REVERSAL_UNCONFIRMED,1,0.45,SHORT,1,0,0,0
NEARUSDT,1776330000000,2026-04-16T09:00:00.000Z,NEUTRAL,NONE,0,7.875,IGNORE,0,WATCH,,0,0,0,NA,NA,NA,NA,NA,WARNING_SOFT,1,0,1,0,0,TREND_REVERSAL_UNCONFIRMED,0,0.45,NONE,1,0,0,0
NEARUSDT,1776333600000,2026-04-16T10:00:00.000Z,NEUTRAL,NONE,0,7.875,IGNORE,0,WATCH,,0,0,0,NA,NA,NA,NA,NA,WARNING_SOFT,1,0,0,0,0,TREND_REVERSAL_UNCONFIRMED,0,0.45,NONE,1,0,0,0
NEARUSDT,1776337200000,2026-04-16T11:00:00.000Z,NEUTRAL,NONE,0,7.875,IGNORE,0,WATCH,,0,0,0,NA,NA,NA,NA,NA,WARNING_SOFT,1,0,0,0,0,TREND_REVERSAL_UNCONFIRMED,0,0.45,NONE,1,0,0,0
NEARUSDT,1776340800000,2026-04-16T12:00:00.000Z,NEUTRAL,NONE,0,7.875,IGNORE,0,WATCH,,0,0,0,NA,NA,NA,NA,NA,WARNING_SOFT,1,0,0,0,0,TREND_REVERSAL_UNCONFIRMED,0,0.45,NONE,1,0,0,0
NEARUSDT,1776344400000,2026-04-16T13:00:00.000Z,NEUTRAL,NONE,0,7.875,IGNORE,0,WATCH,,0,0,0,NA,NA,NA,NA,NA,WARNING_SOFT,1,0,0,0,0,TREND_REVERSAL_UNCONFIRMED,0,0.45,NONE,1,0,0,0
NEARUSDT,1776348000000,2026-04-16T14:00:00.000Z,NEUTRAL,NONE,0,7.875,IGNORE,0,WATCH,,0,0,0,NA,NA,NA,NA,NA,BLOCK,0,0,0,0,0,TREND_REVERSAL_UNCONFIRMED,0,0.45,NONE,1,0,0,0
NEARUSDT,1776351600000,2026-04-16T15:00:00.000Z,BULL,SHORT,22.99440250988898,13.342059197653757,IGNORE,0,WATCH,,0,0,0,NA,NA,NA,NA,NA,BLOCK,0,0,0,0,0,TREND_REVERSAL_UNCONFIRMED,1,0.45,SHORT,1,0,0,0
NEARUSDT,1776355200000,2026-04-16T16:00:00.000Z,NEUTRAL,NONE,0,7.875,IGNORE,0,WATCH,,0,0,0,NA,NA,NA,NA,NA,WARNING_SOFT,1,0,0,0,0,TREND_REVERSAL_UNCONFIRMED,0,0.45,NONE,1,0,0,0
NEARUSDT,1776358800000,2026-04-16T17:00:00.000Z,NEUTRAL,NONE,0,7.875,IGNORE,0,WATCH,,0,0,0,NA,NA,NA,NA,NA,WARNING_SOFT,1,0,0,0,0,TREND_REVERSAL_UNCONFIRMED,0,0.45,NONE,1,0,0,0
NEARUSDT,1776362400000,2026-04-16T18:00:00.000Z,BULL,SHORT,19.72837654767909,13.084859653129728,IGNORE,0,WATCH,,0,0,0,NA,NA,NA,NA,NA,WARNING_SOFT,1,0,0,0,0,TREND_REVERSAL_UNCONFIRMED,1,0.45,SHORT,1,0,0,0
NEARUSDT,1776366000000,2026-04-16T19:00:00.000Z,BULL,SHORT,12.580218185667238,12.521942182121295,IGNORE,0,WATCH,,0,0,0,NA,NA,NA,NA,NA,CLEAR,1,0,0,0,0,TREND_REVERSAL_UNCONFIRMED,1,0.45,SHORT,1,0,0,0
NEARUSDT,1776369600000,2026-04-16T20:00:00.000Z,BULL,SHORT,0,7.875,IGNORE,0,WATCH,,0,0,0,NA,NA,NA,NA,NA,CLEAR,1,0,0,0,0,TREND_REVERSAL_UNCONFIRMED,0,0.45,SHORT,1,0,0,0
NEARUSDT,1776373200000,2026-04-16T21:00:00.000Z,BULL,SHORT,0,7.875,IGNORE,0,WATCH,,0,0,0,NA,NA,NA,NA,NA,CLEAR,1,0,0,0,0,TREND_REVERSAL_UNCONFIRMED,0,0.45,SHORT,1,0,0,0
NEARUSDT,1776376800000,2026-04-16T22:00:00.000Z,BULL,SHORT,0,7.875,IGNORE,0,WATCH,,0,0,0,NA,NA,NA,NA,NA,CLEAR,1,0,0,0,0,TREND_REVERSAL_UNCONFIRMED,0,0.45,SHORT,1,0,0,0
NEARUSDT,1776380400000,2026-04-16T23:00:00.000Z,BULL,SHORT,25,13.5,IGNORE,0,WATCH,,0,0,0,NA,NA,NA,NA,NA,CLEAR,1,0,0,0,0,TREND_REVERSAL_UNCONFIRMED,1,0.45,SHORT,1,0,0,0
NEARUSDT,1776384000000,2026-04-17T00:00:00.000Z,BULL,SHORT,0,7.875,IGNORE,0,WATCH,,0,0,0,NA,NA,NA,NA,NA,CLEAR,1,0,0,0,0,TREND_REVERSAL_UNCONFIRMED,0,0.45,SHORT,1,0,0,0
NEARUSDT,1776387600000,2026-04-17T01:00:00.000Z,BULL,SHORT,0,7.875,IGNORE,0,WATCH,,0,0,0,NA,NA,NA,NA,NA,WARNING_SOFT,1,0,0,0,0,TREND_REVERSAL_UNCONFIRMED,0,0.45,SHORT,1,0,0,0
NEARUSDT,1776391200000,2026-04-17T02:00:00.000Z,NEUTRAL,NONE,0,7.875,IGNORE,0,WATCH,,0,0,0,NA,NA,NA,NA,NA,WARNING_SOFT,1,0,0,0,0,TREND_REVERSAL_UNCONFIRMED,0,0.45,NONE,1,0,0,0
NEARUSDT,1776394800000,2026-04-17T03:00:00.000Z,NEUTRAL,NONE,0,7.875,IGNORE,0,WATCH,,0,0,0,NA,NA,NA,NA,NA,WARNING_SOFT,1,0,0,0,0,TREND_REVERSAL_UNCONFIRMED,0,0.45,NONE,1,0,0,0
NEARUSDT,1776398400000,2026-04-17T04:00:00.000Z,NEUTRAL,NONE,0,7.875,IGNORE,0,WATCH,,0,0,0,NA,NA,NA,NA,NA,WARNING_SOFT,1,0,0,0,0,TREND_REVERSAL_UNCONFIRMED,0,0.45,NONE,1,0,0,0
NEARUSDT,1776402000000,2026-04-17T05:00:00.000Z,NEUTRAL,NONE,0,7.875,IGNORE,0,WATCH,,0,0,0,NA,NA,NA,NA,NA,WARNING_SOFT,1,0,0,0,0,TREND_REVERSAL_UNCONFIRMED,0,0.45,NONE,1,0,0,0
NEARUSDT,1776405600000,2026-04-17T06:00:00.000Z,BULL,SHORT,17.5,12.909375,IGNORE,0,WATCH,,0,0,0,NA,NA,NA,NA,NA,WARNING_SOFT,1,0,0,0,0,TREND_REVERSAL_UNCONFIRMED,1,0.45,SHORT,1,0,0,0
NEARUSDT,1776409200000,2026-04-17T07:00:00.000Z,BULL,SHORT,17.5,12.909375,IGNORE,0,WATCH,,0,0,0,NA,NA,NA,NA,NA,CLEAR,1,0,0,0,0,TREND_REVERSAL_UNCONFIRMED,1,0.45,SHORT,1,0,0,0
NEARUSDT,1776412800000,2026-04-17T08:00:00.000Z,BULL,SHORT,17.5,12.909375,IGNORE,0,WATCH,,0,0,0,NA,NA,NA,NA,NA,CLEAR,1,0,0,0,0,TREND_REVERSAL_UNCONFIRMED,1,0.45,SHORT,1,0,0,0
NEARUSDT,1776416400000,2026-04-17T09:00:00.000Z,BULL,SHORT,42.5,18.534375,IGNORE,0,WATCH,,0,0,0,NA,NA,NA,NA,NA,CLEAR,1,0,0,0,0,TREND_REVERSAL_UNCONFIRMED,2,0.45,SHORT,1,0,0,0
NEARUSDT,1776420000000,2026-04-17T10:00:00.000Z,NEUTRAL,NONE,0,7.875,IGNORE,0,WATCH,,0,0,0,NA,NA,NA,NA,NA,WARNING_SOFT,1,0,0,0,0,TREND_REVERSAL_UNCONFIRMED,0,0.45,NONE,1,0,0,0
NEARUSDT,1776423600000,2026-04-17T11:00:00.000Z,NEUTRAL,NONE,0,7.875,IGNORE,0,WATCH,,0,0,0,NA,NA,NA,NA,NA,WARNING_SOFT,1,0,0,0,0,TREND_REVERSAL_UNCONFIRMED,0,0.45,NONE,1,0,0,0
NEARUSDT,1776427200000,2026-04-17T12:00:00.000Z,NEUTRAL,NONE,0,7.875,IGNORE,0,WATCH,,0,0,0,NA,NA,NA,NA,NA,WARNING_SOFT,1,0,0,0,0,TREND_REVERSAL_UNCONFIRMED,0,0.45,NONE,1,0,0,0
NEARUSDT,1776430800000,2026-04-17T13:00:00.000Z,BULL,SHORT,41.89469858748358,18.48670751376433,IGNORE,0,WATCH,,0,0,0,NA,NA,NA,NA,NA,WARNING_SOFT,1,1,0,0,0,TREND_REVERSAL_UNCONFIRMED,2,0.45,SHORT,1,0,0,0
NEARUSDT,1776434400000,2026-04-17T14:00:00.000Z,BULL,SHORT,58.52291100581617,51.75786791785497,WATCH,1,WATCH,ACTIVE,1,1,0,FAIL,PASS,SKIP,SKIP,PASS,CLEAR,1,0,0,0,0,MARKET_CONTEXT_DENIED,3,0.84,SHORT,0,1,0,0
NEARUSDT,1776438000000,2026-04-17T15:00:00.000Z,NEUTRAL,NONE,0,7.875,IGNORE,0,WATCH,,0,0,0,NA,NA,NA,NA,NA,WARNING_SOFT,1,0,0,0,0,TREND_REVERSAL_UNCONFIRMED,0,0.45,NONE,1,0,0,0
NEARUSDT,1776441600000,2026-04-17T16:00:00.000Z,BULL,SHORT,17.5,12.909375,IGNORE,0,WATCH,,0,0,0,NA,NA,NA,NA,NA,WARNING_SOFT,1,0,0,0,0,TREND_REVERSAL_UNCONFIRMED,1,0.45,SHORT,1,0,0,0
NEARUSDT,1776445200000,2026-04-17T17:00:00.000Z,BULL,SHORT,0,7.875,IGNORE,0,WATCH,,0,0,0,NA,NA,NA,NA,NA,CLEAR,1,0,0,0,0,TREND_REVERSAL_UNCONFIRMED,0,0.45,SHORT,1,0,0,0
NEARUSDT,1776448800000,2026-04-17T18:00:00.000Z,BULL,SHORT,0,7.875,IGNORE,0,WATCH,,0,0,0,NA,NA,NA,NA,NA,CLEAR,1,0,0,0,0,TREND_REVERSAL_UNCONFIRMED,0,0.45,SHORT,1,0,0,0
NEARUSDT,1776452400000,2026-04-17T19:00:00.000Z,BULL,SHORT,0,7.875,IGNORE,0,WATCH,,0,0,0,NA,NA,NA,NA,NA,CLEAR,1,0,0,0,0,TREND_REVERSAL_UNCONFIRMED,0,0.45,SHORT,1,0,0,0
NEARUSDT,1776456000000,2026-04-17T20:00:00.000Z,BULL,SHORT,0,7.875,IGNORE,0,WATCH,,0,0,0,NA,NA,NA,NA,NA,WARNING_SOFT,1,0,0,0,0,TREND_REVERSAL_UNCONFIRMED,0,0.45,SHORT,1,0,0,0
NEARUSDT,1776459600000,2026-04-17T21:00:00.000Z,BULL,SHORT,0,7.875,IGNORE,0,WATCH,,0,0,0,NA,NA,NA,NA,NA,CLEAR,1,0,0,0,0,TREND_REVERSAL_UNCONFIRMED,0,0.45,SHORT,1,0,0,0
NEARUSDT,1776463200000,2026-04-17T22:00:00.000Z,NEUTRAL,NONE,0,7.875,IGNORE,0,WATCH,,0,0,0,NA,NA,NA,NA,NA,WARNING_SOFT,1,0,0,0,0,TREND_REVERSAL_UNCONFIRMED,0,0.45,NONE,1,0,0,0
NEARUSDT,1776466800000,2026-04-17T23:00:00.000Z,NEUTRAL,NONE,0,7.875,IGNORE,0,WATCH,,0,0,0,NA,NA,NA,NA,NA,WARNING_SOFT,1,0,0,0,0,TREND_REVERSAL_UNCONFIRMED,0,0.45,NONE,1,0,0,0
NEARUSDT,1776470400000,2026-04-18T00:00:00.000Z,NEUTRAL,NONE,0,7.875,IGNORE,0,WATCH,,0,0,0,NA,NA,NA,NA,NA,WARNING_SOFT,1,0,0,0,0,TREND_REVERSAL_UNCONFIRMED,0,0.45,NONE,1,0,0,0
NEARUSDT,1776474000000,2026-04-18T01:00:00.000Z,NEUTRAL,NONE,0,7.875,IGNORE,0,WATCH,,0,0,0,NA,NA,NA,NA,NA,WARNING_SOFT,1,0,0,0,0,TREND_REVERSAL_UNCONFIRMED,0,0.45,NONE,1,0,0,0
NEARUSDT,1776477600000,2026-04-18T02:00:00.000Z,NEUTRAL,NONE,0,7.875,IGNORE,0,WATCH,,0,0,0,NA,NA,NA,NA,NA,WARNING_SOFT,1,0,0,0,0,TREND_REVERSAL_UNCONFIRMED,0,0.45,NONE,1,0,0,0
NEARUSDT,1776481200000,2026-04-18T03:00:00.000Z,NEUTRAL,NONE,0,7.875,IGNORE,0,WATCH,,0,0,0,NA,NA,NA,NA,NA,WARNING_SOFT,1,0,0,0,0,TREND_REVERSAL_UNCONFIRMED,0,0.45,NONE,1,0,0,0
NEARUSDT,1776484800000,2026-04-18T04:00:00.000Z,NEUTRAL,NONE,0,7.875,IGNORE,0,WATCH,,0,0,0,NA,NA,NA,NA,NA,WARNING_SOFT,1,0,0,0,0,TREND_REVERSAL_UNCONFIRMED,0,0.45,NONE,1,0,0,0
NEARUSDT,1776488400000,2026-04-18T05:00:00.000Z,NEUTRAL,NONE,0,7.875,IGNORE,0,WATCH,,0,0,0,NA,NA,NA,NA,NA,WARNING_SOFT,1,0,0,0,0,TREND_REVERSAL_UNCONFIRMED,0,0.45,NONE,1,0,0,0
NEARUSDT,1776492000000,2026-04-18T06:00:00.000Z,BULL,SHORT,17.5,12.909375,IGNORE,0,WATCH,,0,0,0,NA,NA,NA,NA,NA,WARNING_SOFT,1,0,0,0,0,TREND_REVERSAL_UNCONFIRMED,1,0.45,SHORT,1,0,0,0
NEARUSDT,1776495600000,2026-04-18T07:00:00.000Z,BULL,SHORT,17.5,12.909375,IGNORE,0,WATCH,,0,0,0,NA,NA,NA,NA,NA,CLEAR,1,0,0,0,0,TREND_REVERSAL_UNCONFIRMED,1,0.45,SHORT,1,0,0,0
NEARUSDT,1776499200000,2026-04-18T08:00:00.000Z,NEUTRAL,NONE,0,7.875,IGNORE,0,WATCH,,0,0,0,NA,NA,NA,NA,NA,BLOCK,0,0,0,0,0,TREND_REVERSAL_UNCONFIRMED,0,0.45,NONE,1,0,0,0
NEARUSDT,1776502800000,2026-04-18T09:00:00.000Z,BULL,SHORT,17.5,12.909375,IGNORE,0,WATCH,,0,0,0,NA,NA,NA,NA,NA,WARNING_SOFT,1,0,0,0,0,TREND_REVERSAL_UNCONFIRMED,1,0.45,SHORT,1,0,0,0
NEARUSDT,1776506400000,2026-04-18T10:00:00.000Z,BEAR,LONG,35.23706917158905,17.962419197262637,IGNORE,0,WATCH,,0,0,0,NA,NA,NA,NA,NA,CLEAR,1,0,0,0,0,TREND_REVERSAL_UNCONFIRMED,2,0.45,LONG,1,0,0,0
NEARUSDT,1776510000000,2026-04-18T11:00:00.000Z,BEAR,LONG,36.68272792865909,18.076264824381905,IGNORE,0,WATCH,,0,0,0,NA,NA,NA,NA,NA,CLEAR,1,0,0,0,0,TREND_REVERSAL_UNCONFIRMED,2,0.45,LONG,1,0,0,0
NEARUSDT,1776513600000,2026-04-18T12:00:00.000Z,BEAR,LONG,30.547330786067597,17.593102299402823,IGNORE,0,WATCH,,0,0,0,NA,NA,NA,NA,NA,CLEAR,1,0,0,0,0,TREND_REVERSAL_UNCONFIRMED,2,0.45,LONG,1,0,0,0
NEARUSDT,1776517200000,2026-04-18T13:00:00.000Z,BEAR,LONG,37.51670952306288,18.141940874941202,IGNORE,0,WATCH,,0,0,0,NA,NA,NA,NA,NA,CLEAR,1,0,0,0,0,TREND_REVERSAL_UNCONFIRMED,2,0.45,LONG,1,0,0,0
NEARUSDT,1776520800000,2026-04-18T14:00:00.000Z,BEAR,LONG,17.5,12.909375,IGNORE,0,WATCH,,0,0,0,NA,NA,NA,NA,NA,CLEAR,1,0,0,0,0,TREND_REVERSAL_UNCONFIRMED,1,0.45,LONG,1,0,0,0
NEARUSDT,1776524400000,2026-04-18T15:00:00.000Z,BEAR,LONG,17.5,12.909375,IGNORE,0,WATCH,,0,0,0,NA,NA,NA,NA,NA,CLEAR,1,0,0,0,0,TREND_REVERSAL_UNCONFIRMED,1,0.45,LONG,1,0,0,0
NEARUSDT,1776528000000,2026-04-18T16:00:00.000Z,BEAR,LONG,12.928314348226102,12.549354754922806,IGNORE,0,WATCH,,0,0,0,NA,NA,NA,NA,NA,CLEAR,1,0,0,0,0,TREND_REVERSAL_UNCONFIRMED,1,0.45,LONG,1,0,0,0
NEARUSDT,1776531600000,2026-04-18T17:00:00.000Z,BEAR,LONG,15.731248106231053,12.770085788365696,IGNORE,0,WATCH,,0,0,0,NA,NA,NA,NA,NA,CLEAR,1,0,0,0,0,TREND_REVERSAL_UNCONFIRMED,1,0.45,LONG,1,0,0,0
NEARUSDT,1776535200000,2026-04-18T18:00:00.000Z,BEAR,LONG,13.50709474375919,12.594933711071036,IGNORE,0,WATCH,,0,0,0,NA,NA,NA,NA,NA,CLEAR,1,0,0,0,0,TREND_REVERSAL_UNCONFIRMED,1,0.45,LONG,1,0,0,0
NEARUSDT,1776538800000,2026-04-18T19:00:00.000Z,BEAR,LONG,25,13.5,IGNORE,0,WATCH,,0,0,0,NA,NA,NA,NA,NA,CLEAR,1,0,0,0,0,TREND_REVERSAL_UNCONFIRMED,1,0.45,LONG,1,0,0,0
NEARUSDT,1776542400000,2026-04-18T20:00:00.000Z,BEAR,LONG,14.583333333333332,12.6796875,IGNORE,0,WATCH,,0,0,0,NA,NA,NA,NA,NA,CLEAR,1,0,0,0,0,TREND_REVERSAL_UNCONFIRMED,1,0.45,LONG,1,0,0,0
NEARUSDT,1776546000000,2026-04-18T21:00:00.000Z,BEAR,LONG,0,7.875,IGNORE,0,WATCH,,0,0,0,NA,NA,NA,NA,NA,CLEAR,1,0,0,0,0,TREND_REVERSAL_UNCONFIRMED,0,0.45,LONG,1,0,0,0
NEARUSDT,1776549600000,2026-04-18T22:00:00.000Z,BEAR,LONG,14.583333333333332,12.6796875,IGNORE,0,WATCH,,0,0,0,NA,NA,NA,NA,NA,CLEAR,1,0,0,0,0,TREND_REVERSAL_UNCONFIRMED,1,0.45,LONG,1,0,0,0
NEARUSDT,1776553200000,2026-04-18T23:00:00.000Z,BEAR,LONG,39.58333333333333,18.3046875,IGNORE,0,WATCH,,0,0,0,NA,NA,NA,NA,NA,CLEAR,1,0,0,0,0,TREND_REVERSAL_UNCONFIRMED,2,0.45,LONG,1,0,0,0
NEARUSDT,1776556800000,2026-04-19T00:00:00.000Z,BEAR,LONG,14.583333333333332,12.6796875,IGNORE,0,WATCH,,0,0,0,NA,NA,NA,NA,NA,CLEAR,1,0,0,0,0,TREND_REVERSAL_UNCONFIRMED,1,0.45,LONG,1,0,0,0
NEARUSDT,1776560400000,2026-04-19T01:00:00.000Z,BEAR,LONG,16.319444444444443,12.81640625,IGNORE,0,WATCH,,0,0,0,NA,NA,NA,NA,NA,CLEAR,1,0,0,0,0,TREND_REVERSAL_UNCONFIRMED,1,0.45,LONG,1,0,0,0
NEARUSDT,1776564000000,2026-04-19T02:00:00.000Z,BEAR,LONG,0,7.875,IGNORE,0,WATCH,,0,0,0,NA,NA,NA,NA,NA,CLEAR,1,0,0,0,0,TREND_REVERSAL_UNCONFIRMED,0,0.45,LONG,1,0,0,0
NEARUSDT,1776567600000,2026-04-19T03:00:00.000Z,BEAR,LONG,0,7.875,IGNORE,0,WATCH,,0,0,0,NA,NA,NA,NA,NA,CLEAR,1,0,0,0,0,TREND_REVERSAL_UNCONFIRMED,0,0.45,LONG,1,0,0,0
NEARUSDT,1776571200000,2026-04-19T04:00:00.000Z,BEAR,LONG,0,7.875,IGNORE,0,WATCH,,0,0,0,NA,NA,NA,NA,NA,WARNING_SOFT,1,0,0,0,0,TREND_REVERSAL_UNCONFIRMED,0,0.45,LONG,1,0,0,0
NEARUSDT,1776574800000,2026-04-19T05:00:00.000Z,BEAR,LONG,12.847222222222221,12.54296875,IGNORE,0,WATCH,,0,0,0,NA,NA,NA,NA,NA,CLEAR,1,0,0,0,0,TREND_REVERSAL_UNCONFIRMED,1,0.45,LONG,1,0,0,0
NEARUSDT,1776578400000,2026-04-19T06:00:00.000Z,BEAR,LONG,12.847222222222221,12.54296875,IGNORE,0,WATCH,,0,0,0,NA,NA,NA,NA,NA,CLEAR,1,0,0,0,0,TREND_REVERSAL_UNCONFIRMED,1,0.45,LONG,1,0,0,0
NEARUSDT,1776582000000,2026-04-19T07:00:00.000Z,BEAR,LONG,0,7.875,IGNORE,0,WATCH,,0,0,0,NA,NA,NA,NA,NA,CLEAR,1,0,0,0,0,TREND_REVERSAL_UNCONFIRMED,0,0.45,LONG,1,0,0,0
NEARUSDT,1776585600000,2026-04-19T08:00:00.000Z,BEAR,LONG,12.847222222222221,12.54296875,IGNORE,0,WATCH,,0,0,0,NA,NA,NA,NA,NA,CLEAR,1,0,0,0,0,TREND_REVERSAL_UNCONFIRMED,1,0.45,LONG,1,0,0,0
NEARUSDT,1776589200000,2026-04-19T09:00:00.000Z,BEAR,LONG,14.930555555555555,12.70703125,IGNORE,0,WATCH,,0,0,0,NA,NA,NA,NA,NA,CLEAR,1,0,0,0,0,TREND_REVERSAL_UNCONFIRMED,1,0.45,LONG,1,0,0,0
NEARUSDT,1776592800000,2026-04-19T10:00:00.000Z,BEAR,LONG,0,7.875,IGNORE,0,WATCH,,0,0,0,NA,NA,NA,NA,NA,CLEAR,1,0,0,0,0,TREND_REVERSAL_UNCONFIRMED,0,0.45,LONG,1,0,0,0
NEARUSDT,1776596400000,2026-04-19T11:00:00.000Z,NEUTRAL,NONE,0,7.875,IGNORE,0,WATCH,,0,0,0,NA,NA,NA,NA,NA,WARNING_HARD,1,0,0,0,0,TREND_REVERSAL_UNCONFIRMED,0,0.45,NONE,1,0,0,0
NEARUSDT,1776600000000,2026-04-19T12:00:00.000Z,NEUTRAL,NONE,0,7.875,IGNORE,0,WATCH,,0,0,0,NA,NA,NA,NA,NA,WARNING_HARD,1,0,0,0,0,TREND_REVERSAL_UNCONFIRMED,0,0.45,NONE,1,0,0,0
NEARUSDT,1776603600000,2026-04-19T13:00:00.000Z,NEUTRAL,NONE,0,7.875,IGNORE,0,WATCH,,0,0,0,NA,NA,NA,NA,NA,CLEAR,1,1,0,0,0,TREND_REVERSAL_UNCONFIRMED,0,0.45,NONE,1,0,0,0
NEARUSDT,1776607200000,2026-04-19T14:00:00.000Z,NEUTRAL,NONE,0,7.875,IGNORE,0,WATCH,,0,0,0,NA,NA,NA,NA,NA,CLEAR,1,0,0,0,0,TREND_REVERSAL_UNCONFIRMED,0,0.45,NONE,1,0,0,0
NEARUSDT,1776610800000,2026-04-19T15:00:00.000Z,NEUTRAL,NONE,0,7.875,IGNORE,0,WATCH,,0,0,0,NA,NA,NA,NA,NA,CLEAR,1,0,0,0,0,TREND_REVERSAL_UNCONFIRMED,0,0.45,NONE,1,0,0,0
NEARUSDT,1776614400000,2026-04-19T16:00:00.000Z,NEUTRAL,NONE,0,7.875,IGNORE,0,WATCH,,0,0,0,NA,NA,NA,NA,NA,WARNING_SOFT,1,0,0,0,0,TREND_REVERSAL_UNCONFIRMED,0,0.45,NONE,1,0,0,0
NEARUSDT,1776618000000,2026-04-19T17:00:00.000Z,BEAR,LONG,0,7.875,IGNORE,0,WATCH,,0,0,0,NA,NA,NA,NA,NA,CLEAR,1,0,0,0,0,TREND_REVERSAL_UNCONFIRMED,0,0.45,LONG,1,0,0,0
NEARUSDT,1776621600000,2026-04-19T18:00:00.000Z,BEAR,LONG,25,13.5,IGNORE,0,WATCH,,0,0,0,NA,NA,NA,NA,NA,CLEAR,1,0,0,0,0,TREND_REVERSAL_UNCONFIRMED,1,0.45,LONG,1,0,0,0
NEARUSDT,1776625200000,2026-04-19T19:00:00.000Z,NEUTRAL,NONE,0,7.875,IGNORE,0,WATCH,,0,0,0,NA,NA,NA,NA,NA,WARNING_SOFT,1,0,0,0,0,TREND_REVERSAL_UNCONFIRMED,0,0.45,NONE,1,0,0,0
NEARUSDT,1776628800000,2026-04-19T20:00:00.000Z,BEAR,LONG,0,7.875,IGNORE,0,WATCH,,0,0,0,NA,NA,NA,NA,NA,CLEAR,1,0,0,0,0,TREND_REVERSAL_UNCONFIRMED,0,0.45,LONG,1,0,0,0
NEARUSDT,1776632400000,2026-04-19T21:00:00.000Z,BEAR,LONG,0,7.875,IGNORE,0,WATCH,,0,0,0,NA,NA,NA,NA,NA,CLEAR,1,0,0,0,0,TREND_REVERSAL_UNCONFIRMED,0,0.45,LONG,1,0,0,0
NEARUSDT,1776636000000,2026-04-19T22:00:00.000Z,BEAR,LONG,24.832402290151222,13.486801680349409,IGNORE,0,WATCH,,0,0,0,NA,NA,NA,NA,NA,CLEAR,1,0,0,0,0,TREND_REVERSAL_UNCONFIRMED,1,0.45,LONG,1,0,0,0
NEARUSDT,1776639600000,2026-04-19T23:00:00.000Z,BEAR,LONG,0,7.875,IGNORE,0,WATCH,,0,0,0,NA,NA,NA,NA,NA,CLEAR,1,0,0,0,0,TREND_REVERSAL_UNCONFIRMED,0,0.45,LONG,1,0,0,0
NEARUSDT,1776643200000,2026-04-20T00:00:00.000Z,BEAR,LONG,25,13.5,IGNORE,0,WATCH,,0,0,0,NA,NA,NA,NA,NA,WARNING_SOFT,1,0,0,0,0,TREND_REVERSAL_UNCONFIRMED,1,0.45,LONG,1,0,0,0
NEARUSDT,1776646800000,2026-04-20T01:00:00.000Z,BEAR,LONG,0,7.875,IGNORE,0,WATCH,,0,0,0,NA,NA,NA,NA,NA,CLEAR,1,0,0,0,0,TREND_REVERSAL_UNCONFIRMED,0,0.45,LONG,1,0,0,0
NEARUSDT,1776650400000,2026-04-20T02:00:00.000Z,BEAR,LONG,0,7.875,IGNORE,0,WATCH,,0,0,0,NA,NA,NA,NA,NA,WARNING_SOFT,1,0,0,0,0,TREND_REVERSAL_UNCONFIRMED,0,0.45,LONG,1,0,0,0
NEARUSDT,1776654000000,2026-04-20T03:00:00.000Z,NEUTRAL,NONE,0,7.875,IGNORE,0,WATCH,,0,0,0,NA,NA,NA,NA,NA,WARNING_SOFT,1,0,0,0,0,TREND_REVERSAL_UNCONFIRMED,0,0.45,NONE,1,0,0,0
NEARUSDT,1776657600000,2026-04-20T04:00:00.000Z,NEUTRAL,NONE,0,7.875,IGNORE,0,WATCH,,0,0,0,NA,NA,NA,NA,NA,WARNING_SOFT,1,0,0,0,0,TREND_REVERSAL_UNCONFIRMED,0,0.45,NONE,1,0,0,0
NEARUSDT,1776661200000,2026-04-20T05:00:00.000Z,BEAR,LONG,0,7.875,IGNORE,0,WATCH,,0,0,0,NA,NA,NA,NA,NA,WARNING_SOFT,1,0,0,0,0,TREND_REVERSAL_UNCONFIRMED,0,0.45,LONG,1,0,0,0
NEARUSDT,1776664800000,2026-04-20T06:00:00.000Z,BEAR,LONG,0,7.875,IGNORE,0,WATCH,,0,0,0,NA,NA,NA,NA,NA,CLEAR,1,0,0,0,0,TREND_REVERSAL_UNCONFIRMED,0,0.45,LONG,1,0,0,0
NEARUSDT,1776668400000,2026-04-20T07:00:00.000Z,BEAR,LONG,14.337025631025561,12.660290768443263,IGNORE,0,WATCH,,0,0,0,NA,NA,NA,NA,NA,BLOCK,0,0,0,0,0,TREND_REVERSAL_UNCONFIRMED,1,0.45,LONG,1,0,0,0
NEARUSDT,1776672000000,2026-04-20T08:00:00.000Z,BEAR,LONG,17.5,12.909375,IGNORE,0,WATCH,,0,0,0,NA,NA,NA,NA,NA,WARNING_SOFT,1,0,0,0,0,TREND_REVERSAL_UNCONFIRMED,1,0.45,LONG,1,0,0,0
NEARUSDT,1776675600000,2026-04-20T09:00:00.000Z,NEUTRAL,NONE,0,7.875,IGNORE,0,WATCH,,0,0,0,NA,NA,NA,NA,NA,WARNING_SOFT,1,0,0,0,0,TREND_REVERSAL_UNCONFIRMED,0,0.45,NONE,1,0,0,0
NEARUSDT,1776679200000,2026-04-20T10:00:00.000Z,NEUTRAL,NONE,0,7.875,IGNORE,0,WATCH,,0,0,0,NA,NA,NA,NA,NA,CLEAR,1,0,0,0,0,TREND_REVERSAL_UNCONFIRMED,0,0.45,NONE,1,0,0,0
NEARUSDT,1776682800000,2026-04-20T11:00:00.000Z,NEUTRAL,NONE,0,7.875,IGNORE,0,WATCH,,0,0,0,NA,NA,NA,NA,NA,CLEAR,1,0,0,0,0,TREND_REVERSAL_UNCONFIRMED,0,0.45,NONE,1,0,0,0
NEARUSDT,1776686400000,2026-04-20T12:00:00.000Z,NEUTRAL,NONE,0,7.875,IGNORE,0,WATCH,,0,0,0,NA,NA,NA,NA,NA,CLEAR,1,0,0,0,0,TREND_REVERSAL_UNCONFIRMED,0,0.45,NONE,1,0,0,0
NEARUSDT,1776690000000,2026-04-20T13:00:00.000Z,NEUTRAL,NONE,0,7.875,IGNORE,0,WATCH,,0,0,0,NA,NA,NA,NA,NA,CLEAR,1,0,0,0,0,TREND_REVERSAL_UNCONFIRMED,0,0.45,NONE,1,0,0,0
NEARUSDT,1776693600000,2026-04-20T14:00:00.000Z,BEAR,LONG,19.61944499008031,13.076281292968824,IGNORE,0,WATCH,,0,0,0,NA,NA,NA,NA,NA,BLOCK,0,0,0,0,0,TREND_REVERSAL_UNCONFIRMED,1,0.45,LONG,1,0,0,0
NEARUSDT,1776697200000,2026-04-20T15:00:00.000Z,NEUTRAL,NONE,0,7.875,IGNORE,0,WATCH,,0,0,0,NA,NA,NA,NA,NA,CLEAR,1,0,0,0,0,TREND_REVERSAL_UNCONFIRMED,0,0.45,NONE,1,0,0,0
NEARUSDT,1776700800000,2026-04-20T16:00:00.000Z,BEAR,LONG,0,7.875,IGNORE,0,WATCH,,0,0,0,NA,NA,NA,NA,NA,WARNING_SOFT,1,0,0,0,0,TREND_REVERSAL_UNCONFIRMED,0,0.45,LONG,1,0,0,0
NEARUSDT,1776704400000,2026-04-20T17:00:00.000Z,NEUTRAL,NONE,0,7.875,IGNORE,0,WATCH,,0,0,0,NA,NA,NA,NA,NA,CLEAR,1,0,0,0,0,TREND_REVERSAL_UNCONFIRMED,0,0.45,NONE,1,0,0,0
NEARUSDT,1776708000000,2026-04-20T18:00:00.000Z,NEUTRAL,NONE,0,7.875,IGNORE,0,WATCH,,0,0,0,NA,NA,NA,NA,NA,CLEAR,1,0,0,0,0,TREND_REVERSAL_UNCONFIRMED,0,0.45,NONE,1,0,0,0
NEARUSDT,1776711600000,2026-04-20T19:00:00.000Z,NEUTRAL,NONE,0,7.875,IGNORE,0,WATCH,,0,0,0,NA,NA,NA,NA,NA,CLEAR,1,0,0,0,0,TREND_REVERSAL_UNCONFIRMED,0,0.45,NONE,1,0,0,0
NEARUSDT,1776715200000,2026-04-20T20:00:00.000Z,NEUTRAL,NONE,0,7.875,IGNORE,0,WATCH,,0,0,0,NA,NA,NA,NA,NA,CLEAR,1,0,0,0,0,TREND_REVERSAL_UNCONFIRMED,0,0.45,NONE,1,0,0,0
NEARUSDT,1776718800000,2026-04-20T21:00:00.000Z,NEUTRAL,NONE,0,7.875,IGNORE,0,WATCH,,0,0,0,NA,NA,NA,NA,NA,CLEAR,1,0,0,0,0,TREND_REVERSAL_UNCONFIRMED,0,0.45,NONE,1,0,0,0
NEARUSDT,1776722400000,2026-04-20T22:00:00.000Z,NEUTRAL,NONE,0,7.875,IGNORE,0,WATCH,,0,0,0,NA,NA,NA,NA,NA,CLEAR,1,0,0,0,0,TREND_REVERSAL_UNCONFIRMED,0,0.45,NONE,1,0,0,0
NEARUSDT,1776726000000,2026-04-20T23:00:00.000Z,NEUTRAL,NONE,0,7.875,IGNORE,0,WATCH,,0,0,0,NA,NA,NA,NA,NA,WARNING_SOFT,1,0,0,0,0,TREND_REVERSAL_UNCONFIRMED,0,0.45,NONE,1,0,0,0
NEARUSDT,1776729600000,2026-04-21T00:00:00.000Z,NEUTRAL,NONE,0,7.875,IGNORE,0,WATCH,,0,0,0,NA,NA,NA,NA,NA,CLEAR,1,0,0,0,0,TREND_REVERSAL_UNCONFIRMED,0,0.45,NONE,1,0,0,0
NEARUSDT,1776733200000,2026-04-21T01:00:00.000Z,NEUTRAL,NONE,0,7.875,IGNORE,0,WATCH,,0,0,0,NA,NA,NA,NA,NA,CLEAR,1,0,0,0,0,TREND_REVERSAL_UNCONFIRMED,0,0.45,NONE,1,0,0,0
NEARUSDT,1776736800000,2026-04-21T02:00:00.000Z,BEAR,LONG,25,13.5,IGNORE,0,WATCH,,0,0,0,NA,NA,NA,NA,NA,CLEAR,1,0,0,0,0,TREND_REVERSAL_UNCONFIRMED,1,0.45,LONG,1,0,0,0
NEARUSDT,1776740400000,2026-04-21T03:00:00.000Z,BEAR,LONG,0,7.875,IGNORE,0,WATCH,,0,0,0,NA,NA,NA,NA,NA,WARNING_SOFT,1,0,0,0,0,TREND_REVERSAL_UNCONFIRMED,0,0.45,LONG,1,0,0,0
NEARUSDT,1776744000000,2026-04-21T04:00:00.000Z,NEUTRAL,NONE,0,7.875,IGNORE,0,WATCH,,0,0,0,NA,NA,NA,NA,NA,WARNING_SOFT,1,0,0,0,0,TREND_REVERSAL_UNCONFIRMED,0,0.45,NONE,1,0,0,0
NEARUSDT,1776747600000,2026-04-21T05:00:00.000Z,NEUTRAL,NONE,0,7.875,IGNORE,0,WATCH,,0,0,0,NA,NA,NA,NA,NA,CLEAR,1,0,0,0,0,TREND_REVERSAL_UNCONFIRMED,0,0.45,NONE,1,0,0,0
NEARUSDT,1776751200000,2026-04-21T06:00:00.000Z,BULL,SHORT,0,7.875,IGNORE,0,WATCH,,0,0,0,NA,NA,NA,NA,NA,CLEAR,1,0,0,0,0,TREND_REVERSAL_UNCONFIRMED,0,0.45,SHORT,1,0,0,0
NEARUSDT,1776754800000,2026-04-21T07:00:00.000Z,BULL,SHORT,0,7.875,IGNORE,0,WATCH,,0,0,0,NA,NA,NA,NA,NA,CLEAR,1,0,0,0,0,TREND_REVERSAL_UNCONFIRMED,0,0.45,SHORT,1,0,0,0
NEARUSDT,1776758400000,2026-04-21T08:00:00.000Z,BULL,SHORT,0,7.875,IGNORE,0,WATCH,,0,0,0,NA,NA,NA,NA,NA,CLEAR,1,0,0,0,0,TREND_REVERSAL_UNCONFIRMED,0,0.45,SHORT,1,0,0,0
NEARUSDT,1776762000000,2026-04-21T09:00:00.000Z,BULL,SHORT,12.847222222222221,12.54296875,IGNORE,0,WATCH,,0,0,0,NA,NA,NA,NA,NA,CLEAR,1,0,0,0,0,TREND_REVERSAL_UNCONFIRMED,1,0.45,SHORT,1,0,0,0
NEARUSDT,1776765600000,2026-04-21T10:00:00.000Z,BULL,SHORT,17.173799426498544,12.88368670483676,IGNORE,0,WATCH,,0,0,0,NA,NA,NA,NA,NA,CLEAR,1,0,0,0,0,TREND_REVERSAL_UNCONFIRMED,1,0.45,SHORT,1,0,0,0
NEARUSDT,1776769200000,2026-04-21T11:00:00.000Z,BULL,SHORT,14.191142439748015,12.648802467130157,IGNORE,0,WATCH,,0,0,0,NA,NA,NA,NA,NA,CLEAR,1,0,0,0,0,TREND_REVERSAL_UNCONFIRMED,1,0.45,SHORT,1,0,0,0
NEARUSDT,1776772800000,2026-04-21T12:00:00.000Z,NEUTRAL,NONE,0,7.875,IGNORE,0,WATCH,,0,0,0,NA,NA,NA,NA,NA,WARNING_HARD,1,0,0,0,0,TREND_REVERSAL_UNCONFIRMED,0,0.45,NONE,1,0,0,0
NEARUSDT,1776776400000,2026-04-21T13:00:00.000Z,NEUTRAL,NONE,0,7.875,IGNORE,0,WATCH,,0,0,0,NA,NA,NA,NA,NA,WARNING_SOFT,1,0,0,0,0,TREND_REVERSAL_UNCONFIRMED,0,0.45,NONE,1,0,0,0
NEARUSDT,1776780000000,2026-04-21T14:00:00.000Z,NEUTRAL,NONE,0,7.875,IGNORE,0,WATCH,,0,0,0,NA,NA,NA,NA,NA,WARNING_SOFT,1,0,0,0,0,TREND_REVERSAL_UNCONFIRMED,0,0.45,NONE,1,0,0,0
NEARUSDT,1776783600000,2026-04-21T15:00:00.000Z,BULL,SHORT,22.67810194189748,13.317150527924426,IGNORE,0,WATCH,,0,0,0,NA,NA,NA,NA,NA,BLOCK,0,0,0,0,0,TREND_REVERSAL_UNCONFIRMED,1,0.45,SHORT,1,0,0,0
NEARUSDT,1776787200000,2026-04-21T16:00:00.000Z,BULL,SHORT,13.443020396646677,12.589887856235926,IGNORE,0,WATCH,,0,0,0,NA,NA,NA,NA,NA,BLOCK,0,0,0,0,0,TREND_REVERSAL_UNCONFIRMED,1,0.45,SHORT,1,0,0,0
NEARUSDT,1776790800000,2026-04-21T17:00:00.000Z,NEUTRAL,NONE,0,7.875,IGNORE,0,WATCH,,0,0,0,NA,NA,NA,NA,NA,BLOCK,0,0,0,0,0,TREND_REVERSAL_UNCONFIRMED,0,0.45,NONE,1,0,0,0
NEARUSDT,1776794400000,2026-04-21T18:00:00.000Z,NEUTRAL,NONE,0,7.875,IGNORE,0,WATCH,,0,0,0,NA,NA,NA,NA,NA,WARNING_SOFT,1,0,0,0,0,TREND_REVERSAL_UNCONFIRMED,0,0.45,NONE,1,0,0,0
NEARUSDT,1776798000000,2026-04-21T19:00:00.000Z,NEUTRAL,NONE,0,7.875,IGNORE,0,WATCH,,0,0,0,NA,NA,NA,NA,NA,WARNING_SOFT,1,0,0,0,0,TREND_REVERSAL_UNCONFIRMED,0,0.45,NONE,1,0,0,0
NEARUSDT,1776801600000,2026-04-21T20:00:00.000Z,BULL,SHORT,14.5682894208284,12.678502791890237,IGNORE,0,WATCH,,0,0,0,NA,NA,NA,NA,NA,BLOCK,0,0,0,0,0,TREND_REVERSAL_UNCONFIRMED,1,0.45,SHORT,1,0,0,0
NEARUSDT,1776805200000,2026-04-21T21:00:00.000Z,BULL,SHORT,0,7.875,IGNORE,0,WATCH,,0,0,0,NA,NA,NA,NA,NA,WARNING_SOFT,1,0,0,0,0,TREND_REVERSAL_UNCONFIRMED,0,0.45,SHORT,1,0,0,0
NEARUSDT,1776808800000,2026-04-21T22:00:00.000Z,BULL,SHORT,0,7.875,IGNORE,0,WATCH,,0,0,0,NA,NA,NA,NA,NA,WARNING_SOFT,1,0,0,0,0,TREND_REVERSAL_UNCONFIRMED,0,0.45,SHORT,1,0,0,0
NEARUSDT,1776812400000,2026-04-21T23:00:00.000Z,BULL,SHORT,0,7.875,IGNORE,0,WATCH,,0,0,0,NA,NA,NA,NA,NA,CLEAR,1,0,0,0,0,TREND_REVERSAL_UNCONFIRMED,0,0.45,SHORT,1,0,0,0
NEARUSDT,1776816000000,2026-04-22T00:00:00.000Z,BULL,SHORT,0,7.875,IGNORE,0,WATCH,,0,0,0,NA,NA,NA,NA,NA,CLEAR,1,0,0,0,0,TREND_REVERSAL_UNCONFIRMED,0,0.45,SHORT,1,0,0,0
NEARUSDT,1776819600000,2026-04-22T01:00:00.000Z,BULL,SHORT,0,7.875,IGNORE,0,WATCH,,0,0,0,NA,NA,NA,NA,NA,CLEAR,1,0,0,0,0,TREND_REVERSAL_UNCONFIRMED,0,0.45,SHORT,1,0,0,0
NEARUSDT,1776823200000,2026-04-22T02:00:00.000Z,BULL,SHORT,18.076763734736765,12.954795144110522,IGNORE,0,WATCH,,0,0,0,NA,NA,NA,NA,NA,CLEAR,1,0,0,0,0,TREND_REVERSAL_UNCONFIRMED,1,0.45,SHORT,1,0,0,0
NEARUSDT,1776826800000,2026-04-22T03:00:00.000Z,BULL,SHORT,37.84722222222222,18.16796875,IGNORE,0,WATCH,,0,0,0,NA,NA,NA,NA,NA,CLEAR,1,0,0,0,0,TREND_REVERSAL_UNCONFIRMED,2,0.45,SHORT,1,0,0,0
NEARUSDT,1776830400000,2026-04-22T04:00:00.000Z,BULL,SHORT,0,7.875,IGNORE,0,WATCH,,0,0,0,NA,NA,NA,NA,NA,CLEAR,1,0,0,0,0,TREND_REVERSAL_UNCONFIRMED,0,0.45,SHORT,1,0,0,0
NEARUSDT,1776834000000,2026-04-22T05:00:00.000Z,BULL,SHORT,19.166059880511373,13.040577215590272,IGNORE,0,WATCH,,0,0,0,NA,NA,NA,NA,NA,CLEAR,1,0,0,0,0,TREND_REVERSAL_UNCONFIRMED,1,0.45,SHORT,1,0,0,0
NEARUSDT,1776837600000,2026-04-22T06:00:00.000Z,BULL,SHORT,0,7.875,IGNORE,0,WATCH,,0,0,0,NA,NA,NA,NA,NA,CLEAR,1,0,0,0,0,TREND_REVERSAL_UNCONFIRMED,0,0.45,SHORT,1,0,0,0
NEARUSDT,1776841200000,2026-04-22T07:00:00.000Z,BULL,SHORT,0,7.875,IGNORE,0,WATCH,,0,0,0,NA,NA,NA,NA,NA,CLEAR,1,0,0,0,0,TREND_REVERSAL_UNCONFIRMED,0,0.45,SHORT,1,0,0,0
NEARUSDT,1776844800000,2026-04-22T08:00:00.000Z,BULL,SHORT,12.847222222222221,12.54296875,IGNORE,0,WATCH,,0,0,0,NA,NA,NA,NA,NA,CLEAR,1,0,0,0,0,TREND_REVERSAL_UNCONFIRMED,1,0.45,SHORT,1,0,0,0
NEARUSDT,1776848400000,2026-04-22T09:00:00.000Z,BULL,SHORT,14.583333333333332,12.6796875,IGNORE,0,WATCH,,0,0,0,NA,NA,NA,NA,NA,CLEAR,1,0,0,0,0,TREND_REVERSAL_UNCONFIRMED,1,0.45,SHORT,1,0,0,0
NEARUSDT,1776852000000,2026-04-22T10:00:00.000Z,BULL,SHORT,14.583333333333332,12.6796875,IGNORE,0,WATCH,,0,0,0,NA,NA,NA,NA,NA,CLEAR,1,0,0,0,0,TREND_REVERSAL_UNCONFIRMED,1,0.45,SHORT,1,0,0,0
NEARUSDT,1776855600000,2026-04-22T11:00:00.000Z,BULL,SHORT,39.58333333333333,18.3046875,IGNORE,0,WATCH,,0,0,0,NA,NA,NA,NA,NA,CLEAR,1,0,0,0,0,TREND_REVERSAL_UNCONFIRMED,2,0.45,SHORT,1,0,0,0
NEARUSDT,1776859200000,2026-04-22T12:00:00.000Z,BULL,SHORT,0,7.875,IGNORE,0,WATCH,,0,0,0,NA,NA,NA,NA,NA,CLEAR,1,0,0,0,0,TREND_REVERSAL_UNCONFIRMED,0,0.45,SHORT,1,0,0,0
NEARUSDT,1776862800000,2026-04-22T13:00:00.000Z,BULL,SHORT,0,7.875,IGNORE,0,WATCH,,0,0,0,NA,NA,NA,NA,NA,CLEAR,1,0,0,0,0,TREND_REVERSAL_UNCONFIRMED,0,0.45,SHORT,1,0,0,0
NEARUSDT,1776866400000,2026-04-22T14:00:00.000Z,BULL,SHORT,0,7.875,IGNORE,0,WATCH,,0,0,0,NA,NA,NA,NA,NA,CLEAR,1,0,0,0,0,TREND_REVERSAL_UNCONFIRMED,0,0.45,SHORT,1,0,0,0
NEARUSDT,1776870000000,2026-04-22T15:00:00.000Z,BULL,SHORT,0,7.875,IGNORE,0,WATCH,,0,0,0,NA,NA,NA,NA,NA,CLEAR,1,0,0,0,0,TREND_REVERSAL_UNCONFIRMED,0,0.45,SHORT,1,0,0,0
NEARUSDT,1776873600000,2026-04-22T16:00:00.000Z,BULL,SHORT,0,7.875,IGNORE,0,WATCH,,0,0,0,NA,NA,NA,NA,NA,WARNING_SOFT,1,0,0,0,0,TREND_REVERSAL_UNCONFIRMED,0,0.45,SHORT,1,0,0,0
NEARUSDT,1776877200000,2026-04-22T17:00:00.000Z,BULL,SHORT,0,7.875,IGNORE,0,WATCH,,0,0,0,NA,NA,NA,NA,NA,WARNING_SOFT,1,0,0,0,0,TREND_REVERSAL_UNCONFIRMED,0,0.45,SHORT,1,0,0,0
NEARUSDT,1776880800000,2026-04-22T18:00:00.000Z,BULL,SHORT,0,7.875,IGNORE,0,WATCH,,0,0,0,NA,NA,NA,NA,NA,CLEAR,1,0,0,0,0,TREND_REVERSAL_UNCONFIRMED,0,0.45,SHORT,1,0,0,0
NEARUSDT,1776884400000,2026-04-22T19:00:00.000Z,BULL,SHORT,12.967366641468761,12.552430123015665,IGNORE,0,WATCH,,0,0,0,NA,NA,NA,NA,NA,WARNING_SOFT,1,0,0,0,0,TREND_REVERSAL_UNCONFIRMED,1,0.45,SHORT,1,0,0,0
NEARUSDT,1776888000000,2026-04-22T20:00:00.000Z,NEUTRAL,NONE,0,7.875,IGNORE,0,WATCH,,0,0,0,NA,NA,NA,NA,NA,WARNING_SOFT,1,0,0,0,0,TREND_REVERSAL_UNCONFIRMED,0,0.45,NONE,1,0,0,0
NEARUSDT,1776891600000,2026-04-22T21:00:00.000Z,BULL,SHORT,0,7.875,IGNORE,0,WATCH,,0,0,0,NA,NA,NA,NA,NA,WARNING_SOFT,1,0,0,0,0,TREND_REVERSAL_UNCONFIRMED,0,0.45,SHORT,1,0,0,0
NEARUSDT,1776895200000,2026-04-22T22:00:00.000Z,NEUTRAL,NONE,0,7.875,IGNORE,0,WATCH,,0,0,0,NA,NA,NA,NA,NA,WARNING_SOFT,1,0,0,0,0,TREND_REVERSAL_UNCONFIRMED,0,0.45,NONE,1,0,0,0
NEARUSDT,1776898800000,2026-04-22T23:00:00.000Z,NEUTRAL,NONE,0,7.875,IGNORE,0,WATCH,,0,0,0,NA,NA,NA,NA,NA,WARNING_SOFT,1,0,0,0,0,TREND_REVERSAL_UNCONFIRMED,0,0.45,NONE,1,0,0,0
NEARUSDT,1776902400000,2026-04-23T00:00:00.000Z,NEUTRAL,NONE,0,7.875,IGNORE,0,WATCH,,0,0,0,NA,NA,NA,NA,NA,BLOCK,0,0,0,0,0,TREND_REVERSAL_UNCONFIRMED,0,0.45,NONE,1,0,0,0
NEARUSDT,1776906000000,2026-04-23T01:00:00.000Z,NEUTRAL,NONE,0,7.875,IGNORE,0,WATCH,,0,0,0,NA,NA,NA,NA,NA,BLOCK,0,0,0,0,0,TREND_REVERSAL_UNCONFIRMED,0,0.45,NONE,1,0,0,0
NEARUSDT,1776909600000,2026-04-23T02:00:00.000Z,NEUTRAL,NONE,0,7.875,IGNORE,0,WATCH,,0,0,0,NA,NA,NA,NA,NA,BLOCK,0,0,0,0,0,TREND_REVERSAL_UNCONFIRMED,0,0.45,NONE,1,0,0,0
NEARUSDT,1776913200000,2026-04-23T03:00:00.000Z,NEUTRAL,NONE,0,7.875,IGNORE,0,WATCH,,0,0,0,NA,NA,NA,NA,NA,WARNING_SOFT,1,0,0,0,0,TREND_REVERSAL_UNCONFIRMED,0,0.45,NONE,1,0,0,0
NEARUSDT,1776916800000,2026-04-23T04:00:00.000Z,NEUTRAL,NONE,0,7.875,IGNORE,0,WATCH,,0,0,0,NA,NA,NA,NA,NA,WARNING_SOFT,1,0,0,0,0,TREND_REVERSAL_UNCONFIRMED,0,0.45,NONE,1,0,0,0
NEARUSDT,1776920400000,2026-04-23T05:00:00.000Z,NEUTRAL,NONE,0,7.875,IGNORE,0,WATCH,,0,0,0,NA,NA,NA,NA,NA,WARNING_SOFT,1,0,0,0,0,TREND_REVERSAL_UNCONFIRMED,0,0.45,NONE,1,0,0,0
NEARUSDT,1776924000000,2026-04-23T06:00:00.000Z,NEUTRAL,NONE,0,7.875,IGNORE,0,WATCH,,0,0,0,NA,NA,NA,NA,NA,WARNING_SOFT,1,0,0,0,0,TREND_REVERSAL_UNCONFIRMED,0,0.45,NONE,1,0,0,0
NEARUSDT,1776927600000,2026-04-23T07:00:00.000Z,NEUTRAL,NONE,0,7.875,IGNORE,0,WATCH,,0,0,0,NA,NA,NA,NA,NA,WARNING_SOFT,1,0,0,0,0,TREND_REVERSAL_UNCONFIRMED,0,0.45,NONE,1,0,0,0
NEARUSDT,1776931200000,2026-04-23T08:00:00.000Z,NEUTRAL,NONE,0,7.875,IGNORE,0,WATCH,,0,0,0,NA,NA,NA,NA,NA,WARNING_SOFT,1,0,0,0,0,TREND_REVERSAL_UNCONFIRMED,0,0.45,NONE,1,0,0,0
NEARUSDT,1776934800000,2026-04-23T09:00:00.000Z,NEUTRAL,NONE,0,7.875,IGNORE,0,WATCH,,0,0,0,NA,NA,NA,NA,NA,WARNING_SOFT,1,0,0,0,0,TREND_REVERSAL_UNCONFIRMED,0,0.45,NONE,1,0,0,0
NEARUSDT,1776938400000,2026-04-23T10:00:00.000Z,NEUTRAL,NONE,0,7.875,IGNORE,0,WATCH,,0,0,0,NA,NA,NA,NA,NA,WARNING_SOFT,1,0,0,0,0,TREND_REVERSAL_UNCONFIRMED,0,0.45,NONE,1,0,0,0
NEARUSDT,1776942000000,2026-04-23T11:00:00.000Z,NEUTRAL,NONE,0,7.875,IGNORE,0,WATCH,,0,0,0,NA,NA,NA,NA,NA,WARNING_SOFT,1,0,0,0,0,TREND_REVERSAL_UNCONFIRMED,0,0.45,NONE,1,0,0,0
NEARUSDT,1776945600000,2026-04-23T12:00:00.000Z,NEUTRAL,NONE,0,7.875,IGNORE,0,WATCH,,0,0,0,NA,NA,NA,NA,NA,WARNING_SOFT,1,0,0,0,0,TREND_REVERSAL_UNCONFIRMED,0,0.45,NONE,1,0,0,0
NEARUSDT,1776949200000,2026-04-23T13:00:00.000Z,NEUTRAL,NONE,0,7.875,IGNORE,0,WATCH,,0,0,0,NA,NA,NA,NA,NA,WARNING_SOFT,1,0,0,0,0,TREND_REVERSAL_UNCONFIRMED,0,0.45,NONE,1,0,0,0
NEARUSDT,1776952800000,2026-04-23T14:00:00.000Z,BULL,SHORT,14.725490827843526,12.690882402692678,IGNORE,0,WATCH,,0,0,0,NA,NA,NA,NA,NA,CLEAR,1,0,0,0,0,TREND_REVERSAL_UNCONFIRMED,1,0.45,SHORT,1,0,0,0
NEARUSDT,1776956400000,2026-04-23T15:00:00.000Z,BULL,SHORT,12.66192407944288,12.528376521256128,IGNORE,0,WATCH,,0,0,0,NA,NA,NA,NA,NA,CLEAR,1,0,0,0,0,TREND_REVERSAL_UNCONFIRMED,1,0.45,SHORT,1,0,0,0
NEARUSDT,1776960000000,2026-04-23T16:00:00.000Z,BULL,SHORT,50,19.125,IGNORE,0,WATCH,,0,0,0,NA,NA,NA,NA,NA,CLEAR,1,0,0,0,0,TREND_REVERSAL_UNCONFIRMED,2,0.45,SHORT,1,0,0,0
NEARUSDT,1776963600000,2026-04-23T17:00:00.000Z,NEUTRAL,NONE,0,7.875,IGNORE,0,WATCH,,0,0,0,NA,NA,NA,NA,NA,BLOCK,0,0,0,0,0,TREND_REVERSAL_UNCONFIRMED,0,0.45,NONE,1,0,0,0
NEARUSDT,1776967200000,2026-04-23T18:00:00.000Z,NEUTRAL,NONE,0,7.875,IGNORE,0,WATCH,,0,0,0,NA,NA,NA,NA,NA,WARNING_SOFT,1,0,0,0,0,TREND_REVERSAL_UNCONFIRMED,0,0.45,NONE,1,0,0,0
NEARUSDT,1776970800000,2026-04-23T19:00:00.000Z,NEUTRAL,NONE,0,7.875,IGNORE,0,WATCH,,0,0,0,NA,NA,NA,NA,NA,WARNING_SOFT,1,0,0,0,0,TREND_REVERSAL_UNCONFIRMED,0,0.45,NONE,1,0,0,0
NEARUSDT,1776974400000,2026-04-23T20:00:00.000Z,BULL,SHORT,17.5,12.909375,IGNORE,0,WATCH,,0,0,0,NA,NA,NA,NA,NA,WARNING_SOFT,1,0,0,0,0,TREND_REVERSAL_UNCONFIRMED,1,0.45,SHORT,1,0,0,0
NEARUSDT,1776978000000,2026-04-23T21:00:00.000Z,BULL,SHORT,17.5,12.909375,IGNORE,0,WATCH,,0,0,0,NA,NA,NA,NA,NA,WARNING_SOFT,1,0,0,0,0,TREND_REVERSAL_UNCONFIRMED,1,0.45,SHORT,1,0,0,0
NEARUSDT,1776981600000,2026-04-23T22:00:00.000Z,BULL,SHORT,17.5,12.909375,IGNORE,0,WATCH,,0,0,0,NA,NA,NA,NA,NA,CLEAR,1,0,0,0,0,TREND_REVERSAL_UNCONFIRMED,1,0.45,SHORT,1,0,0,0
NEARUSDT,1776985200000,2026-04-23T23:00:00.000Z,BULL,SHORT,17.5,12.909375,IGNORE,0,WATCH,,0,0,0,NA,NA,NA,NA,NA,CLEAR,1,0,0,0,0,TREND_REVERSAL_UNCONFIRMED,1,0.45,SHORT,1,0,0,0
NEARUSDT,1776988800000,2026-04-24T00:00:00.000Z,BULL,SHORT,17.5,12.909375,IGNORE,0,WATCH,,0,0,0,NA,NA,NA,NA,NA,CLEAR,1,0,0,0,0,TREND_REVERSAL_UNCONFIRMED,1,0.45,SHORT,1,0,0,0
NEARUSDT,1776992400000,2026-04-24T01:00:00.000Z,BULL,SHORT,17.5,12.909375,IGNORE,0,WATCH,,0,0,0,NA,NA,NA,NA,NA,CLEAR,1,0,0,0,0,TREND_REVERSAL_UNCONFIRMED,1,0.45,SHORT,1,0,0,0
NEARUSDT,1776996000000,2026-04-24T02:00:00.000Z,BULL,SHORT,42.5,18.534375,IGNORE,0,WATCH,,0,0,0,NA,NA,NA,NA,NA,CLEAR,1,0,0,0,0,TREND_REVERSAL_UNCONFIRMED,2,0.45,SHORT,1,0,0,0
NEARUSDT,1776999600000,2026-04-24T03:00:00.000Z,BULL,SHORT,17.5,12.909375,IGNORE,0,WATCH,,0,0,0,NA,NA,NA,NA,NA,WARNING_SOFT,1,0,0,0,0,TREND_REVERSAL_UNCONFIRMED,1,0.45,SHORT,1,0,0,0
NEARUSDT,1777003200000,2026-04-24T04:00:00.000Z,BULL,SHORT,17.5,12.909375,IGNORE,0,WATCH,,0,0,0,NA,NA,NA,NA,NA,WARNING_SOFT,1,0,0,0,0,TREND_REVERSAL_UNCONFIRMED,1,0.45,SHORT,1,0,0,0
NEARUSDT,1777006800000,2026-04-24T05:00:00.000Z,BULL,SHORT,17.5,12.909375,IGNORE,0,WATCH,,0,0,0,NA,NA,NA,NA,NA,WARNING_SOFT,1,0,0,0,0,TREND_REVERSAL_UNCONFIRMED,1,0.45,SHORT,1,0,0,0
NEARUSDT,1777010400000,2026-04-24T06:00:00.000Z,BULL,SHORT,17.5,12.909375,IGNORE,0,WATCH,,0,0,0,NA,NA,NA,NA,NA,WARNING_SOFT,1,0,0,0,0,TREND_REVERSAL_UNCONFIRMED,1,0.45,SHORT,1,0,0,0
NEARUSDT,1777014000000,2026-04-24T07:00:00.000Z,BULL,SHORT,42.5,18.534375,IGNORE,0,WATCH,,0,0,0,NA,NA,NA,NA,NA,WARNING_SOFT,1,0,0,0,0,TREND_REVERSAL_UNCONFIRMED,2,0.45,SHORT,1,0,0,0
NEARUSDT,1777017600000,2026-04-24T08:00:00.000Z,BULL,SHORT,17.5,12.909375,IGNORE,0,WATCH,,0,0,0,NA,NA,NA,NA,NA,WARNING_HARD,1,0,0,0,0,TREND_REVERSAL_UNCONFIRMED,1,0.45,SHORT,1,0,0,0
NEARUSDT,1777021200000,2026-04-24T09:00:00.000Z,BULL,SHORT,0,7.875,IGNORE,0,WATCH,,0,0,0,NA,NA,NA,NA,NA,WARNING_HARD,1,0,0,0,0,TREND_REVERSAL_UNCONFIRMED,0,0.45,SHORT,1,0,0,0
NEARUSDT,1777024800000,2026-04-24T10:00:00.000Z,BULL,SHORT,0,7.875,IGNORE,0,WATCH,,0,0,0,NA,NA,NA,NA,NA,WARNING_SOFT,1,0,0,0,0,TREND_REVERSAL_UNCONFIRMED,0,0.45,SHORT,1,0,0,0
NEARUSDT,1777028400000,2026-04-24T11:00:00.000Z,BULL,SHORT,13.319300748037914,12.580144933907986,IGNORE,0,WATCH,,0,0,0,NA,NA,NA,NA,NA,CLEAR,1,0,0,0,0,TREND_REVERSAL_UNCONFIRMED,1,0.45,SHORT,1,0,0,0
NEARUSDT,1777032000000,2026-04-24T12:00:00.000Z,BULL,SHORT,25,13.5,IGNORE,0,WATCH,,0,0,0,NA,NA,NA,NA,NA,CLEAR,1,0,0,0,0,TREND_REVERSAL_UNCONFIRMED,1,0.45,SHORT,1,0,0,0
NEARUSDT,1777035600000,2026-04-24T13:00:00.000Z,BULL,SHORT,0,7.875,IGNORE,0,WATCH,,0,0,0,NA,NA,NA,NA,NA,CLEAR,1,0,0,0,0,TREND_REVERSAL_UNCONFIRMED,0,0.45,SHORT,1,0,0,0
NEARUSDT,1777039200000,2026-04-24T14:00:00.000Z,BULL,SHORT,0,7.875,IGNORE,0,WATCH,,0,0,0,NA,NA,NA,NA,NA,WARNING_SOFT,1,0,0,0,0,TREND_REVERSAL_UNCONFIRMED,0,0.45,SHORT,1,0,0,0
NEARUSDT,1777042800000,2026-04-24T15:00:00.000Z,BULL,SHORT,13.020106580342569,12.556583393201977,IGNORE,0,WATCH,,0,0,0,NA,NA,NA,NA,NA,CLEAR,1,0,0,0,0,TREND_REVERSAL_UNCONFIRMED,1,0.45,SHORT,1,0,0,0
NEARUSDT,1777046400000,2026-04-24T16:00:00.000Z,BULL,SHORT,25,13.5,IGNORE,0,WATCH,,0,0,0,NA,NA,NA,NA,NA,WARNING_HARD,1,0,0,0,0,TREND_REVERSAL_UNCONFIRMED,1,0.45,SHORT,1,0,0,0
NEARUSDT,1777050000000,2026-04-24T17:00:00.000Z,BULL,SHORT,13.657456147848206,12.606774671643047,IGNORE,0,WATCH,,0,0,0,NA,NA,NA,NA,NA,WARNING_SOFT,1,0,0,0,0,TREND_REVERSAL_UNCONFIRMED,1,0.45,SHORT,1,0,0,0
NEARUSDT,1777053600000,2026-04-24T18:00:00.000Z,NEUTRAL,NONE,0,7.875,IGNORE,0,WATCH,,0,0,0,NA,NA,NA,NA,NA,WARNING_SOFT,1,0,0,0,0,TREND_REVERSAL_UNCONFIRMED,0,0.45,NONE,1,0,0,0
NEARUSDT,1777057200000,2026-04-24T19:00:00.000Z,BULL,SHORT,0,7.875,IGNORE,0,WATCH,,0,0,0,NA,NA,NA,NA,NA,WARNING_SOFT,1,0,0,0,0,TREND_REVERSAL_UNCONFIRMED,0,0.45,SHORT,1,0,0,0
NEARUSDT,1777060800000,2026-04-24T20:00:00.000Z,BULL,SHORT,0,7.875,IGNORE,0,WATCH,,0,0,0,NA,NA,NA,NA,NA,WARNING_SOFT,1,0,0,0,0,TREND_REVERSAL_UNCONFIRMED,0,0.45,SHORT,1,0,0,0
NEARUSDT,1777064400000,2026-04-24T21:00:00.000Z,NEUTRAL,NONE,0,7.875,IGNORE,0,WATCH,,0,0,0,NA,NA,NA,NA,NA,WARNING_SOFT,1,0,0,0,0,TREND_REVERSAL_UNCONFIRMED,0,0.45,NONE,1,0,0,0
NEARUSDT,1777068000000,2026-04-24T22:00:00.000Z,NEUTRAL,NONE,0,7.875,IGNORE,0,WATCH,,0,0,0,NA,NA,NA,NA,NA,WARNING_SOFT,1,0,0,0,0,TREND_REVERSAL_UNCONFIRMED,0,0.45,NONE,1,0,0,0
NEARUSDT,1777071600000,2026-04-24T23:00:00.000Z,NEUTRAL,NONE,0,7.875,IGNORE,0,WATCH,,0,0,0,NA,NA,NA,NA,NA,WARNING_SOFT,1,0,0,0,0,TREND_REVERSAL_UNCONFIRMED,0,0.45,NONE,1,0,0,0
NEARUSDT,1777075200000,2026-04-25T00:00:00.000Z,NEUTRAL,NONE,0,7.875,IGNORE,0,WATCH,,0,0,0,NA,NA,NA,NA,NA,WARNING_SOFT,1,0,0,0,0,TREND_REVERSAL_UNCONFIRMED,0,0.45,NONE,1,0,0,0
NEARUSDT,1777078800000,2026-04-25T01:00:00.000Z,NEUTRAL,NONE,0,7.875,IGNORE,0,WATCH,,0,0,0,NA,NA,NA,NA,NA,WARNING_SOFT,1,0,0,0,0,TREND_REVERSAL_UNCONFIRMED,0,0.45,NONE,1,0,0,0
NEARUSDT,1777082400000,2026-04-25T02:00:00.000Z,NEUTRAL,NONE,0,7.875,IGNORE,0,WATCH,,0,0,0,NA,NA,NA,NA,NA,WARNING_SOFT,1,0,0,0,0,TREND_REVERSAL_UNCONFIRMED,0,0.45,NONE,1,0,0,0
NEARUSDT,1777086000000,2026-04-25T03:00:00.000Z,BULL,SHORT,17.5,12.909375,IGNORE,0,WATCH,,0,0,0,NA,NA,NA,NA,NA,WARNING_SOFT,1,0,0,0,0,TREND_REVERSAL_UNCONFIRMED,1,0.45,SHORT,1,0,0,0
NEARUSDT,1777089600000,2026-04-25T04:00:00.000Z,BULL,SHORT,17.5,12.909375,IGNORE,0,WATCH,,0,0,0,NA,NA,NA,NA,NA,WARNING_SOFT,1,0,0,0,0,TREND_REVERSAL_UNCONFIRMED,1,0.45,SHORT,1,0,0,0
NEARUSDT,1777093200000,2026-04-25T05:00:00.000Z,BULL,SHORT,17.5,12.909375,IGNORE,0,WATCH,,0,0,0,NA,NA,NA,NA,NA,WARNING_SOFT,1,0,0,0,0,TREND_REVERSAL_UNCONFIRMED,1,0.45,SHORT,1,0,0,0
NEARUSDT,1777096800000,2026-04-25T06:00:00.000Z,BULL,SHORT,17.5,12.909375,IGNORE,0,WATCH,,0,0,0,NA,NA,NA,NA,NA,WARNING_SOFT,1,0,0,0,0,TREND_REVERSAL_UNCONFIRMED,1,0.45,SHORT,1,0,0,0
NEARUSDT,1777100400000,2026-04-25T07:00:00.000Z,BULL,SHORT,17.5,12.909375,IGNORE,0,WATCH,,0,0,0,NA,NA,NA,NA,NA,WARNING_SOFT,1,0,0,0,0,TREND_REVERSAL_UNCONFIRMED,1,0.45,SHORT,1,0,0,0
NEARUSDT,1777104000000,2026-04-25T08:00:00.000Z,BULL,SHORT,17.5,12.909375,IGNORE,0,WATCH,,0,0,0,NA,NA,NA,NA,NA,CLEAR,1,0,0,0,0,TREND_REVERSAL_UNCONFIRMED,1,0.45,SHORT,1,0,0,0
NEARUSDT,1777107600000,2026-04-25T09:00:00.000Z,BULL,SHORT,0,7.875,IGNORE,0,WATCH,,0,0,0,NA,NA,NA,NA,NA,CLEAR,1,0,0,0,0,TREND_REVERSAL_UNCONFIRMED,0,0.45,SHORT,1,0,0,0
NEARUSDT,1777111200000,2026-04-25T10:00:00.000Z,NEUTRAL,NONE,0,7.875,IGNORE,0,WATCH,,0,0,0,NA,NA,NA,NA,NA,WARNING_SOFT,1,0,0,0,0,TREND_REVERSAL_UNCONFIRMED,0,0.45,NONE,1,0,0,0
NEARUSDT,1777114800000,2026-04-25T11:00:00.000Z,NEUTRAL,NONE,0,7.875,IGNORE,0,WATCH,,0,0,0,NA,NA,NA,NA,NA,BLOCK,0,0,0,0,0,TREND_REVERSAL_UNCONFIRMED,0,0.45,NONE,1,0,0,0
NEARUSDT,1777118400000,2026-04-25T12:00:00.000Z,NEUTRAL,NONE,0,7.875,IGNORE,0,WATCH,,0,0,0,NA,NA,NA,NA,NA,BLOCK,0,0,0,0,0,TREND_REVERSAL_UNCONFIRMED,0,0.45,NONE,1,0,0,0
NEARUSDT,1777122000000,2026-04-25T13:00:00.000Z,NEUTRAL,NONE,0,7.875,IGNORE,0,WATCH,,0,0,0,NA,NA,NA,NA,NA,WARNING_SOFT,1,0,0,0,0,TREND_REVERSAL_UNCONFIRMED,0,0.45,NONE,1,0,0,0
NEARUSDT,1777125600000,2026-04-25T14:00:00.000Z,NEUTRAL,NONE,0,7.875,IGNORE,0,WATCH,,0,0,0,NA,NA,NA,NA,NA,WARNING_SOFT,1,0,0,0,0,TREND_REVERSAL_UNCONFIRMED,0,0.45,NONE,1,0,0,0
NEARUSDT,1777129200000,2026-04-25T15:00:00.000Z,NEUTRAL,NONE,0,7.875,IGNORE,0,WATCH,,0,0,0,NA,NA,NA,NA,NA,WARNING_SOFT,1,0,0,0,0,TREND_REVERSAL_UNCONFIRMED,0,0.45,NONE,1,0,0,0
NEARUSDT,1777132800000,2026-04-25T16:00:00.000Z,NEUTRAL,NONE,0,7.875,IGNORE,0,WATCH,,0,0,0,NA,NA,NA,NA,NA,WARNING_SOFT,1,0,0,0,0,TREND_REVERSAL_UNCONFIRMED,0,0.45,NONE,1,0,0,0
NEARUSDT,1777136400000,2026-04-25T17:00:00.000Z,BEAR,LONG,0,7.875,IGNORE,0,WATCH,,0,0,0,NA,NA,NA,NA,NA,CLEAR,1,0,0,0,0,TREND_REVERSAL_UNCONFIRMED,0,0.45,LONG,1,0,0,0
NEARUSDT,1777140000000,2026-04-25T18:00:00.000Z,BEAR,LONG,0,7.875,IGNORE,0,WATCH,,0,0,0,NA,NA,NA,NA,NA,CLEAR,1,0,0,0,0,TREND_REVERSAL_UNCONFIRMED,0,0.45,LONG,1,0,0,0
NEARUSDT,1777143600000,2026-04-25T19:00:00.000Z,BEAR,LONG,37.84722222222222,18.16796875,IGNORE,0,WATCH,,0,0,0,NA,NA,NA,NA,NA,CLEAR,1,0,0,0,0,TREND_REVERSAL_UNCONFIRMED,2,0.45,LONG,1,0,0,0
NEARUSDT,1777147200000,2026-04-25T20:00:00.000Z,BEAR,LONG,0,7.875,IGNORE,0,WATCH,,0,0,0,NA,NA,NA,NA,NA,CLEAR,1,0,0,0,0,TREND_REVERSAL_UNCONFIRMED,0,0.45,LONG,1,0,0,0
NEARUSDT,1777150800000,2026-04-25T21:00:00.000Z,BEAR,LONG,15.196089686797514,12.727942062835305,IGNORE,0,WATCH,,0,0,0,NA,NA,NA,NA,NA,CLEAR,1,0,0,0,0,TREND_REVERSAL_UNCONFIRMED,1,0.45,LONG,1,0,0,0
NEARUSDT,1777154400000,2026-04-25T22:00:00.000Z,BEAR,LONG,0,7.875,IGNORE,0,WATCH,,0,0,0,NA,NA,NA,NA,NA,WARNING_SOFT,1,0,0,0,0,TREND_REVERSAL_UNCONFIRMED,0,0.45,LONG,1,0,0,0
NEARUSDT,1777158000000,2026-04-25T23:00:00.000Z,NEUTRAL,NONE,0,7.875,IGNORE,0,WATCH,,0,0,0,NA,NA,NA,NA,NA,CLEAR,1,0,0,0,0,TREND_REVERSAL_UNCONFIRMED,0,0.45,NONE,1,0,0,0
NEARUSDT,1777161600000,2026-04-26T00:00:00.000Z,BEAR,LONG,0,7.875,IGNORE,0,WATCH,,0,0,0,NA,NA,NA,NA,NA,WARNING_SOFT,1,0,0,0,0,TREND_REVERSAL_UNCONFIRMED,0,0.45,LONG,1,0,0,0
NEARUSDT,1777165200000,2026-04-26T01:00:00.000Z,BEAR,LONG,0,7.875,IGNORE,0,WATCH,,0,0,0,NA,NA,NA,NA,NA,CLEAR,1,0,0,0,0,TREND_REVERSAL_UNCONFIRMED,0,0.45,LONG,1,0,0,0
NEARUSDT,1777168800000,2026-04-26T02:00:00.000Z,BEAR,LONG,0,7.875,IGNORE,0,WATCH,,0,0,0,NA,NA,NA,NA,NA,CLEAR,1,0,0,0,0,TREND_REVERSAL_UNCONFIRMED,0,0.45,LONG,1,0,0,0
NEARUSDT,1777172400000,2026-04-26T03:00:00.000Z,BEAR,LONG,44.22890979916595,18.67052664668432,IGNORE,0,WATCH,,0,0,0,NA,NA,NA,NA,NA,CLEAR,1,0,0,0,0,TREND_REVERSAL_UNCONFIRMED,2,0.45,LONG,1,0,0,0
NEARUSDT,1777176000000,2026-04-26T04:00:00.000Z,NEUTRAL,NONE,0,7.875,IGNORE,0,WATCH,,0,0,0,NA,NA,NA,NA,NA,WARNING_SOFT,1,0,0,0,0,TREND_REVERSAL_UNCONFIRMED,0,0.45,NONE,1,0,0,0
NEARUSDT,1777179600000,2026-04-26T05:00:00.000Z,NEUTRAL,NONE,0,7.875,IGNORE,0,WATCH,,0,0,0,NA,NA,NA,NA,NA,CLEAR,1,0,0,0,0,TREND_REVERSAL_UNCONFIRMED,0,0.45,NONE,1,0,0,0
NEARUSDT,1777183200000,2026-04-26T06:00:00.000Z,NEUTRAL,NONE,0,7.875,IGNORE,0,WATCH,,0,0,0,NA,NA,NA,NA,NA,CLEAR,1,0,0,0,0,TREND_REVERSAL_UNCONFIRMED,0,0.45,NONE,1,0,0,0
NEARUSDT,1777186800000,2026-04-26T07:00:00.000Z,NEUTRAL,NONE,0,7.875,IGNORE,0,WATCH,,0,0,0,NA,NA,NA,NA,NA,CLEAR,1,0,0,0,0,TREND_REVERSAL_UNCONFIRMED,0,0.45,NONE,1,0,0,0
NEARUSDT,1777190400000,2026-04-26T08:00:00.000Z,NEUTRAL,NONE,0,7.875,IGNORE,0,WATCH,,0,0,0,NA,NA,NA,NA,NA,CLEAR,1,0,0,0,0,TREND_REVERSAL_UNCONFIRMED,0,0.45,NONE,1,0,0,0
NEARUSDT,1777194000000,2026-04-26T09:00:00.000Z,NEUTRAL,NONE,0,7.875,IGNORE,0,WATCH,,0,0,0,NA,NA,NA,NA,NA,CLEAR,1,0,0,0,0,TREND_REVERSAL_UNCONFIRMED,0,0.45,NONE,1,0,0,0
NEARUSDT,1777197600000,2026-04-26T10:00:00.000Z,NEUTRAL,NONE,0,7.875,IGNORE,0,WATCH,,0,0,0,NA,NA,NA,NA,NA,CLEAR,1,0,0,0,0,TREND_REVERSAL_UNCONFIRMED,0,0.45,NONE,1,0,0,0
NEARUSDT,1777201200000,2026-04-26T11:00:00.000Z,NEUTRAL,NONE,0,7.875,IGNORE,0,WATCH,,0,0,0,NA,NA,NA,NA,NA,CLEAR,1,0,0,0,0,TREND_REVERSAL_UNCONFIRMED,0,0.45,NONE,1,0,0,0
NEARUSDT,1777204800000,2026-04-26T12:00:00.000Z,BEAR,LONG,0,7.875,IGNORE,0,WATCH,,0,0,0,NA,NA,NA,NA,NA,WARNING_SOFT,1,0,0,0,0,TREND_REVERSAL_UNCONFIRMED,0,0.45,LONG,1,0,0,0
NEARUSDT,1777208400000,2026-04-26T13:00:00.000Z,BEAR,LONG,25,13.5,IGNORE,0,WATCH,,0,0,0,NA,NA,NA,NA,NA,WARNING_HARD,1,0,1,0,0,TREND_REVERSAL_UNCONFIRMED,1,0.45,LONG,1,0,0,0
NEARUSDT,1777212000000,2026-04-26T14:00:00.000Z,BEAR,LONG,37.51100567451263,18.141491696867867,IGNORE,0,WATCH,,0,0,0,NA,NA,NA,NA,NA,WARNING_HARD,1,0,0,0,0,TREND_REVERSAL_UNCONFIRMED,2,0.45,LONG,1,0,0,0
NEARUSDT,1777215600000,2026-04-26T15:00:00.000Z,BEAR,LONG,13.429244848733926,12.588803031837797,IGNORE,0,WATCH,,0,0,0,NA,NA,NA,NA,NA,WARNING_SOFT,1,0,0,0,0,TREND_REVERSAL_UNCONFIRMED,1,0.45,LONG,1,0,0,0
NEARUSDT,1777219200000,2026-04-26T16:00:00.000Z,BEAR,LONG,0,7.875,IGNORE,0,WATCH,,0,0,0,NA,NA,NA,NA,NA,WARNING_SOFT,1,0,0,0,0,TREND_REVERSAL_UNCONFIRMED,0,0.45,LONG,1,0,0,0
NEARUSDT,1777222800000,2026-04-26T17:00:00.000Z,BEAR,LONG,0,7.875,IGNORE,0,WATCH,,0,0,0,NA,NA,NA,NA,NA,WARNING_HARD,1,0,0,0,0,TREND_REVERSAL_UNCONFIRMED,0,0.45,LONG,1,0,0,0
NEARUSDT,1777226400000,2026-04-26T18:00:00.000Z,BEAR,LONG,0,7.875,IGNORE,0,WATCH,,0,0,0,NA,NA,NA,NA,NA,WARNING_HARD,1,0,0,0,0,TREND_REVERSAL_UNCONFIRMED,0,0.45,LONG,1,0,0,0
NEARUSDT,1777230000000,2026-04-26T19:00:00.000Z,BEAR,LONG,25,13.5,IGNORE,0,WATCH,,0,0,0,NA,NA,NA,NA,NA,WARNING_HARD,1,0,0,0,0,TREND_REVERSAL_UNCONFIRMED,1,0.45,LONG,1,0,0,0
NEARUSDT,1777233600000,2026-04-26T20:00:00.000Z,BEAR,LONG,0,7.875,IGNORE,0,WATCH,,0,0,0,NA,NA,NA,NA,NA,WARNING_SOFT,1,0,0,0,0,TREND_REVERSAL_UNCONFIRMED,0,0.45,LONG,1,0,0,0
NEARUSDT,1777237200000,2026-04-26T21:00:00.000Z,BEAR,LONG,25,13.5,IGNORE,0,WATCH,,0,0,0,NA,NA,NA,NA,NA,WARNING_SOFT,1,0,0,0,0,TREND_REVERSAL_UNCONFIRMED,1,0.45,LONG,1,0,0,0
NEARUSDT,1777240800000,2026-04-26T22:00:00.000Z,BEAR,LONG,24.03553473579273,13.424048360443678,IGNORE,0,WATCH,,0,0,0,NA,NA,NA,NA,NA,BLOCK,0,0,1,0,0,TREND_REVERSAL_UNCONFIRMED,1,0.45,LONG,1,0,0,0
NEARUSDT,1777244400000,2026-04-26T23:00:00.000Z,NEUTRAL,NONE,0,7.875,IGNORE,0,WATCH,,0,0,0,NA,NA,NA,NA,NA,WARNING_SOFT,1,0,0,0,0,TREND_REVERSAL_UNCONFIRMED,0,0.45,NONE,1,0,0,0
NEARUSDT,1777248000000,2026-04-27T00:00:00.000Z,NEUTRAL,NONE,0,7.875,IGNORE,0,WATCH,,0,0,0,NA,NA,NA,NA,NA,CLEAR,1,0,0,0,0,TREND_REVERSAL_UNCONFIRMED,0,0.45,NONE,1,0,0,0
NEARUSDT,1777251600000,2026-04-27T01:00:00.000Z,NEUTRAL,NONE,0,7.875,IGNORE,0,WATCH,,0,0,0,NA,NA,NA,NA,NA,CLEAR,1,0,0,0,0,TREND_REVERSAL_UNCONFIRMED,0,0.45,NONE,1,0,0,0
NEARUSDT,1777255200000,2026-04-27T02:00:00.000Z,NEUTRAL,NONE,0,7.875,IGNORE,0,WATCH,,0,0,0,NA,NA,NA,NA,NA,CLEAR,1,0,0,0,0,TREND_REVERSAL_UNCONFIRMED,0,0.45,NONE,1,0,0,0
NEARUSDT,1777258800000,2026-04-27T03:00:00.000Z,NEUTRAL,NONE,0,7.875,IGNORE,0,WATCH,,0,0,0,NA,NA,NA,NA,NA,CLEAR,1,0,0,0,0,TREND_REVERSAL_UNCONFIRMED,0,0.45,NONE,1,0,0,0
NEARUSDT,1777262400000,2026-04-27T04:00:00.000Z,BEAR,LONG,16.53828579615196,12.833640006446966,IGNORE,0,WATCH,,0,0,0,NA,NA,NA,NA,NA,BLOCK,0,0,0,0,0,TREND_REVERSAL_UNCONFIRMED,1,0.45,LONG,1,0,0,0
NEARUSDT,1777266000000,2026-04-27T05:00:00.000Z,BEAR,LONG,25,13.5,IGNORE,0,WATCH,,0,0,0,NA,NA,NA,NA,NA,CLEAR,1,0,0,0,0,TREND_REVERSAL_UNCONFIRMED,1,0.45,LONG,1,0,0,0
NEARUSDT,1777269600000,2026-04-27T06:00:00.000Z,BEAR,LONG,24.921410182239484,13.493811051851358,IGNORE,0,WATCH,,0,0,0,NA,NA,NA,NA,NA,CLEAR,1,0,0,0,0,TREND_REVERSAL_UNCONFIRMED,1,0.45,LONG,1,0,0,0
NEARUSDT,1777273200000,2026-04-27T07:00:00.000Z,BEAR,LONG,0,7.875,IGNORE,0,WATCH,,0,0,0,NA,NA,NA,NA,NA,CLEAR,1,0,0,0,0,TREND_REVERSAL_UNCONFIRMED,0,0.45,LONG,1,0,0,0
NEARUSDT,1777276800000,2026-04-27T08:00:00.000Z,BEAR,LONG,0,7.875,IGNORE,0,WATCH,,0,0,0,NA,NA,NA,NA,NA,CLEAR,1,0,0,0,0,TREND_REVERSAL_UNCONFIRMED,0,0.45,LONG,1,0,0,0
NEARUSDT,1777280400000,2026-04-27T09:00:00.000Z,BEAR,LONG,13.402482921029387,12.586695530031065,IGNORE,0,WATCH,,0,0,0,NA,NA,NA,NA,NA,CLEAR,1,0,0,0,0,TREND_REVERSAL_UNCONFIRMED,1,0.45,LONG,1,0,0,0
NEARUSDT,1777284000000,2026-04-27T10:00:00.000Z,BEAR,LONG,0,7.875,IGNORE,0,WATCH,,0,0,0,NA,NA,NA,NA,NA,CLEAR,1,0,0,0,0,TREND_REVERSAL_UNCONFIRMED,0,0.45,LONG,1,0,0,0
NEARUSDT,1777287600000,2026-04-27T11:00:00.000Z,BEAR,LONG,0,7.875,IGNORE,0,WATCH,,0,0,0,NA,NA,NA,NA,NA,CLEAR,1,0,0,0,0,TREND_REVERSAL_UNCONFIRMED,0,0.45,LONG,1,0,0,0
NEARUSDT,1777291200000,2026-04-27T12:00:00.000Z,BEAR,LONG,13.789669395796615,12.617186464918984,IGNORE,0,WATCH,,0,0,0,NA,NA,NA,NA,NA,CLEAR,1,0,0,0,0,TREND_REVERSAL_UNCONFIRMED,1,0.45,LONG,1,0,0,0
NEARUSDT,1777294800000,2026-04-27T13:00:00.000Z,BEAR,LONG,0,7.875,IGNORE,0,WATCH,,0,0,0,NA,NA,NA,NA,NA,CLEAR,1,0,0,0,0,TREND_REVERSAL_UNCONFIRMED,0,0.45,LONG,1,0,0,0
NEARUSDT,1777298400000,2026-04-27T14:00:00.000Z,BEAR,LONG,16.58317089944355,12.83717470833118,IGNORE,0,WATCH,,0,0,0,NA,NA,NA,NA,NA,CLEAR,1,0,0,0,0,TREND_REVERSAL_UNCONFIRMED,1,0.45,LONG,1,0,0,0
NEARUSDT,1777302000000,2026-04-27T15:00:00.000Z,BEAR,LONG,37.84722222222222,18.16796875,IGNORE,0,WATCH,,0,0,0,NA,NA,NA,NA,NA,CLEAR,1,0,0,0,0,TREND_REVERSAL_UNCONFIRMED,2,0.45,LONG,1,0,0,0
NEARUSDT,1777305600000,2026-04-27T16:00:00.000Z,BEAR,LONG,0,7.875,IGNORE,0,WATCH,,0,0,0,NA,NA,NA,NA,NA,CLEAR,1,0,0,0,0,TREND_REVERSAL_UNCONFIRMED,0,0.45,LONG,1,0,0,0
NEARUSDT,1777309200000,2026-04-27T17:00:00.000Z,BEAR,LONG,25,13.5,IGNORE,0,WATCH,,0,0,0,NA,NA,NA,NA,NA,CLEAR,1,0,0,0,0,TREND_REVERSAL_UNCONFIRMED,1,0.45,LONG,1,0,0,0
NEARUSDT,1777312800000,2026-04-27T18:00:00.000Z,BEAR,LONG,0,7.875,IGNORE,0,WATCH,,0,0,0,NA,NA,NA,NA,NA,CLEAR,1,0,0,0,0,TREND_REVERSAL_UNCONFIRMED,0,0.45,LONG,1,0,0,0
NEARUSDT,1777316400000,2026-04-27T19:00:00.000Z,BEAR,LONG,0,7.875,IGNORE,0,WATCH,,0,0,0,NA,NA,NA,NA,NA,CLEAR,1,0,0,0,0,TREND_REVERSAL_UNCONFIRMED,0,0.45,LONG,1,0,0,0
NEARUSDT,1777320000000,2026-04-27T20:00:00.000Z,BEAR,LONG,0,7.875,IGNORE,0,WATCH,,0,0,0,NA,NA,NA,NA,NA,CLEAR,1,0,0,0,0,TREND_REVERSAL_UNCONFIRMED,0,0.45,LONG,1,0,0,0
NEARUSDT,1777323600000,2026-04-27T21:00:00.000Z,BEAR,LONG,25,13.5,IGNORE,0,WATCH,,0,0,0,NA,NA,NA,NA,NA,CLEAR,1,0,0,0,0,TREND_REVERSAL_UNCONFIRMED,1,0.45,LONG,1,0,0,0
NEARUSDT,1777327200000,2026-04-27T22:00:00.000Z,BEAR,LONG,0,7.875,IGNORE,0,WATCH,,0,0,0,NA,NA,NA,NA,NA,CLEAR,1,0,0,0,0,TREND_REVERSAL_UNCONFIRMED,0,0.45,LONG,1,0,0,0
NEARUSDT,1777330800000,2026-04-27T23:00:00.000Z,BEAR,LONG,0,7.875,IGNORE,0,WATCH,,0,0,0,NA,NA,NA,NA,NA,WARNING_SOFT,1,0,0,0,0,TREND_REVERSAL_UNCONFIRMED,0,0.45,LONG,1,0,0,0
NEARUSDT,1777334400000,2026-04-28T00:00:00.000Z,BEAR,LONG,25,13.5,IGNORE,0,WATCH,,0,0,0,NA,NA,NA,NA,NA,WARNING_SOFT,1,0,0,0,0,TREND_REVERSAL_UNCONFIRMED,1,0.45,LONG,1,0,0,0
NEARUSDT,1777338000000,2026-04-28T01:00:00.000Z,BEAR,LONG,0,7.875,IGNORE,0,WATCH,,0,0,0,NA,NA,NA,NA,NA,WARNING_SOFT,1,0,0,0,0,TREND_REVERSAL_UNCONFIRMED,0,0.45,LONG,1,0,0,0
NEARUSDT,1777341600000,2026-04-28T02:00:00.000Z,BEAR,LONG,0,7.875,IGNORE,0,WATCH,,0,0,0,NA,NA,NA,NA,NA,WARNING_SOFT,1,0,0,0,0,TREND_REVERSAL_UNCONFIRMED,0,0.45,LONG,1,0,0,0
NEARUSDT,1777345200000,2026-04-28T03:00:00.000Z,BEAR,LONG,0,7.875,IGNORE,0,WATCH,,0,0,0,NA,NA,NA,NA,NA,WARNING_SOFT,1,0,0,0,0,TREND_REVERSAL_UNCONFIRMED,0,0.45,LONG,1,0,0,0
NEARUSDT,1777348800000,2026-04-28T04:00:00.000Z,BEAR,LONG,0,7.875,IGNORE,0,WATCH,,0,0,0,NA,NA,NA,NA,NA,WARNING_SOFT,1,0,0,0,0,TREND_REVERSAL_UNCONFIRMED,0,0.45,LONG,1,0,0,0
NEARUSDT,1777352400000,2026-04-28T05:00:00.000Z,BEAR,LONG,42.5,18.534375,IGNORE,0,WATCH,,0,0,0,NA,NA,NA,NA,NA,WARNING_SOFT,1,0,0,0,0,TREND_REVERSAL_UNCONFIRMED,2,0.45,LONG,1,0,0,0
NEARUSDT,1777356000000,2026-04-28T06:00:00.000Z,BEAR,LONG,17.5,12.909375,IGNORE,0,WATCH,,0,0,0,NA,NA,NA,NA,NA,WARNING_SOFT,1,0,0,0,0,TREND_REVERSAL_UNCONFIRMED,1,0.45,LONG,1,0,0,0
NEARUSDT,1777359600000,2026-04-28T07:00:00.000Z,BEAR,LONG,17.5,12.909375,IGNORE,0,WATCH,,0,0,0,NA,NA,NA,NA,NA,CLEAR,1,0,0,0,0,TREND_REVERSAL_UNCONFIRMED,1,0.45,LONG,1,0,0,0
NEARUSDT,1777363200000,2026-04-28T08:00:00.000Z,BEAR,LONG,17.5,12.909375,IGNORE,0,WATCH,,0,0,0,NA,NA,NA,NA,NA,CLEAR,1,0,0,0,0,TREND_REVERSAL_UNCONFIRMED,1,0.45,LONG,1,0,0,0
NEARUSDT,1777366800000,2026-04-28T09:00:00.000Z,BEAR,LONG,17.5,12.909375,IGNORE,0,WATCH,,0,0,0,NA,NA,NA,NA,NA,CLEAR,1,0,0,0,0,TREND_REVERSAL_UNCONFIRMED,1,0.45,LONG,1,0,0,0
NEARUSDT,1777370400000,2026-04-28T10:00:00.000Z,BEAR,LONG,0,7.875,IGNORE,0,WATCH,,0,0,0,NA,NA,NA,NA,NA,CLEAR,1,0,0,0,0,TREND_REVERSAL_UNCONFIRMED,0,0.45,LONG,1,0,0,0
NEARUSDT,1777374000000,2026-04-28T11:00:00.000Z,BEAR,LONG,38.21300969773529,18.196774513696656,IGNORE,0,WATCH,,0,0,0,NA,NA,NA,NA,NA,CLEAR,1,0,0,0,0,TREND_REVERSAL_UNCONFIRMED,2,0.45,LONG,1,0,0,0
NEARUSDT,1777377600000,2026-04-28T12:00:00.000Z,BEAR,LONG,0,7.875,IGNORE,0,WATCH,,0,0,0,NA,NA,NA,NA,NA,CLEAR,1,0,0,0,0,TREND_REVERSAL_UNCONFIRMED,0,0.45,LONG,1,0,0,0
NEARUSDT,1777381200000,2026-04-28T13:00:00.000Z,BEAR,LONG,25,13.5,IGNORE,0,WATCH,,0,0,0,NA,NA,NA,NA,NA,WARNING_SOFT,1,1,0,1,0,TREND_REVERSAL_UNCONFIRMED,1,0.45,LONG,1,0,0,0
NEARUSDT,1777384800000,2026-04-28T14:00:00.000Z,BEAR,LONG,22.101663914534676,13.271756033269606,IGNORE,0,WATCH,,0,0,0,NA,NA,NA,NA,NA,CLEAR,1,0,0,0,0,TREND_REVERSAL_UNCONFIRMED,1,0.45,LONG,1,0,0,0
NEARUSDT,1777388400000,2026-04-28T15:00:00.000Z,BEAR,LONG,25,13.5,IGNORE,0,WATCH,,0,0,0,NA,NA,NA,NA,NA,CLEAR,1,0,0,0,0,TREND_REVERSAL_UNCONFIRMED,1,0.45,LONG,1,0,0,0
NEARUSDT,1777392000000,2026-04-28T16:00:00.000Z,BEAR,LONG,15.043547141571997,12.715929337398796,IGNORE,0,WATCH,,0,0,0,NA,NA,NA,NA,NA,CLEAR,1,0,0,0,0,TREND_REVERSAL_UNCONFIRMED,1,0.45,LONG,1,0,0,0
NEARUSDT,1777395600000,2026-04-28T17:00:00.000Z,BEAR,LONG,0,7.875,IGNORE,0,WATCH,,0,0,0,NA,NA,NA,NA,NA,CLEAR,1,0,0,0,0,TREND_REVERSAL_UNCONFIRMED,0,0.45,LONG,1,0,0,0
NEARUSDT,1777399200000,2026-04-28T18:00:00.000Z,BEAR,LONG,25,13.5,IGNORE,0,WATCH,,0,0,0,NA,NA,NA,NA,NA,WARNING_SOFT,1,0,0,0,0,TREND_REVERSAL_UNCONFIRMED,1,0.45,LONG,1,0,0,0
NEARUSDT,1777402800000,2026-04-28T19:00:00.000Z,BEAR,LONG,0,7.875,IGNORE,0,WATCH,,0,0,0,NA,NA,NA,NA,NA,WARNING_SOFT,1,0,0,0,0,TREND_REVERSAL_UNCONFIRMED,0,0.45,LONG,1,0,0,0
NEARUSDT,1777406400000,2026-04-28T20:00:00.000Z,BEAR,LONG,0,7.875,IGNORE,0,WATCH,,0,0,0,NA,NA,NA,NA,NA,WARNING_SOFT,1,0,0,0,0,TREND_REVERSAL_UNCONFIRMED,0,0.45,LONG,1,0,0,0
NEARUSDT,1777410000000,2026-04-28T21:00:00.000Z,BEAR,LONG,0,7.875,IGNORE,0,WATCH,,0,0,0,NA,NA,NA,NA,NA,WARNING_SOFT,1,0,0,0,0,TREND_REVERSAL_UNCONFIRMED,0,0.45,LONG,1,0,0,0
NEARUSDT,1777413600000,2026-04-28T22:00:00.000Z,BEAR,LONG,0,7.875,IGNORE,0,WATCH,,0,0,0,NA,NA,NA,NA,NA,WARNING_SOFT,1,0,0,0,0,TREND_REVERSAL_UNCONFIRMED,0,0.45,LONG,1,0,0,0
NEARUSDT,1777417200000,2026-04-28T23:00:00.000Z,BEAR,LONG,0,7.875,IGNORE,0,WATCH,,0,0,0,NA,NA,NA,NA,NA,CLEAR,1,0,0,0,0,TREND_REVERSAL_UNCONFIRMED,0,0.45,LONG,1,0,0,0
NEARUSDT,1777420800000,2026-04-29T00:00:00.000Z,NEUTRAL,NONE,0,7.875,IGNORE,0,WATCH,,0,0,0,NA,NA,NA,NA,NA,WARNING_SOFT,1,0,0,0,0,TREND_REVERSAL_UNCONFIRMED,0,0.45,NONE,1,0,0,0
NEARUSDT,1777424400000,2026-04-29T01:00:00.000Z,NEUTRAL,NONE,0,7.875,IGNORE,0,WATCH,,0,0,0,NA,NA,NA,NA,NA,CLEAR,1,0,0,0,0,TREND_REVERSAL_UNCONFIRMED,0,0.45,NONE,1,0,0,0
NEARUSDT,1777428000000,2026-04-29T02:00:00.000Z,NEUTRAL,NONE,0,7.875,IGNORE,0,WATCH,,0,0,0,NA,NA,NA,NA,NA,CLEAR,1,0,0,0,0,TREND_REVERSAL_UNCONFIRMED,0,0.45,NONE,1,0,0,0
NEARUSDT,1777431600000,2026-04-29T03:00:00.000Z,NEUTRAL,NONE,0,7.875,IGNORE,0,WATCH,,0,0,0,NA,NA,NA,NA,NA,CLEAR,1,0,0,0,0,TREND_REVERSAL_UNCONFIRMED,0,0.45,NONE,1,0,0,0
NEARUSDT,1777435200000,2026-04-29T04:00:00.000Z,NEUTRAL,NONE,0,7.875,IGNORE,0,WATCH,,0,0,0,NA,NA,NA,NA,NA,CLEAR,1,0,0,0,0,TREND_REVERSAL_UNCONFIRMED,0,0.45,NONE,1,0,0,0
NEARUSDT,1777438800000,2026-04-29T05:00:00.000Z,NEUTRAL,NONE,0,7.875,IGNORE,0,WATCH,,0,0,0,NA,NA,NA,NA,NA,CLEAR,1,0,0,0,0,TREND_REVERSAL_UNCONFIRMED,0,0.45,NONE,1,0,0,0
NEARUSDT,1777442400000,2026-04-29T06:00:00.000Z,NEUTRAL,NONE,0,7.875,IGNORE,0,WATCH,,0,0,0,NA,NA,NA,NA,NA,CLEAR,1,0,0,0,0,TREND_REVERSAL_UNCONFIRMED,0,0.45,NONE,1,0,0,0
NEARUSDT,1777446000000,2026-04-29T07:00:00.000Z,NEUTRAL,NONE,0,7.875,IGNORE,0,WATCH,,0,0,0,NA,NA,NA,NA,NA,CLEAR,1,0,0,0,0,TREND_REVERSAL_UNCONFIRMED,0,0.45,NONE,1,0,0,0
NEARUSDT,1777449600000,2026-04-29T08:00:00.000Z,BEAR,LONG,17.5,12.909375,IGNORE,0,WATCH,,0,0,0,NA,NA,NA,NA,NA,BLOCK,0,0,0,0,0,TREND_REVERSAL_UNCONFIRMED,1,0.45,LONG,1,0,0,0
NEARUSDT,1777453200000,2026-04-29T09:00:00.000Z,NEUTRAL,NONE,0,7.875,IGNORE,0,WATCH,,0,0,0,NA,NA,NA,NA,NA,WARNING_SOFT,1,0,0,0,0,TREND_REVERSAL_UNCONFIRMED,0,0.45,NONE,1,0,0,0
NEARUSDT,1777456800000,2026-04-29T10:00:00.000Z,NEUTRAL,NONE,0,7.875,IGNORE,0,WATCH,,0,0,0,NA,NA,NA,NA,NA,CLEAR,1,0,0,0,0,TREND_REVERSAL_UNCONFIRMED,0,0.45,NONE,1,0,0,0
NEARUSDT,1777460400000,2026-04-29T11:00:00.000Z,BEAR,LONG,31.07168837833045,17.634395459793524,IGNORE,0,WATCH,,0,0,0,NA,NA,NA,NA,NA,BLOCK,0,0,0,0,0,TREND_REVERSAL_UNCONFIRMED,2,0.45,LONG,1,0,0,0
NEARUSDT,1777464000000,2026-04-29T12:00:00.000Z,BEAR,LONG,42.5,18.534375,IGNORE,0,WATCH,,0,0,0,NA,NA,NA,NA,NA,WARNING_HARD,1,0,1,0,0,TREND_REVERSAL_UNCONFIRMED,2,0.45,LONG,1,0,0,0
NEARUSDT,1777467600000,2026-04-29T13:00:00.000Z,BEAR,LONG,39.73058601084617,18.316283648354133,IGNORE,0,WATCH,,0,0,0,NA,NA,NA,NA,NA,CLEAR,1,0,1,0,0,TREND_REVERSAL_UNCONFIRMED,2,0.45,LONG,1,0,0,0
NEARUSDT,1777471200000,2026-04-29T14:00:00.000Z,BEAR,LONG,42.5,18.534375,IGNORE,0,WATCH,,0,0,0,NA,NA,NA,NA,NA,CLEAR,1,0,0,0,0,TREND_REVERSAL_UNCONFIRMED,2,0.45,LONG,1,0,0,0
NEARUSDT,1777474800000,2026-04-29T15:00:00.000Z,BEAR,LONG,55.69444444444444,52.18208333333333,WATCH,1,WATCH,ACTIVE,1,1,0,PASS,PASS,SKIP,SKIP,FAIL,CLEAR,1,0,0,0,0,MARKET_CONTEXT_DENIED,3,0.84,LONG,0,1,0,0
NEARUSDT,1777478400000,2026-04-29T16:00:00.000Z,BEAR,LONG,39.09370207083427,18.266129038078198,IGNORE,0,WATCH,,0,0,0,NA,NA,NA,NA,NA,CLEAR,1,0,0,0,0,TREND_REVERSAL_UNCONFIRMED,2,0.45,LONG,1,0,0,0
NEARUSDT,1777482000000,2026-04-29T17:00:00.000Z,BEAR,LONG,17.5,12.909375,IGNORE,0,WATCH,,0,0,0,NA,NA,NA,NA,NA,CLEAR,1,0,0,0,0,TREND_REVERSAL_UNCONFIRMED,1,0.45,LONG,1,0,0,0
NEARUSDT,1777485600000,2026-04-29T18:00:00.000Z,BEAR,LONG,42.5,18.534375,IGNORE,0,WATCH,,0,0,0,NA,NA,NA,NA,NA,CLEAR,1,0,1,0,0,TREND_REVERSAL_UNCONFIRMED,2,0.45,LONG,1,0,0,0
NEARUSDT,1777489200000,2026-04-29T19:00:00.000Z,BEAR,LONG,42.5,18.534375,IGNORE,0,WATCH,,0,0,0,NA,NA,NA,NA,NA,CLEAR,1,0,0,0,0,TREND_REVERSAL_UNCONFIRMED,2,0.45,LONG,1,0,0,0
NEARUSDT,1777492800000,2026-04-29T20:00:00.000Z,BEAR,LONG,17.5,12.909375,IGNORE,0,WATCH,,0,0,0,NA,NA,NA,NA,NA,CLEAR,1,0,0,0,0,TREND_REVERSAL_UNCONFIRMED,1,0.45,LONG,1,0,0,0
NEARUSDT,1777496400000,2026-04-29T21:00:00.000Z,BEAR,LONG,0,7.875,IGNORE,0,WATCH,,0,0,0,NA,NA,NA,NA,NA,CLEAR,1,0,0,0,0,TREND_REVERSAL_UNCONFIRMED,0,0.45,LONG,1,0,0,0
NEARUSDT,1777500000000,2026-04-29T22:00:00.000Z,BEAR,LONG,0,7.875,IGNORE,0,WATCH,,0,0,0,NA,NA,NA,NA,NA,CLEAR,1,0,0,0,0,TREND_REVERSAL_UNCONFIRMED,0,0.45,LONG,1,0,0,0
NEARUSDT,1777503600000,2026-04-29T23:00:00.000Z,BEAR,LONG,25,13.5,IGNORE,0,WATCH,,0,0,0,NA,NA,NA,NA,NA,CLEAR,1,0,0,0,0,TREND_REVERSAL_UNCONFIRMED,1,0.45,LONG,1,0,0,0
NEARUSDT,1777507200000,2026-04-30T00:00:00.000Z,NEUTRAL,NONE,0,7.875,IGNORE,0,WATCH,,0,0,0,NA,NA,NA,NA,NA,WARNING_SOFT,1,0,0,0,0,TREND_REVERSAL_UNCONFIRMED,0,0.45,NONE,1,0,0,0
NEARUSDT,1777510800000,2026-04-30T01:00:00.000Z,NEUTRAL,NONE,0,7.875,IGNORE,0,WATCH,,0,0,0,NA,NA,NA,NA,NA,WARNING_SOFT,1,0,0,0,0,TREND_REVERSAL_UNCONFIRMED,0,0.45,NONE,1,0,0,0
NEARUSDT,1777514400000,2026-04-30T02:00:00.000Z,BEAR,LONG,0,7.875,IGNORE,0,WATCH,,0,0,0,NA,NA,NA,NA,NA,WARNING_SOFT,1,0,0,0,0,TREND_REVERSAL_UNCONFIRMED,0,0.45,LONG,1,0,0,0
NEARUSDT,1777518000000,2026-04-30T03:00:00.000Z,BEAR,LONG,25,13.5,IGNORE,0,WATCH,,0,0,0,NA,NA,NA,NA,NA,WARNING_SOFT,1,0,0,0,0,TREND_REVERSAL_UNCONFIRMED,1,0.45,LONG,1,0,0,0
NEARUSDT,1777521600000,2026-04-30T04:00:00.000Z,BEAR,LONG,0,7.875,IGNORE,0,WATCH,,0,0,0,NA,NA,NA,NA,NA,CLEAR,1,0,0,0,0,TREND_REVERSAL_UNCONFIRMED,0,0.45,LONG,1,0,0,0
NEARUSDT,1777525200000,2026-04-30T05:00:00.000Z,BEAR,LONG,0,7.875,IGNORE,0,WATCH,,0,0,0,NA,NA,NA,NA,NA,CLEAR,1,0,0,0,0,TREND_REVERSAL_UNCONFIRMED,0,0.45,LONG,1,0,0,0
NEARUSDT,1777528800000,2026-04-30T06:00:00.000Z,BEAR,LONG,0,7.875,IGNORE,0,WATCH,,0,0,0,NA,NA,NA,NA,NA,CLEAR,1,0,0,0,0,TREND_REVERSAL_UNCONFIRMED,0,0.45,LONG,1,0,0,0
NEARUSDT,1777532400000,2026-04-30T07:00:00.000Z,BEAR,LONG,0,7.875,IGNORE,0,WATCH,,0,0,0,NA,NA,NA,NA,NA,WARNING_SOFT,1,0,0,0,0,TREND_REVERSAL_UNCONFIRMED,0,0.45,LONG,1,0,0,0
NEARUSDT,1777536000000,2026-04-30T08:00:00.000Z,BEAR,LONG,17.5,12.909375,IGNORE,0,WATCH,,0,0,0,NA,NA,NA,NA,NA,WARNING_SOFT,1,0,0,0,0,TREND_REVERSAL_UNCONFIRMED,1,0.45,LONG,1,0,0,0
NEARUSDT,1777539600000,2026-04-30T09:00:00.000Z,BEAR,LONG,17.5,12.909375,IGNORE,0,WATCH,,0,0,0,NA,NA,NA,NA,NA,WARNING_SOFT,1,0,0,0,0,TREND_REVERSAL_UNCONFIRMED,1,0.45,LONG,1,0,0,0
NEARUSDT,1777543200000,2026-04-30T10:00:00.000Z,BEAR,LONG,42.5,18.534375,IGNORE,0,WATCH,,0,0,0,NA,NA,NA,NA,NA,CLEAR,1,0,0,0,0,TREND_REVERSAL_UNCONFIRMED,2,0.45,LONG,1,0,0,0
NEARUSDT,1777546800000,2026-04-30T11:00:00.000Z,BEAR,LONG,17.5,12.909375,IGNORE,0,WATCH,,0,0,0,NA,NA,NA,NA,NA,WARNING_HARD,1,0,0,0,0,TREND_REVERSAL_UNCONFIRMED,1,0.45,LONG,1,0,0,0
NEARUSDT,1777550400000,2026-04-30T12:00:00.000Z,BEAR,LONG,17.5,12.909375,IGNORE,0,WATCH,,0,0,0,NA,NA,NA,NA,NA,BLOCK,0,0,0,0,0,TREND_REVERSAL_UNCONFIRMED,1,0.45,LONG,1,0,0,0
NEARUSDT,1777554000000,2026-04-30T13:00:00.000Z,BEAR,LONG,17.5,12.909375,IGNORE,0,WATCH,,0,0,0,NA,NA,NA,NA,NA,WARNING_SOFT,1,0,0,0,0,TREND_REVERSAL_UNCONFIRMED,1,0.45,LONG,1,0,0,0
NEARUSDT,1777557600000,2026-04-30T14:00:00.000Z,BEAR,LONG,17.5,12.909375,IGNORE,0,WATCH,,0,0,0,NA,NA,NA,NA,NA,WARNING_HARD,1,0,0,0,0,TREND_REVERSAL_UNCONFIRMED,1,0.45,LONG,1,0,0,0
NEARUSDT,1777561200000,2026-04-30T15:00:00.000Z,BEAR,LONG,17.5,12.909375,IGNORE,0,WATCH,,0,0,0,NA,NA,NA,NA,NA,WARNING_SOFT,1,0,0,0,0,TREND_REVERSAL_UNCONFIRMED,1,0.45,LONG,1,0,0,0
NEARUSDT,1777564800000,2026-04-30T16:00:00.000Z,BEAR,LONG,30.34722222222222,17.57734375,IGNORE,0,WATCH,,0,0,0,NA,NA,NA,NA,NA,WARNING_SOFT,1,0,0,0,0,TREND_REVERSAL_UNCONFIRMED,2,0.45,LONG,1,0,0,0
NEARUSDT,1777568400000,2026-04-30T17:00:00.000Z,BEAR,LONG,30.34722222222222,17.57734375,IGNORE,0,WATCH,,0,0,0,NA,NA,NA,NA,NA,WARNING_SOFT,1,0,0,0,0,TREND_REVERSAL_UNCONFIRMED,2,0.45,LONG,1,0,0,0
NEARUSDT,1777572000000,2026-04-30T18:00:00.000Z,BEAR,LONG,17.5,12.909375,IGNORE,0,WATCH,,0,0,0,NA,NA,NA,NA,NA,WARNING_SOFT,1,0,0,0,0,TREND_REVERSAL_UNCONFIRMED,1,0.45,LONG,1,0,0,0
NEARUSDT,1777575600000,2026-04-30T19:00:00.000Z,BEAR,LONG,17.5,12.909375,IGNORE,0,WATCH,,0,0,0,NA,NA,NA,NA,NA,WARNING_SOFT,1,0,0,0,0,TREND_REVERSAL_UNCONFIRMED,1,0.45,LONG,1,0,0,0
NEARUSDT,1777579200000,2026-04-30T20:00:00.000Z,BEAR,LONG,30.34722222222222,17.57734375,IGNORE,0,WATCH,,0,0,0,NA,NA,NA,NA,NA,WARNING_SOFT,1,0,0,0,0,TREND_REVERSAL_UNCONFIRMED,2,0.45,LONG,1,0,0,0
NEARUSDT,1777582800000,2026-04-30T21:00:00.000Z,BEAR,LONG,30.34722222222222,17.57734375,IGNORE,0,WATCH,,0,0,0,NA,NA,NA,NA,NA,WARNING_SOFT,1,0,0,0,0,TREND_REVERSAL_UNCONFIRMED,2,0.45,LONG,1,0,0,0
NEARUSDT,1777586400000,2026-04-30T22:00:00.000Z,BEAR,LONG,17.5,12.909375,IGNORE,0,WATCH,,0,0,0,NA,NA,NA,NA,NA,CLEAR,1,0,0,0,0,TREND_REVERSAL_UNCONFIRMED,1,0.45,LONG,1,0,0,0
NEARUSDT,1777590000000,2026-04-30T23:00:00.000Z,BEAR,LONG,17.5,12.909375,IGNORE,0,WATCH,,0,0,0,NA,NA,NA,NA,NA,WARNING_HARD,1,0,0,0,0,TREND_REVERSAL_UNCONFIRMED,1,0.45,LONG,1,0,0,0
NEARUSDT,1777593600000,2026-05-01T00:00:00.000Z,BEAR,LONG,42.5,18.534375,IGNORE,0,WATCH,,0,0,0,NA,NA,NA,NA,NA,WARNING_HARD,1,0,0,0,0,TREND_REVERSAL_UNCONFIRMED,2,0.45,LONG,1,0,0,0
NEARUSDT,1777597200000,2026-05-01T01:00:00.000Z,BEAR,LONG,17.5,12.909375,IGNORE,0,WATCH,,0,0,0,NA,NA,NA,NA,NA,WARNING_SOFT,1,0,0,0,0,TREND_REVERSAL_UNCONFIRMED,1,0.45,LONG,1,0,0,0
NEARUSDT,1777600800000,2026-05-01T02:00:00.000Z,BEAR,LONG,12.887552439577165,12.546144754616702,IGNORE,0,WATCH,,0,0,0,NA,NA,NA,NA,NA,WARNING_HARD,1,0,0,0,0,TREND_REVERSAL_UNCONFIRMED,1,0.45,LONG,1,0,0,0
NEARUSDT,1777604400000,2026-05-01T03:00:00.000Z,NEUTRAL,NONE,0,7.875,IGNORE,0,WATCH,,0,0,0,NA,NA,NA,NA,NA,CLEAR,1,0,0,0,0,TREND_REVERSAL_UNCONFIRMED,0,0.45,NONE,1,0,0,0
NEARUSDT,1777608000000,2026-05-01T04:00:00.000Z,BEAR,LONG,13.101783141461313,12.56301542239008,IGNORE,0,WATCH,,0,0,0,NA,NA,NA,NA,NA,BLOCK,0,0,0,0,0,TREND_REVERSAL_UNCONFIRMED,1,0.45,LONG,1,0,0,0
NEARUSDT,1777611600000,2026-05-01T05:00:00.000Z,BEAR,LONG,0,7.875,IGNORE,0,WATCH,,0,0,0,NA,NA,NA,NA,NA,WARNING_SOFT,1,0,0,0,0,TREND_REVERSAL_UNCONFIRMED,0,0.45,LONG,1,0,0,0
NEARUSDT,1777615200000,2026-05-01T06:00:00.000Z,BEAR,LONG,0,7.875,IGNORE,0,WATCH,,0,0,0,NA,NA,NA,NA,NA,WARNING_SOFT,1,0,0,0,0,TREND_REVERSAL_UNCONFIRMED,0,0.45,LONG,1,0,0,0
NEARUSDT,1777618800000,2026-05-01T07:00:00.000Z,BEAR,LONG,25,13.5,IGNORE,0,WATCH,,0,0,0,NA,NA,NA,NA,NA,WARNING_SOFT,1,0,0,0,0,TREND_REVERSAL_UNCONFIRMED,1,0.45,LONG,1,0,0,0
NEARUSDT,1777622400000,2026-05-01T08:00:00.000Z,BEAR,LONG,0,7.875,IGNORE,0,WATCH,,0,0,0,NA,NA,NA,NA,NA,WARNING_SOFT,1,0,0,0,0,TREND_REVERSAL_UNCONFIRMED,0,0.45,LONG,1,0,0,0
NEARUSDT,1777626000000,2026-05-01T09:00:00.000Z,BEAR,LONG,0,7.875,IGNORE,0,WATCH,,0,0,0,NA,NA,NA,NA,NA,WARNING_SOFT,1,0,0,0,0,TREND_REVERSAL_UNCONFIRMED,0,0.45,LONG,1,0,0,0
NEARUSDT,1777629600000,2026-05-01T10:00:00.000Z,BEAR,LONG,0,7.875,IGNORE,0,WATCH,,0,0,0,NA,NA,NA,NA,NA,WARNING_SOFT,1,0,0,0,0,TREND_REVERSAL_UNCONFIRMED,0,0.45,LONG,1,0,0,0
NEARUSDT,1777633200000,2026-05-01T11:00:00.000Z,BEAR,LONG,0,7.875,IGNORE,0,WATCH,,0,0,0,NA,NA,NA,NA,NA,WARNING_SOFT,1,0,0,0,0,TREND_REVERSAL_UNCONFIRMED,0,0.45,LONG,1,0,0,0
NEARUSDT,1777636800000,2026-05-01T12:00:00.000Z,NEUTRAL,NONE,0,7.875,IGNORE,0,WATCH,,0,0,0,NA,NA,NA,NA,NA,CLEAR,1,0,0,0,0,TREND_REVERSAL_UNCONFIRMED,0,0.45,NONE,1,0,0,0
NEARUSDT,1777640400000,2026-05-01T13:00:00.000Z,NEUTRAL,NONE,0,7.875,IGNORE,0,WATCH,,0,0,0,NA,NA,NA,NA,NA,WARNING_SOFT,1,0,0,0,0,TREND_REVERSAL_UNCONFIRMED,0,0.45,NONE,1,0,0,0
NEARUSDT,1777644000000,2026-05-01T14:00:00.000Z,BEAR,LONG,41.90753620056952,18.48771847579485,IGNORE,0,WATCH,,0,0,0,NA,NA,NA,NA,NA,BLOCK,0,0,0,0,0,TREND_REVERSAL_UNCONFIRMED,2,0.45,LONG,1,0,0,0
NEARUSDT,1777647600000,2026-05-01T15:00:00.000Z,BEAR,LONG,42.5,18.534375,IGNORE,0,WATCH,,0,0,0,NA,NA,NA,NA,NA,BLOCK,0,0,1,0,0,TREND_REVERSAL_UNCONFIRMED,2,0.45,LONG,1,0,0,0
NEARUSDT,1777651200000,2026-05-01T16:00:00.000Z,BEAR,LONG,38.36976729367553,18.20911917437695,IGNORE,0,WATCH,,0,0,0,NA,NA,NA,NA,NA,WARNING_HARD,1,0,1,0,0,TREND_REVERSAL_UNCONFIRMED,2,0.45,LONG,1,0,0,0
NEARUSDT,1777654800000,2026-05-01T17:00:00.000Z,BEAR,LONG,17.5,12.909375,IGNORE,0,WATCH,,0,0,0,NA,NA,NA,NA,NA,WARNING_SOFT,1,0,0,0,0,TREND_REVERSAL_UNCONFIRMED,1,0.45,LONG,1,0,0,0
NEARUSDT,1777658400000,2026-05-01T18:00:00.000Z,BEAR,LONG,42.5,18.534375,IGNORE,0,WATCH,,0,0,0,NA,NA,NA,NA,NA,WARNING_SOFT,1,0,0,0,0,TREND_REVERSAL_UNCONFIRMED,2,0.45,LONG,1,0,0,0
NEARUSDT,1777662000000,2026-05-01T19:00:00.000Z,BEAR,LONG,0,7.875,IGNORE,0,WATCH,,0,0,0,NA,NA,NA,NA,NA,WARNING_SOFT,1,0,0,0,0,TREND_REVERSAL_UNCONFIRMED,0,0.45,LONG,1,0,0,0
NEARUSDT,1777665600000,2026-05-01T20:00:00.000Z,BEAR,LONG,0,7.875,IGNORE,0,WATCH,,0,0,0,NA,NA,NA,NA,NA,WARNING_SOFT,1,0,0,0,0,TREND_REVERSAL_UNCONFIRMED,0,0.45,LONG,1,0,0,0
NEARUSDT,1777669200000,2026-05-01T21:00:00.000Z,BEAR,LONG,12.847222222222221,12.54296875,IGNORE,0,WATCH,,0,0,0,NA,NA,NA,NA,NA,WARNING_SOFT,1,0,0,0,0,TREND_REVERSAL_UNCONFIRMED,1,0.45,LONG,1,0,0,0
NEARUSDT,1777672800000,2026-05-01T22:00:00.000Z,BEAR,LONG,37.84722222222222,18.16796875,IGNORE,0,WATCH,,0,0,0,NA,NA,NA,NA,NA,WARNING_SOFT,1,0,0,0,0,TREND_REVERSAL_UNCONFIRMED,2,0.45,LONG,1,0,0,0
NEARUSDT,1777676400000,2026-05-01T23:00:00.000Z,BEAR,LONG,21.443790334357217,13.219948488830632,IGNORE,0,WATCH,,0,0,0,NA,NA,NA,NA,NA,WARNING_HARD,1,0,0,0,0,TREND_REVERSAL_UNCONFIRMED,1,0.45,LONG,1,0,0,0
NEARUSDT,1777680000000,2026-05-02T00:00:00.000Z,BEAR,LONG,0,7.875,IGNORE,0,WATCH,,0,0,0,NA,NA,NA,NA,NA,WARNING_SOFT,1,0,0,0,0,TREND_REVERSAL_UNCONFIRMED,0,0.45,LONG,1,0,0,0
NEARUSDT,1777683600000,2026-05-02T01:00:00.000Z,NEUTRAL,NONE,0,7.875,IGNORE,0,WATCH,,0,0,0,NA,NA,NA,NA,NA,CLEAR,1,0,0,0,0,TREND_REVERSAL_UNCONFIRMED,0,0.45,NONE,1,0,0,0
NEARUSDT,1777687200000,2026-05-02T02:00:00.000Z,NEUTRAL,NONE,0,7.875,IGNORE,0,WATCH,,0,0,0,NA,NA,NA,NA,NA,CLEAR,1,0,0,0,0,TREND_REVERSAL_UNCONFIRMED,0,0.45,NONE,1,0,0,0
NEARUSDT,1777690800000,2026-05-02T03:00:00.000Z,NEUTRAL,NONE,0,7.875,IGNORE,0,WATCH,,0,0,0,NA,NA,NA,NA,NA,CLEAR,1,0,0,0,0,TREND_REVERSAL_UNCONFIRMED,0,0.45,NONE,1,0,0,0
NEARUSDT,1777694400000,2026-05-02T04:00:00.000Z,BEAR,LONG,0,7.875,IGNORE,0,WATCH,,0,0,0,NA,NA,NA,NA,NA,WARNING_SOFT,1,0,0,0,0,TREND_REVERSAL_UNCONFIRMED,0,0.45,LONG,1,0,0,0
NEARUSDT,1777698000000,2026-05-02T05:00:00.000Z,BEAR,LONG,0,7.875,IGNORE,0,WATCH,,0,0,0,NA,NA,NA,NA,NA,WARNING_HARD,1,0,0,0,0,TREND_REVERSAL_UNCONFIRMED,0,0.45,LONG,1,0,0,0
NEARUSDT,1777701600000,2026-05-02T06:00:00.000Z,BEAR,LONG,25,13.5,IGNORE,0,WATCH,,0,0,0,NA,NA,NA,NA,NA,WARNING_SOFT,1,0,0,0,0,TREND_REVERSAL_UNCONFIRMED,1,0.45,LONG,1,0,0,0
NEARUSDT,1777705200000,2026-05-02T07:00:00.000Z,BEAR,LONG,0,7.875,IGNORE,0,WATCH,,0,0,0,NA,NA,NA,NA,NA,WARNING_SOFT,1,0,0,0,0,TREND_REVERSAL_UNCONFIRMED,0,0.45,LONG,1,0,0,0
NEARUSDT,1777708800000,2026-05-02T08:00:00.000Z,BEAR,LONG,17.5,12.909375,IGNORE,0,WATCH,,0,0,0,NA,NA,NA,NA,NA,WARNING_SOFT,1,0,0,0,0,TREND_REVERSAL_UNCONFIRMED,1,0.45,LONG,1,0,0,0
NEARUSDT,1777712400000,2026-05-02T09:00:00.000Z,BEAR,LONG,17.5,12.909375,IGNORE,0,WATCH,,0,0,0,NA,NA,NA,NA,NA,WARNING_SOFT,1,0,0,0,0,TREND_REVERSAL_UNCONFIRMED,1,0.45,LONG,1,0,0,0
NEARUSDT,1777716000000,2026-05-02T10:00:00.000Z,BEAR,LONG,17.5,12.909375,IGNORE,0,WATCH,,0,0,0,NA,NA,NA,NA,NA,WARNING_SOFT,1,0,0,0,0,TREND_REVERSAL_UNCONFIRMED,1,0.45,LONG,1,0,0,0
NEARUSDT,1777719600000,2026-05-02T11:00:00.000Z,BEAR,LONG,42.5,18.534375,IGNORE,0,WATCH,,0,0,0,NA,NA,NA,NA,NA,WARNING_SOFT,1,0,0,0,0,TREND_REVERSAL_UNCONFIRMED,2,0.45,LONG,1,0,0,0
NEARUSDT,1777723200000,2026-05-02T12:00:00.000Z,BEAR,LONG,17.5,12.909375,IGNORE,0,WATCH,,0,0,0,NA,NA,NA,NA,NA,WARNING_SOFT,1,0,0,0,0,TREND_REVERSAL_UNCONFIRMED,1,0.45,LONG,1,0,0,0
NEARUSDT,1777726800000,2026-05-02T13:00:00.000Z,BEAR,LONG,30.34722222222222,17.57734375,IGNORE,0,WATCH,,0,0,0,NA,NA,NA,NA,NA,WARNING_SOFT,1,0,0,0,0,TREND_REVERSAL_UNCONFIRMED,2,0.45,LONG,1,0,0,0
NEARUSDT,1777730400000,2026-05-02T14:00:00.000Z,BEAR,LONG,17.5,12.909375,IGNORE,0,WATCH,,0,0,0,NA,NA,NA,NA,NA,WARNING_SOFT,1,0,0,0,0,TREND_REVERSAL_UNCONFIRMED,1,0.45,LONG,1,0,0,0
NEARUSDT,1777734000000,2026-05-02T15:00:00.000Z,BEAR,LONG,17.5,12.909375,IGNORE,0,WATCH,,0,0,0,NA,NA,NA,NA,NA,WARNING_SOFT,1,0,0,0,0,TREND_REVERSAL_UNCONFIRMED,1,0.45,LONG,1,0,0,0
NEARUSDT,1777737600000,2026-05-02T16:00:00.000Z,NEUTRAL,NONE,0,7.875,IGNORE,0,WATCH,,0,0,0,NA,NA,NA,NA,NA,WARNING_SOFT,1,0,0,0,0,TREND_REVERSAL_UNCONFIRMED,0,0.45,NONE,1,0,0,0
NEARUSDT,1777741200000,2026-05-02T17:00:00.000Z,NEUTRAL,NONE,0,7.875,IGNORE,0,WATCH,,0,0,0,NA,NA,NA,NA,NA,CLEAR,1,0,0,0,0,TREND_REVERSAL_UNCONFIRMED,0,0.45,NONE,1,0,0,0
NEARUSDT,1777744800000,2026-05-02T18:00:00.000Z,NEUTRAL,NONE,0,7.875,IGNORE,0,WATCH,,0,0,0,NA,NA,NA,NA,NA,CLEAR,1,0,0,0,0,TREND_REVERSAL_UNCONFIRMED,0,0.45,NONE,1,0,0,0
NEARUSDT,1777748400000,2026-05-02T19:00:00.000Z,NEUTRAL,NONE,0,7.875,IGNORE,0,WATCH,,0,0,0,NA,NA,NA,NA,NA,CLEAR,1,0,0,0,0,TREND_REVERSAL_UNCONFIRMED,0,0.45,NONE,1,0,0,0
NEARUSDT,1777752000000,2026-05-02T20:00:00.000Z,NEUTRAL,NONE,0,7.875,IGNORE,0,WATCH,,0,0,0,NA,NA,NA,NA,NA,CLEAR,1,0,0,0,0,TREND_REVERSAL_UNCONFIRMED,0,0.45,NONE,1,0,0,0
NEARUSDT,1777755600000,2026-05-02T21:00:00.000Z,NEUTRAL,NONE,0,7.875,IGNORE,0,WATCH,,0,0,0,NA,NA,NA,NA,NA,CLEAR,1,0,0,0,0,TREND_REVERSAL_UNCONFIRMED,0,0.45,NONE,1,0,0,0
NEARUSDT,1777759200000,2026-05-02T22:00:00.000Z,NEUTRAL,NONE,0,7.875,IGNORE,0,WATCH,,0,0,0,NA,NA,NA,NA,NA,CLEAR,1,0,0,0,0,TREND_REVERSAL_UNCONFIRMED,0,0.45,NONE,1,0,0,0
NEARUSDT,1777762800000,2026-05-02T23:00:00.000Z,NEUTRAL,NONE,0,7.875,IGNORE,0,WATCH,,0,0,0,NA,NA,NA,NA,NA,CLEAR,1,0,0,0,0,TREND_REVERSAL_UNCONFIRMED,0,0.45,NONE,1,0,0,0
NEARUSDT,1777766400000,2026-05-03T00:00:00.000Z,NEUTRAL,NONE,0,7.875,IGNORE,0,WATCH,,0,0,0,NA,NA,NA,NA,NA,CLEAR,1,0,0,0,0,TREND_REVERSAL_UNCONFIRMED,0,0.45,NONE,1,0,0,0
NEARUSDT,1777770000000,2026-05-03T01:00:00.000Z,BEAR,LONG,16.721430654030556,12.848062664004907,IGNORE,0,WATCH,,0,0,0,NA,NA,NA,NA,NA,WARNING_SOFT,1,0,0,0,0,TREND_REVERSAL_UNCONFIRMED,1,0.45,LONG,1,0,0,0
NEARUSDT,1777773600000,2026-05-03T02:00:00.000Z,BEAR,LONG,16.99895192570977,12.869917464149646,IGNORE,0,WATCH,,0,0,0,NA,NA,NA,NA,NA,CLEAR,1,0,0,0,0,TREND_REVERSAL_UNCONFIRMED,1,0.45,LONG,1,0,0,0
NEARUSDT,1777777200000,2026-05-03T03:00:00.000Z,BEAR,LONG,25,13.5,IGNORE,0,WATCH,,0,0,0,NA,NA,NA,NA,NA,CLEAR,1,0,0,0,0,TREND_REVERSAL_UNCONFIRMED,1,0.45,LONG,1,0,0,0
NEARUSDT,1777780800000,2026-05-03T04:00:00.000Z,BEAR,LONG,0,7.875,IGNORE,0,WATCH,,0,0,0,NA,NA,NA,NA,NA,CLEAR,1,0,0,0,0,TREND_REVERSAL_UNCONFIRMED,0,0.45,LONG,1,0,0,0
NEARUSDT,1777784400000,2026-05-03T05:00:00.000Z,BEAR,LONG,0,7.875,IGNORE,0,WATCH,,0,0,0,NA,NA,NA,NA,NA,CLEAR,1,0,0,0,0,TREND_REVERSAL_UNCONFIRMED,0,0.45,LONG,1,0,0,0
NEARUSDT,1777788000000,2026-05-03T06:00:00.000Z,BEAR,LONG,25,13.5,IGNORE,0,WATCH,,0,0,0,NA,NA,NA,NA,NA,CLEAR,1,0,0,0,0,TREND_REVERSAL_UNCONFIRMED,1,0.45,LONG,1,0,0,0
NEARUSDT,1777791600000,2026-05-03T07:00:00.000Z,BEAR,LONG,0,7.875,IGNORE,0,WATCH,,0,0,0,NA,NA,NA,NA,NA,CLEAR,1,0,0,0,0,TREND_REVERSAL_UNCONFIRMED,0,0.45,LONG,1,0,0,0
NEARUSDT,1777795200000,2026-05-03T08:00:00.000Z,BEAR,LONG,0,7.875,IGNORE,0,WATCH,,0,0,0,NA,NA,NA,NA,NA,CLEAR,1,0,0,0,0,TREND_REVERSAL_UNCONFIRMED,0,0.45,LONG,1,0,0,0
NEARUSDT,1777798800000,2026-05-03T09:00:00.000Z,BEAR,LONG,12.525706737867798,12.51764940560709,IGNORE,0,WATCH,,0,0,0,NA,NA,NA,NA,NA,WARNING_SOFT,1,0,0,0,0,TREND_REVERSAL_UNCONFIRMED,1,0.45,LONG,1,0,0,0
NEARUSDT,1777802400000,2026-05-03T10:00:00.000Z,BEAR,LONG,12.847222222222221,12.54296875,IGNORE,0,WATCH,,0,0,0,NA,NA,NA,NA,NA,WARNING_SOFT,1,0,0,0,0,TREND_REVERSAL_UNCONFIRMED,1,0.45,LONG,1,0,0,0
NEARUSDT,1777806000000,2026-05-03T11:00:00.000Z,BEAR,LONG,41.320993857504114,18.44152826627845,IGNORE,0,WATCH,,0,0,0,NA,NA,NA,NA,NA,WARNING_HARD,1,0,0,0,0,TREND_REVERSAL_UNCONFIRMED,2,0.45,LONG,1,0,0,0
NEARUSDT,1777809600000,2026-05-03T12:00:00.000Z,BEAR,LONG,0,7.875,IGNORE,0,WATCH,,0,0,0,NA,NA,NA,NA,NA,WARNING_SOFT,1,0,0,0,0,TREND_REVERSAL_UNCONFIRMED,0,0.45,LONG,1,0,0,0
NEARUSDT,1777813200000,2026-05-03T13:00:00.000Z,BEAR,LONG,0,7.875,IGNORE,0,WATCH,,0,0,0,NA,NA,NA,NA,NA,WARNING_SOFT,1,0,0,0,0,TREND_REVERSAL_UNCONFIRMED,0,0.45,LONG,1,0,0,0
NEARUSDT,1777816800000,2026-05-03T14:00:00.000Z,BEAR,LONG,0,7.875,IGNORE,0,WATCH,,0,0,0,NA,NA,NA,NA,NA,WARNING_SOFT,1,0,0,0,0,TREND_REVERSAL_UNCONFIRMED,0,0.45,LONG,1,0,0,0
NEARUSDT,1777820400000,2026-05-03T15:00:00.000Z,BEAR,LONG,0,7.875,IGNORE,0,WATCH,,0,0,0,NA,NA,NA,NA,NA,WARNING_SOFT,1,0,0,0,0,TREND_REVERSAL_UNCONFIRMED,0,0.45,LONG,1,0,0,0
NEARUSDT,1777824000000,2026-05-03T16:00:00.000Z,BEAR,LONG,0,7.875,IGNORE,0,WATCH,,0,0,0,NA,NA,NA,NA,NA,WARNING_SOFT,1,0,0,0,0,TREND_REVERSAL_UNCONFIRMED,0,0.45,LONG,1,0,0,0
NEARUSDT,1777827600000,2026-05-03T17:00:00.000Z,BEAR,LONG,0,7.875,IGNORE,0,WATCH,,0,0,0,NA,NA,NA,NA,NA,WARNING_SOFT,1,0,0,0,0,TREND_REVERSAL_UNCONFIRMED,0,0.45,LONG,1,0,0,0
NEARUSDT,1777831200000,2026-05-03T18:00:00.000Z,BEAR,LONG,0,7.875,IGNORE,0,WATCH,,0,0,0,NA,NA,NA,NA,NA,WARNING_SOFT,1,0,0,0,0,TREND_REVERSAL_UNCONFIRMED,0,0.45,LONG,1,0,0,0
NEARUSDT,1777834800000,2026-05-03T19:00:00.000Z,BEAR,LONG,25,13.5,IGNORE,0,WATCH,,0,0,0,NA,NA,NA,NA,NA,WARNING_SOFT,1,0,0,0,0,TREND_REVERSAL_UNCONFIRMED,1,0.45,LONG,1,0,0,0
NEARUSDT,1777838400000,2026-05-03T20:00:00.000Z,NEUTRAL,NONE,0,7.875,IGNORE,0,WATCH,,0,0,0,NA,NA,NA,NA,NA,CLEAR,1,0,0,0,0,TREND_REVERSAL_UNCONFIRMED,0,0.45,NONE,1,0,0,0
NEARUSDT,1777842000000,2026-05-03T21:00:00.000Z,BEAR,LONG,16.901754912689725,12.862263199374315,IGNORE,0,WATCH,,0,0,0,NA,NA,NA,NA,NA,BLOCK,0,0,0,0,0,TREND_REVERSAL_UNCONFIRMED,1,0.45,LONG,1,0,0,0
NEARUSDT,1777845600000,2026-05-03T22:00:00.000Z,BEAR,LONG,25,13.5,IGNORE,0,WATCH,,0,0,0,NA,NA,NA,NA,NA,BLOCK,0,0,0,0,0,TREND_REVERSAL_UNCONFIRMED,1,0.45,LONG,1,0,0,0
NEARUSDT,1777849200000,2026-05-03T23:00:00.000Z,BEAR,LONG,14.130423548889866,12.644020854475077,IGNORE,0,WATCH,,0,0,0,NA,NA,NA,NA,NA,WARNING_SOFT,1,0,0,0,0,TREND_REVERSAL_UNCONFIRMED,1,0.45,LONG,1,0,0,0
NEARUSDT,1777852800000,2026-05-04T00:00:00.000Z,BEAR,LONG,21.004638272200786,13.185365263935811,IGNORE,0,WATCH,,0,0,0,NA,NA,NA,NA,NA,CLEAR,1,0,0,0,0,TREND_REVERSAL_UNCONFIRMED,1,0.45,LONG,1,0,0,0
NEARUSDT,1777856400000,2026-05-04T01:00:00.000Z,NEUTRAL,NONE,0,7.875,IGNORE,0,WATCH,,0,0,0,NA,NA,NA,NA,NA,WARNING_SOFT,1,0,0,0,0,TREND_REVERSAL_UNCONFIRMED,0,0.45,NONE,1,0,0,0
NEARUSDT,1777860000000,2026-05-04T02:00:00.000Z,NEUTRAL,NONE,0,7.875,IGNORE,0,WATCH,,0,0,0,NA,NA,NA,NA,NA,CLEAR,1,0,0,0,0,TREND_REVERSAL_UNCONFIRMED,0,0.45,NONE,1,0,0,0
NEARUSDT,1777863600000,2026-05-04T03:00:00.000Z,NEUTRAL,NONE,0,7.875,IGNORE,0,WATCH,,0,0,0,NA,NA,NA,NA,NA,CLEAR,1,0,0,0,0,TREND_REVERSAL_UNCONFIRMED,0,0.45,NONE,1,0,0,0
NEARUSDT,1777867200000,2026-05-04T04:00:00.000Z,NEUTRAL,NONE,0,7.875,IGNORE,0,WATCH,,0,0,0,NA,NA,NA,NA,NA,CLEAR,1,0,0,0,0,TREND_REVERSAL_UNCONFIRMED,0,0.45,NONE,1,0,0,0
NEARUSDT,1777870800000,2026-05-04T05:00:00.000Z,NEUTRAL,NONE,0,7.875,IGNORE,0,WATCH,,0,0,0,NA,NA,NA,NA,NA,CLEAR,1,0,0,0,0,TREND_REVERSAL_UNCONFIRMED,0,0.45,NONE,1,0,0,0
NEARUSDT,1777874400000,2026-05-04T06:00:00.000Z,NEUTRAL,NONE,0,7.875,IGNORE,0,WATCH,,0,0,0,NA,NA,NA,NA,NA,WARNING_SOFT,1,0,0,0,0,TREND_REVERSAL_UNCONFIRMED,0,0.45,NONE,1,0,0,0
NEARUSDT,1777878000000,2026-05-04T07:00:00.000Z,BEAR,LONG,25,13.5,IGNORE,0,WATCH,,0,0,0,NA,NA,NA,NA,NA,WARNING_SOFT,1,0,0,0,0,TREND_REVERSAL_UNCONFIRMED,1,0.45,LONG,1,0,0,0
NEARUSDT,1777881600000,2026-05-04T08:00:00.000Z,BEAR,LONG,0,7.875,IGNORE,0,WATCH,,0,0,0,NA,NA,NA,NA,NA,WARNING_SOFT,1,0,0,0,0,TREND_REVERSAL_UNCONFIRMED,0,0.45,LONG,1,0,0,0
NEARUSDT,1777885200000,2026-05-04T09:00:00.000Z,BEAR,LONG,0,7.875,IGNORE,0,WATCH,,0,0,0,NA,NA,NA,NA,NA,WARNING_SOFT,1,0,0,0,0,TREND_REVERSAL_UNCONFIRMED,0,0.45,LONG,1,0,0,0
NEARUSDT,1777888800000,2026-05-04T10:00:00.000Z,BEAR,LONG,25,13.5,IGNORE,0,WATCH,,0,0,0,NA,NA,NA,NA,NA,CLEAR,1,0,0,0,0,TREND_REVERSAL_UNCONFIRMED,1,0.45,LONG,1,0,0,0
NEARUSDT,1777892400000,2026-05-04T11:00:00.000Z,BEAR,LONG,14.173929218039085,12.647446925920578,IGNORE,0,WATCH,,0,0,0,NA,NA,NA,NA,NA,CLEAR,1,0,0,0,0,TREND_REVERSAL_UNCONFIRMED,1,0.45,LONG,1,0,0,0
NEARUSDT,1777896000000,2026-05-04T12:00:00.000Z,BEAR,LONG,25,13.5,IGNORE,0,WATCH,,0,0,0,NA,NA,NA,NA,NA,CLEAR,1,0,0,0,0,TREND_REVERSAL_UNCONFIRMED,1,0.45,LONG,1,0,0,0
NEARUSDT,1777899600000,2026-05-04T13:00:00.000Z,BEAR,LONG,0,7.875,IGNORE,0,WATCH,,0,0,0,NA,NA,NA,NA,NA,CLEAR,1,0,0,0,0,TREND_REVERSAL_UNCONFIRMED,0,0.45,LONG,1,0,0,0
NEARUSDT,1777903200000,2026-05-04T14:00:00.000Z,NEUTRAL,NONE,0,7.875,IGNORE,0,WATCH,,0,0,0,NA,NA,NA,NA,NA,BLOCK,0,0,0,0,0,TREND_REVERSAL_UNCONFIRMED,0,0.45,NONE,1,0,0,0
NEARUSDT,1777906800000,2026-05-04T15:00:00.000Z,BEAR,LONG,20.759300581251676,13.16604492077357,IGNORE,0,WATCH,,0,0,0,NA,NA,NA,NA,NA,BLOCK,0,0,0,0,0,TREND_REVERSAL_UNCONFIRMED,1,0.45,LONG,1,0,0,0
NEARUSDT,1777910400000,2026-05-04T16:00:00.000Z,BEAR,LONG,0,7.875,IGNORE,0,WATCH,,0,0,0,NA,NA,NA,NA,NA,WARNING_SOFT,1,0,0,0,0,TREND_REVERSAL_UNCONFIRMED,0,0.45,LONG,1,0,0,0
NEARUSDT,1777914000000,2026-05-04T17:00:00.000Z,NEUTRAL,NONE,0,7.875,IGNORE,0,WATCH,,0,0,0,NA,NA,NA,NA,NA,CLEAR,1,0,0,0,0,TREND_REVERSAL_UNCONFIRMED,0,0.45,NONE,1,0,0,0
NEARUSDT,1777917600000,2026-05-04T18:00:00.000Z,NEUTRAL,NONE,0,7.875,IGNORE,0,WATCH,,0,0,0,NA,NA,NA,NA,NA,CLEAR,1,0,0,0,0,TREND_REVERSAL_UNCONFIRMED,0,0.45,NONE,1,0,0,0
NEARUSDT,1777921200000,2026-05-04T19:00:00.000Z,NEUTRAL,NONE,0,7.875,IGNORE,0,WATCH,,0,0,0,NA,NA,NA,NA,NA,CLEAR,1,0,0,0,0,TREND_REVERSAL_UNCONFIRMED,0,0.45,NONE,1,0,0,0
NEARUSDT,1777924800000,2026-05-04T20:00:00.000Z,BEAR,LONG,17.5,12.909375,IGNORE,0,WATCH,,0,0,0,NA,NA,NA,NA,NA,WARNING_SOFT,1,0,0,0,0,TREND_REVERSAL_UNCONFIRMED,1,0.45,LONG,1,0,0,0
NEARUSDT,1777928400000,2026-05-04T21:00:00.000Z,NEUTRAL,NONE,0,7.875,IGNORE,0,WATCH,,0,0,0,NA,NA,NA,NA,NA,CLEAR,1,0,0,0,0,TREND_REVERSAL_UNCONFIRMED,0,0.45,NONE,1,0,0,0
NEARUSDT,1777932000000,2026-05-04T22:00:00.000Z,BEAR,LONG,41.62932189396354,18.46580909914963,IGNORE,0,WATCH,,0,0,0,NA,NA,NA,NA,NA,BLOCK,0,0,0,0,0,TREND_REVERSAL_UNCONFIRMED,2,0.45,LONG,1,0,0,0
NEARUSDT,1777935600000,2026-05-04T23:00:00.000Z,BEAR,LONG,17.5,12.909375,IGNORE,0,WATCH,,0,0,0,NA,NA,NA,NA,NA,WARNING_SOFT,1,0,0,0,0,TREND_REVERSAL_UNCONFIRMED,1,0.45,LONG,1,0,0,0
NEARUSDT,1777939200000,2026-05-05T00:00:00.000Z,BEAR,LONG,17.5,12.909375,IGNORE,0,WATCH,,0,0,0,NA,NA,NA,NA,NA,WARNING_SOFT,1,0,0,0,0,TREND_REVERSAL_UNCONFIRMED,1,0.45,LONG,1,0,0,0
NEARUSDT,1777942800000,2026-05-05T01:00:00.000Z,BEAR,LONG,17.5,12.909375,IGNORE,0,WATCH,,0,0,0,NA,NA,NA,NA,NA,WARNING_SOFT,1,0,0,0,0,TREND_REVERSAL_UNCONFIRMED,1,0.45,LONG,1,0,0,0
NEARUSDT,1777946400000,2026-05-05T02:00:00.000Z,BEAR,LONG,17.5,12.909375,IGNORE,0,WATCH,,0,0,0,NA,NA,NA,NA,NA,WARNING_SOFT,1,0,0,0,0,TREND_REVERSAL_UNCONFIRMED,1,0.45,LONG,1,0,0,0
NEARUSDT,1777950000000,2026-05-05T03:00:00.000Z,BEAR,LONG,17.5,12.909375,IGNORE,0,WATCH,,0,0,0,NA,NA,NA,NA,NA,WARNING_SOFT,1,0,0,0,0,TREND_REVERSAL_UNCONFIRMED,1,0.45,LONG,1,0,0,0
NEARUSDT,1777953600000,2026-05-05T04:00:00.000Z,NEUTRAL,NONE,0,7.875,IGNORE,0,WATCH,,0,0,0,NA,NA,NA,NA,NA,CLEAR,1,0,0,0,0,TREND_REVERSAL_UNCONFIRMED,0,0.45,NONE,1,0,0,0
NEARUSDT,1777957200000,2026-05-05T05:00:00.000Z,NEUTRAL,NONE,0,7.875,IGNORE,0,WATCH,,0,0,0,NA,NA,NA,NA,NA,CLEAR,1,0,0,0,0,TREND_REVERSAL_UNCONFIRMED,0,0.45,NONE,1,0,0,0
NEARUSDT,1777960800000,2026-05-05T06:00:00.000Z,NEUTRAL,NONE,0,7.875,IGNORE,0,WATCH,,0,0,0,NA,NA,NA,NA,NA,CLEAR,1,0,0,0,0,TREND_REVERSAL_UNCONFIRMED,0,0.45,NONE,1,0,0,0
NEARUSDT,1777964400000,2026-05-05T07:00:00.000Z,NEUTRAL,NONE,0,7.875,IGNORE,0,WATCH,,0,0,0,NA,NA,NA,NA,NA,CLEAR,1,0,0,0,0,TREND_REVERSAL_UNCONFIRMED,0,0.45,NONE,1,0,0,0
NEARUSDT,1777968000000,2026-05-05T08:00:00.000Z,NEUTRAL,NONE,0,7.875,IGNORE,0,WATCH,,0,0,0,NA,NA,NA,NA,NA,CLEAR,1,0,0,0,0,TREND_REVERSAL_UNCONFIRMED,0,0.45,NONE,1,0,0,0
NEARUSDT,1777971600000,2026-05-05T09:00:00.000Z,NEUTRAL,NONE,0,7.875,IGNORE,0,WATCH,,0,0,0,NA,NA,NA,NA,NA,CLEAR,1,0,0,0,0,TREND_REVERSAL_UNCONFIRMED,0,0.45,NONE,1,0,0,0
NEARUSDT,1777975200000,2026-05-05T10:00:00.000Z,NEUTRAL,NONE,0,7.875,IGNORE,0,WATCH,,0,0,0,NA,NA,NA,NA,NA,CLEAR,1,0,0,0,0,TREND_REVERSAL_UNCONFIRMED,0,0.45,NONE,1,0,0,0
NEARUSDT,1777978800000,2026-05-05T11:00:00.000Z,NEUTRAL,NONE,0,7.875,IGNORE,0,WATCH,,0,0,0,NA,NA,NA,NA,NA,CLEAR,1,0,0,0,0,TREND_REVERSAL_UNCONFIRMED,0,0.45,NONE,1,0,0,0
NEARUSDT,1777982400000,2026-05-05T12:00:00.000Z,NEUTRAL,NONE,0,7.875,IGNORE,0,WATCH,,0,0,0,NA,NA,NA,NA,NA,CLEAR,1,0,0,0,0,TREND_REVERSAL_UNCONFIRMED,0,0.45,NONE,1,0,0,0
NEARUSDT,1777986000000,2026-05-05T13:00:00.000Z,NEUTRAL,NONE,0,7.875,IGNORE,0,WATCH,,0,0,0,NA,NA,NA,NA,NA,CLEAR,1,0,0,0,0,TREND_REVERSAL_UNCONFIRMED,0,0.45,NONE,1,0,0,0
NEARUSDT,1777989600000,2026-05-05T14:00:00.000Z,NEUTRAL,NONE,0,7.875,IGNORE,0,WATCH,,0,0,0,NA,NA,NA,NA,NA,CLEAR,1,0,0,0,0,TREND_REVERSAL_UNCONFIRMED,0,0.45,NONE,1,0,0,0
NEARUSDT,1777993200000,2026-05-05T15:00:00.000Z,BEAR,LONG,17.5,12.909375,IGNORE,0,WATCH,,0,0,0,NA,NA,NA,NA,NA,WARNING_SOFT,1,0,0,0,0,TREND_REVERSAL_UNCONFIRMED,1,0.45,LONG,1,0,0,0
NEARUSDT,1777996800000,2026-05-05T16:00:00.000Z,BEAR,LONG,35.62058377106573,17.992620971971427,IGNORE,0,WATCH,,0,0,0,NA,NA,NA,NA,NA,WARNING_SOFT,1,0,1,0,0,TREND_REVERSAL_UNCONFIRMED,2,0.45,LONG,1,0,0,0
NEARUSDT,1778000400000,2026-05-05T17:00:00.000Z,BEAR,LONG,17.5,12.909375,IGNORE,0,WATCH,,0,0,0,NA,NA,NA,NA,NA,WARNING_SOFT,1,0,0,0,0,TREND_REVERSAL_UNCONFIRMED,1,0.45,LONG,1,0,0,0
NEARUSDT,1778004000000,2026-05-05T18:00:00.000Z,BEAR,LONG,42.5,18.534375,IGNORE,0,WATCH,,0,0,0,NA,NA,NA,NA,NA,WARNING_SOFT,1,0,0,0,0,TREND_REVERSAL_UNCONFIRMED,2,0.45,LONG,1,0,0,0
NEARUSDT,1778007600000,2026-05-05T19:00:00.000Z,NEUTRAL,NONE,0,7.875,IGNORE,0,WATCH,,0,0,0,NA,NA,NA,NA,NA,WARNING_SOFT,1,0,0,0,0,TREND_REVERSAL_UNCONFIRMED,0,0.45,NONE,1,0,0,0
NEARUSDT,1778011200000,2026-05-05T20:00:00.000Z,BULL,SHORT,25,13.5,IGNORE,0,WATCH,,0,0,0,NA,NA,NA,NA,NA,CLEAR,1,1,0,0,0,TREND_REVERSAL_UNCONFIRMED,1,0.45,SHORT,1,0,0,0
NEARUSDT,1778014800000,2026-05-05T21:00:00.000Z,BULL,SHORT,50,19.125,IGNORE,0,WATCH,,0,0,0,NA,NA,NA,NA,NA,CLEAR,1,0,0,0,0,TREND_REVERSAL_UNCONFIRMED,2,0.45,SHORT,1,0,0,0
NEARUSDT,1778018400000,2026-05-05T22:00:00.000Z,BULL,SHORT,23.641550383826555,13.393022092726342,IGNORE,0,WATCH,,0,0,0,NA,NA,NA,NA,NA,CLEAR,1,0,0,0,0,TREND_REVERSAL_UNCONFIRMED,1,0.45,SHORT,1,0,0,0
NEARUSDT,1778022000000,2026-05-05T23:00:00.000Z,BULL,SHORT,0,7.875,IGNORE,0,WATCH,,0,0,0,NA,NA,NA,NA,NA,WARNING_SOFT,1,0,0,0,0,TREND_REVERSAL_UNCONFIRMED,0,0.45,SHORT,1,0,0,0
NEARUSDT,1778025600000,2026-05-06T00:00:00.000Z,BULL,SHORT,0,7.875,IGNORE,0,WATCH,,0,0,0,NA,NA,NA,NA,NA,WARNING_SOFT,1,0,0,0,0,TREND_REVERSAL_UNCONFIRMED,0,0.45,SHORT,1,0,0,0
NEARUSDT,1778029200000,2026-05-06T01:00:00.000Z,BULL,SHORT,14.65436504589304,12.685281247364077,IGNORE,0,WATCH,,0,0,0,NA,NA,NA,NA,NA,CLEAR,1,0,0,0,0,TREND_REVERSAL_UNCONFIRMED,1,0.45,SHORT,1,0,0,0
NEARUSDT,1778032800000,2026-05-06T02:00:00.000Z,BULL,SHORT,0,7.875,IGNORE,0,WATCH,,0,0,0,NA,NA,NA,NA,NA,CLEAR,1,0,0,0,0,TREND_REVERSAL_UNCONFIRMED,0,0.45,SHORT,1,0,0,0
NEARUSDT,1778036400000,2026-05-06T03:00:00.000Z,BULL,SHORT,0,7.875,IGNORE,0,WATCH,,0,0,0,NA,NA,NA,NA,NA,CLEAR,1,0,0,0,0,TREND_REVERSAL_UNCONFIRMED,0,0.45,SHORT,1,0,0,0
NEARUSDT,1778040000000,2026-05-06T04:00:00.000Z,BULL,SHORT,13.69837817345573,12.60999728115964,IGNORE,0,WATCH,,0,0,0,NA,NA,NA,NA,NA,CLEAR,1,0,0,0,0,TREND_REVERSAL_UNCONFIRMED,1,0.45,SHORT,1,0,0,0
NEARUSDT,1778043600000,2026-05-06T05:00:00.000Z,BULL,SHORT,0,7.875,IGNORE,0,WATCH,,0,0,0,NA,NA,NA,NA,NA,CLEAR,1,0,0,0,0,TREND_REVERSAL_UNCONFIRMED,0,0.45,SHORT,1,0,0,0
NEARUSDT,1778047200000,2026-05-06T06:00:00.000Z,BULL,SHORT,16.99984388351987,12.86998770582719,IGNORE,0,WATCH,,0,0,0,NA,NA,NA,NA,NA,CLEAR,1,0,0,0,0,TREND_REVERSAL_UNCONFIRMED,1,0.45,SHORT,1,0,0,0
NEARUSDT,1778050800000,2026-05-06T07:00:00.000Z,BULL,SHORT,39.58333333333333,18.3046875,IGNORE,0,WATCH,,0,0,0,NA,NA,NA,NA,NA,CLEAR,1,0,0,0,0,TREND_REVERSAL_UNCONFIRMED,2,0.45,SHORT,1,0,0,0
NEARUSDT,1778054400000,2026-05-06T08:00:00.000Z,BULL,SHORT,43.05555555555556,18.578125,IGNORE,0,WATCH,,0,0,0,NA,NA,NA,NA,NA,CLEAR,1,0,0,0,0,TREND_REVERSAL_UNCONFIRMED,2,0.45,SHORT,1,0,0,0
NEARUSDT,1778058000000,2026-05-06T09:00:00.000Z,BULL,SHORT,41.31944444444444,18.44140625,IGNORE,0,WATCH,,0,0,0,NA,NA,NA,NA,NA,CLEAR,1,0,0,0,0,TREND_REVERSAL_UNCONFIRMED,2,0.45,SHORT,1,0,0,0
NEARUSDT,1778061600000,2026-05-06T10:00:00.000Z,BULL,SHORT,41.31944444444444,18.44140625,IGNORE,0,WATCH,,0,0,0,NA,NA,NA,NA,NA,CLEAR,1,1,0,0,0,TREND_REVERSAL_UNCONFIRMED,2,0.45,SHORT,1,0,0,0
NEARUSDT,1778065200000,2026-05-06T11:00:00.000Z,BULL,SHORT,43.05555555555556,18.578125,IGNORE,0,WATCH,,0,0,0,NA,NA,NA,NA,NA,CLEAR,1,1,0,0,0,TREND_REVERSAL_UNCONFIRMED,2,0.45,SHORT,1,0,0,0
NEARUSDT,1778068800000,2026-05-06T12:00:00.000Z,BULL,SHORT,68.05555555555556,44.759166666666665,WATCH,1,WATCH,ACTIVE,1,1,0,FAIL,PASS,SKIP,SKIP,FAIL,CLEAR,1,0,0,0,0,MARKET_CONTEXT_DENIED,3,0.84,SHORT,1,0,0,0
NEARUSDT,1778072400000,2026-05-06T13:00:00.000Z,BULL,SHORT,39.58333333333333,18.3046875,IGNORE,0,WATCH,,0,0,0,NA,NA,NA,NA,NA,CLEAR,1,0,0,0,0,TREND_REVERSAL_UNCONFIRMED,2,0.45,SHORT,1,0,0,0
NEARUSDT,1778076000000,2026-05-06T14:00:00.000Z,BULL,SHORT,39.58333333333333,18.3046875,IGNORE,0,WATCH,,0,0,0,NA,NA,NA,NA,NA,WARNING_HARD,1,0,0,0,0,TREND_REVERSAL_UNCONFIRMED,2,0.45,SHORT,1,0,0,0
NEARUSDT,1778079600000,2026-05-06T15:00:00.000Z,BULL,SHORT,38.96708228796216,18.25615773017702,IGNORE,0,WATCH,,0,0,0,NA,NA,NA,NA,NA,CLEAR,1,1,0,0,0,TREND_REVERSAL_UNCONFIRMED,2,0.45,SHORT,1,0,0,0
NEARUSDT,1778083200000,2026-05-06T16:00:00.000Z,BULL,SHORT,31.38127252977627,17.65877521171988,IGNORE,0,WATCH,,0,0,0,NA,NA,NA,NA,NA,WARNING_SOFT,1,0,0,0,0,TREND_REVERSAL_UNCONFIRMED,2,0.45,SHORT,1,0,0,0
NEARUSDT,1778086800000,2026-05-06T17:00:00.000Z,BULL,SHORT,16.319444444444443,12.81640625,IGNORE,0,WATCH,,0,0,0,NA,NA,NA,NA,NA,WARNING_SOFT,1,0,0,0,0,TREND_REVERSAL_UNCONFIRMED,1,0.45,SHORT,1,0,0,0
NEARUSDT,1778090400000,2026-05-06T18:00:00.000Z,BULL,SHORT,39.58333333333333,18.3046875,IGNORE,0,WATCH,,0,0,0,NA,NA,NA,NA,NA,WARNING_SOFT,1,0,0,0,0,TREND_REVERSAL_UNCONFIRMED,2,0.45,SHORT,1,0,0,0
NEARUSDT,1778094000000,2026-05-06T19:00:00.000Z,BULL,SHORT,14.583333333333332,12.6796875,IGNORE,0,WATCH,,0,0,0,NA,NA,NA,NA,NA,WARNING_SOFT,1,0,0,0,0,TREND_REVERSAL_UNCONFIRMED,1,0.45,SHORT,1,0,0,0
NEARUSDT,1778097600000,2026-05-06T20:00:00.000Z,BULL,SHORT,14.583333333333332,12.6796875,IGNORE,0,WATCH,,0,0,0,NA,NA,NA,NA,NA,WARNING_SOFT,1,0,0,0,0,TREND_REVERSAL_UNCONFIRMED,1,0.45,SHORT,1,0,0,0
NEARUSDT,1778101200000,2026-05-06T21:00:00.000Z,BULL,SHORT,16.319444444444443,12.81640625,IGNORE,0,WATCH,,0,0,0,NA,NA,NA,NA,NA,WARNING_SOFT,1,0,0,0,0,TREND_REVERSAL_UNCONFIRMED,1,0.45,SHORT,1,0,0,0
NEARUSDT,1778104800000,2026-05-06T22:00:00.000Z,BULL,SHORT,0,7.875,IGNORE,0,WATCH,,0,0,0,NA,NA,NA,NA,NA,WARNING_SOFT,1,0,0,0,0,TREND_REVERSAL_UNCONFIRMED,0,0.45,SHORT,1,0,0,0
NEARUSDT,1778108400000,2026-05-06T23:00:00.000Z,BULL,SHORT,0,7.875,IGNORE,0,WATCH,,0,0,0,NA,NA,NA,NA,NA,WARNING_SOFT,1,0,0,0,0,TREND_REVERSAL_UNCONFIRMED,0,0.45,SHORT,1,0,0,0
NEARUSDT,1778112000000,2026-05-07T00:00:00.000Z,BULL,SHORT,0,7.875,IGNORE,0,WATCH,,0,0,0,NA,NA,NA,NA,NA,WARNING_SOFT,1,0,0,0,0,TREND_REVERSAL_UNCONFIRMED,0,0.45,SHORT,1,0,0,0
NEARUSDT,1778115600000,2026-05-07T01:00:00.000Z,BULL,SHORT,0,7.875,IGNORE,0,WATCH,,0,0,0,NA,NA,NA,NA,NA,WARNING_SOFT,1,0,0,0,0,TREND_REVERSAL_UNCONFIRMED,0,0.45,SHORT,1,0,0,0
NEARUSDT,1778119200000,2026-05-07T02:00:00.000Z,BULL,SHORT,0,7.875,IGNORE,0,WATCH,,0,0,0,NA,NA,NA,NA,NA,WARNING_SOFT,1,0,0,0,0,TREND_REVERSAL_UNCONFIRMED,0,0.45,SHORT,1,0,0,0
NEARUSDT,1778122800000,2026-05-07T03:00:00.000Z,BULL,SHORT,0,7.875,IGNORE,0,WATCH,,0,0,0,NA,NA,NA,NA,NA,WARNING_SOFT,1,0,0,0,0,TREND_REVERSAL_UNCONFIRMED,0,0.45,SHORT,1,0,0,0
NEARUSDT,1778126400000,2026-05-07T04:00:00.000Z,BULL,SHORT,0,7.875,IGNORE,0,WATCH,,0,0,0,NA,NA,NA,NA,NA,WARNING_SOFT,1,0,0,0,0,TREND_REVERSAL_UNCONFIRMED,0,0.45,SHORT,1,0,0,0
NEARUSDT,1778130000000,2026-05-07T05:00:00.000Z,BULL,SHORT,0,7.875,IGNORE,0,WATCH,,0,0,0,NA,NA,NA,NA,NA,WARNING_HARD,1,0,0,0,0,TREND_REVERSAL_UNCONFIRMED,0,0.45,SHORT,1,0,0,0
NEARUSDT,1778133600000,2026-05-07T06:00:00.000Z,BULL,SHORT,16.666666666666664,12.84375,IGNORE,0,WATCH,,0,0,0,NA,NA,NA,NA,NA,CLEAR,1,0,0,0,0,TREND_REVERSAL_UNCONFIRMED,1,0.45,SHORT,1,0,0,0
NEARUSDT,1778137200000,2026-05-07T07:00:00.000Z,BULL,SHORT,25,13.5,IGNORE,0,WATCH,,0,0,0,NA,NA,NA,NA,NA,CLEAR,1,0,0,0,0,TREND_REVERSAL_UNCONFIRMED,1,0.45,SHORT,1,0,0,0
NEARUSDT,1778140800000,2026-05-07T08:00:00.000Z,NEUTRAL,NONE,0,7.875,IGNORE,0,WATCH,,0,0,0,NA,NA,NA,NA,NA,WARNING_SOFT,1,0,0,0,0,TREND_REVERSAL_UNCONFIRMED,0,0.45,NONE,1,0,0,0
NEARUSDT,1778144400000,2026-05-07T09:00:00.000Z,NEUTRAL,NONE,0,7.875,IGNORE,0,WATCH,,0,0,0,NA,NA,NA,NA,NA,WARNING_SOFT,1,0,0,0,0,TREND_REVERSAL_UNCONFIRMED,0,0.45,NONE,1,0,0,0
NEARUSDT,1778148000000,2026-05-07T10:00:00.000Z,NEUTRAL,NONE,0,7.875,IGNORE,0,WATCH,,0,0,0,NA,NA,NA,NA,NA,WARNING_SOFT,1,0,0,0,0,TREND_REVERSAL_UNCONFIRMED,0,0.45,NONE,1,0,0,0
NEARUSDT,1778151600000,2026-05-07T11:00:00.000Z,NEUTRAL,NONE,0,7.875,IGNORE,0,WATCH,,0,0,0,NA,NA,NA,NA,NA,WARNING_SOFT,1,0,0,0,0,TREND_REVERSAL_UNCONFIRMED,0,0.45,NONE,1,0,0,0
NEARUSDT,1778155200000,2026-05-07T12:00:00.000Z,BULL,SHORT,25,13.5,IGNORE,0,WATCH,,0,0,0,NA,NA,NA,NA,NA,WARNING_SOFT,1,0,0,0,0,TREND_REVERSAL_UNCONFIRMED,1,0.45,SHORT,1,0,0,0
NEARUSDT,1778158800000,2026-05-07T13:00:00.000Z,BULL,SHORT,0,7.875,IGNORE,0,WATCH,,0,0,0,NA,NA,NA,NA,NA,WARNING_SOFT,1,0,0,0,0,TREND_REVERSAL_UNCONFIRMED,0,0.45,SHORT,1,0,0,0
NEARUSDT,1778162400000,2026-05-07T14:00:00.000Z,NEUTRAL,NONE,0,7.875,IGNORE,0,WATCH,,0,0,0,NA,NA,NA,NA,NA,WARNING_SOFT,1,0,0,0,0,TREND_REVERSAL_UNCONFIRMED,0,0.45,NONE,1,0,0,0
NEARUSDT,1778166000000,2026-05-07T15:00:00.000Z,BULL,SHORT,0,7.875,IGNORE,0,WATCH,,0,0,0,NA,NA,NA,NA,NA,WARNING_SOFT,1,0,0,0,0,TREND_REVERSAL_UNCONFIRMED,0,0.45,SHORT,1,0,0,0
NEARUSDT,1778169600000,2026-05-07T16:00:00.000Z,NEUTRAL,NONE,0,7.875,IGNORE,0,WATCH,,0,0,0,NA,NA,NA,NA,NA,WARNING_SOFT,1,0,0,0,0,TREND_REVERSAL_UNCONFIRMED,0,0.45,NONE,1,0,0,0
NEARUSDT,1778173200000,2026-05-07T17:00:00.000Z,BULL,SHORT,17.5,12.909375,IGNORE,0,WATCH,,0,0,0,NA,NA,NA,NA,NA,WARNING_SOFT,1,0,0,0,0,TREND_REVERSAL_UNCONFIRMED,1,0.45,SHORT,1,0,0,0
NEARUSDT,1778176800000,2026-05-07T18:00:00.000Z,NEUTRAL,NONE,0,7.875,IGNORE,0,WATCH,,0,0,0,NA,NA,NA,NA,NA,WARNING_SOFT,1,0,0,0,0,TREND_REVERSAL_UNCONFIRMED,0,0.45,NONE,1,0,0,0
NEARUSDT,1778180400000,2026-05-07T19:00:00.000Z,NEUTRAL,NONE,0,7.875,IGNORE,0,WATCH,,0,0,0,NA,NA,NA,NA,NA,WARNING_SOFT,1,0,0,0,0,TREND_REVERSAL_UNCONFIRMED,0,0.45,NONE,1,0,0,0
NEARUSDT,1778184000000,2026-05-07T20:00:00.000Z,NEUTRAL,NONE,0,7.875,IGNORE,0,WATCH,,0,0,0,NA,NA,NA,NA,NA,BLOCK,0,0,0,0,0,TREND_REVERSAL_UNCONFIRMED,0,0.45,NONE,1,0,0,0
NEARUSDT,1778187600000,2026-05-07T21:00:00.000Z,NEUTRAL,NONE,0,7.875,IGNORE,0,WATCH,,0,0,0,NA,NA,NA,NA,NA,WARNING_SOFT,1,0,0,0,0,TREND_REVERSAL_UNCONFIRMED,0,0.45,NONE,1,0,0,0
NEARUSDT,1778191200000,2026-05-07T22:00:00.000Z,NEUTRAL,NONE,0,7.875,IGNORE,0,WATCH,,0,0,0,NA,NA,NA,NA,NA,WARNING_SOFT,1,0,0,0,0,TREND_REVERSAL_UNCONFIRMED,0,0.45,NONE,1,0,0,0
NEARUSDT,1778194800000,2026-05-07T23:00:00.000Z,NEUTRAL,NONE,0,7.875,IGNORE,0,WATCH,,0,0,0,NA,NA,NA,NA,NA,WARNING_SOFT,1,0,0,0,0,TREND_REVERSAL_UNCONFIRMED,0,0.45,NONE,1,0,0,0
NEARUSDT,1778198400000,2026-05-08T00:00:00.000Z,NEUTRAL,NONE,0,7.875,IGNORE,0,WATCH,,0,0,0,NA,NA,NA,NA,NA,WARNING_SOFT,1,0,0,0,0,TREND_REVERSAL_UNCONFIRMED,0,0.45,NONE,1,0,0,0
NEARUSDT,1778202000000,2026-05-08T01:00:00.000Z,NEUTRAL,NONE,0,7.875,IGNORE,0,WATCH,,0,0,0,NA,NA,NA,NA,NA,WARNING_SOFT,1,0,0,0,0,TREND_REVERSAL_UNCONFIRMED,0,0.45,NONE,1,0,0,0
NEARUSDT,1778205600000,2026-05-08T02:00:00.000Z,BULL,SHORT,42.5,18.534375,IGNORE,0,WATCH,,0,0,0,NA,NA,NA,NA,NA,WARNING_SOFT,1,0,0,0,0,TREND_REVERSAL_UNCONFIRMED,2,0.45,SHORT,1,0,0,0
NEARUSDT,1778209200000,2026-05-08T03:00:00.000Z,BULL,SHORT,17.5,12.909375,IGNORE,0,WATCH,,0,0,0,NA,NA,NA,NA,NA,WARNING_HARD,1,0,0,0,0,TREND_REVERSAL_UNCONFIRMED,1,0.45,SHORT,1,0,0,0
NEARUSDT,1778212800000,2026-05-08T04:00:00.000Z,BULL,SHORT,17.5,12.909375,IGNORE,0,WATCH,,0,0,0,NA,NA,NA,NA,NA,WARNING_SOFT,1,0,0,0,0,TREND_REVERSAL_UNCONFIRMED,1,0.45,SHORT,1,0,0,0
NEARUSDT,1778216400000,2026-05-08T05:00:00.000Z,BULL,SHORT,17.5,12.909375,IGNORE,0,WATCH,,0,0,0,NA,NA,NA,NA,NA,WARNING_SOFT,1,0,0,0,0,TREND_REVERSAL_UNCONFIRMED,1,0.45,SHORT,1,0,0,0
NEARUSDT,1778220000000,2026-05-08T06:00:00.000Z,BULL,SHORT,17.5,12.909375,IGNORE,0,WATCH,,0,0,0,NA,NA,NA,NA,NA,WARNING_SOFT,1,0,0,0,0,TREND_REVERSAL_UNCONFIRMED,1,0.45,SHORT,1,0,0,0
NEARUSDT,1778223600000,2026-05-08T07:00:00.000Z,BULL,SHORT,55.34722222222222,52.13104166666666,WATCH,1,WATCH,ACTIVE,1,1,0,PASS,PASS,SKIP,SKIP,FAIL,WARNING_HARD,1,1,0,0,0,MARKET_CONTEXT_DENIED,3,0.84,SHORT,0,1,0,0
NEARUSDT,1778227200000,2026-05-08T08:00:00.000Z,BULL,SHORT,55.34722222222222,52.13104166666666,WATCH,1,WATCH,ACTIVE,1,1,0,PASS,PASS,SKIP,SKIP,FAIL,WARNING_HARD,1,1,0,0,0,MARKET_CONTEXT_DENIED,3,0.84,SHORT,0,1,0,0
NEARUSDT,1778230800000,2026-05-08T09:00:00.000Z,BULL,SHORT,59.166666666666664,52.692499999999995,WATCH,1,WATCH,ACTIVE,1,1,0,PASS,PASS,SKIP,SKIP,FAIL,WARNING_HARD,1,1,0,0,0,MARKET_CONTEXT_DENIED,3,0.84,SHORT,0,1,0,0
NEARUSDT,1778234400000,2026-05-08T10:00:00.000Z,BULL,SHORT,69,60.963,WATCH,1,WATCH,ACTIVE,1,1,0,PASS,PASS,SKIP,SKIP,FAIL,CLEAR,1,0,0,0,0,MARKET_CONTEXT_DENIED,4,0.84,SHORT,0,1,0,0
NEARUSDT,1778238000000,2026-05-08T11:00:00.000Z,BULL,SHORT,31.682396677658282,17.68248873836559,IGNORE,0,WATCH,,0,0,0,NA,NA,NA,NA,NA,CLEAR,1,0,0,0,0,TREND_REVERSAL_UNCONFIRMED,2,0.45,SHORT,1,0,0,0
NEARUSDT,1778241600000,2026-05-08T12:00:00.000Z,BULL,SHORT,17.5,12.909375,IGNORE,0,WATCH,,0,0,0,NA,NA,NA,NA,NA,CLEAR,1,0,0,0,0,TREND_REVERSAL_UNCONFIRMED,1,0.45,SHORT,1,0,0,0
NEARUSDT,1778245200000,2026-05-08T13:00:00.000Z,BULL,SHORT,13.014096444333505,12.556110094991265,IGNORE,0,WATCH,,0,0,0,NA,NA,NA,NA,NA,WARNING_SOFT,1,0,0,0,0,TREND_REVERSAL_UNCONFIRMED,1,0.45,SHORT,1,0,0,0
NEARUSDT,1778248800000,2026-05-08T14:00:00.000Z,BULL,SHORT,28.316755700031646,17.417444511377493,IGNORE,0,WATCH,,0,0,0,NA,NA,NA,NA,NA,CLEAR,1,0,0,0,0,TREND_REVERSAL_UNCONFIRMED,2,0.45,SHORT,1,0,0,0
NEARUSDT,1778252400000,2026-05-08T15:00:00.000Z,BULL,SHORT,33.24398296609576,17.80546365858004,IGNORE,0,WATCH,,0,0,0,NA,NA,NA,NA,NA,CLEAR,1,0,0,0,0,TREND_REVERSAL_UNCONFIRMED,2,0.45,SHORT,1,0,0,0
NEARUSDT,1778256000000,2026-05-08T16:00:00.000Z,BULL,SHORT,25,13.5,IGNORE,0,WATCH,,0,0,0,NA,NA,NA,NA,NA,WARNING_SOFT,1,0,0,0,0,TREND_REVERSAL_UNCONFIRMED,1,0.45,SHORT,1,0,0,0
NEARUSDT,1778259600000,2026-05-08T17:00:00.000Z,BULL,SHORT,14.112256520488808,12.642590200988494,IGNORE,0,WATCH,,0,0,0,NA,NA,NA,NA,NA,CLEAR,1,0,0,0,0,TREND_REVERSAL_UNCONFIRMED,1,0.45,SHORT,1,0,0,0
NEARUSDT,1778263200000,2026-05-08T18:00:00.000Z,BULL,SHORT,0,7.875,IGNORE,0,WATCH,,0,0,0,NA,NA,NA,NA,NA,CLEAR,1,0,0,0,0,TREND_REVERSAL_UNCONFIRMED,0,0.45,SHORT,1,0,0,0
NEARUSDT,1778266800000,2026-05-08T19:00:00.000Z,BULL,SHORT,0,7.875,IGNORE,0,WATCH,,0,0,0,NA,NA,NA,NA,NA,CLEAR,1,0,0,0,0,TREND_REVERSAL_UNCONFIRMED,0,0.45,SHORT,1,0,0,0
NEARUSDT,1778270400000,2026-05-08T20:00:00.000Z,BULL,SHORT,0,7.875,IGNORE,0,WATCH,,0,0,0,NA,NA,NA,NA,NA,CLEAR,1,0,0,0,0,TREND_REVERSAL_UNCONFIRMED,0,0.45,SHORT,1,0,0,0
NEARUSDT,1778274000000,2026-05-08T21:00:00.000Z,BULL,SHORT,0,7.875,IGNORE,0,WATCH,,0,0,0,NA,NA,NA,NA,NA,CLEAR,1,0,0,0,0,TREND_REVERSAL_UNCONFIRMED,0,0.45,SHORT,1,0,0,0
NEARUSDT,1778277600000,2026-05-08T22:00:00.000Z,BULL,SHORT,12.847222222222221,12.54296875,IGNORE,0,WATCH,,0,0,0,NA,NA,NA,NA,NA,CLEAR,1,0,0,0,0,TREND_REVERSAL_UNCONFIRMED,1,0.45,SHORT,1,0,0,0
NEARUSDT,1778281200000,2026-05-08T23:00:00.000Z,BULL,SHORT,12.847222222222221,12.54296875,IGNORE,0,WATCH,,0,0,0,NA,NA,NA,NA,NA,CLEAR,1,0,0,0,0,TREND_REVERSAL_UNCONFIRMED,1,0.45,SHORT,1,0,0,0
NEARUSDT,1778284800000,2026-05-09T00:00:00.000Z,BULL,SHORT,0,7.875,IGNORE,0,WATCH,,0,0,0,NA,NA,NA,NA,NA,CLEAR,1,0,0,0,0,TREND_REVERSAL_UNCONFIRMED,0,0.45,SHORT,1,0,0,0
NEARUSDT,1778288400000,2026-05-09T01:00:00.000Z,BULL,SHORT,0,7.875,IGNORE,0,WATCH,,0,0,0,NA,NA,NA,NA,NA,CLEAR,1,0,0,0,0,TREND_REVERSAL_UNCONFIRMED,0,0.45,SHORT,1,0,0,0
NEARUSDT,1778292000000,2026-05-09T02:00:00.000Z,BULL,SHORT,25,13.5,IGNORE,0,WATCH,,0,0,0,NA,NA,NA,NA,NA,CLEAR,1,0,0,0,0,TREND_REVERSAL_UNCONFIRMED,1,0.45,SHORT,1,0,0,0
NEARUSDT,1778295600000,2026-05-09T03:00:00.000Z,BULL,SHORT,0,7.875,IGNORE,0,WATCH,,0,0,0,NA,NA,NA,NA,NA,CLEAR,1,0,0,0,0,TREND_REVERSAL_UNCONFIRMED,0,0.45,SHORT,1,0,0,0
NEARUSDT,1778299200000,2026-05-09T04:00:00.000Z,BULL,SHORT,0,7.875,IGNORE,0,WATCH,,0,0,0,NA,NA,NA,NA,NA,WARNING_SOFT,1,0,0,0,0,TREND_REVERSAL_UNCONFIRMED,0,0.45,SHORT,1,0,0,0
NEARUSDT,1778302800000,2026-05-09T05:00:00.000Z,BULL,SHORT,0,7.875,IGNORE,0,WATCH,,0,0,0,NA,NA,NA,NA,NA,WARNING_SOFT,1,0,0,0,0,TREND_REVERSAL_UNCONFIRMED,0,0.45,SHORT,1,0,0,0
NEARUSDT,1778306400000,2026-05-09T06:00:00.000Z,BULL,SHORT,0,7.875,IGNORE,0,WATCH,,0,0,0,NA,NA,NA,NA,NA,CLEAR,1,0,0,0,0,TREND_REVERSAL_UNCONFIRMED,0,0.45,SHORT,1,0,0,0
NEARUSDT,1778310000000,2026-05-09T07:00:00.000Z,BULL,SHORT,0,7.875,IGNORE,0,WATCH,,0,0,0,NA,NA,NA,NA,NA,WARNING_SOFT,1,0,0,0,0,TREND_REVERSAL_UNCONFIRMED,0,0.45,SHORT,1,0,0,0
NEARUSDT,1778313600000,2026-05-09T08:00:00.000Z,BULL,SHORT,0,7.875,IGNORE,0,WATCH,,0,0,0,NA,NA,NA,NA,NA,WARNING_SOFT,1,0,0,0,0,TREND_REVERSAL_UNCONFIRMED,0,0.45,SHORT,1,0,0,0
NEARUSDT,1778317200000,2026-05-09T09:00:00.000Z,NEUTRAL,NONE,0,7.875,IGNORE,0,WATCH,,0,0,0,NA,NA,NA,NA,NA,WARNING_SOFT,1,0,0,0,0,TREND_REVERSAL_UNCONFIRMED,0,0.45,NONE,1,0,0,0
NEARUSDT,1778320800000,2026-05-09T10:00:00.000Z,BULL,SHORT,0,7.875,IGNORE,0,WATCH,,0,0,0,NA,NA,NA,NA,NA,WARNING_SOFT,1,0,0,0,0,TREND_REVERSAL_UNCONFIRMED,0,0.45,SHORT,1,0,0,0
NEARUSDT,1778324400000,2026-05-09T11:00:00.000Z,BULL,SHORT,0,7.875,IGNORE,0,WATCH,,0,0,0,NA,NA,NA,NA,NA,WARNING_SOFT,1,0,0,0,0,TREND_REVERSAL_UNCONFIRMED,0,0.45,SHORT,1,0,0,0
NEARUSDT,1778328000000,2026-05-09T12:00:00.000Z,NEUTRAL,NONE,0,7.875,IGNORE,0,WATCH,,0,0,0,NA,NA,NA,NA,NA,WARNING_SOFT,1,0,0,0,0,TREND_REVERSAL_UNCONFIRMED,0,0.45,NONE,1,0,0,0
NEARUSDT,1778331600000,2026-05-09T13:00:00.000Z,NEUTRAL,NONE,0,7.875,IGNORE,0,WATCH,,0,0,0,NA,NA,NA,NA,NA,WARNING_SOFT,1,0,0,0,0,TREND_REVERSAL_UNCONFIRMED,0,0.45,NONE,1,0,0,0
NEARUSDT,1778335200000,2026-05-09T14:00:00.000Z,NEUTRAL,NONE,0,7.875,IGNORE,0,WATCH,,0,0,0,NA,NA,NA,NA,NA,WARNING_SOFT,1,0,0,0,0,TREND_REVERSAL_UNCONFIRMED,0,0.45,NONE,1,0,0,0
NEARUSDT,1778338800000,2026-05-09T15:00:00.000Z,NEUTRAL,NONE,0,7.875,IGNORE,0,WATCH,,0,0,0,NA,NA,NA,NA,NA,BLOCK,0,0,0,0,0,TREND_REVERSAL_UNCONFIRMED,0,0.45,NONE,1,0,0,0
NEARUSDT,1778342400000,2026-05-09T16:00:00.000Z,NEUTRAL,NONE,0,7.875,IGNORE,0,WATCH,,0,0,0,NA,NA,NA,NA,NA,WARNING_SOFT,1,0,0,0,0,TREND_REVERSAL_UNCONFIRMED,0,0.45,NONE,1,0,0,0
NEARUSDT,1778346000000,2026-05-09T17:00:00.000Z,NEUTRAL,NONE,0,7.875,IGNORE,0,WATCH,,0,0,0,NA,NA,NA,NA,NA,WARNING_SOFT,1,0,0,0,0,TREND_REVERSAL_UNCONFIRMED,0,0.45,NONE,1,0,0,0
NEARUSDT,1778349600000,2026-05-09T18:00:00.000Z,NEUTRAL,NONE,0,7.875,IGNORE,0,WATCH,,0,0,0,NA,NA,NA,NA,NA,WARNING_SOFT,1,0,0,0,0,TREND_REVERSAL_UNCONFIRMED,0,0.45,NONE,1,0,0,0
NEARUSDT,1778353200000,2026-05-09T19:00:00.000Z,NEUTRAL,NONE,0,7.875,IGNORE,0,WATCH,,0,0,0,NA,NA,NA,NA,NA,WARNING_SOFT,1,0,0,0,0,TREND_REVERSAL_UNCONFIRMED,0,0.45,NONE,1,0,0,0
NEARUSDT,1778356800000,2026-05-09T20:00:00.000Z,NEUTRAL,NONE,0,7.875,IGNORE,0,WATCH,,0,0,0,NA,NA,NA,NA,NA,WARNING_SOFT,1,0,0,0,0,TREND_REVERSAL_UNCONFIRMED,0,0.45,NONE,1,0,0,0
NEARUSDT,1778360400000,2026-05-09T21:00:00.000Z,NEUTRAL,NONE,0,7.875,IGNORE,0,WATCH,,0,0,0,NA,NA,NA,NA,NA,WARNING_SOFT,1,0,0,0,0,TREND_REVERSAL_UNCONFIRMED,0,0.45,NONE,1,0,0,0
NEARUSDT,1778364000000,2026-05-09T22:00:00.000Z,NEUTRAL,NONE,0,7.875,IGNORE,0,WATCH,,0,0,0,NA,NA,NA,NA,NA,WARNING_SOFT,1,0,0,0,0,TREND_REVERSAL_UNCONFIRMED,0,0.45,NONE,1,0,0,0
NEARUSDT,1778367600000,2026-05-09T23:00:00.000Z,BULL,SHORT,17.5,12.909375,IGNORE,0,WATCH,,0,0,0,NA,NA,NA,NA,NA,CLEAR,1,0,0,0,0,TREND_REVERSAL_UNCONFIRMED,1,0.45,SHORT,1,0,0,0
NEARUSDT,1778371200000,2026-05-10T00:00:00.000Z,NEUTRAL,NONE,0,7.875,IGNORE,0,WATCH,,0,0,0,NA,NA,NA,NA,NA,BLOCK,0,0,0,0,0,TREND_REVERSAL_UNCONFIRMED,0,0.45,NONE,1,0,0,0
NEARUSDT,1778374800000,2026-05-10T01:00:00.000Z,NEUTRAL,NONE,0,7.875,IGNORE,0,WATCH,,0,0,0,NA,NA,NA,NA,NA,WARNING_SOFT,1,0,0,0,0,TREND_REVERSAL_UNCONFIRMED,0,0.45,NONE,1,0,0,0
NEARUSDT,1778378400000,2026-05-10T02:00:00.000Z,NEUTRAL,NONE,0,7.875,IGNORE,0,WATCH,,0,0,0,NA,NA,NA,NA,NA,WARNING_SOFT,1,0,0,0,0,TREND_REVERSAL_UNCONFIRMED,0,0.45,NONE,1,0,0,0
NEARUSDT,1778382000000,2026-05-10T03:00:00.000Z,NEUTRAL,NONE,0,7.875,IGNORE,0,WATCH,,0,0,0,NA,NA,NA,NA,NA,WARNING_SOFT,1,0,0,0,0,TREND_REVERSAL_UNCONFIRMED,0,0.45,NONE,1,0,0,0
NEARUSDT,1778385600000,2026-05-10T04:00:00.000Z,NEUTRAL,NONE,0,7.875,IGNORE,0,WATCH,,0,0,0,NA,NA,NA,NA,NA,WARNING_SOFT,1,0,0,0,0,TREND_REVERSAL_UNCONFIRMED,0,0.45,NONE,1,0,0,0
NEARUSDT,1778389200000,2026-05-10T05:00:00.000Z,NEUTRAL,NONE,0,7.875,IGNORE,0,WATCH,,0,0,0,NA,NA,NA,NA,NA,WARNING_SOFT,1,0,0,0,0,TREND_REVERSAL_UNCONFIRMED,0,0.45,NONE,1,0,0,0
NEARUSDT,1778392800000,2026-05-10T06:00:00.000Z,NEUTRAL,NONE,0,7.875,IGNORE,0,WATCH,,0,0,0,NA,NA,NA,NA,NA,WARNING_SOFT,1,0,0,0,0,TREND_REVERSAL_UNCONFIRMED,0,0.45,NONE,1,0,0,0
NEARUSDT,1778396400000,2026-05-10T07:00:00.000Z,BULL,SHORT,17.5,12.909375,IGNORE,0,WATCH,,0,0,0,NA,NA,NA,NA,NA,CLEAR,1,0,0,0,0,TREND_REVERSAL_UNCONFIRMED,1,0.45,SHORT,1,0,0,0
NEARUSDT,1778400000000,2026-05-10T08:00:00.000Z,BULL,SHORT,34.01462729862928,17.866151899767054,IGNORE,0,WATCH,,0,0,0,NA,NA,NA,NA,NA,CLEAR,1,0,0,0,0,TREND_REVERSAL_UNCONFIRMED,2,0.45,SHORT,1,0,0,0
NEARUSDT,1778403600000,2026-05-10T09:00:00.000Z,BULL,SHORT,42.5,18.534375,IGNORE,0,WATCH,,0,0,0,NA,NA,NA,NA,NA,CLEAR,1,0,0,0,0,TREND_REVERSAL_UNCONFIRMED,2,0.45,SHORT,1,0,0,0
NEARUSDT,1778407200000,2026-05-10T10:00:00.000Z,BULL,SHORT,17.5,12.909375,IGNORE,0,WATCH,,0,0,0,NA,NA,NA,NA,NA,CLEAR,1,0,0,0,0,TREND_REVERSAL_UNCONFIRMED,1,0.45,SHORT,1,0,0,0
NEARUSDT,1778410800000,2026-05-10T11:00:00.000Z,BULL,SHORT,0,7.875,IGNORE,0,WATCH,,0,0,0,NA,NA,NA,NA,NA,CLEAR,1,0,0,0,0,TREND_REVERSAL_UNCONFIRMED,0,0.45,SHORT,1,0,0,0
NEARUSDT,1778414400000,2026-05-10T12:00:00.000Z,BULL,SHORT,0,7.875,IGNORE,0,WATCH,,0,0,0,NA,NA,NA,NA,NA,CLEAR,1,0,0,0,0,TREND_REVERSAL_UNCONFIRMED,0,0.45,SHORT,1,0,0,0
NEARUSDT,1778418000000,2026-05-10T13:00:00.000Z,BULL,SHORT,16.028453706411256,12.793490729379887,IGNORE,0,WATCH,,0,0,0,NA,NA,NA,NA,NA,CLEAR,1,0,0,0,0,TREND_REVERSAL_UNCONFIRMED,1,0.45,SHORT,1,0,0,0
NEARUSDT,1778421600000,2026-05-10T14:00:00.000Z,BULL,SHORT,39.14540006757093,18.270200255321214,IGNORE,0,WATCH,,0,0,0,NA,NA,NA,NA,NA,CLEAR,1,0,0,0,0,TREND_REVERSAL_UNCONFIRMED,2,0.45,SHORT,1,0,0,0
NEARUSDT,1778425200000,2026-05-10T15:00:00.000Z,BULL,SHORT,14.717596842252526,12.690260751327386,IGNORE,0,WATCH,,0,0,0,NA,NA,NA,NA,NA,CLEAR,1,0,0,0,0,TREND_REVERSAL_UNCONFIRMED,1,0.45,SHORT,1,0,0,0
NEARUSDT,1778428800000,2026-05-10T16:00:00.000Z,BULL,SHORT,19.075104498634722,13.033414479267485,IGNORE,0,WATCH,,0,0,0,NA,NA,NA,NA,NA,CLEAR,1,0,0,0,0,TREND_REVERSAL_UNCONFIRMED,1,0.45,SHORT,1,0,0,0
NEARUSDT,1778432400000,2026-05-10T17:00:00.000Z,BULL,SHORT,25,13.5,IGNORE,0,WATCH,,0,0,0,NA,NA,NA,NA,NA,CLEAR,1,0,0,0,0,TREND_REVERSAL_UNCONFIRMED,1,0.45,SHORT,1,0,0,0
NEARUSDT,1778436000000,2026-05-10T18:00:00.000Z,BULL,SHORT,18.387638214001065,12.979276509352585,IGNORE,0,WATCH,,0,0,0,NA,NA,NA,NA,NA,CLEAR,1,0,0,0,0,TREND_REVERSAL_UNCONFIRMED,1,0.45,SHORT,1,0,0,0
NEARUSDT,1778439600000,2026-05-10T19:00:00.000Z,BULL,SHORT,38.19444444444444,18.1953125,IGNORE,0,WATCH,,0,0,0,NA,NA,NA,NA,NA,CLEAR,1,1,0,0,0,TREND_REVERSAL_UNCONFIRMED,2,0.45,SHORT,1,0,0,0
NEARUSDT,1778443200000,2026-05-10T20:00:00.000Z,NEUTRAL,NONE,0,7.875,IGNORE,0,WATCH,,0,0,0,NA,NA,NA,NA,NA,BLOCK,0,0,0,0,0,TREND_REVERSAL_UNCONFIRMED,0,0.45,NONE,1,0,0,0
NEARUSDT,1778446800000,2026-05-10T21:00:00.000Z,NEUTRAL,NONE,0,7.875,IGNORE,0,WATCH,,0,0,0,NA,NA,NA,NA,NA,BLOCK,0,0,0,0,0,TREND_REVERSAL_UNCONFIRMED,0,0.45,NONE,1,0,0,0
NEARUSDT,1778450400000,2026-05-10T22:00:00.000Z,BULL,SHORT,17.604238887527913,12.917583812392824,IGNORE,0,WATCH,,0,0,0,NA,NA,NA,NA,NA,BLOCK,0,0,0,0,0,TREND_REVERSAL_UNCONFIRMED,1,0.45,SHORT,1,0,0,0
NEARUSDT,1778454000000,2026-05-10T23:00:00.000Z,NEUTRAL,NONE,0,7.875,IGNORE,0,WATCH,,0,0,0,NA,NA,NA,NA,NA,WARNING_SOFT,1,0,0,0,0,TREND_REVERSAL_UNCONFIRMED,0,0.45,NONE,1,0,0,0
NEARUSDT,1778457600000,2026-05-11T00:00:00.000Z,NEUTRAL,NONE,0,7.875,IGNORE,0,WATCH,,0,0,0,NA,NA,NA,NA,NA,WARNING_SOFT,1,0,0,0,0,TREND_REVERSAL_UNCONFIRMED,0,0.45,NONE,1,0,0,0
NEARUSDT,1778461200000,2026-05-11T01:00:00.000Z,NEUTRAL,NONE,0,7.875,IGNORE,0,WATCH,,0,0,0,NA,NA,NA,NA,NA,WARNING_SOFT,1,0,0,0,0,TREND_REVERSAL_UNCONFIRMED,0,0.45,NONE,1,0,0,0
NEARUSDT,1778464800000,2026-05-11T02:00:00.000Z,NEUTRAL,NONE,0,7.875,IGNORE,0,WATCH,,0,0,0,NA,NA,NA,NA,NA,WARNING_SOFT,1,0,0,0,0,TREND_REVERSAL_UNCONFIRMED,0,0.45,NONE,1,0,0,0
NEARUSDT,1778468400000,2026-05-11T03:00:00.000Z,NEUTRAL,NONE,0,7.875,IGNORE,0,WATCH,,0,0,0,NA,NA,NA,NA,NA,WARNING_SOFT,1,0,0,0,0,TREND_REVERSAL_UNCONFIRMED,0,0.45,NONE,1,0,0,0
NEARUSDT,1778472000000,2026-05-11T04:00:00.000Z,NEUTRAL,NONE,0,7.875,IGNORE,0,WATCH,,0,0,0,NA,NA,NA,NA,NA,WARNING_SOFT,1,0,0,0,0,TREND_REVERSAL_UNCONFIRMED,0,0.45,NONE,1,0,0,0
NEARUSDT,1778475600000,2026-05-11T05:00:00.000Z,NEUTRAL,NONE,0,7.875,IGNORE,0,WATCH,,0,0,0,NA,NA,NA,NA,NA,WARNING_SOFT,1,0,0,0,0,TREND_REVERSAL_UNCONFIRMED,0,0.45,NONE,1,0,0,0
NEARUSDT,1778479200000,2026-05-11T06:00:00.000Z,BEAR,LONG,0,7.875,IGNORE,0,WATCH,,0,0,0,NA,NA,NA,NA,NA,CLEAR,1,0,0,0,0,TREND_REVERSAL_UNCONFIRMED,0,0.45,LONG,1,0,0,0
NEARUSDT,1778482800000,2026-05-11T07:00:00.000Z,NEUTRAL,NONE,0,7.875,IGNORE,0,WATCH,,0,0,0,NA,NA,NA,NA,NA,WARNING_SOFT,1,0,0,0,0,TREND_REVERSAL_UNCONFIRMED,0,0.45,NONE,1,0,0,0
NEARUSDT,1778486400000,2026-05-11T08:00:00.000Z,BEAR,LONG,0,7.875,IGNORE,0,WATCH,,0,0,0,NA,NA,NA,NA,NA,WARNING_SOFT,1,0,0,0,0,TREND_REVERSAL_UNCONFIRMED,0,0.45,LONG,1,0,0,0
NEARUSDT,1778490000000,2026-05-11T09:00:00.000Z,BEAR,LONG,0,7.875,IGNORE,0,WATCH,,0,0,0,NA,NA,NA,NA,NA,WARNING_SOFT,1,0,0,0,0,TREND_REVERSAL_UNCONFIRMED,0,0.45,LONG,1,0,0,0
NEARUSDT,1778493600000,2026-05-11T10:00:00.000Z,NEUTRAL,NONE,0,7.875,IGNORE,0,WATCH,,0,0,0,NA,NA,NA,NA,NA,WARNING_HARD,1,0,0,0,0,TREND_REVERSAL_UNCONFIRMED,0,0.45,NONE,1,0,0,0
NEARUSDT,1778497200000,2026-05-11T11:00:00.000Z,BEAR,LONG,0,7.875,IGNORE,0,WATCH,,0,0,0,NA,NA,NA,NA,NA,WARNING_SOFT,1,0,0,0,0,TREND_REVERSAL_UNCONFIRMED,0,0.45,LONG,1,0,0,0
NEARUSDT,1778500800000,2026-05-11T12:00:00.000Z,BEAR,LONG,0,7.875,IGNORE,0,WATCH,,0,0,0,NA,NA,NA,NA,NA,WARNING_SOFT,1,0,0,0,0,TREND_REVERSAL_UNCONFIRMED,0,0.45,LONG,1,0,0,0
NEARUSDT,1778504400000,2026-05-11T13:00:00.000Z,BEAR,LONG,16.11318901415631,12.80016363486481,IGNORE,0,WATCH,,0,0,0,NA,NA,NA,NA,NA,WARNING_HARD,1,0,0,0,0,TREND_REVERSAL_UNCONFIRMED,1,0.45,LONG,1,0,0,0
NEARUSDT,1778508000000,2026-05-11T14:00:00.000Z,BEAR,LONG,18.721340148147853,13.005555536666643,IGNORE,0,WATCH,,0,0,0,NA,NA,NA,NA,NA,CLEAR,1,0,1,0,0,TREND_REVERSAL_UNCONFIRMED,1,0.45,LONG,1,0,0,0
NEARUSDT,1778511600000,2026-05-11T15:00:00.000Z,BEAR,LONG,25,13.5,IGNORE,0,WATCH,,0,0,0,NA,NA,NA,NA,NA,WARNING_HARD,1,0,0,0,0,TREND_REVERSAL_UNCONFIRMED,1,0.45,LONG,1,0,0,0
NEARUSDT,1778515200000,2026-05-11T16:00:00.000Z,BEAR,LONG,0,7.875,IGNORE,0,WATCH,,0,0,0,NA,NA,NA,NA,NA,WARNING_SOFT,1,0,0,0,0,TREND_REVERSAL_UNCONFIRMED,0,0.45,LONG,1,0,0,0
NEARUSDT,1778518800000,2026-05-11T17:00:00.000Z,BEAR,LONG,0,7.875,IGNORE,0,WATCH,,0,0,0,NA,NA,NA,NA,NA,WARNING_SOFT,1,0,0,0,0,TREND_REVERSAL_UNCONFIRMED,0,0.45,LONG,1,0,0,0
NEARUSDT,1778522400000,2026-05-11T18:00:00.000Z,NEUTRAL,NONE,0,7.875,IGNORE,0,WATCH,,0,0,0,NA,NA,NA,NA,NA,WARNING_SOFT,1,0,0,0,0,TREND_REVERSAL_UNCONFIRMED,0,0.45,NONE,1,0,0,0
NEARUSDT,1778526000000,2026-05-11T19:00:00.000Z,NEUTRAL,NONE,0,7.875,IGNORE,0,WATCH,,0,0,0,NA,NA,NA,NA,NA,CLEAR,1,0,0,0,0,TREND_REVERSAL_UNCONFIRMED,0,0.45,NONE,1,0,0,0
NEARUSDT,1778529600000,2026-05-11T20:00:00.000Z,NEUTRAL,NONE,0,7.875,IGNORE,0,WATCH,,0,0,0,NA,NA,NA,NA,NA,CLEAR,1,0,0,0,0,TREND_REVERSAL_UNCONFIRMED,0,0.45,NONE,1,0,0,0
NEARUSDT,1778533200000,2026-05-11T21:00:00.000Z,NEUTRAL,NONE,0,7.875,IGNORE,0,WATCH,,0,0,0,NA,NA,NA,NA,NA,CLEAR,1,0,0,0,0,TREND_REVERSAL_UNCONFIRMED,0,0.45,NONE,1,0,0,0
NEARUSDT,1778536800000,2026-05-11T22:00:00.000Z,NEUTRAL,NONE,0,7.875,IGNORE,0,WATCH,,0,0,0,NA,NA,NA,NA,NA,CLEAR,1,0,0,0,0,TREND_REVERSAL_UNCONFIRMED,0,0.45,NONE,1,0,0,0
NEARUSDT,1778540400000,2026-05-11T23:00:00.000Z,NEUTRAL,NONE,0,7.875,IGNORE,0,WATCH,,0,0,0,NA,NA,NA,NA,NA,WARNING_SOFT,1,0,0,0,0,TREND_REVERSAL_UNCONFIRMED,0,0.45,NONE,1,0,0,0
NEARUSDT,1778544000000,2026-05-12T00:00:00.000Z,BEAR,LONG,0,7.875,IGNORE,0,WATCH,,0,0,0,NA,NA,NA,NA,NA,WARNING_SOFT,1,0,0,0,0,TREND_REVERSAL_UNCONFIRMED,0,0.45,LONG,1,0,0,0
NEARUSDT,1778547600000,2026-05-12T01:00:00.000Z,BEAR,LONG,17.214987923377326,12.886930298965964,IGNORE,0,WATCH,,0,0,0,NA,NA,NA,NA,NA,CLEAR,1,0,1,0,0,TREND_REVERSAL_UNCONFIRMED,1,0.45,LONG,1,0,0,0
NEARUSDT,1778551200000,2026-05-12T02:00:00.000Z,BEAR,LONG,25,13.5,IGNORE,0,WATCH,,0,0,0,NA,NA,NA,NA,NA,CLEAR,1,0,0,0,0,TREND_REVERSAL_UNCONFIRMED,1,0.45,LONG,1,0,0,0
NEARUSDT,1778554800000,2026-05-12T03:00:00.000Z,BEAR,LONG,0,7.875,IGNORE,0,WATCH,,0,0,0,NA,NA,NA,NA,NA,CLEAR,1,0,0,0,0,TREND_REVERSAL_UNCONFIRMED,0,0.45,LONG,1,0,0,0
NEARUSDT,1778558400000,2026-05-12T04:00:00.000Z,BEAR,LONG,0,7.875,IGNORE,0,WATCH,,0,0,0,NA,NA,NA,NA,NA,CLEAR,1,0,0,0,0,TREND_REVERSAL_UNCONFIRMED,0,0.45,LONG,1,0,0,0
NEARUSDT,1778562000000,2026-05-12T05:00:00.000Z,NEUTRAL,NONE,0,7.875,IGNORE,0,WATCH,,0,0,0,NA,NA,NA,NA,NA,WARNING_SOFT,1,0,0,0,0,TREND_REVERSAL_UNCONFIRMED,0,0.45,NONE,1,0,0,0
NEARUSDT,1778565600000,2026-05-12T06:00:00.000Z,NEUTRAL,NONE,0,7.875,IGNORE,0,WATCH,,0,0,0,NA,NA,NA,NA,NA,WARNING_HARD,1,0,0,0,0,TREND_REVERSAL_UNCONFIRMED,0,0.45,NONE,1,0,0,0
NEARUSDT,1778569200000,2026-05-12T07:00:00.000Z,NEUTRAL,NONE,0,7.875,IGNORE,0,WATCH,,0,0,0,NA,NA,NA,NA,NA,WARNING_HARD,1,1,0,0,0,TREND_REVERSAL_UNCONFIRMED,0,0.45,NONE,1,0,0,0
NEARUSDT,1778572800000,2026-05-12T08:00:00.000Z,NEUTRAL,NONE,0,7.875,IGNORE,0,WATCH,,0,0,0,NA,NA,NA,NA,NA,WARNING_HARD,1,0,0,0,0,TREND_REVERSAL_UNCONFIRMED,0,0.45,NONE,1,0,0,0
NEARUSDT,1778576400000,2026-05-12T09:00:00.000Z,BULL,SHORT,42.5,18.534375,IGNORE,0,WATCH,,0,0,0,NA,NA,NA,NA,NA,WARNING_HARD,1,0,0,0,0,TREND_REVERSAL_UNCONFIRMED,2,0.45,SHORT,1,0,0,0
NEARUSDT,1778580000000,2026-05-12T10:00:00.000Z,BULL,SHORT,42.5,18.534375,IGNORE,0,WATCH,,0,0,0,NA,NA,NA,NA,NA,WARNING_HARD,1,0,0,0,0,TREND_REVERSAL_UNCONFIRMED,2,0.45,SHORT,1,0,0,0
NEARUSDT,1778583600000,2026-05-12T11:00:00.000Z,NEUTRAL,NONE,0,7.875,IGNORE,0,WATCH,,0,0,0,NA,NA,NA,NA,NA,BLOCK,0,0,0,0,0,TREND_REVERSAL_UNCONFIRMED,0,0.45,NONE,1,0,0,0
NEARUSDT,1778587200000,2026-05-12T12:00:00.000Z,BULL,SHORT,39.31695415852481,18.283710139983828,IGNORE,0,WATCH,,0,0,0,NA,NA,NA,NA,NA,WARNING_SOFT,1,0,0,0,0,TREND_REVERSAL_UNCONFIRMED,2,0.45,SHORT,1,0,0,0
NEARUSDT,1778590800000,2026-05-12T13:00:00.000Z,NEUTRAL,NONE,0,7.875,IGNORE,0,WATCH,,0,0,0,NA,NA,NA,NA,NA,WARNING_SOFT,1,0,0,0,0,TREND_REVERSAL_UNCONFIRMED,0,0.45,NONE,1,0,0,0
NEARUSDT,1778594400000,2026-05-12T14:00:00.000Z,NEUTRAL,NONE,0,7.875,IGNORE,0,WATCH,,0,0,0,NA,NA,NA,NA,NA,WARNING_SOFT,1,0,0,0,0,TREND_REVERSAL_UNCONFIRMED,0,0.45,NONE,1,0,0,0
NEARUSDT,1778598000000,2026-05-12T15:00:00.000Z,BULL,SHORT,17.119619705982977,12.879420051846159,IGNORE,0,WATCH,,0,0,0,NA,NA,NA,NA,NA,BLOCK,0,0,0,0,0,TREND_REVERSAL_UNCONFIRMED,1,0.45,SHORT,1,0,0,0
NEARUSDT,1778601600000,2026-05-12T16:00:00.000Z,BEAR,LONG,14.311986129262575,12.658318907679428,IGNORE,0,WATCH,,0,0,0,NA,NA,NA,NA,NA,CLEAR,1,0,0,0,0,TREND_REVERSAL_UNCONFIRMED,1,0.45,LONG,1,0,0,0
NEARUSDT,1778605200000,2026-05-12T17:00:00.000Z,BULL,SHORT,20.360161892730325,13.134612749052513,IGNORE,0,WATCH,,0,0,0,NA,NA,NA,NA,NA,WARNING_SOFT,1,0,0,0,0,TREND_REVERSAL_UNCONFIRMED,1,0.45,SHORT,1,0,0,0
NEARUSDT,1778608800000,2026-05-12T18:00:00.000Z,BULL,SHORT,25,13.5,IGNORE,0,WATCH,,0,0,0,NA,NA,NA,NA,NA,WARNING_SOFT,1,0,0,0,0,TREND_REVERSAL_UNCONFIRMED,1,0.45,SHORT,1,0,0,0
NEARUSDT,1778612400000,2026-05-12T19:00:00.000Z,BULL,SHORT,25,13.5,IGNORE,0,WATCH,,0,0,0,NA,NA,NA,NA,NA,CLEAR,1,0,0,0,0,TREND_REVERSAL_UNCONFIRMED,1,0.45,SHORT,1,0,0,0
NEARUSDT,1778616000000,2026-05-12T20:00:00.000Z,BULL,SHORT,0,7.875,IGNORE,0,WATCH,,0,0,0,NA,NA,NA,NA,NA,WARNING_SOFT,1,0,0,0,0,TREND_REVERSAL_UNCONFIRMED,0,0.45,SHORT,1,0,0,0
NEARUSDT,1778619600000,2026-05-12T21:00:00.000Z,BULL,SHORT,25,13.5,IGNORE,0,WATCH,,0,0,0,NA,NA,NA,NA,NA,WARNING_SOFT,1,0,0,0,0,TREND_REVERSAL_UNCONFIRMED,1,0.45,SHORT,1,0,0,0
NEARUSDT,1778623200000,2026-05-12T22:00:00.000Z,BULL,SHORT,0,7.875,IGNORE,0,WATCH,,0,0,0,NA,NA,NA,NA,NA,WARNING_SOFT,1,0,0,0,0,TREND_REVERSAL_UNCONFIRMED,0,0.45,SHORT,1,0,0,0
NEARUSDT,1778626800000,2026-05-12T23:00:00.000Z,BULL,SHORT,0,7.875,IGNORE,0,WATCH,,0,0,0,NA,NA,NA,NA,NA,WARNING_SOFT,1,0,0,0,0,TREND_REVERSAL_UNCONFIRMED,0,0.45,SHORT,1,0,0,0
NEARUSDT,1778630400000,2026-05-13T00:00:00.000Z,BULL,SHORT,0,7.875,IGNORE,0,WATCH,,0,0,0,NA,NA,NA,NA,NA,WARNING_SOFT,1,0,0,0,0,TREND_REVERSAL_UNCONFIRMED,0,0.45,SHORT,1,0,0,0
NEARUSDT,1778634000000,2026-05-13T01:00:00.000Z,BULL,SHORT,25,13.5,IGNORE,0,WATCH,,0,0,0,NA,NA,NA,NA,NA,CLEAR,1,0,0,0,0,TREND_REVERSAL_UNCONFIRMED,1,0.45,SHORT,1,0,0,0
NEARUSDT,1778637600000,2026-05-13T02:00:00.000Z,BULL,SHORT,0,7.875,IGNORE,0,WATCH,,0,0,0,NA,NA,NA,NA,NA,CLEAR,1,0,0,0,0,TREND_REVERSAL_UNCONFIRMED,0,0.45,SHORT,1,0,0,0
NEARUSDT,1778641200000,2026-05-13T03:00:00.000Z,BULL,SHORT,0,7.875,IGNORE,0,WATCH,,0,0,0,NA,NA,NA,NA,NA,CLEAR,1,0,0,0,0,TREND_REVERSAL_UNCONFIRMED,0,0.45,SHORT,1,0,0,0
NEARUSDT,1778644800000,2026-05-13T04:00:00.000Z,BULL,SHORT,0,7.875,IGNORE,0,WATCH,,0,0,0,NA,NA,NA,NA,NA,CLEAR,1,0,0,0,0,TREND_REVERSAL_UNCONFIRMED,0,0.45,SHORT,1,0,0,0
NEARUSDT,1778648400000,2026-05-13T05:00:00.000Z,BULL,SHORT,25,13.5,IGNORE,0,WATCH,,0,0,0,NA,NA,NA,NA,NA,CLEAR,1,0,0,0,0,TREND_REVERSAL_UNCONFIRMED,1,0.45,SHORT,1,0,0,0
NEARUSDT,1778652000000,2026-05-13T06:00:00.000Z,BULL,SHORT,0,7.875,IGNORE,0,WATCH,,0,0,0,NA,NA,NA,NA,NA,CLEAR,1,0,0,0,0,TREND_REVERSAL_UNCONFIRMED,0,0.45,SHORT,1,0,0,0
NEARUSDT,1778655600000,2026-05-13T07:00:00.000Z,BULL,SHORT,0,7.875,IGNORE,0,WATCH,,0,0,0,NA,NA,NA,NA,NA,WARNING_SOFT,1,0,0,0,0,TREND_REVERSAL_UNCONFIRMED,0,0.45,SHORT,1,0,0,0
NEARUSDT,1778659200000,2026-05-13T08:00:00.000Z,BULL,SHORT,0,7.875,IGNORE,0,WATCH,,0,0,0,NA,NA,NA,NA,NA,WARNING_SOFT,1,0,0,0,0,TREND_REVERSAL_UNCONFIRMED,0,0.45,SHORT,1,0,0,0
NEARUSDT,1778662800000,2026-05-13T09:00:00.000Z,BULL,SHORT,0,7.875,IGNORE,0,WATCH,,0,0,0,NA,NA,NA,NA,NA,WARNING_SOFT,1,0,0,0,0,TREND_REVERSAL_UNCONFIRMED,0,0.45,SHORT,1,0,0,0
NEARUSDT,1778666400000,2026-05-13T10:00:00.000Z,NEUTRAL,NONE,0,7.875,IGNORE,0,WATCH,,0,0,0,NA,NA,NA,NA,NA,WARNING_SOFT,1,0,0,0,0,TREND_REVERSAL_UNCONFIRMED,0,0.45,NONE,1,0,0,0
NEARUSDT,1778670000000,2026-05-13T11:00:00.000Z,NEUTRAL,NONE,0,7.875,IGNORE,0,WATCH,,0,0,0,NA,NA,NA,NA,NA,WARNING_SOFT,1,0,0,0,0,TREND_REVERSAL_UNCONFIRMED,0,0.45,NONE,1,0,0,0
NEARUSDT,1778673600000,2026-05-13T12:00:00.000Z,NEUTRAL,NONE,0,7.875,IGNORE,0,WATCH,,0,0,0,NA,NA,NA,NA,NA,WARNING_SOFT,1,0,0,0,0,TREND_REVERSAL_UNCONFIRMED,0,0.45,NONE,1,0,0,0
NEARUSDT,1778677200000,2026-05-13T13:00:00.000Z,NEUTRAL,NONE,0,7.875,IGNORE,0,WATCH,,0,0,0,NA,NA,NA,NA,NA,WARNING_SOFT,1,0,0,0,0,TREND_REVERSAL_UNCONFIRMED,0,0.45,NONE,1,0,0,0
NEARUSDT,1778680800000,2026-05-13T14:00:00.000Z,NEUTRAL,NONE,0,7.875,IGNORE,0,WATCH,,0,0,0,NA,NA,NA,NA,NA,WARNING_SOFT,1,0,0,0,0,TREND_REVERSAL_UNCONFIRMED,0,0.45,NONE,1,0,0,0
NEARUSDT,1778684400000,2026-05-13T15:00:00.000Z,NEUTRAL,NONE,0,7.875,IGNORE,0,WATCH,,0,0,0,NA,NA,NA,NA,NA,WARNING_SOFT,1,0,0,0,0,TREND_REVERSAL_UNCONFIRMED,0,0.45,NONE,1,0,0,0
NEARUSDT,1778688000000,2026-05-13T16:00:00.000Z,NEUTRAL,NONE,0,7.875,IGNORE,0,WATCH,,0,0,0,NA,NA,NA,NA,NA,BLOCK,0,0,0,0,0,TREND_REVERSAL_UNCONFIRMED,0,0.45,NONE,1,0,0,0
NEARUSDT,1778691600000,2026-05-13T17:00:00.000Z,NEUTRAL,NONE,0,7.875,IGNORE,0,WATCH,,0,0,0,NA,NA,NA,NA,NA,WARNING_SOFT,1,0,0,0,0,TREND_REVERSAL_UNCONFIRMED,0,0.45,NONE,1,0,0,0
NEARUSDT,1778695200000,2026-05-13T18:00:00.000Z,BULL,SHORT,0,7.875,IGNORE,0,WATCH,,0,0,0,NA,NA,NA,NA,NA,WARNING_SOFT,1,0,0,0,0,TREND_REVERSAL_UNCONFIRMED,0,0.45,SHORT,1,0,0,0
NEARUSDT,1778698800000,2026-05-13T19:00:00.000Z,NEUTRAL,NONE,0,7.875,IGNORE,0,WATCH,,0,0,0,NA,NA,NA,NA,NA,WARNING_SOFT,1,0,0,0,0,TREND_REVERSAL_UNCONFIRMED,0,0.45,NONE,1,0,0,0
NEARUSDT,1778702400000,2026-05-13T20:00:00.000Z,NEUTRAL,NONE,0,7.875,IGNORE,0,WATCH,,0,0,0,NA,NA,NA,NA,NA,WARNING_SOFT,1,0,0,0,0,TREND_REVERSAL_UNCONFIRMED,0,0.45,NONE,1,0,0,0
NEARUSDT,1778706000000,2026-05-13T21:00:00.000Z,NEUTRAL,NONE,0,7.875,IGNORE,0,WATCH,,0,0,0,NA,NA,NA,NA,NA,WARNING_SOFT,1,0,0,0,0,TREND_REVERSAL_UNCONFIRMED,0,0.45,NONE,1,0,0,0
NEARUSDT,1778709600000,2026-05-13T22:00:00.000Z,NEUTRAL,NONE,0,7.875,IGNORE,0,WATCH,,0,0,0,NA,NA,NA,NA,NA,WARNING_SOFT,1,0,0,0,0,TREND_REVERSAL_UNCONFIRMED,0,0.45,NONE,1,0,0,0
NEARUSDT,1778713200000,2026-05-13T23:00:00.000Z,NEUTRAL,NONE,0,7.875,IGNORE,0,WATCH,,0,0,0,NA,NA,NA,NA,NA,WARNING_SOFT,1,0,0,0,0,TREND_REVERSAL_UNCONFIRMED,0,0.45,NONE,1,0,0,0
NEARUSDT,1778716800000,2026-05-14T00:00:00.000Z,NEUTRAL,NONE,0,7.875,IGNORE,0,WATCH,,0,0,0,NA,NA,NA,NA,NA,WARNING_SOFT,1,0,0,0,0,TREND_REVERSAL_UNCONFIRMED,0,0.45,NONE,1,0,0,0
NEARUSDT,1778720400000,2026-05-14T01:00:00.000Z,BULL,SHORT,17.5,12.909375,IGNORE,0,WATCH,,0,0,0,NA,NA,NA,NA,NA,WARNING_SOFT,1,0,0,0,0,TREND_REVERSAL_UNCONFIRMED,1,0.45,SHORT,1,0,0,0
NEARUSDT,1778724000000,2026-05-14T02:00:00.000Z,NEUTRAL,NONE,0,7.875,IGNORE,0,WATCH,,0,0,0,NA,NA,NA,NA,NA,BLOCK,0,0,0,0,0,TREND_REVERSAL_UNCONFIRMED,0,0.45,NONE,1,0,0,0
NEARUSDT,1778727600000,2026-05-14T03:00:00.000Z,NEUTRAL,NONE,0,7.875,IGNORE,0,WATCH,,0,0,0,NA,NA,NA,NA,NA,BLOCK,0,0,0,0,0,TREND_REVERSAL_UNCONFIRMED,0,0.45,NONE,1,0,0,0
NEARUSDT,1778731200000,2026-05-14T04:00:00.000Z,BEAR,LONG,42.5,18.534375,IGNORE,0,WATCH,,0,0,0,NA,NA,NA,NA,NA,CLEAR,1,0,0,0,0,TREND_REVERSAL_UNCONFIRMED,2,0.45,LONG,1,0,0,0
NEARUSDT,1778734800000,2026-05-14T05:00:00.000Z,BEAR,LONG,17.5,12.909375,IGNORE,0,WATCH,,0,0,0,NA,NA,NA,NA,NA,CLEAR,1,0,0,0,0,TREND_REVERSAL_UNCONFIRMED,1,0.45,LONG,1,0,0,0
NEARUSDT,1778738400000,2026-05-14T06:00:00.000Z,BEAR,LONG,0,7.875,IGNORE,0,WATCH,,0,0,0,NA,NA,NA,NA,NA,WARNING_SOFT,1,0,0,0,0,TREND_REVERSAL_UNCONFIRMED,0,0.45,LONG,1,0,0,0
NEARUSDT,1778742000000,2026-05-14T07:00:00.000Z,BEAR,LONG,0,7.875,IGNORE,0,WATCH,,0,0,0,NA,NA,NA,NA,NA,WARNING_SOFT,1,0,0,0,0,TREND_REVERSAL_UNCONFIRMED,0,0.45,LONG,1,0,0,0
NEARUSDT,1778745600000,2026-05-14T08:00:00.000Z,NEUTRAL,NONE,0,7.875,IGNORE,0,WATCH,,0,0,0,NA,NA,NA,NA,NA,CLEAR,1,0,0,0,0,TREND_REVERSAL_UNCONFIRMED,0,0.45,NONE,1,0,0,0
NEARUSDT,1778749200000,2026-05-14T09:00:00.000Z,BEAR,LONG,0,7.875,IGNORE,0,WATCH,,0,0,0,NA,NA,NA,NA,NA,WARNING_SOFT,1,0,0,0,0,TREND_REVERSAL_UNCONFIRMED,0,0.45,LONG,1,0,0,0
NEARUSDT,1778752800000,2026-05-14T10:00:00.000Z,BEAR,LONG,0,7.875,IGNORE,0,WATCH,,0,0,0,NA,NA,NA,NA,NA,CLEAR,1,0,0,0,0,TREND_REVERSAL_UNCONFIRMED,0,0.45,LONG,1,0,0,0
NEARUSDT,1778756400000,2026-05-14T11:00:00.000Z,BEAR,LONG,25,13.5,IGNORE,0,WATCH,,0,0,0,NA,NA,NA,NA,NA,CLEAR,1,0,0,0,0,TREND_REVERSAL_UNCONFIRMED,1,0.45,LONG,1,0,0,0
NEARUSDT,1778760000000,2026-05-14T12:00:00.000Z,BEAR,LONG,0,7.875,IGNORE,0,WATCH,,0,0,0,NA,NA,NA,NA,NA,CLEAR,1,0,0,0,0,TREND_REVERSAL_UNCONFIRMED,0,0.45,LONG,1,0,0,0
NEARUSDT,1778763600000,2026-05-14T13:00:00.000Z,BEAR,LONG,17.5,12.909375,IGNORE,0,WATCH,,0,0,0,NA,NA,NA,NA,NA,WARNING_SOFT,1,0,0,0,0,TREND_REVERSAL_UNCONFIRMED,1,0.45,LONG,1,0,0,0
NEARUSDT,1778767200000,2026-05-14T14:00:00.000Z,NEUTRAL,NONE,0,7.875,IGNORE,0,WATCH,,0,0,0,NA,NA,NA,NA,NA,CLEAR,1,0,0,0,0,TREND_REVERSAL_UNCONFIRMED,0,0.45,NONE,1,0,0,0
NEARUSDT,1778770800000,2026-05-14T15:00:00.000Z,NEUTRAL,NONE,0,7.875,IGNORE,0,WATCH,,0,0,0,NA,NA,NA,NA,NA,CLEAR,1,0,0,0,0,TREND_REVERSAL_UNCONFIRMED,0,0.45,NONE,1,0,0,0
NEARUSDT,1778774400000,2026-05-14T16:00:00.000Z,BULL,SHORT,42.5,18.534375,IGNORE,0,WATCH,,0,0,0,NA,NA,NA,NA,NA,CLEAR,1,0,0,0,0,TREND_REVERSAL_UNCONFIRMED,2,0.45,SHORT,1,0,0,0
NEARUSDT,1778778000000,2026-05-14T17:00:00.000Z,BULL,SHORT,17.5,12.909375,IGNORE,0,WATCH,,0,0,0,NA,NA,NA,NA,NA,CLEAR,1,0,0,0,0,TREND_REVERSAL_UNCONFIRMED,1,0.45,SHORT,1,0,0,0
NEARUSDT,1778781600000,2026-05-14T18:00:00.000Z,BULL,SHORT,17.5,12.909375,IGNORE,0,WATCH,,0,0,0,NA,NA,NA,NA,NA,CLEAR,1,0,0,0,0,TREND_REVERSAL_UNCONFIRMED,1,0.45,SHORT,1,0,0,0
NEARUSDT,1778785200000,2026-05-14T19:00:00.000Z,NEUTRAL,NONE,0,7.875,IGNORE,0,WATCH,,0,0,0,NA,NA,NA,NA,NA,WARNING_SOFT,1,0,0,0,0,TREND_REVERSAL_UNCONFIRMED,0,0.45,NONE,1,0,0,0
NEARUSDT,1778788800000,2026-05-14T20:00:00.000Z,NEUTRAL,NONE,0,7.875,IGNORE,0,WATCH,,0,0,0,NA,NA,NA,NA,NA,BLOCK,0,0,0,0,0,TREND_REVERSAL_UNCONFIRMED,0,0.45,NONE,1,0,0,0
NEARUSDT,1778792400000,2026-05-14T21:00:00.000Z,NEUTRAL,NONE,0,7.875,IGNORE,0,WATCH,,0,0,0,NA,NA,NA,NA,NA,WARNING_SOFT,1,0,0,0,0,TREND_REVERSAL_UNCONFIRMED,0,0.45,NONE,1,0,0,0
NEARUSDT,1778796000000,2026-05-14T22:00:00.000Z,BULL,SHORT,0,7.875,IGNORE,0,WATCH,,0,0,0,NA,NA,NA,NA,NA,WARNING_SOFT,1,0,0,0,0,TREND_REVERSAL_UNCONFIRMED,0,0.45,SHORT,1,0,0,0
NEARUSDT,1778799600000,2026-05-14T23:00:00.000Z,NEUTRAL,NONE,0,7.875,IGNORE,0,WATCH,,0,0,0,NA,NA,NA,NA,NA,WARNING_SOFT,1,0,0,0,0,TREND_REVERSAL_UNCONFIRMED,0,0.45,NONE,1,0,0,0
NEARUSDT,1778803200000,2026-05-15T00:00:00.000Z,BEAR,LONG,17.5,12.909375,IGNORE,0,WATCH,,0,0,0,NA,NA,NA,NA,NA,WARNING_SOFT,1,0,0,0,0,TREND_REVERSAL_UNCONFIRMED,1,0.45,LONG,1,0,0,0
NEARUSDT,1778806800000,2026-05-15T01:00:00.000Z,BEAR,LONG,17.5,12.909375,IGNORE,0,WATCH,,0,0,0,NA,NA,NA,NA,NA,WARNING_SOFT,1,0,0,0,0,TREND_REVERSAL_UNCONFIRMED,1,0.45,LONG,1,0,0,0
NEARUSDT,1778810400000,2026-05-15T02:00:00.000Z,BEAR,LONG,42.5,18.534375,IGNORE,0,WATCH,,0,0,0,NA,NA,NA,NA,NA,WARNING_SOFT,1,0,0,0,0,TREND_REVERSAL_UNCONFIRMED,2,0.45,LONG,1,0,0,0
NEARUSDT,1778814000000,2026-05-15T03:00:00.000Z,BEAR,LONG,17.5,12.909375,IGNORE,0,WATCH,,0,0,0,NA,NA,NA,NA,NA,WARNING_SOFT,1,0,0,0,0,TREND_REVERSAL_UNCONFIRMED,1,0.45,LONG,1,0,0,0
NEARUSDT,1778817600000,2026-05-15T04:00:00.000Z,BEAR,LONG,17.5,12.909375,IGNORE,0,WATCH,,0,0,0,NA,NA,NA,NA,NA,CLEAR,1,0,0,0,0,TREND_REVERSAL_UNCONFIRMED,1,0.45,LONG,1,0,0,0
NEARUSDT,1778821200000,2026-05-15T05:00:00.000Z,BEAR,LONG,42.5,18.534375,IGNORE,0,WATCH,,0,0,0,NA,NA,NA,NA,NA,CLEAR,1,0,0,0,0,TREND_REVERSAL_UNCONFIRMED,2,0.45,LONG,1,0,0,0
NEARUSDT,1778824800000,2026-05-15T06:00:00.000Z,BEAR,LONG,42.5,18.534375,IGNORE,0,WATCH,,0,0,0,NA,NA,NA,NA,NA,CLEAR,1,0,0,0,0,TREND_REVERSAL_UNCONFIRMED,2,0.45,LONG,1,0,0,0
NEARUSDT,1778828400000,2026-05-15T07:00:00.000Z,NEUTRAL,NONE,0,7.875,IGNORE,0,WATCH,,0,0,0,NA,NA,NA,NA,NA,WARNING_HARD,1,0,0,0,0,TREND_REVERSAL_UNCONFIRMED,0,0.45,NONE,1,0,0,0
NEARUSDT,1778832000000,2026-05-15T08:00:00.000Z,BEAR,LONG,15.752318968422982,12.77174511876331,IGNORE,0,WATCH,,0,0,0,NA,NA,NA,NA,NA,WARNING_SOFT,1,0,0,0,0,TREND_REVERSAL_UNCONFIRMED,1,0.45,LONG,1,0,0,0
NEARUSDT,1778835600000,2026-05-15T09:00:00.000Z,BEAR,LONG,0,7.875,IGNORE,0,WATCH,,0,0,0,NA,NA,NA,NA,NA,CLEAR,1,0,0,0,0,TREND_REVERSAL_UNCONFIRMED,0,0.45,LONG,1,0,0,0
NEARUSDT,1778839200000,2026-05-15T10:00:00.000Z,BEAR,LONG,25,13.5,IGNORE,0,WATCH,,0,0,0,NA,NA,NA,NA,NA,CLEAR,1,0,0,0,0,TREND_REVERSAL_UNCONFIRMED,1,0.45,LONG,1,0,0,0
NEARUSDT,1778842800000,2026-05-15T11:00:00.000Z,BEAR,LONG,0,7.875,IGNORE,0,WATCH,,0,0,0,NA,NA,NA,NA,NA,CLEAR,1,0,0,0,0,TREND_REVERSAL_UNCONFIRMED,0,0.45,LONG,1,0,0,0
NEARUSDT,1778846400000,2026-05-15T12:00:00.000Z,BEAR,LONG,0,7.875,IGNORE,0,WATCH,,0,0,0,NA,NA,NA,NA,NA,CLEAR,1,0,0,0,0,TREND_REVERSAL_UNCONFIRMED,0,0.45,LONG,1,0,0,0
NEARUSDT,1778850000000,2026-05-15T13:00:00.000Z,BEAR,LONG,25,13.5,IGNORE,0,WATCH,,0,0,0,NA,NA,NA,NA,NA,CLEAR,1,0,0,0,0,TREND_REVERSAL_UNCONFIRMED,1,0.45,LONG,1,0,0,0
NEARUSDT,1778853600000,2026-05-15T14:00:00.000Z,BEAR,LONG,14.908467389491982,12.705291806922494,IGNORE,0,WATCH,,0,0,0,NA,NA,NA,NA,NA,CLEAR,1,0,0,0,0,TREND_REVERSAL_UNCONFIRMED,1,0.45,LONG,1,0,0,0
NEARUSDT,1778857200000,2026-05-15T15:00:00.000Z,BEAR,LONG,25,13.5,IGNORE,0,WATCH,,0,0,0,NA,NA,NA,NA,NA,CLEAR,1,0,0,0,0,TREND_REVERSAL_UNCONFIRMED,1,0.45,LONG,1,0,0,0
NEARUSDT,1778860800000,2026-05-15T16:00:00.000Z,NEUTRAL,NONE,0,7.875,IGNORE,0,WATCH,,0,0,0,NA,NA,NA,NA,NA,BLOCK,0,0,0,0,0,TREND_REVERSAL_UNCONFIRMED,0,0.45,NONE,1,0,0,0
NEARUSDT,1778864400000,2026-05-15T17:00:00.000Z,NEUTRAL,NONE,0,7.875,IGNORE,0,WATCH,,0,0,0,NA,NA,NA,NA,NA,WARNING_HARD,1,0,0,0,0,TREND_REVERSAL_UNCONFIRMED,0,0.45,NONE,1,0,0,0
NEARUSDT,1778868000000,2026-05-15T18:00:00.000Z,NEUTRAL,NONE,0,7.875,IGNORE,0,WATCH,,0,0,0,NA,NA,NA,NA,NA,WARNING_SOFT,1,0,0,0,0,TREND_REVERSAL_UNCONFIRMED,0,0.45,NONE,1,0,0,0
NEARUSDT,1778871600000,2026-05-15T19:00:00.000Z,BEAR,LONG,25,13.5,IGNORE,0,WATCH,,0,0,0,NA,NA,NA,NA,NA,WARNING_SOFT,1,0,0,0,0,TREND_REVERSAL_UNCONFIRMED,1,0.45,LONG,1,0,0,0
NEARUSDT,1778875200000,2026-05-15T20:00:00.000Z,BEAR,LONG,0,7.875,IGNORE,0,WATCH,,0,0,0,NA,NA,NA,NA,NA,CLEAR,1,0,0,0,0,TREND_REVERSAL_UNCONFIRMED,0,0.45,LONG,1,0,0,0
NEARUSDT,1778878800000,2026-05-15T21:00:00.000Z,BEAR,LONG,0,7.875,IGNORE,0,WATCH,,0,0,0,NA,NA,NA,NA,NA,CLEAR,1,0,0,0,0,TREND_REVERSAL_UNCONFIRMED,0,0.45,LONG,1,0,0,0
NEARUSDT,1778882400000,2026-05-15T22:00:00.000Z,BEAR,LONG,0,7.875,IGNORE,0,WATCH,,0,0,0,NA,NA,NA,NA,NA,CLEAR,1,0,0,0,0,TREND_REVERSAL_UNCONFIRMED,0,0.45,LONG,1,0,0,0
NEARUSDT,1778886000000,2026-05-15T23:00:00.000Z,BEAR,LONG,0,7.875,IGNORE,0,WATCH,,0,0,0,NA,NA,NA,NA,NA,CLEAR,1,0,0,0,0,TREND_REVERSAL_UNCONFIRMED,0,0.45,LONG,1,0,0,0
NEARUSDT,1778889600000,2026-05-16T00:00:00.000Z,BEAR,LONG,17.5,12.909375,IGNORE,0,WATCH,,0,0,0,NA,NA,NA,NA,NA,CLEAR,1,0,0,0,0,TREND_REVERSAL_UNCONFIRMED,1,0.45,LONG,1,0,0,0
NEARUSDT,1778893200000,2026-05-16T01:00:00.000Z,BEAR,LONG,17.5,12.909375,IGNORE,0,WATCH,,0,0,0,NA,NA,NA,NA,NA,CLEAR,1,0,0,0,0,TREND_REVERSAL_UNCONFIRMED,1,0.45,LONG,1,0,0,0
NEARUSDT,1778896800000,2026-05-16T02:00:00.000Z,BEAR,LONG,17.5,12.909375,IGNORE,0,WATCH,,0,0,0,NA,NA,NA,NA,NA,WARNING_SOFT,1,0,0,0,0,TREND_REVERSAL_UNCONFIRMED,1,0.45,LONG,1,0,0,0
NEARUSDT,1778900400000,2026-05-16T03:00:00.000Z,NEUTRAL,NONE,0,7.875,IGNORE,0,WATCH,,0,0,0,NA,NA,NA,NA,NA,WARNING_SOFT,1,0,0,0,0,TREND_REVERSAL_UNCONFIRMED,0,0.45,NONE,1,0,0,0
NEARUSDT,1778904000000,2026-05-16T04:00:00.000Z,BEAR,LONG,34.76657477515876,17.92536776354375,IGNORE,0,WATCH,,0,0,0,NA,NA,NA,NA,NA,WARNING_SOFT,1,0,0,0,0,TREND_REVERSAL_UNCONFIRMED,2,0.45,LONG,1,0,0,0
NEARUSDT,1778907600000,2026-05-16T05:00:00.000Z,BEAR,LONG,17.5,12.909375,IGNORE,0,WATCH,,0,0,0,NA,NA,NA,NA,NA,CLEAR,1,0,0,0,0,TREND_REVERSAL_UNCONFIRMED,1,0.45,LONG,1,0,0,0
NEARUSDT,1778911200000,2026-05-16T06:00:00.000Z,BEAR,LONG,33.142475666693635,17.797469958752124,IGNORE,0,WATCH,,0,0,0,NA,NA,NA,NA,NA,CLEAR,1,0,0,0,0,TREND_REVERSAL_UNCONFIRMED,2,0.45,LONG,1,0,0,0
NEARUSDT,1778914800000,2026-05-16T07:00:00.000Z,BEAR,LONG,42.5,18.534375,IGNORE,0,WATCH,,0,0,0,NA,NA,NA,NA,NA,CLEAR,1,0,0,0,0,TREND_REVERSAL_UNCONFIRMED,2,0.45,LONG,1,0,0,0
NEARUSDT,1778918400000,2026-05-16T08:00:00.000Z,BEAR,LONG,31.593249324071763,17.67546838427065,IGNORE,0,WATCH,,0,0,0,NA,NA,NA,NA,NA,CLEAR,1,0,0,0,0,TREND_REVERSAL_UNCONFIRMED,2,0.45,LONG,1,0,0,0
NEARUSDT,1778922000000,2026-05-16T09:00:00.000Z,BEAR,LONG,42.5,18.534375,IGNORE,0,WATCH,,0,0,0,NA,NA,NA,NA,NA,CLEAR,1,0,0,0,0,TREND_REVERSAL_UNCONFIRMED,2,0.45,LONG,1,0,0,0
NEARUSDT,1778925600000,2026-05-16T10:00:00.000Z,BEAR,LONG,31.580007476025273,17.674425588736987,IGNORE,0,WATCH,,0,0,0,NA,NA,NA,NA,NA,CLEAR,1,0,0,0,0,TREND_REVERSAL_UNCONFIRMED,2,0.45,LONG,1,0,0,0
NEARUSDT,1778929200000,2026-05-16T11:00:00.000Z,BEAR,LONG,17.5,12.909375,IGNORE,0,WATCH,,0,0,0,NA,NA,NA,NA,NA,CLEAR,1,0,0,0,0,TREND_REVERSAL_UNCONFIRMED,1,0.45,LONG,1,0,0,0
NEARUSDT,1778932800000,2026-05-16T12:00:00.000Z,BEAR,LONG,37.84722222222222,18.16796875,IGNORE,0,WATCH,,0,0,0,NA,NA,NA,NA,NA,CLEAR,1,0,0,0,0,TREND_REVERSAL_UNCONFIRMED,2,0.45,LONG,1,0,0,0
NEARUSDT,1778936400000,2026-05-16T13:00:00.000Z,BEAR,LONG,14.268841939239339,12.654921302715097,IGNORE,0,WATCH,,0,0,0,NA,NA,NA,NA,NA,CLEAR,1,0,0,0,0,TREND_REVERSAL_UNCONFIRMED,1,0.45,LONG,1,0,0,0
NEARUSDT,1778940000000,2026-05-16T14:00:00.000Z,BEAR,LONG,0,7.875,IGNORE,0,WATCH,,0,0,0,NA,NA,NA,NA,NA,CLEAR,1,0,0,0,0,TREND_REVERSAL_UNCONFIRMED,0,0.45,LONG,1,0,0,0
NEARUSDT,1778943600000,2026-05-16T15:00:00.000Z,BEAR,LONG,0,7.875,IGNORE,0,WATCH,,0,0,0,NA,NA,NA,NA,NA,CLEAR,1,0,0,0,0,TREND_REVERSAL_UNCONFIRMED,0,0.45,LONG,1,0,0,0
NEARUSDT,1778947200000,2026-05-16T16:00:00.000Z,BEAR,LONG,17.5,12.909375,IGNORE,0,WATCH,,0,0,0,NA,NA,NA,NA,NA,CLEAR,1,0,0,0,0,TREND_REVERSAL_UNCONFIRMED,1,0.45,LONG,1,0,0,0
NEARUSDT,1778950800000,2026-05-16T17:00:00.000Z,BEAR,LONG,17.5,12.909375,IGNORE,0,WATCH,,0,0,0,NA,NA,NA,NA,NA,WARNING_SOFT,1,0,0,0,0,TREND_REVERSAL_UNCONFIRMED,1,0.45,LONG,1,0,0,0
NEARUSDT,1778954400000,2026-05-16T18:00:00.000Z,BEAR,LONG,17.5,12.909375,IGNORE,0,WATCH,,0,0,0,NA,NA,NA,NA,NA,WARNING_SOFT,1,0,0,0,0,TREND_REVERSAL_UNCONFIRMED,1,0.45,LONG,1,0,0,0
NEARUSDT,1778958000000,2026-05-16T19:00:00.000Z,BEAR,LONG,17.5,12.909375,IGNORE,0,WATCH,,0,0,0,NA,NA,NA,NA,NA,WARNING_SOFT,1,0,0,0,0,TREND_REVERSAL_UNCONFIRMED,1,0.45,LONG,1,0,0,0
NEARUSDT,1778961600000,2026-05-16T20:00:00.000Z,BEAR,LONG,17.5,12.909375,IGNORE,0,WATCH,,0,0,0,NA,NA,NA,NA,NA,CLEAR,1,0,0,0,0,TREND_REVERSAL_UNCONFIRMED,1,0.45,LONG,1,0,0,0
NEARUSDT,1778965200000,2026-05-16T21:00:00.000Z,BEAR,LONG,17.5,12.909375,IGNORE,0,WATCH,,0,0,0,NA,NA,NA,NA,NA,CLEAR,1,0,0,0,0,TREND_REVERSAL_UNCONFIRMED,1,0.45,LONG,1,0,0,0
NEARUSDT,1778968800000,2026-05-16T22:00:00.000Z,BEAR,LONG,17.5,12.909375,IGNORE,0,WATCH,,0,0,0,NA,NA,NA,NA,NA,CLEAR,1,0,0,0,0,TREND_REVERSAL_UNCONFIRMED,1,0.45,LONG,1,0,0,0
NEARUSDT,1778972400000,2026-05-16T23:00:00.000Z,BEAR,LONG,17.5,12.909375,IGNORE,0,WATCH,,0,0,0,NA,NA,NA,NA,NA,CLEAR,1,0,0,0,0,TREND_REVERSAL_UNCONFIRMED,1,0.45,LONG,1,0,0,0
NEARUSDT,1778976000000,2026-05-17T00:00:00.000Z,BEAR,LONG,17.5,12.909375,IGNORE,0,WATCH,,0,0,0,NA,NA,NA,NA,NA,WARNING_SOFT,1,0,0,0,0,TREND_REVERSAL_UNCONFIRMED,1,0.45,LONG,1,0,0,0
NEARUSDT,1778979600000,2026-05-17T01:00:00.000Z,BEAR,LONG,31.07032792011951,17.63428832370941,IGNORE,0,WATCH,,0,0,0,NA,NA,NA,NA,NA,CLEAR,1,0,0,0,0,TREND_REVERSAL_UNCONFIRMED,2,0.45,LONG,1,0,0,0
NEARUSDT,1778983200000,2026-05-17T02:00:00.000Z,BEAR,LONG,42.5,18.534375,IGNORE,0,WATCH,,0,0,0,NA,NA,NA,NA,NA,CLEAR,1,0,0,0,0,TREND_REVERSAL_UNCONFIRMED,2,0.45,LONG,1,0,0,0
NEARUSDT,1778986800000,2026-05-17T03:00:00.000Z,NEUTRAL,NONE,0,7.875,IGNORE,0,WATCH,,0,0,0,NA,NA,NA,NA,NA,BLOCK,0,0,0,0,0,TREND_REVERSAL_UNCONFIRMED,0,0.45,NONE,1,0,0,0
NEARUSDT,1778990400000,2026-05-17T04:00:00.000Z,NEUTRAL,NONE,0,7.875,IGNORE,0,WATCH,,0,0,0,NA,NA,NA,NA,NA,WARNING_HARD,1,1,0,0,0,TREND_REVERSAL_UNCONFIRMED,0,0.45,NONE,1,0,0,0
NEARUSDT,1778994000000,2026-05-17T05:00:00.000Z,NEUTRAL,NONE,0,7.875,IGNORE,0,WATCH,,0,0,0,NA,NA,NA,NA,NA,WARNING_HARD,1,0,0,0,0,TREND_REVERSAL_UNCONFIRMED,0,0.45,NONE,1,0,0,0
NEARUSDT,1778997600000,2026-05-17T06:00:00.000Z,NEUTRAL,NONE,0,7.875,IGNORE,0,WATCH,,0,0,0,NA,NA,NA,NA,NA,WARNING_SOFT,1,0,0,0,0,TREND_REVERSAL_UNCONFIRMED,0,0.45,NONE,1,0,0,0
NEARUSDT,1779001200000,2026-05-17T07:00:00.000Z,NEUTRAL,NONE,0,7.875,IGNORE,0,WATCH,,0,0,0,NA,NA,NA,NA,NA,WARNING_SOFT,1,0,0,0,0,TREND_REVERSAL_UNCONFIRMED,0,0.45,NONE,1,0,0,0
NEARUSDT,1779004800000,2026-05-17T08:00:00.000Z,NEUTRAL,NONE,0,7.875,IGNORE,0,WATCH,,0,0,0,NA,NA,NA,NA,NA,WARNING_SOFT,1,0,0,0,0,TREND_REVERSAL_UNCONFIRMED,0,0.45,NONE,1,0,0,0
NEARUSDT,1779008400000,2026-05-17T09:00:00.000Z,NEUTRAL,NONE,0,7.875,IGNORE,0,WATCH,,0,0,0,NA,NA,NA,NA,NA,CLEAR,1,0,0,0,0,TREND_REVERSAL_UNCONFIRMED,0,0.45,NONE,1,0,0,0
NEARUSDT,1779012000000,2026-05-17T10:00:00.000Z,NEUTRAL,NONE,0,7.875,IGNORE,0,WATCH,,0,0,0,NA,NA,NA,NA,NA,CLEAR,1,0,0,0,0,TREND_REVERSAL_UNCONFIRMED,0,0.45,NONE,1,0,0,0
NEARUSDT,1779015600000,2026-05-17T11:00:00.000Z,NEUTRAL,NONE,0,7.875,IGNORE,0,WATCH,,0,0,0,NA,NA,NA,NA,NA,CLEAR,1,0,0,0,0,TREND_REVERSAL_UNCONFIRMED,0,0.45,NONE,1,0,0,0
NEARUSDT,1779019200000,2026-05-17T12:00:00.000Z,NEUTRAL,NONE,0,7.875,IGNORE,0,WATCH,,0,0,0,NA,NA,NA,NA,NA,CLEAR,1,0,0,0,0,TREND_REVERSAL_UNCONFIRMED,0,0.45,NONE,1,0,0,0
NEARUSDT,1779022800000,2026-05-17T13:00:00.000Z,NEUTRAL,NONE,0,7.875,IGNORE,0,WATCH,,0,0,0,NA,NA,NA,NA,NA,WARNING_HARD,1,0,0,0,0,TREND_REVERSAL_UNCONFIRMED,0,0.45,NONE,1,0,0,0
NEARUSDT,1779026400000,2026-05-17T14:00:00.000Z,NEUTRAL,NONE,0,7.875,IGNORE,0,WATCH,,0,0,0,NA,NA,NA,NA,NA,BLOCK,0,0,1,0,0,TREND_REVERSAL_UNCONFIRMED,0,0.45,NONE,1,0,0,0
NEARUSDT,1779030000000,2026-05-17T15:00:00.000Z,BEAR,LONG,25,13.5,IGNORE,0,WATCH,,0,0,0,NA,NA,NA,NA,NA,CLEAR,1,0,0,0,0,TREND_REVERSAL_UNCONFIRMED,1,0.45,LONG,1,0,0,0
NEARUSDT,1779033600000,2026-05-17T16:00:00.000Z,BEAR,LONG,0,7.875,IGNORE,0,WATCH,,0,0,0,NA,NA,NA,NA,NA,CLEAR,1,0,0,0,0,TREND_REVERSAL_UNCONFIRMED,0,0.45,LONG,1,0,0,0
NEARUSDT,1779037200000,2026-05-17T17:00:00.000Z,BEAR,LONG,0,7.875,IGNORE,0,WATCH,,0,0,0,NA,NA,NA,NA,NA,CLEAR,1,0,0,0,0,TREND_REVERSAL_UNCONFIRMED,0,0.45,LONG,1,0,0,0
NEARUSDT,1779040800000,2026-05-17T18:00:00.000Z,NEUTRAL,NONE,0,7.875,IGNORE,0,WATCH,,0,0,0,NA,NA,NA,NA,NA,WARNING_SOFT,1,0,0,0,0,TREND_REVERSAL_UNCONFIRMED,0,0.45,NONE,1,0,0,0
NEARUSDT,1779044400000,2026-05-17T19:00:00.000Z,NEUTRAL,NONE,0,7.875,IGNORE,0,WATCH,,0,0,0,NA,NA,NA,NA,NA,WARNING_SOFT,1,0,0,0,0,TREND_REVERSAL_UNCONFIRMED,0,0.45,NONE,1,0,0,0
NEARUSDT,1779048000000,2026-05-17T20:00:00.000Z,NEUTRAL,NONE,0,7.875,IGNORE,0,WATCH,,0,0,0,NA,NA,NA,NA,NA,WARNING_SOFT,1,0,0,0,0,TREND_REVERSAL_UNCONFIRMED,0,0.45,NONE,1,0,0,0
NEARUSDT,1779051600000,2026-05-17T21:00:00.000Z,NEUTRAL,NONE,0,7.875,IGNORE,0,WATCH,,0,0,0,NA,NA,NA,NA,NA,CLEAR,1,0,0,0,0,TREND_REVERSAL_UNCONFIRMED,0,0.45,NONE,1,0,0,0
NEARUSDT,1779055200000,2026-05-17T22:00:00.000Z,BEAR,LONG,18.12091649961879,12.95827217434498,IGNORE,0,WATCH,,0,0,0,NA,NA,NA,NA,NA,WARNING_SOFT,1,0,0,0,0,TREND_REVERSAL_UNCONFIRMED,1,0.45,LONG,1,0,0,0
NEARUSDT,1779058800000,2026-05-17T23:00:00.000Z,BEAR,LONG,25,13.5,IGNORE,0,WATCH,,0,0,0,NA,NA,NA,NA,NA,CLEAR,1,0,0,0,0,TREND_REVERSAL_UNCONFIRMED,1,0.45,LONG,1,0,0,0
NEARUSDT,1779062400000,2026-05-18T00:00:00.000Z,BEAR,LONG,25,13.5,IGNORE,0,WATCH,,0,0,0,NA,NA,NA,NA,NA,CLEAR,1,1,0,1,0,TREND_REVERSAL_UNCONFIRMED,1,0.45,LONG,1,0,0,0
NEARUSDT,1779066000000,2026-05-18T01:00:00.000Z,BEAR,LONG,14.564015092540384,12.678166188537555,IGNORE,0,WATCH,,0,0,0,NA,NA,NA,NA,NA,CLEAR,1,0,0,0,0,TREND_REVERSAL_UNCONFIRMED,1,0.45,LONG,1,0,0,0
NEARUSDT,1779069600000,2026-05-18T02:00:00.000Z,BEAR,LONG,15.56594066416411,12.757067827302924,IGNORE,0,WATCH,,0,0,0,NA,NA,NA,NA,NA,CLEAR,1,0,0,0,0,TREND_REVERSAL_UNCONFIRMED,1,0.45,LONG,1,0,0,0
NEARUSDT,1779073200000,2026-05-18T03:00:00.000Z,BEAR,LONG,25,13.5,IGNORE,0,WATCH,,0,0,0,NA,NA,NA,NA,NA,CLEAR,1,0,0,0,0,TREND_REVERSAL_UNCONFIRMED,1,0.45,LONG,1,0,0,0
NEARUSDT,1779076800000,2026-05-18T04:00:00.000Z,BEAR,LONG,0,7.875,IGNORE,0,WATCH,,0,0,0,NA,NA,NA,NA,NA,CLEAR,1,0,0,0,0,TREND_REVERSAL_UNCONFIRMED,0,0.45,LONG,1,0,0,0
NEARUSDT,1779080400000,2026-05-18T05:00:00.000Z,BEAR,LONG,0,7.875,IGNORE,0,WATCH,,0,0,0,NA,NA,NA,NA,NA,CLEAR,1,0,0,0,0,TREND_REVERSAL_UNCONFIRMED,0,0.45,LONG,1,0,0,0
NEARUSDT,1779084000000,2026-05-18T06:00:00.000Z,BEAR,LONG,22.53155614752152,13.30561004661732,IGNORE,0,WATCH,,0,0,0,NA,NA,NA,NA,NA,CLEAR,1,0,0,0,0,TREND_REVERSAL_UNCONFIRMED,1,0.45,LONG,1,0,0,0
NEARUSDT,1779087600000,2026-05-18T07:00:00.000Z,BEAR,LONG,0,7.875,IGNORE,0,WATCH,,0,0,0,NA,NA,NA,NA,NA,CLEAR,1,0,0,0,0,TREND_REVERSAL_UNCONFIRMED,0,0.45,LONG,1,0,0,0
NEARUSDT,1779091200000,2026-05-18T08:00:00.000Z,BEAR,LONG,25,13.5,IGNORE,0,WATCH,,0,0,0,NA,NA,NA,NA,NA,CLEAR,1,0,0,0,0,TREND_REVERSAL_UNCONFIRMED,1,0.45,LONG,1,0,0,0
NEARUSDT,1779094800000,2026-05-18T09:00:00.000Z,BEAR,LONG,12.847222222222221,12.54296875,IGNORE,0,WATCH,,0,0,0,NA,NA,NA,NA,NA,CLEAR,1,0,0,0,0,TREND_REVERSAL_UNCONFIRMED,1,0.45,LONG,1,0,0,0
NEARUSDT,1779098400000,2026-05-18T10:00:00.000Z,NEUTRAL,NONE,0,7.875,IGNORE,0,WATCH,,0,0,0,NA,NA,NA,NA,NA,BLOCK,0,0,0,0,0,TREND_REVERSAL_UNCONFIRMED,0,0.45,NONE,1,0,0,0
NEARUSDT,1779102000000,2026-05-18T11:00:00.000Z,NEUTRAL,NONE,0,7.875,IGNORE,0,WATCH,,0,0,0,NA,NA,NA,NA,NA,WARNING_SOFT,1,0,0,0,0,TREND_REVERSAL_UNCONFIRMED,0,0.45,NONE,1,0,0,0
NEARUSDT,1779105600000,2026-05-18T12:00:00.000Z,NEUTRAL,NONE,0,7.875,IGNORE,0,WATCH,,0,0,0,NA,NA,NA,NA,NA,CLEAR,1,0,0,0,0,TREND_REVERSAL_UNCONFIRMED,0,0.45,NONE,1,0,0,0
NEARUSDT,1779109200000,2026-05-18T13:00:00.000Z,NEUTRAL,NONE,0,7.875,IGNORE,0,WATCH,,0,0,0,NA,NA,NA,NA,NA,WARNING_HARD,1,0,0,0,0,TREND_REVERSAL_UNCONFIRMED,0,0.45,NONE,1,0,0,0
NEARUSDT,1779112800000,2026-05-18T14:00:00.000Z,BEAR,LONG,30.141557168110506,17.561147626988703,IGNORE,0,WATCH,,0,0,0,NA,NA,NA,NA,NA,WARNING_SOFT,1,0,0,0,0,TREND_REVERSAL_UNCONFIRMED,2,0.45,LONG,1,0,0,0
NEARUSDT,1779116400000,2026-05-18T15:00:00.000Z,NEUTRAL,NONE,0,7.875,IGNORE,0,WATCH,,0,0,0,NA,NA,NA,NA,NA,WARNING_SOFT,1,0,0,0,0,TREND_REVERSAL_UNCONFIRMED,0,0.45,NONE,1,0,0,0
NEARUSDT,1779120000000,2026-05-18T16:00:00.000Z,NEUTRAL,NONE,0,7.875,IGNORE,0,WATCH,,0,0,0,NA,NA,NA,NA,NA,WARNING_SOFT,1,0,0,0,0,TREND_REVERSAL_UNCONFIRMED,0,0.45,NONE,1,0,0,0
NEARUSDT,1779123600000,2026-05-18T17:00:00.000Z,NEUTRAL,NONE,0,7.875,IGNORE,0,WATCH,,0,0,0,NA,NA,NA,NA,NA,WARNING_HARD,1,0,0,0,0,TREND_REVERSAL_UNCONFIRMED,0,0.45,NONE,1,0,0,0
NEARUSDT,1779127200000,2026-05-18T18:00:00.000Z,NEUTRAL,NONE,0,7.875,IGNORE,0,WATCH,,0,0,0,NA,NA,NA,NA,NA,WARNING_HARD,1,0,0,0,0,TREND_REVERSAL_UNCONFIRMED,0,0.45,NONE,1,0,0,0
NEARUSDT,1779130800000,2026-05-18T19:00:00.000Z,BULL,SHORT,25,13.5,IGNORE,0,WATCH,,0,0,0,NA,NA,NA,NA,NA,WARNING_HARD,1,0,0,0,0,TREND_REVERSAL_UNCONFIRMED,1,0.45,SHORT,1,0,0,0
NEARUSDT,1779134400000,2026-05-18T20:00:00.000Z,BULL,SHORT,0,7.875,IGNORE,0,WATCH,,0,0,0,NA,NA,NA,NA,NA,WARNING_HARD,1,0,0,0,0,TREND_REVERSAL_UNCONFIRMED,0,0.45,SHORT,1,0,0,0
NEARUSDT,1779138000000,2026-05-18T21:00:00.000Z,BULL,SHORT,25,13.5,IGNORE,0,WATCH,,0,0,0,NA,NA,NA,NA,NA,CLEAR,1,0,0,0,0,TREND_REVERSAL_UNCONFIRMED,1,0.45,SHORT,1,0,0,0
NEARUSDT,1779141600000,2026-05-18T22:00:00.000Z,BULL,SHORT,12.847222222222221,12.54296875,IGNORE,0,WATCH,,0,0,0,NA,NA,NA,NA,NA,CLEAR,1,0,0,0,0,TREND_REVERSAL_UNCONFIRMED,1,0.45,SHORT,1,0,0,0
NEARUSDT,1779145200000,2026-05-18T23:00:00.000Z,BULL,SHORT,14.930555555555555,12.70703125,IGNORE,0,WATCH,,0,0,0,NA,NA,NA,NA,NA,CLEAR,1,0,0,0,0,TREND_REVERSAL_UNCONFIRMED,1,0.45,SHORT,1,0,0,0
NEARUSDT,1779148800000,2026-05-19T00:00:00.000Z,BULL,SHORT,32.72420671412024,17.764531278736968,IGNORE,0,WATCH,,0,0,0,NA,NA,NA,NA,NA,CLEAR,1,0,0,0,0,TREND_REVERSAL_UNCONFIRMED,2,0.45,SHORT,1,0,0,0
NEARUSDT,1779152400000,2026-05-19T01:00:00.000Z,BULL,SHORT,0,7.875,IGNORE,0,WATCH,,0,0,0,NA,NA,NA,NA,NA,WARNING_SOFT,1,0,0,0,0,TREND_REVERSAL_UNCONFIRMED,0,0.45,SHORT,1,0,0,0
NEARUSDT,1779156000000,2026-05-19T02:00:00.000Z,BULL,SHORT,0,7.875,IGNORE,0,WATCH,,0,0,0,NA,NA,NA,NA,NA,WARNING_SOFT,1,0,0,0,0,TREND_REVERSAL_UNCONFIRMED,0,0.45,SHORT,1,0,0,0
NEARUSDT,1779159600000,2026-05-19T03:00:00.000Z,BULL,SHORT,0,7.875,IGNORE,0,WATCH,,0,0,0,NA,NA,NA,NA,NA,WARNING_SOFT,1,0,0,0,0,TREND_REVERSAL_UNCONFIRMED,0,0.45,SHORT,1,0,0,0
NEARUSDT,1779163200000,2026-05-19T04:00:00.000Z,BULL,SHORT,0,7.875,IGNORE,0,WATCH,,0,0,0,NA,NA,NA,NA,NA,WARNING_SOFT,1,0,0,0,0,TREND_REVERSAL_UNCONFIRMED,0,0.45,SHORT,1,0,0,0
NEARUSDT,1779166800000,2026-05-19T05:00:00.000Z,BULL,SHORT,0,7.875,IGNORE,0,WATCH,,0,0,0,NA,NA,NA,NA,NA,WARNING_SOFT,1,0,0,0,0,TREND_REVERSAL_UNCONFIRMED,0,0.45,SHORT,1,0,0,0
NEARUSDT,1779170400000,2026-05-19T06:00:00.000Z,BULL,SHORT,0,7.875,IGNORE,0,WATCH,,0,0,0,NA,NA,NA,NA,NA,CLEAR,1,0,0,0,0,TREND_REVERSAL_UNCONFIRMED,0,0.45,SHORT,1,0,0,0
NEARUSDT,1779174000000,2026-05-19T07:00:00.000Z,BULL,SHORT,60.84163299554914,61.33872005034573,WATCH,1,ACTIVE,ACTIVE,1,1,1,PASS,PASS,SKIP,SKIP,PASS,CLEAR,1,0,0,0,1,,3,0.84,SHORT,0,1,0,0
NEARUSDT,1779177600000,2026-05-19T08:00:00.000Z,BULL,SHORT,0,7.875,IGNORE,0,WATCH,,0,0,0,NA,NA,NA,NA,NA,CLEAR,1,0,0,0,0,TREND_REVERSAL_UNCONFIRMED,0,0.45,SHORT,1,0,0,0
NEARUSDT,1779181200000,2026-05-19T09:00:00.000Z,BULL,SHORT,13.113181041610709,12.563913007026843,IGNORE,0,WATCH,,0,0,0,NA,NA,NA,NA,NA,WARNING_HARD,1,0,0,0,0,TREND_REVERSAL_UNCONFIRMED,1,0.45,SHORT,1,0,0,0
NEARUSDT,1779184800000,2026-05-19T10:00:00.000Z,BULL,SHORT,0,7.875,IGNORE,0,WATCH,,0,0,0,NA,NA,NA,NA,NA,WARNING_SOFT,1,0,0,0,0,TREND_REVERSAL_UNCONFIRMED,0,0.45,SHORT,1,0,0,0
NEARUSDT,1779188400000,2026-05-19T11:00:00.000Z,NEUTRAL,NONE,0,7.875,IGNORE,0,WATCH,,0,0,0,NA,NA,NA,NA,NA,WARNING_SOFT,1,0,0,0,0,TREND_REVERSAL_UNCONFIRMED,0,0.45,NONE,1,0,0,0
NEARUSDT,1779192000000,2026-05-19T12:00:00.000Z,BULL,SHORT,0,7.875,IGNORE,0,WATCH,,0,0,0,NA,NA,NA,NA,NA,WARNING_SOFT,1,0,0,0,0,TREND_REVERSAL_UNCONFIRMED,0,0.45,SHORT,1,0,0,0
NEARUSDT,1779195600000,2026-05-19T13:00:00.000Z,BULL,SHORT,0,7.875,IGNORE,0,WATCH,,0,0,0,NA,NA,NA,NA,NA,WARNING_SOFT,1,0,0,0,0,TREND_REVERSAL_UNCONFIRMED,0,0.45,SHORT,1,0,0,0
NEARUSDT,1779199200000,2026-05-19T14:00:00.000Z,BULL,SHORT,0,7.875,IGNORE,0,WATCH,,0,0,0,NA,NA,NA,NA,NA,WARNING_SOFT,1,0,0,0,0,TREND_REVERSAL_UNCONFIRMED,0,0.45,SHORT,1,0,0,0
NEARUSDT,1779202800000,2026-05-19T15:00:00.000Z,BULL,SHORT,0,7.875,IGNORE,0,WATCH,,0,0,0,NA,NA,NA,NA,NA,WARNING_SOFT,1,0,0,0,0,TREND_REVERSAL_UNCONFIRMED,0,0.45,SHORT,1,0,0,0
NEARUSDT,1779206400000,2026-05-19T16:00:00.000Z,BULL,SHORT,13.605209370579813,12.602660237933161,IGNORE,0,WATCH,,0,0,0,NA,NA,NA,NA,NA,CLEAR,1,0,0,0,0,TREND_REVERSAL_UNCONFIRMED,1,0.45,SHORT,1,0,0,0
NEARUSDT,1779210000000,2026-05-19T17:00:00.000Z,BULL,SHORT,18.783878965666084,13.010480468546204,IGNORE,0,WATCH,,0,0,0,NA,NA,NA,NA,NA,CLEAR,1,0,0,0,0,TREND_REVERSAL_UNCONFIRMED,1,0.45,SHORT,1,0,0,0
NEARUSDT,1779213600000,2026-05-19T18:00:00.000Z,BULL,SHORT,18.104062681049346,12.956944936132635,IGNORE,0,WATCH,,0,0,0,NA,NA,NA,NA,NA,WARNING_HARD,1,0,1,1,0,TREND_REVERSAL_UNCONFIRMED,1,0.45,SHORT,1,0,0,0
NEARUSDT,1779217200000,2026-05-19T19:00:00.000Z,BULL,SHORT,0,7.875,IGNORE,0,WATCH,,0,0,0,NA,NA,NA,NA,NA,WARNING_SOFT,1,0,0,0,0,TREND_REVERSAL_UNCONFIRMED,0,0.45,SHORT,1,0,0,0
NEARUSDT,1779220800000,2026-05-19T20:00:00.000Z,BULL,SHORT,0,7.875,IGNORE,0,WATCH,,0,0,0,NA,NA,NA,NA,NA,WARNING_SOFT,1,0,0,0,0,TREND_REVERSAL_UNCONFIRMED,0,0.45,SHORT,1,0,0,0
NEARUSDT,1779224400000,2026-05-19T21:00:00.000Z,NEUTRAL,NONE,0,7.875,IGNORE,0,WATCH,,0,0,0,NA,NA,NA,NA,NA,WARNING_SOFT,1,0,0,0,0,TREND_REVERSAL_UNCONFIRMED,0,0.45,NONE,1,0,0,0
NEARUSDT,1779228000000,2026-05-19T22:00:00.000Z,NEUTRAL,NONE,0,7.875,IGNORE,0,WATCH,,0,0,0,NA,NA,NA,NA,NA,WARNING_SOFT,1,0,0,0,0,TREND_REVERSAL_UNCONFIRMED,0,0.45,NONE,1,0,0,0
NEARUSDT,1779231600000,2026-05-19T23:00:00.000Z,NEUTRAL,NONE,0,7.875,IGNORE,0,WATCH,,0,0,0,NA,NA,NA,NA,NA,WARNING_SOFT,1,0,0,0,0,TREND_REVERSAL_UNCONFIRMED,0,0.45,NONE,1,0,0,0
NEARUSDT,1779235200000,2026-05-20T00:00:00.000Z,NEUTRAL,NONE,0,7.875,IGNORE,0,WATCH,,0,0,0,NA,NA,NA,NA,NA,WARNING_SOFT,1,0,0,0,0,TREND_REVERSAL_UNCONFIRMED,0,0.45,NONE,1,0,0,0
NEARUSDT,1779238800000,2026-05-20T01:00:00.000Z,NEUTRAL,NONE,0,7.875,IGNORE,0,WATCH,,0,0,0,NA,NA,NA,NA,NA,WARNING_SOFT,1,0,0,0,0,TREND_REVERSAL_UNCONFIRMED,0,0.45,NONE,1,0,0,0
NEARUSDT,1779242400000,2026-05-20T02:00:00.000Z,NEUTRAL,NONE,0,7.875,IGNORE,0,WATCH,,0,0,0,NA,NA,NA,NA,NA,WARNING_SOFT,1,0,0,0,0,TREND_REVERSAL_UNCONFIRMED,0,0.45,NONE,1,0,0,0
NEARUSDT,1779246000000,2026-05-20T03:00:00.000Z,NEUTRAL,NONE,0,7.875,IGNORE,0,WATCH,,0,0,0,NA,NA,NA,NA,NA,WARNING_SOFT,1,0,0,0,0,TREND_REVERSAL_UNCONFIRMED,0,0.45,NONE,1,0,0,0
NEARUSDT,1779249600000,2026-05-20T04:00:00.000Z,NEUTRAL,NONE,0,7.875,IGNORE,0,WATCH,,0,0,0,NA,NA,NA,NA,NA,WARNING_SOFT,1,0,0,0,0,TREND_REVERSAL_UNCONFIRMED,0,0.45,NONE,1,0,0,0
NEARUSDT,1779253200000,2026-05-20T05:00:00.000Z,BULL,SHORT,25,13.5,IGNORE,0,WATCH,,0,0,0,NA,NA,NA,NA,NA,CLEAR,1,1,0,0,0,TREND_REVERSAL_UNCONFIRMED,1,0.45,SHORT,1,0,0,0
NEARUSDT,1779256800000,2026-05-20T06:00:00.000Z,BULL,SHORT,50,19.125,IGNORE,0,WATCH,,0,0,0,NA,NA,NA,NA,NA,CLEAR,1,0,0,0,0,TREND_REVERSAL_UNCONFIRMED,2,0.45,SHORT,1,0,0,0
NEARUSDT,1779260400000,2026-05-20T07:00:00.000Z,BULL,SHORT,0,7.875,IGNORE,0,WATCH,,0,0,0,NA,NA,NA,NA,NA,CLEAR,1,0,0,0,0,TREND_REVERSAL_UNCONFIRMED,0,0.45,SHORT,1,0,0,0
NEARUSDT,1779264000000,2026-05-20T08:00:00.000Z,BULL,SHORT,17.5,12.909375,IGNORE,0,WATCH,,0,0,0,NA,NA,NA,NA,NA,CLEAR,1,0,0,0,0,TREND_REVERSAL_UNCONFIRMED,1,0.45,SHORT,1,0,0,0
NEARUSDT,1779267600000,2026-05-20T09:00:00.000Z,BULL,SHORT,17.5,12.909375,IGNORE,0,WATCH,,0,0,0,NA,NA,NA,NA,NA,CLEAR,1,0,0,0,0,TREND_REVERSAL_UNCONFIRMED,1,0.45,SHORT,1,0,0,0
NEARUSDT,1779271200000,2026-05-20T10:00:00.000Z,BULL,SHORT,17.5,12.909375,IGNORE,0,WATCH,,0,0,0,NA,NA,NA,NA,NA,CLEAR,1,0,0,0,0,TREND_REVERSAL_UNCONFIRMED,1,0.45,SHORT,1,0,0,0
NEARUSDT,1779274800000,2026-05-20T11:00:00.000Z,BULL,SHORT,42.5,18.534375,IGNORE,0,WATCH,,0,0,0,NA,NA,NA,NA,NA,CLEAR,1,0,0,0,0,TREND_REVERSAL_UNCONFIRMED,2,0.45,SHORT,1,0,0,0
NEARUSDT,1779278400000,2026-05-20T12:00:00.000Z,BULL,SHORT,17.5,12.909375,IGNORE,0,WATCH,,0,0,0,NA,NA,NA,NA,NA,WARNING_SOFT,1,0,0,0,0,TREND_REVERSAL_UNCONFIRMED,1,0.45,SHORT,1,0,0,0
NEARUSDT,1779282000000,2026-05-20T13:00:00.000Z,BULL,SHORT,38.502413901962484,18.219565094779547,IGNORE,0,WATCH,,0,0,0,NA,NA,NA,NA,NA,CLEAR,1,0,0,0,0,TREND_REVERSAL_UNCONFIRMED,2,0.45,SHORT,1,0,0,0
NEARUSDT,1779285600000,2026-05-20T14:00:00.000Z,BULL,SHORT,41.25235182452331,18.436122706181212,IGNORE,0,WATCH,,0,0,0,NA,NA,NA,NA,NA,CLEAR,1,1,0,0,0,TREND_REVERSAL_UNCONFIRMED,2,0.45,SHORT,1,0,0,0
NEARUSDT,1779289200000,2026-05-20T15:00:00.000Z,BULL,SHORT,67.5,62.317499999999995,WATCH,1,ACTIVE,ACTIVE,1,1,1,PASS,PASS,SKIP,SKIP,PASS,CLEAR,1,0,0,0,1,,3,0.84,SHORT,0,1,0,0
NEARUSDT,1779292800000,2026-05-20T16:00:00.000Z,BULL,SHORT,30.325964907592898,17.57566973647294,IGNORE,0,WATCH,,0,0,0,NA,NA,NA,NA,NA,CLEAR,1,0,0,0,0,TREND_REVERSAL_UNCONFIRMED,2,0.45,SHORT,1,0,0,0
NEARUSDT,1779296400000,2026-05-20T17:00:00.000Z,BULL,SHORT,17.5,12.909375,IGNORE,0,WATCH,,0,0,0,NA,NA,NA,NA,NA,CLEAR,1,0,0,0,0,TREND_REVERSAL_UNCONFIRMED,1,0.45,SHORT,1,0,0,0
NEARUSDT,1779300000000,2026-05-20T18:00:00.000Z,BULL,SHORT,40.40263616025437,18.369207597620033,IGNORE,0,WATCH,,0,0,0,NA,NA,NA,NA,NA,CLEAR,1,0,0,0,0,TREND_REVERSAL_UNCONFIRMED,2,0.45,SHORT,1,0,0,0
NEARUSDT,1779303600000,2026-05-20T19:00:00.000Z,BULL,SHORT,0,7.875,IGNORE,0,WATCH,,0,0,0,NA,NA,NA,NA,NA,CLEAR,1,0,0,0,0,TREND_REVERSAL_UNCONFIRMED,0,0.45,SHORT,1,0,0,0
NEARUSDT,1779307200000,2026-05-20T20:00:00.000Z,BULL,SHORT,12.847222222222221,12.54296875,IGNORE,0,WATCH,,0,0,0,NA,NA,NA,NA,NA,CLEAR,1,0,0,0,0,TREND_REVERSAL_UNCONFIRMED,1,0.45,SHORT,1,0,0,0
NEARUSDT,1779310800000,2026-05-20T21:00:00.000Z,BULL,SHORT,15.47883041627735,12.750207895281843,IGNORE,0,WATCH,,0,0,0,NA,NA,NA,NA,NA,CLEAR,1,0,0,0,0,TREND_REVERSAL_UNCONFIRMED,1,0.45,SHORT,1,0,0,0
NEARUSDT,1779314400000,2026-05-20T22:00:00.000Z,BULL,SHORT,25,13.5,IGNORE,0,WATCH,,0,0,0,NA,NA,NA,NA,NA,CLEAR,1,0,0,0,0,TREND_REVERSAL_UNCONFIRMED,1,0.45,SHORT,1,0,0,0
NEARUSDT,1779318000000,2026-05-20T23:00:00.000Z,BULL,SHORT,0,7.875,IGNORE,0,WATCH,,0,0,0,NA,NA,NA,NA,NA,CLEAR,1,0,0,0,0,TREND_REVERSAL_UNCONFIRMED,0,0.45,SHORT,1,0,0,0
NEARUSDT,1779321600000,2026-05-21T00:00:00.000Z,BULL,SHORT,0,7.875,IGNORE,0,WATCH,,0,0,0,NA,NA,NA,NA,NA,CLEAR,1,0,0,0,0,TREND_REVERSAL_UNCONFIRMED,0,0.45,SHORT,1,0,0,0
NEARUSDT,1779325200000,2026-05-21T01:00:00.000Z,BULL,SHORT,43.25126717667032,18.593537290162786,IGNORE,0,WATCH,,0,0,0,NA,NA,NA,NA,NA,CLEAR,1,0,0,0,0,TREND_REVERSAL_UNCONFIRMED,2,0.45,SHORT,1,0,0,0
NEARUSDT,1779328800000,2026-05-21T02:00:00.000Z,BULL,SHORT,12.847222222222221,12.54296875,IGNORE,0,WATCH,,0,0,0,NA,NA,NA,NA,NA,CLEAR,1,0,0,0,0,TREND_REVERSAL_UNCONFIRMED,1,0.45,SHORT,1,0,0,0
NEARUSDT,1779332400000,2026-05-21T03:00:00.000Z,BULL,SHORT,0,7.875,IGNORE,0,WATCH,,0,0,0,NA,NA,NA,NA,NA,CLEAR,1,0,0,0,0,TREND_REVERSAL_UNCONFIRMED,0,0.45,SHORT,1,0,0,0
NEARUSDT,1779336000000,2026-05-21T04:00:00.000Z,BULL,SHORT,36.03256319125946,18.02506435131168,IGNORE,0,WATCH,,0,0,0,NA,NA,NA,NA,NA,CLEAR,1,1,0,0,0,TREND_REVERSAL_UNCONFIRMED,2,0.45,SHORT,1,0,0,0
NEARUSDT,1779339600000,2026-05-21T05:00:00.000Z,BULL,SHORT,25,13.5,IGNORE,0,WATCH,,0,0,0,NA,NA,NA,NA,NA,CLEAR,1,0,0,0,0,TREND_REVERSAL_UNCONFIRMED,1,0.45,SHORT,1,0,0,0
NEARUSDT,1779343200000,2026-05-21T06:00:00.000Z,BULL,SHORT,0,7.875,IGNORE,0,WATCH,,0,0,0,NA,NA,NA,NA,NA,WARNING_SOFT,1,0,0,0,0,TREND_REVERSAL_UNCONFIRMED,0,0.45,SHORT,1,0,0,0
NEARUSDT,1779346800000,2026-05-21T07:00:00.000Z,BULL,SHORT,0,7.875,IGNORE,0,WATCH,,0,0,0,NA,NA,NA,NA,NA,WARNING_SOFT,1,0,0,0,0,TREND_REVERSAL_UNCONFIRMED,0,0.45,SHORT,1,0,0,0
NEARUSDT,1779350400000,2026-05-21T08:00:00.000Z,BULL,SHORT,13.465046130611086,12.591622382785623,IGNORE,0,WATCH,,0,0,0,NA,NA,NA,NA,NA,CLEAR,1,0,0,0,0,TREND_REVERSAL_UNCONFIRMED,1,0.45,SHORT,1,0,0,0
NEARUSDT,1779354000000,2026-05-21T09:00:00.000Z,BULL,SHORT,25,13.5,IGNORE,0,WATCH,,0,0,0,NA,NA,NA,NA,NA,WARNING_SOFT,1,0,0,0,0,TREND_REVERSAL_UNCONFIRMED,1,0.45,SHORT,1,0,0,0
NEARUSDT,1779357600000,2026-05-21T10:00:00.000Z,BULL,SHORT,14.085456619938963,12.640479708820193,IGNORE,0,WATCH,,0,0,0,NA,NA,NA,NA,NA,WARNING_HARD,1,0,0,0,0,TREND_REVERSAL_UNCONFIRMED,1,0.45,SHORT,1,0,0,0
NEARUSDT,1779361200000,2026-05-21T11:00:00.000Z,BULL,SHORT,0,7.875,IGNORE,0,WATCH,,0,0,0,NA,NA,NA,NA,NA,WARNING_SOFT,1,0,0,0,0,TREND_REVERSAL_UNCONFIRMED,0,0.45,SHORT,1,0,0,0
NEARUSDT,1779364800000,2026-05-21T12:00:00.000Z,BULL,SHORT,0,7.875,IGNORE,0,WATCH,,0,0,0,NA,NA,NA,NA,NA,WARNING_SOFT,1,0,0,0,0,TREND_REVERSAL_UNCONFIRMED,0,0.45,SHORT,1,0,0,0
NEARUSDT,1779368400000,2026-05-21T13:00:00.000Z,BULL,SHORT,0,7.875,IGNORE,0,WATCH,,0,0,0,NA,NA,NA,NA,NA,WARNING_SOFT,1,0,0,0,0,TREND_REVERSAL_UNCONFIRMED,0,0.45,SHORT,1,0,0,0
NEARUSDT,1779372000000,2026-05-21T14:00:00.000Z,BULL,SHORT,13.769982140924448,12.6156360935978,IGNORE,0,WATCH,,0,0,0,NA,NA,NA,NA,NA,BLOCK,0,0,0,0,0,TREND_REVERSAL_UNCONFIRMED,1,0.45,SHORT,1,0,0,0
NEARUSDT,1779375600000,2026-05-21T15:00:00.000Z,BULL,SHORT,25,13.5,IGNORE,0,WATCH,,0,0,0,NA,NA,NA,NA,NA,WARNING_HARD,1,0,0,0,0,TREND_REVERSAL_UNCONFIRMED,1,0.45,SHORT,1,0,0,0
NEARUSDT,1779379200000,2026-05-21T16:00:00.000Z,BULL,SHORT,41.659685858343025,18.468200261344517,IGNORE,0,WATCH,,0,0,0,NA,NA,NA,NA,NA,WARNING_HARD,1,0,0,0,0,TREND_REVERSAL_UNCONFIRMED,2,0.45,SHORT,1,0,0,0
NEARUSDT,1779382800000,2026-05-21T17:00:00.000Z,BULL,SHORT,39.58333333333333,18.3046875,IGNORE,0,WATCH,,0,0,0,NA,NA,NA,NA,NA,CLEAR,1,0,0,0,0,TREND_REVERSAL_UNCONFIRMED,2,0.45,SHORT,1,0,0,0
NEARUSDT,1779386400000,2026-05-21T18:00:00.000Z,BULL,SHORT,13.819222082284385,12.619513738979895,IGNORE,0,WATCH,,0,0,0,NA,NA,NA,NA,NA,WARNING_SOFT,1,0,0,0,0,TREND_REVERSAL_UNCONFIRMED,1,0.45,SHORT,1,0,0,0
NEARUSDT,1779390000000,2026-05-21T19:00:00.000Z,BULL,SHORT,36.83897994368313,18.088569670565047,IGNORE,0,WATCH,,0,0,0,NA,NA,NA,NA,NA,CLEAR,1,0,0,0,0,TREND_REVERSAL_UNCONFIRMED,2,0.45,SHORT,1,0,0,0
NEARUSDT,1779393600000,2026-05-21T20:00:00.000Z,BULL,SHORT,34.87838768893191,17.934173030503388,IGNORE,0,WATCH,,0,0,0,NA,NA,NA,NA,NA,CLEAR,1,0,0,0,0,TREND_REVERSAL_UNCONFIRMED,2,0.45,SHORT,1,0,0,0
NEARUSDT,1779397200000,2026-05-21T21:00:00.000Z,BULL,SHORT,14.583333333333332,12.6796875,IGNORE,0,WATCH,,0,0,0,NA,NA,NA,NA,NA,CLEAR,1,0,0,0,0,TREND_REVERSAL_UNCONFIRMED,1,0.45,SHORT,1,0,0,0
NEARUSDT,1779400800000,2026-05-21T22:00:00.000Z,BULL,SHORT,28.834200542153162,17.458193292694563,IGNORE,0,WATCH,,0,0,0,NA,NA,NA,NA,NA,CLEAR,1,0,0,0,0,TREND_REVERSAL_UNCONFIRMED,2,0.45,SHORT,1,0,0,0
NEARUSDT,1779404400000,2026-05-21T23:00:00.000Z,BULL,SHORT,12.847222222222221,12.54296875,IGNORE,0,WATCH,,0,0,0,NA,NA,NA,NA,NA,CLEAR,1,0,0,0,0,TREND_REVERSAL_UNCONFIRMED,1,0.45,SHORT,1,0,0,0
NEARUSDT,1779408000000,2026-05-22T00:00:00.000Z,BULL,SHORT,29.213442243320458,17.488058576661487,IGNORE,0,WATCH,,0,0,0,NA,NA,NA,NA,NA,WARNING_SOFT,1,0,0,0,0,TREND_REVERSAL_UNCONFIRMED,2,0.45,SHORT,1,0,0,0
NEARUSDT,1779411600000,2026-05-22T01:00:00.000Z,BULL,SHORT,43.05555555555556,18.578125,IGNORE,0,WATCH,,0,0,0,NA,NA,NA,NA,NA,CLEAR,1,1,0,0,0,TREND_REVERSAL_UNCONFIRMED,2,0.45,SHORT,1,0,0,0
NEARUSDT,1779415200000,2026-05-22T02:00:00.000Z,BULL,SHORT,68.05555555555556,53.99916666666667,WATCH,1,WATCH,ACTIVE,1,1,0,PASS,PASS,SKIP,SKIP,FAIL,CLEAR,1,0,0,0,0,MARKET_CONTEXT_DENIED,3,0.84,SHORT,0,1,0,0
NEARUSDT,1779418800000,2026-05-22T03:00:00.000Z,BULL,SHORT,41.52692115352295,18.45774504083993,IGNORE,0,WATCH,,0,0,0,NA,NA,NA,NA,NA,CLEAR,1,0,0,0,0,TREND_REVERSAL_UNCONFIRMED,2,0.45,SHORT,1,0,0,0
NEARUSDT,1779422400000,2026-05-22T04:00:00.000Z,BULL,SHORT,45.138888888888886,18.7421875,IGNORE,0,WATCH,,0,0,0,NA,NA,NA,NA,NA,CLEAR,1,0,0,0,0,TREND_REVERSAL_UNCONFIRMED,2,0.45,SHORT,1,0,0,0
NEARUSDT,1779426000000,2026-05-22T05:00:00.000Z,BULL,SHORT,45.138888888888886,18.7421875,IGNORE,0,WATCH,,0,0,0,NA,NA,NA,NA,NA,WARNING_HARD,1,0,0,0,0,TREND_REVERSAL_UNCONFIRMED,2,0.45,SHORT,1,0,0,0
NEARUSDT,1779429600000,2026-05-22T06:00:00.000Z,BULL,SHORT,45.515590311993336,18.771852737069473,IGNORE,0,WATCH,,0,0,0,NA,NA,NA,NA,NA,WARNING_SOFT,1,0,0,0,0,TREND_REVERSAL_UNCONFIRMED,2,0.45,SHORT,1,0,0,0
NEARUSDT,1779433200000,2026-05-22T07:00:00.000Z,BULL,SHORT,46.52777777777778,18.851562500000004,IGNORE,0,WATCH,,0,0,0,NA,NA,NA,NA,NA,WARNING_HARD,1,0,0,0,0,TREND_REVERSAL_UNCONFIRMED,2,0.45,SHORT,1,0,0,0
NEARUSDT,1779436800000,2026-05-22T08:00:00.000Z,BULL,SHORT,42.75800975045864,18.554693267848617,IGNORE,0,WATCH,,0,0,0,NA,NA,NA,NA,NA,WARNING_HARD,1,0,0,0,0,TREND_REVERSAL_UNCONFIRMED,2,0.45,SHORT,1,0,0,0
NEARUSDT,1779440400000,2026-05-22T09:00:00.000Z,BULL,SHORT,33.55959716844998,17.830318277015436,IGNORE,0,WATCH,,0,0,0,NA,NA,NA,NA,NA,WARNING_SOFT,1,0,0,0,0,TREND_REVERSAL_UNCONFIRMED,2,0.45,SHORT,1,0,0,0
NEARUSDT,1779444000000,2026-05-22T10:00:00.000Z,BULL,SHORT,31.14801091730441,17.640405859737722,IGNORE,0,WATCH,,0,0,0,NA,NA,NA,NA,NA,WARNING_HARD,1,0,0,0,0,TREND_REVERSAL_UNCONFIRMED,2,0.45,SHORT,1,0,0,0
NEARUSDT,1779447600000,2026-05-22T11:00:00.000Z,BULL,SHORT,16.319444444444443,12.81640625,IGNORE,0,WATCH,,0,0,0,NA,NA,NA,NA,NA,WARNING_SOFT,1,0,0,0,0,TREND_REVERSAL_UNCONFIRMED,1,0.45,SHORT,1,0,0,0
NEARUSDT,1779451200000,2026-05-22T12:00:00.000Z,BULL,SHORT,18.055555555555557,12.953125,IGNORE,0,WATCH,,0,0,0,NA,NA,NA,NA,NA,CLEAR,1,0,0,0,0,TREND_REVERSAL_UNCONFIRMED,1,0.45,SHORT,1,0,0,0
NEARUSDT,1779454800000,2026-05-22T13:00:00.000Z,BULL,SHORT,37.33659238491697,18.12775665031221,IGNORE,0,WATCH,,0,0,0,NA,NA,NA,NA,NA,WARNING_HARD,1,0,0,0,0,TREND_REVERSAL_UNCONFIRMED,2,0.45,SHORT,1,0,0,0
NEARUSDT,1779458400000,2026-05-22T14:00:00.000Z,BULL,SHORT,51.0113699379818,51.49367138088332,WATCH,1,WATCH,ACTIVE,1,1,0,PASS,PASS,SKIP,SKIP,FAIL,WARNING_SOFT,1,0,0,0,0,MARKET_CONTEXT_DENIED,3,0.84,SHORT,0,1,0,0
NEARUSDT,1779462000000,2026-05-22T15:00:00.000Z,BULL,SHORT,15.658400790182831,12.764349062226898,IGNORE,0,WATCH,,0,0,0,NA,NA,NA,NA,NA,WARNING_SOFT,1,0,0,0,0,TREND_REVERSAL_UNCONFIRMED,1,0.45,SHORT,1,0,0,0
NEARUSDT,1779465600000,2026-05-22T16:00:00.000Z,BULL,SHORT,0,7.875,IGNORE,0,WATCH,,0,0,0,NA,NA,NA,NA,NA,WARNING_SOFT,1,0,0,0,0,TREND_REVERSAL_UNCONFIRMED,0,0.45,SHORT,1,0,0,0
NEARUSDT,1779469200000,2026-05-22T17:00:00.000Z,BULL,SHORT,0,7.875,IGNORE,0,WATCH,,0,0,0,NA,NA,NA,NA,NA,WARNING_SOFT,1,0,0,0,0,TREND_REVERSAL_UNCONFIRMED,0,0.45,SHORT,1,0,0,0
NEARUSDT,1779472800000,2026-05-22T18:00:00.000Z,BULL,SHORT,25,13.5,IGNORE,0,WATCH,,0,0,0,NA,NA,NA,NA,NA,WARNING_SOFT,1,0,0,0,0,TREND_REVERSAL_UNCONFIRMED,1,0.45,SHORT,1,0,0,0
NEARUSDT,1779476400000,2026-05-22T19:00:00.000Z,NEUTRAL,NONE,0,7.875,IGNORE,0,WATCH,,0,0,0,NA,NA,NA,NA,NA,BLOCK,0,0,0,0,0,TREND_REVERSAL_UNCONFIRMED,0,0.45,NONE,1,0,0,0
NEARUSDT,1779480000000,2026-05-22T20:00:00.000Z,NEUTRAL,NONE,0,7.875,IGNORE,0,WATCH,,0,0,0,NA,NA,NA,NA,NA,BLOCK,0,0,0,0,0,TREND_REVERSAL_UNCONFIRMED,0,0.45,NONE,1,0,0,0
NEARUSDT,1779483600000,2026-05-22T21:00:00.000Z,NEUTRAL,NONE,0,7.875,IGNORE,0,WATCH,,0,0,0,NA,NA,NA,NA,NA,WARNING_SOFT,1,0,0,0,0,TREND_REVERSAL_UNCONFIRMED,0,0.45,NONE,1,0,0,0
NEARUSDT,1779487200000,2026-05-22T22:00:00.000Z,NEUTRAL,NONE,0,7.875,IGNORE,0,WATCH,,0,0,0,NA,NA,NA,NA,NA,WARNING_SOFT,1,0,0,0,0,TREND_REVERSAL_UNCONFIRMED,0,0.45,NONE,1,0,0,0
NEARUSDT,1779490800000,2026-05-22T23:00:00.000Z,NEUTRAL,NONE,0,7.875,IGNORE,0,WATCH,,0,0,0,NA,NA,NA,NA,NA,WARNING_SOFT,1,0,0,0,0,TREND_REVERSAL_UNCONFIRMED,0,0.45,NONE,1,0,0,0
NEARUSDT,1779494400000,2026-05-23T00:00:00.000Z,NEUTRAL,NONE,0,7.875,IGNORE,0,WATCH,,0,0,0,NA,NA,NA,NA,NA,WARNING_SOFT,1,0,0,0,0,TREND_REVERSAL_UNCONFIRMED,0,0.45,NONE,1,0,0,0
NEARUSDT,1779498000000,2026-05-23T01:00:00.000Z,NEUTRAL,NONE,0,7.875,IGNORE,0,WATCH,,0,0,0,NA,NA,NA,NA,NA,WARNING_SOFT,1,0,0,0,0,TREND_REVERSAL_UNCONFIRMED,0,0.45,NONE,1,0,0,0
NEARUSDT,1779501600000,2026-05-23T02:00:00.000Z,NEUTRAL,NONE,0,7.875,IGNORE,0,WATCH,,0,0,0,NA,NA,NA,NA,NA,WARNING_SOFT,1,0,0,0,0,TREND_REVERSAL_UNCONFIRMED,0,0.45,NONE,1,0,0,0
NEARUSDT,1779505200000,2026-05-23T03:00:00.000Z,NEUTRAL,NONE,0,7.875,IGNORE,0,WATCH,,0,0,0,NA,NA,NA,NA,NA,WARNING_SOFT,1,0,0,0,0,TREND_REVERSAL_UNCONFIRMED,0,0.45,NONE,1,0,0,0
NEARUSDT,1779508800000,2026-05-23T04:00:00.000Z,NEUTRAL,NONE,0,7.875,IGNORE,0,WATCH,,0,0,0,NA,NA,NA,NA,NA,WARNING_SOFT,1,0,0,0,0,TREND_REVERSAL_UNCONFIRMED,0,0.45,NONE,1,0,0,0
NEARUSDT,1779512400000,2026-05-23T05:00:00.000Z,NEUTRAL,NONE,0,7.875,IGNORE,0,WATCH,,0,0,0,NA,NA,NA,NA,NA,WARNING_SOFT,1,0,0,0,0,TREND_REVERSAL_UNCONFIRMED,0,0.45,NONE,1,0,0,0
NEARUSDT,1779516000000,2026-05-23T06:00:00.000Z,NEUTRAL,NONE,0,7.875,IGNORE,0,WATCH,,0,0,0,NA,NA,NA,NA,NA,WARNING_SOFT,1,0,0,0,0,TREND_REVERSAL_UNCONFIRMED,0,0.45,NONE,1,0,0,0
NEARUSDT,1779519600000,2026-05-23T07:00:00.000Z,NEUTRAL,NONE,0,7.875,IGNORE,0,WATCH,,0,0,0,NA,NA,NA,NA,NA,WARNING_SOFT,1,0,0,0,0,TREND_REVERSAL_UNCONFIRMED,0,0.45,NONE,1,0,0,0
NEARUSDT,1779523200000,2026-05-23T08:00:00.000Z,NEUTRAL,NONE,0,7.875,IGNORE,0,WATCH,,0,0,0,NA,NA,NA,NA,NA,BLOCK,0,0,0,0,0,TREND_REVERSAL_UNCONFIRMED,0,0.45,NONE,1,0,0,0
NEARUSDT,1779526800000,2026-05-23T09:00:00.000Z,NEUTRAL,NONE,0,7.875,IGNORE,0,WATCH,,0,0,0,NA,NA,NA,NA,NA,WARNING_SOFT,1,0,0,0,0,TREND_REVERSAL_UNCONFIRMED,0,0.45,NONE,1,0,0,0
NEARUSDT,1779530400000,2026-05-23T10:00:00.000Z,NEUTRAL,NONE,0,7.875,IGNORE,0,WATCH,,0,0,0,NA,NA,NA,NA,NA,WARNING_SOFT,1,0,0,0,0,TREND_REVERSAL_UNCONFIRMED,0,0.45,NONE,1,0,0,0
NEARUSDT,1779534000000,2026-05-23T11:00:00.000Z,NEUTRAL,NONE,0,7.875,IGNORE,0,WATCH,,0,0,0,NA,NA,NA,NA,NA,WARNING_SOFT,1,0,0,0,0,TREND_REVERSAL_UNCONFIRMED,0,0.45,NONE,1,0,0,0
NEARUSDT,1779537600000,2026-05-23T12:00:00.000Z,BULL,SHORT,17.5,12.909375,IGNORE,0,WATCH,,0,0,0,NA,NA,NA,NA,NA,WARNING_SOFT,1,0,0,0,0,TREND_REVERSAL_UNCONFIRMED,1,0.45,SHORT,1,0,0,0
NEARUSDT,1779541200000,2026-05-23T13:00:00.000Z,BULL,SHORT,17.5,12.909375,IGNORE,0,WATCH,,0,0,0,NA,NA,NA,NA,NA,WARNING_HARD,1,0,0,0,0,TREND_REVERSAL_UNCONFIRMED,1,0.45,SHORT,1,0,0,0
NEARUSDT,1779544800000,2026-05-23T14:00:00.000Z,BULL,SHORT,56.41653766619466,52.28823103693061,WATCH,1,WATCH,ACTIVE,1,1,0,PASS,PASS,SKIP,SKIP,FAIL,CLEAR,1,1,0,0,0,MARKET_CONTEXT_DENIED,3,0.84,SHORT,0,1,0,0
NEARUSDT,1779548400000,2026-05-23T15:00:00.000Z,BULL,SHORT,69,60.963,WATCH,1,WATCH,ACTIVE,1,1,0,PASS,PASS,SKIP,SKIP,FAIL,CLEAR,1,0,0,0,0,MARKET_CONTEXT_DENIED,4,0.84,SHORT,0,1,0,0
NEARUSDT,1779552000000,2026-05-23T16:00:00.000Z,BULL,SHORT,64.02777777777777,53.407083333333325,WATCH,1,WATCH,ACTIVE,1,1,0,PASS,PASS,SKIP,SKIP,FAIL,WARNING_HARD,1,0,0,0,0,MARKET_CONTEXT_DENIED,3,0.84,SHORT,0,1,0,0
NEARUSDT,1779555600000,2026-05-23T17:00:00.000Z,BULL,SHORT,58.81944444444444,52.64145833333333,WATCH,1,WATCH,ACTIVE,1,1,0,PASS,PASS,SKIP,SKIP,FAIL,CLEAR,1,0,1,1,0,MARKET_CONTEXT_DENIED,3,0.84,SHORT,0,1,0,0
NEARUSDT,1779559200000,2026-05-23T18:00:00.000Z,BULL,SHORT,58.77451507956445,52.63485371669597,WATCH,1,WATCH,ACTIVE,1,1,0,PASS,PASS,SKIP,SKIP,FAIL,CLEAR,1,0,0,0,0,MARKET_CONTEXT_DENIED,3,0.84,SHORT,0,1,0,0
NEARUSDT,1779562800000,2026-05-23T19:00:00.000Z,BULL,SHORT,33.81944444444444,17.85078125,IGNORE,0,WATCH,,0,0,0,NA,NA,NA,NA,NA,CLEAR,1,0,0,0,0,TREND_REVERSAL_UNCONFIRMED,2,0.45,SHORT,1,0,0,0
NEARUSDT,1779566400000,2026-05-23T20:00:00.000Z,BULL,SHORT,33.81944444444444,17.85078125,IGNORE,0,WATCH,,0,0,0,NA,NA,NA,NA,NA,CLEAR,1,0,0,0,0,TREND_REVERSAL_UNCONFIRMED,2,0.45,SHORT,1,0,0,0
NEARUSDT,1779570000000,2026-05-23T21:00:00.000Z,BULL,SHORT,14.583333333333332,12.6796875,IGNORE,0,WATCH,,0,0,0,NA,NA,NA,NA,NA,CLEAR,1,0,0,0,0,TREND_REVERSAL_UNCONFIRMED,1,0.45,SHORT,1,0,0,0
NEARUSDT,1779573600000,2026-05-23T22:00:00.000Z,BULL,SHORT,14.583333333333332,12.6796875,IGNORE,0,WATCH,,0,0,0,NA,NA,NA,NA,NA,CLEAR,1,0,0,0,0,TREND_REVERSAL_UNCONFIRMED,1,0.45,SHORT,1,0,0,0
NEARUSDT,1779577200000,2026-05-23T23:00:00.000Z,BULL,SHORT,29.130780301536994,17.48154894874604,IGNORE,0,WATCH,,0,0,0,NA,NA,NA,NA,NA,CLEAR,1,0,0,0,0,TREND_REVERSAL_UNCONFIRMED,2,0.45,SHORT,1,0,0,0
NEARUSDT,1779580800000,2026-05-24T00:00:00.000Z,BULL,SHORT,0,7.875,IGNORE,0,WATCH,,0,0,0,NA,NA,NA,NA,NA,CLEAR,1,0,0,0,0,TREND_REVERSAL_UNCONFIRMED,0,0.45,SHORT,1,0,0,0
NEARUSDT,1779584400000,2026-05-24T01:00:00.000Z,BULL,SHORT,0,7.875,IGNORE,0,WATCH,,0,0,0,NA,NA,NA,NA,NA,CLEAR,1,0,0,0,0,TREND_REVERSAL_UNCONFIRMED,0,0.45,SHORT,1,0,0,0
NEARUSDT,1779588000000,2026-05-24T02:00:00.000Z,BULL,SHORT,17.5,12.909375,IGNORE,0,WATCH,,0,0,0,NA,NA,NA,NA,NA,CLEAR,1,0,0,0,0,TREND_REVERSAL_UNCONFIRMED,1,0.45,SHORT,1,0,0,0
NEARUSDT,1779591600000,2026-05-24T03:00:00.000Z,BULL,SHORT,17.5,12.909375,IGNORE,0,WATCH,,0,0,0,NA,NA,NA,NA,NA,CLEAR,1,0,0,0,0,TREND_REVERSAL_UNCONFIRMED,1,0.45,SHORT,1,0,0,0
NEARUSDT,1779595200000,2026-05-24T04:00:00.000Z,BULL,SHORT,17.5,12.909375,IGNORE,0,WATCH,,0,0,0,NA,NA,NA,NA,NA,WARNING_SOFT,1,0,0,0,0,TREND_REVERSAL_UNCONFIRMED,1,0.45,SHORT,1,0,0,0
NEARUSDT,1779598800000,2026-05-24T05:00:00.000Z,BULL,SHORT,17.5,12.909375,IGNORE,0,WATCH,,0,0,0,NA,NA,NA,NA,NA,WARNING_SOFT,1,0,0,0,0,TREND_REVERSAL_UNCONFIRMED,1,0.45,SHORT,1,0,0,0
NEARUSDT,1779602400000,2026-05-24T06:00:00.000Z,BULL,SHORT,17.5,12.909375,IGNORE,0,WATCH,,0,0,0,NA,NA,NA,NA,NA,WARNING_SOFT,1,0,0,0,0,TREND_REVERSAL_UNCONFIRMED,1,0.45,SHORT,1,0,0,0
NEARUSDT,1779606000000,2026-05-24T07:00:00.000Z,BULL,SHORT,17.5,12.909375,IGNORE,0,WATCH,,0,0,0,NA,NA,NA,NA,NA,CLEAR,1,0,0,0,0,TREND_REVERSAL_UNCONFIRMED,1,0.45,SHORT,1,0,0,0
NEARUSDT,1779609600000,2026-05-24T08:00:00.000Z,BULL,SHORT,42.5,18.534375,IGNORE,0,WATCH,,0,0,0,NA,NA,NA,NA,NA,CLEAR,1,0,0,0,0,TREND_REVERSAL_UNCONFIRMED,2,0.45,SHORT,1,0,0,0
NEARUSDT,1779613200000,2026-05-24T09:00:00.000Z,BULL,SHORT,17.5,12.909375,IGNORE,0,WATCH,,0,0,0,NA,NA,NA,NA,NA,WARNING_SOFT,1,0,0,0,0,TREND_REVERSAL_UNCONFIRMED,1,0.45,SHORT,1,0,0,0
NEARUSDT,1779616800000,2026-05-24T10:00:00.000Z,BULL,SHORT,17.5,12.909375,IGNORE,0,WATCH,,0,0,0,NA,NA,NA,NA,NA,WARNING_SOFT,1,0,0,0,0,TREND_REVERSAL_UNCONFIRMED,1,0.45,SHORT,1,0,0,0
NEARUSDT,1779620400000,2026-05-24T11:00:00.000Z,BULL,SHORT,17.5,12.909375,IGNORE,0,WATCH,,0,0,0,NA,NA,NA,NA,NA,WARNING_SOFT,1,0,0,0,0,TREND_REVERSAL_UNCONFIRMED,1,0.45,SHORT,1,0,0,0
NEARUSDT,1779624000000,2026-05-24T12:00:00.000Z,BULL,SHORT,17.5,12.909375,IGNORE,0,WATCH,,0,0,0,NA,NA,NA,NA,NA,WARNING_SOFT,1,0,0,0,0,TREND_REVERSAL_UNCONFIRMED,1,0.45,SHORT,1,0,0,0
NEARUSDT,1779627600000,2026-05-24T13:00:00.000Z,BULL,SHORT,17.5,12.909375,IGNORE,0,WATCH,,0,0,0,NA,NA,NA,NA,NA,CLEAR,1,0,0,0,0,TREND_REVERSAL_UNCONFIRMED,1,0.45,SHORT,1,0,0,0
NEARUSDT,1779631200000,2026-05-24T14:00:00.000Z,BULL,SHORT,55.34722222222222,52.13104166666666,WATCH,1,WATCH,ACTIVE,1,1,0,PASS,PASS,SKIP,SKIP,FAIL,WARNING_HARD,1,0,0,0,0,MARKET_CONTEXT_DENIED,3,0.84,SHORT,0,1,0,0
NEARUSDT,1779634800000,2026-05-24T15:00:00.000Z,BULL,SHORT,67.5,53.9175,WATCH,1,WATCH,ACTIVE,1,1,0,PASS,PASS,SKIP,SKIP,FAIL,WARNING_HARD,1,0,0,0,0,MARKET_CONTEXT_DENIED,3,0.84,SHORT,0,1,0,0
NEARUSDT,1779638400000,2026-05-24T16:00:00.000Z,BULL,SHORT,17.5,12.909375,IGNORE,0,WATCH,,0,0,0,NA,NA,NA,NA,NA,CLEAR,1,0,0,0,0,TREND_REVERSAL_UNCONFIRMED,1,0.45,SHORT,1,0,0,0
NEARUSDT,1779642000000,2026-05-24T17:00:00.000Z,BULL,SHORT,0,7.875,IGNORE,0,WATCH,,0,0,0,NA,NA,NA,NA,NA,CLEAR,1,0,0,0,0,TREND_REVERSAL_UNCONFIRMED,0,0.45,SHORT,1,0,0,0
NEARUSDT,1779645600000,2026-05-24T18:00:00.000Z,BULL,SHORT,0,7.875,IGNORE,0,WATCH,,0,0,0,NA,NA,NA,NA,NA,WARNING_SOFT,1,0,0,0,0,TREND_REVERSAL_UNCONFIRMED,0,0.45,SHORT,1,0,0,0
NEARUSDT,1779649200000,2026-05-24T19:00:00.000Z,BULL,SHORT,25,13.5,IGNORE,0,WATCH,,0,0,0,NA,NA,NA,NA,NA,WARNING_SOFT,1,0,0,0,0,TREND_REVERSAL_UNCONFIRMED,1,0.45,SHORT,1,0,0,0
NEARUSDT,1779652800000,2026-05-24T20:00:00.000Z,BULL,SHORT,0,7.875,IGNORE,0,WATCH,,0,0,0,NA,NA,NA,NA,NA,WARNING_SOFT,1,0,0,0,0,TREND_REVERSAL_UNCONFIRMED,0,0.45,SHORT,1,0,0,0
NEARUSDT,1779656400000,2026-05-24T21:00:00.000Z,NEUTRAL,NONE,0,7.875,IGNORE,0,WATCH,,0,0,0,NA,NA,NA,NA,NA,BLOCK,0,0,0,0,0,TREND_REVERSAL_UNCONFIRMED,0,0.45,NONE,1,0,0,0
NEARUSDT,1779660000000,2026-05-24T22:00:00.000Z,BULL,SHORT,0,7.875,IGNORE,0,WATCH,,0,0,0,NA,NA,NA,NA,NA,CLEAR,1,0,0,0,0,TREND_REVERSAL_UNCONFIRMED,0,0.45,SHORT,1,0,0,0
NEARUSDT,1779663600000,2026-05-24T23:00:00.000Z,NEUTRAL,NONE,0,7.875,IGNORE,0,WATCH,,0,0,0,NA,NA,NA,NA,NA,WARNING_SOFT,1,0,0,0,0,TREND_REVERSAL_UNCONFIRMED,0,0.45,NONE,1,0,0,0
NEARUSDT,1779667200000,2026-05-25T00:00:00.000Z,NEUTRAL,NONE,0,7.875,IGNORE,0,WATCH,,0,0,0,NA,NA,NA,NA,NA,WARNING_SOFT,1,0,0,0,0,TREND_REVERSAL_UNCONFIRMED,0,0.45,NONE,1,0,0,0
NEARUSDT,1779670800000,2026-05-25T01:00:00.000Z,NEUTRAL,NONE,0,7.875,IGNORE,0,WATCH,,0,0,0,NA,NA,NA,NA,NA,WARNING_SOFT,1,0,0,0,0,TREND_REVERSAL_UNCONFIRMED,0,0.45,NONE,1,0,0,0
NEARUSDT,1779674400000,2026-05-25T02:00:00.000Z,NEUTRAL,NONE,0,7.875,IGNORE,0,WATCH,,0,0,0,NA,NA,NA,NA,NA,WARNING_SOFT,1,0,0,0,0,TREND_REVERSAL_UNCONFIRMED,0,0.45,NONE,1,0,0,0
NEARUSDT,1779678000000,2026-05-25T03:00:00.000Z,NEUTRAL,NONE,0,7.875,IGNORE,0,WATCH,,0,0,0,NA,NA,NA,NA,NA,WARNING_SOFT,1,0,0,0,0,TREND_REVERSAL_UNCONFIRMED,0,0.45,NONE,1,0,0,0
NEARUSDT,1779681600000,2026-05-25T04:00:00.000Z,NEUTRAL,NONE,0,7.875,IGNORE,0,WATCH,,0,0,0,NA,NA,NA,NA,NA,WARNING_SOFT,1,0,0,0,0,TREND_REVERSAL_UNCONFIRMED,0,0.45,NONE,1,0,0,0
NEARUSDT,1779685200000,2026-05-25T05:00:00.000Z,NEUTRAL,NONE,0,7.875,IGNORE,0,WATCH,,0,0,0,NA,NA,NA,NA,NA,WARNING_SOFT,1,0,0,0,0,TREND_REVERSAL_UNCONFIRMED,0,0.45,NONE,1,0,0,0
NEARUSDT,1779688800000,2026-05-25T06:00:00.000Z,NEUTRAL,NONE,0,7.875,IGNORE,0,WATCH,,0,0,0,NA,NA,NA,NA,NA,BLOCK,0,0,0,0,0,TREND_REVERSAL_UNCONFIRMED,0,0.45,NONE,1,0,0,0
NEARUSDT,1779692400000,2026-05-25T07:00:00.000Z,NEUTRAL,NONE,0,7.875,IGNORE,0,WATCH,,0,0,0,NA,NA,NA,NA,NA,WARNING_SOFT,1,0,0,0,0,TREND_REVERSAL_UNCONFIRMED,0,0.45,NONE,1,0,0,0
NEARUSDT,1779696000000,2026-05-25T08:00:00.000Z,BULL,SHORT,17.5,12.909375,IGNORE,0,WATCH,,0,0,0,NA,NA,NA,NA,NA,WARNING_SOFT,1,0,0,0,0,TREND_REVERSAL_UNCONFIRMED,1,0.45,SHORT,1,0,0,0
NEARUSDT,1779699600000,2026-05-25T09:00:00.000Z,BULL,SHORT,17.5,12.909375,IGNORE,0,WATCH,,0,0,0,NA,NA,NA,NA,NA,CLEAR,1,0,0,0,0,TREND_REVERSAL_UNCONFIRMED,1,0.45,SHORT,1,0,0,0
NEARUSDT,1779703200000,2026-05-25T10:00:00.000Z,BULL,SHORT,17.5,12.909375,IGNORE,0,WATCH,,0,0,0,NA,NA,NA,NA,NA,CLEAR,1,0,0,0,0,TREND_REVERSAL_UNCONFIRMED,1,0.45,SHORT,1,0,0,0
NEARUSDT,1779706800000,2026-05-25T11:00:00.000Z,BULL,SHORT,17.5,12.909375,IGNORE,0,WATCH,,0,0,0,NA,NA,NA,NA,NA,CLEAR,1,0,0,0,0,TREND_REVERSAL_UNCONFIRMED,1,0.45,SHORT,1,0,0,0
NEARUSDT,1779710400000,2026-05-25T12:00:00.000Z,BULL,SHORT,42.5,18.534375,IGNORE,0,WATCH,,0,0,0,NA,NA,NA,NA,NA,CLEAR,1,1,0,0,0,TREND_REVERSAL_UNCONFIRMED,2,0.45,SHORT,1,0,0,0
NEARUSDT,1779714000000,2026-05-25T13:00:00.000Z,BULL,SHORT,58.81944444444444,52.64145833333333,WATCH,1,WATCH,ACTIVE,1,1,0,PASS,PASS,SKIP,SKIP,FAIL,CLEAR,1,1,0,0,0,MARKET_CONTEXT_DENIED,3,0.84,SHORT,0,1,0,0
NEARUSDT,1779717600000,2026-05-25T14:00:00.000Z,BULL,SHORT,69,60.963,WATCH,1,WATCH,ACTIVE,1,1,0,PASS,PASS,SKIP,SKIP,FAIL,CLEAR,1,0,0,0,0,MARKET_CONTEXT_DENIED,4,0.84,SHORT,0,1,0,0
NEARUSDT,1779721200000,2026-05-25T15:00:00.000Z,BULL,SHORT,53.30961350686671,51.83151318550941,WATCH,1,WATCH,ACTIVE,1,1,0,PASS,PASS,SKIP,SKIP,FAIL,CLEAR,1,0,0,0,0,MARKET_CONTEXT_DENIED,3,0.84,SHORT,0,1,0,0
NEARUSDT,1779724800000,2026-05-25T16:00:00.000Z,BULL,SHORT,62.638888888888886,53.20291666666667,WATCH,1,WATCH,ACTIVE,1,1,0,PASS,PASS,SKIP,SKIP,FAIL,CLEAR,1,0,0,0,0,MARKET_CONTEXT_DENIED,3,0.84,SHORT,0,1,0,0
NEARUSDT,1779728400000,2026-05-25T17:00:00.000Z,BULL,SHORT,69,60.963,WATCH,1,WATCH,ACTIVE,1,1,0,PASS,PASS,SKIP,SKIP,FAIL,CLEAR,1,0,0,0,0,MARKET_CONTEXT_DENIED,4,0.84,SHORT,0,1,0,0
NEARUSDT,1779732000000,2026-05-25T18:00:00.000Z,BULL,SHORT,32.08333333333333,17.714062499999997,IGNORE,0,WATCH,,0,0,0,NA,NA,NA,NA,NA,CLEAR,1,0,0,0,0,TREND_REVERSAL_UNCONFIRMED,2,0.45,SHORT,1,0,0,0
NEARUSDT,1779735600000,2026-05-25T19:00:00.000Z,BULL,SHORT,16.319444444444443,12.81640625,IGNORE,0,WATCH,,0,0,0,NA,NA,NA,NA,NA,CLEAR,1,0,0,0,0,TREND_REVERSAL_UNCONFIRMED,1,0.45,SHORT,1,0,0,0
NEARUSDT,1779739200000,2026-05-25T20:00:00.000Z,BULL,SHORT,14.583333333333332,12.6796875,IGNORE,0,WATCH,,0,0,0,NA,NA,NA,NA,NA,WARNING_SOFT,1,0,0,0,0,TREND_REVERSAL_UNCONFIRMED,1,0.45,SHORT,1,0,0,0
NEARUSDT,1779742800000,2026-05-25T21:00:00.000Z,BULL,SHORT,19.791666666666668,13.08984375,IGNORE,0,WATCH,,0,0,0,NA,NA,NA,NA,NA,CLEAR,1,0,0,0,0,TREND_REVERSAL_UNCONFIRMED,1,0.45,SHORT,1,0,0,0
NEARUSDT,1779746400000,2026-05-25T22:00:00.000Z,BULL,SHORT,39.58333333333333,18.3046875,IGNORE,0,WATCH,,0,0,0,NA,NA,NA,NA,NA,WARNING_SOFT,1,0,0,0,0,TREND_REVERSAL_UNCONFIRMED,2,0.45,SHORT,1,0,0,0
NEARUSDT,1779750000000,2026-05-25T23:00:00.000Z,BULL,SHORT,14.583333333333332,12.6796875,IGNORE,0,WATCH,,0,0,0,NA,NA,NA,NA,NA,WARNING_SOFT,1,0,0,0,0,TREND_REVERSAL_UNCONFIRMED,1,0.45,SHORT,1,0,0,0
NEARUSDT,1779753600000,2026-05-26T00:00:00.000Z,BULL,SHORT,12.666950433040322,12.528772346601926,IGNORE,0,WATCH,,0,0,0,NA,NA,NA,NA,NA,WARNING_SOFT,1,0,0,0,0,TREND_REVERSAL_UNCONFIRMED,1,0.45,SHORT,1,0,0,0
NEARUSDT,1779757200000,2026-05-26T01:00:00.000Z,BULL,SHORT,13.337093737994541,12.581546131867071,IGNORE,0,WATCH,,0,0,0,NA,NA,NA,NA,NA,BLOCK,0,0,0,0,0,TREND_REVERSAL_UNCONFIRMED,1,0.45,SHORT,1,0,0,0
NEARUSDT,1779760800000,2026-05-26T02:00:00.000Z,BULL,SHORT,17.5,12.909375,IGNORE,0,WATCH,,0,0,0,NA,NA,NA,NA,NA,WARNING_SOFT,1,0,0,0,0,TREND_REVERSAL_UNCONFIRMED,1,0.45,SHORT,1,0,0,0
NEARUSDT,1779764400000,2026-05-26T03:00:00.000Z,BULL,SHORT,42.5,18.534375,IGNORE,0,WATCH,,0,0,0,NA,NA,NA,NA,NA,WARNING_SOFT,1,0,0,0,0,TREND_REVERSAL_UNCONFIRMED,2,0.45,SHORT,1,0,0,0
NEARUSDT,1779768000000,2026-05-26T04:00:00.000Z,BULL,SHORT,17.5,12.909375,IGNORE,0,WATCH,,0,0,0,NA,NA,NA,NA,NA,WARNING_SOFT,1,0,0,0,0,TREND_REVERSAL_UNCONFIRMED,1,0.45,SHORT,1,0,0,0
NEARUSDT,1779771600000,2026-05-26T05:00:00.000Z,BULL,SHORT,17.5,12.909375,IGNORE,0,WATCH,,0,0,0,NA,NA,NA,NA,NA,WARNING_SOFT,1,0,0,0,0,TREND_REVERSAL_UNCONFIRMED,1,0.45,SHORT,1,0,0,0
NEARUSDT,1779775200000,2026-05-26T06:00:00.000Z,BULL,SHORT,17.5,12.909375,IGNORE,0,WATCH,,0,0,0,NA,NA,NA,NA,NA,WARNING_SOFT,1,0,0,0,0,TREND_REVERSAL_UNCONFIRMED,1,0.45,SHORT,1,0,0,0
NEARUSDT,1779778800000,2026-05-26T07:00:00.000Z,BULL,SHORT,0,7.875,IGNORE,0,WATCH,,0,0,0,NA,NA,NA,NA,NA,WARNING_SOFT,1,0,0,0,0,TREND_REVERSAL_UNCONFIRMED,0,0.45,SHORT,1,0,0,0
NEARUSDT,1779782400000,2026-05-26T08:00:00.000Z,BULL,SHORT,0,7.875,IGNORE,0,WATCH,,0,0,0,NA,NA,NA,NA,NA,BLOCK,0,0,0,0,0,TREND_REVERSAL_UNCONFIRMED,0,0.45,SHORT,1,0,0,0
NEARUSDT,1779786000000,2026-05-26T09:00:00.000Z,BULL,SHORT,25,13.5,IGNORE,0,WATCH,,0,0,0,NA,NA,NA,NA,NA,WARNING_SOFT,1,0,0,0,0,TREND_REVERSAL_UNCONFIRMED,1,0.45,SHORT,1,0,0,0
NEARUSDT,1779789600000,2026-05-26T10:00:00.000Z,BULL,SHORT,39.58333333333333,18.3046875,IGNORE,0,WATCH,,0,0,0,NA,NA,NA,NA,NA,CLEAR,1,0,0,0,0,TREND_REVERSAL_UNCONFIRMED,2,0.45,SHORT,1,0,0,0
NEARUSDT,1779793200000,2026-05-26T11:00:00.000Z,BULL,SHORT,25,13.5,IGNORE,0,WATCH,,0,0,0,NA,NA,NA,NA,NA,CLEAR,1,0,0,0,0,TREND_REVERSAL_UNCONFIRMED,1,0.45,SHORT,1,0,0,0
NEARUSDT,1779796800000,2026-05-26T12:00:00.000Z,BULL,SHORT,25,13.5,IGNORE,0,WATCH,,0,0,0,NA,NA,NA,NA,NA,CLEAR,1,0,0,0,0,TREND_REVERSAL_UNCONFIRMED,1,0.45,SHORT,1,0,0,0
NEARUSDT,1779800400000,2026-05-26T13:00:00.000Z,BULL,SHORT,21.791680314483045,13.247344824765541,IGNORE,0,WATCH,,0,0,0,NA,NA,NA,NA,NA,WARNING_SOFT,1,0,0,0,0,TREND_REVERSAL_UNCONFIRMED,1,0.45,SHORT,1,0,0,0
NEARUSDT,1779804000000,2026-05-26T14:00:00.000Z,BULL,SHORT,18.479132465814956,12.986481681682926,IGNORE,0,WATCH,,0,0,0,NA,NA,NA,NA,NA,WARNING_HARD,1,1,0,0,0,TREND_REVERSAL_UNCONFIRMED,1,0.45,SHORT,1,0,0,0
NEARUSDT,1779807600000,2026-05-26T15:00:00.000Z,BULL,SHORT,25,13.5,IGNORE,0,WATCH,,0,0,0,NA,NA,NA,NA,NA,WARNING_SOFT,1,0,0,0,0,TREND_REVERSAL_UNCONFIRMED,1,0.45,SHORT,1,0,0,0
NEARUSDT,1779811200000,2026-05-26T16:00:00.000Z,NEUTRAL,NONE,0,7.875,IGNORE,0,WATCH,,0,0,0,NA,NA,NA,NA,NA,WARNING_SOFT,1,0,0,0,0,TREND_REVERSAL_UNCONFIRMED,0,0.45,NONE,1,0,0,0
NEARUSDT,1779814800000,2026-05-26T17:00:00.000Z,NEUTRAL,NONE,0,7.875,IGNORE,0,WATCH,,0,0,0,NA,NA,NA,NA,NA,WARNING_SOFT,1,0,0,0,0,TREND_REVERSAL_UNCONFIRMED,0,0.45,NONE,1,0,0,0
NEARUSDT,1779818400000,2026-05-26T18:00:00.000Z,NEUTRAL,NONE,0,7.875,IGNORE,0,WATCH,,0,0,0,NA,NA,NA,NA,NA,WARNING_SOFT,1,0,0,0,0,TREND_REVERSAL_UNCONFIRMED,0,0.45,NONE,1,0,0,0
NEARUSDT,1779822000000,2026-05-26T19:00:00.000Z,NEUTRAL,NONE,0,7.875,IGNORE,0,WATCH,,0,0,0,NA,NA,NA,NA,NA,WARNING_SOFT,1,0,0,0,0,TREND_REVERSAL_UNCONFIRMED,0,0.45,NONE,1,0,0,0
NEARUSDT,1779825600000,2026-05-26T20:00:00.000Z,NEUTRAL,NONE,0,7.875,IGNORE,0,WATCH,,0,0,0,NA,NA,NA,NA,NA,WARNING_SOFT,1,0,0,0,0,TREND_REVERSAL_UNCONFIRMED,0,0.45,NONE,1,0,0,0
NEARUSDT,1779829200000,2026-05-26T21:00:00.000Z,NEUTRAL,NONE,0,7.875,IGNORE,0,WATCH,,0,0,0,NA,NA,NA,NA,NA,WARNING_SOFT,1,0,0,0,0,TREND_REVERSAL_UNCONFIRMED,0,0.45,NONE,1,0,0,0
NEARUSDT,1779832800000,2026-05-26T22:00:00.000Z,NEUTRAL,NONE,0,7.875,IGNORE,0,WATCH,,0,0,0,NA,NA,NA,NA,NA,WARNING_SOFT,1,0,0,0,0,TREND_REVERSAL_UNCONFIRMED,0,0.45,NONE,1,0,0,0
NEARUSDT,1779836400000,2026-05-26T23:00:00.000Z,NEUTRAL,NONE,0,7.875,IGNORE,0,WATCH,,0,0,0,NA,NA,NA,NA,NA,WARNING_SOFT,1,0,0,0,0,TREND_REVERSAL_UNCONFIRMED,0,0.45,NONE,1,0,0,0
NEARUSDT,1779840000000,2026-05-27T00:00:00.000Z,NEUTRAL,NONE,0,7.875,IGNORE,0,WATCH,,0,0,0,NA,NA,NA,NA,NA,WARNING_SOFT,1,0,0,0,0,TREND_REVERSAL_UNCONFIRMED,0,0.45,NONE,1,0,0,0
NEARUSDT,1779843600000,2026-05-27T01:00:00.000Z,NEUTRAL,NONE,0,7.875,IGNORE,0,WATCH,,0,0,0,NA,NA,NA,NA,NA,WARNING_SOFT,1,0,0,0,0,TREND_REVERSAL_UNCONFIRMED,0,0.45,NONE,1,0,0,0
NEARUSDT,1779847200000,2026-05-27T02:00:00.000Z,NEUTRAL,NONE,0,7.875,IGNORE,0,WATCH,,0,0,0,NA,NA,NA,NA,NA,BLOCK,0,0,0,0,0,TREND_REVERSAL_UNCONFIRMED,0,0.45,NONE,1,0,0,0
NEARUSDT,1779850800000,2026-05-27T03:00:00.000Z,NEUTRAL,NONE,0,7.875,IGNORE,0,WATCH,,0,0,0,NA,NA,NA,NA,NA,WARNING_SOFT,1,0,0,0,0,TREND_REVERSAL_UNCONFIRMED,0,0.45,NONE,1,0,0,0
NEARUSDT,1779854400000,2026-05-27T04:00:00.000Z,NEUTRAL,NONE,0,7.875,IGNORE,0,WATCH,,0,0,0,NA,NA,NA,NA,NA,WARNING_SOFT,1,0,0,0,0,TREND_REVERSAL_UNCONFIRMED,0,0.45,NONE,1,0,0,0
NEARUSDT,1779858000000,2026-05-27T05:00:00.000Z,NEUTRAL,NONE,0,7.875,IGNORE,0,WATCH,,0,0,0,NA,NA,NA,NA,NA,WARNING_SOFT,1,0,0,0,0,TREND_REVERSAL_UNCONFIRMED,0,0.45,NONE,1,0,0,0
NEARUSDT,1779861600000,2026-05-27T06:00:00.000Z,NEUTRAL,NONE,0,7.875,IGNORE,0,WATCH,,0,0,0,NA,NA,NA,NA,NA,WARNING_SOFT,1,0,0,0,0,TREND_REVERSAL_UNCONFIRMED,0,0.45,NONE,1,0,0,0
NEARUSDT,1779865200000,2026-05-27T07:00:00.000Z,BEAR,LONG,0,7.875,IGNORE,0,WATCH,,0,0,0,NA,NA,NA,NA,NA,CLEAR,1,0,0,0,0,TREND_REVERSAL_UNCONFIRMED,0,0.45,LONG,1,0,0,0
NEARUSDT,1779868800000,2026-05-27T08:00:00.000Z,BEAR,LONG,0,7.875,IGNORE,0,WATCH,,0,0,0,NA,NA,NA,NA,NA,CLEAR,1,0,0,0,0,TREND_REVERSAL_UNCONFIRMED,0,0.45,LONG,1,0,0,0
NEARUSDT,1779872400000,2026-05-27T09:00:00.000Z,BEAR,LONG,14.583333333333332,12.6796875,IGNORE,0,WATCH,,0,0,0,NA,NA,NA,NA,NA,CLEAR,1,0,0,0,0,TREND_REVERSAL_UNCONFIRMED,1,0.45,LONG,1,0,0,0
NEARUSDT,1779876000000,2026-05-27T10:00:00.000Z,BEAR,LONG,0,7.875,IGNORE,0,WATCH,,0,0,0,NA,NA,NA,NA,NA,CLEAR,1,0,0,0,0,TREND_REVERSAL_UNCONFIRMED,0,0.45,LONG,1,0,0,0
NEARUSDT,1779879600000,2026-05-27T11:00:00.000Z,BEAR,LONG,0,7.875,IGNORE,0,WATCH,,0,0,0,NA,NA,NA,NA,NA,CLEAR,1,0,0,0,0,TREND_REVERSAL_UNCONFIRMED,0,0.45,LONG,1,0,0,0
NEARUSDT,1779883200000,2026-05-27T12:00:00.000Z,BEAR,LONG,0,7.875,IGNORE,0,WATCH,,0,0,0,NA,NA,NA,NA,NA,WARNING_SOFT,1,0,0,0,0,TREND_REVERSAL_UNCONFIRMED,0,0.45,LONG,1,0,0,0
NEARUSDT,1779886800000,2026-05-27T13:00:00.000Z,BEAR,LONG,0,7.875,IGNORE,0,WATCH,,0,0,0,NA,NA,NA,NA,NA,WARNING_SOFT,1,0,0,0,0,TREND_REVERSAL_UNCONFIRMED,0,0.45,LONG,1,0,0,0
NEARUSDT,1779890400000,2026-05-27T14:00:00.000Z,BEAR,LONG,0,7.875,IGNORE,0,WATCH,,0,0,0,NA,NA,NA,NA,NA,WARNING_SOFT,1,0,0,0,0,TREND_REVERSAL_UNCONFIRMED,0,0.45,LONG,1,0,0,0
NEARUSDT,1779894000000,2026-05-27T15:00:00.000Z,NEUTRAL,NONE,0,7.875,IGNORE,0,WATCH,,0,0,0,NA,NA,NA,NA,NA,WARNING_SOFT,1,0,0,0,0,TREND_REVERSAL_UNCONFIRMED,0,0.45,NONE,1,0,0,0
NEARUSDT,1779897600000,2026-05-27T16:00:00.000Z,NEUTRAL,NONE,0,7.875,IGNORE,0,WATCH,,0,0,0,NA,NA,NA,NA,NA,WARNING_SOFT,1,0,0,0,0,TREND_REVERSAL_UNCONFIRMED,0,0.45,NONE,1,0,0,0
NEARUSDT,1779901200000,2026-05-27T17:00:00.000Z,BEAR,LONG,0,7.875,IGNORE,0,WATCH,,0,0,0,NA,NA,NA,NA,NA,WARNING_SOFT,1,0,0,0,0,TREND_REVERSAL_UNCONFIRMED,0,0.45,LONG,1,0,0,0
NEARUSDT,1779904800000,2026-05-27T18:00:00.000Z,NEUTRAL,NONE,0,7.875,IGNORE,0,WATCH,,0,0,0,NA,NA,NA,NA,NA,WARNING_SOFT,1,0,0,0,0,TREND_REVERSAL_UNCONFIRMED,0,0.45,NONE,1,0,0,0
NEARUSDT,1779908400000,2026-05-27T19:00:00.000Z,NEUTRAL,NONE,0,7.875,IGNORE,0,WATCH,,0,0,0,NA,NA,NA,NA,NA,WARNING_HARD,1,0,0,0,0,TREND_REVERSAL_UNCONFIRMED,0,0.45,NONE,1,0,0,0
NEARUSDT,1779912000000,2026-05-27T20:00:00.000Z,NEUTRAL,NONE,0,7.875,IGNORE,0,WATCH,,0,0,0,NA,NA,NA,NA,NA,WARNING_SOFT,1,0,0,0,0,TREND_REVERSAL_UNCONFIRMED,0,0.45,NONE,1,0,0,0
NEARUSDT,1779915600000,2026-05-27T21:00:00.000Z,BEAR,LONG,0,7.875,IGNORE,0,WATCH,,0,0,0,NA,NA,NA,NA,NA,WARNING_SOFT,1,0,0,0,0,TREND_REVERSAL_UNCONFIRMED,0,0.45,LONG,1,0,0,0
NEARUSDT,1779919200000,2026-05-27T22:00:00.000Z,BEAR,LONG,0,7.875,IGNORE,0,WATCH,,0,0,0,NA,NA,NA,NA,NA,CLEAR,1,0,0,0,0,TREND_REVERSAL_UNCONFIRMED,0,0.45,LONG,1,0,0,0
NEARUSDT,1779922800000,2026-05-27T23:00:00.000Z,BEAR,LONG,0,7.875,IGNORE,0,WATCH,,0,0,0,NA,NA,NA,NA,NA,CLEAR,1,0,0,0,0,TREND_REVERSAL_UNCONFIRMED,0,0.45,LONG,1,0,0,0
NEARUSDT,1779926400000,2026-05-28T00:00:00.000Z,BEAR,LONG,16.666666666666664,12.84375,IGNORE,0,WATCH,,0,0,0,NA,NA,NA,NA,NA,CLEAR,1,0,0,0,0,TREND_REVERSAL_UNCONFIRMED,1,0.45,LONG,1,0,0,0
NEARUSDT,1779930000000,2026-05-28T01:00:00.000Z,BEAR,LONG,13.194444444444445,12.5703125,IGNORE,0,WATCH,,0,0,0,NA,NA,NA,NA,NA,CLEAR,1,0,0,0,0,TREND_REVERSAL_UNCONFIRMED,1,0.45,LONG,1,0,0,0
NEARUSDT,1779933600000,2026-05-28T02:00:00.000Z,BEAR,LONG,14.583333333333332,12.6796875,IGNORE,0,WATCH,,0,0,0,NA,NA,NA,NA,NA,CLEAR,1,0,0,0,0,TREND_REVERSAL_UNCONFIRMED,1,0.45,LONG,1,0,0,0
NEARUSDT,1779937200000,2026-05-28T03:00:00.000Z,BEAR,LONG,41.31944444444444,18.44140625,IGNORE,0,WATCH,,0,0,0,NA,NA,NA,NA,NA,CLEAR,1,0,0,0,0,TREND_REVERSAL_UNCONFIRMED,2,0.45,LONG,1,0,0,0
NEARUSDT,1779940800000,2026-05-28T04:00:00.000Z,BEAR,LONG,0,7.875,IGNORE,0,WATCH,,0,0,0,NA,NA,NA,NA,NA,CLEAR,1,0,0,0,0,TREND_REVERSAL_UNCONFIRMED,0,0.45,LONG,1,0,0,0
NEARUSDT,1779944400000,2026-05-28T05:00:00.000Z,BEAR,LONG,0,7.875,IGNORE,0,WATCH,,0,0,0,NA,NA,NA,NA,NA,CLEAR,1,0,0,0,0,TREND_REVERSAL_UNCONFIRMED,0,0.45,LONG,1,0,0,0
NEARUSDT,1779948000000,2026-05-28T06:00:00.000Z,BEAR,LONG,14.583333333333332,12.6796875,IGNORE,0,WATCH,,0,0,0,NA,NA,NA,NA,NA,CLEAR,1,0,0,0,0,TREND_REVERSAL_UNCONFIRMED,1,0.45,LONG,1,0,0,0
NEARUSDT,1779951600000,2026-05-28T07:00:00.000Z,BEAR,LONG,0,7.875,IGNORE,0,WATCH,,0,0,0,NA,NA,NA,NA,NA,CLEAR,1,0,0,0,0,TREND_REVERSAL_UNCONFIRMED,0,0.45,LONG,1,0,0,0
NEARUSDT,1779955200000,2026-05-28T08:00:00.000Z,BEAR,LONG,0,7.875,IGNORE,0,WATCH,,0,0,0,NA,NA,NA,NA,NA,CLEAR,1,0,0,0,0,TREND_REVERSAL_UNCONFIRMED,0,0.45,LONG,1,0,0,0
NEARUSDT,1779958800000,2026-05-28T09:00:00.000Z,BEAR,LONG,0,7.875,IGNORE,0,WATCH,,0,0,0,NA,NA,NA,NA,NA,CLEAR,1,0,0,0,0,TREND_REVERSAL_UNCONFIRMED,0,0.45,LONG,1,0,0,0
NEARUSDT,1779962400000,2026-05-28T10:00:00.000Z,BEAR,LONG,0,7.875,IGNORE,0,WATCH,,0,0,0,NA,NA,NA,NA,NA,CLEAR,1,0,0,0,0,TREND_REVERSAL_UNCONFIRMED,0,0.45,LONG,1,0,0,0
NEARUSDT,1779966000000,2026-05-28T11:00:00.000Z,BEAR,LONG,0,7.875,IGNORE,0,WATCH,,0,0,0,NA,NA,NA,NA,NA,CLEAR,1,0,0,0,0,TREND_REVERSAL_UNCONFIRMED,0,0.45,LONG,1,0,0,0
NEARUSDT,1779969600000,2026-05-28T12:00:00.000Z,BEAR,LONG,16.44387435360966,12.826205105346762,IGNORE,0,WATCH,,0,0,0,NA,NA,NA,NA,NA,CLEAR,1,0,0,0,0,TREND_REVERSAL_UNCONFIRMED,1,0.45,LONG,1,0,0,0
NEARUSDT,1779973200000,2026-05-28T13:00:00.000Z,BEAR,LONG,21.335092784279762,13.211388556762033,IGNORE,0,WATCH,,0,0,0,NA,NA,NA,NA,NA,CLEAR,1,0,0,0,0,TREND_REVERSAL_UNCONFIRMED,1,0.45,LONG,1,0,0,0
NEARUSDT,1779976800000,2026-05-28T14:00:00.000Z,BEAR,LONG,25,13.5,IGNORE,0,WATCH,,0,0,0,NA,NA,NA,NA,NA,CLEAR,1,0,1,0,0,TREND_REVERSAL_UNCONFIRMED,1,0.45,LONG,1,0,0,0
NEARUSDT,1779980400000,2026-05-28T15:00:00.000Z,BEAR,LONG,0,7.875,IGNORE,0,WATCH,,0,0,0,NA,NA,NA,NA,NA,CLEAR,1,0,0,0,0,TREND_REVERSAL_UNCONFIRMED,0,0.45,LONG,1,0,0,0
NEARUSDT,1779984000000,2026-05-28T16:00:00.000Z,BEAR,LONG,25,13.5,IGNORE,0,WATCH,,0,0,0,NA,NA,NA,NA,NA,CLEAR,1,0,0,0,0,TREND_REVERSAL_UNCONFIRMED,1,0.45,LONG,1,0,0,0
NEARUSDT,1779987600000,2026-05-28T17:00:00.000Z,BEAR,LONG,0,7.875,IGNORE,0,WATCH,,0,0,0,NA,NA,NA,NA,NA,CLEAR,1,0,0,0,0,TREND_REVERSAL_UNCONFIRMED,0,0.45,LONG,1,0,0,0
NEARUSDT,1779991200000,2026-05-28T18:00:00.000Z,NEUTRAL,NONE,0,7.875,IGNORE,0,WATCH,,0,0,0,NA,NA,NA,NA,NA,WARNING_SOFT,1,0,0,0,0,TREND_REVERSAL_UNCONFIRMED,0,0.45,NONE,1,0,0,0
NEARUSDT,1779994800000,2026-05-28T19:00:00.000Z,BEAR,LONG,0,7.875,IGNORE,0,WATCH,,0,0,0,NA,NA,NA,NA,NA,WARNING_SOFT,1,0,0,0,0,TREND_REVERSAL_UNCONFIRMED,0,0.45,LONG,1,0,0,0
NEARUSDT,1779998400000,2026-05-28T20:00:00.000Z,NEUTRAL,NONE,0,7.875,IGNORE,0,WATCH,,0,0,0,NA,NA,NA,NA,NA,WARNING_SOFT,1,0,0,0,0,TREND_REVERSAL_UNCONFIRMED,0,0.45,NONE,1,0,0,0
NEARUSDT,1780002000000,2026-05-28T21:00:00.000Z,NEUTRAL,NONE,0,7.875,IGNORE,0,WATCH,,0,0,0,NA,NA,NA,NA,NA,CLEAR,1,0,0,0,0,TREND_REVERSAL_UNCONFIRMED,0,0.45,NONE,1,0,0,0
NEARUSDT,1780005600000,2026-05-28T22:00:00.000Z,NEUTRAL,NONE,0,7.875,IGNORE,0,WATCH,,0,0,0,NA,NA,NA,NA,NA,WARNING_SOFT,1,0,0,0,0,TREND_REVERSAL_UNCONFIRMED,0,0.45,NONE,1,0,0,0
NEARUSDT,1780009200000,2026-05-28T23:00:00.000Z,NEUTRAL,NONE,0,7.875,IGNORE,0,WATCH,,0,0,0,NA,NA,NA,NA,NA,WARNING_SOFT,1,0,0,0,0,TREND_REVERSAL_UNCONFIRMED,0,0.45,NONE,1,0,0,0
NEARUSDT,1780012800000,2026-05-29T00:00:00.000Z,NEUTRAL,NONE,0,7.875,IGNORE,0,WATCH,,0,0,0,NA,NA,NA,NA,NA,CLEAR,1,0,0,0,0,TREND_REVERSAL_UNCONFIRMED,0,0.45,NONE,1,0,0,0
NEARUSDT,1780016400000,2026-05-29T01:00:00.000Z,NEUTRAL,NONE,0,7.875,IGNORE,0,WATCH,,0,0,0,NA,NA,NA,NA,NA,WARNING_HARD,1,0,0,0,0,TREND_REVERSAL_UNCONFIRMED,0,0.45,NONE,1,0,0,0
NEARUSDT,1780020000000,2026-05-29T02:00:00.000Z,NEUTRAL,NONE,0,7.875,IGNORE,0,WATCH,,0,0,0,NA,NA,NA,NA,NA,WARNING_HARD,1,0,0,0,0,TREND_REVERSAL_UNCONFIRMED,0,0.45,NONE,1,0,0,0
NEARUSDT,1780023600000,2026-05-29T03:00:00.000Z,NEUTRAL,NONE,0,7.875,IGNORE,0,WATCH,,0,0,0,NA,NA,NA,NA,NA,WARNING_SOFT,1,0,0,0,0,TREND_REVERSAL_UNCONFIRMED,0,0.45,NONE,1,0,0,0
NEARUSDT,1780027200000,2026-05-29T04:00:00.000Z,NEUTRAL,NONE,0,7.875,IGNORE,0,WATCH,,0,0,0,NA,NA,NA,NA,NA,WARNING_SOFT,1,0,0,0,0,TREND_REVERSAL_UNCONFIRMED,0,0.45,NONE,1,0,0,0
NEARUSDT,1780030800000,2026-05-29T05:00:00.000Z,NEUTRAL,NONE,0,7.875,IGNORE,0,WATCH,,0,0,0,NA,NA,NA,NA,NA,CLEAR,1,0,0,0,0,TREND_REVERSAL_UNCONFIRMED,0,0.45,NONE,1,0,0,0
NEARUSDT,1780034400000,2026-05-29T06:00:00.000Z,NEUTRAL,NONE,0,7.875,IGNORE,0,WATCH,,0,0,0,NA,NA,NA,NA,NA,CLEAR,1,0,0,0,0,TREND_REVERSAL_UNCONFIRMED,0,0.45,NONE,1,0,0,0
NEARUSDT,1780038000000,2026-05-29T07:00:00.000Z,NEUTRAL,NONE,0,7.875,IGNORE,0,WATCH,,0,0,0,NA,NA,NA,NA,NA,WARNING_HARD,1,0,0,0,0,TREND_REVERSAL_UNCONFIRMED,0,0.45,NONE,1,0,0,0
NEARUSDT,1780041600000,2026-05-29T08:00:00.000Z,NEUTRAL,NONE,0,7.875,IGNORE,0,WATCH,,0,0,0,NA,NA,NA,NA,NA,CLEAR,1,0,0,0,0,TREND_REVERSAL_UNCONFIRMED,0,0.45,NONE,1,0,0,0
NEARUSDT,1780045200000,2026-05-29T09:00:00.000Z,NEUTRAL,NONE,0,7.875,IGNORE,0,WATCH,,0,0,0,NA,NA,NA,NA,NA,CLEAR,1,0,0,0,0,TREND_REVERSAL_UNCONFIRMED,0,0.45,NONE,1,0,0,0
NEARUSDT,1780048800000,2026-05-29T10:00:00.000Z,NEUTRAL,NONE,0,7.875,IGNORE,0,WATCH,,0,0,0,NA,NA,NA,NA,NA,WARNING_SOFT,1,0,0,0,0,TREND_REVERSAL_UNCONFIRMED,0,0.45,NONE,1,0,0,0
NEARUSDT,1780052400000,2026-05-29T11:00:00.000Z,NEUTRAL,NONE,0,7.875,IGNORE,0,WATCH,,0,0,0,NA,NA,NA,NA,NA,WARNING_SOFT,1,0,0,0,0,TREND_REVERSAL_UNCONFIRMED,0,0.45,NONE,1,0,0,0
NEARUSDT,1780056000000,2026-05-29T12:00:00.000Z,BEAR,LONG,35.46256732563869,17.980177176894045,IGNORE,0,WATCH,,0,0,0,NA,NA,NA,NA,NA,CLEAR,1,0,1,0,0,TREND_REVERSAL_UNCONFIRMED,2,0.45,LONG,1,0,0,0
NEARUSDT,1780059600000,2026-05-29T13:00:00.000Z,BEAR,LONG,42.5,18.534375,IGNORE,0,WATCH,,0,0,0,NA,NA,NA,NA,NA,CLEAR,1,0,0,0,0,TREND_REVERSAL_UNCONFIRMED,2,0.45,LONG,1,0,0,0
NEARUSDT,1780063200000,2026-05-29T14:00:00.000Z,BEAR,LONG,31.245007415125507,17.648044333941137,IGNORE,0,WATCH,,0,0,0,NA,NA,NA,NA,NA,CLEAR,1,0,0,0,0,TREND_REVERSAL_UNCONFIRMED,2,0.45,LONG,1,0,0,0
NEARUSDT,1780066800000,2026-05-29T15:00:00.000Z,NEUTRAL,NONE,0,7.875,IGNORE,0,WATCH,,0,0,0,NA,NA,NA,NA,NA,CLEAR,1,1,0,0,0,TREND_REVERSAL_UNCONFIRMED,0,0.45,NONE,1,0,0,0
NEARUSDT,1780070400000,2026-05-29T16:00:00.000Z,BULL,SHORT,23.549494977278805,13.385772729460706,IGNORE,0,WATCH,,0,0,0,NA,NA,NA,NA,NA,CLEAR,1,1,0,0,0,TREND_REVERSAL_UNCONFIRMED,1,0.45,SHORT,1,0,0,0
NEARUSDT,1780074000000,2026-05-29T17:00:00.000Z,BULL,SHORT,0,7.875,IGNORE,0,WATCH,,0,0,0,NA,NA,NA,NA,NA,CLEAR,1,0,0,0,0,TREND_REVERSAL_UNCONFIRMED,0,0.45,SHORT,1,0,0,0
NEARUSDT,1780077600000,2026-05-29T18:00:00.000Z,BULL,SHORT,25,13.5,IGNORE,0,WATCH,,0,0,0,NA,NA,NA,NA,NA,WARNING_SOFT,1,0,0,0,0,TREND_REVERSAL_UNCONFIRMED,1,0.45,SHORT,1,0,0,0
NEARUSDT,1780081200000,2026-05-29T19:00:00.000Z,BULL,SHORT,0,7.875,IGNORE,0,WATCH,,0,0,0,NA,NA,NA,NA,NA,WARNING_SOFT,1,0,0,0,0,TREND_REVERSAL_UNCONFIRMED,0,0.45,SHORT,1,0,0,0
NEARUSDT,1780084800000,2026-05-29T20:00:00.000Z,NEUTRAL,NONE,0,7.875,IGNORE,0,WATCH,,0,0,0,NA,NA,NA,NA,NA,WARNING_SOFT,1,0,0,0,0,TREND_REVERSAL_UNCONFIRMED,0,0.45,NONE,1,0,0,0
NEARUSDT,1780088400000,2026-05-29T21:00:00.000Z,NEUTRAL,NONE,0,7.875,IGNORE,0,WATCH,,0,0,0,NA,NA,NA,NA,NA,WARNING_SOFT,1,0,0,0,0,TREND_REVERSAL_UNCONFIRMED,0,0.45,NONE,1,0,0,0
NEARUSDT,1780092000000,2026-05-29T22:00:00.000Z,NEUTRAL,NONE,0,7.875,IGNORE,0,WATCH,,0,0,0,NA,NA,NA,NA,NA,WARNING_SOFT,1,0,0,0,0,TREND_REVERSAL_UNCONFIRMED,0,0.45,NONE,1,0,0,0
NEARUSDT,1780095600000,2026-05-29T23:00:00.000Z,BEAR,LONG,0,7.875,IGNORE,0,WATCH,,0,0,0,NA,NA,NA,NA,NA,CLEAR,1,0,0,0,0,TREND_REVERSAL_UNCONFIRMED,0,0.45,LONG,1,0,0,0
NEARUSDT,1780099200000,2026-05-30T00:00:00.000Z,BEAR,LONG,14.583333333333332,12.6796875,IGNORE,0,WATCH,,0,0,0,NA,NA,NA,NA,NA,CLEAR,1,0,0,0,0,TREND_REVERSAL_UNCONFIRMED,1,0.45,LONG,1,0,0,0
NEARUSDT,1780102800000,2026-05-30T01:00:00.000Z,BEAR,LONG,0,7.875,IGNORE,0,WATCH,,0,0,0,NA,NA,NA,NA,NA,CLEAR,1,0,0,0,0,TREND_REVERSAL_UNCONFIRMED,0,0.45,LONG,1,0,0,0
NEARUSDT,1780106400000,2026-05-30T02:00:00.000Z,BEAR,LONG,0,7.875,IGNORE,0,WATCH,,0,0,0,NA,NA,NA,NA,NA,WARNING_SOFT,1,0,0,0,0,TREND_REVERSAL_UNCONFIRMED,0,0.45,LONG,1,0,0,0
NEARUSDT,1780110000000,2026-05-30T03:00:00.000Z,BEAR,LONG,14.583333333333332,12.6796875,IGNORE,0,WATCH,,0,0,0,NA,NA,NA,NA,NA,CLEAR,1,0,0,0,0,TREND_REVERSAL_UNCONFIRMED,1,0.45,LONG,1,0,0,0
NEARUSDT,1780113600000,2026-05-30T04:00:00.000Z,BEAR,LONG,25,13.5,IGNORE,0,WATCH,,0,0,0,NA,NA,NA,NA,NA,CLEAR,1,0,0,0,0,TREND_REVERSAL_UNCONFIRMED,1,0.45,LONG,1,0,0,0
NEARUSDT,1780117200000,2026-05-30T05:00:00.000Z,BEAR,LONG,25,13.5,IGNORE,0,WATCH,,0,0,0,NA,NA,NA,NA,NA,CLEAR,1,0,0,0,0,TREND_REVERSAL_UNCONFIRMED,1,0.45,LONG,1,0,0,0
NEARUSDT,1780120800000,2026-05-30T06:00:00.000Z,BEAR,LONG,0,7.875,IGNORE,0,WATCH,,0,0,0,NA,NA,NA,NA,NA,CLEAR,1,0,0,0,0,TREND_REVERSAL_UNCONFIRMED,0,0.45,LONG,1,0,0,0
NEARUSDT,1780124400000,2026-05-30T07:00:00.000Z,BEAR,LONG,0,7.875,IGNORE,0,WATCH,,0,0,0,NA,NA,NA,NA,NA,WARNING_SOFT,1,0,0,0,0,TREND_REVERSAL_UNCONFIRMED,0,0.45,LONG,1,0,0,0
NEARUSDT,1780128000000,2026-05-30T08:00:00.000Z,BEAR,LONG,0,7.875,IGNORE,0,WATCH,,0,0,0,NA,NA,NA,NA,NA,WARNING_SOFT,1,0,0,0,0,TREND_REVERSAL_UNCONFIRMED,0,0.45,LONG,1,0,0,0
NEARUSDT,1780131600000,2026-05-30T09:00:00.000Z,NEUTRAL,NONE,0,7.875,IGNORE,0,WATCH,,0,0,0,NA,NA,NA,NA,NA,CLEAR,1,0,0,0,0,TREND_REVERSAL_UNCONFIRMED,0,0.45,NONE,1,0,0,0
NEARUSDT,1780135200000,2026-05-30T10:00:00.000Z,BEAR,LONG,0,7.875,IGNORE,0,WATCH,,0,0,0,NA,NA,NA,NA,NA,WARNING_SOFT,1,0,0,0,0,TREND_REVERSAL_UNCONFIRMED,0,0.45,LONG,1,0,0,0
NEARUSDT,1780138800000,2026-05-30T11:00:00.000Z,NEUTRAL,NONE,0,7.875,IGNORE,0,WATCH,,0,0,0,NA,NA,NA,NA,NA,WARNING_SOFT,1,0,0,0,0,TREND_REVERSAL_UNCONFIRMED,0,0.45,NONE,1,0,0,0
NEARUSDT,1780142400000,2026-05-30T12:00:00.000Z,BEAR,LONG,0,7.875,IGNORE,0,WATCH,,0,0,0,NA,NA,NA,NA,NA,WARNING_SOFT,1,0,0,0,0,TREND_REVERSAL_UNCONFIRMED,0,0.45,LONG,1,0,0,0
NEARUSDT,1780146000000,2026-05-30T13:00:00.000Z,BEAR,LONG,25,13.5,IGNORE,0,WATCH,,0,0,0,NA,NA,NA,NA,NA,WARNING_SOFT,1,0,0,0,0,TREND_REVERSAL_UNCONFIRMED,1,0.45,LONG,1,0,0,0
NEARUSDT,1780149600000,2026-05-30T14:00:00.000Z,BEAR,LONG,0,7.875,IGNORE,0,WATCH,,0,0,0,NA,NA,NA,NA,NA,WARNING_SOFT,1,0,0,0,0,TREND_REVERSAL_UNCONFIRMED,0,0.45,LONG,1,0,0,0
NEARUSDT,1780153200000,2026-05-30T15:00:00.000Z,BEAR,LONG,15.663659451911212,12.764763181838008,IGNORE,0,WATCH,,0,0,0,NA,NA,NA,NA,NA,WARNING_SOFT,1,0,0,0,0,TREND_REVERSAL_UNCONFIRMED,1,0.45,LONG,1,0,0,0
NEARUSDT,1780156800000,2026-05-30T16:00:00.000Z,BEAR,LONG,25,13.5,IGNORE,0,WATCH,,0,0,0,NA,NA,NA,NA,NA,WARNING_SOFT,1,0,0,0,0,TREND_REVERSAL_UNCONFIRMED,1,0.45,LONG,1,0,0,0
NEARUSDT,1780160400000,2026-05-30T17:00:00.000Z,BEAR,LONG,22.194175415256904,13.279041313951481,IGNORE,0,WATCH,,0,0,0,NA,NA,NA,NA,NA,WARNING_SOFT,1,0,0,0,0,TREND_REVERSAL_UNCONFIRMED,1,0.45,LONG,1,0,0,0
NEARUSDT,1780164000000,2026-05-30T18:00:00.000Z,BEAR,LONG,0,7.875,IGNORE,0,WATCH,,0,0,0,NA,NA,NA,NA,NA,WARNING_SOFT,1,0,0,0,0,TREND_REVERSAL_UNCONFIRMED,0,0.45,LONG,1,0,0,0
NEARUSDT,1780167600000,2026-05-30T19:00:00.000Z,BEAR,LONG,39.58333333333333,18.3046875,IGNORE,0,WATCH,,0,0,0,NA,NA,NA,NA,NA,WARNING_SOFT,1,0,0,0,0,TREND_REVERSAL_UNCONFIRMED,2,0.45,LONG,1,0,0,0
NEARUSDT,1780171200000,2026-05-30T20:00:00.000Z,BEAR,LONG,17.5,12.909375,IGNORE,0,WATCH,,0,0,0,NA,NA,NA,NA,NA,WARNING_SOFT,1,0,0,0,0,TREND_REVERSAL_UNCONFIRMED,1,0.45,LONG,1,0,0,0
NEARUSDT,1780174800000,2026-05-30T21:00:00.000Z,BEAR,LONG,30.34722222222222,17.57734375,IGNORE,0,WATCH,,0,0,0,NA,NA,NA,NA,NA,WARNING_SOFT,1,0,0,0,0,TREND_REVERSAL_UNCONFIRMED,2,0.45,LONG,1,0,0,0
NEARUSDT,1780178400000,2026-05-30T22:00:00.000Z,BEAR,LONG,35.80754935480265,18.00734451169071,IGNORE,0,WATCH,,0,0,0,NA,NA,NA,NA,NA,WARNING_SOFT,1,0,0,0,0,TREND_REVERSAL_UNCONFIRMED,2,0.45,LONG,1,0,0,0
NEARUSDT,1780182000000,2026-05-30T23:00:00.000Z,BEAR,LONG,32.39820858327133,17.738858925932618,IGNORE,0,WATCH,,0,0,0,NA,NA,NA,NA,NA,WARNING_SOFT,1,0,0,0,0,TREND_REVERSAL_UNCONFIRMED,2,0.45,LONG,1,0,0,0
NEARUSDT,1780185600000,2026-05-31T00:00:00.000Z,BEAR,LONG,17.5,12.909375,IGNORE,0,WATCH,,0,0,0,NA,NA,NA,NA,NA,WARNING_HARD,1,0,0,0,0,TREND_REVERSAL_UNCONFIRMED,1,0.45,LONG,1,0,0,0
NEARUSDT,1780189200000,2026-05-31T01:00:00.000Z,BEAR,LONG,42.5,18.534375,IGNORE,0,WATCH,,0,0,0,NA,NA,NA,NA,NA,WARNING_SOFT,1,0,0,0,0,TREND_REVERSAL_UNCONFIRMED,2,0.45,LONG,1,0,0,0
NEARUSDT,1780192800000,2026-05-31T02:00:00.000Z,BEAR,LONG,0,7.875,IGNORE,0,WATCH,,0,0,0,NA,NA,NA,NA,NA,WARNING_HARD,1,0,0,0,0,TREND_REVERSAL_UNCONFIRMED,0,0.45,LONG,1,0,0,0
NEARUSDT,1780196400000,2026-05-31T03:00:00.000Z,BEAR,LONG,0,7.875,IGNORE,0,WATCH,,0,0,0,NA,NA,NA,NA,NA,WARNING_SOFT,1,0,0,0,0,TREND_REVERSAL_UNCONFIRMED,0,0.45,LONG,1,0,0,0
NEARUSDT,1780200000000,2026-05-31T04:00:00.000Z,NEUTRAL,NONE,0,7.875,IGNORE,0,WATCH,,0,0,0,NA,NA,NA,NA,NA,WARNING_SOFT,1,0,0,0,0,TREND_REVERSAL_UNCONFIRMED,0,0.45,NONE,1,0,0,0
NEARUSDT,1780203600000,2026-05-31T05:00:00.000Z,BEAR,LONG,0,7.875,IGNORE,0,WATCH,,0,0,0,NA,NA,NA,NA,NA,WARNING_SOFT,1,0,0,0,0,TREND_REVERSAL_UNCONFIRMED,0,0.45,LONG,1,0,0,0
NEARUSDT,1780207200000,2026-05-31T06:00:00.000Z,NEUTRAL,NONE,0,7.875,IGNORE,0,WATCH,,0,0,0,NA,NA,NA,NA,NA,CLEAR,1,0,0,0,0,TREND_REVERSAL_UNCONFIRMED,0,0.45,NONE,1,0,0,0
NEARUSDT,1780210800000,2026-05-31T07:00:00.000Z,BEAR,LONG,17.692811990451915,12.924558944248089,IGNORE,0,WATCH,,0,0,0,NA,NA,NA,NA,NA,BLOCK,0,0,1,0,0,TREND_REVERSAL_UNCONFIRMED,1,0.45,LONG,1,0,0,0
NEARUSDT,1780214400000,2026-05-31T08:00:00.000Z,BEAR,LONG,14.157374409139392,12.646143234719728,IGNORE,0,WATCH,,0,0,0,NA,NA,NA,NA,NA,WARNING_SOFT,1,0,0,0,0,TREND_REVERSAL_UNCONFIRMED,1,0.45,LONG,1,0,0,0
NEARUSDT,1780218000000,2026-05-31T09:00:00.000Z,BEAR,LONG,0,7.875,IGNORE,0,WATCH,,0,0,0,NA,NA,NA,NA,NA,CLEAR,1,0,0,0,0,TREND_REVERSAL_UNCONFIRMED,0,0.45,LONG,1,0,0,0
NEARUSDT,1780221600000,2026-05-31T10:00:00.000Z,BEAR,LONG,25,13.5,IGNORE,0,WATCH,,0,0,0,NA,NA,NA,NA,NA,CLEAR,1,0,0,0,0,TREND_REVERSAL_UNCONFIRMED,1,0.45,LONG,1,0,0,0
NEARUSDT,1780225200000,2026-05-31T11:00:00.000Z,BEAR,LONG,0,7.875,IGNORE,0,WATCH,,0,0,0,NA,NA,NA,NA,NA,CLEAR,1,0,0,0,0,TREND_REVERSAL_UNCONFIRMED,0,0.45,LONG,1,0,0,0
NEARUSDT,1780228800000,2026-05-31T12:00:00.000Z,NEUTRAL,NONE,0,7.875,IGNORE,0,WATCH,,0,0,0,NA,NA,NA,NA,NA,WARNING_SOFT,1,0,0,0,0,TREND_REVERSAL_UNCONFIRMED,0,0.45,NONE,1,0,0,0
NEARUSDT,1780232400000,2026-05-31T13:00:00.000Z,NEUTRAL,NONE,0,7.875,IGNORE,0,WATCH,,0,0,0,NA,NA,NA,NA,NA,WARNING_SOFT,1,0,0,0,0,TREND_REVERSAL_UNCONFIRMED,0,0.45,NONE,1,0,0,0
NEARUSDT,1780236000000,2026-05-31T14:00:00.000Z,BEAR,LONG,36.7620089286702,18.08250820313278,IGNORE,0,WATCH,,0,0,0,NA,NA,NA,NA,NA,WARNING_SOFT,1,0,0,0,0,TREND_REVERSAL_UNCONFIRMED,2,0.45,LONG,1,0,0,0
NEARUSDT,1780239600000,2026-05-31T15:00:00.000Z,NEUTRAL,NONE,0,7.875,IGNORE,0,WATCH,,0,0,0,NA,NA,NA,NA,NA,WARNING_HARD,1,0,0,0,0,TREND_REVERSAL_UNCONFIRMED,0,0.45,NONE,1,0,0,0
NEARUSDT,1780243200000,2026-05-31T16:00:00.000Z,BEAR,LONG,36.36779646086599,18.0514639712932,IGNORE,0,WATCH,,0,0,0,NA,NA,NA,NA,NA,WARNING_SOFT,1,0,1,0,0,TREND_REVERSAL_UNCONFIRMED,2,0.45,LONG,1,0,0,0
NEARUSDT,1780246800000,2026-05-31T17:00:00.000Z,BEAR,LONG,42.5,18.534375,IGNORE,0,WATCH,,0,0,0,NA,NA,NA,NA,NA,CLEAR,1,0,0,0,0,TREND_REVERSAL_UNCONFIRMED,2,0.45,LONG,1,0,0,0
NEARUSDT,1780250400000,2026-05-31T18:00:00.000Z,BEAR,LONG,30.34722222222222,17.57734375,IGNORE,0,WATCH,,0,0,0,NA,NA,NA,NA,NA,CLEAR,1,0,0,0,0,TREND_REVERSAL_UNCONFIRMED,2,0.45,LONG,1,0,0,0
NEARUSDT,1780254000000,2026-05-31T19:00:00.000Z,BEAR,LONG,17.5,12.909375,IGNORE,0,WATCH,,0,0,0,NA,NA,NA,NA,NA,CLEAR,1,0,0,0,0,TREND_REVERSAL_UNCONFIRMED,1,0.45,LONG,1,0,0,0
NEARUSDT,1780257600000,2026-05-31T20:00:00.000Z,BEAR,LONG,42.5,18.534375,IGNORE,0,WATCH,,0,0,0,NA,NA,NA,NA,NA,CLEAR,1,0,0,0,0,TREND_REVERSAL_UNCONFIRMED,2,0.45,LONG,1,0,0,0
NEARUSDT,1780261200000,2026-05-31T21:00:00.000Z,NEUTRAL,NONE,0,7.875,IGNORE,0,WATCH,,0,0,0,NA,NA,NA,NA,NA,WARNING_SOFT,1,0,0,0,0,TREND_REVERSAL_UNCONFIRMED,0,0.45,NONE,1,0,0,0
NEARUSDT,1780264800000,2026-05-31T22:00:00.000Z,NEUTRAL,NONE,0,7.875,IGNORE,0,WATCH,,0,0,0,NA,NA,NA,NA,NA,CLEAR,1,0,0,0,0,TREND_REVERSAL_UNCONFIRMED,0,0.45,NONE,1,0,0,0
NEARUSDT,1780268400000,2026-05-31T23:00:00.000Z,NEUTRAL,NONE,0,7.875,IGNORE,0,WATCH,,0,0,0,NA,NA,NA,NA,NA,WARNING_SOFT,1,0,0,0,0,TREND_REVERSAL_UNCONFIRMED,0,0.45,NONE,1,0,0,0
NEARUSDT,1780272000000,2026-06-01T00:00:00.000Z,NEUTRAL,NONE,0,7.875,IGNORE,0,WATCH,,0,0,0,NA,NA,NA,NA,NA,CLEAR,1,0,0,0,0,TREND_REVERSAL_UNCONFIRMED,0,0.45,NONE,1,0,0,0
NEARUSDT,1780275600000,2026-06-01T01:00:00.000Z,BEAR,LONG,12.938672213257767,12.55017043679405,IGNORE,0,WATCH,,0,0,0,NA,NA,NA,NA,NA,WARNING_SOFT,1,0,0,0,0,TREND_REVERSAL_UNCONFIRMED,1,0.45,LONG,1,0,0,0
NEARUSDT,1780279200000,2026-06-01T02:00:00.000Z,NEUTRAL,NONE,0,7.875,IGNORE,0,WATCH,,0,0,0,NA,NA,NA,NA,NA,WARNING_SOFT,1,0,0,0,0,TREND_REVERSAL_UNCONFIRMED,0,0.45,NONE,1,0,0,0
NEARUSDT,1780282800000,2026-06-01T03:00:00.000Z,NEUTRAL,NONE,0,7.875,IGNORE,0,WATCH,,0,0,0,NA,NA,NA,NA,NA,CLEAR,1,0,0,0,0,TREND_REVERSAL_UNCONFIRMED,0,0.45,NONE,1,0,0,0
NEARUSDT,1780286400000,2026-06-01T04:00:00.000Z,NEUTRAL,NONE,0,7.875,IGNORE,0,WATCH,,0,0,0,NA,NA,NA,NA,NA,WARNING_HARD,1,0,0,0,0,TREND_REVERSAL_UNCONFIRMED,0,0.45,NONE,1,0,0,0
NEARUSDT,1780290000000,2026-06-01T05:00:00.000Z,NEUTRAL,NONE,0,7.875,IGNORE,0,WATCH,,0,0,0,NA,NA,NA,NA,NA,WARNING_SOFT,1,0,0,0,0,TREND_REVERSAL_UNCONFIRMED,0,0.45,NONE,1,0,0,0
NEARUSDT,1780293600000,2026-06-01T06:00:00.000Z,NEUTRAL,NONE,0,7.875,IGNORE,0,WATCH,,0,0,0,NA,NA,NA,NA,NA,WARNING_SOFT,1,0,0,0,0,TREND_REVERSAL_UNCONFIRMED,0,0.45,NONE,1,0,0,0
NEARUSDT,1780297200000,2026-06-01T07:00:00.000Z,BEAR,LONG,17.5,12.909375,IGNORE,0,WATCH,,0,0,0,NA,NA,NA,NA,NA,WARNING_SOFT,1,0,0,0,0,TREND_REVERSAL_UNCONFIRMED,1,0.45,LONG,1,0,0,0
NEARUSDT,1780300800000,2026-06-01T08:00:00.000Z,BEAR,LONG,42.5,18.534375,IGNORE,0,WATCH,,0,0,0,NA,NA,NA,NA,NA,WARNING_SOFT,1,0,0,0,0,TREND_REVERSAL_UNCONFIRMED,2,0.45,LONG,1,0,0,0
NEARUSDT,1780304400000,2026-06-01T09:00:00.000Z,NEUTRAL,NONE,0,7.875,IGNORE,0,WATCH,,0,0,0,NA,NA,NA,NA,NA,WARNING_SOFT,1,0,0,0,0,TREND_REVERSAL_UNCONFIRMED,0,0.45,NONE,1,0,0,0
NEARUSDT,1780308000000,2026-06-01T10:00:00.000Z,NEUTRAL,NONE,0,7.875,IGNORE,0,WATCH,,0,0,0,NA,NA,NA,NA,NA,WARNING_SOFT,1,0,0,0,0,TREND_REVERSAL_UNCONFIRMED,0,0.45,NONE,1,0,0,0
NEARUSDT,1780311600000,2026-06-01T11:00:00.000Z,NEUTRAL,NONE,0,7.875,IGNORE,0,WATCH,,0,0,0,NA,NA,NA,NA,NA,WARNING_SOFT,1,0,0,0,0,TREND_REVERSAL_UNCONFIRMED,0,0.45,NONE,1,0,0,0
NEARUSDT,1780315200000,2026-06-01T12:00:00.000Z,NEUTRAL,NONE,0,7.875,IGNORE,0,WATCH,,0,0,0,NA,NA,NA,NA,NA,WARNING_HARD,1,0,0,0,0,TREND_REVERSAL_UNCONFIRMED,0,0.45,NONE,1,0,0,0
NEARUSDT,1780318800000,2026-06-01T13:00:00.000Z,NEUTRAL,NONE,0,7.875,IGNORE,0,WATCH,,0,0,0,NA,NA,NA,NA,NA,WARNING_HARD,1,0,0,0,0,TREND_REVERSAL_UNCONFIRMED,0,0.45,NONE,1,0,0,0
NEARUSDT,1780322400000,2026-06-01T14:00:00.000Z,NEUTRAL,NONE,0,7.875,IGNORE,0,WATCH,,0,0,0,NA,NA,NA,NA,NA,WARNING_HARD,1,0,0,0,0,TREND_REVERSAL_UNCONFIRMED,0,0.45,NONE,1,0,0,0
NEARUSDT,1780326000000,2026-06-01T15:00:00.000Z,BULL,SHORT,25,13.5,IGNORE,0,WATCH,,0,0,0,NA,NA,NA,NA,NA,WARNING_HARD,1,0,0,0,0,TREND_REVERSAL_UNCONFIRMED,1,0.45,SHORT,1,0,0,0
NEARUSDT,1780329600000,2026-06-01T16:00:00.000Z,BULL,SHORT,27.850686372697282,17.380741551849912,IGNORE,0,WATCH,,0,0,0,NA,NA,NA,NA,NA,WARNING_SOFT,1,0,0,0,0,TREND_REVERSAL_UNCONFIRMED,2,0.45,SHORT,1,0,0,0
NEARUSDT,1780333200000,2026-06-01T17:00:00.000Z,BULL,SHORT,35.522986096959706,17.98493515513558,IGNORE,0,WATCH,,0,0,0,NA,NA,NA,NA,NA,WARNING_HARD,1,0,0,0,0,TREND_REVERSAL_UNCONFIRMED,2,0.45,SHORT,1,0,0,0
NEARUSDT,1780336800000,2026-06-01T18:00:00.000Z,BULL,SHORT,32.43662406062597,17.741884144774293,IGNORE,0,WATCH,,0,0,0,NA,NA,NA,NA,NA,WARNING_HARD,1,0,0,0,0,TREND_REVERSAL_UNCONFIRMED,2,0.45,SHORT,1,0,0,0
NEARUSDT,1780340400000,2026-06-01T19:00:00.000Z,BULL,SHORT,36.56909445710044,18.06731618849666,IGNORE,0,WATCH,,0,0,0,NA,NA,NA,NA,NA,WARNING_HARD,1,0,0,0,0,TREND_REVERSAL_UNCONFIRMED,2,0.45,SHORT,1,0,0,0
NEARUSDT,1780344000000,2026-06-01T20:00:00.000Z,BULL,SHORT,35.18846465331049,17.9585915914482,IGNORE,0,WATCH,,0,0,0,NA,NA,NA,NA,NA,WARNING_SOFT,1,0,0,0,0,TREND_REVERSAL_UNCONFIRMED,2,0.45,SHORT,1,0,0,0
NEARUSDT,1780347600000,2026-06-01T21:00:00.000Z,BULL,SHORT,39.58333333333333,18.3046875,IGNORE,0,WATCH,,0,0,0,NA,NA,NA,NA,NA,WARNING_SOFT,1,0,0,0,0,TREND_REVERSAL_UNCONFIRMED,2,0.45,SHORT,1,0,0,0
NEARUSDT,1780351200000,2026-06-01T22:00:00.000Z,BULL,SHORT,34.197125253594805,17.88052361372059,IGNORE,0,WATCH,,0,0,0,NA,NA,NA,NA,NA,WARNING_SOFT,1,0,0,0,0,TREND_REVERSAL_UNCONFIRMED,2,0.45,SHORT,1,0,0,0
NEARUSDT,1780354800000,2026-06-01T23:00:00.000Z,BULL,SHORT,12.847222222222221,12.54296875,IGNORE,0,WATCH,,0,0,0,NA,NA,NA,NA,NA,WARNING_SOFT,1,0,0,0,0,TREND_REVERSAL_UNCONFIRMED,1,0.45,SHORT,1,0,0,0
NEARUSDT,1780358400000,2026-06-02T00:00:00.000Z,BULL,SHORT,25,13.5,IGNORE,0,WATCH,,0,0,0,NA,NA,NA,NA,NA,WARNING_SOFT,1,0,0,0,0,TREND_REVERSAL_UNCONFIRMED,1,0.45,SHORT,1,0,0,0
NEARUSDT,1780362000000,2026-06-02T01:00:00.000Z,BULL,SHORT,0,7.875,IGNORE,0,WATCH,,0,0,0,NA,NA,NA,NA,NA,WARNING_SOFT,1,0,0,0,0,TREND_REVERSAL_UNCONFIRMED,0,0.45,SHORT,1,0,0,0
NEARUSDT,1780365600000,2026-06-02T02:00:00.000Z,BULL,SHORT,12.847222222222221,12.54296875,IGNORE,0,WATCH,,0,0,0,NA,NA,NA,NA,NA,WARNING_SOFT,1,0,0,0,0,TREND_REVERSAL_UNCONFIRMED,1,0.45,SHORT,1,0,0,0
NEARUSDT,1780369200000,2026-06-02T03:00:00.000Z,BULL,SHORT,14.583333333333332,12.6796875,IGNORE,0,WATCH,,0,0,0,NA,NA,NA,NA,NA,WARNING_SOFT,1,0,0,0,0,TREND_REVERSAL_UNCONFIRMED,1,0.45,SHORT,1,0,0,0
NEARUSDT,1780372800000,2026-06-02T04:00:00.000Z,BULL,SHORT,0,7.875,IGNORE,0,WATCH,,0,0,0,NA,NA,NA,NA,NA,WARNING_SOFT,1,0,0,0,0,TREND_REVERSAL_UNCONFIRMED,0,0.45,SHORT,1,0,0,0
NEARUSDT,1780376400000,2026-06-02T05:00:00.000Z,BULL,SHORT,0,7.875,IGNORE,0,WATCH,,0,0,0,NA,NA,NA,NA,NA,WARNING_SOFT,1,0,0,0,0,TREND_REVERSAL_UNCONFIRMED,0,0.45,SHORT,1,0,0,0
NEARUSDT,1780380000000,2026-06-02T06:00:00.000Z,BULL,SHORT,0,7.875,IGNORE,0,WATCH,,0,0,0,NA,NA,NA,NA,NA,WARNING_SOFT,1,0,0,0,0,TREND_REVERSAL_UNCONFIRMED,0,0.45,SHORT,1,0,0,0
NEARUSDT,1780383600000,2026-06-02T07:00:00.000Z,BULL,SHORT,0,7.875,IGNORE,0,WATCH,,0,0,0,NA,NA,NA,NA,NA,WARNING_SOFT,1,0,0,0,0,TREND_REVERSAL_UNCONFIRMED,0,0.45,SHORT,1,0,0,0
NEARUSDT,1780387200000,2026-06-02T08:00:00.000Z,BULL,SHORT,25,13.5,IGNORE,0,WATCH,,0,0,0,NA,NA,NA,NA,NA,WARNING_SOFT,1,0,0,0,0,TREND_REVERSAL_UNCONFIRMED,1,0.45,SHORT,1,0,0,0
NEARUSDT,1780390800000,2026-06-02T09:00:00.000Z,BULL,SHORT,0,7.875,IGNORE,0,WATCH,,0,0,0,NA,NA,NA,NA,NA,WARNING_SOFT,1,0,0,0,0,TREND_REVERSAL_UNCONFIRMED,0,0.45,SHORT,1,0,0,0
NEARUSDT,1780394400000,2026-06-02T10:00:00.000Z,BULL,SHORT,0,7.875,IGNORE,0,WATCH,,0,0,0,NA,NA,NA,NA,NA,WARNING_HARD,1,0,0,0,0,TREND_REVERSAL_UNCONFIRMED,0,0.45,SHORT,1,0,0,0
NEARUSDT,1780398000000,2026-06-02T11:00:00.000Z,BULL,SHORT,0,7.875,IGNORE,0,WATCH,,0,0,0,NA,NA,NA,NA,NA,WARNING_SOFT,1,0,0,0,0,TREND_REVERSAL_UNCONFIRMED,0,0.45,SHORT,1,0,0,0
NEARUSDT,1780401600000,2026-06-02T12:00:00.000Z,BULL,SHORT,0,7.875,IGNORE,0,WATCH,,0,0,0,NA,NA,NA,NA,NA,WARNING_SOFT,1,0,0,0,0,TREND_REVERSAL_UNCONFIRMED,0,0.45,SHORT,1,0,0,0
NEARUSDT,1780405200000,2026-06-02T13:00:00.000Z,BULL,SHORT,0,7.875,IGNORE,0,WATCH,,0,0,0,NA,NA,NA,NA,NA,WARNING_SOFT,1,0,0,0,0,TREND_REVERSAL_UNCONFIRMED,0,0.45,SHORT,1,0,0,0
NEARUSDT,1780408800000,2026-06-02T14:00:00.000Z,BULL,SHORT,23.71487049021654,13.398796051104553,IGNORE,0,WATCH,,0,0,0,NA,NA,NA,NA,NA,BLOCK,0,0,1,1,0,TREND_REVERSAL_UNCONFIRMED,1,0.45,SHORT,1,0,0,0
NEARUSDT,1780412400000,2026-06-02T15:00:00.000Z,NEUTRAL,NONE,0,7.875,IGNORE,0,WATCH,,0,0,0,NA,NA,NA,NA,NA,BLOCK,0,0,1,0,0,TREND_REVERSAL_UNCONFIRMED,0,0.45,NONE,1,0,0,0
NEARUSDT,1780416000000,2026-06-02T16:00:00.000Z,NEUTRAL,NONE,0,7.875,IGNORE,0,WATCH,,0,0,0,NA,NA,NA,NA,NA,BLOCK,0,0,0,0,0,TREND_REVERSAL_UNCONFIRMED,0,0.45,NONE,1,0,0,0
NEARUSDT,1780419600000,2026-06-02T17:00:00.000Z,BULL,SHORT,17.5,12.909375,IGNORE,0,WATCH,,0,0,0,NA,NA,NA,NA,NA,WARNING_SOFT,1,0,0,0,0,TREND_REVERSAL_UNCONFIRMED,1,0.45,SHORT,1,0,0,0
NEARUSDT,1780423200000,2026-06-02T18:00:00.000Z,NEUTRAL,NONE,0,7.875,IGNORE,0,WATCH,,0,0,0,NA,NA,NA,NA,NA,WARNING_SOFT,1,0,0,0,0,TREND_REVERSAL_UNCONFIRMED,0,0.45,NONE,1,0,0,0
NEARUSDT,1780426800000,2026-06-02T19:00:00.000Z,BULL,SHORT,32.087112326458566,17.714360095708614,IGNORE,0,WATCH,,0,0,0,NA,NA,NA,NA,NA,WARNING_SOFT,1,0,0,0,0,TREND_REVERSAL_UNCONFIRMED,2,0.45,SHORT,1,0,0,0
NEARUSDT,1780430400000,2026-06-02T20:00:00.000Z,BULL,SHORT,31.14128797970656,17.63987642840189,IGNORE,0,WATCH,,0,0,0,NA,NA,NA,NA,NA,WARNING_SOFT,1,0,0,0,0,TREND_REVERSAL_UNCONFIRMED,2,0.45,SHORT,1,0,0,0
NEARUSDT,1780434000000,2026-06-02T21:00:00.000Z,BULL,SHORT,42.5,18.534375,IGNORE,0,WATCH,,0,0,0,NA,NA,NA,NA,NA,WARNING_SOFT,1,0,0,0,0,TREND_REVERSAL_UNCONFIRMED,2,0.45,SHORT,1,0,0,0
NEARUSDT,1780437600000,2026-06-02T22:00:00.000Z,BULL,SHORT,17.5,12.909375,IGNORE,0,WATCH,,0,0,0,NA,NA,NA,NA,NA,WARNING_SOFT,1,0,0,0,0,TREND_REVERSAL_UNCONFIRMED,1,0.45,SHORT,1,0,0,0
NEARUSDT,1780441200000,2026-06-02T23:00:00.000Z,BULL,SHORT,17.5,12.909375,IGNORE,0,WATCH,,0,0,0,NA,NA,NA,NA,NA,WARNING_SOFT,1,0,0,0,0,TREND_REVERSAL_UNCONFIRMED,1,0.45,SHORT,1,0,0,0
NEARUSDT,1780444800000,2026-06-03T00:00:00.000Z,BULL,SHORT,13.435607340443852,12.589304078059953,IGNORE,0,WATCH,,0,0,0,NA,NA,NA,NA,NA,WARNING_SOFT,1,0,0,0,0,TREND_REVERSAL_UNCONFIRMED,1,0.45,SHORT,1,0,0,0
NEARUSDT,1780448400000,2026-06-03T01:00:00.000Z,BULL,SHORT,0,7.875,IGNORE,0,WATCH,,0,0,0,NA,NA,NA,NA,NA,WARNING_SOFT,1,0,0,0,0,TREND_REVERSAL_UNCONFIRMED,0,0.45,SHORT,1,0,0,0
NEARUSDT,1780452000000,2026-06-03T02:00:00.000Z,BULL,SHORT,0,7.875,IGNORE,0,WATCH,,0,0,0,NA,NA,NA,NA,NA,WARNING_SOFT,1,0,0,0,0,TREND_REVERSAL_UNCONFIRMED,0,0.45,SHORT,1,0,0,0
NEARUSDT,1780455600000,2026-06-03T03:00:00.000Z,BULL,SHORT,13.350400706265631,12.582594055618419,IGNORE,0,WATCH,,0,0,0,NA,NA,NA,NA,NA,WARNING_SOFT,1,0,0,0,0,TREND_REVERSAL_UNCONFIRMED,1,0.45,SHORT,1,0,0,0
NEARUSDT,1780459200000,2026-06-03T04:00:00.000Z,BULL,SHORT,26.23871340314572,17.253798680497727,IGNORE,0,WATCH,,0,0,0,NA,NA,NA,NA,NA,WARNING_HARD,1,0,0,0,0,TREND_REVERSAL_UNCONFIRMED,2,0.45,SHORT,1,0,0,0
NEARUSDT,1780462800000,2026-06-03T05:00:00.000Z,BULL,SHORT,12.847222222222221,12.54296875,IGNORE,0,WATCH,,0,0,0,NA,NA,NA,NA,NA,WARNING_HARD,1,0,0,0,0,TREND_REVERSAL_UNCONFIRMED,1,0.45,SHORT,1,0,0,0
NEARUSDT,1780466400000,2026-06-03T06:00:00.000Z,BULL,SHORT,25,13.5,IGNORE,0,WATCH,,0,0,0,NA,NA,NA,NA,NA,WARNING_SOFT,1,0,0,0,0,TREND_REVERSAL_UNCONFIRMED,1,0.45,SHORT,1,0,0,0
NEARUSDT,1780470000000,2026-06-03T07:00:00.000Z,BULL,SHORT,12.847222222222221,12.54296875,IGNORE,0,WATCH,,0,0,0,NA,NA,NA,NA,NA,WARNING_SOFT,1,0,0,0,0,TREND_REVERSAL_UNCONFIRMED,1,0.45,SHORT,1,0,0,0
NEARUSDT,1780473600000,2026-06-03T08:00:00.000Z,BULL,SHORT,16.319444444444443,12.81640625,IGNORE,0,WATCH,,0,0,0,NA,NA,NA,NA,NA,WARNING_SOFT,1,0,0,0,0,TREND_REVERSAL_UNCONFIRMED,1,0.45,SHORT,1,0,0,0
NEARUSDT,1780477200000,2026-06-03T09:00:00.000Z,BULL,SHORT,0,7.875,IGNORE,0,WATCH,,0,0,0,NA,NA,NA,NA,NA,WARNING_SOFT,1,0,0,0,0,TREND_REVERSAL_UNCONFIRMED,0,0.45,SHORT,1,0,0,0
NEARUSDT,1780480800000,2026-06-03T10:00:00.000Z,BULL,SHORT,12.847222222222221,12.54296875,IGNORE,0,WATCH,,0,0,0,NA,NA,NA,NA,NA,WARNING_SOFT,1,0,0,0,0,TREND_REVERSAL_UNCONFIRMED,1,0.45,SHORT,1,0,0,0
NEARUSDT,1780484400000,2026-06-03T11:00:00.000Z,BULL,SHORT,25.99434558680341,17.234554714960773,IGNORE,0,WATCH,,0,0,0,NA,NA,NA,NA,NA,WARNING_HARD,1,0,0,0,0,TREND_REVERSAL_UNCONFIRMED,2,0.45,SHORT,1,0,0,0
NEARUSDT,1780488000000,2026-06-03T12:00:00.000Z,BULL,SHORT,12.847222222222221,12.54296875,IGNORE,0,WATCH,,0,0,0,NA,NA,NA,NA,NA,WARNING_HARD,1,0,0,0,0,TREND_REVERSAL_UNCONFIRMED,1,0.45,SHORT,1,0,0,0
NEARUSDT,1780491600000,2026-06-03T13:00:00.000Z,BULL,SHORT,60.783546497684036,61.33018133515955,WATCH,1,ACTIVE,ACTIVE,1,1,1,PASS,PASS,SKIP,SKIP,PASS,WARNING_HARD,1,0,0,0,1,,3,0.84,SHORT,0,1,0,0
NEARUSDT,1780495200000,2026-06-03T14:00:00.000Z,BULL,SHORT,12.847222222222221,12.54296875,IGNORE,0,WATCH,,0,0,0,NA,NA,NA,NA,NA,WARNING_HARD,1,0,0,0,0,TREND_REVERSAL_UNCONFIRMED,1,0.45,SHORT,1,0,0,0
NEARUSDT,1780498800000,2026-06-03T15:00:00.000Z,BULL,SHORT,25,13.5,IGNORE,0,WATCH,,0,0,0,NA,NA,NA,NA,NA,WARNING_SOFT,1,0,1,1,0,TREND_REVERSAL_UNCONFIRMED,1,0.45,SHORT,1,0,0,0
NEARUSDT,1780502400000,2026-06-03T16:00:00.000Z,BULL,SHORT,21.335173018004042,13.211394875167818,IGNORE,0,WATCH,,0,0,0,NA,NA,NA,NA,NA,BLOCK,0,0,1,1,0,TREND_REVERSAL_UNCONFIRMED,1,0.45,SHORT,1,0,0,0
NEARUSDT,1780506000000,2026-06-03T17:00:00.000Z,NEUTRAL,NONE,0,7.875,IGNORE,0,WATCH,,0,0,0,NA,NA,NA,NA,NA,WARNING_SOFT,1,0,0,0,0,TREND_REVERSAL_UNCONFIRMED,0,0.45,NONE,1,0,0,0
NEARUSDT,1780509600000,2026-06-03T18:00:00.000Z,BULL,SHORT,0,7.875,IGNORE,0,WATCH,,0,0,0,NA,NA,NA,NA,NA,WARNING_SOFT,1,0,0,0,0,TREND_REVERSAL_UNCONFIRMED,0,0.45,SHORT,1,0,0,0
NEARUSDT,1780513200000,2026-06-03T19:00:00.000Z,BULL,SHORT,0,7.875,IGNORE,0,WATCH,,0,0,0,NA,NA,NA,NA,NA,WARNING_SOFT,1,0,0,0,0,TREND_REVERSAL_UNCONFIRMED,0,0.45,SHORT,1,0,0,0
NEARUSDT,1780516800000,2026-06-03T20:00:00.000Z,NEUTRAL,NONE,0,7.875,IGNORE,0,WATCH,,0,0,0,NA,NA,NA,NA,NA,WARNING_SOFT,1,0,0,0,0,TREND_REVERSAL_UNCONFIRMED,0,0.45,NONE,1,0,0,0
NEARUSDT,1780520400000,2026-06-03T21:00:00.000Z,BULL,SHORT,0,7.875,IGNORE,0,WATCH,,0,0,0,NA,NA,NA,NA,NA,WARNING_SOFT,1,0,0,0,0,TREND_REVERSAL_UNCONFIRMED,0,0.45,SHORT,1,0,0,0
NEARUSDT,1780524000000,2026-06-03T22:00:00.000Z,NEUTRAL,NONE,0,7.875,IGNORE,0,WATCH,,0,0,0,NA,NA,NA,NA,NA,WARNING_SOFT,1,0,0,0,0,TREND_REVERSAL_UNCONFIRMED,0,0.45,NONE,1,0,0,0
NEARUSDT,1780527600000,2026-06-03T23:00:00.000Z,NEUTRAL,NONE,0,7.875,IGNORE,0,WATCH,,0,0,0,NA,NA,NA,NA,NA,WARNING_SOFT,1,0,0,0,0,TREND_REVERSAL_UNCONFIRMED,0,0.45,NONE,1,0,0,0
NEARUSDT,1780531200000,2026-06-04T00:00:00.000Z,NEUTRAL,NONE,0,7.875,IGNORE,0,WATCH,,0,0,0,NA,NA,NA,NA,NA,WARNING_SOFT,1,0,0,0,0,TREND_REVERSAL_UNCONFIRMED,0,0.45,NONE,1,0,0,0
NEARUSDT,1780534800000,2026-06-04T01:00:00.000Z,NEUTRAL,NONE,0,7.875,IGNORE,0,WATCH,,0,0,0,NA,NA,NA,NA,NA,BLOCK,0,0,0,0,0,TREND_REVERSAL_UNCONFIRMED,0,0.45,NONE,1,0,0,0
NEARUSDT,1780538400000,2026-06-04T02:00:00.000Z,NEUTRAL,NONE,0,7.875,IGNORE,0,WATCH,,0,0,0,NA,NA,NA,NA,NA,BLOCK,0,0,0,0,0,TREND_REVERSAL_UNCONFIRMED,0,0.45,NONE,1,0,0,0
NEARUSDT,1780542000000,2026-06-04T03:00:00.000Z,NEUTRAL,NONE,0,7.875,IGNORE,0,WATCH,,0,0,0,NA,NA,NA,NA,NA,BLOCK,0,0,0,0,0,TREND_REVERSAL_UNCONFIRMED,0,0.45,NONE,1,0,0,0
NEARUSDT,1780545600000,2026-06-04T04:00:00.000Z,NEUTRAL,NONE,0,7.875,IGNORE,0,WATCH,,0,0,0,NA,NA,NA,NA,NA,WARNING_SOFT,1,0,0,0,0,TREND_REVERSAL_UNCONFIRMED,0,0.45,NONE,1,0,0,0
NEARUSDT,1780549200000,2026-06-04T05:00:00.000Z,NEUTRAL,NONE,0,7.875,IGNORE,0,WATCH,,0,0,0,NA,NA,NA,NA,NA,BLOCK,0,0,0,0,0,TREND_REVERSAL_UNCONFIRMED,0,0.45,NONE,1,0,0,0
NEARUSDT,1780552800000,2026-06-04T06:00:00.000Z,NEUTRAL,NONE,0,7.875,IGNORE,0,WATCH,,0,0,0,NA,NA,NA,NA,NA,WARNING_SOFT,1,0,0,0,0,TREND_REVERSAL_UNCONFIRMED,0,0.45,NONE,1,0,0,0
NEARUSDT,1780556400000,2026-06-04T07:00:00.000Z,BEAR,LONG,47.3081253429548,22.56926487075769,IGNORE,0,WATCH,,0,0,0,NA,NA,NA,NA,NA,CLEAR,1,0,0,0,0,TREND_REVERSAL_UNCONFIRMED,3,0.45,LONG,1,0,0,0
NEARUSDT,1780560000000,2026-06-04T08:00:00.000Z,BEAR,LONG,69,60.123,WATCH,1,WATCH,ACTIVE,1,1,0,FAIL,PASS,SKIP,SKIP,PASS,CLEAR,1,0,0,0,0,MARKET_CONTEXT_DENIED,4,0.84,LONG,0,1,0,0
NEARUSDT,1780563600000,2026-06-04T09:00:00.000Z,BEAR,LONG,33.81944444444444,17.85078125,IGNORE,0,WATCH,,0,0,0,NA,NA,NA,NA,NA,CLEAR,1,0,0,0,0,TREND_REVERSAL_UNCONFIRMED,2,0.45,LONG,1,0,0,0
NEARUSDT,1780567200000,2026-06-04T10:00:00.000Z,BEAR,LONG,30.34722222222222,17.57734375,IGNORE,0,WATCH,,0,0,0,NA,NA,NA,NA,NA,CLEAR,1,0,0,0,0,TREND_REVERSAL_UNCONFIRMED,2,0.45,LONG,1,0,0,0
NEARUSDT,1780570800000,2026-06-04T11:00:00.000Z,BEAR,LONG,30.34722222222222,17.57734375,IGNORE,0,WATCH,,0,0,0,NA,NA,NA,NA,NA,CLEAR,1,0,0,0,0,TREND_REVERSAL_UNCONFIRMED,2,0.45,LONG,1,0,0,0
NEARUSDT,1780574400000,2026-06-04T12:00:00.000Z,BEAR,LONG,25.45624255445758,17.192179101163536,IGNORE,0,WATCH,,0,0,0,NA,NA,NA,NA,NA,CLEAR,1,0,0,0,0,TREND_REVERSAL_UNCONFIRMED,2,0.45,LONG,1,0,0,0
NEARUSDT,1780578000000,2026-06-04T13:00:00.000Z,BEAR,LONG,12.847222222222221,12.54296875,IGNORE,0,WATCH,,0,0,0,NA,NA,NA,NA,NA,CLEAR,1,0,0,0,0,TREND_REVERSAL_UNCONFIRMED,1,0.45,LONG,1,0,0,0
NEARUSDT,1780581600000,2026-06-04T14:00:00.000Z,BEAR,LONG,37.84722222222222,18.16796875,IGNORE,0,WATCH,,0,0,0,NA,NA,NA,NA,NA,CLEAR,1,0,0,0,0,TREND_REVERSAL_UNCONFIRMED,2,0.45,LONG,1,0,0,0
NEARUSDT,1780585200000,2026-06-04T15:00:00.000Z,BEAR,LONG,12.847222222222221,12.54296875,IGNORE,0,WATCH,,0,0,0,NA,NA,NA,NA,NA,CLEAR,1,0,0,0,0,TREND_REVERSAL_UNCONFIRMED,1,0.45,LONG,1,0,0,0
NEARUSDT,1780588800000,2026-06-04T16:00:00.000Z,BEAR,LONG,0,7.875,IGNORE,0,WATCH,,0,0,0,NA,NA,NA,NA,NA,CLEAR,1,0,0,0,0,TREND_REVERSAL_UNCONFIRMED,0,0.45,LONG,1,0,0,0
NEARUSDT,1780592400000,2026-06-04T17:00:00.000Z,BEAR,LONG,0,7.875,IGNORE,0,WATCH,,0,0,0,NA,NA,NA,NA,NA,CLEAR,1,0,0,0,0,TREND_REVERSAL_UNCONFIRMED,0,0.45,LONG,1,0,0,0
NEARUSDT,1780596000000,2026-06-04T18:00:00.000Z,BEAR,LONG,0,7.875,IGNORE,0,WATCH,,0,0,0,NA,NA,NA,NA,NA,CLEAR,1,0,0,0,0,TREND_REVERSAL_UNCONFIRMED,0,0.45,LONG,1,0,0,0
NEARUSDT,1780599600000,2026-06-04T19:00:00.000Z,BEAR,LONG,12.847222222222221,12.54296875,IGNORE,0,WATCH,,0,0,0,NA,NA,NA,NA,NA,CLEAR,1,0,0,0,0,TREND_REVERSAL_UNCONFIRMED,1,0.45,LONG,1,0,0,0
NEARUSDT,1780603200000,2026-06-04T20:00:00.000Z,BEAR,LONG,16.319444444444443,12.81640625,IGNORE,0,WATCH,,0,0,0,NA,NA,NA,NA,NA,CLEAR,1,0,0,0,0,TREND_REVERSAL_UNCONFIRMED,1,0.45,LONG,1,0,0,0
NEARUSDT,1780606800000,2026-06-04T21:00:00.000Z,BEAR,LONG,18.40277777777778,12.98046875,IGNORE,0,WATCH,,0,0,0,NA,NA,NA,NA,NA,CLEAR,1,0,0,0,0,TREND_REVERSAL_UNCONFIRMED,1,0.45,LONG,1,0,0,0
NEARUSDT,1780610400000,2026-06-04T22:00:00.000Z,BEAR,LONG,18.40277777777778,12.98046875,IGNORE,0,WATCH,,0,0,0,NA,NA,NA,NA,NA,CLEAR,1,0,0,0,0,TREND_REVERSAL_UNCONFIRMED,1,0.45,LONG,1,0,0,0
NEARUSDT,1780614000000,2026-06-04T23:00:00.000Z,BEAR,LONG,48.263888888888886,18.98828125,IGNORE,0,WATCH,,0,0,0,NA,NA,NA,NA,NA,CLEAR,1,0,0,0,0,TREND_REVERSAL_UNCONFIRMED,2,0.45,LONG,1,0,0,0
NEARUSDT,1780617600000,2026-06-05T00:00:00.000Z,BEAR,LONG,12.847222222222221,12.54296875,IGNORE,0,WATCH,,0,0,0,NA,NA,NA,NA,NA,CLEAR,1,0,0,0,0,TREND_REVERSAL_UNCONFIRMED,1,0.45,LONG,1,0,0,0
NEARUSDT,1780621200000,2026-06-05T01:00:00.000Z,BEAR,LONG,12.847222222222221,12.54296875,IGNORE,0,WATCH,,0,0,0,NA,NA,NA,NA,NA,CLEAR,1,0,0,0,0,TREND_REVERSAL_UNCONFIRMED,1,0.45,LONG,1,0,0,0
NEARUSDT,1780624800000,2026-06-05T02:00:00.000Z,BEAR,LONG,35.432611910697176,17.977818187967404,IGNORE,0,WATCH,,0,0,0,NA,NA,NA,NA,NA,CLEAR,1,0,0,0,0,TREND_REVERSAL_UNCONFIRMED,2,0.45,LONG,1,0,0,0
NEARUSDT,1780628400000,2026-06-05T03:00:00.000Z,BEAR,LONG,16.319444444444443,12.81640625,IGNORE,0,WATCH,,0,0,0,NA,NA,NA,NA,NA,CLEAR,1,0,0,0,0,TREND_REVERSAL_UNCONFIRMED,1,0.45,LONG,1,0,0,0
NEARUSDT,1780632000000,2026-06-05T04:00:00.000Z,BEAR,LONG,37.84722222222222,18.16796875,IGNORE,0,WATCH,,0,0,0,NA,NA,NA,NA,NA,CLEAR,1,0,0,0,0,TREND_REVERSAL_UNCONFIRMED,2,0.45,LONG,1,0,0,0
NEARUSDT,1780635600000,2026-06-05T05:00:00.000Z,BEAR,LONG,26.681273123361365,17.288650258464706,IGNORE,0,WATCH,,0,0,0,NA,NA,NA,NA,NA,CLEAR,1,0,0,0,0,TREND_REVERSAL_UNCONFIRMED,2,0.45,LONG,1,0,0,0
NEARUSDT,1780639200000,2026-06-05T06:00:00.000Z,BEAR,LONG,41.31944444444444,18.44140625,IGNORE,0,WATCH,,0,0,0,NA,NA,NA,NA,NA,CLEAR,1,0,0,0,0,TREND_REVERSAL_UNCONFIRMED,2,0.45,LONG,1,0,0,0
NEARUSDT,1780642800000,2026-06-05T07:00:00.000Z,BEAR,LONG,36.25047369406193,18.04222480340738,IGNORE,0,WATCH,,0,0,0,NA,NA,NA,NA,NA,CLEAR,1,0,0,0,0,TREND_REVERSAL_UNCONFIRMED,2,0.45,LONG,1,0,0,0
NEARUSDT,1780646400000,2026-06-05T08:00:00.000Z,BEAR,LONG,14.583333333333332,12.6796875,IGNORE,0,WATCH,,0,0,0,NA,NA,NA,NA,NA,CLEAR,1,0,0,0,0,TREND_REVERSAL_UNCONFIRMED,1,0.45,LONG,1,0,0,0
NEARUSDT,1780650000000,2026-06-05T09:00:00.000Z,BEAR,LONG,37.84722222222222,18.16796875,IGNORE,0,WATCH,,0,0,0,NA,NA,NA,NA,NA,CLEAR,1,0,0,0,0,TREND_REVERSAL_UNCONFIRMED,2,0.45,LONG,1,0,0,0
NEARUSDT,1780653600000,2026-06-05T10:00:00.000Z,BEAR,LONG,18.055555555555557,12.953125,IGNORE,0,WATCH,,0,0,0,NA,NA,NA,NA,NA,CLEAR,1,0,0,0,0,TREND_REVERSAL_UNCONFIRMED,1,0.45,LONG,1,0,0,0
NEARUSDT,1780657200000,2026-06-05T11:00:00.000Z,BEAR,LONG,19.791666666666668,13.08984375,IGNORE,0,WATCH,,0,0,0,NA,NA,NA,NA,NA,CLEAR,1,0,0,0,0,TREND_REVERSAL_UNCONFIRMED,1,0.45,LONG,1,0,0,0
NEARUSDT,1780660800000,2026-06-05T12:00:00.000Z,BEAR,LONG,39.58333333333333,18.3046875,IGNORE,0,WATCH,,0,0,0,NA,NA,NA,NA,NA,CLEAR,1,0,0,0,0,TREND_REVERSAL_UNCONFIRMED,2,0.45,LONG,1,0,0,0
NEARUSDT,1780664400000,2026-06-05T13:00:00.000Z,BEAR,LONG,14.583333333333332,12.6796875,IGNORE,0,WATCH,,0,0,0,NA,NA,NA,NA,NA,CLEAR,1,0,0,0,0,TREND_REVERSAL_UNCONFIRMED,1,0.45,LONG,1,0,0,0
NEARUSDT,1780668000000,2026-06-05T14:00:00.000Z,BEAR,LONG,27.397516610529333,17.345054433079188,IGNORE,0,WATCH,,0,0,0,NA,NA,NA,NA,NA,CLEAR,1,0,0,0,0,TREND_REVERSAL_UNCONFIRMED,2,0.45,LONG,1,0,0,0
NEARUSDT,1780671600000,2026-06-05T15:00:00.000Z,BEAR,LONG,38.69013352500272,18.234348015093964,IGNORE,0,WATCH,,0,0,0,NA,NA,NA,NA,NA,CLEAR,1,0,0,0,0,TREND_REVERSAL_UNCONFIRMED,2,0.45,LONG,1,0,0,0
NEARUSDT,1780675200000,2026-06-05T16:00:00.000Z,BEAR,LONG,37.84722222222222,18.16796875,IGNORE,0,WATCH,,0,0,0,NA,NA,NA,NA,NA,CLEAR,1,0,0,0,0,TREND_REVERSAL_UNCONFIRMED,2,0.45,LONG,1,0,0,0
NEARUSDT,1780678800000,2026-06-05T17:00:00.000Z,BEAR,LONG,37.84722222222222,18.16796875,IGNORE,0,WATCH,,0,0,0,NA,NA,NA,NA,NA,CLEAR,1,0,0,0,0,TREND_REVERSAL_UNCONFIRMED,2,0.45,LONG,1,0,0,0
NEARUSDT,1780682400000,2026-06-05T18:00:00.000Z,BEAR,LONG,19.791666666666668,13.08984375,IGNORE,0,WATCH,,0,0,0,NA,NA,NA,NA,NA,CLEAR,1,0,0,0,0,TREND_REVERSAL_UNCONFIRMED,1,0.45,LONG,1,0,0,0
NEARUSDT,1780686000000,2026-06-05T19:00:00.000Z,BEAR,LONG,0,7.875,IGNORE,0,WATCH,,0,0,0,NA,NA,NA,NA,NA,CLEAR,1,0,0,0,0,TREND_REVERSAL_UNCONFIRMED,0,0.45,LONG,1,0,0,0
NEARUSDT,1780689600000,2026-06-05T20:00:00.000Z,BEAR,LONG,0,7.875,IGNORE,0,WATCH,,0,0,0,NA,NA,NA,NA,NA,WARNING_SOFT,1,0,0,0,0,TREND_REVERSAL_UNCONFIRMED,0,0.45,LONG,1,0,0,0
NEARUSDT,1780693200000,2026-06-05T21:00:00.000Z,BEAR,LONG,0,7.875,IGNORE,0,WATCH,,0,0,0,NA,NA,NA,NA,NA,WARNING_SOFT,1,0,0,0,0,TREND_REVERSAL_UNCONFIRMED,0,0.45,LONG,1,0,0,0
NEARUSDT,1780696800000,2026-06-05T22:00:00.000Z,BEAR,LONG,0,7.875,IGNORE,0,WATCH,,0,0,0,NA,NA,NA,NA,NA,CLEAR,1,0,0,0,0,TREND_REVERSAL_UNCONFIRMED,0,0.45,LONG,1,0,0,0
NEARUSDT,1780700400000,2026-06-05T23:00:00.000Z,BEAR,LONG,0,7.875,IGNORE,0,WATCH,,0,0,0,NA,NA,NA,NA,NA,CLEAR,1,0,0,0,0,TREND_REVERSAL_UNCONFIRMED,0,0.45,LONG,1,0,0,0
NEARUSDT,1780704000000,2026-06-06T00:00:00.000Z,BEAR,LONG,0,7.875,IGNORE,0,WATCH,,0,0,0,NA,NA,NA,NA,NA,CLEAR,1,0,0,0,0,TREND_REVERSAL_UNCONFIRMED,0,0.45,LONG,1,0,0,0
NEARUSDT,1780707600000,2026-06-06T01:00:00.000Z,BEAR,LONG,0,7.875,IGNORE,0,WATCH,,0,0,0,NA,NA,NA,NA,NA,WARNING_SOFT,1,0,0,0,0,TREND_REVERSAL_UNCONFIRMED,0,0.45,LONG,1,0,0,0
NEARUSDT,1780711200000,2026-06-06T02:00:00.000Z,BEAR,LONG,17.5,12.909375,IGNORE,0,WATCH,,0,0,0,NA,NA,NA,NA,NA,WARNING_SOFT,1,0,0,0,0,TREND_REVERSAL_UNCONFIRMED,1,0.45,LONG,1,0,0,0
NEARUSDT,1780714800000,2026-06-06T03:00:00.000Z,BEAR,LONG,17.5,12.909375,IGNORE,0,WATCH,,0,0,0,NA,NA,NA,NA,NA,CLEAR,1,0,0,0,0,TREND_REVERSAL_UNCONFIRMED,1,0.45,LONG,1,0,0,0
NEARUSDT,1780718400000,2026-06-06T04:00:00.000Z,BEAR,LONG,46.01001666881183,22.46703881266893,IGNORE,0,WATCH,,0,0,0,NA,NA,NA,NA,NA,CLEAR,1,0,0,0,0,TREND_REVERSAL_UNCONFIRMED,3,0.45,LONG,1,0,0,0
NEARUSDT,1780722000000,2026-06-06T05:00:00.000Z,BEAR,LONG,42.5,18.534375,IGNORE,0,WATCH,,0,0,0,NA,NA,NA,NA,NA,CLEAR,1,0,0,0,0,TREND_REVERSAL_UNCONFIRMED,2,0.45,LONG,1,0,0,0
NEARUSDT,1780725600000,2026-06-06T06:00:00.000Z,BEAR,LONG,17.5,12.909375,IGNORE,0,WATCH,,0,0,0,NA,NA,NA,NA,NA,WARNING_SOFT,1,0,0,0,0,TREND_REVERSAL_UNCONFIRMED,1,0.45,LONG,1,0,0,0
NEARUSDT,1780729200000,2026-06-06T07:00:00.000Z,BEAR,LONG,0,7.875,IGNORE,0,WATCH,,0,0,0,NA,NA,NA,NA,NA,CLEAR,1,0,0,0,0,TREND_REVERSAL_UNCONFIRMED,0,0.45,LONG,1,0,0,0
NEARUSDT,1780732800000,2026-06-06T08:00:00.000Z,BEAR,LONG,0,7.875,IGNORE,0,WATCH,,0,0,0,NA,NA,NA,NA,NA,CLEAR,1,0,0,0,0,TREND_REVERSAL_UNCONFIRMED,0,0.45,LONG,1,0,0,0
NEARUSDT,1780736400000,2026-06-06T09:00:00.000Z,BEAR,LONG,0,7.875,IGNORE,0,WATCH,,0,0,0,NA,NA,NA,NA,NA,CLEAR,1,0,0,0,0,TREND_REVERSAL_UNCONFIRMED,0,0.45,LONG,1,0,0,0
NEARUSDT,1780740000000,2026-06-06T10:00:00.000Z,BEAR,LONG,0,7.875,IGNORE,0,WATCH,,0,0,0,NA,NA,NA,NA,NA,CLEAR,1,0,0,0,0,TREND_REVERSAL_UNCONFIRMED,0,0.45,LONG,1,0,0,0
NEARUSDT,1780743600000,2026-06-06T11:00:00.000Z,BEAR,LONG,0,7.875,IGNORE,0,WATCH,,0,0,0,NA,NA,NA,NA,NA,CLEAR,1,0,0,0,0,TREND_REVERSAL_UNCONFIRMED,0,0.45,LONG,1,0,0,0
NEARUSDT,1780747200000,2026-06-06T12:00:00.000Z,BEAR,LONG,25,13.5,IGNORE,0,WATCH,,0,0,0,NA,NA,NA,NA,NA,CLEAR,1,0,0,0,0,TREND_REVERSAL_UNCONFIRMED,1,0.45,LONG,1,0,0,0
NEARUSDT,1780750800000,2026-06-06T13:00:00.000Z,BEAR,LONG,17.5,12.909375,IGNORE,0,WATCH,,0,0,0,NA,NA,NA,NA,NA,CLEAR,1,0,0,0,0,TREND_REVERSAL_UNCONFIRMED,1,0.45,LONG,1,0,0,0
NEARUSDT,1780754400000,2026-06-06T14:00:00.000Z,BEAR,LONG,17.5,12.909375,IGNORE,0,WATCH,,0,0,0,NA,NA,NA,NA,NA,CLEAR,1,0,0,0,0,TREND_REVERSAL_UNCONFIRMED,1,0.45,LONG,1,0,0,0
NEARUSDT,1780758000000,2026-06-06T15:00:00.000Z,BEAR,LONG,17.5,12.909375,IGNORE,0,WATCH,,0,0,0,NA,NA,NA,NA,NA,CLEAR,1,0,0,0,0,TREND_REVERSAL_UNCONFIRMED,1,0.45,LONG,1,0,0,0
NEARUSDT,1780761600000,2026-06-06T16:00:00.000Z,BEAR,LONG,17.5,12.909375,IGNORE,0,WATCH,,0,0,0,NA,NA,NA,NA,NA,CLEAR,1,0,0,0,0,TREND_REVERSAL_UNCONFIRMED,1,0.45,LONG,1,0,0,0
NEARUSDT,1780765200000,2026-06-06T17:00:00.000Z,BEAR,LONG,17.5,12.909375,IGNORE,0,WATCH,,0,0,0,NA,NA,NA,NA,NA,CLEAR,1,0,0,0,0,TREND_REVERSAL_UNCONFIRMED,1,0.45,LONG,1,0,0,0
NEARUSDT,1780768800000,2026-06-06T18:00:00.000Z,BEAR,LONG,0,7.875,IGNORE,0,WATCH,,0,0,0,NA,NA,NA,NA,NA,WARNING_SOFT,1,0,0,0,0,TREND_REVERSAL_UNCONFIRMED,0,0.45,LONG,1,0,0,0
NEARUSDT,1780772400000,2026-06-06T19:00:00.000Z,BEAR,LONG,0,7.875,IGNORE,0,WATCH,,0,0,0,NA,NA,NA,NA,NA,CLEAR,1,0,0,0,0,TREND_REVERSAL_UNCONFIRMED,0,0.45,LONG,1,0,0,0
NEARUSDT,1780776000000,2026-06-06T20:00:00.000Z,BEAR,LONG,0,7.875,IGNORE,0,WATCH,,0,0,0,NA,NA,NA,NA,NA,CLEAR,1,0,0,0,0,TREND_REVERSAL_UNCONFIRMED,0,0.45,LONG,1,0,0,0
NEARUSDT,1780779600000,2026-06-06T21:00:00.000Z,BEAR,LONG,0,7.875,IGNORE,0,WATCH,,0,0,0,NA,NA,NA,NA,NA,CLEAR,1,0,0,0,0,TREND_REVERSAL_UNCONFIRMED,0,0.45,LONG,1,0,0,0
NEARUSDT,1780783200000,2026-06-06T22:00:00.000Z,BEAR,LONG,0,7.875,IGNORE,0,WATCH,,0,0,0,NA,NA,NA,NA,NA,CLEAR,1,0,0,0,0,TREND_REVERSAL_UNCONFIRMED,0,0.45,LONG,1,0,0,0
NEARUSDT,1780786800000,2026-06-06T23:00:00.000Z,BEAR,LONG,0,7.875,IGNORE,0,WATCH,,0,0,0,NA,NA,NA,NA,NA,CLEAR,1,0,0,0,0,TREND_REVERSAL_UNCONFIRMED,0,0.45,LONG,1,0,0,0
NEARUSDT,1780790400000,2026-06-07T00:00:00.000Z,BEAR,LONG,0,7.875,IGNORE,0,WATCH,,0,0,0,NA,NA,NA,NA,NA,CLEAR,1,0,0,0,0,TREND_REVERSAL_UNCONFIRMED,0,0.45,LONG,1,0,0,0
NEARUSDT,1780794000000,2026-06-07T01:00:00.000Z,NEUTRAL,NONE,0,7.875,IGNORE,0,WATCH,,0,0,0,NA,NA,NA,NA,NA,CLEAR,1,0,0,0,0,TREND_REVERSAL_UNCONFIRMED,0,0.45,NONE,1,0,0,0
NEARUSDT,1780797600000,2026-06-07T02:00:00.000Z,BEAR,LONG,42.5,18.534375,IGNORE,0,WATCH,,0,0,0,NA,NA,NA,NA,NA,BLOCK,0,0,0,0,0,TREND_REVERSAL_UNCONFIRMED,2,0.45,LONG,1,0,0,0
NEARUSDT,1780801200000,2026-06-07T03:00:00.000Z,BEAR,LONG,42.5,18.534375,IGNORE,0,WATCH,,0,0,0,NA,NA,NA,NA,NA,BLOCK,0,0,0,0,0,TREND_REVERSAL_UNCONFIRMED,2,0.45,LONG,1,0,0,0
NEARUSDT,1780804800000,2026-06-07T04:00:00.000Z,BEAR,LONG,17.5,12.909375,IGNORE,0,WATCH,,0,0,0,NA,NA,NA,NA,NA,WARNING_HARD,1,0,0,0,0,TREND_REVERSAL_UNCONFIRMED,1,0.45,LONG,1,0,0,0
NEARUSDT,1780808400000,2026-06-07T05:00:00.000Z,NEUTRAL,NONE,0,7.875,IGNORE,0,WATCH,,0,0,0,NA,NA,NA,NA,NA,WARNING_SOFT,1,0,0,0,0,TREND_REVERSAL_UNCONFIRMED,0,0.45,NONE,1,0,0,0
NEARUSDT,1780812000000,2026-06-07T06:00:00.000Z,NEUTRAL,NONE,0,7.875,IGNORE,0,WATCH,,0,0,0,NA,NA,NA,NA,NA,CLEAR,1,0,0,0,0,TREND_REVERSAL_UNCONFIRMED,0,0.45,NONE,1,0,0,0
NEARUSDT,1780815600000,2026-06-07T07:00:00.000Z,NEUTRAL,NONE,0,7.875,IGNORE,0,WATCH,,0,0,0,NA,NA,NA,NA,NA,CLEAR,1,0,0,0,0,TREND_REVERSAL_UNCONFIRMED,0,0.45,NONE,1,0,0,0
NEARUSDT,1780819200000,2026-06-07T08:00:00.000Z,NEUTRAL,NONE,0,7.875,IGNORE,0,WATCH,,0,0,0,NA,NA,NA,NA,NA,CLEAR,1,0,0,0,0,TREND_REVERSAL_UNCONFIRMED,0,0.45,NONE,1,0,0,0
NEARUSDT,1780822800000,2026-06-07T09:00:00.000Z,NEUTRAL,NONE,0,7.875,IGNORE,0,WATCH,,0,0,0,NA,NA,NA,NA,NA,CLEAR,1,0,0,0,0,TREND_REVERSAL_UNCONFIRMED,0,0.45,NONE,1,0,0,0
NEARUSDT,1780826400000,2026-06-07T10:00:00.000Z,BEAR,LONG,0,7.875,IGNORE,0,WATCH,,0,0,0,NA,NA,NA,NA,NA,WARNING_SOFT,1,0,0,0,0,TREND_REVERSAL_UNCONFIRMED,0,0.45,LONG,1,0,0,0
NEARUSDT,1780830000000,2026-06-07T11:00:00.000Z,NEUTRAL,NONE,0,7.875,IGNORE,0,WATCH,,0,0,0,NA,NA,NA,NA,NA,CLEAR,1,0,0,0,0,TREND_REVERSAL_UNCONFIRMED,0,0.45,NONE,1,0,0,0
NEARUSDT,1780833600000,2026-06-07T12:00:00.000Z,BEAR,LONG,15.02834084794975,12.714731841776043,IGNORE,0,WATCH,,0,0,0,NA,NA,NA,NA,NA,WARNING_SOFT,1,0,0,0,0,TREND_REVERSAL_UNCONFIRMED,1,0.45,LONG,1,0,0,0
NEARUSDT,1780837200000,2026-06-07T13:00:00.000Z,NEUTRAL,NONE,0,7.875,IGNORE,0,WATCH,,0,0,0,NA,NA,NA,NA,NA,WARNING_SOFT,1,0,0,0,0,TREND_REVERSAL_UNCONFIRMED,0,0.45,NONE,1,0,0,0
NEARUSDT,1780840800000,2026-06-07T14:00:00.000Z,NEUTRAL,NONE,0,7.875,IGNORE,0,WATCH,,0,0,0,NA,NA,NA,NA,NA,CLEAR,1,0,0,0,0,TREND_REVERSAL_UNCONFIRMED,0,0.45,NONE,1,0,0,0
NEARUSDT,1780844400000,2026-06-07T15:00:00.000Z,NEUTRAL,NONE,0,7.875,IGNORE,0,WATCH,,0,0,0,NA,NA,NA,NA,NA,CLEAR,1,0,0,0,0,TREND_REVERSAL_UNCONFIRMED,0,0.45,NONE,1,0,0,0
NEARUSDT,1780848000000,2026-06-07T16:00:00.000Z,NEUTRAL,NONE,0,7.875,IGNORE,0,WATCH,,0,0,0,NA,NA,NA,NA,NA,CLEAR,1,0,0,0,0,TREND_REVERSAL_UNCONFIRMED,0,0.45,NONE,1,0,0,0
NEARUSDT,1780851600000,2026-06-07T17:00:00.000Z,NEUTRAL,NONE,0,7.875,IGNORE,0,WATCH,,0,0,0,NA,NA,NA,NA,NA,CLEAR,1,0,0,0,0,TREND_REVERSAL_UNCONFIRMED,0,0.45,NONE,1,0,0,0
NEARUSDT,1780855200000,2026-06-07T18:00:00.000Z,NEUTRAL,NONE,0,7.875,IGNORE,0,WATCH,,0,0,0,NA,NA,NA,NA,NA,CLEAR,1,0,0,0,0,TREND_REVERSAL_UNCONFIRMED,0,0.45,NONE,1,0,0,0
NEARUSDT,1780858800000,2026-06-07T19:00:00.000Z,NEUTRAL,NONE,0,7.875,IGNORE,0,WATCH,,0,0,0,NA,NA,NA,NA,NA,WARNING_SOFT,1,0,0,0,0,TREND_REVERSAL_UNCONFIRMED,0,0.45,NONE,1,0,0,0
NEARUSDT,1780862400000,2026-06-07T20:00:00.000Z,NEUTRAL,NONE,0,7.875,IGNORE,0,WATCH,,0,0,0,NA,NA,NA,NA,NA,CLEAR,1,0,0,0,0,TREND_REVERSAL_UNCONFIRMED,0,0.45,NONE,1,0,0,0
NEARUSDT,1780866000000,2026-06-07T21:00:00.000Z,NEUTRAL,NONE,0,7.875,IGNORE,0,WATCH,,0,0,0,NA,NA,NA,NA,NA,WARNING_SOFT,1,0,0,0,0,TREND_REVERSAL_UNCONFIRMED,0,0.45,NONE,1,0,0,0
NEARUSDT,1780869600000,2026-06-07T22:00:00.000Z,NEUTRAL,NONE,0,7.875,IGNORE,0,WATCH,,0,0,0,NA,NA,NA,NA,NA,CLEAR,1,0,0,0,0,TREND_REVERSAL_UNCONFIRMED,0,0.45,NONE,1,0,0,0
NEARUSDT,1780873200000,2026-06-07T23:00:00.000Z,NEUTRAL,NONE,0,7.875,IGNORE,0,WATCH,,0,0,0,NA,NA,NA,NA,NA,CLEAR,1,0,0,0,0,TREND_REVERSAL_UNCONFIRMED,0,0.45,NONE,1,0,0,0
NEARUSDT,1780876800000,2026-06-08T00:00:00.000Z,NEUTRAL,NONE,0,7.875,IGNORE,0,WATCH,,0,0,0,NA,NA,NA,NA,NA,CLEAR,1,0,0,0,0,TREND_REVERSAL_UNCONFIRMED,0,0.45,NONE,1,0,0,0
NEARUSDT,1780880400000,2026-06-08T01:00:00.000Z,NEUTRAL,NONE,0,7.875,IGNORE,0,WATCH,,0,0,0,NA,NA,NA,NA,NA,WARNING_SOFT,1,0,0,0,0,TREND_REVERSAL_UNCONFIRMED,0,0.45,NONE,1,0,0,0
NEARUSDT,1780884000000,2026-06-08T02:00:00.000Z,BULL,SHORT,0,7.875,IGNORE,0,WATCH,,0,0,0,NA,NA,NA,NA,NA,CLEAR,1,0,0,0,0,TREND_REVERSAL_UNCONFIRMED,0,0.45,SHORT,1,0,0,0
NEARUSDT,1780887600000,2026-06-08T03:00:00.000Z,BULL,SHORT,0,7.875,IGNORE,0,WATCH,,0,0,0,NA,NA,NA,NA,NA,CLEAR,1,0,0,0,0,TREND_REVERSAL_UNCONFIRMED,0,0.45,SHORT,1,0,0,0
NEARUSDT,1780891200000,2026-06-08T04:00:00.000Z,BULL,SHORT,0,7.875,IGNORE,0,WATCH,,0,0,0,NA,NA,NA,NA,NA,CLEAR,1,0,0,0,0,TREND_REVERSAL_UNCONFIRMED,0,0.45,SHORT,1,0,0,0
NEARUSDT,1780894800000,2026-06-08T05:00:00.000Z,BULL,SHORT,0,7.875,IGNORE,0,WATCH,,0,0,0,NA,NA,NA,NA,NA,CLEAR,1,0,0,0,0,TREND_REVERSAL_UNCONFIRMED,0,0.45,SHORT,1,0,0,0
NEARUSDT,1780898400000,2026-06-08T06:00:00.000Z,BULL,SHORT,28.283728291240045,17.414843602935154,IGNORE,0,WATCH,,0,0,0,NA,NA,NA,NA,NA,CLEAR,1,0,0,0,0,TREND_REVERSAL_UNCONFIRMED,2,0.45,SHORT,1,0,0,0
NEARUSDT,1780902000000,2026-06-08T07:00:00.000Z,BULL,SHORT,17.30498067727019,12.894017228335027,IGNORE,0,WATCH,,0,0,0,NA,NA,NA,NA,NA,CLEAR,1,0,0,0,0,TREND_REVERSAL_UNCONFIRMED,1,0.45,SHORT,1,0,0,0
NEARUSDT,1780905600000,2026-06-08T08:00:00.000Z,BULL,SHORT,0,7.875,IGNORE,0,WATCH,,0,0,0,NA,NA,NA,NA,NA,CLEAR,1,0,0,0,0,TREND_REVERSAL_UNCONFIRMED,0,0.45,SHORT,1,0,0,0
NEARUSDT,1780909200000,2026-06-08T09:00:00.000Z,BULL,SHORT,12.847222222222221,12.54296875,IGNORE,0,WATCH,,0,0,0,NA,NA,NA,NA,NA,CLEAR,1,0,0,0,0,TREND_REVERSAL_UNCONFIRMED,1,0.45,SHORT,1,0,0,0
NEARUSDT,1780912800000,2026-06-08T10:00:00.000Z,BULL,SHORT,0,7.875,IGNORE,0,WATCH,,0,0,0,NA,NA,NA,NA,NA,CLEAR,1,0,0,0,0,TREND_REVERSAL_UNCONFIRMED,0,0.45,SHORT,1,0,0,0
NEARUSDT,1780916400000,2026-06-08T11:00:00.000Z,BULL,SHORT,0,7.875,IGNORE,0,WATCH,,0,0,0,NA,NA,NA,NA,NA,CLEAR,1,0,0,0,0,TREND_REVERSAL_UNCONFIRMED,0,0.45,SHORT,1,0,0,0
NEARUSDT,1780920000000,2026-06-08T12:00:00.000Z,BULL,SHORT,28.48440420927062,17.43064683148006,IGNORE,0,WATCH,,0,0,0,NA,NA,NA,NA,NA,CLEAR,1,0,0,0,0,TREND_REVERSAL_UNCONFIRMED,2,0.45,SHORT,1,0,0,0
NEARUSDT,1780923600000,2026-06-08T13:00:00.000Z,BULL,SHORT,0,7.875,IGNORE,0,WATCH,,0,0,0,NA,NA,NA,NA,NA,CLEAR,1,0,0,0,0,TREND_REVERSAL_UNCONFIRMED,0,0.45,SHORT,1,0,0,0
NEARUSDT,1780927200000,2026-06-08T14:00:00.000Z,BULL,SHORT,0,7.875,IGNORE,0,WATCH,,0,0,0,NA,NA,NA,NA,NA,CLEAR,1,0,0,0,0,TREND_REVERSAL_UNCONFIRMED,0,0.45,SHORT,1,0,0,0
NEARUSDT,1780930800000,2026-06-08T15:00:00.000Z,BULL,SHORT,17.051470408221682,12.874053294647458,IGNORE,0,WATCH,,0,0,0,NA,NA,NA,NA,NA,CLEAR,1,0,0,0,0,TREND_REVERSAL_UNCONFIRMED,1,0.45,SHORT,1,0,0,0
NEARUSDT,1780934400000,2026-06-08T16:00:00.000Z,BULL,SHORT,17.459106353992492,12.906154625376908,IGNORE,0,WATCH,,0,0,0,NA,NA,NA,NA,NA,CLEAR,1,0,0,0,0,TREND_REVERSAL_UNCONFIRMED,1,0.45,SHORT,1,0,0,0
NEARUSDT,1780938000000,2026-06-08T17:00:00.000Z,BULL,SHORT,0,7.875,IGNORE,0,WATCH,,0,0,0,NA,NA,NA,NA,NA,CLEAR,1,0,0,0,0,TREND_REVERSAL_UNCONFIRMED,0,0.45,SHORT,1,0,0,0
NEARUSDT,1780941600000,2026-06-08T18:00:00.000Z,BULL,SHORT,0,7.875,IGNORE,0,WATCH,,0,0,0,NA,NA,NA,NA,NA,CLEAR,1,0,0,0,0,TREND_REVERSAL_UNCONFIRMED,0,0.45,SHORT,1,0,0,0
NEARUSDT,1780945200000,2026-06-08T19:00:00.000Z,BULL,SHORT,0,7.875,IGNORE,0,WATCH,,0,0,0,NA,NA,NA,NA,NA,CLEAR,1,0,0,0,0,TREND_REVERSAL_UNCONFIRMED,0,0.45,SHORT,1,0,0,0
NEARUSDT,1780948800000,2026-06-08T20:00:00.000Z,BULL,SHORT,0,7.875,IGNORE,0,WATCH,,0,0,0,NA,NA,NA,NA,NA,WARNING_SOFT,1,0,0,0,0,TREND_REVERSAL_UNCONFIRMED,0,0.45,SHORT,1,0,0,0
NEARUSDT,1780952400000,2026-06-08T21:00:00.000Z,BULL,SHORT,25,13.5,IGNORE,0,WATCH,,0,0,0,NA,NA,NA,NA,NA,BLOCK,0,0,0,0,0,TREND_REVERSAL_UNCONFIRMED,1,0.45,SHORT,1,0,0,0
NEARUSDT,1780956000000,2026-06-08T22:00:00.000Z,NEUTRAL,NONE,0,7.875,IGNORE,0,WATCH,,0,0,0,NA,NA,NA,NA,NA,WARNING_SOFT,1,0,0,0,0,TREND_REVERSAL_UNCONFIRMED,0,0.45,NONE,1,0,0,0
NEARUSDT,1780959600000,2026-06-08T23:00:00.000Z,NEUTRAL,NONE,0,7.875,IGNORE,0,WATCH,,0,0,0,NA,NA,NA,NA,NA,WARNING_SOFT,1,0,0,0,0,TREND_REVERSAL_UNCONFIRMED,0,0.45,NONE,1,0,0,0
NEARUSDT,1780963200000,2026-06-09T00:00:00.000Z,NEUTRAL,NONE,0,7.875,IGNORE,0,WATCH,,0,0,0,NA,NA,NA,NA,NA,BLOCK,0,0,0,0,0,TREND_REVERSAL_UNCONFIRMED,0,0.45,NONE,1,0,0,0
NEARUSDT,1780966800000,2026-06-09T01:00:00.000Z,NEUTRAL,NONE,0,7.875,IGNORE,0,WATCH,,0,0,0,NA,NA,NA,NA,NA,WARNING_SOFT,1,0,0,0,0,TREND_REVERSAL_UNCONFIRMED,0,0.45,NONE,1,0,0,0
NEARUSDT,1780970400000,2026-06-09T02:00:00.000Z,NEUTRAL,NONE,0,7.875,IGNORE,0,WATCH,,0,0,0,NA,NA,NA,NA,NA,WARNING_SOFT,1,0,0,0,0,TREND_REVERSAL_UNCONFIRMED,0,0.45,NONE,1,0,0,0
NEARUSDT,1780974000000,2026-06-09T03:00:00.000Z,NEUTRAL,NONE,0,7.875,IGNORE,0,WATCH,,0,0,0,NA,NA,NA,NA,NA,WARNING_SOFT,1,0,0,0,0,TREND_REVERSAL_UNCONFIRMED,0,0.45,NONE,1,0,0,0
NEARUSDT,1780977600000,2026-06-09T04:00:00.000Z,NEUTRAL,NONE,0,7.875,IGNORE,0,WATCH,,0,0,0,NA,NA,NA,NA,NA,WARNING_SOFT,1,0,0,0,0,TREND_REVERSAL_UNCONFIRMED,0,0.45,NONE,1,0,0,0
NEARUSDT,1780981200000,2026-06-09T05:00:00.000Z,BULL,SHORT,13.927317765664023,12.628026274046041,IGNORE,0,WATCH,,0,0,0,NA,NA,NA,NA,NA,WARNING_SOFT,1,0,0,0,0,TREND_REVERSAL_UNCONFIRMED,1,0.45,SHORT,1,0,0,0
NEARUSDT,1780984800000,2026-06-09T06:00:00.000Z,BULL,SHORT,25,13.5,IGNORE,0,WATCH,,0,0,0,NA,NA,NA,NA,NA,CLEAR,1,0,0,0,0,TREND_REVERSAL_UNCONFIRMED,1,0.45,SHORT,1,0,0,0
NEARUSDT,1780988400000,2026-06-09T07:00:00.000Z,BULL,SHORT,0,7.875,IGNORE,0,WATCH,,0,0,0,NA,NA,NA,NA,NA,CLEAR,1,0,0,0,0,TREND_REVERSAL_UNCONFIRMED,0,0.45,SHORT,1,0,0,0
NEARUSDT,1780992000000,2026-06-09T08:00:00.000Z,BULL,SHORT,0,7.875,IGNORE,0,WATCH,,0,0,0,NA,NA,NA,NA,NA,WARNING_HARD,1,0,0,0,0,TREND_REVERSAL_UNCONFIRMED,0,0.45,SHORT,1,0,0,0
NEARUSDT,1780995600000,2026-06-09T09:00:00.000Z,BULL,SHORT,0,7.875,IGNORE,0,WATCH,,0,0,0,NA,NA,NA,NA,NA,WARNING_SOFT,1,0,0,0,0,TREND_REVERSAL_UNCONFIRMED,0,0.45,SHORT,1,0,0,0
NEARUSDT,1780999200000,2026-06-09T10:00:00.000Z,BULL,SHORT,17.5,12.909375,IGNORE,0,WATCH,,0,0,0,NA,NA,NA,NA,NA,WARNING_SOFT,1,0,0,0,0,TREND_REVERSAL_UNCONFIRMED,1,0.45,SHORT,1,0,0,0
NEARUSDT,1781002800000,2026-06-09T11:00:00.000Z,BULL,SHORT,17.5,12.909375,IGNORE,0,WATCH,,0,0,0,NA,NA,NA,NA,NA,WARNING_SOFT,1,0,0,0,0,TREND_REVERSAL_UNCONFIRMED,1,0.45,SHORT,1,0,0,0
NEARUSDT,1781006400000,2026-06-09T12:00:00.000Z,BULL,SHORT,17.5,12.909375,IGNORE,0,WATCH,,0,0,0,NA,NA,NA,NA,NA,WARNING_SOFT,1,0,0,0,0,TREND_REVERSAL_UNCONFIRMED,1,0.45,SHORT,1,0,0,0
NEARUSDT,1781010000000,2026-06-09T13:00:00.000Z,BULL,SHORT,33.395767498496404,17.817416690506594,IGNORE,0,WATCH,,0,0,0,NA,NA,NA,NA,NA,WARNING_SOFT,1,0,0,0,0,TREND_REVERSAL_UNCONFIRMED,2,0.45,SHORT,1,0,0,0
NEARUSDT,1781013600000,2026-06-09T14:00:00.000Z,NEUTRAL,NONE,0,7.875,IGNORE,0,WATCH,,0,0,0,NA,NA,NA,NA,NA,BLOCK,0,0,0,0,0,TREND_REVERSAL_UNCONFIRMED,0,0.45,NONE,1,0,0,0
NEARUSDT,1781017200000,2026-06-09T15:00:00.000Z,NEUTRAL,NONE,0,7.875,IGNORE,0,WATCH,,0,0,0,NA,NA,NA,NA,NA,BLOCK,0,0,1,0,0,TREND_REVERSAL_UNCONFIRMED,0,0.45,NONE,1,0,0,0
NEARUSDT,1781020800000,2026-06-09T16:00:00.000Z,NEUTRAL,NONE,0,7.875,IGNORE,0,WATCH,,0,0,0,NA,NA,NA,NA,NA,BLOCK,0,0,0,0,0,TREND_REVERSAL_UNCONFIRMED,0,0.45,NONE,1,0,0,0
NEARUSDT,1781024400000,2026-06-09T17:00:00.000Z,NEUTRAL,NONE,0,7.875,IGNORE,0,WATCH,,0,0,0,NA,NA,NA,NA,NA,WARNING_SOFT,1,0,0,0,0,TREND_REVERSAL_UNCONFIRMED,0,0.45,NONE,1,0,0,0
NEARUSDT,1781028000000,2026-06-09T18:00:00.000Z,BULL,SHORT,42.5,18.534375,IGNORE,0,WATCH,,0,0,0,NA,NA,NA,NA,NA,WARNING_SOFT,1,0,0,0,0,TREND_REVERSAL_UNCONFIRMED,2,0.45,SHORT,1,0,0,0
NEARUSDT,1781031600000,2026-06-09T19:00:00.000Z,BULL,SHORT,17.5,12.909375,IGNORE,0,WATCH,,0,0,0,NA,NA,NA,NA,NA,WARNING_SOFT,1,0,0,0,0,TREND_REVERSAL_UNCONFIRMED,1,0.45,SHORT,1,0,0,0
NEARUSDT,1781035200000,2026-06-09T20:00:00.000Z,BULL,SHORT,17.5,12.909375,IGNORE,0,WATCH,,0,0,0,NA,NA,NA,NA,NA,WARNING_SOFT,1,0,0,0,0,TREND_REVERSAL_UNCONFIRMED,1,0.45,SHORT,1,0,0,0
NEARUSDT,1781038800000,2026-06-09T21:00:00.000Z,BULL,SHORT,17.5,12.909375,IGNORE,0,WATCH,,0,0,0,NA,NA,NA,NA,NA,WARNING_SOFT,1,0,0,0,0,TREND_REVERSAL_UNCONFIRMED,1,0.45,SHORT,1,0,0,0
NEARUSDT,1781042400000,2026-06-09T22:00:00.000Z,BULL,SHORT,17.5,12.909375,IGNORE,0,WATCH,,0,0,0,NA,NA,NA,NA,NA,WARNING_SOFT,1,0,0,0,0,TREND_REVERSAL_UNCONFIRMED,1,0.45,SHORT,1,0,0,0
NEARUSDT,1781046000000,2026-06-09T23:00:00.000Z,NEUTRAL,NONE,0,7.875,IGNORE,0,WATCH,,0,0,0,NA,NA,NA,NA,NA,WARNING_SOFT,1,0,0,0,0,TREND_REVERSAL_UNCONFIRMED,0,0.45,NONE,1,0,0,0
NEARUSDT,1781049600000,2026-06-10T00:00:00.000Z,NEUTRAL,NONE,0,7.875,IGNORE,0,WATCH,,0,0,0,NA,NA,NA,NA,NA,WARNING_SOFT,1,0,0,0,0,TREND_REVERSAL_UNCONFIRMED,0,0.45,NONE,1,0,0,0
NEARUSDT,1781053200000,2026-06-10T01:00:00.000Z,BULL,SHORT,12.821994834593932,12.540982093224272,IGNORE,0,WATCH,,0,0,0,NA,NA,NA,NA,NA,BLOCK,0,0,0,0,0,TREND_REVERSAL_UNCONFIRMED,1,0.45,SHORT,1,0,0,0
NEARUSDT,1781056800000,2026-06-10T02:00:00.000Z,NEUTRAL,NONE,0,7.875,IGNORE,0,WATCH,,0,0,0,NA,NA,NA,NA,NA,BLOCK,0,0,0,0,0,TREND_REVERSAL_UNCONFIRMED,0,0.45,NONE,1,0,0,0
NEARUSDT,1781060400000,2026-06-10T03:00:00.000Z,NEUTRAL,NONE,0,7.875,IGNORE,0,WATCH,,0,0,0,NA,NA,NA,NA,NA,WARNING_SOFT,1,0,0,0,0,TREND_REVERSAL_UNCONFIRMED,0,0.45,NONE,1,0,0,0
NEARUSDT,1781064000000,2026-06-10T04:00:00.000Z,NEUTRAL,NONE,0,7.875,IGNORE,0,WATCH,,0,0,0,NA,NA,NA,NA,NA,WARNING_SOFT,1,0,0,0,0,TREND_REVERSAL_UNCONFIRMED,0,0.45,NONE,1,0,0,0
NEARUSDT,1781067600000,2026-06-10T05:00:00.000Z,NEUTRAL,NONE,0,7.875,IGNORE,0,WATCH,,0,0,0,NA,NA,NA,NA,NA,WARNING_SOFT,1,0,0,0,0,TREND_REVERSAL_UNCONFIRMED,0,0.45,NONE,1,0,0,0
NEARUSDT,1781071200000,2026-06-10T06:00:00.000Z,NEUTRAL,NONE,0,7.875,IGNORE,0,WATCH,,0,0,0,NA,NA,NA,NA,NA,BLOCK,0,0,0,0,0,TREND_REVERSAL_UNCONFIRMED,0,0.45,NONE,1,0,0,0
NEARUSDT,1781074800000,2026-06-10T07:00:00.000Z,NEUTRAL,NONE,0,7.875,IGNORE,0,WATCH,,0,0,0,NA,NA,NA,NA,NA,WARNING_SOFT,1,0,0,0,0,TREND_REVERSAL_UNCONFIRMED,0,0.45,NONE,1,0,0,0
NEARUSDT,1781078400000,2026-06-10T08:00:00.000Z,NEUTRAL,NONE,0,7.875,IGNORE,0,WATCH,,0,0,0,NA,NA,NA,NA,NA,WARNING_SOFT,1,0,0,0,0,TREND_REVERSAL_UNCONFIRMED,0,0.45,NONE,1,0,0,0
NEARUSDT,1781082000000,2026-06-10T09:00:00.000Z,NEUTRAL,NONE,0,7.875,IGNORE,0,WATCH,,0,0,0,NA,NA,NA,NA,NA,WARNING_SOFT,1,0,0,0,0,TREND_REVERSAL_UNCONFIRMED,0,0.45,NONE,1,0,0,0
NEARUSDT,1781085600000,2026-06-10T10:00:00.000Z,BEAR,LONG,0,7.875,IGNORE,0,WATCH,,0,0,0,NA,NA,NA,NA,NA,CLEAR,1,0,0,0,0,TREND_REVERSAL_UNCONFIRMED,0,0.45,LONG,1,0,0,0
NEARUSDT,1781089200000,2026-06-10T11:00:00.000Z,BEAR,LONG,0,7.875,IGNORE,0,WATCH,,0,0,0,NA,NA,NA,NA,NA,CLEAR,1,0,0,0,0,TREND_REVERSAL_UNCONFIRMED,0,0.45,LONG,1,0,0,0
NEARUSDT,1781092800000,2026-06-10T12:00:00.000Z,NEUTRAL,NONE,0,7.875,IGNORE,0,WATCH,,0,0,0,NA,NA,NA,NA,NA,WARNING_SOFT,1,0,0,0,0,TREND_REVERSAL_UNCONFIRMED,0,0.45,NONE,1,0,0,0
NEARUSDT,1781096400000,2026-06-10T13:00:00.000Z,NEUTRAL,NONE,0,7.875,IGNORE,0,WATCH,,0,0,0,NA,NA,NA,NA,NA,CLEAR,1,0,0,0,0,TREND_REVERSAL_UNCONFIRMED,0,0.45,NONE,1,0,0,0
NEARUSDT,1781100000000,2026-06-10T14:00:00.000Z,BEAR,LONG,0,7.875,IGNORE,0,WATCH,,0,0,0,NA,NA,NA,NA,NA,BLOCK,0,0,0,0,0,TREND_REVERSAL_UNCONFIRMED,0,0.45,LONG,1,0,0,0
NEARUSDT,1781103600000,2026-06-10T15:00:00.000Z,BEAR,LONG,35.685173204498916,17.99770738985429,IGNORE,0,WATCH,,0,0,0,NA,NA,NA,NA,NA,BLOCK,0,0,0,0,0,TREND_REVERSAL_UNCONFIRMED,2,0.45,LONG,1,0,0,0
NEARUSDT,1781107200000,2026-06-10T16:00:00.000Z,BEAR,LONG,30.420202330261997,17.58309093350813,IGNORE,0,WATCH,,0,0,0,NA,NA,NA,NA,NA,WARNING_HARD,1,0,0,0,0,TREND_REVERSAL_UNCONFIRMED,2,0.45,LONG,1,0,0,0
NEARUSDT,1781110800000,2026-06-10T17:00:00.000Z,BEAR,LONG,17.5,12.909375,IGNORE,0,WATCH,,0,0,0,NA,NA,NA,NA,NA,WARNING_SOFT,1,0,0,0,0,TREND_REVERSAL_UNCONFIRMED,1,0.45,LONG,1,0,0,0
NEARUSDT,1781114400000,2026-06-10T18:00:00.000Z,BEAR,LONG,17.5,12.909375,IGNORE,0,WATCH,,0,0,0,NA,NA,NA,NA,NA,WARNING_SOFT,1,0,0,0,0,TREND_REVERSAL_UNCONFIRMED,1,0.45,LONG,1,0,0,0
NEARUSDT,1781118000000,2026-06-10T19:00:00.000Z,BEAR,LONG,32.08333333333333,17.714062499999997,IGNORE,0,WATCH,,0,0,0,NA,NA,NA,NA,NA,WARNING_SOFT,1,0,0,0,0,TREND_REVERSAL_UNCONFIRMED,2,0.45,LONG,1,0,0,0
NEARUSDT,1781121600000,2026-06-10T20:00:00.000Z,BEAR,LONG,17.5,12.909375,IGNORE,0,WATCH,,0,0,0,NA,NA,NA,NA,NA,CLEAR,1,0,0,0,0,TREND_REVERSAL_UNCONFIRMED,1,0.45,LONG,1,0,0,0
NEARUSDT,1781125200000,2026-06-10T21:00:00.000Z,BEAR,LONG,59.7454300017675,43.537578210259824,WATCH,1,WATCH,ACTIVE,1,1,0,FAIL,PASS,SKIP,SKIP,FAIL,CLEAR,1,0,0,0,0,MARKET_CONTEXT_DENIED,3,0.84,LONG,1,0,0,0
NEARUSDT,1781128800000,2026-06-10T22:00:00.000Z,BEAR,LONG,34.166666666666664,17.878125,IGNORE,0,WATCH,,0,0,0,NA,NA,NA,NA,NA,CLEAR,1,0,0,0,0,TREND_REVERSAL_UNCONFIRMED,2,0.45,LONG,1,0,0,0
NEARUSDT,1781132400000,2026-06-10T23:00:00.000Z,BEAR,LONG,17.5,12.909375,IGNORE,0,WATCH,,0,0,0,NA,NA,NA,NA,NA,CLEAR,1,0,0,0,0,TREND_REVERSAL_UNCONFIRMED,1,0.45,LONG,1,0,0,0
NEARUSDT,1781136000000,2026-06-11T00:00:00.000Z,BEAR,LONG,0,7.875,IGNORE,0,WATCH,,0,0,0,NA,NA,NA,NA,NA,CLEAR,1,0,0,0,0,TREND_REVERSAL_UNCONFIRMED,0,0.45,LONG,1,0,0,0
NEARUSDT,1781139600000,2026-06-11T01:00:00.000Z,BEAR,LONG,0,7.875,IGNORE,0,WATCH,,0,0,0,NA,NA,NA,NA,NA,WARNING_SOFT,1,0,0,0,0,TREND_REVERSAL_UNCONFIRMED,0,0.45,LONG,1,0,0,0
NEARUSDT,1781143200000,2026-06-11T02:00:00.000Z,BEAR,LONG,0,7.875,IGNORE,0,WATCH,,0,0,0,NA,NA,NA,NA,NA,WARNING_SOFT,1,0,0,0,0,TREND_REVERSAL_UNCONFIRMED,0,0.45,LONG,1,0,0,0
NEARUSDT,1781146800000,2026-06-11T03:00:00.000Z,BEAR,LONG,20.646742490747165,13.157180971146339,IGNORE,0,WATCH,,0,0,0,NA,NA,NA,NA,NA,WARNING_SOFT,1,0,0,0,0,TREND_REVERSAL_UNCONFIRMED,1,0.45,LONG,1,0,0,0
NEARUSDT,1781150400000,2026-06-11T04:00:00.000Z,NEUTRAL,NONE,0,7.875,IGNORE,0,WATCH,,0,0,0,NA,NA,NA,NA,NA,CLEAR,1,0,0,0,0,TREND_REVERSAL_UNCONFIRMED,0,0.45,NONE,1,0,0,0
NEARUSDT,1781154000000,2026-06-11T05:00:00.000Z,NEUTRAL,NONE,0,7.875,IGNORE,0,WATCH,,0,0,0,NA,NA,NA,NA,NA,CLEAR,1,0,0,0,0,TREND_REVERSAL_UNCONFIRMED,0,0.45,NONE,1,0,0,0
NEARUSDT,1781157600000,2026-06-11T06:00:00.000Z,NEUTRAL,NONE,0,7.875,IGNORE,0,WATCH,,0,0,0,NA,NA,NA,NA,NA,CLEAR,1,0,0,0,0,TREND_REVERSAL_UNCONFIRMED,0,0.45,NONE,1,0,0,0
NEARUSDT,1781161200000,2026-06-11T07:00:00.000Z,NEUTRAL,NONE,0,7.875,IGNORE,0,WATCH,,0,0,0,NA,NA,NA,NA,NA,CLEAR,1,0,0,0,0,TREND_REVERSAL_UNCONFIRMED,0,0.45,NONE,1,0,0,0
NEARUSDT,1781164800000,2026-06-11T08:00:00.000Z,BEAR,LONG,0,7.875,IGNORE,0,WATCH,,0,0,0,NA,NA,NA,NA,NA,WARNING_SOFT,1,0,0,0,0,TREND_REVERSAL_UNCONFIRMED,0,0.45,LONG,1,0,0,0
NEARUSDT,1781168400000,2026-06-11T09:00:00.000Z,BEAR,LONG,0,7.875,IGNORE,0,WATCH,,0,0,0,NA,NA,NA,NA,NA,WARNING_HARD,1,0,0,0,0,TREND_REVERSAL_UNCONFIRMED,0,0.45,LONG,1,0,0,0
NEARUSDT,1781172000000,2026-06-11T10:00:00.000Z,BEAR,LONG,41.56619732243612,18.460838039141844,IGNORE,0,WATCH,,0,0,0,NA,NA,NA,NA,NA,BLOCK,0,0,0,0,0,TREND_REVERSAL_UNCONFIRMED,2,0.45,LONG,1,0,0,0
NEARUSDT,1781175600000,2026-06-11T11:00:00.000Z,NEUTRAL,NONE,0,7.875,IGNORE,0,WATCH,,0,0,0,NA,NA,NA,NA,NA,CLEAR,1,0,0,0,0,TREND_REVERSAL_UNCONFIRMED,0,0.45,NONE,1,0,0,0
NEARUSDT,1781179200000,2026-06-11T12:00:00.000Z,BEAR,LONG,17.5,12.909375,IGNORE,0,WATCH,,0,0,0,NA,NA,NA,NA,NA,WARNING_SOFT,1,0,0,0,0,TREND_REVERSAL_UNCONFIRMED,1,0.45,LONG,1,0,0,0
NEARUSDT,1781182800000,2026-06-11T13:00:00.000Z,BEAR,LONG,17.5,12.909375,IGNORE,0,WATCH,,0,0,0,NA,NA,NA,NA,NA,WARNING_SOFT,1,0,0,0,0,TREND_REVERSAL_UNCONFIRMED,1,0.45,LONG,1,0,0,0
NEARUSDT,1781186400000,2026-06-11T14:00:00.000Z,BEAR,LONG,17.5,12.909375,IGNORE,0,WATCH,,0,0,0,NA,NA,NA,NA,NA,WARNING_SOFT,1,0,0,0,0,TREND_REVERSAL_UNCONFIRMED,1,0.45,LONG,1,0,0,0
NEARUSDT,1781190000000,2026-06-11T15:00:00.000Z,BEAR,LONG,17.5,12.909375,IGNORE,0,WATCH,,0,0,0,NA,NA,NA,NA,NA,BLOCK,0,0,0,0,0,TREND_REVERSAL_UNCONFIRMED,1,0.45,LONG,1,0,0,0
NEARUSDT,1781193600000,2026-06-11T16:00:00.000Z,BEAR,LONG,17.5,12.909375,IGNORE,0,WATCH,,0,0,0,NA,NA,NA,NA,NA,CLEAR,1,0,0,0,0,TREND_REVERSAL_UNCONFIRMED,1,0.45,LONG,1,0,0,0
NEARUSDT,1781197200000,2026-06-11T17:00:00.000Z,NEUTRAL,NONE,0,7.875,IGNORE,0,WATCH,,0,0,0,NA,NA,NA,NA,NA,BLOCK,0,0,0,0,0,TREND_REVERSAL_UNCONFIRMED,0,0.45,NONE,1,0,0,0
NEARUSDT,1781200800000,2026-06-11T18:00:00.000Z,NEUTRAL,NONE,0,7.875,IGNORE,0,WATCH,,0,0,0,NA,NA,NA,NA,NA,CLEAR,1,0,0,0,0,TREND_REVERSAL_UNCONFIRMED,0,0.45,NONE,1,0,0,0
NEARUSDT,1781204400000,2026-06-11T19:00:00.000Z,NEUTRAL,NONE,0,7.875,IGNORE,0,WATCH,,0,0,0,NA,NA,NA,NA,NA,CLEAR,1,0,0,0,0,TREND_REVERSAL_UNCONFIRMED,0,0.45,NONE,1,0,0,0
NEARUSDT,1781208000000,2026-06-11T20:00:00.000Z,NEUTRAL,NONE,0,7.875,IGNORE,0,WATCH,,0,0,0,NA,NA,NA,NA,NA,WARNING_SOFT,1,0,0,0,0,TREND_REVERSAL_UNCONFIRMED,0,0.45,NONE,1,0,0,0
NEARUSDT,1781211600000,2026-06-11T21:00:00.000Z,NEUTRAL,NONE,0,7.875,IGNORE,0,WATCH,,0,0,0,NA,NA,NA,NA,NA,CLEAR,1,0,0,0,0,TREND_REVERSAL_UNCONFIRMED,0,0.45,NONE,1,0,0,0
NEARUSDT,1781215200000,2026-06-11T22:00:00.000Z,NEUTRAL,NONE,0,7.875,IGNORE,0,WATCH,,0,0,0,NA,NA,NA,NA,NA,CLEAR,1,0,0,0,0,TREND_REVERSAL_UNCONFIRMED,0,0.45,NONE,1,0,0,0
NEARUSDT,1781218800000,2026-06-11T23:00:00.000Z,NEUTRAL,NONE,0,7.875,IGNORE,0,WATCH,,0,0,0,NA,NA,NA,NA,NA,CLEAR,1,0,0,0,0,TREND_REVERSAL_UNCONFIRMED,0,0.45,NONE,1,0,0,0
NEARUSDT,1781222400000,2026-06-12T00:00:00.000Z,NEUTRAL,NONE,0,7.875,IGNORE,0,WATCH,,0,0,0,NA,NA,NA,NA,NA,CLEAR,1,0,0,0,0,TREND_REVERSAL_UNCONFIRMED,0,0.45,NONE,1,0,0,0
NEARUSDT,1781226000000,2026-06-12T01:00:00.000Z,NEUTRAL,NONE,0,7.875,IGNORE,0,WATCH,,0,0,0,NA,NA,NA,NA,NA,WARNING_SOFT,1,0,0,0,0,TREND_REVERSAL_UNCONFIRMED,0,0.45,NONE,1,0,0,0
NEARUSDT,1781229600000,2026-06-12T02:00:00.000Z,NEUTRAL,NONE,0,7.875,IGNORE,0,WATCH,,0,0,0,NA,NA,NA,NA,NA,CLEAR,1,0,0,0,0,TREND_REVERSAL_UNCONFIRMED,0,0.45,NONE,1,0,0,0
NEARUSDT,1781233200000,2026-06-12T03:00:00.000Z,NEUTRAL,NONE,0,7.875,IGNORE,0,WATCH,,0,0,0,NA,NA,NA,NA,NA,CLEAR,1,0,0,0,0,TREND_REVERSAL_UNCONFIRMED,0,0.45,NONE,1,0,0,0
NEARUSDT,1781236800000,2026-06-12T04:00:00.000Z,NEUTRAL,NONE,0,7.875,IGNORE,0,WATCH,,0,0,0,NA,NA,NA,NA,NA,CLEAR,1,0,0,0,0,TREND_REVERSAL_UNCONFIRMED,0,0.45,NONE,1,0,0,0
NEARUSDT,1781240400000,2026-06-12T05:00:00.000Z,BEAR,LONG,17.5,12.909375,IGNORE,0,WATCH,,0,0,0,NA,NA,NA,NA,NA,WARNING_SOFT,1,0,0,0,0,TREND_REVERSAL_UNCONFIRMED,1,0.45,LONG,1,0,0,0
NEARUSDT,1781244000000,2026-06-12T06:00:00.000Z,BEAR,LONG,37.903962484956566,18.172437045690327,IGNORE,0,WATCH,,0,0,0,NA,NA,NA,NA,NA,CLEAR,1,0,0,0,0,TREND_REVERSAL_UNCONFIRMED,2,0.45,LONG,1,0,0,0
NEARUSDT,1781247600000,2026-06-12T07:00:00.000Z,BULL,SHORT,39.520637977449724,18.299750240724165,IGNORE,0,WATCH,,0,0,0,NA,NA,NA,NA,NA,WARNING_HARD,1,0,0,0,0,TREND_REVERSAL_UNCONFIRMED,2,0.45,SHORT,1,0,0,0
NEARUSDT,1781251200000,2026-06-12T08:00:00.000Z,BULL,SHORT,17.5,12.909375,IGNORE,0,WATCH,,0,0,0,NA,NA,NA,NA,NA,CLEAR,1,0,0,0,0,TREND_REVERSAL_UNCONFIRMED,1,0.45,SHORT,1,0,0,0
NEARUSDT,1781254800000,2026-06-12T09:00:00.000Z,BULL,SHORT,42.5,18.534375,IGNORE,0,WATCH,,0,0,0,NA,NA,NA,NA,NA,CLEAR,1,0,0,0,0,TREND_REVERSAL_UNCONFIRMED,2,0.45,SHORT,1,0,0,0
NEARUSDT,1781258400000,2026-06-12T10:00:00.000Z,BULL,SHORT,17.5,12.909375,IGNORE,0,WATCH,,0,0,0,NA,NA,NA,NA,NA,WARNING_SOFT,1,0,0,0,0,TREND_REVERSAL_UNCONFIRMED,1,0.45,SHORT,1,0,0,0
NEARUSDT,1781262000000,2026-06-12T11:00:00.000Z,BULL,SHORT,17.5,12.909375,IGNORE,0,WATCH,,0,0,0,NA,NA,NA,NA,NA,CLEAR,1,0,0,0,0,TREND_REVERSAL_UNCONFIRMED,1,0.45,SHORT,1,0,0,0
NEARUSDT,1781265600000,2026-06-12T12:00:00.000Z,BULL,SHORT,17.5,12.909375,IGNORE,0,WATCH,,0,0,0,NA,NA,NA,NA,NA,CLEAR,1,0,0,0,0,TREND_REVERSAL_UNCONFIRMED,1,0.45,SHORT,1,0,0,0
NEARUSDT,1781269200000,2026-06-12T13:00:00.000Z,NEUTRAL,NONE,0,7.875,IGNORE,0,WATCH,,0,0,0,NA,NA,NA,NA,NA,WARNING_SOFT,1,0,0,0,0,TREND_REVERSAL_UNCONFIRMED,0,0.45,NONE,1,0,0,0
NEARUSDT,1781272800000,2026-06-12T14:00:00.000Z,BULL,SHORT,13.72485896094296,12.612082643174258,IGNORE,0,WATCH,,0,0,0,NA,NA,NA,NA,NA,WARNING_SOFT,1,0,0,0,0,TREND_REVERSAL_UNCONFIRMED,1,0.45,SHORT,1,0,0,0
NEARUSDT,1781276400000,2026-06-12T15:00:00.000Z,NEUTRAL,NONE,0,7.875,IGNORE,0,WATCH,,0,0,0,NA,NA,NA,NA,NA,BLOCK,0,0,0,0,0,TREND_REVERSAL_UNCONFIRMED,0,0.45,NONE,1,0,0,0
NEARUSDT,1781280000000,2026-06-12T16:00:00.000Z,NEUTRAL,NONE,0,7.875,IGNORE,0,WATCH,,0,0,0,NA,NA,NA,NA,NA,BLOCK,0,0,0,0,0,TREND_REVERSAL_UNCONFIRMED,0,0.45,NONE,1,0,0,0
NEARUSDT,1781283600000,2026-06-12T17:00:00.000Z,NEUTRAL,NONE,0,7.875,IGNORE,0,WATCH,,0,0,0,NA,NA,NA,NA,NA,WARNING_SOFT,1,0,0,0,0,TREND_REVERSAL_UNCONFIRMED,0,0.45,NONE,1,0,0,0
NEARUSDT,1781287200000,2026-06-12T18:00:00.000Z,NEUTRAL,NONE,0,7.875,IGNORE,0,WATCH,,0,0,0,NA,NA,NA,NA,NA,WARNING_SOFT,1,0,0,0,0,TREND_REVERSAL_UNCONFIRMED,0,0.45,NONE,1,0,0,0
NEARUSDT,1781290800000,2026-06-12T19:00:00.000Z,BEAR,LONG,0,7.875,IGNORE,0,WATCH,,0,0,0,NA,NA,NA,NA,NA,WARNING_SOFT,1,0,0,0,0,TREND_REVERSAL_UNCONFIRMED,0,0.45,LONG,1,0,0,0
NEARUSDT,1781294400000,2026-06-12T20:00:00.000Z,BEAR,LONG,13.946422409559354,12.6295307647528,IGNORE,0,WATCH,,0,0,0,NA,NA,NA,NA,NA,CLEAR,1,0,0,0,0,TREND_REVERSAL_UNCONFIRMED,1,0.45,LONG,1,0,0,0
NEARUSDT,1781298000000,2026-06-12T21:00:00.000Z,BEAR,LONG,12.847222222222221,12.54296875,IGNORE,0,WATCH,,0,0,0,NA,NA,NA,NA,NA,CLEAR,1,0,0,0,0,TREND_REVERSAL_UNCONFIRMED,1,0.45,LONG,1,0,0,0
NEARUSDT,1781301600000,2026-06-12T22:00:00.000Z,BEAR,LONG,0,7.875,IGNORE,0,WATCH,,0,0,0,NA,NA,NA,NA,NA,CLEAR,1,0,0,0,0,TREND_REVERSAL_UNCONFIRMED,0,0.45,LONG,1,0,0,0
NEARUSDT,1781305200000,2026-06-12T23:00:00.000Z,BEAR,LONG,25,13.5,IGNORE,0,WATCH,,0,0,0,NA,NA,NA,NA,NA,CLEAR,1,0,0,0,0,TREND_REVERSAL_UNCONFIRMED,1,0.45,LONG,1,0,0,0
NEARUSDT,1781308800000,2026-06-13T00:00:00.000Z,BEAR,LONG,0,7.875,IGNORE,0,WATCH,,0,0,0,NA,NA,NA,NA,NA,WARNING_SOFT,1,0,0,0,0,TREND_REVERSAL_UNCONFIRMED,0,0.45,LONG,1,0,0,0
NEARUSDT,1781312400000,2026-06-13T01:00:00.000Z,BEAR,LONG,0,7.875,IGNORE,0,WATCH,,0,0,0,NA,NA,NA,NA,NA,WARNING_SOFT,1,0,0,0,0,TREND_REVERSAL_UNCONFIRMED,0,0.45,LONG,1,0,0,0
NEARUSDT,1781316000000,2026-06-13T02:00:00.000Z,BEAR,LONG,0,7.875,IGNORE,0,WATCH,,0,0,0,NA,NA,NA,NA,NA,WARNING_SOFT,1,0,0,0,0,TREND_REVERSAL_UNCONFIRMED,0,0.45,LONG,1,0,0,0
NEARUSDT,1781319600000,2026-06-13T03:00:00.000Z,BEAR,LONG,0,7.875,IGNORE,0,WATCH,,0,0,0,NA,NA,NA,NA,NA,CLEAR,1,0,0,0,0,TREND_REVERSAL_UNCONFIRMED,0,0.45,LONG,1,0,0,0
NEARUSDT,1781323200000,2026-06-13T04:00:00.000Z,BEAR,LONG,0,7.875,IGNORE,0,WATCH,,0,0,0,NA,NA,NA,NA,NA,CLEAR,1,0,0,0,0,TREND_REVERSAL_UNCONFIRMED,0,0.45,LONG,1,0,0,0
NEARUSDT,1781326800000,2026-06-13T05:00:00.000Z,BEAR,LONG,0,7.875,IGNORE,0,WATCH,,0,0,0,NA,NA,NA,NA,NA,CLEAR,1,0,0,0,0,TREND_REVERSAL_UNCONFIRMED,0,0.45,LONG,1,0,0,0
NEARUSDT,1781330400000,2026-06-13T06:00:00.000Z,NEUTRAL,NONE,0,7.875,IGNORE,0,WATCH,,0,0,0,NA,NA,NA,NA,NA,WARNING_SOFT,1,0,0,0,0,TREND_REVERSAL_UNCONFIRMED,0,0.45,NONE,1,0,0,0
NEARUSDT,1781334000000,2026-06-13T07:00:00.000Z,BEAR,LONG,22.840262186094044,13.329920647154905,IGNORE,0,WATCH,,0,0,0,NA,NA,NA,NA,NA,BLOCK,0,0,0,0,0,TREND_REVERSAL_UNCONFIRMED,1,0.45,LONG,1,0,0,0
NEARUSDT,1781337600000,2026-06-13T08:00:00.000Z,BEAR,LONG,17.5,12.909375,IGNORE,0,WATCH,,0,0,0,NA,NA,NA,NA,NA,BLOCK,0,0,0,0,0,TREND_REVERSAL_UNCONFIRMED,1,0.45,LONG,1,0,0,0
NEARUSDT,1781341200000,2026-06-13T09:00:00.000Z,NEUTRAL,NONE,0,7.875,IGNORE,0,WATCH,,0,0,0,NA,NA,NA,NA,NA,CLEAR,1,0,0,0,0,TREND_REVERSAL_UNCONFIRMED,0,0.45,NONE,1,0,0,0
NEARUSDT,1781344800000,2026-06-13T10:00:00.000Z,BEAR,LONG,17.5,12.909375,IGNORE,0,WATCH,,0,0,0,NA,NA,NA,NA,NA,WARNING_SOFT,1,0,0,0,0,TREND_REVERSAL_UNCONFIRMED,1,0.45,LONG,1,0,0,0
NEARUSDT,1781348400000,2026-06-13T11:00:00.000Z,NEUTRAL,NONE,0,7.875,IGNORE,0,WATCH,,0,0,0,NA,NA,NA,NA,NA,CLEAR,1,0,0,0,0,TREND_REVERSAL_UNCONFIRMED,0,0.45,NONE,1,0,0,0
NEARUSDT,1781352000000,2026-06-13T12:00:00.000Z,NEUTRAL,NONE,0,7.875,IGNORE,0,WATCH,,0,0,0,NA,NA,NA,NA,NA,CLEAR,1,0,0,0,0,TREND_REVERSAL_UNCONFIRMED,0,0.45,NONE,1,0,0,0
NEARUSDT,1781355600000,2026-06-13T13:00:00.000Z,NEUTRAL,NONE,0,7.875,IGNORE,0,WATCH,,0,0,0,NA,NA,NA,NA,NA,CLEAR,1,0,0,0,0,TREND_REVERSAL_UNCONFIRMED,0,0.45,NONE,1,0,0,0
NEARUSDT,1781359200000,2026-06-13T14:00:00.000Z,NEUTRAL,NONE,0,7.875,IGNORE,0,WATCH,,0,0,0,NA,NA,NA,NA,NA,CLEAR,1,0,0,0,0,TREND_REVERSAL_UNCONFIRMED,0,0.45,NONE,1,0,0,0
NEARUSDT,1781362800000,2026-06-13T15:00:00.000Z,BULL,SHORT,43.40277777777778,18.605468750000004,IGNORE,0,WATCH,,0,0,0,NA,NA,NA,NA,NA,CLEAR,1,0,0,0,0,TREND_REVERSAL_UNCONFIRMED,2,0.45,SHORT,1,0,0,0
NEARUSDT,1781366400000,2026-06-13T16:00:00.000Z,BULL,SHORT,25,13.5,IGNORE,0,WATCH,,0,0,0,NA,NA,NA,NA,NA,CLEAR,1,0,0,0,0,TREND_REVERSAL_UNCONFIRMED,1,0.45,SHORT,1,0,0,0
NEARUSDT,1781370000000,2026-06-13T17:00:00.000Z,BULL,SHORT,19.086999066822372,13.034351176512262,IGNORE,0,WATCH,,0,0,0,NA,NA,NA,NA,NA,CLEAR,1,0,0,0,0,TREND_REVERSAL_UNCONFIRMED,1,0.45,SHORT,1,0,0,0
NEARUSDT,1781373600000,2026-06-13T18:00:00.000Z,BULL,SHORT,0,7.875,IGNORE,0,WATCH,,0,0,0,NA,NA,NA,NA,NA,CLEAR,1,0,0,0,0,TREND_REVERSAL_UNCONFIRMED,0,0.45,SHORT,1,0,0,0
NEARUSDT,1781377200000,2026-06-13T19:00:00.000Z,BULL,SHORT,0,7.875,IGNORE,0,WATCH,,0,0,0,NA,NA,NA,NA,NA,CLEAR,1,0,0,0,0,TREND_REVERSAL_UNCONFIRMED,0,0.45,SHORT,1,0,0,0
NEARUSDT,1781380800000,2026-06-13T20:00:00.000Z,BULL,SHORT,0,7.875,IGNORE,0,WATCH,,0,0,0,NA,NA,NA,NA,NA,CLEAR,1,0,0,0,0,TREND_REVERSAL_UNCONFIRMED,0,0.45,SHORT,1,0,0,0
NEARUSDT,1781384400000,2026-06-13T21:00:00.000Z,BULL,SHORT,0,7.875,IGNORE,0,WATCH,,0,0,0,NA,NA,NA,NA,NA,CLEAR,1,0,0,0,0,TREND_REVERSAL_UNCONFIRMED,0,0.45,SHORT,1,0,0,0
NEARUSDT,1781388000000,2026-06-13T22:00:00.000Z,BULL,SHORT,0,7.875,IGNORE,0,WATCH,,0,0,0,NA,NA,NA,NA,NA,CLEAR,1,0,0,0,0,TREND_REVERSAL_UNCONFIRMED,0,0.45,SHORT,1,0,0,0
NEARUSDT,1781391600000,2026-06-13T23:00:00.000Z,BULL,SHORT,0,7.875,IGNORE,0,WATCH,,0,0,0,NA,NA,NA,NA,NA,CLEAR,1,0,0,0,0,TREND_REVERSAL_UNCONFIRMED,0,0.45,SHORT,1,0,0,0
NEARUSDT,1781395200000,2026-06-14T00:00:00.000Z,BULL,SHORT,17.5,12.909375,IGNORE,0,WATCH,,0,0,0,NA,NA,NA,NA,NA,CLEAR,1,0,0,0,0,TREND_REVERSAL_UNCONFIRMED,1,0.45,SHORT,1,0,0,0
NEARUSDT,1781398800000,2026-06-14T01:00:00.000Z,BULL,SHORT,33.53701558446933,17.828539977276957,IGNORE,0,WATCH,,0,0,0,NA,NA,NA,NA,NA,CLEAR,1,0,0,0,0,TREND_REVERSAL_UNCONFIRMED,2,0.45,SHORT,1,0,0,0
NEARUSDT,1781402400000,2026-06-14T02:00:00.000Z,BULL,SHORT,42.5,18.534375,IGNORE,0,WATCH,,0,0,0,NA,NA,NA,NA,NA,CLEAR,1,0,0,0,0,TREND_REVERSAL_UNCONFIRMED,2,0.45,SHORT,1,0,0,0
NEARUSDT,1781406000000,2026-06-14T03:00:00.000Z,BULL,SHORT,17.5,12.909375,IGNORE,0,WATCH,,0,0,0,NA,NA,NA,NA,NA,CLEAR,1,0,0,0,0,TREND_REVERSAL_UNCONFIRMED,1,0.45,SHORT,1,0,0,0
NEARUSDT,1781409600000,2026-06-14T04:00:00.000Z,BULL,SHORT,0,7.875,IGNORE,0,WATCH,,0,0,0,NA,NA,NA,NA,NA,WARNING_SOFT,1,0,0,0,0,TREND_REVERSAL_UNCONFIRMED,0,0.45,SHORT,1,0,0,0
NEARUSDT,1781413200000,2026-06-14T05:00:00.000Z,BULL,SHORT,0,7.875,IGNORE,0,WATCH,,0,0,0,NA,NA,NA,NA,NA,WARNING_SOFT,1,0,0,0,0,TREND_REVERSAL_UNCONFIRMED,0,0.45,SHORT,1,0,0,0
NEARUSDT,1781416800000,2026-06-14T06:00:00.000Z,NEUTRAL,NONE,0,7.875,IGNORE,0,WATCH,,0,0,0,NA,NA,NA,NA,NA,WARNING_SOFT,1,0,0,0,0,TREND_REVERSAL_UNCONFIRMED,0,0.45,NONE,1,0,0,0
NEARUSDT,1781420400000,2026-06-14T07:00:00.000Z,NEUTRAL,NONE,0,7.875,IGNORE,0,WATCH,,0,0,0,NA,NA,NA,NA,NA,WARNING_SOFT,1,0,0,0,0,TREND_REVERSAL_UNCONFIRMED,0,0.45,NONE,1,0,0,0
NEARUSDT,1781424000000,2026-06-14T08:00:00.000Z,BULL,SHORT,0,7.875,IGNORE,0,WATCH,,0,0,0,NA,NA,NA,NA,NA,WARNING_SOFT,1,0,0,0,0,TREND_REVERSAL_UNCONFIRMED,0,0.45,SHORT,1,0,0,0
NEARUSDT,1781427600000,2026-06-14T09:00:00.000Z,BULL,SHORT,0,7.875,IGNORE,0,WATCH,,0,0,0,NA,NA,NA,NA,NA,WARNING_SOFT,1,0,0,0,0,TREND_REVERSAL_UNCONFIRMED,0,0.45,SHORT,1,0,0,0
NEARUSDT,1781431200000,2026-06-14T10:00:00.000Z,NEUTRAL,NONE,0,7.875,IGNORE,0,WATCH,,0,0,0,NA,NA,NA,NA,NA,WARNING_SOFT,1,0,0,0,0,TREND_REVERSAL_UNCONFIRMED,0,0.45,NONE,1,0,0,0
NEARUSDT,1781434800000,2026-06-14T11:00:00.000Z,BULL,SHORT,0,7.875,IGNORE,0,WATCH,,0,0,0,NA,NA,NA,NA,NA,WARNING_SOFT,1,0,0,0,0,TREND_REVERSAL_UNCONFIRMED,0,0.45,SHORT,1,0,0,0
NEARUSDT,1781438400000,2026-06-14T12:00:00.000Z,NEUTRAL,NONE,0,7.875,IGNORE,0,WATCH,,0,0,0,NA,NA,NA,NA,NA,WARNING_SOFT,1,0,0,0,0,TREND_REVERSAL_UNCONFIRMED,0,0.45,NONE,1,0,0,0
NEARUSDT,1781442000000,2026-06-14T13:00:00.000Z,NEUTRAL,NONE,0,7.875,IGNORE,0,WATCH,,0,0,0,NA,NA,NA,NA,NA,WARNING_SOFT,1,0,0,0,0,TREND_REVERSAL_UNCONFIRMED,0,0.45,NONE,1,0,0,0
NEARUSDT,1781445600000,2026-06-14T14:00:00.000Z,NEUTRAL,NONE,0,7.875,IGNORE,0,WATCH,,0,0,0,NA,NA,NA,NA,NA,BLOCK,0,0,1,0,0,TREND_REVERSAL_UNCONFIRMED,0,0.45,NONE,1,0,0,0
NEARUSDT,1781449200000,2026-06-14T15:00:00.000Z,NEUTRAL,NONE,0,7.875,IGNORE,0,WATCH,,0,0,0,NA,NA,NA,NA,NA,WARNING_SOFT,1,0,0,0,0,TREND_REVERSAL_UNCONFIRMED,0,0.45,NONE,1,0,0,0
NEARUSDT,1781452800000,2026-06-14T16:00:00.000Z,NEUTRAL,NONE,0,7.875,IGNORE,0,WATCH,,0,0,0,NA,NA,NA,NA,NA,WARNING_SOFT,1,0,0,0,0,TREND_REVERSAL_UNCONFIRMED,0,0.45,NONE,1,0,0,0
NEARUSDT,1781456400000,2026-06-14T17:00:00.000Z,NEUTRAL,NONE,0,7.875,IGNORE,0,WATCH,,0,0,0,NA,NA,NA,NA,NA,WARNING_SOFT,1,0,0,0,0,TREND_REVERSAL_UNCONFIRMED,0,0.45,NONE,1,0,0,0
NEARUSDT,1781460000000,2026-06-14T18:00:00.000Z,NEUTRAL,NONE,0,7.875,IGNORE,0,WATCH,,0,0,0,NA,NA,NA,NA,NA,WARNING_SOFT,1,0,0,0,0,TREND_REVERSAL_UNCONFIRMED,0,0.45,NONE,1,0,0,0
NEARUSDT,1781463600000,2026-06-14T19:00:00.000Z,BULL,SHORT,17.5,12.909375,IGNORE,0,WATCH,,0,0,0,NA,NA,NA,NA,NA,WARNING_SOFT,1,0,0,0,0,TREND_REVERSAL_UNCONFIRMED,1,0.45,SHORT,1,0,0,0
NEARUSDT,1781467200000,2026-06-14T20:00:00.000Z,BULL,SHORT,17.5,12.909375,IGNORE,0,WATCH,,0,0,0,NA,NA,NA,NA,NA,WARNING_SOFT,1,0,0,0,0,TREND_REVERSAL_UNCONFIRMED,1,0.45,SHORT,1,0,0,0
NEARUSDT,1781470800000,2026-06-14T21:00:00.000Z,BULL,SHORT,55.69444444444444,52.18208333333333,WATCH,1,WATCH,ACTIVE,1,1,0,PASS,PASS,SKIP,SKIP,FAIL,CLEAR,1,0,0,0,0,MARKET_CONTEXT_DENIED,3,0.84,SHORT,0,1,0,0
NEARUSDT,1781474400000,2026-06-14T22:00:00.000Z,BULL,SHORT,58.81944444444444,52.64145833333333,WATCH,1,WATCH,ACTIVE,1,1,0,PASS,PASS,SKIP,SKIP,FAIL,CLEAR,1,0,0,0,0,MARKET_CONTEXT_DENIED,3,0.84,SHORT,0,1,0,0
NEARUSDT,1781478000000,2026-06-14T23:00:00.000Z,BULL,SHORT,47.75637560316315,22.6045645787491,IGNORE,0,WATCH,,0,0,0,NA,NA,NA,NA,NA,CLEAR,1,0,0,0,0,TREND_REVERSAL_UNCONFIRMED,3,0.45,SHORT,1,0,0,0
NEARUSDT,1781481600000,2026-06-15T00:00:00.000Z,BULL,SHORT,51.71961998086572,51.59778413718726,WATCH,1,WATCH,ACTIVE,1,1,0,PASS,PASS,SKIP,SKIP,FAIL,CLEAR,1,0,0,0,0,MARKET_CONTEXT_DENIED,3,0.84,SHORT,0,1,0,0
NEARUSDT,1781485200000,2026-06-15T01:00:00.000Z,BULL,SHORT,30.34722222222222,17.57734375,IGNORE,0,WATCH,,0,0,0,NA,NA,NA,NA,NA,CLEAR,1,0,0,0,0,TREND_REVERSAL_UNCONFIRMED,2,0.45,SHORT,1,0,0,0
NEARUSDT,1781488800000,2026-06-15T02:00:00.000Z,BULL,SHORT,46.80541898678253,22.529676745209123,IGNORE,0,WATCH,,0,0,0,NA,NA,NA,NA,NA,CLEAR,1,0,0,0,0,TREND_REVERSAL_UNCONFIRMED,3,0.45,SHORT,1,0,0,0
NEARUSDT,1781492400000,2026-06-15T03:00:00.000Z,BULL,SHORT,52.52668437297531,51.716422602827365,WATCH,1,WATCH,ACTIVE,1,1,0,PASS,PASS,SKIP,SKIP,FAIL,CLEAR,1,0,0,0,0,MARKET_CONTEXT_DENIED,3,0.84,SHORT,0,1,0,0
NEARUSDT,1781496000000,2026-06-15T04:00:00.000Z,BULL,SHORT,58.81944444444444,43.40145833333333,WATCH,1,WATCH,ACTIVE,1,1,0,FAIL,PASS,SKIP,SKIP,FAIL,CLEAR,1,1,0,0,0,MARKET_CONTEXT_DENIED,3,0.84,SHORT,1,0,0,0
NEARUSDT,1781499600000,2026-06-15T05:00:00.000Z,BULL,SHORT,52.39505019656771,42.457072378895454,WATCH,1,WATCH,ACTIVE,1,1,0,FAIL,PASS,SKIP,SKIP,FAIL,CLEAR,1,1,0,0,0,MARKET_CONTEXT_DENIED,3,0.84,SHORT,1,0,0,0
NEARUSDT,1781503200000,2026-06-15T06:00:00.000Z,BULL,SHORT,69,51.723,WATCH,1,WATCH,ACTIVE,1,1,0,FAIL,PASS,SKIP,SKIP,FAIL,CLEAR,1,0,0,0,0,MARKET_CONTEXT_DENIED,4,0.84,SHORT,0,1,0,0
NEARUSDT,1781506800000,2026-06-15T07:00:00.000Z,BULL,SHORT,33.81944444444444,17.85078125,IGNORE,0,WATCH,,0,0,0,NA,NA,NA,NA,NA,CLEAR,1,0,0,0,0,TREND_REVERSAL_UNCONFIRMED,2,0.45,SHORT,1,0,0,0
NEARUSDT,1781510400000,2026-06-15T08:00:00.000Z,BULL,SHORT,33.81944444444444,17.85078125,IGNORE,0,WATCH,,0,0,0,NA,NA,NA,NA,NA,CLEAR,1,0,0,0,0,TREND_REVERSAL_UNCONFIRMED,2,0.45,SHORT,1,0,0,0
NEARUSDT,1781514000000,2026-06-15T09:00:00.000Z,BULL,SHORT,33.81944444444444,17.85078125,IGNORE,0,WATCH,,0,0,0,NA,NA,NA,NA,NA,CLEAR,1,0,0,0,0,TREND_REVERSAL_UNCONFIRMED,2,0.45,SHORT,1,0,0,0
NEARUSDT,1781517600000,2026-06-15T10:00:00.000Z,BULL,SHORT,52.79994068487263,42.51659128067627,WATCH,1,WATCH,ACTIVE,1,1,0,FAIL,PASS,SKIP,SKIP,FAIL,CLEAR,1,1,0,0,0,MARKET_CONTEXT_DENIED,3,0.84,SHORT,1,0,0,0
NEARUSDT,1781521200000,2026-06-15T11:00:00.000Z,BULL,SHORT,60.55555555555556,43.656666666666666,WATCH,1,WATCH,ACTIVE,1,1,0,FAIL,PASS,SKIP,SKIP,FAIL,CLEAR,1,1,0,0,0,MARKET_CONTEXT_DENIED,3,0.84,SHORT,1,0,0,0
NEARUSDT,1781524800000,2026-06-15T12:00:00.000Z,BULL,SHORT,69,51.723,WATCH,1,WATCH,ACTIVE,1,1,0,FAIL,PASS,SKIP,SKIP,FAIL,CLEAR,1,0,0,0,0,MARKET_CONTEXT_DENIED,4,0.84,SHORT,0,1,0,0
NEARUSDT,1781528400000,2026-06-15T13:00:00.000Z,BULL,SHORT,33.81944444444444,17.85078125,IGNORE,0,WATCH,,0,0,0,NA,NA,NA,NA,NA,CLEAR,1,0,0,0,0,TREND_REVERSAL_UNCONFIRMED,2,0.45,SHORT,1,0,0,0
NEARUSDT,1781532000000,2026-06-15T14:00:00.000Z,BULL,SHORT,46.50560920834652,22.50606672515729,IGNORE,0,WATCH,,0,0,0,NA,NA,NA,NA,NA,CLEAR,1,0,0,0,0,TREND_REVERSAL_UNCONFIRMED,3,0.45,SHORT,1,0,0,0
NEARUSDT,1781535600000,2026-06-15T15:00:00.000Z,BULL,SHORT,54.017111791926325,42.69551543341316,WATCH,1,WATCH,ACTIVE,1,1,0,FAIL,PASS,SKIP,SKIP,FAIL,CLEAR,1,0,0,0,0,MARKET_CONTEXT_DENIED,3,0.84,SHORT,1,0,0,0
NEARUSDT,1781539200000,2026-06-15T16:00:00.000Z,BULL,SHORT,30.34722222222222,17.57734375,IGNORE,0,WATCH,,0,0,0,NA,NA,NA,NA,NA,CLEAR,1,0,0,0,0,TREND_REVERSAL_UNCONFIRMED,2,0.45,SHORT,1,0,0,0
NEARUSDT,1781542800000,2026-06-15T17:00:00.000Z,BULL,SHORT,30.34722222222222,17.57734375,IGNORE,0,WATCH,,0,0,0,NA,NA,NA,NA,NA,CLEAR,1,0,0,0,0,TREND_REVERSAL_UNCONFIRMED,2,0.45,SHORT,1,0,0,0
NEARUSDT,1781546400000,2026-06-15T18:00:00.000Z,BULL,SHORT,12.847222222222221,12.54296875,IGNORE,0,WATCH,,0,0,0,NA,NA,NA,NA,NA,CLEAR,1,0,0,0,0,TREND_REVERSAL_UNCONFIRMED,1,0.45,SHORT,1,0,0,0
NEARUSDT,1781550000000,2026-06-15T19:00:00.000Z,BULL,SHORT,0,7.875,IGNORE,0,WATCH,,0,0,0,NA,NA,NA,NA,NA,CLEAR,1,0,0,0,0,TREND_REVERSAL_UNCONFIRMED,0,0.45,SHORT,1,0,0,0
NEARUSDT,1781553600000,2026-06-15T20:00:00.000Z,BULL,SHORT,0,7.875,IGNORE,0,WATCH,,0,0,0,NA,NA,NA,NA,NA,CLEAR,1,0,0,0,0,TREND_REVERSAL_UNCONFIRMED,0,0.45,SHORT,1,0,0,0
NEARUSDT,1781557200000,2026-06-15T21:00:00.000Z,BULL,SHORT,0,7.875,IGNORE,0,WATCH,,0,0,0,NA,NA,NA,NA,NA,WARNING_SOFT,1,0,0,0,0,TREND_REVERSAL_UNCONFIRMED,0,0.45,SHORT,1,0,0,0
NEARUSDT,1781560800000,2026-06-15T22:00:00.000Z,NEUTRAL,NONE,0,7.875,IGNORE,0,WATCH,,0,0,0,NA,NA,NA,NA,NA,WARNING_SOFT,1,0,0,0,0,TREND_REVERSAL_UNCONFIRMED,0,0.45,NONE,1,0,0,0
NEARUSDT,1781564400000,2026-06-15T23:00:00.000Z,NEUTRAL,NONE,0,7.875,IGNORE,0,WATCH,,0,0,0,NA,NA,NA,NA,NA,BLOCK,0,0,0,0,0,TREND_REVERSAL_UNCONFIRMED,0,0.45,NONE,1,0,0,0
NEARUSDT,1781568000000,2026-06-16T00:00:00.000Z,NEUTRAL,NONE,0,7.875,IGNORE,0,WATCH,,0,0,0,NA,NA,NA,NA,NA,WARNING_SOFT,1,0,0,0,0,TREND_REVERSAL_UNCONFIRMED,0,0.45,NONE,1,0,0,0
NEARUSDT,1781571600000,2026-06-16T01:00:00.000Z,NEUTRAL,NONE,0,7.875,IGNORE,0,WATCH,,0,0,0,NA,NA,NA,NA,NA,WARNING_SOFT,1,0,0,0,0,TREND_REVERSAL_UNCONFIRMED,0,0.45,NONE,1,0,0,0
NEARUSDT,1781575200000,2026-06-16T02:00:00.000Z,NEUTRAL,NONE,0,7.875,IGNORE,0,WATCH,,0,0,0,NA,NA,NA,NA,NA,BLOCK,0,0,0,0,0,TREND_REVERSAL_UNCONFIRMED,0,0.45,NONE,1,0,0,0
NEARUSDT,1781578800000,2026-06-16T03:00:00.000Z,NEUTRAL,NONE,0,7.875,IGNORE,0,WATCH,,0,0,0,NA,NA,NA,NA,NA,WARNING_SOFT,1,0,0,0,0,TREND_REVERSAL_UNCONFIRMED,0,0.45,NONE,1,0,0,0
NEARUSDT,1781582400000,2026-06-16T04:00:00.000Z,NEUTRAL,NONE,0,7.875,IGNORE,0,WATCH,,0,0,0,NA,NA,NA,NA,NA,WARNING_SOFT,1,0,0,0,0,TREND_REVERSAL_UNCONFIRMED,0,0.45,NONE,1,0,0,0
NEARUSDT,1781586000000,2026-06-16T05:00:00.000Z,BULL,SHORT,17.5,12.909375,IGNORE,0,WATCH,,0,0,0,NA,NA,NA,NA,NA,WARNING_SOFT,1,0,0,0,0,TREND_REVERSAL_UNCONFIRMED,1,0.45,SHORT,1,0,0,0
NEARUSDT,1781589600000,2026-06-16T06:00:00.000Z,BULL,SHORT,17.5,12.909375,IGNORE,0,WATCH,,0,0,0,NA,NA,NA,NA,NA,CLEAR,1,0,0,0,0,TREND_REVERSAL_UNCONFIRMED,1,0.45,SHORT,1,0,0,0
NEARUSDT,1781593200000,2026-06-16T07:00:00.000Z,BULL,SHORT,17.5,12.909375,IGNORE,0,WATCH,,0,0,0,NA,NA,NA,NA,NA,CLEAR,1,0,0,0,0,TREND_REVERSAL_UNCONFIRMED,1,0.45,SHORT,1,0,0,0
NEARUSDT,1781596800000,2026-06-16T08:00:00.000Z,BULL,SHORT,30.972378294112815,17.626574790661383,IGNORE,0,WATCH,,0,0,0,NA,NA,NA,NA,NA,CLEAR,1,0,0,0,0,TREND_REVERSAL_UNCONFIRMED,2,0.45,SHORT,1,0,0,0
NEARUSDT,1781600400000,2026-06-16T09:00:00.000Z,BULL,SHORT,30.694444444444443,17.6046875,IGNORE,0,WATCH,,0,0,0,NA,NA,NA,NA,NA,CLEAR,1,0,0,0,0,TREND_REVERSAL_UNCONFIRMED,2,0.45,SHORT,1,0,0,0
NEARUSDT,1781604000000,2026-06-16T10:00:00.000Z,BULL,SHORT,67.5,44.677499999999995,WATCH,1,WATCH,ACTIVE,1,1,0,FAIL,PASS,SKIP,SKIP,FAIL,CLEAR,1,0,0,0,0,MARKET_CONTEXT_DENIED,3,0.84,SHORT,1,0,0,0
NEARUSDT,1781607600000,2026-06-16T11:00:00.000Z,BULL,SHORT,34.76056442155118,17.924894448197154,IGNORE,0,WATCH,,0,0,0,NA,NA,NA,NA,NA,CLEAR,1,0,0,0,0,TREND_REVERSAL_UNCONFIRMED,2,0.45,SHORT,1,0,0,0
NEARUSDT,1781611200000,2026-06-16T12:00:00.000Z,BULL,SHORT,17.5,12.909375,IGNORE,0,WATCH,,0,0,0,NA,NA,NA,NA,NA,WARNING_SOFT,1,0,0,0,0,TREND_REVERSAL_UNCONFIRMED,1,0.45,SHORT,1,0,0,0
NEARUSDT,1781614800000,2026-06-16T13:00:00.000Z,NEUTRAL,NONE,0,7.875,IGNORE,0,WATCH,,0,0,0,NA,NA,NA,NA,NA,BLOCK,0,0,0,0,0,TREND_REVERSAL_UNCONFIRMED,0,0.45,NONE,1,0,0,0
NEARUSDT,1781618400000,2026-06-16T14:00:00.000Z,NEUTRAL,NONE,0,7.875,IGNORE,0,WATCH,,0,0,0,NA,NA,NA,NA,NA,BLOCK,0,0,0,0,0,TREND_REVERSAL_UNCONFIRMED,0,0.45,NONE,1,0,0,0
NEARUSDT,1781622000000,2026-06-16T15:00:00.000Z,NEUTRAL,NONE,0,7.875,IGNORE,0,WATCH,,0,0,0,NA,NA,NA,NA,NA,WARNING_SOFT,1,0,0,0,0,TREND_REVERSAL_UNCONFIRMED,0,0.45,NONE,1,0,0,0
NEARUSDT,1781625600000,2026-06-16T16:00:00.000Z,NEUTRAL,NONE,0,7.875,IGNORE,0,WATCH,,0,0,0,NA,NA,NA,NA,NA,WARNING_SOFT,1,0,0,0,0,TREND_REVERSAL_UNCONFIRMED,0,0.45,NONE,1,0,0,0
NEARUSDT,1781629200000,2026-06-16T17:00:00.000Z,NEUTRAL,NONE,0,7.875,IGNORE,0,WATCH,,0,0,0,NA,NA,NA,NA,NA,WARNING_SOFT,1,0,0,0,0,TREND_REVERSAL_UNCONFIRMED,0,0.45,NONE,1,0,0,0
NEARUSDT,1781632800000,2026-06-16T18:00:00.000Z,NEUTRAL,NONE,0,7.875,IGNORE,0,WATCH,,0,0,0,NA,NA,NA,NA,NA,WARNING_SOFT,1,0,0,0,0,TREND_REVERSAL_UNCONFIRMED,0,0.45,NONE,1,0,0,0
NEARUSDT,1781636400000,2026-06-16T19:00:00.000Z,NEUTRAL,NONE,0,7.875,IGNORE,0,WATCH,,0,0,0,NA,NA,NA,NA,NA,WARNING_SOFT,1,0,0,0,0,TREND_REVERSAL_UNCONFIRMED,0,0.45,NONE,1,0,0,0
NEARUSDT,1781640000000,2026-06-16T20:00:00.000Z,NEUTRAL,NONE,0,7.875,IGNORE,0,WATCH,,0,0,0,NA,NA,NA,NA,NA,WARNING_SOFT,1,0,0,0,0,TREND_REVERSAL_UNCONFIRMED,0,0.45,NONE,1,0,0,0
NEARUSDT,1781643600000,2026-06-16T21:00:00.000Z,NEUTRAL,NONE,0,7.875,IGNORE,0,WATCH,,0,0,0,NA,NA,NA,NA,NA,WARNING_SOFT,1,0,0,0,0,TREND_REVERSAL_UNCONFIRMED,0,0.45,NONE,1,0,0,0
NEARUSDT,1781647200000,2026-06-16T22:00:00.000Z,NEUTRAL,NONE,0,7.875,IGNORE,0,WATCH,,0,0,0,NA,NA,NA,NA,NA,WARNING_SOFT,1,0,0,0,0,TREND_REVERSAL_UNCONFIRMED,0,0.45,NONE,1,0,0,0
NEARUSDT,1781650800000,2026-06-16T23:00:00.000Z,NEUTRAL,NONE,0,7.875,IGNORE,0,WATCH,,0,0,0,NA,NA,NA,NA,NA,WARNING_SOFT,1,0,0,0,0,TREND_REVERSAL_UNCONFIRMED,0,0.45,NONE,1,0,0,0
NEARUSDT,1781654400000,2026-06-17T00:00:00.000Z,NEUTRAL,NONE,0,7.875,IGNORE,0,WATCH,,0,0,0,NA,NA,NA,NA,NA,WARNING_SOFT,1,0,0,0,0,TREND_REVERSAL_UNCONFIRMED,0,0.45,NONE,1,0,0,0
NEARUSDT,1781658000000,2026-06-17T01:00:00.000Z,NEUTRAL,NONE,0,7.875,IGNORE,0,WATCH,,0,0,0,NA,NA,NA,NA,NA,WARNING_SOFT,1,0,0,0,0,TREND_REVERSAL_UNCONFIRMED,0,0.45,NONE,1,0,0,0
NEARUSDT,1781661600000,2026-06-17T02:00:00.000Z,NEUTRAL,NONE,0,7.875,IGNORE,0,WATCH,,0,0,0,NA,NA,NA,NA,NA,WARNING_SOFT,1,0,0,0,0,TREND_REVERSAL_UNCONFIRMED,0,0.45,NONE,1,0,0,0
NEARUSDT,1781665200000,2026-06-17T03:00:00.000Z,NEUTRAL,NONE,0,7.875,IGNORE,0,WATCH,,0,0,0,NA,NA,NA,NA,NA,WARNING_SOFT,1,0,0,0,0,TREND_REVERSAL_UNCONFIRMED,0,0.45,NONE,1,0,0,0
NEARUSDT,1781668800000,2026-06-17T04:00:00.000Z,NEUTRAL,NONE,0,7.875,IGNORE,0,WATCH,,0,0,0,NA,NA,NA,NA,NA,WARNING_SOFT,1,0,0,0,0,TREND_REVERSAL_UNCONFIRMED,0,0.45,NONE,1,0,0,0
NEARUSDT,1781672400000,2026-06-17T05:00:00.000Z,NEUTRAL,NONE,0,7.875,IGNORE,0,WATCH,,0,0,0,NA,NA,NA,NA,NA,WARNING_SOFT,1,0,0,0,0,TREND_REVERSAL_UNCONFIRMED,0,0.45,NONE,1,0,0,0
NEARUSDT,1781676000000,2026-06-17T06:00:00.000Z,NEUTRAL,NONE,0,7.875,IGNORE,0,WATCH,,0,0,0,NA,NA,NA,NA,NA,WARNING_SOFT,1,0,0,0,0,TREND_REVERSAL_UNCONFIRMED,0,0.45,NONE,1,0,0,0
NEARUSDT,1781679600000,2026-06-17T07:00:00.000Z,NEUTRAL,NONE,0,7.875,IGNORE,0,WATCH,,0,0,0,NA,NA,NA,NA,NA,BLOCK,0,0,0,0,0,TREND_REVERSAL_UNCONFIRMED,0,0.45,NONE,1,0,0,0
NEARUSDT,1781683200000,2026-06-17T08:00:00.000Z,BEAR,LONG,31.4476744296068,17.664004361331536,IGNORE,0,WATCH,,0,0,0,NA,NA,NA,NA,NA,CLEAR,1,0,0,0,0,TREND_REVERSAL_UNCONFIRMED,2,0.45,LONG,1,0,0,0
NEARUSDT,1781686800000,2026-06-17T09:00:00.000Z,BEAR,LONG,42.5,18.534375,IGNORE,0,WATCH,,0,0,0,NA,NA,NA,NA,NA,CLEAR,1,0,0,0,0,TREND_REVERSAL_UNCONFIRMED,2,0.45,LONG,1,0,0,0
NEARUSDT,1781690400000,2026-06-17T10:00:00.000Z,BEAR,LONG,30.34722222222222,17.57734375,IGNORE,0,WATCH,,0,0,0,NA,NA,NA,NA,NA,CLEAR,1,0,0,0,0,TREND_REVERSAL_UNCONFIRMED,2,0.45,LONG,1,0,0,0
NEARUSDT,1781694000000,2026-06-17T11:00:00.000Z,BEAR,LONG,17.5,12.909375,IGNORE,0,WATCH,,0,0,0,NA,NA,NA,NA,NA,CLEAR,1,0,0,0,0,TREND_REVERSAL_UNCONFIRMED,1,0.45,LONG,1,0,0,0
NEARUSDT,1781697600000,2026-06-17T12:00:00.000Z,BEAR,LONG,59.76599971257545,52.78060195774859,WATCH,1,WATCH,ACTIVE,1,1,0,PASS,PASS,SKIP,SKIP,FAIL,CLEAR,1,0,0,0,0,MARKET_CONTEXT_DENIED,3,0.84,LONG,0,1,0,0
NEARUSDT,1781701200000,2026-06-17T13:00:00.000Z,BEAR,LONG,34.10909476777804,17.87359121296252,IGNORE,0,WATCH,,0,0,0,NA,NA,NA,NA,NA,BLOCK,0,0,0,0,0,TREND_REVERSAL_UNCONFIRMED,2,0.45,LONG,1,0,0,0
NEARUSDT,1781704800000,2026-06-17T14:00:00.000Z,BEAR,LONG,0,7.875,IGNORE,0,WATCH,,0,0,0,NA,NA,NA,NA,NA,WARNING_SOFT,1,0,0,0,0,TREND_REVERSAL_UNCONFIRMED,0,0.45,LONG,1,0,0,0
NEARUSDT,1781708400000,2026-06-17T15:00:00.000Z,NEUTRAL,NONE,0,7.875,IGNORE,0,WATCH,,0,0,0,NA,NA,NA,NA,NA,CLEAR,1,0,0,0,0,TREND_REVERSAL_UNCONFIRMED,0,0.45,NONE,1,0,0,0
NEARUSDT,1781712000000,2026-06-17T16:00:00.000Z,NEUTRAL,NONE,0,7.875,IGNORE,0,WATCH,,0,0,0,NA,NA,NA,NA,NA,CLEAR,1,0,0,0,0,TREND_REVERSAL_UNCONFIRMED,0,0.45,NONE,1,0,0,0
NEARUSDT,1781715600000,2026-06-17T17:00:00.000Z,NEUTRAL,NONE,0,7.875,IGNORE,0,WATCH,,0,0,0,NA,NA,NA,NA,NA,CLEAR,1,0,0,0,0,TREND_REVERSAL_UNCONFIRMED,0,0.45,NONE,1,0,0,0
NEARUSDT,1781719200000,2026-06-17T18:00:00.000Z,BEAR,LONG,25,13.5,IGNORE,0,WATCH,,0,0,0,NA,NA,NA,NA,NA,WARNING_SOFT,1,0,1,0,0,TREND_REVERSAL_UNCONFIRMED,1,0.45,LONG,1,0,0,0
NEARUSDT,1781722800000,2026-06-17T19:00:00.000Z,BEAR,LONG,25,13.5,IGNORE,0,WATCH,,0,0,0,NA,NA,NA,NA,NA,CLEAR,1,0,1,0,0,TREND_REVERSAL_UNCONFIRMED,1,0.45,LONG,1,0,0,0
NEARUSDT,1781726400000,2026-06-17T20:00:00.000Z,BEAR,LONG,25,13.5,IGNORE,0,WATCH,,0,0,0,NA,NA,NA,NA,NA,CLEAR,1,0,0,0,0,TREND_REVERSAL_UNCONFIRMED,1,0.45,LONG,1,0,0,0
NEARUSDT,1781730000000,2026-06-17T21:00:00.000Z,BEAR,LONG,14.583333333333332,12.6796875,IGNORE,0,WATCH,,0,0,0,NA,NA,NA,NA,NA,CLEAR,1,0,0,0,0,TREND_REVERSAL_UNCONFIRMED,1,0.45,LONG,1,0,0,0
NEARUSDT,1781733600000,2026-06-17T22:00:00.000Z,BEAR,LONG,0,7.875,IGNORE,0,WATCH,,0,0,0,NA,NA,NA,NA,NA,CLEAR,1,0,0,0,0,TREND_REVERSAL_UNCONFIRMED,0,0.45,LONG,1,0,0,0
NEARUSDT,1781737200000,2026-06-17T23:00:00.000Z,BEAR,LONG,17.773321513257667,12.93089906916904,IGNORE,0,WATCH,,0,0,0,NA,NA,NA,NA,NA,CLEAR,1,0,0,0,0,TREND_REVERSAL_UNCONFIRMED,1,0.45,LONG,1,0,0,0
NEARUSDT,1781740800000,2026-06-18T00:00:00.000Z,BEAR,LONG,0,7.875,IGNORE,0,WATCH,,0,0,0,NA,NA,NA,NA,NA,CLEAR,1,0,0,0,0,TREND_REVERSAL_UNCONFIRMED,0,0.45,LONG,1,0,0,0
NEARUSDT,1781744400000,2026-06-18T01:00:00.000Z,BEAR,LONG,0,7.875,IGNORE,0,WATCH,,0,0,0,NA,NA,NA,NA,NA,CLEAR,1,0,0,0,0,TREND_REVERSAL_UNCONFIRMED,0,0.45,LONG,1,0,0,0
NEARUSDT,1781748000000,2026-06-18T02:00:00.000Z,BEAR,LONG,0,7.875,IGNORE,0,WATCH,,0,0,0,NA,NA,NA,NA,NA,CLEAR,1,0,0,0,0,TREND_REVERSAL_UNCONFIRMED,0,0.45,LONG,1,0,0,0
NEARUSDT,1781751600000,2026-06-18T03:00:00.000Z,BEAR,LONG,0,7.875,IGNORE,0,WATCH,,0,0,0,NA,NA,NA,NA,NA,CLEAR,1,0,0,0,0,TREND_REVERSAL_UNCONFIRMED,0,0.45,LONG,1,0,0,0
NEARUSDT,1781755200000,2026-06-18T04:00:00.000Z,BEAR,LONG,0,7.875,IGNORE,0,WATCH,,0,0,0,NA,NA,NA,NA,NA,CLEAR,1,0,0,0,0,TREND_REVERSAL_UNCONFIRMED,0,0.45,LONG,1,0,0,0
NEARUSDT,1781758800000,2026-06-18T05:00:00.000Z,BEAR,LONG,0,7.875,IGNORE,0,WATCH,,0,0,0,NA,NA,NA,NA,NA,CLEAR,1,0,0,0,0,TREND_REVERSAL_UNCONFIRMED,0,0.45,LONG,1,0,0,0
NEARUSDT,1781762400000,2026-06-18T06:00:00.000Z,BEAR,LONG,25,13.5,IGNORE,0,WATCH,,0,0,0,NA,NA,NA,NA,NA,CLEAR,1,0,0,0,0,TREND_REVERSAL_UNCONFIRMED,1,0.45,LONG,1,0,0,0
NEARUSDT,1781766000000,2026-06-18T07:00:00.000Z,BEAR,LONG,0,7.875,IGNORE,0,WATCH,,0,0,0,NA,NA,NA,NA,NA,WARNING_SOFT,1,0,0,0,0,TREND_REVERSAL_UNCONFIRMED,0,0.45,LONG,1,0,0,0
NEARUSDT,1781769600000,2026-06-18T08:00:00.000Z,BEAR,LONG,0,7.875,IGNORE,0,WATCH,,0,0,0,NA,NA,NA,NA,NA,WARNING_SOFT,1,0,0,0,0,TREND_REVERSAL_UNCONFIRMED,0,0.45,LONG,1,0,0,0
NEARUSDT,1781773200000,2026-06-18T09:00:00.000Z,BEAR,LONG,0,7.875,IGNORE,0,WATCH,,0,0,0,NA,NA,NA,NA,NA,WARNING_SOFT,1,0,0,0,0,TREND_REVERSAL_UNCONFIRMED,0,0.45,LONG,1,0,0,0
NEARUSDT,1781776800000,2026-06-18T10:00:00.000Z,BEAR,LONG,0,7.875,IGNORE,0,WATCH,,0,0,0,NA,NA,NA,NA,NA,WARNING_SOFT,1,0,0,0,0,TREND_REVERSAL_UNCONFIRMED,0,0.45,LONG,1,0,0,0
NEARUSDT,1781780400000,2026-06-18T11:00:00.000Z,BEAR,LONG,0,7.875,IGNORE,0,WATCH,,0,0,0,NA,NA,NA,NA,NA,CLEAR,1,0,0,0,0,TREND_REVERSAL_UNCONFIRMED,0,0.45,LONG,1,0,0,0
NEARUSDT,1781784000000,2026-06-18T12:00:00.000Z,NEUTRAL,NONE,0,7.875,IGNORE,0,WATCH,,0,0,0,NA,NA,NA,NA,NA,WARNING_SOFT,1,0,0,0,0,TREND_REVERSAL_UNCONFIRMED,0,0.45,NONE,1,0,0,0
NEARUSDT,1781787600000,2026-06-18T13:00:00.000Z,NEUTRAL,NONE,0,7.875,IGNORE,0,WATCH,,0,0,0,NA,NA,NA,NA,NA,WARNING_HARD,1,0,0,0,0,TREND_REVERSAL_UNCONFIRMED,0,0.45,NONE,1,0,0,0
NEARUSDT,1781791200000,2026-06-18T14:00:00.000Z,NEUTRAL,NONE,0,7.875,IGNORE,0,WATCH,,0,0,0,NA,NA,NA,NA,NA,WARNING_HARD,1,0,0,0,0,TREND_REVERSAL_UNCONFIRMED,0,0.45,NONE,1,0,0,0
NEARUSDT,1781794800000,2026-06-18T15:00:00.000Z,BEAR,LONG,42.5,18.534375,IGNORE,0,WATCH,,0,0,0,NA,NA,NA,NA,NA,WARNING_SOFT,1,0,1,0,0,TREND_REVERSAL_UNCONFIRMED,2,0.45,LONG,1,0,0,0
NEARUSDT,1781798400000,2026-06-18T16:00:00.000Z,BEAR,LONG,65.32759175869364,53.598155988527964,WATCH,1,WATCH,ACTIVE,1,1,0,PASS,PASS,SKIP,SKIP,FAIL,CLEAR,1,0,0,0,0,MARKET_CONTEXT_DENIED,3,0.84,LONG,0,1,0,0
NEARUSDT,1781802000000,2026-06-18T17:00:00.000Z,BEAR,LONG,42.5,18.534375,IGNORE,0,WATCH,,0,0,0,NA,NA,NA,NA,NA,CLEAR,1,0,0,0,0,TREND_REVERSAL_UNCONFIRMED,2,0.45,LONG,1,0,0,0
NEARUSDT,1781805600000,2026-06-18T18:00:00.000Z,BEAR,LONG,17.5,12.909375,IGNORE,0,WATCH,,0,0,0,NA,NA,NA,NA,NA,CLEAR,1,0,0,0,0,TREND_REVERSAL_UNCONFIRMED,1,0.45,LONG,1,0,0,0
NEARUSDT,1781809200000,2026-06-18T19:00:00.000Z,BEAR,LONG,17.5,12.909375,IGNORE,0,WATCH,,0,0,0,NA,NA,NA,NA,NA,CLEAR,1,0,0,0,0,TREND_REVERSAL_UNCONFIRMED,1,0.45,LONG,1,0,0,0
NEARUSDT,1781812800000,2026-06-18T20:00:00.000Z,BEAR,LONG,0,7.875,IGNORE,0,WATCH,,0,0,0,NA,NA,NA,NA,NA,WARNING_SOFT,1,0,0,0,0,TREND_REVERSAL_UNCONFIRMED,0,0.45,LONG,1,0,0,0
NEARUSDT,1781816400000,2026-06-18T21:00:00.000Z,BEAR,LONG,0,7.875,IGNORE,0,WATCH,,0,0,0,NA,NA,NA,NA,NA,WARNING_SOFT,1,0,0,0,0,TREND_REVERSAL_UNCONFIRMED,0,0.45,LONG,1,0,0,0
NEARUSDT,1781820000000,2026-06-18T22:00:00.000Z,BEAR,LONG,25,13.5,IGNORE,0,WATCH,,0,0,0,NA,NA,NA,NA,NA,CLEAR,1,0,0,0,0,TREND_REVERSAL_UNCONFIRMED,1,0.45,LONG,1,0,0,0
NEARUSDT,1781823600000,2026-06-18T23:00:00.000Z,NEUTRAL,NONE,0,7.875,IGNORE,0,WATCH,,0,0,0,NA,NA,NA,NA,NA,WARNING_SOFT,1,0,0,0,0,TREND_REVERSAL_UNCONFIRMED,0,0.45,NONE,1,0,0,0
NEARUSDT,1781827200000,2026-06-19T00:00:00.000Z,NEUTRAL,NONE,0,7.875,IGNORE,0,WATCH,,0,0,0,NA,NA,NA,NA,NA,WARNING_SOFT,1,0,0,0,0,TREND_REVERSAL_UNCONFIRMED,0,0.45,NONE,1,0,0,0
NEARUSDT,1781830800000,2026-06-19T01:00:00.000Z,NEUTRAL,NONE,0,7.875,IGNORE,0,WATCH,,0,0,0,NA,NA,NA,NA,NA,WARNING_SOFT,1,0,0,0,0,TREND_REVERSAL_UNCONFIRMED,0,0.45,NONE,1,0,0,0
NEARUSDT,1781834400000,2026-06-19T02:00:00.000Z,BEAR,LONG,17.5,12.909375,IGNORE,0,WATCH,,0,0,0,NA,NA,NA,NA,NA,WARNING_SOFT,1,0,0,0,0,TREND_REVERSAL_UNCONFIRMED,1,0.45,LONG,1,0,0,0
NEARUSDT,1781838000000,2026-06-19T03:00:00.000Z,BEAR,LONG,42.5,18.534375,IGNORE,0,WATCH,,0,0,0,NA,NA,NA,NA,NA,CLEAR,1,0,1,0,0,TREND_REVERSAL_UNCONFIRMED,2,0.45,LONG,1,0,0,0
NEARUSDT,1781841600000,2026-06-19T04:00:00.000Z,BEAR,LONG,17.5,12.909375,IGNORE,0,WATCH,,0,0,0,NA,NA,NA,NA,NA,CLEAR,1,0,0,0,0,TREND_REVERSAL_UNCONFIRMED,1,0.45,LONG,1,0,0,0
NEARUSDT,1781845200000,2026-06-19T05:00:00.000Z,BEAR,LONG,17.5,12.909375,IGNORE,0,WATCH,,0,0,0,NA,NA,NA,NA,NA,CLEAR,1,0,0,0,0,TREND_REVERSAL_UNCONFIRMED,1,0.45,LONG,1,0,0,0
NEARUSDT,1781848800000,2026-06-19T06:00:00.000Z,BEAR,LONG,17.5,12.909375,IGNORE,0,WATCH,,0,0,0,NA,NA,NA,NA,NA,CLEAR,1,0,0,0,0,TREND_REVERSAL_UNCONFIRMED,1,0.45,LONG,1,0,0,0
NEARUSDT,1781852400000,2026-06-19T07:00:00.000Z,BEAR,LONG,0,7.875,IGNORE,0,WATCH,,0,0,0,NA,NA,NA,NA,NA,CLEAR,1,0,0,0,0,TREND_REVERSAL_UNCONFIRMED,0,0.45,LONG,1,0,0,0
NEARUSDT,1781856000000,2026-06-19T08:00:00.000Z,BEAR,LONG,25,13.5,IGNORE,0,WATCH,,0,0,0,NA,NA,NA,NA,NA,CLEAR,1,0,0,0,0,TREND_REVERSAL_UNCONFIRMED,1,0.45,LONG,1,0,0,0
NEARUSDT,1781859600000,2026-06-19T09:00:00.000Z,BEAR,LONG,0,7.875,IGNORE,0,WATCH,,0,0,0,NA,NA,NA,NA,NA,CLEAR,1,0,0,0,0,TREND_REVERSAL_UNCONFIRMED,0,0.45,LONG,1,0,0,0
NEARUSDT,1781863200000,2026-06-19T10:00:00.000Z,BEAR,LONG,0,7.875,IGNORE,0,WATCH,,0,0,0,NA,NA,NA,NA,NA,CLEAR,1,0,0,0,0,TREND_REVERSAL_UNCONFIRMED,0,0.45,LONG,1,0,0,0
NEARUSDT,1781866800000,2026-06-19T11:00:00.000Z,BEAR,LONG,12.847222222222221,12.54296875,IGNORE,0,WATCH,,0,0,0,NA,NA,NA,NA,NA,CLEAR,1,0,0,0,0,TREND_REVERSAL_UNCONFIRMED,1,0.45,LONG,1,0,0,0
NEARUSDT,1781870400000,2026-06-19T12:00:00.000Z,BEAR,LONG,0,7.875,IGNORE,0,WATCH,,0,0,0,NA,NA,NA,NA,NA,CLEAR,1,0,0,0,0,TREND_REVERSAL_UNCONFIRMED,0,0.45,LONG,1,0,0,0
NEARUSDT,1781874000000,2026-06-19T13:00:00.000Z,NEUTRAL,NONE,0,7.875,IGNORE,0,WATCH,,0,0,0,NA,NA,NA,NA,NA,WARNING_SOFT,1,0,0,0,0,TREND_REVERSAL_UNCONFIRMED,0,0.45,NONE,1,0,0,0
NEARUSDT,1781877600000,2026-06-19T14:00:00.000Z,BEAR,LONG,0,7.875,IGNORE,0,WATCH,,0,0,0,NA,NA,NA,NA,NA,WARNING_SOFT,1,0,0,0,0,TREND_REVERSAL_UNCONFIRMED,0,0.45,LONG,1,0,0,0
NEARUSDT,1781881200000,2026-06-19T15:00:00.000Z,NEUTRAL,NONE,0,7.875,IGNORE,0,WATCH,,0,0,0,NA,NA,NA,NA,NA,CLEAR,1,0,0,0,0,TREND_REVERSAL_UNCONFIRMED,0,0.45,NONE,1,0,0,0
NEARUSDT,1781884800000,2026-06-19T16:00:00.000Z,BEAR,LONG,13.72144724838072,12.611813970809981,IGNORE,0,WATCH,,0,0,0,NA,NA,NA,NA,NA,BLOCK,0,0,0,0,0,TREND_REVERSAL_UNCONFIRMED,1,0.45,LONG,1,0,0,0
NEARUSDT,1781888400000,2026-06-19T17:00:00.000Z,NEUTRAL,NONE,0,7.875,IGNORE,0,WATCH,,0,0,0,NA,NA,NA,NA,NA,WARNING_SOFT,1,0,0,0,0,TREND_REVERSAL_UNCONFIRMED,0,0.45,NONE,1,0,0,0
NEARUSDT,1781892000000,2026-06-19T18:00:00.000Z,BEAR,LONG,25,13.5,IGNORE,0,WATCH,,0,0,0,NA,NA,NA,NA,NA,WARNING_SOFT,1,0,0,0,0,TREND_REVERSAL_UNCONFIRMED,1,0.45,LONG,1,0,0,0
NEARUSDT,1781895600000,2026-06-19T19:00:00.000Z,BEAR,LONG,0,7.875,IGNORE,0,WATCH,,0,0,0,NA,NA,NA,NA,NA,WARNING_SOFT,1,0,0,0,0,TREND_REVERSAL_UNCONFIRMED,0,0.45,LONG,1,0,0,0
NEARUSDT,1781899200000,2026-06-19T20:00:00.000Z,BEAR,LONG,0,7.875,IGNORE,0,WATCH,,0,0,0,NA,NA,NA,NA,NA,WARNING_SOFT,1,0,0,0,0,TREND_REVERSAL_UNCONFIRMED,0,0.45,LONG,1,0,0,0
NEARUSDT,1781902800000,2026-06-19T21:00:00.000Z,BEAR,LONG,0,7.875,IGNORE,0,WATCH,,0,0,0,NA,NA,NA,NA,NA,WARNING_SOFT,1,0,0,0,0,TREND_REVERSAL_UNCONFIRMED,0,0.45,LONG,1,0,0,0
NEARUSDT,1781906400000,2026-06-19T22:00:00.000Z,NEUTRAL,NONE,0,7.875,IGNORE,0,WATCH,,0,0,0,NA,NA,NA,NA,NA,CLEAR,1,0,0,0,0,TREND_REVERSAL_UNCONFIRMED,0,0.45,NONE,1,0,0,0
NEARUSDT,1781910000000,2026-06-19T23:00:00.000Z,NEUTRAL,NONE,0,7.875,IGNORE,0,WATCH,,0,0,0,NA,NA,NA,NA,NA,CLEAR,1,0,0,0,0,TREND_REVERSAL_UNCONFIRMED,0,0.45,NONE,1,0,0,0
NEARUSDT,1781913600000,2026-06-20T00:00:00.000Z,NEUTRAL,NONE,0,7.875,IGNORE,0,WATCH,,0,0,0,NA,NA,NA,NA,NA,CLEAR,1,0,0,0,0,TREND_REVERSAL_UNCONFIRMED,0,0.45,NONE,1,0,0,0
NEARUSDT,1781917200000,2026-06-20T01:00:00.000Z,NEUTRAL,NONE,0,7.875,IGNORE,0,WATCH,,0,0,0,NA,NA,NA,NA,NA,CLEAR,1,0,0,0,0,TREND_REVERSAL_UNCONFIRMED,0,0.45,NONE,1,0,0,0
NEARUSDT,1781920800000,2026-06-20T02:00:00.000Z,NEUTRAL,NONE,0,7.875,IGNORE,0,WATCH,,0,0,0,NA,NA,NA,NA,NA,CLEAR,1,0,0,0,0,TREND_REVERSAL_UNCONFIRMED,0,0.45,NONE,1,0,0,0
NEARUSDT,1781924400000,2026-06-20T03:00:00.000Z,NEUTRAL,NONE,0,7.875,IGNORE,0,WATCH,,0,0,0,NA,NA,NA,NA,NA,CLEAR,1,0,0,0,0,TREND_REVERSAL_UNCONFIRMED,0,0.45,NONE,1,0,0,0
NEARUSDT,1781928000000,2026-06-20T04:00:00.000Z,NEUTRAL,NONE,0,7.875,IGNORE,0,WATCH,,0,0,0,NA,NA,NA,NA,NA,CLEAR,1,0,0,0,0,TREND_REVERSAL_UNCONFIRMED,0,0.45,NONE,1,0,0,0
NEARUSDT,1781931600000,2026-06-20T05:00:00.000Z,NEUTRAL,NONE,0,7.875,IGNORE,0,WATCH,,0,0,0,NA,NA,NA,NA,NA,CLEAR,1,0,0,0,0,TREND_REVERSAL_UNCONFIRMED,0,0.45,NONE,1,0,0,0
NEARUSDT,1781935200000,2026-06-20T06:00:00.000Z,BEAR,LONG,17.5,12.909375,IGNORE,0,WATCH,,0,0,0,NA,NA,NA,NA,NA,WARNING_SOFT,1,0,0,0,0,TREND_REVERSAL_UNCONFIRMED,1,0.45,LONG,1,0,0,0
NEARUSDT,1781938800000,2026-06-20T07:00:00.000Z,BEAR,LONG,30.930034179336886,17.62324019162278,IGNORE,0,WATCH,,0,0,0,NA,NA,NA,NA,NA,WARNING_HARD,1,0,0,0,0,TREND_REVERSAL_UNCONFIRMED,2,0.45,LONG,1,0,0,0
NEARUSDT,1781942400000,2026-06-20T08:00:00.000Z,BEAR,LONG,42.5,18.534375,IGNORE,0,WATCH,,0,0,0,NA,NA,NA,NA,NA,WARNING_SOFT,1,0,0,0,0,TREND_REVERSAL_UNCONFIRMED,2,0.45,LONG,1,0,0,0
NEARUSDT,1781946000000,2026-06-20T09:00:00.000Z,BEAR,LONG,17.5,12.909375,IGNORE,0,WATCH,,0,0,0,NA,NA,NA,NA,NA,WARNING_SOFT,1,0,0,0,0,TREND_REVERSAL_UNCONFIRMED,1,0.45,LONG,1,0,0,0
NEARUSDT,1781949600000,2026-06-20T10:00:00.000Z,BEAR,LONG,17.5,12.909375,IGNORE,0,WATCH,,0,0,0,NA,NA,NA,NA,NA,WARNING_SOFT,1,0,0,0,0,TREND_REVERSAL_UNCONFIRMED,1,0.45,LONG,1,0,0,0
NEARUSDT,1781953200000,2026-06-20T11:00:00.000Z,BEAR,LONG,17.5,12.909375,IGNORE,0,WATCH,,0,0,0,NA,NA,NA,NA,NA,WARNING_HARD,1,0,0,0,0,TREND_REVERSAL_UNCONFIRMED,1,0.45,LONG,1,0,0,0
NEARUSDT,1781956800000,2026-06-20T12:00:00.000Z,BEAR,LONG,17.5,12.909375,IGNORE,0,WATCH,,0,0,0,NA,NA,NA,NA,NA,WARNING_SOFT,1,0,0,0,0,TREND_REVERSAL_UNCONFIRMED,1,0.45,LONG,1,0,0,0
NEARUSDT,1781960400000,2026-06-20T13:00:00.000Z,BEAR,LONG,39.10428266869214,18.266962260159506,IGNORE,0,WATCH,,0,0,0,NA,NA,NA,NA,NA,CLEAR,1,0,0,0,0,TREND_REVERSAL_UNCONFIRMED,2,0.45,LONG,1,0,0,0
NEARUSDT,1781964000000,2026-06-20T14:00:00.000Z,NEUTRAL,NONE,0,7.875,IGNORE,0,WATCH,,0,0,0,NA,NA,NA,NA,NA,BLOCK,0,0,0,0,0,TREND_REVERSAL_UNCONFIRMED,0,0.45,NONE,1,0,0,0
NEARUSDT,1781967600000,2026-06-20T15:00:00.000Z,NEUTRAL,NONE,0,7.875,IGNORE,0,WATCH,,0,0,0,NA,NA,NA,NA,NA,WARNING_SOFT,1,0,0,0,0,TREND_REVERSAL_UNCONFIRMED,0,0.45,NONE,1,0,0,0
NEARUSDT,1781971200000,2026-06-20T16:00:00.000Z,NEUTRAL,NONE,0,7.875,IGNORE,0,WATCH,,0,0,0,NA,NA,NA,NA,NA,CLEAR,1,0,0,0,0,TREND_REVERSAL_UNCONFIRMED,0,0.45,NONE,1,0,0,0
NEARUSDT,1781974800000,2026-06-20T17:00:00.000Z,BEAR,LONG,13.053321932863678,12.559199102213014,IGNORE,0,WATCH,,0,0,0,NA,NA,NA,NA,NA,WARNING_SOFT,1,0,0,0,0,TREND_REVERSAL_UNCONFIRMED,1,0.45,LONG,1,0,0,0
NEARUSDT,1781978400000,2026-06-20T18:00:00.000Z,BEAR,LONG,0,7.875,IGNORE,0,WATCH,,0,0,0,NA,NA,NA,NA,NA,WARNING_SOFT,1,0,0,0,0,TREND_REVERSAL_UNCONFIRMED,0,0.45,LONG,1,0,0,0
NEARUSDT,1781982000000,2026-06-20T19:00:00.000Z,BEAR,LONG,25,13.5,IGNORE,0,WATCH,,0,0,0,NA,NA,NA,NA,NA,WARNING_SOFT,1,0,0,0,0,TREND_REVERSAL_UNCONFIRMED,1,0.45,LONG,1,0,0,0
NEARUSDT,1781985600000,2026-06-20T20:00:00.000Z,NEUTRAL,NONE,0,7.875,IGNORE,0,WATCH,,0,0,0,NA,NA,NA,NA,NA,WARNING_SOFT,1,0,0,0,0,TREND_REVERSAL_UNCONFIRMED,0,0.45,NONE,1,0,0,0
NEARUSDT,1781989200000,2026-06-20T21:00:00.000Z,NEUTRAL,NONE,0,7.875,IGNORE,0,WATCH,,0,0,0,NA,NA,NA,NA,NA,CLEAR,1,0,0,0,0,TREND_REVERSAL_UNCONFIRMED,0,0.45,NONE,1,0,0,0
NEARUSDT,1781992800000,2026-06-20T22:00:00.000Z,NEUTRAL,NONE,0,7.875,IGNORE,0,WATCH,,0,0,0,NA,NA,NA,NA,NA,CLEAR,1,0,0,0,0,TREND_REVERSAL_UNCONFIRMED,0,0.45,NONE,1,0,0,0
NEARUSDT,1781996400000,2026-06-20T23:00:00.000Z,NEUTRAL,NONE,0,7.875,IGNORE,0,WATCH,,0,0,0,NA,NA,NA,NA,NA,CLEAR,1,0,0,0,0,TREND_REVERSAL_UNCONFIRMED,0,0.45,NONE,1,0,0,0
NEARUSDT,1782000000000,2026-06-21T00:00:00.000Z,NEUTRAL,NONE,0,7.875,IGNORE,0,WATCH,,0,0,0,NA,NA,NA,NA,NA,CLEAR,1,0,0,0,0,TREND_REVERSAL_UNCONFIRMED,0,0.45,NONE,1,0,0,0
NEARUSDT,1782003600000,2026-06-21T01:00:00.000Z,NEUTRAL,NONE,0,7.875,IGNORE,0,WATCH,,0,0,0,NA,NA,NA,NA,NA,CLEAR,1,0,0,0,0,TREND_REVERSAL_UNCONFIRMED,0,0.45,NONE,1,0,0,0
NEARUSDT,1782007200000,2026-06-21T02:00:00.000Z,NEUTRAL,NONE,0,7.875,IGNORE,0,WATCH,,0,0,0,NA,NA,NA,NA,NA,WARNING_SOFT,1,0,0,0,0,TREND_REVERSAL_UNCONFIRMED,0,0.45,NONE,1,0,0,0
NEARUSDT,1782010800000,2026-06-21T03:00:00.000Z,NEUTRAL,NONE,0,7.875,IGNORE,0,WATCH,,0,0,0,NA,NA,NA,NA,NA,CLEAR,1,0,0,0,0,TREND_REVERSAL_UNCONFIRMED,0,0.45,NONE,1,0,0,0
NEARUSDT,1782014400000,2026-06-21T04:00:00.000Z,BULL,SHORT,0,7.875,IGNORE,0,WATCH,,0,0,0,NA,NA,NA,NA,NA,CLEAR,1,0,0,0,0,TREND_REVERSAL_UNCONFIRMED,0,0.45,SHORT,1,0,0,0
NEARUSDT,1782018000000,2026-06-21T05:00:00.000Z,BULL,SHORT,0,7.875,IGNORE,0,WATCH,,0,0,0,NA,NA,NA,NA,NA,CLEAR,1,0,0,0,0,TREND_REVERSAL_UNCONFIRMED,0,0.45,SHORT,1,0,0,0
NEARUSDT,1782021600000,2026-06-21T06:00:00.000Z,BULL,SHORT,12.847222222222221,12.54296875,IGNORE,0,WATCH,,0,0,0,NA,NA,NA,NA,NA,CLEAR,1,0,0,0,0,TREND_REVERSAL_UNCONFIRMED,1,0.45,SHORT,1,0,0,0
NEARUSDT,1782025200000,2026-06-21T07:00:00.000Z,BULL,SHORT,0,7.875,IGNORE,0,WATCH,,0,0,0,NA,NA,NA,NA,NA,CLEAR,1,0,0,0,0,TREND_REVERSAL_UNCONFIRMED,0,0.45,SHORT,1,0,0,0
NEARUSDT,1782028800000,2026-06-21T08:00:00.000Z,BULL,SHORT,25,13.5,IGNORE,0,WATCH,,0,0,0,NA,NA,NA,NA,NA,WARNING_HARD,1,1,0,0,0,TREND_REVERSAL_UNCONFIRMED,1,0.45,SHORT,1,0,0,0
NEARUSDT,1782032400000,2026-06-21T09:00:00.000Z,BULL,SHORT,45.26440252098623,18.752071698527665,IGNORE,0,WATCH,,0,0,0,NA,NA,NA,NA,NA,CLEAR,1,0,0,0,0,TREND_REVERSAL_UNCONFIRMED,2,0.45,SHORT,1,0,0,0
NEARUSDT,1782036000000,2026-06-21T10:00:00.000Z,BULL,SHORT,0,7.875,IGNORE,0,WATCH,,0,0,0,NA,NA,NA,NA,NA,CLEAR,1,0,0,0,0,TREND_REVERSAL_UNCONFIRMED,0,0.45,SHORT,1,0,0,0
NEARUSDT,1782039600000,2026-06-21T11:00:00.000Z,BULL,SHORT,13.613375079058208,12.603303287475836,IGNORE,0,WATCH,,0,0,0,NA,NA,NA,NA,NA,CLEAR,1,0,0,0,0,TREND_REVERSAL_UNCONFIRMED,1,0.45,SHORT,1,0,0,0
NEARUSDT,1782043200000,2026-06-21T12:00:00.000Z,NEUTRAL,NONE,0,7.875,IGNORE,0,WATCH,,0,0,0,NA,NA,NA,NA,NA,BLOCK,0,0,1,0,0,TREND_REVERSAL_UNCONFIRMED,0,0.45,NONE,1,0,0,0
NEARUSDT,1782046800000,2026-06-21T13:00:00.000Z,NEUTRAL,NONE,0,7.875,IGNORE,0,WATCH,,0,0,0,NA,NA,NA,NA,NA,WARNING_SOFT,1,0,0,0,0,TREND_REVERSAL_UNCONFIRMED,0,0.45,NONE,1,0,0,0
NEARUSDT,1782050400000,2026-06-21T14:00:00.000Z,NEUTRAL,NONE,0,7.875,IGNORE,0,WATCH,,0,0,0,NA,NA,NA,NA,NA,WARNING_SOFT,1,0,0,0,0,TREND_REVERSAL_UNCONFIRMED,0,0.45,NONE,1,0,0,0
NEARUSDT,1782054000000,2026-06-21T15:00:00.000Z,BULL,SHORT,0,7.875,IGNORE,0,WATCH,,0,0,0,NA,NA,NA,NA,NA,WARNING_SOFT,1,0,0,0,0,TREND_REVERSAL_UNCONFIRMED,0,0.45,SHORT,1,0,0,0
NEARUSDT,1782057600000,2026-06-21T16:00:00.000Z,NEUTRAL,NONE,0,7.875,IGNORE,0,WATCH,,0,0,0,NA,NA,NA,NA,NA,WARNING_SOFT,1,0,0,0,0,TREND_REVERSAL_UNCONFIRMED,0,0.45,NONE,1,0,0,0
NEARUSDT,1782061200000,2026-06-21T17:00:00.000Z,NEUTRAL,NONE,0,7.875,IGNORE,0,WATCH,,0,0,0,NA,NA,NA,NA,NA,WARNING_SOFT,1,0,0,0,0,TREND_REVERSAL_UNCONFIRMED,0,0.45,NONE,1,0,0,0
NEARUSDT,1782064800000,2026-06-21T18:00:00.000Z,NEUTRAL,NONE,0,7.875,IGNORE,0,WATCH,,0,0,0,NA,NA,NA,NA,NA,WARNING_SOFT,1,0,0,0,0,TREND_REVERSAL_UNCONFIRMED,0,0.45,NONE,1,0,0,0
NEARUSDT,1782068400000,2026-06-21T19:00:00.000Z,NEUTRAL,NONE,0,7.875,IGNORE,0,WATCH,,0,0,0,NA,NA,NA,NA,NA,WARNING_SOFT,1,0,0,0,0,TREND_REVERSAL_UNCONFIRMED,0,0.45,NONE,1,0,0,0
NEARUSDT,1782072000000,2026-06-21T20:00:00.000Z,NEUTRAL,NONE,0,7.875,IGNORE,0,WATCH,,0,0,0,NA,NA,NA,NA,NA,WARNING_SOFT,1,0,0,0,0,TREND_REVERSAL_UNCONFIRMED,0,0.45,NONE,1,0,0,0
NEARUSDT,1782075600000,2026-06-21T21:00:00.000Z,BEAR,LONG,16.271734161059697,12.812649065183452,IGNORE,0,WATCH,,0,0,0,NA,NA,NA,NA,NA,CLEAR,1,0,0,0,0,TREND_REVERSAL_UNCONFIRMED,1,0.45,LONG,1,0,0,0
NEARUSDT,1782079200000,2026-06-21T22:00:00.000Z,BEAR,LONG,15.996895688181917,12.791005535444327,IGNORE,0,WATCH,,0,0,0,NA,NA,NA,NA,NA,CLEAR,1,0,0,0,0,TREND_REVERSAL_UNCONFIRMED,1,0.45,LONG,1,0,0,0
NEARUSDT,1782082800000,2026-06-21T23:00:00.000Z,BEAR,LONG,0,7.875,IGNORE,0,WATCH,,0,0,0,NA,NA,NA,NA,NA,CLEAR,1,0,0,0,0,TREND_REVERSAL_UNCONFIRMED,0,0.45,LONG,1,0,0,0
NEARUSDT,1782086400000,2026-06-22T00:00:00.000Z,BEAR,LONG,25,13.5,IGNORE,0,WATCH,,0,0,0,NA,NA,NA,NA,NA,CLEAR,1,0,0,0,0,TREND_REVERSAL_UNCONFIRMED,1,0.45,LONG,1,0,0,0
NEARUSDT,1782090000000,2026-06-22T01:00:00.000Z,NEUTRAL,NONE,0,7.875,IGNORE,0,WATCH,,0,0,0,NA,NA,NA,NA,NA,WARNING_SOFT,1,0,0,0,0,TREND_REVERSAL_UNCONFIRMED,0,0.45,NONE,1,0,0,0
NEARUSDT,1782093600000,2026-06-22T02:00:00.000Z,BEAR,LONG,0,7.875,IGNORE,0,WATCH,,0,0,0,NA,NA,NA,NA,NA,WARNING_SOFT,1,0,0,0,0,TREND_REVERSAL_UNCONFIRMED,0,0.45,LONG,1,0,0,0
NEARUSDT,1782097200000,2026-06-22T03:00:00.000Z,BEAR,LONG,0,7.875,IGNORE,0,WATCH,,0,0,0,NA,NA,NA,NA,NA,WARNING_SOFT,1,0,0,0,0,TREND_REVERSAL_UNCONFIRMED,0,0.45,LONG,1,0,0,0
NEARUSDT,1782100800000,2026-06-22T04:00:00.000Z,BEAR,LONG,0,7.875,IGNORE,0,WATCH,,0,0,0,NA,NA,NA,NA,NA,WARNING_SOFT,1,0,0,0,0,TREND_REVERSAL_UNCONFIRMED,0,0.45,LONG,1,0,0,0
NEARUSDT,1782104400000,2026-06-22T05:00:00.000Z,BEAR,LONG,0,7.875,IGNORE,0,WATCH,,0,0,0,NA,NA,NA,NA,NA,WARNING_SOFT,1,0,0,0,0,TREND_REVERSAL_UNCONFIRMED,0,0.45,LONG,1,0,0,0
NEARUSDT,1782108000000,2026-06-22T06:00:00.000Z,BEAR,LONG,0,7.875,IGNORE,0,WATCH,,0,0,0,NA,NA,NA,NA,NA,WARNING_SOFT,1,0,0,0,0,TREND_REVERSAL_UNCONFIRMED,0,0.45,LONG,1,0,0,0
NEARUSDT,1782111600000,2026-06-22T07:00:00.000Z,NEUTRAL,NONE,0,7.875,IGNORE,0,WATCH,,0,0,0,NA,NA,NA,NA,NA,CLEAR,1,0,0,0,0,TREND_REVERSAL_UNCONFIRMED,0,0.45,NONE,1,0,0,0
NEARUSDT,1782115200000,2026-06-22T08:00:00.000Z,BEAR,LONG,17.5,12.909375,IGNORE,0,WATCH,,0,0,0,NA,NA,NA,NA,NA,WARNING_SOFT,1,0,0,0,0,TREND_REVERSAL_UNCONFIRMED,1,0.45,LONG,1,0,0,0
NEARUSDT,1782118800000,2026-06-22T09:00:00.000Z,BEAR,LONG,17.5,12.909375,IGNORE,0,WATCH,,0,0,0,NA,NA,NA,NA,NA,WARNING_SOFT,1,0,0,0,0,TREND_REVERSAL_UNCONFIRMED,1,0.45,LONG,1,0,0,0
NEARUSDT,1782122400000,2026-06-22T10:00:00.000Z,BEAR,LONG,17.5,12.909375,IGNORE,0,WATCH,,0,0,0,NA,NA,NA,NA,NA,WARNING_SOFT,1,0,0,0,0,TREND_REVERSAL_UNCONFIRMED,1,0.45,LONG,1,0,0,0
NEARUSDT,1782126000000,2026-06-22T11:00:00.000Z,NEUTRAL,NONE,0,7.875,IGNORE,0,WATCH,,0,0,0,NA,NA,NA,NA,NA,BLOCK,0,0,0,0,0,TREND_REVERSAL_UNCONFIRMED,0,0.45,NONE,1,0,0,0
NEARUSDT,1782129600000,2026-06-22T12:00:00.000Z,NEUTRAL,NONE,0,7.875,IGNORE,0,WATCH,,0,0,0,NA,NA,NA,NA,NA,CLEAR,1,0,0,0,0,TREND_REVERSAL_UNCONFIRMED,0,0.45,NONE,1,0,0,0
NEARUSDT,1782133200000,2026-06-22T13:00:00.000Z,NEUTRAL,NONE,0,7.875,IGNORE,0,WATCH,,0,0,0,NA,NA,NA,NA,NA,CLEAR,1,0,0,0,0,TREND_REVERSAL_UNCONFIRMED,0,0.45,NONE,1,0,0,0
NEARUSDT,1782136800000,2026-06-22T14:00:00.000Z,BEAR,LONG,42.5,18.534375,IGNORE,0,WATCH,,0,0,0,NA,NA,NA,NA,NA,BLOCK,0,0,0,0,0,TREND_REVERSAL_UNCONFIRMED,2,0.45,LONG,1,0,0,0
NEARUSDT,1782140400000,2026-06-22T15:00:00.000Z,BEAR,LONG,17.5,12.909375,IGNORE,0,WATCH,,0,0,0,NA,NA,NA,NA,NA,WARNING_SOFT,1,0,0,0,0,TREND_REVERSAL_UNCONFIRMED,1,0.45,LONG,1,0,0,0
NEARUSDT,1782144000000,2026-06-22T16:00:00.000Z,BEAR,LONG,42.5,18.534375,IGNORE,0,WATCH,,0,0,0,NA,NA,NA,NA,NA,WARNING_HARD,1,0,0,0,0,TREND_REVERSAL_UNCONFIRMED,2,0.45,LONG,1,0,0,0
NEARUSDT,1782147600000,2026-06-22T17:00:00.000Z,BEAR,LONG,17.5,12.909375,IGNORE,0,WATCH,,0,0,0,NA,NA,NA,NA,NA,WARNING_SOFT,1,0,0,0,0,TREND_REVERSAL_UNCONFIRMED,1,0.45,LONG,1,0,0,0
NEARUSDT,1782151200000,2026-06-22T18:00:00.000Z,BEAR,LONG,17.5,12.909375,IGNORE,0,WATCH,,0,0,0,NA,NA,NA,NA,NA,CLEAR,1,0,0,0,0,TREND_REVERSAL_UNCONFIRMED,1,0.45,LONG,1,0,0,0
NEARUSDT,1782154800000,2026-06-22T19:00:00.000Z,BEAR,LONG,42.5,18.534375,IGNORE,0,WATCH,,0,0,0,NA,NA,NA,NA,NA,CLEAR,1,0,0,0,0,TREND_REVERSAL_UNCONFIRMED,2,0.45,LONG,1,0,0,0
NEARUSDT,1782158400000,2026-06-22T20:00:00.000Z,BEAR,LONG,33.22766067048076,17.80417827780036,IGNORE,0,WATCH,,0,0,0,NA,NA,NA,NA,NA,CLEAR,1,0,0,0,0,TREND_REVERSAL_UNCONFIRMED,2,0.45,LONG,1,0,0,0
NEARUSDT,1782162000000,2026-06-22T21:00:00.000Z,BEAR,LONG,17.5,12.909375,IGNORE,0,WATCH,,0,0,0,NA,NA,NA,NA,NA,WARNING_SOFT,1,0,0,0,0,TREND_REVERSAL_UNCONFIRMED,1,0.45,LONG,1,0,0,0
NEARUSDT,1782165600000,2026-06-22T22:00:00.000Z,BEAR,LONG,42.5,18.534375,IGNORE,0,WATCH,,0,0,0,NA,NA,NA,NA,NA,CLEAR,1,0,0,0,0,TREND_REVERSAL_UNCONFIRMED,2,0.45,LONG,1,0,0,0
NEARUSDT,1782169200000,2026-06-22T23:00:00.000Z,BEAR,LONG,55.34722222222222,52.13104166666666,WATCH,1,WATCH,ACTIVE,1,1,0,PASS,PASS,SKIP,SKIP,FAIL,CLEAR,1,0,0,0,0,MARKET_CONTEXT_DENIED,3,0.84,LONG,0,1,0,0
NEARUSDT,1782172800000,2026-06-23T00:00:00.000Z,BEAR,LONG,17.5,12.909375,IGNORE,0,WATCH,,0,0,0,NA,NA,NA,NA,NA,CLEAR,1,0,0,0,0,TREND_REVERSAL_UNCONFIRMED,1,0.45,LONG,1,0,0,0
NEARUSDT,1782176400000,2026-06-23T01:00:00.000Z,BEAR,LONG,51.206635952139735,51.522375484964535,WATCH,1,WATCH,ACTIVE,1,1,0,PASS,PASS,SKIP,SKIP,FAIL,CLEAR,1,0,0,0,0,MARKET_CONTEXT_DENIED,3,0.84,LONG,0,1,0,0
NEARUSDT,1782180000000,2026-06-23T02:00:00.000Z,BEAR,LONG,17.5,12.909375,IGNORE,0,WATCH,,0,0,0,NA,NA,NA,NA,NA,CLEAR,1,0,0,0,0,TREND_REVERSAL_UNCONFIRMED,1,0.45,LONG,1,0,0,0
NEARUSDT,1782183600000,2026-06-23T03:00:00.000Z,BEAR,LONG,59.1711200021884,52.69315464032169,WATCH,1,WATCH,ACTIVE,1,1,0,PASS,PASS,SKIP,SKIP,FAIL,CLEAR,1,0,0,0,0,MARKET_CONTEXT_DENIED,3,0.84,LONG,0,1,0,0
NEARUSDT,1782187200000,2026-06-23T04:00:00.000Z,BEAR,LONG,19.516031847023577,13.068137507953107,IGNORE,0,WATCH,,0,0,0,NA,NA,NA,NA,NA,CLEAR,1,0,0,0,0,TREND_REVERSAL_UNCONFIRMED,1,0.45,LONG,1,0,0,0
NEARUSDT,1782190800000,2026-06-23T05:00:00.000Z,BEAR,LONG,0,7.875,IGNORE,0,WATCH,,0,0,0,NA,NA,NA,NA,NA,CLEAR,1,0,0,0,0,TREND_REVERSAL_UNCONFIRMED,0,0.45,LONG,1,0,0,0
NEARUSDT,1782194400000,2026-06-23T06:00:00.000Z,BEAR,LONG,24.330314218085064,13.4472622446742,IGNORE,0,WATCH,,0,0,0,NA,NA,NA,NA,NA,CLEAR,1,0,1,0,0,TREND_REVERSAL_UNCONFIRMED,1,0.45,LONG,1,0,0,0
NEARUSDT,1782198000000,2026-06-23T07:00:00.000Z,BEAR,LONG,12.847222222222221,12.54296875,IGNORE,0,WATCH,,0,0,0,NA,NA,NA,NA,NA,CLEAR,1,0,0,0,0,TREND_REVERSAL_UNCONFIRMED,1,0.45,LONG,1,0,0,0
NEARUSDT,1782201600000,2026-06-23T08:00:00.000Z,BEAR,LONG,37.84722222222222,18.16796875,IGNORE,0,WATCH,,0,0,0,NA,NA,NA,NA,NA,CLEAR,1,0,1,0,0,TREND_REVERSAL_UNCONFIRMED,2,0.45,LONG,1,0,0,0
NEARUSDT,1782205200000,2026-06-23T09:00:00.000Z,BEAR,LONG,37.84722222222222,18.16796875,IGNORE,0,WATCH,,0,0,0,NA,NA,NA,NA,NA,CLEAR,1,0,0,0,0,TREND_REVERSAL_UNCONFIRMED,2,0.45,LONG,1,0,0,0
NEARUSDT,1782208800000,2026-06-23T10:00:00.000Z,BEAR,LONG,12.847222222222221,12.54296875,IGNORE,0,WATCH,,0,0,0,NA,NA,NA,NA,NA,CLEAR,1,0,0,0,0,TREND_REVERSAL_UNCONFIRMED,1,0.45,LONG,1,0,0,0
NEARUSDT,1782212400000,2026-06-23T11:00:00.000Z,BEAR,LONG,0,7.875,IGNORE,0,WATCH,,0,0,0,NA,NA,NA,NA,NA,CLEAR,1,0,0,0,0,TREND_REVERSAL_UNCONFIRMED,0,0.45,LONG,1,0,0,0
NEARUSDT,1782216000000,2026-06-23T12:00:00.000Z,BEAR,LONG,0,7.875,IGNORE,0,WATCH,,0,0,0,NA,NA,NA,NA,NA,CLEAR,1,0,0,0,0,TREND_REVERSAL_UNCONFIRMED,0,0.45,LONG,1,0,0,0
NEARUSDT,1782219600000,2026-06-23T13:00:00.000Z,BEAR,LONG,0,7.875,IGNORE,0,WATCH,,0,0,0,NA,NA,NA,NA,NA,CLEAR,1,0,0,0,0,TREND_REVERSAL_UNCONFIRMED,0,0.45,LONG,1,0,0,0
NEARUSDT,1782223200000,2026-06-23T14:00:00.000Z,BEAR,LONG,0,7.875,IGNORE,0,WATCH,,0,0,0,NA,NA,NA,NA,NA,CLEAR,1,0,0,0,0,TREND_REVERSAL_UNCONFIRMED,0,0.45,LONG,1,0,0,0
NEARUSDT,1782226800000,2026-06-23T15:00:00.000Z,BEAR,LONG,0,7.875,IGNORE,0,WATCH,,0,0,0,NA,NA,NA,NA,NA,CLEAR,1,0,0,0,0,TREND_REVERSAL_UNCONFIRMED,0,0.45,LONG,1,0,0,0
NEARUSDT,1782230400000,2026-06-23T16:00:00.000Z,BEAR,LONG,25,13.5,IGNORE,0,WATCH,,0,0,0,NA,NA,NA,NA,NA,CLEAR,1,0,0,0,0,TREND_REVERSAL_UNCONFIRMED,1,0.45,LONG,1,0,0,0
NEARUSDT,1782234000000,2026-06-23T17:00:00.000Z,BEAR,LONG,16.666666666666664,12.84375,IGNORE,0,WATCH,,0,0,0,NA,NA,NA,NA,NA,CLEAR,1,0,0,0,0,TREND_REVERSAL_UNCONFIRMED,1,0.45,LONG,1,0,0,0
NEARUSDT,1782237600000,2026-06-23T18:00:00.000Z,BEAR,LONG,0,7.875,IGNORE,0,WATCH,,0,0,0,NA,NA,NA,NA,NA,CLEAR,1,0,0,0,0,TREND_REVERSAL_UNCONFIRMED,0,0.45,LONG,1,0,0,0
NEARUSDT,1782241200000,2026-06-23T19:00:00.000Z,BEAR,LONG,0,7.875,IGNORE,0,WATCH,,0,0,0,NA,NA,NA,NA,NA,CLEAR,1,0,0,0,0,TREND_REVERSAL_UNCONFIRMED,0,0.45,LONG,1,0,0,0
NEARUSDT,1782244800000,2026-06-23T20:00:00.000Z,BEAR,LONG,17.5,12.909375,IGNORE,0,WATCH,,0,0,0,NA,NA,NA,NA,NA,WARNING_SOFT,1,0,0,0,0,TREND_REVERSAL_UNCONFIRMED,1,0.45,LONG,1,0,0,0
NEARUSDT,1782248400000,2026-06-23T21:00:00.000Z,BEAR,LONG,0,7.875,IGNORE,0,WATCH,,0,0,0,NA,NA,NA,NA,NA,WARNING_SOFT,1,0,0,0,0,TREND_REVERSAL_UNCONFIRMED,0,0.45,LONG,1,0,0,0
NEARUSDT,1782252000000,2026-06-23T22:00:00.000Z,BEAR,LONG,0,7.875,IGNORE,0,WATCH,,0,0,0,NA,NA,NA,NA,NA,WARNING_SOFT,1,0,0,0,0,TREND_REVERSAL_UNCONFIRMED,0,0.45,LONG,1,0,0,0
NEARUSDT,1782255600000,2026-06-23T23:00:00.000Z,BEAR,LONG,0,7.875,IGNORE,0,WATCH,,0,0,0,NA,NA,NA,NA,NA,CLEAR,1,0,0,0,0,TREND_REVERSAL_UNCONFIRMED,0,0.45,LONG,1,0,0,0
NEARUSDT,1782259200000,2026-06-24T00:00:00.000Z,BEAR,LONG,25,13.5,IGNORE,0,WATCH,,0,0,0,NA,NA,NA,NA,NA,WARNING_SOFT,1,0,0,0,0,TREND_REVERSAL_UNCONFIRMED,1,0.45,LONG,1,0,0,0
NEARUSDT,1782262800000,2026-06-24T01:00:00.000Z,BEAR,LONG,0,7.875,IGNORE,0,WATCH,,0,0,0,NA,NA,NA,NA,NA,WARNING_SOFT,1,0,0,0,0,TREND_REVERSAL_UNCONFIRMED,0,0.45,LONG,1,0,0,0
NEARUSDT,1782266400000,2026-06-24T02:00:00.000Z,BEAR,LONG,12.847222222222221,12.54296875,IGNORE,0,WATCH,,0,0,0,NA,NA,NA,NA,NA,CLEAR,1,0,0,0,0,TREND_REVERSAL_UNCONFIRMED,1,0.45,LONG,1,0,0,0
NEARUSDT,1782270000000,2026-06-24T03:00:00.000Z,BEAR,LONG,12.847222222222221,12.54296875,IGNORE,0,WATCH,,0,0,0,NA,NA,NA,NA,NA,CLEAR,1,0,0,0,0,TREND_REVERSAL_UNCONFIRMED,1,0.45,LONG,1,0,0,0
NEARUSDT,1782273600000,2026-06-24T04:00:00.000Z,BEAR,LONG,0,7.875,IGNORE,0,WATCH,,0,0,0,NA,NA,NA,NA,NA,CLEAR,1,0,0,0,0,TREND_REVERSAL_UNCONFIRMED,0,0.45,LONG,1,0,0,0
NEARUSDT,1782277200000,2026-06-24T05:00:00.000Z,BEAR,LONG,25,13.5,IGNORE,0,WATCH,,0,0,0,NA,NA,NA,NA,NA,WARNING_SOFT,1,0,0,0,0,TREND_REVERSAL_UNCONFIRMED,1,0.45,LONG,1,0,0,0
NEARUSDT,1782280800000,2026-06-24T06:00:00.000Z,BEAR,LONG,0,7.875,IGNORE,0,WATCH,,0,0,0,NA,NA,NA,NA,NA,WARNING_SOFT,1,0,0,0,0,TREND_REVERSAL_UNCONFIRMED,0,0.45,LONG,1,0,0,0
NEARUSDT,1782284400000,2026-06-24T07:00:00.000Z,BEAR,LONG,0,7.875,IGNORE,0,WATCH,,0,0,0,NA,NA,NA,NA,NA,CLEAR,1,0,0,0,0,TREND_REVERSAL_UNCONFIRMED,0,0.45,LONG,1,0,0,0
NEARUSDT,1782288000000,2026-06-24T08:00:00.000Z,BEAR,LONG,25,13.5,IGNORE,0,WATCH,,0,0,0,NA,NA,NA,NA,NA,CLEAR,1,0,0,0,0,TREND_REVERSAL_UNCONFIRMED,1,0.45,LONG,1,0,0,0
NEARUSDT,1782291600000,2026-06-24T09:00:00.000Z,BEAR,LONG,12.847222222222221,12.54296875,IGNORE,0,WATCH,,0,0,0,NA,NA,NA,NA,NA,CLEAR,1,0,0,0,0,TREND_REVERSAL_UNCONFIRMED,1,0.45,LONG,1,0,0,0
NEARUSDT,1782295200000,2026-06-24T10:00:00.000Z,BEAR,LONG,12.847222222222221,12.54296875,IGNORE,0,WATCH,,0,0,0,NA,NA,NA,NA,NA,CLEAR,1,0,0,0,0,TREND_REVERSAL_UNCONFIRMED,1,0.45,LONG,1,0,0,0
NEARUSDT,1782298800000,2026-06-24T11:00:00.000Z,BEAR,LONG,25,13.5,IGNORE,0,WATCH,,0,0,0,NA,NA,NA,NA,NA,CLEAR,1,0,0,0,0,TREND_REVERSAL_UNCONFIRMED,1,0.45,LONG,1,0,0,0
NEARUSDT,1782302400000,2026-06-24T12:00:00.000Z,BEAR,LONG,12.802705079820567,12.53946302503587,IGNORE,0,WATCH,,0,0,0,NA,NA,NA,NA,NA,WARNING_SOFT,1,0,0,0,0,TREND_REVERSAL_UNCONFIRMED,1,0.45,LONG,1,0,0,0
NEARUSDT,1782306000000,2026-06-24T13:00:00.000Z,BEAR,LONG,25,13.5,IGNORE,0,WATCH,,0,0,0,NA,NA,NA,NA,NA,CLEAR,1,0,1,0,0,TREND_REVERSAL_UNCONFIRMED,1,0.45,LONG,1,0,0,0
NEARUSDT,1782309600000,2026-06-24T14:00:00.000Z,BEAR,LONG,23.15135597401159,13.354419282953412,IGNORE,0,WATCH,,0,0,0,NA,NA,NA,NA,NA,CLEAR,1,0,1,0,0,TREND_REVERSAL_UNCONFIRMED,1,0.45,LONG,1,0,0,0
NEARUSDT,1782313200000,2026-06-24T15:00:00.000Z,BEAR,LONG,25,13.5,IGNORE,0,WATCH,,0,0,0,NA,NA,NA,NA,NA,CLEAR,1,0,1,0,0,TREND_REVERSAL_UNCONFIRMED,1,0.45,LONG,1,0,0,0
NEARUSDT,1782316800000,2026-06-24T16:00:00.000Z,BEAR,LONG,41.666666666666664,18.46875,IGNORE,0,WATCH,,0,0,0,NA,NA,NA,NA,NA,CLEAR,1,0,1,0,0,TREND_REVERSAL_UNCONFIRMED,2,0.45,LONG,1,0,0,0
NEARUSDT,1782320400000,2026-06-24T17:00:00.000Z,BEAR,LONG,41.666666666666664,18.46875,IGNORE,0,WATCH,,0,0,0,NA,NA,NA,NA,NA,CLEAR,1,0,1,0,0,TREND_REVERSAL_UNCONFIRMED,2,0.45,LONG,1,0,0,0
NEARUSDT,1782324000000,2026-06-24T18:00:00.000Z,BEAR,LONG,44.742567934332385,18.710977224828678,IGNORE,0,WATCH,,0,0,0,NA,NA,NA,NA,NA,CLEAR,1,0,0,0,0,TREND_REVERSAL_UNCONFIRMED,2,0.45,LONG,1,0,0,0
NEARUSDT,1782327600000,2026-06-24T19:00:00.000Z,BEAR,LONG,0,7.875,IGNORE,0,WATCH,,0,0,0,NA,NA,NA,NA,NA,CLEAR,1,0,0,0,0,TREND_REVERSAL_UNCONFIRMED,0,0.45,LONG,1,0,0,0
NEARUSDT,1782331200000,2026-06-24T20:00:00.000Z,NEUTRAL,NONE,0,7.875,IGNORE,0,WATCH,,0,0,0,NA,NA,NA,NA,NA,BLOCK,0,0,0,0,0,TREND_REVERSAL_UNCONFIRMED,0,0.45,NONE,1,0,0,0
NEARUSDT,1782334800000,2026-06-24T21:00:00.000Z,NEUTRAL,NONE,0,7.875,IGNORE,0,WATCH,,0,0,0,NA,NA,NA,NA,NA,WARNING_SOFT,1,0,0,0,0,TREND_REVERSAL_UNCONFIRMED,0,0.45,NONE,1,0,0,0
NEARUSDT,1782338400000,2026-06-24T22:00:00.000Z,NEUTRAL,NONE,0,7.875,IGNORE,0,WATCH,,0,0,0,NA,NA,NA,NA,NA,WARNING_SOFT,1,0,0,0,0,TREND_REVERSAL_UNCONFIRMED,0,0.45,NONE,1,0,0,0
NEARUSDT,1782342000000,2026-06-24T23:00:00.000Z,NEUTRAL,NONE,0,7.875,IGNORE,0,WATCH,,0,0,0,NA,NA,NA,NA,NA,WARNING_SOFT,1,0,0,0,0,TREND_REVERSAL_UNCONFIRMED,0,0.45,NONE,1,0,0,0
NEARUSDT,1782345600000,2026-06-25T00:00:00.000Z,NEUTRAL,NONE,0,7.875,IGNORE,0,WATCH,,0,0,0,NA,NA,NA,NA,NA,WARNING_SOFT,1,0,0,0,0,TREND_REVERSAL_UNCONFIRMED,0,0.45,NONE,1,0,0,0
NEARUSDT,1782349200000,2026-06-25T01:00:00.000Z,NEUTRAL,NONE,0,7.875,IGNORE,0,WATCH,,0,0,0,NA,NA,NA,NA,NA,WARNING_SOFT,1,0,0,0,0,TREND_REVERSAL_UNCONFIRMED,0,0.45,NONE,1,0,0,0
NEARUSDT,1782352800000,2026-06-25T02:00:00.000Z,BEAR,LONG,0,7.875,IGNORE,0,WATCH,,0,0,0,NA,NA,NA,NA,NA,WARNING_SOFT,1,0,0,0,0,TREND_REVERSAL_UNCONFIRMED,0,0.45,LONG,1,0,0,0
NEARUSDT,1782356400000,2026-06-25T03:00:00.000Z,BEAR,LONG,25,13.5,IGNORE,0,WATCH,,0,0,0,NA,NA,NA,NA,NA,CLEAR,1,0,0,0,0,TREND_REVERSAL_UNCONFIRMED,1,0.45,LONG,1,0,0,0
NEARUSDT,1782360000000,2026-06-25T04:00:00.000Z,NEUTRAL,NONE,0,7.875,IGNORE,0,WATCH,,0,0,0,NA,NA,NA,NA,NA,WARNING_SOFT,1,0,0,0,0,TREND_REVERSAL_UNCONFIRMED,0,0.45,NONE,1,0,0,0
NEARUSDT,1782363600000,2026-06-25T05:00:00.000Z,NEUTRAL,NONE,0,7.875,IGNORE,0,WATCH,,0,0,0,NA,NA,NA,NA,NA,CLEAR,1,0,0,0,0,TREND_REVERSAL_UNCONFIRMED,0,0.45,NONE,1,0,0,0
NEARUSDT,1782367200000,2026-06-25T06:00:00.000Z,NEUTRAL,NONE,0,7.875,IGNORE,0,WATCH,,0,0,0,NA,NA,NA,NA,NA,CLEAR,1,0,0,0,0,TREND_REVERSAL_UNCONFIRMED,0,0.45,NONE,1,0,0,0
NEARUSDT,1782370800000,2026-06-25T07:00:00.000Z,NEUTRAL,NONE,0,7.875,IGNORE,0,WATCH,,0,0,0,NA,NA,NA,NA,NA,CLEAR,1,0,0,0,0,TREND_REVERSAL_UNCONFIRMED,0,0.45,NONE,1,0,0,0
NEARUSDT,1782374400000,2026-06-25T08:00:00.000Z,NEUTRAL,NONE,0,7.875,IGNORE,0,WATCH,,0,0,0,NA,NA,NA,NA,NA,CLEAR,1,0,0,0,0,TREND_REVERSAL_UNCONFIRMED,0,0.45,NONE,1,0,0,0
NEARUSDT,1782378000000,2026-06-25T09:00:00.000Z,BEAR,LONG,42.5,18.534375,IGNORE,0,WATCH,,0,0,0,NA,NA,NA,NA,NA,WARNING_HARD,1,0,0,0,0,TREND_REVERSAL_UNCONFIRMED,2,0.45,LONG,1,0,0,0
NEARUSDT,1782381600000,2026-06-25T10:00:00.000Z,BEAR,LONG,17.5,12.909375,IGNORE,0,WATCH,,0,0,0,NA,NA,NA,NA,NA,CLEAR,1,0,0,0,0,TREND_REVERSAL_UNCONFIRMED,1,0.45,LONG,1,0,0,0
NEARUSDT,1782385200000,2026-06-25T11:00:00.000Z,BEAR,LONG,42.5,18.534375,IGNORE,0,WATCH,,0,0,0,NA,NA,NA,NA,NA,CLEAR,1,0,0,0,0,TREND_REVERSAL_UNCONFIRMED,2,0.45,LONG,1,0,0,0
NEARUSDT,1782388800000,2026-06-25T12:00:00.000Z,BEAR,LONG,30.03628512404185,17.552857453518296,IGNORE,0,WATCH,,0,0,0,NA,NA,NA,NA,NA,CLEAR,1,0,0,0,0,TREND_REVERSAL_UNCONFIRMED,2,0.45,LONG,1,0,0,0
NEARUSDT,1782392400000,2026-06-25T13:00:00.000Z,BEAR,LONG,58.81944444444444,43.40145833333333,WATCH,1,WATCH,ACTIVE,1,1,0,FAIL,PASS,SKIP,SKIP,FAIL,WARNING_SOFT,1,0,1,0,0,MARKET_CONTEXT_DENIED,3,0.84,LONG,1,0,0,0
NEARUSDT,1782396000000,2026-06-25T14:00:00.000Z,BEAR,LONG,67.5,44.677499999999995,WATCH,1,WATCH,ACTIVE,1,1,0,FAIL,PASS,SKIP,SKIP,FAIL,CLEAR,1,0,0,0,0,MARKET_CONTEXT_DENIED,3,0.84,LONG,1,0,0,0
NEARUSDT,1782399600000,2026-06-25T15:00:00.000Z,BEAR,LONG,37.044089353680114,18.10472203660231,IGNORE,0,WATCH,,0,0,0,NA,NA,NA,NA,NA,CLEAR,1,0,0,0,0,TREND_REVERSAL_UNCONFIRMED,2,0.45,LONG,1,0,0,0
NEARUSDT,1782403200000,2026-06-25T16:00:00.000Z,BEAR,LONG,0,7.875,IGNORE,0,WATCH,,0,0,0,NA,NA,NA,NA,NA,CLEAR,1,0,0,0,0,TREND_REVERSAL_UNCONFIRMED,0,0.45,LONG,1,0,0,0
NEARUSDT,1782406800000,2026-06-25T17:00:00.000Z,BEAR,LONG,0,7.875,IGNORE,0,WATCH,,0,0,0,NA,NA,NA,NA,NA,CLEAR,1,0,0,0,0,TREND_REVERSAL_UNCONFIRMED,0,0.45,LONG,1,0,0,0
NEARUSDT,1782410400000,2026-06-25T18:00:00.000Z,BEAR,LONG,0,7.875,IGNORE,0,WATCH,,0,0,0,NA,NA,NA,NA,NA,CLEAR,1,0,0,0,0,TREND_REVERSAL_UNCONFIRMED,0,0.45,LONG,1,0,0,0
NEARUSDT,1782414000000,2026-06-25T19:00:00.000Z,BEAR,LONG,25,13.5,IGNORE,0,WATCH,,0,0,0,NA,NA,NA,NA,NA,CLEAR,1,0,0,0,0,TREND_REVERSAL_UNCONFIRMED,1,0.45,LONG,1,0,0,0
NEARUSDT,1782417600000,2026-06-25T20:00:00.000Z,BEAR,LONG,0,7.875,IGNORE,0,WATCH,,0,0,0,NA,NA,NA,NA,NA,CLEAR,1,0,0,0,0,TREND_REVERSAL_UNCONFIRMED,0,0.45,LONG,1,0,0,0
NEARUSDT,1782421200000,2026-06-25T21:00:00.000Z,BEAR,LONG,0,7.875,IGNORE,0,WATCH,,0,0,0,NA,NA,NA,NA,NA,CLEAR,1,0,0,0,0,TREND_REVERSAL_UNCONFIRMED,0,0.45,LONG,1,0,0,0
NEARUSDT,1782424800000,2026-06-25T22:00:00.000Z,BEAR,LONG,17.502688628356694,12.909586729483088,IGNORE,0,WATCH,,0,0,0,NA,NA,NA,NA,NA,CLEAR,1,0,0,0,0,TREND_REVERSAL_UNCONFIRMED,1,0.45,LONG,1,0,0,0
NEARUSDT,1782428400000,2026-06-25T23:00:00.000Z,BEAR,LONG,0,7.875,IGNORE,0,WATCH,,0,0,0,NA,NA,NA,NA,NA,CLEAR,1,0,0,0,0,TREND_REVERSAL_UNCONFIRMED,0,0.45,LONG,1,0,0,0
NEARUSDT,1782432000000,2026-06-26T00:00:00.000Z,BEAR,LONG,0,7.875,IGNORE,0,WATCH,,0,0,0,NA,NA,NA,NA,NA,CLEAR,1,0,0,0,0,TREND_REVERSAL_UNCONFIRMED,0,0.45,LONG,1,0,0,0
NEARUSDT,1782435600000,2026-06-26T01:00:00.000Z,BEAR,LONG,0,7.875,IGNORE,0,WATCH,,0,0,0,NA,NA,NA,NA,NA,CLEAR,1,0,0,0,0,TREND_REVERSAL_UNCONFIRMED,0,0.45,LONG,1,0,0,0
NEARUSDT,1782439200000,2026-06-26T02:00:00.000Z,BEAR,LONG,22.087584530091032,13.270647281744669,IGNORE,0,WATCH,,0,0,0,NA,NA,NA,NA,NA,CLEAR,1,0,1,0,0,TREND_REVERSAL_UNCONFIRMED,1,0.45,LONG,1,0,0,0
NEARUSDT,1782442800000,2026-06-26T03:00:00.000Z,BEAR,LONG,16.733034896302357,12.848976498083811,IGNORE,0,WATCH,,0,0,0,NA,NA,NA,NA,NA,CLEAR,1,0,0,0,0,TREND_REVERSAL_UNCONFIRMED,1,0.45,LONG,1,0,0,0
NEARUSDT,1782446400000,2026-06-26T04:00:00.000Z,BEAR,LONG,25,13.5,IGNORE,0,WATCH,,0,0,0,NA,NA,NA,NA,NA,CLEAR,1,0,0,0,0,TREND_REVERSAL_UNCONFIRMED,1,0.45,LONG,1,0,0,0
NEARUSDT,1782450000000,2026-06-26T05:00:00.000Z,BEAR,LONG,0,7.875,IGNORE,0,WATCH,,0,0,0,NA,NA,NA,NA,NA,WARNING_SOFT,1,0,0,0,0,TREND_REVERSAL_UNCONFIRMED,0,0.45,LONG,1,0,0,0
NEARUSDT,1782453600000,2026-06-26T06:00:00.000Z,NEUTRAL,NONE,0,7.875,IGNORE,0,WATCH,,0,0,0,NA,NA,NA,NA,NA,WARNING_SOFT,1,0,0,0,0,TREND_REVERSAL_UNCONFIRMED,0,0.45,NONE,1,0,0,0
NEARUSDT,1782457200000,2026-06-26T07:00:00.000Z,NEUTRAL,NONE,0,7.875,IGNORE,0,WATCH,,0,0,0,NA,NA,NA,NA,NA,CLEAR,1,0,0,0,0,TREND_REVERSAL_UNCONFIRMED,0,0.45,NONE,1,0,0,0
NEARUSDT,1782460800000,2026-06-26T08:00:00.000Z,BEAR,LONG,0,7.875,IGNORE,0,WATCH,,0,0,0,NA,NA,NA,NA,NA,WARNING_SOFT,1,0,0,0,0,TREND_REVERSAL_UNCONFIRMED,0,0.45,LONG,1,0,0,0
NEARUSDT,1782464400000,2026-06-26T09:00:00.000Z,BEAR,LONG,0,7.875,IGNORE,0,WATCH,,0,0,0,NA,NA,NA,NA,NA,CLEAR,1,0,0,0,0,TREND_REVERSAL_UNCONFIRMED,0,0.45,LONG,1,0,0,0
NEARUSDT,1782468000000,2026-06-26T10:00:00.000Z,BEAR,LONG,25,13.5,IGNORE,0,WATCH,,0,0,0,NA,NA,NA,NA,NA,CLEAR,1,0,0,0,0,TREND_REVERSAL_UNCONFIRMED,1,0.45,LONG,1,0,0,0
NEARUSDT,1782471600000,2026-06-26T11:00:00.000Z,BEAR,LONG,20.399654702764856,13.137722807842731,IGNORE,0,WATCH,,0,0,0,NA,NA,NA,NA,NA,CLEAR,1,0,0,0,0,TREND_REVERSAL_UNCONFIRMED,1,0.45,LONG,1,0,0,0
NEARUSDT,1782475200000,2026-06-26T12:00:00.000Z,BEAR,LONG,0,7.875,IGNORE,0,WATCH,,0,0,0,NA,NA,NA,NA,NA,CLEAR,1,0,0,0,0,TREND_REVERSAL_UNCONFIRMED,0,0.45,LONG,1,0,0,0
NEARUSDT,1782478800000,2026-06-26T13:00:00.000Z,BEAR,LONG,25,13.5,IGNORE,0,WATCH,,0,0,0,NA,NA,NA,NA,NA,CLEAR,1,0,0,0,0,TREND_REVERSAL_UNCONFIRMED,1,0.45,LONG,1,0,0,0
NEARUSDT,1782482400000,2026-06-26T14:00:00.000Z,BEAR,LONG,19.23174532547642,13.045749944381269,IGNORE,0,WATCH,,0,0,0,NA,NA,NA,NA,NA,CLEAR,1,0,0,0,0,TREND_REVERSAL_UNCONFIRMED,1,0.45,LONG,1,0,0,0
NEARUSDT,1782486000000,2026-06-26T15:00:00.000Z,BEAR,LONG,14.142243074346784,12.64495164210481,IGNORE,0,WATCH,,0,0,0,NA,NA,NA,NA,NA,WARNING_SOFT,1,0,0,0,0,TREND_REVERSAL_UNCONFIRMED,1,0.45,LONG,1,0,0,0
NEARUSDT,1782489600000,2026-06-26T16:00:00.000Z,BEAR,LONG,17.198362831561273,12.885621072985451,IGNORE,0,WATCH,,0,0,0,NA,NA,NA,NA,NA,WARNING_HARD,1,0,0,0,0,TREND_REVERSAL_UNCONFIRMED,1,0.45,LONG,1,0,0,0
NEARUSDT,1782493200000,2026-06-26T17:00:00.000Z,BEAR,LONG,25,13.5,IGNORE,0,WATCH,,0,0,0,NA,NA,NA,NA,NA,WARNING_SOFT,1,0,0,0,0,TREND_REVERSAL_UNCONFIRMED,1,0.45,LONG,1,0,0,0
NEARUSDT,1782496800000,2026-06-26T18:00:00.000Z,BEAR,LONG,0,7.875,IGNORE,0,WATCH,,0,0,0,NA,NA,NA,NA,NA,WARNING_SOFT,1,0,0,0,0,TREND_REVERSAL_UNCONFIRMED,0,0.45,LONG,1,0,0,0
NEARUSDT,1782500400000,2026-06-26T19:00:00.000Z,BEAR,LONG,0,7.875,IGNORE,0,WATCH,,0,0,0,NA,NA,NA,NA,NA,WARNING_SOFT,1,0,0,0,0,TREND_REVERSAL_UNCONFIRMED,0,0.45,LONG,1,0,0,0
NEARUSDT,1782504000000,2026-06-26T20:00:00.000Z,BEAR,LONG,0,7.875,IGNORE,0,WATCH,,0,0,0,NA,NA,NA,NA,NA,WARNING_SOFT,1,0,0,0,0,TREND_REVERSAL_UNCONFIRMED,0,0.45,LONG,1,0,0,0
NEARUSDT,1782507600000,2026-06-26T21:00:00.000Z,BEAR,LONG,20.37021404761776,13.135404356249898,IGNORE,0,WATCH,,0,0,0,NA,NA,NA,NA,NA,WARNING_SOFT,1,0,0,0,0,TREND_REVERSAL_UNCONFIRMED,1,0.45,LONG,1,0,0,0
NEARUSDT,1782511200000,2026-06-26T22:00:00.000Z,BEAR,LONG,0,7.875,IGNORE,0,WATCH,,0,0,0,NA,NA,NA,NA,NA,WARNING_SOFT,1,0,0,0,0,TREND_REVERSAL_UNCONFIRMED,0,0.45,LONG,1,0,0,0
NEARUSDT,1782514800000,2026-06-26T23:00:00.000Z,BEAR,LONG,25,13.5,IGNORE,0,WATCH,,0,0,0,NA,NA,NA,NA,NA,WARNING_HARD,1,0,0,0,0,TREND_REVERSAL_UNCONFIRMED,1,0.45,LONG,1,0,0,0
NEARUSDT,1782518400000,2026-06-27T00:00:00.000Z,BEAR,LONG,17.5,12.909375,IGNORE,0,WATCH,,0,0,0,NA,NA,NA,NA,NA,WARNING_SOFT,1,0,0,0,0,TREND_REVERSAL_UNCONFIRMED,1,0.45,LONG,1,0,0,0
NEARUSDT,1782522000000,2026-06-27T01:00:00.000Z,BEAR,LONG,17.5,12.909375,IGNORE,0,WATCH,,0,0,0,NA,NA,NA,NA,NA,WARNING_SOFT,1,0,0,0,0,TREND_REVERSAL_UNCONFIRMED,1,0.45,LONG,1,0,0,0
NEARUSDT,1782525600000,2026-06-27T02:00:00.000Z,NEUTRAL,NONE,0,7.875,IGNORE,0,WATCH,,0,0,0,NA,NA,NA,NA,NA,CLEAR,1,0,0,0,0,TREND_REVERSAL_UNCONFIRMED,0,0.45,NONE,1,0,0,0
NEARUSDT,1782529200000,2026-06-27T03:00:00.000Z,BEAR,LONG,17.5,12.909375,IGNORE,0,WATCH,,0,0,0,NA,NA,NA,NA,NA,WARNING_SOFT,1,0,0,0,0,TREND_REVERSAL_UNCONFIRMED,1,0.45,LONG,1,0,0,0
NEARUSDT,1782532800000,2026-06-27T04:00:00.000Z,BEAR,LONG,17.5,12.909375,IGNORE,0,WATCH,,0,0,0,NA,NA,NA,NA,NA,WARNING_SOFT,1,0,0,0,0,TREND_REVERSAL_UNCONFIRMED,1,0.45,LONG,1,0,0,0
NEARUSDT,1782536400000,2026-06-27T05:00:00.000Z,NEUTRAL,NONE,0,7.875,IGNORE,0,WATCH,,0,0,0,NA,NA,NA,NA,NA,WARNING_SOFT,1,0,0,0,0,TREND_REVERSAL_UNCONFIRMED,0,0.45,NONE,1,0,0,0
NEARUSDT,1782540000000,2026-06-27T06:00:00.000Z,BEAR,LONG,17.5,12.909375,IGNORE,0,WATCH,,0,0,0,NA,NA,NA,NA,NA,WARNING_SOFT,1,0,0,0,0,TREND_REVERSAL_UNCONFIRMED,1,0.45,LONG,1,0,0,0
NEARUSDT,1782543600000,2026-06-27T07:00:00.000Z,NEUTRAL,NONE,0,7.875,IGNORE,0,WATCH,,0,0,0,NA,NA,NA,NA,NA,WARNING_SOFT,1,0,0,0,0,TREND_REVERSAL_UNCONFIRMED,0,0.45,NONE,1,0,0,0
NEARUSDT,1782547200000,2026-06-27T08:00:00.000Z,BEAR,LONG,17.5,12.909375,IGNORE,0,WATCH,,0,0,0,NA,NA,NA,NA,NA,WARNING_SOFT,1,0,0,0,0,TREND_REVERSAL_UNCONFIRMED,1,0.45,LONG,1,0,0,0
NEARUSDT,1782550800000,2026-06-27T09:00:00.000Z,BEAR,LONG,17.5,12.909375,IGNORE,0,WATCH,,0,0,0,NA,NA,NA,NA,NA,WARNING_SOFT,1,0,0,0,0,TREND_REVERSAL_UNCONFIRMED,1,0.45,LONG,1,0,0,0
NEARUSDT,1782554400000,2026-06-27T10:00:00.000Z,BEAR,LONG,17.5,12.909375,IGNORE,0,WATCH,,0,0,0,NA,NA,NA,NA,NA,WARNING_SOFT,1,0,0,0,0,TREND_REVERSAL_UNCONFIRMED,1,0.45,LONG,1,0,0,0
NEARUSDT,1782558000000,2026-06-27T11:00:00.000Z,NEUTRAL,NONE,0,7.875,IGNORE,0,WATCH,,0,0,0,NA,NA,NA,NA,NA,BLOCK,0,0,0,0,0,TREND_REVERSAL_UNCONFIRMED,0,0.45,NONE,1,0,0,0
NEARUSDT,1782561600000,2026-06-27T12:00:00.000Z,NEUTRAL,NONE,0,7.875,IGNORE,0,WATCH,,0,0,0,NA,NA,NA,NA,NA,CLEAR,1,0,0,0,0,TREND_REVERSAL_UNCONFIRMED,0,0.45,NONE,1,0,0,0
NEARUSDT,1782565200000,2026-06-27T13:00:00.000Z,NEUTRAL,NONE,0,7.875,IGNORE,0,WATCH,,0,0,0,NA,NA,NA,NA,NA,CLEAR,1,1,0,0,0,TREND_REVERSAL_UNCONFIRMED,0,0.45,NONE,1,0,0,0
NEARUSDT,1782568800000,2026-06-27T14:00:00.000Z,NEUTRAL,NONE,0,7.875,IGNORE,0,WATCH,,0,0,0,NA,NA,NA,NA,NA,CLEAR,1,1,0,0,0,TREND_REVERSAL_UNCONFIRMED,0,0.45,NONE,1,0,0,0
NEARUSDT,1782572400000,2026-06-27T15:00:00.000Z,NEUTRAL,NONE,0,7.875,IGNORE,0,WATCH,,0,0,0,NA,NA,NA,NA,NA,CLEAR,1,0,0,0,0,TREND_REVERSAL_UNCONFIRMED,0,0.45,NONE,1,0,0,0
NEARUSDT,1782576000000,2026-06-27T16:00:00.000Z,NEUTRAL,NONE,0,7.875,IGNORE,0,WATCH,,0,0,0,NA,NA,NA,NA,NA,CLEAR,1,0,0,0,0,TREND_REVERSAL_UNCONFIRMED,0,0.45,NONE,1,0,0,0
NEARUSDT,1782579600000,2026-06-27T17:00:00.000Z,NEUTRAL,NONE,0,7.875,IGNORE,0,WATCH,,0,0,0,NA,NA,NA,NA,NA,CLEAR,1,0,0,0,0,TREND_REVERSAL_UNCONFIRMED,0,0.45,NONE,1,0,0,0
NEARUSDT,1782583200000,2026-06-27T18:00:00.000Z,BULL,SHORT,42.5,18.534375,IGNORE,0,WATCH,,0,0,0,NA,NA,NA,NA,NA,CLEAR,1,0,0,0,0,TREND_REVERSAL_UNCONFIRMED,2,0.45,SHORT,1,0,0,0
NEARUSDT,1782586800000,2026-06-27T19:00:00.000Z,BULL,SHORT,42.5,18.534375,IGNORE,0,WATCH,,0,0,0,NA,NA,NA,NA,NA,WARNING_SOFT,1,0,1,1,0,TREND_REVERSAL_UNCONFIRMED,2,0.45,SHORT,1,0,0,0
NEARUSDT,1782590400000,2026-06-27T20:00:00.000Z,BULL,SHORT,15.937432038793643,12.786322773055,IGNORE,0,WATCH,,0,0,0,NA,NA,NA,NA,NA,WARNING_SOFT,1,0,0,0,0,TREND_REVERSAL_UNCONFIRMED,1,0.45,SHORT,1,0,0,0
NEARUSDT,1782594000000,2026-06-27T21:00:00.000Z,BULL,SHORT,0,7.875,IGNORE,0,WATCH,,0,0,0,NA,NA,NA,NA,NA,WARNING_SOFT,1,0,0,0,0,TREND_REVERSAL_UNCONFIRMED,0,0.45,SHORT,1,0,0,0
NEARUSDT,1782597600000,2026-06-27T22:00:00.000Z,BULL,SHORT,0,7.875,IGNORE,0,WATCH,,0,0,0,NA,NA,NA,NA,NA,WARNING_SOFT,1,0,0,0,0,TREND_REVERSAL_UNCONFIRMED,0,0.45,SHORT,1,0,0,0
NEARUSDT,1782601200000,2026-06-27T23:00:00.000Z,BULL,SHORT,0,7.875,IGNORE,0,WATCH,,0,0,0,NA,NA,NA,NA,NA,WARNING_SOFT,1,0,0,0,0,TREND_REVERSAL_UNCONFIRMED,0,0.45,SHORT,1,0,0,0
NEARUSDT,1782604800000,2026-06-28T00:00:00.000Z,BULL,SHORT,25,13.5,IGNORE,0,WATCH,,0,0,0,NA,NA,NA,NA,NA,WARNING_HARD,1,0,0,0,0,TREND_REVERSAL_UNCONFIRMED,1,0.45,SHORT,1,0,0,0
NEARUSDT,1782608400000,2026-06-28T01:00:00.000Z,BULL,SHORT,0,7.875,IGNORE,0,WATCH,,0,0,0,NA,NA,NA,NA,NA,WARNING_SOFT,1,0,0,0,0,TREND_REVERSAL_UNCONFIRMED,0,0.45,SHORT,1,0,0,0
NEARUSDT,1782612000000,2026-06-28T02:00:00.000Z,BULL,SHORT,0,7.875,IGNORE,0,WATCH,,0,0,0,NA,NA,NA,NA,NA,WARNING_SOFT,1,0,0,0,0,TREND_REVERSAL_UNCONFIRMED,0,0.45,SHORT,1,0,0,0
NEARUSDT,1782615600000,2026-06-28T03:00:00.000Z,BULL,SHORT,0,7.875,IGNORE,0,WATCH,,0,0,0,NA,NA,NA,NA,NA,WARNING_SOFT,1,0,0,0,0,TREND_REVERSAL_UNCONFIRMED,0,0.45,SHORT,1,0,0,0
NEARUSDT,1782619200000,2026-06-28T04:00:00.000Z,BULL,SHORT,25,13.5,IGNORE,0,WATCH,,0,0,0,NA,NA,NA,NA,NA,WARNING_SOFT,1,0,0,0,0,TREND_REVERSAL_UNCONFIRMED,1,0.45,SHORT,1,0,0,0
NEARUSDT,1782622800000,2026-06-28T05:00:00.000Z,BULL,SHORT,0,7.875,IGNORE,0,WATCH,,0,0,0,NA,NA,NA,NA,NA,WARNING_SOFT,1,0,0,0,0,TREND_REVERSAL_UNCONFIRMED,0,0.45,SHORT,1,0,0,0
NEARUSDT,1782626400000,2026-06-28T06:00:00.000Z,NEUTRAL,NONE,0,7.875,IGNORE,0,WATCH,,0,0,0,NA,NA,NA,NA,NA,BLOCK,0,0,1,0,0,TREND_REVERSAL_UNCONFIRMED,0,0.45,NONE,1,0,0,0
NEARUSDT,1782630000000,2026-06-28T07:00:00.000Z,BULL,SHORT,0,7.875,IGNORE,0,WATCH,,0,0,0,NA,NA,NA,NA,NA,WARNING_SOFT,1,0,0,0,0,TREND_REVERSAL_UNCONFIRMED,0,0.45,SHORT,1,0,0,0
NEARUSDT,1782633600000,2026-06-28T08:00:00.000Z,BULL,SHORT,0,7.875,IGNORE,0,WATCH,,0,0,0,NA,NA,NA,NA,NA,WARNING_SOFT,1,0,0,0,0,TREND_REVERSAL_UNCONFIRMED,0,0.45,SHORT,1,0,0,0
NEARUSDT,1782637200000,2026-06-28T09:00:00.000Z,NEUTRAL,NONE,0,7.875,IGNORE,0,WATCH,,0,0,0,NA,NA,NA,NA,NA,WARNING_SOFT,1,0,0,0,0,TREND_REVERSAL_UNCONFIRMED,0,0.45,NONE,1,0,0,0
NEARUSDT,1782640800000,2026-06-28T10:00:00.000Z,NEUTRAL,NONE,0,7.875,IGNORE,0,WATCH,,0,0,0,NA,NA,NA,NA,NA,WARNING_SOFT,1,0,0,0,0,TREND_REVERSAL_UNCONFIRMED,0,0.45,NONE,1,0,0,0
NEARUSDT,1782644400000,2026-06-28T11:00:00.000Z,NEUTRAL,NONE,0,7.875,IGNORE,0,WATCH,,0,0,0,NA,NA,NA,NA,NA,WARNING_SOFT,1,0,0,0,0,TREND_REVERSAL_UNCONFIRMED,0,0.45,NONE,1,0,0,0
NEARUSDT,1782648000000,2026-06-28T12:00:00.000Z,NEUTRAL,NONE,0,7.875,IGNORE,0,WATCH,,0,0,0,NA,NA,NA,NA,NA,WARNING_SOFT,1,0,0,0,0,TREND_REVERSAL_UNCONFIRMED,0,0.45,NONE,1,0,0,0
NEARUSDT,1782651600000,2026-06-28T13:00:00.000Z,NEUTRAL,NONE,0,7.875,IGNORE,0,WATCH,,0,0,0,NA,NA,NA,NA,NA,BLOCK,0,0,0,0,0,TREND_REVERSAL_UNCONFIRMED,0,0.45,NONE,1,0,0,0
NEARUSDT,1782655200000,2026-06-28T14:00:00.000Z,BULL,SHORT,42.5,18.534375,IGNORE,0,WATCH,,0,0,0,NA,NA,NA,NA,NA,WARNING_SOFT,1,0,0,0,0,TREND_REVERSAL_UNCONFIRMED,2,0.45,SHORT,1,0,0,0
NEARUSDT,1782658800000,2026-06-28T15:00:00.000Z,NEUTRAL,NONE,0,7.875,IGNORE,0,WATCH,,0,0,0,NA,NA,NA,NA,NA,WARNING_SOFT,1,0,0,0,0,TREND_REVERSAL_UNCONFIRMED,0,0.45,NONE,1,0,0,0
NEARUSDT,1782662400000,2026-06-28T16:00:00.000Z,NEUTRAL,NONE,0,7.875,IGNORE,0,WATCH,,0,0,0,NA,NA,NA,NA,NA,WARNING_SOFT,1,0,0,0,0,TREND_REVERSAL_UNCONFIRMED,0,0.45,NONE,1,0,0,0
NEARUSDT,1782666000000,2026-06-28T17:00:00.000Z,NEUTRAL,NONE,0,7.875,IGNORE,0,WATCH,,0,0,0,NA,NA,NA,NA,NA,BLOCK,0,0,1,0,0,TREND_REVERSAL_UNCONFIRMED,0,0.45,NONE,1,0,0,0
NEARUSDT,1782669600000,2026-06-28T18:00:00.000Z,NEUTRAL,NONE,0,7.875,IGNORE,0,WATCH,,0,0,0,NA,NA,NA,NA,NA,WARNING_SOFT,1,0,0,0,0,TREND_REVERSAL_UNCONFIRMED,0,0.45,NONE,1,0,0,0
NEARUSDT,1782673200000,2026-06-28T19:00:00.000Z,BEAR,LONG,0,7.875,IGNORE,0,WATCH,,0,0,0,NA,NA,NA,NA,NA,CLEAR,1,0,0,0,0,TREND_REVERSAL_UNCONFIRMED,0,0.45,LONG,1,0,0,0
NEARUSDT,1782676800000,2026-06-28T20:00:00.000Z,BEAR,LONG,0,7.875,IGNORE,0,WATCH,,0,0,0,NA,NA,NA,NA,NA,CLEAR,1,0,0,0,0,TREND_REVERSAL_UNCONFIRMED,0,0.45,LONG,1,0,0,0
NEARUSDT,1782680400000,2026-06-28T21:00:00.000Z,BEAR,LONG,0,7.875,IGNORE,0,WATCH,,0,0,0,NA,NA,NA,NA,NA,CLEAR,1,0,0,0,0,TREND_REVERSAL_UNCONFIRMED,0,0.45,LONG,1,0,0,0
NEARUSDT,1782684000000,2026-06-28T22:00:00.000Z,BEAR,LONG,0,7.875,IGNORE,0,WATCH,,0,0,0,NA,NA,NA,NA,NA,CLEAR,1,0,0,0,0,TREND_REVERSAL_UNCONFIRMED,0,0.45,LONG,1,0,0,0
NEARUSDT,1782687600000,2026-06-28T23:00:00.000Z,BEAR,LONG,17.878015719805767,12.939143737934703,IGNORE,0,WATCH,,0,0,0,NA,NA,NA,NA,NA,CLEAR,1,0,0,0,0,TREND_REVERSAL_UNCONFIRMED,1,0.45,LONG,1,0,0,0
NEARUSDT,1782691200000,2026-06-29T00:00:00.000Z,BEAR,LONG,25,13.5,IGNORE,0,WATCH,,0,0,0,NA,NA,NA,NA,NA,CLEAR,1,0,0,0,0,TREND_REVERSAL_UNCONFIRMED,1,0.45,LONG,1,0,0,0
NEARUSDT,1782694800000,2026-06-29T01:00:00.000Z,BEAR,LONG,0,7.875,IGNORE,0,WATCH,,0,0,0,NA,NA,NA,NA,NA,CLEAR,1,0,0,0,0,TREND_REVERSAL_UNCONFIRMED,0,0.45,LONG,1,0,0,0
NEARUSDT,1782698400000,2026-06-29T02:00:00.000Z,NEUTRAL,NONE,0,7.875,IGNORE,0,WATCH,,0,0,0,NA,NA,NA,NA,NA,CLEAR,1,0,0,0,0,TREND_REVERSAL_UNCONFIRMED,0,0.45,NONE,1,0,0,0
NEARUSDT,1782702000000,2026-06-29T03:00:00.000Z,NEUTRAL,NONE,0,7.875,IGNORE,0,WATCH,,0,0,0,NA,NA,NA,NA,NA,CLEAR,1,0,0,0,0,TREND_REVERSAL_UNCONFIRMED,0,0.45,NONE,1,0,0,0
NEARUSDT,1782705600000,2026-06-29T04:00:00.000Z,BEAR,LONG,0,7.875,IGNORE,0,WATCH,,0,0,0,NA,NA,NA,NA,NA,WARNING_SOFT,1,0,0,0,0,TREND_REVERSAL_UNCONFIRMED,0,0.45,LONG,1,0,0,0
NEARUSDT,1782709200000,2026-06-29T05:00:00.000Z,NEUTRAL,NONE,0,7.875,IGNORE,0,WATCH,,0,0,0,NA,NA,NA,NA,NA,WARNING_SOFT,1,0,0,0,0,TREND_REVERSAL_UNCONFIRMED,0,0.45,NONE,1,0,0,0
NEARUSDT,1782712800000,2026-06-29T06:00:00.000Z,NEUTRAL,NONE,0,7.875,IGNORE,0,WATCH,,0,0,0,NA,NA,NA,NA,NA,CLEAR,1,0,0,0,0,TREND_REVERSAL_UNCONFIRMED,0,0.45,NONE,1,0,0,0
NEARUSDT,1782716400000,2026-06-29T07:00:00.000Z,NEUTRAL,NONE,0,7.875,IGNORE,0,WATCH,,0,0,0,NA,NA,NA,NA,NA,CLEAR,1,0,0,0,0,TREND_REVERSAL_UNCONFIRMED,0,0.45,NONE,1,0,0,0
NEARUSDT,1782720000000,2026-06-29T08:00:00.000Z,BEAR,LONG,12.746556662263153,12.535041337153224,IGNORE,0,WATCH,,0,0,0,NA,NA,NA,NA,NA,WARNING_SOFT,1,0,0,0,0,TREND_REVERSAL_UNCONFIRMED,1,0.45,LONG,1,0,0,0
NEARUSDT,1782723600000,2026-06-29T09:00:00.000Z,BEAR,LONG,0,7.875,IGNORE,0,WATCH,,0,0,0,NA,NA,NA,NA,NA,WARNING_SOFT,1,0,0,0,0,TREND_REVERSAL_UNCONFIRMED,0,0.45,LONG,1,0,0,0
NEARUSDT,1782727200000,2026-06-29T10:00:00.000Z,NEUTRAL,NONE,0,7.875,IGNORE,0,WATCH,,0,0,0,NA,NA,NA,NA,NA,CLEAR,1,0,0,0,0,TREND_REVERSAL_UNCONFIRMED,0,0.45,NONE,1,0,0,0
NEARUSDT,1782730800000,2026-06-29T11:00:00.000Z,BEAR,LONG,0,7.875,IGNORE,0,WATCH,,0,0,0,NA,NA,NA,NA,NA,WARNING_SOFT,1,0,0,0,0,TREND_REVERSAL_UNCONFIRMED,0,0.45,LONG,1,0,0,0
NEARUSDT,1782734400000,2026-06-29T12:00:00.000Z,BEAR,LONG,25,13.5,IGNORE,0,WATCH,,0,0,0,NA,NA,NA,NA,NA,BLOCK,0,0,0,0,0,TREND_REVERSAL_UNCONFIRMED,1,0.45,LONG,1,0,0,0
NEARUSDT,1782738000000,2026-06-29T13:00:00.000Z,BEAR,LONG,49.9698907539553,19.12262889687398,IGNORE,0,WATCH,,0,0,0,NA,NA,NA,NA,NA,WARNING_SOFT,1,0,0,0,0,TREND_REVERSAL_UNCONFIRMED,2,0.45,LONG,1,0,0,0
NEARUSDT,1782741600000,2026-06-29T14:00:00.000Z,BEAR,LONG,25,13.5,IGNORE,0,WATCH,,0,0,0,NA,NA,NA,NA,NA,CLEAR,1,0,0,0,0,TREND_REVERSAL_UNCONFIRMED,1,0.45,LONG,1,0,0,0
NEARUSDT,1782745200000,2026-06-29T15:00:00.000Z,BEAR,LONG,0,7.875,IGNORE,0,WATCH,,0,0,0,NA,NA,NA,NA,NA,CLEAR,1,0,0,0,0,TREND_REVERSAL_UNCONFIRMED,0,0.45,LONG,1,0,0,0
NEARUSDT,1782748800000,2026-06-29T16:00:00.000Z,NEUTRAL,NONE,0,7.875,IGNORE,0,WATCH,,0,0,0,NA,NA,NA,NA,NA,WARNING_SOFT,1,0,0,0,0,TREND_REVERSAL_UNCONFIRMED,0,0.45,NONE,1,0,0,0
NEARUSDT,1782752400000,2026-06-29T17:00:00.000Z,BULL,SHORT,42.5,18.534375,IGNORE,0,WATCH,,0,0,0,NA,NA,NA,NA,NA,CLEAR,1,0,0,0,0,TREND_REVERSAL_UNCONFIRMED,2,0.45,SHORT,1,0,0,0
NEARUSDT,1782756000000,2026-06-29T18:00:00.000Z,BULL,SHORT,17.5,12.909375,IGNORE,0,WATCH,,0,0,0,NA,NA,NA,NA,NA,CLEAR,1,0,0,0,0,TREND_REVERSAL_UNCONFIRMED,1,0.45,SHORT,1,0,0,0
NEARUSDT,1782759600000,2026-06-29T19:00:00.000Z,BULL,SHORT,17.5,12.909375,IGNORE,0,WATCH,,0,0,0,NA,NA,NA,NA,NA,CLEAR,1,0,0,0,0,TREND_REVERSAL_UNCONFIRMED,1,0.45,SHORT,1,0,0,0
NEARUSDT,1782763200000,2026-06-29T20:00:00.000Z,BULL,SHORT,17.5,12.909375,IGNORE,0,WATCH,,0,0,0,NA,NA,NA,NA,NA,CLEAR,1,0,0,0,0,TREND_REVERSAL_UNCONFIRMED,1,0.45,SHORT,1,0,0,0
NEARUSDT,1782766800000,2026-06-29T21:00:00.000Z,NEUTRAL,NONE,0,7.875,IGNORE,0,WATCH,,0,0,0,NA,NA,NA,NA,NA,WARNING_SOFT,1,0,0,0,0,TREND_REVERSAL_UNCONFIRMED,0,0.45,NONE,1,0,0,0
NEARUSDT,1782770400000,2026-06-29T22:00:00.000Z,NEUTRAL,NONE,0,7.875,IGNORE,0,WATCH,,0,0,0,NA,NA,NA,NA,NA,WARNING_SOFT,1,0,0,0,0,TREND_REVERSAL_UNCONFIRMED,0,0.45,NONE,1,0,0,0
NEARUSDT,1782774000000,2026-06-29T23:00:00.000Z,BULL,SHORT,0,7.875,IGNORE,0,WATCH,,0,0,0,NA,NA,NA,NA,NA,WARNING_SOFT,1,0,0,0,0,TREND_REVERSAL_UNCONFIRMED,0,0.45,SHORT,1,0,0,0
NEARUSDT,1782777600000,2026-06-30T00:00:00.000Z,NEUTRAL,NONE,0,7.875,IGNORE,0,WATCH,,0,0,0,NA,NA,NA,NA,NA,WARNING_SOFT,1,0,0,0,0,TREND_REVERSAL_UNCONFIRMED,0,0.45,NONE,1,0,0,0
NEARUSDT,1782781200000,2026-06-30T01:00:00.000Z,NEUTRAL,NONE,0,7.875,IGNORE,0,WATCH,,0,0,0,NA,NA,NA,NA,NA,WARNING_SOFT,1,0,0,0,0,TREND_REVERSAL_UNCONFIRMED,0,0.45,NONE,1,0,0,0
NEARUSDT,1782784800000,2026-06-30T02:00:00.000Z,NEUTRAL,NONE,0,7.875,IGNORE,0,WATCH,,0,0,0,NA,NA,NA,NA,NA,WARNING_SOFT,1,0,0,0,0,TREND_REVERSAL_UNCONFIRMED,0,0.45,NONE,1,0,0,0
NEARUSDT,1782788400000,2026-06-30T03:00:00.000Z,BEAR,LONG,17.5,12.909375,IGNORE,0,WATCH,,0,0,0,NA,NA,NA,NA,NA,CLEAR,1,0,0,0,0,TREND_REVERSAL_UNCONFIRMED,1,0.45,LONG,1,0,0,0
NEARUSDT,1782792000000,2026-06-30T04:00:00.000Z,BULL,SHORT,0,7.875,IGNORE,0,WATCH,,0,0,0,NA,NA,NA,NA,NA,WARNING_SOFT,1,0,0,0,0,TREND_REVERSAL_UNCONFIRMED,0,0.45,SHORT,1,0,0,0
NEARUSDT,1782795600000,2026-06-30T05:00:00.000Z,BULL,SHORT,0,7.875,IGNORE,0,WATCH,,0,0,0,NA,NA,NA,NA,NA,WARNING_SOFT,1,0,0,0,0,TREND_REVERSAL_UNCONFIRMED,0,0.45,SHORT,1,0,0,0
NEARUSDT,1782799200000,2026-06-30T06:00:00.000Z,NEUTRAL,NONE,0,7.875,IGNORE,0,WATCH,,0,0,0,NA,NA,NA,NA,NA,BLOCK,0,0,0,0,0,TREND_REVERSAL_UNCONFIRMED,0,0.45,NONE,1,0,0,0
NEARUSDT,1782802800000,2026-06-30T07:00:00.000Z,BULL,SHORT,0,7.875,IGNORE,0,WATCH,,0,0,0,NA,NA,NA,NA,NA,WARNING_SOFT,1,0,0,0,0,TREND_REVERSAL_UNCONFIRMED,0,0.45,SHORT,1,0,0,0
NEARUSDT,1782806400000,2026-06-30T08:00:00.000Z,NEUTRAL,NONE,0,7.875,IGNORE,0,WATCH,,0,0,0,NA,NA,NA,NA,NA,WARNING_SOFT,1,0,0,0,0,TREND_REVERSAL_UNCONFIRMED,0,0.45,NONE,1,0,0,0
NEARUSDT,1782810000000,2026-06-30T09:00:00.000Z,BEAR,LONG,17.5,12.909375,IGNORE,0,WATCH,,0,0,0,NA,NA,NA,NA,NA,CLEAR,1,0,0,0,0,TREND_REVERSAL_UNCONFIRMED,1,0.45,LONG,1,0,0,0
NEARUSDT,1782813600000,2026-06-30T10:00:00.000Z,NEUTRAL,NONE,0,7.875,IGNORE,0,WATCH,,0,0,0,NA,NA,NA,NA,NA,WARNING_SOFT,1,0,0,0,0,TREND_REVERSAL_UNCONFIRMED,0,0.45,NONE,1,0,0,0
NEARUSDT,1782817200000,2026-06-30T11:00:00.000Z,BEAR,LONG,17.5,12.909375,IGNORE,0,WATCH,,0,0,0,NA,NA,NA,NA,NA,CLEAR,1,0,0,0,0,TREND_REVERSAL_UNCONFIRMED,1,0.45,LONG,1,0,0,0
NEARUSDT,1782820800000,2026-06-30T12:00:00.000Z,BEAR,LONG,42.5,18.534375,IGNORE,0,WATCH,,0,0,0,NA,NA,NA,NA,NA,CLEAR,1,0,0,0,0,TREND_REVERSAL_UNCONFIRMED,2,0.45,LONG,1,0,0,0
NEARUSDT,1782824400000,2026-06-30T13:00:00.000Z,BEAR,LONG,42.5,18.534375,IGNORE,0,WATCH,,0,0,0,NA,NA,NA,NA,NA,CLEAR,1,0,0,0,0,TREND_REVERSAL_UNCONFIRMED,2,0.45,LONG,1,0,0,0
NEARUSDT,1782828000000,2026-06-30T14:00:00.000Z,BEAR,LONG,35.35696001407993,17.971860601108794,IGNORE,0,WATCH,,0,0,0,NA,NA,NA,NA,NA,CLEAR,1,0,0,0,0,TREND_REVERSAL_UNCONFIRMED,2,0.45,LONG,1,0,0,0
NEARUSDT,1782831600000,2026-06-30T15:00:00.000Z,BEAR,LONG,17.5,12.909375,IGNORE,0,WATCH,,0,0,0,NA,NA,NA,NA,NA,CLEAR,1,0,0,0,0,TREND_REVERSAL_UNCONFIRMED,1,0.45,LONG,1,0,0,0
NEARUSDT,1782835200000,2026-06-30T16:00:00.000Z,BEAR,LONG,0,7.875,IGNORE,0,WATCH,,0,0,0,NA,NA,NA,NA,NA,CLEAR,1,0,0,0,0,TREND_REVERSAL_UNCONFIRMED,0,0.45,LONG,1,0,0,0
NEARUSDT,1782838800000,2026-06-30T17:00:00.000Z,BEAR,LONG,25,13.5,IGNORE,0,WATCH,,0,0,0,NA,NA,NA,NA,NA,CLEAR,1,0,0,0,0,TREND_REVERSAL_UNCONFIRMED,1,0.45,LONG,1,0,0,0
NEARUSDT,1782842400000,2026-06-30T18:00:00.000Z,BEAR,LONG,0,7.875,IGNORE,0,WATCH,,0,0,0,NA,NA,NA,NA,NA,CLEAR,1,0,0,0,0,TREND_REVERSAL_UNCONFIRMED,0,0.45,LONG,1,0,0,0
NEARUSDT,1782846000000,2026-06-30T19:00:00.000Z,BEAR,LONG,0,7.875,IGNORE,0,WATCH,,0,0,0,NA,NA,NA,NA,NA,CLEAR,1,0,0,0,0,TREND_REVERSAL_UNCONFIRMED,0,0.45,LONG,1,0,0,0
NEARUSDT,1782849600000,2026-06-30T20:00:00.000Z,BEAR,LONG,0,7.875,IGNORE,0,WATCH,,0,0,0,NA,NA,NA,NA,NA,CLEAR,1,0,0,0,0,TREND_REVERSAL_UNCONFIRMED,0,0.45,LONG,1,0,0,0
NEARUSDT,1782853200000,2026-06-30T21:00:00.000Z,BEAR,LONG,0,7.875,IGNORE,0,WATCH,,0,0,0,NA,NA,NA,NA,NA,CLEAR,1,0,0,0,0,TREND_REVERSAL_UNCONFIRMED,0,0.45,LONG,1,0,0,0
NEARUSDT,1782856800000,2026-06-30T22:00:00.000Z,BEAR,LONG,0,7.875,IGNORE,0,WATCH,,0,0,0,NA,NA,NA,NA,NA,CLEAR,1,0,0,0,0,TREND_REVERSAL_UNCONFIRMED,0,0.45,LONG,1,0,0,0
NEARUSDT,1782860400000,2026-06-30T23:00:00.000Z,BEAR,LONG,0,7.875,IGNORE,0,WATCH,,0,0,0,NA,NA,NA,NA,NA,CLEAR,1,0,0,0,0,TREND_REVERSAL_UNCONFIRMED,0,0.45,LONG,1,0,0,0
NEARUSDT,1782864000000,2026-07-01T00:00:00.000Z,BEAR,LONG,0,7.875,IGNORE,0,WATCH,,0,0,0,NA,NA,NA,NA,NA,CLEAR,1,0,0,0,0,TREND_REVERSAL_UNCONFIRMED,0,0.45,LONG,1,0,0,0
NEARUSDT,1782867600000,2026-07-01T01:00:00.000Z,BEAR,LONG,25,13.5,IGNORE,0,WATCH,,0,0,0,NA,NA,NA,NA,NA,CLEAR,1,0,1,0,0,TREND_REVERSAL_UNCONFIRMED,1,0.45,LONG,1,0,0,0
NEARUSDT,1782871200000,2026-07-01T02:00:00.000Z,NEUTRAL,NONE,0,7.875,IGNORE,0,WATCH,,0,0,0,NA,NA,NA,NA,NA,WARNING_SOFT,1,0,0,0,0,TREND_REVERSAL_UNCONFIRMED,0,0.45,NONE,1,0,0,0
NEARUSDT,1782874800000,2026-07-01T03:00:00.000Z,NEUTRAL,NONE,0,7.875,IGNORE,0,WATCH,,0,0,0,NA,NA,NA,NA,NA,CLEAR,1,0,0,0,0,TREND_REVERSAL_UNCONFIRMED,0,0.45,NONE,1,0,0,0
NEARUSDT,1782878400000,2026-07-01T04:00:00.000Z,NEUTRAL,NONE,0,7.875,IGNORE,0,WATCH,,0,0,0,NA,NA,NA,NA,NA,CLEAR,1,0,0,0,0,TREND_REVERSAL_UNCONFIRMED,0,0.45,NONE,1,0,0,0
NEARUSDT,1782882000000,2026-07-01T05:00:00.000Z,NEUTRAL,NONE,0,7.875,IGNORE,0,WATCH,,0,0,0,NA,NA,NA,NA,NA,CLEAR,1,0,0,0,0,TREND_REVERSAL_UNCONFIRMED,0,0.45,NONE,1,0,0,0
NEARUSDT,1782885600000,2026-07-01T06:00:00.000Z,BEAR,LONG,0,7.875,IGNORE,0,WATCH,,0,0,0,NA,NA,NA,NA,NA,WARNING_SOFT,1,0,0,0,0,TREND_REVERSAL_UNCONFIRMED,0,0.45,LONG,1,0,0,0
NEARUSDT,1782889200000,2026-07-01T07:00:00.000Z,BEAR,LONG,0,7.875,IGNORE,0,WATCH,,0,0,0,NA,NA,NA,NA,NA,CLEAR,1,0,0,0,0,TREND_REVERSAL_UNCONFIRMED,0,0.45,LONG,1,0,0,0
NEARUSDT,1782892800000,2026-07-01T08:00:00.000Z,BEAR,LONG,15.649517547803738,12.763649506889546,IGNORE,0,WATCH,,0,0,0,NA,NA,NA,NA,NA,CLEAR,1,0,0,0,0,TREND_REVERSAL_UNCONFIRMED,1,0.45,LONG,1,0,0,0
NEARUSDT,1782896400000,2026-07-01T09:00:00.000Z,BEAR,LONG,25,13.5,IGNORE,0,WATCH,,0,0,0,NA,NA,NA,NA,NA,CLEAR,1,0,0,0,0,TREND_REVERSAL_UNCONFIRMED,1,0.45,LONG,1,0,0,0
NEARUSDT,1782900000000,2026-07-01T10:00:00.000Z,BEAR,LONG,0,7.875,IGNORE,0,WATCH,,0,0,0,NA,NA,NA,NA,NA,CLEAR,1,0,0,0,0,TREND_REVERSAL_UNCONFIRMED,0,0.45,LONG,1,0,0,0
NEARUSDT,1782903600000,2026-07-01T11:00:00.000Z,BEAR,LONG,17.5,12.909375,IGNORE,0,WATCH,,0,0,0,NA,NA,NA,NA,NA,CLEAR,1,0,0,0,0,TREND_REVERSAL_UNCONFIRMED,1,0.45,LONG,1,0,0,0
NEARUSDT,1782907200000,2026-07-01T12:00:00.000Z,BEAR,LONG,17.5,12.909375,IGNORE,0,WATCH,,0,0,0,NA,NA,NA,NA,NA,CLEAR,1,0,0,0,0,TREND_REVERSAL_UNCONFIRMED,1,0.45,LONG,1,0,0,0
NEARUSDT,1782910800000,2026-07-01T13:00:00.000Z,NEUTRAL,NONE,0,7.875,IGNORE,0,WATCH,,0,0,0,NA,NA,NA,NA,NA,WARNING_SOFT,1,0,0,0,0,TREND_REVERSAL_UNCONFIRMED,0,0.45,NONE,1,0,0,0
NEARUSDT,1782914400000,2026-07-01T14:00:00.000Z,NEUTRAL,NONE,0,7.875,IGNORE,0,WATCH,,0,0,0,NA,NA,NA,NA,NA,CLEAR,1,0,0,0,0,TREND_REVERSAL_UNCONFIRMED,0,0.45,NONE,1,0,0,0
NEARUSDT,1782918000000,2026-07-01T15:00:00.000Z,NEUTRAL,NONE,0,7.875,IGNORE,0,WATCH,,0,0,0,NA,NA,NA,NA,NA,CLEAR,1,0,0,0,0,TREND_REVERSAL_UNCONFIRMED,0,0.45,NONE,1,0,0,0
NEARUSDT,1782921600000,2026-07-01T16:00:00.000Z,NEUTRAL,NONE,0,7.875,IGNORE,0,WATCH,,0,0,0,NA,NA,NA,NA,NA,CLEAR,1,0,0,0,0,TREND_REVERSAL_UNCONFIRMED,0,0.45,NONE,1,0,0,0
NEARUSDT,1782925200000,2026-07-01T17:00:00.000Z,NEUTRAL,NONE,0,7.875,IGNORE,0,WATCH,,0,0,0,NA,NA,NA,NA,NA,CLEAR,1,0,0,0,0,TREND_REVERSAL_UNCONFIRMED,0,0.45,NONE,1,0,0,0
NEARUSDT,1782928800000,2026-07-01T18:00:00.000Z,NEUTRAL,NONE,0,7.875,IGNORE,0,WATCH,,0,0,0,NA,NA,NA,NA,NA,CLEAR,1,0,0,0,0,TREND_REVERSAL_UNCONFIRMED,0,0.45,NONE,1,0,0,0
NEARUSDT,1782932400000,2026-07-01T19:00:00.000Z,NEUTRAL,NONE,0,7.875,IGNORE,0,WATCH,,0,0,0,NA,NA,NA,NA,NA,CLEAR,1,0,0,0,0,TREND_REVERSAL_UNCONFIRMED,0,0.45,NONE,1,0,0,0
NEARUSDT,1782936000000,2026-07-01T20:00:00.000Z,NEUTRAL,NONE,0,7.875,IGNORE,0,WATCH,,0,0,0,NA,NA,NA,NA,NA,CLEAR,1,0,0,0,0,TREND_REVERSAL_UNCONFIRMED,0,0.45,NONE,1,0,0,0
NEARUSDT,1782939600000,2026-07-01T21:00:00.000Z,NEUTRAL,NONE,0,7.875,IGNORE,0,WATCH,,0,0,0,NA,NA,NA,NA,NA,CLEAR,1,0,0,0,0,TREND_REVERSAL_UNCONFIRMED,0,0.45,NONE,1,0,0,0
NEARUSDT,1782943200000,2026-07-01T22:00:00.000Z,BULL,SHORT,17.261019510540063,12.89055528645503,IGNORE,0,WATCH,,0,0,0,NA,NA,NA,NA,NA,CLEAR,1,0,0,0,0,TREND_REVERSAL_UNCONFIRMED,1,0.45,SHORT,1,0,0,0
NEARUSDT,1782946800000,2026-07-01T23:00:00.000Z,BEAR,LONG,17.41874251533761,12.902975973082837,IGNORE,0,WATCH,,0,0,0,NA,NA,NA,NA,NA,WARNING_SOFT,1,0,0,0,0,TREND_REVERSAL_UNCONFIRMED,1,0.45,LONG,1,0,0,0
NEARUSDT,1782950400000,2026-07-02T00:00:00.000Z,NEUTRAL,NONE,0,7.875,IGNORE,0,WATCH,,0,0,0,NA,NA,NA,NA,NA,WARNING_SOFT,1,0,0,0,0,TREND_REVERSAL_UNCONFIRMED,0,0.45,NONE,1,0,0,0
NEARUSDT,1782954000000,2026-07-02T01:00:00.000Z,BULL,SHORT,25,13.5,IGNORE,0,WATCH,,0,0,0,NA,NA,NA,NA,NA,CLEAR,1,1,0,0,0,TREND_REVERSAL_UNCONFIRMED,1,0.45,SHORT,1,0,0,0
NEARUSDT,1782957600000,2026-07-02T02:00:00.000Z,BULL,SHORT,25,13.5,IGNORE,0,WATCH,,0,0,0,NA,NA,NA,NA,NA,CLEAR,1,0,0,0,0,TREND_REVERSAL_UNCONFIRMED,1,0.45,SHORT,1,0,0,0
NEARUSDT,1782961200000,2026-07-02T03:00:00.000Z,BULL,SHORT,17.21708559449937,12.887095490566825,IGNORE,0,WATCH,,0,0,0,NA,NA,NA,NA,NA,CLEAR,1,0,0,0,0,TREND_REVERSAL_UNCONFIRMED,1,0.45,SHORT,1,0,0,0
NEARUSDT,1782964800000,2026-07-02T04:00:00.000Z,BULL,SHORT,0,7.875,IGNORE,0,WATCH,,0,0,0,NA,NA,NA,NA,NA,CLEAR,1,0,0,0,0,TREND_REVERSAL_UNCONFIRMED,0,0.45,SHORT,1,0,0,0
NEARUSDT,1782968400000,2026-07-02T05:00:00.000Z,BULL,SHORT,25,13.5,IGNORE,0,WATCH,,0,0,0,NA,NA,NA,NA,NA,CLEAR,1,0,0,0,0,TREND_REVERSAL_UNCONFIRMED,1,0.45,SHORT,1,0,0,0
NEARUSDT,1782972000000,2026-07-02T06:00:00.000Z,BULL,SHORT,0,7.875,IGNORE,0,WATCH,,0,0,0,NA,NA,NA,NA,NA,CLEAR,1,0,0,0,0,TREND_REVERSAL_UNCONFIRMED,0,0.45,SHORT,1,0,0,0
NEARUSDT,1782975600000,2026-07-02T07:00:00.000Z,BULL,SHORT,0,7.875,IGNORE,0,WATCH,,0,0,0,NA,NA,NA,NA,NA,CLEAR,1,0,0,0,0,TREND_REVERSAL_UNCONFIRMED,0,0.45,SHORT,1,0,0,0
NEARUSDT,1782979200000,2026-07-02T08:00:00.000Z,BULL,SHORT,0,7.875,IGNORE,0,WATCH,,0,0,0,NA,NA,NA,NA,NA,CLEAR,1,0,0,0,0,TREND_REVERSAL_UNCONFIRMED,0,0.45,SHORT,1,0,0,0
NEARUSDT,1782982800000,2026-07-02T09:00:00.000Z,BULL,SHORT,0,7.875,IGNORE,0,WATCH,,0,0,0,NA,NA,NA,NA,NA,CLEAR,1,0,0,0,0,TREND_REVERSAL_UNCONFIRMED,0,0.45,SHORT,1,0,0,0
NEARUSDT,1782986400000,2026-07-02T10:00:00.000Z,BULL,SHORT,0,7.875,IGNORE,0,WATCH,,0,0,0,NA,NA,NA,NA,NA,CLEAR,1,0,0,0,0,TREND_REVERSAL_UNCONFIRMED,0,0.45,SHORT,1,0,0,0
NEARUSDT,1782990000000,2026-07-02T11:00:00.000Z,BULL,SHORT,0,7.875,IGNORE,0,WATCH,,0,0,0,NA,NA,NA,NA,NA,CLEAR,1,0,0,0,0,TREND_REVERSAL_UNCONFIRMED,0,0.45,SHORT,1,0,0,0
NEARUSDT,1782993600000,2026-07-02T12:00:00.000Z,BULL,SHORT,12.53564583284648,12.518432109336661,IGNORE,0,WATCH,,0,0,0,NA,NA,NA,NA,NA,CLEAR,1,0,0,0,0,TREND_REVERSAL_UNCONFIRMED,1,0.45,SHORT,1,0,0,0
NEARUSDT,1782997200000,2026-07-02T13:00:00.000Z,BULL,SHORT,0,7.875,IGNORE,0,WATCH,,0,0,0,NA,NA,NA,NA,NA,CLEAR,1,0,0,0,0,TREND_REVERSAL_UNCONFIRMED,0,0.45,SHORT,1,0,0,0
NEARUSDT,1783000800000,2026-07-02T14:00:00.000Z,BULL,SHORT,20.912633591342807,13.178119895318245,IGNORE,0,WATCH,,0,0,0,NA,NA,NA,NA,NA,WARNING_SOFT,1,0,1,1,0,TREND_REVERSAL_UNCONFIRMED,1,0.45,SHORT,1,0,0,0
NEARUSDT,1783004400000,2026-07-02T15:00:00.000Z,BULL,SHORT,0,7.875,IGNORE,0,WATCH,,0,0,0,NA,NA,NA,NA,NA,WARNING_SOFT,1,0,0,0,0,TREND_REVERSAL_UNCONFIRMED,0,0.45,SHORT,1,0,0,0
NEARUSDT,1783008000000,2026-07-02T16:00:00.000Z,BULL,SHORT,0,7.875,IGNORE,0,WATCH,,0,0,0,NA,NA,NA,NA,NA,WARNING_SOFT,1,0,0,0,0,TREND_REVERSAL_UNCONFIRMED,0,0.45,SHORT,1,0,0,0
NEARUSDT,1783011600000,2026-07-02T17:00:00.000Z,BULL,SHORT,0,7.875,IGNORE,0,WATCH,,0,0,0,NA,NA,NA,NA,NA,CLEAR,1,0,0,0,0,TREND_REVERSAL_UNCONFIRMED,0,0.45,SHORT,1,0,0,0
NEARUSDT,1783015200000,2026-07-02T18:00:00.000Z,BULL,SHORT,37.84722222222222,18.16796875,IGNORE,0,WATCH,,0,0,0,NA,NA,NA,NA,NA,CLEAR,1,0,0,0,0,TREND_REVERSAL_UNCONFIRMED,2,0.45,SHORT,1,0,0,0
NEARUSDT,1783018800000,2026-07-02T19:00:00.000Z,BULL,SHORT,0,7.875,IGNORE,0,WATCH,,0,0,0,NA,NA,NA,NA,NA,CLEAR,1,0,0,0,0,TREND_REVERSAL_UNCONFIRMED,0,0.45,SHORT,1,0,0,0
NEARUSDT,1783022400000,2026-07-02T20:00:00.000Z,BULL,SHORT,0,7.875,IGNORE,0,WATCH,,0,0,0,NA,NA,NA,NA,NA,WARNING_SOFT,1,0,0,0,0,TREND_REVERSAL_UNCONFIRMED,0,0.45,SHORT,1,0,0,0
NEARUSDT,1783026000000,2026-07-02T21:00:00.000Z,BULL,SHORT,17.5,12.909375,IGNORE,0,WATCH,,0,0,0,NA,NA,NA,NA,NA,WARNING_SOFT,1,0,0,0,0,TREND_REVERSAL_UNCONFIRMED,1,0.45,SHORT,1,0,0,0
NEARUSDT,1783029600000,2026-07-02T22:00:00.000Z,BULL,SHORT,17.5,12.909375,IGNORE,0,WATCH,,0,0,0,NA,NA,NA,NA,NA,WARNING_SOFT,1,0,0,0,0,TREND_REVERSAL_UNCONFIRMED,1,0.45,SHORT,1,0,0,0
NEARUSDT,1783033200000,2026-07-02T23:00:00.000Z,BULL,SHORT,38.36616628182759,18.208835594693927,IGNORE,0,WATCH,,0,0,0,NA,NA,NA,NA,NA,CLEAR,1,0,0,0,0,TREND_REVERSAL_UNCONFIRMED,2,0.45,SHORT,1,0,0,0
NEARUSDT,1783036800000,2026-07-03T00:00:00.000Z,BULL,SHORT,17.5,12.909375,IGNORE,0,WATCH,,0,0,0,NA,NA,NA,NA,NA,WARNING_SOFT,1,0,0,0,0,TREND_REVERSAL_UNCONFIRMED,1,0.45,SHORT,1,0,0,0
NEARUSDT,1783040400000,2026-07-03T01:00:00.000Z,BULL,SHORT,33.49709165383258,17.825395967739315,IGNORE,0,WATCH,,0,0,0,NA,NA,NA,NA,NA,CLEAR,1,0,0,0,0,TREND_REVERSAL_UNCONFIRMED,2,0.45,SHORT,1,0,0,0
NEARUSDT,1783044000000,2026-07-03T02:00:00.000Z,BULL,SHORT,17.5,12.909375,IGNORE,0,WATCH,,0,0,0,NA,NA,NA,NA,NA,CLEAR,1,0,0,0,0,TREND_REVERSAL_UNCONFIRMED,1,0.45,SHORT,1,0,0,0
NEARUSDT,1783047600000,2026-07-03T03:00:00.000Z,BULL,SHORT,30.34722222222222,17.57734375,IGNORE,0,WATCH,,0,0,0,NA,NA,NA,NA,NA,CLEAR,1,0,0,0,0,TREND_REVERSAL_UNCONFIRMED,2,0.45,SHORT,1,0,0,0
NEARUSDT,1783051200000,2026-07-03T04:00:00.000Z,BULL,SHORT,0,7.875,IGNORE,0,WATCH,,0,0,0,NA,NA,NA,NA,NA,CLEAR,1,0,0,0,0,TREND_REVERSAL_UNCONFIRMED,0,0.45,SHORT,1,0,0,0
NEARUSDT,1783054800000,2026-07-03T05:00:00.000Z,BULL,SHORT,0,7.875,IGNORE,0,WATCH,,0,0,0,NA,NA,NA,NA,NA,CLEAR,1,0,0,0,0,TREND_REVERSAL_UNCONFIRMED,0,0.45,SHORT,1,0,0,0
NEARUSDT,1783058400000,2026-07-03T06:00:00.000Z,BULL,SHORT,0,7.875,IGNORE,0,WATCH,,0,0,0,NA,NA,NA,NA,NA,CLEAR,1,0,0,0,0,TREND_REVERSAL_UNCONFIRMED,0,0.45,SHORT,1,0,0,0
NEARUSDT,1783062000000,2026-07-03T07:00:00.000Z,BULL,SHORT,0,7.875,IGNORE,0,WATCH,,0,0,0,NA,NA,NA,NA,NA,CLEAR,1,0,0,0,0,TREND_REVERSAL_UNCONFIRMED,0,0.45,SHORT,1,0,0,0
NEARUSDT,1783065600000,2026-07-03T08:00:00.000Z,BULL,SHORT,0,7.875,IGNORE,0,WATCH,,0,0,0,NA,NA,NA,NA,NA,CLEAR,1,0,0,0,0,TREND_REVERSAL_UNCONFIRMED,0,0.45,SHORT,1,0,0,0
NEARUSDT,1783069200000,2026-07-03T09:00:00.000Z,BULL,SHORT,0,7.875,IGNORE,0,WATCH,,0,0,0,NA,NA,NA,NA,NA,CLEAR,1,0,0,0,0,TREND_REVERSAL_UNCONFIRMED,0,0.45,SHORT,1,0,0,0
NEARUSDT,1783072800000,2026-07-03T10:00:00.000Z,BULL,SHORT,25,13.5,IGNORE,0,WATCH,,0,0,0,NA,NA,NA,NA,NA,CLEAR,1,0,0,0,0,TREND_REVERSAL_UNCONFIRMED,1,0.45,SHORT,1,0,0,0
NEARUSDT,1783076400000,2026-07-03T11:00:00.000Z,BULL,SHORT,34.40405013709149,17.896818948295955,IGNORE,0,WATCH,,0,0,0,NA,NA,NA,NA,NA,CLEAR,1,0,0,0,0,TREND_REVERSAL_UNCONFIRMED,2,0.45,SHORT,1,0,0,0
NEARUSDT,1783080000000,2026-07-03T12:00:00.000Z,BULL,SHORT,36.480439675486735,18.06033462444458,IGNORE,0,WATCH,,0,0,0,NA,NA,NA,NA,NA,CLEAR,1,0,0,0,0,TREND_REVERSAL_UNCONFIRMED,2,0.45,SHORT,1,0,0,0
NEARUSDT,1783083600000,2026-07-03T13:00:00.000Z,BULL,SHORT,43.40277777777778,18.605468750000004,IGNORE,0,WATCH,,0,0,0,NA,NA,NA,NA,NA,CLEAR,1,0,0,0,0,TREND_REVERSAL_UNCONFIRMED,2,0.45,SHORT,1,0,0,0
NEARUSDT,1783087200000,2026-07-03T14:00:00.000Z,BULL,SHORT,64.58333333333333,44.248749999999994,WATCH,1,WATCH,ACTIVE,1,1,0,FAIL,PASS,SKIP,SKIP,FAIL,CLEAR,1,0,0,0,0,MARKET_CONTEXT_DENIED,3,0.84,SHORT,1,0,0,0
NEARUSDT,1783090800000,2026-07-03T15:00:00.000Z,BULL,SHORT,25,13.5,IGNORE,0,WATCH,,0,0,0,NA,NA,NA,NA,NA,CLEAR,1,0,0,0,0,TREND_REVERSAL_UNCONFIRMED,1,0.45,SHORT,1,0,0,0
NEARUSDT,1783094400000,2026-07-03T16:00:00.000Z,BULL,SHORT,0,7.875,IGNORE,0,WATCH,,0,0,0,NA,NA,NA,NA,NA,CLEAR,1,0,0,0,0,TREND_REVERSAL_UNCONFIRMED,0,0.45,SHORT,1,0,0,0
NEARUSDT,1783098000000,2026-07-03T17:00:00.000Z,BULL,SHORT,0,7.875,IGNORE,0,WATCH,,0,0,0,NA,NA,NA,NA,NA,WARNING_SOFT,1,0,0,0,0,TREND_REVERSAL_UNCONFIRMED,0,0.45,SHORT,1,0,0,0
NEARUSDT,1783101600000,2026-07-03T18:00:00.000Z,BULL,SHORT,0,7.875,IGNORE,0,WATCH,,0,0,0,NA,NA,NA,NA,NA,WARNING_SOFT,1,0,0,0,0,TREND_REVERSAL_UNCONFIRMED,0,0.45,SHORT,1,0,0,0
NEARUSDT,1783105200000,2026-07-03T19:00:00.000Z,BULL,SHORT,0,7.875,IGNORE,0,WATCH,,0,0,0,NA,NA,NA,NA,NA,WARNING_SOFT,1,0,0,0,0,TREND_REVERSAL_UNCONFIRMED,0,0.45,SHORT,1,0,0,0
NEARUSDT,1783108800000,2026-07-03T20:00:00.000Z,BULL,SHORT,0,7.875,IGNORE,0,WATCH,,0,0,0,NA,NA,NA,NA,NA,WARNING_SOFT,1,0,0,0,0,TREND_REVERSAL_UNCONFIRMED,0,0.45,SHORT,1,0,0,0
NEARUSDT,1783112400000,2026-07-03T21:00:00.000Z,BULL,SHORT,0,7.875,IGNORE,0,WATCH,,0,0,0,NA,NA,NA,NA,NA,CLEAR,1,0,0,0,0,TREND_REVERSAL_UNCONFIRMED,0,0.45,SHORT,1,0,0,0
NEARUSDT,1783116000000,2026-07-03T22:00:00.000Z,BULL,SHORT,25,13.5,IGNORE,0,WATCH,,0,0,0,NA,NA,NA,NA,NA,CLEAR,1,0,0,0,0,TREND_REVERSAL_UNCONFIRMED,1,0.45,SHORT,1,0,0,0
NEARUSDT,1783119600000,2026-07-03T23:00:00.000Z,BULL,SHORT,0,7.875,IGNORE,0,WATCH,,0,0,0,NA,NA,NA,NA,NA,CLEAR,1,0,0,0,0,TREND_REVERSAL_UNCONFIRMED,0,0.45,SHORT,1,0,0,0
NEARUSDT,1783123200000,2026-07-04T00:00:00.000Z,BULL,SHORT,17.5,12.909375,IGNORE,0,WATCH,,0,0,0,NA,NA,NA,NA,NA,CLEAR,1,0,0,0,0,TREND_REVERSAL_UNCONFIRMED,1,0.45,SHORT,1,0,0,0
NEARUSDT,1783126800000,2026-07-04T01:00:00.000Z,BULL,SHORT,42.5,18.534375,IGNORE,0,WATCH,,0,0,0,NA,NA,NA,NA,NA,WARNING_SOFT,1,0,0,0,0,TREND_REVERSAL_UNCONFIRMED,2,0.45,SHORT,1,0,0,0
NEARUSDT,1783130400000,2026-07-04T02:00:00.000Z,NEUTRAL,NONE,0,7.875,IGNORE,0,WATCH,,0,0,0,NA,NA,NA,NA,NA,WARNING_SOFT,1,0,0,0,0,TREND_REVERSAL_UNCONFIRMED,0,0.45,NONE,1,0,0,0
NEARUSDT,1783134000000,2026-07-04T03:00:00.000Z,NEUTRAL,NONE,0,7.875,IGNORE,0,WATCH,,0,0,0,NA,NA,NA,NA,NA,WARNING_SOFT,1,0,0,0,0,TREND_REVERSAL_UNCONFIRMED,0,0.45,NONE,1,0,0,0
NEARUSDT,1783137600000,2026-07-04T04:00:00.000Z,NEUTRAL,NONE,0,7.875,IGNORE,0,WATCH,,0,0,0,NA,NA,NA,NA,NA,BLOCK,0,0,0,0,0,TREND_REVERSAL_UNCONFIRMED,0,0.45,NONE,1,0,0,0
NEARUSDT,1783141200000,2026-07-04T05:00:00.000Z,NEUTRAL,NONE,0,7.875,IGNORE,0,WATCH,,0,0,0,NA,NA,NA,NA,NA,WARNING_SOFT,1,0,0,0,0,TREND_REVERSAL_UNCONFIRMED,0,0.45,NONE,1,0,0,0
NEARUSDT,1783144800000,2026-07-04T06:00:00.000Z,NEUTRAL,NONE,0,7.875,IGNORE,0,WATCH,,0,0,0,NA,NA,NA,NA,NA,WARNING_SOFT,1,0,0,0,0,TREND_REVERSAL_UNCONFIRMED,0,0.45,NONE,1,0,0,0
NEARUSDT,1783148400000,2026-07-04T07:00:00.000Z,NEUTRAL,NONE,0,7.875,IGNORE,0,WATCH,,0,0,0,NA,NA,NA,NA,NA,BLOCK,0,0,0,0,0,TREND_REVERSAL_UNCONFIRMED,0,0.45,NONE,1,0,0,0
NEARUSDT,1783152000000,2026-07-04T08:00:00.000Z,NEUTRAL,NONE,0,7.875,IGNORE,0,WATCH,,0,0,0,NA,NA,NA,NA,NA,WARNING_SOFT,1,0,0,0,0,TREND_REVERSAL_UNCONFIRMED,0,0.45,NONE,1,0,0,0
NEARUSDT,1783155600000,2026-07-04T09:00:00.000Z,NEUTRAL,NONE,0,7.875,IGNORE,0,WATCH,,0,0,0,NA,NA,NA,NA,NA,WARNING_SOFT,1,0,0,0,0,TREND_REVERSAL_UNCONFIRMED,0,0.45,NONE,1,0,0,0
NEARUSDT,1783159200000,2026-07-04T10:00:00.000Z,NEUTRAL,NONE,0,7.875,IGNORE,0,WATCH,,0,0,0,NA,NA,NA,NA,NA,WARNING_SOFT,1,0,0,0,0,TREND_REVERSAL_UNCONFIRMED,0,0.45,NONE,1,0,0,0
NEARUSDT,1783162800000,2026-07-04T11:00:00.000Z,NEUTRAL,NONE,0,7.875,IGNORE,0,WATCH,,0,0,0,NA,NA,NA,NA,NA,WARNING_SOFT,1,0,0,0,0,TREND_REVERSAL_UNCONFIRMED,0,0.45,NONE,1,0,0,0
NEARUSDT,1783166400000,2026-07-04T12:00:00.000Z,NEUTRAL,NONE,0,7.875,IGNORE,0,WATCH,,0,0,0,NA,NA,NA,NA,NA,WARNING_SOFT,1,0,0,0,0,TREND_REVERSAL_UNCONFIRMED,0,0.45,NONE,1,0,0,0
NEARUSDT,1783170000000,2026-07-04T13:00:00.000Z,NEUTRAL,NONE,0,7.875,IGNORE,0,WATCH,,0,0,0,NA,NA,NA,NA,NA,WARNING_SOFT,1,0,0,0,0,TREND_REVERSAL_UNCONFIRMED,0,0.45,NONE,1,0,0,0
NEARUSDT,1783173600000,2026-07-04T14:00:00.000Z,BULL,SHORT,42.5,18.534375,IGNORE,0,WATCH,,0,0,0,NA,NA,NA,NA,NA,CLEAR,1,1,0,0,0,TREND_REVERSAL_UNCONFIRMED,2,0.45,SHORT,1,0,0,0
NEARUSDT,1783177200000,2026-07-04T15:00:00.000Z,BULL,SHORT,67.5,44.677499999999995,WATCH,1,WATCH,ACTIVE,1,1,0,FAIL,PASS,SKIP,SKIP,FAIL,CLEAR,1,0,0,0,0,MARKET_CONTEXT_DENIED,3,0.84,SHORT,1,0,0,0
NEARUSDT,1783180800000,2026-07-04T16:00:00.000Z,BULL,SHORT,32.38168137519236,17.737557408296396,IGNORE,0,WATCH,,0,0,0,NA,NA,NA,NA,NA,CLEAR,1,0,0,0,0,TREND_REVERSAL_UNCONFIRMED,2,0.45,SHORT,1,0,0,0
NEARUSDT,1783184400000,2026-07-04T17:00:00.000Z,BULL,SHORT,17.5,12.909375,IGNORE,0,WATCH,,0,0,0,NA,NA,NA,NA,NA,CLEAR,1,0,0,0,0,TREND_REVERSAL_UNCONFIRMED,1,0.45,SHORT,1,0,0,0
NEARUSDT,1783188000000,2026-07-04T18:00:00.000Z,BULL,SHORT,33.542466371994465,17.828969226794566,IGNORE,0,WATCH,,0,0,0,NA,NA,NA,NA,NA,CLEAR,1,0,0,0,0,TREND_REVERSAL_UNCONFIRMED,2,0.45,SHORT,1,0,0,0
NEARUSDT,1783191600000,2026-07-04T19:00:00.000Z,NEUTRAL,NONE,0,7.875,IGNORE,0,WATCH,,0,0,0,NA,NA,NA,NA,NA,WARNING_SOFT,1,0,0,0,0,TREND_REVERSAL_UNCONFIRMED,0,0.45,NONE,1,0,0,0
NEARUSDT,1783195200000,2026-07-04T20:00:00.000Z,NEUTRAL,NONE,0,7.875,IGNORE,0,WATCH,,0,0,0,NA,NA,NA,NA,NA,WARNING_SOFT,1,0,0,0,0,TREND_REVERSAL_UNCONFIRMED,0,0.45,NONE,1,0,0,0
NEARUSDT,1783198800000,2026-07-04T21:00:00.000Z,NEUTRAL,NONE,0,7.875,IGNORE,0,WATCH,,0,0,0,NA,NA,NA,NA,NA,WARNING_SOFT,1,0,0,0,0,TREND_REVERSAL_UNCONFIRMED,0,0.45,NONE,1,0,0,0
NEARUSDT,1783202400000,2026-07-04T22:00:00.000Z,BULL,SHORT,17.5,12.909375,IGNORE,0,WATCH,,0,0,0,NA,NA,NA,NA,NA,WARNING_SOFT,1,0,0,0,0,TREND_REVERSAL_UNCONFIRMED,1,0.45,SHORT,1,0,0,0
NEARUSDT,1783206000000,2026-07-04T23:00:00.000Z,NEUTRAL,NONE,0,7.875,IGNORE,0,WATCH,,0,0,0,NA,NA,NA,NA,NA,WARNING_SOFT,1,0,0,0,0,TREND_REVERSAL_UNCONFIRMED,0,0.45,NONE,1,0,0,0
NEARUSDT,1783209600000,2026-07-05T00:00:00.000Z,NEUTRAL,NONE,0,7.875,IGNORE,0,WATCH,,0,0,0,NA,NA,NA,NA,NA,WARNING_SOFT,1,0,0,0,0,TREND_REVERSAL_UNCONFIRMED,0,0.45,NONE,1,0,0,0
NEARUSDT,1783213200000,2026-07-05T01:00:00.000Z,NEUTRAL,NONE,0,7.875,IGNORE,0,WATCH,,0,0,0,NA,NA,NA,NA,NA,WARNING_SOFT,1,0,0,0,0,TREND_REVERSAL_UNCONFIRMED,0,0.45,NONE,1,0,0,0
NEARUSDT,1783216800000,2026-07-05T02:00:00.000Z,NEUTRAL,NONE,0,7.875,IGNORE,0,WATCH,,0,0,0,NA,NA,NA,NA,NA,BLOCK,0,0,0,0,0,TREND_REVERSAL_UNCONFIRMED,0,0.45,NONE,1,0,0,0
NEARUSDT,1783220400000,2026-07-05T03:00:00.000Z,NEUTRAL,NONE,0,7.875,IGNORE,0,WATCH,,0,0,0,NA,NA,NA,NA,NA,BLOCK,0,0,0,0,0,TREND_REVERSAL_UNCONFIRMED,0,0.45,NONE,1,0,0,0
NEARUSDT,1783224000000,2026-07-05T04:00:00.000Z,NEUTRAL,NONE,0,7.875,IGNORE,0,WATCH,,0,0,0,NA,NA,NA,NA,NA,WARNING_SOFT,1,0,0,0,0,TREND_REVERSAL_UNCONFIRMED,0,0.45,NONE,1,0,0,0
NEARUSDT,1783227600000,2026-07-05T05:00:00.000Z,NEUTRAL,NONE,0,7.875,IGNORE,0,WATCH,,0,0,0,NA,NA,NA,NA,NA,WARNING_SOFT,1,0,0,0,0,TREND_REVERSAL_UNCONFIRMED,0,0.45,NONE,1,0,0,0
NEARUSDT,1783231200000,2026-07-05T06:00:00.000Z,NEUTRAL,NONE,0,7.875,IGNORE,0,WATCH,,0,0,0,NA,NA,NA,NA,NA,BLOCK,0,0,0,0,0,TREND_REVERSAL_UNCONFIRMED,0,0.45,NONE,1,0,0,0
NEARUSDT,1783234800000,2026-07-05T07:00:00.000Z,NEUTRAL,NONE,0,7.875,IGNORE,0,WATCH,,0,0,0,NA,NA,NA,NA,NA,WARNING_SOFT,1,0,0,0,0,TREND_REVERSAL_UNCONFIRMED,0,0.45,NONE,1,0,0,0
NEARUSDT,1783238400000,2026-07-05T08:00:00.000Z,BEAR,LONG,0,7.875,IGNORE,0,WATCH,,0,0,0,NA,NA,NA,NA,NA,WARNING_SOFT,1,0,0,0,0,TREND_REVERSAL_UNCONFIRMED,0,0.45,LONG,1,0,0,0
NEARUSDT,1783242000000,2026-07-05T09:00:00.000Z,BEAR,LONG,14.93246484518465,12.707181606558292,IGNORE,0,WATCH,,0,0,0,NA,NA,NA,NA,NA,CLEAR,1,0,0,0,0,TREND_REVERSAL_UNCONFIRMED,1,0.45,LONG,1,0,0,0
NEARUSDT,1783245600000,2026-07-05T10:00:00.000Z,BEAR,LONG,0,7.875,IGNORE,0,WATCH,,0,0,0,NA,NA,NA,NA,NA,CLEAR,1,0,0,0,0,TREND_REVERSAL_UNCONFIRMED,0,0.45,LONG,1,0,0,0
NEARUSDT,1783249200000,2026-07-05T11:00:00.000Z,BEAR,LONG,0,7.875,IGNORE,0,WATCH,,0,0,0,NA,NA,NA,NA,NA,CLEAR,1,0,0,0,0,TREND_REVERSAL_UNCONFIRMED,0,0.45,LONG,1,0,0,0
NEARUSDT,1783252800000,2026-07-05T12:00:00.000Z,BEAR,LONG,0,7.875,IGNORE,0,WATCH,,0,0,0,NA,NA,NA,NA,NA,WARNING_SOFT,1,0,0,0,0,TREND_REVERSAL_UNCONFIRMED,0,0.45,LONG,1,0,0,0
NEARUSDT,1783256400000,2026-07-05T13:00:00.000Z,NEUTRAL,NONE,0,7.875,IGNORE,0,WATCH,,0,0,0,NA,NA,NA,NA,NA,WARNING_SOFT,1,0,0,0,0,TREND_REVERSAL_UNCONFIRMED,0,0.45,NONE,1,0,0,0
NEARUSDT,1783260000000,2026-07-05T14:00:00.000Z,NEUTRAL,NONE,0,7.875,IGNORE,0,WATCH,,0,0,0,NA,NA,NA,NA,NA,WARNING_SOFT,1,0,0,0,0,TREND_REVERSAL_UNCONFIRMED,0,0.45,NONE,1,0,0,0
NEARUSDT,1783263600000,2026-07-05T15:00:00.000Z,NEUTRAL,NONE,0,7.875,IGNORE,0,WATCH,,0,0,0,NA,NA,NA,NA,NA,WARNING_HARD,1,0,0,0,0,TREND_REVERSAL_UNCONFIRMED,0,0.45,NONE,1,0,0,0
NEARUSDT,1783267200000,2026-07-05T16:00:00.000Z,NEUTRAL,NONE,0,7.875,IGNORE,0,WATCH,,0,0,0,NA,NA,NA,NA,NA,WARNING_SOFT,1,0,0,0,0,TREND_REVERSAL_UNCONFIRMED,0,0.45,NONE,1,0,0,0
NEARUSDT,1783270800000,2026-07-05T17:00:00.000Z,NEUTRAL,NONE,0,7.875,IGNORE,0,WATCH,,0,0,0,NA,NA,NA,NA,NA,WARNING_SOFT,1,0,0,0,0,TREND_REVERSAL_UNCONFIRMED,0,0.45,NONE,1,0,0,0
NEARUSDT,1783274400000,2026-07-05T18:00:00.000Z,NEUTRAL,NONE,0,7.875,IGNORE,0,WATCH,,0,0,0,NA,NA,NA,NA,NA,CLEAR,1,0,0,0,0,TREND_REVERSAL_UNCONFIRMED,0,0.45,NONE,1,0,0,0
NEARUSDT,1783278000000,2026-07-05T19:00:00.000Z,NEUTRAL,NONE,0,7.875,IGNORE,0,WATCH,,0,0,0,NA,NA,NA,NA,NA,WARNING_SOFT,1,0,0,0,0,TREND_REVERSAL_UNCONFIRMED,0,0.45,NONE,1,0,0,0
NEARUSDT,1783281600000,2026-07-05T20:00:00.000Z,BULL,SHORT,12.847222222222221,12.54296875,IGNORE,0,WATCH,,0,0,0,NA,NA,NA,NA,NA,WARNING_SOFT,1,0,0,0,0,TREND_REVERSAL_UNCONFIRMED,1,0.45,SHORT,1,0,0,0
NEARUSDT,1783285200000,2026-07-05T21:00:00.000Z,BULL,SHORT,25,13.5,IGNORE,0,WATCH,,0,0,0,NA,NA,NA,NA,NA,CLEAR,1,0,0,0,0,TREND_REVERSAL_UNCONFIRMED,1,0.45,SHORT,1,0,0,0
NEARUSDT,1783288800000,2026-07-05T22:00:00.000Z,BULL,SHORT,25,13.5,IGNORE,0,WATCH,,0,0,0,NA,NA,NA,NA,NA,CLEAR,1,0,0,0,0,TREND_REVERSAL_UNCONFIRMED,1,0.45,SHORT,1,0,0,0
NEARUSDT,1783292400000,2026-07-05T23:00:00.000Z,BULL,SHORT,0,7.875,IGNORE,0,WATCH,,0,0,0,NA,NA,NA,NA,NA,CLEAR,1,0,0,0,0,TREND_REVERSAL_UNCONFIRMED,0,0.45,SHORT,1,0,0,0
NEARUSDT,1783296000000,2026-07-06T00:00:00.000Z,BULL,SHORT,25,13.5,IGNORE,0,WATCH,,0,0,0,NA,NA,NA,NA,NA,CLEAR,1,0,0,0,0,TREND_REVERSAL_UNCONFIRMED,1,0.45,SHORT,1,0,0,0
NEARUSDT,1783299600000,2026-07-06T01:00:00.000Z,BULL,SHORT,0,7.875,IGNORE,0,WATCH,,0,0,0,NA,NA,NA,NA,NA,CLEAR,1,0,0,0,0,TREND_REVERSAL_UNCONFIRMED,0,0.45,SHORT,1,0,0,0
NEARUSDT,1783303200000,2026-07-06T02:00:00.000Z,BULL,SHORT,0,7.875,IGNORE,0,WATCH,,0,0,0,NA,NA,NA,NA,NA,CLEAR,1,0,0,0,0,TREND_REVERSAL_UNCONFIRMED,0,0.45,SHORT,1,0,0,0
NEARUSDT,1783306800000,2026-07-06T03:00:00.000Z,BULL,SHORT,0,7.875,IGNORE,0,WATCH,,0,0,0,NA,NA,NA,NA,NA,WARNING_SOFT,1,0,0,0,0,TREND_REVERSAL_UNCONFIRMED,0,0.45,SHORT,1,0,0,0
NEARUSDT,1783310400000,2026-07-06T04:00:00.000Z,NEUTRAL,NONE,0,7.875,IGNORE,0,WATCH,,0,0,0,NA,NA,NA,NA,NA,WARNING_SOFT,1,0,0,0,0,TREND_REVERSAL_UNCONFIRMED,0,0.45,NONE,1,0,0,0
NEARUSDT,1783314000000,2026-07-06T05:00:00.000Z,NEUTRAL,NONE,0,7.875,IGNORE,0,WATCH,,0,0,0,NA,NA,NA,NA,NA,WARNING_SOFT,1,0,0,0,0,TREND_REVERSAL_UNCONFIRMED,0,0.45,NONE,1,0,0,0
NEARUSDT,1783317600000,2026-07-06T06:00:00.000Z,NEUTRAL,NONE,0,7.875,IGNORE,0,WATCH,,0,0,0,NA,NA,NA,NA,NA,WARNING_SOFT,1,0,0,0,0,TREND_REVERSAL_UNCONFIRMED,0,0.45,NONE,1,0,0,0
NEARUSDT,1783321200000,2026-07-06T07:00:00.000Z,NEUTRAL,NONE,0,7.875,IGNORE,0,WATCH,,0,0,0,NA,NA,NA,NA,NA,WARNING_SOFT,1,0,0,0,0,TREND_REVERSAL_UNCONFIRMED,0,0.45,NONE,1,0,0,0
NEARUSDT,1783324800000,2026-07-06T08:00:00.000Z,NEUTRAL,NONE,0,7.875,IGNORE,0,WATCH,,0,0,0,NA,NA,NA,NA,NA,WARNING_SOFT,1,0,0,0,0,TREND_REVERSAL_UNCONFIRMED,0,0.45,NONE,1,0,0,0
NEARUSDT,1783328400000,2026-07-06T09:00:00.000Z,NEUTRAL,NONE,0,7.875,IGNORE,0,WATCH,,0,0,0,NA,NA,NA,NA,NA,WARNING_SOFT,1,0,0,0,0,TREND_REVERSAL_UNCONFIRMED,0,0.45,NONE,1,0,0,0
NEARUSDT,1783332000000,2026-07-06T10:00:00.000Z,BULL,SHORT,0,7.875,IGNORE,0,WATCH,,0,0,0,NA,NA,NA,NA,NA,WARNING_SOFT,1,0,0,0,0,TREND_REVERSAL_UNCONFIRMED,0,0.45,SHORT,1,0,0,0
NEARUSDT,1783335600000,2026-07-06T11:00:00.000Z,BULL,SHORT,23.655921320068636,13.394153803955405,IGNORE,0,WATCH,,0,0,0,NA,NA,NA,NA,NA,WARNING_HARD,1,0,0,0,0,TREND_REVERSAL_UNCONFIRMED,1,0.45,SHORT,1,0,0,0
NEARUSDT,1783339200000,2026-07-06T12:00:00.000Z,NEUTRAL,NONE,0,7.875,IGNORE,0,WATCH,,0,0,0,NA,NA,NA,NA,NA,BLOCK,0,0,0,0,0,TREND_REVERSAL_UNCONFIRMED,0,0.45,NONE,1,0,0,0
NEARUSDT,1783342800000,2026-07-06T13:00:00.000Z,BULL,SHORT,25,13.5,IGNORE,0,WATCH,,0,0,0,NA,NA,NA,NA,NA,BLOCK,0,0,0,0,0,TREND_REVERSAL_UNCONFIRMED,1,0.45,SHORT,1,0,0,0
NEARUSDT,1783346400000,2026-07-06T14:00:00.000Z,BULL,SHORT,42.5,18.534375,IGNORE,0,WATCH,,0,0,0,NA,NA,NA,NA,NA,WARNING_HARD,1,0,0,0,0,TREND_REVERSAL_UNCONFIRMED,2,0.45,SHORT,1,0,0,0
NEARUSDT,1783350000000,2026-07-06T15:00:00.000Z,BULL,SHORT,42.5,18.534375,IGNORE,0,WATCH,,0,0,0,NA,NA,NA,NA,NA,CLEAR,1,0,0,0,0,TREND_REVERSAL_UNCONFIRMED,2,0.45,SHORT,1,0,0,0
NEARUSDT,1783353600000,2026-07-06T16:00:00.000Z,BULL,SHORT,42.5,18.534375,IGNORE,0,WATCH,,0,0,0,NA,NA,NA,NA,NA,CLEAR,1,0,0,0,0,TREND_REVERSAL_UNCONFIRMED,2,0.45,SHORT,1,0,0,0
NEARUSDT,1783357200000,2026-07-06T17:00:00.000Z,BULL,SHORT,17.5,12.909375,IGNORE,0,WATCH,,0,0,0,NA,NA,NA,NA,NA,CLEAR,1,0,0,0,0,TREND_REVERSAL_UNCONFIRMED,1,0.45,SHORT,1,0,0,0
NEARUSDT,1783360800000,2026-07-06T18:00:00.000Z,BULL,SHORT,17.5,12.909375,IGNORE,0,WATCH,,0,0,0,NA,NA,NA,NA,NA,CLEAR,1,0,0,0,0,TREND_REVERSAL_UNCONFIRMED,1,0.45,SHORT,1,0,0,0
NEARUSDT,1783364400000,2026-07-06T19:00:00.000Z,BULL,SHORT,25,13.5,IGNORE,0,WATCH,,0,0,0,NA,NA,NA,NA,NA,CLEAR,1,0,0,0,0,TREND_REVERSAL_UNCONFIRMED,1,0.45,SHORT,1,0,0,0
NEARUSDT,1783368000000,2026-07-06T20:00:00.000Z,BULL,SHORT,0,7.875,IGNORE,0,WATCH,,0,0,0,NA,NA,NA,NA,NA,CLEAR,1,0,0,0,0,TREND_REVERSAL_UNCONFIRMED,0,0.45,SHORT,1,0,0,0
NEARUSDT,1783371600000,2026-07-06T21:00:00.000Z,BULL,SHORT,12.847222222222221,12.54296875,IGNORE,0,WATCH,,0,0,0,NA,NA,NA,NA,NA,CLEAR,1,0,0,0,0,TREND_REVERSAL_UNCONFIRMED,1,0.45,SHORT,1,0,0,0
NEARUSDT,1783375200000,2026-07-06T22:00:00.000Z,BULL,SHORT,0,7.875,IGNORE,0,WATCH,,0,0,0,NA,NA,NA,NA,NA,CLEAR,1,0,0,0,0,TREND_REVERSAL_UNCONFIRMED,0,0.45,SHORT,1,0,0,0
NEARUSDT,1783378800000,2026-07-06T23:00:00.000Z,BULL,SHORT,0,7.875,IGNORE,0,WATCH,,0,0,0,NA,NA,NA,NA,NA,WARNING_SOFT,1,0,0,0,0,TREND_REVERSAL_UNCONFIRMED,0,0.45,SHORT,1,0,0,0
NEARUSDT,1783382400000,2026-07-07T00:00:00.000Z,BULL,SHORT,17.5,12.909375,IGNORE,0,WATCH,,0,0,0,NA,NA,NA,NA,NA,CLEAR,1,0,0,0,0,TREND_REVERSAL_UNCONFIRMED,1,0.45,SHORT,1,0,0,0
NEARUSDT,1783386000000,2026-07-07T01:00:00.000Z,BULL,SHORT,17.5,12.909375,IGNORE,0,WATCH,,0,0,0,NA,NA,NA,NA,NA,WARNING_SOFT,1,0,0,0,0,TREND_REVERSAL_UNCONFIRMED,1,0.45,SHORT,1,0,0,0
NEARUSDT,1783389600000,2026-07-07T02:00:00.000Z,NEUTRAL,NONE,0,7.875,IGNORE,0,WATCH,,0,0,0,NA,NA,NA,NA,NA,WARNING_SOFT,1,0,0,0,0,TREND_REVERSAL_UNCONFIRMED,0,0.45,NONE,1,0,0,0
NEARUSDT,1783393200000,2026-07-07T03:00:00.000Z,NEUTRAL,NONE,0,7.875,IGNORE,0,WATCH,,0,0,0,NA,NA,NA,NA,NA,BLOCK,0,0,0,0,0,TREND_REVERSAL_UNCONFIRMED,0,0.45,NONE,1,0,0,0
NEARUSDT,1783396800000,2026-07-07T04:00:00.000Z,NEUTRAL,NONE,0,7.875,IGNORE,0,WATCH,,0,0,0,NA,NA,NA,NA,NA,BLOCK,0,0,0,0,0,TREND_REVERSAL_UNCONFIRMED,0,0.45,NONE,1,0,0,0
NEARUSDT,1783400400000,2026-07-07T05:00:00.000Z,NEUTRAL,NONE,0,7.875,IGNORE,0,WATCH,,0,0,0,NA,NA,NA,NA,NA,BLOCK,0,0,0,0,0,TREND_REVERSAL_UNCONFIRMED,0,0.45,NONE,1,0,0,0
NEARUSDT,1783404000000,2026-07-07T06:00:00.000Z,NEUTRAL,NONE,0,7.875,IGNORE,0,WATCH,,0,0,0,NA,NA,NA,NA,NA,WARNING_SOFT,1,0,0,0,0,TREND_REVERSAL_UNCONFIRMED,0,0.45,NONE,1,0,0,0
NEARUSDT,1783407600000,2026-07-07T07:00:00.000Z,NEUTRAL,NONE,0,7.875,IGNORE,0,WATCH,,0,0,0,NA,NA,NA,NA,NA,WARNING_SOFT,1,0,0,0,0,TREND_REVERSAL_UNCONFIRMED,0,0.45,NONE,1,0,0,0
NEARUSDT,1783411200000,2026-07-07T08:00:00.000Z,NEUTRAL,NONE,0,7.875,IGNORE,0,WATCH,,0,0,0,NA,NA,NA,NA,NA,WARNING_SOFT,1,0,0,0,0,TREND_REVERSAL_UNCONFIRMED,0,0.45,NONE,1,0,0,0
NEARUSDT,1783414800000,2026-07-07T09:00:00.000Z,NEUTRAL,NONE,0,7.875,IGNORE,0,WATCH,,0,0,0,NA,NA,NA,NA,NA,WARNING_SOFT,1,0,0,0,0,TREND_REVERSAL_UNCONFIRMED,0,0.45,NONE,1,0,0,0
NEARUSDT,1783418400000,2026-07-07T10:00:00.000Z,NEUTRAL,NONE,0,7.875,IGNORE,0,WATCH,,0,0,0,NA,NA,NA,NA,NA,WARNING_SOFT,1,0,0,0,0,TREND_REVERSAL_UNCONFIRMED,0,0.45,NONE,1,0,0,0
NEARUSDT,1783422000000,2026-07-07T11:00:00.000Z,BULL,SHORT,17.5,12.909375,IGNORE,0,WATCH,,0,0,0,NA,NA,NA,NA,NA,WARNING_SOFT,1,0,0,0,0,TREND_REVERSAL_UNCONFIRMED,1,0.45,SHORT,1,0,0,0
NEARUSDT,1783425600000,2026-07-07T12:00:00.000Z,NEUTRAL,NONE,0,7.875,IGNORE,0,WATCH,,0,0,0,NA,NA,NA,NA,NA,WARNING_HARD,1,0,0,0,0,TREND_REVERSAL_UNCONFIRMED,0,0.45,NONE,1,0,0,0
NEARUSDT,1783429200000,2026-07-07T13:00:00.000Z,NEUTRAL,NONE,0,7.875,IGNORE,0,WATCH,,0,0,0,NA,NA,NA,NA,NA,BLOCK,0,0,0,0,0,TREND_REVERSAL_UNCONFIRMED,0,0.45,NONE,1,0,0,0
NEARUSDT,1783432800000,2026-07-07T14:00:00.000Z,BULL,SHORT,42.5,18.534375,IGNORE,0,WATCH,,0,0,0,NA,NA,NA,NA,NA,WARNING_SOFT,1,0,0,0,0,TREND_REVERSAL_UNCONFIRMED,2,0.45,SHORT,1,0,0,0
NEARUSDT,1783436400000,2026-07-07T15:00:00.000Z,BULL,SHORT,42.5,18.534375,IGNORE,0,WATCH,,0,0,0,NA,NA,NA,NA,NA,CLEAR,1,0,0,0,0,TREND_REVERSAL_UNCONFIRMED,2,0.45,SHORT,1,0,0,0
NEARUSDT,1783440000000,2026-07-07T16:00:00.000Z,BULL,SHORT,36.414782418177964,18.055164115431516,IGNORE,0,WATCH,,0,0,0,NA,NA,NA,NA,NA,CLEAR,1,0,1,1,0,TREND_REVERSAL_UNCONFIRMED,2,0.45,SHORT,1,0,0,0
NEARUSDT,1783443600000,2026-07-07T17:00:00.000Z,BULL,SHORT,17.5,12.909375,IGNORE,0,WATCH,,0,0,0,NA,NA,NA,NA,NA,CLEAR,1,0,0,0,0,TREND_REVERSAL_UNCONFIRMED,1,0.45,SHORT,1,0,0,0
NEARUSDT,1783447200000,2026-07-07T18:00:00.000Z,NEUTRAL,NONE,0,7.875,IGNORE,0,WATCH,,0,0,0,NA,NA,NA,NA,NA,WARNING_SOFT,1,0,0,0,0,TREND_REVERSAL_UNCONFIRMED,0,0.45,NONE,1,0,0,0
NEARUSDT,1783450800000,2026-07-07T19:00:00.000Z,NEUTRAL,NONE,0,7.875,IGNORE,0,WATCH,,0,0,0,NA,NA,NA,NA,NA,WARNING_SOFT,1,0,0,0,0,TREND_REVERSAL_UNCONFIRMED,0,0.45,NONE,1,0,0,0
NEARUSDT,1783454400000,2026-07-07T20:00:00.000Z,NEUTRAL,NONE,0,7.875,IGNORE,0,WATCH,,0,0,0,NA,NA,NA,NA,NA,WARNING_SOFT,1,0,0,0,0,TREND_REVERSAL_UNCONFIRMED,0,0.45,NONE,1,0,0,0
NEARUSDT,1783458000000,2026-07-07T21:00:00.000Z,NEUTRAL,NONE,0,7.875,IGNORE,0,WATCH,,0,0,0,NA,NA,NA,NA,NA,WARNING_SOFT,1,0,0,0,0,TREND_REVERSAL_UNCONFIRMED,0,0.45,NONE,1,0,0,0
NEARUSDT,1783461600000,2026-07-07T22:00:00.000Z,NEUTRAL,NONE,0,7.875,IGNORE,0,WATCH,,0,0,0,NA,NA,NA,NA,NA,WARNING_SOFT,1,0,0,0,0,TREND_REVERSAL_UNCONFIRMED,0,0.45,NONE,1,0,0,0
NEARUSDT,1783465200000,2026-07-07T23:00:00.000Z,NEUTRAL,NONE,0,7.875,IGNORE,0,WATCH,,0,0,0,NA,NA,NA,NA,NA,WARNING_SOFT,1,0,0,0,0,TREND_REVERSAL_UNCONFIRMED,0,0.45,NONE,1,0,0,0
NEARUSDT,1783468800000,2026-07-08T00:00:00.000Z,BEAR,LONG,0,7.875,IGNORE,0,WATCH,,0,0,0,NA,NA,NA,NA,NA,CLEAR,1,0,0,0,0,TREND_REVERSAL_UNCONFIRMED,0,0.45,LONG,1,0,0,0
NEARUSDT,1783472400000,2026-07-08T01:00:00.000Z,BEAR,LONG,25,13.5,IGNORE,0,WATCH,,0,0,0,NA,NA,NA,NA,NA,CLEAR,1,0,1,0,0,TREND_REVERSAL_UNCONFIRMED,1,0.45,LONG,1,0,0,0
NEARUSDT,1783476000000,2026-07-08T02:00:00.000Z,BEAR,LONG,25,13.5,IGNORE,0,WATCH,,0,0,0,NA,NA,NA,NA,NA,CLEAR,1,0,0,0,0,TREND_REVERSAL_UNCONFIRMED,1,0.45,LONG,1,0,0,0
NEARUSDT,1783479600000,2026-07-08T03:00:00.000Z,BEAR,LONG,25,13.5,IGNORE,0,WATCH,,0,0,0,NA,NA,NA,NA,NA,CLEAR,1,0,0,0,0,TREND_REVERSAL_UNCONFIRMED,1,0.45,LONG,1,0,0,0
NEARUSDT,1783483200000,2026-07-08T04:00:00.000Z,BEAR,LONG,0,7.875,IGNORE,0,WATCH,,0,0,0,NA,NA,NA,NA,NA,CLEAR,1,0,0,0,0,TREND_REVERSAL_UNCONFIRMED,0,0.45,LONG,1,0,0,0
NEARUSDT,1783486800000,2026-07-08T05:00:00.000Z,BEAR,LONG,0,7.875,IGNORE,0,WATCH,,0,0,0,NA,NA,NA,NA,NA,CLEAR,1,0,0,0,0,TREND_REVERSAL_UNCONFIRMED,0,0.45,LONG,1,0,0,0
NEARUSDT,1783490400000,2026-07-08T06:00:00.000Z,BEAR,LONG,0,7.875,IGNORE,0,WATCH,,0,0,0,NA,NA,NA,NA,NA,CLEAR,1,0,0,0,0,TREND_REVERSAL_UNCONFIRMED,0,0.45,LONG,1,0,0,0
NEARUSDT,1783494000000,2026-07-08T07:00:00.000Z,BEAR,LONG,14.583333333333332,12.6796875,IGNORE,0,WATCH,,0,0,0,NA,NA,NA,NA,NA,CLEAR,1,0,0,0,0,TREND_REVERSAL_UNCONFIRMED,1,0.45,LONG,1,0,0,0
NEARUSDT,1783497600000,2026-07-08T08:00:00.000Z,BEAR,LONG,39.277667318344754,18.280616301319647,IGNORE,0,WATCH,,0,0,0,NA,NA,NA,NA,NA,CLEAR,1,0,1,0,0,TREND_REVERSAL_UNCONFIRMED,2,0.45,LONG,1,0,0,0
NEARUSDT,1783501200000,2026-07-08T09:00:00.000Z,BEAR,LONG,28.957607076226985,17.467911557252876,IGNORE,0,WATCH,,0,0,0,NA,NA,NA,NA,NA,CLEAR,1,0,0,0,0,TREND_REVERSAL_UNCONFIRMED,2,0.45,LONG,1,0,0,0
NEARUSDT,1783504800000,2026-07-08T10:00:00.000Z,BEAR,LONG,12.847222222222221,12.54296875,IGNORE,0,WATCH,,0,0,0,NA,NA,NA,NA,NA,CLEAR,1,0,0,0,0,TREND_REVERSAL_UNCONFIRMED,1,0.45,LONG,1,0,0,0
NEARUSDT,1783508400000,2026-07-08T11:00:00.000Z,BEAR,LONG,25,13.5,IGNORE,0,WATCH,,0,0,0,NA,NA,NA,NA,NA,CLEAR,1,0,0,0,0,TREND_REVERSAL_UNCONFIRMED,1,0.45,LONG,1,0,0,0
NEARUSDT,1783512000000,2026-07-08T12:00:00.000Z,BEAR,LONG,12.847222222222221,12.54296875,IGNORE,0,WATCH,,0,0,0,NA,NA,NA,NA,NA,CLEAR,1,0,0,0,0,TREND_REVERSAL_UNCONFIRMED,1,0.45,LONG,1,0,0,0
NEARUSDT,1783515600000,2026-07-08T13:00:00.000Z,BEAR,LONG,14.002455307831454,12.633943355491729,IGNORE,0,WATCH,,0,0,0,NA,NA,NA,NA,NA,CLEAR,1,0,0,0,0,TREND_REVERSAL_UNCONFIRMED,1,0.45,LONG,1,0,0,0
NEARUSDT,1783519200000,2026-07-08T14:00:00.000Z,BEAR,LONG,0,7.875,IGNORE,0,WATCH,,0,0,0,NA,NA,NA,NA,NA,CLEAR,1,0,0,0,0,TREND_REVERSAL_UNCONFIRMED,0,0.45,LONG,1,0,0,0
NEARUSDT,1783522800000,2026-07-08T15:00:00.000Z,BEAR,LONG,12.847222222222221,12.54296875,IGNORE,0,WATCH,,0,0,0,NA,NA,NA,NA,NA,CLEAR,1,0,0,0,0,TREND_REVERSAL_UNCONFIRMED,1,0.45,LONG,1,0,0,0
NEARUSDT,1783526400000,2026-07-08T16:00:00.000Z,BEAR,LONG,25,13.5,IGNORE,0,WATCH,,0,0,0,NA,NA,NA,NA,NA,CLEAR,1,0,0,0,0,TREND_REVERSAL_UNCONFIRMED,1,0.45,LONG,1,0,0,0
NEARUSDT,1783530000000,2026-07-08T17:00:00.000Z,BEAR,LONG,0,7.875,IGNORE,0,WATCH,,0,0,0,NA,NA,NA,NA,NA,CLEAR,1,0,0,0,0,TREND_REVERSAL_UNCONFIRMED,0,0.45,LONG,1,0,0,0
NEARUSDT,1783533600000,2026-07-08T18:00:00.000Z,BEAR,LONG,0,7.875,IGNORE,0,WATCH,,0,0,0,NA,NA,NA,NA,NA,CLEAR,1,0,0,0,0,TREND_REVERSAL_UNCONFIRMED,0,0.45,LONG,1,0,0,0
NEARUSDT,1783537200000,2026-07-08T19:00:00.000Z,BEAR,LONG,0,7.875,IGNORE,0,WATCH,,0,0,0,NA,NA,NA,NA,NA,WARNING_SOFT,1,0,0,0,0,TREND_REVERSAL_UNCONFIRMED,0,0.45,LONG,1,0,0,0
NEARUSDT,1783540800000,2026-07-08T20:00:00.000Z,BEAR,LONG,0,7.875,IGNORE,0,WATCH,,0,0,0,NA,NA,NA,NA,NA,WARNING_SOFT,1,0,0,0,0,TREND_REVERSAL_UNCONFIRMED,0,0.45,LONG,1,0,0,0
NEARUSDT,1783544400000,2026-07-08T21:00:00.000Z,BEAR,LONG,25,13.5,IGNORE,0,WATCH,,0,0,0,NA,NA,NA,NA,NA,CLEAR,1,0,0,0,0,TREND_REVERSAL_UNCONFIRMED,1,0.45,LONG,1,0,0,0
NEARUSDT,1783548000000,2026-07-08T22:00:00.000Z,BEAR,LONG,0,7.875,IGNORE,0,WATCH,,0,0,0,NA,NA,NA,NA,NA,BLOCK,0,0,0,0,0,TREND_REVERSAL_UNCONFIRMED,0,0.45,LONG,1,0,0,0
NEARUSDT,1783551600000,2026-07-08T23:00:00.000Z,BEAR,LONG,0,7.875,IGNORE,0,WATCH,,0,0,0,NA,NA,NA,NA,NA,WARNING_SOFT,1,0,0,0,0,TREND_REVERSAL_UNCONFIRMED,0,0.45,LONG,1,0,0,0
NEARUSDT,1783555200000,2026-07-09T00:00:00.000Z,BEAR,LONG,17.5,12.909375,IGNORE,0,WATCH,,0,0,0,NA,NA,NA,NA,NA,WARNING_SOFT,1,0,0,0,0,TREND_REVERSAL_UNCONFIRMED,1,0.45,LONG,1,0,0,0
NEARUSDT,1783558800000,2026-07-09T01:00:00.000Z,BEAR,LONG,17.5,12.909375,IGNORE,0,WATCH,,0,0,0,NA,NA,NA,NA,NA,BLOCK,0,0,0,0,0,TREND_REVERSAL_UNCONFIRMED,1,0.45,LONG,1,0,0,0
NEARUSDT,1783562400000,2026-07-09T02:00:00.000Z,BEAR,LONG,17.5,12.909375,IGNORE,0,WATCH,,0,0,0,NA,NA,NA,NA,NA,WARNING_SOFT,1,0,0,0,0,TREND_REVERSAL_UNCONFIRMED,1,0.45,LONG,1,0,0,0
NEARUSDT,1783566000000,2026-07-09T03:00:00.000Z,NEUTRAL,NONE,0,7.875,IGNORE,0,WATCH,,0,0,0,NA,NA,NA,NA,NA,BLOCK,0,0,0,0,0,TREND_REVERSAL_UNCONFIRMED,0,0.45,NONE,1,0,0,0
NEARUSDT,1783569600000,2026-07-09T04:00:00.000Z,NEUTRAL,NONE,0,7.875,IGNORE,0,WATCH,,0,0,0,NA,NA,NA,NA,NA,CLEAR,1,0,0,0,0,TREND_REVERSAL_UNCONFIRMED,0,0.45,NONE,1,0,0,0
NEARUSDT,1783573200000,2026-07-09T05:00:00.000Z,NEUTRAL,NONE,0,7.875,IGNORE,0,WATCH,,0,0,0,NA,NA,NA,NA,NA,CLEAR,1,0,0,0,0,TREND_REVERSAL_UNCONFIRMED,0,0.45,NONE,1,0,0,0
NEARUSDT,1783576800000,2026-07-09T06:00:00.000Z,NEUTRAL,NONE,0,7.875,IGNORE,0,WATCH,,0,0,0,NA,NA,NA,NA,NA,CLEAR,1,0,0,0,0,TREND_REVERSAL_UNCONFIRMED,0,0.45,NONE,1,0,0,0
NEARUSDT,1783580400000,2026-07-09T07:00:00.000Z,NEUTRAL,NONE,0,7.875,IGNORE,0,WATCH,,0,0,0,NA,NA,NA,NA,NA,CLEAR,1,0,0,0,0,TREND_REVERSAL_UNCONFIRMED,0,0.45,NONE,1,0,0,0
NEARUSDT,1783584000000,2026-07-09T08:00:00.000Z,NEUTRAL,NONE,0,7.875,IGNORE,0,WATCH,,0,0,0,NA,NA,NA,NA,NA,CLEAR,1,0,0,0,0,TREND_REVERSAL_UNCONFIRMED,0,0.45,NONE,1,0,0,0
NEARUSDT,1783587600000,2026-07-09T09:00:00.000Z,NEUTRAL,NONE,0,7.875,IGNORE,0,WATCH,,0,0,0,NA,NA,NA,NA,NA,CLEAR,1,0,0,0,0,TREND_REVERSAL_UNCONFIRMED,0,0.45,NONE,1,0,0,0
NEARUSDT,1783591200000,2026-07-09T10:00:00.000Z,BEAR,LONG,17.5,12.909375,IGNORE,0,WATCH,,0,0,0,NA,NA,NA,NA,NA,WARNING_SOFT,1,0,0,0,0,TREND_REVERSAL_UNCONFIRMED,1,0.45,LONG,1,0,0,0
NEARUSDT,1783594800000,2026-07-09T11:00:00.000Z,BEAR,LONG,17.5,12.909375,IGNORE,0,WATCH,,0,0,0,NA,NA,NA,NA,NA,WARNING_SOFT,1,0,0,0,0,TREND_REVERSAL_UNCONFIRMED,1,0.45,LONG,1,0,0,0
NEARUSDT,1783598400000,2026-07-09T12:00:00.000Z,NEUTRAL,NONE,0,7.875,IGNORE,0,WATCH,,0,0,0,NA,NA,NA,NA,NA,BLOCK,0,0,0,0,0,TREND_REVERSAL_UNCONFIRMED,0,0.45,NONE,1,0,0,0
NEARUSDT,1783602000000,2026-07-09T13:00:00.000Z,NEUTRAL,NONE,0,7.875,IGNORE,0,WATCH,,0,0,0,NA,NA,NA,NA,NA,CLEAR,1,0,0,0,0,TREND_REVERSAL_UNCONFIRMED,0,0.45,NONE,1,0,0,0
NEARUSDT,1783605600000,2026-07-09T14:00:00.000Z,NEUTRAL,NONE,0,7.875,IGNORE,0,WATCH,,0,0,0,NA,NA,NA,NA,NA,CLEAR,1,0,0,0,0,TREND_REVERSAL_UNCONFIRMED,0,0.45,NONE,1,0,0,0
NEARUSDT,1783609200000,2026-07-09T15:00:00.000Z,NEUTRAL,NONE,0,7.875,IGNORE,0,WATCH,,0,0,0,NA,NA,NA,NA,NA,CLEAR,1,0,0,0,0,TREND_REVERSAL_UNCONFIRMED,0,0.45,NONE,1,0,0,0
NEARUSDT,1783612800000,2026-07-09T16:00:00.000Z,BEAR,LONG,0,7.875,IGNORE,0,WATCH,,0,0,0,NA,NA,NA,NA,NA,WARNING_SOFT,1,0,0,0,0,TREND_REVERSAL_UNCONFIRMED,0,0.45,LONG,1,0,0,0
NEARUSDT,1783616400000,2026-07-09T17:00:00.000Z,NEUTRAL,NONE,0,7.875,IGNORE,0,WATCH,,0,0,0,NA,NA,NA,NA,NA,WARNING_SOFT,1,0,0,0,0,TREND_REVERSAL_UNCONFIRMED,0,0.45,NONE,1,0,0,0
NEARUSDT,1783620000000,2026-07-09T18:00:00.000Z,NEUTRAL,NONE,0,7.875,IGNORE,0,WATCH,,0,0,0,NA,NA,NA,NA,NA,CLEAR,1,0,0,0,0,TREND_REVERSAL_UNCONFIRMED,0,0.45,NONE,1,0,0,0
NEARUSDT,1783623600000,2026-07-09T19:00:00.000Z,NEUTRAL,NONE,0,7.875,IGNORE,0,WATCH,,0,0,0,NA,NA,NA,NA,NA,CLEAR,1,0,0,0,0,TREND_REVERSAL_UNCONFIRMED,0,0.45,NONE,1,0,0,0
NEARUSDT,1783627200000,2026-07-09T20:00:00.000Z,NEUTRAL,NONE,0,7.875,IGNORE,0,WATCH,,0,0,0,NA,NA,NA,NA,NA,CLEAR,1,0,0,0,0,TREND_REVERSAL_UNCONFIRMED,0,0.45,NONE,1,0,0,0
NEARUSDT,1783630800000,2026-07-09T21:00:00.000Z,NEUTRAL,NONE,0,7.875,IGNORE,0,WATCH,,0,0,0,NA,NA,NA,NA,NA,CLEAR,1,0,0,0,0,TREND_REVERSAL_UNCONFIRMED,0,0.45,NONE,1,0,0,0
NEARUSDT,1783634400000,2026-07-09T22:00:00.000Z,NEUTRAL,NONE,0,7.875,IGNORE,0,WATCH,,0,0,0,NA,NA,NA,NA,NA,CLEAR,1,0,0,0,0,TREND_REVERSAL_UNCONFIRMED,0,0.45,NONE,1,0,0,0
NEARUSDT,1783638000000,2026-07-09T23:00:00.000Z,NEUTRAL,NONE,0,7.875,IGNORE,0,WATCH,,0,0,0,NA,NA,NA,NA,NA,CLEAR,1,0,0,0,0,TREND_REVERSAL_UNCONFIRMED,0,0.45,NONE,1,0,0,0
NEARUSDT,1783641600000,2026-07-10T00:00:00.000Z,NEUTRAL,NONE,0,7.875,IGNORE,0,WATCH,,0,0,0,NA,NA,NA,NA,NA,WARNING_SOFT,1,0,0,0,0,TREND_REVERSAL_UNCONFIRMED,0,0.45,NONE,1,0,0,0
NEARUSDT,1783645200000,2026-07-10T01:00:00.000Z,NEUTRAL,NONE,0,7.875,IGNORE,0,WATCH,,0,0,0,NA,NA,NA,NA,NA,CLEAR,1,0,0,0,0,TREND_REVERSAL_UNCONFIRMED,0,0.45,NONE,1,0,0,0
NEARUSDT,1783648800000,2026-07-10T02:00:00.000Z,NEUTRAL,NONE,0,7.875,IGNORE,0,WATCH,,0,0,0,NA,NA,NA,NA,NA,CLEAR,1,0,0,0,0,TREND_REVERSAL_UNCONFIRMED,0,0.45,NONE,1,0,0,0
NEARUSDT,1783652400000,2026-07-10T03:00:00.000Z,NEUTRAL,NONE,0,7.875,IGNORE,0,WATCH,,0,0,0,NA,NA,NA,NA,NA,CLEAR,1,0,0,0,0,TREND_REVERSAL_UNCONFIRMED,0,0.45,NONE,1,0,0,0
NEARUSDT,1783656000000,2026-07-10T04:00:00.000Z,NEUTRAL,NONE,0,7.875,IGNORE,0,WATCH,,0,0,0,NA,NA,NA,NA,NA,CLEAR,1,0,0,0,0,TREND_REVERSAL_UNCONFIRMED,0,0.45,NONE,1,0,0,0
NEARUSDT,1783659600000,2026-07-10T05:00:00.000Z,NEUTRAL,NONE,0,7.875,IGNORE,0,WATCH,,0,0,0,NA,NA,NA,NA,NA,CLEAR,1,0,0,0,0,TREND_REVERSAL_UNCONFIRMED,0,0.45,NONE,1,0,0,0
NEARUSDT,1783663200000,2026-07-10T06:00:00.000Z,NEUTRAL,NONE,0,7.875,IGNORE,0,WATCH,,0,0,0,NA,NA,NA,NA,NA,CLEAR,1,0,0,0,0,TREND_REVERSAL_UNCONFIRMED,0,0.45,NONE,1,0,0,0
NEARUSDT,1783666800000,2026-07-10T07:00:00.000Z,NEUTRAL,NONE,0,7.875,IGNORE,0,WATCH,,0,0,0,NA,NA,NA,NA,NA,WARNING_SOFT,1,0,0,0,0,TREND_REVERSAL_UNCONFIRMED,0,0.45,NONE,1,0,0,0
NEARUSDT,1783670400000,2026-07-10T08:00:00.000Z,BULL,SHORT,0,7.875,IGNORE,0,WATCH,,0,0,0,NA,NA,NA,NA,NA,CLEAR,1,0,0,0,0,TREND_REVERSAL_UNCONFIRMED,0,0.45,SHORT,1,0,0,0
NEARUSDT,1783674000000,2026-07-10T09:00:00.000Z,BULL,SHORT,39.05990990391771,18.26346790493352,IGNORE,0,WATCH,,0,0,0,NA,NA,NA,NA,NA,CLEAR,1,0,0,0,0,TREND_REVERSAL_UNCONFIRMED,2,0.45,SHORT,1,0,0,0
NEARUSDT,1783677600000,2026-07-10T10:00:00.000Z,BULL,SHORT,0,7.875,IGNORE,0,WATCH,,0,0,0,NA,NA,NA,NA,NA,CLEAR,1,0,0,0,0,TREND_REVERSAL_UNCONFIRMED,0,0.45,SHORT,1,0,0,0
NEARUSDT,1783681200000,2026-07-10T11:00:00.000Z,BULL,SHORT,17.5,12.909375,IGNORE,0,WATCH,,0,0,0,NA,NA,NA,NA,NA,CLEAR,1,0,0,0,0,TREND_REVERSAL_UNCONFIRMED,1,0.45,SHORT,1,0,0,0
NEARUSDT,1783684800000,2026-07-10T12:00:00.000Z,NEUTRAL,NONE,0,7.875,IGNORE,0,WATCH,,0,0,0,NA,NA,NA,NA,NA,BLOCK,0,0,0,0,0,TREND_REVERSAL_UNCONFIRMED,0,0.45,NONE,1,0,0,0
NEARUSDT,1783688400000,2026-07-10T13:00:00.000Z,NEUTRAL,NONE,0,7.875,IGNORE,0,WATCH,,0,0,0,NA,NA,NA,NA,NA,BLOCK,0,0,0,0,0,TREND_REVERSAL_UNCONFIRMED,0,0.45,NONE,1,0,0,0
NEARUSDT,1783692000000,2026-07-10T14:00:00.000Z,BEAR,LONG,42.5,18.534375,IGNORE,0,WATCH,,0,0,0,NA,NA,NA,NA,NA,WARNING_HARD,1,0,1,0,0,TREND_REVERSAL_UNCONFIRMED,2,0.45,LONG,1,0,0,0
NEARUSDT,1783695600000,2026-07-10T15:00:00.000Z,BEAR,LONG,17.5,12.909375,IGNORE,0,WATCH,,0,0,0,NA,NA,NA,NA,NA,WARNING_SOFT,1,0,0,0,0,TREND_REVERSAL_UNCONFIRMED,1,0.45,LONG,1,0,0,0
NEARUSDT,1783699200000,2026-07-10T16:00:00.000Z,BEAR,LONG,36.37080771941827,18.05170110790419,IGNORE,0,WATCH,,0,0,0,NA,NA,NA,NA,NA,WARNING_HARD,1,0,0,0,0,TREND_REVERSAL_UNCONFIRMED,2,0.45,LONG,1,0,0,0
NEARUSDT,1783702800000,2026-07-10T17:00:00.000Z,BEAR,LONG,25,13.5,IGNORE,0,WATCH,,0,0,0,NA,NA,NA,NA,NA,CLEAR,1,0,0,0,0,TREND_REVERSAL_UNCONFIRMED,1,0.45,LONG,1,0,0,0
NEARUSDT,1783706400000,2026-07-10T18:00:00.000Z,BEAR,LONG,25,13.5,IGNORE,0,WATCH,,0,0,0,NA,NA,NA,NA,NA,CLEAR,1,0,0,0,0,TREND_REVERSAL_UNCONFIRMED,1,0.45,LONG,1,0,0,0
NEARUSDT,1783710000000,2026-07-10T19:00:00.000Z,BEAR,LONG,13.172189341662854,12.56855991065595,IGNORE,0,WATCH,,0,0,0,NA,NA,NA,NA,NA,CLEAR,1,0,0,0,0,TREND_REVERSAL_UNCONFIRMED,1,0.45,LONG,1,0,0,0
NEARUSDT,1783713600000,2026-07-10T20:00:00.000Z,BEAR,LONG,0,7.875,IGNORE,0,WATCH,,0,0,0,NA,NA,NA,NA,NA,CLEAR,1,0,0,0,0,TREND_REVERSAL_UNCONFIRMED,0,0.45,LONG,1,0,0,0
NEARUSDT,1783717200000,2026-07-10T21:00:00.000Z,BEAR,LONG,0,7.875,IGNORE,0,WATCH,,0,0,0,NA,NA,NA,NA,NA,WARNING_SOFT,1,0,0,0,0,TREND_REVERSAL_UNCONFIRMED,0,0.45,LONG,1,0,0,0
NEARUSDT,1783720800000,2026-07-10T22:00:00.000Z,BEAR,LONG,0,7.875,IGNORE,0,WATCH,,0,0,0,NA,NA,NA,NA,NA,WARNING_SOFT,1,0,0,0,0,TREND_REVERSAL_UNCONFIRMED,0,0.45,LONG,1,0,0,0
NEARUSDT,1783724400000,2026-07-10T23:00:00.000Z,BEAR,LONG,0,7.875,IGNORE,0,WATCH,,0,0,0,NA,NA,NA,NA,NA,WARNING_SOFT,1,0,0,0,0,TREND_REVERSAL_UNCONFIRMED,0,0.45,LONG,1,0,0,0
NEARUSDT,1783728000000,2026-07-11T00:00:00.000Z,BEAR,LONG,0,7.875,IGNORE,0,WATCH,,0,0,0,NA,NA,NA,NA,NA,WARNING_SOFT,1,0,0,0,0,TREND_REVERSAL_UNCONFIRMED,0,0.45,LONG,1,0,0,0
NEARUSDT,1783731600000,2026-07-11T01:00:00.000Z,BEAR,LONG,0,7.875,IGNORE,0,WATCH,,0,0,0,NA,NA,NA,NA,NA,WARNING_SOFT,1,0,0,0,0,TREND_REVERSAL_UNCONFIRMED,0,0.45,LONG,1,0,0,0
NEARUSDT,1783735200000,2026-07-11T02:00:00.000Z,NEUTRAL,NONE,0,7.875,IGNORE,0,WATCH,,0,0,0,NA,NA,NA,NA,NA,CLEAR,1,0,0,0,0,TREND_REVERSAL_UNCONFIRMED,0,0.45,NONE,1,0,0,0
NEARUSDT,1783738800000,2026-07-11T03:00:00.000Z,NEUTRAL,NONE,0,7.875,IGNORE,0,WATCH,,0,0,0,NA,NA,NA,NA,NA,CLEAR,1,0,0,0,0,TREND_REVERSAL_UNCONFIRMED,0,0.45,NONE,1,0,0,0
NEARUSDT,1783742400000,2026-07-11T04:00:00.000Z,BEAR,LONG,0,7.875,IGNORE,0,WATCH,,0,0,0,NA,NA,NA,NA,NA,WARNING_SOFT,1,0,0,0,0,TREND_REVERSAL_UNCONFIRMED,0,0.45,LONG,1,0,0,0
NEARUSDT,1783746000000,2026-07-11T05:00:00.000Z,NEUTRAL,NONE,0,7.875,IGNORE,0,WATCH,,0,0,0,NA,NA,NA,NA,NA,CLEAR,1,0,0,0,0,TREND_REVERSAL_UNCONFIRMED,0,0.45,NONE,1,0,0,0
NEARUSDT,1783749600000,2026-07-11T06:00:00.000Z,BEAR,LONG,0,7.875,IGNORE,0,WATCH,,0,0,0,NA,NA,NA,NA,NA,BLOCK,0,0,0,0,0,TREND_REVERSAL_UNCONFIRMED,0,0.45,LONG,1,0,0,0
NEARUSDT,1783753200000,2026-07-11T07:00:00.000Z,BEAR,LONG,0,7.875,IGNORE,0,WATCH,,0,0,0,NA,NA,NA,NA,NA,WARNING_SOFT,1,0,0,0,0,TREND_REVERSAL_UNCONFIRMED,0,0.45,LONG,1,0,0,0
NEARUSDT,1783756800000,2026-07-11T08:00:00.000Z,BEAR,LONG,25,13.5,IGNORE,0,WATCH,,0,0,0,NA,NA,NA,NA,NA,WARNING_HARD,1,0,0,0,0,TREND_REVERSAL_UNCONFIRMED,1,0.45,LONG,1,0,0,0
NEARUSDT,1783760400000,2026-07-11T09:00:00.000Z,BEAR,LONG,0,7.875,IGNORE,0,WATCH,,0,0,0,NA,NA,NA,NA,NA,WARNING_SOFT,1,0,0,0,0,TREND_REVERSAL_UNCONFIRMED,0,0.45,LONG,1,0,0,0
NEARUSDT,1783764000000,2026-07-11T10:00:00.000Z,BEAR,LONG,0,7.875,IGNORE,0,WATCH,,0,0,0,NA,NA,NA,NA,NA,WARNING_SOFT,1,0,0,0,0,TREND_REVERSAL_UNCONFIRMED,0,0.45,LONG,1,0,0,0
NEARUSDT,1783767600000,2026-07-11T11:00:00.000Z,NEUTRAL,NONE,0,7.875,IGNORE,0,WATCH,,0,0,0,NA,NA,NA,NA,NA,WARNING_SOFT,1,0,0,0,0,TREND_REVERSAL_UNCONFIRMED,0,0.45,NONE,1,0,0,0
NEARUSDT,1783771200000,2026-07-11T12:00:00.000Z,NEUTRAL,NONE,0,7.875,IGNORE,0,WATCH,,0,0,0,NA,NA,NA,NA,NA,CLEAR,1,0,0,0,0,TREND_REVERSAL_UNCONFIRMED,0,0.45,NONE,1,0,0,0
NEARUSDT,1783774800000,2026-07-11T13:00:00.000Z,NEUTRAL,NONE,0,7.875,IGNORE,0,WATCH,,0,0,0,NA,NA,NA,NA,NA,CLEAR,1,0,0,0,0,TREND_REVERSAL_UNCONFIRMED,0,0.45,NONE,1,0,0,0
NEARUSDT,1783778400000,2026-07-11T14:00:00.000Z,NEUTRAL,NONE,0,7.875,IGNORE,0,WATCH,,0,0,0,NA,NA,NA,NA,NA,CLEAR,1,0,0,0,0,TREND_REVERSAL_UNCONFIRMED,0,0.45,NONE,1,0,0,0
NEARUSDT,1783782000000,2026-07-11T15:00:00.000Z,NEUTRAL,NONE,0,7.875,IGNORE,0,WATCH,,0,0,0,NA,NA,NA,NA,NA,CLEAR,1,0,0,0,0,TREND_REVERSAL_UNCONFIRMED,0,0.45,NONE,1,0,0,0
NEARUSDT,1783785600000,2026-07-11T16:00:00.000Z,NEUTRAL,NONE,0,7.875,IGNORE,0,WATCH,,0,0,0,NA,NA,NA,NA,NA,CLEAR,1,0,0,0,0,TREND_REVERSAL_UNCONFIRMED,0,0.45,NONE,1,0,0,0
NEARUSDT,1783789200000,2026-07-11T17:00:00.000Z,NEUTRAL,NONE,0,7.875,IGNORE,0,WATCH,,0,0,0,NA,NA,NA,NA,NA,CLEAR,1,0,0,0,0,TREND_REVERSAL_UNCONFIRMED,0,0.45,NONE,1,0,0,0
NEARUSDT,1783792800000,2026-07-11T18:00:00.000Z,BEAR,LONG,17.5,12.909375,IGNORE,0,WATCH,,0,0,0,NA,NA,NA,NA,NA,WARNING_SOFT,1,0,0,0,0,TREND_REVERSAL_UNCONFIRMED,1,0.45,LONG,1,0,0,0
NEARUSDT,1783796400000,2026-07-11T19:00:00.000Z,NEUTRAL,NONE,0,7.875,IGNORE,0,WATCH,,0,0,0,NA,NA,NA,NA,NA,WARNING_SOFT,1,0,0,0,0,TREND_REVERSAL_UNCONFIRMED,0,0.45,NONE,1,0,0,0
NEARUSDT,1783800000000,2026-07-11T20:00:00.000Z,NEUTRAL,NONE,0,7.875,IGNORE,0,WATCH,,0,0,0,NA,NA,NA,NA,NA,CLEAR,1,0,0,0,0,TREND_REVERSAL_UNCONFIRMED,0,0.45,NONE,1,0,0,0
NEARUSDT,1783803600000,2026-07-11T21:00:00.000Z,NEUTRAL,NONE,0,7.875,IGNORE,0,WATCH,,0,0,0,NA,NA,NA,NA,NA,CLEAR,1,0,0,0,0,TREND_REVERSAL_UNCONFIRMED,0,0.45,NONE,1,0,0,0
NEARUSDT,1783807200000,2026-07-11T22:00:00.000Z,BEAR,LONG,17.5,12.909375,IGNORE,0,WATCH,,0,0,0,NA,NA,NA,NA,NA,WARNING_SOFT,1,0,0,0,0,TREND_REVERSAL_UNCONFIRMED,1,0.45,LONG,1,0,0,0
NEARUSDT,1783810800000,2026-07-11T23:00:00.000Z,BEAR,LONG,42.5,18.534375,IGNORE,0,WATCH,,0,0,0,NA,NA,NA,NA,NA,CLEAR,1,0,0,0,0,TREND_REVERSAL_UNCONFIRMED,2,0.45,LONG,1,0,0,0
NEARUSDT,1783814400000,2026-07-12T00:00:00.000Z,BEAR,LONG,42.5,18.534375,IGNORE,0,WATCH,,0,0,0,NA,NA,NA,NA,NA,CLEAR,1,0,0,0,0,TREND_REVERSAL_UNCONFIRMED,2,0.45,LONG,1,0,0,0
NEARUSDT,1783818000000,2026-07-12T01:00:00.000Z,BEAR,LONG,42.5,18.534375,IGNORE,0,WATCH,,0,0,0,NA,NA,NA,NA,NA,CLEAR,1,0,0,0,0,TREND_REVERSAL_UNCONFIRMED,2,0.45,LONG,1,0,0,0
NEARUSDT,1783821600000,2026-07-12T02:00:00.000Z,BEAR,LONG,17.5,12.909375,IGNORE,0,WATCH,,0,0,0,NA,NA,NA,NA,NA,CLEAR,1,0,0,0,0,TREND_REVERSAL_UNCONFIRMED,1,0.45,LONG,1,0,0,0
NEARUSDT,1783825200000,2026-07-12T03:00:00.000Z,BEAR,LONG,0,7.875,IGNORE,0,WATCH,,0,0,0,NA,NA,NA,NA,NA,CLEAR,1,0,0,0,0,TREND_REVERSAL_UNCONFIRMED,0,0.45,LONG,1,0,0,0
NEARUSDT,1783828800000,2026-07-12T04:00:00.000Z,BEAR,LONG,0,7.875,IGNORE,0,WATCH,,0,0,0,NA,NA,NA,NA,NA,WARNING_SOFT,1,0,0,0,0,TREND_REVERSAL_UNCONFIRMED,0,0.45,LONG,1,0,0,0
NEARUSDT,1783832400000,2026-07-12T05:00:00.000Z,BEAR,LONG,0,7.875,IGNORE,0,WATCH,,0,0,0,NA,NA,NA,NA,NA,CLEAR,1,0,0,0,0,TREND_REVERSAL_UNCONFIRMED,0,0.45,LONG,1,0,0,0
NEARUSDT,1783836000000,2026-07-12T06:00:00.000Z,BEAR,LONG,0,7.875,IGNORE,0,WATCH,,0,0,0,NA,NA,NA,NA,NA,CLEAR,1,0,0,0,0,TREND_REVERSAL_UNCONFIRMED,0,0.45,LONG,1,0,0,0
NEARUSDT,1783839600000,2026-07-12T07:00:00.000Z,BEAR,LONG,25,13.5,IGNORE,0,WATCH,,0,0,0,NA,NA,NA,NA,NA,CLEAR,1,0,0,0,0,TREND_REVERSAL_UNCONFIRMED,1,0.45,LONG,1,0,0,0
NEARUSDT,1783843200000,2026-07-12T08:00:00.000Z,BEAR,LONG,0,7.875,IGNORE,0,WATCH,,0,0,0,NA,NA,NA,NA,NA,WARNING_SOFT,1,0,0,0,0,TREND_REVERSAL_UNCONFIRMED,0,0.45,LONG,1,0,0,0
NEARUSDT,1783846800000,2026-07-12T09:00:00.000Z,NEUTRAL,NONE,0,7.875,IGNORE,0,WATCH,,0,0,0,NA,NA,NA,NA,NA,WARNING_SOFT,1,0,0,0,0,TREND_REVERSAL_UNCONFIRMED,0,0.45,NONE,1,0,0,0
NEARUSDT,1783850400000,2026-07-12T10:00:00.000Z,BEAR,LONG,17.5,12.909375,IGNORE,0,WATCH,,0,0,0,NA,NA,NA,NA,NA,WARNING_SOFT,1,0,0,0,0,TREND_REVERSAL_UNCONFIRMED,1,0.45,LONG,1,0,0,0
NEARUSDT,1783854000000,2026-07-12T11:00:00.000Z,NEUTRAL,NONE,0,7.875,IGNORE,0,WATCH,,0,0,0,NA,NA,NA,NA,NA,WARNING_SOFT,1,0,0,0,0,TREND_REVERSAL_UNCONFIRMED,0,0.45,NONE,1,0,0,0
NEARUSDT,1783857600000,2026-07-12T12:00:00.000Z,BEAR,LONG,39.844162232356084,18.32522777579804,IGNORE,0,WATCH,,0,0,0,NA,NA,NA,NA,NA,BLOCK,0,0,1,0,0,TREND_REVERSAL_UNCONFIRMED,2,0.45,LONG,1,0,0,0
NEARUSDT,1783861200000,2026-07-12T13:00:00.000Z,BEAR,LONG,32.7506267506444,17.766611856613245,IGNORE,0,WATCH,,0,0,0,NA,NA,NA,NA,NA,BLOCK,0,0,0,0,0,TREND_REVERSAL_UNCONFIRMED,2,0.45,LONG,1,0,0,0
NEARUSDT,1783864800000,2026-07-12T14:00:00.000Z,NEUTRAL,NONE,0,7.875,IGNORE,0,WATCH,,0,0,0,NA,NA,NA,NA,NA,WARNING_SOFT,1,0,0,0,0,TREND_REVERSAL_UNCONFIRMED,0,0.45,NONE,1,0,0,0
NEARUSDT,1783868400000,2026-07-12T15:00:00.000Z,NEUTRAL,NONE,0,7.875,IGNORE,0,WATCH,,0,0,0,NA,NA,NA,NA,NA,CLEAR,1,0,0,0,0,TREND_REVERSAL_UNCONFIRMED,0,0.45,NONE,1,0,0,0
NEARUSDT,1783872000000,2026-07-12T16:00:00.000Z,NEUTRAL,NONE,0,7.875,IGNORE,0,WATCH,,0,0,0,NA,NA,NA,NA,NA,CLEAR,1,0,0,0,0,TREND_REVERSAL_UNCONFIRMED,0,0.45,NONE,1,0,0,0
NEARUSDT,1783875600000,2026-07-12T17:00:00.000Z,NEUTRAL,NONE,0,7.875,IGNORE,0,WATCH,,0,0,0,NA,NA,NA,NA,NA,CLEAR,1,0,0,0,0,TREND_REVERSAL_UNCONFIRMED,0,0.45,NONE,1,0,0,0
NEARUSDT,1783879200000,2026-07-12T18:00:00.000Z,NEUTRAL,NONE,0,7.875,IGNORE,0,WATCH,,0,0,0,NA,NA,NA,NA,NA,CLEAR,1,0,0,0,0,TREND_REVERSAL_UNCONFIRMED,0,0.45,NONE,1,0,0,0
NEARUSDT,1783882800000,2026-07-12T19:00:00.000Z,NEUTRAL,NONE,0,7.875,IGNORE,0,WATCH,,0,0,0,NA,NA,NA,NA,NA,CLEAR,1,0,0,0,0,TREND_REVERSAL_UNCONFIRMED,0,0.45,NONE,1,0,0,0
NEARUSDT,1783886400000,2026-07-12T20:00:00.000Z,NEUTRAL,NONE,0,7.875,IGNORE,0,WATCH,,0,0,0,NA,NA,NA,NA,NA,CLEAR,1,0,0,0,0,TREND_REVERSAL_UNCONFIRMED,0,0.45,NONE,1,0,0,0
NEARUSDT,1783890000000,2026-07-12T21:00:00.000Z,NEUTRAL,NONE,0,7.875,IGNORE,0,WATCH,,0,0,0,NA,NA,NA,NA,NA,WARNING_HARD,1,0,0,0,0,TREND_REVERSAL_UNCONFIRMED,0,0.45,NONE,1,0,0,0
NEARUSDT,1783893600000,2026-07-12T22:00:00.000Z,NEUTRAL,NONE,0,7.875,IGNORE,0,WATCH,,0,0,0,NA,NA,NA,NA,NA,BLOCK,0,0,1,0,0,TREND_REVERSAL_UNCONFIRMED,0,0.45,NONE,1,0,0,0
NEARUSDT,1783897200000,2026-07-12T23:00:00.000Z,BEAR,LONG,42.5,18.534375,IGNORE,0,WATCH,,0,0,0,NA,NA,NA,NA,NA,CLEAR,1,0,0,0,0,TREND_REVERSAL_UNCONFIRMED,2,0.45,LONG,1,0,0,0
NEARUSDT,1783900800000,2026-07-13T00:00:00.000Z,BULL,SHORT,25,13.5,IGNORE,0,WATCH,,0,0,0,NA,NA,NA,NA,NA,WARNING_SOFT,1,0,0,0,0,TREND_REVERSAL_UNCONFIRMED,1,0.45,SHORT,1,0,0,0
NEARUSDT,1783904400000,2026-07-13T01:00:00.000Z,BEAR,LONG,35.61462773927682,17.992151934468048,IGNORE,0,WATCH,,0,0,0,NA,NA,NA,NA,NA,WARNING_SOFT,1,0,0,0,0,TREND_REVERSAL_UNCONFIRMED,2,0.45,LONG,1,0,0,0
NEARUSDT,1783908000000,2026-07-13T02:00:00.000Z,BEAR,LONG,42.5,18.534375,IGNORE,0,WATCH,,0,0,0,NA,NA,NA,NA,NA,CLEAR,1,0,0,0,0,TREND_REVERSAL_UNCONFIRMED,2,0.45,LONG,1,0,0,0
NEARUSDT,1783911600000,2026-07-13T03:00:00.000Z,BEAR,LONG,39.105453299626376,18.267054447345576,IGNORE,0,WATCH,,0,0,0,NA,NA,NA,NA,NA,CLEAR,1,0,0,0,0,TREND_REVERSAL_UNCONFIRMED,2,0.45,LONG,1,0,0,0
NEARUSDT,1783915200000,2026-07-13T04:00:00.000Z,BEAR,LONG,17.5,12.909375,IGNORE,0,WATCH,,0,0,0,NA,NA,NA,NA,NA,CLEAR,1,0,0,0,0,TREND_REVERSAL_UNCONFIRMED,1,0.45,LONG,1,0,0,0
NEARUSDT,1783918800000,2026-07-13T05:00:00.000Z,NEUTRAL,NONE,0,7.875,IGNORE,0,WATCH,,0,0,0,NA,NA,NA,NA,NA,WARNING_SOFT,1,0,0,0,0,TREND_REVERSAL_UNCONFIRMED,0,0.45,NONE,1,0,0,0
NEARUSDT,1783922400000,2026-07-13T06:00:00.000Z,NEUTRAL,NONE,0,7.875,IGNORE,0,WATCH,,0,0,0,NA,NA,NA,NA,NA,WARNING_SOFT,1,0,0,0,0,TREND_REVERSAL_UNCONFIRMED,0,0.45,NONE,1,0,0,0
NEARUSDT,1783926000000,2026-07-13T07:00:00.000Z,NEUTRAL,NONE,0,7.875,IGNORE,0,WATCH,,0,0,0,NA,NA,NA,NA,NA,WARNING_HARD,1,1,0,0,0,TREND_REVERSAL_UNCONFIRMED,0,0.45,NONE,1,0,0,0
NEARUSDT,1783929600000,2026-07-13T08:00:00.000Z,NEUTRAL,NONE,0,7.875,IGNORE,0,WATCH,,0,0,0,NA,NA,NA,NA,NA,WARNING_HARD,1,0,0,0,0,TREND_REVERSAL_UNCONFIRMED,0,0.45,NONE,1,0,0,0
NEARUSDT,1783933200000,2026-07-13T09:00:00.000Z,BULL,SHORT,42.5,18.534375,IGNORE,0,WATCH,,0,0,0,NA,NA,NA,NA,NA,WARNING_SOFT,1,0,0,0,0,TREND_REVERSAL_UNCONFIRMED,2,0.45,SHORT,1,0,0,0
NEARUSDT,1783936800000,2026-07-13T10:00:00.000Z,BULL,SHORT,17.5,12.909375,IGNORE,0,WATCH,,0,0,0,NA,NA,NA,NA,NA,WARNING_SOFT,1,0,0,0,0,TREND_REVERSAL_UNCONFIRMED,1,0.45,SHORT,1,0,0,0
NEARUSDT,1783940400000,2026-07-13T11:00:00.000Z,BULL,SHORT,17.5,12.909375,IGNORE,0,WATCH,,0,0,0,NA,NA,NA,NA,NA,WARNING_SOFT,1,0,0,0,0,TREND_REVERSAL_UNCONFIRMED,1,0.45,SHORT,1,0,0,0
NEARUSDT,1783944000000,2026-07-13T12:00:00.000Z,NEUTRAL,NONE,0,7.875,IGNORE,0,WATCH,,0,0,0,NA,NA,NA,NA,NA,BLOCK,0,0,0,0,0,TREND_REVERSAL_UNCONFIRMED,0,0.45,NONE,1,0,0,0
NEARUSDT,1783947600000,2026-07-13T13:00:00.000Z,BULL,SHORT,33.36116983954149,17.814692124863893,IGNORE,0,WATCH,,0,0,0,NA,NA,NA,NA,NA,WARNING_SOFT,1,0,0,0,0,TREND_REVERSAL_UNCONFIRMED,2,0.45,SHORT,1,0,0,0
NEARUSDT,1783951200000,2026-07-13T14:00:00.000Z,BULL,SHORT,42.5,18.534375,IGNORE,0,WATCH,,0,0,0,NA,NA,NA,NA,NA,WARNING_HARD,1,0,0,0,0,TREND_REVERSAL_UNCONFIRMED,2,0.45,SHORT,1,0,0,0
NEARUSDT,1783954800000,2026-07-13T15:00:00.000Z,BULL,SHORT,42.4561953536903,18.530925384103114,IGNORE,0,WATCH,,0,0,0,NA,NA,NA,NA,NA,WARNING_HARD,1,0,0,0,0,TREND_REVERSAL_UNCONFIRMED,2,0.45,SHORT,1,0,0,0
NEARUSDT,1783958400000,2026-07-13T16:00:00.000Z,BULL,SHORT,39.18071502223167,18.272981308000745,IGNORE,0,WATCH,,0,0,0,NA,NA,NA,NA,NA,WARNING_SOFT,1,0,0,0,0,TREND_REVERSAL_UNCONFIRMED,2,0.45,SHORT,1,0,0,0
NEARUSDT,1783962000000,2026-07-13T17:00:00.000Z,BULL,SHORT,13.217480697384216,12.572126604919006,IGNORE,0,WATCH,,0,0,0,NA,NA,NA,NA,NA,WARNING_SOFT,1,0,0,0,0,TREND_REVERSAL_UNCONFIRMED,1,0.45,SHORT,1,0,0,0
NEARUSDT,1783965600000,2026-07-13T18:00:00.000Z,NEUTRAL,NONE,0,7.875,IGNORE,0,WATCH,,0,0,0,NA,NA,NA,NA,NA,WARNING_SOFT,1,0,0,0,0,TREND_REVERSAL_UNCONFIRMED,0,0.45,NONE,1,0,0,0
NEARUSDT,1783969200000,2026-07-13T19:00:00.000Z,BULL,SHORT,12.710510510805145,12.532202702725906,IGNORE,0,WATCH,,0,0,0,NA,NA,NA,NA,NA,WARNING_SOFT,1,0,0,0,0,TREND_REVERSAL_UNCONFIRMED,1,0.45,SHORT,1,0,0,0
NEARUSDT,1783972800000,2026-07-13T20:00:00.000Z,NEUTRAL,NONE,0,7.875,IGNORE,0,WATCH,,0,0,0,NA,NA,NA,NA,NA,WARNING_SOFT,1,0,0,0,0,TREND_REVERSAL_UNCONFIRMED,0,0.45,NONE,1,0,0,0
NEARUSDT,1783976400000,2026-07-13T21:00:00.000Z,NEUTRAL,NONE,0,7.875,IGNORE,0,WATCH,,0,0,0,NA,NA,NA,NA,NA,WARNING_SOFT,1,0,0,0,0,TREND_REVERSAL_UNCONFIRMED,0,0.45,NONE,1,0,0,0
NEARUSDT,1783980000000,2026-07-13T22:00:00.000Z,NEUTRAL,NONE,0,7.875,IGNORE,0,WATCH,,0,0,0,NA,NA,NA,NA,NA,WARNING_SOFT,1,0,0,0,0,TREND_REVERSAL_UNCONFIRMED,0,0.45,NONE,1,0,0,0
NEARUSDT,1783983600000,2026-07-13T23:00:00.000Z,BULL,SHORT,0,7.875,IGNORE,0,WATCH,,0,0,0,NA,NA,NA,NA,NA,WARNING_SOFT,1,0,0,0,0,TREND_REVERSAL_UNCONFIRMED,0,0.45,SHORT,1,0,0,0
NEARUSDT,1783987200000,2026-07-14T00:00:00.000Z,BULL,SHORT,25,13.5,IGNORE,0,WATCH,,0,0,0,NA,NA,NA,NA,NA,WARNING_SOFT,1,0,0,0,0,TREND_REVERSAL_UNCONFIRMED,1,0.45,SHORT,1,0,0,0
NEARUSDT,1783990800000,2026-07-14T01:00:00.000Z,BULL,SHORT,0,7.875,IGNORE,0,WATCH,,0,0,0,NA,NA,NA,NA,NA,WARNING_SOFT,1,0,0,0,0,TREND_REVERSAL_UNCONFIRMED,0,0.45,SHORT,1,0,0,0
NEARUSDT,1783994400000,2026-07-14T02:00:00.000Z,BULL,SHORT,12.603294953382553,12.523759477578876,IGNORE,0,WATCH,,0,0,0,NA,NA,NA,NA,NA,WARNING_HARD,1,0,0,0,0,TREND_REVERSAL_UNCONFIRMED,1,0.45,SHORT,1,0,0,0
NEARUSDT,1783998000000,2026-07-14T03:00:00.000Z,BULL,SHORT,0,7.875,IGNORE,0,WATCH,,0,0,0,NA,NA,NA,NA,NA,CLEAR,1,0,0,0,0,TREND_REVERSAL_UNCONFIRMED,0,0.45,SHORT,1,0,0,0
NEARUSDT,1784001600000,2026-07-14T04:00:00.000Z,BULL,SHORT,0,7.875,IGNORE,0,WATCH,,0,0,0,NA,NA,NA,NA,NA,CLEAR,1,0,0,0,0,TREND_REVERSAL_UNCONFIRMED,0,0.45,SHORT,1,0,0,0
NEARUSDT,1784005200000,2026-07-14T05:00:00.000Z,BULL,SHORT,15.777091028113858,12.773695918463968,IGNORE,0,WATCH,,0,0,0,NA,NA,NA,NA,NA,CLEAR,1,0,0,0,0,TREND_REVERSAL_UNCONFIRMED,1,0.45,SHORT,1,0,0,0
NEARUSDT,1784008800000,2026-07-14T06:00:00.000Z,BULL,SHORT,16.46625103137834,12.827967268721045,IGNORE,0,WATCH,,0,0,0,NA,NA,NA,NA,NA,CLEAR,1,0,0,0,0,TREND_REVERSAL_UNCONFIRMED,1,0.45,SHORT,1,0,0,0
NEARUSDT,1784012400000,2026-07-14T07:00:00.000Z,BULL,SHORT,12.819627073020426,12.540795632000359,IGNORE,0,WATCH,,0,0,0,NA,NA,NA,NA,NA,WARNING_HARD,1,0,0,0,0,TREND_REVERSAL_UNCONFIRMED,1,0.45,SHORT,1,0,0,0
NEARUSDT,1784016000000,2026-07-14T08:00:00.000Z,BULL,SHORT,0,7.875,IGNORE,0,WATCH,,0,0,0,NA,NA,NA,NA,NA,CLEAR,1,0,0,0,0,TREND_REVERSAL_UNCONFIRMED,0,0.45,SHORT,1,0,0,0
NEARUSDT,1784019600000,2026-07-14T09:00:00.000Z,BULL,SHORT,0,7.875,IGNORE,0,WATCH,,0,0,0,NA,NA,NA,NA,NA,CLEAR,1,0,0,0,0,TREND_REVERSAL_UNCONFIRMED,0,0.45,SHORT,1,0,0,0
NEARUSDT,1784023200000,2026-07-14T10:00:00.000Z,BULL,SHORT,0,7.875,IGNORE,0,WATCH,,0,0,0,NA,NA,NA,NA,NA,CLEAR,1,0,0,0,0,TREND_REVERSAL_UNCONFIRMED,0,0.45,SHORT,1,0,0,0
NEARUSDT,1784026800000,2026-07-14T11:00:00.000Z,BULL,SHORT,0,7.875,IGNORE,0,WATCH,,0,0,0,NA,NA,NA,NA,NA,CLEAR,1,0,0,0,0,TREND_REVERSAL_UNCONFIRMED,0,0.45,SHORT,1,0,0,0
NEARUSDT,1784030400000,2026-07-14T12:00:00.000Z,BULL,SHORT,25,13.5,IGNORE,0,WATCH,,0,0,0,NA,NA,NA,NA,NA,CLEAR,1,1,0,0,0,TREND_REVERSAL_UNCONFIRMED,1,0.45,SHORT,1,0,0,0
NEARUSDT,1784034000000,2026-07-14T13:00:00.000Z,BULL,SHORT,25,13.5,IGNORE,0,WATCH,,0,0,0,NA,NA,NA,NA,NA,CLEAR,1,0,0,0,0,TREND_REVERSAL_UNCONFIRMED,1,0.45,SHORT,1,0,0,0
NEARUSDT,1784037600000,2026-07-14T14:00:00.000Z,BULL,SHORT,12.847222222222221,12.54296875,IGNORE,0,WATCH,,0,0,0,NA,NA,NA,NA,NA,CLEAR,1,0,0,0,0,TREND_REVERSAL_UNCONFIRMED,1,0.45,SHORT,1,0,0,0
NEARUSDT,1784041200000,2026-07-14T15:00:00.000Z,BULL,SHORT,28.857307241084392,17.4600129452354,IGNORE,0,WATCH,,0,0,0,NA,NA,NA,NA,NA,CLEAR,1,0,0,0,0,TREND_REVERSAL_UNCONFIRMED,2,0.45,SHORT,1,0,0,0
NEARUSDT,1784044800000,2026-07-14T16:00:00.000Z,BULL,SHORT,25,13.5,IGNORE,0,WATCH,,0,0,0,NA,NA,NA,NA,NA,CLEAR,1,0,0,0,0,TREND_REVERSAL_UNCONFIRMED,1,0.45,SHORT,1,0,0,0
NEARUSDT,1784048400000,2026-07-14T17:00:00.000Z,BULL,SHORT,0,7.875,IGNORE,0,WATCH,,0,0,0,NA,NA,NA,NA,NA,CLEAR,1,0,0,0,0,TREND_REVERSAL_UNCONFIRMED,0,0.45,SHORT,1,0,0,0
NEARUSDT,1784052000000,2026-07-14T18:00:00.000Z,BULL,SHORT,0,7.875,IGNORE,0,WATCH,,0,0,0,NA,NA,NA,NA,NA,CLEAR,1,0,0,0,0,TREND_REVERSAL_UNCONFIRMED,0,0.45,SHORT,1,0,0,0
NEARUSDT,1784055600000,2026-07-14T19:00:00.000Z,BULL,SHORT,0,7.875,IGNORE,0,WATCH,,0,0,0,NA,NA,NA,NA,NA,CLEAR,1,0,0,0,0,TREND_REVERSAL_UNCONFIRMED,0,0.45,SHORT,1,0,0,0
NEARUSDT,1784059200000,2026-07-14T20:00:00.000Z,BULL,SHORT,0,7.875,IGNORE,0,WATCH,,0,0,0,NA,NA,NA,NA,NA,WARNING_SOFT,1,0,0,0,0,TREND_REVERSAL_UNCONFIRMED,0,0.45,SHORT,1,0,0,0
NEARUSDT,1784062800000,2026-07-14T21:00:00.000Z,BULL,SHORT,0,7.875,IGNORE,0,WATCH,,0,0,0,NA,NA,NA,NA,NA,WARNING_SOFT,1,0,0,0,0,TREND_REVERSAL_UNCONFIRMED,0,0.45,SHORT,1,0,0,0
NEARUSDT,1784066400000,2026-07-14T22:00:00.000Z,BULL,SHORT,0,7.875,IGNORE,0,WATCH,,0,0,0,NA,NA,NA,NA,NA,WARNING_SOFT,1,0,0,0,0,TREND_REVERSAL_UNCONFIRMED,0,0.45,SHORT,1,0,0,0
NEARUSDT,1784070000000,2026-07-14T23:00:00.000Z,BULL,SHORT,0,7.875,IGNORE,0,WATCH,,0,0,0,NA,NA,NA,NA,NA,BLOCK,0,0,0,0,0,TREND_REVERSAL_UNCONFIRMED,0,0.45,SHORT,1,0,0,0
NEARUSDT,1784073600000,2026-07-15T00:00:00.000Z,BULL,SHORT,0,7.875,IGNORE,0,WATCH,,0,0,0,NA,NA,NA,NA,NA,BLOCK,0,0,0,0,0,TREND_REVERSAL_UNCONFIRMED,0,0.45,SHORT,1,0,0,0
NEARUSDT,1784077200000,2026-07-15T01:00:00.000Z,BULL,SHORT,0,7.875,IGNORE,0,WATCH,,0,0,0,NA,NA,NA,NA,NA,WARNING_SOFT,1,0,0,0,0,TREND_REVERSAL_UNCONFIRMED,0,0.45,SHORT,1,0,0,0
NEARUSDT,1784080800000,2026-07-15T02:00:00.000Z,BULL,SHORT,25,13.5,IGNORE,0,WATCH,,0,0,0,NA,NA,NA,NA,NA,BLOCK,0,0,0,0,0,TREND_REVERSAL_UNCONFIRMED,1,0.45,SHORT,1,0,0,0
NEARUSDT,1784084400000,2026-07-15T03:00:00.000Z,BULL,SHORT,0,7.875,IGNORE,0,WATCH,,0,0,0,NA,NA,NA,NA,NA,WARNING_SOFT,1,0,0,0,0,TREND_REVERSAL_UNCONFIRMED,0,0.45,SHORT,1,0,0,0
NEARUSDT,1784088000000,2026-07-15T04:00:00.000Z,BULL,SHORT,0,7.875,IGNORE,0,WATCH,,0,0,0,NA,NA,NA,NA,NA,WARNING_SOFT,1,0,0,0,0,TREND_REVERSAL_UNCONFIRMED,0,0.45,SHORT,1,0,0,0
NEARUSDT,1784091600000,2026-07-15T05:00:00.000Z,BULL,SHORT,25,13.5,IGNORE,0,WATCH,,0,0,0,NA,NA,NA,NA,NA,WARNING_SOFT,1,0,0,0,0,TREND_REVERSAL_UNCONFIRMED,1,0.45,SHORT,1,0,0,0
NEARUSDT,1784095200000,2026-07-15T06:00:00.000Z,BULL,SHORT,0,7.875,IGNORE,0,WATCH,,0,0,0,NA,NA,NA,NA,NA,CLEAR,1,0,0,0,0,TREND_REVERSAL_UNCONFIRMED,0,0.45,SHORT,1,0,0,0
NEARUSDT,1784098800000,2026-07-15T07:00:00.000Z,NEUTRAL,NONE,0,7.875,IGNORE,0,WATCH,,0,0,0,NA,NA,NA,NA,NA,BLOCK,0,0,0,0,0,TREND_REVERSAL_UNCONFIRMED,0,0.45,NONE,1,0,0,0
NEARUSDT,1784102400000,2026-07-15T08:00:00.000Z,BULL,SHORT,0,7.875,IGNORE,0,WATCH,,0,0,0,NA,NA,NA,NA,NA,WARNING_SOFT,1,0,0,0,0,TREND_REVERSAL_UNCONFIRMED,0,0.45,SHORT,1,0,0,0
NEARUSDT,1784106000000,2026-07-15T09:00:00.000Z,BULL,SHORT,17.5,12.909375,IGNORE,0,WATCH,,0,0,0,NA,NA,NA,NA,NA,CLEAR,1,0,0,0,0,TREND_REVERSAL_UNCONFIRMED,1,0.45,SHORT,1,0,0,0
NEARUSDT,1784109600000,2026-07-15T10:00:00.000Z,BULL,SHORT,36.14280694669016,18.03374604705185,IGNORE,0,WATCH,,0,0,0,NA,NA,NA,NA,NA,CLEAR,1,1,0,0,0,TREND_REVERSAL_UNCONFIRMED,2,0.45,SHORT,1,0,0,0
NEARUSDT,1784113200000,2026-07-15T11:00:00.000Z,BULL,SHORT,42.5,18.534375,IGNORE,0,WATCH,,0,0,0,NA,NA,NA,NA,NA,CLEAR,1,1,0,0,0,TREND_REVERSAL_UNCONFIRMED,2,0.45,SHORT,1,0,0,0
NEARUSDT,1784116800000,2026-07-15T12:00:00.000Z,BULL,SHORT,69,51.723,WATCH,1,WATCH,ACTIVE,1,1,0,FAIL,PASS,SKIP,SKIP,FAIL,CLEAR,1,0,0,0,0,MARKET_CONTEXT_DENIED,4,0.84,SHORT,0,1,0,0
NEARUSDT,1784120400000,2026-07-15T13:00:00.000Z,BULL,SHORT,42.5,18.534375,IGNORE,0,WATCH,,0,0,0,NA,NA,NA,NA,NA,CLEAR,1,0,0,0,0,TREND_REVERSAL_UNCONFIRMED,2,0.45,SHORT,1,0,0,0
NEARUSDT,1784124000000,2026-07-15T14:00:00.000Z,BULL,SHORT,17.5,12.909375,IGNORE,0,WATCH,,0,0,0,NA,NA,NA,NA,NA,CLEAR,1,0,0,0,0,TREND_REVERSAL_UNCONFIRMED,1,0.45,SHORT,1,0,0,0
NEARUSDT,1784127600000,2026-07-15T15:00:00.000Z,BULL,SHORT,17.5,12.909375,IGNORE,0,WATCH,,0,0,0,NA,NA,NA,NA,NA,CLEAR,1,0,0,0,0,TREND_REVERSAL_UNCONFIRMED,1,0.45,SHORT,1,0,0,0
NEARUSDT,1784131200000,2026-07-15T16:00:00.000Z,BULL,SHORT,20.524315770313823,13.147539866912215,IGNORE,0,WATCH,,0,0,0,NA,NA,NA,NA,NA,CLEAR,1,0,0,0,0,TREND_REVERSAL_UNCONFIRMED,1,0.45,SHORT,1,0,0,0
NEARUSDT,1784134800000,2026-07-15T17:00:00.000Z,BULL,SHORT,0,7.875,IGNORE,0,WATCH,,0,0,0,NA,NA,NA,NA,NA,CLEAR,1,0,0,0,0,TREND_REVERSAL_UNCONFIRMED,0,0.45,SHORT,1,0,0,0
NEARUSDT,1784138400000,2026-07-15T18:00:00.000Z,NEUTRAL,NONE,0,7.875,IGNORE,0,WATCH,,0,0,0,NA,NA,NA,NA,NA,WARNING_SOFT,1,0,0,0,0,TREND_REVERSAL_UNCONFIRMED,0,0.45,NONE,1,0,0,0
NEARUSDT,1784142000000,2026-07-15T19:00:00.000Z,NEUTRAL,NONE,0,7.875,IGNORE,0,WATCH,,0,0,0,NA,NA,NA,NA,NA,WARNING_SOFT,1,0,0,0,0,TREND_REVERSAL_UNCONFIRMED,0,0.45,NONE,1,0,0,0
NEARUSDT,1784145600000,2026-07-15T20:00:00.000Z,BULL,SHORT,0,7.875,IGNORE,0,WATCH,,0,0,0,NA,NA,NA,NA,NA,WARNING_SOFT,1,0,0,0,0,TREND_REVERSAL_UNCONFIRMED,0,0.45,SHORT,1,0,0,0
NEARUSDT,1784149200000,2026-07-15T21:00:00.000Z,BULL,SHORT,25,13.5,IGNORE,0,WATCH,,0,0,0,NA,NA,NA,NA,NA,WARNING_SOFT,1,0,0,0,0,TREND_REVERSAL_UNCONFIRMED,1,0.45,SHORT,1,0,0,0
NEARUSDT,1784152800000,2026-07-15T22:00:00.000Z,BULL,SHORT,0,7.875,IGNORE,0,WATCH,,0,0,0,NA,NA,NA,NA,NA,CLEAR,1,0,0,0,0,TREND_REVERSAL_UNCONFIRMED,0,0.45,SHORT,1,0,0,0
NEARUSDT,1784156400000,2026-07-15T23:00:00.000Z,BULL,SHORT,0,7.875,IGNORE,0,WATCH,,0,0,0,NA,NA,NA,NA,NA,WARNING_SOFT,1,0,0,0,0,TREND_REVERSAL_UNCONFIRMED,0,0.45,SHORT,1,0,0,0
NEARUSDT,1784160000000,2026-07-16T00:00:00.000Z,BULL,SHORT,0,7.875,IGNORE,0,WATCH,,0,0,0,NA,NA,NA,NA,NA,WARNING_HARD,1,0,0,0,0,TREND_REVERSAL_UNCONFIRMED,0,0.45,SHORT,1,0,0,0
NEARUSDT,1784163600000,2026-07-16T01:00:00.000Z,BULL,SHORT,17.5,12.909375,IGNORE,0,WATCH,,0,0,0,NA,NA,NA,NA,NA,WARNING_SOFT,1,0,0,0,0,TREND_REVERSAL_UNCONFIRMED,1,0.45,SHORT,1,0,0,0
NEARUSDT,1784167200000,2026-07-16T02:00:00.000Z,BULL,SHORT,17.5,12.909375,IGNORE,0,WATCH,,0,0,0,NA,NA,NA,NA,NA,WARNING_SOFT,1,0,0,0,0,TREND_REVERSAL_UNCONFIRMED,1,0.45,SHORT,1,0,0,0
NEARUSDT,1784170800000,2026-07-16T03:00:00.000Z,BULL,SHORT,17.5,12.909375,IGNORE,0,WATCH,,0,0,0,NA,NA,NA,NA,NA,WARNING_SOFT,1,0,0,0,0,TREND_REVERSAL_UNCONFIRMED,1,0.45,SHORT,1,0,0,0
NEARUSDT,1784174400000,2026-07-16T04:00:00.000Z,NEUTRAL,NONE,0,7.875,IGNORE,0,WATCH,,0,0,0,NA,NA,NA,NA,NA,WARNING_SOFT,1,0,0,0,0,TREND_REVERSAL_UNCONFIRMED,0,0.45,NONE,1,0,0,0
NEARUSDT,1784178000000,2026-07-16T05:00:00.000Z,NEUTRAL,NONE,0,7.875,IGNORE,0,WATCH,,0,0,0,NA,NA,NA,NA,NA,BLOCK,0,0,0,0,0,TREND_REVERSAL_UNCONFIRMED,0,0.45,NONE,1,0,0,0
NEARUSDT,1784181600000,2026-07-16T06:00:00.000Z,NEUTRAL,NONE,0,7.875,IGNORE,0,WATCH,,0,0,0,NA,NA,NA,NA,NA,WARNING_SOFT,1,0,0,0,0,TREND_REVERSAL_UNCONFIRMED,0,0.45,NONE,1,0,0,0
NEARUSDT,1784185200000,2026-07-16T07:00:00.000Z,NEUTRAL,NONE,0,7.875,IGNORE,0,WATCH,,0,0,0,NA,NA,NA,NA,NA,WARNING_SOFT,1,0,0,0,0,TREND_REVERSAL_UNCONFIRMED,0,0.45,NONE,1,0,0,0
NEARUSDT,1784188800000,2026-07-16T08:00:00.000Z,NEUTRAL,NONE,0,7.875,IGNORE,0,WATCH,,0,0,0,NA,NA,NA,NA,NA,BLOCK,0,0,1,0,0,TREND_REVERSAL_UNCONFIRMED,0,0.45,NONE,1,0,0,0
NEARUSDT,1784192400000,2026-07-16T09:00:00.000Z,NEUTRAL,NONE,0,7.875,IGNORE,0,WATCH,,0,0,0,NA,NA,NA,NA,NA,WARNING_SOFT,1,0,0,0,0,TREND_REVERSAL_UNCONFIRMED,0,0.45,NONE,1,0,0,0
NEARUSDT,1784196000000,2026-07-16T10:00:00.000Z,NEUTRAL,NONE,0,7.875,IGNORE,0,WATCH,,0,0,0,NA,NA,NA,NA,NA,BLOCK,0,0,0,0,0,TREND_REVERSAL_UNCONFIRMED,0,0.45,NONE,1,0,0,0
NEARUSDT,1784199600000,2026-07-16T11:00:00.000Z,NEUTRAL,NONE,0,7.875,IGNORE,0,WATCH,,0,0,0,NA,NA,NA,NA,NA,WARNING_SOFT,1,0,0,0,0,TREND_REVERSAL_UNCONFIRMED,0,0.45,NONE,1,0,0,0
NEARUSDT,1784203200000,2026-07-16T12:00:00.000Z,NEUTRAL,NONE,0,7.875,IGNORE,0,WATCH,,0,0,0,NA,NA,NA,NA,NA,WARNING_SOFT,1,0,0,0,0,TREND_REVERSAL_UNCONFIRMED,0,0.45,NONE,1,0,0,0
NEARUSDT,1784206800000,2026-07-16T13:00:00.000Z,BULL,SHORT,42.5,18.534375,IGNORE,0,WATCH,,0,0,0,NA,NA,NA,NA,NA,WARNING_HARD,1,0,0,0,0,TREND_REVERSAL_UNCONFIRMED,2,0.45,SHORT,1,0,0,0
NEARUSDT,1784210400000,2026-07-16T14:00:00.000Z,BULL,SHORT,33.39613203239877,17.817445397551406,IGNORE,0,WATCH,,0,0,0,NA,NA,NA,NA,NA,CLEAR,1,0,0,0,0,TREND_REVERSAL_UNCONFIRMED,2,0.45,SHORT,1,0,0,0
NEARUSDT,1784214000000,2026-07-16T15:00:00.000Z,BULL,SHORT,31.849756957498983,17.695668360403044,IGNORE,0,WATCH,,0,0,0,NA,NA,NA,NA,NA,CLEAR,1,0,0,0,0,TREND_REVERSAL_UNCONFIRMED,2,0.45,SHORT,1,0,0,0
NEARUSDT,1784217600000,2026-07-16T16:00:00.000Z,BULL,SHORT,17.5,12.909375,IGNORE,0,WATCH,,0,0,0,NA,NA,NA,NA,NA,WARNING_SOFT,1,0,0,0,0,TREND_REVERSAL_UNCONFIRMED,1,0.45,SHORT,1,0,0,0
NEARUSDT,1784221200000,2026-07-16T17:00:00.000Z,NEUTRAL,NONE,0,7.875,IGNORE,0,WATCH,,0,0,0,NA,NA,NA,NA,NA,BLOCK,0,0,1,0,0,TREND_REVERSAL_UNCONFIRMED,0,0.45,NONE,1,0,0,0
NEARUSDT,1784224800000,2026-07-16T18:00:00.000Z,NEUTRAL,NONE,0,7.875,IGNORE,0,WATCH,,0,0,0,NA,NA,NA,NA,NA,BLOCK,0,0,0,0,0,TREND_REVERSAL_UNCONFIRMED,0,0.45,NONE,1,0,0,0
NEARUSDT,1784228400000,2026-07-16T19:00:00.000Z,NEUTRAL,NONE,0,7.875,IGNORE,0,WATCH,,0,0,0,NA,NA,NA,NA,NA,WARNING_SOFT,1,0,0,0,0,TREND_REVERSAL_UNCONFIRMED,0,0.45,NONE,1,0,0,0
NEARUSDT,1784232000000,2026-07-16T20:00:00.000Z,NEUTRAL,NONE,0,7.875,IGNORE,0,WATCH,,0,0,0,NA,NA,NA,NA,NA,WARNING_SOFT,1,0,0,0,0,TREND_REVERSAL_UNCONFIRMED,0,0.45,NONE,1,0,0,0
NEARUSDT,1784235600000,2026-07-16T21:00:00.000Z,NEUTRAL,NONE,0,7.875,IGNORE,0,WATCH,,0,0,0,NA,NA,NA,NA,NA,WARNING_SOFT,1,0,0,0,0,TREND_REVERSAL_UNCONFIRMED,0,0.45,NONE,1,0,0,0
NEARUSDT,1784239200000,2026-07-16T22:00:00.000Z,NEUTRAL,NONE,0,7.875,IGNORE,0,WATCH,,0,0,0,NA,NA,NA,NA,NA,WARNING_SOFT,1,0,0,0,0,TREND_REVERSAL_UNCONFIRMED,0,0.45,NONE,1,0,0,0
NEARUSDT,1784242800000,2026-07-16T23:00:00.000Z,NEUTRAL,NONE,0,7.875,IGNORE,0,WATCH,,0,0,0,NA,NA,NA,NA,NA,BLOCK,0,0,1,0,0,TREND_REVERSAL_UNCONFIRMED,0,0.45,NONE,1,0,0,0
NEARUSDT,1784246400000,2026-07-17T00:00:00.000Z,BEAR,LONG,25,13.5,IGNORE,0,WATCH,,0,0,0,NA,NA,NA,NA,NA,CLEAR,1,0,0,0,0,TREND_REVERSAL_UNCONFIRMED,1,0.45,LONG,1,0,0,0
NEARUSDT,1784250000000,2026-07-17T01:00:00.000Z,BEAR,LONG,0,7.875,IGNORE,0,WATCH,,0,0,0,NA,NA,NA,NA,NA,CLEAR,1,0,0,0,0,TREND_REVERSAL_UNCONFIRMED,0,0.45,LONG,1,0,0,0
NEARUSDT,1784253600000,2026-07-17T02:00:00.000Z,BEAR,LONG,0,7.875,IGNORE,0,WATCH,,0,0,0,NA,NA,NA,NA,NA,CLEAR,1,0,0,0,0,TREND_REVERSAL_UNCONFIRMED,0,0.45,LONG,1,0,0,0
NEARUSDT,1784257200000,2026-07-17T03:00:00.000Z,BEAR,LONG,25,13.5,IGNORE,0,WATCH,,0,0,0,NA,NA,NA,NA,NA,CLEAR,1,0,0,0,0,TREND_REVERSAL_UNCONFIRMED,1,0.45,LONG,1,0,0,0
NEARUSDT,1784260800000,2026-07-17T04:00:00.000Z,BEAR,LONG,0,7.875,IGNORE,0,WATCH,,0,0,0,NA,NA,NA,NA,NA,CLEAR,1,0,0,0,0,TREND_REVERSAL_UNCONFIRMED,0,0.45,LONG,1,0,0,0
NEARUSDT,1784264400000,2026-07-17T05:00:00.000Z,BEAR,LONG,12.847222222222221,12.54296875,IGNORE,0,WATCH,,0,0,0,NA,NA,NA,NA,NA,CLEAR,1,0,0,0,0,TREND_REVERSAL_UNCONFIRMED,1,0.45,LONG,1,0,0,0
NEARUSDT,1784268000000,2026-07-17T06:00:00.000Z,BEAR,LONG,19.94707697148521,13.10208231150446,IGNORE,0,WATCH,,0,0,0,NA,NA,NA,NA,NA,CLEAR,1,0,0,0,0,TREND_REVERSAL_UNCONFIRMED,1,0.45,LONG,1,0,0,0
NEARUSDT,1784271600000,2026-07-17T07:00:00.000Z,BEAR,LONG,25,13.5,IGNORE,0,WATCH,,0,0,0,NA,NA,NA,NA,NA,CLEAR,1,0,0,0,0,TREND_REVERSAL_UNCONFIRMED,1,0.45,LONG,1,0,0,0
NEARUSDT,1784275200000,2026-07-17T08:00:00.000Z,BEAR,LONG,39.58333333333333,18.3046875,IGNORE,0,WATCH,,0,0,0,NA,NA,NA,NA,NA,CLEAR,1,0,0,0,0,TREND_REVERSAL_UNCONFIRMED,2,0.45,LONG,1,0,0,0
NEARUSDT,1784278800000,2026-07-17T09:00:00.000Z,BEAR,LONG,12.847222222222221,12.54296875,IGNORE,0,WATCH,,0,0,0,NA,NA,NA,NA,NA,CLEAR,1,0,0,0,0,TREND_REVERSAL_UNCONFIRMED,1,0.45,LONG,1,0,0,0
NEARUSDT,1784282400000,2026-07-17T10:00:00.000Z,BEAR,LONG,0,7.875,IGNORE,0,WATCH,,0,0,0,NA,NA,NA,NA,NA,CLEAR,1,0,0,0,0,TREND_REVERSAL_UNCONFIRMED,0,0.45,LONG,1,0,0,0
NEARUSDT,1784286000000,2026-07-17T11:00:00.000Z,BEAR,LONG,0,7.875,IGNORE,0,WATCH,,0,0,0,NA,NA,NA,NA,NA,CLEAR,1,0,0,0,0,TREND_REVERSAL_UNCONFIRMED,0,0.45,LONG,1,0,0,0
NEARUSDT,1784289600000,2026-07-17T12:00:00.000Z,BEAR,LONG,0,7.875,IGNORE,0,WATCH,,0,0,0,NA,NA,NA,NA,NA,CLEAR,1,0,0,0,0,TREND_REVERSAL_UNCONFIRMED,0,0.45,LONG,1,0,0,0
NEARUSDT,1784293200000,2026-07-17T13:00:00.000Z,BEAR,LONG,43.06572791194641,18.57892607306578,IGNORE,0,WATCH,,0,0,0,NA,NA,NA,NA,NA,CLEAR,1,0,0,0,0,TREND_REVERSAL_UNCONFIRMED,2,0.45,LONG,1,0,0,0
NEARUSDT,1784296800000,2026-07-17T14:00:00.000Z,BEAR,LONG,0,7.875,IGNORE,0,WATCH,,0,0,0,NA,NA,NA,NA,NA,CLEAR,1,0,0,0,0,TREND_REVERSAL_UNCONFIRMED,0,0.45,LONG,1,0,0,0
NEARUSDT,1784300400000,2026-07-17T15:00:00.000Z,BEAR,LONG,0,7.875,IGNORE,0,WATCH,,0,0,0,NA,NA,NA,NA,NA,CLEAR,1,0,0,0,0,TREND_REVERSAL_UNCONFIRMED,0,0.45,LONG,1,0,0,0
NEARUSDT,1784304000000,2026-07-17T16:00:00.000Z,BEAR,LONG,0,7.875,IGNORE,0,WATCH,,0,0,0,NA,NA,NA,NA,NA,CLEAR,1,0,0,0,0,TREND_REVERSAL_UNCONFIRMED,0,0.45,LONG,1,0,0,0
NEARUSDT,1784307600000,2026-07-17T17:00:00.000Z,BEAR,LONG,0,7.875,IGNORE,0,WATCH,,0,0,0,NA,NA,NA,NA,NA,WARNING_SOFT,1,0,0,0,0,TREND_REVERSAL_UNCONFIRMED,0,0.45,LONG,1,0,0,0
NEARUSDT,1784311200000,2026-07-17T18:00:00.000Z,BEAR,LONG,17.5,12.909375,IGNORE,0,WATCH,,0,0,0,NA,NA,NA,NA,NA,WARNING_SOFT,1,0,0,0,0,TREND_REVERSAL_UNCONFIRMED,1,0.45,LONG,1,0,0,0
NEARUSDT,1784314800000,2026-07-17T19:00:00.000Z,BEAR,LONG,17.5,12.909375,IGNORE,0,WATCH,,0,0,0,NA,NA,NA,NA,NA,WARNING_SOFT,1,0,0,0,0,TREND_REVERSAL_UNCONFIRMED,1,0.45,LONG,1,0,0,0
NEARUSDT,1784318400000,2026-07-17T20:00:00.000Z,BEAR,LONG,42.5,18.534375,IGNORE,0,WATCH,,0,0,0,NA,NA,NA,NA,NA,WARNING_SOFT,1,0,0,0,0,TREND_REVERSAL_UNCONFIRMED,2,0.45,LONG,1,0,0,0
NEARUSDT,1784322000000,2026-07-17T21:00:00.000Z,BEAR,LONG,17.5,12.909375,IGNORE,0,WATCH,,0,0,0,NA,NA,NA,NA,NA,WARNING_SOFT,1,0,0,0,0,TREND_REVERSAL_UNCONFIRMED,1,0.45,LONG,1,0,0,0
NEARUSDT,1784325600000,2026-07-17T22:00:00.000Z,BEAR,LONG,17.5,12.909375,IGNORE,0,WATCH,,0,0,0,NA,NA,NA,NA,NA,WARNING_SOFT,1,0,0,0,0,TREND_REVERSAL_UNCONFIRMED,1,0.45,LONG,1,0,0,0
NEARUSDT,1784329200000,2026-07-17T23:00:00.000Z,BEAR,LONG,17.5,12.909375,IGNORE,0,WATCH,,0,0,0,NA,NA,NA,NA,NA,WARNING_SOFT,1,0,0,0,0,TREND_REVERSAL_UNCONFIRMED,1,0.45,LONG,1,0,0,0
NEARUSDT,1784332800000,2026-07-18T00:00:00.000Z,BEAR,LONG,17.5,12.909375,IGNORE,0,WATCH,,0,0,0,NA,NA,NA,NA,NA,WARNING_SOFT,1,0,0,0,0,TREND_REVERSAL_UNCONFIRMED,1,0.45,LONG,1,0,0,0
NEARUSDT,1784336400000,2026-07-18T01:00:00.000Z,BEAR,LONG,17.5,12.909375,IGNORE,0,WATCH,,0,0,0,NA,NA,NA,NA,NA,WARNING_SOFT,1,0,0,0,0,TREND_REVERSAL_UNCONFIRMED,1,0.45,LONG,1,0,0,0
NEARUSDT,1784340000000,2026-07-18T02:00:00.000Z,BEAR,LONG,17.5,12.909375,IGNORE,0,WATCH,,0,0,0,NA,NA,NA,NA,NA,WARNING_SOFT,1,0,0,0,0,TREND_REVERSAL_UNCONFIRMED,1,0.45,LONG,1,0,0,0
NEARUSDT,1784343600000,2026-07-18T03:00:00.000Z,NEUTRAL,NONE,0,7.875,IGNORE,0,WATCH,,0,0,0,NA,NA,NA,NA,NA,CLEAR,1,0,0,0,0,TREND_REVERSAL_UNCONFIRMED,0,0.45,NONE,1,0,0,0
NEARUSDT,1784347200000,2026-07-18T04:00:00.000Z,BEAR,LONG,17.5,12.909375,IGNORE,0,WATCH,,0,0,0,NA,NA,NA,NA,NA,WARNING_SOFT,1,0,0,0,0,TREND_REVERSAL_UNCONFIRMED,1,0.45,LONG,1,0,0,0
NEARUSDT,1784350800000,2026-07-18T05:00:00.000Z,BEAR,LONG,17.5,12.909375,IGNORE,0,WATCH,,0,0,0,NA,NA,NA,NA,NA,WARNING_SOFT,1,0,0,0,0,TREND_REVERSAL_UNCONFIRMED,1,0.45,LONG,1,0,0,0
NEARUSDT,1784354400000,2026-07-18T06:00:00.000Z,BEAR,LONG,42.5,18.534375,IGNORE,0,WATCH,,0,0,0,NA,NA,NA,NA,NA,WARNING_SOFT,1,0,0,0,0,TREND_REVERSAL_UNCONFIRMED,2,0.45,LONG,1,0,0,0
NEARUSDT,1784358000000,2026-07-18T07:00:00.000Z,BEAR,LONG,30.34722222222222,17.57734375,IGNORE,0,WATCH,,0,0,0,NA,NA,NA,NA,NA,WARNING_HARD,1,0,0,0,0,TREND_REVERSAL_UNCONFIRMED,2,0.45,LONG,1,0,0,0
NEARUSDT,1784361600000,2026-07-18T08:00:00.000Z,BEAR,LONG,33.80175976146971,17.84938858121574,IGNORE,0,WATCH,,0,0,0,NA,NA,NA,NA,NA,WARNING_HARD,1,0,0,0,0,TREND_REVERSAL_UNCONFIRMED,2,0.45,LONG,1,0,0,0
NEARUSDT,1784365200000,2026-07-18T09:00:00.000Z,BEAR,LONG,17.5,12.909375,IGNORE,0,WATCH,,0,0,0,NA,NA,NA,NA,NA,WARNING_HARD,1,0,0,0,0,TREND_REVERSAL_UNCONFIRMED,1,0.45,LONG,1,0,0,0
NEARUSDT,1784368800000,2026-07-18T10:00:00.000Z,BEAR,LONG,34.988372743356244,17.942834353539308,IGNORE,0,WATCH,,0,0,0,NA,NA,NA,NA,NA,WARNING_SOFT,1,0,0,0,0,TREND_REVERSAL_UNCONFIRMED,2,0.45,LONG,1,0,0,0
NEARUSDT,1784372400000,2026-07-18T11:00:00.000Z,BEAR,LONG,59.01210629639998,52.6697796255708,WATCH,1,WATCH,ACTIVE,1,1,0,PASS,PASS,SKIP,SKIP,FAIL,WARNING_SOFT,1,0,0,0,0,MARKET_CONTEXT_DENIED,3,0.84,LONG,0,1,0,0
NEARUSDT,1784376000000,2026-07-18T12:00:00.000Z,BEAR,LONG,42.5,18.534375,IGNORE,0,WATCH,,0,0,0,NA,NA,NA,NA,NA,WARNING_HARD,1,0,0,0,0,TREND_REVERSAL_UNCONFIRMED,2,0.45,LONG,1,0,0,0
NEARUSDT,1784379600000,2026-07-18T13:00:00.000Z,BEAR,LONG,17.5,12.909375,IGNORE,0,WATCH,,0,0,0,NA,NA,NA,NA,NA,WARNING_SOFT,1,0,0,0,0,TREND_REVERSAL_UNCONFIRMED,1,0.45,LONG,1,0,0,0
NEARUSDT,1784383200000,2026-07-18T14:00:00.000Z,BEAR,LONG,42.5,18.534375,IGNORE,0,WATCH,,0,0,0,NA,NA,NA,NA,NA,WARNING_SOFT,1,0,0,0,0,TREND_REVERSAL_UNCONFIRMED,2,0.45,LONG,1,0,0,0
NEARUSDT,1784386800000,2026-07-18T15:00:00.000Z,BEAR,LONG,17.5,12.909375,IGNORE,0,WATCH,,0,0,0,NA,NA,NA,NA,NA,BLOCK,0,0,0,0,0,TREND_REVERSAL_UNCONFIRMED,1,0.45,LONG,1,0,0,0
NEARUSDT,1784390400000,2026-07-18T16:00:00.000Z,NEUTRAL,NONE,0,7.875,IGNORE,0,WATCH,,0,0,0,NA,NA,NA,NA,NA,CLEAR,1,0,0,0,0,TREND_REVERSAL_UNCONFIRMED,0,0.45,NONE,1,0,0,0
NEARUSDT,1784394000000,2026-07-18T17:00:00.000Z,NEUTRAL,NONE,0,7.875,IGNORE,0,WATCH,,0,0,0,NA,NA,NA,NA,NA,CLEAR,1,0,0,0,0,TREND_REVERSAL_UNCONFIRMED,0,0.45,NONE,1,0,0,0
NEARUSDT,1784397600000,2026-07-18T18:00:00.000Z,NEUTRAL,NONE,0,7.875,IGNORE,0,WATCH,,0,0,0,NA,NA,NA,NA,NA,CLEAR,1,0,0,0,0,TREND_REVERSAL_UNCONFIRMED,0,0.45,NONE,1,0,0,0
NEARUSDT,1784401200000,2026-07-18T19:00:00.000Z,NEUTRAL,NONE,0,7.875,IGNORE,0,WATCH,,0,0,0,NA,NA,NA,NA,NA,CLEAR,1,0,0,0,0,TREND_REVERSAL_UNCONFIRMED,0,0.45,NONE,1,0,0,0
NEARUSDT,1784404800000,2026-07-18T20:00:00.000Z,NEUTRAL,NONE,0,7.875,IGNORE,0,WATCH,,0,0,0,NA,NA,NA,NA,NA,CLEAR,1,0,0,0,0,TREND_REVERSAL_UNCONFIRMED,0,0.45,NONE,1,0,0,0
NEARUSDT,1784408400000,2026-07-18T21:00:00.000Z,NEUTRAL,NONE,0,7.875,IGNORE,0,WATCH,,0,0,0,NA,NA,NA,NA,NA,CLEAR,1,0,0,0,0,TREND_REVERSAL_UNCONFIRMED,0,0.45,NONE,1,0,0,0
NEARUSDT,1784412000000,2026-07-18T22:00:00.000Z,NEUTRAL,NONE,0,7.875,IGNORE,0,WATCH,,0,0,0,NA,NA,NA,NA,NA,CLEAR,1,0,0,0,0,TREND_REVERSAL_UNCONFIRMED,0,0.45,NONE,1,0,0,0
NEARUSDT,1784415600000,2026-07-18T23:00:00.000Z,NEUTRAL,NONE,0,7.875,IGNORE,0,WATCH,,0,0,0,NA,NA,NA,NA,NA,CLEAR,1,0,0,0,0,TREND_REVERSAL_UNCONFIRMED,0,0.45,NONE,1,0,0,0
NEARUSDT,1784419200000,2026-07-19T00:00:00.000Z,NEUTRAL,NONE,0,7.875,IGNORE,0,WATCH,,0,0,0,NA,NA,NA,NA,NA,CLEAR,1,0,0,0,0,TREND_REVERSAL_UNCONFIRMED,0,0.45,NONE,1,0,0,0
NEARUSDT,1784422800000,2026-07-19T01:00:00.000Z,BEAR,LONG,17.5,12.909375,IGNORE,0,WATCH,,0,0,0,NA,NA,NA,NA,NA,WARNING_SOFT,1,0,0,0,0,TREND_REVERSAL_UNCONFIRMED,1,0.45,LONG,1,0,0,0
NEARUSDT,1784426400000,2026-07-19T02:00:00.000Z,NEUTRAL,NONE,0,7.875,IGNORE,0,WATCH,,0,0,0,NA,NA,NA,NA,NA,BLOCK,0,0,0,0,0,TREND_REVERSAL_UNCONFIRMED,0,0.45,NONE,1,0,0,0
NEARUSDT,1784430000000,2026-07-19T03:00:00.000Z,BEAR,LONG,17.5,12.909375,IGNORE,0,WATCH,,0,0,0,NA,NA,NA,NA,NA,WARNING_SOFT,1,0,0,0,0,TREND_REVERSAL_UNCONFIRMED,1,0.45,LONG,1,0,0,0
NEARUSDT,1784433600000,2026-07-19T04:00:00.000Z,BEAR,LONG,17.5,12.909375,IGNORE,0,WATCH,,0,0,0,NA,NA,NA,NA,NA,WARNING_SOFT,1,0,0,0,0,TREND_REVERSAL_UNCONFIRMED,1,0.45,LONG,1,0,0,0
NEARUSDT,1784437200000,2026-07-19T05:00:00.000Z,NEUTRAL,NONE,0,7.875,IGNORE,0,WATCH,,0,0,0,NA,NA,NA,NA,NA,WARNING_SOFT,1,0,0,0,0,TREND_REVERSAL_UNCONFIRMED,0,0.45,NONE,1,0,0,0
NEARUSDT,1784440800000,2026-07-19T06:00:00.000Z,NEUTRAL,NONE,0,7.875,IGNORE,0,WATCH,,0,0,0,NA,NA,NA,NA,NA,CLEAR,1,0,0,0,0,TREND_REVERSAL_UNCONFIRMED,0,0.45,NONE,1,0,0,0
NEARUSDT,1784444400000,2026-07-19T07:00:00.000Z,NEUTRAL,NONE,0,7.875,IGNORE,0,WATCH,,0,0,0,NA,NA,NA,NA,NA,CLEAR,1,0,0,0,0,TREND_REVERSAL_UNCONFIRMED,0,0.45,NONE,1,0,0,0
NEARUSDT,1784448000000,2026-07-19T08:00:00.000Z,NEUTRAL,NONE,0,7.875,IGNORE,0,WATCH,,0,0,0,NA,NA,NA,NA,NA,CLEAR,1,0,0,0,0,TREND_REVERSAL_UNCONFIRMED,0,0.45,NONE,1,0,0,0
NEARUSDT,1784451600000,2026-07-19T09:00:00.000Z,NEUTRAL,NONE,0,7.875,IGNORE,0,WATCH,,0,0,0,NA,NA,NA,NA,NA,BLOCK,0,0,0,0,0,TREND_REVERSAL_UNCONFIRMED,0,0.45,NONE,1,0,0,0
NEARUSDT,1784455200000,2026-07-19T10:00:00.000Z,BEAR,LONG,17.515260088464135,12.91057673196655,IGNORE,0,WATCH,,0,0,0,NA,NA,NA,NA,NA,WARNING_HARD,1,0,0,0,0,TREND_REVERSAL_UNCONFIRMED,1,0.45,LONG,1,0,0,0
NEARUSDT,1784458800000,2026-07-19T11:00:00.000Z,BEAR,LONG,0,7.875,IGNORE,0,WATCH,,0,0,0,NA,NA,NA,NA,NA,CLEAR,1,0,0,0,0,TREND_REVERSAL_UNCONFIRMED,0,0.45,LONG,1,0,0,0
NEARUSDT,1784462400000,2026-07-19T12:00:00.000Z,BEAR,LONG,20.811836821415902,13.170182149686502,IGNORE,0,WATCH,,0,0,0,NA,NA,NA,NA,NA,CLEAR,1,0,0,0,0,TREND_REVERSAL_UNCONFIRMED,1,0.45,LONG,1,0,0,0
NEARUSDT,1784466000000,2026-07-19T13:00:00.000Z,BEAR,LONG,25,13.5,IGNORE,0,WATCH,,0,0,0,NA,NA,NA,NA,NA,CLEAR,1,0,0,0,0,TREND_REVERSAL_UNCONFIRMED,1,0.45,LONG,1,0,0,0
NEARUSDT,1784469600000,2026-07-19T14:00:00.000Z,NEUTRAL,NONE,0,7.875,IGNORE,0,WATCH,,0,0,0,NA,NA,NA,NA,NA,WARNING_SOFT,1,0,0,0,0,TREND_REVERSAL_UNCONFIRMED,0,0.45,NONE,1,0,0,0
NEARUSDT,1784473200000,2026-07-19T15:00:00.000Z,BEAR,LONG,25,13.5,IGNORE,0,WATCH,,0,0,0,NA,NA,NA,NA,NA,CLEAR,1,0,0,0,0,TREND_REVERSAL_UNCONFIRMED,1,0.45,LONG,1,0,0,0
NEARUSDT,1784476800000,2026-07-19T16:00:00.000Z,BEAR,LONG,25,13.5,IGNORE,0,WATCH,,0,0,0,NA,NA,NA,NA,NA,CLEAR,1,0,0,0,0,TREND_REVERSAL_UNCONFIRMED,1,0.45,LONG,1,0,0,0
NEARUSDT,1784480400000,2026-07-19T17:00:00.000Z,BEAR,LONG,21.595324033327003,13.231881767624502,IGNORE,0,WATCH,,0,0,0,NA,NA,NA,NA,NA,CLEAR,1,0,0,0,0,TREND_REVERSAL_UNCONFIRMED,1,0.45,LONG,1,0,0,0
NEARUSDT,1784484000000,2026-07-19T18:00:00.000Z,BEAR,LONG,0,7.875,IGNORE,0,WATCH,,0,0,0,NA,NA,NA,NA,NA,CLEAR,1,0,0,0,0,TREND_REVERSAL_UNCONFIRMED,0,0.45,LONG,1,0,0,0
NEARUSDT,1784487600000,2026-07-19T19:00:00.000Z,BEAR,LONG,0,7.875,IGNORE,0,WATCH,,0,0,0,NA,NA,NA,NA,NA,CLEAR,1,0,0,0,0,TREND_REVERSAL_UNCONFIRMED,0,0.45,LONG,1,0,0,0
NEARUSDT,1784491200000,2026-07-19T20:00:00.000Z,BEAR,LONG,0,7.875,IGNORE,0,WATCH,,0,0,0,NA,NA,NA,NA,NA,CLEAR,1,0,0,0,0,TREND_REVERSAL_UNCONFIRMED,0,0.45,LONG,1,0,0,0
NEARUSDT,1784494800000,2026-07-19T21:00:00.000Z,BEAR,LONG,22.716461330255605,13.32017132975763,IGNORE,0,WATCH,,0,0,0,NA,NA,NA,NA,NA,CLEAR,1,0,0,0,0,TREND_REVERSAL_UNCONFIRMED,1,0.45,LONG,1,0,0,0
NEARUSDT,1784498400000,2026-07-19T22:00:00.000Z,BEAR,LONG,16.59016430263596,12.837725438832582,IGNORE,0,WATCH,,0,0,0,NA,NA,NA,NA,NA,BLOCK,0,0,0,0,0,TREND_REVERSAL_UNCONFIRMED,1,0.45,LONG,1,0,0,0
NEARUSDT,1784502000000,2026-07-19T23:00:00.000Z,BEAR,LONG,0,7.875,IGNORE,0,WATCH,,0,0,0,NA,NA,NA,NA,NA,WARNING_SOFT,1,0,0,0,0,TREND_REVERSAL_UNCONFIRMED,0,0.45,LONG,1,0,0,0
NEARUSDT,1784505600000,2026-07-20T00:00:00.000Z,BEAR,LONG,20.570108489087467,13.151146043515638,IGNORE,0,WATCH,,0,0,0,NA,NA,NA,NA,NA,BLOCK,0,0,0,0,0,TREND_REVERSAL_UNCONFIRMED,1,0.45,LONG,1,0,0,0
NEARUSDT,1784509200000,2026-07-20T01:00:00.000Z,BEAR,LONG,38.23062829709316,18.198161978396087,IGNORE,0,WATCH,,0,0,0,NA,NA,NA,NA,NA,BLOCK,0,0,0,0,0,TREND_REVERSAL_UNCONFIRMED,2,0.45,LONG,1,0,0,0
NEARUSDT,1784512800000,2026-07-20T02:00:00.000Z,NEUTRAL,NONE,0,7.875,IGNORE,0,WATCH,,0,0,0,NA,NA,NA,NA,NA,WARNING_SOFT,1,0,0,0,0,TREND_REVERSAL_UNCONFIRMED,0,0.45,NONE,1,0,0,0
NEARUSDT,1784516400000,2026-07-20T03:00:00.000Z,NEUTRAL,NONE,0,7.875,IGNORE,0,WATCH,,0,0,0,NA,NA,NA,NA,NA,WARNING_SOFT,1,0,0,0,0,TREND_REVERSAL_UNCONFIRMED,0,0.45,NONE,1,0,0,0
NEARUSDT,1784520000000,2026-07-20T04:00:00.000Z,BEAR,LONG,17.5,12.909375,IGNORE,0,WATCH,,0,0,0,NA,NA,NA,NA,NA,WARNING_SOFT,1,0,0,0,0,TREND_REVERSAL_UNCONFIRMED,1,0.45,LONG,1,0,0,0
NEARUSDT,1784523600000,2026-07-20T05:00:00.000Z,BEAR,LONG,30.546896321904413,17.593068085349973,IGNORE,0,WATCH,,0,0,0,NA,NA,NA,NA,NA,CLEAR,1,0,0,0,0,TREND_REVERSAL_UNCONFIRMED,2,0.45,LONG,1,0,0,0
NEARUSDT,1784527200000,2026-07-20T06:00:00.000Z,BEAR,LONG,17.5,12.909375,IGNORE,0,WATCH,,0,0,0,NA,NA,NA,NA,NA,CLEAR,1,0,0,0,0,TREND_REVERSAL_UNCONFIRMED,1,0.45,LONG,1,0,0,0
NEARUSDT,1784530800000,2026-07-20T07:00:00.000Z,NEUTRAL,NONE,0,7.875,IGNORE,0,WATCH,,0,0,0,NA,NA,NA,NA,NA,WARNING_SOFT,1,0,0,0,0,TREND_REVERSAL_UNCONFIRMED,0,0.45,NONE,1,0,0,0
NEARUSDT,1784534400000,2026-07-20T08:00:00.000Z,NEUTRAL,NONE,0,7.875,IGNORE,0,WATCH,,0,0,0,NA,NA,NA,NA,NA,WARNING_HARD,1,0,0,0,0,TREND_REVERSAL_UNCONFIRMED,0,0.45,NONE,1,0,0,0
NEARUSDT,1784538000000,2026-07-20T09:00:00.000Z,NEUTRAL,NONE,0,7.875,IGNORE,0,WATCH,,0,0,0,NA,NA,NA,NA,NA,WARNING_SOFT,1,0,0,0,0,TREND_REVERSAL_UNCONFIRMED,0,0.45,NONE,1,0,0,0
NEARUSDT,1784541600000,2026-07-20T10:00:00.000Z,NEUTRAL,NONE,0,7.875,IGNORE,0,WATCH,,0,0,0,NA,NA,NA,NA,NA,WARNING_HARD,1,0,0,0,0,TREND_REVERSAL_UNCONFIRMED,0,0.45,NONE,1,0,0,0
NEARUSDT,1784545200000,2026-07-20T11:00:00.000Z,NEUTRAL,NONE,0,7.875,IGNORE,0,WATCH,,0,0,0,NA,NA,NA,NA,NA,CLEAR,1,0,0,0,0,TREND_REVERSAL_UNCONFIRMED,0,0.45,NONE,1,0,0,0
NEARUSDT,1784548800000,2026-07-20T12:00:00.000Z,BULL,SHORT,25,13.5,IGNORE,0,WATCH,,0,0,0,NA,NA,NA,NA,NA,CLEAR,1,1,0,0,0,TREND_REVERSAL_UNCONFIRMED,1,0.45,SHORT,1,0,0,0
NEARUSDT,1784552400000,2026-07-20T13:00:00.000Z,BULL,SHORT,50,19.125,IGNORE,0,WATCH,,0,0,0,NA,NA,NA,NA,NA,WARNING_HARD,1,0,0,0,0,TREND_REVERSAL_UNCONFIRMED,2,0.45,SHORT,1,0,0,0
NEARUSDT,1784556000000,2026-07-20T14:00:00.000Z,BULL,SHORT,20.507031213579737,13.146178708069405,IGNORE,0,WATCH,,0,0,0,NA,NA,NA,NA,NA,WARNING_HARD,1,0,0,0,0,TREND_REVERSAL_UNCONFIRMED,1,0.45,SHORT,1,0,0,0
NEARUSDT,1784559600000,2026-07-20T15:00:00.000Z,BULL,SHORT,21.446674765962552,13.220175637819551,IGNORE,0,WATCH,,0,0,0,NA,NA,NA,NA,NA,CLEAR,1,0,0,0,0,TREND_REVERSAL_UNCONFIRMED,1,0.45,SHORT,1,0,0,0
NEARUSDT,1784563200000,2026-07-20T16:00:00.000Z,BULL,SHORT,0,7.875,IGNORE,0,WATCH,,0,0,0,NA,NA,NA,NA,NA,CLEAR,1,0,0,0,0,TREND_REVERSAL_UNCONFIRMED,0,0.45,SHORT,1,0,0,0
NEARUSDT,1784566800000,2026-07-20T17:00:00.000Z,BULL,SHORT,0,7.875,IGNORE,0,WATCH,,0,0,0,NA,NA,NA,NA,NA,CLEAR,1,0,0,0,0,TREND_REVERSAL_UNCONFIRMED,0,0.45,SHORT,1,0,0,0
NEARUSDT,1784570400000,2026-07-20T18:00:00.000Z,BULL,SHORT,0,7.875,IGNORE,0,WATCH,,0,0,0,NA,NA,NA,NA,NA,CLEAR,1,0,0,0,0,TREND_REVERSAL_UNCONFIRMED,0,0.45,SHORT,1,0,0,0
NEARUSDT,1784574000000,2026-07-20T19:00:00.000Z,BULL,SHORT,35.54318510829926,17.98652582727857,IGNORE,0,WATCH,,0,0,0,NA,NA,NA,NA,NA,CLEAR,1,0,0,0,0,TREND_REVERSAL_UNCONFIRMED,2,0.45,SHORT,1,0,0,0
NEARUSDT,1784577600000,2026-07-20T20:00:00.000Z,BULL,SHORT,17.5,12.909375,IGNORE,0,WATCH,,0,0,0,NA,NA,NA,NA,NA,CLEAR,1,0,0,0,0,TREND_REVERSAL_UNCONFIRMED,1,0.45,SHORT,1,0,0,0
NEARUSDT,1784581200000,2026-07-20T21:00:00.000Z,BULL,SHORT,42.5,18.534375,IGNORE,0,WATCH,,0,0,0,NA,NA,NA,NA,NA,CLEAR,1,0,0,0,0,TREND_REVERSAL_UNCONFIRMED,2,0.45,SHORT,1,0,0,0
NEARUSDT,1784584800000,2026-07-20T22:00:00.000Z,BULL,SHORT,17.5,12.909375,IGNORE,0,WATCH,,0,0,0,NA,NA,NA,NA,NA,WARNING_SOFT,1,0,0,0,0,TREND_REVERSAL_UNCONFIRMED,1,0.45,SHORT,1,0,0,0
NEARUSDT,1784588400000,2026-07-20T23:00:00.000Z,BULL,SHORT,17.5,12.909375,IGNORE,0,WATCH,,0,0,0,NA,NA,NA,NA,NA,CLEAR,1,0,0,0,0,TREND_REVERSAL_UNCONFIRMED,1,0.45,SHORT,1,0,0,0
NEARUSDT,1784592000000,2026-07-21T00:00:00.000Z,BULL,SHORT,37.79430106924956,18.163801209203402,IGNORE,0,WATCH,,0,0,0,NA,NA,NA,NA,NA,CLEAR,1,0,0,0,0,TREND_REVERSAL_UNCONFIRMED,2,0.45,SHORT,1,0,0,0
NEARUSDT,1784595600000,2026-07-21T01:00:00.000Z,BULL,SHORT,42.5,18.534375,IGNORE,0,WATCH,,0,0,0,NA,NA,NA,NA,NA,CLEAR,1,0,0,0,0,TREND_REVERSAL_UNCONFIRMED,2,0.45,SHORT,1,0,0,0
NEARUSDT,1784599200000,2026-07-21T02:00:00.000Z,BULL,SHORT,17.5,12.909375,IGNORE,0,WATCH,,0,0,0,NA,NA,NA,NA,NA,CLEAR,1,0,0,0,0,TREND_REVERSAL_UNCONFIRMED,1,0.45,SHORT,1,0,0,0
NEARUSDT,1784602800000,2026-07-21T03:00:00.000Z,BULL,SHORT,31.989028488387923,17.70663599346055,IGNORE,0,WATCH,,0,0,0,NA,NA,NA,NA,NA,CLEAR,1,0,0,0,0,TREND_REVERSAL_UNCONFIRMED,2,0.45,SHORT,1,0,0,0
NEARUSDT,1784606400000,2026-07-21T04:00:00.000Z,BULL,SHORT,33.81944444444444,17.85078125,IGNORE,0,WATCH,,0,0,0,NA,NA,NA,NA,NA,CLEAR,1,0,0,0,0,TREND_REVERSAL_UNCONFIRMED,2,0.45,SHORT,1,0,0,0
NEARUSDT,1784610000000,2026-07-21T05:00:00.000Z,BULL,SHORT,30.34722222222222,17.57734375,IGNORE,0,WATCH,,0,0,0,NA,NA,NA,NA,NA,CLEAR,1,0,0,0,0,TREND_REVERSAL_UNCONFIRMED,2,0.45,SHORT,1,0,0,0
NEARUSDT,1784613600000,2026-07-21T06:00:00.000Z,BULL,SHORT,58.80084009896149,43.39872349454734,WATCH,1,WATCH,ACTIVE,1,1,0,FAIL,PASS,SKIP,SKIP,FAIL,CLEAR,1,0,0,0,0,MARKET_CONTEXT_DENIED,3,0.84,SHORT,1,0,0,0
NEARUSDT,1784617200000,2026-07-21T07:00:00.000Z,BULL,SHORT,17.5,12.909375,IGNORE,0,WATCH,,0,0,0,NA,NA,NA,NA,NA,CLEAR,1,0,0,0,0,TREND_REVERSAL_UNCONFIRMED,1,0.45,SHORT,1,0,0,0
NEARUSDT,1784620800000,2026-07-21T08:00:00.000Z,BULL,SHORT,17.5,12.909375,IGNORE,0,WATCH,,0,0,0,NA,NA,NA,NA,NA,WARNING_SOFT,1,0,0,0,0,TREND_REVERSAL_UNCONFIRMED,1,0.45,SHORT,1,0,0,0
NEARUSDT,1784624400000,2026-07-21T09:00:00.000Z,BULL,SHORT,0,7.875,IGNORE,0,WATCH,,0,0,0,NA,NA,NA,NA,NA,WARNING_SOFT,1,0,0,0,0,TREND_REVERSAL_UNCONFIRMED,0,0.45,SHORT,1,0,0,0
NEARUSDT,1784628000000,2026-07-21T10:00:00.000Z,NEUTRAL,NONE,0,7.875,IGNORE,0,WATCH,,0,0,0,NA,NA,NA,NA,NA,WARNING_SOFT,1,0,0,0,0,TREND_REVERSAL_UNCONFIRMED,0,0.45,NONE,1,0,0,0
NEARUSDT,1784631600000,2026-07-21T11:00:00.000Z,BULL,SHORT,0,7.875,IGNORE,0,WATCH,,0,0,0,NA,NA,NA,NA,NA,WARNING_SOFT,1,0,0,0,0,TREND_REVERSAL_UNCONFIRMED,0,0.45,SHORT,1,0,0,0
NEARUSDT,1784635200000,2026-07-21T12:00:00.000Z,NEUTRAL,NONE,0,7.875,IGNORE,0,WATCH,,0,0,0,NA,NA,NA,NA,NA,BLOCK,0,0,0,0,0,TREND_REVERSAL_UNCONFIRMED,0,0.45,NONE,1,0,0,0
NEARUSDT,1784638800000,2026-07-21T13:00:00.000Z,NEUTRAL,NONE,0,7.875,IGNORE,0,WATCH,,0,0,0,NA,NA,NA,NA,NA,WARNING_SOFT,1,0,0,0,0,TREND_REVERSAL_UNCONFIRMED,0,0.45,NONE,1,0,0,0
NEARUSDT,1784642400000,2026-07-21T14:00:00.000Z,NEUTRAL,NONE,0,7.875,IGNORE,0,WATCH,,0,0,0,NA,NA,NA,NA,NA,BLOCK,0,0,0,0,0,TREND_REVERSAL_UNCONFIRMED,0,0.45,NONE,1,0,0,0
NEARUSDT,1784646000000,2026-07-21T15:00:00.000Z,NEUTRAL,NONE,0,7.875,IGNORE,0,WATCH,,0,0,0,NA,NA,NA,NA,NA,WARNING_SOFT,1,0,0,0,0,TREND_REVERSAL_UNCONFIRMED,0,0.45,NONE,1,0,0,0
NEARUSDT,1784649600000,2026-07-21T16:00:00.000Z,NEUTRAL,NONE,0,7.875,IGNORE,0,WATCH,,0,0,0,NA,NA,NA,NA,NA,BLOCK,0,0,1,0,0,TREND_REVERSAL_UNCONFIRMED,0,0.45,NONE,1,0,0,0
NEARUSDT,1784653200000,2026-07-21T17:00:00.000Z,NEUTRAL,NONE,0,7.875,IGNORE,0,WATCH,,0,0,0,NA,NA,NA,NA,NA,BLOCK,0,0,0,0,0,TREND_REVERSAL_UNCONFIRMED,0,0.45,NONE,1,0,0,0
NEARUSDT,1784656800000,2026-07-21T18:00:00.000Z,NEUTRAL,NONE,0,7.875,IGNORE,0,WATCH,,0,0,0,NA,NA,NA,NA,NA,BLOCK,0,0,0,0,0,TREND_REVERSAL_UNCONFIRMED,0,0.45,NONE,1,0,0,0
NEARUSDT,1784660400000,2026-07-21T19:00:00.000Z,NEUTRAL,NONE,0,7.875,IGNORE,0,WATCH,,0,0,0,NA,NA,NA,NA,NA,BLOCK,0,0,0,0,0,TREND_REVERSAL_UNCONFIRMED,0,0.45,NONE,1,0,0,0
NEARUSDT,1784664000000,2026-07-21T20:00:00.000Z,NEUTRAL,NONE,0,7.875,IGNORE,0,WATCH,,0,0,0,NA,NA,NA,NA,NA,WARNING_SOFT,1,0,0,0,0,TREND_REVERSAL_UNCONFIRMED,0,0.45,NONE,1,0,0,0
NEARUSDT,1784667600000,2026-07-21T21:00:00.000Z,NEUTRAL,NONE,0,7.875,IGNORE,0,WATCH,,0,0,0,NA,NA,NA,NA,NA,BLOCK,0,0,0,0,0,TREND_REVERSAL_UNCONFIRMED,0,0.45,NONE,1,0,0,0
NEARUSDT,1784671200000,2026-07-21T22:00:00.000Z,BEAR,LONG,0,7.875,IGNORE,0,WATCH,,0,0,0,NA,NA,NA,NA,NA,WARNING_SOFT,1,0,0,0,0,TREND_REVERSAL_UNCONFIRMED,0,0.45,LONG,1,0,0,0
NEARUSDT,1784674800000,2026-07-21T23:00:00.000Z,BEAR,LONG,0,7.875,IGNORE,0,WATCH,,0,0,0,NA,NA,NA,NA,NA,WARNING_SOFT,1,0,0,0,0,TREND_REVERSAL_UNCONFIRMED,0,0.45,LONG,1,0,0,0
NEARUSDT,1784678400000,2026-07-22T00:00:00.000Z,BEAR,LONG,0,7.875,IGNORE,0,WATCH,,0,0,0,NA,NA,NA,NA,NA,WARNING_SOFT,1,0,0,0,0,TREND_REVERSAL_UNCONFIRMED,0,0.45,LONG,1,0,0,0
NEARUSDT,1784682000000,2026-07-22T01:00:00.000Z,BEAR,LONG,0,7.875,IGNORE,0,WATCH,,0,0,0,NA,NA,NA,NA,NA,WARNING_SOFT,1,0,0,0,0,TREND_REVERSAL_UNCONFIRMED,0,0.45,LONG,1,0,0,0
NEARUSDT,1784685600000,2026-07-22T02:00:00.000Z,BEAR,LONG,0,7.875,IGNORE,0,WATCH,,0,0,0,NA,NA,NA,NA,NA,WARNING_SOFT,1,0,0,0,0,TREND_REVERSAL_UNCONFIRMED,0,0.45,LONG,1,0,0,0
NEARUSDT,1784689200000,2026-07-22T03:00:00.000Z,BEAR,LONG,0,7.875,IGNORE,0,WATCH,,0,0,0,NA,NA,NA,NA,NA,CLEAR,1,0,0,0,0,TREND_REVERSAL_UNCONFIRMED,0,0.45,LONG,1,0,0,0
NEARUSDT,1784692800000,2026-07-22T04:00:00.000Z,BEAR,LONG,0,7.875,IGNORE,0,WATCH,,0,0,0,NA,NA,NA,NA,NA,WARNING_HARD,1,0,0,0,0,TREND_REVERSAL_UNCONFIRMED,0,0.45,LONG,1,0,0,0
NEARUSDT,1784696400000,2026-07-22T05:00:00.000Z,BEAR,LONG,0,7.875,IGNORE,0,WATCH,,0,0,0,NA,NA,NA,NA,NA,CLEAR,1,0,0,0,0,TREND_REVERSAL_UNCONFIRMED,0,0.45,LONG,1,0,0,0
NEARUSDT,1784700000000,2026-07-22T06:00:00.000Z,BEAR,LONG,0,7.875,IGNORE,0,WATCH,,0,0,0,NA,NA,NA,NA,NA,CLEAR,1,0,0,0,0,TREND_REVERSAL_UNCONFIRMED,0,0.45,LONG,1,0,0,0
NEARUSDT,1784703600000,2026-07-22T07:00:00.000Z,BEAR,LONG,25,13.5,IGNORE,0,WATCH,,0,0,0,NA,NA,NA,NA,NA,CLEAR,1,0,1,0,0,TREND_REVERSAL_UNCONFIRMED,1,0.45,LONG,1,0,0,0
NEARUSDT,1784707200000,2026-07-22T08:00:00.000Z,BEAR,LONG,39.279361913431565,18.280749750682734,IGNORE,0,WATCH,,0,0,0,NA,NA,NA,NA,NA,CLEAR,1,0,0,0,0,TREND_REVERSAL_UNCONFIRMED,2,0.45,LONG,1,0,0,0
NEARUSDT,1784710800000,2026-07-22T09:00:00.000Z,BEAR,LONG,14.583333333333332,12.6796875,IGNORE,0,WATCH,,0,0,0,NA,NA,NA,NA,NA,CLEAR,1,0,0,0,0,TREND_REVERSAL_UNCONFIRMED,1,0.45,LONG,1,0,0,0
NEARUSDT,1784714400000,2026-07-22T10:00:00.000Z,BEAR,LONG,0,7.875,IGNORE,0,WATCH,,0,0,0,NA,NA,NA,NA,NA,CLEAR,1,0,0,0,0,TREND_REVERSAL_UNCONFIRMED,0,0.45,LONG,1,0,0,0
NEARUSDT,1784718000000,2026-07-22T11:00:00.000Z,BEAR,LONG,0,7.875,IGNORE,0,WATCH,,0,0,0,NA,NA,NA,NA,NA,CLEAR,1,0,0,0,0,TREND_REVERSAL_UNCONFIRMED,0,0.45,LONG,1,0,0,0
NEARUSDT,1784721600000,2026-07-22T12:00:00.000Z,BEAR,LONG,0,7.875,IGNORE,0,WATCH,,0,0,0,NA,NA,NA,NA,NA,CLEAR,1,0,0,0,0,TREND_REVERSAL_UNCONFIRMED,0,0.45,LONG,1,0,0,0
NEARUSDT,1784725200000,2026-07-22T13:00:00.000Z,BEAR,LONG,0,7.875,IGNORE,0,WATCH,,0,0,0,NA,NA,NA,NA,NA,CLEAR,1,0,0,0,0,TREND_REVERSAL_UNCONFIRMED,0,0.45,LONG,1,0,0,0
NEARUSDT,1784728800000,2026-07-22T14:00:00.000Z,BEAR,LONG,15.012644545227952,12.713495757936702,IGNORE,0,WATCH,,0,0,0,NA,NA,NA,NA,NA,CLEAR,1,0,0,0,0,TREND_REVERSAL_UNCONFIRMED,1,0.45,LONG,1,0,0,0
NEARUSDT,1784732400000,2026-07-22T15:00:00.000Z,BEAR,LONG,0,7.875,IGNORE,0,WATCH,,0,0,0,NA,NA,NA,NA,NA,WARNING_SOFT,1,0,0,0,0,TREND_REVERSAL_UNCONFIRMED,0,0.45,LONG,1,0,0,0
NEARUSDT,1784736000000,2026-07-22T16:00:00.000Z,BEAR,LONG,17.5,12.909375,IGNORE,0,WATCH,,0,0,0,NA,NA,NA,NA,NA,CLEAR,1,0,0,0,0,TREND_REVERSAL_UNCONFIRMED,1,0.45,LONG,1,0,0,0
NEARUSDT,1784739600000,2026-07-22T17:00:00.000Z,BEAR,LONG,17.5,12.909375,IGNORE,0,WATCH,,0,0,0,NA,NA,NA,NA,NA,CLEAR,1,0,0,0,0,TREND_REVERSAL_UNCONFIRMED,1,0.45,LONG,1,0,0,0
NEARUSDT,1784743200000,2026-07-22T18:00:00.000Z,BEAR,LONG,42.5,18.534375,IGNORE,0,WATCH,,0,0,0,NA,NA,NA,NA,NA,CLEAR,1,0,1,0,0,TREND_REVERSAL_UNCONFIRMED,2,0.45,LONG,1,0,0,0
NEARUSDT,1784746800000,2026-07-22T19:00:00.000Z,BEAR,LONG,32.08333333333333,17.714062499999997,IGNORE,0,WATCH,,0,0,0,NA,NA,NA,NA,NA,CLEAR,1,0,0,0,0,TREND_REVERSAL_UNCONFIRMED,2,0.45,LONG,1,0,0,0
NEARUSDT,1784750400000,2026-07-22T20:00:00.000Z,BEAR,LONG,42.5,18.534375,IGNORE,0,WATCH,,0,0,0,NA,NA,NA,NA,NA,CLEAR,1,0,0,0,0,TREND_REVERSAL_UNCONFIRMED,2,0.45,LONG,1,0,0,0
NEARUSDT,1784754000000,2026-07-22T21:00:00.000Z,BEAR,LONG,0,7.875,IGNORE,0,WATCH,,0,0,0,NA,NA,NA,NA,NA,CLEAR,1,0,0,0,0,TREND_REVERSAL_UNCONFIRMED,0,0.45,LONG,1,0,0,0
NEARUSDT,1784757600000,2026-07-22T22:00:00.000Z,BEAR,LONG,12.997047436644513,12.554767485635756,IGNORE,0,WATCH,,0,0,0,NA,NA,NA,NA,NA,CLEAR,1,0,0,0,0,TREND_REVERSAL_UNCONFIRMED,1,0.45,LONG,1,0,0,0
NEARUSDT,1784761200000,2026-07-22T23:00:00.000Z,BEAR,LONG,0,7.875,IGNORE,0,WATCH,,0,0,0,NA,NA,NA,NA,NA,WARNING_SOFT,1,0,0,0,0,TREND_REVERSAL_UNCONFIRMED,0,0.45,LONG,1,0,0,0
NEARUSDT,1784764800000,2026-07-23T00:00:00.000Z,BEAR,LONG,25,13.5,IGNORE,0,WATCH,,0,0,0,NA,NA,NA,NA,NA,WARNING_SOFT,1,0,0,0,0,TREND_REVERSAL_UNCONFIRMED,1,0.45,LONG,1,0,0,0
NEARUSDT,1784768400000,2026-07-23T01:00:00.000Z,BEAR,LONG,0,7.875,IGNORE,0,WATCH,,0,0,0,NA,NA,NA,NA,NA,WARNING_SOFT,1,0,0,0,0,TREND_REVERSAL_UNCONFIRMED,0,0.45,LONG,1,0,0,0
NEARUSDT,1784772000000,2026-07-23T02:00:00.000Z,BEAR,LONG,17.5,12.909375,IGNORE,0,WATCH,,0,0,0,NA,NA,NA,NA,NA,CLEAR,1,0,0,0,0,TREND_REVERSAL_UNCONFIRMED,1,0.45,LONG,1,0,0,0
NEARUSDT,1784775600000,2026-07-23T03:00:00.000Z,BEAR,LONG,42.5,18.534375,IGNORE,0,WATCH,,0,0,0,NA,NA,NA,NA,NA,CLEAR,1,0,0,0,0,TREND_REVERSAL_UNCONFIRMED,2,0.45,LONG,1,0,0,0
NEARUSDT,1784779200000,2026-07-23T04:00:00.000Z,BEAR,LONG,17.5,12.909375,IGNORE,0,WATCH,,0,0,0,NA,NA,NA,NA,NA,CLEAR,1,0,0,0,0,TREND_REVERSAL_UNCONFIRMED,1,0.45,LONG,1,0,0,0
NEARUSDT,1784782800000,2026-07-23T05:00:00.000Z,BEAR,LONG,17.5,12.909375,IGNORE,0,WATCH,,0,0,0,NA,NA,NA,NA,NA,CLEAR,1,0,0,0,0,TREND_REVERSAL_UNCONFIRMED,1,0.45,LONG,1,0,0,0
NEARUSDT,1784786400000,2026-07-23T06:00:00.000Z,BEAR,LONG,17.5,12.909375,IGNORE,0,WATCH,,0,0,0,NA,NA,NA,NA,NA,WARNING_SOFT,1,0,0,0,0,TREND_REVERSAL_UNCONFIRMED,1,0.45,LONG,1,0,0,0
NEARUSDT,1784790000000,2026-07-23T07:00:00.000Z,BEAR,LONG,17.5,12.909375,IGNORE,0,WATCH,,0,0,0,NA,NA,NA,NA,NA,WARNING_SOFT,1,0,0,0,0,TREND_REVERSAL_UNCONFIRMED,1,0.45,LONG,1,0,0,0
NEARUSDT,1784793600000,2026-07-23T08:00:00.000Z,BEAR,LONG,17.5,12.909375,IGNORE,0,WATCH,,0,0,0,NA,NA,NA,NA,NA,CLEAR,1,0,0,0,0,TREND_REVERSAL_UNCONFIRMED,1,0.45,LONG,1,0,0,0
NEARUSDT,1784797200000,2026-07-23T09:00:00.000Z,BEAR,LONG,17.5,12.909375,IGNORE,0,WATCH,,0,0,0,NA,NA,NA,NA,NA,BLOCK,0,0,0,0,0,TREND_REVERSAL_UNCONFIRMED,1,0.45,LONG,1,0,0,0
NEARUSDT,1784800800000,2026-07-23T10:00:00.000Z,NEUTRAL,NONE,0,7.875,IGNORE,0,WATCH,,0,0,0,NA,NA,NA,NA,NA,WARNING_SOFT,1,1,0,0,0,TREND_REVERSAL_UNCONFIRMED,0,0.45,NONE,1,0,0,0
NEARUSDT,1784804400000,2026-07-23T11:00:00.000Z,NEUTRAL,NONE,0,7.875,IGNORE,0,WATCH,,0,0,0,NA,NA,NA,NA,NA,WARNING_HARD,1,0,0,0,0,TREND_REVERSAL_UNCONFIRMED,0,0.45,NONE,1,0,0,0
NEARUSDT,1784808000000,2026-07-23T12:00:00.000Z,NEUTRAL,NONE,0,7.875,IGNORE,0,WATCH,,0,0,0,NA,NA,NA,NA,NA,WARNING_HARD,1,0,0,0,0,TREND_REVERSAL_UNCONFIRMED,0,0.45,NONE,1,0,0,0
NEARUSDT,1784811600000,2026-07-23T13:00:00.000Z,NEUTRAL,NONE,0,7.875,IGNORE,0,WATCH,,0,0,0,NA,NA,NA,NA,NA,WARNING_HARD,1,0,0,0,0,TREND_REVERSAL_UNCONFIRMED,0,0.45,NONE,1,0,0,0
NEARUSDT,1784815200000,2026-07-23T14:00:00.000Z,NEUTRAL,NONE,0,7.875,IGNORE,0,WATCH,,0,0,0,NA,NA,NA,NA,NA,WARNING_SOFT,1,0,0,0,0,TREND_REVERSAL_UNCONFIRMED,0,0.45,NONE,1,0,0,0
NEARUSDT,1784818800000,2026-07-23T15:00:00.000Z,NEUTRAL,NONE,0,7.875,IGNORE,0,WATCH,,0,0,0,NA,NA,NA,NA,NA,BLOCK,0,0,0,0,0,TREND_REVERSAL_UNCONFIRMED,0,0.45,NONE,1,0,0,0
NEARUSDT,1784822400000,2026-07-23T16:00:00.000Z,NEUTRAL,NONE,0,7.875,IGNORE,0,WATCH,,0,0,0,NA,NA,NA,NA,NA,WARNING_SOFT,1,0,0,0,0,TREND_REVERSAL_UNCONFIRMED,0,0.45,NONE,1,0,0,0
NEARUSDT,1784826000000,2026-07-23T17:00:00.000Z,BEAR,LONG,42.5,18.534375,IGNORE,0,WATCH,,0,0,0,NA,NA,NA,NA,NA,WARNING_SOFT,1,0,0,0,0,TREND_REVERSAL_UNCONFIRMED,2,0.45,LONG,1,0,0,0
NEARUSDT,1784829600000,2026-07-23T18:00:00.000Z,NEUTRAL,NONE,0,7.875,IGNORE,0,WATCH,,0,0,0,NA,NA,NA,NA,NA,WARNING_SOFT,1,0,0,0,0,TREND_REVERSAL_UNCONFIRMED,0,0.45,NONE,1,0,0,0
NEARUSDT,1784833200000,2026-07-23T19:00:00.000Z,BEAR,LONG,17.5,12.909375,IGNORE,0,WATCH,,0,0,0,NA,NA,NA,NA,NA,WARNING_SOFT,1,0,0,0,0,TREND_REVERSAL_UNCONFIRMED,1,0.45,LONG,1,0,0,0
NEARUSDT,1784836800000,2026-07-23T20:00:00.000Z,NEUTRAL,NONE,0,7.875,IGNORE,0,WATCH,,0,0,0,NA,NA,NA,NA,NA,WARNING_SOFT,1,0,0,0,0,TREND_REVERSAL_UNCONFIRMED,0,0.45,NONE,1,0,0,0
NEARUSDT,1784840400000,2026-07-23T21:00:00.000Z,NEUTRAL,NONE,0,7.875,IGNORE,0,WATCH,,0,0,0,NA,NA,NA,NA,NA,WARNING_SOFT,1,0,0,0,0,TREND_REVERSAL_UNCONFIRMED,0,0.45,NONE,1,0,0,0
NEARUSDT,1784844000000,2026-07-23T22:00:00.000Z,NEUTRAL,NONE,0,7.875,IGNORE,0,WATCH,,0,0,0,NA,NA,NA,NA,NA,WARNING_SOFT,1,0,0,0,0,TREND_REVERSAL_UNCONFIRMED,0,0.45,NONE,1,0,0,0
NEARUSDT,1784847600000,2026-07-23T23:00:00.000Z,NEUTRAL,NONE,0,7.875,IGNORE,0,WATCH,,0,0,0,NA,NA,NA,NA,NA,WARNING_SOFT,1,0,0,0,0,TREND_REVERSAL_UNCONFIRMED,0,0.45,NONE,1,0,0,0
NEARUSDT,1784851200000,2026-07-24T00:00:00.000Z,NEUTRAL,NONE,0,7.875,IGNORE,0,WATCH,,0,0,0,NA,NA,NA,NA,NA,WARNING_SOFT,1,0,0,0,0,TREND_REVERSAL_UNCONFIRMED,0,0.45,NONE,1,0,0,0
NEARUSDT,1784854800000,2026-07-24T01:00:00.000Z,NEUTRAL,NONE,0,7.875,IGNORE,0,WATCH,,0,0,0,NA,NA,NA,NA,NA,WARNING_HARD,1,0,0,0,0,TREND_REVERSAL_UNCONFIRMED,0,0.45,NONE,1,0,0,0
NEARUSDT,1784858400000,2026-07-24T02:00:00.000Z,BEAR,LONG,0,7.875,IGNORE,0,WATCH,,0,0,0,NA,NA,NA,NA,NA,WARNING_SOFT,1,0,0,0,0,TREND_REVERSAL_UNCONFIRMED,0,0.45,LONG,1,0,0,0
NEARUSDT,1784862000000,2026-07-24T03:00:00.000Z,NEUTRAL,NONE,0,7.875,IGNORE,0,WATCH,,0,0,0,NA,NA,NA,NA,NA,CLEAR,1,0,0,0,0,TREND_REVERSAL_UNCONFIRMED,0,0.45,NONE,1,0,0,0
NEARUSDT,1784865600000,2026-07-24T04:00:00.000Z,NEUTRAL,NONE,0,7.875,IGNORE,0,WATCH,,0,0,0,NA,NA,NA,NA,NA,CLEAR,1,0,0,0,0,TREND_REVERSAL_UNCONFIRMED,0,0.45,NONE,1,0,0,0
NEARUSDT,1784869200000,2026-07-24T05:00:00.000Z,NEUTRAL,NONE,0,7.875,IGNORE,0,WATCH,,0,0,0,NA,NA,NA,NA,NA,CLEAR,1,0,0,0,0,TREND_REVERSAL_UNCONFIRMED,0,0.45,NONE,1,0,0,0
NEARUSDT,1784872800000,2026-07-24T06:00:00.000Z,NEUTRAL,NONE,0,7.875,IGNORE,0,WATCH,,0,0,0,NA,NA,NA,NA,NA,CLEAR,1,0,0,0,0,TREND_REVERSAL_UNCONFIRMED,0,0.45,NONE,1,0,0,0
NEARUSDT,1784876400000,2026-07-24T07:00:00.000Z,NEUTRAL,NONE,0,7.875,IGNORE,0,WATCH,,0,0,0,NA,NA,NA,NA,NA,CLEAR,1,0,0,0,0,TREND_REVERSAL_UNCONFIRMED,0,0.45,NONE,1,0,0,0
NEARUSDT,1784880000000,2026-07-24T08:00:00.000Z,NEUTRAL,NONE,0,7.875,IGNORE,0,WATCH,,0,0,0,NA,NA,NA,NA,NA,WARNING_SOFT,1,0,0,0,0,TREND_REVERSAL_UNCONFIRMED,0,0.45,NONE,1,0,0,0
NEARUSDT,1784883600000,2026-07-24T09:00:00.000Z,NEUTRAL,NONE,0,7.875,IGNORE,0,WATCH,,0,0,0,NA,NA,NA,NA,NA,WARNING_HARD,1,0,0,0,0,TREND_REVERSAL_UNCONFIRMED,0,0.45,NONE,1,0,0,0
NEARUSDT,1784887200000,2026-07-24T10:00:00.000Z,BEAR,LONG,0,7.875,IGNORE,0,WATCH,,0,0,0,NA,NA,NA,NA,NA,CLEAR,1,0,0,0,0,TREND_REVERSAL_UNCONFIRMED,0,0.45,LONG,1,0,0,0
NEARUSDT,1784890800000,2026-07-24T11:00:00.000Z,BEAR,LONG,0,7.875,IGNORE,0,WATCH,,0,0,0,NA,NA,NA,NA,NA,CLEAR,1,0,0,0,0,TREND_REVERSAL_UNCONFIRMED,0,0.45,LONG,1,0,0,0
NEARUSDT,1784894400000,2026-07-24T12:00:00.000Z,BEAR,LONG,25,13.5,IGNORE,0,WATCH,,0,0,0,NA,NA,NA,NA,NA,CLEAR,1,0,1,0,0,TREND_REVERSAL_UNCONFIRMED,1,0.45,LONG,1,0,0,0
NEARUSDT,1784898000000,2026-07-24T13:00:00.000Z,BEAR,LONG,25,13.5,IGNORE,0,WATCH,,0,0,0,NA,NA,NA,NA,NA,CLEAR,1,0,1,0,0,TREND_REVERSAL_UNCONFIRMED,1,0.45,LONG,1,0,0,0
NEARUSDT,1784901600000,2026-07-24T14:00:00.000Z,BEAR,LONG,41.666666666666664,18.46875,IGNORE,0,WATCH,,0,0,0,NA,NA,NA,NA,NA,CLEAR,1,0,1,0,0,TREND_REVERSAL_UNCONFIRMED,2,0.45,LONG,1,0,0,0
NEARUSDT,1784905200000,2026-07-24T15:00:00.000Z,BEAR,LONG,50,19.125,IGNORE,0,WATCH,,0,0,0,NA,NA,NA,NA,NA,CLEAR,1,0,0,0,0,TREND_REVERSAL_UNCONFIRMED,2,0.45,LONG,1,0,0,0
NEARUSDT,1784908800000,2026-07-24T16:00:00.000Z,BEAR,LONG,12.847222222222221,12.54296875,IGNORE,0,WATCH,,0,0,0,NA,NA,NA,NA,NA,CLEAR,1,0,0,0,0,TREND_REVERSAL_UNCONFIRMED,1,0.45,LONG,1,0,0,0
NEARUSDT,1784912400000,2026-07-24T17:00:00.000Z,BEAR,LONG,17.406524296016705,12.902013788311317,IGNORE,0,WATCH,,0,0,0,NA,NA,NA,NA,NA,CLEAR,1,0,0,0,0,TREND_REVERSAL_UNCONFIRMED,1,0.45,LONG,1,0,0,0
NEARUSDT,1784916000000,2026-07-24T18:00:00.000Z,BEAR,LONG,0,7.875,IGNORE,0,WATCH,,0,0,0,NA,NA,NA,NA,NA,CLEAR,1,0,0,0,0,TREND_REVERSAL_UNCONFIRMED,0,0.45,LONG,1,0,0,0
NEARUSDT,1784919600000,2026-07-24T19:00:00.000Z,BEAR,LONG,0,7.875,IGNORE,0,WATCH,,0,0,0,NA,NA,NA,NA,NA,CLEAR,1,0,0,0,0,TREND_REVERSAL_UNCONFIRMED,0,0.45,LONG,1,0,0,0
NEARUSDT,1784923200000,2026-07-24T20:00:00.000Z,BEAR,LONG,0,7.875,IGNORE,0,WATCH,,0,0,0,NA,NA,NA,NA,NA,CLEAR,1,0,0,0,0,TREND_REVERSAL_UNCONFIRMED,0,0.45,LONG,1,0,0,0
NEARUSDT,1784926800000,2026-07-24T21:00:00.000Z,BEAR,LONG,12.847222222222221,12.54296875,IGNORE,0,WATCH,,0,0,0,NA,NA,NA,NA,NA,CLEAR,1,0,0,0,0,TREND_REVERSAL_UNCONFIRMED,1,0.45,LONG,1,0,0,0
NEARUSDT,1784930400000,2026-07-24T22:00:00.000Z,BEAR,LONG,0,7.875,IGNORE,0,WATCH,,0,0,0,NA,NA,NA,NA,NA,CLEAR,1,0,0,0,0,TREND_REVERSAL_UNCONFIRMED,0,0.45,LONG,1,0,0,0
NEARUSDT,1784934000000,2026-07-24T23:00:00.000Z,BEAR,LONG,0,7.875,IGNORE,0,WATCH,,0,0,0,NA,NA,NA,NA,NA,CLEAR,1,0,0,0,0,TREND_REVERSAL_UNCONFIRMED,0,0.45,LONG,1,0,0,0
NEARUSDT,1784937600000,2026-07-25T00:00:00.000Z,BEAR,LONG,0,7.875,IGNORE,0,WATCH,,0,0,0,NA,NA,NA,NA,NA,CLEAR,1,0,0,0,0,TREND_REVERSAL_UNCONFIRMED,0,0.45,LONG,1,0,0,0
NEARUSDT,1784941200000,2026-07-25T01:00:00.000Z,BEAR,LONG,12.847222222222221,12.54296875,IGNORE,0,WATCH,,0,0,0,NA,NA,NA,NA,NA,CLEAR,1,0,0,0,0,TREND_REVERSAL_UNCONFIRMED,1,0.45,LONG,1,0,0,0
NEARUSDT,1784944800000,2026-07-25T02:00:00.000Z,BEAR,LONG,0,7.875,IGNORE,0,WATCH,,0,0,0,NA,NA,NA,NA,NA,CLEAR,1,0,0,0,0,TREND_REVERSAL_UNCONFIRMED,0,0.45,LONG,1,0,0,0
NEARUSDT,1784948400000,2026-07-25T03:00:00.000Z,BEAR,LONG,25,13.5,IGNORE,0,WATCH,,0,0,0,NA,NA,NA,NA,NA,CLEAR,1,0,0,0,0,TREND_REVERSAL_UNCONFIRMED,1,0.45,LONG,1,0,0,0
NEARUSDT,1784952000000,2026-07-25T04:00:00.000Z,BEAR,LONG,0,7.875,IGNORE,0,WATCH,,0,0,0,NA,NA,NA,NA,NA,CLEAR,1,0,0,0,0,TREND_REVERSAL_UNCONFIRMED,0,0.45,LONG,1,0,0,0
NEARUSDT,1784955600000,2026-07-25T05:00:00.000Z,BEAR,LONG,17.5,12.909375,IGNORE,0,WATCH,,0,0,0,NA,NA,NA,NA,NA,WARNING_SOFT,1,0,0,0,0,TREND_REVERSAL_UNCONFIRMED,1,0.45,LONG,1,0,0,0
NEARUSDT,1784959200000,2026-07-25T06:00:00.000Z,BEAR,LONG,30.34722222222222,17.57734375,IGNORE,0,WATCH,,0,0,0,NA,NA,NA,NA,NA,CLEAR,1,0,0,0,0,TREND_REVERSAL_UNCONFIRMED,2,0.45,LONG,1,0,0,0
NEARUSDT,1784962800000,2026-07-25T07:00:00.000Z,BEAR,LONG,17.5,12.909375,IGNORE,0,WATCH,,0,0,0,NA,NA,NA,NA,NA,CLEAR,1,0,0,0,0,TREND_REVERSAL_UNCONFIRMED,1,0.45,LONG,1,0,0,0
NEARUSDT,1784966400000,2026-07-25T08:00:00.000Z,BEAR,LONG,42.5,18.534375,IGNORE,0,WATCH,,0,0,0,NA,NA,NA,NA,NA,CLEAR,1,0,0,0,0,TREND_REVERSAL_UNCONFIRMED,2,0.45,LONG,1,0,0,0
NEARUSDT,1784970000000,2026-07-25T09:00:00.000Z,BEAR,LONG,17.5,12.909375,IGNORE,0,WATCH,,0,0,0,NA,NA,NA,NA,NA,CLEAR,1,0,0,0,0,TREND_REVERSAL_UNCONFIRMED,1,0.45,LONG,1,0,0,0
NEARUSDT,1784973600000,2026-07-25T10:00:00.000Z,BEAR,LONG,0,7.875,IGNORE,0,WATCH,,0,0,0,NA,NA,NA,NA,NA,CLEAR,1,0,0,0,0,TREND_REVERSAL_UNCONFIRMED,0,0.45,LONG,1,0,0,0
NEARUSDT,1784977200000,2026-07-25T11:00:00.000Z,BEAR,LONG,0,7.875,IGNORE,0,WATCH,,0,0,0,NA,NA,NA,NA,NA,CLEAR,1,0,0,0,0,TREND_REVERSAL_UNCONFIRMED,0,0.45,LONG,1,0,0,0
NEARUSDT,1784980800000,2026-07-25T12:00:00.000Z,BEAR,LONG,0,7.875,IGNORE,0,WATCH,,0,0,0,NA,NA,NA,NA,NA,CLEAR,1,0,0,0,0,TREND_REVERSAL_UNCONFIRMED,0,0.45,LONG,1,0,0,0
NEARUSDT,1784984400000,2026-07-25T13:00:00.000Z,BEAR,LONG,0,7.875,IGNORE,0,WATCH,,0,0,0,NA,NA,NA,NA,NA,WARNING_SOFT,1,0,0,0,0,TREND_REVERSAL_UNCONFIRMED,0,0.45,LONG,1,0,0,0
NEARUSDT,1784988000000,2026-07-25T14:00:00.000Z,BEAR,LONG,0,7.875,IGNORE,0,WATCH,,0,0,0,NA,NA,NA,NA,NA,CLEAR,1,0,0,0,0,TREND_REVERSAL_UNCONFIRMED,0,0.45,LONG,1,0,0,0
NEARUSDT,1784991600000,2026-07-25T15:00:00.000Z,BEAR,LONG,0,7.875,IGNORE,0,WATCH,,0,0,0,NA,NA,NA,NA,NA,WARNING_SOFT,1,0,0,0,0,TREND_REVERSAL_UNCONFIRMED,0,0.45,LONG,1,0,0,0
NEARUSDT,1784995200000,2026-07-25T16:00:00.000Z,BEAR,LONG,0,7.875,IGNORE,0,WATCH,,0,0,0,NA,NA,NA,NA,NA,BLOCK,0,0,0,0,0,TREND_REVERSAL_UNCONFIRMED,0,0.45,LONG,1,0,0,0
NEARUSDT,1784998800000,2026-07-25T17:00:00.000Z,BEAR,LONG,17.5,12.909375,IGNORE,0,WATCH,,0,0,0,NA,NA,NA,NA,NA,WARNING_SOFT,1,0,0,0,0,TREND_REVERSAL_UNCONFIRMED,1,0.45,LONG,1,0,0,0
NEARUSDT,1785002400000,2026-07-25T18:00:00.000Z,BEAR,LONG,17.5,12.909375,IGNORE,0,WATCH,,0,0,0,NA,NA,NA,NA,NA,WARNING_SOFT,1,0,0,0,0,TREND_REVERSAL_UNCONFIRMED,1,0.45,LONG,1,0,0,0
NEARUSDT,1785006000000,2026-07-25T19:00:00.000Z,BEAR,LONG,17.5,12.909375,IGNORE,0,WATCH,,0,0,0,NA,NA,NA,NA,NA,WARNING_SOFT,1,0,0,0,0,TREND_REVERSAL_UNCONFIRMED,1,0.45,LONG,1,0,0,0
NEARUSDT,1785009600000,2026-07-25T20:00:00.000Z,BEAR,LONG,17.5,12.909375,IGNORE,0,WATCH,,0,0,0,NA,NA,NA,NA,NA,BLOCK,0,0,0,0,0,TREND_REVERSAL_UNCONFIRMED,1,0.45,LONG,1,0,0,0
NEARUSDT,1785013200000,2026-07-25T21:00:00.000Z,BEAR,LONG,42.5,18.534375,IGNORE,0,WATCH,,0,0,0,NA,NA,NA,NA,NA,WARNING_SOFT,1,0,0,0,0,TREND_REVERSAL_UNCONFIRMED,2,0.45,LONG,1,0,0,0
NEARUSDT,1785016800000,2026-07-25T22:00:00.000Z,BEAR,LONG,17.5,12.909375,IGNORE,0,WATCH,,0,0,0,NA,NA,NA,NA,NA,WARNING_SOFT,1,0,0,0,0,TREND_REVERSAL_UNCONFIRMED,1,0.45,LONG,1,0,0,0
NEARUSDT,1785020400000,2026-07-25T23:00:00.000Z,BEAR,LONG,17.5,12.909375,IGNORE,0,WATCH,,0,0,0,NA,NA,NA,NA,NA,WARNING_SOFT,1,0,0,0,0,TREND_REVERSAL_UNCONFIRMED,1,0.45,LONG,1,0,0,0
NEARUSDT,1785024000000,2026-07-26T00:00:00.000Z,BEAR,LONG,17.5,12.909375,IGNORE,0,WATCH,,0,0,0,NA,NA,NA,NA,NA,WARNING_SOFT,1,0,0,0,0,TREND_REVERSAL_UNCONFIRMED,1,0.45,LONG,1,0,0,0
NEARUSDT,1785027600000,2026-07-26T01:00:00.000Z,BEAR,LONG,42.5,18.534375,IGNORE,0,WATCH,,0,0,0,NA,NA,NA,NA,NA,WARNING_SOFT,1,0,0,0,0,TREND_REVERSAL_UNCONFIRMED,2,0.45,LONG,1,0,0,0
NEARUSDT,1785031200000,2026-07-26T02:00:00.000Z,BEAR,LONG,17.5,12.909375,IGNORE,0,WATCH,,0,0,0,NA,NA,NA,NA,NA,WARNING_SOFT,1,0,0,0,0,TREND_REVERSAL_UNCONFIRMED,1,0.45,LONG,1,0,0,0
NEARUSDT,1785034800000,2026-07-26T03:00:00.000Z,BEAR,LONG,17.5,12.909375,IGNORE,0,WATCH,,0,0,0,NA,NA,NA,NA,NA,WARNING_SOFT,1,0,0,0,0,TREND_REVERSAL_UNCONFIRMED,1,0.45,LONG,1,0,0,0
NEARUSDT,1785038400000,2026-07-26T04:00:00.000Z,BEAR,LONG,32.6065231695389,17.75526369960119,IGNORE,0,WATCH,,0,0,0,NA,NA,NA,NA,NA,BLOCK,0,0,0,0,0,TREND_REVERSAL_UNCONFIRMED,2,0.45,LONG,1,0,0,0
NEARUSDT,1785042000000,2026-07-26T05:00:00.000Z,BEAR,LONG,0,7.875,IGNORE,0,WATCH,,0,0,0,NA,NA,NA,NA,NA,WARNING_SOFT,1,0,0,0,0,TREND_REVERSAL_UNCONFIRMED,0,0.45,LONG,1,0,0,0
NEARUSDT,1785045600000,2026-07-26T06:00:00.000Z,BEAR,LONG,0,7.875,IGNORE,0,WATCH,,0,0,0,NA,NA,NA,NA,NA,WARNING_SOFT,1,0,0,0,0,TREND_REVERSAL_UNCONFIRMED,0,0.45,LONG,1,0,0,0
NEARUSDT,1785049200000,2026-07-26T07:00:00.000Z,NEUTRAL,NONE,0,7.875,IGNORE,0,WATCH,,0,0,0,NA,NA,NA,NA,NA,WARNING_HARD,1,0,0,0,0,TREND_REVERSAL_UNCONFIRMED,0,0.45,NONE,1,0,0,0
NEARUSDT,1785052800000,2026-07-26T08:00:00.000Z,NEUTRAL,NONE,0,7.875,IGNORE,0,WATCH,,0,0,0,NA,NA,NA,NA,NA,CLEAR,1,0,0,0,0,TREND_REVERSAL_UNCONFIRMED,0,0.45,NONE,1,0,0,0
NEARUSDT,1785056400000,2026-07-26T09:00:00.000Z,NEUTRAL,NONE,0,7.875,IGNORE,0,WATCH,,0,0,0,NA,NA,NA,NA,NA,CLEAR,1,0,0,0,0,TREND_REVERSAL_UNCONFIRMED,0,0.45,NONE,1,0,0,0
NEARUSDT,1785060000000,2026-07-26T10:00:00.000Z,NEUTRAL,NONE,0,7.875,IGNORE,0,WATCH,,0,0,0,NA,NA,NA,NA,NA,CLEAR,1,0,0,0,0,TREND_REVERSAL_UNCONFIRMED,0,0.45,NONE,1,0,0,0
NEARUSDT,1785063600000,2026-07-26T11:00:00.000Z,BEAR,LONG,17.5,12.909375,IGNORE,0,WATCH,,0,0,0,NA,NA,NA,NA,NA,WARNING_SOFT,1,0,0,0,0,TREND_REVERSAL_UNCONFIRMED,1,0.45,LONG,1,0,0,0
NEARUSDT,1785067200000,2026-07-26T12:00:00.000Z,BEAR,LONG,30.409108125940964,17.58221726491785,IGNORE,0,WATCH,,0,0,0,NA,NA,NA,NA,NA,WARNING_HARD,1,0,0,0,0,TREND_REVERSAL_UNCONFIRMED,2,0.45,LONG,1,0,0,0
NEARUSDT,1785070800000,2026-07-26T13:00:00.000Z,BEAR,LONG,17.5,12.909375,IGNORE,0,WATCH,,0,0,0,NA,NA,NA,NA,NA,WARNING_HARD,1,0,0,0,0,TREND_REVERSAL_UNCONFIRMED,1,0.45,LONG,1,0,0,0
NEARUSDT,1785074400000,2026-07-26T14:00:00.000Z,BEAR,LONG,67.5,53.9175,WATCH,1,WATCH,ACTIVE,1,1,0,PASS,PASS,SKIP,SKIP,FAIL,WARNING_HARD,1,0,0,0,0,MARKET_CONTEXT_DENIED,3,0.84,LONG,0,1,0,0
NEARUSDT,1785078000000,2026-07-26T15:00:00.000Z,NEUTRAL,NONE,0,7.875,IGNORE,0,WATCH,,0,0,0,NA,NA,NA,NA,NA,WARNING_SOFT,1,0,0,0,0,TREND_REVERSAL_UNCONFIRMED,0,0.45,NONE,1,0,0,0
NEARUSDT,1785081600000,2026-07-26T16:00:00.000Z,NEUTRAL,NONE,0,7.875,IGNORE,0,WATCH,,0,0,0,NA,NA,NA,NA,NA,CLEAR,1,0,0,0,0,TREND_REVERSAL_UNCONFIRMED,0,0.45,NONE,1,0,0,0
NEARUSDT,1785085200000,2026-07-26T17:00:00.000Z,BEAR,LONG,0,7.875,IGNORE,0,WATCH,,0,0,0,NA,NA,NA,NA,NA,WARNING_SOFT,1,0,0,0,0,TREND_REVERSAL_UNCONFIRMED,0,0.45,LONG,1,0,0,0
NEARUSDT,1785088800000,2026-07-26T18:00:00.000Z,BEAR,LONG,0,7.875,IGNORE,0,WATCH,,0,0,0,NA,NA,NA,NA,NA,WARNING_SOFT,1,0,0,0,0,TREND_REVERSAL_UNCONFIRMED,0,0.45,LONG,1,0,0,0
NEARUSDT,1785092400000,2026-07-26T19:00:00.000Z,BEAR,LONG,0,7.875,IGNORE,0,WATCH,,0,0,0,NA,NA,NA,NA,NA,WARNING_SOFT,1,0,0,0,0,TREND_REVERSAL_UNCONFIRMED,0,0.45,LONG,1,0,0,0
NEARUSDT,1785096000000,2026-07-26T20:00:00.000Z,BEAR,LONG,0,7.875,IGNORE,0,WATCH,,0,0,0,NA,NA,NA,NA,NA,WARNING_SOFT,1,0,0,0,0,TREND_REVERSAL_UNCONFIRMED,0,0.45,LONG,1,0,0,0
NEARUSDT,1785099600000,2026-07-26T21:00:00.000Z,NEUTRAL,NONE,0,7.875,IGNORE,0,WATCH,,0,0,0,NA,NA,NA,NA,NA,CLEAR,1,0,0,0,0,TREND_REVERSAL_UNCONFIRMED,0,0.45,NONE,1,0,0,0
NEARUSDT,1785103200000,2026-07-26T22:00:00.000Z,NEUTRAL,NONE,0,7.875,IGNORE,0,WATCH,,0,0,0,NA,NA,NA,NA,NA,CLEAR,1,0,0,0,0,TREND_REVERSAL_UNCONFIRMED,0,0.45,NONE,1,0,0,0
NEARUSDT,1785106800000,2026-07-26T23:00:00.000Z,NEUTRAL,NONE,0,7.875,IGNORE,0,WATCH,,0,0,0,NA,NA,NA,NA,NA,CLEAR,1,0,0,0,0,TREND_REVERSAL_UNCONFIRMED,0,0.45,NONE,1,0,0,0
NEARUSDT,1785110400000,2026-07-27T00:00:00.000Z,NEUTRAL,NONE,0,7.875,IGNORE,0,WATCH,,0,0,0,NA,NA,NA,NA,NA,CLEAR,1,0,0,0,0,TREND_REVERSAL_UNCONFIRMED,0,0.45,NONE,1,0,0,0
NEARUSDT,1785114000000,2026-07-27T01:00:00.000Z,NEUTRAL,NONE,0,7.875,IGNORE,0,WATCH,,0,0,0,NA,NA,NA,NA,NA,CLEAR,1,0,1,0,0,TREND_REVERSAL_UNCONFIRMED,0,0.45,NONE,1,0,0,0
NEARUSDT,1785117600000,2026-07-27T02:00:00.000Z,BULL,SHORT,17.5,12.909375,IGNORE,0,WATCH,,0,0,0,NA,NA,NA,NA,NA,CLEAR,1,0,0,0,0,TREND_REVERSAL_UNCONFIRMED,1,0.45,SHORT,1,0,0,0
NEARUSDT,1785121200000,2026-07-27T03:00:00.000Z,BULL,SHORT,55.34722222222222,52.13104166666666,WATCH,1,WATCH,ACTIVE,1,1,0,PASS,PASS,SKIP,SKIP,FAIL,CLEAR,1,0,0,0,0,MARKET_CONTEXT_DENIED,3,0.84,SHORT,0,1,0,0
NEARUSDT,1785124800000,2026-07-27T04:00:00.000Z,BULL,SHORT,17.5,12.909375,IGNORE,0,WATCH,,0,0,0,NA,NA,NA,NA,NA,CLEAR,1,0,0,0,0,TREND_REVERSAL_UNCONFIRMED,1,0.45,SHORT,1,0,0,0
NEARUSDT,1785128400000,2026-07-27T05:00:00.000Z,BULL,SHORT,17.5,12.909375,IGNORE,0,WATCH,,0,0,0,NA,NA,NA,NA,NA,CLEAR,1,0,0,0,0,TREND_REVERSAL_UNCONFIRMED,1,0.45,SHORT,1,0,0,0
NEARUSDT,1785132000000,2026-07-27T06:00:00.000Z,BULL,SHORT,0,7.875,IGNORE,0,WATCH,,0,0,0,NA,NA,NA,NA,NA,CLEAR,1,0,0,0,0,TREND_REVERSAL_UNCONFIRMED,0,0.45,SHORT,1,0,0,0
NEARUSDT,1785135600000,2026-07-27T07:00:00.000Z,BULL,SHORT,15.584730085374892,12.758547494223272,IGNORE,0,WATCH,,0,0,0,NA,NA,NA,NA,NA,CLEAR,1,0,0,0,0,TREND_REVERSAL_UNCONFIRMED,1,0.45,SHORT,1,0,0,0
NEARUSDT,1785139200000,2026-07-27T08:00:00.000Z,BULL,SHORT,0,7.875,IGNORE,0,WATCH,,0,0,0,NA,NA,NA,NA,NA,CLEAR,1,0,0,0,0,TREND_REVERSAL_UNCONFIRMED,0,0.45,SHORT,1,0,0,0
NEARUSDT,1785142800000,2026-07-27T09:00:00.000Z,BULL,SHORT,0,7.875,IGNORE,0,WATCH,,0,0,0,NA,NA,NA,NA,NA,CLEAR,1,0,0,0,0,TREND_REVERSAL_UNCONFIRMED,0,0.45,SHORT,1,0,0,0
NEARUSDT,1785146400000,2026-07-27T10:00:00.000Z,BULL,SHORT,0,7.875,IGNORE,0,WATCH,,0,0,0,NA,NA,NA,NA,NA,CLEAR,1,0,0,0,0,TREND_REVERSAL_UNCONFIRMED,0,0.45,SHORT,1,0,0,0
NEARUSDT,1785150000000,2026-07-27T11:00:00.000Z,NEUTRAL,NONE,0,7.875,IGNORE,0,WATCH,,0,0,0,NA,NA,NA,NA,NA,WARNING_SOFT,1,0,0,0,0,TREND_REVERSAL_UNCONFIRMED,0,0.45,NONE,1,0,0,0
NEARUSDT,1785153600000,2026-07-27T12:00:00.000Z,BULL,SHORT,20.900504797892918,13.177164752834068,IGNORE,0,WATCH,,0,0,0,NA,NA,NA,NA,NA,BLOCK,0,0,0,0,0,TREND_REVERSAL_UNCONFIRMED,1,0.45,SHORT,1,0,0,0
NEARUSDT,1785157200000,2026-07-27T13:00:00.000Z,NEUTRAL,NONE,0,7.875,IGNORE,0,WATCH,,0,0,0,NA,NA,NA,NA,NA,BLOCK,0,0,0,0,0,TREND_REVERSAL_UNCONFIRMED,0,0.45,NONE,1,0,0,0
NEARUSDT,1785160800000,2026-07-27T14:00:00.000Z,NEUTRAL,NONE,0,7.875,IGNORE,0,WATCH,,0,0,0,NA,NA,NA,NA,NA,BLOCK,0,0,0,0,0,TREND_REVERSAL_UNCONFIRMED,0,0.45,NONE,1,0,0,0
NEARUSDT,1785164400000,2026-07-27T15:00:00.000Z,NEUTRAL,NONE,0,7.875,IGNORE,0,WATCH,,0,0,0,NA,NA,NA,NA,NA,BLOCK,0,0,0,0,0,TREND_REVERSAL_UNCONFIRMED,0,0.45,NONE,1,0,0,0
NEARUSDT,1785168000000,2026-07-27T16:00:00.000Z,BEAR,LONG,37.03140585967201,18.10372321144917,IGNORE,0,WATCH,,0,0,0,NA,NA,NA,NA,NA,CLEAR,1,0,0,0,0,TREND_REVERSAL_UNCONFIRMED,2,0.45,LONG,1,0,0,0
NEARUSDT,1785171600000,2026-07-27T17:00:00.000Z,BEAR,LONG,30.34722222222222,17.57734375,IGNORE,0,WATCH,,0,0,0,NA,NA,NA,NA,NA,CLEAR,1,0,0,0,0,TREND_REVERSAL_UNCONFIRMED,2,0.45,LONG,1,0,0,0
NEARUSDT,1785175200000,2026-07-27T18:00:00.000Z,BEAR,LONG,55.34722222222222,52.13104166666666,WATCH,1,WATCH,ACTIVE,1,1,0,PASS,PASS,SKIP,SKIP,FAIL,CLEAR,1,0,1,0,0,MARKET_CONTEXT_DENIED,3,0.84,LONG,0,1,0,0
NEARUSDT,1785178800000,2026-07-27T19:00:00.000Z,BEAR,LONG,44.17932692107471,22.322871995034635,IGNORE,0,WATCH,,0,0,0,NA,NA,NA,NA,NA,CLEAR,1,0,0,0,0,TREND_REVERSAL_UNCONFIRMED,3,0.45,LONG,1,0,0,0
NEARUSDT,1785182400000,2026-07-27T20:00:00.000Z,BEAR,LONG,42.5,18.534375,IGNORE,0,WATCH,,0,0,0,NA,NA,NA,NA,NA,CLEAR,1,0,0,0,0,TREND_REVERSAL_UNCONFIRMED,2,0.45,LONG,1,0,0,0
NEARUSDT,1785186000000,2026-07-27T21:00:00.000Z,BEAR,LONG,32.08333333333333,17.714062499999997,IGNORE,0,WATCH,,0,0,0,NA,NA,NA,NA,NA,CLEAR,1,0,0,0,0,TREND_REVERSAL_UNCONFIRMED,2,0.45,LONG,1,0,0,0
NEARUSDT,1785189600000,2026-07-27T22:00:00.000Z,BEAR,LONG,57.08333333333333,60.786249999999995,WATCH,1,ACTIVE,ACTIVE,1,1,1,PASS,PASS,SKIP,SKIP,PASS,CLEAR,1,0,0,0,1,,3,0.84,LONG,0,1,0,0
NEARUSDT,1785193200000,2026-07-27T23:00:00.000Z,BEAR,LONG,57.08333333333333,60.786249999999995,WATCH,1,ACTIVE,ACTIVE,1,1,1,PASS,PASS,SKIP,SKIP,PASS,CLEAR,1,0,1,0,1,,3,0.84,LONG,0,1,0,0
NEARUSDT,1785196800000,2026-07-28T00:00:00.000Z,BEAR,LONG,32.08333333333333,17.714062499999997,IGNORE,0,WATCH,,0,0,0,NA,NA,NA,NA,NA,CLEAR,1,0,0,0,0,TREND_REVERSAL_UNCONFIRMED,2,0.45,LONG,1,0,0,0
NEARUSDT,1785200400000,2026-07-28T01:00:00.000Z,BEAR,LONG,48.88447888904357,22.69340271251218,IGNORE,0,WATCH,,0,0,0,NA,NA,NA,NA,NA,CLEAR,1,0,0,0,0,TREND_REVERSAL_UNCONFIRMED,3,0.45,LONG,1,0,0,0
NEARUSDT,1785204000000,2026-07-28T02:00:00.000Z,BEAR,LONG,32.08333333333333,17.714062499999997,IGNORE,0,WATCH,,0,0,0,NA,NA,NA,NA,NA,CLEAR,1,0,0,0,0,TREND_REVERSAL_UNCONFIRMED,2,0.45,LONG,1,0,0,0
NEARUSDT,1785207600000,2026-07-28T03:00:00.000Z,BEAR,LONG,32.08333333333333,17.714062499999997,IGNORE,0,WATCH,,0,0,0,NA,NA,NA,NA,NA,CLEAR,1,0,0,0,0,TREND_REVERSAL_UNCONFIRMED,2,0.45,LONG,1,0,0,0
NEARUSDT,1785211200000,2026-07-28T04:00:00.000Z,BEAR,LONG,14.583333333333332,12.6796875,IGNORE,0,WATCH,,0,0,0,NA,NA,NA,NA,NA,CLEAR,1,0,0,0,0,TREND_REVERSAL_UNCONFIRMED,1,0.45,LONG,1,0,0,0
NEARUSDT,1785214800000,2026-07-28T05:00:00.000Z,BEAR,LONG,18.055555555555557,12.953125,IGNORE,0,WATCH,,0,0,0,NA,NA,NA,NA,NA,CLEAR,1,0,0,0,0,TREND_REVERSAL_UNCONFIRMED,1,0.45,LONG,1,0,0,0
NEARUSDT,1785218400000,2026-07-28T06:00:00.000Z,BEAR,LONG,25,13.5,IGNORE,0,WATCH,,0,0,0,NA,NA,NA,NA,NA,CLEAR,1,0,0,0,0,TREND_REVERSAL_UNCONFIRMED,1,0.45,LONG,1,0,0,0
NEARUSDT,1785222000000,2026-07-28T07:00:00.000Z,BEAR,LONG,0,7.875,IGNORE,0,WATCH,,0,0,0,NA,NA,NA,NA,NA,CLEAR,1,0,0,0,0,TREND_REVERSAL_UNCONFIRMED,0,0.45,LONG,1,0,0,0
NEARUSDT,1785225600000,2026-07-28T08:00:00.000Z,BEAR,LONG,0,7.875,IGNORE,0,WATCH,,0,0,0,NA,NA,NA,NA,NA,CLEAR,1,0,0,0,0,TREND_REVERSAL_UNCONFIRMED,0,0.45,LONG,1,0,0,0
NEARUSDT,1785229200000,2026-07-28T09:00:00.000Z,BEAR,LONG,0,7.875,IGNORE,0,WATCH,,0,0,0,NA,NA,NA,NA,NA,CLEAR,1,0,0,0,0,TREND_REVERSAL_UNCONFIRMED,0,0.45,LONG,1,0,0,0
NEARUSDT,1785232800000,2026-07-28T10:00:00.000Z,BEAR,LONG,0,7.875,IGNORE,0,WATCH,,0,0,0,NA,NA,NA,NA,NA,CLEAR,1,0,0,0,0,TREND_REVERSAL_UNCONFIRMED,0,0.45,LONG,1,0,0,0
NEARUSDT,1785236400000,2026-07-28T11:00:00.000Z,BEAR,LONG,15.597884579585212,12.759583410642337,IGNORE,0,WATCH,,0,0,0,NA,NA,NA,NA,NA,CLEAR,1,0,0,0,0,TREND_REVERSAL_UNCONFIRMED,1,0.45,LONG,1,0,0,0
NEARUSDT,1785240000000,2026-07-28T12:00:00.000Z,BEAR,LONG,0,7.875,IGNORE,0,WATCH,,0,0,0,NA,NA,NA,NA,NA,CLEAR,1,0,0,0,0,TREND_REVERSAL_UNCONFIRMED,0,0.45,LONG,1,0,0,0
NEARUSDT,1785243600000,2026-07-28T13:00:00.000Z,BEAR,LONG,39.58333333333333,18.3046875,IGNORE,0,WATCH,,0,0,0,NA,NA,NA,NA,NA,CLEAR,1,0,1,0,0,TREND_REVERSAL_UNCONFIRMED,2,0.45,LONG,1,0,0,0
NEARUSDT,1785247200000,2026-07-28T14:00:00.000Z,BEAR,LONG,25,13.5,IGNORE,0,WATCH,,0,0,0,NA,NA,NA,NA,NA,CLEAR,1,0,0,0,0,TREND_REVERSAL_UNCONFIRMED,1,0.45,LONG,1,0,0,0
NEARUSDT,1785250800000,2026-07-28T15:00:00.000Z,BEAR,LONG,24.929999799521013,13.49448748421228,IGNORE,0,WATCH,,0,0,0,NA,NA,NA,NA,NA,CLEAR,1,0,0,0,0,TREND_REVERSAL_UNCONFIRMED,1,0.45,LONG,1,0,0,0
NEARUSDT,1785254400000,2026-07-28T16:00:00.000Z,BEAR,LONG,0,7.875,IGNORE,0,WATCH,,0,0,0,NA,NA,NA,NA,NA,WARNING_SOFT,1,0,0,0,0,TREND_REVERSAL_UNCONFIRMED,0,0.45,LONG,1,0,0,0
NEARUSDT,1785258000000,2026-07-28T17:00:00.000Z,BEAR,LONG,0,7.875,IGNORE,0,WATCH,,0,0,0,NA,NA,NA,NA,NA,CLEAR,1,0,0,0,0,TREND_REVERSAL_UNCONFIRMED,0,0.45,LONG,1,0,0,0
NEARUSDT,1785261600000,2026-07-28T18:00:00.000Z,BEAR,LONG,0,7.875,IGNORE,0,WATCH,,0,0,0,NA,NA,NA,NA,NA,CLEAR,1,0,0,0,0,TREND_REVERSAL_UNCONFIRMED,0,0.45,LONG,1,0,0,0
NEARUSDT,1785265200000,2026-07-28T19:00:00.000Z,BEAR,LONG,0,7.875,IGNORE,0,WATCH,,0,0,0,NA,NA,NA,NA,NA,WARNING_SOFT,1,0,0,0,0,TREND_REVERSAL_UNCONFIRMED,0,0.45,LONG,1,0,0,0
NEARUSDT,1785268800000,2026-07-28T20:00:00.000Z,BEAR,LONG,0,7.875,IGNORE,0,WATCH,,0,0,0,NA,NA,NA,NA,NA,WARNING_SOFT,1,0,0,0,0,TREND_REVERSAL_UNCONFIRMED,0,0.45,LONG,1,0,0,0
NEARUSDT,1785272400000,2026-07-28T21:00:00.000Z,BEAR,LONG,17.5,12.909375,IGNORE,0,WATCH,,0,0,0,NA,NA,NA,NA,NA,WARNING_SOFT,1,0,0,0,0,TREND_REVERSAL_UNCONFIRMED,1,0.45,LONG,1,0,0,0
NEARUSDT,1785276000000,2026-07-28T22:00:00.000Z,BEAR,LONG,17.5,12.909375,IGNORE,0,WATCH,,0,0,0,NA,NA,NA,NA,NA,WARNING_SOFT,1,0,0,0,0,TREND_REVERSAL_UNCONFIRMED,1,0.45,LONG,1,0,0,0
NEARUSDT,1785279600000,2026-07-28T23:00:00.000Z,BEAR,LONG,17.5,12.909375,IGNORE,0,WATCH,,0,0,0,NA,NA,NA,NA,NA,WARNING_SOFT,1,0,0,0,0,TREND_REVERSAL_UNCONFIRMED,1,0.45,LONG,1,0,0,0
NEARUSDT,1785283200000,2026-07-29T00:00:00.000Z,BEAR,LONG,17.5,12.909375,IGNORE,0,WATCH,,0,0,0,NA,NA,NA,NA,NA,WARNING_SOFT,1,0,0,0,0,TREND_REVERSAL_UNCONFIRMED,1,0.45,LONG,1,0,0,0
NEARUSDT,1785286800000,2026-07-29T01:00:00.000Z,BEAR,LONG,32.44376141165007,17.742446211167444,IGNORE,0,WATCH,,0,0,0,NA,NA,NA,NA,NA,WARNING_SOFT,1,0,0,0,0,TREND_REVERSAL_UNCONFIRMED,2,0.45,LONG,1,0,0,0
NEARUSDT,1785290400000,2026-07-29T02:00:00.000Z,BEAR,LONG,17.5,12.909375,IGNORE,0,WATCH,,0,0,0,NA,NA,NA,NA,NA,WARNING_HARD,1,0,0,0,0,TREND_REVERSAL_UNCONFIRMED,1,0.45,LONG,1,0,0,0
NEARUSDT,1785294000000,2026-07-29T03:00:00.000Z,BEAR,LONG,40.88356317197278,18.407080599792856,IGNORE,0,WATCH,,0,0,0,NA,NA,NA,NA,NA,CLEAR,1,0,1,0,0,TREND_REVERSAL_UNCONFIRMED,2,0.45,LONG,1,0,0,0
NEARUSDT,1785297600000,2026-07-29T04:00:00.000Z,BEAR,LONG,42.5,18.534375,IGNORE,0,WATCH,,0,0,0,NA,NA,NA,NA,NA,WARNING_HARD,1,0,0,0,0,TREND_REVERSAL_UNCONFIRMED,2,0.45,LONG,1,0,0,0
NEARUSDT,1785301200000,2026-07-29T05:00:00.000Z,BEAR,LONG,17.5,12.909375,IGNORE,0,WATCH,,0,0,0,NA,NA,NA,NA,NA,WARNING_SOFT,1,0,0,0,0,TREND_REVERSAL_UNCONFIRMED,1,0.45,LONG,1,0,0,0
NEARUSDT,1785304800000,2026-07-29T06:00:00.000Z,BEAR,LONG,42.5,18.534375,IGNORE,0,WATCH,,0,0,0,NA,NA,NA,NA,NA,WARNING_SOFT,1,0,0,0,0,TREND_REVERSAL_UNCONFIRMED,2,0.45,LONG,1,0,0,0
NEARUSDT,1785308400000,2026-07-29T07:00:00.000Z,BEAR,LONG,0,7.875,IGNORE,0,WATCH,,0,0,0,NA,NA,NA,NA,NA,WARNING_SOFT,1,0,0,0,0,TREND_REVERSAL_UNCONFIRMED,0,0.45,LONG,1,0,0,0
NEARUSDT,1785312000000,2026-07-29T08:00:00.000Z,BEAR,LONG,21.95025544716252,13.259832616464047,IGNORE,0,WATCH,,0,0,0,NA,NA,NA,NA,NA,WARNING_HARD,1,0,0,0,0,TREND_REVERSAL_UNCONFIRMED,1,0.45,LONG,1,0,0,0
NEARUSDT,1785315600000,2026-07-29T09:00:00.000Z,BEAR,LONG,25,13.5,IGNORE,0,WATCH,,0,0,0,NA,NA,NA,NA,NA,WARNING_SOFT,1,0,0,0,0,TREND_REVERSAL_UNCONFIRMED,1,0.45,LONG,1,0,0,0
NEARUSDT,1785319200000,2026-07-29T10:00:00.000Z,BEAR,LONG,12.847222222222221,12.54296875,IGNORE,0,WATCH,,0,0,0,NA,NA,NA,NA,NA,WARNING_SOFT,1,0,0,0,0,TREND_REVERSAL_UNCONFIRMED,1,0.45,LONG,1,0,0,0
NEARUSDT,1785322800000,2026-07-29T11:00:00.000Z,BEAR,LONG,0,7.875,IGNORE,0,WATCH,,0,0,0,NA,NA,NA,NA,NA,WARNING_SOFT,1,0,0,0,0,TREND_REVERSAL_UNCONFIRMED,0,0.45,LONG,1,0,0,0
NEARUSDT,1785326400000,2026-07-29T12:00:00.000Z,BEAR,LONG,0,7.875,IGNORE,0,WATCH,,0,0,0,NA,NA,NA,NA,NA,WARNING_SOFT,1,0,0,0,0,TREND_REVERSAL_UNCONFIRMED,0,0.45,LONG,1,0,0,0
NEARUSDT,1785330000000,2026-07-29T13:00:00.000Z,BEAR,LONG,13.10374240516158,12.563169714406476,IGNORE,0,WATCH,,0,0,0,NA,NA,NA,NA,NA,WARNING_SOFT,1,0,0,0,0,TREND_REVERSAL_UNCONFIRMED,1,0.45,LONG,1,0,0,0
NEARUSDT,1785333600000,2026-07-29T14:00:00.000Z,BEAR,LONG,13.813275717513829,12.619045462754213,IGNORE,0,WATCH,,0,0,0,NA,NA,NA,NA,NA,CLEAR,1,0,0,0,0,TREND_REVERSAL_UNCONFIRMED,1,0.45,LONG,1,0,0,0
NEARUSDT,1785337200000,2026-07-29T15:00:00.000Z,BEAR,LONG,0,7.875,IGNORE,0,WATCH,,0,0,0,NA,NA,NA,NA,NA,CLEAR,1,0,0,0,0,TREND_REVERSAL_UNCONFIRMED,0,0.45,LONG,1,0,0,0
NEARUSDT,1785340800000,2026-07-29T16:00:00.000Z,BEAR,LONG,0,7.875,IGNORE,0,WATCH,,0,0,0,NA,NA,NA,NA,NA,CLEAR,1,0,0,0,0,TREND_REVERSAL_UNCONFIRMED,0,0.45,LONG,1,0,0,0
NEARUSDT,1785344400000,2026-07-29T17:00:00.000Z,BEAR,LONG,25,13.5,IGNORE,0,WATCH,,0,0,0,NA,NA,NA,NA,NA,CLEAR,1,0,0,0,0,TREND_REVERSAL_UNCONFIRMED,1,0.45,LONG,1,0,0,0
NEARUSDT,1785348000000,2026-07-29T18:00:00.000Z,NEUTRAL,NONE,0,7.875,IGNORE,0,WATCH,,0,0,0,NA,NA,NA,NA,NA,CLEAR,1,0,0,0,0,TREND_REVERSAL_UNCONFIRMED,0,0.45,NONE,1,0,0,0
NEARUSDT,1785351600000,2026-07-29T19:00:00.000Z,BEAR,LONG,32.51775578035474,17.748273267702935,IGNORE,0,WATCH,,0,0,0,NA,NA,NA,NA,NA,BLOCK,0,0,0,0,0,TREND_REVERSAL_UNCONFIRMED,2,0.45,LONG,1,0,0,0
NEARUSDT,1785355200000,2026-07-29T20:00:00.000Z,BEAR,LONG,38.4152405365599,18.212700192254093,IGNORE,0,WATCH,,0,0,0,NA,NA,NA,NA,NA,WARNING_SOFT,1,0,0,0,0,TREND_REVERSAL_UNCONFIRMED,2,0.45,LONG,1,0,0,0
NEARUSDT,1785358800000,2026-07-29T21:00:00.000Z,BEAR,LONG,17.5,12.909375,IGNORE,0,WATCH,,0,0,0,NA,NA,NA,NA,NA,CLEAR,1,0,0,0,0,TREND_REVERSAL_UNCONFIRMED,1,0.45,LONG,1,0,0,0
NEARUSDT,1785362400000,2026-07-29T22:00:00.000Z,NEUTRAL,NONE,0,7.875,IGNORE,0,WATCH,,0,0,0,NA,NA,NA,NA,NA,WARNING_HARD,1,0,0,0,0,TREND_REVERSAL_UNCONFIRMED,0,0.45,NONE,1,0,0,0
NEARUSDT,1785366000000,2026-07-29T23:00:00.000Z,NEUTRAL,NONE,0,7.875,IGNORE,0,WATCH,,0,0,0,NA,NA,NA,NA,NA,WARNING_SOFT,1,0,0,0,0,TREND_REVERSAL_UNCONFIRMED,0,0.45,NONE,1,0,0,0
NEARUSDT,1785369600000,2026-07-30T00:00:00.000Z,NEUTRAL,NONE,0,7.875,IGNORE,0,WATCH,,0,0,0,NA,NA,NA,NA,NA,WARNING_SOFT,1,0,0,0,0,TREND_REVERSAL_UNCONFIRMED,0,0.45,NONE,1,0,0,0
NEARUSDT,1785373200000,2026-07-30T01:00:00.000Z,NEUTRAL,NONE,0,7.875,IGNORE,0,WATCH,,0,0,0,NA,NA,NA,NA,NA,CLEAR,1,0,0,0,0,TREND_REVERSAL_UNCONFIRMED,0,0.45,NONE,1,0,0,0
NEARUSDT,1785376800000,2026-07-30T02:00:00.000Z,NEUTRAL,NONE,0,7.875,IGNORE,0,WATCH,,0,0,0,NA,NA,NA,NA,NA,CLEAR,1,0,0,0,0,TREND_REVERSAL_UNCONFIRMED,0,0.45,NONE,1,0,0,0
NEARUSDT,1785380400000,2026-07-30T03:00:00.000Z,NEUTRAL,NONE,0,7.875,IGNORE,0,WATCH,,0,0,0,NA,NA,NA,NA,NA,CLEAR,1,0,0,0,0,TREND_REVERSAL_UNCONFIRMED,0,0.45,NONE,1,0,0,0
NEARUSDT,1785384000000,2026-07-30T04:00:00.000Z,NEUTRAL,NONE,0,7.875,IGNORE,0,WATCH,,0,0,0,NA,NA,NA,NA,NA,WARNING_SOFT,1,0,0,0,0,TREND_REVERSAL_UNCONFIRMED,0,0.45,NONE,1,0,0,0
NEARUSDT,1785387600000,2026-07-30T05:00:00.000Z,NEUTRAL,NONE,0,7.875,IGNORE,0,WATCH,,0,0,0,NA,NA,NA,NA,NA,WARNING_SOFT,1,0,0,0,0,TREND_REVERSAL_UNCONFIRMED,0,0.45,NONE,1,0,0,0
NEARUSDT,1785391200000,2026-07-30T06:00:00.000Z,NEUTRAL,NONE,0,7.875,IGNORE,0,WATCH,,0,0,0,NA,NA,NA,NA,NA,WARNING_SOFT,1,0,0,0,0,TREND_REVERSAL_UNCONFIRMED,0,0.45,NONE,1,0,0,0
NEARUSDT,1785394800000,2026-07-30T07:00:00.000Z,NEUTRAL,NONE,0,7.875,IGNORE,0,WATCH,,0,0,0,NA,NA,NA,NA,NA,WARNING_SOFT,1,0,0,0,0,TREND_REVERSAL_UNCONFIRMED,0,0.45,NONE,1,0,0,0
NEARUSDT,1785398400000,2026-07-30T08:00:00.000Z,NEUTRAL,NONE,0,7.875,IGNORE,0,WATCH,,0,0,0,NA,NA,NA,NA,NA,CLEAR,1,0,0,0,0,TREND_REVERSAL_UNCONFIRMED,0,0.45,NONE,1,0,0,0
NEARUSDT,1785402000000,2026-07-30T09:00:00.000Z,NEUTRAL,NONE,0,7.875,IGNORE,0,WATCH,,0,0,0,NA,NA,NA,NA,NA,CLEAR,1,0,0,0,0,TREND_REVERSAL_UNCONFIRMED,0,0.45,NONE,1,0,0,0
NEARUSDT,1785405600000,2026-07-30T10:00:00.000Z,NEUTRAL,NONE,0,7.875,IGNORE,0,WATCH,,0,0,0,NA,NA,NA,NA,NA,CLEAR,1,0,1,0,0,TREND_REVERSAL_UNCONFIRMED,0,0.45,NONE,1,0,0,0
NEARUSDT,1785409200000,2026-07-30T11:00:00.000Z,NEUTRAL,NONE,0,7.875,IGNORE,0,WATCH,,0,0,0,NA,NA,NA,NA,NA,CLEAR,1,0,0,0,0,TREND_REVERSAL_UNCONFIRMED,0,0.45,NONE,1,0,0,0
NEARUSDT,1785412800000,2026-07-30T12:00:00.000Z,NEUTRAL,NONE,0,7.875,IGNORE,0,WATCH,,0,0,0,NA,NA,NA,NA,NA,CLEAR,1,0,0,0,0,TREND_REVERSAL_UNCONFIRMED,0,0.45,NONE,1,0,0,0
NEARUSDT,1785416400000,2026-07-30T13:00:00.000Z,NEUTRAL,NONE,0,7.875,IGNORE,0,WATCH,,0,0,0,NA,NA,NA,NA,NA,CLEAR,1,0,0,0,0,TREND_REVERSAL_UNCONFIRMED,0,0.45,NONE,1,0,0,0
NEARUSDT,1785420000000,2026-07-30T14:00:00.000Z,NEUTRAL,NONE,0,7.875,IGNORE,0,WATCH,,0,0,0,NA,NA,NA,NA,NA,CLEAR,1,0,0,0,0,TREND_REVERSAL_UNCONFIRMED,0,0.45,NONE,1,0,0,0
NEARUSDT,1785423600000,2026-07-30T15:00:00.000Z,NEUTRAL,NONE,0,7.875,IGNORE,0,WATCH,,0,0,0,NA,NA,NA,NA,NA,CLEAR,1,0,0,0,0,TREND_REVERSAL_UNCONFIRMED,0,0.45,NONE,1,0,0,0
NEARUSDT,1785427200000,2026-07-30T16:00:00.000Z,NEUTRAL,NONE,0,7.875,IGNORE,0,WATCH,,0,0,0,NA,NA,NA,NA,NA,CLEAR,1,0,0,0,0,TREND_REVERSAL_UNCONFIRMED,0,0.45,NONE,1,0,0,0
NEARUSDT,1785430800000,2026-07-30T17:00:00.000Z,NEUTRAL,NONE,0,7.875,IGNORE,0,WATCH,,0,0,0,NA,NA,NA,NA,NA,CLEAR,1,0,0,0,0,TREND_REVERSAL_UNCONFIRMED,0,0.45,NONE,1,0,0,0
NEARUSDT,1785434400000,2026-07-30T18:00:00.000Z,BULL,SHORT,12.847222222222221,12.54296875,IGNORE,0,WATCH,,0,0,0,NA,NA,NA,NA,NA,CLEAR,1,0,0,0,0,TREND_REVERSAL_UNCONFIRMED,1,0.45,SHORT,1,0,0,0
NEARUSDT,1785438000000,2026-07-30T19:00:00.000Z,BULL,SHORT,0,7.875,IGNORE,0,WATCH,,0,0,0,NA,NA,NA,NA,NA,CLEAR,1,0,0,0,0,TREND_REVERSAL_UNCONFIRMED,0,0.45,SHORT,1,0,0,0
NEARUSDT,1785441600000,2026-07-30T20:00:00.000Z,BULL,SHORT,0,7.875,IGNORE,0,WATCH,,0,0,0,NA,NA,NA,NA,NA,CLEAR,1,0,0,0,0,TREND_REVERSAL_UNCONFIRMED,0,0.45,SHORT,1,0,0,0
NEARUSDT,1785445200000,2026-07-30T21:00:00.000Z,BULL,SHORT,0,7.875,IGNORE,0,WATCH,,0,0,0,NA,NA,NA,NA,NA,CLEAR,1,0,0,0,0,TREND_REVERSAL_UNCONFIRMED,0,0.45,SHORT,1,0,0,0
NEARUSDT,1785448800000,2026-07-30T22:00:00.000Z,BULL,SHORT,0,7.875,IGNORE,0,WATCH,,0,0,0,NA,NA,NA,NA,NA,CLEAR,1,0,0,0,0,TREND_REVERSAL_UNCONFIRMED,0,0.45,SHORT,1,0,0,0
NEARUSDT,1785452400000,2026-07-30T23:00:00.000Z,BULL,SHORT,25,13.5,IGNORE,0,WATCH,,0,0,0,NA,NA,NA,NA,NA,CLEAR,1,0,0,0,0,TREND_REVERSAL_UNCONFIRMED,1,0.45,SHORT,1,0,0,0
NEARUSDT,1785456000000,2026-07-31T00:00:00.000Z,BULL,SHORT,0,7.875,IGNORE,0,WATCH,,0,0,0,NA,NA,NA,NA,NA,WARNING_SOFT,1,0,0,0,0,TREND_REVERSAL_UNCONFIRMED,0,0.45,SHORT,1,0,0,0
NEARUSDT,1785459600000,2026-07-31T01:00:00.000Z,BULL,SHORT,0,7.875,IGNORE,0,WATCH,,0,0,0,NA,NA,NA,NA,NA,WARNING_SOFT,1,0,0,0,0,TREND_REVERSAL_UNCONFIRMED,0,0.45,SHORT,1,0,0,0
NEARUSDT,1785463200000,2026-07-31T02:00:00.000Z,NEUTRAL,NONE,0,7.875,IGNORE,0,WATCH,,0,0,0,NA,NA,NA,NA,NA,BLOCK,0,0,0,0,0,TREND_REVERSAL_UNCONFIRMED,0,0.45,NONE,1,0,0,0
NEARUSDT,1785466800000,2026-07-31T03:00:00.000Z,NEUTRAL,NONE,0,7.875,IGNORE,0,WATCH,,0,0,0,NA,NA,NA,NA,NA,WARNING_SOFT,1,0,0,0,0,TREND_REVERSAL_UNCONFIRMED,0,0.45,NONE,1,0,0,0
NEARUSDT,1785470400000,2026-07-31T04:00:00.000Z,NEUTRAL,NONE,0,7.875,IGNORE,0,WATCH,,0,0,0,NA,NA,NA,NA,NA,WARNING_SOFT,1,0,0,0,0,TREND_REVERSAL_UNCONFIRMED,0,0.45,NONE,1,0,0,0
NEARUSDT,1785474000000,2026-07-31T05:00:00.000Z,NEUTRAL,NONE,0,7.875,IGNORE,0,WATCH,,0,0,0,NA,NA,NA,NA,NA,WARNING_SOFT,1,0,0,0,0,TREND_REVERSAL_UNCONFIRMED,0,0.45,NONE,1,0,0,0
NEARUSDT,1785477600000,2026-07-31T06:00:00.000Z,NEUTRAL,NONE,0,7.875,IGNORE,0,WATCH,,0,0,0,NA,NA,NA,NA,NA,WARNING_SOFT,1,0,0,0,0,TREND_REVERSAL_UNCONFIRMED,0,0.45,NONE,1,0,0,0
NEARUSDT,1785481200000,2026-07-31T07:00:00.000Z,NEUTRAL,NONE,0,7.875,IGNORE,0,WATCH,,0,0,0,NA,NA,NA,NA,NA,WARNING_SOFT,1,0,0,0,0,TREND_REVERSAL_UNCONFIRMED,0,0.45,NONE,1,0,0,0
NEARUSDT,1785484800000,2026-07-31T08:00:00.000Z,NEUTRAL,NONE,0,7.875,IGNORE,0,WATCH,,0,0,0,NA,NA,NA,NA,NA,WARNING_SOFT,1,0,0,0,0,TREND_REVERSAL_UNCONFIRMED,0,0.45,NONE,1,0,0,0
NEARUSDT,1785488400000,2026-07-31T09:00:00.000Z,NEUTRAL,NONE,0,7.875,IGNORE,0,WATCH,,0,0,0,NA,NA,NA,NA,NA,WARNING_SOFT,1,0,0,0,0,TREND_REVERSAL_UNCONFIRMED,0,0.45,NONE,1,0,0,0
NEARUSDT,1785492000000,2026-07-31T10:00:00.000Z,NEUTRAL,NONE,0,7.875,IGNORE,0,WATCH,,0,0,0,NA,NA,NA,NA,NA,WARNING_SOFT,1,0,0,0,0,TREND_REVERSAL_UNCONFIRMED,0,0.45,NONE,1,0,0,0
NEARUSDT,1785495600000,2026-07-31T11:00:00.000Z,NEUTRAL,NONE,0,7.875,IGNORE,0,WATCH,,0,0,0,NA,NA,NA,NA,NA,WARNING_SOFT,1,0,0,0,0,TREND_REVERSAL_UNCONFIRMED,0,0.45,NONE,1,0,0,0
NEARUSDT,1785499200000,2026-07-31T12:00:00.000Z,BULL,SHORT,17.5,12.909375,IGNORE,0,WATCH,,0,0,0,NA,NA,NA,NA,NA,WARNING_SOFT,1,0,0,0,0,TREND_REVERSAL_UNCONFIRMED,1,0.45,SHORT,1,0,0,0
NEARUSDT,1785502800000,2026-07-31T13:00:00.000Z,BULL,SHORT,39.34275549282676,18.285741995060107,IGNORE,0,WATCH,,0,0,0,NA,NA,NA,NA,NA,WARNING_HARD,1,0,0,0,0,TREND_REVERSAL_UNCONFIRMED,2,0.45,SHORT,1,0,0,0
NEARUSDT,1785506400000,2026-07-31T14:00:00.000Z,BULL,SHORT,42.5,18.534375,IGNORE,0,WATCH,,0,0,0,NA,NA,NA,NA,NA,WARNING_HARD,1,0,0,0,0,TREND_REVERSAL_UNCONFIRMED,2,0.45,SHORT,1,0,0,0
NEARUSDT,1785510000000,2026-07-31T15:00:00.000Z,BULL,SHORT,42.5,18.534375,IGNORE,0,WATCH,,0,0,0,NA,NA,NA,NA,NA,WARNING_HARD,1,1,0,0,0,TREND_REVERSAL_UNCONFIRMED,2,0.45,SHORT,1,0,0,0
NEARUSDT,1785513600000,2026-07-31T16:00:00.000Z,BULL,SHORT,34.7171400232199,17.921474776828568,IGNORE,0,WATCH,,0,0,0,NA,NA,NA,NA,NA,WARNING_SOFT,1,1,0,0,0,TREND_REVERSAL_UNCONFIRMED,2,0.45,SHORT,1,0,0,0
NEARUSDT,1785517200000,2026-07-31T17:00:00.000Z,BULL,SHORT,67.5,62.317499999999995,WATCH,1,ACTIVE,ACTIVE,1,1,1,PASS,PASS,SKIP,SKIP,PASS,WARNING_HARD,1,0,0,0,1,,3,0.84,SHORT,0,1,0,0
NEARUSDT,1785520800000,2026-07-31T18:00:00.000Z,BULL,SHORT,17.5,12.909375,IGNORE,0,WATCH,,0,0,0,NA,NA,NA,NA,NA,WARNING_SOFT,1,0,0,0,0,TREND_REVERSAL_UNCONFIRMED,1,0.45,SHORT,1,0,0,0
NEARUSDT,1785524400000,2026-07-31T19:00:00.000Z,BULL,SHORT,17.5,12.909375,IGNORE,0,WATCH,,0,0,0,NA,NA,NA,NA,NA,WARNING_SOFT,1,0,0,0,0,TREND_REVERSAL_UNCONFIRMED,1,0.45,SHORT,1,0,0,0
NEARUSDT,1785528000000,2026-07-31T20:00:00.000Z,BULL,SHORT,0,7.875,IGNORE,0,WATCH,,0,0,0,NA,NA,NA,NA,NA,WARNING_SOFT,1,0,0,0,0,TREND_REVERSAL_UNCONFIRMED,0,0.45,SHORT,1,0,0,0
NEARUSDT,1785531600000,2026-07-31T21:00:00.000Z,NEUTRAL,NONE,0,7.875,IGNORE,0,WATCH,,0,0,0,NA,NA,NA,NA,NA,WARNING_SOFT,1,0,0,0,0,TREND_REVERSAL_UNCONFIRMED,0,0.45,NONE,1,0,0,0
NEARUSDT,1785535200000,2026-07-31T22:00:00.000Z,NEUTRAL,NONE,0,7.875,IGNORE,0,WATCH,,0,0,0,NA,NA,NA,NA,NA,WARNING_SOFT,1,0,0,0,0,TREND_REVERSAL_UNCONFIRMED,0,0.45,NONE,1,0,0,0
NEARUSDT,1785538800000,2026-07-31T23:00:00.000Z,NEUTRAL,NONE,0,7.875,IGNORE,0,WATCH,,0,0,0,NA,NA,NA,NA,NA,WARNING_SOFT,1,0,0,0,0,TREND_REVERSAL_UNCONFIRMED,0,0.45,NONE,1,0,0,0
NEARUSDT,1785542400000,2026-08-01T00:00:00.000Z,NEUTRAL,NONE,0,7.875,IGNORE,0,WATCH,,0,0,0,NA,NA,NA,NA,NA,WARNING_SOFT,1,0,0,0,0,TREND_REVERSAL_UNCONFIRMED,0,0.45,NONE,1,0,0,0
NEARUSDT,1785546000000,2026-08-01T01:00:00.000Z,BULL,SHORT,0,7.875,IGNORE,0,WATCH,,0,0,0,NA,NA,NA,NA,NA,WARNING_SOFT,1,0,0,0,0,TREND_REVERSAL_UNCONFIRMED,0,0.45,SHORT,1,0,0,0
NEARUSDT,1785549600000,2026-08-01T02:00:00.000Z,BULL,SHORT,25,13.5,IGNORE,0,WATCH,,0,0,0,NA,NA,NA,NA,NA,WARNING_SOFT,1,0,0,0,0,TREND_REVERSAL_UNCONFIRMED,1,0.45,SHORT,1,0,0,0
NEARUSDT,1785553200000,2026-08-01T03:00:00.000Z,BULL,SHORT,0,7.875,IGNORE,0,WATCH,,0,0,0,NA,NA,NA,NA,NA,WARNING_SOFT,1,0,0,0,0,TREND_REVERSAL_UNCONFIRMED,0,0.45,SHORT,1,0,0,0
NEARUSDT,1785556800000,2026-08-01T04:00:00.000Z,BULL,SHORT,0,7.875,IGNORE,0,WATCH,,0,0,0,NA,NA,NA,NA,NA,WARNING_SOFT,1,0,0,0,0,TREND_REVERSAL_UNCONFIRMED,0,0.45,SHORT,1,0,0,0
NEARUSDT,1785560400000,2026-08-01T05:00:00.000Z,BULL,SHORT,17.5,12.909375,IGNORE,0,WATCH,,0,0,0,NA,NA,NA,NA,NA,WARNING_SOFT,1,0,0,0,0,TREND_REVERSAL_UNCONFIRMED,1,0.45,SHORT,1,0,0,0
NEARUSDT,1785564000000,2026-08-01T06:00:00.000Z,NEUTRAL,NONE,0,7.875,IGNORE,0,WATCH,,0,0,0,NA,NA,NA,NA,NA,WARNING_SOFT,1,0,0,0,0,TREND_REVERSAL_UNCONFIRMED,0,0.45,NONE,1,0,0,0
NEARUSDT,1785567600000,2026-08-01T07:00:00.000Z,NEUTRAL,NONE,0,7.875,IGNORE,0,WATCH,,0,0,0,NA,NA,NA,NA,NA,WARNING_SOFT,1,0,0,0,0,TREND_REVERSAL_UNCONFIRMED,0,0.45,NONE,1,0,0,0
NEARUSDT,1785571200000,2026-08-01T08:00:00.000Z,NEUTRAL,NONE,0,7.875,IGNORE,0,WATCH,,0,0,0,NA,NA,NA,NA,NA,BLOCK,0,0,0,0,0,TREND_REVERSAL_UNCONFIRMED,0,0.45,NONE,1,0,0,0
NEARUSDT,1785574800000,2026-08-01T09:00:00.000Z,NEUTRAL,NONE,0,7.875,IGNORE,0,WATCH,,0,0,0,NA,NA,NA,NA,NA,WARNING_SOFT,1,0,0,0,0,TREND_REVERSAL_UNCONFIRMED,0,0.45,NONE,1,0,0,0
NEARUSDT,1785578400000,2026-08-01T10:00:00.000Z,NEUTRAL,NONE,0,7.875,IGNORE,0,WATCH,,0,0,0,NA,NA,NA,NA,NA,BLOCK,0,0,0,0,0,TREND_REVERSAL_UNCONFIRMED,0,0.45,NONE,1,0,0,0
NEARUSDT,1785582000000,2026-08-01T11:00:00.000Z,NEUTRAL,NONE,0,7.875,IGNORE,0,WATCH,,0,0,0,NA,NA,NA,NA,NA,WARNING_SOFT,1,0,0,0,0,TREND_REVERSAL_UNCONFIRMED,0,0.45,NONE,1,0,0,0
NEARUSDT,1785585600000,2026-08-01T12:00:00.000Z,BULL,SHORT,17.5,12.909375,IGNORE,0,WATCH,,0,0,0,NA,NA,NA,NA,NA,WARNING_HARD,1,0,0,0,0,TREND_REVERSAL_UNCONFIRMED,1,0.45,SHORT,1,0,0,0
NEARUSDT,1785589200000,2026-08-01T13:00:00.000Z,BULL,SHORT,42.5,18.534375,IGNORE,0,WATCH,,0,0,0,NA,NA,NA,NA,NA,WARNING_HARD,1,0,0,0,0,TREND_REVERSAL_UNCONFIRMED,2,0.45,SHORT,1,0,0,0
NEARUSDT,1785592800000,2026-08-01T14:00:00.000Z,BULL,SHORT,17.5,12.909375,IGNORE,0,WATCH,,0,0,0,NA,NA,NA,NA,NA,WARNING_SOFT,1,0,0,0,0,TREND_REVERSAL_UNCONFIRMED,1,0.45,SHORT,1,0,0,0
NEARUSDT,1785596400000,2026-08-01T15:00:00.000Z,BULL,SHORT,36.283343717751514,18.04481331777293,IGNORE,0,WATCH,,0,0,0,NA,NA,NA,NA,NA,BLOCK,0,0,0,0,0,TREND_REVERSAL_UNCONFIRMED,2,0.45,SHORT,1,0,0,0
NEARUSDT,1785600000000,2026-08-01T16:00:00.000Z,BULL,SHORT,38.67983290805901,18.233536841509647,IGNORE,0,WATCH,,0,0,0,NA,NA,NA,NA,NA,WARNING_HARD,1,0,0,0,0,TREND_REVERSAL_UNCONFIRMED,2,0.45,SHORT,1,0,0,0
NEARUSDT,1785603600000,2026-08-01T17:00:00.000Z,NEUTRAL,NONE,0,7.875,IGNORE,0,WATCH,,0,0,0,NA,NA,NA,NA,NA,WARNING_SOFT,1,0,0,0,0,TREND_REVERSAL_UNCONFIRMED,0,0.45,NONE,1,0,0,0
NEARUSDT,1785607200000,2026-08-01T18:00:00.000Z,NEUTRAL,NONE,0,7.875,IGNORE,0,WATCH,,0,0,0,NA,NA,NA,NA,NA,WARNING_SOFT,1,0,0,0,0,TREND_REVERSAL_UNCONFIRMED,0,0.45,NONE,1,0,0,0
NEARUSDT,1785610800000,2026-08-01T19:00:00.000Z,NEUTRAL,NONE,0,7.875,IGNORE,0,WATCH,,0,0,0,NA,NA,NA,NA,NA,WARNING_SOFT,1,0,0,0,0,TREND_REVERSAL_UNCONFIRMED,0,0.45,NONE,1,0,0,0
NEARUSDT,1785614400000,2026-08-01T20:00:00.000Z,NEUTRAL,NONE,0,7.875,IGNORE,0,WATCH,,0,0,0,NA,NA,NA,NA,NA,WARNING_SOFT,1,0,0,0,0,TREND_REVERSAL_UNCONFIRMED,0,0.45,NONE,1,0,0,0
NEARUSDT,1785618000000,2026-08-01T21:00:00.000Z,BULL,SHORT,0,7.875,IGNORE,0,WATCH,,0,0,0,NA,NA,NA,NA,NA,WARNING_SOFT,1,0,0,0,0,TREND_REVERSAL_UNCONFIRMED,0,0.45,SHORT,1,0,0,0
NEARUSDT,1785621600000,2026-08-01T22:00:00.000Z,BULL,SHORT,25,13.5,IGNORE,0,WATCH,,0,0,0,NA,NA,NA,NA,NA,WARNING_SOFT,1,0,0,0,0,TREND_REVERSAL_UNCONFIRMED,1,0.45,SHORT,1,0,0,0
NEARUSDT,1785625200000,2026-08-01T23:00:00.000Z,BULL,SHORT,0,7.875,IGNORE,0,WATCH,,0,0,0,NA,NA,NA,NA,NA,WARNING_SOFT,1,0,0,0,0,TREND_REVERSAL_UNCONFIRMED,0,0.45,SHORT,1,0,0,0
NEARUSDT,1785628800000,2026-08-02T00:00:00.000Z,BULL,SHORT,22.669752222162447,13.316492987495295,IGNORE,0,WATCH,,0,0,0,NA,NA,NA,NA,NA,WARNING_SOFT,1,0,0,0,0,TREND_REVERSAL_UNCONFIRMED,1,0.45,SHORT,1,0,0,0
NEARUSDT,1785632400000,2026-08-02T01:00:00.000Z,BULL,SHORT,25,13.5,IGNORE,0,WATCH,,0,0,0,NA,NA,NA,NA,NA,CLEAR,1,0,0,0,0,TREND_REVERSAL_UNCONFIRMED,1,0.45,SHORT,1,0,0,0
NEARUSDT,1785636000000,2026-08-02T02:00:00.000Z,BULL,SHORT,17.076893073875883,12.876055329567727,IGNORE,0,WATCH,,0,0,0,NA,NA,NA,NA,NA,CLEAR,1,0,0,0,0,TREND_REVERSAL_UNCONFIRMED,1,0.45,SHORT,1,0,0,0
NEARUSDT,1785639600000,2026-08-02T03:00:00.000Z,BULL,SHORT,12.847222222222221,12.54296875,IGNORE,0,WATCH,,0,0,0,NA,NA,NA,NA,NA,CLEAR,1,0,0,0,0,TREND_REVERSAL_UNCONFIRMED,1,0.45,SHORT,1,0,0,0
NEARUSDT,1785643200000,2026-08-02T04:00:00.000Z,BULL,SHORT,0,7.875,IGNORE,0,WATCH,,0,0,0,NA,NA,NA,NA,NA,CLEAR,1,0,0,0,0,TREND_REVERSAL_UNCONFIRMED,0,0.45,SHORT,1,0,0,0
NEARUSDT,1785646800000,2026-08-02T05:00:00.000Z,BULL,SHORT,25,13.5,IGNORE,0,WATCH,,0,0,0,NA,NA,NA,NA,NA,CLEAR,1,1,0,0,0,TREND_REVERSAL_UNCONFIRMED,1,0.45,SHORT,1,0,0,0
NEARUSDT,1785650400000,2026-08-02T06:00:00.000Z,BULL,SHORT,14.583333333333332,12.6796875,IGNORE,0,WATCH,,0,0,0,NA,NA,NA,NA,NA,CLEAR,1,0,0,0,0,TREND_REVERSAL_UNCONFIRMED,1,0.45,SHORT,1,0,0,0
NEARUSDT,1785654000000,2026-08-02T07:00:00.000Z,BULL,SHORT,25,13.5,IGNORE,0,WATCH,,0,0,0,NA,NA,NA,NA,NA,CLEAR,1,0,0,0,0,TREND_REVERSAL_UNCONFIRMED,1,0.45,SHORT,1,0,0,0
NEARUSDT,1785657600000,2026-08-02T08:00:00.000Z,BULL,SHORT,0,7.875,IGNORE,0,WATCH,,0,0,0,NA,NA,NA,NA,NA,CLEAR,1,0,0,0,0,TREND_REVERSAL_UNCONFIRMED,0,0.45,SHORT,1,0,0,0
NEARUSDT,1785661200000,2026-08-02T09:00:00.000Z,BULL,SHORT,0,7.875,IGNORE,0,WATCH,,0,0,0,NA,NA,NA,NA,NA,CLEAR,1,0,0,0,0,TREND_REVERSAL_UNCONFIRMED,0,0.45,SHORT,1,0,0,0
NEARUSDT,1785664800000,2026-08-02T10:00:00.000Z,BULL,SHORT,0,7.875,IGNORE,0,WATCH,,0,0,0,NA,NA,NA,NA,NA,CLEAR,1,0,0,0,0,TREND_REVERSAL_UNCONFIRMED,0,0.45,SHORT,1,0,0,0
NEARUSDT,1785668400000,2026-08-02T11:00:00.000Z,BULL,SHORT,0,7.875,IGNORE,0,WATCH,,0,0,0,NA,NA,NA,NA,NA,WARNING_SOFT,1,0,0,0,0,TREND_REVERSAL_UNCONFIRMED,0,0.45,SHORT,1,0,0,0
NEARUSDT,1785672000000,2026-08-02T12:00:00.000Z,BULL,SHORT,0,7.875,IGNORE,0,WATCH,,0,0,0,NA,NA,NA,NA,NA,WARNING_SOFT,1,0,0,0,0,TREND_REVERSAL_UNCONFIRMED,0,0.45,SHORT,1,0,0,0
NEARUSDT,1785675600000,2026-08-02T13:00:00.000Z,NEUTRAL,NONE,0,7.875,IGNORE,0,WATCH,,0,0,0,NA,NA,NA,NA,NA,WARNING_SOFT,1,0,0,0,0,TREND_REVERSAL_UNCONFIRMED,0,0.45,NONE,1,0,0,0
NEARUSDT,1785679200000,2026-08-02T14:00:00.000Z,NEUTRAL,NONE,0,7.875,IGNORE,0,WATCH,,0,0,0,NA,NA,NA,NA,NA,WARNING_SOFT,1,0,0,0,0,TREND_REVERSAL_UNCONFIRMED,0,0.45,NONE,1,0,0,0
NEARUSDT,1785682800000,2026-08-02T15:00:00.000Z,NEUTRAL,NONE,0,7.875,IGNORE,0,WATCH,,0,0,0,NA,NA,NA,NA,NA,WARNING_SOFT,1,0,0,0,0,TREND_REVERSAL_UNCONFIRMED,0,0.45,NONE,1,0,0,0
NEARUSDT,1785686400000,2026-08-02T16:00:00.000Z,BULL,SHORT,0,7.875,IGNORE,0,WATCH,,0,0,0,NA,NA,NA,NA,NA,WARNING_SOFT,1,0,0,0,0,TREND_REVERSAL_UNCONFIRMED,0,0.45,SHORT,1,0,0,0
NEARUSDT,1785690000000,2026-08-02T17:00:00.000Z,BULL,SHORT,0,7.875,IGNORE,0,WATCH,,0,0,0,NA,NA,NA,NA,NA,WARNING_SOFT,1,0,0,0,0,TREND_REVERSAL_UNCONFIRMED,0,0.45,SHORT,1,0,0,0
NEARUSDT,1785693600000,2026-08-02T18:00:00.000Z,BULL,SHORT,25,13.5,IGNORE,0,WATCH,,0,0,0,NA,NA,NA,NA,NA,CLEAR,1,1,0,0,0,TREND_REVERSAL_UNCONFIRMED,1,0.45,SHORT,1,0,0,0
NEARUSDT,1785697200000,2026-08-02T19:00:00.000Z,BULL,SHORT,39.240483842648985,18.27768810260861,IGNORE,0,WATCH,,0,0,0,NA,NA,NA,NA,NA,WARNING_SOFT,1,0,0,0,0,TREND_REVERSAL_UNCONFIRMED,2,0.45,SHORT,1,0,0,0
NEARUSDT,1785700800000,2026-08-02T20:00:00.000Z,BULL,SHORT,0,7.875,IGNORE,0,WATCH,,0,0,0,NA,NA,NA,NA,NA,CLEAR,1,0,0,0,0,TREND_REVERSAL_UNCONFIRMED,0,0.45,SHORT,1,0,0,0
NEARUSDT,1785704400000,2026-08-02T21:00:00.000Z,BULL,SHORT,17.5,12.909375,IGNORE,0,WATCH,,0,0,0,NA,NA,NA,NA,NA,CLEAR,1,0,0,0,0,TREND_REVERSAL_UNCONFIRMED,1,0.45,SHORT,1,0,0,0
NEARUSDT,1785708000000,2026-08-02T22:00:00.000Z,BULL,SHORT,17.5,12.909375,IGNORE,0,WATCH,,0,0,0,NA,NA,NA,NA,NA,CLEAR,1,0,0,0,0,TREND_REVERSAL_UNCONFIRMED,1,0.45,SHORT,1,0,0,0
NEARUSDT,1785711600000,2026-08-02T23:00:00.000Z,BULL,SHORT,17.5,12.909375,IGNORE,0,WATCH,,0,0,0,NA,NA,NA,NA,NA,CLEAR,1,0,0,0,0,TREND_REVERSAL_UNCONFIRMED,1,0.45,SHORT,1,0,0,0
NEARUSDT,1785715200000,2026-08-03T00:00:00.000Z,BULL,SHORT,42.5,18.534375,IGNORE,0,WATCH,,0,0,0,NA,NA,NA,NA,NA,CLEAR,1,0,0,0,0,TREND_REVERSAL_UNCONFIRMED,2,0.45,SHORT,1,0,0,0
NEARUSDT,1785718800000,2026-08-03T01:00:00.000Z,NEUTRAL,NONE,0,7.875,IGNORE,0,WATCH,,0,0,0,NA,NA,NA,NA,NA,WARNING_SOFT,1,0,0,0,0,TREND_REVERSAL_UNCONFIRMED,0,0.45,NONE,1,0,0,0
NEARUSDT,1785722400000,2026-08-03T02:00:00.000Z,NEUTRAL,NONE,0,7.875,IGNORE,0,WATCH,,0,0,0,NA,NA,NA,NA,NA,WARNING_SOFT,1,0,0,0,0,TREND_REVERSAL_UNCONFIRMED,0,0.45,NONE,1,0,0,0
NEARUSDT,1785726000000,2026-08-03T03:00:00.000Z,NEUTRAL,NONE,0,7.875,IGNORE,0,WATCH,,0,0,0,NA,NA,NA,NA,NA,WARNING_SOFT,1,0,0,0,0,TREND_REVERSAL_UNCONFIRMED,0,0.45,NONE,1,0,0,0
NEARUSDT,1785729600000,2026-08-03T04:00:00.000Z,BULL,SHORT,0,7.875,IGNORE,0,WATCH,,0,0,0,NA,NA,NA,NA,NA,WARNING_SOFT,1,0,0,0,0,TREND_REVERSAL_UNCONFIRMED,0,0.45,SHORT,1,0,0,0
NEARUSDT,1785733200000,2026-08-03T05:00:00.000Z,BULL,SHORT,0,7.875,IGNORE,0,WATCH,,0,0,0,NA,NA,NA,NA,NA,WARNING_SOFT,1,0,0,0,0,TREND_REVERSAL_UNCONFIRMED,0,0.45,SHORT,1,0,0,0
NEARUSDT,1785736800000,2026-08-03T06:00:00.000Z,BULL,SHORT,25,13.5,IGNORE,0,WATCH,,0,0,0,NA,NA,NA,NA,NA,WARNING_SOFT,1,0,0,0,0,TREND_REVERSAL_UNCONFIRMED,1,0.45,SHORT,1,0,0,0
NEARUSDT,1785740400000,2026-08-03T07:00:00.000Z,BULL,SHORT,17.5,12.909375,IGNORE,0,WATCH,,0,0,0,NA,NA,NA,NA,NA,WARNING_SOFT,1,0,0,0,0,TREND_REVERSAL_UNCONFIRMED,1,0.45,SHORT,1,0,0,0
NEARUSDT,1785744000000,2026-08-03T08:00:00.000Z,BULL,SHORT,37.56998926827855,18.146136654876937,IGNORE,0,WATCH,,0,0,0,NA,NA,NA,NA,NA,BLOCK,0,0,0,0,0,TREND_REVERSAL_UNCONFIRMED,2,0.45,SHORT,1,0,0,0
NEARUSDT,1785747600000,2026-08-03T09:00:00.000Z,BULL,SHORT,41.46994313840557,18.453258022149438,IGNORE,0,WATCH,,0,0,0,NA,NA,NA,NA,NA,WARNING_HARD,1,0,0,0,0,TREND_REVERSAL_UNCONFIRMED,2,0.45,SHORT,1,0,0,0
NEARUSDT,1785751200000,2026-08-03T10:00:00.000Z,BULL,SHORT,42.5,18.534375,IGNORE,0,WATCH,,0,0,0,NA,NA,NA,NA,NA,WARNING_HARD,1,0,0,0,0,TREND_REVERSAL_UNCONFIRMED,2,0.45,SHORT,1,0,0,0
NEARUSDT,1785754800000,2026-08-03T11:00:00.000Z,NEUTRAL,NONE,0,7.875,IGNORE,0,WATCH,,0,0,0,NA,NA,NA,NA,NA,WARNING_SOFT,1,0,0,0,0,TREND_REVERSAL_UNCONFIRMED,0,0.45,NONE,1,0,0,0
NEARUSDT,1785758400000,2026-08-03T12:00:00.000Z,NEUTRAL,NONE,0,7.875,IGNORE,0,WATCH,,0,0,0,NA,NA,NA,NA,NA,WARNING_SOFT,1,0,0,0,0,TREND_REVERSAL_UNCONFIRMED,0,0.45,NONE,1,0,0,0
NEARUSDT,1785762000000,2026-08-03T13:00:00.000Z,BULL,SHORT,40.47726856471173,18.375084899471048,IGNORE,0,WATCH,,0,0,0,NA,NA,NA,NA,NA,WARNING_SOFT,1,0,0,0,0,TREND_REVERSAL_UNCONFIRMED,2,0.45,SHORT,1,0,0,0
NEARUSDT,1785765600000,2026-08-03T14:00:00.000Z,BULL,SHORT,42.5,18.534375,IGNORE,0,WATCH,,0,0,0,NA,NA,NA,NA,NA,CLEAR,1,0,0,0,0,TREND_REVERSAL_UNCONFIRMED,2,0.45,SHORT,1,0,0,0
NEARUSDT,1785769200000,2026-08-03T15:00:00.000Z,BULL,SHORT,31.986168245009026,17.706410749294463,IGNORE,0,WATCH,,0,0,0,NA,NA,NA,NA,NA,CLEAR,1,0,0,0,0,TREND_REVERSAL_UNCONFIRMED,2,0.45,SHORT,1,0,0,0
NEARUSDT,1785772800000,2026-08-03T16:00:00.000Z,BULL,SHORT,56.5480875218234,52.307568865708035,WATCH,1,WATCH,ACTIVE,1,1,0,PASS,PASS,SKIP,SKIP,FAIL,CLEAR,1,0,0,0,0,MARKET_CONTEXT_DENIED,3,0.84,SHORT,0,1,0,0
NEARUSDT,1785776400000,2026-08-03T17:00:00.000Z,BULL,SHORT,12.901955280482015,12.547278978337959,IGNORE,0,WATCH,,0,0,0,NA,NA,NA,NA,NA,CLEAR,1,0,0,0,0,TREND_REVERSAL_UNCONFIRMED,1,0.45,SHORT,1,0,0,0
NEARUSDT,1785780000000,2026-08-03T18:00:00.000Z,BULL,SHORT,0,7.875,IGNORE,0,WATCH,,0,0,0,NA,NA,NA,NA,NA,CLEAR,1,0,0,0,0,TREND_REVERSAL_UNCONFIRMED,0,0.45,SHORT,1,0,0,0
NEARUSDT,1785783600000,2026-08-03T19:00:00.000Z,BULL,SHORT,0,7.875,IGNORE,0,WATCH,,0,0,0,NA,NA,NA,NA,NA,CLEAR,1,0,0,0,0,TREND_REVERSAL_UNCONFIRMED,0,0.45,SHORT,1,0,0,0
NEARUSDT,1785787200000,2026-08-03T20:00:00.000Z,BULL,SHORT,0,7.875,IGNORE,0,WATCH,,0,0,0,NA,NA,NA,NA,NA,CLEAR,1,0,0,0,0,TREND_REVERSAL_UNCONFIRMED,0,0.45,SHORT,1,0,0,0
NEARUSDT,1785790800000,2026-08-03T21:00:00.000Z,BULL,SHORT,0,7.875,IGNORE,0,WATCH,,0,0,0,NA,NA,NA,NA,NA,CLEAR,1,0,0,0,0,TREND_REVERSAL_UNCONFIRMED,0,0.45,SHORT,1,0,0,0
NEARUSDT,1785794400000,2026-08-03T22:00:00.000Z,BULL,SHORT,25,13.5,IGNORE,0,WATCH,,0,0,0,NA,NA,NA,NA,NA,WARNING_SOFT,1,0,0,0,0,TREND_REVERSAL_UNCONFIRMED,1,0.45,SHORT,1,0,0,0

# summary
stage,n,note
0_bars_dumped,4319,1H bars in 180d after warmup
0b_non_neutral_trend,2968,BULL|BEAR count during loop
band_lt45,4246,finalConfidence < 45 | 98.31%
band_45_to_75,73,45 ≤ finalConfidence < 75 | 1.69%
band_ge75,0,finalConfidence ≥ 75 | 0.00%
decision_LONG_or_SHORT,0,engine decision LONG|SHORT | 0.00%
ge75_and_LONG_SHORT,0,≥75 AND decision LONG|SHORT | 0.00% of bars; of ≥75: n/a%
trActive,93,preContext or state ACTIVE
trendReversalConfirmed,93,decisionContext.trendReversalConfirmed
eligible,17,isEligibleForDirection
