# v41 decision funnel | BTCUSDT | days=180 | path=RC3 binary TR→Confidence→Decision
# finalConfidence = Confidence Engine (Decision threshold SSOT); confTR = detail.confidence
# bands vs decisionConfig thresholds: ignore/watch floor 45, long/short 75
symbol,openTime,iso,trendDirection,proposedSide,confTR,finalConfidence,decision,trendReversalConfirmed,trState,preContextState,trActive,contextApplied,contextPass,ctxBtc,ctxFunding,ctxOi,ctxWhale,ctxVolatility,ewSeverity,ewPass,momentumLong,momentumShort,momentumPass,eligible,hardBlocks,activeConditionCount,completenessMultiplier,proposedDirection,bandLt45,band45to75,bandGe75,finalPropose
BTCUSDT,1770249600000,2026-02-05T00:00:00.000Z,BEAR,LONG,0,7.875,IGNORE,0,WATCH,,0,0,0,NA,NA,NA,NA,NA,CLEAR,1,0,0,0,0,TREND_REVERSAL_UNCONFIRMED,0,0.45,LONG,1,0,0,0
BTCUSDT,1770253200000,2026-02-05T01:00:00.000Z,BEAR,LONG,0,7.875,IGNORE,0,WATCH,,0,0,0,NA,NA,NA,NA,NA,CLEAR,1,0,0,0,0,TREND_REVERSAL_UNCONFIRMED,0,0.45,LONG,1,0,0,0
BTCUSDT,1770256800000,2026-02-05T02:00:00.000Z,BEAR,LONG,33.313992686259,17.810976924042897,IGNORE,0,WATCH,,0,0,0,NA,NA,NA,NA,NA,CLEAR,1,0,0,0,0,TREND_REVERSAL_UNCONFIRMED,2,0.45,LONG,1,0,0,0
BTCUSDT,1770260400000,2026-02-05T03:00:00.000Z,BEAR,LONG,12.847222222222221,12.54296875,IGNORE,0,WATCH,,0,0,0,NA,NA,NA,NA,NA,CLEAR,1,0,0,0,0,TREND_REVERSAL_UNCONFIRMED,1,0.45,LONG,1,0,0,0
BTCUSDT,1770264000000,2026-02-05T04:00:00.000Z,BEAR,LONG,31.72315932553451,17.685698796885845,IGNORE,0,WATCH,,0,0,0,NA,NA,NA,NA,NA,CLEAR,1,0,0,0,0,TREND_REVERSAL_UNCONFIRMED,2,0.45,LONG,1,0,0,0
BTCUSDT,1770267600000,2026-02-05T05:00:00.000Z,BEAR,LONG,28.741229519433602,17.450871824655398,IGNORE,0,WATCH,,0,0,0,NA,NA,NA,NA,NA,CLEAR,1,0,0,0,0,TREND_REVERSAL_UNCONFIRMED,2,0.45,LONG,1,0,0,0
BTCUSDT,1770271200000,2026-02-05T06:00:00.000Z,BEAR,LONG,0,7.875,IGNORE,0,WATCH,,0,0,0,NA,NA,NA,NA,NA,CLEAR,1,0,0,0,0,TREND_REVERSAL_UNCONFIRMED,0,0.45,LONG,1,0,0,0
BTCUSDT,1770274800000,2026-02-05T07:00:00.000Z,BEAR,LONG,25,13.5,IGNORE,0,WATCH,,0,0,0,NA,NA,NA,NA,NA,CLEAR,1,0,0,0,0,TREND_REVERSAL_UNCONFIRMED,1,0.45,LONG,1,0,0,0
BTCUSDT,1770278400000,2026-02-05T08:00:00.000Z,BEAR,LONG,0,7.875,IGNORE,0,WATCH,,0,0,0,NA,NA,NA,NA,NA,CLEAR,1,0,0,0,0,TREND_REVERSAL_UNCONFIRMED,0,0.45,LONG,1,0,0,0
BTCUSDT,1770282000000,2026-02-05T09:00:00.000Z,BEAR,LONG,0,7.875,IGNORE,0,WATCH,,0,0,0,NA,NA,NA,NA,NA,WARNING_SOFT,1,0,0,0,0,TREND_REVERSAL_UNCONFIRMED,0,0.45,LONG,1,0,0,0
BTCUSDT,1770285600000,2026-02-05T10:00:00.000Z,BEAR,LONG,0,7.875,IGNORE,0,WATCH,,0,0,0,NA,NA,NA,NA,NA,WARNING_SOFT,1,0,0,0,0,TREND_REVERSAL_UNCONFIRMED,0,0.45,LONG,1,0,0,0
BTCUSDT,1770289200000,2026-02-05T11:00:00.000Z,BEAR,LONG,15.904443021461589,12.783724887940101,IGNORE,0,WATCH,,0,0,0,NA,NA,NA,NA,NA,CLEAR,1,0,0,0,0,TREND_REVERSAL_UNCONFIRMED,1,0.45,LONG,1,0,0,0
BTCUSDT,1770292800000,2026-02-05T12:00:00.000Z,BEAR,LONG,37.84722222222222,18.16796875,IGNORE,0,WATCH,,0,0,0,NA,NA,NA,NA,NA,CLEAR,1,0,1,0,0,TREND_REVERSAL_UNCONFIRMED,2,0.45,LONG,1,0,0,0
BTCUSDT,1770296400000,2026-02-05T13:00:00.000Z,BEAR,LONG,25,13.5,IGNORE,0,WATCH,,0,0,0,NA,NA,NA,NA,NA,CLEAR,1,0,0,0,0,TREND_REVERSAL_UNCONFIRMED,1,0.45,LONG,1,0,0,0
BTCUSDT,1770300000000,2026-02-05T14:00:00.000Z,BEAR,LONG,23.080592312637982,13.348846644620242,IGNORE,0,WATCH,,0,0,0,NA,NA,NA,NA,NA,CLEAR,1,0,0,0,0,TREND_REVERSAL_UNCONFIRMED,1,0.45,LONG,1,0,0,0
BTCUSDT,1770303600000,2026-02-05T15:00:00.000Z,BEAR,LONG,41.31944444444444,18.44140625,IGNORE,0,WATCH,,0,0,0,NA,NA,NA,NA,NA,CLEAR,1,0,0,0,0,TREND_REVERSAL_UNCONFIRMED,2,0.45,LONG,1,0,0,0
BTCUSDT,1770307200000,2026-02-05T16:00:00.000Z,BEAR,LONG,34.89929926026637,17.935819816745976,IGNORE,0,WATCH,,0,0,0,NA,NA,NA,NA,NA,CLEAR,1,0,0,0,0,TREND_REVERSAL_UNCONFIRMED,2,0.45,LONG,1,0,0,0
BTCUSDT,1770310800000,2026-02-05T17:00:00.000Z,BEAR,LONG,41.31944444444444,18.44140625,IGNORE,0,WATCH,,0,0,0,NA,NA,NA,NA,NA,CLEAR,1,0,0,0,0,TREND_REVERSAL_UNCONFIRMED,2,0.45,LONG,1,0,0,0
BTCUSDT,1770314400000,2026-02-05T18:00:00.000Z,BEAR,LONG,35.30280078934666,17.96759556216105,IGNORE,0,WATCH,,0,0,0,NA,NA,NA,NA,NA,CLEAR,1,0,0,0,0,TREND_REVERSAL_UNCONFIRMED,2,0.45,LONG,1,0,0,0
BTCUSDT,1770318000000,2026-02-05T19:00:00.000Z,BEAR,LONG,16.319444444444443,12.81640625,IGNORE,0,WATCH,,0,0,0,NA,NA,NA,NA,NA,CLEAR,1,0,0,0,0,TREND_REVERSAL_UNCONFIRMED,1,0.45,LONG,1,0,0,0
BTCUSDT,1770321600000,2026-02-05T20:00:00.000Z,BEAR,LONG,41.31944444444444,18.44140625,IGNORE,0,WATCH,,0,0,0,NA,NA,NA,NA,NA,CLEAR,1,0,1,0,0,TREND_REVERSAL_UNCONFIRMED,2,0.45,LONG,1,0,0,0
BTCUSDT,1770325200000,2026-02-05T21:00:00.000Z,BEAR,LONG,60.283969211523,61.25674347409388,WATCH,1,ACTIVE,ACTIVE,1,1,1,PASS,PASS,SKIP,SKIP,PASS,CLEAR,1,0,0,0,1,,3,0.84,LONG,0,1,0,0
BTCUSDT,1770328800000,2026-02-05T22:00:00.000Z,BEAR,LONG,16.319444444444443,12.81640625,IGNORE,0,WATCH,,0,0,0,NA,NA,NA,NA,NA,CLEAR,1,0,0,0,0,TREND_REVERSAL_UNCONFIRMED,1,0.45,LONG,1,0,0,0
BTCUSDT,1770332400000,2026-02-05T23:00:00.000Z,BEAR,LONG,16.319444444444443,12.81640625,IGNORE,0,WATCH,,0,0,0,NA,NA,NA,NA,NA,CLEAR,1,0,0,0,0,TREND_REVERSAL_UNCONFIRMED,1,0.45,LONG,1,0,0,0
BTCUSDT,1770336000000,2026-02-06T00:00:00.000Z,BEAR,LONG,39.58333333333333,18.3046875,IGNORE,0,WATCH,,0,0,0,NA,NA,NA,NA,NA,CLEAR,1,0,0,0,0,TREND_REVERSAL_UNCONFIRMED,2,0.45,LONG,1,0,0,0
BTCUSDT,1770339600000,2026-02-06T01:00:00.000Z,BEAR,LONG,25,13.5,IGNORE,0,WATCH,,0,0,0,NA,NA,NA,NA,NA,CLEAR,1,0,0,0,0,TREND_REVERSAL_UNCONFIRMED,1,0.45,LONG,1,0,0,0
BTCUSDT,1770343200000,2026-02-06T02:00:00.000Z,BEAR,LONG,0,7.875,IGNORE,0,WATCH,,0,0,0,NA,NA,NA,NA,NA,CLEAR,1,0,0,0,0,TREND_REVERSAL_UNCONFIRMED,0,0.45,LONG,1,0,0,0
BTCUSDT,1770346800000,2026-02-06T03:00:00.000Z,BEAR,LONG,0,7.875,IGNORE,0,WATCH,,0,0,0,NA,NA,NA,NA,NA,CLEAR,1,0,0,0,0,TREND_REVERSAL_UNCONFIRMED,0,0.45,LONG,1,0,0,0
BTCUSDT,1770350400000,2026-02-06T04:00:00.000Z,BEAR,LONG,25,13.5,IGNORE,0,WATCH,,0,0,0,NA,NA,NA,NA,NA,CLEAR,1,0,0,0,0,TREND_REVERSAL_UNCONFIRMED,1,0.45,LONG,1,0,0,0
BTCUSDT,1770354000000,2026-02-06T05:00:00.000Z,NEUTRAL,NONE,0,7.875,IGNORE,0,WATCH,,0,0,0,NA,NA,NA,NA,NA,CLEAR,1,0,0,0,0,TREND_REVERSAL_UNCONFIRMED,0,0.45,NONE,1,0,0,0
BTCUSDT,1770357600000,2026-02-06T06:00:00.000Z,BEAR,LONG,0,7.875,IGNORE,0,WATCH,,0,0,0,NA,NA,NA,NA,NA,WARNING_SOFT,1,0,0,0,0,TREND_REVERSAL_UNCONFIRMED,0,0.45,LONG,1,0,0,0
BTCUSDT,1770361200000,2026-02-06T07:00:00.000Z,BEAR,LONG,0,7.875,IGNORE,0,WATCH,,0,0,0,NA,NA,NA,NA,NA,WARNING_SOFT,1,0,0,0,0,TREND_REVERSAL_UNCONFIRMED,0,0.45,LONG,1,0,0,0
BTCUSDT,1770364800000,2026-02-06T08:00:00.000Z,BEAR,LONG,0,7.875,IGNORE,0,WATCH,,0,0,0,NA,NA,NA,NA,NA,CLEAR,1,0,0,0,0,TREND_REVERSAL_UNCONFIRMED,0,0.45,LONG,1,0,0,0
BTCUSDT,1770368400000,2026-02-06T09:00:00.000Z,BEAR,LONG,0,7.875,IGNORE,0,WATCH,,0,0,0,NA,NA,NA,NA,NA,WARNING_SOFT,1,0,0,0,0,TREND_REVERSAL_UNCONFIRMED,0,0.45,LONG,1,0,0,0
BTCUSDT,1770372000000,2026-02-06T10:00:00.000Z,BEAR,LONG,0,7.875,IGNORE,0,WATCH,,0,0,0,NA,NA,NA,NA,NA,WARNING_SOFT,1,0,0,0,0,TREND_REVERSAL_UNCONFIRMED,0,0.45,LONG,1,0,0,0
BTCUSDT,1770375600000,2026-02-06T11:00:00.000Z,NEUTRAL,NONE,0,7.875,IGNORE,0,WATCH,,0,0,0,NA,NA,NA,NA,NA,CLEAR,1,0,0,0,0,TREND_REVERSAL_UNCONFIRMED,0,0.45,NONE,1,0,0,0
BTCUSDT,1770379200000,2026-02-06T12:00:00.000Z,NEUTRAL,NONE,0,7.875,IGNORE,0,WATCH,,0,0,0,NA,NA,NA,NA,NA,CLEAR,1,0,0,0,0,TREND_REVERSAL_UNCONFIRMED,0,0.45,NONE,1,0,0,0
BTCUSDT,1770382800000,2026-02-06T13:00:00.000Z,NEUTRAL,NONE,0,7.875,IGNORE,0,WATCH,,0,0,0,NA,NA,NA,NA,NA,CLEAR,1,0,0,0,0,TREND_REVERSAL_UNCONFIRMED,0,0.45,NONE,1,0,0,0
BTCUSDT,1770386400000,2026-02-06T14:00:00.000Z,NEUTRAL,NONE,0,7.875,IGNORE,0,WATCH,,0,0,0,NA,NA,NA,NA,NA,CLEAR,1,0,0,0,0,TREND_REVERSAL_UNCONFIRMED,0,0.45,NONE,1,0,0,0
BTCUSDT,1770390000000,2026-02-06T15:00:00.000Z,NEUTRAL,NONE,0,7.875,IGNORE,0,WATCH,,0,0,0,NA,NA,NA,NA,NA,CLEAR,1,0,0,0,0,TREND_REVERSAL_UNCONFIRMED,0,0.45,NONE,1,0,0,0
BTCUSDT,1770393600000,2026-02-06T16:00:00.000Z,NEUTRAL,NONE,0,7.875,IGNORE,0,WATCH,,0,0,0,NA,NA,NA,NA,NA,CLEAR,1,0,0,0,0,TREND_REVERSAL_UNCONFIRMED,0,0.45,NONE,1,0,0,0
BTCUSDT,1770397200000,2026-02-06T17:00:00.000Z,NEUTRAL,NONE,0,7.875,IGNORE,0,WATCH,,0,0,0,NA,NA,NA,NA,NA,CLEAR,1,0,0,0,0,TREND_REVERSAL_UNCONFIRMED,0,0.45,NONE,1,0,0,0
BTCUSDT,1770400800000,2026-02-06T18:00:00.000Z,NEUTRAL,NONE,0,7.875,IGNORE,0,WATCH,,0,0,0,NA,NA,NA,NA,NA,CLEAR,1,0,0,0,0,TREND_REVERSAL_UNCONFIRMED,0,0.45,NONE,1,0,0,0
BTCUSDT,1770404400000,2026-02-06T19:00:00.000Z,NEUTRAL,NONE,0,7.875,IGNORE,0,WATCH,,0,0,0,NA,NA,NA,NA,NA,CLEAR,1,0,0,0,0,TREND_REVERSAL_UNCONFIRMED,0,0.45,NONE,1,0,0,0
BTCUSDT,1770408000000,2026-02-06T20:00:00.000Z,NEUTRAL,NONE,0,7.875,IGNORE,0,WATCH,,0,0,0,NA,NA,NA,NA,NA,CLEAR,1,0,0,0,0,TREND_REVERSAL_UNCONFIRMED,0,0.45,NONE,1,0,0,0
BTCUSDT,1770411600000,2026-02-06T21:00:00.000Z,NEUTRAL,NONE,0,7.875,IGNORE,0,WATCH,,0,0,0,NA,NA,NA,NA,NA,CLEAR,1,0,0,0,0,TREND_REVERSAL_UNCONFIRMED,0,0.45,NONE,1,0,0,0
BTCUSDT,1770415200000,2026-02-06T22:00:00.000Z,NEUTRAL,NONE,0,7.875,IGNORE,0,WATCH,,0,0,0,NA,NA,NA,NA,NA,CLEAR,1,0,0,0,0,TREND_REVERSAL_UNCONFIRMED,0,0.45,NONE,1,0,0,0
BTCUSDT,1770418800000,2026-02-06T23:00:00.000Z,NEUTRAL,NONE,0,7.875,IGNORE,0,WATCH,,0,0,0,NA,NA,NA,NA,NA,CLEAR,1,0,0,0,0,TREND_REVERSAL_UNCONFIRMED,0,0.45,NONE,1,0,0,0
BTCUSDT,1770422400000,2026-02-07T00:00:00.000Z,NEUTRAL,NONE,0,7.875,IGNORE,0,WATCH,,0,0,0,NA,NA,NA,NA,NA,CLEAR,1,0,0,0,0,TREND_REVERSAL_UNCONFIRMED,0,0.45,NONE,1,0,0,0
BTCUSDT,1770426000000,2026-02-07T01:00:00.000Z,NEUTRAL,NONE,0,7.875,IGNORE,0,WATCH,,0,0,0,NA,NA,NA,NA,NA,CLEAR,1,0,0,0,0,TREND_REVERSAL_UNCONFIRMED,0,0.45,NONE,1,0,0,0
BTCUSDT,1770429600000,2026-02-07T02:00:00.000Z,NEUTRAL,NONE,0,7.875,IGNORE,0,WATCH,,0,0,0,NA,NA,NA,NA,NA,CLEAR,1,0,0,0,0,TREND_REVERSAL_UNCONFIRMED,0,0.45,NONE,1,0,0,0
BTCUSDT,1770433200000,2026-02-07T03:00:00.000Z,NEUTRAL,NONE,0,7.875,IGNORE,0,WATCH,,0,0,0,NA,NA,NA,NA,NA,CLEAR,1,0,0,0,0,TREND_REVERSAL_UNCONFIRMED,0,0.45,NONE,1,0,0,0
BTCUSDT,1770436800000,2026-02-07T04:00:00.000Z,BULL,SHORT,0,7.875,IGNORE,0,WATCH,,0,0,0,NA,NA,NA,NA,NA,CLEAR,1,0,0,0,0,TREND_REVERSAL_UNCONFIRMED,0,0.45,SHORT,1,0,0,0
BTCUSDT,1770440400000,2026-02-07T05:00:00.000Z,BULL,SHORT,0,7.875,IGNORE,0,WATCH,,0,0,0,NA,NA,NA,NA,NA,WARNING_SOFT,1,0,0,0,0,TREND_REVERSAL_UNCONFIRMED,0,0.45,SHORT,1,0,0,0
BTCUSDT,1770444000000,2026-02-07T06:00:00.000Z,NEUTRAL,NONE,0,7.875,IGNORE,0,WATCH,,0,0,0,NA,NA,NA,NA,NA,WARNING_SOFT,1,0,0,0,0,TREND_REVERSAL_UNCONFIRMED,0,0.45,NONE,1,0,0,0
BTCUSDT,1770447600000,2026-02-07T07:00:00.000Z,BEAR,LONG,42.5,18.534375,IGNORE,0,WATCH,,0,0,0,NA,NA,NA,NA,NA,CLEAR,1,0,1,0,0,TREND_REVERSAL_UNCONFIRMED,2,0.45,LONG,1,0,0,0
BTCUSDT,1770451200000,2026-02-07T08:00:00.000Z,BEAR,LONG,42.5,18.534375,IGNORE,0,WATCH,,0,0,0,NA,NA,NA,NA,NA,CLEAR,1,0,0,0,0,TREND_REVERSAL_UNCONFIRMED,2,0.45,LONG,1,0,0,0
BTCUSDT,1770454800000,2026-02-07T09:00:00.000Z,BEAR,LONG,17.5,12.909375,IGNORE,0,WATCH,,0,0,0,NA,NA,NA,NA,NA,CLEAR,1,0,0,0,0,TREND_REVERSAL_UNCONFIRMED,1,0.45,LONG,1,0,0,0
BTCUSDT,1770458400000,2026-02-07T10:00:00.000Z,BEAR,LONG,0,7.875,IGNORE,0,WATCH,,0,0,0,NA,NA,NA,NA,NA,CLEAR,1,0,0,0,0,TREND_REVERSAL_UNCONFIRMED,0,0.45,LONG,1,0,0,0
BTCUSDT,1770462000000,2026-02-07T11:00:00.000Z,BEAR,LONG,25,13.5,IGNORE,0,WATCH,,0,0,0,NA,NA,NA,NA,NA,CLEAR,1,0,0,0,0,TREND_REVERSAL_UNCONFIRMED,1,0.45,LONG,1,0,0,0
BTCUSDT,1770465600000,2026-02-07T12:00:00.000Z,NEUTRAL,NONE,0,7.875,IGNORE,0,WATCH,,0,0,0,NA,NA,NA,NA,NA,WARNING_SOFT,1,0,0,0,0,TREND_REVERSAL_UNCONFIRMED,0,0.45,NONE,1,0,0,0
BTCUSDT,1770469200000,2026-02-07T13:00:00.000Z,NEUTRAL,NONE,0,7.875,IGNORE,0,WATCH,,0,0,0,NA,NA,NA,NA,NA,CLEAR,1,0,0,0,0,TREND_REVERSAL_UNCONFIRMED,0,0.45,NONE,1,0,0,0
BTCUSDT,1770472800000,2026-02-07T14:00:00.000Z,BEAR,LONG,0,7.875,IGNORE,0,WATCH,,0,0,0,NA,NA,NA,NA,NA,WARNING_SOFT,1,0,0,0,0,TREND_REVERSAL_UNCONFIRMED,0,0.45,LONG,1,0,0,0
BTCUSDT,1770476400000,2026-02-07T15:00:00.000Z,NEUTRAL,NONE,0,7.875,IGNORE,0,WATCH,,0,0,0,NA,NA,NA,NA,NA,CLEAR,1,0,0,0,0,TREND_REVERSAL_UNCONFIRMED,0,0.45,NONE,1,0,0,0
BTCUSDT,1770480000000,2026-02-07T16:00:00.000Z,NEUTRAL,NONE,0,7.875,IGNORE,0,WATCH,,0,0,0,NA,NA,NA,NA,NA,CLEAR,1,0,0,0,0,TREND_REVERSAL_UNCONFIRMED,0,0.45,NONE,1,0,0,0
BTCUSDT,1770483600000,2026-02-07T17:00:00.000Z,NEUTRAL,NONE,0,7.875,IGNORE,0,WATCH,,0,0,0,NA,NA,NA,NA,NA,CLEAR,1,0,0,0,0,TREND_REVERSAL_UNCONFIRMED,0,0.45,NONE,1,0,0,0
BTCUSDT,1770487200000,2026-02-07T18:00:00.000Z,NEUTRAL,NONE,0,7.875,IGNORE,0,WATCH,,0,0,0,NA,NA,NA,NA,NA,CLEAR,1,0,0,0,0,TREND_REVERSAL_UNCONFIRMED,0,0.45,NONE,1,0,0,0
BTCUSDT,1770490800000,2026-02-07T19:00:00.000Z,NEUTRAL,NONE,0,7.875,IGNORE,0,WATCH,,0,0,0,NA,NA,NA,NA,NA,CLEAR,1,0,0,0,0,TREND_REVERSAL_UNCONFIRMED,0,0.45,NONE,1,0,0,0
BTCUSDT,1770494400000,2026-02-07T20:00:00.000Z,NEUTRAL,NONE,0,7.875,IGNORE,0,WATCH,,0,0,0,NA,NA,NA,NA,NA,CLEAR,1,0,0,0,0,TREND_REVERSAL_UNCONFIRMED,0,0.45,NONE,1,0,0,0
BTCUSDT,1770498000000,2026-02-07T21:00:00.000Z,NEUTRAL,NONE,0,7.875,IGNORE,0,WATCH,,0,0,0,NA,NA,NA,NA,NA,CLEAR,1,0,0,0,0,TREND_REVERSAL_UNCONFIRMED,0,0.45,NONE,1,0,0,0
BTCUSDT,1770501600000,2026-02-07T22:00:00.000Z,NEUTRAL,NONE,0,7.875,IGNORE,0,WATCH,,0,0,0,NA,NA,NA,NA,NA,CLEAR,1,0,0,0,0,TREND_REVERSAL_UNCONFIRMED,0,0.45,NONE,1,0,0,0
BTCUSDT,1770505200000,2026-02-07T23:00:00.000Z,NEUTRAL,NONE,0,7.875,IGNORE,0,WATCH,,0,0,0,NA,NA,NA,NA,NA,WARNING_SOFT,1,0,0,0,0,TREND_REVERSAL_UNCONFIRMED,0,0.45,NONE,1,0,0,0
BTCUSDT,1770508800000,2026-02-08T00:00:00.000Z,BEAR,LONG,0,7.875,IGNORE,0,WATCH,,0,0,0,NA,NA,NA,NA,NA,CLEAR,1,0,0,0,0,TREND_REVERSAL_UNCONFIRMED,0,0.45,LONG,1,0,0,0
BTCUSDT,1770512400000,2026-02-08T01:00:00.000Z,NEUTRAL,NONE,0,7.875,IGNORE,0,WATCH,,0,0,0,NA,NA,NA,NA,NA,WARNING_SOFT,1,0,0,0,0,TREND_REVERSAL_UNCONFIRMED,0,0.45,NONE,1,0,0,0
BTCUSDT,1770516000000,2026-02-08T02:00:00.000Z,NEUTRAL,NONE,0,7.875,IGNORE,0,WATCH,,0,0,0,NA,NA,NA,NA,NA,CLEAR,1,0,0,0,0,TREND_REVERSAL_UNCONFIRMED,0,0.45,NONE,1,0,0,0
BTCUSDT,1770519600000,2026-02-08T03:00:00.000Z,BEAR,LONG,17.5,12.909375,IGNORE,0,WATCH,,0,0,0,NA,NA,NA,NA,NA,WARNING_SOFT,1,0,0,0,0,TREND_REVERSAL_UNCONFIRMED,1,0.45,LONG,1,0,0,0
BTCUSDT,1770523200000,2026-02-08T04:00:00.000Z,BULL,SHORT,17.5,12.909375,IGNORE,0,WATCH,,0,0,0,NA,NA,NA,NA,NA,WARNING_SOFT,1,0,0,0,0,TREND_REVERSAL_UNCONFIRMED,1,0.45,SHORT,1,0,0,0
BTCUSDT,1770526800000,2026-02-08T05:00:00.000Z,BULL,SHORT,17.5,12.909375,IGNORE,0,WATCH,,0,0,0,NA,NA,NA,NA,NA,CLEAR,1,0,0,0,0,TREND_REVERSAL_UNCONFIRMED,1,0.45,SHORT,1,0,0,0
BTCUSDT,1770530400000,2026-02-08T06:00:00.000Z,BULL,SHORT,17.5,12.909375,IGNORE,0,WATCH,,0,0,0,NA,NA,NA,NA,NA,CLEAR,1,0,0,0,0,TREND_REVERSAL_UNCONFIRMED,1,0.45,SHORT,1,0,0,0
BTCUSDT,1770534000000,2026-02-08T07:00:00.000Z,BULL,SHORT,17.5,12.909375,IGNORE,0,WATCH,,0,0,0,NA,NA,NA,NA,NA,CLEAR,1,0,0,0,0,TREND_REVERSAL_UNCONFIRMED,1,0.45,SHORT,1,0,0,0
BTCUSDT,1770537600000,2026-02-08T08:00:00.000Z,BULL,SHORT,42.5,18.534375,IGNORE,0,WATCH,,0,0,0,NA,NA,NA,NA,NA,CLEAR,1,1,0,0,0,TREND_REVERSAL_UNCONFIRMED,2,0.45,SHORT,1,0,0,0
BTCUSDT,1770541200000,2026-02-08T09:00:00.000Z,BULL,SHORT,42.5,18.534375,IGNORE,0,WATCH,,0,0,0,NA,NA,NA,NA,NA,CLEAR,1,0,0,0,0,TREND_REVERSAL_UNCONFIRMED,2,0.45,SHORT,1,0,0,0
BTCUSDT,1770544800000,2026-02-08T10:00:00.000Z,BULL,SHORT,37.79980657697217,18.16423476793656,IGNORE,0,WATCH,,0,0,0,NA,NA,NA,NA,NA,CLEAR,1,0,0,0,0,TREND_REVERSAL_UNCONFIRMED,2,0.45,SHORT,1,0,0,0
BTCUSDT,1770548400000,2026-02-08T11:00:00.000Z,BULL,SHORT,38.55804664209517,18.223946173064995,IGNORE,0,WATCH,,0,0,0,NA,NA,NA,NA,NA,CLEAR,1,0,0,0,0,TREND_REVERSAL_UNCONFIRMED,2,0.45,SHORT,1,0,0,0
BTCUSDT,1770552000000,2026-02-08T12:00:00.000Z,BULL,SHORT,31.124689619050187,17.6385693075002,IGNORE,0,WATCH,,0,0,0,NA,NA,NA,NA,NA,CLEAR,1,0,0,0,0,TREND_REVERSAL_UNCONFIRMED,2,0.45,SHORT,1,0,0,0
BTCUSDT,1770555600000,2026-02-08T13:00:00.000Z,BULL,SHORT,58.5080549472631,52.595684077247675,WATCH,1,WATCH,ACTIVE,1,1,0,PASS,PASS,SKIP,SKIP,FAIL,CLEAR,1,0,0,0,0,MARKET_CONTEXT_DENIED,3,0.84,SHORT,0,1,0,0
BTCUSDT,1770559200000,2026-02-08T14:00:00.000Z,BULL,SHORT,17.5,12.909375,IGNORE,0,WATCH,,0,0,0,NA,NA,NA,NA,NA,CLEAR,1,0,0,0,0,TREND_REVERSAL_UNCONFIRMED,1,0.45,SHORT,1,0,0,0
BTCUSDT,1770562800000,2026-02-08T15:00:00.000Z,BULL,SHORT,34.075990165563965,17.870984225538162,IGNORE,0,WATCH,,0,0,0,NA,NA,NA,NA,NA,CLEAR,1,0,0,0,0,TREND_REVERSAL_UNCONFIRMED,2,0.45,SHORT,1,0,0,0
BTCUSDT,1770566400000,2026-02-08T16:00:00.000Z,BULL,SHORT,37.040036639993644,18.1044028853995,IGNORE,0,WATCH,,0,0,0,NA,NA,NA,NA,NA,CLEAR,1,0,1,1,0,TREND_REVERSAL_UNCONFIRMED,2,0.45,SHORT,1,0,0,0
BTCUSDT,1770570000000,2026-02-08T17:00:00.000Z,BULL,SHORT,0,7.875,IGNORE,0,WATCH,,0,0,0,NA,NA,NA,NA,NA,WARNING_SOFT,1,0,0,0,0,TREND_REVERSAL_UNCONFIRMED,0,0.45,SHORT,1,0,0,0
BTCUSDT,1770573600000,2026-02-08T18:00:00.000Z,BULL,SHORT,0,7.875,IGNORE,0,WATCH,,0,0,0,NA,NA,NA,NA,NA,CLEAR,1,0,0,0,0,TREND_REVERSAL_UNCONFIRMED,0,0.45,SHORT,1,0,0,0
BTCUSDT,1770577200000,2026-02-08T19:00:00.000Z,BULL,SHORT,23.046012500000007,13.346123484375001,IGNORE,0,WATCH,,0,0,0,NA,NA,NA,NA,NA,CLEAR,1,0,0,0,0,TREND_REVERSAL_UNCONFIRMED,1,0.45,SHORT,1,0,0,0
BTCUSDT,1770580800000,2026-02-08T20:00:00.000Z,BULL,SHORT,0,7.875,IGNORE,0,WATCH,,0,0,0,NA,NA,NA,NA,NA,CLEAR,1,0,0,0,0,TREND_REVERSAL_UNCONFIRMED,0,0.45,SHORT,1,0,0,0
BTCUSDT,1770584400000,2026-02-08T21:00:00.000Z,BULL,SHORT,0,7.875,IGNORE,0,WATCH,,0,0,0,NA,NA,NA,NA,NA,CLEAR,1,0,0,0,0,TREND_REVERSAL_UNCONFIRMED,0,0.45,SHORT,1,0,0,0
BTCUSDT,1770588000000,2026-02-08T22:00:00.000Z,BULL,SHORT,17.5,12.909375,IGNORE,0,WATCH,,0,0,0,NA,NA,NA,NA,NA,WARNING_SOFT,1,0,0,0,0,TREND_REVERSAL_UNCONFIRMED,1,0.45,SHORT,1,0,0,0
BTCUSDT,1770591600000,2026-02-08T23:00:00.000Z,NEUTRAL,NONE,0,7.875,IGNORE,0,WATCH,,0,0,0,NA,NA,NA,NA,NA,BLOCK,0,0,0,0,0,TREND_REVERSAL_UNCONFIRMED,0,0.45,NONE,1,0,0,0
BTCUSDT,1770595200000,2026-02-09T00:00:00.000Z,NEUTRAL,NONE,0,7.875,IGNORE,0,WATCH,,0,0,0,NA,NA,NA,NA,NA,WARNING_SOFT,1,0,0,0,0,TREND_REVERSAL_UNCONFIRMED,0,0.45,NONE,1,0,0,0
BTCUSDT,1770598800000,2026-02-09T01:00:00.000Z,NEUTRAL,NONE,0,7.875,IGNORE,0,WATCH,,0,0,0,NA,NA,NA,NA,NA,WARNING_SOFT,1,0,0,0,0,TREND_REVERSAL_UNCONFIRMED,0,0.45,NONE,1,0,0,0
BTCUSDT,1770602400000,2026-02-09T02:00:00.000Z,BULL,SHORT,0,7.875,IGNORE,0,WATCH,,0,0,0,NA,NA,NA,NA,NA,WARNING_SOFT,1,0,0,0,0,TREND_REVERSAL_UNCONFIRMED,0,0.45,SHORT,1,0,0,0
BTCUSDT,1770606000000,2026-02-09T03:00:00.000Z,BULL,SHORT,0,7.875,IGNORE,0,WATCH,,0,0,0,NA,NA,NA,NA,NA,WARNING_SOFT,1,0,0,0,0,TREND_REVERSAL_UNCONFIRMED,0,0.45,SHORT,1,0,0,0
BTCUSDT,1770609600000,2026-02-09T04:00:00.000Z,BULL,SHORT,0,7.875,IGNORE,0,WATCH,,0,0,0,NA,NA,NA,NA,NA,CLEAR,1,0,0,0,0,TREND_REVERSAL_UNCONFIRMED,0,0.45,SHORT,1,0,0,0
BTCUSDT,1770613200000,2026-02-09T05:00:00.000Z,BULL,SHORT,0,7.875,IGNORE,0,WATCH,,0,0,0,NA,NA,NA,NA,NA,CLEAR,1,0,0,0,0,TREND_REVERSAL_UNCONFIRMED,0,0.45,SHORT,1,0,0,0
BTCUSDT,1770616800000,2026-02-09T06:00:00.000Z,NEUTRAL,NONE,0,7.875,IGNORE,0,WATCH,,0,0,0,NA,NA,NA,NA,NA,BLOCK,0,0,0,0,0,TREND_REVERSAL_UNCONFIRMED,0,0.45,NONE,1,0,0,0
BTCUSDT,1770620400000,2026-02-09T07:00:00.000Z,NEUTRAL,NONE,0,7.875,IGNORE,0,WATCH,,0,0,0,NA,NA,NA,NA,NA,WARNING_SOFT,1,0,0,0,0,TREND_REVERSAL_UNCONFIRMED,0,0.45,NONE,1,0,0,0
BTCUSDT,1770624000000,2026-02-09T08:00:00.000Z,NEUTRAL,NONE,0,7.875,IGNORE,0,WATCH,,0,0,0,NA,NA,NA,NA,NA,WARNING_SOFT,1,0,0,0,0,TREND_REVERSAL_UNCONFIRMED,0,0.45,NONE,1,0,0,0
BTCUSDT,1770627600000,2026-02-09T09:00:00.000Z,NEUTRAL,NONE,0,7.875,IGNORE,0,WATCH,,0,0,0,NA,NA,NA,NA,NA,WARNING_SOFT,1,0,0,0,0,TREND_REVERSAL_UNCONFIRMED,0,0.45,NONE,1,0,0,0
BTCUSDT,1770631200000,2026-02-09T10:00:00.000Z,NEUTRAL,NONE,0,7.875,IGNORE,0,WATCH,,0,0,0,NA,NA,NA,NA,NA,BLOCK,0,0,1,0,0,TREND_REVERSAL_UNCONFIRMED,0,0.45,NONE,1,0,0,0
BTCUSDT,1770634800000,2026-02-09T11:00:00.000Z,NEUTRAL,NONE,0,7.875,IGNORE,0,WATCH,,0,0,0,NA,NA,NA,NA,NA,WARNING_SOFT,1,0,0,0,0,TREND_REVERSAL_UNCONFIRMED,0,0.45,NONE,1,0,0,0
BTCUSDT,1770638400000,2026-02-09T12:00:00.000Z,NEUTRAL,NONE,0,7.875,IGNORE,0,WATCH,,0,0,0,NA,NA,NA,NA,NA,BLOCK,0,0,0,0,0,TREND_REVERSAL_UNCONFIRMED,0,0.45,NONE,1,0,0,0
BTCUSDT,1770642000000,2026-02-09T13:00:00.000Z,BEAR,LONG,0,7.875,IGNORE,0,WATCH,,0,0,0,NA,NA,NA,NA,NA,CLEAR,1,0,0,0,0,TREND_REVERSAL_UNCONFIRMED,0,0.45,LONG,1,0,0,0
BTCUSDT,1770645600000,2026-02-09T14:00:00.000Z,BEAR,LONG,25,13.5,IGNORE,0,WATCH,,0,0,0,NA,NA,NA,NA,NA,CLEAR,1,0,0,0,0,TREND_REVERSAL_UNCONFIRMED,1,0.45,LONG,1,0,0,0
BTCUSDT,1770649200000,2026-02-09T15:00:00.000Z,BEAR,LONG,22.34280095744947,13.290745575399146,IGNORE,0,WATCH,,0,0,0,NA,NA,NA,NA,NA,CLEAR,1,0,0,0,0,TREND_REVERSAL_UNCONFIRMED,1,0.45,LONG,1,0,0,0
BTCUSDT,1770652800000,2026-02-09T16:00:00.000Z,NEUTRAL,NONE,0,7.875,IGNORE,0,WATCH,,0,0,0,NA,NA,NA,NA,NA,WARNING_SOFT,1,1,0,0,0,TREND_REVERSAL_UNCONFIRMED,0,0.45,NONE,1,0,0,0
BTCUSDT,1770656400000,2026-02-09T17:00:00.000Z,NEUTRAL,NONE,0,7.875,IGNORE,0,WATCH,,0,0,0,NA,NA,NA,NA,NA,CLEAR,1,1,0,0,0,TREND_REVERSAL_UNCONFIRMED,0,0.45,NONE,1,0,0,0
BTCUSDT,1770660000000,2026-02-09T18:00:00.000Z,BULL,SHORT,42.5,18.534375,IGNORE,0,WATCH,,0,0,0,NA,NA,NA,NA,NA,CLEAR,1,0,0,0,0,TREND_REVERSAL_UNCONFIRMED,2,0.45,SHORT,1,0,0,0
BTCUSDT,1770663600000,2026-02-09T19:00:00.000Z,BULL,SHORT,17.5,12.909375,IGNORE,0,WATCH,,0,0,0,NA,NA,NA,NA,NA,CLEAR,1,0,0,0,0,TREND_REVERSAL_UNCONFIRMED,1,0.45,SHORT,1,0,0,0
BTCUSDT,1770667200000,2026-02-09T20:00:00.000Z,BULL,SHORT,17.5,12.909375,IGNORE,0,WATCH,,0,0,0,NA,NA,NA,NA,NA,CLEAR,1,0,0,0,0,TREND_REVERSAL_UNCONFIRMED,1,0.45,SHORT,1,0,0,0
BTCUSDT,1770670800000,2026-02-09T21:00:00.000Z,BULL,SHORT,17.5,12.909375,IGNORE,0,WATCH,,0,0,0,NA,NA,NA,NA,NA,CLEAR,1,0,0,0,0,TREND_REVERSAL_UNCONFIRMED,1,0.45,SHORT,1,0,0,0
BTCUSDT,1770674400000,2026-02-09T22:00:00.000Z,BULL,SHORT,17.5,12.909375,IGNORE,0,WATCH,,0,0,0,NA,NA,NA,NA,NA,CLEAR,1,0,0,0,0,TREND_REVERSAL_UNCONFIRMED,1,0.45,SHORT,1,0,0,0
BTCUSDT,1770678000000,2026-02-09T23:00:00.000Z,NEUTRAL,NONE,0,7.875,IGNORE,0,WATCH,,0,0,0,NA,NA,NA,NA,NA,WARNING_SOFT,1,0,0,0,0,TREND_REVERSAL_UNCONFIRMED,0,0.45,NONE,1,0,0,0
BTCUSDT,1770681600000,2026-02-10T00:00:00.000Z,NEUTRAL,NONE,0,7.875,IGNORE,0,WATCH,,0,0,0,NA,NA,NA,NA,NA,WARNING_SOFT,1,0,0,0,0,TREND_REVERSAL_UNCONFIRMED,0,0.45,NONE,1,0,0,0
BTCUSDT,1770685200000,2026-02-10T01:00:00.000Z,BULL,SHORT,17.5,12.909375,IGNORE,0,WATCH,,0,0,0,NA,NA,NA,NA,NA,WARNING_SOFT,1,0,0,0,0,TREND_REVERSAL_UNCONFIRMED,1,0.45,SHORT,1,0,0,0
BTCUSDT,1770688800000,2026-02-10T02:00:00.000Z,NEUTRAL,NONE,0,7.875,IGNORE,0,WATCH,,0,0,0,NA,NA,NA,NA,NA,WARNING_SOFT,1,0,0,0,0,TREND_REVERSAL_UNCONFIRMED,0,0.45,NONE,1,0,0,0
BTCUSDT,1770692400000,2026-02-10T03:00:00.000Z,NEUTRAL,NONE,0,7.875,IGNORE,0,WATCH,,0,0,0,NA,NA,NA,NA,NA,BLOCK,0,0,0,0,0,TREND_REVERSAL_UNCONFIRMED,0,0.45,NONE,1,0,0,0
BTCUSDT,1770696000000,2026-02-10T04:00:00.000Z,NEUTRAL,NONE,0,7.875,IGNORE,0,WATCH,,0,0,0,NA,NA,NA,NA,NA,WARNING_SOFT,1,0,0,0,0,TREND_REVERSAL_UNCONFIRMED,0,0.45,NONE,1,0,0,0
BTCUSDT,1770699600000,2026-02-10T05:00:00.000Z,BEAR,LONG,0,7.875,IGNORE,0,WATCH,,0,0,0,NA,NA,NA,NA,NA,CLEAR,1,0,0,0,0,TREND_REVERSAL_UNCONFIRMED,0,0.45,LONG,1,0,0,0
BTCUSDT,1770703200000,2026-02-10T06:00:00.000Z,BEAR,LONG,0,7.875,IGNORE,0,WATCH,,0,0,0,NA,NA,NA,NA,NA,CLEAR,1,0,0,0,0,TREND_REVERSAL_UNCONFIRMED,0,0.45,LONG,1,0,0,0
BTCUSDT,1770706800000,2026-02-10T07:00:00.000Z,BEAR,LONG,0,7.875,IGNORE,0,WATCH,,0,0,0,NA,NA,NA,NA,NA,CLEAR,1,0,0,0,0,TREND_REVERSAL_UNCONFIRMED,0,0.45,LONG,1,0,0,0
BTCUSDT,1770710400000,2026-02-10T08:00:00.000Z,BEAR,LONG,25,13.5,IGNORE,0,WATCH,,0,0,0,NA,NA,NA,NA,NA,CLEAR,1,0,0,0,0,TREND_REVERSAL_UNCONFIRMED,1,0.45,LONG,1,0,0,0
BTCUSDT,1770714000000,2026-02-10T09:00:00.000Z,BEAR,LONG,17.5,12.909375,IGNORE,0,WATCH,,0,0,0,NA,NA,NA,NA,NA,CLEAR,1,0,0,0,0,TREND_REVERSAL_UNCONFIRMED,1,0.45,LONG,1,0,0,0
BTCUSDT,1770717600000,2026-02-10T10:00:00.000Z,BEAR,LONG,17.5,12.909375,IGNORE,0,WATCH,,0,0,0,NA,NA,NA,NA,NA,CLEAR,1,0,0,0,0,TREND_REVERSAL_UNCONFIRMED,1,0.45,LONG,1,0,0,0
BTCUSDT,1770721200000,2026-02-10T11:00:00.000Z,BEAR,LONG,17.5,12.909375,IGNORE,0,WATCH,,0,0,0,NA,NA,NA,NA,NA,CLEAR,1,0,0,0,0,TREND_REVERSAL_UNCONFIRMED,1,0.45,LONG,1,0,0,0
BTCUSDT,1770724800000,2026-02-10T12:00:00.000Z,BEAR,LONG,42.5,18.534375,IGNORE,0,WATCH,,0,0,0,NA,NA,NA,NA,NA,CLEAR,1,0,0,0,0,TREND_REVERSAL_UNCONFIRMED,2,0.45,LONG,1,0,0,0
BTCUSDT,1770728400000,2026-02-10T13:00:00.000Z,BEAR,LONG,17.5,12.909375,IGNORE,0,WATCH,,0,0,0,NA,NA,NA,NA,NA,CLEAR,1,0,0,0,0,TREND_REVERSAL_UNCONFIRMED,1,0.45,LONG,1,0,0,0
BTCUSDT,1770732000000,2026-02-10T14:00:00.000Z,BEAR,LONG,42.5,18.534375,IGNORE,0,WATCH,,0,0,0,NA,NA,NA,NA,NA,WARNING_SOFT,1,0,0,0,0,TREND_REVERSAL_UNCONFIRMED,2,0.45,LONG,1,0,0,0
BTCUSDT,1770735600000,2026-02-10T15:00:00.000Z,BEAR,LONG,42.5,18.534375,IGNORE,0,WATCH,,0,0,0,NA,NA,NA,NA,NA,WARNING_SOFT,1,0,0,0,0,TREND_REVERSAL_UNCONFIRMED,2,0.45,LONG,1,0,0,0
BTCUSDT,1770739200000,2026-02-10T16:00:00.000Z,NEUTRAL,NONE,0,7.875,IGNORE,0,WATCH,,0,0,0,NA,NA,NA,NA,NA,CLEAR,1,0,0,0,0,TREND_REVERSAL_UNCONFIRMED,0,0.45,NONE,1,0,0,0
BTCUSDT,1770742800000,2026-02-10T17:00:00.000Z,NEUTRAL,NONE,0,7.875,IGNORE,0,WATCH,,0,0,0,NA,NA,NA,NA,NA,CLEAR,1,0,0,0,0,TREND_REVERSAL_UNCONFIRMED,0,0.45,NONE,1,0,0,0
BTCUSDT,1770746400000,2026-02-10T18:00:00.000Z,BEAR,LONG,13.186351554687919,12.569675184931674,IGNORE,0,WATCH,,0,0,0,NA,NA,NA,NA,NA,WARNING_SOFT,1,0,0,0,0,TREND_REVERSAL_UNCONFIRMED,1,0.45,LONG,1,0,0,0
BTCUSDT,1770750000000,2026-02-10T19:00:00.000Z,BEAR,LONG,25,13.5,IGNORE,0,WATCH,,0,0,0,NA,NA,NA,NA,NA,CLEAR,1,0,0,0,0,TREND_REVERSAL_UNCONFIRMED,1,0.45,LONG,1,0,0,0
BTCUSDT,1770753600000,2026-02-10T20:00:00.000Z,BEAR,LONG,0,7.875,IGNORE,0,WATCH,,0,0,0,NA,NA,NA,NA,NA,CLEAR,1,0,0,0,0,TREND_REVERSAL_UNCONFIRMED,0,0.45,LONG,1,0,0,0
BTCUSDT,1770757200000,2026-02-10T21:00:00.000Z,BEAR,LONG,0,7.875,IGNORE,0,WATCH,,0,0,0,NA,NA,NA,NA,NA,CLEAR,1,0,0,0,0,TREND_REVERSAL_UNCONFIRMED,0,0.45,LONG,1,0,0,0
BTCUSDT,1770760800000,2026-02-10T22:00:00.000Z,BEAR,LONG,19.38031249999999,13.057449609374999,IGNORE,0,WATCH,,0,0,0,NA,NA,NA,NA,NA,CLEAR,1,0,0,0,0,TREND_REVERSAL_UNCONFIRMED,1,0.45,LONG,1,0,0,0
BTCUSDT,1770764400000,2026-02-10T23:00:00.000Z,BEAR,LONG,0,7.875,IGNORE,0,WATCH,,0,0,0,NA,NA,NA,NA,NA,CLEAR,1,0,0,0,0,TREND_REVERSAL_UNCONFIRMED,0,0.45,LONG,1,0,0,0
BTCUSDT,1770768000000,2026-02-11T00:00:00.000Z,NEUTRAL,NONE,0,7.875,IGNORE,0,WATCH,,0,0,0,NA,NA,NA,NA,NA,WARNING_SOFT,1,0,0,0,0,TREND_REVERSAL_UNCONFIRMED,0,0.45,NONE,1,0,0,0
BTCUSDT,1770771600000,2026-02-11T01:00:00.000Z,BEAR,LONG,17.5,12.909375,IGNORE,0,WATCH,,0,0,0,NA,NA,NA,NA,NA,WARNING_SOFT,1,0,0,0,0,TREND_REVERSAL_UNCONFIRMED,1,0.45,LONG,1,0,0,0
BTCUSDT,1770775200000,2026-02-11T02:00:00.000Z,BEAR,LONG,17.5,12.909375,IGNORE,0,WATCH,,0,0,0,NA,NA,NA,NA,NA,WARNING_SOFT,1,0,0,0,0,TREND_REVERSAL_UNCONFIRMED,1,0.45,LONG,1,0,0,0
BTCUSDT,1770778800000,2026-02-11T03:00:00.000Z,BEAR,LONG,17.5,12.909375,IGNORE,0,WATCH,,0,0,0,NA,NA,NA,NA,NA,CLEAR,1,0,0,0,0,TREND_REVERSAL_UNCONFIRMED,1,0.45,LONG,1,0,0,0
BTCUSDT,1770782400000,2026-02-11T04:00:00.000Z,BEAR,LONG,38.77040279190376,18.240669219862422,IGNORE,0,WATCH,,0,0,0,NA,NA,NA,NA,NA,CLEAR,1,0,1,0,0,TREND_REVERSAL_UNCONFIRMED,2,0.45,LONG,1,0,0,0
BTCUSDT,1770786000000,2026-02-11T05:00:00.000Z,BEAR,LONG,32.43055555555556,17.74140625,IGNORE,0,WATCH,,0,0,0,NA,NA,NA,NA,NA,CLEAR,1,0,0,0,0,TREND_REVERSAL_UNCONFIRMED,2,0.45,LONG,1,0,0,0
BTCUSDT,1770789600000,2026-02-11T06:00:00.000Z,BEAR,LONG,55.47475824108281,52.14978946143917,WATCH,1,WATCH,ACTIVE,1,1,0,PASS,PASS,SKIP,SKIP,FAIL,CLEAR,1,0,1,0,0,MARKET_CONTEXT_DENIED,3,0.84,LONG,0,1,0,0
BTCUSDT,1770793200000,2026-02-11T07:00:00.000Z,BEAR,LONG,42.5,18.534375,IGNORE,0,WATCH,,0,0,0,NA,NA,NA,NA,NA,CLEAR,1,0,0,0,0,TREND_REVERSAL_UNCONFIRMED,2,0.45,LONG,1,0,0,0
BTCUSDT,1770796800000,2026-02-11T08:00:00.000Z,BEAR,LONG,17.5,12.909375,IGNORE,0,WATCH,,0,0,0,NA,NA,NA,NA,NA,CLEAR,1,0,0,0,0,TREND_REVERSAL_UNCONFIRMED,1,0.45,LONG,1,0,0,0
BTCUSDT,1770800400000,2026-02-11T09:00:00.000Z,BEAR,LONG,0,7.875,IGNORE,0,WATCH,,0,0,0,NA,NA,NA,NA,NA,CLEAR,1,0,0,0,0,TREND_REVERSAL_UNCONFIRMED,0,0.45,LONG,1,0,0,0
BTCUSDT,1770804000000,2026-02-11T10:00:00.000Z,BEAR,LONG,0,7.875,IGNORE,0,WATCH,,0,0,0,NA,NA,NA,NA,NA,CLEAR,1,0,0,0,0,TREND_REVERSAL_UNCONFIRMED,0,0.45,LONG,1,0,0,0
BTCUSDT,1770807600000,2026-02-11T11:00:00.000Z,BEAR,LONG,25,13.5,IGNORE,0,WATCH,,0,0,0,NA,NA,NA,NA,NA,CLEAR,1,0,0,0,0,TREND_REVERSAL_UNCONFIRMED,1,0.45,LONG,1,0,0,0
BTCUSDT,1770811200000,2026-02-11T12:00:00.000Z,BEAR,LONG,14.472748061030549,12.670978909806156,IGNORE,0,WATCH,,0,0,0,NA,NA,NA,NA,NA,CLEAR,1,0,0,0,0,TREND_REVERSAL_UNCONFIRMED,1,0.45,LONG,1,0,0,0
BTCUSDT,1770814800000,2026-02-11T13:00:00.000Z,BEAR,LONG,25,13.5,IGNORE,0,WATCH,,0,0,0,NA,NA,NA,NA,NA,CLEAR,1,1,0,1,0,TREND_REVERSAL_UNCONFIRMED,1,0.45,LONG,1,0,0,0
BTCUSDT,1770818400000,2026-02-11T14:00:00.000Z,BEAR,LONG,25,13.5,IGNORE,0,WATCH,,0,0,0,NA,NA,NA,NA,NA,BLOCK,0,0,0,0,0,TREND_REVERSAL_UNCONFIRMED,1,0.45,LONG,1,0,0,0
BTCUSDT,1770822000000,2026-02-11T15:00:00.000Z,BEAR,LONG,25,13.5,IGNORE,0,WATCH,,0,0,0,NA,NA,NA,NA,NA,CLEAR,1,0,0,0,0,TREND_REVERSAL_UNCONFIRMED,1,0.45,LONG,1,0,0,0
BTCUSDT,1770825600000,2026-02-11T16:00:00.000Z,BEAR,LONG,20.69946098330111,13.161332552434962,IGNORE,0,WATCH,,0,0,0,NA,NA,NA,NA,NA,CLEAR,1,0,0,0,0,TREND_REVERSAL_UNCONFIRMED,1,0.45,LONG,1,0,0,0
BTCUSDT,1770829200000,2026-02-11T17:00:00.000Z,BEAR,LONG,0,7.875,IGNORE,0,WATCH,,0,0,0,NA,NA,NA,NA,NA,CLEAR,1,0,0,0,0,TREND_REVERSAL_UNCONFIRMED,0,0.45,LONG,1,0,0,0
BTCUSDT,1770832800000,2026-02-11T18:00:00.000Z,BEAR,LONG,0,7.875,IGNORE,0,WATCH,,0,0,0,NA,NA,NA,NA,NA,WARNING_SOFT,1,0,0,0,0,TREND_REVERSAL_UNCONFIRMED,0,0.45,LONG,1,0,0,0
BTCUSDT,1770836400000,2026-02-11T19:00:00.000Z,NEUTRAL,NONE,0,7.875,IGNORE,0,WATCH,,0,0,0,NA,NA,NA,NA,NA,CLEAR,1,0,0,0,0,TREND_REVERSAL_UNCONFIRMED,0,0.45,NONE,1,0,0,0
BTCUSDT,1770840000000,2026-02-11T20:00:00.000Z,NEUTRAL,NONE,0,7.875,IGNORE,0,WATCH,,0,0,0,NA,NA,NA,NA,NA,CLEAR,1,0,0,0,0,TREND_REVERSAL_UNCONFIRMED,0,0.45,NONE,1,0,0,0
BTCUSDT,1770843600000,2026-02-11T21:00:00.000Z,NEUTRAL,NONE,0,7.875,IGNORE,0,WATCH,,0,0,0,NA,NA,NA,NA,NA,CLEAR,1,0,0,0,0,TREND_REVERSAL_UNCONFIRMED,0,0.45,NONE,1,0,0,0
BTCUSDT,1770847200000,2026-02-11T22:00:00.000Z,NEUTRAL,NONE,0,7.875,IGNORE,0,WATCH,,0,0,0,NA,NA,NA,NA,NA,CLEAR,1,0,0,0,0,TREND_REVERSAL_UNCONFIRMED,0,0.45,NONE,1,0,0,0
BTCUSDT,1770850800000,2026-02-11T23:00:00.000Z,BEAR,LONG,0,7.875,IGNORE,0,WATCH,,0,0,0,NA,NA,NA,NA,NA,WARNING_SOFT,1,0,0,0,0,TREND_REVERSAL_UNCONFIRMED,0,0.45,LONG,1,0,0,0
BTCUSDT,1770854400000,2026-02-12T00:00:00.000Z,NEUTRAL,NONE,0,7.875,IGNORE,0,WATCH,,0,0,0,NA,NA,NA,NA,NA,WARNING_SOFT,1,0,0,0,0,TREND_REVERSAL_UNCONFIRMED,0,0.45,NONE,1,0,0,0
BTCUSDT,1770858000000,2026-02-12T01:00:00.000Z,NEUTRAL,NONE,0,7.875,IGNORE,0,WATCH,,0,0,0,NA,NA,NA,NA,NA,CLEAR,1,0,0,0,0,TREND_REVERSAL_UNCONFIRMED,0,0.45,NONE,1,0,0,0
BTCUSDT,1770861600000,2026-02-12T02:00:00.000Z,NEUTRAL,NONE,0,7.875,IGNORE,0,WATCH,,0,0,0,NA,NA,NA,NA,NA,CLEAR,1,0,0,0,0,TREND_REVERSAL_UNCONFIRMED,0,0.45,NONE,1,0,0,0
BTCUSDT,1770865200000,2026-02-12T03:00:00.000Z,NEUTRAL,NONE,0,7.875,IGNORE,0,WATCH,,0,0,0,NA,NA,NA,NA,NA,WARNING_SOFT,1,0,0,0,0,TREND_REVERSAL_UNCONFIRMED,0,0.45,NONE,1,0,0,0
BTCUSDT,1770868800000,2026-02-12T04:00:00.000Z,BEAR,LONG,17.5,12.909375,IGNORE,0,WATCH,,0,0,0,NA,NA,NA,NA,NA,CLEAR,1,0,0,0,0,TREND_REVERSAL_UNCONFIRMED,1,0.45,LONG,1,0,0,0
BTCUSDT,1770872400000,2026-02-12T05:00:00.000Z,BEAR,LONG,42.5,18.534375,IGNORE,0,WATCH,,0,0,0,NA,NA,NA,NA,NA,CLEAR,1,0,0,0,0,TREND_REVERSAL_UNCONFIRMED,2,0.45,LONG,1,0,0,0
BTCUSDT,1770876000000,2026-02-12T06:00:00.000Z,BEAR,LONG,17.5,12.909375,IGNORE,0,WATCH,,0,0,0,NA,NA,NA,NA,NA,CLEAR,1,0,0,0,0,TREND_REVERSAL_UNCONFIRMED,1,0.45,LONG,1,0,0,0
BTCUSDT,1770879600000,2026-02-12T07:00:00.000Z,BEAR,LONG,17.5,12.909375,IGNORE,0,WATCH,,0,0,0,NA,NA,NA,NA,NA,CLEAR,1,0,0,0,0,TREND_REVERSAL_UNCONFIRMED,1,0.45,LONG,1,0,0,0
BTCUSDT,1770883200000,2026-02-12T08:00:00.000Z,BEAR,LONG,0,7.875,IGNORE,0,WATCH,,0,0,0,NA,NA,NA,NA,NA,CLEAR,1,0,0,0,0,TREND_REVERSAL_UNCONFIRMED,0,0.45,LONG,1,0,0,0
BTCUSDT,1770886800000,2026-02-12T09:00:00.000Z,NEUTRAL,NONE,0,7.875,IGNORE,0,WATCH,,0,0,0,NA,NA,NA,NA,NA,WARNING_SOFT,1,0,0,0,0,TREND_REVERSAL_UNCONFIRMED,0,0.45,NONE,1,0,0,0
BTCUSDT,1770890400000,2026-02-12T10:00:00.000Z,NEUTRAL,NONE,0,7.875,IGNORE,0,WATCH,,0,0,0,NA,NA,NA,NA,NA,CLEAR,1,0,0,0,0,TREND_REVERSAL_UNCONFIRMED,0,0.45,NONE,1,0,0,0
BTCUSDT,1770894000000,2026-02-12T11:00:00.000Z,NEUTRAL,NONE,0,7.875,IGNORE,0,WATCH,,0,0,0,NA,NA,NA,NA,NA,CLEAR,1,0,0,0,0,TREND_REVERSAL_UNCONFIRMED,0,0.45,NONE,1,0,0,0
BTCUSDT,1770897600000,2026-02-12T12:00:00.000Z,NEUTRAL,NONE,0,7.875,IGNORE,0,WATCH,,0,0,0,NA,NA,NA,NA,NA,CLEAR,1,0,0,0,0,TREND_REVERSAL_UNCONFIRMED,0,0.45,NONE,1,0,0,0
BTCUSDT,1770901200000,2026-02-12T13:00:00.000Z,NEUTRAL,NONE,0,7.875,IGNORE,0,WATCH,,0,0,0,NA,NA,NA,NA,NA,CLEAR,1,0,0,0,0,TREND_REVERSAL_UNCONFIRMED,0,0.45,NONE,1,0,0,0
BTCUSDT,1770904800000,2026-02-12T14:00:00.000Z,BEAR,LONG,25,13.5,IGNORE,0,WATCH,,0,0,0,NA,NA,NA,NA,NA,BLOCK,0,0,0,0,0,TREND_REVERSAL_UNCONFIRMED,1,0.45,LONG,1,0,0,0
BTCUSDT,1770908400000,2026-02-12T15:00:00.000Z,BEAR,LONG,25,13.5,IGNORE,0,WATCH,,0,0,0,NA,NA,NA,NA,NA,BLOCK,0,0,0,0,0,TREND_REVERSAL_UNCONFIRMED,1,0.45,LONG,1,0,0,0
BTCUSDT,1770912000000,2026-02-12T16:00:00.000Z,BEAR,LONG,25,13.5,IGNORE,0,WATCH,,0,0,0,NA,NA,NA,NA,NA,CLEAR,1,0,0,0,0,TREND_REVERSAL_UNCONFIRMED,1,0.45,LONG,1,0,0,0
BTCUSDT,1770915600000,2026-02-12T17:00:00.000Z,BEAR,LONG,25,13.5,IGNORE,0,WATCH,,0,0,0,NA,NA,NA,NA,NA,CLEAR,1,0,0,0,0,TREND_REVERSAL_UNCONFIRMED,1,0.45,LONG,1,0,0,0
BTCUSDT,1770919200000,2026-02-12T18:00:00.000Z,BEAR,LONG,17.566651688629285,12.914623820479555,IGNORE,0,WATCH,,0,0,0,NA,NA,NA,NA,NA,CLEAR,1,0,0,0,0,TREND_REVERSAL_UNCONFIRMED,1,0.45,LONG,1,0,0,0
BTCUSDT,1770922800000,2026-02-12T19:00:00.000Z,BEAR,LONG,25,13.5,IGNORE,0,WATCH,,0,0,0,NA,NA,NA,NA,NA,CLEAR,1,0,0,0,0,TREND_REVERSAL_UNCONFIRMED,1,0.45,LONG,1,0,0,0
BTCUSDT,1770926400000,2026-02-12T20:00:00.000Z,BEAR,LONG,0,7.875,IGNORE,0,WATCH,,0,0,0,NA,NA,NA,NA,NA,CLEAR,1,0,0,0,0,TREND_REVERSAL_UNCONFIRMED,0,0.45,LONG,1,0,0,0
BTCUSDT,1770930000000,2026-02-12T21:00:00.000Z,BEAR,LONG,0,7.875,IGNORE,0,WATCH,,0,0,0,NA,NA,NA,NA,NA,CLEAR,1,0,0,0,0,TREND_REVERSAL_UNCONFIRMED,0,0.45,LONG,1,0,0,0
BTCUSDT,1770933600000,2026-02-12T22:00:00.000Z,BEAR,LONG,0,7.875,IGNORE,0,WATCH,,0,0,0,NA,NA,NA,NA,NA,CLEAR,1,0,0,0,0,TREND_REVERSAL_UNCONFIRMED,0,0.45,LONG,1,0,0,0
BTCUSDT,1770937200000,2026-02-12T23:00:00.000Z,BEAR,LONG,0,7.875,IGNORE,0,WATCH,,0,0,0,NA,NA,NA,NA,NA,WARNING_SOFT,1,0,0,0,0,TREND_REVERSAL_UNCONFIRMED,0,0.45,LONG,1,0,0,0
BTCUSDT,1770940800000,2026-02-13T00:00:00.000Z,BEAR,LONG,0,7.875,IGNORE,0,WATCH,,0,0,0,NA,NA,NA,NA,NA,CLEAR,1,0,0,0,0,TREND_REVERSAL_UNCONFIRMED,0,0.45,LONG,1,0,0,0
BTCUSDT,1770944400000,2026-02-13T01:00:00.000Z,BEAR,LONG,24.60073749999999,13.468558078125,IGNORE,0,WATCH,,0,0,0,NA,NA,NA,NA,NA,WARNING_SOFT,1,0,0,0,0,TREND_REVERSAL_UNCONFIRMED,1,0.45,LONG,1,0,0,0
BTCUSDT,1770948000000,2026-02-13T02:00:00.000Z,NEUTRAL,NONE,0,7.875,IGNORE,0,WATCH,,0,0,0,NA,NA,NA,NA,NA,CLEAR,1,0,0,0,0,TREND_REVERSAL_UNCONFIRMED,0,0.45,NONE,1,0,0,0
BTCUSDT,1770951600000,2026-02-13T03:00:00.000Z,BEAR,LONG,0,7.875,IGNORE,0,WATCH,,0,0,0,NA,NA,NA,NA,NA,WARNING_SOFT,1,0,0,0,0,TREND_REVERSAL_UNCONFIRMED,0,0.45,LONG,1,0,0,0
BTCUSDT,1770955200000,2026-02-13T04:00:00.000Z,BEAR,LONG,0,7.875,IGNORE,0,WATCH,,0,0,0,NA,NA,NA,NA,NA,WARNING_SOFT,1,0,0,0,0,TREND_REVERSAL_UNCONFIRMED,0,0.45,LONG,1,0,0,0
BTCUSDT,1770958800000,2026-02-13T05:00:00.000Z,BEAR,LONG,0,7.875,IGNORE,0,WATCH,,0,0,0,NA,NA,NA,NA,NA,WARNING_SOFT,1,0,0,0,0,TREND_REVERSAL_UNCONFIRMED,0,0.45,LONG,1,0,0,0
BTCUSDT,1770962400000,2026-02-13T06:00:00.000Z,BEAR,LONG,0,7.875,IGNORE,0,WATCH,,0,0,0,NA,NA,NA,NA,NA,CLEAR,1,0,0,0,0,TREND_REVERSAL_UNCONFIRMED,0,0.45,LONG,1,0,0,0
BTCUSDT,1770966000000,2026-02-13T07:00:00.000Z,BEAR,LONG,25,13.5,IGNORE,0,WATCH,,0,0,0,NA,NA,NA,NA,NA,WARNING_SOFT,1,0,0,0,0,TREND_REVERSAL_UNCONFIRMED,1,0.45,LONG,1,0,0,0
BTCUSDT,1770969600000,2026-02-13T08:00:00.000Z,NEUTRAL,NONE,0,7.875,IGNORE,0,WATCH,,0,0,0,NA,NA,NA,NA,NA,CLEAR,1,0,0,0,0,TREND_REVERSAL_UNCONFIRMED,0,0.45,NONE,1,0,0,0
BTCUSDT,1770973200000,2026-02-13T09:00:00.000Z,NEUTRAL,NONE,0,7.875,IGNORE,0,WATCH,,0,0,0,NA,NA,NA,NA,NA,CLEAR,1,0,0,0,0,TREND_REVERSAL_UNCONFIRMED,0,0.45,NONE,1,0,0,0
BTCUSDT,1770976800000,2026-02-13T10:00:00.000Z,NEUTRAL,NONE,0,7.875,IGNORE,0,WATCH,,0,0,0,NA,NA,NA,NA,NA,CLEAR,1,0,0,0,0,TREND_REVERSAL_UNCONFIRMED,0,0.45,NONE,1,0,0,0
BTCUSDT,1770980400000,2026-02-13T11:00:00.000Z,NEUTRAL,NONE,0,7.875,IGNORE,0,WATCH,,0,0,0,NA,NA,NA,NA,NA,CLEAR,1,0,0,0,0,TREND_REVERSAL_UNCONFIRMED,0,0.45,NONE,1,0,0,0
BTCUSDT,1770984000000,2026-02-13T12:00:00.000Z,NEUTRAL,NONE,0,7.875,IGNORE,0,WATCH,,0,0,0,NA,NA,NA,NA,NA,CLEAR,1,0,0,0,0,TREND_REVERSAL_UNCONFIRMED,0,0.45,NONE,1,0,0,0
BTCUSDT,1770987600000,2026-02-13T13:00:00.000Z,NEUTRAL,NONE,0,7.875,IGNORE,0,WATCH,,0,0,0,NA,NA,NA,NA,NA,CLEAR,1,0,0,0,0,TREND_REVERSAL_UNCONFIRMED,0,0.45,NONE,1,0,0,0
BTCUSDT,1770991200000,2026-02-13T14:00:00.000Z,NEUTRAL,NONE,0,7.875,IGNORE,0,WATCH,,0,0,0,NA,NA,NA,NA,NA,CLEAR,1,0,0,0,0,TREND_REVERSAL_UNCONFIRMED,0,0.45,NONE,1,0,0,0
BTCUSDT,1770994800000,2026-02-13T15:00:00.000Z,NEUTRAL,NONE,0,7.875,IGNORE,0,WATCH,,0,0,0,NA,NA,NA,NA,NA,CLEAR,1,0,0,0,0,TREND_REVERSAL_UNCONFIRMED,0,0.45,NONE,1,0,0,0
BTCUSDT,1770998400000,2026-02-13T16:00:00.000Z,NEUTRAL,NONE,0,7.875,IGNORE,0,WATCH,,0,0,0,NA,NA,NA,NA,NA,CLEAR,1,0,0,0,0,TREND_REVERSAL_UNCONFIRMED,0,0.45,NONE,1,0,0,0
BTCUSDT,1771002000000,2026-02-13T17:00:00.000Z,BULL,SHORT,55.69444444444444,52.18208333333333,WATCH,1,WATCH,ACTIVE,1,1,0,PASS,PASS,SKIP,SKIP,FAIL,CLEAR,1,0,0,0,0,MARKET_CONTEXT_DENIED,3,0.84,SHORT,0,1,0,0
BTCUSDT,1771005600000,2026-02-13T18:00:00.000Z,BULL,SHORT,30.694444444444443,17.6046875,IGNORE,0,WATCH,,0,0,0,NA,NA,NA,NA,NA,CLEAR,1,0,0,0,0,TREND_REVERSAL_UNCONFIRMED,2,0.45,SHORT,1,0,0,0
BTCUSDT,1771009200000,2026-02-13T19:00:00.000Z,BULL,SHORT,0,7.875,IGNORE,0,WATCH,,0,0,0,NA,NA,NA,NA,NA,CLEAR,1,0,0,0,0,TREND_REVERSAL_UNCONFIRMED,0,0.45,SHORT,1,0,0,0
BTCUSDT,1771012800000,2026-02-13T20:00:00.000Z,BULL,SHORT,0,7.875,IGNORE,0,WATCH,,0,0,0,NA,NA,NA,NA,NA,CLEAR,1,0,0,0,0,TREND_REVERSAL_UNCONFIRMED,0,0.45,SHORT,1,0,0,0
BTCUSDT,1771016400000,2026-02-13T21:00:00.000Z,BULL,SHORT,0,7.875,IGNORE,0,WATCH,,0,0,0,NA,NA,NA,NA,NA,CLEAR,1,0,0,0,0,TREND_REVERSAL_UNCONFIRMED,0,0.45,SHORT,1,0,0,0
BTCUSDT,1771020000000,2026-02-13T22:00:00.000Z,BULL,SHORT,25,13.5,IGNORE,0,WATCH,,0,0,0,NA,NA,NA,NA,NA,CLEAR,1,0,0,0,0,TREND_REVERSAL_UNCONFIRMED,1,0.45,SHORT,1,0,0,0
BTCUSDT,1771023600000,2026-02-13T23:00:00.000Z,BULL,SHORT,0,7.875,IGNORE,0,WATCH,,0,0,0,NA,NA,NA,NA,NA,CLEAR,1,0,0,0,0,TREND_REVERSAL_UNCONFIRMED,0,0.45,SHORT,1,0,0,0
BTCUSDT,1771027200000,2026-02-14T00:00:00.000Z,BULL,SHORT,0,7.875,IGNORE,0,WATCH,,0,0,0,NA,NA,NA,NA,NA,CLEAR,1,0,0,0,0,TREND_REVERSAL_UNCONFIRMED,0,0.45,SHORT,1,0,0,0
BTCUSDT,1771030800000,2026-02-14T01:00:00.000Z,BULL,SHORT,0,7.875,IGNORE,0,WATCH,,0,0,0,NA,NA,NA,NA,NA,CLEAR,1,0,0,0,0,TREND_REVERSAL_UNCONFIRMED,0,0.45,SHORT,1,0,0,0
BTCUSDT,1771034400000,2026-02-14T02:00:00.000Z,BULL,SHORT,0,7.875,IGNORE,0,WATCH,,0,0,0,NA,NA,NA,NA,NA,CLEAR,1,0,0,0,0,TREND_REVERSAL_UNCONFIRMED,0,0.45,SHORT,1,0,0,0
BTCUSDT,1771038000000,2026-02-14T03:00:00.000Z,BULL,SHORT,17.5,12.909375,IGNORE,0,WATCH,,0,0,0,NA,NA,NA,NA,NA,CLEAR,1,0,0,0,0,TREND_REVERSAL_UNCONFIRMED,1,0.45,SHORT,1,0,0,0
BTCUSDT,1771041600000,2026-02-14T04:00:00.000Z,BULL,SHORT,40.688475,18.39171740625,IGNORE,0,WATCH,,0,0,0,NA,NA,NA,NA,NA,CLEAR,1,0,0,0,0,TREND_REVERSAL_UNCONFIRMED,2,0.45,SHORT,1,0,0,0
BTCUSDT,1771045200000,2026-02-14T05:00:00.000Z,BULL,SHORT,17.5,12.909375,IGNORE,0,WATCH,,0,0,0,NA,NA,NA,NA,NA,CLEAR,1,0,0,0,0,TREND_REVERSAL_UNCONFIRMED,1,0.45,SHORT,1,0,0,0
BTCUSDT,1771048800000,2026-02-14T06:00:00.000Z,BULL,SHORT,17.5,12.909375,IGNORE,0,WATCH,,0,0,0,NA,NA,NA,NA,NA,CLEAR,1,0,0,0,0,TREND_REVERSAL_UNCONFIRMED,1,0.45,SHORT,1,0,0,0
BTCUSDT,1771052400000,2026-02-14T07:00:00.000Z,BULL,SHORT,30.34722222222222,17.57734375,IGNORE,0,WATCH,,0,0,0,NA,NA,NA,NA,NA,CLEAR,1,0,0,0,0,TREND_REVERSAL_UNCONFIRMED,2,0.45,SHORT,1,0,0,0
BTCUSDT,1771056000000,2026-02-14T08:00:00.000Z,BULL,SHORT,30.662089448692115,17.602139544084505,IGNORE,0,WATCH,,0,0,0,NA,NA,NA,NA,NA,CLEAR,1,0,0,0,0,TREND_REVERSAL_UNCONFIRMED,2,0.45,SHORT,1,0,0,0
BTCUSDT,1771059600000,2026-02-14T09:00:00.000Z,BULL,SHORT,42.5,18.534375,IGNORE,0,WATCH,,0,0,0,NA,NA,NA,NA,NA,CLEAR,1,0,0,0,0,TREND_REVERSAL_UNCONFIRMED,2,0.45,SHORT,1,0,0,0
BTCUSDT,1771063200000,2026-02-14T10:00:00.000Z,BULL,SHORT,17.5,12.909375,IGNORE,0,WATCH,,0,0,0,NA,NA,NA,NA,NA,CLEAR,1,0,0,0,0,TREND_REVERSAL_UNCONFIRMED,1,0.45,SHORT,1,0,0,0
BTCUSDT,1771066800000,2026-02-14T11:00:00.000Z,BULL,SHORT,55.34722222222222,52.13104166666666,WATCH,1,WATCH,ACTIVE,1,1,0,PASS,PASS,SKIP,SKIP,FAIL,CLEAR,1,0,0,0,0,MARKET_CONTEXT_DENIED,3,0.84,SHORT,0,1,0,0
BTCUSDT,1771070400000,2026-02-14T12:00:00.000Z,BULL,SHORT,42.5,18.534375,IGNORE,0,WATCH,,0,0,0,NA,NA,NA,NA,NA,CLEAR,1,0,0,0,0,TREND_REVERSAL_UNCONFIRMED,2,0.45,SHORT,1,0,0,0
BTCUSDT,1771074000000,2026-02-14T13:00:00.000Z,BULL,SHORT,42.5,18.534375,IGNORE,0,WATCH,,0,0,0,NA,NA,NA,NA,NA,WARNING_SOFT,1,0,0,0,0,TREND_REVERSAL_UNCONFIRMED,2,0.45,SHORT,1,0,0,0
BTCUSDT,1771077600000,2026-02-14T14:00:00.000Z,BULL,SHORT,0,7.875,IGNORE,0,WATCH,,0,0,0,NA,NA,NA,NA,NA,WARNING_SOFT,1,0,0,0,0,TREND_REVERSAL_UNCONFIRMED,0,0.45,SHORT,1,0,0,0
BTCUSDT,1771081200000,2026-02-14T15:00:00.000Z,BULL,SHORT,0,7.875,IGNORE,0,WATCH,,0,0,0,NA,NA,NA,NA,NA,CLEAR,1,0,0,0,0,TREND_REVERSAL_UNCONFIRMED,0,0.45,SHORT,1,0,0,0
BTCUSDT,1771084800000,2026-02-14T16:00:00.000Z,BULL,SHORT,17.53846796470544,12.912404352220554,IGNORE,0,WATCH,,0,0,0,NA,NA,NA,NA,NA,WARNING_SOFT,1,0,0,0,0,TREND_REVERSAL_UNCONFIRMED,1,0.45,SHORT,1,0,0,0
BTCUSDT,1771088400000,2026-02-14T17:00:00.000Z,BULL,SHORT,0,7.875,IGNORE,0,WATCH,,0,0,0,NA,NA,NA,NA,NA,CLEAR,1,0,0,0,0,TREND_REVERSAL_UNCONFIRMED,0,0.45,SHORT,1,0,0,0
BTCUSDT,1771092000000,2026-02-14T18:00:00.000Z,BULL,SHORT,25,13.5,IGNORE,0,WATCH,,0,0,0,NA,NA,NA,NA,NA,CLEAR,1,0,0,0,0,TREND_REVERSAL_UNCONFIRMED,1,0.45,SHORT,1,0,0,0
BTCUSDT,1771095600000,2026-02-14T19:00:00.000Z,BULL,SHORT,0,7.875,IGNORE,0,WATCH,,0,0,0,NA,NA,NA,NA,NA,CLEAR,1,0,0,0,0,TREND_REVERSAL_UNCONFIRMED,0,0.45,SHORT,1,0,0,0
BTCUSDT,1771099200000,2026-02-14T20:00:00.000Z,BULL,SHORT,0,7.875,IGNORE,0,WATCH,,0,0,0,NA,NA,NA,NA,NA,CLEAR,1,0,0,0,0,TREND_REVERSAL_UNCONFIRMED,0,0.45,SHORT,1,0,0,0
BTCUSDT,1771102800000,2026-02-14T21:00:00.000Z,BULL,SHORT,12.807506482522697,12.539841135498662,IGNORE,0,WATCH,,0,0,0,NA,NA,NA,NA,NA,CLEAR,1,0,0,0,0,TREND_REVERSAL_UNCONFIRMED,1,0.45,SHORT,1,0,0,0
BTCUSDT,1771106400000,2026-02-14T22:00:00.000Z,BULL,SHORT,0,7.875,IGNORE,0,WATCH,,0,0,0,NA,NA,NA,NA,NA,CLEAR,1,0,0,0,0,TREND_REVERSAL_UNCONFIRMED,0,0.45,SHORT,1,0,0,0
BTCUSDT,1771110000000,2026-02-14T23:00:00.000Z,BULL,SHORT,0,7.875,IGNORE,0,WATCH,,0,0,0,NA,NA,NA,NA,NA,CLEAR,1,0,0,0,0,TREND_REVERSAL_UNCONFIRMED,0,0.45,SHORT,1,0,0,0
BTCUSDT,1771113600000,2026-02-15T00:00:00.000Z,BULL,SHORT,17.5,12.909375,IGNORE,0,WATCH,,0,0,0,NA,NA,NA,NA,NA,WARNING_SOFT,1,0,0,0,0,TREND_REVERSAL_UNCONFIRMED,1,0.45,SHORT,1,0,0,0
BTCUSDT,1771117200000,2026-02-15T01:00:00.000Z,BULL,SHORT,42.5,18.534375,IGNORE,0,WATCH,,0,0,0,NA,NA,NA,NA,NA,WARNING_SOFT,1,0,0,0,0,TREND_REVERSAL_UNCONFIRMED,2,0.45,SHORT,1,0,0,0
BTCUSDT,1771120800000,2026-02-15T02:00:00.000Z,NEUTRAL,NONE,0,7.875,IGNORE,0,WATCH,,0,0,0,NA,NA,NA,NA,NA,WARNING_SOFT,1,0,0,0,0,TREND_REVERSAL_UNCONFIRMED,0,0.45,NONE,1,0,0,0
BTCUSDT,1771124400000,2026-02-15T03:00:00.000Z,BULL,SHORT,33.56238589708407,17.830537889395373,IGNORE,0,WATCH,,0,0,0,NA,NA,NA,NA,NA,WARNING_SOFT,1,0,0,0,0,TREND_REVERSAL_UNCONFIRMED,2,0.45,SHORT,1,0,0,0
BTCUSDT,1771128000000,2026-02-15T04:00:00.000Z,BULL,SHORT,41.56390507671941,18.460657524791653,IGNORE,0,WATCH,,0,0,0,NA,NA,NA,NA,NA,CLEAR,1,0,0,0,0,TREND_REVERSAL_UNCONFIRMED,2,0.45,SHORT,1,0,0,0
BTCUSDT,1771131600000,2026-02-15T05:00:00.000Z,BULL,SHORT,17.5,12.909375,IGNORE,0,WATCH,,0,0,0,NA,NA,NA,NA,NA,CLEAR,1,0,0,0,0,TREND_REVERSAL_UNCONFIRMED,1,0.45,SHORT,1,0,0,0
BTCUSDT,1771135200000,2026-02-15T06:00:00.000Z,BULL,SHORT,17.5,12.909375,IGNORE,0,WATCH,,0,0,0,NA,NA,NA,NA,NA,CLEAR,1,0,0,0,0,TREND_REVERSAL_UNCONFIRMED,1,0.45,SHORT,1,0,0,0
BTCUSDT,1771138800000,2026-02-15T07:00:00.000Z,BULL,SHORT,45.958191845526876,22.462957607835243,IGNORE,0,WATCH,,0,0,0,NA,NA,NA,NA,NA,CLEAR,1,0,0,0,0,TREND_REVERSAL_UNCONFIRMED,3,0.45,SHORT,1,0,0,0
BTCUSDT,1771142400000,2026-02-15T08:00:00.000Z,BULL,SHORT,61.61941452195239,53.053053934727004,WATCH,1,WATCH,ACTIVE,1,1,0,PASS,PASS,SKIP,SKIP,FAIL,CLEAR,1,0,0,0,0,MARKET_CONTEXT_DENIED,3,0.84,SHORT,0,1,0,0
BTCUSDT,1771146000000,2026-02-15T09:00:00.000Z,BULL,SHORT,17.5,12.909375,IGNORE,0,WATCH,,0,0,0,NA,NA,NA,NA,NA,CLEAR,1,0,0,0,0,TREND_REVERSAL_UNCONFIRMED,1,0.45,SHORT,1,0,0,0
BTCUSDT,1771149600000,2026-02-15T10:00:00.000Z,BULL,SHORT,17.5,12.909375,IGNORE,0,WATCH,,0,0,0,NA,NA,NA,NA,NA,CLEAR,1,0,0,0,0,TREND_REVERSAL_UNCONFIRMED,1,0.45,SHORT,1,0,0,0
BTCUSDT,1771153200000,2026-02-15T11:00:00.000Z,BULL,SHORT,0,7.875,IGNORE,0,WATCH,,0,0,0,NA,NA,NA,NA,NA,CLEAR,1,0,0,0,0,TREND_REVERSAL_UNCONFIRMED,0,0.45,SHORT,1,0,0,0
BTCUSDT,1771156800000,2026-02-15T12:00:00.000Z,NEUTRAL,NONE,0,7.875,IGNORE,0,WATCH,,0,0,0,NA,NA,NA,NA,NA,BLOCK,0,0,0,0,0,TREND_REVERSAL_UNCONFIRMED,0,0.45,NONE,1,0,0,0
BTCUSDT,1771160400000,2026-02-15T13:00:00.000Z,NEUTRAL,NONE,0,7.875,IGNORE,0,WATCH,,0,0,0,NA,NA,NA,NA,NA,BLOCK,0,0,1,0,0,TREND_REVERSAL_UNCONFIRMED,0,0.45,NONE,1,0,0,0
BTCUSDT,1771164000000,2026-02-15T14:00:00.000Z,NEUTRAL,NONE,0,7.875,IGNORE,0,WATCH,,0,0,0,NA,NA,NA,NA,NA,WARNING_SOFT,1,0,0,0,0,TREND_REVERSAL_UNCONFIRMED,0,0.45,NONE,1,0,0,0
BTCUSDT,1771167600000,2026-02-15T15:00:00.000Z,NEUTRAL,NONE,0,7.875,IGNORE,0,WATCH,,0,0,0,NA,NA,NA,NA,NA,WARNING_SOFT,1,0,0,0,0,TREND_REVERSAL_UNCONFIRMED,0,0.45,NONE,1,0,0,0
BTCUSDT,1771171200000,2026-02-15T16:00:00.000Z,NEUTRAL,NONE,0,7.875,IGNORE,0,WATCH,,0,0,0,NA,NA,NA,NA,NA,WARNING_SOFT,1,0,0,0,0,TREND_REVERSAL_UNCONFIRMED,0,0.45,NONE,1,0,0,0
BTCUSDT,1771174800000,2026-02-15T17:00:00.000Z,NEUTRAL,NONE,0,7.875,IGNORE,0,WATCH,,0,0,0,NA,NA,NA,NA,NA,WARNING_SOFT,1,0,0,0,0,TREND_REVERSAL_UNCONFIRMED,0,0.45,NONE,1,0,0,0
BTCUSDT,1771178400000,2026-02-15T18:00:00.000Z,NEUTRAL,NONE,0,7.875,IGNORE,0,WATCH,,0,0,0,NA,NA,NA,NA,NA,WARNING_SOFT,1,0,0,0,0,TREND_REVERSAL_UNCONFIRMED,0,0.45,NONE,1,0,0,0
BTCUSDT,1771182000000,2026-02-15T19:00:00.000Z,NEUTRAL,NONE,0,7.875,IGNORE,0,WATCH,,0,0,0,NA,NA,NA,NA,NA,BLOCK,0,0,0,0,0,TREND_REVERSAL_UNCONFIRMED,0,0.45,NONE,1,0,0,0
BTCUSDT,1771185600000,2026-02-15T20:00:00.000Z,NEUTRAL,NONE,0,7.875,IGNORE,0,WATCH,,0,0,0,NA,NA,NA,NA,NA,WARNING_SOFT,1,0,0,0,0,TREND_REVERSAL_UNCONFIRMED,0,0.45,NONE,1,0,0,0
BTCUSDT,1771189200000,2026-02-15T21:00:00.000Z,NEUTRAL,NONE,0,7.875,IGNORE,0,WATCH,,0,0,0,NA,NA,NA,NA,NA,WARNING_SOFT,1,0,0,0,0,TREND_REVERSAL_UNCONFIRMED,0,0.45,NONE,1,0,0,0
BTCUSDT,1771192800000,2026-02-15T22:00:00.000Z,NEUTRAL,NONE,0,7.875,IGNORE,0,WATCH,,0,0,0,NA,NA,NA,NA,NA,WARNING_SOFT,1,0,0,0,0,TREND_REVERSAL_UNCONFIRMED,0,0.45,NONE,1,0,0,0
BTCUSDT,1771196400000,2026-02-15T23:00:00.000Z,NEUTRAL,NONE,0,7.875,IGNORE,0,WATCH,,0,0,0,NA,NA,NA,NA,NA,WARNING_SOFT,1,0,0,0,0,TREND_REVERSAL_UNCONFIRMED,0,0.45,NONE,1,0,0,0
BTCUSDT,1771200000000,2026-02-16T00:00:00.000Z,BEAR,LONG,0,7.875,IGNORE,0,WATCH,,0,0,0,NA,NA,NA,NA,NA,CLEAR,1,0,0,0,0,TREND_REVERSAL_UNCONFIRMED,0,0.45,LONG,1,0,0,0
BTCUSDT,1771203600000,2026-02-16T01:00:00.000Z,BEAR,LONG,0,7.875,IGNORE,0,WATCH,,0,0,0,NA,NA,NA,NA,NA,CLEAR,1,0,0,0,0,TREND_REVERSAL_UNCONFIRMED,0,0.45,LONG,1,0,0,0
BTCUSDT,1771207200000,2026-02-16T02:00:00.000Z,BEAR,LONG,0,7.875,IGNORE,0,WATCH,,0,0,0,NA,NA,NA,NA,NA,CLEAR,1,0,0,0,0,TREND_REVERSAL_UNCONFIRMED,0,0.45,LONG,1,0,0,0
BTCUSDT,1771210800000,2026-02-16T03:00:00.000Z,BEAR,LONG,25,13.5,IGNORE,0,WATCH,,0,0,0,NA,NA,NA,NA,NA,CLEAR,1,0,0,0,0,TREND_REVERSAL_UNCONFIRMED,1,0.45,LONG,1,0,0,0
BTCUSDT,1771214400000,2026-02-16T04:00:00.000Z,BEAR,LONG,0,7.875,IGNORE,0,WATCH,,0,0,0,NA,NA,NA,NA,NA,WARNING_SOFT,1,0,0,0,0,TREND_REVERSAL_UNCONFIRMED,0,0.45,LONG,1,0,0,0
BTCUSDT,1771218000000,2026-02-16T05:00:00.000Z,BEAR,LONG,0,7.875,IGNORE,0,WATCH,,0,0,0,NA,NA,NA,NA,NA,WARNING_SOFT,1,0,0,0,0,TREND_REVERSAL_UNCONFIRMED,0,0.45,LONG,1,0,0,0
BTCUSDT,1771221600000,2026-02-16T06:00:00.000Z,BEAR,LONG,17.5,12.909375,IGNORE,0,WATCH,,0,0,0,NA,NA,NA,NA,NA,CLEAR,1,0,0,0,0,TREND_REVERSAL_UNCONFIRMED,1,0.45,LONG,1,0,0,0
BTCUSDT,1771225200000,2026-02-16T07:00:00.000Z,BEAR,LONG,17.5,12.909375,IGNORE,0,WATCH,,0,0,0,NA,NA,NA,NA,NA,CLEAR,1,0,0,0,0,TREND_REVERSAL_UNCONFIRMED,1,0.45,LONG,1,0,0,0
BTCUSDT,1771228800000,2026-02-16T08:00:00.000Z,BEAR,LONG,17.5,12.909375,IGNORE,0,WATCH,,0,0,0,NA,NA,NA,NA,NA,WARNING_SOFT,1,0,0,0,0,TREND_REVERSAL_UNCONFIRMED,1,0.45,LONG,1,0,0,0
BTCUSDT,1771232400000,2026-02-16T09:00:00.000Z,NEUTRAL,NONE,0,7.875,IGNORE,0,WATCH,,0,0,0,NA,NA,NA,NA,NA,CLEAR,1,0,0,0,0,TREND_REVERSAL_UNCONFIRMED,0,0.45,NONE,1,0,0,0
BTCUSDT,1771236000000,2026-02-16T10:00:00.000Z,BEAR,LONG,17.5,12.909375,IGNORE,0,WATCH,,0,0,0,NA,NA,NA,NA,NA,WARNING_SOFT,1,0,0,0,0,TREND_REVERSAL_UNCONFIRMED,1,0.45,LONG,1,0,0,0
BTCUSDT,1771239600000,2026-02-16T11:00:00.000Z,BEAR,LONG,34.045652468865754,17.86859513192318,IGNORE,0,WATCH,,0,0,0,NA,NA,NA,NA,NA,WARNING_SOFT,1,0,0,0,0,TREND_REVERSAL_UNCONFIRMED,2,0.45,LONG,1,0,0,0
BTCUSDT,1771243200000,2026-02-16T12:00:00.000Z,NEUTRAL,NONE,0,7.875,IGNORE,0,WATCH,,0,0,0,NA,NA,NA,NA,NA,CLEAR,1,0,0,0,0,TREND_REVERSAL_UNCONFIRMED,0,0.45,NONE,1,0,0,0
BTCUSDT,1771246800000,2026-02-16T13:00:00.000Z,BEAR,LONG,42.5,18.534375,IGNORE,0,WATCH,,0,0,0,NA,NA,NA,NA,NA,WARNING_SOFT,1,0,0,0,0,TREND_REVERSAL_UNCONFIRMED,2,0.45,LONG,1,0,0,0
BTCUSDT,1771250400000,2026-02-16T14:00:00.000Z,BEAR,LONG,35.758320783675515,18.003467761714447,IGNORE,0,WATCH,,0,0,0,NA,NA,NA,NA,NA,CLEAR,1,0,0,0,0,TREND_REVERSAL_UNCONFIRMED,2,0.45,LONG,1,0,0,0
BTCUSDT,1771254000000,2026-02-16T15:00:00.000Z,BEAR,LONG,42.5,18.534375,IGNORE,0,WATCH,,0,0,0,NA,NA,NA,NA,NA,CLEAR,1,0,1,0,0,TREND_REVERSAL_UNCONFIRMED,2,0.45,LONG,1,0,0,0
BTCUSDT,1771257600000,2026-02-16T16:00:00.000Z,BEAR,LONG,55.41963751717505,52.141686715024726,WATCH,1,WATCH,ACTIVE,1,1,0,PASS,PASS,SKIP,SKIP,FAIL,CLEAR,1,0,0,0,0,MARKET_CONTEXT_DENIED,3,0.84,LONG,0,1,0,0
BTCUSDT,1771261200000,2026-02-16T17:00:00.000Z,BEAR,LONG,17.5,12.909375,IGNORE,0,WATCH,,0,0,0,NA,NA,NA,NA,NA,CLEAR,1,0,0,0,0,TREND_REVERSAL_UNCONFIRMED,1,0.45,LONG,1,0,0,0
BTCUSDT,1771264800000,2026-02-16T18:00:00.000Z,BEAR,LONG,0,7.875,IGNORE,0,WATCH,,0,0,0,NA,NA,NA,NA,NA,CLEAR,1,0,0,0,0,TREND_REVERSAL_UNCONFIRMED,0,0.45,LONG,1,0,0,0
BTCUSDT,1771268400000,2026-02-16T19:00:00.000Z,BEAR,LONG,0,7.875,IGNORE,0,WATCH,,0,0,0,NA,NA,NA,NA,NA,CLEAR,1,0,0,0,0,TREND_REVERSAL_UNCONFIRMED,0,0.45,LONG,1,0,0,0
BTCUSDT,1771272000000,2026-02-16T20:00:00.000Z,NEUTRAL,NONE,0,7.875,IGNORE,0,WATCH,,0,0,0,NA,NA,NA,NA,NA,WARNING_SOFT,1,0,0,0,0,TREND_REVERSAL_UNCONFIRMED,0,0.45,NONE,1,0,0,0
BTCUSDT,1771275600000,2026-02-16T21:00:00.000Z,NEUTRAL,NONE,0,7.875,IGNORE,0,WATCH,,0,0,0,NA,NA,NA,NA,NA,CLEAR,1,0,0,0,0,TREND_REVERSAL_UNCONFIRMED,0,0.45,NONE,1,0,0,0
BTCUSDT,1771279200000,2026-02-16T22:00:00.000Z,NEUTRAL,NONE,0,7.875,IGNORE,0,WATCH,,0,0,0,NA,NA,NA,NA,NA,CLEAR,1,0,0,0,0,TREND_REVERSAL_UNCONFIRMED,0,0.45,NONE,1,0,0,0
BTCUSDT,1771282800000,2026-02-16T23:00:00.000Z,NEUTRAL,NONE,0,7.875,IGNORE,0,WATCH,,0,0,0,NA,NA,NA,NA,NA,CLEAR,1,0,0,0,0,TREND_REVERSAL_UNCONFIRMED,0,0.45,NONE,1,0,0,0
BTCUSDT,1771286400000,2026-02-17T00:00:00.000Z,NEUTRAL,NONE,0,7.875,IGNORE,0,WATCH,,0,0,0,NA,NA,NA,NA,NA,CLEAR,1,0,0,0,0,TREND_REVERSAL_UNCONFIRMED,0,0.45,NONE,1,0,0,0
BTCUSDT,1771290000000,2026-02-17T01:00:00.000Z,NEUTRAL,NONE,0,7.875,IGNORE,0,WATCH,,0,0,0,NA,NA,NA,NA,NA,CLEAR,1,0,0,0,0,TREND_REVERSAL_UNCONFIRMED,0,0.45,NONE,1,0,0,0
BTCUSDT,1771293600000,2026-02-17T02:00:00.000Z,NEUTRAL,NONE,0,7.875,IGNORE,0,WATCH,,0,0,0,NA,NA,NA,NA,NA,CLEAR,1,0,0,0,0,TREND_REVERSAL_UNCONFIRMED,0,0.45,NONE,1,0,0,0
BTCUSDT,1771297200000,2026-02-17T03:00:00.000Z,BEAR,LONG,0,7.875,IGNORE,0,WATCH,,0,0,0,NA,NA,NA,NA,NA,WARNING_SOFT,1,0,0,0,0,TREND_REVERSAL_UNCONFIRMED,0,0.45,LONG,1,0,0,0
BTCUSDT,1771300800000,2026-02-17T04:00:00.000Z,BEAR,LONG,0,7.875,IGNORE,0,WATCH,,0,0,0,NA,NA,NA,NA,NA,CLEAR,1,0,0,0,0,TREND_REVERSAL_UNCONFIRMED,0,0.45,LONG,1,0,0,0
BTCUSDT,1771304400000,2026-02-17T05:00:00.000Z,BEAR,LONG,0,7.875,IGNORE,0,WATCH,,0,0,0,NA,NA,NA,NA,NA,CLEAR,1,0,0,0,0,TREND_REVERSAL_UNCONFIRMED,0,0.45,LONG,1,0,0,0
BTCUSDT,1771308000000,2026-02-17T06:00:00.000Z,BEAR,LONG,24.569512500000002,13.466099109375,IGNORE,0,WATCH,,0,0,0,NA,NA,NA,NA,NA,CLEAR,1,0,0,0,0,TREND_REVERSAL_UNCONFIRMED,1,0.45,LONG,1,0,0,0
BTCUSDT,1771311600000,2026-02-17T07:00:00.000Z,BEAR,LONG,0,7.875,IGNORE,0,WATCH,,0,0,0,NA,NA,NA,NA,NA,CLEAR,1,0,0,0,0,TREND_REVERSAL_UNCONFIRMED,0,0.45,LONG,1,0,0,0
BTCUSDT,1771315200000,2026-02-17T08:00:00.000Z,BEAR,LONG,17.5,12.909375,IGNORE,0,WATCH,,0,0,0,NA,NA,NA,NA,NA,CLEAR,1,0,0,0,0,TREND_REVERSAL_UNCONFIRMED,1,0.45,LONG,1,0,0,0
BTCUSDT,1771318800000,2026-02-17T09:00:00.000Z,BEAR,LONG,17.5,12.909375,IGNORE,0,WATCH,,0,0,0,NA,NA,NA,NA,NA,CLEAR,1,0,0,0,0,TREND_REVERSAL_UNCONFIRMED,1,0.45,LONG,1,0,0,0
BTCUSDT,1771322400000,2026-02-17T10:00:00.000Z,BEAR,LONG,17.5,12.909375,IGNORE,0,WATCH,,0,0,0,NA,NA,NA,NA,NA,CLEAR,1,0,0,0,0,TREND_REVERSAL_UNCONFIRMED,1,0.45,LONG,1,0,0,0
BTCUSDT,1771326000000,2026-02-17T11:00:00.000Z,BEAR,LONG,17.5,12.909375,IGNORE,0,WATCH,,0,0,0,NA,NA,NA,NA,NA,CLEAR,1,0,0,0,0,TREND_REVERSAL_UNCONFIRMED,1,0.45,LONG,1,0,0,0
BTCUSDT,1771329600000,2026-02-17T12:00:00.000Z,BEAR,LONG,58.48697942661602,52.59258597571255,WATCH,1,WATCH,ACTIVE,1,1,0,PASS,PASS,SKIP,SKIP,FAIL,CLEAR,1,0,0,0,0,MARKET_CONTEXT_DENIED,3,0.84,LONG,0,1,0,0
BTCUSDT,1771333200000,2026-02-17T13:00:00.000Z,BEAR,LONG,20.172135187295485,13.11980564599952,IGNORE,0,WATCH,,0,0,0,NA,NA,NA,NA,NA,CLEAR,1,0,0,0,0,TREND_REVERSAL_UNCONFIRMED,1,0.45,LONG,1,0,0,0
BTCUSDT,1771336800000,2026-02-17T14:00:00.000Z,BEAR,LONG,25,13.5,IGNORE,0,WATCH,,0,0,0,NA,NA,NA,NA,NA,CLEAR,1,0,0,0,0,TREND_REVERSAL_UNCONFIRMED,1,0.45,LONG,1,0,0,0
BTCUSDT,1771340400000,2026-02-17T15:00:00.000Z,BEAR,LONG,25,13.5,IGNORE,0,WATCH,,0,0,0,NA,NA,NA,NA,NA,CLEAR,1,0,0,0,0,TREND_REVERSAL_UNCONFIRMED,1,0.45,LONG,1,0,0,0
BTCUSDT,1771344000000,2026-02-17T16:00:00.000Z,BEAR,LONG,25,13.5,IGNORE,0,WATCH,,0,0,0,NA,NA,NA,NA,NA,CLEAR,1,0,0,0,0,TREND_REVERSAL_UNCONFIRMED,1,0.45,LONG,1,0,0,0
BTCUSDT,1771347600000,2026-02-17T17:00:00.000Z,BEAR,LONG,19.53685283980928,13.069777161134983,IGNORE,0,WATCH,,0,0,0,NA,NA,NA,NA,NA,CLEAR,1,0,0,0,0,TREND_REVERSAL_UNCONFIRMED,1,0.45,LONG,1,0,0,0
BTCUSDT,1771351200000,2026-02-17T18:00:00.000Z,NEUTRAL,NONE,0,7.875,IGNORE,0,WATCH,,0,0,0,NA,NA,NA,NA,NA,WARNING_SOFT,1,0,0,0,0,TREND_REVERSAL_UNCONFIRMED,0,0.45,NONE,1,0,0,0
BTCUSDT,1771354800000,2026-02-17T19:00:00.000Z,BEAR,LONG,0,7.875,IGNORE,0,WATCH,,0,0,0,NA,NA,NA,NA,NA,WARNING_SOFT,1,0,0,0,0,TREND_REVERSAL_UNCONFIRMED,0,0.45,LONG,1,0,0,0
BTCUSDT,1771358400000,2026-02-17T20:00:00.000Z,BEAR,LONG,0,7.875,IGNORE,0,WATCH,,0,0,0,NA,NA,NA,NA,NA,WARNING_SOFT,1,0,0,0,0,TREND_REVERSAL_UNCONFIRMED,0,0.45,LONG,1,0,0,0
BTCUSDT,1771362000000,2026-02-17T21:00:00.000Z,BEAR,LONG,0,7.875,IGNORE,0,WATCH,,0,0,0,NA,NA,NA,NA,NA,CLEAR,1,0,0,0,0,TREND_REVERSAL_UNCONFIRMED,0,0.45,LONG,1,0,0,0
BTCUSDT,1771365600000,2026-02-17T22:00:00.000Z,BEAR,LONG,0,7.875,IGNORE,0,WATCH,,0,0,0,NA,NA,NA,NA,NA,CLEAR,1,0,0,0,0,TREND_REVERSAL_UNCONFIRMED,0,0.45,LONG,1,0,0,0
BTCUSDT,1771369200000,2026-02-17T23:00:00.000Z,BEAR,LONG,18.969862500000012,13.025126671875002,IGNORE,0,WATCH,,0,0,0,NA,NA,NA,NA,NA,CLEAR,1,0,0,0,0,TREND_REVERSAL_UNCONFIRMED,1,0.45,LONG,1,0,0,0
BTCUSDT,1771372800000,2026-02-18T00:00:00.000Z,BEAR,LONG,0,7.875,IGNORE,0,WATCH,,0,0,0,NA,NA,NA,NA,NA,CLEAR,1,0,0,0,0,TREND_REVERSAL_UNCONFIRMED,0,0.45,LONG,1,0,0,0
BTCUSDT,1771376400000,2026-02-18T01:00:00.000Z,BEAR,LONG,12.847222222222221,12.54296875,IGNORE,0,WATCH,,0,0,0,NA,NA,NA,NA,NA,CLEAR,1,0,0,0,0,TREND_REVERSAL_UNCONFIRMED,1,0.45,LONG,1,0,0,0
BTCUSDT,1771380000000,2026-02-18T02:00:00.000Z,BEAR,LONG,0,7.875,IGNORE,0,WATCH,,0,0,0,NA,NA,NA,NA,NA,CLEAR,1,0,0,0,0,TREND_REVERSAL_UNCONFIRMED,0,0.45,LONG,1,0,0,0
BTCUSDT,1771383600000,2026-02-18T03:00:00.000Z,BEAR,LONG,0,7.875,IGNORE,0,WATCH,,0,0,0,NA,NA,NA,NA,NA,WARNING_SOFT,1,0,0,0,0,TREND_REVERSAL_UNCONFIRMED,0,0.45,LONG,1,0,0,0
BTCUSDT,1771387200000,2026-02-18T04:00:00.000Z,NEUTRAL,NONE,0,7.875,IGNORE,0,WATCH,,0,0,0,NA,NA,NA,NA,NA,CLEAR,1,0,0,0,0,TREND_REVERSAL_UNCONFIRMED,0,0.45,NONE,1,0,0,0
BTCUSDT,1771390800000,2026-02-18T05:00:00.000Z,BEAR,LONG,17.5,12.909375,IGNORE,0,WATCH,,0,0,0,NA,NA,NA,NA,NA,BLOCK,0,0,0,0,0,TREND_REVERSAL_UNCONFIRMED,1,0.45,LONG,1,0,0,0
BTCUSDT,1771394400000,2026-02-18T06:00:00.000Z,NEUTRAL,NONE,0,7.875,IGNORE,0,WATCH,,0,0,0,NA,NA,NA,NA,NA,CLEAR,1,0,0,0,0,TREND_REVERSAL_UNCONFIRMED,0,0.45,NONE,1,0,0,0
BTCUSDT,1771398000000,2026-02-18T07:00:00.000Z,NEUTRAL,NONE,0,7.875,IGNORE,0,WATCH,,0,0,0,NA,NA,NA,NA,NA,CLEAR,1,0,0,0,0,TREND_REVERSAL_UNCONFIRMED,0,0.45,NONE,1,0,0,0
BTCUSDT,1771401600000,2026-02-18T08:00:00.000Z,NEUTRAL,NONE,0,7.875,IGNORE,0,WATCH,,0,0,0,NA,NA,NA,NA,NA,CLEAR,1,0,0,0,0,TREND_REVERSAL_UNCONFIRMED,0,0.45,NONE,1,0,0,0
BTCUSDT,1771405200000,2026-02-18T09:00:00.000Z,NEUTRAL,NONE,0,7.875,IGNORE,0,WATCH,,0,0,0,NA,NA,NA,NA,NA,CLEAR,1,0,0,0,0,TREND_REVERSAL_UNCONFIRMED,0,0.45,NONE,1,0,0,0
BTCUSDT,1771408800000,2026-02-18T10:00:00.000Z,BEAR,LONG,17.5,12.909375,IGNORE,0,WATCH,,0,0,0,NA,NA,NA,NA,NA,WARNING_SOFT,1,0,0,0,0,TREND_REVERSAL_UNCONFIRMED,1,0.45,LONG,1,0,0,0
BTCUSDT,1771412400000,2026-02-18T11:00:00.000Z,BEAR,LONG,67.5,53.9175,WATCH,1,WATCH,ACTIVE,1,1,0,PASS,PASS,SKIP,SKIP,FAIL,CLEAR,1,0,0,0,0,MARKET_CONTEXT_DENIED,3,0.84,LONG,0,1,0,0
BTCUSDT,1771416000000,2026-02-18T12:00:00.000Z,BEAR,LONG,17.5,12.909375,IGNORE,0,WATCH,,0,0,0,NA,NA,NA,NA,NA,CLEAR,1,0,0,0,0,TREND_REVERSAL_UNCONFIRMED,1,0.45,LONG,1,0,0,0
BTCUSDT,1771419600000,2026-02-18T13:00:00.000Z,BEAR,LONG,30.983283292737863,17.627433559303107,IGNORE,0,WATCH,,0,0,0,NA,NA,NA,NA,NA,CLEAR,1,0,0,0,0,TREND_REVERSAL_UNCONFIRMED,2,0.45,LONG,1,0,0,0
BTCUSDT,1771423200000,2026-02-18T14:00:00.000Z,BEAR,LONG,42.5,18.534375,IGNORE,0,WATCH,,0,0,0,NA,NA,NA,NA,NA,CLEAR,1,0,1,0,0,TREND_REVERSAL_UNCONFIRMED,2,0.45,LONG,1,0,0,0
BTCUSDT,1771426800000,2026-02-18T15:00:00.000Z,NEUTRAL,NONE,0,7.875,IGNORE,0,WATCH,,0,0,0,NA,NA,NA,NA,NA,BLOCK,0,0,0,0,0,TREND_REVERSAL_UNCONFIRMED,0,0.45,NONE,1,0,0,0
BTCUSDT,1771430400000,2026-02-18T16:00:00.000Z,BEAR,LONG,42.5,18.534375,IGNORE,0,WATCH,,0,0,0,NA,NA,NA,NA,NA,CLEAR,1,0,0,0,0,TREND_REVERSAL_UNCONFIRMED,2,0.45,LONG,1,0,0,0
BTCUSDT,1771434000000,2026-02-18T17:00:00.000Z,BEAR,LONG,0,7.875,IGNORE,0,WATCH,,0,0,0,NA,NA,NA,NA,NA,CLEAR,1,0,0,0,0,TREND_REVERSAL_UNCONFIRMED,0,0.45,LONG,1,0,0,0
BTCUSDT,1771437600000,2026-02-18T18:00:00.000Z,BEAR,LONG,25,13.5,IGNORE,0,WATCH,,0,0,0,NA,NA,NA,NA,NA,CLEAR,1,0,0,0,0,TREND_REVERSAL_UNCONFIRMED,1,0.45,LONG,1,0,0,0
BTCUSDT,1771441200000,2026-02-18T19:00:00.000Z,BEAR,LONG,25,13.5,IGNORE,0,WATCH,,0,0,0,NA,NA,NA,NA,NA,CLEAR,1,0,0,0,0,TREND_REVERSAL_UNCONFIRMED,1,0.45,LONG,1,0,0,0
BTCUSDT,1771444800000,2026-02-18T20:00:00.000Z,BEAR,LONG,25,13.5,IGNORE,0,WATCH,,0,0,0,NA,NA,NA,NA,NA,CLEAR,1,0,0,0,0,TREND_REVERSAL_UNCONFIRMED,1,0.45,LONG,1,0,0,0
BTCUSDT,1771448400000,2026-02-18T21:00:00.000Z,BEAR,LONG,0,7.875,IGNORE,0,WATCH,,0,0,0,NA,NA,NA,NA,NA,CLEAR,1,0,0,0,0,TREND_REVERSAL_UNCONFIRMED,0,0.45,LONG,1,0,0,0
BTCUSDT,1771452000000,2026-02-18T22:00:00.000Z,BEAR,LONG,0,7.875,IGNORE,0,WATCH,,0,0,0,NA,NA,NA,NA,NA,CLEAR,1,0,0,0,0,TREND_REVERSAL_UNCONFIRMED,0,0.45,LONG,1,0,0,0
BTCUSDT,1771455600000,2026-02-18T23:00:00.000Z,BEAR,LONG,0,7.875,IGNORE,0,WATCH,,0,0,0,NA,NA,NA,NA,NA,CLEAR,1,0,0,0,0,TREND_REVERSAL_UNCONFIRMED,0,0.45,LONG,1,0,0,0
BTCUSDT,1771459200000,2026-02-19T00:00:00.000Z,BEAR,LONG,0,7.875,IGNORE,0,WATCH,,0,0,0,NA,NA,NA,NA,NA,CLEAR,1,0,0,0,0,TREND_REVERSAL_UNCONFIRMED,0,0.45,LONG,1,0,0,0
BTCUSDT,1771462800000,2026-02-19T01:00:00.000Z,BEAR,LONG,0,7.875,IGNORE,0,WATCH,,0,0,0,NA,NA,NA,NA,NA,WARNING_SOFT,1,0,0,0,0,TREND_REVERSAL_UNCONFIRMED,0,0.45,LONG,1,0,0,0
BTCUSDT,1771466400000,2026-02-19T02:00:00.000Z,BEAR,LONG,0,7.875,IGNORE,0,WATCH,,0,0,0,NA,NA,NA,NA,NA,WARNING_SOFT,1,0,0,0,0,TREND_REVERSAL_UNCONFIRMED,0,0.45,LONG,1,0,0,0
BTCUSDT,1771470000000,2026-02-19T03:00:00.000Z,NEUTRAL,NONE,0,7.875,IGNORE,0,WATCH,,0,0,0,NA,NA,NA,NA,NA,CLEAR,1,0,0,0,0,TREND_REVERSAL_UNCONFIRMED,0,0.45,NONE,1,0,0,0
BTCUSDT,1771473600000,2026-02-19T04:00:00.000Z,BEAR,LONG,0,7.875,IGNORE,0,WATCH,,0,0,0,NA,NA,NA,NA,NA,WARNING_SOFT,1,0,0,0,0,TREND_REVERSAL_UNCONFIRMED,0,0.45,LONG,1,0,0,0
BTCUSDT,1771477200000,2026-02-19T05:00:00.000Z,BEAR,LONG,0,7.875,IGNORE,0,WATCH,,0,0,0,NA,NA,NA,NA,NA,WARNING_SOFT,1,0,0,0,0,TREND_REVERSAL_UNCONFIRMED,0,0.45,LONG,1,0,0,0
BTCUSDT,1771480800000,2026-02-19T06:00:00.000Z,NEUTRAL,NONE,0,7.875,IGNORE,0,WATCH,,0,0,0,NA,NA,NA,NA,NA,CLEAR,1,0,0,0,0,TREND_REVERSAL_UNCONFIRMED,0,0.45,NONE,1,0,0,0
BTCUSDT,1771484400000,2026-02-19T07:00:00.000Z,NEUTRAL,NONE,0,7.875,IGNORE,0,WATCH,,0,0,0,NA,NA,NA,NA,NA,CLEAR,1,0,0,0,0,TREND_REVERSAL_UNCONFIRMED,0,0.45,NONE,1,0,0,0
BTCUSDT,1771488000000,2026-02-19T08:00:00.000Z,BEAR,LONG,0,7.875,IGNORE,0,WATCH,,0,0,0,NA,NA,NA,NA,NA,BLOCK,0,0,0,0,0,TREND_REVERSAL_UNCONFIRMED,0,0.45,LONG,1,0,0,0
BTCUSDT,1771491600000,2026-02-19T09:00:00.000Z,BEAR,LONG,0,7.875,IGNORE,0,WATCH,,0,0,0,NA,NA,NA,NA,NA,WARNING_SOFT,1,0,0,0,0,TREND_REVERSAL_UNCONFIRMED,0,0.45,LONG,1,0,0,0
BTCUSDT,1771495200000,2026-02-19T10:00:00.000Z,BEAR,LONG,0,7.875,IGNORE,0,WATCH,,0,0,0,NA,NA,NA,NA,NA,WARNING_SOFT,1,0,0,0,0,TREND_REVERSAL_UNCONFIRMED,0,0.45,LONG,1,0,0,0
BTCUSDT,1771498800000,2026-02-19T11:00:00.000Z,BEAR,LONG,0,7.875,IGNORE,0,WATCH,,0,0,0,NA,NA,NA,NA,NA,CLEAR,1,0,0,0,0,TREND_REVERSAL_UNCONFIRMED,0,0.45,LONG,1,0,0,0
BTCUSDT,1771502400000,2026-02-19T12:00:00.000Z,BEAR,LONG,13.848844205004896,12.621846481144136,IGNORE,0,WATCH,,0,0,0,NA,NA,NA,NA,NA,CLEAR,1,0,0,0,0,TREND_REVERSAL_UNCONFIRMED,1,0.45,LONG,1,0,0,0
BTCUSDT,1771506000000,2026-02-19T13:00:00.000Z,BEAR,LONG,25,13.5,IGNORE,0,WATCH,,0,0,0,NA,NA,NA,NA,NA,CLEAR,1,0,1,0,0,TREND_REVERSAL_UNCONFIRMED,1,0.45,LONG,1,0,0,0
BTCUSDT,1771509600000,2026-02-19T14:00:00.000Z,BEAR,LONG,50,19.125,IGNORE,0,WATCH,,0,0,0,NA,NA,NA,NA,NA,CLEAR,1,0,0,0,0,TREND_REVERSAL_UNCONFIRMED,2,0.45,LONG,1,0,0,0
BTCUSDT,1771513200000,2026-02-19T15:00:00.000Z,BEAR,LONG,25,13.5,IGNORE,0,WATCH,,0,0,0,NA,NA,NA,NA,NA,CLEAR,1,0,0,0,0,TREND_REVERSAL_UNCONFIRMED,1,0.45,LONG,1,0,0,0
BTCUSDT,1771516800000,2026-02-19T16:00:00.000Z,BEAR,LONG,18.176137377179728,12.962620818452905,IGNORE,0,WATCH,,0,0,0,NA,NA,NA,NA,NA,CLEAR,1,0,0,0,0,TREND_REVERSAL_UNCONFIRMED,1,0.45,LONG,1,0,0,0
BTCUSDT,1771520400000,2026-02-19T17:00:00.000Z,BEAR,LONG,25,13.5,IGNORE,0,WATCH,,0,0,0,NA,NA,NA,NA,NA,WARNING_SOFT,1,0,0,0,0,TREND_REVERSAL_UNCONFIRMED,1,0.45,LONG,1,0,0,0
BTCUSDT,1771524000000,2026-02-19T18:00:00.000Z,NEUTRAL,NONE,0,7.875,IGNORE,0,WATCH,,0,0,0,NA,NA,NA,NA,NA,CLEAR,1,1,0,0,0,TREND_REVERSAL_UNCONFIRMED,0,0.45,NONE,1,0,0,0
BTCUSDT,1771527600000,2026-02-19T19:00:00.000Z,NEUTRAL,NONE,0,7.875,IGNORE,0,WATCH,,0,0,0,NA,NA,NA,NA,NA,CLEAR,1,0,0,0,0,TREND_REVERSAL_UNCONFIRMED,0,0.45,NONE,1,0,0,0
BTCUSDT,1771531200000,2026-02-19T20:00:00.000Z,NEUTRAL,NONE,0,7.875,IGNORE,0,WATCH,,0,0,0,NA,NA,NA,NA,NA,CLEAR,1,0,0,0,0,TREND_REVERSAL_UNCONFIRMED,0,0.45,NONE,1,0,0,0
BTCUSDT,1771534800000,2026-02-19T21:00:00.000Z,NEUTRAL,NONE,0,7.875,IGNORE,0,WATCH,,0,0,0,NA,NA,NA,NA,NA,CLEAR,1,0,0,0,0,TREND_REVERSAL_UNCONFIRMED,0,0.45,NONE,1,0,0,0
BTCUSDT,1771538400000,2026-02-19T22:00:00.000Z,NEUTRAL,NONE,0,7.875,IGNORE,0,WATCH,,0,0,0,NA,NA,NA,NA,NA,CLEAR,1,0,0,0,0,TREND_REVERSAL_UNCONFIRMED,0,0.45,NONE,1,0,0,0
BTCUSDT,1771542000000,2026-02-19T23:00:00.000Z,NEUTRAL,NONE,0,7.875,IGNORE,0,WATCH,,0,0,0,NA,NA,NA,NA,NA,CLEAR,1,0,0,0,0,TREND_REVERSAL_UNCONFIRMED,0,0.45,NONE,1,0,0,0
BTCUSDT,1771545600000,2026-02-20T00:00:00.000Z,NEUTRAL,NONE,0,7.875,IGNORE,0,WATCH,,0,0,0,NA,NA,NA,NA,NA,CLEAR,1,0,0,0,0,TREND_REVERSAL_UNCONFIRMED,0,0.45,NONE,1,0,0,0
BTCUSDT,1771549200000,2026-02-20T01:00:00.000Z,NEUTRAL,NONE,0,7.875,IGNORE,0,WATCH,,0,0,0,NA,NA,NA,NA,NA,CLEAR,1,0,0,0,0,TREND_REVERSAL_UNCONFIRMED,0,0.45,NONE,1,0,0,0
BTCUSDT,1771552800000,2026-02-20T02:00:00.000Z,NEUTRAL,NONE,0,7.875,IGNORE,0,WATCH,,0,0,0,NA,NA,NA,NA,NA,CLEAR,1,0,0,0,0,TREND_REVERSAL_UNCONFIRMED,0,0.45,NONE,1,0,0,0
BTCUSDT,1771556400000,2026-02-20T03:00:00.000Z,NEUTRAL,NONE,0,7.875,IGNORE,0,WATCH,,0,0,0,NA,NA,NA,NA,NA,CLEAR,1,0,0,0,0,TREND_REVERSAL_UNCONFIRMED,0,0.45,NONE,1,0,0,0
BTCUSDT,1771560000000,2026-02-20T04:00:00.000Z,NEUTRAL,NONE,0,7.875,IGNORE,0,WATCH,,0,0,0,NA,NA,NA,NA,NA,CLEAR,1,0,0,0,0,TREND_REVERSAL_UNCONFIRMED,0,0.45,NONE,1,0,0,0
BTCUSDT,1771563600000,2026-02-20T05:00:00.000Z,NEUTRAL,NONE,0,7.875,IGNORE,0,WATCH,,0,0,0,NA,NA,NA,NA,NA,CLEAR,1,0,0,0,0,TREND_REVERSAL_UNCONFIRMED,0,0.45,NONE,1,0,0,0
BTCUSDT,1771567200000,2026-02-20T06:00:00.000Z,NEUTRAL,NONE,0,7.875,IGNORE,0,WATCH,,0,0,0,NA,NA,NA,NA,NA,CLEAR,1,0,0,0,0,TREND_REVERSAL_UNCONFIRMED,0,0.45,NONE,1,0,0,0
BTCUSDT,1771570800000,2026-02-20T07:00:00.000Z,BULL,SHORT,0,7.875,IGNORE,0,WATCH,,0,0,0,NA,NA,NA,NA,NA,CLEAR,1,0,0,0,0,TREND_REVERSAL_UNCONFIRMED,0,0.45,SHORT,1,0,0,0
BTCUSDT,1771574400000,2026-02-20T08:00:00.000Z,BULL,SHORT,12.847222222222221,12.54296875,IGNORE,0,WATCH,,0,0,0,NA,NA,NA,NA,NA,CLEAR,1,0,0,0,0,TREND_REVERSAL_UNCONFIRMED,1,0.45,SHORT,1,0,0,0
BTCUSDT,1771578000000,2026-02-20T09:00:00.000Z,BULL,SHORT,0,7.875,IGNORE,0,WATCH,,0,0,0,NA,NA,NA,NA,NA,CLEAR,1,0,0,0,0,TREND_REVERSAL_UNCONFIRMED,0,0.45,SHORT,1,0,0,0
BTCUSDT,1771581600000,2026-02-20T10:00:00.000Z,BULL,SHORT,0,7.875,IGNORE,0,WATCH,,0,0,0,NA,NA,NA,NA,NA,CLEAR,1,0,0,0,0,TREND_REVERSAL_UNCONFIRMED,0,0.45,SHORT,1,0,0,0
BTCUSDT,1771585200000,2026-02-20T11:00:00.000Z,NEUTRAL,NONE,0,7.875,IGNORE,0,WATCH,,0,0,0,NA,NA,NA,NA,NA,BLOCK,0,0,0,0,0,TREND_REVERSAL_UNCONFIRMED,0,0.45,NONE,1,0,0,0
BTCUSDT,1771588800000,2026-02-20T12:00:00.000Z,BULL,SHORT,13.235874028927903,12.573575079778072,IGNORE,0,WATCH,,0,0,0,NA,NA,NA,NA,NA,BLOCK,0,0,0,0,0,TREND_REVERSAL_UNCONFIRMED,1,0.45,SHORT,1,0,0,0
BTCUSDT,1771592400000,2026-02-20T13:00:00.000Z,NEUTRAL,NONE,0,7.875,IGNORE,0,WATCH,,0,0,0,NA,NA,NA,NA,NA,BLOCK,0,0,1,0,0,TREND_REVERSAL_UNCONFIRMED,0,0.45,NONE,1,0,0,0
BTCUSDT,1771596000000,2026-02-20T14:00:00.000Z,NEUTRAL,NONE,0,7.875,IGNORE,0,WATCH,,0,0,0,NA,NA,NA,NA,NA,BLOCK,0,0,0,0,0,TREND_REVERSAL_UNCONFIRMED,0,0.45,NONE,1,0,0,0
BTCUSDT,1771599600000,2026-02-20T15:00:00.000Z,BULL,SHORT,25,13.5,IGNORE,0,WATCH,,0,0,0,NA,NA,NA,NA,NA,WARNING_SOFT,1,0,0,0,0,TREND_REVERSAL_UNCONFIRMED,1,0.45,SHORT,1,0,0,0
BTCUSDT,1771603200000,2026-02-20T16:00:00.000Z,BULL,SHORT,19.33369644621522,13.053778595139448,IGNORE,0,WATCH,,0,0,0,NA,NA,NA,NA,NA,WARNING_SOFT,1,0,0,0,0,TREND_REVERSAL_UNCONFIRMED,1,0.45,SHORT,1,0,0,0
BTCUSDT,1771606800000,2026-02-20T17:00:00.000Z,BULL,SHORT,25,13.5,IGNORE,0,WATCH,,0,0,0,NA,NA,NA,NA,NA,BLOCK,0,0,0,0,0,TREND_REVERSAL_UNCONFIRMED,1,0.45,SHORT,1,0,0,0
BTCUSDT,1771610400000,2026-02-20T18:00:00.000Z,BULL,SHORT,17.5,12.909375,IGNORE,0,WATCH,,0,0,0,NA,NA,NA,NA,NA,WARNING_SOFT,1,0,0,0,0,TREND_REVERSAL_UNCONFIRMED,1,0.45,SHORT,1,0,0,0
BTCUSDT,1771614000000,2026-02-20T19:00:00.000Z,BULL,SHORT,42.5,18.534375,IGNORE,0,WATCH,,0,0,0,NA,NA,NA,NA,NA,CLEAR,1,0,0,0,0,TREND_REVERSAL_UNCONFIRMED,2,0.45,SHORT,1,0,0,0
BTCUSDT,1771617600000,2026-02-20T20:00:00.000Z,BULL,SHORT,17.5,12.909375,IGNORE,0,WATCH,,0,0,0,NA,NA,NA,NA,NA,CLEAR,1,0,0,0,0,TREND_REVERSAL_UNCONFIRMED,1,0.45,SHORT,1,0,0,0
BTCUSDT,1771621200000,2026-02-20T21:00:00.000Z,BULL,SHORT,17.5,12.909375,IGNORE,0,WATCH,,0,0,0,NA,NA,NA,NA,NA,CLEAR,1,0,0,0,0,TREND_REVERSAL_UNCONFIRMED,1,0.45,SHORT,1,0,0,0
BTCUSDT,1771624800000,2026-02-20T22:00:00.000Z,BULL,SHORT,17.5,12.909375,IGNORE,0,WATCH,,0,0,0,NA,NA,NA,NA,NA,CLEAR,1,0,0,0,0,TREND_REVERSAL_UNCONFIRMED,1,0.45,SHORT,1,0,0,0
BTCUSDT,1771628400000,2026-02-20T23:00:00.000Z,BULL,SHORT,42.5,18.534375,IGNORE,0,WATCH,,0,0,0,NA,NA,NA,NA,NA,CLEAR,1,0,0,0,0,TREND_REVERSAL_UNCONFIRMED,2,0.45,SHORT,1,0,0,0
BTCUSDT,1771632000000,2026-02-21T00:00:00.000Z,BULL,SHORT,17.5,12.909375,IGNORE,0,WATCH,,0,0,0,NA,NA,NA,NA,NA,CLEAR,1,0,0,0,0,TREND_REVERSAL_UNCONFIRMED,1,0.45,SHORT,1,0,0,0
BTCUSDT,1771635600000,2026-02-21T01:00:00.000Z,BULL,SHORT,17.5,12.909375,IGNORE,0,WATCH,,0,0,0,NA,NA,NA,NA,NA,CLEAR,1,0,0,0,0,TREND_REVERSAL_UNCONFIRMED,1,0.45,SHORT,1,0,0,0
BTCUSDT,1771639200000,2026-02-21T02:00:00.000Z,BULL,SHORT,0,7.875,IGNORE,0,WATCH,,0,0,0,NA,NA,NA,NA,NA,CLEAR,1,0,0,0,0,TREND_REVERSAL_UNCONFIRMED,0,0.45,SHORT,1,0,0,0
BTCUSDT,1771642800000,2026-02-21T03:00:00.000Z,NEUTRAL,NONE,0,7.875,IGNORE,0,WATCH,,0,0,0,NA,NA,NA,NA,NA,WARNING_SOFT,1,0,0,0,0,TREND_REVERSAL_UNCONFIRMED,0,0.45,NONE,1,0,0,0
BTCUSDT,1771646400000,2026-02-21T04:00:00.000Z,BULL,SHORT,0,7.875,IGNORE,0,WATCH,,0,0,0,NA,NA,NA,NA,NA,WARNING_SOFT,1,0,0,0,0,TREND_REVERSAL_UNCONFIRMED,0,0.45,SHORT,1,0,0,0
BTCUSDT,1771650000000,2026-02-21T05:00:00.000Z,BULL,SHORT,0,7.875,IGNORE,0,WATCH,,0,0,0,NA,NA,NA,NA,NA,WARNING_SOFT,1,0,0,0,0,TREND_REVERSAL_UNCONFIRMED,0,0.45,SHORT,1,0,0,0
BTCUSDT,1771653600000,2026-02-21T06:00:00.000Z,BULL,SHORT,0,7.875,IGNORE,0,WATCH,,0,0,0,NA,NA,NA,NA,NA,CLEAR,1,0,0,0,0,TREND_REVERSAL_UNCONFIRMED,0,0.45,SHORT,1,0,0,0
BTCUSDT,1771657200000,2026-02-21T07:00:00.000Z,BULL,SHORT,0,7.875,IGNORE,0,WATCH,,0,0,0,NA,NA,NA,NA,NA,CLEAR,1,0,0,0,0,TREND_REVERSAL_UNCONFIRMED,0,0.45,SHORT,1,0,0,0
BTCUSDT,1771660800000,2026-02-21T08:00:00.000Z,BULL,SHORT,0,7.875,IGNORE,0,WATCH,,0,0,0,NA,NA,NA,NA,NA,CLEAR,1,0,0,0,0,TREND_REVERSAL_UNCONFIRMED,0,0.45,SHORT,1,0,0,0
BTCUSDT,1771664400000,2026-02-21T09:00:00.000Z,BULL,SHORT,0,7.875,IGNORE,0,WATCH,,0,0,0,NA,NA,NA,NA,NA,CLEAR,1,0,0,0,0,TREND_REVERSAL_UNCONFIRMED,0,0.45,SHORT,1,0,0,0
BTCUSDT,1771668000000,2026-02-21T10:00:00.000Z,BULL,SHORT,12.847222222222221,12.54296875,IGNORE,0,WATCH,,0,0,0,NA,NA,NA,NA,NA,CLEAR,1,0,0,0,0,TREND_REVERSAL_UNCONFIRMED,1,0.45,SHORT,1,0,0,0
BTCUSDT,1771671600000,2026-02-21T11:00:00.000Z,BULL,SHORT,24.481900000000003,13.459199625,IGNORE,0,WATCH,,0,0,0,NA,NA,NA,NA,NA,CLEAR,1,0,0,0,0,TREND_REVERSAL_UNCONFIRMED,1,0.45,SHORT,1,0,0,0
BTCUSDT,1771675200000,2026-02-21T12:00:00.000Z,BULL,SHORT,0,7.875,IGNORE,0,WATCH,,0,0,0,NA,NA,NA,NA,NA,WARNING_SOFT,1,0,0,0,0,TREND_REVERSAL_UNCONFIRMED,0,0.45,SHORT,1,0,0,0
BTCUSDT,1771678800000,2026-02-21T13:00:00.000Z,BULL,SHORT,12.847222222222221,12.54296875,IGNORE,0,WATCH,,0,0,0,NA,NA,NA,NA,NA,CLEAR,1,0,0,0,0,TREND_REVERSAL_UNCONFIRMED,1,0.45,SHORT,1,0,0,0
BTCUSDT,1771682400000,2026-02-21T14:00:00.000Z,BULL,SHORT,25,13.5,IGNORE,0,WATCH,,0,0,0,NA,NA,NA,NA,NA,CLEAR,1,1,0,0,0,TREND_REVERSAL_UNCONFIRMED,1,0.45,SHORT,1,0,0,0
BTCUSDT,1771686000000,2026-02-21T15:00:00.000Z,BULL,SHORT,0,7.875,IGNORE,0,WATCH,,0,0,0,NA,NA,NA,NA,NA,CLEAR,1,0,0,0,0,TREND_REVERSAL_UNCONFIRMED,0,0.45,SHORT,1,0,0,0
BTCUSDT,1771689600000,2026-02-21T16:00:00.000Z,BULL,SHORT,50,19.125,IGNORE,0,WATCH,,0,0,0,NA,NA,NA,NA,NA,CLEAR,1,0,0,0,0,TREND_REVERSAL_UNCONFIRMED,2,0.45,SHORT,1,0,0,0
BTCUSDT,1771693200000,2026-02-21T17:00:00.000Z,BULL,SHORT,0,7.875,IGNORE,0,WATCH,,0,0,0,NA,NA,NA,NA,NA,CLEAR,1,0,0,0,0,TREND_REVERSAL_UNCONFIRMED,0,0.45,SHORT,1,0,0,0
BTCUSDT,1771696800000,2026-02-21T18:00:00.000Z,BULL,SHORT,0,7.875,IGNORE,0,WATCH,,0,0,0,NA,NA,NA,NA,NA,CLEAR,1,0,0,0,0,TREND_REVERSAL_UNCONFIRMED,0,0.45,SHORT,1,0,0,0
BTCUSDT,1771700400000,2026-02-21T19:00:00.000Z,BULL,SHORT,0,7.875,IGNORE,0,WATCH,,0,0,0,NA,NA,NA,NA,NA,CLEAR,1,0,0,0,0,TREND_REVERSAL_UNCONFIRMED,0,0.45,SHORT,1,0,0,0
BTCUSDT,1771704000000,2026-02-21T20:00:00.000Z,BULL,SHORT,25,13.5,IGNORE,0,WATCH,,0,0,0,NA,NA,NA,NA,NA,CLEAR,1,0,0,0,0,TREND_REVERSAL_UNCONFIRMED,1,0.45,SHORT,1,0,0,0
BTCUSDT,1771707600000,2026-02-21T21:00:00.000Z,BULL,SHORT,0,7.875,IGNORE,0,WATCH,,0,0,0,NA,NA,NA,NA,NA,WARNING_SOFT,1,0,0,0,0,TREND_REVERSAL_UNCONFIRMED,0,0.45,SHORT,1,0,0,0
BTCUSDT,1771711200000,2026-02-21T22:00:00.000Z,NEUTRAL,NONE,0,7.875,IGNORE,0,WATCH,,0,0,0,NA,NA,NA,NA,NA,WARNING_SOFT,1,0,0,0,0,TREND_REVERSAL_UNCONFIRMED,0,0.45,NONE,1,0,0,0
BTCUSDT,1771714800000,2026-02-21T23:00:00.000Z,NEUTRAL,NONE,0,7.875,IGNORE,0,WATCH,,0,0,0,NA,NA,NA,NA,NA,WARNING_SOFT,1,0,0,0,0,TREND_REVERSAL_UNCONFIRMED,0,0.45,NONE,1,0,0,0
BTCUSDT,1771718400000,2026-02-22T00:00:00.000Z,NEUTRAL,NONE,0,7.875,IGNORE,0,WATCH,,0,0,0,NA,NA,NA,NA,NA,WARNING_SOFT,1,0,0,0,0,TREND_REVERSAL_UNCONFIRMED,0,0.45,NONE,1,0,0,0
BTCUSDT,1771722000000,2026-02-22T01:00:00.000Z,BULL,SHORT,17.5,12.909375,IGNORE,0,WATCH,,0,0,0,NA,NA,NA,NA,NA,WARNING_SOFT,1,0,0,0,0,TREND_REVERSAL_UNCONFIRMED,1,0.45,SHORT,1,0,0,0
BTCUSDT,1771725600000,2026-02-22T02:00:00.000Z,NEUTRAL,NONE,0,7.875,IGNORE,0,WATCH,,0,0,0,NA,NA,NA,NA,NA,WARNING_SOFT,1,0,0,0,0,TREND_REVERSAL_UNCONFIRMED,0,0.45,NONE,1,0,0,0
BTCUSDT,1771729200000,2026-02-22T03:00:00.000Z,NEUTRAL,NONE,0,7.875,IGNORE,0,WATCH,,0,0,0,NA,NA,NA,NA,NA,BLOCK,0,0,0,0,0,TREND_REVERSAL_UNCONFIRMED,0,0.45,NONE,1,0,0,0
BTCUSDT,1771732800000,2026-02-22T04:00:00.000Z,NEUTRAL,NONE,0,7.875,IGNORE,0,WATCH,,0,0,0,NA,NA,NA,NA,NA,WARNING_SOFT,1,0,0,0,0,TREND_REVERSAL_UNCONFIRMED,0,0.45,NONE,1,0,0,0
BTCUSDT,1771736400000,2026-02-22T05:00:00.000Z,NEUTRAL,NONE,0,7.875,IGNORE,0,WATCH,,0,0,0,NA,NA,NA,NA,NA,WARNING_SOFT,1,0,0,0,0,TREND_REVERSAL_UNCONFIRMED,0,0.45,NONE,1,0,0,0
BTCUSDT,1771740000000,2026-02-22T06:00:00.000Z,NEUTRAL,NONE,0,7.875,IGNORE,0,WATCH,,0,0,0,NA,NA,NA,NA,NA,BLOCK,0,0,0,0,0,TREND_REVERSAL_UNCONFIRMED,0,0.45,NONE,1,0,0,0
BTCUSDT,1771743600000,2026-02-22T07:00:00.000Z,NEUTRAL,NONE,0,7.875,IGNORE,0,WATCH,,0,0,0,NA,NA,NA,NA,NA,WARNING_SOFT,1,0,0,0,0,TREND_REVERSAL_UNCONFIRMED,0,0.45,NONE,1,0,0,0
BTCUSDT,1771747200000,2026-02-22T08:00:00.000Z,NEUTRAL,NONE,0,7.875,IGNORE,0,WATCH,,0,0,0,NA,NA,NA,NA,NA,BLOCK,0,0,0,0,0,TREND_REVERSAL_UNCONFIRMED,0,0.45,NONE,1,0,0,0
BTCUSDT,1771750800000,2026-02-22T09:00:00.000Z,NEUTRAL,NONE,0,7.875,IGNORE,0,WATCH,,0,0,0,NA,NA,NA,NA,NA,WARNING_SOFT,1,0,0,0,0,TREND_REVERSAL_UNCONFIRMED,0,0.45,NONE,1,0,0,0
BTCUSDT,1771754400000,2026-02-22T10:00:00.000Z,BULL,SHORT,0,7.875,IGNORE,0,WATCH,,0,0,0,NA,NA,NA,NA,NA,CLEAR,1,0,0,0,0,TREND_REVERSAL_UNCONFIRMED,0,0.45,SHORT,1,0,0,0
BTCUSDT,1771758000000,2026-02-22T11:00:00.000Z,BULL,SHORT,0,7.875,IGNORE,0,WATCH,,0,0,0,NA,NA,NA,NA,NA,CLEAR,1,0,0,0,0,TREND_REVERSAL_UNCONFIRMED,0,0.45,SHORT,1,0,0,0
BTCUSDT,1771761600000,2026-02-22T12:00:00.000Z,NEUTRAL,NONE,0,7.875,IGNORE,0,WATCH,,0,0,0,NA,NA,NA,NA,NA,BLOCK,0,0,0,0,0,TREND_REVERSAL_UNCONFIRMED,0,0.45,NONE,1,0,0,0
BTCUSDT,1771765200000,2026-02-22T13:00:00.000Z,NEUTRAL,NONE,0,7.875,IGNORE,0,WATCH,,0,0,0,NA,NA,NA,NA,NA,WARNING_SOFT,1,0,0,0,0,TREND_REVERSAL_UNCONFIRMED,0,0.45,NONE,1,0,0,0
BTCUSDT,1771768800000,2026-02-22T14:00:00.000Z,NEUTRAL,NONE,0,7.875,IGNORE,0,WATCH,,0,0,0,NA,NA,NA,NA,NA,BLOCK,0,0,0,0,0,TREND_REVERSAL_UNCONFIRMED,0,0.45,NONE,1,0,0,0
BTCUSDT,1771772400000,2026-02-22T15:00:00.000Z,NEUTRAL,NONE,0,7.875,IGNORE,0,WATCH,,0,0,0,NA,NA,NA,NA,NA,BLOCK,0,0,0,0,0,TREND_REVERSAL_UNCONFIRMED,0,0.45,NONE,1,0,0,0
BTCUSDT,1771776000000,2026-02-22T16:00:00.000Z,NEUTRAL,NONE,0,7.875,IGNORE,0,WATCH,,0,0,0,NA,NA,NA,NA,NA,WARNING_SOFT,1,0,0,0,0,TREND_REVERSAL_UNCONFIRMED,0,0.45,NONE,1,0,0,0
BTCUSDT,1771779600000,2026-02-22T17:00:00.000Z,BEAR,LONG,21.291554560781194,13.20795992166152,IGNORE,0,WATCH,,0,0,0,NA,NA,NA,NA,NA,CLEAR,1,0,1,0,0,TREND_REVERSAL_UNCONFIRMED,1,0.45,LONG,1,0,0,0
BTCUSDT,1771783200000,2026-02-22T18:00:00.000Z,BEAR,LONG,23.916375,13.41466453125,IGNORE,0,WATCH,,0,0,0,NA,NA,NA,NA,NA,CLEAR,1,0,0,0,0,TREND_REVERSAL_UNCONFIRMED,1,0.45,LONG,1,0,0,0
BTCUSDT,1771786800000,2026-02-22T19:00:00.000Z,BEAR,LONG,0,7.875,IGNORE,0,WATCH,,0,0,0,NA,NA,NA,NA,NA,CLEAR,1,0,0,0,0,TREND_REVERSAL_UNCONFIRMED,0,0.45,LONG,1,0,0,0
BTCUSDT,1771790400000,2026-02-22T20:00:00.000Z,BEAR,LONG,0,7.875,IGNORE,0,WATCH,,0,0,0,NA,NA,NA,NA,NA,CLEAR,1,0,0,0,0,TREND_REVERSAL_UNCONFIRMED,0,0.45,LONG,1,0,0,0
BTCUSDT,1771794000000,2026-02-22T21:00:00.000Z,BEAR,LONG,0,7.875,IGNORE,0,WATCH,,0,0,0,NA,NA,NA,NA,NA,CLEAR,1,0,0,0,0,TREND_REVERSAL_UNCONFIRMED,0,0.45,LONG,1,0,0,0
BTCUSDT,1771797600000,2026-02-22T22:00:00.000Z,BEAR,LONG,0,7.875,IGNORE,0,WATCH,,0,0,0,NA,NA,NA,NA,NA,WARNING_SOFT,1,0,0,0,0,TREND_REVERSAL_UNCONFIRMED,0,0.45,LONG,1,0,0,0
BTCUSDT,1771801200000,2026-02-22T23:00:00.000Z,BEAR,LONG,0,7.875,IGNORE,0,WATCH,,0,0,0,NA,NA,NA,NA,NA,WARNING_SOFT,1,0,0,0,0,TREND_REVERSAL_UNCONFIRMED,0,0.45,LONG,1,0,0,0
BTCUSDT,1771804800000,2026-02-23T00:00:00.000Z,BEAR,LONG,25,13.5,IGNORE,0,WATCH,,0,0,0,NA,NA,NA,NA,NA,CLEAR,1,0,0,0,0,TREND_REVERSAL_UNCONFIRMED,1,0.45,LONG,1,0,0,0
BTCUSDT,1771808400000,2026-02-23T01:00:00.000Z,BEAR,LONG,39.58333333333333,18.3046875,IGNORE,0,WATCH,,0,0,0,NA,NA,NA,NA,NA,CLEAR,1,0,0,0,0,TREND_REVERSAL_UNCONFIRMED,2,0.45,LONG,1,0,0,0
BTCUSDT,1771812000000,2026-02-23T02:00:00.000Z,BEAR,LONG,64.58333333333333,53.488749999999996,WATCH,1,WATCH,ACTIVE,1,1,0,PASS,PASS,SKIP,SKIP,FAIL,CLEAR,1,0,0,0,0,MARKET_CONTEXT_DENIED,3,0.84,LONG,0,1,0,0
BTCUSDT,1771815600000,2026-02-23T03:00:00.000Z,BEAR,LONG,12.847222222222221,12.54296875,IGNORE,0,WATCH,,0,0,0,NA,NA,NA,NA,NA,CLEAR,1,0,0,0,0,TREND_REVERSAL_UNCONFIRMED,1,0.45,LONG,1,0,0,0
BTCUSDT,1771819200000,2026-02-23T04:00:00.000Z,BEAR,LONG,12.847222222222221,12.54296875,IGNORE,0,WATCH,,0,0,0,NA,NA,NA,NA,NA,CLEAR,1,0,0,0,0,TREND_REVERSAL_UNCONFIRMED,1,0.45,LONG,1,0,0,0
BTCUSDT,1771822800000,2026-02-23T05:00:00.000Z,BEAR,LONG,0,7.875,IGNORE,0,WATCH,,0,0,0,NA,NA,NA,NA,NA,CLEAR,1,0,0,0,0,TREND_REVERSAL_UNCONFIRMED,0,0.45,LONG,1,0,0,0
BTCUSDT,1771826400000,2026-02-23T06:00:00.000Z,BEAR,LONG,16.24690624341326,12.810693866668794,IGNORE,0,WATCH,,0,0,0,NA,NA,NA,NA,NA,CLEAR,1,0,0,0,0,TREND_REVERSAL_UNCONFIRMED,1,0.45,LONG,1,0,0,0
BTCUSDT,1771830000000,2026-02-23T07:00:00.000Z,BEAR,LONG,0,7.875,IGNORE,0,WATCH,,0,0,0,NA,NA,NA,NA,NA,CLEAR,1,0,0,0,0,TREND_REVERSAL_UNCONFIRMED,0,0.45,LONG,1,0,0,0
BTCUSDT,1771833600000,2026-02-23T08:00:00.000Z,BEAR,LONG,0,7.875,IGNORE,0,WATCH,,0,0,0,NA,NA,NA,NA,NA,CLEAR,1,0,0,0,0,TREND_REVERSAL_UNCONFIRMED,0,0.45,LONG,1,0,0,0
BTCUSDT,1771837200000,2026-02-23T09:00:00.000Z,NEUTRAL,NONE,0,7.875,IGNORE,0,WATCH,,0,0,0,NA,NA,NA,NA,NA,WARNING_SOFT,1,0,0,0,0,TREND_REVERSAL_UNCONFIRMED,0,0.45,NONE,1,0,0,0
BTCUSDT,1771840800000,2026-02-23T10:00:00.000Z,BEAR,LONG,0,7.875,IGNORE,0,WATCH,,0,0,0,NA,NA,NA,NA,NA,WARNING_SOFT,1,0,0,0,0,TREND_REVERSAL_UNCONFIRMED,0,0.45,LONG,1,0,0,0
BTCUSDT,1771844400000,2026-02-23T11:00:00.000Z,BEAR,LONG,0,7.875,IGNORE,0,WATCH,,0,0,0,NA,NA,NA,NA,NA,WARNING_SOFT,1,0,0,0,0,TREND_REVERSAL_UNCONFIRMED,0,0.45,LONG,1,0,0,0
BTCUSDT,1771848000000,2026-02-23T12:00:00.000Z,BEAR,LONG,0,7.875,IGNORE,0,WATCH,,0,0,0,NA,NA,NA,NA,NA,WARNING_SOFT,1,0,0,0,0,TREND_REVERSAL_UNCONFIRMED,0,0.45,LONG,1,0,0,0
BTCUSDT,1771851600000,2026-02-23T13:00:00.000Z,BEAR,LONG,25,13.5,IGNORE,0,WATCH,,0,0,0,NA,NA,NA,NA,NA,WARNING_SOFT,1,0,0,0,0,TREND_REVERSAL_UNCONFIRMED,1,0.45,LONG,1,0,0,0
BTCUSDT,1771855200000,2026-02-23T14:00:00.000Z,BEAR,LONG,22.217848933581926,13.280905603519576,IGNORE,0,WATCH,,0,0,0,NA,NA,NA,NA,NA,WARNING_SOFT,1,0,0,0,0,TREND_REVERSAL_UNCONFIRMED,1,0.45,LONG,1,0,0,0
BTCUSDT,1771858800000,2026-02-23T15:00:00.000Z,BEAR,LONG,0,7.875,IGNORE,0,WATCH,,0,0,0,NA,NA,NA,NA,NA,CLEAR,1,0,0,0,0,TREND_REVERSAL_UNCONFIRMED,0,0.45,LONG,1,0,0,0
BTCUSDT,1771862400000,2026-02-23T16:00:00.000Z,BEAR,LONG,14.011686428956258,12.634670306280304,IGNORE,0,WATCH,,0,0,0,NA,NA,NA,NA,NA,CLEAR,1,0,0,0,0,TREND_REVERSAL_UNCONFIRMED,1,0.45,LONG,1,0,0,0
BTCUSDT,1771866000000,2026-02-23T17:00:00.000Z,BEAR,LONG,25,13.5,IGNORE,0,WATCH,,0,0,0,NA,NA,NA,NA,NA,CLEAR,1,0,0,0,0,TREND_REVERSAL_UNCONFIRMED,1,0.45,LONG,1,0,0,0
BTCUSDT,1771869600000,2026-02-23T18:00:00.000Z,BEAR,LONG,25,13.5,IGNORE,0,WATCH,,0,0,0,NA,NA,NA,NA,NA,CLEAR,1,0,0,0,0,TREND_REVERSAL_UNCONFIRMED,1,0.45,LONG,1,0,0,0
BTCUSDT,1771873200000,2026-02-23T19:00:00.000Z,BEAR,LONG,14.583333333333332,12.6796875,IGNORE,0,WATCH,,0,0,0,NA,NA,NA,NA,NA,CLEAR,1,0,0,0,0,TREND_REVERSAL_UNCONFIRMED,1,0.45,LONG,1,0,0,0
BTCUSDT,1771876800000,2026-02-23T20:00:00.000Z,BEAR,LONG,0,7.875,IGNORE,0,WATCH,,0,0,0,NA,NA,NA,NA,NA,CLEAR,1,0,0,0,0,TREND_REVERSAL_UNCONFIRMED,0,0.45,LONG,1,0,0,0
BTCUSDT,1771880400000,2026-02-23T21:00:00.000Z,BEAR,LONG,0,7.875,IGNORE,0,WATCH,,0,0,0,NA,NA,NA,NA,NA,CLEAR,1,0,0,0,0,TREND_REVERSAL_UNCONFIRMED,0,0.45,LONG,1,0,0,0
BTCUSDT,1771884000000,2026-02-23T22:00:00.000Z,BEAR,LONG,0,7.875,IGNORE,0,WATCH,,0,0,0,NA,NA,NA,NA,NA,CLEAR,1,0,0,0,0,TREND_REVERSAL_UNCONFIRMED,0,0.45,LONG,1,0,0,0
BTCUSDT,1771887600000,2026-02-23T23:00:00.000Z,BEAR,LONG,0,7.875,IGNORE,0,WATCH,,0,0,0,NA,NA,NA,NA,NA,CLEAR,1,0,0,0,0,TREND_REVERSAL_UNCONFIRMED,0,0.45,LONG,1,0,0,0
BTCUSDT,1771891200000,2026-02-24T00:00:00.000Z,BEAR,LONG,0,7.875,IGNORE,0,WATCH,,0,0,0,NA,NA,NA,NA,NA,CLEAR,1,0,0,0,0,TREND_REVERSAL_UNCONFIRMED,0,0.45,LONG,1,0,0,0
BTCUSDT,1771894800000,2026-02-24T01:00:00.000Z,BEAR,LONG,25,13.5,IGNORE,0,WATCH,,0,0,0,NA,NA,NA,NA,NA,CLEAR,1,0,0,0,0,TREND_REVERSAL_UNCONFIRMED,1,0.45,LONG,1,0,0,0
BTCUSDT,1771898400000,2026-02-24T02:00:00.000Z,BEAR,LONG,12.847222222222221,12.54296875,IGNORE,0,WATCH,,0,0,0,NA,NA,NA,NA,NA,CLEAR,1,0,0,0,0,TREND_REVERSAL_UNCONFIRMED,1,0.45,LONG,1,0,0,0
BTCUSDT,1771902000000,2026-02-24T03:00:00.000Z,BEAR,LONG,12.783325721349037,12.537936900556238,IGNORE,0,WATCH,,0,0,0,NA,NA,NA,NA,NA,CLEAR,1,0,0,0,0,TREND_REVERSAL_UNCONFIRMED,1,0.45,LONG,1,0,0,0
BTCUSDT,1771905600000,2026-02-24T04:00:00.000Z,BEAR,LONG,22.585872490652662,13.309887458638897,IGNORE,0,WATCH,,0,0,0,NA,NA,NA,NA,NA,CLEAR,1,0,1,0,0,TREND_REVERSAL_UNCONFIRMED,1,0.45,LONG,1,0,0,0
BTCUSDT,1771909200000,2026-02-24T05:00:00.000Z,BEAR,LONG,14.930555555555555,12.70703125,IGNORE,0,WATCH,,0,0,0,NA,NA,NA,NA,NA,CLEAR,1,0,0,0,0,TREND_REVERSAL_UNCONFIRMED,1,0.45,LONG,1,0,0,0
BTCUSDT,1771912800000,2026-02-24T06:00:00.000Z,BEAR,LONG,18.40277777777778,12.98046875,IGNORE,0,WATCH,,0,0,0,NA,NA,NA,NA,NA,CLEAR,1,0,0,0,0,TREND_REVERSAL_UNCONFIRMED,1,0.45,LONG,1,0,0,0
BTCUSDT,1771916400000,2026-02-24T07:00:00.000Z,BEAR,LONG,0,7.875,IGNORE,0,WATCH,,0,0,0,NA,NA,NA,NA,NA,CLEAR,1,0,0,0,0,TREND_REVERSAL_UNCONFIRMED,0,0.45,LONG,1,0,0,0
BTCUSDT,1771920000000,2026-02-24T08:00:00.000Z,BEAR,LONG,21.936199999999985,13.258725749999998,IGNORE,0,WATCH,,0,0,0,NA,NA,NA,NA,NA,CLEAR,1,0,0,0,0,TREND_REVERSAL_UNCONFIRMED,1,0.45,LONG,1,0,0,0
BTCUSDT,1771923600000,2026-02-24T09:00:00.000Z,BEAR,LONG,0,7.875,IGNORE,0,WATCH,,0,0,0,NA,NA,NA,NA,NA,CLEAR,1,0,0,0,0,TREND_REVERSAL_UNCONFIRMED,0,0.45,LONG,1,0,0,0
BTCUSDT,1771927200000,2026-02-24T10:00:00.000Z,BEAR,LONG,0,7.875,IGNORE,0,WATCH,,0,0,0,NA,NA,NA,NA,NA,CLEAR,1,0,0,0,0,TREND_REVERSAL_UNCONFIRMED,0,0.45,LONG,1,0,0,0
BTCUSDT,1771930800000,2026-02-24T11:00:00.000Z,BEAR,LONG,0,7.875,IGNORE,0,WATCH,,0,0,0,NA,NA,NA,NA,NA,CLEAR,1,0,0,0,0,TREND_REVERSAL_UNCONFIRMED,0,0.45,LONG,1,0,0,0
BTCUSDT,1771934400000,2026-02-24T12:00:00.000Z,BEAR,LONG,14.583333333333332,12.6796875,IGNORE,0,WATCH,,0,0,0,NA,NA,NA,NA,NA,CLEAR,1,0,0,0,0,TREND_REVERSAL_UNCONFIRMED,1,0.45,LONG,1,0,0,0
BTCUSDT,1771938000000,2026-02-24T13:00:00.000Z,BEAR,LONG,47.89307708239937,18.95907982023895,IGNORE,0,WATCH,,0,0,0,NA,NA,NA,NA,NA,CLEAR,1,0,0,0,0,TREND_REVERSAL_UNCONFIRMED,2,0.45,LONG,1,0,0,0
BTCUSDT,1771941600000,2026-02-24T14:00:00.000Z,BEAR,LONG,25,13.5,IGNORE,0,WATCH,,0,0,0,NA,NA,NA,NA,NA,CLEAR,1,0,0,0,0,TREND_REVERSAL_UNCONFIRMED,1,0.45,LONG,1,0,0,0
BTCUSDT,1771945200000,2026-02-24T15:00:00.000Z,NEUTRAL,NONE,0,7.875,IGNORE,0,WATCH,,0,0,0,NA,NA,NA,NA,NA,CLEAR,1,1,0,0,0,TREND_REVERSAL_UNCONFIRMED,0,0.45,NONE,1,0,0,0
BTCUSDT,1771948800000,2026-02-24T16:00:00.000Z,NEUTRAL,NONE,0,7.875,IGNORE,0,WATCH,,0,0,0,NA,NA,NA,NA,NA,CLEAR,1,1,0,0,0,TREND_REVERSAL_UNCONFIRMED,0,0.45,NONE,1,0,0,0
BTCUSDT,1771952400000,2026-02-24T17:00:00.000Z,NEUTRAL,NONE,0,7.875,IGNORE,0,WATCH,,0,0,0,NA,NA,NA,NA,NA,CLEAR,1,0,0,0,0,TREND_REVERSAL_UNCONFIRMED,0,0.45,NONE,1,0,0,0
BTCUSDT,1771956000000,2026-02-24T18:00:00.000Z,NEUTRAL,NONE,0,7.875,IGNORE,0,WATCH,,0,0,0,NA,NA,NA,NA,NA,CLEAR,1,0,0,0,0,TREND_REVERSAL_UNCONFIRMED,0,0.45,NONE,1,0,0,0
BTCUSDT,1771959600000,2026-02-24T19:00:00.000Z,NEUTRAL,NONE,0,7.875,IGNORE,0,WATCH,,0,0,0,NA,NA,NA,NA,NA,CLEAR,1,0,0,0,0,TREND_REVERSAL_UNCONFIRMED,0,0.45,NONE,1,0,0,0
BTCUSDT,1771963200000,2026-02-24T20:00:00.000Z,NEUTRAL,NONE,0,7.875,IGNORE,0,WATCH,,0,0,0,NA,NA,NA,NA,NA,CLEAR,1,0,0,0,0,TREND_REVERSAL_UNCONFIRMED,0,0.45,NONE,1,0,0,0
BTCUSDT,1771966800000,2026-02-24T21:00:00.000Z,NEUTRAL,NONE,0,7.875,IGNORE,0,WATCH,,0,0,0,NA,NA,NA,NA,NA,WARNING_SOFT,1,0,0,0,0,TREND_REVERSAL_UNCONFIRMED,0,0.45,NONE,1,0,0,0
BTCUSDT,1771970400000,2026-02-24T22:00:00.000Z,NEUTRAL,NONE,0,7.875,IGNORE,0,WATCH,,0,0,0,NA,NA,NA,NA,NA,CLEAR,1,0,0,0,0,TREND_REVERSAL_UNCONFIRMED,0,0.45,NONE,1,0,0,0
BTCUSDT,1771974000000,2026-02-24T23:00:00.000Z,NEUTRAL,NONE,0,7.875,IGNORE,0,WATCH,,0,0,0,NA,NA,NA,NA,NA,CLEAR,1,0,0,0,0,TREND_REVERSAL_UNCONFIRMED,0,0.45,NONE,1,0,0,0
BTCUSDT,1771977600000,2026-02-25T00:00:00.000Z,NEUTRAL,NONE,0,7.875,IGNORE,0,WATCH,,0,0,0,NA,NA,NA,NA,NA,WARNING_SOFT,1,0,0,0,0,TREND_REVERSAL_UNCONFIRMED,0,0.45,NONE,1,0,0,0
BTCUSDT,1771981200000,2026-02-25T01:00:00.000Z,NEUTRAL,NONE,0,7.875,IGNORE,0,WATCH,,0,0,0,NA,NA,NA,NA,NA,CLEAR,1,1,0,0,0,TREND_REVERSAL_UNCONFIRMED,0,0.45,NONE,1,0,0,0
BTCUSDT,1771984800000,2026-02-25T02:00:00.000Z,NEUTRAL,NONE,0,7.875,IGNORE,0,WATCH,,0,0,0,NA,NA,NA,NA,NA,CLEAR,1,0,0,0,0,TREND_REVERSAL_UNCONFIRMED,0,0.45,NONE,1,0,0,0
BTCUSDT,1771988400000,2026-02-25T03:00:00.000Z,NEUTRAL,NONE,0,7.875,IGNORE,0,WATCH,,0,0,0,NA,NA,NA,NA,NA,CLEAR,1,0,0,0,0,TREND_REVERSAL_UNCONFIRMED,0,0.45,NONE,1,0,0,0
BTCUSDT,1771992000000,2026-02-25T04:00:00.000Z,NEUTRAL,NONE,0,7.875,IGNORE,0,WATCH,,0,0,0,NA,NA,NA,NA,NA,CLEAR,1,0,0,0,0,TREND_REVERSAL_UNCONFIRMED,0,0.45,NONE,1,0,0,0
BTCUSDT,1771995600000,2026-02-25T05:00:00.000Z,NEUTRAL,NONE,0,7.875,IGNORE,0,WATCH,,0,0,0,NA,NA,NA,NA,NA,CLEAR,1,0,0,0,0,TREND_REVERSAL_UNCONFIRMED,0,0.45,NONE,1,0,0,0
BTCUSDT,1771999200000,2026-02-25T06:00:00.000Z,NEUTRAL,NONE,0,7.875,IGNORE,0,WATCH,,0,0,0,NA,NA,NA,NA,NA,CLEAR,1,0,0,0,0,TREND_REVERSAL_UNCONFIRMED,0,0.45,NONE,1,0,0,0
BTCUSDT,1772002800000,2026-02-25T07:00:00.000Z,NEUTRAL,NONE,0,7.875,IGNORE,0,WATCH,,0,0,0,NA,NA,NA,NA,NA,CLEAR,1,0,0,0,0,TREND_REVERSAL_UNCONFIRMED,0,0.45,NONE,1,0,0,0
BTCUSDT,1772006400000,2026-02-25T08:00:00.000Z,NEUTRAL,NONE,0,7.875,IGNORE,0,WATCH,,0,0,0,NA,NA,NA,NA,NA,CLEAR,1,0,0,0,0,TREND_REVERSAL_UNCONFIRMED,0,0.45,NONE,1,0,0,0
BTCUSDT,1772010000000,2026-02-25T09:00:00.000Z,NEUTRAL,NONE,0,7.875,IGNORE,0,WATCH,,0,0,0,NA,NA,NA,NA,NA,CLEAR,1,0,0,0,0,TREND_REVERSAL_UNCONFIRMED,0,0.45,NONE,1,0,0,0
BTCUSDT,1772013600000,2026-02-25T10:00:00.000Z,NEUTRAL,NONE,0,7.875,IGNORE,0,WATCH,,0,0,0,NA,NA,NA,NA,NA,CLEAR,1,0,0,0,0,TREND_REVERSAL_UNCONFIRMED,0,0.45,NONE,1,0,0,0
BTCUSDT,1772017200000,2026-02-25T11:00:00.000Z,NEUTRAL,NONE,0,7.875,IGNORE,0,WATCH,,0,0,0,NA,NA,NA,NA,NA,CLEAR,1,0,0,0,0,TREND_REVERSAL_UNCONFIRMED,0,0.45,NONE,1,0,0,0
BTCUSDT,1772020800000,2026-02-25T12:00:00.000Z,BULL,SHORT,17.253472997537365,12.889960998556067,IGNORE,0,WATCH,,0,0,0,NA,NA,NA,NA,NA,CLEAR,1,0,0,0,0,TREND_REVERSAL_UNCONFIRMED,1,0.45,SHORT,1,0,0,0
BTCUSDT,1772024400000,2026-02-25T13:00:00.000Z,BULL,SHORT,25,13.5,IGNORE,0,WATCH,,0,0,0,NA,NA,NA,NA,NA,CLEAR,1,0,0,0,0,TREND_REVERSAL_UNCONFIRMED,1,0.45,SHORT,1,0,0,0
BTCUSDT,1772028000000,2026-02-25T14:00:00.000Z,BULL,SHORT,25,13.5,IGNORE,0,WATCH,,0,0,0,NA,NA,NA,NA,NA,CLEAR,1,1,0,0,0,TREND_REVERSAL_UNCONFIRMED,1,0.45,SHORT,1,0,0,0
BTCUSDT,1772031600000,2026-02-25T15:00:00.000Z,BULL,SHORT,39.93055555555556,18.33203125,IGNORE,0,WATCH,,0,0,0,NA,NA,NA,NA,NA,CLEAR,1,1,0,0,0,TREND_REVERSAL_UNCONFIRMED,2,0.45,SHORT,1,0,0,0
BTCUSDT,1772035200000,2026-02-25T16:00:00.000Z,BULL,SHORT,41.666666666666664,18.46875,IGNORE,0,WATCH,,0,0,0,NA,NA,NA,NA,NA,CLEAR,1,1,0,0,0,TREND_REVERSAL_UNCONFIRMED,2,0.45,SHORT,1,0,0,0
BTCUSDT,1772038800000,2026-02-25T17:00:00.000Z,BULL,SHORT,43.05555555555556,18.578125,IGNORE,0,WATCH,,0,0,0,NA,NA,NA,NA,NA,CLEAR,1,1,0,0,0,TREND_REVERSAL_UNCONFIRMED,2,0.45,SHORT,1,0,0,0
BTCUSDT,1772042400000,2026-02-25T18:00:00.000Z,BULL,SHORT,43.05555555555556,18.578125,IGNORE,0,WATCH,,0,0,0,NA,NA,NA,NA,NA,CLEAR,1,1,0,0,0,TREND_REVERSAL_UNCONFIRMED,2,0.45,SHORT,1,0,0,0
BTCUSDT,1772046000000,2026-02-25T19:00:00.000Z,BULL,SHORT,39.58333333333333,18.3046875,IGNORE,0,WATCH,,0,0,0,NA,NA,NA,NA,NA,CLEAR,1,0,0,0,0,TREND_REVERSAL_UNCONFIRMED,2,0.45,SHORT,1,0,0,0
BTCUSDT,1772049600000,2026-02-25T20:00:00.000Z,BULL,SHORT,14.583333333333332,12.6796875,IGNORE,0,WATCH,,0,0,0,NA,NA,NA,NA,NA,CLEAR,1,0,0,0,0,TREND_REVERSAL_UNCONFIRMED,1,0.45,SHORT,1,0,0,0
BTCUSDT,1772053200000,2026-02-25T21:00:00.000Z,BULL,SHORT,27.133838224647977,17.32428976019103,IGNORE,0,WATCH,,0,0,0,NA,NA,NA,NA,NA,CLEAR,1,0,0,0,0,TREND_REVERSAL_UNCONFIRMED,2,0.45,SHORT,1,0,0,0
BTCUSDT,1772056800000,2026-02-25T22:00:00.000Z,BULL,SHORT,25,13.5,IGNORE,0,WATCH,,0,0,0,NA,NA,NA,NA,NA,CLEAR,1,0,0,0,0,TREND_REVERSAL_UNCONFIRMED,1,0.45,SHORT,1,0,0,0
BTCUSDT,1772060400000,2026-02-25T23:00:00.000Z,BULL,SHORT,0,7.875,IGNORE,0,WATCH,,0,0,0,NA,NA,NA,NA,NA,CLEAR,1,0,0,0,0,TREND_REVERSAL_UNCONFIRMED,0,0.45,SHORT,1,0,0,0
BTCUSDT,1772064000000,2026-02-26T00:00:00.000Z,BULL,SHORT,0,7.875,IGNORE,0,WATCH,,0,0,0,NA,NA,NA,NA,NA,CLEAR,1,0,0,0,0,TREND_REVERSAL_UNCONFIRMED,0,0.45,SHORT,1,0,0,0
BTCUSDT,1772067600000,2026-02-26T01:00:00.000Z,BULL,SHORT,0,7.875,IGNORE,0,WATCH,,0,0,0,NA,NA,NA,NA,NA,CLEAR,1,0,0,0,0,TREND_REVERSAL_UNCONFIRMED,0,0.45,SHORT,1,0,0,0
BTCUSDT,1772071200000,2026-02-26T02:00:00.000Z,BULL,SHORT,0,7.875,IGNORE,0,WATCH,,0,0,0,NA,NA,NA,NA,NA,WARNING_SOFT,1,0,0,0,0,TREND_REVERSAL_UNCONFIRMED,0,0.45,SHORT,1,0,0,0
BTCUSDT,1772074800000,2026-02-26T03:00:00.000Z,BULL,SHORT,20.321524999999998,13.13157009375,IGNORE,0,WATCH,,0,0,0,NA,NA,NA,NA,NA,WARNING_SOFT,1,0,0,0,0,TREND_REVERSAL_UNCONFIRMED,1,0.45,SHORT,1,0,0,0
BTCUSDT,1772078400000,2026-02-26T04:00:00.000Z,BULL,SHORT,0,7.875,IGNORE,0,WATCH,,0,0,0,NA,NA,NA,NA,NA,CLEAR,1,0,0,0,0,TREND_REVERSAL_UNCONFIRMED,0,0.45,SHORT,1,0,0,0
BTCUSDT,1772082000000,2026-02-26T05:00:00.000Z,BULL,SHORT,0,7.875,IGNORE,0,WATCH,,0,0,0,NA,NA,NA,NA,NA,CLEAR,1,0,0,0,0,TREND_REVERSAL_UNCONFIRMED,0,0.45,SHORT,1,0,0,0
BTCUSDT,1772085600000,2026-02-26T06:00:00.000Z,BULL,SHORT,25,13.5,IGNORE,0,WATCH,,0,0,0,NA,NA,NA,NA,NA,WARNING_SOFT,1,0,0,0,0,TREND_REVERSAL_UNCONFIRMED,1,0.45,SHORT,1,0,0,0
BTCUSDT,1772089200000,2026-02-26T07:00:00.000Z,BULL,SHORT,17.5,12.909375,IGNORE,0,WATCH,,0,0,0,NA,NA,NA,NA,NA,WARNING_SOFT,1,0,0,0,0,TREND_REVERSAL_UNCONFIRMED,1,0.45,SHORT,1,0,0,0
BTCUSDT,1772092800000,2026-02-26T08:00:00.000Z,BULL,SHORT,17.5,12.909375,IGNORE,0,WATCH,,0,0,0,NA,NA,NA,NA,NA,WARNING_SOFT,1,0,0,0,0,TREND_REVERSAL_UNCONFIRMED,1,0.45,SHORT,1,0,0,0
BTCUSDT,1772096400000,2026-02-26T09:00:00.000Z,BULL,SHORT,17.5,12.909375,IGNORE,0,WATCH,,0,0,0,NA,NA,NA,NA,NA,WARNING_SOFT,1,0,0,0,0,TREND_REVERSAL_UNCONFIRMED,1,0.45,SHORT,1,0,0,0
BTCUSDT,1772100000000,2026-02-26T10:00:00.000Z,BULL,SHORT,42.5,18.534375,IGNORE,0,WATCH,,0,0,0,NA,NA,NA,NA,NA,CLEAR,1,0,0,0,0,TREND_REVERSAL_UNCONFIRMED,2,0.45,SHORT,1,0,0,0
BTCUSDT,1772103600000,2026-02-26T11:00:00.000Z,BULL,SHORT,17.5,12.909375,IGNORE,0,WATCH,,0,0,0,NA,NA,NA,NA,NA,WARNING_SOFT,1,0,0,0,0,TREND_REVERSAL_UNCONFIRMED,1,0.45,SHORT,1,0,0,0
BTCUSDT,1772107200000,2026-02-26T12:00:00.000Z,BULL,SHORT,17.5,12.909375,IGNORE,0,WATCH,,0,0,0,NA,NA,NA,NA,NA,WARNING_SOFT,1,0,0,0,0,TREND_REVERSAL_UNCONFIRMED,1,0.45,SHORT,1,0,0,0
BTCUSDT,1772110800000,2026-02-26T13:00:00.000Z,NEUTRAL,NONE,0,7.875,IGNORE,0,WATCH,,0,0,0,NA,NA,NA,NA,NA,WARNING_SOFT,1,0,0,0,0,TREND_REVERSAL_UNCONFIRMED,0,0.45,NONE,1,0,0,0
BTCUSDT,1772114400000,2026-02-26T14:00:00.000Z,NEUTRAL,NONE,0,7.875,IGNORE,0,WATCH,,0,0,0,NA,NA,NA,NA,NA,BLOCK,0,0,0,0,0,TREND_REVERSAL_UNCONFIRMED,0,0.45,NONE,1,0,0,0
BTCUSDT,1772118000000,2026-02-26T15:00:00.000Z,NEUTRAL,NONE,0,7.875,IGNORE,0,WATCH,,0,0,0,NA,NA,NA,NA,NA,BLOCK,0,0,1,0,0,TREND_REVERSAL_UNCONFIRMED,0,0.45,NONE,1,0,0,0
BTCUSDT,1772121600000,2026-02-26T16:00:00.000Z,NEUTRAL,NONE,0,7.875,IGNORE,0,WATCH,,0,0,0,NA,NA,NA,NA,NA,BLOCK,0,0,1,0,0,TREND_REVERSAL_UNCONFIRMED,0,0.45,NONE,1,0,0,0
BTCUSDT,1772125200000,2026-02-26T17:00:00.000Z,NEUTRAL,NONE,0,7.875,IGNORE,0,WATCH,,0,0,0,NA,NA,NA,NA,NA,WARNING_SOFT,1,0,0,0,0,TREND_REVERSAL_UNCONFIRMED,0,0.45,NONE,1,0,0,0
BTCUSDT,1772128800000,2026-02-26T18:00:00.000Z,NEUTRAL,NONE,0,7.875,IGNORE,0,WATCH,,0,0,0,NA,NA,NA,NA,NA,WARNING_SOFT,1,0,0,0,0,TREND_REVERSAL_UNCONFIRMED,0,0.45,NONE,1,0,0,0
BTCUSDT,1772132400000,2026-02-26T19:00:00.000Z,NEUTRAL,NONE,0,7.875,IGNORE,0,WATCH,,0,0,0,NA,NA,NA,NA,NA,BLOCK,0,0,0,0,0,TREND_REVERSAL_UNCONFIRMED,0,0.45,NONE,1,0,0,0
BTCUSDT,1772136000000,2026-02-26T20:00:00.000Z,NEUTRAL,NONE,0,7.875,IGNORE,0,WATCH,,0,0,0,NA,NA,NA,NA,NA,WARNING_SOFT,1,0,0,0,0,TREND_REVERSAL_UNCONFIRMED,0,0.45,NONE,1,0,0,0
BTCUSDT,1772139600000,2026-02-26T21:00:00.000Z,NEUTRAL,NONE,0,7.875,IGNORE,0,WATCH,,0,0,0,NA,NA,NA,NA,NA,WARNING_SOFT,1,0,0,0,0,TREND_REVERSAL_UNCONFIRMED,0,0.45,NONE,1,0,0,0
BTCUSDT,1772143200000,2026-02-26T22:00:00.000Z,NEUTRAL,NONE,0,7.875,IGNORE,0,WATCH,,0,0,0,NA,NA,NA,NA,NA,WARNING_SOFT,1,0,0,0,0,TREND_REVERSAL_UNCONFIRMED,0,0.45,NONE,1,0,0,0
BTCUSDT,1772146800000,2026-02-26T23:00:00.000Z,NEUTRAL,NONE,0,7.875,IGNORE,0,WATCH,,0,0,0,NA,NA,NA,NA,NA,WARNING_SOFT,1,0,0,0,0,TREND_REVERSAL_UNCONFIRMED,0,0.45,NONE,1,0,0,0
BTCUSDT,1772150400000,2026-02-27T00:00:00.000Z,NEUTRAL,NONE,0,7.875,IGNORE,0,WATCH,,0,0,0,NA,NA,NA,NA,NA,WARNING_SOFT,1,0,0,0,0,TREND_REVERSAL_UNCONFIRMED,0,0.45,NONE,1,0,0,0
BTCUSDT,1772154000000,2026-02-27T01:00:00.000Z,NEUTRAL,NONE,0,7.875,IGNORE,0,WATCH,,0,0,0,NA,NA,NA,NA,NA,WARNING_SOFT,1,0,0,0,0,TREND_REVERSAL_UNCONFIRMED,0,0.45,NONE,1,0,0,0
BTCUSDT,1772157600000,2026-02-27T02:00:00.000Z,NEUTRAL,NONE,0,7.875,IGNORE,0,WATCH,,0,0,0,NA,NA,NA,NA,NA,WARNING_SOFT,1,0,0,0,0,TREND_REVERSAL_UNCONFIRMED,0,0.45,NONE,1,0,0,0
BTCUSDT,1772161200000,2026-02-27T03:00:00.000Z,BULL,SHORT,17.5,12.909375,IGNORE,0,WATCH,,0,0,0,NA,NA,NA,NA,NA,WARNING_SOFT,1,0,0,0,0,TREND_REVERSAL_UNCONFIRMED,1,0.45,SHORT,1,0,0,0
BTCUSDT,1772164800000,2026-02-27T04:00:00.000Z,BULL,SHORT,34.51399924001271,17.905477440151,IGNORE,0,WATCH,,0,0,0,NA,NA,NA,NA,NA,CLEAR,1,0,0,0,0,TREND_REVERSAL_UNCONFIRMED,2,0.45,SHORT,1,0,0,0
BTCUSDT,1772168400000,2026-02-27T05:00:00.000Z,BULL,SHORT,17.5,12.909375,IGNORE,0,WATCH,,0,0,0,NA,NA,NA,NA,NA,CLEAR,1,0,0,0,0,TREND_REVERSAL_UNCONFIRMED,1,0.45,SHORT,1,0,0,0
BTCUSDT,1772172000000,2026-02-27T06:00:00.000Z,BULL,SHORT,17.5,12.909375,IGNORE,0,WATCH,,0,0,0,NA,NA,NA,NA,NA,CLEAR,1,0,0,0,0,TREND_REVERSAL_UNCONFIRMED,1,0.45,SHORT,1,0,0,0
BTCUSDT,1772175600000,2026-02-27T07:00:00.000Z,BULL,SHORT,0,7.875,IGNORE,0,WATCH,,0,0,0,NA,NA,NA,NA,NA,WARNING_SOFT,1,0,0,0,0,TREND_REVERSAL_UNCONFIRMED,0,0.45,SHORT,1,0,0,0
BTCUSDT,1772179200000,2026-02-27T08:00:00.000Z,BULL,SHORT,0,7.875,IGNORE,0,WATCH,,0,0,0,NA,NA,NA,NA,NA,CLEAR,1,0,0,0,0,TREND_REVERSAL_UNCONFIRMED,0,0.45,SHORT,1,0,0,0
BTCUSDT,1772182800000,2026-02-27T09:00:00.000Z,NEUTRAL,NONE,0,7.875,IGNORE,0,WATCH,,0,0,0,NA,NA,NA,NA,NA,BLOCK,0,0,0,0,0,TREND_REVERSAL_UNCONFIRMED,0,0.45,NONE,1,0,0,0
BTCUSDT,1772186400000,2026-02-27T10:00:00.000Z,NEUTRAL,NONE,0,7.875,IGNORE,0,WATCH,,0,0,0,NA,NA,NA,NA,NA,BLOCK,0,0,0,0,0,TREND_REVERSAL_UNCONFIRMED,0,0.45,NONE,1,0,0,0
BTCUSDT,1772190000000,2026-02-27T11:00:00.000Z,NEUTRAL,NONE,0,7.875,IGNORE,0,WATCH,,0,0,0,NA,NA,NA,NA,NA,BLOCK,0,0,1,0,0,TREND_REVERSAL_UNCONFIRMED,0,0.45,NONE,1,0,0,0
BTCUSDT,1772193600000,2026-02-27T12:00:00.000Z,NEUTRAL,NONE,0,7.875,IGNORE,0,WATCH,,0,0,0,NA,NA,NA,NA,NA,BLOCK,0,0,0,0,0,TREND_REVERSAL_UNCONFIRMED,0,0.45,NONE,1,0,0,0
BTCUSDT,1772197200000,2026-02-27T13:00:00.000Z,NEUTRAL,NONE,0,7.875,IGNORE,0,WATCH,,0,0,0,NA,NA,NA,NA,NA,BLOCK,0,0,0,0,0,TREND_REVERSAL_UNCONFIRMED,0,0.45,NONE,1,0,0,0
BTCUSDT,1772200800000,2026-02-27T14:00:00.000Z,BEAR,LONG,42.5,18.534375,IGNORE,0,WATCH,,0,0,0,NA,NA,NA,NA,NA,CLEAR,1,0,0,0,0,TREND_REVERSAL_UNCONFIRMED,2,0.45,LONG,1,0,0,0
BTCUSDT,1772204400000,2026-02-27T15:00:00.000Z,BEAR,LONG,32.60755552683061,17.75534499773791,IGNORE,0,WATCH,,0,0,0,NA,NA,NA,NA,NA,CLEAR,1,0,0,0,0,TREND_REVERSAL_UNCONFIRMED,2,0.45,LONG,1,0,0,0
BTCUSDT,1772208000000,2026-02-27T16:00:00.000Z,BEAR,LONG,37.34165988787951,18.128155716170514,IGNORE,0,WATCH,,0,0,0,NA,NA,NA,NA,NA,CLEAR,1,0,0,0,0,TREND_REVERSAL_UNCONFIRMED,2,0.45,LONG,1,0,0,0
BTCUSDT,1772211600000,2026-02-27T17:00:00.000Z,BEAR,LONG,34.77226845995118,17.92581614122116,IGNORE,0,WATCH,,0,0,0,NA,NA,NA,NA,NA,CLEAR,1,0,0,0,0,TREND_REVERSAL_UNCONFIRMED,2,0.45,LONG,1,0,0,0
BTCUSDT,1772215200000,2026-02-27T18:00:00.000Z,BEAR,LONG,30.34722222222222,17.57734375,IGNORE,0,WATCH,,0,0,0,NA,NA,NA,NA,NA,CLEAR,1,0,0,0,0,TREND_REVERSAL_UNCONFIRMED,2,0.45,LONG,1,0,0,0
BTCUSDT,1772218800000,2026-02-27T19:00:00.000Z,BEAR,LONG,17.5,12.909375,IGNORE,0,WATCH,,0,0,0,NA,NA,NA,NA,NA,CLEAR,1,0,0,0,0,TREND_REVERSAL_UNCONFIRMED,1,0.45,LONG,1,0,0,0
BTCUSDT,1772222400000,2026-02-27T20:00:00.000Z,BEAR,LONG,0,7.875,IGNORE,0,WATCH,,0,0,0,NA,NA,NA,NA,NA,CLEAR,1,0,0,0,0,TREND_REVERSAL_UNCONFIRMED,0,0.45,LONG,1,0,0,0
BTCUSDT,1772226000000,2026-02-27T21:00:00.000Z,BEAR,LONG,0,7.875,IGNORE,0,WATCH,,0,0,0,NA,NA,NA,NA,NA,CLEAR,1,0,0,0,0,TREND_REVERSAL_UNCONFIRMED,0,0.45,LONG,1,0,0,0
BTCUSDT,1772229600000,2026-02-27T22:00:00.000Z,BEAR,LONG,0,7.875,IGNORE,0,WATCH,,0,0,0,NA,NA,NA,NA,NA,CLEAR,1,0,0,0,0,TREND_REVERSAL_UNCONFIRMED,0,0.45,LONG,1,0,0,0
BTCUSDT,1772233200000,2026-02-27T23:00:00.000Z,BEAR,LONG,0,7.875,IGNORE,0,WATCH,,0,0,0,NA,NA,NA,NA,NA,WARNING_SOFT,1,0,0,0,0,TREND_REVERSAL_UNCONFIRMED,0,0.45,LONG,1,0,0,0
BTCUSDT,1772236800000,2026-02-28T00:00:00.000Z,BEAR,LONG,0,7.875,IGNORE,0,WATCH,,0,0,0,NA,NA,NA,NA,NA,WARNING_SOFT,1,0,0,0,0,TREND_REVERSAL_UNCONFIRMED,0,0.45,LONG,1,0,0,0
BTCUSDT,1772240400000,2026-02-28T01:00:00.000Z,BEAR,LONG,0,7.875,IGNORE,0,WATCH,,0,0,0,NA,NA,NA,NA,NA,WARNING_SOFT,1,0,0,0,0,TREND_REVERSAL_UNCONFIRMED,0,0.45,LONG,1,0,0,0
BTCUSDT,1772244000000,2026-02-28T02:00:00.000Z,BEAR,LONG,0,7.875,IGNORE,0,WATCH,,0,0,0,NA,NA,NA,NA,NA,WARNING_SOFT,1,0,0,0,0,TREND_REVERSAL_UNCONFIRMED,0,0.45,LONG,1,0,0,0
BTCUSDT,1772247600000,2026-02-28T03:00:00.000Z,BEAR,LONG,0,7.875,IGNORE,0,WATCH,,0,0,0,NA,NA,NA,NA,NA,WARNING_SOFT,1,0,0,0,0,TREND_REVERSAL_UNCONFIRMED,0,0.45,LONG,1,0,0,0
BTCUSDT,1772251200000,2026-02-28T04:00:00.000Z,BEAR,LONG,0,7.875,IGNORE,0,WATCH,,0,0,0,NA,NA,NA,NA,NA,CLEAR,1,0,0,0,0,TREND_REVERSAL_UNCONFIRMED,0,0.45,LONG,1,0,0,0
BTCUSDT,1772254800000,2026-02-28T05:00:00.000Z,BEAR,LONG,0,7.875,IGNORE,0,WATCH,,0,0,0,NA,NA,NA,NA,NA,CLEAR,1,0,0,0,0,TREND_REVERSAL_UNCONFIRMED,0,0.45,LONG,1,0,0,0
BTCUSDT,1772258400000,2026-02-28T06:00:00.000Z,BEAR,LONG,39.58333333333333,18.3046875,IGNORE,0,WATCH,,0,0,0,NA,NA,NA,NA,NA,CLEAR,1,0,1,0,0,TREND_REVERSAL_UNCONFIRMED,2,0.45,LONG,1,0,0,0
BTCUSDT,1772262000000,2026-02-28T07:00:00.000Z,BEAR,LONG,50,19.125,IGNORE,0,WATCH,,0,0,0,NA,NA,NA,NA,NA,CLEAR,1,0,0,0,0,TREND_REVERSAL_UNCONFIRMED,2,0.45,LONG,1,0,0,0
BTCUSDT,1772265600000,2026-02-28T08:00:00.000Z,BEAR,LONG,0,7.875,IGNORE,0,WATCH,,0,0,0,NA,NA,NA,NA,NA,CLEAR,1,0,0,0,0,TREND_REVERSAL_UNCONFIRMED,0,0.45,LONG,1,0,0,0
BTCUSDT,1772269200000,2026-02-28T09:00:00.000Z,BEAR,LONG,0,7.875,IGNORE,0,WATCH,,0,0,0,NA,NA,NA,NA,NA,CLEAR,1,0,0,0,0,TREND_REVERSAL_UNCONFIRMED,0,0.45,LONG,1,0,0,0
BTCUSDT,1772272800000,2026-02-28T10:00:00.000Z,BEAR,LONG,0,7.875,IGNORE,0,WATCH,,0,0,0,NA,NA,NA,NA,NA,CLEAR,1,0,0,0,0,TREND_REVERSAL_UNCONFIRMED,0,0.45,LONG,1,0,0,0
BTCUSDT,1772276400000,2026-02-28T11:00:00.000Z,BEAR,LONG,0,7.875,IGNORE,0,WATCH,,0,0,0,NA,NA,NA,NA,NA,CLEAR,1,0,0,0,0,TREND_REVERSAL_UNCONFIRMED,0,0.45,LONG,1,0,0,0
BTCUSDT,1772280000000,2026-02-28T12:00:00.000Z,BEAR,LONG,0,7.875,IGNORE,0,WATCH,,0,0,0,NA,NA,NA,NA,NA,CLEAR,1,0,0,0,0,TREND_REVERSAL_UNCONFIRMED,0,0.45,LONG,1,0,0,0
BTCUSDT,1772283600000,2026-02-28T13:00:00.000Z,NEUTRAL,NONE,0,7.875,IGNORE,0,WATCH,,0,0,0,NA,NA,NA,NA,NA,WARNING_SOFT,1,1,0,0,0,TREND_REVERSAL_UNCONFIRMED,0,0.45,NONE,1,0,0,0
BTCUSDT,1772287200000,2026-02-28T14:00:00.000Z,BEAR,LONG,25,13.5,IGNORE,0,WATCH,,0,0,0,NA,NA,NA,NA,NA,BLOCK,0,0,0,0,0,TREND_REVERSAL_UNCONFIRMED,1,0.45,LONG,1,0,0,0
BTCUSDT,1772290800000,2026-02-28T15:00:00.000Z,BEAR,LONG,0,7.875,IGNORE,0,WATCH,,0,0,0,NA,NA,NA,NA,NA,WARNING_SOFT,1,0,0,0,0,TREND_REVERSAL_UNCONFIRMED,0,0.45,LONG,1,0,0,0
BTCUSDT,1772294400000,2026-02-28T16:00:00.000Z,NEUTRAL,NONE,0,7.875,IGNORE,0,WATCH,,0,0,0,NA,NA,NA,NA,NA,CLEAR,1,0,0,0,0,TREND_REVERSAL_UNCONFIRMED,0,0.45,NONE,1,0,0,0
BTCUSDT,1772298000000,2026-02-28T17:00:00.000Z,NEUTRAL,NONE,0,7.875,IGNORE,0,WATCH,,0,0,0,NA,NA,NA,NA,NA,CLEAR,1,0,0,0,0,TREND_REVERSAL_UNCONFIRMED,0,0.45,NONE,1,0,0,0
BTCUSDT,1772301600000,2026-02-28T18:00:00.000Z,NEUTRAL,NONE,0,7.875,IGNORE,0,WATCH,,0,0,0,NA,NA,NA,NA,NA,CLEAR,1,0,0,0,0,TREND_REVERSAL_UNCONFIRMED,0,0.45,NONE,1,0,0,0
BTCUSDT,1772305200000,2026-02-28T19:00:00.000Z,NEUTRAL,NONE,0,7.875,IGNORE,0,WATCH,,0,0,0,NA,NA,NA,NA,NA,CLEAR,1,0,0,0,0,TREND_REVERSAL_UNCONFIRMED,0,0.45,NONE,1,0,0,0
BTCUSDT,1772308800000,2026-02-28T20:00:00.000Z,NEUTRAL,NONE,0,7.875,IGNORE,0,WATCH,,0,0,0,NA,NA,NA,NA,NA,CLEAR,1,0,0,0,0,TREND_REVERSAL_UNCONFIRMED,0,0.45,NONE,1,0,0,0
BTCUSDT,1772312400000,2026-02-28T21:00:00.000Z,NEUTRAL,NONE,0,7.875,IGNORE,0,WATCH,,0,0,0,NA,NA,NA,NA,NA,CLEAR,1,0,0,0,0,TREND_REVERSAL_UNCONFIRMED,0,0.45,NONE,1,0,0,0
BTCUSDT,1772316000000,2026-02-28T22:00:00.000Z,NEUTRAL,NONE,0,7.875,IGNORE,0,WATCH,,0,0,0,NA,NA,NA,NA,NA,CLEAR,1,0,0,0,0,TREND_REVERSAL_UNCONFIRMED,0,0.45,NONE,1,0,0,0
BTCUSDT,1772319600000,2026-02-28T23:00:00.000Z,NEUTRAL,NONE,0,7.875,IGNORE,0,WATCH,,0,0,0,NA,NA,NA,NA,NA,CLEAR,1,0,0,0,0,TREND_REVERSAL_UNCONFIRMED,0,0.45,NONE,1,0,0,0
BTCUSDT,1772323200000,2026-03-01T00:00:00.000Z,NEUTRAL,NONE,0,7.875,IGNORE,0,WATCH,,0,0,0,NA,NA,NA,NA,NA,CLEAR,1,0,0,0,0,TREND_REVERSAL_UNCONFIRMED,0,0.45,NONE,1,0,0,0
BTCUSDT,1772326800000,2026-03-01T01:00:00.000Z,BULL,SHORT,21.71685889903791,13.241452638299235,IGNORE,0,WATCH,,0,0,0,NA,NA,NA,NA,NA,CLEAR,1,0,0,0,0,TREND_REVERSAL_UNCONFIRMED,1,0.45,SHORT,1,0,0,0
BTCUSDT,1772330400000,2026-03-01T02:00:00.000Z,BULL,SHORT,18.603754357458776,12.99629565564988,IGNORE,0,WATCH,,0,0,0,NA,NA,NA,NA,NA,CLEAR,1,0,0,0,0,TREND_REVERSAL_UNCONFIRMED,1,0.45,SHORT,1,0,0,0
BTCUSDT,1772334000000,2026-03-01T03:00:00.000Z,BULL,SHORT,25,13.5,IGNORE,0,WATCH,,0,0,0,NA,NA,NA,NA,NA,CLEAR,1,0,0,0,0,TREND_REVERSAL_UNCONFIRMED,1,0.45,SHORT,1,0,0,0
BTCUSDT,1772337600000,2026-03-01T04:00:00.000Z,BULL,SHORT,0,7.875,IGNORE,0,WATCH,,0,0,0,NA,NA,NA,NA,NA,CLEAR,1,0,0,0,0,TREND_REVERSAL_UNCONFIRMED,0,0.45,SHORT,1,0,0,0
BTCUSDT,1772341200000,2026-03-01T05:00:00.000Z,BULL,SHORT,0,7.875,IGNORE,0,WATCH,,0,0,0,NA,NA,NA,NA,NA,CLEAR,1,0,0,0,0,TREND_REVERSAL_UNCONFIRMED,0,0.45,SHORT,1,0,0,0
BTCUSDT,1772344800000,2026-03-01T06:00:00.000Z,BULL,SHORT,0,7.875,IGNORE,0,WATCH,,0,0,0,NA,NA,NA,NA,NA,CLEAR,1,0,0,0,0,TREND_REVERSAL_UNCONFIRMED,0,0.45,SHORT,1,0,0,0
BTCUSDT,1772348400000,2026-03-01T07:00:00.000Z,BULL,SHORT,0,7.875,IGNORE,0,WATCH,,0,0,0,NA,NA,NA,NA,NA,CLEAR,1,0,0,0,0,TREND_REVERSAL_UNCONFIRMED,0,0.45,SHORT,1,0,0,0
BTCUSDT,1772352000000,2026-03-01T08:00:00.000Z,BULL,SHORT,0,7.875,IGNORE,0,WATCH,,0,0,0,NA,NA,NA,NA,NA,CLEAR,1,0,0,0,0,TREND_REVERSAL_UNCONFIRMED,0,0.45,SHORT,1,0,0,0
BTCUSDT,1772355600000,2026-03-01T09:00:00.000Z,NEUTRAL,NONE,0,7.875,IGNORE,0,WATCH,,0,0,0,NA,NA,NA,NA,NA,WARNING_SOFT,1,0,0,0,0,TREND_REVERSAL_UNCONFIRMED,0,0.45,NONE,1,0,0,0
BTCUSDT,1772359200000,2026-03-01T10:00:00.000Z,NEUTRAL,NONE,0,7.875,IGNORE,0,WATCH,,0,0,0,NA,NA,NA,NA,NA,WARNING_SOFT,1,0,0,0,0,TREND_REVERSAL_UNCONFIRMED,0,0.45,NONE,1,0,0,0
BTCUSDT,1772362800000,2026-03-01T11:00:00.000Z,NEUTRAL,NONE,0,7.875,IGNORE,0,WATCH,,0,0,0,NA,NA,NA,NA,NA,WARNING_SOFT,1,0,0,0,0,TREND_REVERSAL_UNCONFIRMED,0,0.45,NONE,1,0,0,0
BTCUSDT,1772366400000,2026-03-01T12:00:00.000Z,NEUTRAL,NONE,0,7.875,IGNORE,0,WATCH,,0,0,0,NA,NA,NA,NA,NA,WARNING_SOFT,1,0,0,0,0,TREND_REVERSAL_UNCONFIRMED,0,0.45,NONE,1,0,0,0
BTCUSDT,1772370000000,2026-03-01T13:00:00.000Z,BULL,SHORT,16.13608264061391,12.801966507948347,IGNORE,0,WATCH,,0,0,0,NA,NA,NA,NA,NA,WARNING_SOFT,1,0,0,0,0,TREND_REVERSAL_UNCONFIRMED,1,0.45,SHORT,1,0,0,0
BTCUSDT,1772373600000,2026-03-01T14:00:00.000Z,BULL,SHORT,0,7.875,IGNORE,0,WATCH,,0,0,0,NA,NA,NA,NA,NA,CLEAR,1,0,0,0,0,TREND_REVERSAL_UNCONFIRMED,0,0.45,SHORT,1,0,0,0
BTCUSDT,1772377200000,2026-03-01T15:00:00.000Z,BULL,SHORT,0,7.875,IGNORE,0,WATCH,,0,0,0,NA,NA,NA,NA,NA,CLEAR,1,0,0,0,0,TREND_REVERSAL_UNCONFIRMED,0,0.45,SHORT,1,0,0,0
BTCUSDT,1772380800000,2026-03-01T16:00:00.000Z,NEUTRAL,NONE,0,7.875,IGNORE,0,WATCH,,0,0,0,NA,NA,NA,NA,NA,WARNING_SOFT,1,0,0,0,0,TREND_REVERSAL_UNCONFIRMED,0,0.45,NONE,1,0,0,0
BTCUSDT,1772384400000,2026-03-01T17:00:00.000Z,NEUTRAL,NONE,0,7.875,IGNORE,0,WATCH,,0,0,0,NA,NA,NA,NA,NA,BLOCK,0,0,0,0,0,TREND_REVERSAL_UNCONFIRMED,0,0.45,NONE,1,0,0,0
BTCUSDT,1772388000000,2026-03-01T18:00:00.000Z,NEUTRAL,NONE,0,7.875,IGNORE,0,WATCH,,0,0,0,NA,NA,NA,NA,NA,BLOCK,0,0,0,0,0,TREND_REVERSAL_UNCONFIRMED,0,0.45,NONE,1,0,0,0
BTCUSDT,1772391600000,2026-03-01T19:00:00.000Z,NEUTRAL,NONE,0,7.875,IGNORE,0,WATCH,,0,0,0,NA,NA,NA,NA,NA,WARNING_SOFT,1,0,0,0,0,TREND_REVERSAL_UNCONFIRMED,0,0.45,NONE,1,0,0,0
BTCUSDT,1772395200000,2026-03-01T20:00:00.000Z,NEUTRAL,NONE,0,7.875,IGNORE,0,WATCH,,0,0,0,NA,NA,NA,NA,NA,BLOCK,0,0,0,0,0,TREND_REVERSAL_UNCONFIRMED,0,0.45,NONE,1,0,0,0
BTCUSDT,1772398800000,2026-03-01T21:00:00.000Z,NEUTRAL,NONE,0,7.875,IGNORE,0,WATCH,,0,0,0,NA,NA,NA,NA,NA,WARNING_SOFT,1,0,0,0,0,TREND_REVERSAL_UNCONFIRMED,0,0.45,NONE,1,0,0,0
BTCUSDT,1772402400000,2026-03-01T22:00:00.000Z,BEAR,LONG,42.5,18.534375,IGNORE,0,WATCH,,0,0,0,NA,NA,NA,NA,NA,CLEAR,1,0,0,0,0,TREND_REVERSAL_UNCONFIRMED,2,0.45,LONG,1,0,0,0
BTCUSDT,1772406000000,2026-03-01T23:00:00.000Z,BEAR,LONG,17.5,12.909375,IGNORE,0,WATCH,,0,0,0,NA,NA,NA,NA,NA,CLEAR,1,0,0,0,0,TREND_REVERSAL_UNCONFIRMED,1,0.45,LONG,1,0,0,0
BTCUSDT,1772409600000,2026-03-02T00:00:00.000Z,NEUTRAL,NONE,0,7.875,IGNORE,0,WATCH,,0,0,0,NA,NA,NA,NA,NA,WARNING_SOFT,1,0,0,0,0,TREND_REVERSAL_UNCONFIRMED,0,0.45,NONE,1,0,0,0
BTCUSDT,1772413200000,2026-03-02T01:00:00.000Z,NEUTRAL,NONE,0,7.875,IGNORE,0,WATCH,,0,0,0,NA,NA,NA,NA,NA,CLEAR,1,0,0,0,0,TREND_REVERSAL_UNCONFIRMED,0,0.45,NONE,1,0,0,0
BTCUSDT,1772416800000,2026-03-02T02:00:00.000Z,NEUTRAL,NONE,0,7.875,IGNORE,0,WATCH,,0,0,0,NA,NA,NA,NA,NA,CLEAR,1,0,0,0,0,TREND_REVERSAL_UNCONFIRMED,0,0.45,NONE,1,0,0,0
BTCUSDT,1772420400000,2026-03-02T03:00:00.000Z,BULL,SHORT,17.5,12.909375,IGNORE,0,WATCH,,0,0,0,NA,NA,NA,NA,NA,CLEAR,1,0,0,0,0,TREND_REVERSAL_UNCONFIRMED,1,0.45,SHORT,1,0,0,0
BTCUSDT,1772424000000,2026-03-02T04:00:00.000Z,BULL,SHORT,17.5,12.909375,IGNORE,0,WATCH,,0,0,0,NA,NA,NA,NA,NA,CLEAR,1,0,0,0,0,TREND_REVERSAL_UNCONFIRMED,1,0.45,SHORT,1,0,0,0
BTCUSDT,1772427600000,2026-03-02T05:00:00.000Z,BULL,SHORT,42.5,18.534375,IGNORE,0,WATCH,,0,0,0,NA,NA,NA,NA,NA,CLEAR,1,0,0,0,0,TREND_REVERSAL_UNCONFIRMED,2,0.45,SHORT,1,0,0,0
BTCUSDT,1772431200000,2026-03-02T06:00:00.000Z,NEUTRAL,NONE,0,7.875,IGNORE,0,WATCH,,0,0,0,NA,NA,NA,NA,NA,WARNING_SOFT,1,0,0,0,0,TREND_REVERSAL_UNCONFIRMED,0,0.45,NONE,1,0,0,0
BTCUSDT,1772434800000,2026-03-02T07:00:00.000Z,NEUTRAL,NONE,0,7.875,IGNORE,0,WATCH,,0,0,0,NA,NA,NA,NA,NA,BLOCK,0,0,0,0,0,TREND_REVERSAL_UNCONFIRMED,0,0.45,NONE,1,0,0,0
BTCUSDT,1772438400000,2026-03-02T08:00:00.000Z,NEUTRAL,NONE,0,7.875,IGNORE,0,WATCH,,0,0,0,NA,NA,NA,NA,NA,WARNING_SOFT,1,0,0,0,0,TREND_REVERSAL_UNCONFIRMED,0,0.45,NONE,1,0,0,0
BTCUSDT,1772442000000,2026-03-02T09:00:00.000Z,NEUTRAL,NONE,0,7.875,IGNORE,0,WATCH,,0,0,0,NA,NA,NA,NA,NA,BLOCK,0,0,0,0,0,TREND_REVERSAL_UNCONFIRMED,0,0.45,NONE,1,0,0,0
BTCUSDT,1772445600000,2026-03-02T10:00:00.000Z,BULL,SHORT,17.5,12.909375,IGNORE,0,WATCH,,0,0,0,NA,NA,NA,NA,NA,WARNING_SOFT,1,0,0,0,0,TREND_REVERSAL_UNCONFIRMED,1,0.45,SHORT,1,0,0,0
BTCUSDT,1772449200000,2026-03-02T11:00:00.000Z,BULL,SHORT,35.99661249999998,18.022233234374998,IGNORE,0,WATCH,,0,0,0,NA,NA,NA,NA,NA,WARNING_SOFT,1,0,0,0,0,TREND_REVERSAL_UNCONFIRMED,2,0.45,SHORT,1,0,0,0
BTCUSDT,1772452800000,2026-03-02T12:00:00.000Z,NEUTRAL,NONE,0,7.875,IGNORE,0,WATCH,,0,0,0,NA,NA,NA,NA,NA,WARNING_SOFT,1,0,0,0,0,TREND_REVERSAL_UNCONFIRMED,0,0.45,NONE,1,0,0,0
BTCUSDT,1772456400000,2026-03-02T13:00:00.000Z,BEAR,LONG,32.712459668536326,17.763606198897236,IGNORE,0,WATCH,,0,0,0,NA,NA,NA,NA,NA,CLEAR,1,0,0,0,0,TREND_REVERSAL_UNCONFIRMED,2,0.45,LONG,1,0,0,0
BTCUSDT,1772460000000,2026-03-02T14:00:00.000Z,BULL,SHORT,42.5,18.534375,IGNORE,0,WATCH,,0,0,0,NA,NA,NA,NA,NA,BLOCK,0,0,0,0,0,TREND_REVERSAL_UNCONFIRMED,2,0.45,SHORT,1,0,0,0
BTCUSDT,1772463600000,2026-03-02T15:00:00.000Z,BULL,SHORT,42.5,18.534375,IGNORE,0,WATCH,,0,0,0,NA,NA,NA,NA,NA,CLEAR,1,0,0,0,0,TREND_REVERSAL_UNCONFIRMED,2,0.45,SHORT,1,0,0,0
BTCUSDT,1772467200000,2026-03-02T16:00:00.000Z,BULL,SHORT,55.34722222222222,60.53104166666666,WATCH,1,ACTIVE,ACTIVE,1,1,1,PASS,PASS,SKIP,SKIP,PASS,CLEAR,1,1,0,0,1,,3,0.84,SHORT,0,1,0,0
BTCUSDT,1772470800000,2026-03-02T17:00:00.000Z,BULL,SHORT,55.324144700768755,60.527649271013004,WATCH,1,ACTIVE,ACTIVE,1,1,1,PASS,PASS,SKIP,SKIP,PASS,CLEAR,1,0,0,0,1,,3,0.84,SHORT,0,1,0,0
BTCUSDT,1772474400000,2026-03-02T18:00:00.000Z,BULL,SHORT,17.5,12.909375,IGNORE,0,WATCH,,0,0,0,NA,NA,NA,NA,NA,CLEAR,1,0,0,0,0,TREND_REVERSAL_UNCONFIRMED,1,0.45,SHORT,1,0,0,0
BTCUSDT,1772478000000,2026-03-02T19:00:00.000Z,BULL,SHORT,0,7.875,IGNORE,0,WATCH,,0,0,0,NA,NA,NA,NA,NA,CLEAR,1,0,0,0,0,TREND_REVERSAL_UNCONFIRMED,0,0.45,SHORT,1,0,0,0
BTCUSDT,1772481600000,2026-03-02T20:00:00.000Z,BULL,SHORT,0,7.875,IGNORE,0,WATCH,,0,0,0,NA,NA,NA,NA,NA,CLEAR,1,0,0,0,0,TREND_REVERSAL_UNCONFIRMED,0,0.45,SHORT,1,0,0,0
BTCUSDT,1772485200000,2026-03-02T21:00:00.000Z,BULL,SHORT,0,7.875,IGNORE,0,WATCH,,0,0,0,NA,NA,NA,NA,NA,CLEAR,1,0,0,0,0,TREND_REVERSAL_UNCONFIRMED,0,0.45,SHORT,1,0,0,0
BTCUSDT,1772488800000,2026-03-02T22:00:00.000Z,BULL,SHORT,12.847222222222221,12.54296875,IGNORE,0,WATCH,,0,0,0,NA,NA,NA,NA,NA,CLEAR,1,0,0,0,0,TREND_REVERSAL_UNCONFIRMED,1,0.45,SHORT,1,0,0,0
BTCUSDT,1772492400000,2026-03-02T23:00:00.000Z,BULL,SHORT,25,13.5,IGNORE,0,WATCH,,0,0,0,NA,NA,NA,NA,NA,CLEAR,1,0,0,0,0,TREND_REVERSAL_UNCONFIRMED,1,0.45,SHORT,1,0,0,0
BTCUSDT,1772496000000,2026-03-03T00:00:00.000Z,BULL,SHORT,17.5,12.909375,IGNORE,0,WATCH,,0,0,0,NA,NA,NA,NA,NA,CLEAR,1,0,0,0,0,TREND_REVERSAL_UNCONFIRMED,1,0.45,SHORT,1,0,0,0
BTCUSDT,1772499600000,2026-03-03T01:00:00.000Z,BULL,SHORT,17.5,12.909375,IGNORE,0,WATCH,,0,0,0,NA,NA,NA,NA,NA,CLEAR,1,0,0,0,0,TREND_REVERSAL_UNCONFIRMED,1,0.45,SHORT,1,0,0,0
BTCUSDT,1772503200000,2026-03-03T02:00:00.000Z,BULL,SHORT,42.5,18.534375,IGNORE,0,WATCH,,0,0,0,NA,NA,NA,NA,NA,BLOCK,0,0,0,0,0,TREND_REVERSAL_UNCONFIRMED,2,0.45,SHORT,1,0,0,0
BTCUSDT,1772506800000,2026-03-03T03:00:00.000Z,BULL,SHORT,17.5,12.909375,IGNORE,0,WATCH,,0,0,0,NA,NA,NA,NA,NA,WARNING_SOFT,1,0,0,0,0,TREND_REVERSAL_UNCONFIRMED,1,0.45,SHORT,1,0,0,0
BTCUSDT,1772510400000,2026-03-03T04:00:00.000Z,NEUTRAL,NONE,0,7.875,IGNORE,0,WATCH,,0,0,0,NA,NA,NA,NA,NA,WARNING_SOFT,1,0,0,0,0,TREND_REVERSAL_UNCONFIRMED,0,0.45,NONE,1,0,0,0
BTCUSDT,1772514000000,2026-03-03T05:00:00.000Z,NEUTRAL,NONE,0,7.875,IGNORE,0,WATCH,,0,0,0,NA,NA,NA,NA,NA,WARNING_SOFT,1,0,0,0,0,TREND_REVERSAL_UNCONFIRMED,0,0.45,NONE,1,0,0,0
BTCUSDT,1772517600000,2026-03-03T06:00:00.000Z,NEUTRAL,NONE,0,7.875,IGNORE,0,WATCH,,0,0,0,NA,NA,NA,NA,NA,WARNING_SOFT,1,0,0,0,0,TREND_REVERSAL_UNCONFIRMED,0,0.45,NONE,1,0,0,0
BTCUSDT,1772521200000,2026-03-03T07:00:00.000Z,BULL,SHORT,17.5,12.909375,IGNORE,0,WATCH,,0,0,0,NA,NA,NA,NA,NA,WARNING_SOFT,1,0,0,0,0,TREND_REVERSAL_UNCONFIRMED,1,0.45,SHORT,1,0,0,0
BTCUSDT,1772524800000,2026-03-03T08:00:00.000Z,NEUTRAL,NONE,0,7.875,IGNORE,0,WATCH,,0,0,0,NA,NA,NA,NA,NA,BLOCK,0,0,0,0,0,TREND_REVERSAL_UNCONFIRMED,0,0.45,NONE,1,0,0,0
BTCUSDT,1772528400000,2026-03-03T09:00:00.000Z,NEUTRAL,NONE,0,7.875,IGNORE,0,WATCH,,0,0,0,NA,NA,NA,NA,NA,BLOCK,0,0,0,0,0,TREND_REVERSAL_UNCONFIRMED,0,0.45,NONE,1,0,0,0
BTCUSDT,1772532000000,2026-03-03T10:00:00.000Z,NEUTRAL,NONE,0,7.875,IGNORE,0,WATCH,,0,0,0,NA,NA,NA,NA,NA,WARNING_SOFT,1,0,0,0,0,TREND_REVERSAL_UNCONFIRMED,0,0.45,NONE,1,0,0,0
BTCUSDT,1772535600000,2026-03-03T11:00:00.000Z,NEUTRAL,NONE,0,7.875,IGNORE,0,WATCH,,0,0,0,NA,NA,NA,NA,NA,WARNING_SOFT,1,0,0,0,0,TREND_REVERSAL_UNCONFIRMED,0,0.45,NONE,1,0,0,0
BTCUSDT,1772539200000,2026-03-03T12:00:00.000Z,NEUTRAL,NONE,0,7.875,IGNORE,0,WATCH,,0,0,0,NA,NA,NA,NA,NA,BLOCK,0,0,0,0,0,TREND_REVERSAL_UNCONFIRMED,0,0.45,NONE,1,0,0,0
BTCUSDT,1772542800000,2026-03-03T13:00:00.000Z,NEUTRAL,NONE,0,7.875,IGNORE,0,WATCH,,0,0,0,NA,NA,NA,NA,NA,WARNING_SOFT,1,0,0,0,0,TREND_REVERSAL_UNCONFIRMED,0,0.45,NONE,1,0,0,0
BTCUSDT,1772546400000,2026-03-03T14:00:00.000Z,NEUTRAL,NONE,0,7.875,IGNORE,0,WATCH,,0,0,0,NA,NA,NA,NA,NA,WARNING_SOFT,1,0,0,0,0,TREND_REVERSAL_UNCONFIRMED,0,0.45,NONE,1,0,0,0
BTCUSDT,1772550000000,2026-03-03T15:00:00.000Z,BULL,SHORT,42.5,18.534375,IGNORE,0,WATCH,,0,0,0,NA,NA,NA,NA,NA,WARNING_SOFT,1,0,0,0,0,TREND_REVERSAL_UNCONFIRMED,2,0.45,SHORT,1,0,0,0
BTCUSDT,1772553600000,2026-03-03T16:00:00.000Z,BULL,SHORT,42.5,18.534375,IGNORE,0,WATCH,,0,0,0,NA,NA,NA,NA,NA,CLEAR,1,0,0,0,0,TREND_REVERSAL_UNCONFIRMED,2,0.45,SHORT,1,0,0,0
BTCUSDT,1772557200000,2026-03-03T17:00:00.000Z,BULL,SHORT,17.5,12.909375,IGNORE,0,WATCH,,0,0,0,NA,NA,NA,NA,NA,CLEAR,1,0,0,0,0,TREND_REVERSAL_UNCONFIRMED,1,0.45,SHORT,1,0,0,0
BTCUSDT,1772560800000,2026-03-03T18:00:00.000Z,BULL,SHORT,17.5,12.909375,IGNORE,0,WATCH,,0,0,0,NA,NA,NA,NA,NA,CLEAR,1,0,0,0,0,TREND_REVERSAL_UNCONFIRMED,1,0.45,SHORT,1,0,0,0
BTCUSDT,1772564400000,2026-03-03T19:00:00.000Z,BULL,SHORT,25,13.5,IGNORE,0,WATCH,,0,0,0,NA,NA,NA,NA,NA,CLEAR,1,0,0,0,0,TREND_REVERSAL_UNCONFIRMED,1,0.45,SHORT,1,0,0,0
BTCUSDT,1772568000000,2026-03-03T20:00:00.000Z,BULL,SHORT,0,7.875,IGNORE,0,WATCH,,0,0,0,NA,NA,NA,NA,NA,CLEAR,1,0,0,0,0,TREND_REVERSAL_UNCONFIRMED,0,0.45,SHORT,1,0,0,0
BTCUSDT,1772571600000,2026-03-03T21:00:00.000Z,BULL,SHORT,0,7.875,IGNORE,0,WATCH,,0,0,0,NA,NA,NA,NA,NA,WARNING_SOFT,1,0,0,0,0,TREND_REVERSAL_UNCONFIRMED,0,0.45,SHORT,1,0,0,0
BTCUSDT,1772575200000,2026-03-03T22:00:00.000Z,BULL,SHORT,0,7.875,IGNORE,0,WATCH,,0,0,0,NA,NA,NA,NA,NA,CLEAR,1,0,0,0,0,TREND_REVERSAL_UNCONFIRMED,0,0.45,SHORT,1,0,0,0
BTCUSDT,1772578800000,2026-03-03T23:00:00.000Z,BULL,SHORT,0,7.875,IGNORE,0,WATCH,,0,0,0,NA,NA,NA,NA,NA,CLEAR,1,0,0,0,0,TREND_REVERSAL_UNCONFIRMED,0,0.45,SHORT,1,0,0,0
BTCUSDT,1772582400000,2026-03-04T00:00:00.000Z,BULL,SHORT,0,7.875,IGNORE,0,WATCH,,0,0,0,NA,NA,NA,NA,NA,CLEAR,1,0,0,0,0,TREND_REVERSAL_UNCONFIRMED,0,0.45,SHORT,1,0,0,0
BTCUSDT,1772586000000,2026-03-04T01:00:00.000Z,BULL,SHORT,0,7.875,IGNORE,0,WATCH,,0,0,0,NA,NA,NA,NA,NA,CLEAR,1,0,0,0,0,TREND_REVERSAL_UNCONFIRMED,0,0.45,SHORT,1,0,0,0
BTCUSDT,1772589600000,2026-03-04T02:00:00.000Z,BULL,SHORT,0,7.875,IGNORE,0,WATCH,,0,0,0,NA,NA,NA,NA,NA,WARNING_SOFT,1,0,0,0,0,TREND_REVERSAL_UNCONFIRMED,0,0.45,SHORT,1,0,0,0
BTCUSDT,1772593200000,2026-03-04T03:00:00.000Z,NEUTRAL,NONE,0,7.875,IGNORE,0,WATCH,,0,0,0,NA,NA,NA,NA,NA,WARNING_SOFT,1,0,0,0,0,TREND_REVERSAL_UNCONFIRMED,0,0.45,NONE,1,0,0,0
BTCUSDT,1772596800000,2026-03-04T04:00:00.000Z,NEUTRAL,NONE,0,7.875,IGNORE,0,WATCH,,0,0,0,NA,NA,NA,NA,NA,WARNING_SOFT,1,0,0,0,0,TREND_REVERSAL_UNCONFIRMED,0,0.45,NONE,1,0,0,0
BTCUSDT,1772600400000,2026-03-04T05:00:00.000Z,BULL,SHORT,17.5,12.909375,IGNORE,0,WATCH,,0,0,0,NA,NA,NA,NA,NA,WARNING_SOFT,1,0,0,0,0,TREND_REVERSAL_UNCONFIRMED,1,0.45,SHORT,1,0,0,0
BTCUSDT,1772604000000,2026-03-04T06:00:00.000Z,BULL,SHORT,17.5,12.909375,IGNORE,0,WATCH,,0,0,0,NA,NA,NA,NA,NA,CLEAR,1,0,0,0,0,TREND_REVERSAL_UNCONFIRMED,1,0.45,SHORT,1,0,0,0
BTCUSDT,1772607600000,2026-03-04T07:00:00.000Z,BULL,SHORT,34.820221764845954,17.929592463981617,IGNORE,0,WATCH,,0,0,0,NA,NA,NA,NA,NA,CLEAR,1,1,0,0,0,TREND_REVERSAL_UNCONFIRMED,2,0.45,SHORT,1,0,0,0
BTCUSDT,1772611200000,2026-03-04T08:00:00.000Z,BULL,SHORT,57.43055555555556,60.83729166666667,WATCH,1,ACTIVE,ACTIVE,1,1,1,PASS,PASS,SKIP,SKIP,PASS,CLEAR,1,1,0,0,1,,3,0.84,SHORT,0,1,0,0
BTCUSDT,1772614800000,2026-03-04T09:00:00.000Z,BULL,SHORT,59.166666666666664,61.09249999999999,WATCH,1,ACTIVE,ACTIVE,1,1,1,PASS,PASS,SKIP,SKIP,PASS,CLEAR,1,1,0,0,1,,3,0.84,SHORT,0,1,0,0
BTCUSDT,1772618400000,2026-03-04T10:00:00.000Z,BULL,SHORT,68.49884544714834,69.28933028073081,WATCH,1,ACTIVE,ACTIVE,1,1,1,PASS,PASS,SKIP,SKIP,PASS,CLEAR,1,0,0,0,1,,4,0.84,SHORT,0,1,0,0
BTCUSDT,1772622000000,2026-03-04T11:00:00.000Z,BULL,SHORT,17.5,12.909375,IGNORE,0,WATCH,,0,0,0,NA,NA,NA,NA,NA,CLEAR,1,0,0,0,0,TREND_REVERSAL_UNCONFIRMED,1,0.45,SHORT,1,0,0,0
BTCUSDT,1772625600000,2026-03-04T12:00:00.000Z,BULL,SHORT,0,7.875,IGNORE,0,WATCH,,0,0,0,NA,NA,NA,NA,NA,CLEAR,1,0,0,0,0,TREND_REVERSAL_UNCONFIRMED,0,0.45,SHORT,1,0,0,0
BTCUSDT,1772629200000,2026-03-04T13:00:00.000Z,BULL,SHORT,0,7.875,IGNORE,0,WATCH,,0,0,0,NA,NA,NA,NA,NA,CLEAR,1,0,0,0,0,TREND_REVERSAL_UNCONFIRMED,0,0.45,SHORT,1,0,0,0
BTCUSDT,1772632800000,2026-03-04T14:00:00.000Z,BULL,SHORT,25,13.5,IGNORE,0,WATCH,,0,0,0,NA,NA,NA,NA,NA,CLEAR,1,1,0,0,0,TREND_REVERSAL_UNCONFIRMED,1,0.45,SHORT,1,0,0,0
BTCUSDT,1772636400000,2026-03-04T15:00:00.000Z,BULL,SHORT,39.58333333333333,18.3046875,IGNORE,0,WATCH,,0,0,0,NA,NA,NA,NA,NA,CLEAR,1,1,0,0,0,TREND_REVERSAL_UNCONFIRMED,2,0.45,SHORT,1,0,0,0
BTCUSDT,1772640000000,2026-03-04T16:00:00.000Z,BULL,SHORT,54.9014754625432,60.46551689299385,WATCH,1,ACTIVE,ACTIVE,1,1,1,PASS,PASS,SKIP,SKIP,PASS,CLEAR,1,0,0,0,1,,3,0.84,SHORT,0,1,0,0
BTCUSDT,1772643600000,2026-03-04T17:00:00.000Z,BULL,SHORT,28.427078340248933,17.426132419294603,IGNORE,0,WATCH,,0,0,0,NA,NA,NA,NA,NA,CLEAR,1,0,0,0,0,TREND_REVERSAL_UNCONFIRMED,2,0.45,SHORT,1,0,0,0
BTCUSDT,1772647200000,2026-03-04T18:00:00.000Z,BULL,SHORT,18.055555555555557,12.953125,IGNORE,0,WATCH,,0,0,0,NA,NA,NA,NA,NA,CLEAR,1,0,0,0,0,TREND_REVERSAL_UNCONFIRMED,1,0.45,SHORT,1,0,0,0
BTCUSDT,1772650800000,2026-03-04T19:00:00.000Z,BULL,SHORT,14.583333333333332,12.6796875,IGNORE,0,WATCH,,0,0,0,NA,NA,NA,NA,NA,CLEAR,1,0,0,0,0,TREND_REVERSAL_UNCONFIRMED,1,0.45,SHORT,1,0,0,0
BTCUSDT,1772654400000,2026-03-04T20:00:00.000Z,BULL,SHORT,25,13.5,IGNORE,0,WATCH,,0,0,0,NA,NA,NA,NA,NA,CLEAR,1,0,0,0,0,TREND_REVERSAL_UNCONFIRMED,1,0.45,SHORT,1,0,0,0
BTCUSDT,1772658000000,2026-03-04T21:00:00.000Z,BULL,SHORT,0,7.875,IGNORE,0,WATCH,,0,0,0,NA,NA,NA,NA,NA,CLEAR,1,0,0,0,0,TREND_REVERSAL_UNCONFIRMED,0,0.45,SHORT,1,0,0,0
BTCUSDT,1772661600000,2026-03-04T22:00:00.000Z,BULL,SHORT,0,7.875,IGNORE,0,WATCH,,0,0,0,NA,NA,NA,NA,NA,CLEAR,1,0,0,0,0,TREND_REVERSAL_UNCONFIRMED,0,0.45,SHORT,1,0,0,0
BTCUSDT,1772665200000,2026-03-04T23:00:00.000Z,BULL,SHORT,0,7.875,IGNORE,0,WATCH,,0,0,0,NA,NA,NA,NA,NA,WARNING_SOFT,1,0,0,0,0,TREND_REVERSAL_UNCONFIRMED,0,0.45,SHORT,1,0,0,0
BTCUSDT,1772668800000,2026-03-05T00:00:00.000Z,BULL,SHORT,0,7.875,IGNORE,0,WATCH,,0,0,0,NA,NA,NA,NA,NA,CLEAR,1,0,0,0,0,TREND_REVERSAL_UNCONFIRMED,0,0.45,SHORT,1,0,0,0
BTCUSDT,1772672400000,2026-03-05T01:00:00.000Z,BULL,SHORT,0,7.875,IGNORE,0,WATCH,,0,0,0,NA,NA,NA,NA,NA,CLEAR,1,0,0,0,0,TREND_REVERSAL_UNCONFIRMED,0,0.45,SHORT,1,0,0,0
BTCUSDT,1772676000000,2026-03-05T02:00:00.000Z,BULL,SHORT,0,7.875,IGNORE,0,WATCH,,0,0,0,NA,NA,NA,NA,NA,CLEAR,1,0,0,0,0,TREND_REVERSAL_UNCONFIRMED,0,0.45,SHORT,1,0,0,0
BTCUSDT,1772679600000,2026-03-05T03:00:00.000Z,BULL,SHORT,0,7.875,IGNORE,0,WATCH,,0,0,0,NA,NA,NA,NA,NA,WARNING_SOFT,1,0,0,0,0,TREND_REVERSAL_UNCONFIRMED,0,0.45,SHORT,1,0,0,0
BTCUSDT,1772683200000,2026-03-05T04:00:00.000Z,BULL,SHORT,0,7.875,IGNORE,0,WATCH,,0,0,0,NA,NA,NA,NA,NA,WARNING_SOFT,1,0,0,0,0,TREND_REVERSAL_UNCONFIRMED,0,0.45,SHORT,1,0,0,0
BTCUSDT,1772686800000,2026-03-05T05:00:00.000Z,BULL,SHORT,25,13.5,IGNORE,0,WATCH,,0,0,0,NA,NA,NA,NA,NA,WARNING_SOFT,1,0,0,0,0,TREND_REVERSAL_UNCONFIRMED,1,0.45,SHORT,1,0,0,0
BTCUSDT,1772690400000,2026-03-05T06:00:00.000Z,BULL,SHORT,0,7.875,IGNORE,0,WATCH,,0,0,0,NA,NA,NA,NA,NA,BLOCK,0,0,0,0,0,TREND_REVERSAL_UNCONFIRMED,0,0.45,SHORT,1,0,0,0
BTCUSDT,1772694000000,2026-03-05T07:00:00.000Z,NEUTRAL,NONE,0,7.875,IGNORE,0,WATCH,,0,0,0,NA,NA,NA,NA,NA,WARNING_SOFT,1,0,0,0,0,TREND_REVERSAL_UNCONFIRMED,0,0.45,NONE,1,0,0,0
BTCUSDT,1772697600000,2026-03-05T08:00:00.000Z,BULL,SHORT,0,7.875,IGNORE,0,WATCH,,0,0,0,NA,NA,NA,NA,NA,WARNING_SOFT,1,0,0,0,0,TREND_REVERSAL_UNCONFIRMED,0,0.45,SHORT,1,0,0,0
BTCUSDT,1772701200000,2026-03-05T09:00:00.000Z,BULL,SHORT,0,7.875,IGNORE,0,WATCH,,0,0,0,NA,NA,NA,NA,NA,WARNING_SOFT,1,0,0,0,0,TREND_REVERSAL_UNCONFIRMED,0,0.45,SHORT,1,0,0,0
BTCUSDT,1772704800000,2026-03-05T10:00:00.000Z,BULL,SHORT,0,7.875,IGNORE,0,WATCH,,0,0,0,NA,NA,NA,NA,NA,CLEAR,1,0,0,0,0,TREND_REVERSAL_UNCONFIRMED,0,0.45,SHORT,1,0,0,0
BTCUSDT,1772708400000,2026-03-05T11:00:00.000Z,BULL,SHORT,25,13.5,IGNORE,0,WATCH,,0,0,0,NA,NA,NA,NA,NA,CLEAR,1,0,0,0,0,TREND_REVERSAL_UNCONFIRMED,1,0.45,SHORT,1,0,0,0
BTCUSDT,1772712000000,2026-03-05T12:00:00.000Z,BULL,SHORT,0,7.875,IGNORE,0,WATCH,,0,0,0,NA,NA,NA,NA,NA,CLEAR,1,0,0,0,0,TREND_REVERSAL_UNCONFIRMED,0,0.45,SHORT,1,0,0,0
BTCUSDT,1772715600000,2026-03-05T13:00:00.000Z,BULL,SHORT,31.670154228341627,17.681524645481904,IGNORE,0,WATCH,,0,0,0,NA,NA,NA,NA,NA,WARNING_SOFT,1,0,0,0,0,TREND_REVERSAL_UNCONFIRMED,2,0.45,SHORT,1,0,0,0
BTCUSDT,1772719200000,2026-03-05T14:00:00.000Z,BULL,SHORT,40.20538740819738,18.353674258395543,IGNORE,0,WATCH,,0,0,0,NA,NA,NA,NA,NA,WARNING_SOFT,1,0,0,0,0,TREND_REVERSAL_UNCONFIRMED,2,0.45,SHORT,1,0,0,0
BTCUSDT,1772722800000,2026-03-05T15:00:00.000Z,NEUTRAL,NONE,0,7.875,IGNORE,0,WATCH,,0,0,0,NA,NA,NA,NA,NA,BLOCK,0,0,0,0,0,TREND_REVERSAL_UNCONFIRMED,0,0.45,NONE,1,0,0,0
BTCUSDT,1772726400000,2026-03-05T16:00:00.000Z,NEUTRAL,NONE,0,7.875,IGNORE,0,WATCH,,0,0,0,NA,NA,NA,NA,NA,BLOCK,0,0,0,0,0,TREND_REVERSAL_UNCONFIRMED,0,0.45,NONE,1,0,0,0
BTCUSDT,1772730000000,2026-03-05T17:00:00.000Z,NEUTRAL,NONE,0,7.875,IGNORE,0,WATCH,,0,0,0,NA,NA,NA,NA,NA,WARNING_SOFT,1,0,0,0,0,TREND_REVERSAL_UNCONFIRMED,0,0.45,NONE,1,0,0,0
BTCUSDT,1772733600000,2026-03-05T18:00:00.000Z,NEUTRAL,NONE,0,7.875,IGNORE,0,WATCH,,0,0,0,NA,NA,NA,NA,NA,WARNING_SOFT,1,0,0,0,0,TREND_REVERSAL_UNCONFIRMED,0,0.45,NONE,1,0,0,0
BTCUSDT,1772737200000,2026-03-05T19:00:00.000Z,NEUTRAL,NONE,0,7.875,IGNORE,0,WATCH,,0,0,0,NA,NA,NA,NA,NA,WARNING_SOFT,1,0,0,0,0,TREND_REVERSAL_UNCONFIRMED,0,0.45,NONE,1,0,0,0
BTCUSDT,1772740800000,2026-03-05T20:00:00.000Z,NEUTRAL,NONE,0,7.875,IGNORE,0,WATCH,,0,0,0,NA,NA,NA,NA,NA,WARNING_SOFT,1,0,0,0,0,TREND_REVERSAL_UNCONFIRMED,0,0.45,NONE,1,0,0,0
BTCUSDT,1772744400000,2026-03-05T21:00:00.000Z,NEUTRAL,NONE,0,7.875,IGNORE,0,WATCH,,0,0,0,NA,NA,NA,NA,NA,WARNING_SOFT,1,0,0,0,0,TREND_REVERSAL_UNCONFIRMED,0,0.45,NONE,1,0,0,0
BTCUSDT,1772748000000,2026-03-05T22:00:00.000Z,NEUTRAL,NONE,0,7.875,IGNORE,0,WATCH,,0,0,0,NA,NA,NA,NA,NA,WARNING_SOFT,1,0,0,0,0,TREND_REVERSAL_UNCONFIRMED,0,0.45,NONE,1,0,0,0
BTCUSDT,1772751600000,2026-03-05T23:00:00.000Z,NEUTRAL,NONE,0,7.875,IGNORE,0,WATCH,,0,0,0,NA,NA,NA,NA,NA,WARNING_SOFT,1,0,0,0,0,TREND_REVERSAL_UNCONFIRMED,0,0.45,NONE,1,0,0,0
BTCUSDT,1772755200000,2026-03-06T00:00:00.000Z,NEUTRAL,NONE,0,7.875,IGNORE,0,WATCH,,0,0,0,NA,NA,NA,NA,NA,WARNING_SOFT,1,0,0,0,0,TREND_REVERSAL_UNCONFIRMED,0,0.45,NONE,1,0,0,0
BTCUSDT,1772758800000,2026-03-06T01:00:00.000Z,NEUTRAL,NONE,0,7.875,IGNORE,0,WATCH,,0,0,0,NA,NA,NA,NA,NA,WARNING_SOFT,1,0,0,0,0,TREND_REVERSAL_UNCONFIRMED,0,0.45,NONE,1,0,0,0
BTCUSDT,1772762400000,2026-03-06T02:00:00.000Z,NEUTRAL,NONE,0,7.875,IGNORE,0,WATCH,,0,0,0,NA,NA,NA,NA,NA,WARNING_SOFT,1,0,0,0,0,TREND_REVERSAL_UNCONFIRMED,0,0.45,NONE,1,0,0,0
BTCUSDT,1772766000000,2026-03-06T03:00:00.000Z,NEUTRAL,NONE,0,7.875,IGNORE,0,WATCH,,0,0,0,NA,NA,NA,NA,NA,WARNING_SOFT,1,0,0,0,0,TREND_REVERSAL_UNCONFIRMED,0,0.45,NONE,1,0,0,0
BTCUSDT,1772769600000,2026-03-06T04:00:00.000Z,NEUTRAL,NONE,0,7.875,IGNORE,0,WATCH,,0,0,0,NA,NA,NA,NA,NA,WARNING_SOFT,1,0,0,0,0,TREND_REVERSAL_UNCONFIRMED,0,0.45,NONE,1,0,0,0
BTCUSDT,1772773200000,2026-03-06T05:00:00.000Z,NEUTRAL,NONE,0,7.875,IGNORE,0,WATCH,,0,0,0,NA,NA,NA,NA,NA,BLOCK,0,0,0,0,0,TREND_REVERSAL_UNCONFIRMED,0,0.45,NONE,1,0,0,0
BTCUSDT,1772776800000,2026-03-06T06:00:00.000Z,NEUTRAL,NONE,0,7.875,IGNORE,0,WATCH,,0,0,0,NA,NA,NA,NA,NA,WARNING_SOFT,1,0,0,0,0,TREND_REVERSAL_UNCONFIRMED,0,0.45,NONE,1,0,0,0
BTCUSDT,1772780400000,2026-03-06T07:00:00.000Z,NEUTRAL,NONE,0,7.875,IGNORE,0,WATCH,,0,0,0,NA,NA,NA,NA,NA,WARNING_SOFT,1,0,0,0,0,TREND_REVERSAL_UNCONFIRMED,0,0.45,NONE,1,0,0,0
BTCUSDT,1772784000000,2026-03-06T08:00:00.000Z,NEUTRAL,NONE,0,7.875,IGNORE,0,WATCH,,0,0,0,NA,NA,NA,NA,NA,WARNING_SOFT,1,0,0,0,0,TREND_REVERSAL_UNCONFIRMED,0,0.45,NONE,1,0,0,0
BTCUSDT,1772787600000,2026-03-06T09:00:00.000Z,NEUTRAL,NONE,0,7.875,IGNORE,0,WATCH,,0,0,0,NA,NA,NA,NA,NA,WARNING_SOFT,1,0,0,0,0,TREND_REVERSAL_UNCONFIRMED,0,0.45,NONE,1,0,0,0
BTCUSDT,1772791200000,2026-03-06T10:00:00.000Z,NEUTRAL,NONE,0,7.875,IGNORE,0,WATCH,,0,0,0,NA,NA,NA,NA,NA,WARNING_SOFT,1,0,0,0,0,TREND_REVERSAL_UNCONFIRMED,0,0.45,NONE,1,0,0,0
BTCUSDT,1772794800000,2026-03-06T11:00:00.000Z,BEAR,LONG,12.847222222222221,12.54296875,IGNORE,0,WATCH,,0,0,0,NA,NA,NA,NA,NA,CLEAR,1,0,0,0,0,TREND_REVERSAL_UNCONFIRMED,1,0.45,LONG,1,0,0,0
BTCUSDT,1772798400000,2026-03-06T12:00:00.000Z,BEAR,LONG,25,13.5,IGNORE,0,WATCH,,0,0,0,NA,NA,NA,NA,NA,CLEAR,1,0,1,0,0,TREND_REVERSAL_UNCONFIRMED,1,0.45,LONG,1,0,0,0
BTCUSDT,1772802000000,2026-03-06T13:00:00.000Z,BEAR,LONG,38.19444444444444,18.1953125,IGNORE,0,WATCH,,0,0,0,NA,NA,NA,NA,NA,CLEAR,1,0,1,0,0,TREND_REVERSAL_UNCONFIRMED,2,0.45,LONG,1,0,0,0
BTCUSDT,1772805600000,2026-03-06T14:00:00.000Z,BEAR,LONG,41.31944444444444,18.44140625,IGNORE,0,WATCH,,0,0,0,NA,NA,NA,NA,NA,CLEAR,1,0,1,0,0,TREND_REVERSAL_UNCONFIRMED,2,0.45,LONG,1,0,0,0
BTCUSDT,1772809200000,2026-03-06T15:00:00.000Z,BEAR,LONG,48.454607366634036,19.00330033012243,IGNORE,0,WATCH,,0,0,0,NA,NA,NA,NA,NA,CLEAR,1,0,0,0,0,TREND_REVERSAL_UNCONFIRMED,2,0.45,LONG,1,0,0,0
BTCUSDT,1772812800000,2026-03-06T16:00:00.000Z,BEAR,LONG,12.847222222222221,12.54296875,IGNORE,0,WATCH,,0,0,0,NA,NA,NA,NA,NA,CLEAR,1,0,0,0,0,TREND_REVERSAL_UNCONFIRMED,1,0.45,LONG,1,0,0,0
BTCUSDT,1772816400000,2026-03-06T17:00:00.000Z,BEAR,LONG,29.877040774175615,17.54031696096633,IGNORE,0,WATCH,,0,0,0,NA,NA,NA,NA,NA,CLEAR,1,0,0,0,0,TREND_REVERSAL_UNCONFIRMED,2,0.45,LONG,1,0,0,0
BTCUSDT,1772820000000,2026-03-06T18:00:00.000Z,BEAR,LONG,0,7.875,IGNORE,0,WATCH,,0,0,0,NA,NA,NA,NA,NA,CLEAR,1,0,0,0,0,TREND_REVERSAL_UNCONFIRMED,0,0.45,LONG,1,0,0,0
BTCUSDT,1772823600000,2026-03-06T19:00:00.000Z,BEAR,LONG,25,13.5,IGNORE,0,WATCH,,0,0,0,NA,NA,NA,NA,NA,CLEAR,1,0,0,0,0,TREND_REVERSAL_UNCONFIRMED,1,0.45,LONG,1,0,0,0
BTCUSDT,1772827200000,2026-03-06T20:00:00.000Z,BEAR,LONG,0,7.875,IGNORE,0,WATCH,,0,0,0,NA,NA,NA,NA,NA,CLEAR,1,0,0,0,0,TREND_REVERSAL_UNCONFIRMED,0,0.45,LONG,1,0,0,0
BTCUSDT,1772830800000,2026-03-06T21:00:00.000Z,BEAR,LONG,0,7.875,IGNORE,0,WATCH,,0,0,0,NA,NA,NA,NA,NA,CLEAR,1,0,0,0,0,TREND_REVERSAL_UNCONFIRMED,0,0.45,LONG,1,0,0,0
BTCUSDT,1772834400000,2026-03-06T22:00:00.000Z,BEAR,LONG,0,7.875,IGNORE,0,WATCH,,0,0,0,NA,NA,NA,NA,NA,CLEAR,1,0,0,0,0,TREND_REVERSAL_UNCONFIRMED,0,0.45,LONG,1,0,0,0
BTCUSDT,1772838000000,2026-03-06T23:00:00.000Z,BEAR,LONG,0,7.875,IGNORE,0,WATCH,,0,0,0,NA,NA,NA,NA,NA,CLEAR,1,0,0,0,0,TREND_REVERSAL_UNCONFIRMED,0,0.45,LONG,1,0,0,0
BTCUSDT,1772841600000,2026-03-07T00:00:00.000Z,BEAR,LONG,0,7.875,IGNORE,0,WATCH,,0,0,0,NA,NA,NA,NA,NA,CLEAR,1,0,0,0,0,TREND_REVERSAL_UNCONFIRMED,0,0.45,LONG,1,0,0,0
BTCUSDT,1772845200000,2026-03-07T01:00:00.000Z,BEAR,LONG,0,7.875,IGNORE,0,WATCH,,0,0,0,NA,NA,NA,NA,NA,CLEAR,1,0,0,0,0,TREND_REVERSAL_UNCONFIRMED,0,0.45,LONG,1,0,0,0
BTCUSDT,1772848800000,2026-03-07T02:00:00.000Z,BEAR,LONG,0,7.875,IGNORE,0,WATCH,,0,0,0,NA,NA,NA,NA,NA,CLEAR,1,0,0,0,0,TREND_REVERSAL_UNCONFIRMED,0,0.45,LONG,1,0,0,0
BTCUSDT,1772852400000,2026-03-07T03:00:00.000Z,BEAR,LONG,0,7.875,IGNORE,0,WATCH,,0,0,0,NA,NA,NA,NA,NA,CLEAR,1,0,0,0,0,TREND_REVERSAL_UNCONFIRMED,0,0.45,LONG,1,0,0,0
BTCUSDT,1772856000000,2026-03-07T04:00:00.000Z,BEAR,LONG,0,7.875,IGNORE,0,WATCH,,0,0,0,NA,NA,NA,NA,NA,CLEAR,1,0,0,0,0,TREND_REVERSAL_UNCONFIRMED,0,0.45,LONG,1,0,0,0
BTCUSDT,1772859600000,2026-03-07T05:00:00.000Z,BEAR,LONG,0,7.875,IGNORE,0,WATCH,,0,0,0,NA,NA,NA,NA,NA,CLEAR,1,0,0,0,0,TREND_REVERSAL_UNCONFIRMED,0,0.45,LONG,1,0,0,0
BTCUSDT,1772863200000,2026-03-07T06:00:00.000Z,BEAR,LONG,14.583333333333332,12.6796875,IGNORE,0,WATCH,,0,0,0,NA,NA,NA,NA,NA,CLEAR,1,0,0,0,0,TREND_REVERSAL_UNCONFIRMED,1,0.45,LONG,1,0,0,0
BTCUSDT,1772866800000,2026-03-07T07:00:00.000Z,BEAR,LONG,25,13.5,IGNORE,0,WATCH,,0,0,0,NA,NA,NA,NA,NA,CLEAR,1,0,0,0,0,TREND_REVERSAL_UNCONFIRMED,1,0.45,LONG,1,0,0,0
BTCUSDT,1772870400000,2026-03-07T08:00:00.000Z,BEAR,LONG,0,7.875,IGNORE,0,WATCH,,0,0,0,NA,NA,NA,NA,NA,CLEAR,1,0,0,0,0,TREND_REVERSAL_UNCONFIRMED,0,0.45,LONG,1,0,0,0
BTCUSDT,1772874000000,2026-03-07T09:00:00.000Z,BEAR,LONG,0,7.875,IGNORE,0,WATCH,,0,0,0,NA,NA,NA,NA,NA,CLEAR,1,0,0,0,0,TREND_REVERSAL_UNCONFIRMED,0,0.45,LONG,1,0,0,0
BTCUSDT,1772877600000,2026-03-07T10:00:00.000Z,BEAR,LONG,0,7.875,IGNORE,0,WATCH,,0,0,0,NA,NA,NA,NA,NA,CLEAR,1,0,0,0,0,TREND_REVERSAL_UNCONFIRMED,0,0.45,LONG,1,0,0,0
BTCUSDT,1772881200000,2026-03-07T11:00:00.000Z,BEAR,LONG,0,7.875,IGNORE,0,WATCH,,0,0,0,NA,NA,NA,NA,NA,WARNING_SOFT,1,0,0,0,0,TREND_REVERSAL_UNCONFIRMED,0,0.45,LONG,1,0,0,0
BTCUSDT,1772884800000,2026-03-07T12:00:00.000Z,BEAR,LONG,0,7.875,IGNORE,0,WATCH,,0,0,0,NA,NA,NA,NA,NA,WARNING_SOFT,1,0,0,0,0,TREND_REVERSAL_UNCONFIRMED,0,0.45,LONG,1,0,0,0
BTCUSDT,1772888400000,2026-03-07T13:00:00.000Z,BEAR,LONG,0,7.875,IGNORE,0,WATCH,,0,0,0,NA,NA,NA,NA,NA,CLEAR,1,0,0,0,0,TREND_REVERSAL_UNCONFIRMED,0,0.45,LONG,1,0,0,0
BTCUSDT,1772892000000,2026-03-07T14:00:00.000Z,BEAR,LONG,15.045292197713877,12.716066760569968,IGNORE,0,WATCH,,0,0,0,NA,NA,NA,NA,NA,CLEAR,1,0,0,0,0,TREND_REVERSAL_UNCONFIRMED,1,0.45,LONG,1,0,0,0
BTCUSDT,1772895600000,2026-03-07T15:00:00.000Z,BEAR,LONG,0,7.875,IGNORE,0,WATCH,,0,0,0,NA,NA,NA,NA,NA,CLEAR,1,0,0,0,0,TREND_REVERSAL_UNCONFIRMED,0,0.45,LONG,1,0,0,0
BTCUSDT,1772899200000,2026-03-07T16:00:00.000Z,BEAR,LONG,0,7.875,IGNORE,0,WATCH,,0,0,0,NA,NA,NA,NA,NA,CLEAR,1,0,0,0,0,TREND_REVERSAL_UNCONFIRMED,0,0.45,LONG,1,0,0,0
BTCUSDT,1772902800000,2026-03-07T17:00:00.000Z,BEAR,LONG,17.5,12.909375,IGNORE,0,WATCH,,0,0,0,NA,NA,NA,NA,NA,CLEAR,1,0,0,0,0,TREND_REVERSAL_UNCONFIRMED,1,0.45,LONG,1,0,0,0
BTCUSDT,1772906400000,2026-03-07T18:00:00.000Z,BEAR,LONG,34.89313917349842,17.935334709913,IGNORE,0,WATCH,,0,0,0,NA,NA,NA,NA,NA,CLEAR,1,0,1,0,0,TREND_REVERSAL_UNCONFIRMED,2,0.45,LONG,1,0,0,0
BTCUSDT,1772910000000,2026-03-07T19:00:00.000Z,BEAR,LONG,57.43055555555556,52.43729166666667,WATCH,1,WATCH,ACTIVE,1,1,0,PASS,PASS,SKIP,SKIP,FAIL,CLEAR,1,0,1,0,0,MARKET_CONTEXT_DENIED,3,0.84,LONG,0,1,0,0
BTCUSDT,1772913600000,2026-03-07T20:00:00.000Z,BEAR,LONG,42.5,18.534375,IGNORE,0,WATCH,,0,0,0,NA,NA,NA,NA,NA,CLEAR,1,0,0,0,0,TREND_REVERSAL_UNCONFIRMED,2,0.45,LONG,1,0,0,0
BTCUSDT,1772917200000,2026-03-07T21:00:00.000Z,BEAR,LONG,17.5,12.909375,IGNORE,0,WATCH,,0,0,0,NA,NA,NA,NA,NA,CLEAR,1,0,0,0,0,TREND_REVERSAL_UNCONFIRMED,1,0.45,LONG,1,0,0,0
BTCUSDT,1772920800000,2026-03-07T22:00:00.000Z,BEAR,LONG,0,7.875,IGNORE,0,WATCH,,0,0,0,NA,NA,NA,NA,NA,CLEAR,1,0,0,0,0,TREND_REVERSAL_UNCONFIRMED,0,0.45,LONG,1,0,0,0
BTCUSDT,1772924400000,2026-03-07T23:00:00.000Z,BEAR,LONG,0,7.875,IGNORE,0,WATCH,,0,0,0,NA,NA,NA,NA,NA,CLEAR,1,0,0,0,0,TREND_REVERSAL_UNCONFIRMED,0,0.45,LONG,1,0,0,0
BTCUSDT,1772928000000,2026-03-08T00:00:00.000Z,BEAR,LONG,0,7.875,IGNORE,0,WATCH,,0,0,0,NA,NA,NA,NA,NA,CLEAR,1,0,0,0,0,TREND_REVERSAL_UNCONFIRMED,0,0.45,LONG,1,0,0,0
BTCUSDT,1772931600000,2026-03-08T01:00:00.000Z,BEAR,LONG,0,7.875,IGNORE,0,WATCH,,0,0,0,NA,NA,NA,NA,NA,CLEAR,1,0,0,0,0,TREND_REVERSAL_UNCONFIRMED,0,0.45,LONG,1,0,0,0
BTCUSDT,1772935200000,2026-03-08T02:00:00.000Z,BEAR,LONG,19.31610839016215,13.052393535725269,IGNORE,0,WATCH,,0,0,0,NA,NA,NA,NA,NA,CLEAR,1,0,0,0,0,TREND_REVERSAL_UNCONFIRMED,1,0.45,LONG,1,0,0,0
BTCUSDT,1772938800000,2026-03-08T03:00:00.000Z,BEAR,LONG,0,7.875,IGNORE,0,WATCH,,0,0,0,NA,NA,NA,NA,NA,CLEAR,1,0,0,0,0,TREND_REVERSAL_UNCONFIRMED,0,0.45,LONG,1,0,0,0
BTCUSDT,1772942400000,2026-03-08T04:00:00.000Z,BEAR,LONG,18.561850060986956,12.992995692302724,IGNORE,0,WATCH,,0,0,0,NA,NA,NA,NA,NA,CLEAR,1,0,1,0,0,TREND_REVERSAL_UNCONFIRMED,1,0.45,LONG,1,0,0,0
BTCUSDT,1772946000000,2026-03-08T05:00:00.000Z,BEAR,LONG,40.56614250944401,18.382083722618717,IGNORE,0,WATCH,,0,0,0,NA,NA,NA,NA,NA,CLEAR,1,0,0,0,0,TREND_REVERSAL_UNCONFIRMED,2,0.45,LONG,1,0,0,0
BTCUSDT,1772949600000,2026-03-08T06:00:00.000Z,BEAR,LONG,0,7.875,IGNORE,0,WATCH,,0,0,0,NA,NA,NA,NA,NA,CLEAR,1,0,0,0,0,TREND_REVERSAL_UNCONFIRMED,0,0.45,LONG,1,0,0,0
BTCUSDT,1772953200000,2026-03-08T07:00:00.000Z,BEAR,LONG,0,7.875,IGNORE,0,WATCH,,0,0,0,NA,NA,NA,NA,NA,BLOCK,0,0,0,0,0,TREND_REVERSAL_UNCONFIRMED,0,0.45,LONG,1,0,0,0
BTCUSDT,1772956800000,2026-03-08T08:00:00.000Z,NEUTRAL,NONE,0,7.875,IGNORE,0,WATCH,,0,0,0,NA,NA,NA,NA,NA,CLEAR,1,0,0,0,0,TREND_REVERSAL_UNCONFIRMED,0,0.45,NONE,1,0,0,0
BTCUSDT,1772960400000,2026-03-08T09:00:00.000Z,NEUTRAL,NONE,0,7.875,IGNORE,0,WATCH,,0,0,0,NA,NA,NA,NA,NA,CLEAR,1,1,0,0,0,TREND_REVERSAL_UNCONFIRMED,0,0.45,NONE,1,0,0,0
BTCUSDT,1772964000000,2026-03-08T10:00:00.000Z,NEUTRAL,NONE,0,7.875,IGNORE,0,WATCH,,0,0,0,NA,NA,NA,NA,NA,CLEAR,1,1,0,0,0,TREND_REVERSAL_UNCONFIRMED,0,0.45,NONE,1,0,0,0
BTCUSDT,1772967600000,2026-03-08T11:00:00.000Z,NEUTRAL,NONE,0,7.875,IGNORE,0,WATCH,,0,0,0,NA,NA,NA,NA,NA,CLEAR,1,0,0,0,0,TREND_REVERSAL_UNCONFIRMED,0,0.45,NONE,1,0,0,0
BTCUSDT,1772971200000,2026-03-08T12:00:00.000Z,BEAR,LONG,25,13.5,IGNORE,0,WATCH,,0,0,0,NA,NA,NA,NA,NA,WARNING_SOFT,1,0,0,0,0,TREND_REVERSAL_UNCONFIRMED,1,0.45,LONG,1,0,0,0
BTCUSDT,1772974800000,2026-03-08T13:00:00.000Z,BEAR,LONG,22.056386924699623,13.268190470320095,IGNORE,0,WATCH,,0,0,0,NA,NA,NA,NA,NA,CLEAR,1,0,1,0,0,TREND_REVERSAL_UNCONFIRMED,1,0.45,LONG,1,0,0,0
BTCUSDT,1772978400000,2026-03-08T14:00:00.000Z,BEAR,LONG,25,13.5,IGNORE,0,WATCH,,0,0,0,NA,NA,NA,NA,NA,CLEAR,1,0,0,0,0,TREND_REVERSAL_UNCONFIRMED,1,0.45,LONG,1,0,0,0
BTCUSDT,1772982000000,2026-03-08T15:00:00.000Z,BEAR,LONG,0,7.875,IGNORE,0,WATCH,,0,0,0,NA,NA,NA,NA,NA,CLEAR,1,0,0,0,0,TREND_REVERSAL_UNCONFIRMED,0,0.45,LONG,1,0,0,0
BTCUSDT,1772985600000,2026-03-08T16:00:00.000Z,BEAR,LONG,17.5,12.909375,IGNORE,0,WATCH,,0,0,0,NA,NA,NA,NA,NA,CLEAR,1,0,0,0,0,TREND_REVERSAL_UNCONFIRMED,1,0.45,LONG,1,0,0,0
BTCUSDT,1772989200000,2026-03-08T17:00:00.000Z,BEAR,LONG,17.5,12.909375,IGNORE,0,WATCH,,0,0,0,NA,NA,NA,NA,NA,CLEAR,1,0,0,0,0,TREND_REVERSAL_UNCONFIRMED,1,0.45,LONG,1,0,0,0
BTCUSDT,1772992800000,2026-03-08T18:00:00.000Z,BEAR,LONG,17.5,12.909375,IGNORE,0,WATCH,,0,0,0,NA,NA,NA,NA,NA,CLEAR,1,0,0,0,0,TREND_REVERSAL_UNCONFIRMED,1,0.45,LONG,1,0,0,0
BTCUSDT,1772996400000,2026-03-08T19:00:00.000Z,NEUTRAL,NONE,0,7.875,IGNORE,0,WATCH,,0,0,0,NA,NA,NA,NA,NA,WARNING_SOFT,1,0,0,0,0,TREND_REVERSAL_UNCONFIRMED,0,0.45,NONE,1,0,0,0
BTCUSDT,1773000000000,2026-03-08T20:00:00.000Z,BEAR,LONG,17.5,12.909375,IGNORE,0,WATCH,,0,0,0,NA,NA,NA,NA,NA,WARNING_SOFT,1,0,0,0,0,TREND_REVERSAL_UNCONFIRMED,1,0.45,LONG,1,0,0,0
BTCUSDT,1773003600000,2026-03-08T21:00:00.000Z,BEAR,LONG,17.5,12.909375,IGNORE,0,WATCH,,0,0,0,NA,NA,NA,NA,NA,CLEAR,1,0,0,0,0,TREND_REVERSAL_UNCONFIRMED,1,0.45,LONG,1,0,0,0
BTCUSDT,1773007200000,2026-03-08T22:00:00.000Z,BEAR,LONG,42.5,18.534375,IGNORE,0,WATCH,,0,0,0,NA,NA,NA,NA,NA,CLEAR,1,0,1,0,0,TREND_REVERSAL_UNCONFIRMED,2,0.45,LONG,1,0,0,0
BTCUSDT,1773010800000,2026-03-08T23:00:00.000Z,BEAR,LONG,42.5,18.534375,IGNORE,0,WATCH,,0,0,0,NA,NA,NA,NA,NA,CLEAR,1,0,0,0,0,TREND_REVERSAL_UNCONFIRMED,2,0.45,LONG,1,0,0,0
BTCUSDT,1773014400000,2026-03-09T00:00:00.000Z,BEAR,LONG,31.5752127477334,17.674048003884003,IGNORE,0,WATCH,,0,0,0,NA,NA,NA,NA,NA,CLEAR,1,0,0,0,0,TREND_REVERSAL_UNCONFIRMED,2,0.45,LONG,1,0,0,0
BTCUSDT,1773018000000,2026-03-09T01:00:00.000Z,BEAR,LONG,0,7.875,IGNORE,0,WATCH,,0,0,0,NA,NA,NA,NA,NA,CLEAR,1,0,0,0,0,TREND_REVERSAL_UNCONFIRMED,0,0.45,LONG,1,0,0,0
BTCUSDT,1773021600000,2026-03-09T02:00:00.000Z,BEAR,LONG,0,7.875,IGNORE,0,WATCH,,0,0,0,NA,NA,NA,NA,NA,CLEAR,1,0,0,0,0,TREND_REVERSAL_UNCONFIRMED,0,0.45,LONG,1,0,0,0
BTCUSDT,1773025200000,2026-03-09T03:00:00.000Z,NEUTRAL,NONE,0,7.875,IGNORE,0,WATCH,,0,0,0,NA,NA,NA,NA,NA,CLEAR,1,0,0,0,0,TREND_REVERSAL_UNCONFIRMED,0,0.45,NONE,1,0,0,0
BTCUSDT,1773028800000,2026-03-09T04:00:00.000Z,NEUTRAL,NONE,0,7.875,IGNORE,0,WATCH,,0,0,0,NA,NA,NA,NA,NA,CLEAR,1,0,0,0,0,TREND_REVERSAL_UNCONFIRMED,0,0.45,NONE,1,0,0,0
BTCUSDT,1773032400000,2026-03-09T05:00:00.000Z,NEUTRAL,NONE,0,7.875,IGNORE,0,WATCH,,0,0,0,NA,NA,NA,NA,NA,CLEAR,1,0,0,0,0,TREND_REVERSAL_UNCONFIRMED,0,0.45,NONE,1,0,0,0
BTCUSDT,1773036000000,2026-03-09T06:00:00.000Z,NEUTRAL,NONE,0,7.875,IGNORE,0,WATCH,,0,0,0,NA,NA,NA,NA,NA,CLEAR,1,0,0,0,0,TREND_REVERSAL_UNCONFIRMED,0,0.45,NONE,1,0,0,0
BTCUSDT,1773039600000,2026-03-09T07:00:00.000Z,NEUTRAL,NONE,0,7.875,IGNORE,0,WATCH,,0,0,0,NA,NA,NA,NA,NA,CLEAR,1,0,0,0,0,TREND_REVERSAL_UNCONFIRMED,0,0.45,NONE,1,0,0,0
BTCUSDT,1773043200000,2026-03-09T08:00:00.000Z,NEUTRAL,NONE,0,7.875,IGNORE,0,WATCH,,0,0,0,NA,NA,NA,NA,NA,CLEAR,1,0,0,0,0,TREND_REVERSAL_UNCONFIRMED,0,0.45,NONE,1,0,0,0
BTCUSDT,1773046800000,2026-03-09T09:00:00.000Z,NEUTRAL,NONE,0,7.875,IGNORE,0,WATCH,,0,0,0,NA,NA,NA,NA,NA,CLEAR,1,0,0,0,0,TREND_REVERSAL_UNCONFIRMED,0,0.45,NONE,1,0,0,0
BTCUSDT,1773050400000,2026-03-09T10:00:00.000Z,NEUTRAL,NONE,0,7.875,IGNORE,0,WATCH,,0,0,0,NA,NA,NA,NA,NA,CLEAR,1,0,0,0,0,TREND_REVERSAL_UNCONFIRMED,0,0.45,NONE,1,0,0,0
BTCUSDT,1773054000000,2026-03-09T11:00:00.000Z,NEUTRAL,NONE,0,7.875,IGNORE,0,WATCH,,0,0,0,NA,NA,NA,NA,NA,CLEAR,1,0,0,0,0,TREND_REVERSAL_UNCONFIRMED,0,0.45,NONE,1,0,0,0
BTCUSDT,1773057600000,2026-03-09T12:00:00.000Z,NEUTRAL,NONE,0,7.875,IGNORE,0,WATCH,,0,0,0,NA,NA,NA,NA,NA,CLEAR,1,0,0,0,0,TREND_REVERSAL_UNCONFIRMED,0,0.45,NONE,1,0,0,0
BTCUSDT,1773061200000,2026-03-09T13:00:00.000Z,NEUTRAL,NONE,0,7.875,IGNORE,0,WATCH,,0,0,0,NA,NA,NA,NA,NA,CLEAR,1,1,0,0,0,TREND_REVERSAL_UNCONFIRMED,0,0.45,NONE,1,0,0,0
BTCUSDT,1773064800000,2026-03-09T14:00:00.000Z,BULL,SHORT,22.423857887274977,13.297128808622904,IGNORE,0,WATCH,,0,0,0,NA,NA,NA,NA,NA,CLEAR,1,1,0,0,0,TREND_REVERSAL_UNCONFIRMED,1,0.45,SHORT,1,0,0,0
BTCUSDT,1773068400000,2026-03-09T15:00:00.000Z,BULL,SHORT,25,13.5,IGNORE,0,WATCH,,0,0,0,NA,NA,NA,NA,NA,CLEAR,1,0,0,0,0,TREND_REVERSAL_UNCONFIRMED,1,0.45,SHORT,1,0,0,0
BTCUSDT,1773072000000,2026-03-09T16:00:00.000Z,BULL,SHORT,0,7.875,IGNORE,0,WATCH,,0,0,0,NA,NA,NA,NA,NA,CLEAR,1,0,0,0,0,TREND_REVERSAL_UNCONFIRMED,0,0.45,SHORT,1,0,0,0
BTCUSDT,1773075600000,2026-03-09T17:00:00.000Z,BULL,SHORT,0,7.875,IGNORE,0,WATCH,,0,0,0,NA,NA,NA,NA,NA,CLEAR,1,0,0,0,0,TREND_REVERSAL_UNCONFIRMED,0,0.45,SHORT,1,0,0,0
BTCUSDT,1773079200000,2026-03-09T18:00:00.000Z,BULL,SHORT,0,7.875,IGNORE,0,WATCH,,0,0,0,NA,NA,NA,NA,NA,CLEAR,1,0,0,0,0,TREND_REVERSAL_UNCONFIRMED,0,0.45,SHORT,1,0,0,0
BTCUSDT,1773082800000,2026-03-09T19:00:00.000Z,BULL,SHORT,18.059572476141014,12.953441332496105,IGNORE,0,WATCH,,0,0,0,NA,NA,NA,NA,NA,CLEAR,1,0,0,0,0,TREND_REVERSAL_UNCONFIRMED,1,0.45,SHORT,1,0,0,0
BTCUSDT,1773086400000,2026-03-09T20:00:00.000Z,BULL,SHORT,0,7.875,IGNORE,0,WATCH,,0,0,0,NA,NA,NA,NA,NA,CLEAR,1,0,0,0,0,TREND_REVERSAL_UNCONFIRMED,0,0.45,SHORT,1,0,0,0
BTCUSDT,1773090000000,2026-03-09T21:00:00.000Z,BULL,SHORT,0,7.875,IGNORE,0,WATCH,,0,0,0,NA,NA,NA,NA,NA,CLEAR,1,0,0,0,0,TREND_REVERSAL_UNCONFIRMED,0,0.45,SHORT,1,0,0,0
BTCUSDT,1773093600000,2026-03-09T22:00:00.000Z,BULL,SHORT,25,13.5,IGNORE,0,WATCH,,0,0,0,NA,NA,NA,NA,NA,CLEAR,1,0,0,0,0,TREND_REVERSAL_UNCONFIRMED,1,0.45,SHORT,1,0,0,0
BTCUSDT,1773097200000,2026-03-09T23:00:00.000Z,BULL,SHORT,0,7.875,IGNORE,0,WATCH,,0,0,0,NA,NA,NA,NA,NA,WARNING_SOFT,1,0,0,0,0,TREND_REVERSAL_UNCONFIRMED,0,0.45,SHORT,1,0,0,0
BTCUSDT,1773100800000,2026-03-10T00:00:00.000Z,BULL,SHORT,0,7.875,IGNORE,0,WATCH,,0,0,0,NA,NA,NA,NA,NA,CLEAR,1,0,0,0,0,TREND_REVERSAL_UNCONFIRMED,0,0.45,SHORT,1,0,0,0
BTCUSDT,1773104400000,2026-03-10T01:00:00.000Z,BULL,SHORT,12.847222222222221,12.54296875,IGNORE,0,WATCH,,0,0,0,NA,NA,NA,NA,NA,CLEAR,1,0,0,0,0,TREND_REVERSAL_UNCONFIRMED,1,0.45,SHORT,1,0,0,0
BTCUSDT,1773108000000,2026-03-10T02:00:00.000Z,BULL,SHORT,25,13.5,IGNORE,0,WATCH,,0,0,0,NA,NA,NA,NA,NA,CLEAR,1,1,0,0,0,TREND_REVERSAL_UNCONFIRMED,1,0.45,SHORT,1,0,0,0
BTCUSDT,1773111600000,2026-03-10T03:00:00.000Z,BULL,SHORT,42.07961292360441,18.50126951773385,IGNORE,0,WATCH,,0,0,0,NA,NA,NA,NA,NA,CLEAR,1,0,0,0,0,TREND_REVERSAL_UNCONFIRMED,2,0.45,SHORT,1,0,0,0
BTCUSDT,1773115200000,2026-03-10T04:00:00.000Z,BULL,SHORT,0,7.875,IGNORE,0,WATCH,,0,0,0,NA,NA,NA,NA,NA,CLEAR,1,0,0,0,0,TREND_REVERSAL_UNCONFIRMED,0,0.45,SHORT,1,0,0,0
BTCUSDT,1773118800000,2026-03-10T05:00:00.000Z,BULL,SHORT,0,7.875,IGNORE,0,WATCH,,0,0,0,NA,NA,NA,NA,NA,CLEAR,1,0,0,0,0,TREND_REVERSAL_UNCONFIRMED,0,0.45,SHORT,1,0,0,0
BTCUSDT,1773122400000,2026-03-10T06:00:00.000Z,BULL,SHORT,22.603449999999974,13.311271687499998,IGNORE,0,WATCH,,0,0,0,NA,NA,NA,NA,NA,CLEAR,1,0,0,0,0,TREND_REVERSAL_UNCONFIRMED,1,0.45,SHORT,1,0,0,0
BTCUSDT,1773126000000,2026-03-10T07:00:00.000Z,BULL,SHORT,0,7.875,IGNORE,0,WATCH,,0,0,0,NA,NA,NA,NA,NA,CLEAR,1,0,0,0,0,TREND_REVERSAL_UNCONFIRMED,0,0.45,SHORT,1,0,0,0
BTCUSDT,1773129600000,2026-03-10T08:00:00.000Z,BULL,SHORT,20.77888015627599,13.167586812306734,IGNORE,0,WATCH,,0,0,0,NA,NA,NA,NA,NA,CLEAR,1,0,0,0,0,TREND_REVERSAL_UNCONFIRMED,1,0.45,SHORT,1,0,0,0
BTCUSDT,1773133200000,2026-03-10T09:00:00.000Z,BULL,SHORT,0,7.875,IGNORE,0,WATCH,,0,0,0,NA,NA,NA,NA,NA,CLEAR,1,0,0,0,0,TREND_REVERSAL_UNCONFIRMED,0,0.45,SHORT,1,0,0,0
BTCUSDT,1773136800000,2026-03-10T10:00:00.000Z,BULL,SHORT,25,13.5,IGNORE,0,WATCH,,0,0,0,NA,NA,NA,NA,NA,CLEAR,1,0,0,0,0,TREND_REVERSAL_UNCONFIRMED,1,0.45,SHORT,1,0,0,0
BTCUSDT,1773140400000,2026-03-10T11:00:00.000Z,BULL,SHORT,0,7.875,IGNORE,0,WATCH,,0,0,0,NA,NA,NA,NA,NA,CLEAR,1,0,0,0,0,TREND_REVERSAL_UNCONFIRMED,0,0.45,SHORT,1,0,0,0
BTCUSDT,1773144000000,2026-03-10T12:00:00.000Z,BULL,SHORT,0,7.875,IGNORE,0,WATCH,,0,0,0,NA,NA,NA,NA,NA,CLEAR,1,0,0,0,0,TREND_REVERSAL_UNCONFIRMED,0,0.45,SHORT,1,0,0,0
BTCUSDT,1773147600000,2026-03-10T13:00:00.000Z,BULL,SHORT,25,13.5,IGNORE,0,WATCH,,0,0,0,NA,NA,NA,NA,NA,CLEAR,1,0,0,0,0,TREND_REVERSAL_UNCONFIRMED,1,0.45,SHORT,1,0,0,0
BTCUSDT,1773151200000,2026-03-10T14:00:00.000Z,BULL,SHORT,25,13.5,IGNORE,0,WATCH,,0,0,0,NA,NA,NA,NA,NA,BLOCK,0,0,0,0,0,TREND_REVERSAL_UNCONFIRMED,1,0.45,SHORT,1,0,0,0
BTCUSDT,1773154800000,2026-03-10T15:00:00.000Z,BULL,SHORT,25,13.5,IGNORE,0,WATCH,,0,0,0,NA,NA,NA,NA,NA,CLEAR,1,0,0,0,0,TREND_REVERSAL_UNCONFIRMED,1,0.45,SHORT,1,0,0,0
BTCUSDT,1773158400000,2026-03-10T16:00:00.000Z,BULL,SHORT,0,7.875,IGNORE,0,WATCH,,0,0,0,NA,NA,NA,NA,NA,CLEAR,1,0,0,0,0,TREND_REVERSAL_UNCONFIRMED,0,0.45,SHORT,1,0,0,0
BTCUSDT,1773162000000,2026-03-10T17:00:00.000Z,BULL,SHORT,0,7.875,IGNORE,0,WATCH,,0,0,0,NA,NA,NA,NA,NA,CLEAR,1,0,0,0,0,TREND_REVERSAL_UNCONFIRMED,0,0.45,SHORT,1,0,0,0
BTCUSDT,1773165600000,2026-03-10T18:00:00.000Z,NEUTRAL,NONE,0,7.875,IGNORE,0,WATCH,,0,0,0,NA,NA,NA,NA,NA,WARNING_SOFT,1,0,0,0,0,TREND_REVERSAL_UNCONFIRMED,0,0.45,NONE,1,0,0,0
BTCUSDT,1773169200000,2026-03-10T19:00:00.000Z,NEUTRAL,NONE,0,7.875,IGNORE,0,WATCH,,0,0,0,NA,NA,NA,NA,NA,WARNING_SOFT,1,0,0,0,0,TREND_REVERSAL_UNCONFIRMED,0,0.45,NONE,1,0,0,0
BTCUSDT,1773172800000,2026-03-10T20:00:00.000Z,BULL,SHORT,0,7.875,IGNORE,0,WATCH,,0,0,0,NA,NA,NA,NA,NA,WARNING_SOFT,1,0,0,0,0,TREND_REVERSAL_UNCONFIRMED,0,0.45,SHORT,1,0,0,0
BTCUSDT,1773176400000,2026-03-10T21:00:00.000Z,NEUTRAL,NONE,0,7.875,IGNORE,0,WATCH,,0,0,0,NA,NA,NA,NA,NA,WARNING_SOFT,1,0,0,0,0,TREND_REVERSAL_UNCONFIRMED,0,0.45,NONE,1,0,0,0
BTCUSDT,1773180000000,2026-03-10T22:00:00.000Z,NEUTRAL,NONE,0,7.875,IGNORE,0,WATCH,,0,0,0,NA,NA,NA,NA,NA,WARNING_SOFT,1,0,0,0,0,TREND_REVERSAL_UNCONFIRMED,0,0.45,NONE,1,0,0,0
BTCUSDT,1773183600000,2026-03-10T23:00:00.000Z,NEUTRAL,NONE,0,7.875,IGNORE,0,WATCH,,0,0,0,NA,NA,NA,NA,NA,WARNING_SOFT,1,0,0,0,0,TREND_REVERSAL_UNCONFIRMED,0,0.45,NONE,1,0,0,0
BTCUSDT,1773187200000,2026-03-11T00:00:00.000Z,NEUTRAL,NONE,0,7.875,IGNORE,0,WATCH,,0,0,0,NA,NA,NA,NA,NA,WARNING_SOFT,1,0,0,0,0,TREND_REVERSAL_UNCONFIRMED,0,0.45,NONE,1,0,0,0
BTCUSDT,1773190800000,2026-03-11T01:00:00.000Z,NEUTRAL,NONE,0,7.875,IGNORE,0,WATCH,,0,0,0,NA,NA,NA,NA,NA,WARNING_SOFT,1,0,0,0,0,TREND_REVERSAL_UNCONFIRMED,0,0.45,NONE,1,0,0,0
BTCUSDT,1773194400000,2026-03-11T02:00:00.000Z,NEUTRAL,NONE,0,7.875,IGNORE,0,WATCH,,0,0,0,NA,NA,NA,NA,NA,WARNING_SOFT,1,0,0,0,0,TREND_REVERSAL_UNCONFIRMED,0,0.45,NONE,1,0,0,0
BTCUSDT,1773198000000,2026-03-11T03:00:00.000Z,NEUTRAL,NONE,0,7.875,IGNORE,0,WATCH,,0,0,0,NA,NA,NA,NA,NA,WARNING_SOFT,1,0,0,0,0,TREND_REVERSAL_UNCONFIRMED,0,0.45,NONE,1,0,0,0
BTCUSDT,1773201600000,2026-03-11T04:00:00.000Z,BULL,SHORT,0,7.875,IGNORE,0,WATCH,,0,0,0,NA,NA,NA,NA,NA,WARNING_SOFT,1,0,0,0,0,TREND_REVERSAL_UNCONFIRMED,0,0.45,SHORT,1,0,0,0
BTCUSDT,1773205200000,2026-03-11T05:00:00.000Z,NEUTRAL,NONE,0,7.875,IGNORE,0,WATCH,,0,0,0,NA,NA,NA,NA,NA,WARNING_SOFT,1,0,0,0,0,TREND_REVERSAL_UNCONFIRMED,0,0.45,NONE,1,0,0,0
BTCUSDT,1773208800000,2026-03-11T06:00:00.000Z,NEUTRAL,NONE,0,7.875,IGNORE,0,WATCH,,0,0,0,NA,NA,NA,NA,NA,WARNING_SOFT,1,0,0,0,0,TREND_REVERSAL_UNCONFIRMED,0,0.45,NONE,1,0,0,0
BTCUSDT,1773212400000,2026-03-11T07:00:00.000Z,NEUTRAL,NONE,0,7.875,IGNORE,0,WATCH,,0,0,0,NA,NA,NA,NA,NA,WARNING_SOFT,1,0,0,0,0,TREND_REVERSAL_UNCONFIRMED,0,0.45,NONE,1,0,0,0
BTCUSDT,1773216000000,2026-03-11T08:00:00.000Z,NEUTRAL,NONE,0,7.875,IGNORE,0,WATCH,,0,0,0,NA,NA,NA,NA,NA,WARNING_SOFT,1,0,0,0,0,TREND_REVERSAL_UNCONFIRMED,0,0.45,NONE,1,0,0,0
BTCUSDT,1773219600000,2026-03-11T09:00:00.000Z,NEUTRAL,NONE,0,7.875,IGNORE,0,WATCH,,0,0,0,NA,NA,NA,NA,NA,WARNING_SOFT,1,0,0,0,0,TREND_REVERSAL_UNCONFIRMED,0,0.45,NONE,1,0,0,0
BTCUSDT,1773223200000,2026-03-11T10:00:00.000Z,NEUTRAL,NONE,0,7.875,IGNORE,0,WATCH,,0,0,0,NA,NA,NA,NA,NA,WARNING_SOFT,1,0,0,0,0,TREND_REVERSAL_UNCONFIRMED,0,0.45,NONE,1,0,0,0
BTCUSDT,1773226800000,2026-03-11T11:00:00.000Z,NEUTRAL,NONE,0,7.875,IGNORE,0,WATCH,,0,0,0,NA,NA,NA,NA,NA,WARNING_SOFT,1,0,0,0,0,TREND_REVERSAL_UNCONFIRMED,0,0.45,NONE,1,0,0,0
BTCUSDT,1773230400000,2026-03-11T12:00:00.000Z,NEUTRAL,NONE,0,7.875,IGNORE,0,WATCH,,0,0,0,NA,NA,NA,NA,NA,BLOCK,0,0,0,0,0,TREND_REVERSAL_UNCONFIRMED,0,0.45,NONE,1,0,0,0
BTCUSDT,1773234000000,2026-03-11T13:00:00.000Z,BULL,SHORT,42.5,18.534375,IGNORE,0,WATCH,,0,0,0,NA,NA,NA,NA,NA,CLEAR,1,0,0,0,0,TREND_REVERSAL_UNCONFIRMED,2,0.45,SHORT,1,0,0,0
BTCUSDT,1773237600000,2026-03-11T14:00:00.000Z,BULL,SHORT,42.5,18.534375,IGNORE,0,WATCH,,0,0,0,NA,NA,NA,NA,NA,CLEAR,1,1,0,0,0,TREND_REVERSAL_UNCONFIRMED,2,0.45,SHORT,1,0,0,0
BTCUSDT,1773241200000,2026-03-11T15:00:00.000Z,BULL,SHORT,66.26395637176702,53.73580158664975,WATCH,1,WATCH,ACTIVE,1,1,0,PASS,PASS,SKIP,SKIP,FAIL,CLEAR,1,0,0,0,0,MARKET_CONTEXT_DENIED,3,0.84,SHORT,0,1,0,0
BTCUSDT,1773244800000,2026-03-11T16:00:00.000Z,BULL,SHORT,0,7.875,IGNORE,0,WATCH,,0,0,0,NA,NA,NA,NA,NA,CLEAR,1,0,0,0,0,TREND_REVERSAL_UNCONFIRMED,0,0.45,SHORT,1,0,0,0
BTCUSDT,1773248400000,2026-03-11T17:00:00.000Z,BULL,SHORT,23.723083872316465,13.399442854944922,IGNORE,0,WATCH,,0,0,0,NA,NA,NA,NA,NA,CLEAR,1,0,0,0,0,TREND_REVERSAL_UNCONFIRMED,1,0.45,SHORT,1,0,0,0
BTCUSDT,1773252000000,2026-03-11T18:00:00.000Z,BULL,SHORT,25,13.5,IGNORE,0,WATCH,,0,0,0,NA,NA,NA,NA,NA,CLEAR,1,0,0,0,0,TREND_REVERSAL_UNCONFIRMED,1,0.45,SHORT,1,0,0,0
BTCUSDT,1773255600000,2026-03-11T19:00:00.000Z,BULL,SHORT,0,7.875,IGNORE,0,WATCH,,0,0,0,NA,NA,NA,NA,NA,CLEAR,1,0,0,0,0,TREND_REVERSAL_UNCONFIRMED,0,0.45,SHORT,1,0,0,0
BTCUSDT,1773259200000,2026-03-11T20:00:00.000Z,BULL,SHORT,0,7.875,IGNORE,0,WATCH,,0,0,0,NA,NA,NA,NA,NA,CLEAR,1,0,0,0,0,TREND_REVERSAL_UNCONFIRMED,0,0.45,SHORT,1,0,0,0
BTCUSDT,1773262800000,2026-03-11T21:00:00.000Z,BULL,SHORT,0,7.875,IGNORE,0,WATCH,,0,0,0,NA,NA,NA,NA,NA,CLEAR,1,0,0,0,0,TREND_REVERSAL_UNCONFIRMED,0,0.45,SHORT,1,0,0,0
BTCUSDT,1773266400000,2026-03-11T22:00:00.000Z,BULL,SHORT,23.815599999999996,13.4067285,IGNORE,0,WATCH,,0,0,0,NA,NA,NA,NA,NA,CLEAR,1,0,0,0,0,TREND_REVERSAL_UNCONFIRMED,1,0.45,SHORT,1,0,0,0
BTCUSDT,1773270000000,2026-03-11T23:00:00.000Z,NEUTRAL,NONE,0,7.875,IGNORE,0,WATCH,,0,0,0,NA,NA,NA,NA,NA,WARNING_SOFT,1,0,0,0,0,TREND_REVERSAL_UNCONFIRMED,0,0.45,NONE,1,0,0,0
BTCUSDT,1773273600000,2026-03-12T00:00:00.000Z,NEUTRAL,NONE,0,7.875,IGNORE,0,WATCH,,0,0,0,NA,NA,NA,NA,NA,WARNING_SOFT,1,0,0,0,0,TREND_REVERSAL_UNCONFIRMED,0,0.45,NONE,1,0,0,0
BTCUSDT,1773277200000,2026-03-12T01:00:00.000Z,NEUTRAL,NONE,0,7.875,IGNORE,0,WATCH,,0,0,0,NA,NA,NA,NA,NA,BLOCK,0,0,0,0,0,TREND_REVERSAL_UNCONFIRMED,0,0.45,NONE,1,0,0,0
BTCUSDT,1773280800000,2026-03-12T02:00:00.000Z,NEUTRAL,NONE,0,7.875,IGNORE,0,WATCH,,0,0,0,NA,NA,NA,NA,NA,BLOCK,0,0,0,0,0,TREND_REVERSAL_UNCONFIRMED,0,0.45,NONE,1,0,0,0
BTCUSDT,1773284400000,2026-03-12T03:00:00.000Z,NEUTRAL,NONE,0,7.875,IGNORE,0,WATCH,,0,0,0,NA,NA,NA,NA,NA,WARNING_SOFT,1,0,0,0,0,TREND_REVERSAL_UNCONFIRMED,0,0.45,NONE,1,0,0,0
BTCUSDT,1773288000000,2026-03-12T04:00:00.000Z,NEUTRAL,NONE,0,7.875,IGNORE,0,WATCH,,0,0,0,NA,NA,NA,NA,NA,WARNING_SOFT,1,0,0,0,0,TREND_REVERSAL_UNCONFIRMED,0,0.45,NONE,1,0,0,0
BTCUSDT,1773291600000,2026-03-12T05:00:00.000Z,NEUTRAL,NONE,0,7.875,IGNORE,0,WATCH,,0,0,0,NA,NA,NA,NA,NA,WARNING_SOFT,1,0,0,0,0,TREND_REVERSAL_UNCONFIRMED,0,0.45,NONE,1,0,0,0
BTCUSDT,1773295200000,2026-03-12T06:00:00.000Z,NEUTRAL,NONE,0,7.875,IGNORE,0,WATCH,,0,0,0,NA,NA,NA,NA,NA,WARNING_SOFT,1,0,0,0,0,TREND_REVERSAL_UNCONFIRMED,0,0.45,NONE,1,0,0,0
BTCUSDT,1773298800000,2026-03-12T07:00:00.000Z,NEUTRAL,NONE,0,7.875,IGNORE,0,WATCH,,0,0,0,NA,NA,NA,NA,NA,WARNING_SOFT,1,0,0,0,0,TREND_REVERSAL_UNCONFIRMED,0,0.45,NONE,1,0,0,0
BTCUSDT,1773302400000,2026-03-12T08:00:00.000Z,BULL,SHORT,17.5,12.909375,IGNORE,0,WATCH,,0,0,0,NA,NA,NA,NA,NA,CLEAR,1,0,0,0,0,TREND_REVERSAL_UNCONFIRMED,1,0.45,SHORT,1,0,0,0
BTCUSDT,1773306000000,2026-03-12T09:00:00.000Z,BULL,SHORT,42.5,18.534375,IGNORE,0,WATCH,,0,0,0,NA,NA,NA,NA,NA,WARNING_SOFT,1,0,0,0,0,TREND_REVERSAL_UNCONFIRMED,2,0.45,SHORT,1,0,0,0
BTCUSDT,1773309600000,2026-03-12T10:00:00.000Z,BULL,SHORT,17.5,12.909375,IGNORE,0,WATCH,,0,0,0,NA,NA,NA,NA,NA,CLEAR,1,0,0,0,0,TREND_REVERSAL_UNCONFIRMED,1,0.45,SHORT,1,0,0,0
BTCUSDT,1773313200000,2026-03-12T11:00:00.000Z,BULL,SHORT,31.168937072922716,17.642053794492664,IGNORE,0,WATCH,,0,0,0,NA,NA,NA,NA,NA,CLEAR,1,0,0,0,0,TREND_REVERSAL_UNCONFIRMED,2,0.45,SHORT,1,0,0,0
BTCUSDT,1773316800000,2026-03-12T12:00:00.000Z,BULL,SHORT,42.5,18.534375,IGNORE,0,WATCH,,0,0,0,NA,NA,NA,NA,NA,CLEAR,1,0,0,0,0,TREND_REVERSAL_UNCONFIRMED,2,0.45,SHORT,1,0,0,0
BTCUSDT,1773320400000,2026-03-12T13:00:00.000Z,NEUTRAL,NONE,0,7.875,IGNORE,0,WATCH,,0,0,0,NA,NA,NA,NA,NA,BLOCK,0,0,0,0,0,TREND_REVERSAL_UNCONFIRMED,0,0.45,NONE,1,0,0,0
BTCUSDT,1773324000000,2026-03-12T14:00:00.000Z,NEUTRAL,NONE,0,7.875,IGNORE,0,WATCH,,0,0,0,NA,NA,NA,NA,NA,BLOCK,0,0,1,0,0,TREND_REVERSAL_UNCONFIRMED,0,0.45,NONE,1,0,0,0
BTCUSDT,1773327600000,2026-03-12T15:00:00.000Z,BULL,SHORT,42.5,18.534375,IGNORE,0,WATCH,,0,0,0,NA,NA,NA,NA,NA,WARNING_SOFT,1,0,0,0,0,TREND_REVERSAL_UNCONFIRMED,2,0.45,SHORT,1,0,0,0
BTCUSDT,1773331200000,2026-03-12T16:00:00.000Z,BULL,SHORT,39.00377992977893,18.259047669470093,IGNORE,0,WATCH,,0,0,0,NA,NA,NA,NA,NA,CLEAR,1,0,0,0,0,TREND_REVERSAL_UNCONFIRMED,2,0.45,SHORT,1,0,0,0
BTCUSDT,1773334800000,2026-03-12T17:00:00.000Z,BULL,SHORT,17.5,12.909375,IGNORE,0,WATCH,,0,0,0,NA,NA,NA,NA,NA,CLEAR,1,0,0,0,0,TREND_REVERSAL_UNCONFIRMED,1,0.45,SHORT,1,0,0,0
BTCUSDT,1773338400000,2026-03-12T18:00:00.000Z,NEUTRAL,NONE,0,7.875,IGNORE,0,WATCH,,0,0,0,NA,NA,NA,NA,NA,WARNING_SOFT,1,0,0,0,0,TREND_REVERSAL_UNCONFIRMED,0,0.45,NONE,1,0,0,0
BTCUSDT,1773342000000,2026-03-12T19:00:00.000Z,BULL,SHORT,17.5,12.909375,IGNORE,0,WATCH,,0,0,0,NA,NA,NA,NA,NA,WARNING_SOFT,1,0,0,0,0,TREND_REVERSAL_UNCONFIRMED,1,0.45,SHORT,1,0,0,0
BTCUSDT,1773345600000,2026-03-12T20:00:00.000Z,BULL,SHORT,42.5,18.534375,IGNORE,0,WATCH,,0,0,0,NA,NA,NA,NA,NA,CLEAR,1,0,0,0,0,TREND_REVERSAL_UNCONFIRMED,2,0.45,SHORT,1,0,0,0
BTCUSDT,1773349200000,2026-03-12T21:00:00.000Z,BULL,SHORT,17.5,12.909375,IGNORE,0,WATCH,,0,0,0,NA,NA,NA,NA,NA,CLEAR,1,0,0,0,0,TREND_REVERSAL_UNCONFIRMED,1,0.45,SHORT,1,0,0,0
BTCUSDT,1773352800000,2026-03-12T22:00:00.000Z,BULL,SHORT,17.5,12.909375,IGNORE,0,WATCH,,0,0,0,NA,NA,NA,NA,NA,CLEAR,1,0,0,0,0,TREND_REVERSAL_UNCONFIRMED,1,0.45,SHORT,1,0,0,0
BTCUSDT,1773356400000,2026-03-12T23:00:00.000Z,BULL,SHORT,17.5,12.909375,IGNORE,0,WATCH,,0,0,0,NA,NA,NA,NA,NA,CLEAR,1,0,0,0,0,TREND_REVERSAL_UNCONFIRMED,1,0.45,SHORT,1,0,0,0
BTCUSDT,1773360000000,2026-03-13T00:00:00.000Z,BULL,SHORT,42.5,18.534375,IGNORE,0,WATCH,,0,0,0,NA,NA,NA,NA,NA,CLEAR,1,0,0,0,0,TREND_REVERSAL_UNCONFIRMED,2,0.45,SHORT,1,0,0,0
BTCUSDT,1773363600000,2026-03-13T01:00:00.000Z,BULL,SHORT,17.5,12.909375,IGNORE,0,WATCH,,0,0,0,NA,NA,NA,NA,NA,CLEAR,1,0,0,0,0,TREND_REVERSAL_UNCONFIRMED,1,0.45,SHORT,1,0,0,0
BTCUSDT,1773367200000,2026-03-13T02:00:00.000Z,BULL,SHORT,42.5,18.534375,IGNORE,0,WATCH,,0,0,0,NA,NA,NA,NA,NA,CLEAR,1,0,0,0,0,TREND_REVERSAL_UNCONFIRMED,2,0.45,SHORT,1,0,0,0
BTCUSDT,1773370800000,2026-03-13T03:00:00.000Z,BULL,SHORT,0,7.875,IGNORE,0,WATCH,,0,0,0,NA,NA,NA,NA,NA,CLEAR,1,0,0,0,0,TREND_REVERSAL_UNCONFIRMED,0,0.45,SHORT,1,0,0,0
BTCUSDT,1773374400000,2026-03-13T04:00:00.000Z,BULL,SHORT,0,7.875,IGNORE,0,WATCH,,0,0,0,NA,NA,NA,NA,NA,CLEAR,1,0,0,0,0,TREND_REVERSAL_UNCONFIRMED,0,0.45,SHORT,1,0,0,0
BTCUSDT,1773378000000,2026-03-13T05:00:00.000Z,BULL,SHORT,0,7.875,IGNORE,0,WATCH,,0,0,0,NA,NA,NA,NA,NA,CLEAR,1,0,0,0,0,TREND_REVERSAL_UNCONFIRMED,0,0.45,SHORT,1,0,0,0
BTCUSDT,1773381600000,2026-03-13T06:00:00.000Z,BULL,SHORT,25,13.5,IGNORE,0,WATCH,,0,0,0,NA,NA,NA,NA,NA,CLEAR,1,0,0,0,0,TREND_REVERSAL_UNCONFIRMED,1,0.45,SHORT,1,0,0,0
BTCUSDT,1773385200000,2026-03-13T07:00:00.000Z,BULL,SHORT,0,7.875,IGNORE,0,WATCH,,0,0,0,NA,NA,NA,NA,NA,CLEAR,1,0,0,0,0,TREND_REVERSAL_UNCONFIRMED,0,0.45,SHORT,1,0,0,0
BTCUSDT,1773388800000,2026-03-13T08:00:00.000Z,BULL,SHORT,17.382360638549898,12.900110900285805,IGNORE,0,WATCH,,0,0,0,NA,NA,NA,NA,NA,CLEAR,1,0,0,0,0,TREND_REVERSAL_UNCONFIRMED,1,0.45,SHORT,1,0,0,0
BTCUSDT,1773392400000,2026-03-13T09:00:00.000Z,BULL,SHORT,0,7.875,IGNORE,0,WATCH,,0,0,0,NA,NA,NA,NA,NA,CLEAR,1,0,0,0,0,TREND_REVERSAL_UNCONFIRMED,0,0.45,SHORT,1,0,0,0
BTCUSDT,1773396000000,2026-03-13T10:00:00.000Z,BULL,SHORT,19.76055994706539,13.0873940958314,IGNORE,0,WATCH,,0,0,0,NA,NA,NA,NA,NA,CLEAR,1,1,0,0,0,TREND_REVERSAL_UNCONFIRMED,1,0.45,SHORT,1,0,0,0
BTCUSDT,1773399600000,2026-03-13T11:00:00.000Z,BULL,SHORT,25,13.5,IGNORE,0,WATCH,,0,0,0,NA,NA,NA,NA,NA,CLEAR,1,0,0,0,0,TREND_REVERSAL_UNCONFIRMED,1,0.45,SHORT,1,0,0,0
BTCUSDT,1773403200000,2026-03-13T12:00:00.000Z,BULL,SHORT,15.992849776058256,12.790686919864587,IGNORE,0,WATCH,,0,0,0,NA,NA,NA,NA,NA,CLEAR,1,0,0,0,0,TREND_REVERSAL_UNCONFIRMED,1,0.45,SHORT,1,0,0,0
BTCUSDT,1773406800000,2026-03-13T13:00:00.000Z,BULL,SHORT,25,13.5,IGNORE,0,WATCH,,0,0,0,NA,NA,NA,NA,NA,CLEAR,1,0,0,0,0,TREND_REVERSAL_UNCONFIRMED,1,0.45,SHORT,1,0,0,0
BTCUSDT,1773410400000,2026-03-13T14:00:00.000Z,BULL,SHORT,25,13.5,IGNORE,0,WATCH,,0,0,0,NA,NA,NA,NA,NA,CLEAR,1,0,0,0,0,TREND_REVERSAL_UNCONFIRMED,1,0.45,SHORT,1,0,0,0
BTCUSDT,1773414000000,2026-03-13T15:00:00.000Z,BULL,SHORT,25,13.5,IGNORE,0,WATCH,,0,0,0,NA,NA,NA,NA,NA,CLEAR,1,0,0,0,0,TREND_REVERSAL_UNCONFIRMED,1,0.45,SHORT,1,0,0,0
BTCUSDT,1773417600000,2026-03-13T16:00:00.000Z,BULL,SHORT,25,13.5,IGNORE,0,WATCH,,0,0,0,NA,NA,NA,NA,NA,BLOCK,0,1,0,0,0,TREND_REVERSAL_UNCONFIRMED,1,0.45,SHORT,1,0,0,0
BTCUSDT,1773421200000,2026-03-13T17:00:00.000Z,NEUTRAL,NONE,0,7.875,IGNORE,0,WATCH,,0,0,0,NA,NA,NA,NA,NA,WARNING_SOFT,1,0,0,0,0,TREND_REVERSAL_UNCONFIRMED,0,0.45,NONE,1,0,0,0
BTCUSDT,1773424800000,2026-03-13T18:00:00.000Z,NEUTRAL,NONE,0,7.875,IGNORE,0,WATCH,,0,0,0,NA,NA,NA,NA,NA,WARNING_SOFT,1,0,0,0,0,TREND_REVERSAL_UNCONFIRMED,0,0.45,NONE,1,0,0,0
BTCUSDT,1773428400000,2026-03-13T19:00:00.000Z,NEUTRAL,NONE,0,7.875,IGNORE,0,WATCH,,0,0,0,NA,NA,NA,NA,NA,WARNING_SOFT,1,0,0,0,0,TREND_REVERSAL_UNCONFIRMED,0,0.45,NONE,1,0,0,0
BTCUSDT,1773432000000,2026-03-13T20:00:00.000Z,NEUTRAL,NONE,0,7.875,IGNORE,0,WATCH,,0,0,0,NA,NA,NA,NA,NA,WARNING_SOFT,1,0,0,0,0,TREND_REVERSAL_UNCONFIRMED,0,0.45,NONE,1,0,0,0
BTCUSDT,1773435600000,2026-03-13T21:00:00.000Z,NEUTRAL,NONE,0,7.875,IGNORE,0,WATCH,,0,0,0,NA,NA,NA,NA,NA,WARNING_SOFT,1,0,0,0,0,TREND_REVERSAL_UNCONFIRMED,0,0.45,NONE,1,0,0,0
BTCUSDT,1773439200000,2026-03-13T22:00:00.000Z,NEUTRAL,NONE,0,7.875,IGNORE,0,WATCH,,0,0,0,NA,NA,NA,NA,NA,WARNING_SOFT,1,0,0,0,0,TREND_REVERSAL_UNCONFIRMED,0,0.45,NONE,1,0,0,0
BTCUSDT,1773442800000,2026-03-13T23:00:00.000Z,NEUTRAL,NONE,0,7.875,IGNORE,0,WATCH,,0,0,0,NA,NA,NA,NA,NA,WARNING_SOFT,1,0,0,0,0,TREND_REVERSAL_UNCONFIRMED,0,0.45,NONE,1,0,0,0
BTCUSDT,1773446400000,2026-03-14T00:00:00.000Z,NEUTRAL,NONE,0,7.875,IGNORE,0,WATCH,,0,0,0,NA,NA,NA,NA,NA,WARNING_SOFT,1,0,0,0,0,TREND_REVERSAL_UNCONFIRMED,0,0.45,NONE,1,0,0,0
BTCUSDT,1773450000000,2026-03-14T01:00:00.000Z,NEUTRAL,NONE,0,7.875,IGNORE,0,WATCH,,0,0,0,NA,NA,NA,NA,NA,WARNING_SOFT,1,0,0,0,0,TREND_REVERSAL_UNCONFIRMED,0,0.45,NONE,1,0,0,0
BTCUSDT,1773453600000,2026-03-14T02:00:00.000Z,NEUTRAL,NONE,0,7.875,IGNORE,0,WATCH,,0,0,0,NA,NA,NA,NA,NA,WARNING_SOFT,1,0,0,0,0,TREND_REVERSAL_UNCONFIRMED,0,0.45,NONE,1,0,0,0
BTCUSDT,1773457200000,2026-03-14T03:00:00.000Z,NEUTRAL,NONE,0,7.875,IGNORE,0,WATCH,,0,0,0,NA,NA,NA,NA,NA,WARNING_SOFT,1,0,0,0,0,TREND_REVERSAL_UNCONFIRMED,0,0.45,NONE,1,0,0,0
BTCUSDT,1773460800000,2026-03-14T04:00:00.000Z,NEUTRAL,NONE,0,7.875,IGNORE,0,WATCH,,0,0,0,NA,NA,NA,NA,NA,WARNING_SOFT,1,0,0,0,0,TREND_REVERSAL_UNCONFIRMED,0,0.45,NONE,1,0,0,0
BTCUSDT,1773464400000,2026-03-14T05:00:00.000Z,NEUTRAL,NONE,0,7.875,IGNORE,0,WATCH,,0,0,0,NA,NA,NA,NA,NA,WARNING_SOFT,1,0,0,0,0,TREND_REVERSAL_UNCONFIRMED,0,0.45,NONE,1,0,0,0
BTCUSDT,1773468000000,2026-03-14T06:00:00.000Z,NEUTRAL,NONE,0,7.875,IGNORE,0,WATCH,,0,0,0,NA,NA,NA,NA,NA,BLOCK,0,0,0,0,0,TREND_REVERSAL_UNCONFIRMED,0,0.45,NONE,1,0,0,0
BTCUSDT,1773471600000,2026-03-14T07:00:00.000Z,NEUTRAL,NONE,0,7.875,IGNORE,0,WATCH,,0,0,0,NA,NA,NA,NA,NA,WARNING_SOFT,1,0,0,0,0,TREND_REVERSAL_UNCONFIRMED,0,0.45,NONE,1,0,0,0
BTCUSDT,1773475200000,2026-03-14T08:00:00.000Z,NEUTRAL,NONE,0,7.875,IGNORE,0,WATCH,,0,0,0,NA,NA,NA,NA,NA,WARNING_SOFT,1,0,0,0,0,TREND_REVERSAL_UNCONFIRMED,0,0.45,NONE,1,0,0,0
BTCUSDT,1773478800000,2026-03-14T09:00:00.000Z,NEUTRAL,NONE,0,7.875,IGNORE,0,WATCH,,0,0,0,NA,NA,NA,NA,NA,WARNING_SOFT,1,0,0,0,0,TREND_REVERSAL_UNCONFIRMED,0,0.45,NONE,1,0,0,0
BTCUSDT,1773482400000,2026-03-14T10:00:00.000Z,NEUTRAL,NONE,0,7.875,IGNORE,0,WATCH,,0,0,0,NA,NA,NA,NA,NA,WARNING_SOFT,1,0,0,0,0,TREND_REVERSAL_UNCONFIRMED,0,0.45,NONE,1,0,0,0
BTCUSDT,1773486000000,2026-03-14T11:00:00.000Z,NEUTRAL,NONE,0,7.875,IGNORE,0,WATCH,,0,0,0,NA,NA,NA,NA,NA,WARNING_SOFT,1,0,0,0,0,TREND_REVERSAL_UNCONFIRMED,0,0.45,NONE,1,0,0,0
BTCUSDT,1773489600000,2026-03-14T12:00:00.000Z,NEUTRAL,NONE,0,7.875,IGNORE,0,WATCH,,0,0,0,NA,NA,NA,NA,NA,WARNING_SOFT,1,0,0,0,0,TREND_REVERSAL_UNCONFIRMED,0,0.45,NONE,1,0,0,0
BTCUSDT,1773493200000,2026-03-14T13:00:00.000Z,NEUTRAL,NONE,0,7.875,IGNORE,0,WATCH,,0,0,0,NA,NA,NA,NA,NA,WARNING_SOFT,1,0,0,0,0,TREND_REVERSAL_UNCONFIRMED,0,0.45,NONE,1,0,0,0
BTCUSDT,1773496800000,2026-03-14T14:00:00.000Z,BEAR,LONG,17.5,12.909375,IGNORE,0,WATCH,,0,0,0,NA,NA,NA,NA,NA,WARNING_SOFT,1,0,0,0,0,TREND_REVERSAL_UNCONFIRMED,1,0.45,LONG,1,0,0,0
BTCUSDT,1773500400000,2026-03-14T15:00:00.000Z,BEAR,LONG,17.5,12.909375,IGNORE,0,WATCH,,0,0,0,NA,NA,NA,NA,NA,CLEAR,1,0,0,0,0,TREND_REVERSAL_UNCONFIRMED,1,0.45,LONG,1,0,0,0
BTCUSDT,1773504000000,2026-03-14T16:00:00.000Z,BEAR,LONG,17.5,12.909375,IGNORE,0,WATCH,,0,0,0,NA,NA,NA,NA,NA,CLEAR,1,0,0,0,0,TREND_REVERSAL_UNCONFIRMED,1,0.45,LONG,1,0,0,0
BTCUSDT,1773507600000,2026-03-14T17:00:00.000Z,BEAR,LONG,17.5,12.909375,IGNORE,0,WATCH,,0,0,0,NA,NA,NA,NA,NA,WARNING_SOFT,1,0,0,0,0,TREND_REVERSAL_UNCONFIRMED,1,0.45,LONG,1,0,0,0
BTCUSDT,1773511200000,2026-03-14T18:00:00.000Z,BEAR,LONG,36.139925,18.033519093749998,IGNORE,0,WATCH,,0,0,0,NA,NA,NA,NA,NA,CLEAR,1,0,0,0,0,TREND_REVERSAL_UNCONFIRMED,2,0.45,LONG,1,0,0,0
BTCUSDT,1773514800000,2026-03-14T19:00:00.000Z,BEAR,LONG,17.5,12.909375,IGNORE,0,WATCH,,0,0,0,NA,NA,NA,NA,NA,CLEAR,1,0,0,0,0,TREND_REVERSAL_UNCONFIRMED,1,0.45,LONG,1,0,0,0
BTCUSDT,1773518400000,2026-03-14T20:00:00.000Z,NEUTRAL,NONE,0,7.875,IGNORE,0,WATCH,,0,0,0,NA,NA,NA,NA,NA,CLEAR,1,0,0,0,0,TREND_REVERSAL_UNCONFIRMED,0,0.45,NONE,1,0,0,0
BTCUSDT,1773522000000,2026-03-14T21:00:00.000Z,NEUTRAL,NONE,0,7.875,IGNORE,0,WATCH,,0,0,0,NA,NA,NA,NA,NA,WARNING_SOFT,1,0,0,0,0,TREND_REVERSAL_UNCONFIRMED,0,0.45,NONE,1,0,0,0
BTCUSDT,1773525600000,2026-03-14T22:00:00.000Z,BEAR,LONG,17.5,12.909375,IGNORE,0,WATCH,,0,0,0,NA,NA,NA,NA,NA,WARNING_SOFT,1,0,0,0,0,TREND_REVERSAL_UNCONFIRMED,1,0.45,LONG,1,0,0,0
BTCUSDT,1773529200000,2026-03-14T23:00:00.000Z,NEUTRAL,NONE,0,7.875,IGNORE,0,WATCH,,0,0,0,NA,NA,NA,NA,NA,CLEAR,1,0,0,0,0,TREND_REVERSAL_UNCONFIRMED,0,0.45,NONE,1,0,0,0
BTCUSDT,1773532800000,2026-03-15T00:00:00.000Z,NEUTRAL,NONE,0,7.875,IGNORE,0,WATCH,,0,0,0,NA,NA,NA,NA,NA,CLEAR,1,0,0,0,0,TREND_REVERSAL_UNCONFIRMED,0,0.45,NONE,1,0,0,0
BTCUSDT,1773536400000,2026-03-15T01:00:00.000Z,NEUTRAL,NONE,0,7.875,IGNORE,0,WATCH,,0,0,0,NA,NA,NA,NA,NA,CLEAR,1,0,0,0,0,TREND_REVERSAL_UNCONFIRMED,0,0.45,NONE,1,0,0,0
BTCUSDT,1773540000000,2026-03-15T02:00:00.000Z,BULL,SHORT,42.5,18.534375,IGNORE,0,WATCH,,0,0,0,NA,NA,NA,NA,NA,CLEAR,1,0,0,0,0,TREND_REVERSAL_UNCONFIRMED,2,0.45,SHORT,1,0,0,0
BTCUSDT,1773543600000,2026-03-15T03:00:00.000Z,BULL,SHORT,33.147929661282554,17.797899460826002,IGNORE,0,WATCH,,0,0,0,NA,NA,NA,NA,NA,CLEAR,1,0,0,0,0,TREND_REVERSAL_UNCONFIRMED,2,0.45,SHORT,1,0,0,0
BTCUSDT,1773547200000,2026-03-15T04:00:00.000Z,BULL,SHORT,35.37714852020768,17.973450445966357,IGNORE,0,WATCH,,0,0,0,NA,NA,NA,NA,NA,CLEAR,1,0,0,0,0,TREND_REVERSAL_UNCONFIRMED,2,0.45,SHORT,1,0,0,0
BTCUSDT,1773550800000,2026-03-15T05:00:00.000Z,BULL,SHORT,39.45709060412109,18.294745885074537,IGNORE,0,WATCH,,0,0,0,NA,NA,NA,NA,NA,CLEAR,1,0,0,0,0,TREND_REVERSAL_UNCONFIRMED,2,0.45,SHORT,1,0,0,0
BTCUSDT,1773554400000,2026-03-15T06:00:00.000Z,BULL,SHORT,42.5,18.534375,IGNORE,0,WATCH,,0,0,0,NA,NA,NA,NA,NA,CLEAR,1,0,0,0,0,TREND_REVERSAL_UNCONFIRMED,2,0.45,SHORT,1,0,0,0
BTCUSDT,1773558000000,2026-03-15T07:00:00.000Z,BULL,SHORT,17.5,12.909375,IGNORE,0,WATCH,,0,0,0,NA,NA,NA,NA,NA,CLEAR,1,0,0,0,0,TREND_REVERSAL_UNCONFIRMED,1,0.45,SHORT,1,0,0,0
BTCUSDT,1773561600000,2026-03-15T08:00:00.000Z,BULL,SHORT,0,7.875,IGNORE,0,WATCH,,0,0,0,NA,NA,NA,NA,NA,CLEAR,1,0,0,0,0,TREND_REVERSAL_UNCONFIRMED,0,0.45,SHORT,1,0,0,0
BTCUSDT,1773565200000,2026-03-15T09:00:00.000Z,BULL,SHORT,24.246269953951277,13.440643758873664,IGNORE,0,WATCH,,0,0,0,NA,NA,NA,NA,NA,CLEAR,1,1,0,0,0,TREND_REVERSAL_UNCONFIRMED,1,0.45,SHORT,1,0,0,0
BTCUSDT,1773568800000,2026-03-15T10:00:00.000Z,BULL,SHORT,0,7.875,IGNORE,0,WATCH,,0,0,0,NA,NA,NA,NA,NA,CLEAR,1,0,0,0,0,TREND_REVERSAL_UNCONFIRMED,0,0.45,SHORT,1,0,0,0
BTCUSDT,1773572400000,2026-03-15T11:00:00.000Z,BULL,SHORT,0,7.875,IGNORE,0,WATCH,,0,0,0,NA,NA,NA,NA,NA,CLEAR,1,0,0,0,0,TREND_REVERSAL_UNCONFIRMED,0,0.45,SHORT,1,0,0,0
BTCUSDT,1773576000000,2026-03-15T12:00:00.000Z,BULL,SHORT,25,13.5,IGNORE,0,WATCH,,0,0,0,NA,NA,NA,NA,NA,CLEAR,1,0,0,0,0,TREND_REVERSAL_UNCONFIRMED,1,0.45,SHORT,1,0,0,0
BTCUSDT,1773579600000,2026-03-15T13:00:00.000Z,BULL,SHORT,25,13.5,IGNORE,0,WATCH,,0,0,0,NA,NA,NA,NA,NA,WARNING_SOFT,1,0,0,0,0,TREND_REVERSAL_UNCONFIRMED,1,0.45,SHORT,1,0,0,0
BTCUSDT,1773583200000,2026-03-15T14:00:00.000Z,BULL,SHORT,0,7.875,IGNORE,0,WATCH,,0,0,0,NA,NA,NA,NA,NA,WARNING_SOFT,1,0,0,0,0,TREND_REVERSAL_UNCONFIRMED,0,0.45,SHORT,1,0,0,0
BTCUSDT,1773586800000,2026-03-15T15:00:00.000Z,BULL,SHORT,24.062599999999982,13.42617975,IGNORE,0,WATCH,,0,0,0,NA,NA,NA,NA,NA,WARNING_SOFT,1,0,0,0,0,TREND_REVERSAL_UNCONFIRMED,1,0.45,SHORT,1,0,0,0
BTCUSDT,1773590400000,2026-03-15T16:00:00.000Z,BULL,SHORT,0,7.875,IGNORE,0,WATCH,,0,0,0,NA,NA,NA,NA,NA,WARNING_SOFT,1,0,0,0,0,TREND_REVERSAL_UNCONFIRMED,0,0.45,SHORT,1,0,0,0
BTCUSDT,1773594000000,2026-03-15T17:00:00.000Z,BULL,SHORT,16.8798926335828,12.860541544894646,IGNORE,0,WATCH,,0,0,0,NA,NA,NA,NA,NA,WARNING_SOFT,1,0,0,0,0,TREND_REVERSAL_UNCONFIRMED,1,0.45,SHORT,1,0,0,0
BTCUSDT,1773597600000,2026-03-15T18:00:00.000Z,NEUTRAL,NONE,0,7.875,IGNORE,0,WATCH,,0,0,0,NA,NA,NA,NA,NA,WARNING_SOFT,1,0,0,0,0,TREND_REVERSAL_UNCONFIRMED,0,0.45,NONE,1,0,0,0
BTCUSDT,1773601200000,2026-03-15T19:00:00.000Z,BULL,SHORT,0,7.875,IGNORE,0,WATCH,,0,0,0,NA,NA,NA,NA,NA,WARNING_SOFT,1,0,0,0,0,TREND_REVERSAL_UNCONFIRMED,0,0.45,SHORT,1,0,0,0
BTCUSDT,1773604800000,2026-03-15T20:00:00.000Z,BULL,SHORT,0,7.875,IGNORE,0,WATCH,,0,0,0,NA,NA,NA,NA,NA,WARNING_SOFT,1,0,0,0,0,TREND_REVERSAL_UNCONFIRMED,0,0.45,SHORT,1,0,0,0
BTCUSDT,1773608400000,2026-03-15T21:00:00.000Z,BULL,SHORT,16.856774182007364,12.85872096683308,IGNORE,0,WATCH,,0,0,0,NA,NA,NA,NA,NA,CLEAR,1,0,0,0,0,TREND_REVERSAL_UNCONFIRMED,1,0.45,SHORT,1,0,0,0
BTCUSDT,1773612000000,2026-03-15T22:00:00.000Z,BULL,SHORT,25,13.5,IGNORE,0,WATCH,,0,0,0,NA,NA,NA,NA,NA,CLEAR,1,1,0,0,0,TREND_REVERSAL_UNCONFIRMED,1,0.45,SHORT,1,0,0,0
BTCUSDT,1773615600000,2026-03-15T23:00:00.000Z,BULL,SHORT,63.19444444444444,44.044583333333335,WATCH,1,WATCH,ACTIVE,1,1,0,FAIL,PASS,SKIP,SKIP,FAIL,CLEAR,1,0,0,0,0,MARKET_CONTEXT_DENIED,3,0.84,SHORT,1,0,0,0
BTCUSDT,1773619200000,2026-03-16T00:00:00.000Z,BULL,SHORT,0,7.875,IGNORE,0,WATCH,,0,0,0,NA,NA,NA,NA,NA,CLEAR,1,0,0,0,0,TREND_REVERSAL_UNCONFIRMED,0,0.45,SHORT,1,0,0,0
BTCUSDT,1773622800000,2026-03-16T01:00:00.000Z,BULL,SHORT,0,7.875,IGNORE,0,WATCH,,0,0,0,NA,NA,NA,NA,NA,CLEAR,1,0,0,0,0,TREND_REVERSAL_UNCONFIRMED,0,0.45,SHORT,1,0,0,0
BTCUSDT,1773626400000,2026-03-16T02:00:00.000Z,BULL,SHORT,0,7.875,IGNORE,0,WATCH,,0,0,0,NA,NA,NA,NA,NA,CLEAR,1,0,0,0,0,TREND_REVERSAL_UNCONFIRMED,0,0.45,SHORT,1,0,0,0
BTCUSDT,1773630000000,2026-03-16T03:00:00.000Z,BULL,SHORT,25,13.5,IGNORE,0,WATCH,,0,0,0,NA,NA,NA,NA,NA,CLEAR,1,0,0,0,0,TREND_REVERSAL_UNCONFIRMED,1,0.45,SHORT,1,0,0,0
BTCUSDT,1773633600000,2026-03-16T04:00:00.000Z,BULL,SHORT,25,13.5,IGNORE,0,WATCH,,0,0,0,NA,NA,NA,NA,NA,CLEAR,1,0,0,0,0,TREND_REVERSAL_UNCONFIRMED,1,0.45,SHORT,1,0,0,0
BTCUSDT,1773637200000,2026-03-16T05:00:00.000Z,BULL,SHORT,35.14544557160608,17.95520383876398,IGNORE,0,WATCH,,0,0,0,NA,NA,NA,NA,NA,CLEAR,1,1,0,0,0,TREND_REVERSAL_UNCONFIRMED,2,0.45,SHORT,1,0,0,0
BTCUSDT,1773640800000,2026-03-16T06:00:00.000Z,BULL,SHORT,25,13.5,IGNORE,0,WATCH,,0,0,0,NA,NA,NA,NA,NA,CLEAR,1,0,0,0,0,TREND_REVERSAL_UNCONFIRMED,1,0.45,SHORT,1,0,0,0
BTCUSDT,1773644400000,2026-03-16T07:00:00.000Z,BULL,SHORT,0,7.875,IGNORE,0,WATCH,,0,0,0,NA,NA,NA,NA,NA,CLEAR,1,0,0,0,0,TREND_REVERSAL_UNCONFIRMED,0,0.45,SHORT,1,0,0,0
BTCUSDT,1773648000000,2026-03-16T08:00:00.000Z,BULL,SHORT,16.27950825281529,12.813261274909204,IGNORE,0,WATCH,,0,0,0,NA,NA,NA,NA,NA,CLEAR,1,0,0,0,0,TREND_REVERSAL_UNCONFIRMED,1,0.45,SHORT,1,0,0,0
BTCUSDT,1773651600000,2026-03-16T09:00:00.000Z,BULL,SHORT,0,7.875,IGNORE,0,WATCH,,0,0,0,NA,NA,NA,NA,NA,CLEAR,1,0,0,0,0,TREND_REVERSAL_UNCONFIRMED,0,0.45,SHORT,1,0,0,0
BTCUSDT,1773655200000,2026-03-16T10:00:00.000Z,BULL,SHORT,0,7.875,IGNORE,0,WATCH,,0,0,0,NA,NA,NA,NA,NA,CLEAR,1,0,0,0,0,TREND_REVERSAL_UNCONFIRMED,0,0.45,SHORT,1,0,0,0
BTCUSDT,1773658800000,2026-03-16T11:00:00.000Z,BULL,SHORT,0,7.875,IGNORE,0,WATCH,,0,0,0,NA,NA,NA,NA,NA,CLEAR,1,0,0,0,0,TREND_REVERSAL_UNCONFIRMED,0,0.45,SHORT,1,0,0,0
BTCUSDT,1773662400000,2026-03-16T12:00:00.000Z,BULL,SHORT,0,7.875,IGNORE,0,WATCH,,0,0,0,NA,NA,NA,NA,NA,CLEAR,1,0,0,0,0,TREND_REVERSAL_UNCONFIRMED,0,0.45,SHORT,1,0,0,0
BTCUSDT,1773666000000,2026-03-16T13:00:00.000Z,BULL,SHORT,18.691888031543105,13.00323618248402,IGNORE,0,WATCH,,0,0,0,NA,NA,NA,NA,NA,CLEAR,1,1,0,0,0,TREND_REVERSAL_UNCONFIRMED,1,0.45,SHORT,1,0,0,0
BTCUSDT,1773669600000,2026-03-16T14:00:00.000Z,BULL,SHORT,50,19.125,IGNORE,0,WATCH,,0,0,0,NA,NA,NA,NA,NA,CLEAR,1,0,0,0,0,TREND_REVERSAL_UNCONFIRMED,2,0.45,SHORT,1,0,0,0
BTCUSDT,1773673200000,2026-03-16T15:00:00.000Z,BULL,SHORT,0,7.875,IGNORE,0,WATCH,,0,0,0,NA,NA,NA,NA,NA,CLEAR,1,0,0,0,0,TREND_REVERSAL_UNCONFIRMED,0,0.45,SHORT,1,0,0,0
BTCUSDT,1773676800000,2026-03-16T16:00:00.000Z,BULL,SHORT,0,7.875,IGNORE,0,WATCH,,0,0,0,NA,NA,NA,NA,NA,WARNING_SOFT,1,0,0,0,0,TREND_REVERSAL_UNCONFIRMED,0,0.45,SHORT,1,0,0,0
BTCUSDT,1773680400000,2026-03-16T17:00:00.000Z,BULL,SHORT,0,7.875,IGNORE,0,WATCH,,0,0,0,NA,NA,NA,NA,NA,CLEAR,1,0,0,0,0,TREND_REVERSAL_UNCONFIRMED,0,0.45,SHORT,1,0,0,0
BTCUSDT,1773684000000,2026-03-16T18:00:00.000Z,BULL,SHORT,0,7.875,IGNORE,0,WATCH,,0,0,0,NA,NA,NA,NA,NA,CLEAR,1,0,0,0,0,TREND_REVERSAL_UNCONFIRMED,0,0.45,SHORT,1,0,0,0
BTCUSDT,1773687600000,2026-03-16T19:00:00.000Z,BULL,SHORT,25,13.5,IGNORE,0,WATCH,,0,0,0,NA,NA,NA,NA,NA,CLEAR,1,0,0,0,0,TREND_REVERSAL_UNCONFIRMED,1,0.45,SHORT,1,0,0,0
BTCUSDT,1773691200000,2026-03-16T20:00:00.000Z,BULL,SHORT,12.847222222222221,12.54296875,IGNORE,0,WATCH,,0,0,0,NA,NA,NA,NA,NA,CLEAR,1,0,0,0,0,TREND_REVERSAL_UNCONFIRMED,1,0.45,SHORT,1,0,0,0
BTCUSDT,1773694800000,2026-03-16T21:00:00.000Z,BULL,SHORT,0,7.875,IGNORE,0,WATCH,,0,0,0,NA,NA,NA,NA,NA,CLEAR,1,0,0,0,0,TREND_REVERSAL_UNCONFIRMED,0,0.45,SHORT,1,0,0,0
BTCUSDT,1773698400000,2026-03-16T22:00:00.000Z,BULL,SHORT,12.847222222222221,12.54296875,IGNORE,0,WATCH,,0,0,0,NA,NA,NA,NA,NA,CLEAR,1,0,0,0,0,TREND_REVERSAL_UNCONFIRMED,1,0.45,SHORT,1,0,0,0
BTCUSDT,1773702000000,2026-03-16T23:00:00.000Z,BULL,SHORT,39.93055555555556,18.33203125,IGNORE,0,WATCH,,0,0,0,NA,NA,NA,NA,NA,CLEAR,1,0,0,0,0,TREND_REVERSAL_UNCONFIRMED,2,0.45,SHORT,1,0,0,0
BTCUSDT,1773705600000,2026-03-17T00:00:00.000Z,BULL,SHORT,33.993886270089796,17.864518543769574,IGNORE,0,WATCH,,0,0,0,NA,NA,NA,NA,NA,CLEAR,1,0,0,0,0,TREND_REVERSAL_UNCONFIRMED,2,0.45,SHORT,1,0,0,0
BTCUSDT,1773709200000,2026-03-17T01:00:00.000Z,BULL,SHORT,36.27024496735453,18.04378179117917,IGNORE,0,WATCH,,0,0,0,NA,NA,NA,NA,NA,CLEAR,1,0,0,0,0,TREND_REVERSAL_UNCONFIRMED,2,0.45,SHORT,1,0,0,0
BTCUSDT,1773712800000,2026-03-17T02:00:00.000Z,BULL,SHORT,0,7.875,IGNORE,0,WATCH,,0,0,0,NA,NA,NA,NA,NA,CLEAR,1,0,0,0,0,TREND_REVERSAL_UNCONFIRMED,0,0.45,SHORT,1,0,0,0
BTCUSDT,1773716400000,2026-03-17T03:00:00.000Z,BULL,SHORT,38.84411875827394,18.246474352214072,IGNORE,0,WATCH,,0,0,0,NA,NA,NA,NA,NA,CLEAR,1,0,0,0,0,TREND_REVERSAL_UNCONFIRMED,2,0.45,SHORT,1,0,0,0
BTCUSDT,1773720000000,2026-03-17T04:00:00.000Z,BULL,SHORT,13.01000928795487,12.555788231426446,IGNORE,0,WATCH,,0,0,0,NA,NA,NA,NA,NA,WARNING_SOFT,1,0,0,0,0,TREND_REVERSAL_UNCONFIRMED,1,0.45,SHORT,1,0,0,0
BTCUSDT,1773723600000,2026-03-17T05:00:00.000Z,NEUTRAL,NONE,0,7.875,IGNORE,0,WATCH,,0,0,0,NA,NA,NA,NA,NA,WARNING_SOFT,1,0,0,0,0,TREND_REVERSAL_UNCONFIRMED,0,0.45,NONE,1,0,0,0
BTCUSDT,1773727200000,2026-03-17T06:00:00.000Z,NEUTRAL,NONE,0,7.875,IGNORE,0,WATCH,,0,0,0,NA,NA,NA,NA,NA,WARNING_SOFT,1,0,0,0,0,TREND_REVERSAL_UNCONFIRMED,0,0.45,NONE,1,0,0,0
BTCUSDT,1773730800000,2026-03-17T07:00:00.000Z,BULL,SHORT,0,7.875,IGNORE,0,WATCH,,0,0,0,NA,NA,NA,NA,NA,WARNING_SOFT,1,0,0,0,0,TREND_REVERSAL_UNCONFIRMED,0,0.45,SHORT,1,0,0,0
BTCUSDT,1773734400000,2026-03-17T08:00:00.000Z,NEUTRAL,NONE,0,7.875,IGNORE,0,WATCH,,0,0,0,NA,NA,NA,NA,NA,WARNING_SOFT,1,0,0,0,0,TREND_REVERSAL_UNCONFIRMED,0,0.45,NONE,1,0,0,0
BTCUSDT,1773738000000,2026-03-17T09:00:00.000Z,NEUTRAL,NONE,0,7.875,IGNORE,0,WATCH,,0,0,0,NA,NA,NA,NA,NA,WARNING_SOFT,1,0,0,0,0,TREND_REVERSAL_UNCONFIRMED,0,0.45,NONE,1,0,0,0
BTCUSDT,1773741600000,2026-03-17T10:00:00.000Z,NEUTRAL,NONE,0,7.875,IGNORE,0,WATCH,,0,0,0,NA,NA,NA,NA,NA,BLOCK,0,0,0,0,0,TREND_REVERSAL_UNCONFIRMED,0,0.45,NONE,1,0,0,0
BTCUSDT,1773745200000,2026-03-17T11:00:00.000Z,NEUTRAL,NONE,0,7.875,IGNORE,0,WATCH,,0,0,0,NA,NA,NA,NA,NA,WARNING_SOFT,1,0,0,0,0,TREND_REVERSAL_UNCONFIRMED,0,0.45,NONE,1,0,0,0
BTCUSDT,1773748800000,2026-03-17T12:00:00.000Z,NEUTRAL,NONE,0,7.875,IGNORE,0,WATCH,,0,0,0,NA,NA,NA,NA,NA,WARNING_SOFT,1,0,0,0,0,TREND_REVERSAL_UNCONFIRMED,0,0.45,NONE,1,0,0,0
BTCUSDT,1773752400000,2026-03-17T13:00:00.000Z,NEUTRAL,NONE,0,7.875,IGNORE,0,WATCH,,0,0,0,NA,NA,NA,NA,NA,WARNING_SOFT,1,0,0,0,0,TREND_REVERSAL_UNCONFIRMED,0,0.45,NONE,1,0,0,0
BTCUSDT,1773756000000,2026-03-17T14:00:00.000Z,BULL,SHORT,0,7.875,IGNORE,0,WATCH,,0,0,0,NA,NA,NA,NA,NA,WARNING_SOFT,1,0,0,0,0,TREND_REVERSAL_UNCONFIRMED,0,0.45,SHORT,1,0,0,0
BTCUSDT,1773759600000,2026-03-17T15:00:00.000Z,NEUTRAL,NONE,0,7.875,IGNORE,0,WATCH,,0,0,0,NA,NA,NA,NA,NA,BLOCK,0,0,0,0,0,TREND_REVERSAL_UNCONFIRMED,0,0.45,NONE,1,0,0,0
BTCUSDT,1773763200000,2026-03-17T16:00:00.000Z,BULL,SHORT,0,7.875,IGNORE,0,WATCH,,0,0,0,NA,NA,NA,NA,NA,WARNING_SOFT,1,0,0,0,0,TREND_REVERSAL_UNCONFIRMED,0,0.45,SHORT,1,0,0,0
BTCUSDT,1773766800000,2026-03-17T17:00:00.000Z,BULL,SHORT,0,7.875,IGNORE,0,WATCH,,0,0,0,NA,NA,NA,NA,NA,CLEAR,1,0,0,0,0,TREND_REVERSAL_UNCONFIRMED,0,0.45,SHORT,1,0,0,0
BTCUSDT,1773770400000,2026-03-17T18:00:00.000Z,BULL,SHORT,42.5,18.534375,IGNORE,0,WATCH,,0,0,0,NA,NA,NA,NA,NA,CLEAR,1,0,0,0,0,TREND_REVERSAL_UNCONFIRMED,2,0.45,SHORT,1,0,0,0
BTCUSDT,1773774000000,2026-03-17T19:00:00.000Z,BULL,SHORT,17.5,12.909375,IGNORE,0,WATCH,,0,0,0,NA,NA,NA,NA,NA,CLEAR,1,0,0,0,0,TREND_REVERSAL_UNCONFIRMED,1,0.45,SHORT,1,0,0,0
BTCUSDT,1773777600000,2026-03-17T20:00:00.000Z,BULL,SHORT,17.5,12.909375,IGNORE,0,WATCH,,0,0,0,NA,NA,NA,NA,NA,CLEAR,1,0,0,0,0,TREND_REVERSAL_UNCONFIRMED,1,0.45,SHORT,1,0,0,0
BTCUSDT,1773781200000,2026-03-17T21:00:00.000Z,BULL,SHORT,17.5,12.909375,IGNORE,0,WATCH,,0,0,0,NA,NA,NA,NA,NA,CLEAR,1,0,0,0,0,TREND_REVERSAL_UNCONFIRMED,1,0.45,SHORT,1,0,0,0
BTCUSDT,1773784800000,2026-03-17T22:00:00.000Z,BULL,SHORT,17.5,12.909375,IGNORE,0,WATCH,,0,0,0,NA,NA,NA,NA,NA,WARNING_SOFT,1,0,0,0,0,TREND_REVERSAL_UNCONFIRMED,1,0.45,SHORT,1,0,0,0
BTCUSDT,1773788400000,2026-03-17T23:00:00.000Z,NEUTRAL,NONE,0,7.875,IGNORE,0,WATCH,,0,0,0,NA,NA,NA,NA,NA,WARNING_SOFT,1,0,0,0,0,TREND_REVERSAL_UNCONFIRMED,0,0.45,NONE,1,0,0,0
BTCUSDT,1773792000000,2026-03-18T00:00:00.000Z,NEUTRAL,NONE,0,7.875,IGNORE,0,WATCH,,0,0,0,NA,NA,NA,NA,NA,WARNING_SOFT,1,0,0,0,0,TREND_REVERSAL_UNCONFIRMED,0,0.45,NONE,1,0,0,0
BTCUSDT,1773795600000,2026-03-18T01:00:00.000Z,NEUTRAL,NONE,0,7.875,IGNORE,0,WATCH,,0,0,0,NA,NA,NA,NA,NA,WARNING_SOFT,1,0,0,0,0,TREND_REVERSAL_UNCONFIRMED,0,0.45,NONE,1,0,0,0
BTCUSDT,1773799200000,2026-03-18T02:00:00.000Z,BULL,SHORT,17.5,12.909375,IGNORE,0,WATCH,,0,0,0,NA,NA,NA,NA,NA,WARNING_SOFT,1,0,0,0,0,TREND_REVERSAL_UNCONFIRMED,1,0.45,SHORT,1,0,0,0
BTCUSDT,1773802800000,2026-03-18T03:00:00.000Z,BULL,SHORT,17.5,12.909375,IGNORE,0,WATCH,,0,0,0,NA,NA,NA,NA,NA,CLEAR,1,0,0,0,0,TREND_REVERSAL_UNCONFIRMED,1,0.45,SHORT,1,0,0,0
BTCUSDT,1773806400000,2026-03-18T04:00:00.000Z,NEUTRAL,NONE,0,7.875,IGNORE,0,WATCH,,0,0,0,NA,NA,NA,NA,NA,WARNING_SOFT,1,0,0,0,0,TREND_REVERSAL_UNCONFIRMED,0,0.45,NONE,1,0,0,0
BTCUSDT,1773810000000,2026-03-18T05:00:00.000Z,NEUTRAL,NONE,0,7.875,IGNORE,0,WATCH,,0,0,0,NA,NA,NA,NA,NA,WARNING_SOFT,1,0,0,0,0,TREND_REVERSAL_UNCONFIRMED,0,0.45,NONE,1,0,0,0
BTCUSDT,1773813600000,2026-03-18T06:00:00.000Z,NEUTRAL,NONE,0,7.875,IGNORE,0,WATCH,,0,0,0,NA,NA,NA,NA,NA,WARNING_SOFT,1,0,0,0,0,TREND_REVERSAL_UNCONFIRMED,0,0.45,NONE,1,0,0,0
BTCUSDT,1773817200000,2026-03-18T07:00:00.000Z,NEUTRAL,NONE,0,7.875,IGNORE,0,WATCH,,0,0,0,NA,NA,NA,NA,NA,WARNING_SOFT,1,0,0,0,0,TREND_REVERSAL_UNCONFIRMED,0,0.45,NONE,1,0,0,0
BTCUSDT,1773820800000,2026-03-18T08:00:00.000Z,NEUTRAL,NONE,0,7.875,IGNORE,0,WATCH,,0,0,0,NA,NA,NA,NA,NA,WARNING_SOFT,1,0,0,0,0,TREND_REVERSAL_UNCONFIRMED,0,0.45,NONE,1,0,0,0
BTCUSDT,1773824400000,2026-03-18T09:00:00.000Z,BULL,SHORT,17.5,12.909375,IGNORE,0,WATCH,,0,0,0,NA,NA,NA,NA,NA,WARNING_SOFT,1,0,0,0,0,TREND_REVERSAL_UNCONFIRMED,1,0.45,SHORT,1,0,0,0
BTCUSDT,1773828000000,2026-03-18T10:00:00.000Z,NEUTRAL,NONE,0,7.875,IGNORE,0,WATCH,,0,0,0,NA,NA,NA,NA,NA,WARNING_SOFT,1,0,0,0,0,TREND_REVERSAL_UNCONFIRMED,0,0.45,NONE,1,0,0,0
BTCUSDT,1773831600000,2026-03-18T11:00:00.000Z,NEUTRAL,NONE,0,7.875,IGNORE,0,WATCH,,0,0,0,NA,NA,NA,NA,NA,BLOCK,0,0,0,0,0,TREND_REVERSAL_UNCONFIRMED,0,0.45,NONE,1,0,0,0
BTCUSDT,1773835200000,2026-03-18T12:00:00.000Z,NEUTRAL,NONE,0,7.875,IGNORE,0,WATCH,,0,0,0,NA,NA,NA,NA,NA,BLOCK,0,0,1,0,0,TREND_REVERSAL_UNCONFIRMED,0,0.45,NONE,1,0,0,0
BTCUSDT,1773838800000,2026-03-18T13:00:00.000Z,BEAR,LONG,67.5,62.317499999999995,WATCH,1,ACTIVE,ACTIVE,1,1,1,PASS,PASS,SKIP,SKIP,PASS,CLEAR,1,0,0,0,1,,3,0.84,LONG,0,1,0,0
BTCUSDT,1773842400000,2026-03-18T14:00:00.000Z,BEAR,LONG,59.166666666666664,61.09249999999999,WATCH,1,ACTIVE,ACTIVE,1,1,1,PASS,PASS,SKIP,SKIP,PASS,CLEAR,1,0,0,0,1,,3,0.84,LONG,0,1,0,0
BTCUSDT,1773846000000,2026-03-18T15:00:00.000Z,BEAR,LONG,42.5,18.534375,IGNORE,0,WATCH,,0,0,0,NA,NA,NA,NA,NA,CLEAR,1,0,0,0,0,TREND_REVERSAL_UNCONFIRMED,2,0.45,LONG,1,0,0,0
BTCUSDT,1773849600000,2026-03-18T16:00:00.000Z,BEAR,LONG,42.5,18.534375,IGNORE,0,WATCH,,0,0,0,NA,NA,NA,NA,NA,CLEAR,1,0,0,0,0,TREND_REVERSAL_UNCONFIRMED,2,0.45,LONG,1,0,0,0
BTCUSDT,1773853200000,2026-03-18T17:00:00.000Z,BEAR,LONG,17.5,12.909375,IGNORE,0,WATCH,,0,0,0,NA,NA,NA,NA,NA,CLEAR,1,0,0,0,0,TREND_REVERSAL_UNCONFIRMED,1,0.45,LONG,1,0,0,0
BTCUSDT,1773856800000,2026-03-18T18:00:00.000Z,BEAR,LONG,17.318526494266592,12.895083961423495,IGNORE,0,WATCH,,0,0,0,NA,NA,NA,NA,NA,CLEAR,1,0,0,0,0,TREND_REVERSAL_UNCONFIRMED,1,0.45,LONG,1,0,0,0
BTCUSDT,1773860400000,2026-03-18T19:00:00.000Z,BEAR,LONG,0,7.875,IGNORE,0,WATCH,,0,0,0,NA,NA,NA,NA,NA,CLEAR,1,0,0,0,0,TREND_REVERSAL_UNCONFIRMED,0,0.45,LONG,1,0,0,0
BTCUSDT,1773864000000,2026-03-18T20:00:00.000Z,BEAR,LONG,14.291427105246958,12.656699884538199,IGNORE,0,WATCH,,0,0,0,NA,NA,NA,NA,NA,CLEAR,1,0,0,0,0,TREND_REVERSAL_UNCONFIRMED,1,0.45,LONG,1,0,0,0
BTCUSDT,1773867600000,2026-03-18T21:00:00.000Z,BEAR,LONG,0,7.875,IGNORE,0,WATCH,,0,0,0,NA,NA,NA,NA,NA,CLEAR,1,0,0,0,0,TREND_REVERSAL_UNCONFIRMED,0,0.45,LONG,1,0,0,0
BTCUSDT,1773871200000,2026-03-18T22:00:00.000Z,BEAR,LONG,0,7.875,IGNORE,0,WATCH,,0,0,0,NA,NA,NA,NA,NA,CLEAR,1,0,0,0,0,TREND_REVERSAL_UNCONFIRMED,0,0.45,LONG,1,0,0,0
BTCUSDT,1773874800000,2026-03-18T23:00:00.000Z,BEAR,LONG,23.63843749999999,13.392776953124999,IGNORE,0,WATCH,,0,0,0,NA,NA,NA,NA,NA,CLEAR,1,0,0,0,0,TREND_REVERSAL_UNCONFIRMED,1,0.45,LONG,1,0,0,0
BTCUSDT,1773878400000,2026-03-19T00:00:00.000Z,BEAR,LONG,14.583333333333332,12.6796875,IGNORE,0,WATCH,,0,0,0,NA,NA,NA,NA,NA,CLEAR,1,0,0,0,0,TREND_REVERSAL_UNCONFIRMED,1,0.45,LONG,1,0,0,0
BTCUSDT,1773882000000,2026-03-19T01:00:00.000Z,BEAR,LONG,0,7.875,IGNORE,0,WATCH,,0,0,0,NA,NA,NA,NA,NA,CLEAR,1,0,0,0,0,TREND_REVERSAL_UNCONFIRMED,0,0.45,LONG,1,0,0,0
BTCUSDT,1773885600000,2026-03-19T02:00:00.000Z,BEAR,LONG,0,7.875,IGNORE,0,WATCH,,0,0,0,NA,NA,NA,NA,NA,CLEAR,1,0,0,0,0,TREND_REVERSAL_UNCONFIRMED,0,0.45,LONG,1,0,0,0
BTCUSDT,1773889200000,2026-03-19T03:00:00.000Z,BEAR,LONG,0,7.875,IGNORE,0,WATCH,,0,0,0,NA,NA,NA,NA,NA,WARNING_SOFT,1,0,0,0,0,TREND_REVERSAL_UNCONFIRMED,0,0.45,LONG,1,0,0,0
BTCUSDT,1773892800000,2026-03-19T04:00:00.000Z,BEAR,LONG,12.847222222222221,12.54296875,IGNORE,0,WATCH,,0,0,0,NA,NA,NA,NA,NA,CLEAR,1,0,0,0,0,TREND_REVERSAL_UNCONFIRMED,1,0.45,LONG,1,0,0,0
BTCUSDT,1773896400000,2026-03-19T05:00:00.000Z,BEAR,LONG,0,7.875,IGNORE,0,WATCH,,0,0,0,NA,NA,NA,NA,NA,CLEAR,1,0,0,0,0,TREND_REVERSAL_UNCONFIRMED,0,0.45,LONG,1,0,0,0
BTCUSDT,1773900000000,2026-03-19T06:00:00.000Z,BEAR,LONG,14.583333333333332,12.6796875,IGNORE,0,WATCH,,0,0,0,NA,NA,NA,NA,NA,CLEAR,1,0,0,0,0,TREND_REVERSAL_UNCONFIRMED,1,0.45,LONG,1,0,0,0
BTCUSDT,1773903600000,2026-03-19T07:00:00.000Z,BEAR,LONG,37.84722222222222,18.16796875,IGNORE,0,WATCH,,0,0,0,NA,NA,NA,NA,NA,CLEAR,1,0,1,0,0,TREND_REVERSAL_UNCONFIRMED,2,0.45,LONG,1,0,0,0
BTCUSDT,1773907200000,2026-03-19T08:00:00.000Z,BEAR,LONG,12.847222222222221,12.54296875,IGNORE,0,WATCH,,0,0,0,NA,NA,NA,NA,NA,CLEAR,1,0,0,0,0,TREND_REVERSAL_UNCONFIRMED,1,0.45,LONG,1,0,0,0
BTCUSDT,1773910800000,2026-03-19T09:00:00.000Z,BEAR,LONG,25,13.5,IGNORE,0,WATCH,,0,0,0,NA,NA,NA,NA,NA,CLEAR,1,0,0,0,0,TREND_REVERSAL_UNCONFIRMED,1,0.45,LONG,1,0,0,0
BTCUSDT,1773914400000,2026-03-19T10:00:00.000Z,BEAR,LONG,0,7.875,IGNORE,0,WATCH,,0,0,0,NA,NA,NA,NA,NA,CLEAR,1,0,0,0,0,TREND_REVERSAL_UNCONFIRMED,0,0.45,LONG,1,0,0,0
BTCUSDT,1773918000000,2026-03-19T11:00:00.000Z,BEAR,LONG,14.583333333333332,12.6796875,IGNORE,0,WATCH,,0,0,0,NA,NA,NA,NA,NA,CLEAR,1,0,0,0,0,TREND_REVERSAL_UNCONFIRMED,1,0.45,LONG,1,0,0,0
BTCUSDT,1773921600000,2026-03-19T12:00:00.000Z,BEAR,LONG,37.84722222222222,18.16796875,IGNORE,0,WATCH,,0,0,0,NA,NA,NA,NA,NA,CLEAR,1,0,1,0,0,TREND_REVERSAL_UNCONFIRMED,2,0.45,LONG,1,0,0,0
BTCUSDT,1773925200000,2026-03-19T13:00:00.000Z,BEAR,LONG,50,19.125,IGNORE,0,WATCH,,0,0,0,NA,NA,NA,NA,NA,CLEAR,1,0,0,0,0,TREND_REVERSAL_UNCONFIRMED,2,0.45,LONG,1,0,0,0
BTCUSDT,1773928800000,2026-03-19T14:00:00.000Z,BEAR,LONG,21.92290405512398,13.257678694341013,IGNORE,0,WATCH,,0,0,0,NA,NA,NA,NA,NA,CLEAR,1,0,0,0,0,TREND_REVERSAL_UNCONFIRMED,1,0.45,LONG,1,0,0,0
BTCUSDT,1773932400000,2026-03-19T15:00:00.000Z,BEAR,LONG,25,13.5,IGNORE,0,WATCH,,0,0,0,NA,NA,NA,NA,NA,CLEAR,1,0,0,0,0,TREND_REVERSAL_UNCONFIRMED,1,0.45,LONG,1,0,0,0
BTCUSDT,1773936000000,2026-03-19T16:00:00.000Z,BEAR,LONG,0,7.875,IGNORE,0,WATCH,,0,0,0,NA,NA,NA,NA,NA,CLEAR,1,0,0,0,0,TREND_REVERSAL_UNCONFIRMED,0,0.45,LONG,1,0,0,0
BTCUSDT,1773939600000,2026-03-19T17:00:00.000Z,BEAR,LONG,25,13.5,IGNORE,0,WATCH,,0,0,0,NA,NA,NA,NA,NA,CLEAR,1,0,0,0,0,TREND_REVERSAL_UNCONFIRMED,1,0.45,LONG,1,0,0,0
BTCUSDT,1773943200000,2026-03-19T18:00:00.000Z,BEAR,LONG,0,7.875,IGNORE,0,WATCH,,0,0,0,NA,NA,NA,NA,NA,CLEAR,1,0,0,0,0,TREND_REVERSAL_UNCONFIRMED,0,0.45,LONG,1,0,0,0
BTCUSDT,1773946800000,2026-03-19T19:00:00.000Z,BEAR,LONG,18.262312339541694,12.969407096738909,IGNORE,0,WATCH,,0,0,0,NA,NA,NA,NA,NA,BLOCK,0,0,0,0,0,TREND_REVERSAL_UNCONFIRMED,1,0.45,LONG,1,0,0,0
BTCUSDT,1773950400000,2026-03-19T20:00:00.000Z,NEUTRAL,NONE,0,7.875,IGNORE,0,WATCH,,0,0,0,NA,NA,NA,NA,NA,CLEAR,1,0,0,0,0,TREND_REVERSAL_UNCONFIRMED,0,0.45,NONE,1,0,0,0
BTCUSDT,1773954000000,2026-03-19T21:00:00.000Z,NEUTRAL,NONE,0,7.875,IGNORE,0,WATCH,,0,0,0,NA,NA,NA,NA,NA,CLEAR,1,0,0,0,0,TREND_REVERSAL_UNCONFIRMED,0,0.45,NONE,1,0,0,0
BTCUSDT,1773957600000,2026-03-19T22:00:00.000Z,BEAR,LONG,0,7.875,IGNORE,0,WATCH,,0,0,0,NA,NA,NA,NA,NA,WARNING_SOFT,1,0,0,0,0,TREND_REVERSAL_UNCONFIRMED,0,0.45,LONG,1,0,0,0
BTCUSDT,1773961200000,2026-03-19T23:00:00.000Z,BEAR,LONG,0,7.875,IGNORE,0,WATCH,,0,0,0,NA,NA,NA,NA,NA,WARNING_SOFT,1,0,0,0,0,TREND_REVERSAL_UNCONFIRMED,0,0.45,LONG,1,0,0,0
BTCUSDT,1773964800000,2026-03-20T00:00:00.000Z,BEAR,LONG,25,13.5,IGNORE,0,WATCH,,0,0,0,NA,NA,NA,NA,NA,WARNING_SOFT,1,0,0,0,0,TREND_REVERSAL_UNCONFIRMED,1,0.45,LONG,1,0,0,0
BTCUSDT,1773968400000,2026-03-20T01:00:00.000Z,NEUTRAL,NONE,0,7.875,IGNORE,0,WATCH,,0,0,0,NA,NA,NA,NA,NA,CLEAR,1,0,0,0,0,TREND_REVERSAL_UNCONFIRMED,0,0.45,NONE,1,0,0,0
BTCUSDT,1773972000000,2026-03-20T02:00:00.000Z,NEUTRAL,NONE,0,7.875,IGNORE,0,WATCH,,0,0,0,NA,NA,NA,NA,NA,CLEAR,1,0,0,0,0,TREND_REVERSAL_UNCONFIRMED,0,0.45,NONE,1,0,0,0
BTCUSDT,1773975600000,2026-03-20T03:00:00.000Z,NEUTRAL,NONE,0,7.875,IGNORE,0,WATCH,,0,0,0,NA,NA,NA,NA,NA,CLEAR,1,0,0,0,0,TREND_REVERSAL_UNCONFIRMED,0,0.45,NONE,1,0,0,0
BTCUSDT,1773979200000,2026-03-20T04:00:00.000Z,NEUTRAL,NONE,0,7.875,IGNORE,0,WATCH,,0,0,0,NA,NA,NA,NA,NA,CLEAR,1,0,0,0,0,TREND_REVERSAL_UNCONFIRMED,0,0.45,NONE,1,0,0,0
BTCUSDT,1773982800000,2026-03-20T05:00:00.000Z,NEUTRAL,NONE,0,7.875,IGNORE,0,WATCH,,0,0,0,NA,NA,NA,NA,NA,CLEAR,1,0,0,0,0,TREND_REVERSAL_UNCONFIRMED,0,0.45,NONE,1,0,0,0
BTCUSDT,1773986400000,2026-03-20T06:00:00.000Z,NEUTRAL,NONE,0,7.875,IGNORE,0,WATCH,,0,0,0,NA,NA,NA,NA,NA,CLEAR,1,0,0,0,0,TREND_REVERSAL_UNCONFIRMED,0,0.45,NONE,1,0,0,0
BTCUSDT,1773990000000,2026-03-20T07:00:00.000Z,NEUTRAL,NONE,0,7.875,IGNORE,0,WATCH,,0,0,0,NA,NA,NA,NA,NA,CLEAR,1,0,0,0,0,TREND_REVERSAL_UNCONFIRMED,0,0.45,NONE,1,0,0,0
BTCUSDT,1773993600000,2026-03-20T08:00:00.000Z,NEUTRAL,NONE,0,7.875,IGNORE,0,WATCH,,0,0,0,NA,NA,NA,NA,NA,CLEAR,1,0,0,0,0,TREND_REVERSAL_UNCONFIRMED,0,0.45,NONE,1,0,0,0
BTCUSDT,1773997200000,2026-03-20T09:00:00.000Z,NEUTRAL,NONE,0,7.875,IGNORE,0,WATCH,,0,0,0,NA,NA,NA,NA,NA,WARNING_SOFT,1,0,0,0,0,TREND_REVERSAL_UNCONFIRMED,0,0.45,NONE,1,0,0,0
BTCUSDT,1774000800000,2026-03-20T10:00:00.000Z,NEUTRAL,NONE,0,7.875,IGNORE,0,WATCH,,0,0,0,NA,NA,NA,NA,NA,BLOCK,0,0,0,0,0,TREND_REVERSAL_UNCONFIRMED,0,0.45,NONE,1,0,0,0
BTCUSDT,1774004400000,2026-03-20T11:00:00.000Z,BEAR,LONG,17.5,12.909375,IGNORE,0,WATCH,,0,0,0,NA,NA,NA,NA,NA,WARNING_SOFT,1,0,0,0,0,TREND_REVERSAL_UNCONFIRMED,1,0.45,LONG,1,0,0,0
BTCUSDT,1774008000000,2026-03-20T12:00:00.000Z,BEAR,LONG,17.5,12.909375,IGNORE,0,WATCH,,0,0,0,NA,NA,NA,NA,NA,CLEAR,1,0,0,0,0,TREND_REVERSAL_UNCONFIRMED,1,0.45,LONG,1,0,0,0
BTCUSDT,1774011600000,2026-03-20T13:00:00.000Z,BEAR,LONG,42.5,18.534375,IGNORE,0,WATCH,,0,0,0,NA,NA,NA,NA,NA,CLEAR,1,0,1,0,0,TREND_REVERSAL_UNCONFIRMED,2,0.45,LONG,1,0,0,0
BTCUSDT,1774015200000,2026-03-20T14:00:00.000Z,BEAR,LONG,67.5,53.0775,WATCH,1,WATCH,ACTIVE,1,1,0,FAIL,PASS,SKIP,SKIP,PASS,CLEAR,1,0,0,0,0,MARKET_CONTEXT_DENIED,3,0.84,LONG,0,1,0,0
BTCUSDT,1774018800000,2026-03-20T15:00:00.000Z,BEAR,LONG,38.524744405707125,18.221323621949438,IGNORE,0,WATCH,,0,0,0,NA,NA,NA,NA,NA,CLEAR,1,0,0,0,0,TREND_REVERSAL_UNCONFIRMED,2,0.45,LONG,1,0,0,0
BTCUSDT,1774022400000,2026-03-20T16:00:00.000Z,BEAR,LONG,17.5,12.909375,IGNORE,0,WATCH,,0,0,0,NA,NA,NA,NA,NA,CLEAR,1,0,0,0,0,TREND_REVERSAL_UNCONFIRMED,1,0.45,LONG,1,0,0,0
BTCUSDT,1774026000000,2026-03-20T17:00:00.000Z,BEAR,LONG,17.5,12.909375,IGNORE,0,WATCH,,0,0,0,NA,NA,NA,NA,NA,CLEAR,1,0,0,0,0,TREND_REVERSAL_UNCONFIRMED,1,0.45,LONG,1,0,0,0
BTCUSDT,1774029600000,2026-03-20T18:00:00.000Z,BEAR,LONG,17.5,12.909375,IGNORE,0,WATCH,,0,0,0,NA,NA,NA,NA,NA,CLEAR,1,0,0,0,0,TREND_REVERSAL_UNCONFIRMED,1,0.45,LONG,1,0,0,0
BTCUSDT,1774033200000,2026-03-20T19:00:00.000Z,BEAR,LONG,17.5,12.909375,IGNORE,0,WATCH,,0,0,0,NA,NA,NA,NA,NA,CLEAR,1,0,0,0,0,TREND_REVERSAL_UNCONFIRMED,1,0.45,LONG,1,0,0,0
BTCUSDT,1774036800000,2026-03-20T20:00:00.000Z,BEAR,LONG,0,7.875,IGNORE,0,WATCH,,0,0,0,NA,NA,NA,NA,NA,CLEAR,1,0,0,0,0,TREND_REVERSAL_UNCONFIRMED,0,0.45,LONG,1,0,0,0
BTCUSDT,1774040400000,2026-03-20T21:00:00.000Z,NEUTRAL,NONE,0,7.875,IGNORE,0,WATCH,,0,0,0,NA,NA,NA,NA,NA,CLEAR,1,0,0,0,0,TREND_REVERSAL_UNCONFIRMED,0,0.45,NONE,1,0,0,0
BTCUSDT,1774044000000,2026-03-20T22:00:00.000Z,NEUTRAL,NONE,0,7.875,IGNORE,0,WATCH,,0,0,0,NA,NA,NA,NA,NA,CLEAR,1,0,0,0,0,TREND_REVERSAL_UNCONFIRMED,0,0.45,NONE,1,0,0,0
BTCUSDT,1774047600000,2026-03-20T23:00:00.000Z,NEUTRAL,NONE,0,7.875,IGNORE,0,WATCH,,0,0,0,NA,NA,NA,NA,NA,CLEAR,1,0,0,0,0,TREND_REVERSAL_UNCONFIRMED,0,0.45,NONE,1,0,0,0
BTCUSDT,1774051200000,2026-03-21T00:00:00.000Z,NEUTRAL,NONE,0,7.875,IGNORE,0,WATCH,,0,0,0,NA,NA,NA,NA,NA,CLEAR,1,0,0,0,0,TREND_REVERSAL_UNCONFIRMED,0,0.45,NONE,1,0,0,0
BTCUSDT,1774054800000,2026-03-21T01:00:00.000Z,NEUTRAL,NONE,0,7.875,IGNORE,0,WATCH,,0,0,0,NA,NA,NA,NA,NA,CLEAR,1,0,0,0,0,TREND_REVERSAL_UNCONFIRMED,0,0.45,NONE,1,0,0,0
BTCUSDT,1774058400000,2026-03-21T02:00:00.000Z,NEUTRAL,NONE,0,7.875,IGNORE,0,WATCH,,0,0,0,NA,NA,NA,NA,NA,CLEAR,1,0,0,0,0,TREND_REVERSAL_UNCONFIRMED,0,0.45,NONE,1,0,0,0
BTCUSDT,1774062000000,2026-03-21T03:00:00.000Z,NEUTRAL,NONE,0,7.875,IGNORE,0,WATCH,,0,0,0,NA,NA,NA,NA,NA,CLEAR,1,0,0,0,0,TREND_REVERSAL_UNCONFIRMED,0,0.45,NONE,1,0,0,0
BTCUSDT,1774065600000,2026-03-21T04:00:00.000Z,NEUTRAL,NONE,0,7.875,IGNORE,0,WATCH,,0,0,0,NA,NA,NA,NA,NA,CLEAR,1,0,0,0,0,TREND_REVERSAL_UNCONFIRMED,0,0.45,NONE,1,0,0,0
BTCUSDT,1774069200000,2026-03-21T05:00:00.000Z,NEUTRAL,NONE,0,7.875,IGNORE,0,WATCH,,0,0,0,NA,NA,NA,NA,NA,CLEAR,1,0,0,0,0,TREND_REVERSAL_UNCONFIRMED,0,0.45,NONE,1,0,0,0
BTCUSDT,1774072800000,2026-03-21T06:00:00.000Z,NEUTRAL,NONE,0,7.875,IGNORE,0,WATCH,,0,0,0,NA,NA,NA,NA,NA,CLEAR,1,0,0,0,0,TREND_REVERSAL_UNCONFIRMED,0,0.45,NONE,1,0,0,0
BTCUSDT,1774076400000,2026-03-21T07:00:00.000Z,NEUTRAL,NONE,0,7.875,IGNORE,0,WATCH,,0,0,0,NA,NA,NA,NA,NA,CLEAR,1,0,0,0,0,TREND_REVERSAL_UNCONFIRMED,0,0.45,NONE,1,0,0,0
BTCUSDT,1774080000000,2026-03-21T08:00:00.000Z,NEUTRAL,NONE,0,7.875,IGNORE,0,WATCH,,0,0,0,NA,NA,NA,NA,NA,WARNING_SOFT,1,0,0,0,0,TREND_REVERSAL_UNCONFIRMED,0,0.45,NONE,1,0,0,0
BTCUSDT,1774083600000,2026-03-21T09:00:00.000Z,NEUTRAL,NONE,0,7.875,IGNORE,0,WATCH,,0,0,0,NA,NA,NA,NA,NA,WARNING_SOFT,1,0,0,0,0,TREND_REVERSAL_UNCONFIRMED,0,0.45,NONE,1,0,0,0
BTCUSDT,1774087200000,2026-03-21T10:00:00.000Z,NEUTRAL,NONE,0,7.875,IGNORE,0,WATCH,,0,0,0,NA,NA,NA,NA,NA,WARNING_SOFT,1,0,0,0,0,TREND_REVERSAL_UNCONFIRMED,0,0.45,NONE,1,0,0,0
BTCUSDT,1774090800000,2026-03-21T11:00:00.000Z,NEUTRAL,NONE,0,7.875,IGNORE,0,WATCH,,0,0,0,NA,NA,NA,NA,NA,WARNING_SOFT,1,0,0,0,0,TREND_REVERSAL_UNCONFIRMED,0,0.45,NONE,1,0,0,0
BTCUSDT,1774094400000,2026-03-21T12:00:00.000Z,NEUTRAL,NONE,0,7.875,IGNORE,0,WATCH,,0,0,0,NA,NA,NA,NA,NA,CLEAR,1,0,0,0,0,TREND_REVERSAL_UNCONFIRMED,0,0.45,NONE,1,0,0,0
BTCUSDT,1774098000000,2026-03-21T13:00:00.000Z,NEUTRAL,NONE,0,7.875,IGNORE,0,WATCH,,0,0,0,NA,NA,NA,NA,NA,CLEAR,1,0,0,0,0,TREND_REVERSAL_UNCONFIRMED,0,0.45,NONE,1,0,0,0
BTCUSDT,1774101600000,2026-03-21T14:00:00.000Z,NEUTRAL,NONE,0,7.875,IGNORE,0,WATCH,,0,0,0,NA,NA,NA,NA,NA,CLEAR,1,0,0,0,0,TREND_REVERSAL_UNCONFIRMED,0,0.45,NONE,1,0,0,0
BTCUSDT,1774105200000,2026-03-21T15:00:00.000Z,NEUTRAL,NONE,0,7.875,IGNORE,0,WATCH,,0,0,0,NA,NA,NA,NA,NA,WARNING_SOFT,1,0,0,0,0,TREND_REVERSAL_UNCONFIRMED,0,0.45,NONE,1,0,0,0
BTCUSDT,1774108800000,2026-03-21T16:00:00.000Z,BEAR,LONG,33.51399283446716,17.82672693571429,IGNORE,0,WATCH,,0,0,0,NA,NA,NA,NA,NA,CLEAR,1,0,0,0,0,TREND_REVERSAL_UNCONFIRMED,2,0.45,LONG,1,0,0,0
BTCUSDT,1774112400000,2026-03-21T17:00:00.000Z,BEAR,LONG,42.5,18.534375,IGNORE,0,WATCH,,0,0,0,NA,NA,NA,NA,NA,CLEAR,1,0,0,0,0,TREND_REVERSAL_UNCONFIRMED,2,0.45,LONG,1,0,0,0
BTCUSDT,1774116000000,2026-03-21T18:00:00.000Z,BEAR,LONG,17.5,12.909375,IGNORE,0,WATCH,,0,0,0,NA,NA,NA,NA,NA,CLEAR,1,0,0,0,0,TREND_REVERSAL_UNCONFIRMED,1,0.45,LONG,1,0,0,0
BTCUSDT,1774119600000,2026-03-21T19:00:00.000Z,BEAR,LONG,17.5,12.909375,IGNORE,0,WATCH,,0,0,0,NA,NA,NA,NA,NA,CLEAR,1,0,0,0,0,TREND_REVERSAL_UNCONFIRMED,1,0.45,LONG,1,0,0,0
BTCUSDT,1774123200000,2026-03-21T20:00:00.000Z,BEAR,LONG,0,7.875,IGNORE,0,WATCH,,0,0,0,NA,NA,NA,NA,NA,CLEAR,1,0,0,0,0,TREND_REVERSAL_UNCONFIRMED,0,0.45,LONG,1,0,0,0
BTCUSDT,1774126800000,2026-03-21T21:00:00.000Z,BEAR,LONG,0,7.875,IGNORE,0,WATCH,,0,0,0,NA,NA,NA,NA,NA,CLEAR,1,0,0,0,0,TREND_REVERSAL_UNCONFIRMED,0,0.45,LONG,1,0,0,0
BTCUSDT,1774130400000,2026-03-21T22:00:00.000Z,BEAR,LONG,0,7.875,IGNORE,0,WATCH,,0,0,0,NA,NA,NA,NA,NA,CLEAR,1,0,0,0,0,TREND_REVERSAL_UNCONFIRMED,0,0.45,LONG,1,0,0,0
BTCUSDT,1774134000000,2026-03-21T23:00:00.000Z,BEAR,LONG,37.84722222222222,18.16796875,IGNORE,0,WATCH,,0,0,0,NA,NA,NA,NA,NA,CLEAR,1,0,1,0,0,TREND_REVERSAL_UNCONFIRMED,2,0.45,LONG,1,0,0,0
BTCUSDT,1774137600000,2026-03-22T00:00:00.000Z,BEAR,LONG,62.84722222222222,43.993541666666665,WATCH,1,WATCH,ACTIVE,1,1,0,FAIL,PASS,SKIP,SKIP,FAIL,CLEAR,1,0,0,0,0,MARKET_CONTEXT_DENIED,3,0.84,LONG,1,0,0,0
BTCUSDT,1774141200000,2026-03-22T01:00:00.000Z,BEAR,LONG,12.847222222222221,12.54296875,IGNORE,0,WATCH,,0,0,0,NA,NA,NA,NA,NA,CLEAR,1,0,0,0,0,TREND_REVERSAL_UNCONFIRMED,1,0.45,LONG,1,0,0,0
BTCUSDT,1774144800000,2026-03-22T02:00:00.000Z,BEAR,LONG,15.649158619686954,12.76362124130035,IGNORE,0,WATCH,,0,0,0,NA,NA,NA,NA,NA,CLEAR,1,0,0,0,0,TREND_REVERSAL_UNCONFIRMED,1,0.45,LONG,1,0,0,0
BTCUSDT,1774148400000,2026-03-22T03:00:00.000Z,BEAR,LONG,13.468051089015018,12.591859023259934,IGNORE,0,WATCH,,0,0,0,NA,NA,NA,NA,NA,CLEAR,1,0,0,0,0,TREND_REVERSAL_UNCONFIRMED,1,0.45,LONG,1,0,0,0
BTCUSDT,1774152000000,2026-03-22T04:00:00.000Z,BEAR,LONG,0,7.875,IGNORE,0,WATCH,,0,0,0,NA,NA,NA,NA,NA,CLEAR,1,0,0,0,0,TREND_REVERSAL_UNCONFIRMED,0,0.45,LONG,1,0,0,0
BTCUSDT,1774155600000,2026-03-22T05:00:00.000Z,BEAR,LONG,0,7.875,IGNORE,0,WATCH,,0,0,0,NA,NA,NA,NA,NA,CLEAR,1,0,0,0,0,TREND_REVERSAL_UNCONFIRMED,0,0.45,LONG,1,0,0,0
BTCUSDT,1774159200000,2026-03-22T06:00:00.000Z,BEAR,LONG,0,7.875,IGNORE,0,WATCH,,0,0,0,NA,NA,NA,NA,NA,CLEAR,1,0,0,0,0,TREND_REVERSAL_UNCONFIRMED,0,0.45,LONG,1,0,0,0
BTCUSDT,1774162800000,2026-03-22T07:00:00.000Z,BEAR,LONG,0,7.875,IGNORE,0,WATCH,,0,0,0,NA,NA,NA,NA,NA,CLEAR,1,0,0,0,0,TREND_REVERSAL_UNCONFIRMED,0,0.45,LONG,1,0,0,0
BTCUSDT,1774166400000,2026-03-22T08:00:00.000Z,BEAR,LONG,20.50949839019278,13.146372998227681,IGNORE,0,WATCH,,0,0,0,NA,NA,NA,NA,NA,CLEAR,1,0,1,0,0,TREND_REVERSAL_UNCONFIRMED,1,0.45,LONG,1,0,0,0
BTCUSDT,1774170000000,2026-03-22T09:00:00.000Z,BEAR,LONG,25,13.5,IGNORE,0,WATCH,,0,0,0,NA,NA,NA,NA,NA,CLEAR,1,0,0,0,0,TREND_REVERSAL_UNCONFIRMED,1,0.45,LONG,1,0,0,0
BTCUSDT,1774173600000,2026-03-22T10:00:00.000Z,BEAR,LONG,14.583333333333332,12.6796875,IGNORE,0,WATCH,,0,0,0,NA,NA,NA,NA,NA,CLEAR,1,0,0,0,0,TREND_REVERSAL_UNCONFIRMED,1,0.45,LONG,1,0,0,0
BTCUSDT,1774177200000,2026-03-22T11:00:00.000Z,BEAR,LONG,32.757128846309826,17.7671238966469,IGNORE,0,WATCH,,0,0,0,NA,NA,NA,NA,NA,CLEAR,1,0,0,0,0,TREND_REVERSAL_UNCONFIRMED,2,0.45,LONG,1,0,0,0
BTCUSDT,1774180800000,2026-03-22T12:00:00.000Z,BEAR,LONG,40.49606519220034,18.376565133885777,IGNORE,0,WATCH,,0,0,0,NA,NA,NA,NA,NA,CLEAR,1,0,0,0,0,TREND_REVERSAL_UNCONFIRMED,2,0.45,LONG,1,0,0,0
BTCUSDT,1774184400000,2026-03-22T13:00:00.000Z,BEAR,LONG,0,7.875,IGNORE,0,WATCH,,0,0,0,NA,NA,NA,NA,NA,CLEAR,1,0,0,0,0,TREND_REVERSAL_UNCONFIRMED,0,0.45,LONG,1,0,0,0
BTCUSDT,1774188000000,2026-03-22T14:00:00.000Z,BEAR,LONG,0,7.875,IGNORE,0,WATCH,,0,0,0,NA,NA,NA,NA,NA,CLEAR,1,0,0,0,0,TREND_REVERSAL_UNCONFIRMED,0,0.45,LONG,1,0,0,0
BTCUSDT,1774191600000,2026-03-22T15:00:00.000Z,BEAR,LONG,0,7.875,IGNORE,0,WATCH,,0,0,0,NA,NA,NA,NA,NA,WARNING_SOFT,1,0,0,0,0,TREND_REVERSAL_UNCONFIRMED,0,0.45,LONG,1,0,0,0
BTCUSDT,1774195200000,2026-03-22T16:00:00.000Z,BEAR,LONG,0,7.875,IGNORE,0,WATCH,,0,0,0,NA,NA,NA,NA,NA,CLEAR,1,0,0,0,0,TREND_REVERSAL_UNCONFIRMED,0,0.45,LONG,1,0,0,0
BTCUSDT,1774198800000,2026-03-22T17:00:00.000Z,BEAR,LONG,0,7.875,IGNORE,0,WATCH,,0,0,0,NA,NA,NA,NA,NA,CLEAR,1,0,0,0,0,TREND_REVERSAL_UNCONFIRMED,0,0.45,LONG,1,0,0,0
BTCUSDT,1774202400000,2026-03-22T18:00:00.000Z,BEAR,LONG,0,7.875,IGNORE,0,WATCH,,0,0,0,NA,NA,NA,NA,NA,CLEAR,1,0,0,0,0,TREND_REVERSAL_UNCONFIRMED,0,0.45,LONG,1,0,0,0
BTCUSDT,1774206000000,2026-03-22T19:00:00.000Z,BEAR,LONG,14.583333333333332,12.6796875,IGNORE,0,WATCH,,0,0,0,NA,NA,NA,NA,NA,CLEAR,1,0,0,0,0,TREND_REVERSAL_UNCONFIRMED,1,0.45,LONG,1,0,0,0
BTCUSDT,1774209600000,2026-03-22T20:00:00.000Z,BEAR,LONG,38.967479166666664,18.256188984375,IGNORE,0,WATCH,,0,0,0,NA,NA,NA,NA,NA,CLEAR,1,0,0,0,0,TREND_REVERSAL_UNCONFIRMED,2,0.45,LONG,1,0,0,0
BTCUSDT,1774213200000,2026-03-22T21:00:00.000Z,BEAR,LONG,38.19444444444444,18.1953125,IGNORE,0,WATCH,,0,0,0,NA,NA,NA,NA,NA,CLEAR,1,0,0,0,0,TREND_REVERSAL_UNCONFIRMED,2,0.45,LONG,1,0,0,0
BTCUSDT,1774216800000,2026-03-22T22:00:00.000Z,BEAR,LONG,19.787287938499738,13.089498925156855,IGNORE,0,WATCH,,0,0,0,NA,NA,NA,NA,NA,CLEAR,1,0,0,0,0,TREND_REVERSAL_UNCONFIRMED,1,0.45,LONG,1,0,0,0
BTCUSDT,1774220400000,2026-03-22T23:00:00.000Z,BEAR,LONG,0,7.875,IGNORE,0,WATCH,,0,0,0,NA,NA,NA,NA,NA,CLEAR,1,0,0,0,0,TREND_REVERSAL_UNCONFIRMED,0,0.45,LONG,1,0,0,0
BTCUSDT,1774224000000,2026-03-23T00:00:00.000Z,BEAR,LONG,21.1956665177703,13.200408738274412,IGNORE,0,WATCH,,0,0,0,NA,NA,NA,NA,NA,CLEAR,1,0,0,0,0,TREND_REVERSAL_UNCONFIRMED,1,0.45,LONG,1,0,0,0
BTCUSDT,1774227600000,2026-03-23T01:00:00.000Z,BEAR,LONG,0,7.875,IGNORE,0,WATCH,,0,0,0,NA,NA,NA,NA,NA,CLEAR,1,0,0,0,0,TREND_REVERSAL_UNCONFIRMED,0,0.45,LONG,1,0,0,0
BTCUSDT,1774231200000,2026-03-23T02:00:00.000Z,BEAR,LONG,0,7.875,IGNORE,0,WATCH,,0,0,0,NA,NA,NA,NA,NA,WARNING_SOFT,1,0,0,0,0,TREND_REVERSAL_UNCONFIRMED,0,0.45,LONG,1,0,0,0
BTCUSDT,1774234800000,2026-03-23T03:00:00.000Z,BEAR,LONG,0,7.875,IGNORE,0,WATCH,,0,0,0,NA,NA,NA,NA,NA,WARNING_SOFT,1,0,0,0,0,TREND_REVERSAL_UNCONFIRMED,0,0.45,LONG,1,0,0,0
BTCUSDT,1774238400000,2026-03-23T04:00:00.000Z,NEUTRAL,NONE,0,7.875,IGNORE,0,WATCH,,0,0,0,NA,NA,NA,NA,NA,WARNING_SOFT,1,0,0,0,0,TREND_REVERSAL_UNCONFIRMED,0,0.45,NONE,1,0,0,0
BTCUSDT,1774242000000,2026-03-23T05:00:00.000Z,NEUTRAL,NONE,0,7.875,IGNORE,0,WATCH,,0,0,0,NA,NA,NA,NA,NA,CLEAR,1,0,0,0,0,TREND_REVERSAL_UNCONFIRMED,0,0.45,NONE,1,0,0,0
BTCUSDT,1774245600000,2026-03-23T06:00:00.000Z,BEAR,LONG,25,13.5,IGNORE,0,WATCH,,0,0,0,NA,NA,NA,NA,NA,WARNING_SOFT,1,0,0,0,0,TREND_REVERSAL_UNCONFIRMED,1,0.45,LONG,1,0,0,0
BTCUSDT,1774249200000,2026-03-23T07:00:00.000Z,BEAR,LONG,25,13.5,IGNORE,0,WATCH,,0,0,0,NA,NA,NA,NA,NA,CLEAR,1,0,0,0,0,TREND_REVERSAL_UNCONFIRMED,1,0.45,LONG,1,0,0,0
BTCUSDT,1774252800000,2026-03-23T08:00:00.000Z,NEUTRAL,NONE,0,7.875,IGNORE,0,WATCH,,0,0,0,NA,NA,NA,NA,NA,WARNING_SOFT,1,0,0,0,0,TREND_REVERSAL_UNCONFIRMED,0,0.45,NONE,1,0,0,0
BTCUSDT,1774256400000,2026-03-23T09:00:00.000Z,BEAR,LONG,0,7.875,IGNORE,0,WATCH,,0,0,0,NA,NA,NA,NA,NA,WARNING_SOFT,1,0,0,0,0,TREND_REVERSAL_UNCONFIRMED,0,0.45,LONG,1,0,0,0
BTCUSDT,1774260000000,2026-03-23T10:00:00.000Z,NEUTRAL,NONE,0,7.875,IGNORE,0,WATCH,,0,0,0,NA,NA,NA,NA,NA,CLEAR,1,0,0,0,0,TREND_REVERSAL_UNCONFIRMED,0,0.45,NONE,1,0,0,0
BTCUSDT,1774263600000,2026-03-23T11:00:00.000Z,NEUTRAL,NONE,0,7.875,IGNORE,0,WATCH,,0,0,0,NA,NA,NA,NA,NA,CLEAR,1,0,0,0,0,TREND_REVERSAL_UNCONFIRMED,0,0.45,NONE,1,0,0,0
BTCUSDT,1774267200000,2026-03-23T12:00:00.000Z,NEUTRAL,NONE,0,7.875,IGNORE,0,WATCH,,0,0,0,NA,NA,NA,NA,NA,CLEAR,1,1,0,0,0,TREND_REVERSAL_UNCONFIRMED,0,0.45,NONE,1,0,0,0
BTCUSDT,1774270800000,2026-03-23T13:00:00.000Z,NEUTRAL,NONE,0,7.875,IGNORE,0,WATCH,,0,0,0,NA,NA,NA,NA,NA,CLEAR,1,1,0,0,0,TREND_REVERSAL_UNCONFIRMED,0,0.45,NONE,1,0,0,0
BTCUSDT,1774274400000,2026-03-23T14:00:00.000Z,BULL,SHORT,47.34878650410544,22.572466937198303,IGNORE,0,WATCH,,0,0,0,NA,NA,NA,NA,NA,CLEAR,1,0,0,0,0,TREND_REVERSAL_UNCONFIRMED,3,0.45,SHORT,1,0,0,0
BTCUSDT,1774278000000,2026-03-23T15:00:00.000Z,BULL,SHORT,62.141167565905306,61.52975163218808,WATCH,1,ACTIVE,ACTIVE,1,1,1,PASS,PASS,SKIP,SKIP,PASS,CLEAR,1,0,0,0,1,,3,0.84,SHORT,0,1,0,0
BTCUSDT,1774281600000,2026-03-23T16:00:00.000Z,BULL,SHORT,17.5,12.909375,IGNORE,0,WATCH,,0,0,0,NA,NA,NA,NA,NA,CLEAR,1,0,0,0,0,TREND_REVERSAL_UNCONFIRMED,1,0.45,SHORT,1,0,0,0
BTCUSDT,1774285200000,2026-03-23T17:00:00.000Z,BULL,SHORT,0,7.875,IGNORE,0,WATCH,,0,0,0,NA,NA,NA,NA,NA,CLEAR,1,0,0,0,0,TREND_REVERSAL_UNCONFIRMED,0,0.45,SHORT,1,0,0,0
BTCUSDT,1774288800000,2026-03-23T18:00:00.000Z,BULL,SHORT,0,7.875,IGNORE,0,WATCH,,0,0,0,NA,NA,NA,NA,NA,CLEAR,1,0,0,0,0,TREND_REVERSAL_UNCONFIRMED,0,0.45,SHORT,1,0,0,0
BTCUSDT,1774292400000,2026-03-23T19:00:00.000Z,BULL,SHORT,25,13.5,IGNORE,0,WATCH,,0,0,0,NA,NA,NA,NA,NA,CLEAR,1,0,0,0,0,TREND_REVERSAL_UNCONFIRMED,1,0.45,SHORT,1,0,0,0
BTCUSDT,1774296000000,2026-03-23T20:00:00.000Z,BULL,SHORT,0,7.875,IGNORE,0,WATCH,,0,0,0,NA,NA,NA,NA,NA,CLEAR,1,0,0,0,0,TREND_REVERSAL_UNCONFIRMED,0,0.45,SHORT,1,0,0,0
BTCUSDT,1774299600000,2026-03-23T21:00:00.000Z,BULL,SHORT,0,7.875,IGNORE,0,WATCH,,0,0,0,NA,NA,NA,NA,NA,CLEAR,1,0,0,0,0,TREND_REVERSAL_UNCONFIRMED,0,0.45,SHORT,1,0,0,0
BTCUSDT,1774303200000,2026-03-23T22:00:00.000Z,BULL,SHORT,17.5,12.909375,IGNORE,0,WATCH,,0,0,0,NA,NA,NA,NA,NA,CLEAR,1,0,0,0,0,TREND_REVERSAL_UNCONFIRMED,1,0.45,SHORT,1,0,0,0
BTCUSDT,1774306800000,2026-03-23T23:00:00.000Z,BULL,SHORT,17.5,12.909375,IGNORE,0,WATCH,,0,0,0,NA,NA,NA,NA,NA,CLEAR,1,0,0,0,0,TREND_REVERSAL_UNCONFIRMED,1,0.45,SHORT,1,0,0,0
BTCUSDT,1774310400000,2026-03-24T00:00:00.000Z,BULL,SHORT,38.44515,18.2150555625,IGNORE,0,WATCH,,0,0,0,NA,NA,NA,NA,NA,CLEAR,1,0,0,0,0,TREND_REVERSAL_UNCONFIRMED,2,0.45,SHORT,1,0,0,0
BTCUSDT,1774314000000,2026-03-24T01:00:00.000Z,BULL,SHORT,17.5,12.909375,IGNORE,0,WATCH,,0,0,0,NA,NA,NA,NA,NA,CLEAR,1,0,0,0,0,TREND_REVERSAL_UNCONFIRMED,1,0.45,SHORT,1,0,0,0
BTCUSDT,1774317600000,2026-03-24T02:00:00.000Z,BULL,SHORT,17.5,12.909375,IGNORE,0,WATCH,,0,0,0,NA,NA,NA,NA,NA,WARNING_SOFT,1,0,0,0,0,TREND_REVERSAL_UNCONFIRMED,1,0.45,SHORT,1,0,0,0
BTCUSDT,1774321200000,2026-03-24T03:00:00.000Z,BULL,SHORT,17.5,12.909375,IGNORE,0,WATCH,,0,0,0,NA,NA,NA,NA,NA,WARNING_SOFT,1,0,0,0,0,TREND_REVERSAL_UNCONFIRMED,1,0.45,SHORT,1,0,0,0
BTCUSDT,1774324800000,2026-03-24T04:00:00.000Z,BULL,SHORT,42.5,18.534375,IGNORE,0,WATCH,,0,0,0,NA,NA,NA,NA,NA,WARNING_SOFT,1,0,0,0,0,TREND_REVERSAL_UNCONFIRMED,2,0.45,SHORT,1,0,0,0
BTCUSDT,1774328400000,2026-03-24T05:00:00.000Z,NEUTRAL,NONE,0,7.875,IGNORE,0,WATCH,,0,0,0,NA,NA,NA,NA,NA,BLOCK,0,0,0,0,0,TREND_REVERSAL_UNCONFIRMED,0,0.45,NONE,1,0,0,0
BTCUSDT,1774332000000,2026-03-24T06:00:00.000Z,BULL,SHORT,17.5,12.909375,IGNORE,0,WATCH,,0,0,0,NA,NA,NA,NA,NA,WARNING_SOFT,1,0,0,0,0,TREND_REVERSAL_UNCONFIRMED,1,0.45,SHORT,1,0,0,0
BTCUSDT,1774335600000,2026-03-24T07:00:00.000Z,BULL,SHORT,17.5,12.909375,IGNORE,0,WATCH,,0,0,0,NA,NA,NA,NA,NA,CLEAR,1,0,0,0,0,TREND_REVERSAL_UNCONFIRMED,1,0.45,SHORT,1,0,0,0
BTCUSDT,1774339200000,2026-03-24T08:00:00.000Z,BULL,SHORT,42.5,18.534375,IGNORE,0,WATCH,,0,0,0,NA,NA,NA,NA,NA,CLEAR,1,0,0,0,0,TREND_REVERSAL_UNCONFIRMED,2,0.45,SHORT,1,0,0,0
BTCUSDT,1774342800000,2026-03-24T09:00:00.000Z,BULL,SHORT,17.5,12.909375,IGNORE,0,WATCH,,0,0,0,NA,NA,NA,NA,NA,CLEAR,1,0,0,0,0,TREND_REVERSAL_UNCONFIRMED,1,0.45,SHORT,1,0,0,0
BTCUSDT,1774346400000,2026-03-24T10:00:00.000Z,BULL,SHORT,0,7.875,IGNORE,0,WATCH,,0,0,0,NA,NA,NA,NA,NA,CLEAR,1,0,0,0,0,TREND_REVERSAL_UNCONFIRMED,0,0.45,SHORT,1,0,0,0
BTCUSDT,1774350000000,2026-03-24T11:00:00.000Z,BULL,SHORT,0,7.875,IGNORE,0,WATCH,,0,0,0,NA,NA,NA,NA,NA,CLEAR,1,0,0,0,0,TREND_REVERSAL_UNCONFIRMED,0,0.45,SHORT,1,0,0,0
BTCUSDT,1774353600000,2026-03-24T12:00:00.000Z,BULL,SHORT,0,7.875,IGNORE,0,WATCH,,0,0,0,NA,NA,NA,NA,NA,CLEAR,1,0,0,0,0,TREND_REVERSAL_UNCONFIRMED,0,0.45,SHORT,1,0,0,0
BTCUSDT,1774357200000,2026-03-24T13:00:00.000Z,NEUTRAL,NONE,0,7.875,IGNORE,0,WATCH,,0,0,0,NA,NA,NA,NA,NA,BLOCK,0,0,0,0,0,TREND_REVERSAL_UNCONFIRMED,0,0.45,NONE,1,0,0,0
BTCUSDT,1774360800000,2026-03-24T14:00:00.000Z,NEUTRAL,NONE,0,7.875,IGNORE,0,WATCH,,0,0,0,NA,NA,NA,NA,NA,BLOCK,0,0,0,0,0,TREND_REVERSAL_UNCONFIRMED,0,0.45,NONE,1,0,0,0
BTCUSDT,1774364400000,2026-03-24T15:00:00.000Z,NEUTRAL,NONE,0,7.875,IGNORE,0,WATCH,,0,0,0,NA,NA,NA,NA,NA,BLOCK,0,0,0,0,0,TREND_REVERSAL_UNCONFIRMED,0,0.45,NONE,1,0,0,0
BTCUSDT,1774368000000,2026-03-24T16:00:00.000Z,NEUTRAL,NONE,0,7.875,IGNORE,0,WATCH,,0,0,0,NA,NA,NA,NA,NA,WARNING_SOFT,1,0,0,0,0,TREND_REVERSAL_UNCONFIRMED,0,0.45,NONE,1,0,0,0
BTCUSDT,1774371600000,2026-03-24T17:00:00.000Z,NEUTRAL,NONE,0,7.875,IGNORE,0,WATCH,,0,0,0,NA,NA,NA,NA,NA,BLOCK,0,0,0,0,0,TREND_REVERSAL_UNCONFIRMED,0,0.45,NONE,1,0,0,0
BTCUSDT,1774375200000,2026-03-24T18:00:00.000Z,NEUTRAL,NONE,0,7.875,IGNORE,0,WATCH,,0,0,0,NA,NA,NA,NA,NA,WARNING_SOFT,1,0,0,0,0,TREND_REVERSAL_UNCONFIRMED,0,0.45,NONE,1,0,0,0
BTCUSDT,1774378800000,2026-03-24T19:00:00.000Z,NEUTRAL,NONE,0,7.875,IGNORE,0,WATCH,,0,0,0,NA,NA,NA,NA,NA,WARNING_SOFT,1,0,0,0,0,TREND_REVERSAL_UNCONFIRMED,0,0.45,NONE,1,0,0,0
BTCUSDT,1774382400000,2026-03-24T20:00:00.000Z,NEUTRAL,NONE,0,7.875,IGNORE,0,WATCH,,0,0,0,NA,NA,NA,NA,NA,BLOCK,0,0,0,0,0,TREND_REVERSAL_UNCONFIRMED,0,0.45,NONE,1,0,0,0
BTCUSDT,1774386000000,2026-03-24T21:00:00.000Z,BULL,SHORT,0,7.875,IGNORE,0,WATCH,,0,0,0,NA,NA,NA,NA,NA,CLEAR,1,0,0,0,0,TREND_REVERSAL_UNCONFIRMED,0,0.45,SHORT,1,0,0,0
BTCUSDT,1774389600000,2026-03-24T22:00:00.000Z,BULL,SHORT,25,13.5,IGNORE,0,WATCH,,0,0,0,NA,NA,NA,NA,NA,CLEAR,1,0,0,0,0,TREND_REVERSAL_UNCONFIRMED,1,0.45,SHORT,1,0,0,0
BTCUSDT,1774393200000,2026-03-24T23:00:00.000Z,BULL,SHORT,0,7.875,IGNORE,0,WATCH,,0,0,0,NA,NA,NA,NA,NA,CLEAR,1,0,0,0,0,TREND_REVERSAL_UNCONFIRMED,0,0.45,SHORT,1,0,0,0
BTCUSDT,1774396800000,2026-03-25T00:00:00.000Z,BULL,SHORT,0,7.875,IGNORE,0,WATCH,,0,0,0,NA,NA,NA,NA,NA,CLEAR,1,0,0,0,0,TREND_REVERSAL_UNCONFIRMED,0,0.45,SHORT,1,0,0,0
BTCUSDT,1774400400000,2026-03-25T01:00:00.000Z,BULL,SHORT,25,13.5,IGNORE,0,WATCH,,0,0,0,NA,NA,NA,NA,NA,CLEAR,1,0,0,0,0,TREND_REVERSAL_UNCONFIRMED,1,0.45,SHORT,1,0,0,0
BTCUSDT,1774404000000,2026-03-25T02:00:00.000Z,BULL,SHORT,0,7.875,IGNORE,0,WATCH,,0,0,0,NA,NA,NA,NA,NA,CLEAR,1,0,0,0,0,TREND_REVERSAL_UNCONFIRMED,0,0.45,SHORT,1,0,0,0
BTCUSDT,1774407600000,2026-03-25T03:00:00.000Z,BULL,SHORT,17.5,12.909375,IGNORE,0,WATCH,,0,0,0,NA,NA,NA,NA,NA,CLEAR,1,0,0,0,0,TREND_REVERSAL_UNCONFIRMED,1,0.45,SHORT,1,0,0,0
BTCUSDT,1774411200000,2026-03-25T04:00:00.000Z,BULL,SHORT,17.5,12.909375,IGNORE,0,WATCH,,0,0,0,NA,NA,NA,NA,NA,CLEAR,1,0,0,0,0,TREND_REVERSAL_UNCONFIRMED,1,0.45,SHORT,1,0,0,0
BTCUSDT,1774414800000,2026-03-25T05:00:00.000Z,BULL,SHORT,17.5,12.909375,IGNORE,0,WATCH,,0,0,0,NA,NA,NA,NA,NA,CLEAR,1,0,0,0,0,TREND_REVERSAL_UNCONFIRMED,1,0.45,SHORT,1,0,0,0
BTCUSDT,1774418400000,2026-03-25T06:00:00.000Z,BULL,SHORT,17.5,12.909375,IGNORE,0,WATCH,,0,0,0,NA,NA,NA,NA,NA,CLEAR,1,0,0,0,0,TREND_REVERSAL_UNCONFIRMED,1,0.45,SHORT,1,0,0,0
BTCUSDT,1774422000000,2026-03-25T07:00:00.000Z,BULL,SHORT,17.5,12.909375,IGNORE,0,WATCH,,0,0,0,NA,NA,NA,NA,NA,CLEAR,1,0,0,0,0,TREND_REVERSAL_UNCONFIRMED,1,0.45,SHORT,1,0,0,0
BTCUSDT,1774425600000,2026-03-25T08:00:00.000Z,BULL,SHORT,17.5,12.909375,IGNORE,0,WATCH,,0,0,0,NA,NA,NA,NA,NA,CLEAR,1,0,0,0,0,TREND_REVERSAL_UNCONFIRMED,1,0.45,SHORT,1,0,0,0
BTCUSDT,1774429200000,2026-03-25T09:00:00.000Z,BULL,SHORT,30.34722222222222,17.57734375,IGNORE,0,WATCH,,0,0,0,NA,NA,NA,NA,NA,CLEAR,1,0,0,0,0,TREND_REVERSAL_UNCONFIRMED,2,0.45,SHORT,1,0,0,0
BTCUSDT,1774432800000,2026-03-25T10:00:00.000Z,BULL,SHORT,30.34722222222222,17.57734375,IGNORE,0,WATCH,,0,0,0,NA,NA,NA,NA,NA,CLEAR,1,0,0,0,0,TREND_REVERSAL_UNCONFIRMED,2,0.45,SHORT,1,0,0,0
BTCUSDT,1774436400000,2026-03-25T11:00:00.000Z,BULL,SHORT,37.923671514964816,18.17398913180348,IGNORE,0,WATCH,,0,0,0,NA,NA,NA,NA,NA,CLEAR,1,1,0,0,0,TREND_REVERSAL_UNCONFIRMED,2,0.45,SHORT,1,0,0,0
BTCUSDT,1774440000000,2026-03-25T12:00:00.000Z,BULL,SHORT,42.5,18.534375,IGNORE,0,WATCH,,0,0,0,NA,NA,NA,NA,NA,CLEAR,1,1,0,0,0,TREND_REVERSAL_UNCONFIRMED,2,0.45,SHORT,1,0,0,0
BTCUSDT,1774443600000,2026-03-25T13:00:00.000Z,BULL,SHORT,42.5,18.534375,IGNORE,0,WATCH,,0,0,0,NA,NA,NA,NA,NA,CLEAR,1,0,0,0,0,TREND_REVERSAL_UNCONFIRMED,2,0.45,SHORT,1,0,0,0
BTCUSDT,1774447200000,2026-03-25T14:00:00.000Z,BULL,SHORT,0,7.875,IGNORE,0,WATCH,,0,0,0,NA,NA,NA,NA,NA,CLEAR,1,0,0,0,0,TREND_REVERSAL_UNCONFIRMED,0,0.45,SHORT,1,0,0,0
BTCUSDT,1774450800000,2026-03-25T15:00:00.000Z,NEUTRAL,NONE,0,7.875,IGNORE,0,WATCH,,0,0,0,NA,NA,NA,NA,NA,BLOCK,0,0,1,0,0,TREND_REVERSAL_UNCONFIRMED,0,0.45,NONE,1,0,0,0
BTCUSDT,1774454400000,2026-03-25T16:00:00.000Z,BULL,SHORT,24.216198571109388,13.438275637474865,IGNORE,0,WATCH,,0,0,0,NA,NA,NA,NA,NA,WARNING_SOFT,1,0,0,0,0,TREND_REVERSAL_UNCONFIRMED,1,0.45,SHORT,1,0,0,0
BTCUSDT,1774458000000,2026-03-25T17:00:00.000Z,NEUTRAL,NONE,0,7.875,IGNORE,0,WATCH,,0,0,0,NA,NA,NA,NA,NA,WARNING_SOFT,1,0,0,0,0,TREND_REVERSAL_UNCONFIRMED,0,0.45,NONE,1,0,0,0
BTCUSDT,1774461600000,2026-03-25T18:00:00.000Z,NEUTRAL,NONE,0,7.875,IGNORE,0,WATCH,,0,0,0,NA,NA,NA,NA,NA,WARNING_SOFT,1,0,0,0,0,TREND_REVERSAL_UNCONFIRMED,0,0.45,NONE,1,0,0,0
BTCUSDT,1774465200000,2026-03-25T19:00:00.000Z,NEUTRAL,NONE,0,7.875,IGNORE,0,WATCH,,0,0,0,NA,NA,NA,NA,NA,WARNING_SOFT,1,0,0,0,0,TREND_REVERSAL_UNCONFIRMED,0,0.45,NONE,1,0,0,0
BTCUSDT,1774468800000,2026-03-25T20:00:00.000Z,BULL,SHORT,0,7.875,IGNORE,0,WATCH,,0,0,0,NA,NA,NA,NA,NA,WARNING_SOFT,1,0,0,0,0,TREND_REVERSAL_UNCONFIRMED,0,0.45,SHORT,1,0,0,0
BTCUSDT,1774472400000,2026-03-25T21:00:00.000Z,BULL,SHORT,22.944849999999995,13.3381569375,IGNORE,0,WATCH,,0,0,0,NA,NA,NA,NA,NA,WARNING_SOFT,1,0,0,0,0,TREND_REVERSAL_UNCONFIRMED,1,0.45,SHORT,1,0,0,0
BTCUSDT,1774476000000,2026-03-25T22:00:00.000Z,BULL,SHORT,0,7.875,IGNORE,0,WATCH,,0,0,0,NA,NA,NA,NA,NA,WARNING_SOFT,1,0,0,0,0,TREND_REVERSAL_UNCONFIRMED,0,0.45,SHORT,1,0,0,0
BTCUSDT,1774479600000,2026-03-25T23:00:00.000Z,BULL,SHORT,0,7.875,IGNORE,0,WATCH,,0,0,0,NA,NA,NA,NA,NA,CLEAR,1,0,0,0,0,TREND_REVERSAL_UNCONFIRMED,0,0.45,SHORT,1,0,0,0
BTCUSDT,1774483200000,2026-03-26T00:00:00.000Z,BULL,SHORT,0,7.875,IGNORE,0,WATCH,,0,0,0,NA,NA,NA,NA,NA,CLEAR,1,0,0,0,0,TREND_REVERSAL_UNCONFIRMED,0,0.45,SHORT,1,0,0,0
BTCUSDT,1774486800000,2026-03-26T01:00:00.000Z,BULL,SHORT,17.5,12.909375,IGNORE,0,WATCH,,0,0,0,NA,NA,NA,NA,NA,CLEAR,1,0,0,0,0,TREND_REVERSAL_UNCONFIRMED,1,0.45,SHORT,1,0,0,0
BTCUSDT,1774490400000,2026-03-26T02:00:00.000Z,NEUTRAL,NONE,0,7.875,IGNORE,0,WATCH,,0,0,0,NA,NA,NA,NA,NA,WARNING_SOFT,1,0,0,0,0,TREND_REVERSAL_UNCONFIRMED,0,0.45,NONE,1,0,0,0
BTCUSDT,1774494000000,2026-03-26T03:00:00.000Z,NEUTRAL,NONE,0,7.875,IGNORE,0,WATCH,,0,0,0,NA,NA,NA,NA,NA,WARNING_SOFT,1,0,0,0,0,TREND_REVERSAL_UNCONFIRMED,0,0.45,NONE,1,0,0,0
BTCUSDT,1774497600000,2026-03-26T04:00:00.000Z,NEUTRAL,NONE,0,7.875,IGNORE,0,WATCH,,0,0,0,NA,NA,NA,NA,NA,WARNING_SOFT,1,0,0,0,0,TREND_REVERSAL_UNCONFIRMED,0,0.45,NONE,1,0,0,0
BTCUSDT,1774501200000,2026-03-26T05:00:00.000Z,NEUTRAL,NONE,0,7.875,IGNORE,0,WATCH,,0,0,0,NA,NA,NA,NA,NA,BLOCK,0,0,0,0,0,TREND_REVERSAL_UNCONFIRMED,0,0.45,NONE,1,0,0,0
BTCUSDT,1774504800000,2026-03-26T06:00:00.000Z,NEUTRAL,NONE,0,7.875,IGNORE,0,WATCH,,0,0,0,NA,NA,NA,NA,NA,BLOCK,0,0,0,0,0,TREND_REVERSAL_UNCONFIRMED,0,0.45,NONE,1,0,0,0
BTCUSDT,1774508400000,2026-03-26T07:00:00.000Z,NEUTRAL,NONE,0,7.875,IGNORE,0,WATCH,,0,0,0,NA,NA,NA,NA,NA,WARNING_SOFT,1,0,0,0,0,TREND_REVERSAL_UNCONFIRMED,0,0.45,NONE,1,0,0,0
BTCUSDT,1774512000000,2026-03-26T08:00:00.000Z,NEUTRAL,NONE,0,7.875,IGNORE,0,WATCH,,0,0,0,NA,NA,NA,NA,NA,WARNING_SOFT,1,0,0,0,0,TREND_REVERSAL_UNCONFIRMED,0,0.45,NONE,1,0,0,0
BTCUSDT,1774515600000,2026-03-26T09:00:00.000Z,BEAR,LONG,41.358127584334845,18.44445254726637,IGNORE,0,WATCH,,0,0,0,NA,NA,NA,NA,NA,CLEAR,1,0,0,0,0,TREND_REVERSAL_UNCONFIRMED,2,0.45,LONG,1,0,0,0
BTCUSDT,1774519200000,2026-03-26T10:00:00.000Z,BEAR,LONG,32.08333333333333,17.714062499999997,IGNORE,0,WATCH,,0,0,0,NA,NA,NA,NA,NA,CLEAR,1,0,0,0,0,TREND_REVERSAL_UNCONFIRMED,2,0.45,LONG,1,0,0,0
BTCUSDT,1774522800000,2026-03-26T11:00:00.000Z,BEAR,LONG,46.13102738650741,22.47656840668746,IGNORE,0,WATCH,,0,0,0,NA,NA,NA,NA,NA,CLEAR,1,0,0,0,0,TREND_REVERSAL_UNCONFIRMED,3,0.45,LONG,1,0,0,0
BTCUSDT,1774526400000,2026-03-26T12:00:00.000Z,BEAR,LONG,42.5,18.534375,IGNORE,0,WATCH,,0,0,0,NA,NA,NA,NA,NA,CLEAR,1,0,0,0,0,TREND_REVERSAL_UNCONFIRMED,2,0.45,LONG,1,0,0,0
BTCUSDT,1774530000000,2026-03-26T13:00:00.000Z,BEAR,LONG,42.5,18.534375,IGNORE,0,WATCH,,0,0,0,NA,NA,NA,NA,NA,CLEAR,1,0,0,0,0,TREND_REVERSAL_UNCONFIRMED,2,0.45,LONG,1,0,0,0
BTCUSDT,1774533600000,2026-03-26T14:00:00.000Z,BEAR,LONG,17.825805137016008,12.93503215454001,IGNORE,0,WATCH,,0,0,0,NA,NA,NA,NA,NA,CLEAR,1,0,0,0,0,TREND_REVERSAL_UNCONFIRMED,1,0.45,LONG,1,0,0,0
BTCUSDT,1774537200000,2026-03-26T15:00:00.000Z,BEAR,LONG,25,13.5,IGNORE,0,WATCH,,0,0,0,NA,NA,NA,NA,NA,CLEAR,1,0,0,0,0,TREND_REVERSAL_UNCONFIRMED,1,0.45,LONG,1,0,0,0
BTCUSDT,1774540800000,2026-03-26T16:00:00.000Z,BEAR,LONG,0,7.875,IGNORE,0,WATCH,,0,0,0,NA,NA,NA,NA,NA,CLEAR,1,0,0,0,0,TREND_REVERSAL_UNCONFIRMED,0,0.45,LONG,1,0,0,0
BTCUSDT,1774544400000,2026-03-26T17:00:00.000Z,BEAR,LONG,29.15279178632367,17.48328235317299,IGNORE,0,WATCH,,0,0,0,NA,NA,NA,NA,NA,CLEAR,1,0,0,0,0,TREND_REVERSAL_UNCONFIRMED,2,0.45,LONG,1,0,0,0
BTCUSDT,1774548000000,2026-03-26T18:00:00.000Z,BEAR,LONG,30.719848558630375,17.606688073992142,IGNORE,0,WATCH,,0,0,0,NA,NA,NA,NA,NA,CLEAR,1,0,0,0,0,TREND_REVERSAL_UNCONFIRMED,2,0.45,LONG,1,0,0,0
BTCUSDT,1774551600000,2026-03-26T19:00:00.000Z,BEAR,LONG,0,7.875,IGNORE,0,WATCH,,0,0,0,NA,NA,NA,NA,NA,CLEAR,1,0,0,0,0,TREND_REVERSAL_UNCONFIRMED,0,0.45,LONG,1,0,0,0
BTCUSDT,1774555200000,2026-03-26T20:00:00.000Z,BEAR,LONG,50,19.125,IGNORE,0,WATCH,,0,0,0,NA,NA,NA,NA,NA,WARNING_SOFT,1,0,0,0,0,TREND_REVERSAL_UNCONFIRMED,2,0.45,LONG,1,0,0,0
BTCUSDT,1774558800000,2026-03-26T21:00:00.000Z,BEAR,LONG,0,7.875,IGNORE,0,WATCH,,0,0,0,NA,NA,NA,NA,NA,WARNING_SOFT,1,0,0,0,0,TREND_REVERSAL_UNCONFIRMED,0,0.45,LONG,1,0,0,0
BTCUSDT,1774562400000,2026-03-26T22:00:00.000Z,BEAR,LONG,0,7.875,IGNORE,0,WATCH,,0,0,0,NA,NA,NA,NA,NA,CLEAR,1,0,0,0,0,TREND_REVERSAL_UNCONFIRMED,0,0.45,LONG,1,0,0,0
BTCUSDT,1774566000000,2026-03-26T23:00:00.000Z,BEAR,LONG,0,7.875,IGNORE,0,WATCH,,0,0,0,NA,NA,NA,NA,NA,CLEAR,1,0,0,0,0,TREND_REVERSAL_UNCONFIRMED,0,0.45,LONG,1,0,0,0
BTCUSDT,1774569600000,2026-03-27T00:00:00.000Z,BEAR,LONG,0,7.875,IGNORE,0,WATCH,,0,0,0,NA,NA,NA,NA,NA,CLEAR,1,0,0,0,0,TREND_REVERSAL_UNCONFIRMED,0,0.45,LONG,1,0,0,0
BTCUSDT,1774573200000,2026-03-27T01:00:00.000Z,BEAR,LONG,25,13.5,IGNORE,0,WATCH,,0,0,0,NA,NA,NA,NA,NA,CLEAR,1,0,0,0,0,TREND_REVERSAL_UNCONFIRMED,1,0.45,LONG,1,0,0,0
BTCUSDT,1774576800000,2026-03-27T02:00:00.000Z,BEAR,LONG,0,7.875,IGNORE,0,WATCH,,0,0,0,NA,NA,NA,NA,NA,WARNING_SOFT,1,0,0,0,0,TREND_REVERSAL_UNCONFIRMED,0,0.45,LONG,1,0,0,0
BTCUSDT,1774580400000,2026-03-27T03:00:00.000Z,BEAR,LONG,17.5,12.909375,IGNORE,0,WATCH,,0,0,0,NA,NA,NA,NA,NA,CLEAR,1,0,0,0,0,TREND_REVERSAL_UNCONFIRMED,1,0.45,LONG,1,0,0,0
BTCUSDT,1774584000000,2026-03-27T04:00:00.000Z,BEAR,LONG,17.5,12.909375,IGNORE,0,WATCH,,0,0,0,NA,NA,NA,NA,NA,CLEAR,1,0,0,0,0,TREND_REVERSAL_UNCONFIRMED,1,0.45,LONG,1,0,0,0
BTCUSDT,1774587600000,2026-03-27T05:00:00.000Z,BEAR,LONG,42.5,18.534375,IGNORE,0,WATCH,,0,0,0,NA,NA,NA,NA,NA,CLEAR,1,0,0,0,0,TREND_REVERSAL_UNCONFIRMED,2,0.45,LONG,1,0,0,0
BTCUSDT,1774591200000,2026-03-27T06:00:00.000Z,BEAR,LONG,17.5,12.909375,IGNORE,0,WATCH,,0,0,0,NA,NA,NA,NA,NA,CLEAR,1,0,0,0,0,TREND_REVERSAL_UNCONFIRMED,1,0.45,LONG,1,0,0,0
BTCUSDT,1774594800000,2026-03-27T07:00:00.000Z,BEAR,LONG,0,7.875,IGNORE,0,WATCH,,0,0,0,NA,NA,NA,NA,NA,WARNING_SOFT,1,0,0,0,0,TREND_REVERSAL_UNCONFIRMED,0,0.45,LONG,1,0,0,0
BTCUSDT,1774598400000,2026-03-27T08:00:00.000Z,BEAR,LONG,25,13.5,IGNORE,0,WATCH,,0,0,0,NA,NA,NA,NA,NA,CLEAR,1,0,0,0,0,TREND_REVERSAL_UNCONFIRMED,1,0.45,LONG,1,0,0,0
BTCUSDT,1774602000000,2026-03-27T09:00:00.000Z,BEAR,LONG,12.847222222222221,12.54296875,IGNORE,0,WATCH,,0,0,0,NA,NA,NA,NA,NA,CLEAR,1,0,0,0,0,TREND_REVERSAL_UNCONFIRMED,1,0.45,LONG,1,0,0,0
BTCUSDT,1774605600000,2026-03-27T10:00:00.000Z,BEAR,LONG,39.58333333333333,18.3046875,IGNORE,0,WATCH,,0,0,0,NA,NA,NA,NA,NA,CLEAR,1,0,1,0,0,TREND_REVERSAL_UNCONFIRMED,2,0.45,LONG,1,0,0,0
BTCUSDT,1774609200000,2026-03-27T11:00:00.000Z,BEAR,LONG,54.182782567285294,51.119869037390934,WATCH,1,WATCH,ACTIVE,1,1,0,FAIL,PASS,SKIP,SKIP,PASS,CLEAR,1,0,0,0,0,MARKET_CONTEXT_DENIED,3,0.84,LONG,0,1,0,0
BTCUSDT,1774612800000,2026-03-27T12:00:00.000Z,BEAR,LONG,12.847222222222221,12.54296875,IGNORE,0,WATCH,,0,0,0,NA,NA,NA,NA,NA,CLEAR,1,0,0,0,0,TREND_REVERSAL_UNCONFIRMED,1,0.45,LONG,1,0,0,0
BTCUSDT,1774616400000,2026-03-27T13:00:00.000Z,BEAR,LONG,35.3938177747044,17.974763149757973,IGNORE,0,WATCH,,0,0,0,NA,NA,NA,NA,NA,CLEAR,1,0,0,0,0,TREND_REVERSAL_UNCONFIRMED,2,0.45,LONG,1,0,0,0
BTCUSDT,1774620000000,2026-03-27T14:00:00.000Z,BEAR,LONG,37.84722222222222,18.16796875,IGNORE,0,WATCH,,0,0,0,NA,NA,NA,NA,NA,CLEAR,1,0,0,0,0,TREND_REVERSAL_UNCONFIRMED,2,0.45,LONG,1,0,0,0
BTCUSDT,1774623600000,2026-03-27T15:00:00.000Z,BEAR,LONG,36.786799088474574,18.084460428217373,IGNORE,0,WATCH,,0,0,0,NA,NA,NA,NA,NA,CLEAR,1,0,1,0,0,TREND_REVERSAL_UNCONFIRMED,2,0.45,LONG,1,0,0,0
BTCUSDT,1774627200000,2026-03-27T16:00:00.000Z,BEAR,LONG,12.847222222222221,12.54296875,IGNORE,0,WATCH,,0,0,0,NA,NA,NA,NA,NA,CLEAR,1,0,0,0,0,TREND_REVERSAL_UNCONFIRMED,1,0.45,LONG,1,0,0,0
BTCUSDT,1774630800000,2026-03-27T17:00:00.000Z,BEAR,LONG,12.847222222222221,12.54296875,IGNORE,0,WATCH,,0,0,0,NA,NA,NA,NA,NA,CLEAR,1,0,0,0,0,TREND_REVERSAL_UNCONFIRMED,1,0.45,LONG,1,0,0,0
BTCUSDT,1774634400000,2026-03-27T18:00:00.000Z,BEAR,LONG,37.84722222222222,18.16796875,IGNORE,0,WATCH,,0,0,0,NA,NA,NA,NA,NA,CLEAR,1,0,0,0,0,TREND_REVERSAL_UNCONFIRMED,2,0.45,LONG,1,0,0,0
BTCUSDT,1774638000000,2026-03-27T19:00:00.000Z,BEAR,LONG,0,7.875,IGNORE,0,WATCH,,0,0,0,NA,NA,NA,NA,NA,CLEAR,1,0,0,0,0,TREND_REVERSAL_UNCONFIRMED,0,0.45,LONG,1,0,0,0
BTCUSDT,1774641600000,2026-03-27T20:00:00.000Z,BEAR,LONG,0,7.875,IGNORE,0,WATCH,,0,0,0,NA,NA,NA,NA,NA,CLEAR,1,0,0,0,0,TREND_REVERSAL_UNCONFIRMED,0,0.45,LONG,1,0,0,0
BTCUSDT,1774645200000,2026-03-27T21:00:00.000Z,BEAR,LONG,0,7.875,IGNORE,0,WATCH,,0,0,0,NA,NA,NA,NA,NA,CLEAR,1,0,0,0,0,TREND_REVERSAL_UNCONFIRMED,0,0.45,LONG,1,0,0,0
BTCUSDT,1774648800000,2026-03-27T22:00:00.000Z,BEAR,LONG,0,7.875,IGNORE,0,WATCH,,0,0,0,NA,NA,NA,NA,NA,CLEAR,1,0,0,0,0,TREND_REVERSAL_UNCONFIRMED,0,0.45,LONG,1,0,0,0
BTCUSDT,1774652400000,2026-03-27T23:00:00.000Z,BEAR,LONG,0,7.875,IGNORE,0,WATCH,,0,0,0,NA,NA,NA,NA,NA,CLEAR,1,0,0,0,0,TREND_REVERSAL_UNCONFIRMED,0,0.45,LONG,1,0,0,0
BTCUSDT,1774656000000,2026-03-28T00:00:00.000Z,BEAR,LONG,0,7.875,IGNORE,0,WATCH,,0,0,0,NA,NA,NA,NA,NA,WARNING_SOFT,1,0,0,0,0,TREND_REVERSAL_UNCONFIRMED,0,0.45,LONG,1,0,0,0
BTCUSDT,1774659600000,2026-03-28T01:00:00.000Z,BEAR,LONG,0,7.875,IGNORE,0,WATCH,,0,0,0,NA,NA,NA,NA,NA,WARNING_SOFT,1,0,0,0,0,TREND_REVERSAL_UNCONFIRMED,0,0.45,LONG,1,0,0,0
BTCUSDT,1774663200000,2026-03-28T02:00:00.000Z,BEAR,LONG,0,7.875,IGNORE,0,WATCH,,0,0,0,NA,NA,NA,NA,NA,CLEAR,1,0,0,0,0,TREND_REVERSAL_UNCONFIRMED,0,0.45,LONG,1,0,0,0
BTCUSDT,1774666800000,2026-03-28T03:00:00.000Z,BEAR,LONG,25,13.5,IGNORE,0,WATCH,,0,0,0,NA,NA,NA,NA,NA,CLEAR,1,0,0,0,0,TREND_REVERSAL_UNCONFIRMED,1,0.45,LONG,1,0,0,0
BTCUSDT,1774670400000,2026-03-28T04:00:00.000Z,BEAR,LONG,0,7.875,IGNORE,0,WATCH,,0,0,0,NA,NA,NA,NA,NA,WARNING_SOFT,1,0,0,0,0,TREND_REVERSAL_UNCONFIRMED,0,0.45,LONG,1,0,0,0
BTCUSDT,1774674000000,2026-03-28T05:00:00.000Z,BEAR,LONG,17.5,12.909375,IGNORE,0,WATCH,,0,0,0,NA,NA,NA,NA,NA,WARNING_SOFT,1,0,0,0,0,TREND_REVERSAL_UNCONFIRMED,1,0.45,LONG,1,0,0,0
BTCUSDT,1774677600000,2026-03-28T06:00:00.000Z,BEAR,LONG,17.5,12.909375,IGNORE,0,WATCH,,0,0,0,NA,NA,NA,NA,NA,WARNING_SOFT,1,0,0,0,0,TREND_REVERSAL_UNCONFIRMED,1,0.45,LONG,1,0,0,0
BTCUSDT,1774681200000,2026-03-28T07:00:00.000Z,NEUTRAL,NONE,0,7.875,IGNORE,0,WATCH,,0,0,0,NA,NA,NA,NA,NA,CLEAR,1,0,0,0,0,TREND_REVERSAL_UNCONFIRMED,0,0.45,NONE,1,0,0,0
BTCUSDT,1774684800000,2026-03-28T08:00:00.000Z,BEAR,LONG,17.5,12.909375,IGNORE,0,WATCH,,0,0,0,NA,NA,NA,NA,NA,WARNING_SOFT,1,0,0,0,0,TREND_REVERSAL_UNCONFIRMED,1,0.45,LONG,1,0,0,0
BTCUSDT,1774688400000,2026-03-28T09:00:00.000Z,BEAR,LONG,17.5,12.909375,IGNORE,0,WATCH,,0,0,0,NA,NA,NA,NA,NA,WARNING_SOFT,1,0,0,0,0,TREND_REVERSAL_UNCONFIRMED,1,0.45,LONG,1,0,0,0
BTCUSDT,1774692000000,2026-03-28T10:00:00.000Z,BEAR,LONG,17.5,12.909375,IGNORE,0,WATCH,,0,0,0,NA,NA,NA,NA,NA,CLEAR,1,0,0,0,0,TREND_REVERSAL_UNCONFIRMED,1,0.45,LONG,1,0,0,0
BTCUSDT,1774695600000,2026-03-28T11:00:00.000Z,BEAR,LONG,42.5,18.534375,IGNORE,0,WATCH,,0,0,0,NA,NA,NA,NA,NA,CLEAR,1,0,0,0,0,TREND_REVERSAL_UNCONFIRMED,2,0.45,LONG,1,0,0,0
BTCUSDT,1774699200000,2026-03-28T12:00:00.000Z,BEAR,LONG,17.5,12.909375,IGNORE,0,WATCH,,0,0,0,NA,NA,NA,NA,NA,BLOCK,0,0,0,0,0,TREND_REVERSAL_UNCONFIRMED,1,0.45,LONG,1,0,0,0
BTCUSDT,1774702800000,2026-03-28T13:00:00.000Z,NEUTRAL,NONE,0,7.875,IGNORE,0,WATCH,,0,0,0,NA,NA,NA,NA,NA,CLEAR,1,1,0,0,0,TREND_REVERSAL_UNCONFIRMED,0,0.45,NONE,1,0,0,0
BTCUSDT,1774706400000,2026-03-28T14:00:00.000Z,NEUTRAL,NONE,0,7.875,IGNORE,0,WATCH,,0,0,0,NA,NA,NA,NA,NA,CLEAR,1,0,0,0,0,TREND_REVERSAL_UNCONFIRMED,0,0.45,NONE,1,0,0,0
BTCUSDT,1774710000000,2026-03-28T15:00:00.000Z,NEUTRAL,NONE,0,7.875,IGNORE,0,WATCH,,0,0,0,NA,NA,NA,NA,NA,CLEAR,1,1,0,0,0,TREND_REVERSAL_UNCONFIRMED,0,0.45,NONE,1,0,0,0
BTCUSDT,1774713600000,2026-03-28T16:00:00.000Z,NEUTRAL,NONE,0,7.875,IGNORE,0,WATCH,,0,0,0,NA,NA,NA,NA,NA,CLEAR,1,0,0,0,0,TREND_REVERSAL_UNCONFIRMED,0,0.45,NONE,1,0,0,0
BTCUSDT,1774717200000,2026-03-28T17:00:00.000Z,NEUTRAL,NONE,0,7.875,IGNORE,0,WATCH,,0,0,0,NA,NA,NA,NA,NA,CLEAR,1,0,0,0,0,TREND_REVERSAL_UNCONFIRMED,0,0.45,NONE,1,0,0,0
BTCUSDT,1774720800000,2026-03-28T18:00:00.000Z,NEUTRAL,NONE,0,7.875,IGNORE,0,WATCH,,0,0,0,NA,NA,NA,NA,NA,CLEAR,1,0,0,0,0,TREND_REVERSAL_UNCONFIRMED,0,0.45,NONE,1,0,0,0
BTCUSDT,1774724400000,2026-03-28T19:00:00.000Z,NEUTRAL,NONE,0,7.875,IGNORE,0,WATCH,,0,0,0,NA,NA,NA,NA,NA,CLEAR,1,0,0,0,0,TREND_REVERSAL_UNCONFIRMED,0,0.45,NONE,1,0,0,0
BTCUSDT,1774728000000,2026-03-28T20:00:00.000Z,NEUTRAL,NONE,0,7.875,IGNORE,0,WATCH,,0,0,0,NA,NA,NA,NA,NA,CLEAR,1,0,0,0,0,TREND_REVERSAL_UNCONFIRMED,0,0.45,NONE,1,0,0,0
BTCUSDT,1774731600000,2026-03-28T21:00:00.000Z,BEAR,LONG,17.5,12.909375,IGNORE,0,WATCH,,0,0,0,NA,NA,NA,NA,NA,WARNING_SOFT,1,0,0,0,0,TREND_REVERSAL_UNCONFIRMED,1,0.45,LONG,1,0,0,0
BTCUSDT,1774735200000,2026-03-28T22:00:00.000Z,NEUTRAL,NONE,0,7.875,IGNORE,0,WATCH,,0,0,0,NA,NA,NA,NA,NA,WARNING_SOFT,1,0,0,0,0,TREND_REVERSAL_UNCONFIRMED,0,0.45,NONE,1,0,0,0
BTCUSDT,1774738800000,2026-03-28T23:00:00.000Z,BEAR,LONG,62.37884522749138,43.92469024844123,WATCH,1,WATCH,ACTIVE,1,1,0,FAIL,PASS,SKIP,SKIP,FAIL,CLEAR,1,0,0,0,0,MARKET_CONTEXT_DENIED,3,0.84,LONG,1,0,0,0
BTCUSDT,1774742400000,2026-03-29T00:00:00.000Z,BEAR,LONG,17.5,12.909375,IGNORE,0,WATCH,,0,0,0,NA,NA,NA,NA,NA,CLEAR,1,0,0,0,0,TREND_REVERSAL_UNCONFIRMED,1,0.45,LONG,1,0,0,0
BTCUSDT,1774746000000,2026-03-29T01:00:00.000Z,BEAR,LONG,17.5,12.909375,IGNORE,0,WATCH,,0,0,0,NA,NA,NA,NA,NA,CLEAR,1,0,0,0,0,TREND_REVERSAL_UNCONFIRMED,1,0.45,LONG,1,0,0,0
BTCUSDT,1774749600000,2026-03-29T02:00:00.000Z,NEUTRAL,NONE,0,7.875,IGNORE,0,WATCH,,0,0,0,NA,NA,NA,NA,NA,WARNING_SOFT,1,0,0,0,0,TREND_REVERSAL_UNCONFIRMED,0,0.45,NONE,1,0,0,0
BTCUSDT,1774753200000,2026-03-29T03:00:00.000Z,NEUTRAL,NONE,0,7.875,IGNORE,0,WATCH,,0,0,0,NA,NA,NA,NA,NA,CLEAR,1,0,0,0,0,TREND_REVERSAL_UNCONFIRMED,0,0.45,NONE,1,0,0,0
BTCUSDT,1774756800000,2026-03-29T04:00:00.000Z,NEUTRAL,NONE,0,7.875,IGNORE,0,WATCH,,0,0,0,NA,NA,NA,NA,NA,CLEAR,1,0,0,0,0,TREND_REVERSAL_UNCONFIRMED,0,0.45,NONE,1,0,0,0
BTCUSDT,1774760400000,2026-03-29T05:00:00.000Z,NEUTRAL,NONE,0,7.875,IGNORE,0,WATCH,,0,0,0,NA,NA,NA,NA,NA,WARNING_SOFT,1,0,0,0,0,TREND_REVERSAL_UNCONFIRMED,0,0.45,NONE,1,0,0,0
BTCUSDT,1774764000000,2026-03-29T06:00:00.000Z,NEUTRAL,NONE,0,7.875,IGNORE,0,WATCH,,0,0,0,NA,NA,NA,NA,NA,WARNING_SOFT,1,0,0,0,0,TREND_REVERSAL_UNCONFIRMED,0,0.45,NONE,1,0,0,0
BTCUSDT,1774767600000,2026-03-29T07:00:00.000Z,BEAR,LONG,17.5,12.909375,IGNORE,0,WATCH,,0,0,0,NA,NA,NA,NA,NA,CLEAR,1,0,0,0,0,TREND_REVERSAL_UNCONFIRMED,1,0.45,LONG,1,0,0,0
BTCUSDT,1774771200000,2026-03-29T08:00:00.000Z,NEUTRAL,NONE,0,7.875,IGNORE,0,WATCH,,0,0,0,NA,NA,NA,NA,NA,WARNING_SOFT,1,0,0,0,0,TREND_REVERSAL_UNCONFIRMED,0,0.45,NONE,1,0,0,0
BTCUSDT,1774774800000,2026-03-29T09:00:00.000Z,BEAR,LONG,17.5,12.909375,IGNORE,0,WATCH,,0,0,0,NA,NA,NA,NA,NA,CLEAR,1,0,0,0,0,TREND_REVERSAL_UNCONFIRMED,1,0.45,LONG,1,0,0,0
BTCUSDT,1774778400000,2026-03-29T10:00:00.000Z,BEAR,LONG,17.5,12.909375,IGNORE,0,WATCH,,0,0,0,NA,NA,NA,NA,NA,CLEAR,1,0,0,0,0,TREND_REVERSAL_UNCONFIRMED,1,0.45,LONG,1,0,0,0
BTCUSDT,1774782000000,2026-03-29T11:00:00.000Z,NEUTRAL,NONE,0,7.875,IGNORE,0,WATCH,,0,0,0,NA,NA,NA,NA,NA,WARNING_SOFT,1,0,0,0,0,TREND_REVERSAL_UNCONFIRMED,0,0.45,NONE,1,0,0,0
BTCUSDT,1774785600000,2026-03-29T12:00:00.000Z,NEUTRAL,NONE,0,7.875,IGNORE,0,WATCH,,0,0,0,NA,NA,NA,NA,NA,CLEAR,1,0,0,0,0,TREND_REVERSAL_UNCONFIRMED,0,0.45,NONE,1,0,0,0
BTCUSDT,1774789200000,2026-03-29T13:00:00.000Z,BEAR,LONG,31.887666635300388,17.698653747529907,IGNORE,0,WATCH,,0,0,0,NA,NA,NA,NA,NA,WARNING_SOFT,1,0,0,0,0,TREND_REVERSAL_UNCONFIRMED,2,0.45,LONG,1,0,0,0
BTCUSDT,1774792800000,2026-03-29T14:00:00.000Z,BEAR,LONG,58.18085841779614,43.30758618741603,WATCH,1,WATCH,ACTIVE,1,1,0,FAIL,PASS,SKIP,SKIP,FAIL,CLEAR,1,0,0,0,0,MARKET_CONTEXT_DENIED,3,0.84,LONG,1,0,0,0
BTCUSDT,1774796400000,2026-03-29T15:00:00.000Z,BEAR,LONG,39.01718289416016,18.260103152915114,IGNORE,0,WATCH,,0,0,0,NA,NA,NA,NA,NA,CLEAR,1,0,0,0,0,TREND_REVERSAL_UNCONFIRMED,2,0.45,LONG,1,0,0,0
BTCUSDT,1774800000000,2026-03-29T16:00:00.000Z,BEAR,LONG,17.5,12.909375,IGNORE,0,WATCH,,0,0,0,NA,NA,NA,NA,NA,CLEAR,1,0,0,0,0,TREND_REVERSAL_UNCONFIRMED,1,0.45,LONG,1,0,0,0
BTCUSDT,1774803600000,2026-03-29T17:00:00.000Z,BEAR,LONG,36.11689566662693,18.03170553374687,IGNORE,0,WATCH,,0,0,0,NA,NA,NA,NA,NA,CLEAR,1,0,0,0,0,TREND_REVERSAL_UNCONFIRMED,2,0.45,LONG,1,0,0,0
BTCUSDT,1774807200000,2026-03-29T18:00:00.000Z,BEAR,LONG,17.5,12.909375,IGNORE,0,WATCH,,0,0,0,NA,NA,NA,NA,NA,CLEAR,1,0,0,0,0,TREND_REVERSAL_UNCONFIRMED,1,0.45,LONG,1,0,0,0
BTCUSDT,1774810800000,2026-03-29T19:00:00.000Z,BEAR,LONG,17.5,12.909375,IGNORE,0,WATCH,,0,0,0,NA,NA,NA,NA,NA,CLEAR,1,0,0,0,0,TREND_REVERSAL_UNCONFIRMED,1,0.45,LONG,1,0,0,0
BTCUSDT,1774814400000,2026-03-29T20:00:00.000Z,NEUTRAL,NONE,0,7.875,IGNORE,0,WATCH,,0,0,0,NA,NA,NA,NA,NA,WARNING_SOFT,1,0,0,0,0,TREND_REVERSAL_UNCONFIRMED,0,0.45,NONE,1,0,0,0
BTCUSDT,1774818000000,2026-03-29T21:00:00.000Z,NEUTRAL,NONE,0,7.875,IGNORE,0,WATCH,,0,0,0,NA,NA,NA,NA,NA,CLEAR,1,0,0,0,0,TREND_REVERSAL_UNCONFIRMED,0,0.45,NONE,1,0,0,0
BTCUSDT,1774821600000,2026-03-29T22:00:00.000Z,BEAR,LONG,25,13.5,IGNORE,0,WATCH,,0,0,0,NA,NA,NA,NA,NA,WARNING_SOFT,1,0,0,0,0,TREND_REVERSAL_UNCONFIRMED,1,0.45,LONG,1,0,0,0
BTCUSDT,1774825200000,2026-03-29T23:00:00.000Z,BEAR,LONG,25,13.5,IGNORE,0,WATCH,,0,0,0,NA,NA,NA,NA,NA,CLEAR,1,0,0,0,0,TREND_REVERSAL_UNCONFIRMED,1,0.45,LONG,1,0,0,0
BTCUSDT,1774828800000,2026-03-30T00:00:00.000Z,BEAR,LONG,50,19.125,IGNORE,0,WATCH,,0,0,0,NA,NA,NA,NA,NA,WARNING_SOFT,1,0,0,0,0,TREND_REVERSAL_UNCONFIRMED,2,0.45,LONG,1,0,0,0
BTCUSDT,1774832400000,2026-03-30T01:00:00.000Z,NEUTRAL,NONE,0,7.875,IGNORE,0,WATCH,,0,0,0,NA,NA,NA,NA,NA,CLEAR,1,0,0,0,0,TREND_REVERSAL_UNCONFIRMED,0,0.45,NONE,1,0,0,0
BTCUSDT,1774836000000,2026-03-30T02:00:00.000Z,NEUTRAL,NONE,0,7.875,IGNORE,0,WATCH,,0,0,0,NA,NA,NA,NA,NA,CLEAR,1,1,0,0,0,TREND_REVERSAL_UNCONFIRMED,0,0.45,NONE,1,0,0,0
BTCUSDT,1774839600000,2026-03-30T03:00:00.000Z,NEUTRAL,NONE,0,7.875,IGNORE,0,WATCH,,0,0,0,NA,NA,NA,NA,NA,CLEAR,1,0,0,0,0,TREND_REVERSAL_UNCONFIRMED,0,0.45,NONE,1,0,0,0
BTCUSDT,1774843200000,2026-03-30T04:00:00.000Z,NEUTRAL,NONE,0,7.875,IGNORE,0,WATCH,,0,0,0,NA,NA,NA,NA,NA,CLEAR,1,0,0,0,0,TREND_REVERSAL_UNCONFIRMED,0,0.45,NONE,1,0,0,0
BTCUSDT,1774846800000,2026-03-30T05:00:00.000Z,NEUTRAL,NONE,0,7.875,IGNORE,0,WATCH,,0,0,0,NA,NA,NA,NA,NA,CLEAR,1,0,0,0,0,TREND_REVERSAL_UNCONFIRMED,0,0.45,NONE,1,0,0,0
BTCUSDT,1774850400000,2026-03-30T06:00:00.000Z,NEUTRAL,NONE,0,7.875,IGNORE,0,WATCH,,0,0,0,NA,NA,NA,NA,NA,CLEAR,1,0,0,0,0,TREND_REVERSAL_UNCONFIRMED,0,0.45,NONE,1,0,0,0
BTCUSDT,1774854000000,2026-03-30T07:00:00.000Z,BULL,SHORT,30.34722222222222,17.57734375,IGNORE,0,WATCH,,0,0,0,NA,NA,NA,NA,NA,CLEAR,1,0,0,0,0,TREND_REVERSAL_UNCONFIRMED,2,0.45,SHORT,1,0,0,0
BTCUSDT,1774857600000,2026-03-30T08:00:00.000Z,BULL,SHORT,33.13659440688048,17.797006809541838,IGNORE,0,WATCH,,0,0,0,NA,NA,NA,NA,NA,CLEAR,1,0,0,0,0,TREND_REVERSAL_UNCONFIRMED,2,0.45,SHORT,1,0,0,0
BTCUSDT,1774861200000,2026-03-30T09:00:00.000Z,BULL,SHORT,42.5,18.534375,IGNORE,0,WATCH,,0,0,0,NA,NA,NA,NA,NA,CLEAR,1,0,0,0,0,TREND_REVERSAL_UNCONFIRMED,2,0.45,SHORT,1,0,0,0
BTCUSDT,1774864800000,2026-03-30T10:00:00.000Z,BULL,SHORT,17.5,12.909375,IGNORE,0,WATCH,,0,0,0,NA,NA,NA,NA,NA,CLEAR,1,0,0,0,0,TREND_REVERSAL_UNCONFIRMED,1,0.45,SHORT,1,0,0,0
BTCUSDT,1774868400000,2026-03-30T11:00:00.000Z,BULL,SHORT,17.5,12.909375,IGNORE,0,WATCH,,0,0,0,NA,NA,NA,NA,NA,CLEAR,1,0,0,0,0,TREND_REVERSAL_UNCONFIRMED,1,0.45,SHORT,1,0,0,0
BTCUSDT,1774872000000,2026-03-30T12:00:00.000Z,BULL,SHORT,55.34722222222222,52.13104166666666,WATCH,1,WATCH,ACTIVE,1,1,0,PASS,PASS,SKIP,SKIP,FAIL,CLEAR,1,0,0,0,0,MARKET_CONTEXT_DENIED,3,0.84,SHORT,0,1,0,0
BTCUSDT,1774875600000,2026-03-30T13:00:00.000Z,BULL,SHORT,38.05903804820251,18.184649246295947,IGNORE,0,WATCH,,0,0,0,NA,NA,NA,NA,NA,CLEAR,1,0,0,0,0,TREND_REVERSAL_UNCONFIRMED,2,0.45,SHORT,1,0,0,0
BTCUSDT,1774879200000,2026-03-30T14:00:00.000Z,BULL,SHORT,40.137914115564456,18.348360736600704,IGNORE,0,WATCH,,0,0,0,NA,NA,NA,NA,NA,WARNING_SOFT,1,0,0,0,0,TREND_REVERSAL_UNCONFIRMED,2,0.45,SHORT,1,0,0,0
BTCUSDT,1774882800000,2026-03-30T15:00:00.000Z,BULL,SHORT,17.5,12.909375,IGNORE,0,WATCH,,0,0,0,NA,NA,NA,NA,NA,CLEAR,1,0,0,0,0,TREND_REVERSAL_UNCONFIRMED,1,0.45,SHORT,1,0,0,0
BTCUSDT,1774886400000,2026-03-30T16:00:00.000Z,BULL,SHORT,0,7.875,IGNORE,0,WATCH,,0,0,0,NA,NA,NA,NA,NA,WARNING_SOFT,1,0,0,0,0,TREND_REVERSAL_UNCONFIRMED,0,0.45,SHORT,1,0,0,0
BTCUSDT,1774890000000,2026-03-30T17:00:00.000Z,NEUTRAL,NONE,0,7.875,IGNORE,0,WATCH,,0,0,0,NA,NA,NA,NA,NA,BLOCK,0,0,0,0,0,TREND_REVERSAL_UNCONFIRMED,0,0.45,NONE,1,0,0,0
BTCUSDT,1774893600000,2026-03-30T18:00:00.000Z,NEUTRAL,NONE,0,7.875,IGNORE,0,WATCH,,0,0,0,NA,NA,NA,NA,NA,WARNING_SOFT,1,0,0,0,0,TREND_REVERSAL_UNCONFIRMED,0,0.45,NONE,1,0,0,0
BTCUSDT,1774897200000,2026-03-30T19:00:00.000Z,NEUTRAL,NONE,0,7.875,IGNORE,0,WATCH,,0,0,0,NA,NA,NA,NA,NA,BLOCK,0,0,0,0,0,TREND_REVERSAL_UNCONFIRMED,0,0.45,NONE,1,0,0,0
BTCUSDT,1774900800000,2026-03-30T20:00:00.000Z,NEUTRAL,NONE,0,7.875,IGNORE,0,WATCH,,0,0,0,NA,NA,NA,NA,NA,WARNING_SOFT,1,0,0,0,0,TREND_REVERSAL_UNCONFIRMED,0,0.45,NONE,1,0,0,0
BTCUSDT,1774904400000,2026-03-30T21:00:00.000Z,NEUTRAL,NONE,0,7.875,IGNORE,0,WATCH,,0,0,0,NA,NA,NA,NA,NA,WARNING_SOFT,1,0,0,0,0,TREND_REVERSAL_UNCONFIRMED,0,0.45,NONE,1,0,0,0
BTCUSDT,1774908000000,2026-03-30T22:00:00.000Z,NEUTRAL,NONE,0,7.875,IGNORE,0,WATCH,,0,0,0,NA,NA,NA,NA,NA,WARNING_SOFT,1,0,0,0,0,TREND_REVERSAL_UNCONFIRMED,0,0.45,NONE,1,0,0,0
BTCUSDT,1774911600000,2026-03-30T23:00:00.000Z,NEUTRAL,NONE,0,7.875,IGNORE,0,WATCH,,0,0,0,NA,NA,NA,NA,NA,WARNING_SOFT,1,0,0,0,0,TREND_REVERSAL_UNCONFIRMED,0,0.45,NONE,1,0,0,0
BTCUSDT,1774915200000,2026-03-31T00:00:00.000Z,BULL,SHORT,0,7.875,IGNORE,0,WATCH,,0,0,0,NA,NA,NA,NA,NA,WARNING_SOFT,1,0,0,0,0,TREND_REVERSAL_UNCONFIRMED,0,0.45,SHORT,1,0,0,0
BTCUSDT,1774918800000,2026-03-31T01:00:00.000Z,BULL,SHORT,25,13.5,IGNORE,0,WATCH,,0,0,0,NA,NA,NA,NA,NA,CLEAR,1,1,0,0,0,TREND_REVERSAL_UNCONFIRMED,1,0.45,SHORT,1,0,0,0
BTCUSDT,1774922400000,2026-03-31T02:00:00.000Z,BULL,SHORT,37.84722222222222,18.16796875,IGNORE,0,WATCH,,0,0,0,NA,NA,NA,NA,NA,CLEAR,1,0,0,0,0,TREND_REVERSAL_UNCONFIRMED,2,0.45,SHORT,1,0,0,0
BTCUSDT,1774926000000,2026-03-31T03:00:00.000Z,BULL,SHORT,0,7.875,IGNORE,0,WATCH,,0,0,0,NA,NA,NA,NA,NA,CLEAR,1,0,0,0,0,TREND_REVERSAL_UNCONFIRMED,0,0.45,SHORT,1,0,0,0
BTCUSDT,1774929600000,2026-03-31T04:00:00.000Z,BULL,SHORT,0,7.875,IGNORE,0,WATCH,,0,0,0,NA,NA,NA,NA,NA,CLEAR,1,0,0,0,0,TREND_REVERSAL_UNCONFIRMED,0,0.45,SHORT,1,0,0,0
BTCUSDT,1774933200000,2026-03-31T05:00:00.000Z,BULL,SHORT,0,7.875,IGNORE,0,WATCH,,0,0,0,NA,NA,NA,NA,NA,CLEAR,1,0,0,0,0,TREND_REVERSAL_UNCONFIRMED,0,0.45,SHORT,1,0,0,0
BTCUSDT,1774936800000,2026-03-31T06:00:00.000Z,BULL,SHORT,0,7.875,IGNORE,0,WATCH,,0,0,0,NA,NA,NA,NA,NA,WARNING_SOFT,1,0,0,0,0,TREND_REVERSAL_UNCONFIRMED,0,0.45,SHORT,1,0,0,0
BTCUSDT,1774940400000,2026-03-31T07:00:00.000Z,BULL,SHORT,0,7.875,IGNORE,0,WATCH,,0,0,0,NA,NA,NA,NA,NA,BLOCK,0,0,0,0,0,TREND_REVERSAL_UNCONFIRMED,0,0.45,SHORT,1,0,0,0
BTCUSDT,1774944000000,2026-03-31T08:00:00.000Z,NEUTRAL,NONE,0,7.875,IGNORE,0,WATCH,,0,0,0,NA,NA,NA,NA,NA,WARNING_SOFT,1,0,0,0,0,TREND_REVERSAL_UNCONFIRMED,0,0.45,NONE,1,0,0,0
BTCUSDT,1774947600000,2026-03-31T09:00:00.000Z,NEUTRAL,NONE,0,7.875,IGNORE,0,WATCH,,0,0,0,NA,NA,NA,NA,NA,BLOCK,0,0,0,0,0,TREND_REVERSAL_UNCONFIRMED,0,0.45,NONE,1,0,0,0
BTCUSDT,1774951200000,2026-03-31T10:00:00.000Z,NEUTRAL,NONE,0,7.875,IGNORE,0,WATCH,,0,0,0,NA,NA,NA,NA,NA,WARNING_SOFT,1,0,0,0,0,TREND_REVERSAL_UNCONFIRMED,0,0.45,NONE,1,0,0,0
BTCUSDT,1774954800000,2026-03-31T11:00:00.000Z,BEAR,LONG,33.318356561304725,17.81132057920275,IGNORE,0,WATCH,,0,0,0,NA,NA,NA,NA,NA,CLEAR,1,0,0,0,0,TREND_REVERSAL_UNCONFIRMED,2,0.45,LONG,1,0,0,0
BTCUSDT,1774958400000,2026-03-31T12:00:00.000Z,BEAR,LONG,0,7.875,IGNORE,0,WATCH,,0,0,0,NA,NA,NA,NA,NA,CLEAR,1,0,0,0,0,TREND_REVERSAL_UNCONFIRMED,0,0.45,LONG,1,0,0,0
BTCUSDT,1774962000000,2026-03-31T13:00:00.000Z,NEUTRAL,NONE,0,7.875,IGNORE,0,WATCH,,0,0,0,NA,NA,NA,NA,NA,WARNING_SOFT,1,0,0,0,0,TREND_REVERSAL_UNCONFIRMED,0,0.45,NONE,1,0,0,0
BTCUSDT,1774965600000,2026-03-31T14:00:00.000Z,BEAR,LONG,25,13.5,IGNORE,0,WATCH,,0,0,0,NA,NA,NA,NA,NA,BLOCK,0,0,0,0,0,TREND_REVERSAL_UNCONFIRMED,1,0.45,LONG,1,0,0,0
BTCUSDT,1774969200000,2026-03-31T15:00:00.000Z,BEAR,LONG,22.981764480480322,13.341063952837827,IGNORE,0,WATCH,,0,0,0,NA,NA,NA,NA,NA,WARNING_SOFT,1,0,0,0,0,TREND_REVERSAL_UNCONFIRMED,1,0.45,LONG,1,0,0,0
BTCUSDT,1774972800000,2026-03-31T16:00:00.000Z,NEUTRAL,NONE,0,7.875,IGNORE,0,WATCH,,0,0,0,NA,NA,NA,NA,NA,WARNING_SOFT,1,0,0,0,0,TREND_REVERSAL_UNCONFIRMED,0,0.45,NONE,1,0,0,0
BTCUSDT,1774976400000,2026-03-31T17:00:00.000Z,BULL,SHORT,25,13.5,IGNORE,0,WATCH,,0,0,0,NA,NA,NA,NA,NA,CLEAR,1,0,0,0,0,TREND_REVERSAL_UNCONFIRMED,1,0.45,SHORT,1,0,0,0
BTCUSDT,1774980000000,2026-03-31T18:00:00.000Z,BULL,SHORT,0,7.875,IGNORE,0,WATCH,,0,0,0,NA,NA,NA,NA,NA,CLEAR,1,0,0,0,0,TREND_REVERSAL_UNCONFIRMED,0,0.45,SHORT,1,0,0,0
BTCUSDT,1774983600000,2026-03-31T19:00:00.000Z,BULL,SHORT,0,7.875,IGNORE,0,WATCH,,0,0,0,NA,NA,NA,NA,NA,CLEAR,1,0,0,0,0,TREND_REVERSAL_UNCONFIRMED,0,0.45,SHORT,1,0,0,0
BTCUSDT,1774987200000,2026-03-31T20:00:00.000Z,BULL,SHORT,12.847222222222221,12.54296875,IGNORE,0,WATCH,,0,0,0,NA,NA,NA,NA,NA,CLEAR,1,0,0,0,0,TREND_REVERSAL_UNCONFIRMED,1,0.45,SHORT,1,0,0,0
BTCUSDT,1774990800000,2026-03-31T21:00:00.000Z,BULL,SHORT,12.847222222222221,12.54296875,IGNORE,0,WATCH,,0,0,0,NA,NA,NA,NA,NA,CLEAR,1,0,0,0,0,TREND_REVERSAL_UNCONFIRMED,1,0.45,SHORT,1,0,0,0
BTCUSDT,1774994400000,2026-03-31T22:00:00.000Z,BULL,SHORT,25,13.5,IGNORE,0,WATCH,,0,0,0,NA,NA,NA,NA,NA,CLEAR,1,0,0,0,0,TREND_REVERSAL_UNCONFIRMED,1,0.45,SHORT,1,0,0,0
BTCUSDT,1774998000000,2026-03-31T23:00:00.000Z,BULL,SHORT,12.847222222222221,12.54296875,IGNORE,0,WATCH,,0,0,0,NA,NA,NA,NA,NA,CLEAR,1,0,0,0,0,TREND_REVERSAL_UNCONFIRMED,1,0.45,SHORT,1,0,0,0
BTCUSDT,1775001600000,2026-04-01T00:00:00.000Z,BULL,SHORT,30.34722222222222,17.57734375,IGNORE,0,WATCH,,0,0,0,NA,NA,NA,NA,NA,CLEAR,1,0,0,0,0,TREND_REVERSAL_UNCONFIRMED,2,0.45,SHORT,1,0,0,0
BTCUSDT,1775005200000,2026-04-01T01:00:00.000Z,BULL,SHORT,17.5,12.909375,IGNORE,0,WATCH,,0,0,0,NA,NA,NA,NA,NA,CLEAR,1,0,0,0,0,TREND_REVERSAL_UNCONFIRMED,1,0.45,SHORT,1,0,0,0
BTCUSDT,1775008800000,2026-04-01T02:00:00.000Z,BULL,SHORT,17.5,12.909375,IGNORE,0,WATCH,,0,0,0,NA,NA,NA,NA,NA,WARNING_SOFT,1,0,0,0,0,TREND_REVERSAL_UNCONFIRMED,1,0.45,SHORT,1,0,0,0
BTCUSDT,1775012400000,2026-04-01T03:00:00.000Z,BULL,SHORT,17.5,12.909375,IGNORE,0,WATCH,,0,0,0,NA,NA,NA,NA,NA,WARNING_SOFT,1,0,0,0,0,TREND_REVERSAL_UNCONFIRMED,1,0.45,SHORT,1,0,0,0
BTCUSDT,1775016000000,2026-04-01T04:00:00.000Z,BULL,SHORT,17.5,12.909375,IGNORE,0,WATCH,,0,0,0,NA,NA,NA,NA,NA,CLEAR,1,0,0,0,0,TREND_REVERSAL_UNCONFIRMED,1,0.45,SHORT,1,0,0,0
BTCUSDT,1775019600000,2026-04-01T05:00:00.000Z,BULL,SHORT,17.5,12.909375,IGNORE,0,WATCH,,0,0,0,NA,NA,NA,NA,NA,CLEAR,1,0,0,0,0,TREND_REVERSAL_UNCONFIRMED,1,0.45,SHORT,1,0,0,0
BTCUSDT,1775023200000,2026-04-01T06:00:00.000Z,BULL,SHORT,34.48412056766605,17.9031244947037,IGNORE,0,WATCH,,0,0,0,NA,NA,NA,NA,NA,CLEAR,1,0,0,0,0,TREND_REVERSAL_UNCONFIRMED,2,0.45,SHORT,1,0,0,0
BTCUSDT,1775026800000,2026-04-01T07:00:00.000Z,BULL,SHORT,42.5,18.534375,IGNORE,0,WATCH,,0,0,0,NA,NA,NA,NA,NA,CLEAR,1,0,0,0,0,TREND_REVERSAL_UNCONFIRMED,2,0.45,SHORT,1,0,0,0
BTCUSDT,1775030400000,2026-04-01T08:00:00.000Z,BULL,SHORT,17.5,12.909375,IGNORE,0,WATCH,,0,0,0,NA,NA,NA,NA,NA,CLEAR,1,0,0,0,0,TREND_REVERSAL_UNCONFIRMED,1,0.45,SHORT,1,0,0,0
BTCUSDT,1775034000000,2026-04-01T09:00:00.000Z,BULL,SHORT,17.5,12.909375,IGNORE,0,WATCH,,0,0,0,NA,NA,NA,NA,NA,CLEAR,1,0,0,0,0,TREND_REVERSAL_UNCONFIRMED,1,0.45,SHORT,1,0,0,0
BTCUSDT,1775037600000,2026-04-01T10:00:00.000Z,BULL,SHORT,0,7.875,IGNORE,0,WATCH,,0,0,0,NA,NA,NA,NA,NA,CLEAR,1,0,0,0,0,TREND_REVERSAL_UNCONFIRMED,0,0.45,SHORT,1,0,0,0
BTCUSDT,1775041200000,2026-04-01T11:00:00.000Z,BULL,SHORT,0,7.875,IGNORE,0,WATCH,,0,0,0,NA,NA,NA,NA,NA,CLEAR,1,0,0,0,0,TREND_REVERSAL_UNCONFIRMED,0,0.45,SHORT,1,0,0,0
BTCUSDT,1775044800000,2026-04-01T12:00:00.000Z,BULL,SHORT,0,7.875,IGNORE,0,WATCH,,0,0,0,NA,NA,NA,NA,NA,CLEAR,1,0,0,0,0,TREND_REVERSAL_UNCONFIRMED,0,0.45,SHORT,1,0,0,0
BTCUSDT,1775048400000,2026-04-01T13:00:00.000Z,NEUTRAL,NONE,0,7.875,IGNORE,0,WATCH,,0,0,0,NA,NA,NA,NA,NA,BLOCK,0,0,0,0,0,TREND_REVERSAL_UNCONFIRMED,0,0.45,NONE,1,0,0,0
BTCUSDT,1775052000000,2026-04-01T14:00:00.000Z,BULL,SHORT,15.209957797801973,12.729034176576906,IGNORE,0,WATCH,,0,0,0,NA,NA,NA,NA,NA,WARNING_SOFT,1,0,0,0,0,TREND_REVERSAL_UNCONFIRMED,1,0.45,SHORT,1,0,0,0
BTCUSDT,1775055600000,2026-04-01T15:00:00.000Z,BULL,SHORT,0,7.875,IGNORE,0,WATCH,,0,0,0,NA,NA,NA,NA,NA,CLEAR,1,0,0,0,0,TREND_REVERSAL_UNCONFIRMED,0,0.45,SHORT,1,0,0,0
BTCUSDT,1775059200000,2026-04-01T16:00:00.000Z,BULL,SHORT,25,13.5,IGNORE,0,WATCH,,0,0,0,NA,NA,NA,NA,NA,CLEAR,1,0,0,0,0,TREND_REVERSAL_UNCONFIRMED,1,0.45,SHORT,1,0,0,0
BTCUSDT,1775062800000,2026-04-01T17:00:00.000Z,NEUTRAL,NONE,0,7.875,IGNORE,0,WATCH,,0,0,0,NA,NA,NA,NA,NA,BLOCK,0,0,0,0,0,TREND_REVERSAL_UNCONFIRMED,0,0.45,NONE,1,0,0,0
BTCUSDT,1775066400000,2026-04-01T18:00:00.000Z,NEUTRAL,NONE,0,7.875,IGNORE,0,WATCH,,0,0,0,NA,NA,NA,NA,NA,BLOCK,0,0,0,0,0,TREND_REVERSAL_UNCONFIRMED,0,0.45,NONE,1,0,0,0
BTCUSDT,1775070000000,2026-04-01T19:00:00.000Z,NEUTRAL,NONE,0,7.875,IGNORE,0,WATCH,,0,0,0,NA,NA,NA,NA,NA,WARNING_SOFT,1,0,0,0,0,TREND_REVERSAL_UNCONFIRMED,0,0.45,NONE,1,0,0,0
BTCUSDT,1775073600000,2026-04-01T20:00:00.000Z,NEUTRAL,NONE,0,7.875,IGNORE,0,WATCH,,0,0,0,NA,NA,NA,NA,NA,WARNING_SOFT,1,0,0,0,0,TREND_REVERSAL_UNCONFIRMED,0,0.45,NONE,1,0,0,0
BTCUSDT,1775077200000,2026-04-01T21:00:00.000Z,BULL,SHORT,17.5,12.909375,IGNORE,0,WATCH,,0,0,0,NA,NA,NA,NA,NA,WARNING_SOFT,1,0,0,0,0,TREND_REVERSAL_UNCONFIRMED,1,0.45,SHORT,1,0,0,0
BTCUSDT,1775080800000,2026-04-01T22:00:00.000Z,NEUTRAL,NONE,0,7.875,IGNORE,0,WATCH,,0,0,0,NA,NA,NA,NA,NA,WARNING_SOFT,1,0,0,0,0,TREND_REVERSAL_UNCONFIRMED,0,0.45,NONE,1,0,0,0
BTCUSDT,1775084400000,2026-04-01T23:00:00.000Z,NEUTRAL,NONE,0,7.875,IGNORE,0,WATCH,,0,0,0,NA,NA,NA,NA,NA,WARNING_SOFT,1,0,0,0,0,TREND_REVERSAL_UNCONFIRMED,0,0.45,NONE,1,0,0,0
BTCUSDT,1775088000000,2026-04-02T00:00:00.000Z,BULL,SHORT,17.5,12.909375,IGNORE,0,WATCH,,0,0,0,NA,NA,NA,NA,NA,WARNING_SOFT,1,0,0,0,0,TREND_REVERSAL_UNCONFIRMED,1,0.45,SHORT,1,0,0,0
BTCUSDT,1775091600000,2026-04-02T01:00:00.000Z,NEUTRAL,NONE,0,7.875,IGNORE,0,WATCH,,0,0,0,NA,NA,NA,NA,NA,BLOCK,0,0,0,0,0,TREND_REVERSAL_UNCONFIRMED,0,0.45,NONE,1,0,0,0
BTCUSDT,1775095200000,2026-04-02T02:00:00.000Z,NEUTRAL,NONE,0,7.875,IGNORE,0,WATCH,,0,0,0,NA,NA,NA,NA,NA,BLOCK,0,0,0,0,0,TREND_REVERSAL_UNCONFIRMED,0,0.45,NONE,1,0,0,0
BTCUSDT,1775098800000,2026-04-02T03:00:00.000Z,NEUTRAL,NONE,0,7.875,IGNORE,0,WATCH,,0,0,0,NA,NA,NA,NA,NA,WARNING_SOFT,1,0,0,0,0,TREND_REVERSAL_UNCONFIRMED,0,0.45,NONE,1,0,0,0
BTCUSDT,1775102400000,2026-04-02T04:00:00.000Z,BEAR,LONG,17.5,12.909375,IGNORE,0,WATCH,,0,0,0,NA,NA,NA,NA,NA,CLEAR,1,0,0,0,0,TREND_REVERSAL_UNCONFIRMED,1,0.45,LONG,1,0,0,0
BTCUSDT,1775106000000,2026-04-02T05:00:00.000Z,BEAR,LONG,42.5,18.534375,IGNORE,0,WATCH,,0,0,0,NA,NA,NA,NA,NA,CLEAR,1,0,0,0,0,TREND_REVERSAL_UNCONFIRMED,2,0.45,LONG,1,0,0,0
BTCUSDT,1775109600000,2026-04-02T06:00:00.000Z,BEAR,LONG,17.5,12.909375,IGNORE,0,WATCH,,0,0,0,NA,NA,NA,NA,NA,CLEAR,1,0,0,0,0,TREND_REVERSAL_UNCONFIRMED,1,0.45,LONG,1,0,0,0
BTCUSDT,1775113200000,2026-04-02T07:00:00.000Z,BEAR,LONG,0,7.875,IGNORE,0,WATCH,,0,0,0,NA,NA,NA,NA,NA,CLEAR,1,0,0,0,0,TREND_REVERSAL_UNCONFIRMED,0,0.45,LONG,1,0,0,0
BTCUSDT,1775116800000,2026-04-02T08:00:00.000Z,BEAR,LONG,0,7.875,IGNORE,0,WATCH,,0,0,0,NA,NA,NA,NA,NA,CLEAR,1,0,0,0,0,TREND_REVERSAL_UNCONFIRMED,0,0.45,LONG,1,0,0,0
BTCUSDT,1775120400000,2026-04-02T09:00:00.000Z,BEAR,LONG,0,7.875,IGNORE,0,WATCH,,0,0,0,NA,NA,NA,NA,NA,CLEAR,1,0,0,0,0,TREND_REVERSAL_UNCONFIRMED,0,0.45,LONG,1,0,0,0
BTCUSDT,1775124000000,2026-04-02T10:00:00.000Z,BEAR,LONG,0,7.875,IGNORE,0,WATCH,,0,0,0,NA,NA,NA,NA,NA,CLEAR,1,0,0,0,0,TREND_REVERSAL_UNCONFIRMED,0,0.45,LONG,1,0,0,0
BTCUSDT,1775127600000,2026-04-02T11:00:00.000Z,BEAR,LONG,0,7.875,IGNORE,0,WATCH,,0,0,0,NA,NA,NA,NA,NA,CLEAR,1,0,0,0,0,TREND_REVERSAL_UNCONFIRMED,0,0.45,LONG,1,0,0,0
BTCUSDT,1775131200000,2026-04-02T12:00:00.000Z,BEAR,LONG,14.74083241570091,12.692090552736447,IGNORE,0,WATCH,,0,0,0,NA,NA,NA,NA,NA,CLEAR,1,0,0,0,0,TREND_REVERSAL_UNCONFIRMED,1,0.45,LONG,1,0,0,0
BTCUSDT,1775134800000,2026-04-02T13:00:00.000Z,BEAR,LONG,25,13.5,IGNORE,0,WATCH,,0,0,0,NA,NA,NA,NA,NA,CLEAR,1,0,0,0,0,TREND_REVERSAL_UNCONFIRMED,1,0.45,LONG,1,0,0,0
BTCUSDT,1775138400000,2026-04-02T14:00:00.000Z,BEAR,LONG,50,19.125,IGNORE,0,WATCH,,0,0,0,NA,NA,NA,NA,NA,CLEAR,1,0,0,0,0,TREND_REVERSAL_UNCONFIRMED,2,0.45,LONG,1,0,0,0
BTCUSDT,1775142000000,2026-04-02T15:00:00.000Z,BEAR,LONG,0,7.875,IGNORE,0,WATCH,,0,0,0,NA,NA,NA,NA,NA,BLOCK,0,0,0,0,0,TREND_REVERSAL_UNCONFIRMED,0,0.45,LONG,1,0,0,0
BTCUSDT,1775145600000,2026-04-02T16:00:00.000Z,NEUTRAL,NONE,0,7.875,IGNORE,0,WATCH,,0,0,0,NA,NA,NA,NA,NA,CLEAR,1,0,0,0,0,TREND_REVERSAL_UNCONFIRMED,0,0.45,NONE,1,0,0,0
BTCUSDT,1775149200000,2026-04-02T17:00:00.000Z,BEAR,LONG,16.782212059843697,12.852849199712692,IGNORE,0,WATCH,,0,0,0,NA,NA,NA,NA,NA,BLOCK,0,0,0,0,0,TREND_REVERSAL_UNCONFIRMED,1,0.45,LONG,1,0,0,0
BTCUSDT,1775152800000,2026-04-02T18:00:00.000Z,NEUTRAL,NONE,0,7.875,IGNORE,0,WATCH,,0,0,0,NA,NA,NA,NA,NA,WARNING_SOFT,1,0,0,0,0,TREND_REVERSAL_UNCONFIRMED,0,0.45,NONE,1,0,0,0
BTCUSDT,1775156400000,2026-04-02T19:00:00.000Z,NEUTRAL,NONE,0,7.875,IGNORE,0,WATCH,,0,0,0,NA,NA,NA,NA,NA,CLEAR,1,0,0,0,0,TREND_REVERSAL_UNCONFIRMED,0,0.45,NONE,1,0,0,0
BTCUSDT,1775160000000,2026-04-02T20:00:00.000Z,NEUTRAL,NONE,0,7.875,IGNORE,0,WATCH,,0,0,0,NA,NA,NA,NA,NA,CLEAR,1,0,0,0,0,TREND_REVERSAL_UNCONFIRMED,0,0.45,NONE,1,0,0,0
BTCUSDT,1775163600000,2026-04-02T21:00:00.000Z,NEUTRAL,NONE,0,7.875,IGNORE,0,WATCH,,0,0,0,NA,NA,NA,NA,NA,CLEAR,1,0,0,0,0,TREND_REVERSAL_UNCONFIRMED,0,0.45,NONE,1,0,0,0
BTCUSDT,1775167200000,2026-04-02T22:00:00.000Z,NEUTRAL,NONE,0,7.875,IGNORE,0,WATCH,,0,0,0,NA,NA,NA,NA,NA,CLEAR,1,0,0,0,0,TREND_REVERSAL_UNCONFIRMED,0,0.45,NONE,1,0,0,0
BTCUSDT,1775170800000,2026-04-02T23:00:00.000Z,BEAR,LONG,17.5,12.909375,IGNORE,0,WATCH,,0,0,0,NA,NA,NA,NA,NA,WARNING_SOFT,1,0,0,0,0,TREND_REVERSAL_UNCONFIRMED,1,0.45,LONG,1,0,0,0
BTCUSDT,1775174400000,2026-04-03T00:00:00.000Z,BEAR,LONG,17.5,12.909375,IGNORE,0,WATCH,,0,0,0,NA,NA,NA,NA,NA,WARNING_SOFT,1,0,0,0,0,TREND_REVERSAL_UNCONFIRMED,1,0.45,LONG,1,0,0,0
BTCUSDT,1775178000000,2026-04-03T01:00:00.000Z,BEAR,LONG,17.5,12.909375,IGNORE,0,WATCH,,0,0,0,NA,NA,NA,NA,NA,WARNING_SOFT,1,0,0,0,0,TREND_REVERSAL_UNCONFIRMED,1,0.45,LONG,1,0,0,0
BTCUSDT,1775181600000,2026-04-03T02:00:00.000Z,BEAR,LONG,17.5,12.909375,IGNORE,0,WATCH,,0,0,0,NA,NA,NA,NA,NA,CLEAR,1,0,0,0,0,TREND_REVERSAL_UNCONFIRMED,1,0.45,LONG,1,0,0,0
BTCUSDT,1775185200000,2026-04-03T03:00:00.000Z,BEAR,LONG,17.5,12.909375,IGNORE,0,WATCH,,0,0,0,NA,NA,NA,NA,NA,CLEAR,1,0,0,0,0,TREND_REVERSAL_UNCONFIRMED,1,0.45,LONG,1,0,0,0
BTCUSDT,1775188800000,2026-04-03T04:00:00.000Z,BEAR,LONG,17.5,12.909375,IGNORE,0,WATCH,,0,0,0,NA,NA,NA,NA,NA,CLEAR,1,0,0,0,0,TREND_REVERSAL_UNCONFIRMED,1,0.45,LONG,1,0,0,0
BTCUSDT,1775192400000,2026-04-03T05:00:00.000Z,BEAR,LONG,23.369825,13.371623718750001,IGNORE,0,WATCH,,0,0,0,NA,NA,NA,NA,NA,CLEAR,1,0,0,0,0,TREND_REVERSAL_UNCONFIRMED,1,0.45,LONG,1,0,0,0
BTCUSDT,1775196000000,2026-04-03T06:00:00.000Z,BEAR,LONG,0,7.875,IGNORE,0,WATCH,,0,0,0,NA,NA,NA,NA,NA,CLEAR,1,0,0,0,0,TREND_REVERSAL_UNCONFIRMED,0,0.45,LONG,1,0,0,0
BTCUSDT,1775199600000,2026-04-03T07:00:00.000Z,NEUTRAL,NONE,0,7.875,IGNORE,0,WATCH,,0,0,0,NA,NA,NA,NA,NA,CLEAR,1,0,0,0,0,TREND_REVERSAL_UNCONFIRMED,0,0.45,NONE,1,0,0,0
BTCUSDT,1775203200000,2026-04-03T08:00:00.000Z,NEUTRAL,NONE,0,7.875,IGNORE,0,WATCH,,0,0,0,NA,NA,NA,NA,NA,CLEAR,1,0,0,0,0,TREND_REVERSAL_UNCONFIRMED,0,0.45,NONE,1,0,0,0
BTCUSDT,1775206800000,2026-04-03T09:00:00.000Z,NEUTRAL,NONE,0,7.875,IGNORE,0,WATCH,,0,0,0,NA,NA,NA,NA,NA,CLEAR,1,0,0,0,0,TREND_REVERSAL_UNCONFIRMED,0,0.45,NONE,1,0,0,0
BTCUSDT,1775210400000,2026-04-03T10:00:00.000Z,NEUTRAL,NONE,0,7.875,IGNORE,0,WATCH,,0,0,0,NA,NA,NA,NA,NA,WARNING_SOFT,1,0,0,0,0,TREND_REVERSAL_UNCONFIRMED,0,0.45,NONE,1,0,0,0
BTCUSDT,1775214000000,2026-04-03T11:00:00.000Z,NEUTRAL,NONE,0,7.875,IGNORE,0,WATCH,,0,0,0,NA,NA,NA,NA,NA,CLEAR,1,0,0,0,0,TREND_REVERSAL_UNCONFIRMED,0,0.45,NONE,1,0,0,0
BTCUSDT,1775217600000,2026-04-03T12:00:00.000Z,BEAR,LONG,25,13.5,IGNORE,0,WATCH,,0,0,0,NA,NA,NA,NA,NA,WARNING_SOFT,1,0,0,0,0,TREND_REVERSAL_UNCONFIRMED,1,0.45,LONG,1,0,0,0
BTCUSDT,1775221200000,2026-04-03T13:00:00.000Z,BEAR,LONG,16.82690579484052,12.85636883134369,IGNORE,0,WATCH,,0,0,0,NA,NA,NA,NA,NA,CLEAR,1,0,0,0,0,TREND_REVERSAL_UNCONFIRMED,1,0.45,LONG,1,0,0,0
BTCUSDT,1775224800000,2026-04-03T14:00:00.000Z,NEUTRAL,NONE,0,7.875,IGNORE,0,WATCH,,0,0,0,NA,NA,NA,NA,NA,WARNING_SOFT,1,0,0,0,0,TREND_REVERSAL_UNCONFIRMED,0,0.45,NONE,1,0,0,0
BTCUSDT,1775228400000,2026-04-03T15:00:00.000Z,NEUTRAL,NONE,0,7.875,IGNORE,0,WATCH,,0,0,0,NA,NA,NA,NA,NA,CLEAR,1,0,0,0,0,TREND_REVERSAL_UNCONFIRMED,0,0.45,NONE,1,0,0,0
BTCUSDT,1775232000000,2026-04-03T16:00:00.000Z,NEUTRAL,NONE,0,7.875,IGNORE,0,WATCH,,0,0,0,NA,NA,NA,NA,NA,CLEAR,1,0,0,0,0,TREND_REVERSAL_UNCONFIRMED,0,0.45,NONE,1,0,0,0
BTCUSDT,1775235600000,2026-04-03T17:00:00.000Z,BEAR,LONG,17.5,12.909375,IGNORE,0,WATCH,,0,0,0,NA,NA,NA,NA,NA,WARNING_SOFT,1,0,0,0,0,TREND_REVERSAL_UNCONFIRMED,1,0.45,LONG,1,0,0,0
BTCUSDT,1775239200000,2026-04-03T18:00:00.000Z,BEAR,LONG,17.5,12.909375,IGNORE,0,WATCH,,0,0,0,NA,NA,NA,NA,NA,WARNING_SOFT,1,0,0,0,0,TREND_REVERSAL_UNCONFIRMED,1,0.45,LONG,1,0,0,0
BTCUSDT,1775242800000,2026-04-03T19:00:00.000Z,NEUTRAL,NONE,0,7.875,IGNORE,0,WATCH,,0,0,0,NA,NA,NA,NA,NA,WARNING_SOFT,1,0,0,0,0,TREND_REVERSAL_UNCONFIRMED,0,0.45,NONE,1,0,0,0
BTCUSDT,1775246400000,2026-04-03T20:00:00.000Z,BEAR,LONG,17.5,12.909375,IGNORE,0,WATCH,,0,0,0,NA,NA,NA,NA,NA,WARNING_SOFT,1,0,0,0,0,TREND_REVERSAL_UNCONFIRMED,1,0.45,LONG,1,0,0,0
BTCUSDT,1775250000000,2026-04-03T21:00:00.000Z,NEUTRAL,NONE,0,7.875,IGNORE,0,WATCH,,0,0,0,NA,NA,NA,NA,NA,CLEAR,1,0,0,0,0,TREND_REVERSAL_UNCONFIRMED,0,0.45,NONE,1,0,0,0
BTCUSDT,1775253600000,2026-04-03T22:00:00.000Z,NEUTRAL,NONE,0,7.875,IGNORE,0,WATCH,,0,0,0,NA,NA,NA,NA,NA,CLEAR,1,0,0,0,0,TREND_REVERSAL_UNCONFIRMED,0,0.45,NONE,1,0,0,0
BTCUSDT,1775257200000,2026-04-03T23:00:00.000Z,NEUTRAL,NONE,0,7.875,IGNORE,0,WATCH,,0,0,0,NA,NA,NA,NA,NA,WARNING_SOFT,1,0,0,0,0,TREND_REVERSAL_UNCONFIRMED,0,0.45,NONE,1,0,0,0
BTCUSDT,1775260800000,2026-04-04T00:00:00.000Z,NEUTRAL,NONE,0,7.875,IGNORE,0,WATCH,,0,0,0,NA,NA,NA,NA,NA,CLEAR,1,0,0,0,0,TREND_REVERSAL_UNCONFIRMED,0,0.45,NONE,1,0,0,0
BTCUSDT,1775264400000,2026-04-04T01:00:00.000Z,BEAR,LONG,17.5,12.909375,IGNORE,0,WATCH,,0,0,0,NA,NA,NA,NA,NA,CLEAR,1,0,0,0,0,TREND_REVERSAL_UNCONFIRMED,1,0.45,LONG,1,0,0,0
BTCUSDT,1775268000000,2026-04-04T02:00:00.000Z,BEAR,LONG,17.5,12.909375,IGNORE,0,WATCH,,0,0,0,NA,NA,NA,NA,NA,CLEAR,1,0,0,0,0,TREND_REVERSAL_UNCONFIRMED,1,0.45,LONG,1,0,0,0
BTCUSDT,1775271600000,2026-04-04T03:00:00.000Z,BEAR,LONG,34.201125000000005,17.88083859375,IGNORE,0,WATCH,,0,0,0,NA,NA,NA,NA,NA,CLEAR,1,0,0,0,0,TREND_REVERSAL_UNCONFIRMED,2,0.45,LONG,1,0,0,0
BTCUSDT,1775275200000,2026-04-04T04:00:00.000Z,BEAR,LONG,17.5,12.909375,IGNORE,0,WATCH,,0,0,0,NA,NA,NA,NA,NA,CLEAR,1,0,0,0,0,TREND_REVERSAL_UNCONFIRMED,1,0.45,LONG,1,0,0,0
BTCUSDT,1775278800000,2026-04-04T05:00:00.000Z,NEUTRAL,NONE,0,7.875,IGNORE,0,WATCH,,0,0,0,NA,NA,NA,NA,NA,CLEAR,1,0,0,0,0,TREND_REVERSAL_UNCONFIRMED,0,0.45,NONE,1,0,0,0
BTCUSDT,1775282400000,2026-04-04T06:00:00.000Z,NEUTRAL,NONE,0,7.875,IGNORE,0,WATCH,,0,0,0,NA,NA,NA,NA,NA,CLEAR,1,0,0,0,0,TREND_REVERSAL_UNCONFIRMED,0,0.45,NONE,1,0,0,0
BTCUSDT,1775286000000,2026-04-04T07:00:00.000Z,NEUTRAL,NONE,0,7.875,IGNORE,0,WATCH,,0,0,0,NA,NA,NA,NA,NA,CLEAR,1,0,0,0,0,TREND_REVERSAL_UNCONFIRMED,0,0.45,NONE,1,0,0,0
BTCUSDT,1775289600000,2026-04-04T08:00:00.000Z,NEUTRAL,NONE,0,7.875,IGNORE,0,WATCH,,0,0,0,NA,NA,NA,NA,NA,CLEAR,1,0,0,0,0,TREND_REVERSAL_UNCONFIRMED,0,0.45,NONE,1,0,0,0
BTCUSDT,1775293200000,2026-04-04T09:00:00.000Z,NEUTRAL,NONE,0,7.875,IGNORE,0,WATCH,,0,0,0,NA,NA,NA,NA,NA,CLEAR,1,0,0,0,0,TREND_REVERSAL_UNCONFIRMED,0,0.45,NONE,1,0,0,0
BTCUSDT,1775296800000,2026-04-04T10:00:00.000Z,NEUTRAL,NONE,0,7.875,IGNORE,0,WATCH,,0,0,0,NA,NA,NA,NA,NA,CLEAR,1,0,0,0,0,TREND_REVERSAL_UNCONFIRMED,0,0.45,NONE,1,0,0,0
BTCUSDT,1775300400000,2026-04-04T11:00:00.000Z,NEUTRAL,NONE,0,7.875,IGNORE,0,WATCH,,0,0,0,NA,NA,NA,NA,NA,CLEAR,1,0,0,0,0,TREND_REVERSAL_UNCONFIRMED,0,0.45,NONE,1,0,0,0
BTCUSDT,1775304000000,2026-04-04T12:00:00.000Z,NEUTRAL,NONE,0,7.875,IGNORE,0,WATCH,,0,0,0,NA,NA,NA,NA,NA,CLEAR,1,0,0,0,0,TREND_REVERSAL_UNCONFIRMED,0,0.45,NONE,1,0,0,0
BTCUSDT,1775307600000,2026-04-04T13:00:00.000Z,NEUTRAL,NONE,0,7.875,IGNORE,0,WATCH,,0,0,0,NA,NA,NA,NA,NA,CLEAR,1,0,0,0,0,TREND_REVERSAL_UNCONFIRMED,0,0.45,NONE,1,0,0,0
BTCUSDT,1775311200000,2026-04-04T14:00:00.000Z,BULL,SHORT,42.5,18.534375,IGNORE,0,WATCH,,0,0,0,NA,NA,NA,NA,NA,CLEAR,1,0,0,0,0,TREND_REVERSAL_UNCONFIRMED,2,0.45,SHORT,1,0,0,0
BTCUSDT,1775314800000,2026-04-04T15:00:00.000Z,BULL,SHORT,42.5,18.534375,IGNORE,0,WATCH,,0,0,0,NA,NA,NA,NA,NA,CLEAR,1,0,0,0,0,TREND_REVERSAL_UNCONFIRMED,2,0.45,SHORT,1,0,0,0
BTCUSDT,1775318400000,2026-04-04T16:00:00.000Z,BULL,SHORT,42.5,18.534375,IGNORE,0,WATCH,,0,0,0,NA,NA,NA,NA,NA,CLEAR,1,0,0,0,0,TREND_REVERSAL_UNCONFIRMED,2,0.45,SHORT,1,0,0,0
BTCUSDT,1775322000000,2026-04-04T17:00:00.000Z,BULL,SHORT,17.5,12.909375,IGNORE,0,WATCH,,0,0,0,NA,NA,NA,NA,NA,CLEAR,1,0,0,0,0,TREND_REVERSAL_UNCONFIRMED,1,0.45,SHORT,1,0,0,0
BTCUSDT,1775325600000,2026-04-04T18:00:00.000Z,BULL,SHORT,0,7.875,IGNORE,0,WATCH,,0,0,0,NA,NA,NA,NA,NA,CLEAR,1,0,0,0,0,TREND_REVERSAL_UNCONFIRMED,0,0.45,SHORT,1,0,0,0
BTCUSDT,1775329200000,2026-04-04T19:00:00.000Z,BULL,SHORT,0,7.875,IGNORE,0,WATCH,,0,0,0,NA,NA,NA,NA,NA,CLEAR,1,0,0,0,0,TREND_REVERSAL_UNCONFIRMED,0,0.45,SHORT,1,0,0,0
BTCUSDT,1775332800000,2026-04-04T20:00:00.000Z,BULL,SHORT,19.835800000000003,13.093319250000002,IGNORE,0,WATCH,,0,0,0,NA,NA,NA,NA,NA,CLEAR,1,0,0,0,0,TREND_REVERSAL_UNCONFIRMED,1,0.45,SHORT,1,0,0,0
BTCUSDT,1775336400000,2026-04-04T21:00:00.000Z,BULL,SHORT,0,7.875,IGNORE,0,WATCH,,0,0,0,NA,NA,NA,NA,NA,CLEAR,1,0,0,0,0,TREND_REVERSAL_UNCONFIRMED,0,0.45,SHORT,1,0,0,0
BTCUSDT,1775340000000,2026-04-04T22:00:00.000Z,BULL,SHORT,30.34722222222222,17.57734375,IGNORE,0,WATCH,,0,0,0,NA,NA,NA,NA,NA,CLEAR,1,0,0,0,0,TREND_REVERSAL_UNCONFIRMED,2,0.45,SHORT,1,0,0,0
BTCUSDT,1775343600000,2026-04-04T23:00:00.000Z,BULL,SHORT,36.4503125,18.057962109375,IGNORE,0,WATCH,,0,0,0,NA,NA,NA,NA,NA,CLEAR,1,0,0,0,0,TREND_REVERSAL_UNCONFIRMED,2,0.45,SHORT,1,0,0,0
BTCUSDT,1775347200000,2026-04-05T00:00:00.000Z,BULL,SHORT,17.5,12.909375,IGNORE,0,WATCH,,0,0,0,NA,NA,NA,NA,NA,WARNING_SOFT,1,0,0,0,0,TREND_REVERSAL_UNCONFIRMED,1,0.45,SHORT,1,0,0,0
BTCUSDT,1775350800000,2026-04-05T01:00:00.000Z,NEUTRAL,NONE,0,7.875,IGNORE,0,WATCH,,0,0,0,NA,NA,NA,NA,NA,WARNING_SOFT,1,0,0,0,0,TREND_REVERSAL_UNCONFIRMED,0,0.45,NONE,1,0,0,0
BTCUSDT,1775354400000,2026-04-05T02:00:00.000Z,NEUTRAL,NONE,0,7.875,IGNORE,0,WATCH,,0,0,0,NA,NA,NA,NA,NA,BLOCK,0,0,0,0,0,TREND_REVERSAL_UNCONFIRMED,0,0.45,NONE,1,0,0,0
BTCUSDT,1775358000000,2026-04-05T03:00:00.000Z,NEUTRAL,NONE,0,7.875,IGNORE,0,WATCH,,0,0,0,NA,NA,NA,NA,NA,WARNING_SOFT,1,0,0,0,0,TREND_REVERSAL_UNCONFIRMED,0,0.45,NONE,1,0,0,0
BTCUSDT,1775361600000,2026-04-05T04:00:00.000Z,NEUTRAL,NONE,0,7.875,IGNORE,0,WATCH,,0,0,0,NA,NA,NA,NA,NA,WARNING_SOFT,1,0,0,0,0,TREND_REVERSAL_UNCONFIRMED,0,0.45,NONE,1,0,0,0
BTCUSDT,1775365200000,2026-04-05T05:00:00.000Z,NEUTRAL,NONE,0,7.875,IGNORE,0,WATCH,,0,0,0,NA,NA,NA,NA,NA,WARNING_SOFT,1,0,0,0,0,TREND_REVERSAL_UNCONFIRMED,0,0.45,NONE,1,0,0,0
BTCUSDT,1775368800000,2026-04-05T06:00:00.000Z,NEUTRAL,NONE,0,7.875,IGNORE,0,WATCH,,0,0,0,NA,NA,NA,NA,NA,BLOCK,0,0,1,0,0,TREND_REVERSAL_UNCONFIRMED,0,0.45,NONE,1,0,0,0
BTCUSDT,1775372400000,2026-04-05T07:00:00.000Z,NEUTRAL,NONE,0,7.875,IGNORE,0,WATCH,,0,0,0,NA,NA,NA,NA,NA,BLOCK,0,0,0,0,0,TREND_REVERSAL_UNCONFIRMED,0,0.45,NONE,1,0,0,0
BTCUSDT,1775376000000,2026-04-05T08:00:00.000Z,NEUTRAL,NONE,0,7.875,IGNORE,0,WATCH,,0,0,0,NA,NA,NA,NA,NA,WARNING_SOFT,1,0,0,0,0,TREND_REVERSAL_UNCONFIRMED,0,0.45,NONE,1,0,0,0
BTCUSDT,1775379600000,2026-04-05T09:00:00.000Z,BEAR,LONG,0,7.875,IGNORE,0,WATCH,,0,0,0,NA,NA,NA,NA,NA,CLEAR,1,0,0,0,0,TREND_REVERSAL_UNCONFIRMED,0,0.45,LONG,1,0,0,0
BTCUSDT,1775383200000,2026-04-05T10:00:00.000Z,BEAR,LONG,0,7.875,IGNORE,0,WATCH,,0,0,0,NA,NA,NA,NA,NA,CLEAR,1,0,0,0,0,TREND_REVERSAL_UNCONFIRMED,0,0.45,LONG,1,0,0,0
BTCUSDT,1775386800000,2026-04-05T11:00:00.000Z,BEAR,LONG,0,7.875,IGNORE,0,WATCH,,0,0,0,NA,NA,NA,NA,NA,CLEAR,1,0,0,0,0,TREND_REVERSAL_UNCONFIRMED,0,0.45,LONG,1,0,0,0
BTCUSDT,1775390400000,2026-04-05T12:00:00.000Z,BEAR,LONG,25,13.5,IGNORE,0,WATCH,,0,0,0,NA,NA,NA,NA,NA,CLEAR,1,0,0,0,0,TREND_REVERSAL_UNCONFIRMED,1,0.45,LONG,1,0,0,0
BTCUSDT,1775394000000,2026-04-05T13:00:00.000Z,BEAR,LONG,35.68833639933676,17.99795649144777,IGNORE,0,WATCH,,0,0,0,NA,NA,NA,NA,NA,CLEAR,1,0,0,0,0,TREND_REVERSAL_UNCONFIRMED,2,0.45,LONG,1,0,0,0
BTCUSDT,1775397600000,2026-04-05T14:00:00.000Z,BEAR,LONG,0,7.875,IGNORE,0,WATCH,,0,0,0,NA,NA,NA,NA,NA,CLEAR,1,0,0,0,0,TREND_REVERSAL_UNCONFIRMED,0,0.45,LONG,1,0,0,0
BTCUSDT,1775401200000,2026-04-05T15:00:00.000Z,NEUTRAL,NONE,0,7.875,IGNORE,0,WATCH,,0,0,0,NA,NA,NA,NA,NA,CLEAR,1,0,0,0,0,TREND_REVERSAL_UNCONFIRMED,0,0.45,NONE,1,0,0,0
BTCUSDT,1775404800000,2026-04-05T16:00:00.000Z,NEUTRAL,NONE,0,7.875,IGNORE,0,WATCH,,0,0,0,NA,NA,NA,NA,NA,CLEAR,1,0,0,0,0,TREND_REVERSAL_UNCONFIRMED,0,0.45,NONE,1,0,0,0
BTCUSDT,1775408400000,2026-04-05T17:00:00.000Z,BULL,SHORT,17.5,12.909375,IGNORE,0,WATCH,,0,0,0,NA,NA,NA,NA,NA,CLEAR,1,0,0,0,0,TREND_REVERSAL_UNCONFIRMED,1,0.45,SHORT,1,0,0,0
BTCUSDT,1775412000000,2026-04-05T18:00:00.000Z,BULL,SHORT,12.847222222222221,12.54296875,IGNORE,0,WATCH,,0,0,0,NA,NA,NA,NA,NA,CLEAR,1,0,0,0,0,TREND_REVERSAL_UNCONFIRMED,1,0.45,SHORT,1,0,0,0
BTCUSDT,1775415600000,2026-04-05T19:00:00.000Z,BULL,SHORT,0,7.875,IGNORE,0,WATCH,,0,0,0,NA,NA,NA,NA,NA,CLEAR,1,0,0,0,0,TREND_REVERSAL_UNCONFIRMED,0,0.45,SHORT,1,0,0,0
BTCUSDT,1775419200000,2026-04-05T20:00:00.000Z,BULL,SHORT,0,7.875,IGNORE,0,WATCH,,0,0,0,NA,NA,NA,NA,NA,CLEAR,1,0,0,0,0,TREND_REVERSAL_UNCONFIRMED,0,0.45,SHORT,1,0,0,0
BTCUSDT,1775422800000,2026-04-05T21:00:00.000Z,BULL,SHORT,0,7.875,IGNORE,0,WATCH,,0,0,0,NA,NA,NA,NA,NA,CLEAR,1,0,0,0,0,TREND_REVERSAL_UNCONFIRMED,0,0.45,SHORT,1,0,0,0
BTCUSDT,1775426400000,2026-04-05T22:00:00.000Z,BULL,SHORT,37.84722222222222,18.16796875,IGNORE,0,WATCH,,0,0,0,NA,NA,NA,NA,NA,CLEAR,1,1,0,0,0,TREND_REVERSAL_UNCONFIRMED,2,0.45,SHORT,1,0,0,0
BTCUSDT,1775430000000,2026-04-05T23:00:00.000Z,BULL,SHORT,37.84722222222222,18.16796875,IGNORE,0,WATCH,,0,0,0,NA,NA,NA,NA,NA,CLEAR,1,1,0,0,0,TREND_REVERSAL_UNCONFIRMED,2,0.45,SHORT,1,0,0,0
BTCUSDT,1775433600000,2026-04-06T00:00:00.000Z,BULL,SHORT,37.84722222222222,18.16796875,IGNORE,0,WATCH,,0,0,0,NA,NA,NA,NA,NA,CLEAR,1,1,0,0,0,TREND_REVERSAL_UNCONFIRMED,2,0.45,SHORT,1,0,0,0
BTCUSDT,1775437200000,2026-04-06T01:00:00.000Z,BULL,SHORT,25,13.5,IGNORE,0,WATCH,,0,0,0,NA,NA,NA,NA,NA,CLEAR,1,0,0,0,0,TREND_REVERSAL_UNCONFIRMED,1,0.45,SHORT,1,0,0,0
BTCUSDT,1775440800000,2026-04-06T02:00:00.000Z,BULL,SHORT,25.960669753552093,17.231902743092228,IGNORE,0,WATCH,,0,0,0,NA,NA,NA,NA,NA,CLEAR,1,0,0,0,0,TREND_REVERSAL_UNCONFIRMED,2,0.45,SHORT,1,0,0,0
BTCUSDT,1775444400000,2026-04-06T03:00:00.000Z,BULL,SHORT,0,7.875,IGNORE,0,WATCH,,0,0,0,NA,NA,NA,NA,NA,CLEAR,1,0,0,0,0,TREND_REVERSAL_UNCONFIRMED,0,0.45,SHORT,1,0,0,0
BTCUSDT,1775448000000,2026-04-06T04:00:00.000Z,BULL,SHORT,12.847222222222221,12.54296875,IGNORE,0,WATCH,,0,0,0,NA,NA,NA,NA,NA,CLEAR,1,0,0,0,0,TREND_REVERSAL_UNCONFIRMED,1,0.45,SHORT,1,0,0,0
BTCUSDT,1775451600000,2026-04-06T05:00:00.000Z,BULL,SHORT,12.847222222222221,12.54296875,IGNORE,0,WATCH,,0,0,0,NA,NA,NA,NA,NA,CLEAR,1,0,0,0,0,TREND_REVERSAL_UNCONFIRMED,1,0.45,SHORT,1,0,0,0
BTCUSDT,1775455200000,2026-04-06T06:00:00.000Z,BULL,SHORT,0,7.875,IGNORE,0,WATCH,,0,0,0,NA,NA,NA,NA,NA,CLEAR,1,0,0,0,0,TREND_REVERSAL_UNCONFIRMED,0,0.45,SHORT,1,0,0,0
BTCUSDT,1775458800000,2026-04-06T07:00:00.000Z,BULL,SHORT,25,13.5,IGNORE,0,WATCH,,0,0,0,NA,NA,NA,NA,NA,CLEAR,1,0,0,0,0,TREND_REVERSAL_UNCONFIRMED,1,0.45,SHORT,1,0,0,0
BTCUSDT,1775462400000,2026-04-06T08:00:00.000Z,BULL,SHORT,14.583333333333332,12.6796875,IGNORE,0,WATCH,,0,0,0,NA,NA,NA,NA,NA,CLEAR,1,0,0,0,0,TREND_REVERSAL_UNCONFIRMED,1,0.45,SHORT,1,0,0,0
BTCUSDT,1775466000000,2026-04-06T09:00:00.000Z,BULL,SHORT,37.84722222222222,18.16796875,IGNORE,0,WATCH,,0,0,0,NA,NA,NA,NA,NA,CLEAR,1,0,0,0,0,TREND_REVERSAL_UNCONFIRMED,2,0.45,SHORT,1,0,0,0
BTCUSDT,1775469600000,2026-04-06T10:00:00.000Z,BULL,SHORT,16.319444444444443,12.81640625,IGNORE,0,WATCH,,0,0,0,NA,NA,NA,NA,NA,CLEAR,1,0,0,0,0,TREND_REVERSAL_UNCONFIRMED,1,0.45,SHORT,1,0,0,0
BTCUSDT,1775473200000,2026-04-06T11:00:00.000Z,BULL,SHORT,25,13.5,IGNORE,0,WATCH,,0,0,0,NA,NA,NA,NA,NA,CLEAR,1,0,0,0,0,TREND_REVERSAL_UNCONFIRMED,1,0.45,SHORT,1,0,0,0
BTCUSDT,1775476800000,2026-04-06T12:00:00.000Z,BULL,SHORT,0,7.875,IGNORE,0,WATCH,,0,0,0,NA,NA,NA,NA,NA,CLEAR,1,0,0,0,0,TREND_REVERSAL_UNCONFIRMED,0,0.45,SHORT,1,0,0,0
BTCUSDT,1775480400000,2026-04-06T13:00:00.000Z,BULL,SHORT,0,7.875,IGNORE,0,WATCH,,0,0,0,NA,NA,NA,NA,NA,CLEAR,1,0,0,0,0,TREND_REVERSAL_UNCONFIRMED,0,0.45,SHORT,1,0,0,0
BTCUSDT,1775484000000,2026-04-06T14:00:00.000Z,BULL,SHORT,23.514303909570348,13.383001432878665,IGNORE,0,WATCH,,0,0,0,NA,NA,NA,NA,NA,CLEAR,1,0,0,0,0,TREND_REVERSAL_UNCONFIRMED,1,0.45,SHORT,1,0,0,0
BTCUSDT,1775487600000,2026-04-06T15:00:00.000Z,BULL,SHORT,0,7.875,IGNORE,0,WATCH,,0,0,0,NA,NA,NA,NA,NA,CLEAR,1,0,0,0,0,TREND_REVERSAL_UNCONFIRMED,0,0.45,SHORT,1,0,0,0
BTCUSDT,1775491200000,2026-04-06T16:00:00.000Z,BULL,SHORT,16.081418682735393,12.797661721265412,IGNORE,0,WATCH,,0,0,0,NA,NA,NA,NA,NA,CLEAR,1,0,0,0,0,TREND_REVERSAL_UNCONFIRMED,1,0.45,SHORT,1,0,0,0
BTCUSDT,1775494800000,2026-04-06T17:00:00.000Z,BULL,SHORT,37.78728907798052,18.163249014890965,IGNORE,0,WATCH,,0,0,0,NA,NA,NA,NA,NA,CLEAR,1,0,0,0,0,TREND_REVERSAL_UNCONFIRMED,2,0.45,SHORT,1,0,0,0
BTCUSDT,1775498400000,2026-04-06T18:00:00.000Z,BULL,SHORT,0,7.875,IGNORE,0,WATCH,,0,0,0,NA,NA,NA,NA,NA,CLEAR,1,0,0,0,0,TREND_REVERSAL_UNCONFIRMED,0,0.45,SHORT,1,0,0,0
BTCUSDT,1775502000000,2026-04-06T19:00:00.000Z,BULL,SHORT,0,7.875,IGNORE,0,WATCH,,0,0,0,NA,NA,NA,NA,NA,CLEAR,1,0,0,0,0,TREND_REVERSAL_UNCONFIRMED,0,0.45,SHORT,1,0,0,0
BTCUSDT,1775505600000,2026-04-06T20:00:00.000Z,BULL,SHORT,0,7.875,IGNORE,0,WATCH,,0,0,0,NA,NA,NA,NA,NA,CLEAR,1,0,0,0,0,TREND_REVERSAL_UNCONFIRMED,0,0.45,SHORT,1,0,0,0
BTCUSDT,1775509200000,2026-04-06T21:00:00.000Z,BULL,SHORT,0,7.875,IGNORE,0,WATCH,,0,0,0,NA,NA,NA,NA,NA,WARNING_SOFT,1,0,0,0,0,TREND_REVERSAL_UNCONFIRMED,0,0.45,SHORT,1,0,0,0
BTCUSDT,1775512800000,2026-04-06T22:00:00.000Z,NEUTRAL,NONE,0,7.875,IGNORE,0,WATCH,,0,0,0,NA,NA,NA,NA,NA,WARNING_SOFT,1,0,0,0,0,TREND_REVERSAL_UNCONFIRMED,0,0.45,NONE,1,0,0,0
BTCUSDT,1775516400000,2026-04-06T23:00:00.000Z,NEUTRAL,NONE,0,7.875,IGNORE,0,WATCH,,0,0,0,NA,NA,NA,NA,NA,BLOCK,0,0,0,0,0,TREND_REVERSAL_UNCONFIRMED,0,0.45,NONE,1,0,0,0
BTCUSDT,1775520000000,2026-04-07T00:00:00.000Z,NEUTRAL,NONE,0,7.875,IGNORE,0,WATCH,,0,0,0,NA,NA,NA,NA,NA,WARNING_SOFT,1,0,0,0,0,TREND_REVERSAL_UNCONFIRMED,0,0.45,NONE,1,0,0,0
BTCUSDT,1775523600000,2026-04-07T01:00:00.000Z,NEUTRAL,NONE,0,7.875,IGNORE,0,WATCH,,0,0,0,NA,NA,NA,NA,NA,WARNING_SOFT,1,0,0,0,0,TREND_REVERSAL_UNCONFIRMED,0,0.45,NONE,1,0,0,0
BTCUSDT,1775527200000,2026-04-07T02:00:00.000Z,NEUTRAL,NONE,0,7.875,IGNORE,0,WATCH,,0,0,0,NA,NA,NA,NA,NA,WARNING_SOFT,1,0,0,0,0,TREND_REVERSAL_UNCONFIRMED,0,0.45,NONE,1,0,0,0
BTCUSDT,1775530800000,2026-04-07T03:00:00.000Z,NEUTRAL,NONE,0,7.875,IGNORE,0,WATCH,,0,0,0,NA,NA,NA,NA,NA,WARNING_SOFT,1,0,0,0,0,TREND_REVERSAL_UNCONFIRMED,0,0.45,NONE,1,0,0,0
BTCUSDT,1775534400000,2026-04-07T04:00:00.000Z,NEUTRAL,NONE,0,7.875,IGNORE,0,WATCH,,0,0,0,NA,NA,NA,NA,NA,WARNING_SOFT,1,0,0,0,0,TREND_REVERSAL_UNCONFIRMED,0,0.45,NONE,1,0,0,0
BTCUSDT,1775538000000,2026-04-07T05:00:00.000Z,NEUTRAL,NONE,0,7.875,IGNORE,0,WATCH,,0,0,0,NA,NA,NA,NA,NA,WARNING_SOFT,1,0,0,0,0,TREND_REVERSAL_UNCONFIRMED,0,0.45,NONE,1,0,0,0
BTCUSDT,1775541600000,2026-04-07T06:00:00.000Z,NEUTRAL,NONE,0,7.875,IGNORE,0,WATCH,,0,0,0,NA,NA,NA,NA,NA,WARNING_SOFT,1,0,0,0,0,TREND_REVERSAL_UNCONFIRMED,0,0.45,NONE,1,0,0,0
BTCUSDT,1775545200000,2026-04-07T07:00:00.000Z,NEUTRAL,NONE,0,7.875,IGNORE,0,WATCH,,0,0,0,NA,NA,NA,NA,NA,WARNING_SOFT,1,0,0,0,0,TREND_REVERSAL_UNCONFIRMED,0,0.45,NONE,1,0,0,0
BTCUSDT,1775548800000,2026-04-07T08:00:00.000Z,BULL,SHORT,17.5,12.909375,IGNORE,0,WATCH,,0,0,0,NA,NA,NA,NA,NA,WARNING_SOFT,1,0,0,0,0,TREND_REVERSAL_UNCONFIRMED,1,0.45,SHORT,1,0,0,0
BTCUSDT,1775552400000,2026-04-07T09:00:00.000Z,BULL,SHORT,17.5,12.909375,IGNORE,0,WATCH,,0,0,0,NA,NA,NA,NA,NA,CLEAR,1,0,0,0,0,TREND_REVERSAL_UNCONFIRMED,1,0.45,SHORT,1,0,0,0
BTCUSDT,1775556000000,2026-04-07T10:00:00.000Z,NEUTRAL,NONE,0,7.875,IGNORE,0,WATCH,,0,0,0,NA,NA,NA,NA,NA,BLOCK,0,0,0,0,0,TREND_REVERSAL_UNCONFIRMED,0,0.45,NONE,1,0,0,0
BTCUSDT,1775559600000,2026-04-07T11:00:00.000Z,NEUTRAL,NONE,0,7.875,IGNORE,0,WATCH,,0,0,0,NA,NA,NA,NA,NA,BLOCK,0,0,0,0,0,TREND_REVERSAL_UNCONFIRMED,0,0.45,NONE,1,0,0,0
BTCUSDT,1775563200000,2026-04-07T12:00:00.000Z,NEUTRAL,NONE,0,7.875,IGNORE,0,WATCH,,0,0,0,NA,NA,NA,NA,NA,BLOCK,0,0,0,0,0,TREND_REVERSAL_UNCONFIRMED,0,0.45,NONE,1,0,0,0
BTCUSDT,1775566800000,2026-04-07T13:00:00.000Z,NEUTRAL,NONE,0,7.875,IGNORE,0,WATCH,,0,0,0,NA,NA,NA,NA,NA,BLOCK,0,0,0,0,0,TREND_REVERSAL_UNCONFIRMED,0,0.45,NONE,1,0,0,0
BTCUSDT,1775570400000,2026-04-07T14:00:00.000Z,NEUTRAL,NONE,0,7.875,IGNORE,0,WATCH,,0,0,0,NA,NA,NA,NA,NA,BLOCK,0,0,0,0,0,TREND_REVERSAL_UNCONFIRMED,0,0.45,NONE,1,0,0,0
BTCUSDT,1775574000000,2026-04-07T15:00:00.000Z,NEUTRAL,NONE,0,7.875,IGNORE,0,WATCH,,0,0,0,NA,NA,NA,NA,NA,BLOCK,0,0,0,0,0,TREND_REVERSAL_UNCONFIRMED,0,0.45,NONE,1,0,0,0
BTCUSDT,1775577600000,2026-04-07T16:00:00.000Z,NEUTRAL,NONE,0,7.875,IGNORE,0,WATCH,,0,0,0,NA,NA,NA,NA,NA,BLOCK,0,0,0,0,0,TREND_REVERSAL_UNCONFIRMED,0,0.45,NONE,1,0,0,0
BTCUSDT,1775581200000,2026-04-07T17:00:00.000Z,BULL,SHORT,0,7.875,IGNORE,0,WATCH,,0,0,0,NA,NA,NA,NA,NA,WARNING_SOFT,1,0,0,0,0,TREND_REVERSAL_UNCONFIRMED,0,0.45,SHORT,1,0,0,0
BTCUSDT,1775584800000,2026-04-07T18:00:00.000Z,NEUTRAL,NONE,0,7.875,IGNORE,0,WATCH,,0,0,0,NA,NA,NA,NA,NA,WARNING_SOFT,1,0,0,0,0,TREND_REVERSAL_UNCONFIRMED,0,0.45,NONE,1,0,0,0
BTCUSDT,1775588400000,2026-04-07T19:00:00.000Z,BULL,SHORT,15.001960180534775,12.712654364217114,IGNORE,0,WATCH,,0,0,0,NA,NA,NA,NA,NA,CLEAR,1,0,0,0,0,TREND_REVERSAL_UNCONFIRMED,1,0.45,SHORT,1,0,0,0
BTCUSDT,1775592000000,2026-04-07T20:00:00.000Z,BULL,SHORT,16.36153554847847,12.81972092444268,IGNORE,0,WATCH,,0,0,0,NA,NA,NA,NA,NA,CLEAR,1,0,0,0,0,TREND_REVERSAL_UNCONFIRMED,1,0.45,SHORT,1,0,0,0
BTCUSDT,1775595600000,2026-04-07T21:00:00.000Z,BULL,SHORT,25,13.5,IGNORE,0,WATCH,,0,0,0,NA,NA,NA,NA,NA,CLEAR,1,1,0,0,0,TREND_REVERSAL_UNCONFIRMED,1,0.45,SHORT,1,0,0,0
BTCUSDT,1775599200000,2026-04-07T22:00:00.000Z,BULL,SHORT,39.58333333333333,18.3046875,IGNORE,0,WATCH,,0,0,0,NA,NA,NA,NA,NA,CLEAR,1,1,0,0,0,TREND_REVERSAL_UNCONFIRMED,2,0.45,SHORT,1,0,0,0
BTCUSDT,1775602800000,2026-04-07T23:00:00.000Z,BULL,SHORT,41.666666666666664,18.46875,IGNORE,0,WATCH,,0,0,0,NA,NA,NA,NA,NA,CLEAR,1,1,0,0,0,TREND_REVERSAL_UNCONFIRMED,2,0.45,SHORT,1,0,0,0
BTCUSDT,1775606400000,2026-04-08T00:00:00.000Z,BULL,SHORT,12.847222222222221,12.54296875,IGNORE,0,WATCH,,0,0,0,NA,NA,NA,NA,NA,CLEAR,1,0,0,0,0,TREND_REVERSAL_UNCONFIRMED,1,0.45,SHORT,1,0,0,0
BTCUSDT,1775610000000,2026-04-08T01:00:00.000Z,BULL,SHORT,0,7.875,IGNORE,0,WATCH,,0,0,0,NA,NA,NA,NA,NA,CLEAR,1,0,0,0,0,TREND_REVERSAL_UNCONFIRMED,0,0.45,SHORT,1,0,0,0
BTCUSDT,1775613600000,2026-04-08T02:00:00.000Z,BULL,SHORT,25,13.5,IGNORE,0,WATCH,,0,0,0,NA,NA,NA,NA,NA,CLEAR,1,0,0,0,0,TREND_REVERSAL_UNCONFIRMED,1,0.45,SHORT,1,0,0,0
BTCUSDT,1775617200000,2026-04-08T03:00:00.000Z,BULL,SHORT,0,7.875,IGNORE,0,WATCH,,0,0,0,NA,NA,NA,NA,NA,CLEAR,1,0,0,0,0,TREND_REVERSAL_UNCONFIRMED,0,0.45,SHORT,1,0,0,0
BTCUSDT,1775620800000,2026-04-08T04:00:00.000Z,BULL,SHORT,0,7.875,IGNORE,0,WATCH,,0,0,0,NA,NA,NA,NA,NA,CLEAR,1,0,0,0,0,TREND_REVERSAL_UNCONFIRMED,0,0.45,SHORT,1,0,0,0
BTCUSDT,1775624400000,2026-04-08T05:00:00.000Z,BULL,SHORT,0,7.875,IGNORE,0,WATCH,,0,0,0,NA,NA,NA,NA,NA,CLEAR,1,0,0,0,0,TREND_REVERSAL_UNCONFIRMED,0,0.45,SHORT,1,0,0,0
BTCUSDT,1775628000000,2026-04-08T06:00:00.000Z,BULL,SHORT,25,13.5,IGNORE,0,WATCH,,0,0,0,NA,NA,NA,NA,NA,CLEAR,1,0,0,0,0,TREND_REVERSAL_UNCONFIRMED,1,0.45,SHORT,1,0,0,0
BTCUSDT,1775631600000,2026-04-08T07:00:00.000Z,BULL,SHORT,0,7.875,IGNORE,0,WATCH,,0,0,0,NA,NA,NA,NA,NA,CLEAR,1,0,0,0,0,TREND_REVERSAL_UNCONFIRMED,0,0.45,SHORT,1,0,0,0
BTCUSDT,1775635200000,2026-04-08T08:00:00.000Z,BULL,SHORT,0,7.875,IGNORE,0,WATCH,,0,0,0,NA,NA,NA,NA,NA,CLEAR,1,0,0,0,0,TREND_REVERSAL_UNCONFIRMED,0,0.45,SHORT,1,0,0,0
BTCUSDT,1775638800000,2026-04-08T09:00:00.000Z,BULL,SHORT,0,7.875,IGNORE,0,WATCH,,0,0,0,NA,NA,NA,NA,NA,CLEAR,1,0,0,0,0,TREND_REVERSAL_UNCONFIRMED,0,0.45,SHORT,1,0,0,0
BTCUSDT,1775642400000,2026-04-08T10:00:00.000Z,BULL,SHORT,0,7.875,IGNORE,0,WATCH,,0,0,0,NA,NA,NA,NA,NA,CLEAR,1,0,0,0,0,TREND_REVERSAL_UNCONFIRMED,0,0.45,SHORT,1,0,0,0
BTCUSDT,1775646000000,2026-04-08T11:00:00.000Z,BULL,SHORT,0,7.875,IGNORE,0,WATCH,,0,0,0,NA,NA,NA,NA,NA,CLEAR,1,0,0,0,0,TREND_REVERSAL_UNCONFIRMED,0,0.45,SHORT,1,0,0,0
BTCUSDT,1775649600000,2026-04-08T12:00:00.000Z,BULL,SHORT,0,7.875,IGNORE,0,WATCH,,0,0,0,NA,NA,NA,NA,NA,CLEAR,1,0,0,0,0,TREND_REVERSAL_UNCONFIRMED,0,0.45,SHORT,1,0,0,0
BTCUSDT,1775653200000,2026-04-08T13:00:00.000Z,BULL,SHORT,25,13.5,IGNORE,0,WATCH,,0,0,0,NA,NA,NA,NA,NA,CLEAR,1,0,0,0,0,TREND_REVERSAL_UNCONFIRMED,1,0.45,SHORT,1,0,0,0
BTCUSDT,1775656800000,2026-04-08T14:00:00.000Z,NEUTRAL,NONE,0,7.875,IGNORE,0,WATCH,,0,0,0,NA,NA,NA,NA,NA,BLOCK,0,0,0,0,0,TREND_REVERSAL_UNCONFIRMED,0,0.45,NONE,1,0,0,0
BTCUSDT,1775660400000,2026-04-08T15:00:00.000Z,BULL,SHORT,0,7.875,IGNORE,0,WATCH,,0,0,0,NA,NA,NA,NA,NA,WARNING_SOFT,1,0,0,0,0,TREND_REVERSAL_UNCONFIRMED,0,0.45,SHORT,1,0,0,0
BTCUSDT,1775664000000,2026-04-08T16:00:00.000Z,BULL,SHORT,0,7.875,IGNORE,0,WATCH,,0,0,0,NA,NA,NA,NA,NA,WARNING_SOFT,1,0,0,0,0,TREND_REVERSAL_UNCONFIRMED,0,0.45,SHORT,1,0,0,0
BTCUSDT,1775667600000,2026-04-08T17:00:00.000Z,BULL,SHORT,23.18123750000002,13.356772453125002,IGNORE,0,WATCH,,0,0,0,NA,NA,NA,NA,NA,CLEAR,1,0,0,0,0,TREND_REVERSAL_UNCONFIRMED,1,0.45,SHORT,1,0,0,0
BTCUSDT,1775671200000,2026-04-08T18:00:00.000Z,NEUTRAL,NONE,0,7.875,IGNORE,0,WATCH,,0,0,0,NA,NA,NA,NA,NA,WARNING_SOFT,1,0,0,0,0,TREND_REVERSAL_UNCONFIRMED,0,0.45,NONE,1,0,0,0
BTCUSDT,1775674800000,2026-04-08T19:00:00.000Z,BULL,SHORT,0,7.875,IGNORE,0,WATCH,,0,0,0,NA,NA,NA,NA,NA,WARNING_SOFT,1,0,0,0,0,TREND_REVERSAL_UNCONFIRMED,0,0.45,SHORT,1,0,0,0
BTCUSDT,1775678400000,2026-04-08T20:00:00.000Z,BULL,SHORT,17.5,12.909375,IGNORE,0,WATCH,,0,0,0,NA,NA,NA,NA,NA,WARNING_SOFT,1,0,0,0,0,TREND_REVERSAL_UNCONFIRMED,1,0.45,SHORT,1,0,0,0
BTCUSDT,1775682000000,2026-04-08T21:00:00.000Z,BULL,SHORT,17.5,12.909375,IGNORE,0,WATCH,,0,0,0,NA,NA,NA,NA,NA,CLEAR,1,0,0,0,0,TREND_REVERSAL_UNCONFIRMED,1,0.45,SHORT,1,0,0,0
BTCUSDT,1775685600000,2026-04-08T22:00:00.000Z,NEUTRAL,NONE,0,7.875,IGNORE,0,WATCH,,0,0,0,NA,NA,NA,NA,NA,WARNING_SOFT,1,0,0,0,0,TREND_REVERSAL_UNCONFIRMED,0,0.45,NONE,1,0,0,0
BTCUSDT,1775689200000,2026-04-08T23:00:00.000Z,NEUTRAL,NONE,0,7.875,IGNORE,0,WATCH,,0,0,0,NA,NA,NA,NA,NA,WARNING_SOFT,1,0,0,0,0,TREND_REVERSAL_UNCONFIRMED,0,0.45,NONE,1,0,0,0
BTCUSDT,1775692800000,2026-04-09T00:00:00.000Z,NEUTRAL,NONE,0,7.875,IGNORE,0,WATCH,,0,0,0,NA,NA,NA,NA,NA,WARNING_SOFT,1,0,0,0,0,TREND_REVERSAL_UNCONFIRMED,0,0.45,NONE,1,0,0,0
BTCUSDT,1775696400000,2026-04-09T01:00:00.000Z,NEUTRAL,NONE,0,7.875,IGNORE,0,WATCH,,0,0,0,NA,NA,NA,NA,NA,BLOCK,0,0,0,0,0,TREND_REVERSAL_UNCONFIRMED,0,0.45,NONE,1,0,0,0
BTCUSDT,1775700000000,2026-04-09T02:00:00.000Z,NEUTRAL,NONE,0,7.875,IGNORE,0,WATCH,,0,0,0,NA,NA,NA,NA,NA,WARNING_SOFT,1,0,0,0,0,TREND_REVERSAL_UNCONFIRMED,0,0.45,NONE,1,0,0,0
BTCUSDT,1775703600000,2026-04-09T03:00:00.000Z,NEUTRAL,NONE,0,7.875,IGNORE,0,WATCH,,0,0,0,NA,NA,NA,NA,NA,WARNING_SOFT,1,0,0,0,0,TREND_REVERSAL_UNCONFIRMED,0,0.45,NONE,1,0,0,0
BTCUSDT,1775707200000,2026-04-09T04:00:00.000Z,NEUTRAL,NONE,0,7.875,IGNORE,0,WATCH,,0,0,0,NA,NA,NA,NA,NA,WARNING_SOFT,1,0,0,0,0,TREND_REVERSAL_UNCONFIRMED,0,0.45,NONE,1,0,0,0
BTCUSDT,1775710800000,2026-04-09T05:00:00.000Z,NEUTRAL,NONE,0,7.875,IGNORE,0,WATCH,,0,0,0,NA,NA,NA,NA,NA,WARNING_SOFT,1,0,0,0,0,TREND_REVERSAL_UNCONFIRMED,0,0.45,NONE,1,0,0,0
BTCUSDT,1775714400000,2026-04-09T06:00:00.000Z,NEUTRAL,NONE,0,7.875,IGNORE,0,WATCH,,0,0,0,NA,NA,NA,NA,NA,WARNING_SOFT,1,0,0,0,0,TREND_REVERSAL_UNCONFIRMED,0,0.45,NONE,1,0,0,0
BTCUSDT,1775718000000,2026-04-09T07:00:00.000Z,NEUTRAL,NONE,0,7.875,IGNORE,0,WATCH,,0,0,0,NA,NA,NA,NA,NA,WARNING_SOFT,1,0,0,0,0,TREND_REVERSAL_UNCONFIRMED,0,0.45,NONE,1,0,0,0
BTCUSDT,1775721600000,2026-04-09T08:00:00.000Z,BULL,SHORT,17.5,12.909375,IGNORE,0,WATCH,,0,0,0,NA,NA,NA,NA,NA,WARNING_SOFT,1,0,0,0,0,TREND_REVERSAL_UNCONFIRMED,1,0.45,SHORT,1,0,0,0
BTCUSDT,1775725200000,2026-04-09T09:00:00.000Z,BULL,SHORT,17.5,12.909375,IGNORE,0,WATCH,,0,0,0,NA,NA,NA,NA,NA,CLEAR,1,0,0,0,0,TREND_REVERSAL_UNCONFIRMED,1,0.45,SHORT,1,0,0,0
BTCUSDT,1775728800000,2026-04-09T10:00:00.000Z,BULL,SHORT,42.5,18.534375,IGNORE,0,WATCH,,0,0,0,NA,NA,NA,NA,NA,CLEAR,1,0,0,0,0,TREND_REVERSAL_UNCONFIRMED,2,0.45,SHORT,1,0,0,0
BTCUSDT,1775732400000,2026-04-09T11:00:00.000Z,NEUTRAL,NONE,0,7.875,IGNORE,0,WATCH,,0,0,0,NA,NA,NA,NA,NA,BLOCK,0,0,0,0,0,TREND_REVERSAL_UNCONFIRMED,0,0.45,NONE,1,0,0,0
BTCUSDT,1775736000000,2026-04-09T12:00:00.000Z,BULL,SHORT,17.5,12.909375,IGNORE,0,WATCH,,0,0,0,NA,NA,NA,NA,NA,CLEAR,1,0,0,0,0,TREND_REVERSAL_UNCONFIRMED,1,0.45,SHORT,1,0,0,0
BTCUSDT,1775739600000,2026-04-09T13:00:00.000Z,NEUTRAL,NONE,0,7.875,IGNORE,0,WATCH,,0,0,0,NA,NA,NA,NA,NA,WARNING_SOFT,1,0,0,0,0,TREND_REVERSAL_UNCONFIRMED,0,0.45,NONE,1,0,0,0
BTCUSDT,1775743200000,2026-04-09T14:00:00.000Z,NEUTRAL,NONE,0,7.875,IGNORE,0,WATCH,,0,0,0,NA,NA,NA,NA,NA,BLOCK,0,0,0,0,0,TREND_REVERSAL_UNCONFIRMED,0,0.45,NONE,1,0,0,0
BTCUSDT,1775746800000,2026-04-09T15:00:00.000Z,BULL,SHORT,42.5,18.534375,IGNORE,0,WATCH,,0,0,0,NA,NA,NA,NA,NA,WARNING_SOFT,1,0,0,0,0,TREND_REVERSAL_UNCONFIRMED,2,0.45,SHORT,1,0,0,0
BTCUSDT,1775750400000,2026-04-09T16:00:00.000Z,BULL,SHORT,67.5,53.0775,WATCH,1,WATCH,ACTIVE,1,1,0,FAIL,PASS,SKIP,SKIP,PASS,CLEAR,1,0,0,0,0,MARKET_CONTEXT_DENIED,3,0.84,SHORT,0,1,0,0
BTCUSDT,1775754000000,2026-04-09T17:00:00.000Z,BULL,SHORT,42.5,18.534375,IGNORE,0,WATCH,,0,0,0,NA,NA,NA,NA,NA,CLEAR,1,0,0,0,0,TREND_REVERSAL_UNCONFIRMED,2,0.45,SHORT,1,0,0,0
BTCUSDT,1775757600000,2026-04-09T18:00:00.000Z,BULL,SHORT,17.5,12.909375,IGNORE,0,WATCH,,0,0,0,NA,NA,NA,NA,NA,CLEAR,1,0,0,0,0,TREND_REVERSAL_UNCONFIRMED,1,0.45,SHORT,1,0,0,0
BTCUSDT,1775761200000,2026-04-09T19:00:00.000Z,BULL,SHORT,30.676498251775886,17.60327423732735,IGNORE,0,WATCH,,0,0,0,NA,NA,NA,NA,NA,CLEAR,1,0,0,0,0,TREND_REVERSAL_UNCONFIRMED,2,0.45,SHORT,1,0,0,0
BTCUSDT,1775764800000,2026-04-09T20:00:00.000Z,BULL,SHORT,12.847222222222221,12.54296875,IGNORE,0,WATCH,,0,0,0,NA,NA,NA,NA,NA,CLEAR,1,0,0,0,0,TREND_REVERSAL_UNCONFIRMED,1,0.45,SHORT,1,0,0,0
BTCUSDT,1775768400000,2026-04-09T21:00:00.000Z,BULL,SHORT,0,7.875,IGNORE,0,WATCH,,0,0,0,NA,NA,NA,NA,NA,CLEAR,1,0,0,0,0,TREND_REVERSAL_UNCONFIRMED,0,0.45,SHORT,1,0,0,0
BTCUSDT,1775772000000,2026-04-09T22:00:00.000Z,BULL,SHORT,25,13.5,IGNORE,0,WATCH,,0,0,0,NA,NA,NA,NA,NA,CLEAR,1,0,0,0,0,TREND_REVERSAL_UNCONFIRMED,1,0.45,SHORT,1,0,0,0
BTCUSDT,1775775600000,2026-04-09T23:00:00.000Z,BULL,SHORT,0,7.875,IGNORE,0,WATCH,,0,0,0,NA,NA,NA,NA,NA,WARNING_SOFT,1,0,0,0,0,TREND_REVERSAL_UNCONFIRMED,0,0.45,SHORT,1,0,0,0
BTCUSDT,1775779200000,2026-04-10T00:00:00.000Z,BULL,SHORT,0,7.875,IGNORE,0,WATCH,,0,0,0,NA,NA,NA,NA,NA,WARNING_SOFT,1,0,0,0,0,TREND_REVERSAL_UNCONFIRMED,0,0.45,SHORT,1,0,0,0
BTCUSDT,1775782800000,2026-04-10T01:00:00.000Z,BULL,SHORT,0,7.875,IGNORE,0,WATCH,,0,0,0,NA,NA,NA,NA,NA,WARNING_SOFT,1,0,0,0,0,TREND_REVERSAL_UNCONFIRMED,0,0.45,SHORT,1,0,0,0
BTCUSDT,1775786400000,2026-04-10T02:00:00.000Z,BULL,SHORT,25,13.5,IGNORE,0,WATCH,,0,0,0,NA,NA,NA,NA,NA,CLEAR,1,0,0,0,0,TREND_REVERSAL_UNCONFIRMED,1,0.45,SHORT,1,0,0,0
BTCUSDT,1775790000000,2026-04-10T03:00:00.000Z,BULL,SHORT,0,7.875,IGNORE,0,WATCH,,0,0,0,NA,NA,NA,NA,NA,WARNING_SOFT,1,0,0,0,0,TREND_REVERSAL_UNCONFIRMED,0,0.45,SHORT,1,0,0,0
BTCUSDT,1775793600000,2026-04-10T04:00:00.000Z,BULL,SHORT,0,7.875,IGNORE,0,WATCH,,0,0,0,NA,NA,NA,NA,NA,WARNING_SOFT,1,0,0,0,0,TREND_REVERSAL_UNCONFIRMED,0,0.45,SHORT,1,0,0,0
BTCUSDT,1775797200000,2026-04-10T05:00:00.000Z,BULL,SHORT,0,7.875,IGNORE,0,WATCH,,0,0,0,NA,NA,NA,NA,NA,CLEAR,1,0,0,0,0,TREND_REVERSAL_UNCONFIRMED,0,0.45,SHORT,1,0,0,0
BTCUSDT,1775800800000,2026-04-10T06:00:00.000Z,NEUTRAL,NONE,0,7.875,IGNORE,0,WATCH,,0,0,0,NA,NA,NA,NA,NA,WARNING_SOFT,1,0,0,0,0,TREND_REVERSAL_UNCONFIRMED,0,0.45,NONE,1,0,0,0
BTCUSDT,1775804400000,2026-04-10T07:00:00.000Z,NEUTRAL,NONE,0,7.875,IGNORE,0,WATCH,,0,0,0,NA,NA,NA,NA,NA,WARNING_SOFT,1,0,0,0,0,TREND_REVERSAL_UNCONFIRMED,0,0.45,NONE,1,0,0,0
BTCUSDT,1775808000000,2026-04-10T08:00:00.000Z,NEUTRAL,NONE,0,7.875,IGNORE,0,WATCH,,0,0,0,NA,NA,NA,NA,NA,WARNING_SOFT,1,0,0,0,0,TREND_REVERSAL_UNCONFIRMED,0,0.45,NONE,1,0,0,0
BTCUSDT,1775811600000,2026-04-10T09:00:00.000Z,NEUTRAL,NONE,0,7.875,IGNORE,0,WATCH,,0,0,0,NA,NA,NA,NA,NA,WARNING_SOFT,1,0,0,0,0,TREND_REVERSAL_UNCONFIRMED,0,0.45,NONE,1,0,0,0
BTCUSDT,1775815200000,2026-04-10T10:00:00.000Z,BULL,SHORT,0,7.875,IGNORE,0,WATCH,,0,0,0,NA,NA,NA,NA,NA,WARNING_SOFT,1,0,0,0,0,TREND_REVERSAL_UNCONFIRMED,0,0.45,SHORT,1,0,0,0
BTCUSDT,1775818800000,2026-04-10T11:00:00.000Z,BULL,SHORT,22.76453750000001,13.323957328125001,IGNORE,0,WATCH,,0,0,0,NA,NA,NA,NA,NA,CLEAR,1,0,0,0,0,TREND_REVERSAL_UNCONFIRMED,1,0.45,SHORT,1,0,0,0
BTCUSDT,1775822400000,2026-04-10T12:00:00.000Z,BULL,SHORT,22.09800946123869,13.271468245072548,IGNORE,0,WATCH,,0,0,0,NA,NA,NA,NA,NA,CLEAR,1,0,0,0,0,TREND_REVERSAL_UNCONFIRMED,1,0.45,SHORT,1,0,0,0
BTCUSDT,1775826000000,2026-04-10T13:00:00.000Z,BULL,SHORT,0,7.875,IGNORE,0,WATCH,,0,0,0,NA,NA,NA,NA,NA,CLEAR,1,0,0,0,0,TREND_REVERSAL_UNCONFIRMED,0,0.45,SHORT,1,0,0,0
BTCUSDT,1775829600000,2026-04-10T14:00:00.000Z,BULL,SHORT,37.84722222222222,18.16796875,IGNORE,0,WATCH,,0,0,0,NA,NA,NA,NA,NA,CLEAR,1,0,0,0,0,TREND_REVERSAL_UNCONFIRMED,2,0.45,SHORT,1,0,0,0
BTCUSDT,1775833200000,2026-04-10T15:00:00.000Z,BULL,SHORT,23.705045177891954,13.39802230775899,IGNORE,0,WATCH,,0,0,0,NA,NA,NA,NA,NA,CLEAR,1,0,0,0,0,TREND_REVERSAL_UNCONFIRMED,1,0.45,SHORT,1,0,0,0
BTCUSDT,1775836800000,2026-04-10T16:00:00.000Z,BULL,SHORT,0,7.875,IGNORE,0,WATCH,,0,0,0,NA,NA,NA,NA,NA,CLEAR,1,0,0,0,0,TREND_REVERSAL_UNCONFIRMED,0,0.45,SHORT,1,0,0,0
BTCUSDT,1775840400000,2026-04-10T17:00:00.000Z,BULL,SHORT,12.847222222222221,12.54296875,IGNORE,0,WATCH,,0,0,0,NA,NA,NA,NA,NA,CLEAR,1,0,0,0,0,TREND_REVERSAL_UNCONFIRMED,1,0.45,SHORT,1,0,0,0
BTCUSDT,1775844000000,2026-04-10T18:00:00.000Z,BULL,SHORT,25,13.5,IGNORE,0,WATCH,,0,0,0,NA,NA,NA,NA,NA,CLEAR,1,0,0,0,0,TREND_REVERSAL_UNCONFIRMED,1,0.45,SHORT,1,0,0,0
BTCUSDT,1775847600000,2026-04-10T19:00:00.000Z,BULL,SHORT,0,7.875,IGNORE,0,WATCH,,0,0,0,NA,NA,NA,NA,NA,CLEAR,1,0,0,0,0,TREND_REVERSAL_UNCONFIRMED,0,0.45,SHORT,1,0,0,0
BTCUSDT,1775851200000,2026-04-10T20:00:00.000Z,BULL,SHORT,0,7.875,IGNORE,0,WATCH,,0,0,0,NA,NA,NA,NA,NA,CLEAR,1,0,0,0,0,TREND_REVERSAL_UNCONFIRMED,0,0.45,SHORT,1,0,0,0
BTCUSDT,1775854800000,2026-04-10T21:00:00.000Z,BULL,SHORT,25,13.5,IGNORE,0,WATCH,,0,0,0,NA,NA,NA,NA,NA,CLEAR,1,0,0,0,0,TREND_REVERSAL_UNCONFIRMED,1,0.45,SHORT,1,0,0,0
BTCUSDT,1775858400000,2026-04-10T22:00:00.000Z,BULL,SHORT,0,7.875,IGNORE,0,WATCH,,0,0,0,NA,NA,NA,NA,NA,CLEAR,1,0,0,0,0,TREND_REVERSAL_UNCONFIRMED,0,0.45,SHORT,1,0,0,0
BTCUSDT,1775862000000,2026-04-10T23:00:00.000Z,BULL,SHORT,0,7.875,IGNORE,0,WATCH,,0,0,0,NA,NA,NA,NA,NA,CLEAR,1,0,0,0,0,TREND_REVERSAL_UNCONFIRMED,0,0.45,SHORT,1,0,0,0
BTCUSDT,1775865600000,2026-04-11T00:00:00.000Z,BULL,SHORT,0,7.875,IGNORE,0,WATCH,,0,0,0,NA,NA,NA,NA,NA,CLEAR,1,0,0,0,0,TREND_REVERSAL_UNCONFIRMED,0,0.45,SHORT,1,0,0,0
BTCUSDT,1775869200000,2026-04-11T01:00:00.000Z,BULL,SHORT,0,7.875,IGNORE,0,WATCH,,0,0,0,NA,NA,NA,NA,NA,WARNING_SOFT,1,0,0,0,0,TREND_REVERSAL_UNCONFIRMED,0,0.45,SHORT,1,0,0,0
BTCUSDT,1775872800000,2026-04-11T02:00:00.000Z,BULL,SHORT,0,7.875,IGNORE,0,WATCH,,0,0,0,NA,NA,NA,NA,NA,CLEAR,1,0,0,0,0,TREND_REVERSAL_UNCONFIRMED,0,0.45,SHORT,1,0,0,0
BTCUSDT,1775876400000,2026-04-11T03:00:00.000Z,BULL,SHORT,0,7.875,IGNORE,0,WATCH,,0,0,0,NA,NA,NA,NA,NA,CLEAR,1,0,0,0,0,TREND_REVERSAL_UNCONFIRMED,0,0.45,SHORT,1,0,0,0
BTCUSDT,1775880000000,2026-04-11T04:00:00.000Z,BULL,SHORT,0,7.875,IGNORE,0,WATCH,,0,0,0,NA,NA,NA,NA,NA,BLOCK,0,0,0,0,0,TREND_REVERSAL_UNCONFIRMED,0,0.45,SHORT,1,0,0,0
BTCUSDT,1775883600000,2026-04-11T05:00:00.000Z,NEUTRAL,NONE,0,7.875,IGNORE,0,WATCH,,0,0,0,NA,NA,NA,NA,NA,WARNING_SOFT,1,0,0,0,0,TREND_REVERSAL_UNCONFIRMED,0,0.45,NONE,1,0,0,0
BTCUSDT,1775887200000,2026-04-11T06:00:00.000Z,BULL,SHORT,17.5,12.909375,IGNORE,0,WATCH,,0,0,0,NA,NA,NA,NA,NA,WARNING_SOFT,1,0,0,0,0,TREND_REVERSAL_UNCONFIRMED,1,0.45,SHORT,1,0,0,0
BTCUSDT,1775890800000,2026-04-11T07:00:00.000Z,BULL,SHORT,17.5,12.909375,IGNORE,0,WATCH,,0,0,0,NA,NA,NA,NA,NA,WARNING_SOFT,1,0,0,0,0,TREND_REVERSAL_UNCONFIRMED,1,0.45,SHORT,1,0,0,0
BTCUSDT,1775894400000,2026-04-11T08:00:00.000Z,NEUTRAL,NONE,0,7.875,IGNORE,0,WATCH,,0,0,0,NA,NA,NA,NA,NA,WARNING_SOFT,1,0,0,0,0,TREND_REVERSAL_UNCONFIRMED,0,0.45,NONE,1,0,0,0
BTCUSDT,1775898000000,2026-04-11T09:00:00.000Z,BULL,SHORT,17.5,12.909375,IGNORE,0,WATCH,,0,0,0,NA,NA,NA,NA,NA,WARNING_SOFT,1,0,0,0,0,TREND_REVERSAL_UNCONFIRMED,1,0.45,SHORT,1,0,0,0
BTCUSDT,1775901600000,2026-04-11T10:00:00.000Z,BULL,SHORT,42.5,18.534375,IGNORE,0,WATCH,,0,0,0,NA,NA,NA,NA,NA,CLEAR,1,0,0,0,0,TREND_REVERSAL_UNCONFIRMED,2,0.45,SHORT,1,0,0,0
BTCUSDT,1775905200000,2026-04-11T11:00:00.000Z,BULL,SHORT,17.5,12.909375,IGNORE,0,WATCH,,0,0,0,NA,NA,NA,NA,NA,CLEAR,1,0,0,0,0,TREND_REVERSAL_UNCONFIRMED,1,0.45,SHORT,1,0,0,0
BTCUSDT,1775908800000,2026-04-11T12:00:00.000Z,BULL,SHORT,17.5,12.909375,IGNORE,0,WATCH,,0,0,0,NA,NA,NA,NA,NA,CLEAR,1,0,0,0,0,TREND_REVERSAL_UNCONFIRMED,1,0.45,SHORT,1,0,0,0
BTCUSDT,1775912400000,2026-04-11T13:00:00.000Z,NEUTRAL,NONE,0,7.875,IGNORE,0,WATCH,,0,0,0,NA,NA,NA,NA,NA,BLOCK,0,0,0,0,0,TREND_REVERSAL_UNCONFIRMED,0,0.45,NONE,1,0,0,0
BTCUSDT,1775916000000,2026-04-11T14:00:00.000Z,NEUTRAL,NONE,0,7.875,IGNORE,0,WATCH,,0,0,0,NA,NA,NA,NA,NA,WARNING_SOFT,1,0,0,0,0,TREND_REVERSAL_UNCONFIRMED,0,0.45,NONE,1,0,0,0
BTCUSDT,1775919600000,2026-04-11T15:00:00.000Z,BULL,SHORT,17.5,12.909375,IGNORE,0,WATCH,,0,0,0,NA,NA,NA,NA,NA,WARNING_SOFT,1,0,0,0,0,TREND_REVERSAL_UNCONFIRMED,1,0.45,SHORT,1,0,0,0
BTCUSDT,1775923200000,2026-04-11T16:00:00.000Z,BULL,SHORT,37.32489975722398,18.12683585588139,IGNORE,0,WATCH,,0,0,0,NA,NA,NA,NA,NA,CLEAR,1,1,0,0,0,TREND_REVERSAL_UNCONFIRMED,2,0.45,SHORT,1,0,0,0
BTCUSDT,1775926800000,2026-04-11T17:00:00.000Z,BULL,SHORT,42.5,18.534375,IGNORE,0,WATCH,,0,0,0,NA,NA,NA,NA,NA,CLEAR,1,0,0,0,0,TREND_REVERSAL_UNCONFIRMED,2,0.45,SHORT,1,0,0,0
BTCUSDT,1775930400000,2026-04-11T18:00:00.000Z,BULL,SHORT,42.5,18.534375,IGNORE,0,WATCH,,0,0,0,NA,NA,NA,NA,NA,CLEAR,1,0,0,0,0,TREND_REVERSAL_UNCONFIRMED,2,0.45,SHORT,1,0,0,0
BTCUSDT,1775934000000,2026-04-11T19:00:00.000Z,BULL,SHORT,42.5,18.534375,IGNORE,0,WATCH,,0,0,0,NA,NA,NA,NA,NA,CLEAR,1,0,0,0,0,TREND_REVERSAL_UNCONFIRMED,2,0.45,SHORT,1,0,0,0
BTCUSDT,1775937600000,2026-04-11T20:00:00.000Z,BULL,SHORT,42.5,18.534375,IGNORE,0,WATCH,,0,0,0,NA,NA,NA,NA,NA,CLEAR,1,0,0,0,0,TREND_REVERSAL_UNCONFIRMED,2,0.45,SHORT,1,0,0,0
BTCUSDT,1775941200000,2026-04-11T21:00:00.000Z,BULL,SHORT,17.5,12.909375,IGNORE,0,WATCH,,0,0,0,NA,NA,NA,NA,NA,CLEAR,1,0,0,0,0,TREND_REVERSAL_UNCONFIRMED,1,0.45,SHORT,1,0,0,0
BTCUSDT,1775944800000,2026-04-11T22:00:00.000Z,BULL,SHORT,0,7.875,IGNORE,0,WATCH,,0,0,0,NA,NA,NA,NA,NA,CLEAR,1,0,0,0,0,TREND_REVERSAL_UNCONFIRMED,0,0.45,SHORT,1,0,0,0
BTCUSDT,1775948400000,2026-04-11T23:00:00.000Z,NEUTRAL,NONE,0,7.875,IGNORE,0,WATCH,,0,0,0,NA,NA,NA,NA,NA,BLOCK,0,0,0,0,0,TREND_REVERSAL_UNCONFIRMED,0,0.45,NONE,1,0,0,0
BTCUSDT,1775952000000,2026-04-12T00:00:00.000Z,BULL,SHORT,0,7.875,IGNORE,0,WATCH,,0,0,0,NA,NA,NA,NA,NA,WARNING_SOFT,1,0,0,0,0,TREND_REVERSAL_UNCONFIRMED,0,0.45,SHORT,1,0,0,0
BTCUSDT,1775955600000,2026-04-12T01:00:00.000Z,NEUTRAL,NONE,0,7.875,IGNORE,0,WATCH,,0,0,0,NA,NA,NA,NA,NA,WARNING_SOFT,1,0,0,0,0,TREND_REVERSAL_UNCONFIRMED,0,0.45,NONE,1,0,0,0
BTCUSDT,1775959200000,2026-04-12T02:00:00.000Z,NEUTRAL,NONE,0,7.875,IGNORE,0,WATCH,,0,0,0,NA,NA,NA,NA,NA,BLOCK,0,0,0,0,0,TREND_REVERSAL_UNCONFIRMED,0,0.45,NONE,1,0,0,0
BTCUSDT,1775962800000,2026-04-12T03:00:00.000Z,NEUTRAL,NONE,0,7.875,IGNORE,0,WATCH,,0,0,0,NA,NA,NA,NA,NA,WARNING_SOFT,1,0,0,0,0,TREND_REVERSAL_UNCONFIRMED,0,0.45,NONE,1,0,0,0
BTCUSDT,1775966400000,2026-04-12T04:00:00.000Z,NEUTRAL,NONE,0,7.875,IGNORE,0,WATCH,,0,0,0,NA,NA,NA,NA,NA,WARNING_SOFT,1,0,0,0,0,TREND_REVERSAL_UNCONFIRMED,0,0.45,NONE,1,0,0,0
BTCUSDT,1775970000000,2026-04-12T05:00:00.000Z,NEUTRAL,NONE,0,7.875,IGNORE,0,WATCH,,0,0,0,NA,NA,NA,NA,NA,WARNING_SOFT,1,0,0,0,0,TREND_REVERSAL_UNCONFIRMED,0,0.45,NONE,1,0,0,0
BTCUSDT,1775973600000,2026-04-12T06:00:00.000Z,BEAR,LONG,0,7.875,IGNORE,0,WATCH,,0,0,0,NA,NA,NA,NA,NA,CLEAR,1,0,0,0,0,TREND_REVERSAL_UNCONFIRMED,0,0.45,LONG,1,0,0,0
BTCUSDT,1775977200000,2026-04-12T07:00:00.000Z,BEAR,LONG,0,7.875,IGNORE,0,WATCH,,0,0,0,NA,NA,NA,NA,NA,CLEAR,1,0,0,0,0,TREND_REVERSAL_UNCONFIRMED,0,0.45,LONG,1,0,0,0
BTCUSDT,1775980800000,2026-04-12T08:00:00.000Z,BEAR,LONG,0,7.875,IGNORE,0,WATCH,,0,0,0,NA,NA,NA,NA,NA,CLEAR,1,0,0,0,0,TREND_REVERSAL_UNCONFIRMED,0,0.45,LONG,1,0,0,0
BTCUSDT,1775984400000,2026-04-12T09:00:00.000Z,BEAR,LONG,0,7.875,IGNORE,0,WATCH,,0,0,0,NA,NA,NA,NA,NA,CLEAR,1,0,0,0,0,TREND_REVERSAL_UNCONFIRMED,0,0.45,LONG,1,0,0,0
BTCUSDT,1775988000000,2026-04-12T10:00:00.000Z,BEAR,LONG,12.847222222222221,12.54296875,IGNORE,0,WATCH,,0,0,0,NA,NA,NA,NA,NA,CLEAR,1,0,0,0,0,TREND_REVERSAL_UNCONFIRMED,1,0.45,LONG,1,0,0,0
BTCUSDT,1775991600000,2026-04-12T11:00:00.000Z,BEAR,LONG,0,7.875,IGNORE,0,WATCH,,0,0,0,NA,NA,NA,NA,NA,CLEAR,1,0,0,0,0,TREND_REVERSAL_UNCONFIRMED,0,0.45,LONG,1,0,0,0
BTCUSDT,1775995200000,2026-04-12T12:00:00.000Z,BEAR,LONG,20.852433987326968,13.173379176502,IGNORE,0,WATCH,,0,0,0,NA,NA,NA,NA,NA,CLEAR,1,0,1,0,0,TREND_REVERSAL_UNCONFIRMED,1,0.45,LONG,1,0,0,0
BTCUSDT,1775998800000,2026-04-12T13:00:00.000Z,BEAR,LONG,25,13.5,IGNORE,0,WATCH,,0,0,0,NA,NA,NA,NA,NA,CLEAR,1,0,1,0,0,TREND_REVERSAL_UNCONFIRMED,1,0.45,LONG,1,0,0,0
BTCUSDT,1776002400000,2026-04-12T14:00:00.000Z,BEAR,LONG,28.103955230622077,17.400686474411486,IGNORE,0,WATCH,,0,0,0,NA,NA,NA,NA,NA,CLEAR,1,0,0,0,0,TREND_REVERSAL_UNCONFIRMED,2,0.45,LONG,1,0,0,0
BTCUSDT,1776006000000,2026-04-12T15:00:00.000Z,BEAR,LONG,25,13.5,IGNORE,0,WATCH,,0,0,0,NA,NA,NA,NA,NA,CLEAR,1,0,0,0,0,TREND_REVERSAL_UNCONFIRMED,1,0.45,LONG,1,0,0,0
BTCUSDT,1776009600000,2026-04-12T16:00:00.000Z,BEAR,LONG,0,7.875,IGNORE,0,WATCH,,0,0,0,NA,NA,NA,NA,NA,CLEAR,1,0,0,0,0,TREND_REVERSAL_UNCONFIRMED,0,0.45,LONG,1,0,0,0
BTCUSDT,1776013200000,2026-04-12T17:00:00.000Z,BEAR,LONG,0,7.875,IGNORE,0,WATCH,,0,0,0,NA,NA,NA,NA,NA,CLEAR,1,0,0,0,0,TREND_REVERSAL_UNCONFIRMED,0,0.45,LONG,1,0,0,0
BTCUSDT,1776016800000,2026-04-12T18:00:00.000Z,BEAR,LONG,0,7.875,IGNORE,0,WATCH,,0,0,0,NA,NA,NA,NA,NA,CLEAR,1,0,0,0,0,TREND_REVERSAL_UNCONFIRMED,0,0.45,LONG,1,0,0,0
BTCUSDT,1776020400000,2026-04-12T19:00:00.000Z,BEAR,LONG,0,7.875,IGNORE,0,WATCH,,0,0,0,NA,NA,NA,NA,NA,CLEAR,1,0,0,0,0,TREND_REVERSAL_UNCONFIRMED,0,0.45,LONG,1,0,0,0
BTCUSDT,1776024000000,2026-04-12T20:00:00.000Z,BEAR,LONG,0,7.875,IGNORE,0,WATCH,,0,0,0,NA,NA,NA,NA,NA,CLEAR,1,0,0,0,0,TREND_REVERSAL_UNCONFIRMED,0,0.45,LONG,1,0,0,0
BTCUSDT,1776027600000,2026-04-12T21:00:00.000Z,BEAR,LONG,0,7.875,IGNORE,0,WATCH,,0,0,0,NA,NA,NA,NA,NA,WARNING_SOFT,1,0,0,0,0,TREND_REVERSAL_UNCONFIRMED,0,0.45,LONG,1,0,0,0
BTCUSDT,1776031200000,2026-04-12T22:00:00.000Z,BEAR,LONG,25,13.5,IGNORE,0,WATCH,,0,0,0,NA,NA,NA,NA,NA,CLEAR,1,0,0,0,0,TREND_REVERSAL_UNCONFIRMED,1,0.45,LONG,1,0,0,0
BTCUSDT,1776034800000,2026-04-12T23:00:00.000Z,BEAR,LONG,12.847222222222221,12.54296875,IGNORE,0,WATCH,,0,0,0,NA,NA,NA,NA,NA,CLEAR,1,0,0,0,0,TREND_REVERSAL_UNCONFIRMED,1,0.45,LONG,1,0,0,0
BTCUSDT,1776038400000,2026-04-13T00:00:00.000Z,BEAR,LONG,0,7.875,IGNORE,0,WATCH,,0,0,0,NA,NA,NA,NA,NA,CLEAR,1,0,0,0,0,TREND_REVERSAL_UNCONFIRMED,0,0.45,LONG,1,0,0,0
BTCUSDT,1776042000000,2026-04-13T01:00:00.000Z,BEAR,LONG,0,7.875,IGNORE,0,WATCH,,0,0,0,NA,NA,NA,NA,NA,WARNING_SOFT,1,0,0,0,0,TREND_REVERSAL_UNCONFIRMED,0,0.45,LONG,1,0,0,0
BTCUSDT,1776045600000,2026-04-13T02:00:00.000Z,BEAR,LONG,0,7.875,IGNORE,0,WATCH,,0,0,0,NA,NA,NA,NA,NA,WARNING_SOFT,1,0,0,0,0,TREND_REVERSAL_UNCONFIRMED,0,0.45,LONG,1,0,0,0
BTCUSDT,1776049200000,2026-04-13T03:00:00.000Z,BEAR,LONG,0,7.875,IGNORE,0,WATCH,,0,0,0,NA,NA,NA,NA,NA,WARNING_SOFT,1,0,0,0,0,TREND_REVERSAL_UNCONFIRMED,0,0.45,LONG,1,0,0,0
BTCUSDT,1776052800000,2026-04-13T04:00:00.000Z,BEAR,LONG,21.074812500000007,13.190891484375001,IGNORE,0,WATCH,,0,0,0,NA,NA,NA,NA,NA,CLEAR,1,0,0,0,0,TREND_REVERSAL_UNCONFIRMED,1,0.45,LONG,1,0,0,0
BTCUSDT,1776056400000,2026-04-13T05:00:00.000Z,BEAR,LONG,0,7.875,IGNORE,0,WATCH,,0,0,0,NA,NA,NA,NA,NA,CLEAR,1,0,0,0,0,TREND_REVERSAL_UNCONFIRMED,0,0.45,LONG,1,0,0,0
BTCUSDT,1776060000000,2026-04-13T06:00:00.000Z,BEAR,LONG,0,7.875,IGNORE,0,WATCH,,0,0,0,NA,NA,NA,NA,NA,WARNING_SOFT,1,0,0,0,0,TREND_REVERSAL_UNCONFIRMED,0,0.45,LONG,1,0,0,0
BTCUSDT,1776063600000,2026-04-13T07:00:00.000Z,BEAR,LONG,0,7.875,IGNORE,0,WATCH,,0,0,0,NA,NA,NA,NA,NA,CLEAR,1,0,0,0,0,TREND_REVERSAL_UNCONFIRMED,0,0.45,LONG,1,0,0,0
BTCUSDT,1776067200000,2026-04-13T08:00:00.000Z,BEAR,LONG,12.847222222222221,12.54296875,IGNORE,0,WATCH,,0,0,0,NA,NA,NA,NA,NA,CLEAR,1,0,0,0,0,TREND_REVERSAL_UNCONFIRMED,1,0.45,LONG,1,0,0,0
BTCUSDT,1776070800000,2026-04-13T09:00:00.000Z,BEAR,LONG,0,7.875,IGNORE,0,WATCH,,0,0,0,NA,NA,NA,NA,NA,CLEAR,1,0,0,0,0,TREND_REVERSAL_UNCONFIRMED,0,0.45,LONG,1,0,0,0
BTCUSDT,1776074400000,2026-04-13T10:00:00.000Z,BEAR,LONG,0,7.875,IGNORE,0,WATCH,,0,0,0,NA,NA,NA,NA,NA,CLEAR,1,0,0,0,0,TREND_REVERSAL_UNCONFIRMED,0,0.45,LONG,1,0,0,0
BTCUSDT,1776078000000,2026-04-13T11:00:00.000Z,BEAR,LONG,17.5,12.909375,IGNORE,0,WATCH,,0,0,0,NA,NA,NA,NA,NA,CLEAR,1,0,0,0,0,TREND_REVERSAL_UNCONFIRMED,1,0.45,LONG,1,0,0,0
BTCUSDT,1776081600000,2026-04-13T12:00:00.000Z,NEUTRAL,NONE,0,7.875,IGNORE,0,WATCH,,0,0,0,NA,NA,NA,NA,NA,WARNING_SOFT,1,0,0,0,0,TREND_REVERSAL_UNCONFIRMED,0,0.45,NONE,1,0,0,0
BTCUSDT,1776085200000,2026-04-13T13:00:00.000Z,NEUTRAL,NONE,0,7.875,IGNORE,0,WATCH,,0,0,0,NA,NA,NA,NA,NA,CLEAR,1,0,0,0,0,TREND_REVERSAL_UNCONFIRMED,0,0.45,NONE,1,0,0,0
BTCUSDT,1776088800000,2026-04-13T14:00:00.000Z,NEUTRAL,NONE,0,7.875,IGNORE,0,WATCH,,0,0,0,NA,NA,NA,NA,NA,CLEAR,1,0,0,0,0,TREND_REVERSAL_UNCONFIRMED,0,0.45,NONE,1,0,0,0
BTCUSDT,1776092400000,2026-04-13T15:00:00.000Z,NEUTRAL,NONE,0,7.875,IGNORE,0,WATCH,,0,0,0,NA,NA,NA,NA,NA,CLEAR,1,0,0,0,0,TREND_REVERSAL_UNCONFIRMED,0,0.45,NONE,1,0,0,0
BTCUSDT,1776096000000,2026-04-13T16:00:00.000Z,NEUTRAL,NONE,0,7.875,IGNORE,0,WATCH,,0,0,0,NA,NA,NA,NA,NA,CLEAR,1,0,0,0,0,TREND_REVERSAL_UNCONFIRMED,0,0.45,NONE,1,0,0,0
BTCUSDT,1776099600000,2026-04-13T17:00:00.000Z,NEUTRAL,NONE,0,7.875,IGNORE,0,WATCH,,0,0,0,NA,NA,NA,NA,NA,CLEAR,1,0,0,0,0,TREND_REVERSAL_UNCONFIRMED,0,0.45,NONE,1,0,0,0
BTCUSDT,1776103200000,2026-04-13T18:00:00.000Z,NEUTRAL,NONE,0,7.875,IGNORE,0,WATCH,,0,0,0,NA,NA,NA,NA,NA,CLEAR,1,0,0,0,0,TREND_REVERSAL_UNCONFIRMED,0,0.45,NONE,1,0,0,0
BTCUSDT,1776106800000,2026-04-13T19:00:00.000Z,BULL,SHORT,42.5,18.534375,IGNORE,0,WATCH,,0,0,0,NA,NA,NA,NA,NA,CLEAR,1,0,0,0,0,TREND_REVERSAL_UNCONFIRMED,2,0.45,SHORT,1,0,0,0
BTCUSDT,1776110400000,2026-04-13T20:00:00.000Z,BULL,SHORT,55.38607997415153,51.296753756200275,WATCH,1,WATCH,ACTIVE,1,1,0,FAIL,PASS,SKIP,SKIP,PASS,CLEAR,1,0,0,0,0,MARKET_CONTEXT_DENIED,3,0.84,SHORT,0,1,0,0
BTCUSDT,1776114000000,2026-04-13T21:00:00.000Z,BULL,SHORT,17.5,12.909375,IGNORE,0,WATCH,,0,0,0,NA,NA,NA,NA,NA,CLEAR,1,0,0,0,0,TREND_REVERSAL_UNCONFIRMED,1,0.45,SHORT,1,0,0,0
BTCUSDT,1776117600000,2026-04-13T22:00:00.000Z,BULL,SHORT,57.08333333333333,51.54624999999999,WATCH,1,WATCH,ACTIVE,1,1,0,FAIL,PASS,SKIP,SKIP,PASS,CLEAR,1,0,0,0,0,MARKET_CONTEXT_DENIED,3,0.84,SHORT,0,1,0,0
BTCUSDT,1776121200000,2026-04-13T23:00:00.000Z,BULL,SHORT,52.62278441162879,50.89054930850943,WATCH,1,WATCH,ACTIVE,1,1,0,FAIL,PASS,SKIP,SKIP,PASS,CLEAR,1,0,0,0,0,MARKET_CONTEXT_DENIED,3,0.84,SHORT,0,1,0,0
BTCUSDT,1776124800000,2026-04-14T00:00:00.000Z,BULL,SHORT,42.5,18.534375,IGNORE,0,WATCH,,0,0,0,NA,NA,NA,NA,NA,CLEAR,1,0,0,0,0,TREND_REVERSAL_UNCONFIRMED,2,0.45,SHORT,1,0,0,0
BTCUSDT,1776128400000,2026-04-14T01:00:00.000Z,BULL,SHORT,17.5,12.909375,IGNORE,0,WATCH,,0,0,0,NA,NA,NA,NA,NA,CLEAR,1,0,0,0,0,TREND_REVERSAL_UNCONFIRMED,1,0.45,SHORT,1,0,0,0
BTCUSDT,1776132000000,2026-04-14T02:00:00.000Z,BULL,SHORT,0,7.875,IGNORE,0,WATCH,,0,0,0,NA,NA,NA,NA,NA,CLEAR,1,0,0,0,0,TREND_REVERSAL_UNCONFIRMED,0,0.45,SHORT,1,0,0,0
BTCUSDT,1776135600000,2026-04-14T03:00:00.000Z,BULL,SHORT,25,13.5,IGNORE,0,WATCH,,0,0,0,NA,NA,NA,NA,NA,CLEAR,1,0,0,0,0,TREND_REVERSAL_UNCONFIRMED,1,0.45,SHORT,1,0,0,0
BTCUSDT,1776139200000,2026-04-14T04:00:00.000Z,BULL,SHORT,0,7.875,IGNORE,0,WATCH,,0,0,0,NA,NA,NA,NA,NA,CLEAR,1,0,0,0,0,TREND_REVERSAL_UNCONFIRMED,0,0.45,SHORT,1,0,0,0
BTCUSDT,1776142800000,2026-04-14T05:00:00.000Z,BULL,SHORT,0,7.875,IGNORE,0,WATCH,,0,0,0,NA,NA,NA,NA,NA,CLEAR,1,0,0,0,0,TREND_REVERSAL_UNCONFIRMED,0,0.45,SHORT,1,0,0,0
BTCUSDT,1776146400000,2026-04-14T06:00:00.000Z,BULL,SHORT,0,7.875,IGNORE,0,WATCH,,0,0,0,NA,NA,NA,NA,NA,CLEAR,1,0,0,0,0,TREND_REVERSAL_UNCONFIRMED,0,0.45,SHORT,1,0,0,0
BTCUSDT,1776150000000,2026-04-14T07:00:00.000Z,BULL,SHORT,0,7.875,IGNORE,0,WATCH,,0,0,0,NA,NA,NA,NA,NA,CLEAR,1,0,0,0,0,TREND_REVERSAL_UNCONFIRMED,0,0.45,SHORT,1,0,0,0
BTCUSDT,1776153600000,2026-04-14T08:00:00.000Z,BULL,SHORT,14.583333333333332,12.6796875,IGNORE,0,WATCH,,0,0,0,NA,NA,NA,NA,NA,CLEAR,1,0,0,0,0,TREND_REVERSAL_UNCONFIRMED,1,0.45,SHORT,1,0,0,0
BTCUSDT,1776157200000,2026-04-14T09:00:00.000Z,BULL,SHORT,0,7.875,IGNORE,0,WATCH,,0,0,0,NA,NA,NA,NA,NA,CLEAR,1,0,0,0,0,TREND_REVERSAL_UNCONFIRMED,0,0.45,SHORT,1,0,0,0
BTCUSDT,1776160800000,2026-04-14T10:00:00.000Z,BULL,SHORT,0,7.875,IGNORE,0,WATCH,,0,0,0,NA,NA,NA,NA,NA,CLEAR,1,0,0,0,0,TREND_REVERSAL_UNCONFIRMED,0,0.45,SHORT,1,0,0,0
BTCUSDT,1776164400000,2026-04-14T11:00:00.000Z,BULL,SHORT,0,7.875,IGNORE,0,WATCH,,0,0,0,NA,NA,NA,NA,NA,CLEAR,1,0,0,0,0,TREND_REVERSAL_UNCONFIRMED,0,0.45,SHORT,1,0,0,0
BTCUSDT,1776168000000,2026-04-14T12:00:00.000Z,BULL,SHORT,0,7.875,IGNORE,0,WATCH,,0,0,0,NA,NA,NA,NA,NA,WARNING_SOFT,1,0,0,0,0,TREND_REVERSAL_UNCONFIRMED,0,0.45,SHORT,1,0,0,0
BTCUSDT,1776171600000,2026-04-14T13:00:00.000Z,BULL,SHORT,37.84722222222222,18.16796875,IGNORE,0,WATCH,,0,0,0,NA,NA,NA,NA,NA,CLEAR,1,1,0,0,0,TREND_REVERSAL_UNCONFIRMED,2,0.45,SHORT,1,0,0,0
BTCUSDT,1776175200000,2026-04-14T14:00:00.000Z,BULL,SHORT,25,13.5,IGNORE,0,WATCH,,0,0,0,NA,NA,NA,NA,NA,CLEAR,1,0,0,0,0,TREND_REVERSAL_UNCONFIRMED,1,0.45,SHORT,1,0,0,0
BTCUSDT,1776178800000,2026-04-14T15:00:00.000Z,BULL,SHORT,21.19416786234928,13.200290719160005,IGNORE,0,WATCH,,0,0,0,NA,NA,NA,NA,NA,CLEAR,1,1,0,0,0,TREND_REVERSAL_UNCONFIRMED,1,0.45,SHORT,1,0,0,0
BTCUSDT,1776182400000,2026-04-14T16:00:00.000Z,BULL,SHORT,41.10602620748577,18.424599563839504,IGNORE,0,WATCH,,0,0,0,NA,NA,NA,NA,NA,CLEAR,1,0,0,0,0,TREND_REVERSAL_UNCONFIRMED,2,0.45,SHORT,1,0,0,0
BTCUSDT,1776186000000,2026-04-14T17:00:00.000Z,BULL,SHORT,0,7.875,IGNORE,0,WATCH,,0,0,0,NA,NA,NA,NA,NA,WARNING_SOFT,1,0,0,0,0,TREND_REVERSAL_UNCONFIRMED,0,0.45,SHORT,1,0,0,0
BTCUSDT,1776189600000,2026-04-14T18:00:00.000Z,NEUTRAL,NONE,0,7.875,IGNORE,0,WATCH,,0,0,0,NA,NA,NA,NA,NA,WARNING_SOFT,1,0,0,0,0,TREND_REVERSAL_UNCONFIRMED,0,0.45,NONE,1,0,0,0
BTCUSDT,1776193200000,2026-04-14T19:00:00.000Z,NEUTRAL,NONE,0,7.875,IGNORE,0,WATCH,,0,0,0,NA,NA,NA,NA,NA,WARNING_SOFT,1,0,0,0,0,TREND_REVERSAL_UNCONFIRMED,0,0.45,NONE,1,0,0,0
BTCUSDT,1776196800000,2026-04-14T20:00:00.000Z,NEUTRAL,NONE,0,7.875,IGNORE,0,WATCH,,0,0,0,NA,NA,NA,NA,NA,WARNING_SOFT,1,0,0,0,0,TREND_REVERSAL_UNCONFIRMED,0,0.45,NONE,1,0,0,0
BTCUSDT,1776200400000,2026-04-14T21:00:00.000Z,NEUTRAL,NONE,0,7.875,IGNORE,0,WATCH,,0,0,0,NA,NA,NA,NA,NA,WARNING_SOFT,1,0,0,0,0,TREND_REVERSAL_UNCONFIRMED,0,0.45,NONE,1,0,0,0
BTCUSDT,1776204000000,2026-04-14T22:00:00.000Z,NEUTRAL,NONE,0,7.875,IGNORE,0,WATCH,,0,0,0,NA,NA,NA,NA,NA,WARNING_SOFT,1,0,0,0,0,TREND_REVERSAL_UNCONFIRMED,0,0.45,NONE,1,0,0,0
BTCUSDT,1776207600000,2026-04-14T23:00:00.000Z,NEUTRAL,NONE,0,7.875,IGNORE,0,WATCH,,0,0,0,NA,NA,NA,NA,NA,WARNING_SOFT,1,0,0,0,0,TREND_REVERSAL_UNCONFIRMED,0,0.45,NONE,1,0,0,0
BTCUSDT,1776211200000,2026-04-15T00:00:00.000Z,BULL,SHORT,0,7.875,IGNORE,0,WATCH,,0,0,0,NA,NA,NA,NA,NA,WARNING_SOFT,1,0,0,0,0,TREND_REVERSAL_UNCONFIRMED,0,0.45,SHORT,1,0,0,0
BTCUSDT,1776214800000,2026-04-15T01:00:00.000Z,BULL,SHORT,0,7.875,IGNORE,0,WATCH,,0,0,0,NA,NA,NA,NA,NA,CLEAR,1,0,0,0,0,TREND_REVERSAL_UNCONFIRMED,0,0.45,SHORT,1,0,0,0
BTCUSDT,1776218400000,2026-04-15T02:00:00.000Z,BULL,SHORT,25,13.5,IGNORE,0,WATCH,,0,0,0,NA,NA,NA,NA,NA,WARNING_SOFT,1,0,0,0,0,TREND_REVERSAL_UNCONFIRMED,1,0.45,SHORT,1,0,0,0
BTCUSDT,1776222000000,2026-04-15T03:00:00.000Z,BULL,SHORT,0,7.875,IGNORE,0,WATCH,,0,0,0,NA,NA,NA,NA,NA,WARNING_SOFT,1,0,0,0,0,TREND_REVERSAL_UNCONFIRMED,0,0.45,SHORT,1,0,0,0
BTCUSDT,1776225600000,2026-04-15T04:00:00.000Z,BULL,SHORT,17.5,12.909375,IGNORE,0,WATCH,,0,0,0,NA,NA,NA,NA,NA,WARNING_SOFT,1,0,0,0,0,TREND_REVERSAL_UNCONFIRMED,1,0.45,SHORT,1,0,0,0
BTCUSDT,1776229200000,2026-04-15T05:00:00.000Z,NEUTRAL,NONE,0,7.875,IGNORE,0,WATCH,,0,0,0,NA,NA,NA,NA,NA,BLOCK,0,0,0,0,0,TREND_REVERSAL_UNCONFIRMED,0,0.45,NONE,1,0,0,0
BTCUSDT,1776232800000,2026-04-15T06:00:00.000Z,NEUTRAL,NONE,0,7.875,IGNORE,0,WATCH,,0,0,0,NA,NA,NA,NA,NA,WARNING_SOFT,1,0,0,0,0,TREND_REVERSAL_UNCONFIRMED,0,0.45,NONE,1,0,0,0
BTCUSDT,1776236400000,2026-04-15T07:00:00.000Z,NEUTRAL,NONE,0,7.875,IGNORE,0,WATCH,,0,0,0,NA,NA,NA,NA,NA,BLOCK,0,0,0,0,0,TREND_REVERSAL_UNCONFIRMED,0,0.45,NONE,1,0,0,0
BTCUSDT,1776240000000,2026-04-15T08:00:00.000Z,NEUTRAL,NONE,0,7.875,IGNORE,0,WATCH,,0,0,0,NA,NA,NA,NA,NA,WARNING_SOFT,1,0,0,0,0,TREND_REVERSAL_UNCONFIRMED,0,0.45,NONE,1,0,0,0
BTCUSDT,1776243600000,2026-04-15T09:00:00.000Z,NEUTRAL,NONE,0,7.875,IGNORE,0,WATCH,,0,0,0,NA,NA,NA,NA,NA,WARNING_SOFT,1,0,0,0,0,TREND_REVERSAL_UNCONFIRMED,0,0.45,NONE,1,0,0,0
BTCUSDT,1776247200000,2026-04-15T10:00:00.000Z,NEUTRAL,NONE,0,7.875,IGNORE,0,WATCH,,0,0,0,NA,NA,NA,NA,NA,WARNING_SOFT,1,0,0,0,0,TREND_REVERSAL_UNCONFIRMED,0,0.45,NONE,1,0,0,0
BTCUSDT,1776250800000,2026-04-15T11:00:00.000Z,BULL,SHORT,17.5,12.909375,IGNORE,0,WATCH,,0,0,0,NA,NA,NA,NA,NA,WARNING_SOFT,1,0,0,0,0,TREND_REVERSAL_UNCONFIRMED,1,0.45,SHORT,1,0,0,0
BTCUSDT,1776254400000,2026-04-15T12:00:00.000Z,BULL,SHORT,17.5,12.909375,IGNORE,0,WATCH,,0,0,0,NA,NA,NA,NA,NA,CLEAR,1,0,0,0,0,TREND_REVERSAL_UNCONFIRMED,1,0.45,SHORT,1,0,0,0
BTCUSDT,1776258000000,2026-04-15T13:00:00.000Z,NEUTRAL,NONE,0,7.875,IGNORE,0,WATCH,,0,0,0,NA,NA,NA,NA,NA,WARNING_SOFT,1,0,0,0,0,TREND_REVERSAL_UNCONFIRMED,0,0.45,NONE,1,0,0,0
BTCUSDT,1776261600000,2026-04-15T14:00:00.000Z,NEUTRAL,NONE,0,7.875,IGNORE,0,WATCH,,0,0,0,NA,NA,NA,NA,NA,BLOCK,0,0,0,0,0,TREND_REVERSAL_UNCONFIRMED,0,0.45,NONE,1,0,0,0
BTCUSDT,1776265200000,2026-04-15T15:00:00.000Z,NEUTRAL,NONE,0,7.875,IGNORE,0,WATCH,,0,0,0,NA,NA,NA,NA,NA,WARNING_SOFT,1,0,1,0,0,TREND_REVERSAL_UNCONFIRMED,0,0.45,NONE,1,0,0,0
BTCUSDT,1776268800000,2026-04-15T16:00:00.000Z,NEUTRAL,NONE,0,7.875,IGNORE,0,WATCH,,0,0,0,NA,NA,NA,NA,NA,WARNING_SOFT,1,0,0,0,0,TREND_REVERSAL_UNCONFIRMED,0,0.45,NONE,1,0,0,0
BTCUSDT,1776272400000,2026-04-15T17:00:00.000Z,BULL,SHORT,17.5,12.909375,IGNORE,0,WATCH,,0,0,0,NA,NA,NA,NA,NA,WARNING_SOFT,1,0,0,0,0,TREND_REVERSAL_UNCONFIRMED,1,0.45,SHORT,1,0,0,0
BTCUSDT,1776276000000,2026-04-15T18:00:00.000Z,BULL,SHORT,17.5,12.909375,IGNORE,0,WATCH,,0,0,0,NA,NA,NA,NA,NA,CLEAR,1,0,0,0,0,TREND_REVERSAL_UNCONFIRMED,1,0.45,SHORT,1,0,0,0
BTCUSDT,1776279600000,2026-04-15T19:00:00.000Z,BULL,SHORT,42.5,18.534375,IGNORE,0,WATCH,,0,0,0,NA,NA,NA,NA,NA,CLEAR,1,1,0,0,0,TREND_REVERSAL_UNCONFIRMED,2,0.45,SHORT,1,0,0,0
BTCUSDT,1776283200000,2026-04-15T20:00:00.000Z,BULL,SHORT,55.32155175048737,51.287268107321644,WATCH,1,WATCH,ACTIVE,1,1,0,FAIL,PASS,SKIP,SKIP,PASS,CLEAR,1,0,0,0,0,MARKET_CONTEXT_DENIED,3,0.84,SHORT,0,1,0,0
BTCUSDT,1776286800000,2026-04-15T21:00:00.000Z,BULL,SHORT,17.5,12.909375,IGNORE,0,WATCH,,0,0,0,NA,NA,NA,NA,NA,CLEAR,1,0,0,0,0,TREND_REVERSAL_UNCONFIRMED,1,0.45,SHORT,1,0,0,0
BTCUSDT,1776290400000,2026-04-15T22:00:00.000Z,BULL,SHORT,33.77999702412461,17.847674765649813,IGNORE,0,WATCH,,0,0,0,NA,NA,NA,NA,NA,CLEAR,1,0,0,0,0,TREND_REVERSAL_UNCONFIRMED,2,0.45,SHORT,1,0,0,0
BTCUSDT,1776294000000,2026-04-15T23:00:00.000Z,BULL,SHORT,17.5,12.909375,IGNORE,0,WATCH,,0,0,0,NA,NA,NA,NA,NA,CLEAR,1,0,0,0,0,TREND_REVERSAL_UNCONFIRMED,1,0.45,SHORT,1,0,0,0
BTCUSDT,1776297600000,2026-04-16T00:00:00.000Z,BULL,SHORT,17.5,12.909375,IGNORE,0,WATCH,,0,0,0,NA,NA,NA,NA,NA,CLEAR,1,0,0,0,0,TREND_REVERSAL_UNCONFIRMED,1,0.45,SHORT,1,0,0,0
BTCUSDT,1776301200000,2026-04-16T01:00:00.000Z,BULL,SHORT,0,7.875,IGNORE,0,WATCH,,0,0,0,NA,NA,NA,NA,NA,CLEAR,1,0,0,0,0,TREND_REVERSAL_UNCONFIRMED,0,0.45,SHORT,1,0,0,0
BTCUSDT,1776304800000,2026-04-16T02:00:00.000Z,BULL,SHORT,0,7.875,IGNORE,0,WATCH,,0,0,0,NA,NA,NA,NA,NA,CLEAR,1,0,0,0,0,TREND_REVERSAL_UNCONFIRMED,0,0.45,SHORT,1,0,0,0
BTCUSDT,1776308400000,2026-04-16T03:00:00.000Z,BULL,SHORT,0,7.875,IGNORE,0,WATCH,,0,0,0,NA,NA,NA,NA,NA,CLEAR,1,0,0,0,0,TREND_REVERSAL_UNCONFIRMED,0,0.45,SHORT,1,0,0,0
BTCUSDT,1776312000000,2026-04-16T04:00:00.000Z,BULL,SHORT,15.351606786738191,12.740189034455632,IGNORE,0,WATCH,,0,0,0,NA,NA,NA,NA,NA,CLEAR,1,0,0,0,0,TREND_REVERSAL_UNCONFIRMED,1,0.45,SHORT,1,0,0,0
BTCUSDT,1776315600000,2026-04-16T05:00:00.000Z,BULL,SHORT,30.34722222222222,17.57734375,IGNORE,0,WATCH,,0,0,0,NA,NA,NA,NA,NA,CLEAR,1,0,0,0,0,TREND_REVERSAL_UNCONFIRMED,2,0.45,SHORT,1,0,0,0
BTCUSDT,1776319200000,2026-04-16T06:00:00.000Z,BULL,SHORT,17.5,12.909375,IGNORE,0,WATCH,,0,0,0,NA,NA,NA,NA,NA,CLEAR,1,0,0,0,0,TREND_REVERSAL_UNCONFIRMED,1,0.45,SHORT,1,0,0,0
BTCUSDT,1776322800000,2026-04-16T07:00:00.000Z,BULL,SHORT,17.5,12.909375,IGNORE,0,WATCH,,0,0,0,NA,NA,NA,NA,NA,CLEAR,1,0,0,0,0,TREND_REVERSAL_UNCONFIRMED,1,0.45,SHORT,1,0,0,0
BTCUSDT,1776326400000,2026-04-16T08:00:00.000Z,BULL,SHORT,17.5,12.909375,IGNORE,0,WATCH,,0,0,0,NA,NA,NA,NA,NA,BLOCK,0,0,0,0,0,TREND_REVERSAL_UNCONFIRMED,1,0.45,SHORT,1,0,0,0
BTCUSDT,1776330000000,2026-04-16T09:00:00.000Z,NEUTRAL,NONE,0,7.875,IGNORE,0,WATCH,,0,0,0,NA,NA,NA,NA,NA,WARNING_SOFT,1,0,0,0,0,TREND_REVERSAL_UNCONFIRMED,0,0.45,NONE,1,0,0,0
BTCUSDT,1776333600000,2026-04-16T10:00:00.000Z,NEUTRAL,NONE,0,7.875,IGNORE,0,WATCH,,0,0,0,NA,NA,NA,NA,NA,BLOCK,0,0,0,0,0,TREND_REVERSAL_UNCONFIRMED,0,0.45,NONE,1,0,0,0
BTCUSDT,1776337200000,2026-04-16T11:00:00.000Z,NEUTRAL,NONE,0,7.875,IGNORE,0,WATCH,,0,0,0,NA,NA,NA,NA,NA,WARNING_SOFT,1,0,0,0,0,TREND_REVERSAL_UNCONFIRMED,0,0.45,NONE,1,0,0,0
BTCUSDT,1776340800000,2026-04-16T12:00:00.000Z,NEUTRAL,NONE,0,7.875,IGNORE,0,WATCH,,0,0,0,NA,NA,NA,NA,NA,BLOCK,0,0,0,0,0,TREND_REVERSAL_UNCONFIRMED,0,0.45,NONE,1,0,0,0
BTCUSDT,1776344400000,2026-04-16T13:00:00.000Z,NEUTRAL,NONE,0,7.875,IGNORE,0,WATCH,,0,0,0,NA,NA,NA,NA,NA,BLOCK,0,0,0,0,0,TREND_REVERSAL_UNCONFIRMED,0,0.45,NONE,1,0,0,0
BTCUSDT,1776348000000,2026-04-16T14:00:00.000Z,NEUTRAL,NONE,0,7.875,IGNORE,0,WATCH,,0,0,0,NA,NA,NA,NA,NA,BLOCK,0,0,0,0,0,TREND_REVERSAL_UNCONFIRMED,0,0.45,NONE,1,0,0,0
BTCUSDT,1776351600000,2026-04-16T15:00:00.000Z,BULL,SHORT,42.5,18.534375,IGNORE,0,WATCH,,0,0,0,NA,NA,NA,NA,NA,BLOCK,0,0,0,0,0,TREND_REVERSAL_UNCONFIRMED,2,0.45,SHORT,1,0,0,0
BTCUSDT,1776355200000,2026-04-16T16:00:00.000Z,NEUTRAL,NONE,0,7.875,IGNORE,0,WATCH,,0,0,0,NA,NA,NA,NA,NA,WARNING_SOFT,1,0,0,0,0,TREND_REVERSAL_UNCONFIRMED,0,0.45,NONE,1,0,0,0
BTCUSDT,1776358800000,2026-04-16T17:00:00.000Z,NEUTRAL,NONE,0,7.875,IGNORE,0,WATCH,,0,0,0,NA,NA,NA,NA,NA,WARNING_SOFT,1,0,0,0,0,TREND_REVERSAL_UNCONFIRMED,0,0.45,NONE,1,0,0,0
BTCUSDT,1776362400000,2026-04-16T18:00:00.000Z,BULL,SHORT,17.5,12.909375,IGNORE,0,WATCH,,0,0,0,NA,NA,NA,NA,NA,WARNING_SOFT,1,0,0,0,0,TREND_REVERSAL_UNCONFIRMED,1,0.45,SHORT,1,0,0,0
BTCUSDT,1776366000000,2026-04-16T19:00:00.000Z,BULL,SHORT,31.23613075387891,17.647345296867964,IGNORE,0,WATCH,,0,0,0,NA,NA,NA,NA,NA,CLEAR,1,0,0,0,0,TREND_REVERSAL_UNCONFIRMED,2,0.45,SHORT,1,0,0,0
BTCUSDT,1776369600000,2026-04-16T20:00:00.000Z,BULL,SHORT,17.5,12.909375,IGNORE,0,WATCH,,0,0,0,NA,NA,NA,NA,NA,CLEAR,1,0,0,0,0,TREND_REVERSAL_UNCONFIRMED,1,0.45,SHORT,1,0,0,0
BTCUSDT,1776373200000,2026-04-16T21:00:00.000Z,BULL,SHORT,17.5,12.909375,IGNORE,0,WATCH,,0,0,0,NA,NA,NA,NA,NA,CLEAR,1,0,0,0,0,TREND_REVERSAL_UNCONFIRMED,1,0.45,SHORT,1,0,0,0
BTCUSDT,1776376800000,2026-04-16T22:00:00.000Z,BULL,SHORT,17.5,12.909375,IGNORE,0,WATCH,,0,0,0,NA,NA,NA,NA,NA,CLEAR,1,0,0,0,0,TREND_REVERSAL_UNCONFIRMED,1,0.45,SHORT,1,0,0,0
BTCUSDT,1776380400000,2026-04-16T23:00:00.000Z,BULL,SHORT,0,7.875,IGNORE,0,WATCH,,0,0,0,NA,NA,NA,NA,NA,CLEAR,1,0,0,0,0,TREND_REVERSAL_UNCONFIRMED,0,0.45,SHORT,1,0,0,0
BTCUSDT,1776384000000,2026-04-17T00:00:00.000Z,BULL,SHORT,25,13.5,IGNORE,0,WATCH,,0,0,0,NA,NA,NA,NA,NA,CLEAR,1,0,0,0,0,TREND_REVERSAL_UNCONFIRMED,1,0.45,SHORT,1,0,0,0
BTCUSDT,1776387600000,2026-04-17T01:00:00.000Z,NEUTRAL,NONE,0,7.875,IGNORE,0,WATCH,,0,0,0,NA,NA,NA,NA,NA,WARNING_SOFT,1,0,0,0,0,TREND_REVERSAL_UNCONFIRMED,0,0.45,NONE,1,0,0,0
BTCUSDT,1776391200000,2026-04-17T02:00:00.000Z,NEUTRAL,NONE,0,7.875,IGNORE,0,WATCH,,0,0,0,NA,NA,NA,NA,NA,WARNING_SOFT,1,0,0,0,0,TREND_REVERSAL_UNCONFIRMED,0,0.45,NONE,1,0,0,0
BTCUSDT,1776394800000,2026-04-17T03:00:00.000Z,NEUTRAL,NONE,0,7.875,IGNORE,0,WATCH,,0,0,0,NA,NA,NA,NA,NA,WARNING_SOFT,1,0,0,0,0,TREND_REVERSAL_UNCONFIRMED,0,0.45,NONE,1,0,0,0
BTCUSDT,1776398400000,2026-04-17T04:00:00.000Z,BULL,SHORT,0,7.875,IGNORE,0,WATCH,,0,0,0,NA,NA,NA,NA,NA,WARNING_SOFT,1,0,0,0,0,TREND_REVERSAL_UNCONFIRMED,0,0.45,SHORT,1,0,0,0
BTCUSDT,1776402000000,2026-04-17T05:00:00.000Z,NEUTRAL,NONE,0,7.875,IGNORE,0,WATCH,,0,0,0,NA,NA,NA,NA,NA,WARNING_SOFT,1,0,0,0,0,TREND_REVERSAL_UNCONFIRMED,0,0.45,NONE,1,0,0,0
BTCUSDT,1776405600000,2026-04-17T06:00:00.000Z,BULL,SHORT,0,7.875,IGNORE,0,WATCH,,0,0,0,NA,NA,NA,NA,NA,WARNING_SOFT,1,0,0,0,0,TREND_REVERSAL_UNCONFIRMED,0,0.45,SHORT,1,0,0,0
BTCUSDT,1776409200000,2026-04-17T07:00:00.000Z,BULL,SHORT,0,7.875,IGNORE,0,WATCH,,0,0,0,NA,NA,NA,NA,NA,CLEAR,1,0,0,0,0,TREND_REVERSAL_UNCONFIRMED,0,0.45,SHORT,1,0,0,0
BTCUSDT,1776412800000,2026-04-17T08:00:00.000Z,BULL,SHORT,25,13.5,IGNORE,0,WATCH,,0,0,0,NA,NA,NA,NA,NA,CLEAR,1,1,0,0,0,TREND_REVERSAL_UNCONFIRMED,1,0.45,SHORT,1,0,0,0
BTCUSDT,1776416400000,2026-04-17T09:00:00.000Z,BULL,SHORT,25,13.5,IGNORE,0,WATCH,,0,0,0,NA,NA,NA,NA,NA,CLEAR,1,0,0,0,0,TREND_REVERSAL_UNCONFIRMED,1,0.45,SHORT,1,0,0,0
BTCUSDT,1776420000000,2026-04-17T10:00:00.000Z,BULL,SHORT,49.60680392227337,19.094035808879028,IGNORE,0,WATCH,,0,0,0,NA,NA,NA,NA,NA,CLEAR,1,0,0,0,0,TREND_REVERSAL_UNCONFIRMED,2,0.45,SHORT,1,0,0,0
BTCUSDT,1776423600000,2026-04-17T11:00:00.000Z,BULL,SHORT,0,7.875,IGNORE,0,WATCH,,0,0,0,NA,NA,NA,NA,NA,CLEAR,1,0,0,0,0,TREND_REVERSAL_UNCONFIRMED,0,0.45,SHORT,1,0,0,0
BTCUSDT,1776427200000,2026-04-17T12:00:00.000Z,BULL,SHORT,25,13.5,IGNORE,0,WATCH,,0,0,0,NA,NA,NA,NA,NA,CLEAR,1,0,0,0,0,TREND_REVERSAL_UNCONFIRMED,1,0.45,SHORT,1,0,0,0
BTCUSDT,1776430800000,2026-04-17T13:00:00.000Z,BULL,SHORT,25,13.5,IGNORE,0,WATCH,,0,0,0,NA,NA,NA,NA,NA,CLEAR,1,1,0,0,0,TREND_REVERSAL_UNCONFIRMED,1,0.45,SHORT,1,0,0,0
BTCUSDT,1776434400000,2026-04-17T14:00:00.000Z,BULL,SHORT,37.84722222222222,18.16796875,IGNORE,0,WATCH,,0,0,0,NA,NA,NA,NA,NA,CLEAR,1,1,0,0,0,TREND_REVERSAL_UNCONFIRMED,2,0.45,SHORT,1,0,0,0
BTCUSDT,1776438000000,2026-04-17T15:00:00.000Z,BULL,SHORT,15.53964448357524,12.75499700308155,IGNORE,0,WATCH,,0,0,0,NA,NA,NA,NA,NA,CLEAR,1,0,0,0,0,TREND_REVERSAL_UNCONFIRMED,1,0.45,SHORT,1,0,0,0
BTCUSDT,1776441600000,2026-04-17T16:00:00.000Z,BULL,SHORT,30.754266046885707,17.609398451192252,IGNORE,0,WATCH,,0,0,0,NA,NA,NA,NA,NA,CLEAR,1,1,0,0,0,TREND_REVERSAL_UNCONFIRMED,2,0.45,SHORT,1,0,0,0
BTCUSDT,1776445200000,2026-04-17T17:00:00.000Z,BULL,SHORT,0,7.875,IGNORE,0,WATCH,,0,0,0,NA,NA,NA,NA,NA,CLEAR,1,0,0,0,0,TREND_REVERSAL_UNCONFIRMED,0,0.45,SHORT,1,0,0,0
BTCUSDT,1776448800000,2026-04-17T18:00:00.000Z,BULL,SHORT,25,13.5,IGNORE,0,WATCH,,0,0,0,NA,NA,NA,NA,NA,CLEAR,1,0,0,0,0,TREND_REVERSAL_UNCONFIRMED,1,0.45,SHORT,1,0,0,0
BTCUSDT,1776452400000,2026-04-17T19:00:00.000Z,BULL,SHORT,0,7.875,IGNORE,0,WATCH,,0,0,0,NA,NA,NA,NA,NA,CLEAR,1,0,0,0,0,TREND_REVERSAL_UNCONFIRMED,0,0.45,SHORT,1,0,0,0
BTCUSDT,1776456000000,2026-04-17T20:00:00.000Z,BULL,SHORT,0,7.875,IGNORE,0,WATCH,,0,0,0,NA,NA,NA,NA,NA,CLEAR,1,0,0,0,0,TREND_REVERSAL_UNCONFIRMED,0,0.45,SHORT,1,0,0,0
BTCUSDT,1776459600000,2026-04-17T21:00:00.000Z,BULL,SHORT,0,7.875,IGNORE,0,WATCH,,0,0,0,NA,NA,NA,NA,NA,CLEAR,1,0,0,0,0,TREND_REVERSAL_UNCONFIRMED,0,0.45,SHORT,1,0,0,0
BTCUSDT,1776463200000,2026-04-17T22:00:00.000Z,BULL,SHORT,20.837825,13.17222871875,IGNORE,0,WATCH,,0,0,0,NA,NA,NA,NA,NA,CLEAR,1,0,0,0,0,TREND_REVERSAL_UNCONFIRMED,1,0.45,SHORT,1,0,0,0
BTCUSDT,1776466800000,2026-04-17T23:00:00.000Z,BULL,SHORT,0,7.875,IGNORE,0,WATCH,,0,0,0,NA,NA,NA,NA,NA,WARNING_SOFT,1,0,0,0,0,TREND_REVERSAL_UNCONFIRMED,0,0.45,SHORT,1,0,0,0
BTCUSDT,1776470400000,2026-04-18T00:00:00.000Z,BULL,SHORT,0,7.875,IGNORE,0,WATCH,,0,0,0,NA,NA,NA,NA,NA,WARNING_SOFT,1,0,0,0,0,TREND_REVERSAL_UNCONFIRMED,0,0.45,SHORT,1,0,0,0
BTCUSDT,1776474000000,2026-04-18T01:00:00.000Z,BULL,SHORT,0,7.875,IGNORE,0,WATCH,,0,0,0,NA,NA,NA,NA,NA,CLEAR,1,0,0,0,0,TREND_REVERSAL_UNCONFIRMED,0,0.45,SHORT,1,0,0,0
BTCUSDT,1776477600000,2026-04-18T02:00:00.000Z,BULL,SHORT,0,7.875,IGNORE,0,WATCH,,0,0,0,NA,NA,NA,NA,NA,CLEAR,1,0,0,0,0,TREND_REVERSAL_UNCONFIRMED,0,0.45,SHORT,1,0,0,0
BTCUSDT,1776481200000,2026-04-18T03:00:00.000Z,BULL,SHORT,25,13.5,IGNORE,0,WATCH,,0,0,0,NA,NA,NA,NA,NA,WARNING_SOFT,1,0,0,0,0,TREND_REVERSAL_UNCONFIRMED,1,0.45,SHORT,1,0,0,0
BTCUSDT,1776484800000,2026-04-18T04:00:00.000Z,BULL,SHORT,0,7.875,IGNORE,0,WATCH,,0,0,0,NA,NA,NA,NA,NA,WARNING_SOFT,1,0,0,0,0,TREND_REVERSAL_UNCONFIRMED,0,0.45,SHORT,1,0,0,0
BTCUSDT,1776488400000,2026-04-18T05:00:00.000Z,BULL,SHORT,17.5,12.909375,IGNORE,0,WATCH,,0,0,0,NA,NA,NA,NA,NA,WARNING_SOFT,1,0,0,0,0,TREND_REVERSAL_UNCONFIRMED,1,0.45,SHORT,1,0,0,0
BTCUSDT,1776492000000,2026-04-18T06:00:00.000Z,BULL,SHORT,39.9581,18.334200374999998,IGNORE,0,WATCH,,0,0,0,NA,NA,NA,NA,NA,WARNING_SOFT,1,0,0,0,0,TREND_REVERSAL_UNCONFIRMED,2,0.45,SHORT,1,0,0,0
BTCUSDT,1776495600000,2026-04-18T07:00:00.000Z,BULL,SHORT,17.5,12.909375,IGNORE,0,WATCH,,0,0,0,NA,NA,NA,NA,NA,WARNING_SOFT,1,0,0,0,0,TREND_REVERSAL_UNCONFIRMED,1,0.45,SHORT,1,0,0,0
BTCUSDT,1776499200000,2026-04-18T08:00:00.000Z,NEUTRAL,NONE,0,7.875,IGNORE,0,WATCH,,0,0,0,NA,NA,NA,NA,NA,BLOCK,0,0,0,0,0,TREND_REVERSAL_UNCONFIRMED,0,0.45,NONE,1,0,0,0
BTCUSDT,1776502800000,2026-04-18T09:00:00.000Z,NEUTRAL,NONE,0,7.875,IGNORE,0,WATCH,,0,0,0,NA,NA,NA,NA,NA,BLOCK,0,0,0,0,0,TREND_REVERSAL_UNCONFIRMED,0,0.45,NONE,1,0,0,0
BTCUSDT,1776506400000,2026-04-18T10:00:00.000Z,NEUTRAL,NONE,0,7.875,IGNORE,0,WATCH,,0,0,0,NA,NA,NA,NA,NA,BLOCK,0,0,0,0,0,TREND_REVERSAL_UNCONFIRMED,0,0.45,NONE,1,0,0,0
BTCUSDT,1776510000000,2026-04-18T11:00:00.000Z,NEUTRAL,NONE,0,7.875,IGNORE,0,WATCH,,0,0,0,NA,NA,NA,NA,NA,BLOCK,0,0,1,0,0,TREND_REVERSAL_UNCONFIRMED,0,0.45,NONE,1,0,0,0
BTCUSDT,1776513600000,2026-04-18T12:00:00.000Z,NEUTRAL,NONE,0,7.875,IGNORE,0,WATCH,,0,0,0,NA,NA,NA,NA,NA,BLOCK,0,0,0,0,0,TREND_REVERSAL_UNCONFIRMED,0,0.45,NONE,1,0,0,0
BTCUSDT,1776517200000,2026-04-18T13:00:00.000Z,NEUTRAL,NONE,0,7.875,IGNORE,0,WATCH,,0,0,0,NA,NA,NA,NA,NA,WARNING_SOFT,1,0,0,0,0,TREND_REVERSAL_UNCONFIRMED,0,0.45,NONE,1,0,0,0
BTCUSDT,1776520800000,2026-04-18T14:00:00.000Z,NEUTRAL,NONE,0,7.875,IGNORE,0,WATCH,,0,0,0,NA,NA,NA,NA,NA,WARNING_SOFT,1,0,0,0,0,TREND_REVERSAL_UNCONFIRMED,0,0.45,NONE,1,0,0,0
BTCUSDT,1776524400000,2026-04-18T15:00:00.000Z,NEUTRAL,NONE,0,7.875,IGNORE,0,WATCH,,0,0,0,NA,NA,NA,NA,NA,WARNING_SOFT,1,0,0,0,0,TREND_REVERSAL_UNCONFIRMED,0,0.45,NONE,1,0,0,0
BTCUSDT,1776528000000,2026-04-18T16:00:00.000Z,NEUTRAL,NONE,0,7.875,IGNORE,0,WATCH,,0,0,0,NA,NA,NA,NA,NA,BLOCK,0,0,0,0,0,TREND_REVERSAL_UNCONFIRMED,0,0.45,NONE,1,0,0,0
BTCUSDT,1776531600000,2026-04-18T17:00:00.000Z,NEUTRAL,NONE,0,7.875,IGNORE,0,WATCH,,0,0,0,NA,NA,NA,NA,NA,WARNING_SOFT,1,0,0,0,0,TREND_REVERSAL_UNCONFIRMED,0,0.45,NONE,1,0,0,0
BTCUSDT,1776535200000,2026-04-18T18:00:00.000Z,NEUTRAL,NONE,0,7.875,IGNORE,0,WATCH,,0,0,0,NA,NA,NA,NA,NA,WARNING_SOFT,1,0,1,0,0,TREND_REVERSAL_UNCONFIRMED,0,0.45,NONE,1,0,0,0
BTCUSDT,1776538800000,2026-04-18T19:00:00.000Z,NEUTRAL,NONE,0,7.875,IGNORE,0,WATCH,,0,0,0,NA,NA,NA,NA,NA,WARNING_SOFT,1,0,0,0,0,TREND_REVERSAL_UNCONFIRMED,0,0.45,NONE,1,0,0,0
BTCUSDT,1776542400000,2026-04-18T20:00:00.000Z,NEUTRAL,NONE,0,7.875,IGNORE,0,WATCH,,0,0,0,NA,NA,NA,NA,NA,WARNING_SOFT,1,0,0,0,0,TREND_REVERSAL_UNCONFIRMED,0,0.45,NONE,1,0,0,0
BTCUSDT,1776546000000,2026-04-18T21:00:00.000Z,NEUTRAL,NONE,0,7.875,IGNORE,0,WATCH,,0,0,0,NA,NA,NA,NA,NA,WARNING_SOFT,1,0,0,0,0,TREND_REVERSAL_UNCONFIRMED,0,0.45,NONE,1,0,0,0
BTCUSDT,1776549600000,2026-04-18T22:00:00.000Z,NEUTRAL,NONE,0,7.875,IGNORE,0,WATCH,,0,0,0,NA,NA,NA,NA,NA,WARNING_SOFT,1,0,0,0,0,TREND_REVERSAL_UNCONFIRMED,0,0.45,NONE,1,0,0,0
BTCUSDT,1776553200000,2026-04-18T23:00:00.000Z,NEUTRAL,NONE,0,7.875,IGNORE,0,WATCH,,0,0,0,NA,NA,NA,NA,NA,WARNING_SOFT,1,0,0,0,0,TREND_REVERSAL_UNCONFIRMED,0,0.45,NONE,1,0,0,0
BTCUSDT,1776556800000,2026-04-19T00:00:00.000Z,NEUTRAL,NONE,0,7.875,IGNORE,0,WATCH,,0,0,0,NA,NA,NA,NA,NA,WARNING_SOFT,1,0,0,0,0,TREND_REVERSAL_UNCONFIRMED,0,0.45,NONE,1,0,0,0
BTCUSDT,1776560400000,2026-04-19T01:00:00.000Z,NEUTRAL,NONE,0,7.875,IGNORE,0,WATCH,,0,0,0,NA,NA,NA,NA,NA,WARNING_SOFT,1,0,0,0,0,TREND_REVERSAL_UNCONFIRMED,0,0.45,NONE,1,0,0,0
BTCUSDT,1776564000000,2026-04-19T02:00:00.000Z,BEAR,LONG,14.930555555555555,12.70703125,IGNORE,0,WATCH,,0,0,0,NA,NA,NA,NA,NA,CLEAR,1,0,0,0,0,TREND_REVERSAL_UNCONFIRMED,1,0.45,LONG,1,0,0,0
BTCUSDT,1776567600000,2026-04-19T03:00:00.000Z,BEAR,LONG,0,7.875,IGNORE,0,WATCH,,0,0,0,NA,NA,NA,NA,NA,CLEAR,1,0,0,0,0,TREND_REVERSAL_UNCONFIRMED,0,0.45,LONG,1,0,0,0
BTCUSDT,1776571200000,2026-04-19T04:00:00.000Z,BEAR,LONG,25,13.5,IGNORE,0,WATCH,,0,0,0,NA,NA,NA,NA,NA,CLEAR,1,0,0,0,0,TREND_REVERSAL_UNCONFIRMED,1,0.45,LONG,1,0,0,0
BTCUSDT,1776574800000,2026-04-19T05:00:00.000Z,BEAR,LONG,0,7.875,IGNORE,0,WATCH,,0,0,0,NA,NA,NA,NA,NA,CLEAR,1,0,0,0,0,TREND_REVERSAL_UNCONFIRMED,0,0.45,LONG,1,0,0,0
BTCUSDT,1776578400000,2026-04-19T06:00:00.000Z,BEAR,LONG,12.847222222222221,12.54296875,IGNORE,0,WATCH,,0,0,0,NA,NA,NA,NA,NA,CLEAR,1,0,0,0,0,TREND_REVERSAL_UNCONFIRMED,1,0.45,LONG,1,0,0,0
BTCUSDT,1776582000000,2026-04-19T07:00:00.000Z,BEAR,LONG,25,13.5,IGNORE,0,WATCH,,0,0,0,NA,NA,NA,NA,NA,CLEAR,1,0,0,0,0,TREND_REVERSAL_UNCONFIRMED,1,0.45,LONG,1,0,0,0
BTCUSDT,1776585600000,2026-04-19T08:00:00.000Z,BEAR,LONG,25,13.5,IGNORE,0,WATCH,,0,0,0,NA,NA,NA,NA,NA,CLEAR,1,0,0,0,0,TREND_REVERSAL_UNCONFIRMED,1,0.45,LONG,1,0,0,0
BTCUSDT,1776589200000,2026-04-19T09:00:00.000Z,BEAR,LONG,0,7.875,IGNORE,0,WATCH,,0,0,0,NA,NA,NA,NA,NA,CLEAR,1,0,0,0,0,TREND_REVERSAL_UNCONFIRMED,0,0.45,LONG,1,0,0,0
BTCUSDT,1776592800000,2026-04-19T10:00:00.000Z,BEAR,LONG,0,7.875,IGNORE,0,WATCH,,0,0,0,NA,NA,NA,NA,NA,CLEAR,1,0,0,0,0,TREND_REVERSAL_UNCONFIRMED,0,0.45,LONG,1,0,0,0
BTCUSDT,1776596400000,2026-04-19T11:00:00.000Z,BEAR,LONG,19.594675268001893,13.07433067735515,IGNORE,0,WATCH,,0,0,0,NA,NA,NA,NA,NA,WARNING_SOFT,1,0,0,0,0,TREND_REVERSAL_UNCONFIRMED,1,0.45,LONG,1,0,0,0
BTCUSDT,1776600000000,2026-04-19T12:00:00.000Z,BEAR,LONG,15.553800867540184,12.75611181831879,IGNORE,0,WATCH,,0,0,0,NA,NA,NA,NA,NA,BLOCK,0,0,0,0,0,TREND_REVERSAL_UNCONFIRMED,1,0.45,LONG,1,0,0,0
BTCUSDT,1776603600000,2026-04-19T13:00:00.000Z,NEUTRAL,NONE,0,7.875,IGNORE,0,WATCH,,0,0,0,NA,NA,NA,NA,NA,CLEAR,1,1,0,0,0,TREND_REVERSAL_UNCONFIRMED,0,0.45,NONE,1,0,0,0
BTCUSDT,1776607200000,2026-04-19T14:00:00.000Z,NEUTRAL,NONE,0,7.875,IGNORE,0,WATCH,,0,0,0,NA,NA,NA,NA,NA,CLEAR,1,0,0,0,0,TREND_REVERSAL_UNCONFIRMED,0,0.45,NONE,1,0,0,0
BTCUSDT,1776610800000,2026-04-19T15:00:00.000Z,NEUTRAL,NONE,0,7.875,IGNORE,0,WATCH,,0,0,0,NA,NA,NA,NA,NA,CLEAR,1,0,0,0,0,TREND_REVERSAL_UNCONFIRMED,0,0.45,NONE,1,0,0,0
BTCUSDT,1776614400000,2026-04-19T16:00:00.000Z,BEAR,LONG,0,7.875,IGNORE,0,WATCH,,0,0,0,NA,NA,NA,NA,NA,WARNING_SOFT,1,0,0,0,0,TREND_REVERSAL_UNCONFIRMED,0,0.45,LONG,1,0,0,0
BTCUSDT,1776618000000,2026-04-19T17:00:00.000Z,BEAR,LONG,25,13.5,IGNORE,0,WATCH,,0,0,0,NA,NA,NA,NA,NA,CLEAR,1,0,1,0,0,TREND_REVERSAL_UNCONFIRMED,1,0.45,LONG,1,0,0,0
BTCUSDT,1776621600000,2026-04-19T18:00:00.000Z,BEAR,LONG,25,13.5,IGNORE,0,WATCH,,0,0,0,NA,NA,NA,NA,NA,CLEAR,1,0,0,0,0,TREND_REVERSAL_UNCONFIRMED,1,0.45,LONG,1,0,0,0
BTCUSDT,1776625200000,2026-04-19T19:00:00.000Z,BEAR,LONG,0,7.875,IGNORE,0,WATCH,,0,0,0,NA,NA,NA,NA,NA,CLEAR,1,0,0,0,0,TREND_REVERSAL_UNCONFIRMED,0,0.45,LONG,1,0,0,0
BTCUSDT,1776628800000,2026-04-19T20:00:00.000Z,BEAR,LONG,0,7.875,IGNORE,0,WATCH,,0,0,0,NA,NA,NA,NA,NA,CLEAR,1,0,0,0,0,TREND_REVERSAL_UNCONFIRMED,0,0.45,LONG,1,0,0,0
BTCUSDT,1776632400000,2026-04-19T21:00:00.000Z,BEAR,LONG,12.847222222222221,12.54296875,IGNORE,0,WATCH,,0,0,0,NA,NA,NA,NA,NA,CLEAR,1,0,0,0,0,TREND_REVERSAL_UNCONFIRMED,1,0.45,LONG,1,0,0,0
BTCUSDT,1776636000000,2026-04-19T22:00:00.000Z,BEAR,LONG,25,13.5,IGNORE,0,WATCH,,0,0,0,NA,NA,NA,NA,NA,CLEAR,1,0,1,0,0,TREND_REVERSAL_UNCONFIRMED,1,0.45,LONG,1,0,0,0
BTCUSDT,1776639600000,2026-04-19T23:00:00.000Z,BEAR,LONG,12.847222222222221,12.54296875,IGNORE,0,WATCH,,0,0,0,NA,NA,NA,NA,NA,CLEAR,1,0,0,0,0,TREND_REVERSAL_UNCONFIRMED,1,0.45,LONG,1,0,0,0
BTCUSDT,1776643200000,2026-04-20T00:00:00.000Z,BEAR,LONG,42.7507339032954,18.554120294884513,IGNORE,0,WATCH,,0,0,0,NA,NA,NA,NA,NA,CLEAR,1,0,0,0,0,TREND_REVERSAL_UNCONFIRMED,2,0.45,LONG,1,0,0,0
BTCUSDT,1776646800000,2026-04-20T01:00:00.000Z,BEAR,LONG,0,7.875,IGNORE,0,WATCH,,0,0,0,NA,NA,NA,NA,NA,CLEAR,1,0,0,0,0,TREND_REVERSAL_UNCONFIRMED,0,0.45,LONG,1,0,0,0
BTCUSDT,1776650400000,2026-04-20T02:00:00.000Z,BEAR,LONG,0,7.875,IGNORE,0,WATCH,,0,0,0,NA,NA,NA,NA,NA,CLEAR,1,0,0,0,0,TREND_REVERSAL_UNCONFIRMED,0,0.45,LONG,1,0,0,0
BTCUSDT,1776654000000,2026-04-20T03:00:00.000Z,BEAR,LONG,0,7.875,IGNORE,0,WATCH,,0,0,0,NA,NA,NA,NA,NA,CLEAR,1,0,0,0,0,TREND_REVERSAL_UNCONFIRMED,0,0.45,LONG,1,0,0,0
BTCUSDT,1776657600000,2026-04-20T04:00:00.000Z,BEAR,LONG,0,7.875,IGNORE,0,WATCH,,0,0,0,NA,NA,NA,NA,NA,CLEAR,1,0,0,0,0,TREND_REVERSAL_UNCONFIRMED,0,0.45,LONG,1,0,0,0
BTCUSDT,1776661200000,2026-04-20T05:00:00.000Z,BEAR,LONG,0,7.875,IGNORE,0,WATCH,,0,0,0,NA,NA,NA,NA,NA,CLEAR,1,0,0,0,0,TREND_REVERSAL_UNCONFIRMED,0,0.45,LONG,1,0,0,0
BTCUSDT,1776664800000,2026-04-20T06:00:00.000Z,NEUTRAL,NONE,0,7.875,IGNORE,0,WATCH,,0,0,0,NA,NA,NA,NA,NA,WARNING_SOFT,1,0,0,0,0,TREND_REVERSAL_UNCONFIRMED,0,0.45,NONE,1,0,0,0
BTCUSDT,1776668400000,2026-04-20T07:00:00.000Z,NEUTRAL,NONE,0,7.875,IGNORE,0,WATCH,,0,0,0,NA,NA,NA,NA,NA,CLEAR,1,0,0,0,0,TREND_REVERSAL_UNCONFIRMED,0,0.45,NONE,1,0,0,0
BTCUSDT,1776672000000,2026-04-20T08:00:00.000Z,BEAR,LONG,17.5,12.909375,IGNORE,0,WATCH,,0,0,0,NA,NA,NA,NA,NA,WARNING_SOFT,1,0,0,0,0,TREND_REVERSAL_UNCONFIRMED,1,0.45,LONG,1,0,0,0
BTCUSDT,1776675600000,2026-04-20T09:00:00.000Z,NEUTRAL,NONE,0,7.875,IGNORE,0,WATCH,,0,0,0,NA,NA,NA,NA,NA,CLEAR,1,0,0,0,0,TREND_REVERSAL_UNCONFIRMED,0,0.45,NONE,1,0,0,0
BTCUSDT,1776679200000,2026-04-20T10:00:00.000Z,NEUTRAL,NONE,0,7.875,IGNORE,0,WATCH,,0,0,0,NA,NA,NA,NA,NA,CLEAR,1,0,0,0,0,TREND_REVERSAL_UNCONFIRMED,0,0.45,NONE,1,0,0,0
BTCUSDT,1776682800000,2026-04-20T11:00:00.000Z,NEUTRAL,NONE,0,7.875,IGNORE,0,WATCH,,0,0,0,NA,NA,NA,NA,NA,CLEAR,1,0,0,0,0,TREND_REVERSAL_UNCONFIRMED,0,0.45,NONE,1,0,0,0
BTCUSDT,1776686400000,2026-04-20T12:00:00.000Z,NEUTRAL,NONE,0,7.875,IGNORE,0,WATCH,,0,0,0,NA,NA,NA,NA,NA,CLEAR,1,0,0,0,0,TREND_REVERSAL_UNCONFIRMED,0,0.45,NONE,1,0,0,0
BTCUSDT,1776690000000,2026-04-20T13:00:00.000Z,NEUTRAL,NONE,0,7.875,IGNORE,0,WATCH,,0,0,0,NA,NA,NA,NA,NA,CLEAR,1,0,0,0,0,TREND_REVERSAL_UNCONFIRMED,0,0.45,NONE,1,0,0,0
BTCUSDT,1776693600000,2026-04-20T14:00:00.000Z,NEUTRAL,NONE,0,7.875,IGNORE,0,WATCH,,0,0,0,NA,NA,NA,NA,NA,CLEAR,1,0,0,0,0,TREND_REVERSAL_UNCONFIRMED,0,0.45,NONE,1,0,0,0
BTCUSDT,1776697200000,2026-04-20T15:00:00.000Z,NEUTRAL,NONE,0,7.875,IGNORE,0,WATCH,,0,0,0,NA,NA,NA,NA,NA,CLEAR,1,0,0,0,0,TREND_REVERSAL_UNCONFIRMED,0,0.45,NONE,1,0,0,0
BTCUSDT,1776700800000,2026-04-20T16:00:00.000Z,NEUTRAL,NONE,0,7.875,IGNORE,0,WATCH,,0,0,0,NA,NA,NA,NA,NA,CLEAR,1,0,0,0,0,TREND_REVERSAL_UNCONFIRMED,0,0.45,NONE,1,0,0,0
BTCUSDT,1776704400000,2026-04-20T17:00:00.000Z,NEUTRAL,NONE,0,7.875,IGNORE,0,WATCH,,0,0,0,NA,NA,NA,NA,NA,CLEAR,1,0,0,0,0,TREND_REVERSAL_UNCONFIRMED,0,0.45,NONE,1,0,0,0
BTCUSDT,1776708000000,2026-04-20T18:00:00.000Z,NEUTRAL,NONE,0,7.875,IGNORE,0,WATCH,,0,0,0,NA,NA,NA,NA,NA,CLEAR,1,0,0,0,0,TREND_REVERSAL_UNCONFIRMED,0,0.45,NONE,1,0,0,0
BTCUSDT,1776711600000,2026-04-20T19:00:00.000Z,BULL,SHORT,18.615329284343737,12.99720718114207,IGNORE,0,WATCH,,0,0,0,NA,NA,NA,NA,NA,CLEAR,1,0,0,0,0,TREND_REVERSAL_UNCONFIRMED,1,0.45,SHORT,1,0,0,0
BTCUSDT,1776715200000,2026-04-20T20:00:00.000Z,BULL,SHORT,12.791365327829872,12.538570019566603,IGNORE,0,WATCH,,0,0,0,NA,NA,NA,NA,NA,CLEAR,1,0,0,0,0,TREND_REVERSAL_UNCONFIRMED,1,0.45,SHORT,1,0,0,0
BTCUSDT,1776718800000,2026-04-20T21:00:00.000Z,BULL,SHORT,25,13.5,IGNORE,0,WATCH,,0,0,0,NA,NA,NA,NA,NA,CLEAR,1,0,0,0,0,TREND_REVERSAL_UNCONFIRMED,1,0.45,SHORT,1,0,0,0
BTCUSDT,1776722400000,2026-04-20T22:00:00.000Z,BULL,SHORT,0,7.875,IGNORE,0,WATCH,,0,0,0,NA,NA,NA,NA,NA,CLEAR,1,0,0,0,0,TREND_REVERSAL_UNCONFIRMED,0,0.45,SHORT,1,0,0,0
BTCUSDT,1776726000000,2026-04-20T23:00:00.000Z,BULL,SHORT,0,7.875,IGNORE,0,WATCH,,0,0,0,NA,NA,NA,NA,NA,WARNING_SOFT,1,0,0,0,0,TREND_REVERSAL_UNCONFIRMED,0,0.45,SHORT,1,0,0,0
BTCUSDT,1776729600000,2026-04-21T00:00:00.000Z,BULL,SHORT,0,7.875,IGNORE,0,WATCH,,0,0,0,NA,NA,NA,NA,NA,WARNING_SOFT,1,0,0,0,0,TREND_REVERSAL_UNCONFIRMED,0,0.45,SHORT,1,0,0,0
BTCUSDT,1776733200000,2026-04-21T01:00:00.000Z,BULL,SHORT,0,7.875,IGNORE,0,WATCH,,0,0,0,NA,NA,NA,NA,NA,CLEAR,1,0,0,0,0,TREND_REVERSAL_UNCONFIRMED,0,0.45,SHORT,1,0,0,0
BTCUSDT,1776736800000,2026-04-21T02:00:00.000Z,NEUTRAL,NONE,0,7.875,IGNORE,0,WATCH,,0,0,0,NA,NA,NA,NA,NA,WARNING_SOFT,1,0,0,0,0,TREND_REVERSAL_UNCONFIRMED,0,0.45,NONE,1,0,0,0
BTCUSDT,1776740400000,2026-04-21T03:00:00.000Z,BULL,SHORT,0,7.875,IGNORE,0,WATCH,,0,0,0,NA,NA,NA,NA,NA,WARNING_SOFT,1,0,0,0,0,TREND_REVERSAL_UNCONFIRMED,0,0.45,SHORT,1,0,0,0
BTCUSDT,1776744000000,2026-04-21T04:00:00.000Z,BULL,SHORT,17.5,12.909375,IGNORE,0,WATCH,,0,0,0,NA,NA,NA,NA,NA,WARNING_SOFT,1,0,0,0,0,TREND_REVERSAL_UNCONFIRMED,1,0.45,SHORT,1,0,0,0
BTCUSDT,1776747600000,2026-04-21T05:00:00.000Z,BULL,SHORT,42.5,18.534375,IGNORE,0,WATCH,,0,0,0,NA,NA,NA,NA,NA,WARNING_SOFT,1,0,0,0,0,TREND_REVERSAL_UNCONFIRMED,2,0.45,SHORT,1,0,0,0
BTCUSDT,1776751200000,2026-04-21T06:00:00.000Z,BULL,SHORT,17.5,12.909375,IGNORE,0,WATCH,,0,0,0,NA,NA,NA,NA,NA,WARNING_SOFT,1,0,0,0,0,TREND_REVERSAL_UNCONFIRMED,1,0.45,SHORT,1,0,0,0
BTCUSDT,1776754800000,2026-04-21T07:00:00.000Z,BULL,SHORT,17.5,12.909375,IGNORE,0,WATCH,,0,0,0,NA,NA,NA,NA,NA,CLEAR,1,0,0,0,0,TREND_REVERSAL_UNCONFIRMED,1,0.45,SHORT,1,0,0,0
BTCUSDT,1776758400000,2026-04-21T08:00:00.000Z,BULL,SHORT,34.61890209440515,17.913738539934407,IGNORE,0,WATCH,,0,0,0,NA,NA,NA,NA,NA,CLEAR,1,0,0,0,0,TREND_REVERSAL_UNCONFIRMED,2,0.45,SHORT,1,0,0,0
BTCUSDT,1776762000000,2026-04-21T09:00:00.000Z,BULL,SHORT,42.5,18.534375,IGNORE,0,WATCH,,0,0,0,NA,NA,NA,NA,NA,CLEAR,1,0,0,0,0,TREND_REVERSAL_UNCONFIRMED,2,0.45,SHORT,1,0,0,0
BTCUSDT,1776765600000,2026-04-21T10:00:00.000Z,BULL,SHORT,17.5,12.909375,IGNORE,0,WATCH,,0,0,0,NA,NA,NA,NA,NA,CLEAR,1,0,0,0,0,TREND_REVERSAL_UNCONFIRMED,1,0.45,SHORT,1,0,0,0
BTCUSDT,1776769200000,2026-04-21T11:00:00.000Z,BULL,SHORT,0,7.875,IGNORE,0,WATCH,,0,0,0,NA,NA,NA,NA,NA,CLEAR,1,0,0,0,0,TREND_REVERSAL_UNCONFIRMED,0,0.45,SHORT,1,0,0,0
BTCUSDT,1776772800000,2026-04-21T12:00:00.000Z,BULL,SHORT,25,13.5,IGNORE,0,WATCH,,0,0,0,NA,NA,NA,NA,NA,CLEAR,1,0,0,0,0,TREND_REVERSAL_UNCONFIRMED,1,0.45,SHORT,1,0,0,0
BTCUSDT,1776776400000,2026-04-21T13:00:00.000Z,NEUTRAL,NONE,0,7.875,IGNORE,0,WATCH,,0,0,0,NA,NA,NA,NA,NA,WARNING_SOFT,1,0,0,0,0,TREND_REVERSAL_UNCONFIRMED,0,0.45,NONE,1,0,0,0
BTCUSDT,1776780000000,2026-04-21T14:00:00.000Z,NEUTRAL,NONE,0,7.875,IGNORE,0,WATCH,,0,0,0,NA,NA,NA,NA,NA,BLOCK,0,0,0,0,0,TREND_REVERSAL_UNCONFIRMED,0,0.45,NONE,1,0,0,0
BTCUSDT,1776783600000,2026-04-21T15:00:00.000Z,NEUTRAL,NONE,0,7.875,IGNORE,0,WATCH,,0,0,0,NA,NA,NA,NA,NA,BLOCK,0,0,0,0,0,TREND_REVERSAL_UNCONFIRMED,0,0.45,NONE,1,0,0,0
BTCUSDT,1776787200000,2026-04-21T16:00:00.000Z,NEUTRAL,NONE,0,7.875,IGNORE,0,WATCH,,0,0,0,NA,NA,NA,NA,NA,WARNING_SOFT,1,0,0,0,0,TREND_REVERSAL_UNCONFIRMED,0,0.45,NONE,1,0,0,0
BTCUSDT,1776790800000,2026-04-21T17:00:00.000Z,NEUTRAL,NONE,0,7.875,IGNORE,0,WATCH,,0,0,0,NA,NA,NA,NA,NA,BLOCK,0,0,0,0,0,TREND_REVERSAL_UNCONFIRMED,0,0.45,NONE,1,0,0,0
BTCUSDT,1776794400000,2026-04-21T18:00:00.000Z,NEUTRAL,NONE,0,7.875,IGNORE,0,WATCH,,0,0,0,NA,NA,NA,NA,NA,WARNING_SOFT,1,0,0,0,0,TREND_REVERSAL_UNCONFIRMED,0,0.45,NONE,1,0,0,0
BTCUSDT,1776798000000,2026-04-21T19:00:00.000Z,NEUTRAL,NONE,0,7.875,IGNORE,0,WATCH,,0,0,0,NA,NA,NA,NA,NA,WARNING_SOFT,1,0,0,0,0,TREND_REVERSAL_UNCONFIRMED,0,0.45,NONE,1,0,0,0
BTCUSDT,1776801600000,2026-04-21T20:00:00.000Z,NEUTRAL,NONE,0,7.875,IGNORE,0,WATCH,,0,0,0,NA,NA,NA,NA,NA,BLOCK,0,0,0,0,0,TREND_REVERSAL_UNCONFIRMED,0,0.45,NONE,1,0,0,0
BTCUSDT,1776805200000,2026-04-21T21:00:00.000Z,NEUTRAL,NONE,0,7.875,IGNORE,0,WATCH,,0,0,0,NA,NA,NA,NA,NA,WARNING_SOFT,1,0,0,0,0,TREND_REVERSAL_UNCONFIRMED,0,0.45,NONE,1,0,0,0
BTCUSDT,1776808800000,2026-04-21T22:00:00.000Z,NEUTRAL,NONE,0,7.875,IGNORE,0,WATCH,,0,0,0,NA,NA,NA,NA,NA,WARNING_SOFT,1,0,0,0,0,TREND_REVERSAL_UNCONFIRMED,0,0.45,NONE,1,0,0,0
BTCUSDT,1776812400000,2026-04-21T23:00:00.000Z,BULL,SHORT,0,7.875,IGNORE,0,WATCH,,0,0,0,NA,NA,NA,NA,NA,WARNING_SOFT,1,0,0,0,0,TREND_REVERSAL_UNCONFIRMED,0,0.45,SHORT,1,0,0,0
BTCUSDT,1776816000000,2026-04-22T00:00:00.000Z,BULL,SHORT,0,7.875,IGNORE,0,WATCH,,0,0,0,NA,NA,NA,NA,NA,CLEAR,1,0,0,0,0,TREND_REVERSAL_UNCONFIRMED,0,0.45,SHORT,1,0,0,0
BTCUSDT,1776819600000,2026-04-22T01:00:00.000Z,BULL,SHORT,0,7.875,IGNORE,0,WATCH,,0,0,0,NA,NA,NA,NA,NA,CLEAR,1,0,0,0,0,TREND_REVERSAL_UNCONFIRMED,0,0.45,SHORT,1,0,0,0
BTCUSDT,1776823200000,2026-04-22T02:00:00.000Z,BULL,SHORT,25,13.5,IGNORE,0,WATCH,,0,0,0,NA,NA,NA,NA,NA,CLEAR,1,0,0,0,0,TREND_REVERSAL_UNCONFIRMED,1,0.45,SHORT,1,0,0,0
BTCUSDT,1776826800000,2026-04-22T03:00:00.000Z,BULL,SHORT,0,7.875,IGNORE,0,WATCH,,0,0,0,NA,NA,NA,NA,NA,CLEAR,1,0,0,0,0,TREND_REVERSAL_UNCONFIRMED,0,0.45,SHORT,1,0,0,0
BTCUSDT,1776830400000,2026-04-22T04:00:00.000Z,BULL,SHORT,0,7.875,IGNORE,0,WATCH,,0,0,0,NA,NA,NA,NA,NA,CLEAR,1,0,0,0,0,TREND_REVERSAL_UNCONFIRMED,0,0.45,SHORT,1,0,0,0
BTCUSDT,1776834000000,2026-04-22T05:00:00.000Z,BULL,SHORT,25,13.5,IGNORE,0,WATCH,,0,0,0,NA,NA,NA,NA,NA,CLEAR,1,0,0,0,0,TREND_REVERSAL_UNCONFIRMED,1,0.45,SHORT,1,0,0,0
BTCUSDT,1776837600000,2026-04-22T06:00:00.000Z,BULL,SHORT,14.583333333333332,12.6796875,IGNORE,0,WATCH,,0,0,0,NA,NA,NA,NA,NA,CLEAR,1,0,0,0,0,TREND_REVERSAL_UNCONFIRMED,1,0.45,SHORT,1,0,0,0
BTCUSDT,1776841200000,2026-04-22T07:00:00.000Z,BULL,SHORT,39.58333333333333,18.3046875,IGNORE,0,WATCH,,0,0,0,NA,NA,NA,NA,NA,CLEAR,1,0,0,0,0,TREND_REVERSAL_UNCONFIRMED,2,0.45,SHORT,1,0,0,0
BTCUSDT,1776844800000,2026-04-22T08:00:00.000Z,BULL,SHORT,0,7.875,IGNORE,0,WATCH,,0,0,0,NA,NA,NA,NA,NA,CLEAR,1,0,0,0,0,TREND_REVERSAL_UNCONFIRMED,0,0.45,SHORT,1,0,0,0
BTCUSDT,1776848400000,2026-04-22T09:00:00.000Z,BULL,SHORT,0,7.875,IGNORE,0,WATCH,,0,0,0,NA,NA,NA,NA,NA,CLEAR,1,0,0,0,0,TREND_REVERSAL_UNCONFIRMED,0,0.45,SHORT,1,0,0,0
BTCUSDT,1776852000000,2026-04-22T10:00:00.000Z,BULL,SHORT,14.583333333333332,12.6796875,IGNORE,0,WATCH,,0,0,0,NA,NA,NA,NA,NA,CLEAR,1,0,0,0,0,TREND_REVERSAL_UNCONFIRMED,1,0.45,SHORT,1,0,0,0
BTCUSDT,1776855600000,2026-04-22T11:00:00.000Z,BULL,SHORT,14.583333333333332,12.6796875,IGNORE,0,WATCH,,0,0,0,NA,NA,NA,NA,NA,CLEAR,1,0,0,0,0,TREND_REVERSAL_UNCONFIRMED,1,0.45,SHORT,1,0,0,0
BTCUSDT,1776859200000,2026-04-22T12:00:00.000Z,BULL,SHORT,0,7.875,IGNORE,0,WATCH,,0,0,0,NA,NA,NA,NA,NA,CLEAR,1,0,0,0,0,TREND_REVERSAL_UNCONFIRMED,0,0.45,SHORT,1,0,0,0
BTCUSDT,1776862800000,2026-04-22T13:00:00.000Z,BULL,SHORT,32.22826901060159,17.725476184584878,IGNORE,0,WATCH,,0,0,0,NA,NA,NA,NA,NA,CLEAR,1,1,0,0,0,TREND_REVERSAL_UNCONFIRMED,2,0.45,SHORT,1,0,0,0
BTCUSDT,1776866400000,2026-04-22T14:00:00.000Z,BULL,SHORT,37.84722222222222,18.16796875,IGNORE,0,WATCH,,0,0,0,NA,NA,NA,NA,NA,CLEAR,1,1,0,0,0,TREND_REVERSAL_UNCONFIRMED,2,0.45,SHORT,1,0,0,0
BTCUSDT,1776870000000,2026-04-22T15:00:00.000Z,BULL,SHORT,31.35318202858535,17.656563084751095,IGNORE,0,WATCH,,0,0,0,NA,NA,NA,NA,NA,CLEAR,1,1,0,0,0,TREND_REVERSAL_UNCONFIRMED,2,0.45,SHORT,1,0,0,0
BTCUSDT,1776873600000,2026-04-22T16:00:00.000Z,BULL,SHORT,39.52985703420224,18.300476241443427,IGNORE,0,WATCH,,0,0,0,NA,NA,NA,NA,NA,CLEAR,1,0,0,0,0,TREND_REVERSAL_UNCONFIRMED,2,0.45,SHORT,1,0,0,0
BTCUSDT,1776877200000,2026-04-22T17:00:00.000Z,BULL,SHORT,0,7.875,IGNORE,0,WATCH,,0,0,0,NA,NA,NA,NA,NA,CLEAR,1,0,0,0,0,TREND_REVERSAL_UNCONFIRMED,0,0.45,SHORT,1,0,0,0
BTCUSDT,1776880800000,2026-04-22T18:00:00.000Z,BULL,SHORT,0,7.875,IGNORE,0,WATCH,,0,0,0,NA,NA,NA,NA,NA,CLEAR,1,0,0,0,0,TREND_REVERSAL_UNCONFIRMED,0,0.45,SHORT,1,0,0,0
BTCUSDT,1776884400000,2026-04-22T19:00:00.000Z,BULL,SHORT,0,7.875,IGNORE,0,WATCH,,0,0,0,NA,NA,NA,NA,NA,CLEAR,1,0,0,0,0,TREND_REVERSAL_UNCONFIRMED,0,0.45,SHORT,1,0,0,0
BTCUSDT,1776888000000,2026-04-22T20:00:00.000Z,BULL,SHORT,25,13.5,IGNORE,0,WATCH,,0,0,0,NA,NA,NA,NA,NA,WARNING_SOFT,1,0,0,0,0,TREND_REVERSAL_UNCONFIRMED,1,0.45,SHORT,1,0,0,0
BTCUSDT,1776891600000,2026-04-22T21:00:00.000Z,BULL,SHORT,0,7.875,IGNORE,0,WATCH,,0,0,0,NA,NA,NA,NA,NA,WARNING_SOFT,1,0,0,0,0,TREND_REVERSAL_UNCONFIRMED,0,0.45,SHORT,1,0,0,0
BTCUSDT,1776895200000,2026-04-22T22:00:00.000Z,BULL,SHORT,0,7.875,IGNORE,0,WATCH,,0,0,0,NA,NA,NA,NA,NA,WARNING_SOFT,1,0,0,0,0,TREND_REVERSAL_UNCONFIRMED,0,0.45,SHORT,1,0,0,0
BTCUSDT,1776898800000,2026-04-22T23:00:00.000Z,NEUTRAL,NONE,0,7.875,IGNORE,0,WATCH,,0,0,0,NA,NA,NA,NA,NA,WARNING_SOFT,1,0,0,0,0,TREND_REVERSAL_UNCONFIRMED,0,0.45,NONE,1,0,0,0
BTCUSDT,1776902400000,2026-04-23T00:00:00.000Z,BULL,SHORT,20.23559955505322,13.124803464960442,IGNORE,0,WATCH,,0,0,0,NA,NA,NA,NA,NA,BLOCK,0,0,0,0,0,TREND_REVERSAL_UNCONFIRMED,1,0.45,SHORT,1,0,0,0
BTCUSDT,1776906000000,2026-04-23T01:00:00.000Z,BULL,SHORT,0,7.875,IGNORE,0,WATCH,,0,0,0,NA,NA,NA,NA,NA,WARNING_SOFT,1,0,0,0,0,TREND_REVERSAL_UNCONFIRMED,0,0.45,SHORT,1,0,0,0
BTCUSDT,1776909600000,2026-04-23T02:00:00.000Z,NEUTRAL,NONE,0,7.875,IGNORE,0,WATCH,,0,0,0,NA,NA,NA,NA,NA,WARNING_SOFT,1,0,0,0,0,TREND_REVERSAL_UNCONFIRMED,0,0.45,NONE,1,0,0,0
BTCUSDT,1776913200000,2026-04-23T03:00:00.000Z,NEUTRAL,NONE,0,7.875,IGNORE,0,WATCH,,0,0,0,NA,NA,NA,NA,NA,WARNING_SOFT,1,0,0,0,0,TREND_REVERSAL_UNCONFIRMED,0,0.45,NONE,1,0,0,0
BTCUSDT,1776916800000,2026-04-23T04:00:00.000Z,NEUTRAL,NONE,0,7.875,IGNORE,0,WATCH,,0,0,0,NA,NA,NA,NA,NA,WARNING_SOFT,1,0,0,0,0,TREND_REVERSAL_UNCONFIRMED,0,0.45,NONE,1,0,0,0
BTCUSDT,1776920400000,2026-04-23T05:00:00.000Z,NEUTRAL,NONE,0,7.875,IGNORE,0,WATCH,,0,0,0,NA,NA,NA,NA,NA,WARNING_SOFT,1,0,0,0,0,TREND_REVERSAL_UNCONFIRMED,0,0.45,NONE,1,0,0,0
BTCUSDT,1776924000000,2026-04-23T06:00:00.000Z,BULL,SHORT,0,7.875,IGNORE,0,WATCH,,0,0,0,NA,NA,NA,NA,NA,WARNING_SOFT,1,0,0,0,0,TREND_REVERSAL_UNCONFIRMED,0,0.45,SHORT,1,0,0,0
BTCUSDT,1776927600000,2026-04-23T07:00:00.000Z,NEUTRAL,NONE,0,7.875,IGNORE,0,WATCH,,0,0,0,NA,NA,NA,NA,NA,WARNING_SOFT,1,0,0,0,0,TREND_REVERSAL_UNCONFIRMED,0,0.45,NONE,1,0,0,0
BTCUSDT,1776931200000,2026-04-23T08:00:00.000Z,NEUTRAL,NONE,0,7.875,IGNORE,0,WATCH,,0,0,0,NA,NA,NA,NA,NA,WARNING_SOFT,1,0,0,0,0,TREND_REVERSAL_UNCONFIRMED,0,0.45,NONE,1,0,0,0
BTCUSDT,1776934800000,2026-04-23T09:00:00.000Z,NEUTRAL,NONE,0,7.875,IGNORE,0,WATCH,,0,0,0,NA,NA,NA,NA,NA,BLOCK,0,0,0,0,0,TREND_REVERSAL_UNCONFIRMED,0,0.45,NONE,1,0,0,0
BTCUSDT,1776938400000,2026-04-23T10:00:00.000Z,NEUTRAL,NONE,0,7.875,IGNORE,0,WATCH,,0,0,0,NA,NA,NA,NA,NA,BLOCK,0,0,0,0,0,TREND_REVERSAL_UNCONFIRMED,0,0.45,NONE,1,0,0,0
BTCUSDT,1776942000000,2026-04-23T11:00:00.000Z,NEUTRAL,NONE,0,7.875,IGNORE,0,WATCH,,0,0,0,NA,NA,NA,NA,NA,WARNING_SOFT,1,0,0,0,0,TREND_REVERSAL_UNCONFIRMED,0,0.45,NONE,1,0,0,0
BTCUSDT,1776945600000,2026-04-23T12:00:00.000Z,NEUTRAL,NONE,0,7.875,IGNORE,0,WATCH,,0,0,0,NA,NA,NA,NA,NA,BLOCK,0,0,0,0,0,TREND_REVERSAL_UNCONFIRMED,0,0.45,NONE,1,0,0,0
BTCUSDT,1776949200000,2026-04-23T13:00:00.000Z,NEUTRAL,NONE,0,7.875,IGNORE,0,WATCH,,0,0,0,NA,NA,NA,NA,NA,WARNING_SOFT,1,0,0,0,0,TREND_REVERSAL_UNCONFIRMED,0,0.45,NONE,1,0,0,0
BTCUSDT,1776952800000,2026-04-23T14:00:00.000Z,BULL,SHORT,35.64162032865357,17.994277600881468,IGNORE,0,WATCH,,0,0,0,NA,NA,NA,NA,NA,BLOCK,0,0,0,0,0,TREND_REVERSAL_UNCONFIRMED,2,0.45,SHORT,1,0,0,0
BTCUSDT,1776956400000,2026-04-23T15:00:00.000Z,BULL,SHORT,40.484994784657566,18.375693339291782,IGNORE,0,WATCH,,0,0,0,NA,NA,NA,NA,NA,CLEAR,1,0,0,0,0,TREND_REVERSAL_UNCONFIRMED,2,0.45,SHORT,1,0,0,0
BTCUSDT,1776960000000,2026-04-23T16:00:00.000Z,BULL,SHORT,42.5,18.534375,IGNORE,0,WATCH,,0,0,0,NA,NA,NA,NA,NA,CLEAR,1,0,0,0,0,TREND_REVERSAL_UNCONFIRMED,2,0.45,SHORT,1,0,0,0
BTCUSDT,1776963600000,2026-04-23T17:00:00.000Z,NEUTRAL,NONE,0,7.875,IGNORE,0,WATCH,,0,0,0,NA,NA,NA,NA,NA,BLOCK,0,0,0,0,0,TREND_REVERSAL_UNCONFIRMED,0,0.45,NONE,1,0,0,0
BTCUSDT,1776967200000,2026-04-23T18:00:00.000Z,NEUTRAL,NONE,0,7.875,IGNORE,0,WATCH,,0,0,0,NA,NA,NA,NA,NA,BLOCK,0,0,0,0,0,TREND_REVERSAL_UNCONFIRMED,0,0.45,NONE,1,0,0,0
BTCUSDT,1776970800000,2026-04-23T19:00:00.000Z,NEUTRAL,NONE,0,7.875,IGNORE,0,WATCH,,0,0,0,NA,NA,NA,NA,NA,WARNING_SOFT,1,0,0,0,0,TREND_REVERSAL_UNCONFIRMED,0,0.45,NONE,1,0,0,0
BTCUSDT,1776974400000,2026-04-23T20:00:00.000Z,NEUTRAL,NONE,0,7.875,IGNORE,0,WATCH,,0,0,0,NA,NA,NA,NA,NA,WARNING_SOFT,1,0,0,0,0,TREND_REVERSAL_UNCONFIRMED,0,0.45,NONE,1,0,0,0
BTCUSDT,1776978000000,2026-04-23T21:00:00.000Z,NEUTRAL,NONE,0,7.875,IGNORE,0,WATCH,,0,0,0,NA,NA,NA,NA,NA,WARNING_SOFT,1,0,0,0,0,TREND_REVERSAL_UNCONFIRMED,0,0.45,NONE,1,0,0,0
BTCUSDT,1776981600000,2026-04-23T22:00:00.000Z,BULL,SHORT,0,7.875,IGNORE,0,WATCH,,0,0,0,NA,NA,NA,NA,NA,CLEAR,1,0,0,0,0,TREND_REVERSAL_UNCONFIRMED,0,0.45,SHORT,1,0,0,0
BTCUSDT,1776985200000,2026-04-23T23:00:00.000Z,BULL,SHORT,0,7.875,IGNORE,0,WATCH,,0,0,0,NA,NA,NA,NA,NA,CLEAR,1,0,0,0,0,TREND_REVERSAL_UNCONFIRMED,0,0.45,SHORT,1,0,0,0
BTCUSDT,1776988800000,2026-04-24T00:00:00.000Z,BULL,SHORT,0,7.875,IGNORE,0,WATCH,,0,0,0,NA,NA,NA,NA,NA,CLEAR,1,0,0,0,0,TREND_REVERSAL_UNCONFIRMED,0,0.45,SHORT,1,0,0,0
BTCUSDT,1776992400000,2026-04-24T01:00:00.000Z,BULL,SHORT,24.23725,13.4399334375,IGNORE,0,WATCH,,0,0,0,NA,NA,NA,NA,NA,WARNING_SOFT,1,0,0,0,0,TREND_REVERSAL_UNCONFIRMED,1,0.45,SHORT,1,0,0,0
BTCUSDT,1776996000000,2026-04-24T02:00:00.000Z,BULL,SHORT,0,7.875,IGNORE,0,WATCH,,0,0,0,NA,NA,NA,NA,NA,CLEAR,1,0,0,0,0,TREND_REVERSAL_UNCONFIRMED,0,0.45,SHORT,1,0,0,0
BTCUSDT,1776999600000,2026-04-24T03:00:00.000Z,NEUTRAL,NONE,0,7.875,IGNORE,0,WATCH,,0,0,0,NA,NA,NA,NA,NA,BLOCK,0,0,0,0,0,TREND_REVERSAL_UNCONFIRMED,0,0.45,NONE,1,0,0,0
BTCUSDT,1777003200000,2026-04-24T04:00:00.000Z,NEUTRAL,NONE,0,7.875,IGNORE,0,WATCH,,0,0,0,NA,NA,NA,NA,NA,WARNING_SOFT,1,0,0,0,0,TREND_REVERSAL_UNCONFIRMED,0,0.45,NONE,1,0,0,0
BTCUSDT,1777006800000,2026-04-24T05:00:00.000Z,NEUTRAL,NONE,0,7.875,IGNORE,0,WATCH,,0,0,0,NA,NA,NA,NA,NA,WARNING_SOFT,1,0,0,0,0,TREND_REVERSAL_UNCONFIRMED,0,0.45,NONE,1,0,0,0
BTCUSDT,1777010400000,2026-04-24T06:00:00.000Z,NEUTRAL,NONE,0,7.875,IGNORE,0,WATCH,,0,0,0,NA,NA,NA,NA,NA,WARNING_SOFT,1,0,0,0,0,TREND_REVERSAL_UNCONFIRMED,0,0.45,NONE,1,0,0,0
BTCUSDT,1777014000000,2026-04-24T07:00:00.000Z,NEUTRAL,NONE,0,7.875,IGNORE,0,WATCH,,0,0,0,NA,NA,NA,NA,NA,WARNING_SOFT,1,0,0,0,0,TREND_REVERSAL_UNCONFIRMED,0,0.45,NONE,1,0,0,0
BTCUSDT,1777017600000,2026-04-24T08:00:00.000Z,NEUTRAL,NONE,0,7.875,IGNORE,0,WATCH,,0,0,0,NA,NA,NA,NA,NA,BLOCK,0,0,0,0,0,TREND_REVERSAL_UNCONFIRMED,0,0.45,NONE,1,0,0,0
BTCUSDT,1777021200000,2026-04-24T09:00:00.000Z,NEUTRAL,NONE,0,7.875,IGNORE,0,WATCH,,0,0,0,NA,NA,NA,NA,NA,BLOCK,0,0,0,0,0,TREND_REVERSAL_UNCONFIRMED,0,0.45,NONE,1,0,0,0
BTCUSDT,1777024800000,2026-04-24T10:00:00.000Z,NEUTRAL,NONE,0,7.875,IGNORE,0,WATCH,,0,0,0,NA,NA,NA,NA,NA,WARNING_SOFT,1,0,0,0,0,TREND_REVERSAL_UNCONFIRMED,0,0.45,NONE,1,0,0,0
BTCUSDT,1777028400000,2026-04-24T11:00:00.000Z,BULL,SHORT,42.5,18.534375,IGNORE,0,WATCH,,0,0,0,NA,NA,NA,NA,NA,CLEAR,1,0,0,0,0,TREND_REVERSAL_UNCONFIRMED,2,0.45,SHORT,1,0,0,0
BTCUSDT,1777032000000,2026-04-24T12:00:00.000Z,BULL,SHORT,17.5,12.909375,IGNORE,0,WATCH,,0,0,0,NA,NA,NA,NA,NA,CLEAR,1,0,0,0,0,TREND_REVERSAL_UNCONFIRMED,1,0.45,SHORT,1,0,0,0
BTCUSDT,1777035600000,2026-04-24T13:00:00.000Z,BULL,SHORT,58.26013071010288,51.71923921438512,WATCH,1,WATCH,ACTIVE,1,1,0,FAIL,PASS,SKIP,SKIP,PASS,CLEAR,1,0,0,0,0,MARKET_CONTEXT_DENIED,3,0.84,SHORT,0,1,0,0
BTCUSDT,1777039200000,2026-04-24T14:00:00.000Z,BULL,SHORT,37.19857811456694,18.116888026522147,IGNORE,0,WATCH,,0,0,0,NA,NA,NA,NA,NA,WARNING_SOFT,1,0,0,0,0,TREND_REVERSAL_UNCONFIRMED,2,0.45,SHORT,1,0,0,0
BTCUSDT,1777042800000,2026-04-24T15:00:00.000Z,BULL,SHORT,38.00905984205431,18.180713462561776,IGNORE,0,WATCH,,0,0,0,NA,NA,NA,NA,NA,BLOCK,0,0,0,0,0,TREND_REVERSAL_UNCONFIRMED,2,0.45,SHORT,1,0,0,0
BTCUSDT,1777046400000,2026-04-24T16:00:00.000Z,NEUTRAL,NONE,0,7.875,IGNORE,0,WATCH,,0,0,0,NA,NA,NA,NA,NA,WARNING_SOFT,1,0,0,0,0,TREND_REVERSAL_UNCONFIRMED,0,0.45,NONE,1,0,0,0
BTCUSDT,1777050000000,2026-04-24T17:00:00.000Z,NEUTRAL,NONE,0,7.875,IGNORE,0,WATCH,,0,0,0,NA,NA,NA,NA,NA,WARNING_SOFT,1,0,0,0,0,TREND_REVERSAL_UNCONFIRMED,0,0.45,NONE,1,0,0,0
BTCUSDT,1777053600000,2026-04-24T18:00:00.000Z,NEUTRAL,NONE,0,7.875,IGNORE,0,WATCH,,0,0,0,NA,NA,NA,NA,NA,WARNING_SOFT,1,0,0,0,0,TREND_REVERSAL_UNCONFIRMED,0,0.45,NONE,1,0,0,0
BTCUSDT,1777057200000,2026-04-24T19:00:00.000Z,NEUTRAL,NONE,0,7.875,IGNORE,0,WATCH,,0,0,0,NA,NA,NA,NA,NA,WARNING_SOFT,1,0,0,0,0,TREND_REVERSAL_UNCONFIRMED,0,0.45,NONE,1,0,0,0
BTCUSDT,1777060800000,2026-04-24T20:00:00.000Z,NEUTRAL,NONE,0,7.875,IGNORE,0,WATCH,,0,0,0,NA,NA,NA,NA,NA,WARNING_SOFT,1,0,0,0,0,TREND_REVERSAL_UNCONFIRMED,0,0.45,NONE,1,0,0,0
BTCUSDT,1777064400000,2026-04-24T21:00:00.000Z,NEUTRAL,NONE,0,7.875,IGNORE,0,WATCH,,0,0,0,NA,NA,NA,NA,NA,WARNING_SOFT,1,0,0,0,0,TREND_REVERSAL_UNCONFIRMED,0,0.45,NONE,1,0,0,0
BTCUSDT,1777068000000,2026-04-24T22:00:00.000Z,NEUTRAL,NONE,0,7.875,IGNORE,0,WATCH,,0,0,0,NA,NA,NA,NA,NA,WARNING_SOFT,1,0,0,0,0,TREND_REVERSAL_UNCONFIRMED,0,0.45,NONE,1,0,0,0
BTCUSDT,1777071600000,2026-04-24T23:00:00.000Z,BEAR,LONG,25,13.5,IGNORE,0,WATCH,,0,0,0,NA,NA,NA,NA,NA,CLEAR,1,0,0,0,0,TREND_REVERSAL_UNCONFIRMED,1,0.45,LONG,1,0,0,0
BTCUSDT,1777075200000,2026-04-25T00:00:00.000Z,BEAR,LONG,0,7.875,IGNORE,0,WATCH,,0,0,0,NA,NA,NA,NA,NA,CLEAR,1,0,0,0,0,TREND_REVERSAL_UNCONFIRMED,0,0.45,LONG,1,0,0,0
BTCUSDT,1777078800000,2026-04-25T01:00:00.000Z,BEAR,LONG,0,7.875,IGNORE,0,WATCH,,0,0,0,NA,NA,NA,NA,NA,CLEAR,1,0,0,0,0,TREND_REVERSAL_UNCONFIRMED,0,0.45,LONG,1,0,0,0
BTCUSDT,1777082400000,2026-04-25T02:00:00.000Z,BEAR,LONG,0,7.875,IGNORE,0,WATCH,,0,0,0,NA,NA,NA,NA,NA,WARNING_SOFT,1,0,0,0,0,TREND_REVERSAL_UNCONFIRMED,0,0.45,LONG,1,0,0,0
BTCUSDT,1777086000000,2026-04-25T03:00:00.000Z,BEAR,LONG,0,7.875,IGNORE,0,WATCH,,0,0,0,NA,NA,NA,NA,NA,WARNING_SOFT,1,0,0,0,0,TREND_REVERSAL_UNCONFIRMED,0,0.45,LONG,1,0,0,0
BTCUSDT,1777089600000,2026-04-25T04:00:00.000Z,BEAR,LONG,0,7.875,IGNORE,0,WATCH,,0,0,0,NA,NA,NA,NA,NA,WARNING_SOFT,1,0,0,0,0,TREND_REVERSAL_UNCONFIRMED,0,0.45,LONG,1,0,0,0
BTCUSDT,1777093200000,2026-04-25T05:00:00.000Z,BEAR,LONG,0,7.875,IGNORE,0,WATCH,,0,0,0,NA,NA,NA,NA,NA,CLEAR,1,0,0,0,0,TREND_REVERSAL_UNCONFIRMED,0,0.45,LONG,1,0,0,0
BTCUSDT,1777096800000,2026-04-25T06:00:00.000Z,BEAR,LONG,0,7.875,IGNORE,0,WATCH,,0,0,0,NA,NA,NA,NA,NA,CLEAR,1,0,0,0,0,TREND_REVERSAL_UNCONFIRMED,0,0.45,LONG,1,0,0,0
BTCUSDT,1777100400000,2026-04-25T07:00:00.000Z,BEAR,LONG,22.752237499999996,13.322988703124999,IGNORE,0,WATCH,,0,0,0,NA,NA,NA,NA,NA,CLEAR,1,0,0,0,0,TREND_REVERSAL_UNCONFIRMED,1,0.45,LONG,1,0,0,0
BTCUSDT,1777104000000,2026-04-25T08:00:00.000Z,NEUTRAL,NONE,0,7.875,IGNORE,0,WATCH,,0,0,0,NA,NA,NA,NA,NA,WARNING_SOFT,1,0,0,0,0,TREND_REVERSAL_UNCONFIRMED,0,0.45,NONE,1,0,0,0
BTCUSDT,1777107600000,2026-04-25T09:00:00.000Z,NEUTRAL,NONE,0,7.875,IGNORE,0,WATCH,,0,0,0,NA,NA,NA,NA,NA,CLEAR,1,0,0,0,0,TREND_REVERSAL_UNCONFIRMED,0,0.45,NONE,1,0,0,0
BTCUSDT,1777111200000,2026-04-25T10:00:00.000Z,NEUTRAL,NONE,0,7.875,IGNORE,0,WATCH,,0,0,0,NA,NA,NA,NA,NA,CLEAR,1,0,0,0,0,TREND_REVERSAL_UNCONFIRMED,0,0.45,NONE,1,0,0,0
BTCUSDT,1777114800000,2026-04-25T11:00:00.000Z,NEUTRAL,NONE,0,7.875,IGNORE,0,WATCH,,0,0,0,NA,NA,NA,NA,NA,CLEAR,1,0,0,0,0,TREND_REVERSAL_UNCONFIRMED,0,0.45,NONE,1,0,0,0
BTCUSDT,1777118400000,2026-04-25T12:00:00.000Z,BEAR,LONG,17.5,12.909375,IGNORE,0,WATCH,,0,0,0,NA,NA,NA,NA,NA,WARNING_SOFT,1,0,0,0,0,TREND_REVERSAL_UNCONFIRMED,1,0.45,LONG,1,0,0,0
BTCUSDT,1777122000000,2026-04-25T13:00:00.000Z,NEUTRAL,NONE,0,7.875,IGNORE,0,WATCH,,0,0,0,NA,NA,NA,NA,NA,WARNING_SOFT,1,0,0,0,0,TREND_REVERSAL_UNCONFIRMED,0,0.45,NONE,1,0,0,0
BTCUSDT,1777125600000,2026-04-25T14:00:00.000Z,NEUTRAL,NONE,0,7.875,IGNORE,0,WATCH,,0,0,0,NA,NA,NA,NA,NA,CLEAR,1,0,0,0,0,TREND_REVERSAL_UNCONFIRMED,0,0.45,NONE,1,0,0,0
BTCUSDT,1777129200000,2026-04-25T15:00:00.000Z,BEAR,LONG,42.5,18.534375,IGNORE,0,WATCH,,0,0,0,NA,NA,NA,NA,NA,WARNING_SOFT,1,0,0,0,0,TREND_REVERSAL_UNCONFIRMED,2,0.45,LONG,1,0,0,0
BTCUSDT,1777132800000,2026-04-25T16:00:00.000Z,BEAR,LONG,67.5,53.9175,WATCH,1,WATCH,ACTIVE,1,1,0,PASS,PASS,SKIP,SKIP,FAIL,CLEAR,1,0,0,0,0,MARKET_CONTEXT_DENIED,3,0.84,LONG,0,1,0,0
BTCUSDT,1777136400000,2026-04-25T17:00:00.000Z,BEAR,LONG,17.5,12.909375,IGNORE,0,WATCH,,0,0,0,NA,NA,NA,NA,NA,CLEAR,1,0,0,0,0,TREND_REVERSAL_UNCONFIRMED,1,0.45,LONG,1,0,0,0
BTCUSDT,1777140000000,2026-04-25T18:00:00.000Z,BEAR,LONG,17.5,12.909375,IGNORE,0,WATCH,,0,0,0,NA,NA,NA,NA,NA,CLEAR,1,0,0,0,0,TREND_REVERSAL_UNCONFIRMED,1,0.45,LONG,1,0,0,0
BTCUSDT,1777143600000,2026-04-25T19:00:00.000Z,BEAR,LONG,0,7.875,IGNORE,0,WATCH,,0,0,0,NA,NA,NA,NA,NA,CLEAR,1,0,0,0,0,TREND_REVERSAL_UNCONFIRMED,0,0.45,LONG,1,0,0,0
BTCUSDT,1777147200000,2026-04-25T20:00:00.000Z,BEAR,LONG,0,7.875,IGNORE,0,WATCH,,0,0,0,NA,NA,NA,NA,NA,CLEAR,1,0,0,0,0,TREND_REVERSAL_UNCONFIRMED,0,0.45,LONG,1,0,0,0
BTCUSDT,1777150800000,2026-04-25T21:00:00.000Z,NEUTRAL,NONE,0,7.875,IGNORE,0,WATCH,,0,0,0,NA,NA,NA,NA,NA,CLEAR,1,0,0,0,0,TREND_REVERSAL_UNCONFIRMED,0,0.45,NONE,1,0,0,0
BTCUSDT,1777154400000,2026-04-25T22:00:00.000Z,NEUTRAL,NONE,0,7.875,IGNORE,0,WATCH,,0,0,0,NA,NA,NA,NA,NA,CLEAR,1,0,0,0,0,TREND_REVERSAL_UNCONFIRMED,0,0.45,NONE,1,0,0,0
BTCUSDT,1777158000000,2026-04-25T23:00:00.000Z,NEUTRAL,NONE,0,7.875,IGNORE,0,WATCH,,0,0,0,NA,NA,NA,NA,NA,CLEAR,1,0,0,0,0,TREND_REVERSAL_UNCONFIRMED,0,0.45,NONE,1,0,0,0
BTCUSDT,1777161600000,2026-04-26T00:00:00.000Z,BEAR,LONG,0,7.875,IGNORE,0,WATCH,,0,0,0,NA,NA,NA,NA,NA,WARNING_SOFT,1,0,0,0,0,TREND_REVERSAL_UNCONFIRMED,0,0.45,LONG,1,0,0,0
BTCUSDT,1777165200000,2026-04-26T01:00:00.000Z,BEAR,LONG,0,7.875,IGNORE,0,WATCH,,0,0,0,NA,NA,NA,NA,NA,CLEAR,1,0,0,0,0,TREND_REVERSAL_UNCONFIRMED,0,0.45,LONG,1,0,0,0
BTCUSDT,1777168800000,2026-04-26T02:00:00.000Z,BEAR,LONG,25,13.5,IGNORE,0,WATCH,,0,0,0,NA,NA,NA,NA,NA,WARNING_SOFT,1,0,0,0,0,TREND_REVERSAL_UNCONFIRMED,1,0.45,LONG,1,0,0,0
BTCUSDT,1777172400000,2026-04-26T03:00:00.000Z,BEAR,LONG,0,7.875,IGNORE,0,WATCH,,0,0,0,NA,NA,NA,NA,NA,CLEAR,1,0,0,0,0,TREND_REVERSAL_UNCONFIRMED,0,0.45,LONG,1,0,0,0
BTCUSDT,1777176000000,2026-04-26T04:00:00.000Z,NEUTRAL,NONE,0,7.875,IGNORE,0,WATCH,,0,0,0,NA,NA,NA,NA,NA,WARNING_SOFT,1,0,0,0,0,TREND_REVERSAL_UNCONFIRMED,0,0.45,NONE,1,0,0,0
BTCUSDT,1777179600000,2026-04-26T05:00:00.000Z,NEUTRAL,NONE,0,7.875,IGNORE,0,WATCH,,0,0,0,NA,NA,NA,NA,NA,CLEAR,1,0,0,0,0,TREND_REVERSAL_UNCONFIRMED,0,0.45,NONE,1,0,0,0
BTCUSDT,1777183200000,2026-04-26T06:00:00.000Z,NEUTRAL,NONE,0,7.875,IGNORE,0,WATCH,,0,0,0,NA,NA,NA,NA,NA,CLEAR,1,0,0,0,0,TREND_REVERSAL_UNCONFIRMED,0,0.45,NONE,1,0,0,0
BTCUSDT,1777186800000,2026-04-26T07:00:00.000Z,BULL,SHORT,30.34722222222222,17.57734375,IGNORE,0,WATCH,,0,0,0,NA,NA,NA,NA,NA,CLEAR,1,0,0,0,0,TREND_REVERSAL_UNCONFIRMED,2,0.45,SHORT,1,0,0,0
BTCUSDT,1777190400000,2026-04-26T08:00:00.000Z,BULL,SHORT,17.5,12.909375,IGNORE,0,WATCH,,0,0,0,NA,NA,NA,NA,NA,CLEAR,1,0,0,0,0,TREND_REVERSAL_UNCONFIRMED,1,0.45,SHORT,1,0,0,0
BTCUSDT,1777194000000,2026-04-26T09:00:00.000Z,BULL,SHORT,17.5,12.909375,IGNORE,0,WATCH,,0,0,0,NA,NA,NA,NA,NA,CLEAR,1,0,0,0,0,TREND_REVERSAL_UNCONFIRMED,1,0.45,SHORT,1,0,0,0
BTCUSDT,1777197600000,2026-04-26T10:00:00.000Z,BULL,SHORT,17.5,12.909375,IGNORE,0,WATCH,,0,0,0,NA,NA,NA,NA,NA,CLEAR,1,0,0,0,0,TREND_REVERSAL_UNCONFIRMED,1,0.45,SHORT,1,0,0,0
BTCUSDT,1777201200000,2026-04-26T11:00:00.000Z,BULL,SHORT,0,7.875,IGNORE,0,WATCH,,0,0,0,NA,NA,NA,NA,NA,CLEAR,1,0,0,0,0,TREND_REVERSAL_UNCONFIRMED,0,0.45,SHORT,1,0,0,0
BTCUSDT,1777204800000,2026-04-26T12:00:00.000Z,BULL,SHORT,15.458902948819338,12.748638607219522,IGNORE,0,WATCH,,0,0,0,NA,NA,NA,NA,NA,CLEAR,1,0,0,0,0,TREND_REVERSAL_UNCONFIRMED,1,0.45,SHORT,1,0,0,0
BTCUSDT,1777208400000,2026-04-26T13:00:00.000Z,BULL,SHORT,0,7.875,IGNORE,0,WATCH,,0,0,0,NA,NA,NA,NA,NA,WARNING_SOFT,1,0,0,0,0,TREND_REVERSAL_UNCONFIRMED,0,0.45,SHORT,1,0,0,0
BTCUSDT,1777212000000,2026-04-26T14:00:00.000Z,BULL,SHORT,19.23642547446027,13.046118506113748,IGNORE,0,WATCH,,0,0,0,NA,NA,NA,NA,NA,CLEAR,1,0,0,0,0,TREND_REVERSAL_UNCONFIRMED,1,0.45,SHORT,1,0,0,0
BTCUSDT,1777215600000,2026-04-26T15:00:00.000Z,BULL,SHORT,25,13.5,IGNORE,0,WATCH,,0,0,0,NA,NA,NA,NA,NA,CLEAR,1,0,0,0,0,TREND_REVERSAL_UNCONFIRMED,1,0.45,SHORT,1,0,0,0
BTCUSDT,1777219200000,2026-04-26T16:00:00.000Z,BULL,SHORT,0,7.875,IGNORE,0,WATCH,,0,0,0,NA,NA,NA,NA,NA,CLEAR,1,0,0,0,0,TREND_REVERSAL_UNCONFIRMED,0,0.45,SHORT,1,0,0,0
BTCUSDT,1777222800000,2026-04-26T17:00:00.000Z,BULL,SHORT,17.5,12.909375,IGNORE,0,WATCH,,0,0,0,NA,NA,NA,NA,NA,CLEAR,1,0,0,0,0,TREND_REVERSAL_UNCONFIRMED,1,0.45,SHORT,1,0,0,0
BTCUSDT,1777226400000,2026-04-26T18:00:00.000Z,BULL,SHORT,42.5,18.534375,IGNORE,0,WATCH,,0,0,0,NA,NA,NA,NA,NA,CLEAR,1,0,0,0,0,TREND_REVERSAL_UNCONFIRMED,2,0.45,SHORT,1,0,0,0
BTCUSDT,1777230000000,2026-04-26T19:00:00.000Z,BULL,SHORT,42.5,18.534375,IGNORE,0,WATCH,,0,0,0,NA,NA,NA,NA,NA,CLEAR,1,0,0,0,0,TREND_REVERSAL_UNCONFIRMED,2,0.45,SHORT,1,0,0,0
BTCUSDT,1777233600000,2026-04-26T20:00:00.000Z,BULL,SHORT,42.5,18.534375,IGNORE,0,WATCH,,0,0,0,NA,NA,NA,NA,NA,CLEAR,1,0,0,0,0,TREND_REVERSAL_UNCONFIRMED,2,0.45,SHORT,1,0,0,0
BTCUSDT,1777237200000,2026-04-26T21:00:00.000Z,BULL,SHORT,42.5,18.534375,IGNORE,0,WATCH,,0,0,0,NA,NA,NA,NA,NA,CLEAR,1,0,0,0,0,TREND_REVERSAL_UNCONFIRMED,2,0.45,SHORT,1,0,0,0
BTCUSDT,1777240800000,2026-04-26T22:00:00.000Z,BULL,SHORT,42.5,18.534375,IGNORE,0,WATCH,,0,0,0,NA,NA,NA,NA,NA,CLEAR,1,0,0,0,0,TREND_REVERSAL_UNCONFIRMED,2,0.45,SHORT,1,0,0,0
BTCUSDT,1777244400000,2026-04-26T23:00:00.000Z,BULL,SHORT,39.62836582401836,18.308233808641447,IGNORE,0,WATCH,,0,0,0,NA,NA,NA,NA,NA,WARNING_SOFT,1,0,0,0,0,TREND_REVERSAL_UNCONFIRMED,2,0.45,SHORT,1,0,0,0
BTCUSDT,1777248000000,2026-04-27T00:00:00.000Z,BULL,SHORT,55.34722222222222,52.13104166666666,WATCH,1,WATCH,ACTIVE,1,1,0,PASS,PASS,SKIP,SKIP,FAIL,CLEAR,1,0,0,0,0,MARKET_CONTEXT_DENIED,3,0.84,SHORT,0,1,0,0
BTCUSDT,1777251600000,2026-04-27T01:00:00.000Z,BULL,SHORT,69,60.963,WATCH,1,WATCH,ACTIVE,1,1,0,PASS,PASS,SKIP,SKIP,FAIL,CLEAR,1,0,0,0,0,MARKET_CONTEXT_DENIED,4,0.84,SHORT,0,1,0,0
BTCUSDT,1777255200000,2026-04-27T02:00:00.000Z,BULL,SHORT,17.5,12.909375,IGNORE,0,WATCH,,0,0,0,NA,NA,NA,NA,NA,CLEAR,1,0,0,0,0,TREND_REVERSAL_UNCONFIRMED,1,0.45,SHORT,1,0,0,0
BTCUSDT,1777258800000,2026-04-27T03:00:00.000Z,BULL,SHORT,17.5,12.909375,IGNORE,0,WATCH,,0,0,0,NA,NA,NA,NA,NA,CLEAR,1,0,0,0,0,TREND_REVERSAL_UNCONFIRMED,1,0.45,SHORT,1,0,0,0
BTCUSDT,1777262400000,2026-04-27T04:00:00.000Z,BULL,SHORT,0,7.875,IGNORE,0,WATCH,,0,0,0,NA,NA,NA,NA,NA,CLEAR,1,0,0,0,0,TREND_REVERSAL_UNCONFIRMED,0,0.45,SHORT,1,0,0,0
BTCUSDT,1777266000000,2026-04-27T05:00:00.000Z,NEUTRAL,NONE,0,7.875,IGNORE,0,WATCH,,0,0,0,NA,NA,NA,NA,NA,BLOCK,0,0,0,0,0,TREND_REVERSAL_UNCONFIRMED,0,0.45,NONE,1,0,0,0
BTCUSDT,1777269600000,2026-04-27T06:00:00.000Z,NEUTRAL,NONE,0,7.875,IGNORE,0,WATCH,,0,0,0,NA,NA,NA,NA,NA,BLOCK,0,0,1,0,0,TREND_REVERSAL_UNCONFIRMED,0,0.45,NONE,1,0,0,0
BTCUSDT,1777273200000,2026-04-27T07:00:00.000Z,NEUTRAL,NONE,0,7.875,IGNORE,0,WATCH,,0,0,0,NA,NA,NA,NA,NA,WARNING_SOFT,1,0,0,0,0,TREND_REVERSAL_UNCONFIRMED,0,0.45,NONE,1,0,0,0
BTCUSDT,1777276800000,2026-04-27T08:00:00.000Z,NEUTRAL,NONE,0,7.875,IGNORE,0,WATCH,,0,0,0,NA,NA,NA,NA,NA,WARNING_SOFT,1,0,0,0,0,TREND_REVERSAL_UNCONFIRMED,0,0.45,NONE,1,0,0,0
BTCUSDT,1777280400000,2026-04-27T09:00:00.000Z,NEUTRAL,NONE,0,7.875,IGNORE,0,WATCH,,0,0,0,NA,NA,NA,NA,NA,WARNING_SOFT,1,0,0,0,0,TREND_REVERSAL_UNCONFIRMED,0,0.45,NONE,1,0,0,0
BTCUSDT,1777284000000,2026-04-27T10:00:00.000Z,NEUTRAL,NONE,0,7.875,IGNORE,0,WATCH,,0,0,0,NA,NA,NA,NA,NA,WARNING_SOFT,1,0,0,0,0,TREND_REVERSAL_UNCONFIRMED,0,0.45,NONE,1,0,0,0
BTCUSDT,1777287600000,2026-04-27T11:00:00.000Z,NEUTRAL,NONE,0,7.875,IGNORE,0,WATCH,,0,0,0,NA,NA,NA,NA,NA,WARNING_SOFT,1,0,0,0,0,TREND_REVERSAL_UNCONFIRMED,0,0.45,NONE,1,0,0,0
BTCUSDT,1777291200000,2026-04-27T12:00:00.000Z,NEUTRAL,NONE,0,7.875,IGNORE,0,WATCH,,0,0,0,NA,NA,NA,NA,NA,WARNING_SOFT,1,0,0,0,0,TREND_REVERSAL_UNCONFIRMED,0,0.45,NONE,1,0,0,0
BTCUSDT,1777294800000,2026-04-27T13:00:00.000Z,NEUTRAL,NONE,0,7.875,IGNORE,0,WATCH,,0,0,0,NA,NA,NA,NA,NA,WARNING_SOFT,1,0,0,0,0,TREND_REVERSAL_UNCONFIRMED,0,0.45,NONE,1,0,0,0
BTCUSDT,1777298400000,2026-04-27T14:00:00.000Z,NEUTRAL,NONE,0,7.875,IGNORE,0,WATCH,,0,0,0,NA,NA,NA,NA,NA,WARNING_SOFT,1,0,0,0,0,TREND_REVERSAL_UNCONFIRMED,0,0.45,NONE,1,0,0,0
BTCUSDT,1777302000000,2026-04-27T15:00:00.000Z,BEAR,LONG,25,13.5,IGNORE,0,WATCH,,0,0,0,NA,NA,NA,NA,NA,CLEAR,1,0,0,0,0,TREND_REVERSAL_UNCONFIRMED,1,0.45,LONG,1,0,0,0
BTCUSDT,1777305600000,2026-04-27T16:00:00.000Z,BEAR,LONG,0,7.875,IGNORE,0,WATCH,,0,0,0,NA,NA,NA,NA,NA,CLEAR,1,0,0,0,0,TREND_REVERSAL_UNCONFIRMED,0,0.45,LONG,1,0,0,0
BTCUSDT,1777309200000,2026-04-27T17:00:00.000Z,BEAR,LONG,25,13.5,IGNORE,0,WATCH,,0,0,0,NA,NA,NA,NA,NA,CLEAR,1,0,0,0,0,TREND_REVERSAL_UNCONFIRMED,1,0.45,LONG,1,0,0,0
BTCUSDT,1777312800000,2026-04-27T18:00:00.000Z,BEAR,LONG,0,7.875,IGNORE,0,WATCH,,0,0,0,NA,NA,NA,NA,NA,CLEAR,1,0,0,0,0,TREND_REVERSAL_UNCONFIRMED,0,0.45,LONG,1,0,0,0
BTCUSDT,1777316400000,2026-04-27T19:00:00.000Z,BEAR,LONG,0,7.875,IGNORE,0,WATCH,,0,0,0,NA,NA,NA,NA,NA,CLEAR,1,0,0,0,0,TREND_REVERSAL_UNCONFIRMED,0,0.45,LONG,1,0,0,0
BTCUSDT,1777320000000,2026-04-27T20:00:00.000Z,BEAR,LONG,0,7.875,IGNORE,0,WATCH,,0,0,0,NA,NA,NA,NA,NA,CLEAR,1,0,0,0,0,TREND_REVERSAL_UNCONFIRMED,0,0.45,LONG,1,0,0,0
BTCUSDT,1777323600000,2026-04-27T21:00:00.000Z,BEAR,LONG,0,7.875,IGNORE,0,WATCH,,0,0,0,NA,NA,NA,NA,NA,CLEAR,1,0,0,0,0,TREND_REVERSAL_UNCONFIRMED,0,0.45,LONG,1,0,0,0
BTCUSDT,1777327200000,2026-04-27T22:00:00.000Z,BEAR,LONG,0,7.875,IGNORE,0,WATCH,,0,0,0,NA,NA,NA,NA,NA,CLEAR,1,0,0,0,0,TREND_REVERSAL_UNCONFIRMED,0,0.45,LONG,1,0,0,0
BTCUSDT,1777330800000,2026-04-27T23:00:00.000Z,BEAR,LONG,25,13.5,IGNORE,0,WATCH,,0,0,0,NA,NA,NA,NA,NA,WARNING_SOFT,1,0,0,0,0,TREND_REVERSAL_UNCONFIRMED,1,0.45,LONG,1,0,0,0
BTCUSDT,1777334400000,2026-04-28T00:00:00.000Z,BEAR,LONG,0,7.875,IGNORE,0,WATCH,,0,0,0,NA,NA,NA,NA,NA,WARNING_SOFT,1,0,0,0,0,TREND_REVERSAL_UNCONFIRMED,0,0.45,LONG,1,0,0,0
BTCUSDT,1777338000000,2026-04-28T01:00:00.000Z,BEAR,LONG,0,7.875,IGNORE,0,WATCH,,0,0,0,NA,NA,NA,NA,NA,WARNING_SOFT,1,0,0,0,0,TREND_REVERSAL_UNCONFIRMED,0,0.45,LONG,1,0,0,0
BTCUSDT,1777341600000,2026-04-28T02:00:00.000Z,BEAR,LONG,25,13.5,IGNORE,0,WATCH,,0,0,0,NA,NA,NA,NA,NA,CLEAR,1,0,0,0,0,TREND_REVERSAL_UNCONFIRMED,1,0.45,LONG,1,0,0,0
BTCUSDT,1777345200000,2026-04-28T03:00:00.000Z,BEAR,LONG,0,7.875,IGNORE,0,WATCH,,0,0,0,NA,NA,NA,NA,NA,CLEAR,1,0,0,0,0,TREND_REVERSAL_UNCONFIRMED,0,0.45,LONG,1,0,0,0
BTCUSDT,1777348800000,2026-04-28T04:00:00.000Z,BEAR,LONG,0,7.875,IGNORE,0,WATCH,,0,0,0,NA,NA,NA,NA,NA,CLEAR,1,0,0,0,0,TREND_REVERSAL_UNCONFIRMED,0,0.45,LONG,1,0,0,0
BTCUSDT,1777352400000,2026-04-28T05:00:00.000Z,BEAR,LONG,17.5,12.909375,IGNORE,0,WATCH,,0,0,0,NA,NA,NA,NA,NA,WARNING_SOFT,1,0,0,0,0,TREND_REVERSAL_UNCONFIRMED,1,0.45,LONG,1,0,0,0
BTCUSDT,1777356000000,2026-04-28T06:00:00.000Z,BEAR,LONG,17.5,12.909375,IGNORE,0,WATCH,,0,0,0,NA,NA,NA,NA,NA,CLEAR,1,0,0,0,0,TREND_REVERSAL_UNCONFIRMED,1,0.45,LONG,1,0,0,0
BTCUSDT,1777359600000,2026-04-28T07:00:00.000Z,BEAR,LONG,17.5,12.909375,IGNORE,0,WATCH,,0,0,0,NA,NA,NA,NA,NA,CLEAR,1,0,0,0,0,TREND_REVERSAL_UNCONFIRMED,1,0.45,LONG,1,0,0,0
BTCUSDT,1777363200000,2026-04-28T08:00:00.000Z,BEAR,LONG,42.5,18.534375,IGNORE,0,WATCH,,0,0,0,NA,NA,NA,NA,NA,WARNING_SOFT,1,0,0,0,0,TREND_REVERSAL_UNCONFIRMED,2,0.45,LONG,1,0,0,0
BTCUSDT,1777366800000,2026-04-28T09:00:00.000Z,BEAR,LONG,30.34722222222222,17.57734375,IGNORE,0,WATCH,,0,0,0,NA,NA,NA,NA,NA,CLEAR,1,0,0,0,0,TREND_REVERSAL_UNCONFIRMED,2,0.45,LONG,1,0,0,0
BTCUSDT,1777370400000,2026-04-28T10:00:00.000Z,BEAR,LONG,0,7.875,IGNORE,0,WATCH,,0,0,0,NA,NA,NA,NA,NA,CLEAR,1,0,0,0,0,TREND_REVERSAL_UNCONFIRMED,0,0.45,LONG,1,0,0,0
BTCUSDT,1777374000000,2026-04-28T11:00:00.000Z,BEAR,LONG,17.452205397336236,12.905611175040228,IGNORE,0,WATCH,,0,0,0,NA,NA,NA,NA,NA,CLEAR,1,0,1,0,0,TREND_REVERSAL_UNCONFIRMED,1,0.45,LONG,1,0,0,0
BTCUSDT,1777377600000,2026-04-28T12:00:00.000Z,BEAR,LONG,38.87290156351305,18.248740998126653,IGNORE,0,WATCH,,0,0,0,NA,NA,NA,NA,NA,CLEAR,1,0,0,0,0,TREND_REVERSAL_UNCONFIRMED,2,0.45,LONG,1,0,0,0
BTCUSDT,1777381200000,2026-04-28T13:00:00.000Z,BEAR,LONG,25,13.5,IGNORE,0,WATCH,,0,0,0,NA,NA,NA,NA,NA,CLEAR,1,0,0,0,0,TREND_REVERSAL_UNCONFIRMED,1,0.45,LONG,1,0,0,0
BTCUSDT,1777384800000,2026-04-28T14:00:00.000Z,BEAR,LONG,25,13.5,IGNORE,0,WATCH,,0,0,0,NA,NA,NA,NA,NA,CLEAR,1,0,0,0,0,TREND_REVERSAL_UNCONFIRMED,1,0.45,LONG,1,0,0,0
BTCUSDT,1777388400000,2026-04-28T15:00:00.000Z,BEAR,LONG,0,7.875,IGNORE,0,WATCH,,0,0,0,NA,NA,NA,NA,NA,CLEAR,1,0,0,0,0,TREND_REVERSAL_UNCONFIRMED,0,0.45,LONG,1,0,0,0
BTCUSDT,1777392000000,2026-04-28T16:00:00.000Z,BEAR,LONG,0,7.875,IGNORE,0,WATCH,,0,0,0,NA,NA,NA,NA,NA,CLEAR,1,0,0,0,0,TREND_REVERSAL_UNCONFIRMED,0,0.45,LONG,1,0,0,0
BTCUSDT,1777395600000,2026-04-28T17:00:00.000Z,BEAR,LONG,0,7.875,IGNORE,0,WATCH,,0,0,0,NA,NA,NA,NA,NA,CLEAR,1,0,0,0,0,TREND_REVERSAL_UNCONFIRMED,0,0.45,LONG,1,0,0,0
BTCUSDT,1777399200000,2026-04-28T18:00:00.000Z,BEAR,LONG,0,7.875,IGNORE,0,WATCH,,0,0,0,NA,NA,NA,NA,NA,CLEAR,1,0,0,0,0,TREND_REVERSAL_UNCONFIRMED,0,0.45,LONG,1,0,0,0
BTCUSDT,1777402800000,2026-04-28T19:00:00.000Z,BEAR,LONG,0,7.875,IGNORE,0,WATCH,,0,0,0,NA,NA,NA,NA,NA,CLEAR,1,0,0,0,0,TREND_REVERSAL_UNCONFIRMED,0,0.45,LONG,1,0,0,0
BTCUSDT,1777406400000,2026-04-28T20:00:00.000Z,BEAR,LONG,0,7.875,IGNORE,0,WATCH,,0,0,0,NA,NA,NA,NA,NA,WARNING_SOFT,1,0,0,0,0,TREND_REVERSAL_UNCONFIRMED,0,0.45,LONG,1,0,0,0
BTCUSDT,1777410000000,2026-04-28T21:00:00.000Z,BEAR,LONG,0,7.875,IGNORE,0,WATCH,,0,0,0,NA,NA,NA,NA,NA,WARNING_SOFT,1,0,0,0,0,TREND_REVERSAL_UNCONFIRMED,0,0.45,LONG,1,0,0,0
BTCUSDT,1777413600000,2026-04-28T22:00:00.000Z,BEAR,LONG,0,7.875,IGNORE,0,WATCH,,0,0,0,NA,NA,NA,NA,NA,WARNING_SOFT,1,0,0,0,0,TREND_REVERSAL_UNCONFIRMED,0,0.45,LONG,1,0,0,0
BTCUSDT,1777417200000,2026-04-28T23:00:00.000Z,BEAR,LONG,25,13.5,IGNORE,0,WATCH,,0,0,0,NA,NA,NA,NA,NA,CLEAR,1,0,0,0,0,TREND_REVERSAL_UNCONFIRMED,1,0.45,LONG,1,0,0,0
BTCUSDT,1777420800000,2026-04-29T00:00:00.000Z,NEUTRAL,NONE,0,7.875,IGNORE,0,WATCH,,0,0,0,NA,NA,NA,NA,NA,CLEAR,1,0,0,0,0,TREND_REVERSAL_UNCONFIRMED,0,0.45,NONE,1,0,0,0
BTCUSDT,1777424400000,2026-04-29T01:00:00.000Z,NEUTRAL,NONE,0,7.875,IGNORE,0,WATCH,,0,0,0,NA,NA,NA,NA,NA,WARNING_SOFT,1,0,0,0,0,TREND_REVERSAL_UNCONFIRMED,0,0.45,NONE,1,0,0,0
BTCUSDT,1777428000000,2026-04-29T02:00:00.000Z,NEUTRAL,NONE,0,7.875,IGNORE,0,WATCH,,0,0,0,NA,NA,NA,NA,NA,CLEAR,1,0,0,0,0,TREND_REVERSAL_UNCONFIRMED,0,0.45,NONE,1,0,0,0
BTCUSDT,1777431600000,2026-04-29T03:00:00.000Z,NEUTRAL,NONE,0,7.875,IGNORE,0,WATCH,,0,0,0,NA,NA,NA,NA,NA,CLEAR,1,1,0,0,0,TREND_REVERSAL_UNCONFIRMED,0,0.45,NONE,1,0,0,0
BTCUSDT,1777435200000,2026-04-29T04:00:00.000Z,NEUTRAL,NONE,0,7.875,IGNORE,0,WATCH,,0,0,0,NA,NA,NA,NA,NA,CLEAR,1,1,0,0,0,TREND_REVERSAL_UNCONFIRMED,0,0.45,NONE,1,0,0,0
BTCUSDT,1777438800000,2026-04-29T05:00:00.000Z,NEUTRAL,NONE,0,7.875,IGNORE,0,WATCH,,0,0,0,NA,NA,NA,NA,NA,CLEAR,1,0,0,0,0,TREND_REVERSAL_UNCONFIRMED,0,0.45,NONE,1,0,0,0
BTCUSDT,1777442400000,2026-04-29T06:00:00.000Z,NEUTRAL,NONE,0,7.875,IGNORE,0,WATCH,,0,0,0,NA,NA,NA,NA,NA,CLEAR,1,0,0,0,0,TREND_REVERSAL_UNCONFIRMED,0,0.45,NONE,1,0,0,0
BTCUSDT,1777446000000,2026-04-29T07:00:00.000Z,NEUTRAL,NONE,0,7.875,IGNORE,0,WATCH,,0,0,0,NA,NA,NA,NA,NA,CLEAR,1,0,0,0,0,TREND_REVERSAL_UNCONFIRMED,0,0.45,NONE,1,0,0,0
BTCUSDT,1777449600000,2026-04-29T08:00:00.000Z,NEUTRAL,NONE,0,7.875,IGNORE,0,WATCH,,0,0,0,NA,NA,NA,NA,NA,CLEAR,1,0,0,0,0,TREND_REVERSAL_UNCONFIRMED,0,0.45,NONE,1,0,0,0
BTCUSDT,1777453200000,2026-04-29T09:00:00.000Z,NEUTRAL,NONE,0,7.875,IGNORE,0,WATCH,,0,0,0,NA,NA,NA,NA,NA,CLEAR,1,0,0,0,0,TREND_REVERSAL_UNCONFIRMED,0,0.45,NONE,1,0,0,0
BTCUSDT,1777456800000,2026-04-29T10:00:00.000Z,NEUTRAL,NONE,0,7.875,IGNORE,0,WATCH,,0,0,0,NA,NA,NA,NA,NA,CLEAR,1,0,0,0,0,TREND_REVERSAL_UNCONFIRMED,0,0.45,NONE,1,0,0,0
BTCUSDT,1777460400000,2026-04-29T11:00:00.000Z,NEUTRAL,NONE,0,7.875,IGNORE,0,WATCH,,0,0,0,NA,NA,NA,NA,NA,CLEAR,1,0,0,0,0,TREND_REVERSAL_UNCONFIRMED,0,0.45,NONE,1,0,0,0
BTCUSDT,1777464000000,2026-04-29T12:00:00.000Z,NEUTRAL,NONE,0,7.875,IGNORE,0,WATCH,,0,0,0,NA,NA,NA,NA,NA,WARNING_SOFT,1,0,0,0,0,TREND_REVERSAL_UNCONFIRMED,0,0.45,NONE,1,0,0,0
BTCUSDT,1777467600000,2026-04-29T13:00:00.000Z,BEAR,LONG,42.5,18.534375,IGNORE,0,WATCH,,0,0,0,NA,NA,NA,NA,NA,CLEAR,1,0,0,0,0,TREND_REVERSAL_UNCONFIRMED,2,0.45,LONG,1,0,0,0
BTCUSDT,1777471200000,2026-04-29T14:00:00.000Z,BEAR,LONG,34.17919743486611,17.879111797995705,IGNORE,0,WATCH,,0,0,0,NA,NA,NA,NA,NA,CLEAR,1,0,0,0,0,TREND_REVERSAL_UNCONFIRMED,2,0.45,LONG,1,0,0,0
BTCUSDT,1777474800000,2026-04-29T15:00:00.000Z,BEAR,LONG,42.5,18.534375,IGNORE,0,WATCH,,0,0,0,NA,NA,NA,NA,NA,CLEAR,1,0,0,0,0,TREND_REVERSAL_UNCONFIRMED,2,0.45,LONG,1,0,0,0
BTCUSDT,1777478400000,2026-04-29T16:00:00.000Z,BEAR,LONG,54.58781531539536,52.01940885136312,WATCH,1,WATCH,ACTIVE,1,1,0,PASS,PASS,SKIP,SKIP,FAIL,CLEAR,1,0,0,0,0,MARKET_CONTEXT_DENIED,3,0.84,LONG,0,1,0,0
BTCUSDT,1777482000000,2026-04-29T17:00:00.000Z,BEAR,LONG,17.5,12.909375,IGNORE,0,WATCH,,0,0,0,NA,NA,NA,NA,NA,CLEAR,1,0,0,0,0,TREND_REVERSAL_UNCONFIRMED,1,0.45,LONG,1,0,0,0
BTCUSDT,1777485600000,2026-04-29T18:00:00.000Z,BEAR,LONG,42.5,18.534375,IGNORE,0,WATCH,,0,0,0,NA,NA,NA,NA,NA,CLEAR,1,0,0,0,0,TREND_REVERSAL_UNCONFIRMED,2,0.45,LONG,1,0,0,0
BTCUSDT,1777489200000,2026-04-29T19:00:00.000Z,BEAR,LONG,17.5,12.909375,IGNORE,0,WATCH,,0,0,0,NA,NA,NA,NA,NA,CLEAR,1,0,0,0,0,TREND_REVERSAL_UNCONFIRMED,1,0.45,LONG,1,0,0,0
BTCUSDT,1777492800000,2026-04-29T20:00:00.000Z,BEAR,LONG,17.5,12.909375,IGNORE,0,WATCH,,0,0,0,NA,NA,NA,NA,NA,CLEAR,1,0,0,0,0,TREND_REVERSAL_UNCONFIRMED,1,0.45,LONG,1,0,0,0
BTCUSDT,1777496400000,2026-04-29T21:00:00.000Z,BEAR,LONG,16.502062499999987,12.830787421875,IGNORE,0,WATCH,,0,0,0,NA,NA,NA,NA,NA,CLEAR,1,0,0,0,0,TREND_REVERSAL_UNCONFIRMED,1,0.45,LONG,1,0,0,0
BTCUSDT,1777500000000,2026-04-29T22:00:00.000Z,BEAR,LONG,0,7.875,IGNORE,0,WATCH,,0,0,0,NA,NA,NA,NA,NA,CLEAR,1,0,0,0,0,TREND_REVERSAL_UNCONFIRMED,0,0.45,LONG,1,0,0,0
BTCUSDT,1777503600000,2026-04-29T23:00:00.000Z,BEAR,LONG,0,7.875,IGNORE,0,WATCH,,0,0,0,NA,NA,NA,NA,NA,CLEAR,1,0,0,0,0,TREND_REVERSAL_UNCONFIRMED,0,0.45,LONG,1,0,0,0
BTCUSDT,1777507200000,2026-04-30T00:00:00.000Z,BEAR,LONG,25,13.5,IGNORE,0,WATCH,,0,0,0,NA,NA,NA,NA,NA,CLEAR,1,0,0,0,0,TREND_REVERSAL_UNCONFIRMED,1,0.45,LONG,1,0,0,0
BTCUSDT,1777510800000,2026-04-30T01:00:00.000Z,BEAR,LONG,0,7.875,IGNORE,0,WATCH,,0,0,0,NA,NA,NA,NA,NA,WARNING_SOFT,1,0,0,0,0,TREND_REVERSAL_UNCONFIRMED,0,0.45,LONG,1,0,0,0
BTCUSDT,1777514400000,2026-04-30T02:00:00.000Z,BEAR,LONG,0,7.875,IGNORE,0,WATCH,,0,0,0,NA,NA,NA,NA,NA,WARNING_SOFT,1,0,0,0,0,TREND_REVERSAL_UNCONFIRMED,0,0.45,LONG,1,0,0,0
BTCUSDT,1777518000000,2026-04-30T03:00:00.000Z,BEAR,LONG,0,7.875,IGNORE,0,WATCH,,0,0,0,NA,NA,NA,NA,NA,CLEAR,1,0,0,0,0,TREND_REVERSAL_UNCONFIRMED,0,0.45,LONG,1,0,0,0
BTCUSDT,1777521600000,2026-04-30T04:00:00.000Z,BEAR,LONG,12.847222222222221,12.54296875,IGNORE,0,WATCH,,0,0,0,NA,NA,NA,NA,NA,CLEAR,1,0,0,0,0,TREND_REVERSAL_UNCONFIRMED,1,0.45,LONG,1,0,0,0
BTCUSDT,1777525200000,2026-04-30T05:00:00.000Z,BEAR,LONG,0,7.875,IGNORE,0,WATCH,,0,0,0,NA,NA,NA,NA,NA,CLEAR,1,0,0,0,0,TREND_REVERSAL_UNCONFIRMED,0,0.45,LONG,1,0,0,0
BTCUSDT,1777528800000,2026-04-30T06:00:00.000Z,BEAR,LONG,0,7.875,IGNORE,0,WATCH,,0,0,0,NA,NA,NA,NA,NA,CLEAR,1,0,0,0,0,TREND_REVERSAL_UNCONFIRMED,0,0.45,LONG,1,0,0,0
BTCUSDT,1777532400000,2026-04-30T07:00:00.000Z,NEUTRAL,NONE,0,7.875,IGNORE,0,WATCH,,0,0,0,NA,NA,NA,NA,NA,WARNING_SOFT,1,0,0,0,0,TREND_REVERSAL_UNCONFIRMED,0,0.45,NONE,1,0,0,0
BTCUSDT,1777536000000,2026-04-30T08:00:00.000Z,NEUTRAL,NONE,0,7.875,IGNORE,0,WATCH,,0,0,0,NA,NA,NA,NA,NA,CLEAR,1,0,0,0,0,TREND_REVERSAL_UNCONFIRMED,0,0.45,NONE,1,0,0,0
BTCUSDT,1777539600000,2026-04-30T09:00:00.000Z,NEUTRAL,NONE,0,7.875,IGNORE,0,WATCH,,0,0,0,NA,NA,NA,NA,NA,CLEAR,1,0,0,0,0,TREND_REVERSAL_UNCONFIRMED,0,0.45,NONE,1,0,0,0
BTCUSDT,1777543200000,2026-04-30T10:00:00.000Z,BEAR,LONG,17.5,12.909375,IGNORE,0,WATCH,,0,0,0,NA,NA,NA,NA,NA,WARNING_SOFT,1,0,0,0,0,TREND_REVERSAL_UNCONFIRMED,1,0.45,LONG,1,0,0,0
BTCUSDT,1777546800000,2026-04-30T11:00:00.000Z,NEUTRAL,NONE,0,7.875,IGNORE,0,WATCH,,0,0,0,NA,NA,NA,NA,NA,CLEAR,1,0,0,0,0,TREND_REVERSAL_UNCONFIRMED,0,0.45,NONE,1,0,0,0
BTCUSDT,1777550400000,2026-04-30T12:00:00.000Z,NEUTRAL,NONE,0,7.875,IGNORE,0,WATCH,,0,0,0,NA,NA,NA,NA,NA,CLEAR,1,0,0,0,0,TREND_REVERSAL_UNCONFIRMED,0,0.45,NONE,1,0,0,0
BTCUSDT,1777554000000,2026-04-30T13:00:00.000Z,NEUTRAL,NONE,0,7.875,IGNORE,0,WATCH,,0,0,0,NA,NA,NA,NA,NA,CLEAR,1,0,0,0,0,TREND_REVERSAL_UNCONFIRMED,0,0.45,NONE,1,0,0,0
BTCUSDT,1777557600000,2026-04-30T14:00:00.000Z,NEUTRAL,NONE,0,7.875,IGNORE,0,WATCH,,0,0,0,NA,NA,NA,NA,NA,CLEAR,1,0,0,0,0,TREND_REVERSAL_UNCONFIRMED,0,0.45,NONE,1,0,0,0
BTCUSDT,1777561200000,2026-04-30T15:00:00.000Z,NEUTRAL,NONE,0,7.875,IGNORE,0,WATCH,,0,0,0,NA,NA,NA,NA,NA,CLEAR,1,0,0,0,0,TREND_REVERSAL_UNCONFIRMED,0,0.45,NONE,1,0,0,0
BTCUSDT,1777564800000,2026-04-30T16:00:00.000Z,NEUTRAL,NONE,0,7.875,IGNORE,0,WATCH,,0,0,0,NA,NA,NA,NA,NA,CLEAR,1,0,0,0,0,TREND_REVERSAL_UNCONFIRMED,0,0.45,NONE,1,0,0,0
BTCUSDT,1777568400000,2026-04-30T17:00:00.000Z,NEUTRAL,NONE,0,7.875,IGNORE,0,WATCH,,0,0,0,NA,NA,NA,NA,NA,WARNING_SOFT,1,0,0,0,0,TREND_REVERSAL_UNCONFIRMED,0,0.45,NONE,1,0,0,0
BTCUSDT,1777572000000,2026-04-30T18:00:00.000Z,NEUTRAL,NONE,0,7.875,IGNORE,0,WATCH,,0,0,0,NA,NA,NA,NA,NA,CLEAR,1,0,0,0,0,TREND_REVERSAL_UNCONFIRMED,0,0.45,NONE,1,0,0,0
BTCUSDT,1777575600000,2026-04-30T19:00:00.000Z,NEUTRAL,NONE,0,7.875,IGNORE,0,WATCH,,0,0,0,NA,NA,NA,NA,NA,CLEAR,1,0,0,0,0,TREND_REVERSAL_UNCONFIRMED,0,0.45,NONE,1,0,0,0
BTCUSDT,1777579200000,2026-04-30T20:00:00.000Z,NEUTRAL,NONE,0,7.875,IGNORE,0,WATCH,,0,0,0,NA,NA,NA,NA,NA,CLEAR,1,0,0,0,0,TREND_REVERSAL_UNCONFIRMED,0,0.45,NONE,1,0,0,0
BTCUSDT,1777582800000,2026-04-30T21:00:00.000Z,NEUTRAL,NONE,0,7.875,IGNORE,0,WATCH,,0,0,0,NA,NA,NA,NA,NA,CLEAR,1,0,0,0,0,TREND_REVERSAL_UNCONFIRMED,0,0.45,NONE,1,0,0,0
BTCUSDT,1777586400000,2026-04-30T22:00:00.000Z,BEAR,LONG,17.5,12.909375,IGNORE,0,WATCH,,0,0,0,NA,NA,NA,NA,NA,WARNING_SOFT,1,0,0,0,0,TREND_REVERSAL_UNCONFIRMED,1,0.45,LONG,1,0,0,0
BTCUSDT,1777590000000,2026-04-30T23:00:00.000Z,NEUTRAL,NONE,0,7.875,IGNORE,0,WATCH,,0,0,0,NA,NA,NA,NA,NA,CLEAR,1,0,0,0,0,TREND_REVERSAL_UNCONFIRMED,0,0.45,NONE,1,0,0,0
BTCUSDT,1777593600000,2026-05-01T00:00:00.000Z,NEUTRAL,NONE,0,7.875,IGNORE,0,WATCH,,0,0,0,NA,NA,NA,NA,NA,CLEAR,1,0,0,0,0,TREND_REVERSAL_UNCONFIRMED,0,0.45,NONE,1,0,0,0
BTCUSDT,1777597200000,2026-05-01T01:00:00.000Z,NEUTRAL,NONE,0,7.875,IGNORE,0,WATCH,,0,0,0,NA,NA,NA,NA,NA,CLEAR,1,0,0,0,0,TREND_REVERSAL_UNCONFIRMED,0,0.45,NONE,1,0,0,0
BTCUSDT,1777600800000,2026-05-01T02:00:00.000Z,NEUTRAL,NONE,0,7.875,IGNORE,0,WATCH,,0,0,0,NA,NA,NA,NA,NA,CLEAR,1,0,0,0,0,TREND_REVERSAL_UNCONFIRMED,0,0.45,NONE,1,0,0,0
BTCUSDT,1777604400000,2026-05-01T03:00:00.000Z,NEUTRAL,NONE,0,7.875,IGNORE,0,WATCH,,0,0,0,NA,NA,NA,NA,NA,CLEAR,1,0,0,0,0,TREND_REVERSAL_UNCONFIRMED,0,0.45,NONE,1,0,0,0
BTCUSDT,1777608000000,2026-05-01T04:00:00.000Z,BULL,SHORT,17.5,12.909375,IGNORE,0,WATCH,,0,0,0,NA,NA,NA,NA,NA,CLEAR,1,0,0,0,0,TREND_REVERSAL_UNCONFIRMED,1,0.45,SHORT,1,0,0,0
BTCUSDT,1777611600000,2026-05-01T05:00:00.000Z,BULL,SHORT,30.34722222222222,17.57734375,IGNORE,0,WATCH,,0,0,0,NA,NA,NA,NA,NA,CLEAR,1,0,0,0,0,TREND_REVERSAL_UNCONFIRMED,2,0.45,SHORT,1,0,0,0
BTCUSDT,1777615200000,2026-05-01T06:00:00.000Z,BULL,SHORT,0,7.875,IGNORE,0,WATCH,,0,0,0,NA,NA,NA,NA,NA,CLEAR,1,0,0,0,0,TREND_REVERSAL_UNCONFIRMED,0,0.45,SHORT,1,0,0,0
BTCUSDT,1777618800000,2026-05-01T07:00:00.000Z,BULL,SHORT,0,7.875,IGNORE,0,WATCH,,0,0,0,NA,NA,NA,NA,NA,CLEAR,1,0,0,0,0,TREND_REVERSAL_UNCONFIRMED,0,0.45,SHORT,1,0,0,0
BTCUSDT,1777622400000,2026-05-01T08:00:00.000Z,BULL,SHORT,21.115614012457247,13.194104603481009,IGNORE,0,WATCH,,0,0,0,NA,NA,NA,NA,NA,CLEAR,1,0,0,0,0,TREND_REVERSAL_UNCONFIRMED,1,0.45,SHORT,1,0,0,0
BTCUSDT,1777626000000,2026-05-01T09:00:00.000Z,BULL,SHORT,25,13.5,IGNORE,0,WATCH,,0,0,0,NA,NA,NA,NA,NA,CLEAR,1,0,0,0,0,TREND_REVERSAL_UNCONFIRMED,1,0.45,SHORT,1,0,0,0
BTCUSDT,1777629600000,2026-05-01T10:00:00.000Z,BULL,SHORT,0,7.875,IGNORE,0,WATCH,,0,0,0,NA,NA,NA,NA,NA,CLEAR,1,0,0,0,0,TREND_REVERSAL_UNCONFIRMED,0,0.45,SHORT,1,0,0,0
BTCUSDT,1777633200000,2026-05-01T11:00:00.000Z,BULL,SHORT,13.140263675010546,12.56604576440708,IGNORE,0,WATCH,,0,0,0,NA,NA,NA,NA,NA,CLEAR,1,0,0,0,0,TREND_REVERSAL_UNCONFIRMED,1,0.45,SHORT,1,0,0,0
BTCUSDT,1777636800000,2026-05-01T12:00:00.000Z,BULL,SHORT,25,13.5,IGNORE,0,WATCH,,0,0,0,NA,NA,NA,NA,NA,CLEAR,1,1,0,0,0,TREND_REVERSAL_UNCONFIRMED,1,0.45,SHORT,1,0,0,0
BTCUSDT,1777640400000,2026-05-01T13:00:00.000Z,BULL,SHORT,37.84722222222222,18.16796875,IGNORE,0,WATCH,,0,0,0,NA,NA,NA,NA,NA,CLEAR,1,1,0,0,0,TREND_REVERSAL_UNCONFIRMED,2,0.45,SHORT,1,0,0,0
BTCUSDT,1777644000000,2026-05-01T14:00:00.000Z,BULL,SHORT,50,19.125,IGNORE,0,WATCH,,0,0,0,NA,NA,NA,NA,NA,CLEAR,1,0,0,0,0,TREND_REVERSAL_UNCONFIRMED,2,0.45,SHORT,1,0,0,0
BTCUSDT,1777647600000,2026-05-01T15:00:00.000Z,BULL,SHORT,21.198508328511263,13.200632530870262,IGNORE,0,WATCH,,0,0,0,NA,NA,NA,NA,NA,CLEAR,1,0,0,0,0,TREND_REVERSAL_UNCONFIRMED,1,0.45,SHORT,1,0,0,0
BTCUSDT,1777651200000,2026-05-01T16:00:00.000Z,BULL,SHORT,0,7.875,IGNORE,0,WATCH,,0,0,0,NA,NA,NA,NA,NA,CLEAR,1,0,0,0,0,TREND_REVERSAL_UNCONFIRMED,0,0.45,SHORT,1,0,0,0
BTCUSDT,1777654800000,2026-05-01T17:00:00.000Z,BULL,SHORT,0,7.875,IGNORE,0,WATCH,,0,0,0,NA,NA,NA,NA,NA,CLEAR,1,0,0,0,0,TREND_REVERSAL_UNCONFIRMED,0,0.45,SHORT,1,0,0,0
BTCUSDT,1777658400000,2026-05-01T18:00:00.000Z,BULL,SHORT,0,7.875,IGNORE,0,WATCH,,0,0,0,NA,NA,NA,NA,NA,CLEAR,1,0,0,0,0,TREND_REVERSAL_UNCONFIRMED,0,0.45,SHORT,1,0,0,0
BTCUSDT,1777662000000,2026-05-01T19:00:00.000Z,BULL,SHORT,0,7.875,IGNORE,0,WATCH,,0,0,0,NA,NA,NA,NA,NA,CLEAR,1,0,0,0,0,TREND_REVERSAL_UNCONFIRMED,0,0.45,SHORT,1,0,0,0
BTCUSDT,1777665600000,2026-05-01T20:00:00.000Z,BULL,SHORT,25,13.5,IGNORE,0,WATCH,,0,0,0,NA,NA,NA,NA,NA,CLEAR,1,0,0,0,0,TREND_REVERSAL_UNCONFIRMED,1,0.45,SHORT,1,0,0,0
BTCUSDT,1777669200000,2026-05-01T21:00:00.000Z,BULL,SHORT,0,7.875,IGNORE,0,WATCH,,0,0,0,NA,NA,NA,NA,NA,WARNING_SOFT,1,0,0,0,0,TREND_REVERSAL_UNCONFIRMED,0,0.45,SHORT,1,0,0,0
BTCUSDT,1777672800000,2026-05-01T22:00:00.000Z,BULL,SHORT,0,7.875,IGNORE,0,WATCH,,0,0,0,NA,NA,NA,NA,NA,CLEAR,1,0,0,0,0,TREND_REVERSAL_UNCONFIRMED,0,0.45,SHORT,1,0,0,0
BTCUSDT,1777676400000,2026-05-01T23:00:00.000Z,BULL,SHORT,0,7.875,IGNORE,0,WATCH,,0,0,0,NA,NA,NA,NA,NA,WARNING_SOFT,1,0,0,0,0,TREND_REVERSAL_UNCONFIRMED,0,0.45,SHORT,1,0,0,0
BTCUSDT,1777680000000,2026-05-02T00:00:00.000Z,BULL,SHORT,0,7.875,IGNORE,0,WATCH,,0,0,0,NA,NA,NA,NA,NA,CLEAR,1,0,0,0,0,TREND_REVERSAL_UNCONFIRMED,0,0.45,SHORT,1,0,0,0
BTCUSDT,1777683600000,2026-05-02T01:00:00.000Z,BULL,SHORT,0,7.875,IGNORE,0,WATCH,,0,0,0,NA,NA,NA,NA,NA,CLEAR,1,0,0,0,0,TREND_REVERSAL_UNCONFIRMED,0,0.45,SHORT,1,0,0,0
BTCUSDT,1777687200000,2026-05-02T02:00:00.000Z,BULL,SHORT,0,7.875,IGNORE,0,WATCH,,0,0,0,NA,NA,NA,NA,NA,CLEAR,1,0,0,0,0,TREND_REVERSAL_UNCONFIRMED,0,0.45,SHORT,1,0,0,0
BTCUSDT,1777690800000,2026-05-02T03:00:00.000Z,BULL,SHORT,0,7.875,IGNORE,0,WATCH,,0,0,0,NA,NA,NA,NA,NA,CLEAR,1,0,0,0,0,TREND_REVERSAL_UNCONFIRMED,0,0.45,SHORT,1,0,0,0
BTCUSDT,1777694400000,2026-05-02T04:00:00.000Z,BULL,SHORT,25,13.5,IGNORE,0,WATCH,,0,0,0,NA,NA,NA,NA,NA,CLEAR,1,0,0,0,0,TREND_REVERSAL_UNCONFIRMED,1,0.45,SHORT,1,0,0,0
BTCUSDT,1777698000000,2026-05-02T05:00:00.000Z,BULL,SHORT,0,7.875,IGNORE,0,WATCH,,0,0,0,NA,NA,NA,NA,NA,BLOCK,0,0,0,0,0,TREND_REVERSAL_UNCONFIRMED,0,0.45,SHORT,1,0,0,0
BTCUSDT,1777701600000,2026-05-02T06:00:00.000Z,BULL,SHORT,17.5,12.909375,IGNORE,0,WATCH,,0,0,0,NA,NA,NA,NA,NA,WARNING_SOFT,1,0,0,0,0,TREND_REVERSAL_UNCONFIRMED,1,0.45,SHORT,1,0,0,0
BTCUSDT,1777705200000,2026-05-02T07:00:00.000Z,BULL,SHORT,38.2475375,18.199493578124997,IGNORE,0,WATCH,,0,0,0,NA,NA,NA,NA,NA,CLEAR,1,0,0,0,0,TREND_REVERSAL_UNCONFIRMED,2,0.45,SHORT,1,0,0,0
BTCUSDT,1777708800000,2026-05-02T08:00:00.000Z,BULL,SHORT,17.5,12.909375,IGNORE,0,WATCH,,0,0,0,NA,NA,NA,NA,NA,CLEAR,1,0,0,0,0,TREND_REVERSAL_UNCONFIRMED,1,0.45,SHORT,1,0,0,0
BTCUSDT,1777712400000,2026-05-02T09:00:00.000Z,BULL,SHORT,17.5,12.909375,IGNORE,0,WATCH,,0,0,0,NA,NA,NA,NA,NA,CLEAR,1,0,0,0,0,TREND_REVERSAL_UNCONFIRMED,1,0.45,SHORT,1,0,0,0
BTCUSDT,1777716000000,2026-05-02T10:00:00.000Z,BULL,SHORT,32.40535,17.7394213125,IGNORE,0,WATCH,,0,0,0,NA,NA,NA,NA,NA,WARNING_SOFT,1,0,0,0,0,TREND_REVERSAL_UNCONFIRMED,2,0.45,SHORT,1,0,0,0
BTCUSDT,1777719600000,2026-05-02T11:00:00.000Z,BULL,SHORT,17.5,12.909375,IGNORE,0,WATCH,,0,0,0,NA,NA,NA,NA,NA,WARNING_SOFT,1,0,0,0,0,TREND_REVERSAL_UNCONFIRMED,1,0.45,SHORT,1,0,0,0
BTCUSDT,1777723200000,2026-05-02T12:00:00.000Z,BULL,SHORT,17.5,12.909375,IGNORE,0,WATCH,,0,0,0,NA,NA,NA,NA,NA,WARNING_SOFT,1,0,0,0,0,TREND_REVERSAL_UNCONFIRMED,1,0.45,SHORT,1,0,0,0
BTCUSDT,1777726800000,2026-05-02T13:00:00.000Z,BULL,SHORT,17.5,12.909375,IGNORE,0,WATCH,,0,0,0,NA,NA,NA,NA,NA,CLEAR,1,0,0,0,0,TREND_REVERSAL_UNCONFIRMED,1,0.45,SHORT,1,0,0,0
BTCUSDT,1777730400000,2026-05-02T14:00:00.000Z,BULL,SHORT,17.5,12.909375,IGNORE,0,WATCH,,0,0,0,NA,NA,NA,NA,NA,CLEAR,1,0,0,0,0,TREND_REVERSAL_UNCONFIRMED,1,0.45,SHORT,1,0,0,0
BTCUSDT,1777734000000,2026-05-02T15:00:00.000Z,BULL,SHORT,30.34722222222222,17.57734375,IGNORE,0,WATCH,,0,0,0,NA,NA,NA,NA,NA,CLEAR,1,0,0,0,0,TREND_REVERSAL_UNCONFIRMED,2,0.45,SHORT,1,0,0,0
BTCUSDT,1777737600000,2026-05-02T16:00:00.000Z,BULL,SHORT,17.5,12.909375,IGNORE,0,WATCH,,0,0,0,NA,NA,NA,NA,NA,CLEAR,1,0,0,0,0,TREND_REVERSAL_UNCONFIRMED,1,0.45,SHORT,1,0,0,0
BTCUSDT,1777741200000,2026-05-02T17:00:00.000Z,BULL,SHORT,41.2963,18.439583625,IGNORE,0,WATCH,,0,0,0,NA,NA,NA,NA,NA,CLEAR,1,0,0,0,0,TREND_REVERSAL_UNCONFIRMED,2,0.45,SHORT,1,0,0,0
BTCUSDT,1777744800000,2026-05-02T18:00:00.000Z,BULL,SHORT,17.5,12.909375,IGNORE,0,WATCH,,0,0,0,NA,NA,NA,NA,NA,CLEAR,1,0,0,0,0,TREND_REVERSAL_UNCONFIRMED,1,0.45,SHORT,1,0,0,0
BTCUSDT,1777748400000,2026-05-02T19:00:00.000Z,BULL,SHORT,0,7.875,IGNORE,0,WATCH,,0,0,0,NA,NA,NA,NA,NA,CLEAR,1,0,0,0,0,TREND_REVERSAL_UNCONFIRMED,0,0.45,SHORT,1,0,0,0
BTCUSDT,1777752000000,2026-05-02T20:00:00.000Z,BULL,SHORT,0,7.875,IGNORE,0,WATCH,,0,0,0,NA,NA,NA,NA,NA,CLEAR,1,0,0,0,0,TREND_REVERSAL_UNCONFIRMED,0,0.45,SHORT,1,0,0,0
BTCUSDT,1777755600000,2026-05-02T21:00:00.000Z,BULL,SHORT,25,13.5,IGNORE,0,WATCH,,0,0,0,NA,NA,NA,NA,NA,CLEAR,1,0,0,0,0,TREND_REVERSAL_UNCONFIRMED,1,0.45,SHORT,1,0,0,0
BTCUSDT,1777759200000,2026-05-02T22:00:00.000Z,BULL,SHORT,14.709618154550286,12.689632429670835,IGNORE,0,WATCH,,0,0,0,NA,NA,NA,NA,NA,CLEAR,1,0,0,0,0,TREND_REVERSAL_UNCONFIRMED,1,0.45,SHORT,1,0,0,0
BTCUSDT,1777762800000,2026-05-02T23:00:00.000Z,BULL,SHORT,25,13.5,IGNORE,0,WATCH,,0,0,0,NA,NA,NA,NA,NA,CLEAR,1,0,0,0,0,TREND_REVERSAL_UNCONFIRMED,1,0.45,SHORT,1,0,0,0
BTCUSDT,1777766400000,2026-05-03T00:00:00.000Z,BULL,SHORT,17.844036834888122,12.93646790074744,IGNORE,0,WATCH,,0,0,0,NA,NA,NA,NA,NA,CLEAR,1,0,0,0,0,TREND_REVERSAL_UNCONFIRMED,1,0.45,SHORT,1,0,0,0
BTCUSDT,1777770000000,2026-05-03T01:00:00.000Z,NEUTRAL,NONE,0,7.875,IGNORE,0,WATCH,,0,0,0,NA,NA,NA,NA,NA,BLOCK,0,0,1,0,0,TREND_REVERSAL_UNCONFIRMED,0,0.45,NONE,1,0,0,0
BTCUSDT,1777773600000,2026-05-03T02:00:00.000Z,NEUTRAL,NONE,0,7.875,IGNORE,0,WATCH,,0,0,0,NA,NA,NA,NA,NA,BLOCK,0,0,1,0,0,TREND_REVERSAL_UNCONFIRMED,0,0.45,NONE,1,0,0,0
BTCUSDT,1777777200000,2026-05-03T03:00:00.000Z,NEUTRAL,NONE,0,7.875,IGNORE,0,WATCH,,0,0,0,NA,NA,NA,NA,NA,WARNING_SOFT,1,0,0,0,0,TREND_REVERSAL_UNCONFIRMED,0,0.45,NONE,1,0,0,0
BTCUSDT,1777780800000,2026-05-03T04:00:00.000Z,NEUTRAL,NONE,0,7.875,IGNORE,0,WATCH,,0,0,0,NA,NA,NA,NA,NA,WARNING_SOFT,1,0,0,0,0,TREND_REVERSAL_UNCONFIRMED,0,0.45,NONE,1,0,0,0
BTCUSDT,1777784400000,2026-05-03T05:00:00.000Z,NEUTRAL,NONE,0,7.875,IGNORE,0,WATCH,,0,0,0,NA,NA,NA,NA,NA,WARNING_SOFT,1,0,0,0,0,TREND_REVERSAL_UNCONFIRMED,0,0.45,NONE,1,0,0,0
BTCUSDT,1777788000000,2026-05-03T06:00:00.000Z,NEUTRAL,NONE,0,7.875,IGNORE,0,WATCH,,0,0,0,NA,NA,NA,NA,NA,WARNING_SOFT,1,0,0,0,0,TREND_REVERSAL_UNCONFIRMED,0,0.45,NONE,1,0,0,0
BTCUSDT,1777791600000,2026-05-03T07:00:00.000Z,BULL,SHORT,0,7.875,IGNORE,0,WATCH,,0,0,0,NA,NA,NA,NA,NA,WARNING_SOFT,1,0,0,0,0,TREND_REVERSAL_UNCONFIRMED,0,0.45,SHORT,1,0,0,0
BTCUSDT,1777795200000,2026-05-03T08:00:00.000Z,BULL,SHORT,18.9899625,13.026709546875,IGNORE,0,WATCH,,0,0,0,NA,NA,NA,NA,NA,CLEAR,1,0,0,0,0,TREND_REVERSAL_UNCONFIRMED,1,0.45,SHORT,1,0,0,0
BTCUSDT,1777798800000,2026-05-03T09:00:00.000Z,BULL,SHORT,0,7.875,IGNORE,0,WATCH,,0,0,0,NA,NA,NA,NA,NA,CLEAR,1,0,0,0,0,TREND_REVERSAL_UNCONFIRMED,0,0.45,SHORT,1,0,0,0
BTCUSDT,1777802400000,2026-05-03T10:00:00.000Z,BULL,SHORT,0,7.875,IGNORE,0,WATCH,,0,0,0,NA,NA,NA,NA,NA,CLEAR,1,0,0,0,0,TREND_REVERSAL_UNCONFIRMED,0,0.45,SHORT,1,0,0,0
BTCUSDT,1777806000000,2026-05-03T11:00:00.000Z,BULL,SHORT,24.024831639143425,13.423205491582545,IGNORE,0,WATCH,,0,0,0,NA,NA,NA,NA,NA,CLEAR,1,0,0,0,0,TREND_REVERSAL_UNCONFIRMED,1,0.45,SHORT,1,0,0,0
BTCUSDT,1777809600000,2026-05-03T12:00:00.000Z,BULL,SHORT,17.06757792089048,12.875321761270126,IGNORE,0,WATCH,,0,0,0,NA,NA,NA,NA,NA,CLEAR,1,0,0,0,0,TREND_REVERSAL_UNCONFIRMED,1,0.45,SHORT,1,0,0,0
BTCUSDT,1777813200000,2026-05-03T13:00:00.000Z,BULL,SHORT,0,7.875,IGNORE,0,WATCH,,0,0,0,NA,NA,NA,NA,NA,CLEAR,1,0,0,0,0,TREND_REVERSAL_UNCONFIRMED,0,0.45,SHORT,1,0,0,0
BTCUSDT,1777816800000,2026-05-03T14:00:00.000Z,BULL,SHORT,0,7.875,IGNORE,0,WATCH,,0,0,0,NA,NA,NA,NA,NA,CLEAR,1,0,0,0,0,TREND_REVERSAL_UNCONFIRMED,0,0.45,SHORT,1,0,0,0
BTCUSDT,1777820400000,2026-05-03T15:00:00.000Z,BULL,SHORT,17.5,12.909375,IGNORE,0,WATCH,,0,0,0,NA,NA,NA,NA,NA,CLEAR,1,0,0,0,0,TREND_REVERSAL_UNCONFIRMED,1,0.45,SHORT,1,0,0,0
BTCUSDT,1777824000000,2026-05-03T16:00:00.000Z,BULL,SHORT,17.5,12.909375,IGNORE,0,WATCH,,0,0,0,NA,NA,NA,NA,NA,CLEAR,1,0,0,0,0,TREND_REVERSAL_UNCONFIRMED,1,0.45,SHORT,1,0,0,0
BTCUSDT,1777827600000,2026-05-03T17:00:00.000Z,BULL,SHORT,17.5,12.909375,IGNORE,0,WATCH,,0,0,0,NA,NA,NA,NA,NA,CLEAR,1,0,0,0,0,TREND_REVERSAL_UNCONFIRMED,1,0.45,SHORT,1,0,0,0
BTCUSDT,1777831200000,2026-05-03T18:00:00.000Z,BULL,SHORT,17.5,12.909375,IGNORE,0,WATCH,,0,0,0,NA,NA,NA,NA,NA,CLEAR,1,0,0,0,0,TREND_REVERSAL_UNCONFIRMED,1,0.45,SHORT,1,0,0,0
BTCUSDT,1777834800000,2026-05-03T19:00:00.000Z,BULL,SHORT,50.09003472222222,42.118235104166665,WATCH,1,WATCH,ACTIVE,1,1,0,FAIL,PASS,SKIP,SKIP,FAIL,CLEAR,1,0,0,0,0,MARKET_CONTEXT_DENIED,3,0.84,SHORT,1,0,0,0
BTCUSDT,1777838400000,2026-05-03T20:00:00.000Z,BULL,SHORT,42.5,18.534375,IGNORE,0,WATCH,,0,0,0,NA,NA,NA,NA,NA,CLEAR,1,0,0,0,0,TREND_REVERSAL_UNCONFIRMED,2,0.45,SHORT,1,0,0,0
BTCUSDT,1777842000000,2026-05-03T21:00:00.000Z,BULL,SHORT,31.233062299870053,17.647103656114766,IGNORE,0,WATCH,,0,0,0,NA,NA,NA,NA,NA,CLEAR,1,0,0,0,0,TREND_REVERSAL_UNCONFIRMED,2,0.45,SHORT,1,0,0,0
BTCUSDT,1777845600000,2026-05-03T22:00:00.000Z,BULL,SHORT,42.5,18.534375,IGNORE,0,WATCH,,0,0,0,NA,NA,NA,NA,NA,CLEAR,1,0,0,0,0,TREND_REVERSAL_UNCONFIRMED,2,0.45,SHORT,1,0,0,0
BTCUSDT,1777849200000,2026-05-03T23:00:00.000Z,NEUTRAL,NONE,0,7.875,IGNORE,0,WATCH,,0,0,0,NA,NA,NA,NA,NA,BLOCK,0,0,0,0,0,TREND_REVERSAL_UNCONFIRMED,0,0.45,NONE,1,0,0,0
BTCUSDT,1777852800000,2026-05-04T00:00:00.000Z,NEUTRAL,NONE,0,7.875,IGNORE,0,WATCH,,0,0,0,NA,NA,NA,NA,NA,BLOCK,0,0,0,0,0,TREND_REVERSAL_UNCONFIRMED,0,0.45,NONE,1,0,0,0
BTCUSDT,1777856400000,2026-05-04T01:00:00.000Z,BULL,SHORT,42.5,18.534375,IGNORE,0,WATCH,,0,0,0,NA,NA,NA,NA,NA,WARNING_SOFT,1,0,0,0,0,TREND_REVERSAL_UNCONFIRMED,2,0.45,SHORT,1,0,0,0
BTCUSDT,1777860000000,2026-05-04T02:00:00.000Z,BULL,SHORT,42.5,18.534375,IGNORE,0,WATCH,,0,0,0,NA,NA,NA,NA,NA,CLEAR,1,0,0,0,0,TREND_REVERSAL_UNCONFIRMED,2,0.45,SHORT,1,0,0,0
BTCUSDT,1777863600000,2026-05-04T03:00:00.000Z,BULL,SHORT,40.891935205797154,18.407739897456526,IGNORE,0,WATCH,,0,0,0,NA,NA,NA,NA,NA,CLEAR,1,1,0,0,0,TREND_REVERSAL_UNCONFIRMED,2,0.45,SHORT,1,0,0,0
BTCUSDT,1777867200000,2026-05-04T04:00:00.000Z,BULL,SHORT,39.23547161418843,18.277293389617338,IGNORE,0,WATCH,,0,0,0,NA,NA,NA,NA,NA,CLEAR,1,1,0,0,0,TREND_REVERSAL_UNCONFIRMED,2,0.45,SHORT,1,0,0,0
BTCUSDT,1777870800000,2026-05-04T05:00:00.000Z,BULL,SHORT,34.117749571165646,17.874272778729296,IGNORE,0,WATCH,,0,0,0,NA,NA,NA,NA,NA,CLEAR,1,0,0,0,0,TREND_REVERSAL_UNCONFIRMED,2,0.45,SHORT,1,0,0,0
BTCUSDT,1777874400000,2026-05-04T06:00:00.000Z,BULL,SHORT,57.92468993966689,43.26992942113103,WATCH,1,WATCH,ACTIVE,1,1,0,FAIL,PASS,SKIP,SKIP,FAIL,CLEAR,1,0,0,0,0,MARKET_CONTEXT_DENIED,3,0.84,SHORT,1,0,0,0
BTCUSDT,1777878000000,2026-05-04T07:00:00.000Z,BULL,SHORT,0,7.875,IGNORE,0,WATCH,,0,0,0,NA,NA,NA,NA,NA,CLEAR,1,0,0,0,0,TREND_REVERSAL_UNCONFIRMED,0,0.45,SHORT,1,0,0,0
BTCUSDT,1777881600000,2026-05-04T08:00:00.000Z,BULL,SHORT,0,7.875,IGNORE,0,WATCH,,0,0,0,NA,NA,NA,NA,NA,CLEAR,1,0,0,0,0,TREND_REVERSAL_UNCONFIRMED,0,0.45,SHORT,1,0,0,0
BTCUSDT,1777885200000,2026-05-04T09:00:00.000Z,BULL,SHORT,0,7.875,IGNORE,0,WATCH,,0,0,0,NA,NA,NA,NA,NA,CLEAR,1,0,0,0,0,TREND_REVERSAL_UNCONFIRMED,0,0.45,SHORT,1,0,0,0
BTCUSDT,1777888800000,2026-05-04T10:00:00.000Z,NEUTRAL,NONE,0,7.875,IGNORE,0,WATCH,,0,0,0,NA,NA,NA,NA,NA,BLOCK,0,0,0,0,0,TREND_REVERSAL_UNCONFIRMED,0,0.45,NONE,1,0,0,0
BTCUSDT,1777892400000,2026-05-04T11:00:00.000Z,NEUTRAL,NONE,0,7.875,IGNORE,0,WATCH,,0,0,0,NA,NA,NA,NA,NA,WARNING_SOFT,1,0,0,0,0,TREND_REVERSAL_UNCONFIRMED,0,0.45,NONE,1,0,0,0
BTCUSDT,1777896000000,2026-05-04T12:00:00.000Z,NEUTRAL,NONE,0,7.875,IGNORE,0,WATCH,,0,0,0,NA,NA,NA,NA,NA,WARNING_SOFT,1,0,0,0,0,TREND_REVERSAL_UNCONFIRMED,0,0.45,NONE,1,0,0,0
BTCUSDT,1777899600000,2026-05-04T13:00:00.000Z,NEUTRAL,NONE,0,7.875,IGNORE,0,WATCH,,0,0,0,NA,NA,NA,NA,NA,WARNING_SOFT,1,0,0,0,0,TREND_REVERSAL_UNCONFIRMED,0,0.45,NONE,1,0,0,0
BTCUSDT,1777903200000,2026-05-04T14:00:00.000Z,BULL,SHORT,25,13.5,IGNORE,0,WATCH,,0,0,0,NA,NA,NA,NA,NA,WARNING_SOFT,1,0,0,0,0,TREND_REVERSAL_UNCONFIRMED,1,0.45,SHORT,1,0,0,0
BTCUSDT,1777906800000,2026-05-04T15:00:00.000Z,BULL,SHORT,25,13.5,IGNORE,0,WATCH,,0,0,0,NA,NA,NA,NA,NA,CLEAR,1,0,0,0,0,TREND_REVERSAL_UNCONFIRMED,1,0.45,SHORT,1,0,0,0
BTCUSDT,1777910400000,2026-05-04T16:00:00.000Z,BULL,SHORT,0,7.875,IGNORE,0,WATCH,,0,0,0,NA,NA,NA,NA,NA,CLEAR,1,0,0,0,0,TREND_REVERSAL_UNCONFIRMED,0,0.45,SHORT,1,0,0,0
BTCUSDT,1777914000000,2026-05-04T17:00:00.000Z,BULL,SHORT,0,7.875,IGNORE,0,WATCH,,0,0,0,NA,NA,NA,NA,NA,CLEAR,1,0,0,0,0,TREND_REVERSAL_UNCONFIRMED,0,0.45,SHORT,1,0,0,0
BTCUSDT,1777917600000,2026-05-04T18:00:00.000Z,BULL,SHORT,25,13.5,IGNORE,0,WATCH,,0,0,0,NA,NA,NA,NA,NA,CLEAR,1,0,0,0,0,TREND_REVERSAL_UNCONFIRMED,1,0.45,SHORT,1,0,0,0
BTCUSDT,1777921200000,2026-05-04T19:00:00.000Z,BULL,SHORT,0,7.875,IGNORE,0,WATCH,,0,0,0,NA,NA,NA,NA,NA,CLEAR,1,0,0,0,0,TREND_REVERSAL_UNCONFIRMED,0,0.45,SHORT,1,0,0,0
BTCUSDT,1777924800000,2026-05-04T20:00:00.000Z,BULL,SHORT,0,7.875,IGNORE,0,WATCH,,0,0,0,NA,NA,NA,NA,NA,CLEAR,1,0,0,0,0,TREND_REVERSAL_UNCONFIRMED,0,0.45,SHORT,1,0,0,0
BTCUSDT,1777928400000,2026-05-04T21:00:00.000Z,BULL,SHORT,0,7.875,IGNORE,0,WATCH,,0,0,0,NA,NA,NA,NA,NA,CLEAR,1,0,0,0,0,TREND_REVERSAL_UNCONFIRMED,0,0.45,SHORT,1,0,0,0
BTCUSDT,1777932000000,2026-05-04T22:00:00.000Z,BULL,SHORT,24.714324999999995,13.47750309375,IGNORE,0,WATCH,,0,0,0,NA,NA,NA,NA,NA,CLEAR,1,0,0,0,0,TREND_REVERSAL_UNCONFIRMED,1,0.45,SHORT,1,0,0,0
BTCUSDT,1777935600000,2026-05-04T23:00:00.000Z,BULL,SHORT,0,7.875,IGNORE,0,WATCH,,0,0,0,NA,NA,NA,NA,NA,CLEAR,1,0,0,0,0,TREND_REVERSAL_UNCONFIRMED,0,0.45,SHORT,1,0,0,0
BTCUSDT,1777939200000,2026-05-05T00:00:00.000Z,BULL,SHORT,0,7.875,IGNORE,0,WATCH,,0,0,0,NA,NA,NA,NA,NA,WARNING_SOFT,1,0,0,0,0,TREND_REVERSAL_UNCONFIRMED,0,0.45,SHORT,1,0,0,0
BTCUSDT,1777942800000,2026-05-05T01:00:00.000Z,BULL,SHORT,17.5,12.909375,IGNORE,0,WATCH,,0,0,0,NA,NA,NA,NA,NA,CLEAR,1,0,0,0,0,TREND_REVERSAL_UNCONFIRMED,1,0.45,SHORT,1,0,0,0
BTCUSDT,1777946400000,2026-05-05T02:00:00.000Z,BULL,SHORT,17.5,12.909375,IGNORE,0,WATCH,,0,0,0,NA,NA,NA,NA,NA,CLEAR,1,0,0,0,0,TREND_REVERSAL_UNCONFIRMED,1,0.45,SHORT,1,0,0,0
BTCUSDT,1777950000000,2026-05-05T03:00:00.000Z,BULL,SHORT,17.5,12.909375,IGNORE,0,WATCH,,0,0,0,NA,NA,NA,NA,NA,CLEAR,1,0,0,0,0,TREND_REVERSAL_UNCONFIRMED,1,0.45,SHORT,1,0,0,0
BTCUSDT,1777953600000,2026-05-05T04:00:00.000Z,BULL,SHORT,57.43055555555556,51.59729166666666,WATCH,1,WATCH,ACTIVE,1,1,0,FAIL,PASS,SKIP,SKIP,PASS,CLEAR,1,0,0,0,0,MARKET_CONTEXT_DENIED,3,0.84,SHORT,0,1,0,0
BTCUSDT,1777957200000,2026-05-05T05:00:00.000Z,BULL,SHORT,31.295301612188553,17.65200500195985,IGNORE,0,WATCH,,0,0,0,NA,NA,NA,NA,NA,CLEAR,1,0,0,0,0,TREND_REVERSAL_UNCONFIRMED,2,0.45,SHORT,1,0,0,0
BTCUSDT,1777960800000,2026-05-05T06:00:00.000Z,BULL,SHORT,33.81944444444444,17.85078125,IGNORE,0,WATCH,,0,0,0,NA,NA,NA,NA,NA,CLEAR,1,0,0,0,0,TREND_REVERSAL_UNCONFIRMED,2,0.45,SHORT,1,0,0,0
BTCUSDT,1777964400000,2026-05-05T07:00:00.000Z,BULL,SHORT,42.5,18.534375,IGNORE,0,WATCH,,0,0,0,NA,NA,NA,NA,NA,CLEAR,1,0,0,0,0,TREND_REVERSAL_UNCONFIRMED,2,0.45,SHORT,1,0,0,0
BTCUSDT,1777968000000,2026-05-05T08:00:00.000Z,BULL,SHORT,0,7.875,IGNORE,0,WATCH,,0,0,0,NA,NA,NA,NA,NA,CLEAR,1,0,0,0,0,TREND_REVERSAL_UNCONFIRMED,0,0.45,SHORT,1,0,0,0
BTCUSDT,1777971600000,2026-05-05T09:00:00.000Z,BULL,SHORT,0,7.875,IGNORE,0,WATCH,,0,0,0,NA,NA,NA,NA,NA,CLEAR,1,0,0,0,0,TREND_REVERSAL_UNCONFIRMED,0,0.45,SHORT,1,0,0,0
BTCUSDT,1777975200000,2026-05-05T10:00:00.000Z,BULL,SHORT,0,7.875,IGNORE,0,WATCH,,0,0,0,NA,NA,NA,NA,NA,CLEAR,1,0,0,0,0,TREND_REVERSAL_UNCONFIRMED,0,0.45,SHORT,1,0,0,0
BTCUSDT,1777978800000,2026-05-05T11:00:00.000Z,BULL,SHORT,0,7.875,IGNORE,0,WATCH,,0,0,0,NA,NA,NA,NA,NA,CLEAR,1,0,0,0,0,TREND_REVERSAL_UNCONFIRMED,0,0.45,SHORT,1,0,0,0
BTCUSDT,1777982400000,2026-05-05T12:00:00.000Z,BULL,SHORT,0,7.875,IGNORE,0,WATCH,,0,0,0,NA,NA,NA,NA,NA,CLEAR,1,0,0,0,0,TREND_REVERSAL_UNCONFIRMED,0,0.45,SHORT,1,0,0,0
BTCUSDT,1777986000000,2026-05-05T13:00:00.000Z,BULL,SHORT,25,13.5,IGNORE,0,WATCH,,0,0,0,NA,NA,NA,NA,NA,CLEAR,1,1,0,0,0,TREND_REVERSAL_UNCONFIRMED,1,0.45,SHORT,1,0,0,0
BTCUSDT,1777989600000,2026-05-05T14:00:00.000Z,BULL,SHORT,44.93541941742345,18.726164279122095,IGNORE,0,WATCH,,0,0,0,NA,NA,NA,NA,NA,CLEAR,1,0,0,0,0,TREND_REVERSAL_UNCONFIRMED,2,0.45,SHORT,1,0,0,0
BTCUSDT,1777993200000,2026-05-05T15:00:00.000Z,BULL,SHORT,13.194444444444445,12.5703125,IGNORE,0,WATCH,,0,0,0,NA,NA,NA,NA,NA,CLEAR,1,0,0,0,0,TREND_REVERSAL_UNCONFIRMED,1,0.45,SHORT,1,0,0,0
BTCUSDT,1777996800000,2026-05-05T16:00:00.000Z,BULL,SHORT,17.075447287750873,12.875941473910382,IGNORE,0,WATCH,,0,0,0,NA,NA,NA,NA,NA,CLEAR,1,0,0,0,0,TREND_REVERSAL_UNCONFIRMED,1,0.45,SHORT,1,0,0,0
BTCUSDT,1778000400000,2026-05-05T17:00:00.000Z,BULL,SHORT,0,7.875,IGNORE,0,WATCH,,0,0,0,NA,NA,NA,NA,NA,CLEAR,1,0,0,0,0,TREND_REVERSAL_UNCONFIRMED,0,0.45,SHORT,1,0,0,0
BTCUSDT,1778004000000,2026-05-05T18:00:00.000Z,BULL,SHORT,0,7.875,IGNORE,0,WATCH,,0,0,0,NA,NA,NA,NA,NA,CLEAR,1,0,0,0,0,TREND_REVERSAL_UNCONFIRMED,0,0.45,SHORT,1,0,0,0
BTCUSDT,1778007600000,2026-05-05T19:00:00.000Z,BULL,SHORT,12.847222222222221,12.54296875,IGNORE,0,WATCH,,0,0,0,NA,NA,NA,NA,NA,CLEAR,1,0,0,0,0,TREND_REVERSAL_UNCONFIRMED,1,0.45,SHORT,1,0,0,0
BTCUSDT,1778011200000,2026-05-05T20:00:00.000Z,BULL,SHORT,0,7.875,IGNORE,0,WATCH,,0,0,0,NA,NA,NA,NA,NA,CLEAR,1,0,0,0,0,TREND_REVERSAL_UNCONFIRMED,0,0.45,SHORT,1,0,0,0
BTCUSDT,1778014800000,2026-05-05T21:00:00.000Z,BULL,SHORT,0,7.875,IGNORE,0,WATCH,,0,0,0,NA,NA,NA,NA,NA,CLEAR,1,0,0,0,0,TREND_REVERSAL_UNCONFIRMED,0,0.45,SHORT,1,0,0,0
BTCUSDT,1778018400000,2026-05-05T22:00:00.000Z,BULL,SHORT,41.748020797491975,18.475156637802492,IGNORE,0,WATCH,,0,0,0,NA,NA,NA,NA,NA,CLEAR,1,0,0,0,0,TREND_REVERSAL_UNCONFIRMED,2,0.45,SHORT,1,0,0,0
BTCUSDT,1778022000000,2026-05-05T23:00:00.000Z,NEUTRAL,NONE,0,7.875,IGNORE,0,WATCH,,0,0,0,NA,NA,NA,NA,NA,WARNING_SOFT,1,0,0,0,0,TREND_REVERSAL_UNCONFIRMED,0,0.45,NONE,1,0,0,0
BTCUSDT,1778025600000,2026-05-06T00:00:00.000Z,NEUTRAL,NONE,0,7.875,IGNORE,0,WATCH,,0,0,0,NA,NA,NA,NA,NA,BLOCK,0,0,0,0,0,TREND_REVERSAL_UNCONFIRMED,0,0.45,NONE,1,0,0,0
BTCUSDT,1778029200000,2026-05-06T01:00:00.000Z,BULL,SHORT,0,7.875,IGNORE,0,WATCH,,0,0,0,NA,NA,NA,NA,NA,WARNING_SOFT,1,0,0,0,0,TREND_REVERSAL_UNCONFIRMED,0,0.45,SHORT,1,0,0,0
BTCUSDT,1778032800000,2026-05-06T02:00:00.000Z,BULL,SHORT,25,13.5,IGNORE,0,WATCH,,0,0,0,NA,NA,NA,NA,NA,WARNING_SOFT,1,0,0,0,0,TREND_REVERSAL_UNCONFIRMED,1,0.45,SHORT,1,0,0,0
BTCUSDT,1778036400000,2026-05-06T03:00:00.000Z,BULL,SHORT,0,7.875,IGNORE,0,WATCH,,0,0,0,NA,NA,NA,NA,NA,CLEAR,1,0,0,0,0,TREND_REVERSAL_UNCONFIRMED,0,0.45,SHORT,1,0,0,0
BTCUSDT,1778040000000,2026-05-06T04:00:00.000Z,BULL,SHORT,0,7.875,IGNORE,0,WATCH,,0,0,0,NA,NA,NA,NA,NA,CLEAR,1,0,0,0,0,TREND_REVERSAL_UNCONFIRMED,0,0.45,SHORT,1,0,0,0
BTCUSDT,1778043600000,2026-05-06T05:00:00.000Z,BULL,SHORT,0,7.875,IGNORE,0,WATCH,,0,0,0,NA,NA,NA,NA,NA,WARNING_SOFT,1,0,0,0,0,TREND_REVERSAL_UNCONFIRMED,0,0.45,SHORT,1,0,0,0
BTCUSDT,1778047200000,2026-05-06T06:00:00.000Z,BULL,SHORT,17.5,12.909375,IGNORE,0,WATCH,,0,0,0,NA,NA,NA,NA,NA,CLEAR,1,0,0,0,0,TREND_REVERSAL_UNCONFIRMED,1,0.45,SHORT,1,0,0,0
BTCUSDT,1778050800000,2026-05-06T07:00:00.000Z,BULL,SHORT,17.5,12.909375,IGNORE,0,WATCH,,0,0,0,NA,NA,NA,NA,NA,CLEAR,1,0,0,0,0,TREND_REVERSAL_UNCONFIRMED,1,0.45,SHORT,1,0,0,0
BTCUSDT,1778054400000,2026-05-06T08:00:00.000Z,BULL,SHORT,39.063993009298244,18.263789449482235,IGNORE,0,WATCH,,0,0,0,NA,NA,NA,NA,NA,CLEAR,1,0,0,0,0,TREND_REVERSAL_UNCONFIRMED,2,0.45,SHORT,1,0,0,0
BTCUSDT,1778058000000,2026-05-06T09:00:00.000Z,BULL,SHORT,40.707975124397386,18.393253041046293,IGNORE,0,WATCH,,0,0,0,NA,NA,NA,NA,NA,CLEAR,1,0,0,0,0,TREND_REVERSAL_UNCONFIRMED,2,0.45,SHORT,1,0,0,0
BTCUSDT,1778061600000,2026-05-06T10:00:00.000Z,BULL,SHORT,42.5,18.534375,IGNORE,0,WATCH,,0,0,0,NA,NA,NA,NA,NA,CLEAR,1,1,0,0,0,TREND_REVERSAL_UNCONFIRMED,2,0.45,SHORT,1,0,0,0
BTCUSDT,1778065200000,2026-05-06T11:00:00.000Z,BULL,SHORT,42.5,18.534375,IGNORE,0,WATCH,,0,0,0,NA,NA,NA,NA,NA,CLEAR,1,1,0,0,0,TREND_REVERSAL_UNCONFIRMED,2,0.45,SHORT,1,0,0,0
BTCUSDT,1778068800000,2026-05-06T12:00:00.000Z,BULL,SHORT,57.47731608682315,51.604165464763,WATCH,1,WATCH,ACTIVE,1,1,0,FAIL,PASS,SKIP,SKIP,PASS,CLEAR,1,0,0,0,0,MARKET_CONTEXT_DENIED,3,0.84,SHORT,0,1,0,0
BTCUSDT,1778072400000,2026-05-06T13:00:00.000Z,BULL,SHORT,42.5,18.534375,IGNORE,0,WATCH,,0,0,0,NA,NA,NA,NA,NA,CLEAR,1,0,0,0,0,TREND_REVERSAL_UNCONFIRMED,2,0.45,SHORT,1,0,0,0
BTCUSDT,1778076000000,2026-05-06T14:00:00.000Z,NEUTRAL,NONE,0,7.875,IGNORE,0,WATCH,,0,0,0,NA,NA,NA,NA,NA,BLOCK,0,0,1,0,0,TREND_REVERSAL_UNCONFIRMED,0,0.45,NONE,1,0,0,0
BTCUSDT,1778079600000,2026-05-06T15:00:00.000Z,BULL,SHORT,0,7.875,IGNORE,0,WATCH,,0,0,0,NA,NA,NA,NA,NA,WARNING_SOFT,1,0,0,0,0,TREND_REVERSAL_UNCONFIRMED,0,0.45,SHORT,1,0,0,0
BTCUSDT,1778083200000,2026-05-06T16:00:00.000Z,NEUTRAL,NONE,0,7.875,IGNORE,0,WATCH,,0,0,0,NA,NA,NA,NA,NA,WARNING_SOFT,1,0,0,0,0,TREND_REVERSAL_UNCONFIRMED,0,0.45,NONE,1,0,0,0
BTCUSDT,1778086800000,2026-05-06T17:00:00.000Z,NEUTRAL,NONE,0,7.875,IGNORE,0,WATCH,,0,0,0,NA,NA,NA,NA,NA,WARNING_SOFT,1,0,0,0,0,TREND_REVERSAL_UNCONFIRMED,0,0.45,NONE,1,0,0,0
BTCUSDT,1778090400000,2026-05-06T18:00:00.000Z,NEUTRAL,NONE,0,7.875,IGNORE,0,WATCH,,0,0,0,NA,NA,NA,NA,NA,WARNING_SOFT,1,0,0,0,0,TREND_REVERSAL_UNCONFIRMED,0,0.45,NONE,1,0,0,0
BTCUSDT,1778094000000,2026-05-06T19:00:00.000Z,NEUTRAL,NONE,0,7.875,IGNORE,0,WATCH,,0,0,0,NA,NA,NA,NA,NA,WARNING_SOFT,1,0,0,0,0,TREND_REVERSAL_UNCONFIRMED,0,0.45,NONE,1,0,0,0
BTCUSDT,1778097600000,2026-05-06T20:00:00.000Z,NEUTRAL,NONE,0,7.875,IGNORE,0,WATCH,,0,0,0,NA,NA,NA,NA,NA,WARNING_SOFT,1,0,0,0,0,TREND_REVERSAL_UNCONFIRMED,0,0.45,NONE,1,0,0,0
BTCUSDT,1778101200000,2026-05-06T21:00:00.000Z,NEUTRAL,NONE,0,7.875,IGNORE,0,WATCH,,0,0,0,NA,NA,NA,NA,NA,WARNING_SOFT,1,0,0,0,0,TREND_REVERSAL_UNCONFIRMED,0,0.45,NONE,1,0,0,0
BTCUSDT,1778104800000,2026-05-06T22:00:00.000Z,NEUTRAL,NONE,0,7.875,IGNORE,0,WATCH,,0,0,0,NA,NA,NA,NA,NA,WARNING_SOFT,1,0,0,0,0,TREND_REVERSAL_UNCONFIRMED,0,0.45,NONE,1,0,0,0
BTCUSDT,1778108400000,2026-05-06T23:00:00.000Z,NEUTRAL,NONE,0,7.875,IGNORE,0,WATCH,,0,0,0,NA,NA,NA,NA,NA,WARNING_SOFT,1,0,0,0,0,TREND_REVERSAL_UNCONFIRMED,0,0.45,NONE,1,0,0,0
BTCUSDT,1778112000000,2026-05-07T00:00:00.000Z,NEUTRAL,NONE,0,7.875,IGNORE,0,WATCH,,0,0,0,NA,NA,NA,NA,NA,WARNING_SOFT,1,0,0,0,0,TREND_REVERSAL_UNCONFIRMED,0,0.45,NONE,1,0,0,0
BTCUSDT,1778115600000,2026-05-07T01:00:00.000Z,NEUTRAL,NONE,0,7.875,IGNORE,0,WATCH,,0,0,0,NA,NA,NA,NA,NA,BLOCK,0,0,0,0,0,TREND_REVERSAL_UNCONFIRMED,0,0.45,NONE,1,0,0,0
BTCUSDT,1778119200000,2026-05-07T02:00:00.000Z,NEUTRAL,NONE,0,7.875,IGNORE,0,WATCH,,0,0,0,NA,NA,NA,NA,NA,BLOCK,0,0,0,0,0,TREND_REVERSAL_UNCONFIRMED,0,0.45,NONE,1,0,0,0
BTCUSDT,1778122800000,2026-05-07T03:00:00.000Z,NEUTRAL,NONE,0,7.875,IGNORE,0,WATCH,,0,0,0,NA,NA,NA,NA,NA,WARNING_SOFT,1,0,0,0,0,TREND_REVERSAL_UNCONFIRMED,0,0.45,NONE,1,0,0,0
BTCUSDT,1778126400000,2026-05-07T04:00:00.000Z,NEUTRAL,NONE,0,7.875,IGNORE,0,WATCH,,0,0,0,NA,NA,NA,NA,NA,BLOCK,0,0,0,0,0,TREND_REVERSAL_UNCONFIRMED,0,0.45,NONE,1,0,0,0
BTCUSDT,1778130000000,2026-05-07T05:00:00.000Z,NEUTRAL,NONE,0,7.875,IGNORE,0,WATCH,,0,0,0,NA,NA,NA,NA,NA,WARNING_SOFT,1,0,0,0,0,TREND_REVERSAL_UNCONFIRMED,0,0.45,NONE,1,0,0,0
BTCUSDT,1778133600000,2026-05-07T06:00:00.000Z,BULL,SHORT,0,7.875,IGNORE,0,WATCH,,0,0,0,NA,NA,NA,NA,NA,WARNING_SOFT,1,0,0,0,0,TREND_REVERSAL_UNCONFIRMED,0,0.45,SHORT,1,0,0,0
BTCUSDT,1778137200000,2026-05-07T07:00:00.000Z,BULL,SHORT,25,13.5,IGNORE,0,WATCH,,0,0,0,NA,NA,NA,NA,NA,CLEAR,1,0,0,0,0,TREND_REVERSAL_UNCONFIRMED,1,0.45,SHORT,1,0,0,0
BTCUSDT,1778140800000,2026-05-07T08:00:00.000Z,NEUTRAL,NONE,0,7.875,IGNORE,0,WATCH,,0,0,0,NA,NA,NA,NA,NA,WARNING_SOFT,1,0,0,0,0,TREND_REVERSAL_UNCONFIRMED,0,0.45,NONE,1,0,0,0
BTCUSDT,1778144400000,2026-05-07T09:00:00.000Z,NEUTRAL,NONE,0,7.875,IGNORE,0,WATCH,,0,0,0,NA,NA,NA,NA,NA,WARNING_SOFT,1,0,0,0,0,TREND_REVERSAL_UNCONFIRMED,0,0.45,NONE,1,0,0,0
BTCUSDT,1778148000000,2026-05-07T10:00:00.000Z,NEUTRAL,NONE,0,7.875,IGNORE,0,WATCH,,0,0,0,NA,NA,NA,NA,NA,BLOCK,0,0,0,0,0,TREND_REVERSAL_UNCONFIRMED,0,0.45,NONE,1,0,0,0
BTCUSDT,1778151600000,2026-05-07T11:00:00.000Z,NEUTRAL,NONE,0,7.875,IGNORE,0,WATCH,,0,0,0,NA,NA,NA,NA,NA,WARNING_SOFT,1,0,0,0,0,TREND_REVERSAL_UNCONFIRMED,0,0.45,NONE,1,0,0,0
BTCUSDT,1778155200000,2026-05-07T12:00:00.000Z,NEUTRAL,NONE,0,7.875,IGNORE,0,WATCH,,0,0,0,NA,NA,NA,NA,NA,WARNING_SOFT,1,0,0,0,0,TREND_REVERSAL_UNCONFIRMED,0,0.45,NONE,1,0,0,0
BTCUSDT,1778158800000,2026-05-07T13:00:00.000Z,NEUTRAL,NONE,0,7.875,IGNORE,0,WATCH,,0,0,0,NA,NA,NA,NA,NA,WARNING_SOFT,1,0,0,0,0,TREND_REVERSAL_UNCONFIRMED,0,0.45,NONE,1,0,0,0
BTCUSDT,1778162400000,2026-05-07T14:00:00.000Z,BEAR,LONG,25,13.5,IGNORE,0,WATCH,,0,0,0,NA,NA,NA,NA,NA,CLEAR,1,0,0,0,0,TREND_REVERSAL_UNCONFIRMED,1,0.45,LONG,1,0,0,0
BTCUSDT,1778166000000,2026-05-07T15:00:00.000Z,BEAR,LONG,25,13.5,IGNORE,0,WATCH,,0,0,0,NA,NA,NA,NA,NA,CLEAR,1,0,1,0,0,TREND_REVERSAL_UNCONFIRMED,1,0.45,LONG,1,0,0,0
BTCUSDT,1778169600000,2026-05-07T16:00:00.000Z,BEAR,LONG,25,13.5,IGNORE,0,WATCH,,0,0,0,NA,NA,NA,NA,NA,CLEAR,1,0,0,0,0,TREND_REVERSAL_UNCONFIRMED,1,0.45,LONG,1,0,0,0
BTCUSDT,1778173200000,2026-05-07T17:00:00.000Z,BEAR,LONG,15.463866616067165,12.74902949601529,IGNORE,0,WATCH,,0,0,0,NA,NA,NA,NA,NA,CLEAR,1,0,0,0,0,TREND_REVERSAL_UNCONFIRMED,1,0.45,LONG,1,0,0,0
BTCUSDT,1778176800000,2026-05-07T18:00:00.000Z,BEAR,LONG,0,7.875,IGNORE,0,WATCH,,0,0,0,NA,NA,NA,NA,NA,CLEAR,1,0,0,0,0,TREND_REVERSAL_UNCONFIRMED,0,0.45,LONG,1,0,0,0
BTCUSDT,1778180400000,2026-05-07T19:00:00.000Z,BEAR,LONG,0,7.875,IGNORE,0,WATCH,,0,0,0,NA,NA,NA,NA,NA,CLEAR,1,0,0,0,0,TREND_REVERSAL_UNCONFIRMED,0,0.45,LONG,1,0,0,0
BTCUSDT,1778184000000,2026-05-07T20:00:00.000Z,BEAR,LONG,0,7.875,IGNORE,0,WATCH,,0,0,0,NA,NA,NA,NA,NA,CLEAR,1,0,0,0,0,TREND_REVERSAL_UNCONFIRMED,0,0.45,LONG,1,0,0,0
BTCUSDT,1778187600000,2026-05-07T21:00:00.000Z,BEAR,LONG,12.847222222222221,12.54296875,IGNORE,0,WATCH,,0,0,0,NA,NA,NA,NA,NA,CLEAR,1,0,0,0,0,TREND_REVERSAL_UNCONFIRMED,1,0.45,LONG,1,0,0,0
BTCUSDT,1778191200000,2026-05-07T22:00:00.000Z,BEAR,LONG,25,13.5,IGNORE,0,WATCH,,0,0,0,NA,NA,NA,NA,NA,CLEAR,1,0,0,0,0,TREND_REVERSAL_UNCONFIRMED,1,0.45,LONG,1,0,0,0
BTCUSDT,1778194800000,2026-05-07T23:00:00.000Z,BEAR,LONG,0,7.875,IGNORE,0,WATCH,,0,0,0,NA,NA,NA,NA,NA,CLEAR,1,0,0,0,0,TREND_REVERSAL_UNCONFIRMED,0,0.45,LONG,1,0,0,0
BTCUSDT,1778198400000,2026-05-08T00:00:00.000Z,BEAR,LONG,0,7.875,IGNORE,0,WATCH,,0,0,0,NA,NA,NA,NA,NA,CLEAR,1,0,0,0,0,TREND_REVERSAL_UNCONFIRMED,0,0.45,LONG,1,0,0,0
BTCUSDT,1778202000000,2026-05-08T01:00:00.000Z,BEAR,LONG,17.5,12.909375,IGNORE,0,WATCH,,0,0,0,NA,NA,NA,NA,NA,CLEAR,1,0,0,0,0,TREND_REVERSAL_UNCONFIRMED,1,0.45,LONG,1,0,0,0
BTCUSDT,1778205600000,2026-05-08T02:00:00.000Z,BEAR,LONG,17.5,12.909375,IGNORE,0,WATCH,,0,0,0,NA,NA,NA,NA,NA,CLEAR,1,0,0,0,0,TREND_REVERSAL_UNCONFIRMED,1,0.45,LONG,1,0,0,0
BTCUSDT,1778209200000,2026-05-08T03:00:00.000Z,BEAR,LONG,17.5,12.909375,IGNORE,0,WATCH,,0,0,0,NA,NA,NA,NA,NA,CLEAR,1,0,0,0,0,TREND_REVERSAL_UNCONFIRMED,1,0.45,LONG,1,0,0,0
BTCUSDT,1778212800000,2026-05-08T04:00:00.000Z,BEAR,LONG,17.5,12.909375,IGNORE,0,WATCH,,0,0,0,NA,NA,NA,NA,NA,CLEAR,1,0,0,0,0,TREND_REVERSAL_UNCONFIRMED,1,0.45,LONG,1,0,0,0
BTCUSDT,1778216400000,2026-05-08T05:00:00.000Z,BEAR,LONG,17.5,12.909375,IGNORE,0,WATCH,,0,0,0,NA,NA,NA,NA,NA,CLEAR,1,0,0,0,0,TREND_REVERSAL_UNCONFIRMED,1,0.45,LONG,1,0,0,0
BTCUSDT,1778220000000,2026-05-08T06:00:00.000Z,BEAR,LONG,0,7.875,IGNORE,0,WATCH,,0,0,0,NA,NA,NA,NA,NA,CLEAR,1,0,0,0,0,TREND_REVERSAL_UNCONFIRMED,0,0.45,LONG,1,0,0,0
BTCUSDT,1778223600000,2026-05-08T07:00:00.000Z,BEAR,LONG,0,7.875,IGNORE,0,WATCH,,0,0,0,NA,NA,NA,NA,NA,CLEAR,1,0,0,0,0,TREND_REVERSAL_UNCONFIRMED,0,0.45,LONG,1,0,0,0
BTCUSDT,1778227200000,2026-05-08T08:00:00.000Z,BEAR,LONG,0,7.875,IGNORE,0,WATCH,,0,0,0,NA,NA,NA,NA,NA,WARNING_SOFT,1,0,0,0,0,TREND_REVERSAL_UNCONFIRMED,0,0.45,LONG,1,0,0,0
BTCUSDT,1778230800000,2026-05-08T09:00:00.000Z,BEAR,LONG,0,7.875,IGNORE,0,WATCH,,0,0,0,NA,NA,NA,NA,NA,BLOCK,0,0,0,0,0,TREND_REVERSAL_UNCONFIRMED,0,0.45,LONG,1,0,0,0
BTCUSDT,1778234400000,2026-05-08T10:00:00.000Z,NEUTRAL,NONE,0,7.875,IGNORE,0,WATCH,,0,0,0,NA,NA,NA,NA,NA,CLEAR,1,0,0,0,0,TREND_REVERSAL_UNCONFIRMED,0,0.45,NONE,1,0,0,0
BTCUSDT,1778238000000,2026-05-08T11:00:00.000Z,NEUTRAL,NONE,0,7.875,IGNORE,0,WATCH,,0,0,0,NA,NA,NA,NA,NA,CLEAR,1,0,0,0,0,TREND_REVERSAL_UNCONFIRMED,0,0.45,NONE,1,0,0,0
BTCUSDT,1778241600000,2026-05-08T12:00:00.000Z,NEUTRAL,NONE,0,7.875,IGNORE,0,WATCH,,0,0,0,NA,NA,NA,NA,NA,CLEAR,1,0,0,0,0,TREND_REVERSAL_UNCONFIRMED,0,0.45,NONE,1,0,0,0
BTCUSDT,1778245200000,2026-05-08T13:00:00.000Z,BEAR,LONG,42.5,18.534375,IGNORE,0,WATCH,,0,0,0,NA,NA,NA,NA,NA,WARNING_SOFT,1,0,1,0,0,TREND_REVERSAL_UNCONFIRMED,2,0.45,LONG,1,0,0,0
BTCUSDT,1778248800000,2026-05-08T14:00:00.000Z,NEUTRAL,NONE,0,7.875,IGNORE,0,WATCH,,0,0,0,NA,NA,NA,NA,NA,WARNING_SOFT,1,0,0,0,0,TREND_REVERSAL_UNCONFIRMED,0,0.45,NONE,1,0,0,0
BTCUSDT,1778252400000,2026-05-08T15:00:00.000Z,NEUTRAL,NONE,0,7.875,IGNORE,0,WATCH,,0,0,0,NA,NA,NA,NA,NA,WARNING_SOFT,1,0,0,0,0,TREND_REVERSAL_UNCONFIRMED,0,0.45,NONE,1,0,0,0
BTCUSDT,1778256000000,2026-05-08T16:00:00.000Z,BEAR,LONG,17.5,12.909375,IGNORE,0,WATCH,,0,0,0,NA,NA,NA,NA,NA,WARNING_SOFT,1,0,0,0,0,TREND_REVERSAL_UNCONFIRMED,1,0.45,LONG,1,0,0,0
BTCUSDT,1778259600000,2026-05-08T17:00:00.000Z,NEUTRAL,NONE,0,7.875,IGNORE,0,WATCH,,0,0,0,NA,NA,NA,NA,NA,WARNING_SOFT,1,0,0,0,0,TREND_REVERSAL_UNCONFIRMED,0,0.45,NONE,1,0,0,0
BTCUSDT,1778263200000,2026-05-08T18:00:00.000Z,NEUTRAL,NONE,0,7.875,IGNORE,0,WATCH,,0,0,0,NA,NA,NA,NA,NA,CLEAR,1,0,0,0,0,TREND_REVERSAL_UNCONFIRMED,0,0.45,NONE,1,0,0,0
BTCUSDT,1778266800000,2026-05-08T19:00:00.000Z,NEUTRAL,NONE,0,7.875,IGNORE,0,WATCH,,0,0,0,NA,NA,NA,NA,NA,CLEAR,1,0,0,0,0,TREND_REVERSAL_UNCONFIRMED,0,0.45,NONE,1,0,0,0
BTCUSDT,1778270400000,2026-05-08T20:00:00.000Z,NEUTRAL,NONE,0,7.875,IGNORE,0,WATCH,,0,0,0,NA,NA,NA,NA,NA,CLEAR,1,0,0,0,0,TREND_REVERSAL_UNCONFIRMED,0,0.45,NONE,1,0,0,0
BTCUSDT,1778274000000,2026-05-08T21:00:00.000Z,NEUTRAL,NONE,0,7.875,IGNORE,0,WATCH,,0,0,0,NA,NA,NA,NA,NA,CLEAR,1,0,0,0,0,TREND_REVERSAL_UNCONFIRMED,0,0.45,NONE,1,0,0,0
BTCUSDT,1778277600000,2026-05-08T22:00:00.000Z,NEUTRAL,NONE,0,7.875,IGNORE,0,WATCH,,0,0,0,NA,NA,NA,NA,NA,CLEAR,1,0,0,0,0,TREND_REVERSAL_UNCONFIRMED,0,0.45,NONE,1,0,0,0
BTCUSDT,1778281200000,2026-05-08T23:00:00.000Z,NEUTRAL,NONE,0,7.875,IGNORE,0,WATCH,,0,0,0,NA,NA,NA,NA,NA,CLEAR,1,0,0,0,0,TREND_REVERSAL_UNCONFIRMED,0,0.45,NONE,1,0,0,0
BTCUSDT,1778284800000,2026-05-09T00:00:00.000Z,NEUTRAL,NONE,0,7.875,IGNORE,0,WATCH,,0,0,0,NA,NA,NA,NA,NA,CLEAR,1,0,0,0,0,TREND_REVERSAL_UNCONFIRMED,0,0.45,NONE,1,0,0,0
BTCUSDT,1778288400000,2026-05-09T01:00:00.000Z,NEUTRAL,NONE,0,7.875,IGNORE,0,WATCH,,0,0,0,NA,NA,NA,NA,NA,CLEAR,1,0,0,0,0,TREND_REVERSAL_UNCONFIRMED,0,0.45,NONE,1,0,0,0
BTCUSDT,1778292000000,2026-05-09T02:00:00.000Z,NEUTRAL,NONE,0,7.875,IGNORE,0,WATCH,,0,0,0,NA,NA,NA,NA,NA,CLEAR,1,0,0,0,0,TREND_REVERSAL_UNCONFIRMED,0,0.45,NONE,1,0,0,0
BTCUSDT,1778295600000,2026-05-09T03:00:00.000Z,NEUTRAL,NONE,0,7.875,IGNORE,0,WATCH,,0,0,0,NA,NA,NA,NA,NA,CLEAR,1,0,0,0,0,TREND_REVERSAL_UNCONFIRMED,0,0.45,NONE,1,0,0,0
BTCUSDT,1778299200000,2026-05-09T04:00:00.000Z,NEUTRAL,NONE,0,7.875,IGNORE,0,WATCH,,0,0,0,NA,NA,NA,NA,NA,CLEAR,1,0,0,0,0,TREND_REVERSAL_UNCONFIRMED,0,0.45,NONE,1,0,0,0
BTCUSDT,1778302800000,2026-05-09T05:00:00.000Z,NEUTRAL,NONE,0,7.875,IGNORE,0,WATCH,,0,0,0,NA,NA,NA,NA,NA,CLEAR,1,0,0,0,0,TREND_REVERSAL_UNCONFIRMED,0,0.45,NONE,1,0,0,0
BTCUSDT,1778306400000,2026-05-09T06:00:00.000Z,NEUTRAL,NONE,0,7.875,IGNORE,0,WATCH,,0,0,0,NA,NA,NA,NA,NA,CLEAR,1,0,0,0,0,TREND_REVERSAL_UNCONFIRMED,0,0.45,NONE,1,0,0,0
BTCUSDT,1778310000000,2026-05-09T07:00:00.000Z,NEUTRAL,NONE,0,7.875,IGNORE,0,WATCH,,0,0,0,NA,NA,NA,NA,NA,BLOCK,0,0,0,0,0,TREND_REVERSAL_UNCONFIRMED,0,0.45,NONE,1,0,0,0
BTCUSDT,1778313600000,2026-05-09T08:00:00.000Z,NEUTRAL,NONE,0,7.875,IGNORE,0,WATCH,,0,0,0,NA,NA,NA,NA,NA,WARNING_SOFT,1,0,0,0,0,TREND_REVERSAL_UNCONFIRMED,0,0.45,NONE,1,0,0,0
BTCUSDT,1778317200000,2026-05-09T09:00:00.000Z,NEUTRAL,NONE,0,7.875,IGNORE,0,WATCH,,0,0,0,NA,NA,NA,NA,NA,WARNING_SOFT,1,0,0,0,0,TREND_REVERSAL_UNCONFIRMED,0,0.45,NONE,1,0,0,0
BTCUSDT,1778320800000,2026-05-09T10:00:00.000Z,NEUTRAL,NONE,0,7.875,IGNORE,0,WATCH,,0,0,0,NA,NA,NA,NA,NA,WARNING_SOFT,1,0,0,0,0,TREND_REVERSAL_UNCONFIRMED,0,0.45,NONE,1,0,0,0
BTCUSDT,1778324400000,2026-05-09T11:00:00.000Z,NEUTRAL,NONE,0,7.875,IGNORE,0,WATCH,,0,0,0,NA,NA,NA,NA,NA,WARNING_SOFT,1,0,0,0,0,TREND_REVERSAL_UNCONFIRMED,0,0.45,NONE,1,0,0,0
BTCUSDT,1778328000000,2026-05-09T12:00:00.000Z,NEUTRAL,NONE,0,7.875,IGNORE,0,WATCH,,0,0,0,NA,NA,NA,NA,NA,CLEAR,1,0,0,0,0,TREND_REVERSAL_UNCONFIRMED,0,0.45,NONE,1,0,0,0
BTCUSDT,1778331600000,2026-05-09T13:00:00.000Z,NEUTRAL,NONE,0,7.875,IGNORE,0,WATCH,,0,0,0,NA,NA,NA,NA,NA,CLEAR,1,0,0,0,0,TREND_REVERSAL_UNCONFIRMED,0,0.45,NONE,1,0,0,0
BTCUSDT,1778335200000,2026-05-09T14:00:00.000Z,NEUTRAL,NONE,0,7.875,IGNORE,0,WATCH,,0,0,0,NA,NA,NA,NA,NA,WARNING_SOFT,1,0,0,0,0,TREND_REVERSAL_UNCONFIRMED,0,0.45,NONE,1,0,0,0
BTCUSDT,1778338800000,2026-05-09T15:00:00.000Z,NEUTRAL,NONE,0,7.875,IGNORE,0,WATCH,,0,0,0,NA,NA,NA,NA,NA,CLEAR,1,0,0,0,0,TREND_REVERSAL_UNCONFIRMED,0,0.45,NONE,1,0,0,0
BTCUSDT,1778342400000,2026-05-09T16:00:00.000Z,BULL,SHORT,25,13.5,IGNORE,0,WATCH,,0,0,0,NA,NA,NA,NA,NA,CLEAR,1,1,0,0,0,TREND_REVERSAL_UNCONFIRMED,1,0.45,SHORT,1,0,0,0
BTCUSDT,1778346000000,2026-05-09T17:00:00.000Z,BULL,SHORT,25,13.5,IGNORE,0,WATCH,,0,0,0,NA,NA,NA,NA,NA,CLEAR,1,1,0,0,0,TREND_REVERSAL_UNCONFIRMED,1,0.45,SHORT,1,0,0,0
BTCUSDT,1778349600000,2026-05-09T18:00:00.000Z,BULL,SHORT,47.19009819943349,18.903720233205387,IGNORE,0,WATCH,,0,0,0,NA,NA,NA,NA,NA,CLEAR,1,0,0,0,0,TREND_REVERSAL_UNCONFIRMED,2,0.45,SHORT,1,0,0,0
BTCUSDT,1778353200000,2026-05-09T19:00:00.000Z,BULL,SHORT,14.930555555555555,12.70703125,IGNORE,0,WATCH,,0,0,0,NA,NA,NA,NA,NA,CLEAR,1,0,0,0,0,TREND_REVERSAL_UNCONFIRMED,1,0.45,SHORT,1,0,0,0
BTCUSDT,1778356800000,2026-05-09T20:00:00.000Z,BULL,SHORT,0,7.875,IGNORE,0,WATCH,,0,0,0,NA,NA,NA,NA,NA,CLEAR,1,0,0,0,0,TREND_REVERSAL_UNCONFIRMED,0,0.45,SHORT,1,0,0,0
BTCUSDT,1778360400000,2026-05-09T21:00:00.000Z,BULL,SHORT,0,7.875,IGNORE,0,WATCH,,0,0,0,NA,NA,NA,NA,NA,CLEAR,1,0,0,0,0,TREND_REVERSAL_UNCONFIRMED,0,0.45,SHORT,1,0,0,0
BTCUSDT,1778364000000,2026-05-09T22:00:00.000Z,BULL,SHORT,0,7.875,IGNORE,0,WATCH,,0,0,0,NA,NA,NA,NA,NA,CLEAR,1,0,0,0,0,TREND_REVERSAL_UNCONFIRMED,0,0.45,SHORT,1,0,0,0
BTCUSDT,1778367600000,2026-05-09T23:00:00.000Z,BULL,SHORT,0,7.875,IGNORE,0,WATCH,,0,0,0,NA,NA,NA,NA,NA,WARNING_SOFT,1,0,0,0,0,TREND_REVERSAL_UNCONFIRMED,0,0.45,SHORT,1,0,0,0
BTCUSDT,1778371200000,2026-05-10T00:00:00.000Z,BULL,SHORT,0,7.875,IGNORE,0,WATCH,,0,0,0,NA,NA,NA,NA,NA,WARNING_SOFT,1,0,0,0,0,TREND_REVERSAL_UNCONFIRMED,0,0.45,SHORT,1,0,0,0
BTCUSDT,1778374800000,2026-05-10T01:00:00.000Z,BULL,SHORT,0,7.875,IGNORE,0,WATCH,,0,0,0,NA,NA,NA,NA,NA,WARNING_SOFT,1,0,0,0,0,TREND_REVERSAL_UNCONFIRMED,0,0.45,SHORT,1,0,0,0
BTCUSDT,1778378400000,2026-05-10T02:00:00.000Z,BULL,SHORT,0,7.875,IGNORE,0,WATCH,,0,0,0,NA,NA,NA,NA,NA,WARNING_SOFT,1,0,0,0,0,TREND_REVERSAL_UNCONFIRMED,0,0.45,SHORT,1,0,0,0
BTCUSDT,1778382000000,2026-05-10T03:00:00.000Z,BULL,SHORT,0,7.875,IGNORE,0,WATCH,,0,0,0,NA,NA,NA,NA,NA,CLEAR,1,0,0,0,0,TREND_REVERSAL_UNCONFIRMED,0,0.45,SHORT,1,0,0,0
BTCUSDT,1778385600000,2026-05-10T04:00:00.000Z,BULL,SHORT,19.626925,13.076870343749999,IGNORE,0,WATCH,,0,0,0,NA,NA,NA,NA,NA,CLEAR,1,0,0,0,0,TREND_REVERSAL_UNCONFIRMED,1,0.45,SHORT,1,0,0,0
BTCUSDT,1778389200000,2026-05-10T05:00:00.000Z,BULL,SHORT,0,7.875,IGNORE,0,WATCH,,0,0,0,NA,NA,NA,NA,NA,CLEAR,1,0,0,0,0,TREND_REVERSAL_UNCONFIRMED,0,0.45,SHORT,1,0,0,0
BTCUSDT,1778392800000,2026-05-10T06:00:00.000Z,BULL,SHORT,17.5,12.909375,IGNORE,0,WATCH,,0,0,0,NA,NA,NA,NA,NA,WARNING_SOFT,1,0,0,0,0,TREND_REVERSAL_UNCONFIRMED,1,0.45,SHORT,1,0,0,0
BTCUSDT,1778396400000,2026-05-10T07:00:00.000Z,BULL,SHORT,17.5,12.909375,IGNORE,0,WATCH,,0,0,0,NA,NA,NA,NA,NA,CLEAR,1,0,0,0,0,TREND_REVERSAL_UNCONFIRMED,1,0.45,SHORT,1,0,0,0
BTCUSDT,1778400000000,2026-05-10T08:00:00.000Z,BULL,SHORT,17.5,12.909375,IGNORE,0,WATCH,,0,0,0,NA,NA,NA,NA,NA,CLEAR,1,0,0,0,0,TREND_REVERSAL_UNCONFIRMED,1,0.45,SHORT,1,0,0,0
BTCUSDT,1778403600000,2026-05-10T09:00:00.000Z,BULL,SHORT,17.5,12.909375,IGNORE,0,WATCH,,0,0,0,NA,NA,NA,NA,NA,CLEAR,1,0,0,0,0,TREND_REVERSAL_UNCONFIRMED,1,0.45,SHORT,1,0,0,0
BTCUSDT,1778407200000,2026-05-10T10:00:00.000Z,BULL,SHORT,32.562506148941715,17.751797359229162,IGNORE,0,WATCH,,0,0,0,NA,NA,NA,NA,NA,CLEAR,1,0,0,0,0,TREND_REVERSAL_UNCONFIRMED,2,0.45,SHORT,1,0,0,0
BTCUSDT,1778410800000,2026-05-10T11:00:00.000Z,BULL,SHORT,17.5,12.909375,IGNORE,0,WATCH,,0,0,0,NA,NA,NA,NA,NA,CLEAR,1,0,0,0,0,TREND_REVERSAL_UNCONFIRMED,1,0.45,SHORT,1,0,0,0
BTCUSDT,1778414400000,2026-05-10T12:00:00.000Z,BULL,SHORT,17.5,12.909375,IGNORE,0,WATCH,,0,0,0,NA,NA,NA,NA,NA,CLEAR,1,0,0,0,0,TREND_REVERSAL_UNCONFIRMED,1,0.45,SHORT,1,0,0,0
BTCUSDT,1778418000000,2026-05-10T13:00:00.000Z,BULL,SHORT,17.5,12.909375,IGNORE,0,WATCH,,0,0,0,NA,NA,NA,NA,NA,CLEAR,1,0,0,0,0,TREND_REVERSAL_UNCONFIRMED,1,0.45,SHORT,1,0,0,0
BTCUSDT,1778421600000,2026-05-10T14:00:00.000Z,BULL,SHORT,34.32060868281916,17.890247933772013,IGNORE,0,WATCH,,0,0,0,NA,NA,NA,NA,NA,CLEAR,1,0,0,0,0,TREND_REVERSAL_UNCONFIRMED,2,0.45,SHORT,1,0,0,0
BTCUSDT,1778425200000,2026-05-10T15:00:00.000Z,BULL,SHORT,55.34722222222222,42.89104166666666,WATCH,1,WATCH,ACTIVE,1,1,0,FAIL,PASS,SKIP,SKIP,FAIL,CLEAR,1,1,0,0,0,MARKET_CONTEXT_DENIED,3,0.84,SHORT,1,0,0,0
BTCUSDT,1778428800000,2026-05-10T16:00:00.000Z,BULL,SHORT,55.34722222222222,42.89104166666666,WATCH,1,WATCH,ACTIVE,1,1,0,FAIL,PASS,SKIP,SKIP,FAIL,CLEAR,1,0,0,0,0,MARKET_CONTEXT_DENIED,3,0.84,SHORT,1,0,0,0
BTCUSDT,1778432400000,2026-05-10T17:00:00.000Z,BULL,SHORT,55.34722222222222,42.89104166666666,WATCH,1,WATCH,ACTIVE,1,1,0,FAIL,PASS,SKIP,SKIP,FAIL,CLEAR,1,1,0,0,0,MARKET_CONTEXT_DENIED,3,0.84,SHORT,1,0,0,0
BTCUSDT,1778436000000,2026-05-10T18:00:00.000Z,BULL,SHORT,42.5,18.534375,IGNORE,0,WATCH,,0,0,0,NA,NA,NA,NA,NA,CLEAR,1,0,0,0,0,TREND_REVERSAL_UNCONFIRMED,2,0.45,SHORT,1,0,0,0
BTCUSDT,1778439600000,2026-05-10T19:00:00.000Z,BULL,SHORT,17.5,12.909375,IGNORE,0,WATCH,,0,0,0,NA,NA,NA,NA,NA,CLEAR,1,0,0,0,0,TREND_REVERSAL_UNCONFIRMED,1,0.45,SHORT,1,0,0,0
BTCUSDT,1778443200000,2026-05-10T20:00:00.000Z,NEUTRAL,NONE,0,7.875,IGNORE,0,WATCH,,0,0,0,NA,NA,NA,NA,NA,BLOCK,0,0,0,0,0,TREND_REVERSAL_UNCONFIRMED,0,0.45,NONE,1,0,0,0
BTCUSDT,1778446800000,2026-05-10T21:00:00.000Z,NEUTRAL,NONE,0,7.875,IGNORE,0,WATCH,,0,0,0,NA,NA,NA,NA,NA,BLOCK,0,0,0,0,0,TREND_REVERSAL_UNCONFIRMED,0,0.45,NONE,1,0,0,0
BTCUSDT,1778450400000,2026-05-10T22:00:00.000Z,BULL,SHORT,25,13.5,IGNORE,0,WATCH,,0,0,0,NA,NA,NA,NA,NA,WARNING_SOFT,1,0,0,0,0,TREND_REVERSAL_UNCONFIRMED,1,0.45,SHORT,1,0,0,0
BTCUSDT,1778454000000,2026-05-10T23:00:00.000Z,BULL,SHORT,25,13.5,IGNORE,0,WATCH,,0,0,0,NA,NA,NA,NA,NA,CLEAR,1,0,0,0,0,TREND_REVERSAL_UNCONFIRMED,1,0.45,SHORT,1,0,0,0
BTCUSDT,1778457600000,2026-05-11T00:00:00.000Z,BULL,SHORT,25,13.5,IGNORE,0,WATCH,,0,0,0,NA,NA,NA,NA,NA,CLEAR,1,0,0,0,0,TREND_REVERSAL_UNCONFIRMED,1,0.45,SHORT,1,0,0,0
BTCUSDT,1778461200000,2026-05-11T01:00:00.000Z,BULL,SHORT,0,7.875,IGNORE,0,WATCH,,0,0,0,NA,NA,NA,NA,NA,CLEAR,1,0,0,0,0,TREND_REVERSAL_UNCONFIRMED,0,0.45,SHORT,1,0,0,0
BTCUSDT,1778464800000,2026-05-11T02:00:00.000Z,NEUTRAL,NONE,0,7.875,IGNORE,0,WATCH,,0,0,0,NA,NA,NA,NA,NA,WARNING_SOFT,1,0,0,0,0,TREND_REVERSAL_UNCONFIRMED,0,0.45,NONE,1,0,0,0
BTCUSDT,1778468400000,2026-05-11T03:00:00.000Z,NEUTRAL,NONE,0,7.875,IGNORE,0,WATCH,,0,0,0,NA,NA,NA,NA,NA,BLOCK,0,0,0,0,0,TREND_REVERSAL_UNCONFIRMED,0,0.45,NONE,1,0,0,0
BTCUSDT,1778472000000,2026-05-11T04:00:00.000Z,NEUTRAL,NONE,0,7.875,IGNORE,0,WATCH,,0,0,0,NA,NA,NA,NA,NA,WARNING_SOFT,1,0,0,0,0,TREND_REVERSAL_UNCONFIRMED,0,0.45,NONE,1,0,0,0
BTCUSDT,1778475600000,2026-05-11T05:00:00.000Z,NEUTRAL,NONE,0,7.875,IGNORE,0,WATCH,,0,0,0,NA,NA,NA,NA,NA,WARNING_SOFT,1,0,0,0,0,TREND_REVERSAL_UNCONFIRMED,0,0.45,NONE,1,0,0,0
BTCUSDT,1778479200000,2026-05-11T06:00:00.000Z,NEUTRAL,NONE,0,7.875,IGNORE,0,WATCH,,0,0,0,NA,NA,NA,NA,NA,WARNING_SOFT,1,0,0,0,0,TREND_REVERSAL_UNCONFIRMED,0,0.45,NONE,1,0,0,0
BTCUSDT,1778482800000,2026-05-11T07:00:00.000Z,NEUTRAL,NONE,0,7.875,IGNORE,0,WATCH,,0,0,0,NA,NA,NA,NA,NA,WARNING_SOFT,1,0,0,0,0,TREND_REVERSAL_UNCONFIRMED,0,0.45,NONE,1,0,0,0
BTCUSDT,1778486400000,2026-05-11T08:00:00.000Z,NEUTRAL,NONE,0,7.875,IGNORE,0,WATCH,,0,0,0,NA,NA,NA,NA,NA,WARNING_SOFT,1,0,0,0,0,TREND_REVERSAL_UNCONFIRMED,0,0.45,NONE,1,0,0,0
BTCUSDT,1778490000000,2026-05-11T09:00:00.000Z,NEUTRAL,NONE,0,7.875,IGNORE,0,WATCH,,0,0,0,NA,NA,NA,NA,NA,WARNING_SOFT,1,0,0,0,0,TREND_REVERSAL_UNCONFIRMED,0,0.45,NONE,1,0,0,0
BTCUSDT,1778493600000,2026-05-11T10:00:00.000Z,NEUTRAL,NONE,0,7.875,IGNORE,0,WATCH,,0,0,0,NA,NA,NA,NA,NA,WARNING_SOFT,1,0,0,0,0,TREND_REVERSAL_UNCONFIRMED,0,0.45,NONE,1,0,0,0
BTCUSDT,1778497200000,2026-05-11T11:00:00.000Z,BULL,SHORT,0,7.875,IGNORE,0,WATCH,,0,0,0,NA,NA,NA,NA,NA,CLEAR,1,0,0,0,0,TREND_REVERSAL_UNCONFIRMED,0,0.45,SHORT,1,0,0,0
BTCUSDT,1778500800000,2026-05-11T12:00:00.000Z,BULL,SHORT,0,7.875,IGNORE,0,WATCH,,0,0,0,NA,NA,NA,NA,NA,CLEAR,1,0,0,0,0,TREND_REVERSAL_UNCONFIRMED,0,0.45,SHORT,1,0,0,0
BTCUSDT,1778504400000,2026-05-11T13:00:00.000Z,BULL,SHORT,38.39869278736444,18.21139705700495,IGNORE,0,WATCH,,0,0,0,NA,NA,NA,NA,NA,CLEAR,1,0,0,0,0,TREND_REVERSAL_UNCONFIRMED,2,0.45,SHORT,1,0,0,0
BTCUSDT,1778508000000,2026-05-11T14:00:00.000Z,NEUTRAL,NONE,0,7.875,IGNORE,0,WATCH,,0,0,0,NA,NA,NA,NA,NA,BLOCK,0,0,0,0,0,TREND_REVERSAL_UNCONFIRMED,0,0.45,NONE,1,0,0,0
BTCUSDT,1778511600000,2026-05-11T15:00:00.000Z,BULL,SHORT,0,7.875,IGNORE,0,WATCH,,0,0,0,NA,NA,NA,NA,NA,WARNING_SOFT,1,0,0,0,0,TREND_REVERSAL_UNCONFIRMED,0,0.45,SHORT,1,0,0,0
BTCUSDT,1778515200000,2026-05-11T16:00:00.000Z,BULL,SHORT,18.724707307985415,13.005820700503852,IGNORE,0,WATCH,,0,0,0,NA,NA,NA,NA,NA,CLEAR,1,0,0,0,0,TREND_REVERSAL_UNCONFIRMED,1,0.45,SHORT,1,0,0,0
BTCUSDT,1778518800000,2026-05-11T17:00:00.000Z,BULL,SHORT,0,7.875,IGNORE,0,WATCH,,0,0,0,NA,NA,NA,NA,NA,CLEAR,1,0,0,0,0,TREND_REVERSAL_UNCONFIRMED,0,0.45,SHORT,1,0,0,0
BTCUSDT,1778522400000,2026-05-11T18:00:00.000Z,BULL,SHORT,0,7.875,IGNORE,0,WATCH,,0,0,0,NA,NA,NA,NA,NA,CLEAR,1,0,0,0,0,TREND_REVERSAL_UNCONFIRMED,0,0.45,SHORT,1,0,0,0
BTCUSDT,1778526000000,2026-05-11T19:00:00.000Z,BULL,SHORT,0,7.875,IGNORE,0,WATCH,,0,0,0,NA,NA,NA,NA,NA,CLEAR,1,0,0,0,0,TREND_REVERSAL_UNCONFIRMED,0,0.45,SHORT,1,0,0,0
BTCUSDT,1778529600000,2026-05-11T20:00:00.000Z,BULL,SHORT,0,7.875,IGNORE,0,WATCH,,0,0,0,NA,NA,NA,NA,NA,CLEAR,1,0,0,0,0,TREND_REVERSAL_UNCONFIRMED,0,0.45,SHORT,1,0,0,0
BTCUSDT,1778533200000,2026-05-11T21:00:00.000Z,BULL,SHORT,17.5,12.909375,IGNORE,0,WATCH,,0,0,0,NA,NA,NA,NA,NA,CLEAR,1,0,0,0,0,TREND_REVERSAL_UNCONFIRMED,1,0.45,SHORT,1,0,0,0
BTCUSDT,1778536800000,2026-05-11T22:00:00.000Z,BULL,SHORT,17.5,12.909375,IGNORE,0,WATCH,,0,0,0,NA,NA,NA,NA,NA,CLEAR,1,0,0,0,0,TREND_REVERSAL_UNCONFIRMED,1,0.45,SHORT,1,0,0,0
BTCUSDT,1778540400000,2026-05-11T23:00:00.000Z,BULL,SHORT,37.725075000000004,18.158349656250003,IGNORE,0,WATCH,,0,0,0,NA,NA,NA,NA,NA,WARNING_SOFT,1,0,0,0,0,TREND_REVERSAL_UNCONFIRMED,2,0.45,SHORT,1,0,0,0
BTCUSDT,1778544000000,2026-05-12T00:00:00.000Z,BULL,SHORT,17.5,12.909375,IGNORE,0,WATCH,,0,0,0,NA,NA,NA,NA,NA,WARNING_SOFT,1,0,0,0,0,TREND_REVERSAL_UNCONFIRMED,1,0.45,SHORT,1,0,0,0
BTCUSDT,1778547600000,2026-05-12T01:00:00.000Z,NEUTRAL,NONE,0,7.875,IGNORE,0,WATCH,,0,0,0,NA,NA,NA,NA,NA,WARNING_SOFT,1,0,1,0,0,TREND_REVERSAL_UNCONFIRMED,0,0.45,NONE,1,0,0,0
BTCUSDT,1778551200000,2026-05-12T02:00:00.000Z,NEUTRAL,NONE,0,7.875,IGNORE,0,WATCH,,0,0,0,NA,NA,NA,NA,NA,WARNING_SOFT,1,0,0,0,0,TREND_REVERSAL_UNCONFIRMED,0,0.45,NONE,1,0,0,0
BTCUSDT,1778554800000,2026-05-12T03:00:00.000Z,NEUTRAL,NONE,0,7.875,IGNORE,0,WATCH,,0,0,0,NA,NA,NA,NA,NA,WARNING_SOFT,1,0,0,0,0,TREND_REVERSAL_UNCONFIRMED,0,0.45,NONE,1,0,0,0
BTCUSDT,1778558400000,2026-05-12T04:00:00.000Z,NEUTRAL,NONE,0,7.875,IGNORE,0,WATCH,,0,0,0,NA,NA,NA,NA,NA,WARNING_SOFT,1,0,0,0,0,TREND_REVERSAL_UNCONFIRMED,0,0.45,NONE,1,0,0,0
BTCUSDT,1778562000000,2026-05-12T05:00:00.000Z,NEUTRAL,NONE,0,7.875,IGNORE,0,WATCH,,0,0,0,NA,NA,NA,NA,NA,WARNING_SOFT,1,0,0,0,0,TREND_REVERSAL_UNCONFIRMED,0,0.45,NONE,1,0,0,0
BTCUSDT,1778565600000,2026-05-12T06:00:00.000Z,NEUTRAL,NONE,0,7.875,IGNORE,0,WATCH,,0,0,0,NA,NA,NA,NA,NA,WARNING_SOFT,1,0,0,0,0,TREND_REVERSAL_UNCONFIRMED,0,0.45,NONE,1,0,0,0
BTCUSDT,1778569200000,2026-05-12T07:00:00.000Z,NEUTRAL,NONE,0,7.875,IGNORE,0,WATCH,,0,0,0,NA,NA,NA,NA,NA,BLOCK,0,0,0,0,0,TREND_REVERSAL_UNCONFIRMED,0,0.45,NONE,1,0,0,0
BTCUSDT,1778572800000,2026-05-12T08:00:00.000Z,NEUTRAL,NONE,0,7.875,IGNORE,0,WATCH,,0,0,0,NA,NA,NA,NA,NA,WARNING_SOFT,1,0,0,0,0,TREND_REVERSAL_UNCONFIRMED,0,0.45,NONE,1,0,0,0
BTCUSDT,1778576400000,2026-05-12T09:00:00.000Z,NEUTRAL,NONE,0,7.875,IGNORE,0,WATCH,,0,0,0,NA,NA,NA,NA,NA,WARNING_SOFT,1,0,0,0,0,TREND_REVERSAL_UNCONFIRMED,0,0.45,NONE,1,0,0,0
BTCUSDT,1778580000000,2026-05-12T10:00:00.000Z,NEUTRAL,NONE,0,7.875,IGNORE,0,WATCH,,0,0,0,NA,NA,NA,NA,NA,WARNING_SOFT,1,0,0,0,0,TREND_REVERSAL_UNCONFIRMED,0,0.45,NONE,1,0,0,0
BTCUSDT,1778583600000,2026-05-12T11:00:00.000Z,NEUTRAL,NONE,0,7.875,IGNORE,0,WATCH,,0,0,0,NA,NA,NA,NA,NA,BLOCK,0,0,0,0,0,TREND_REVERSAL_UNCONFIRMED,0,0.45,NONE,1,0,0,0
BTCUSDT,1778587200000,2026-05-12T12:00:00.000Z,BEAR,LONG,38.3248365545106,18.20558087866771,IGNORE,0,WATCH,,0,0,0,NA,NA,NA,NA,NA,CLEAR,1,0,0,0,0,TREND_REVERSAL_UNCONFIRMED,2,0.45,LONG,1,0,0,0
BTCUSDT,1778590800000,2026-05-12T13:00:00.000Z,BEAR,LONG,42.23047545544218,18.513149942116073,IGNORE,0,WATCH,,0,0,0,NA,NA,NA,NA,NA,CLEAR,1,0,0,0,0,TREND_REVERSAL_UNCONFIRMED,2,0.45,LONG,1,0,0,0
BTCUSDT,1778594400000,2026-05-12T14:00:00.000Z,BEAR,LONG,42.5,18.534375,IGNORE,0,WATCH,,0,0,0,NA,NA,NA,NA,NA,CLEAR,1,0,0,0,0,TREND_REVERSAL_UNCONFIRMED,2,0.45,LONG,1,0,0,0
BTCUSDT,1778598000000,2026-05-12T15:00:00.000Z,BEAR,LONG,42.5,18.534375,IGNORE,0,WATCH,,0,0,0,NA,NA,NA,NA,NA,CLEAR,1,0,0,0,0,TREND_REVERSAL_UNCONFIRMED,2,0.45,LONG,1,0,0,0
BTCUSDT,1778601600000,2026-05-12T16:00:00.000Z,BEAR,LONG,42.5,18.534375,IGNORE,0,WATCH,,0,0,0,NA,NA,NA,NA,NA,CLEAR,1,0,0,0,0,TREND_REVERSAL_UNCONFIRMED,2,0.45,LONG,1,0,0,0
BTCUSDT,1778605200000,2026-05-12T17:00:00.000Z,BEAR,LONG,58.1772433221302,52.547054768353135,WATCH,1,WATCH,ACTIVE,1,1,0,PASS,PASS,SKIP,SKIP,FAIL,CLEAR,1,0,0,0,0,MARKET_CONTEXT_DENIED,3,0.84,LONG,0,1,0,0
BTCUSDT,1778608800000,2026-05-12T18:00:00.000Z,BEAR,LONG,17.5,12.909375,IGNORE,0,WATCH,,0,0,0,NA,NA,NA,NA,NA,CLEAR,1,0,0,0,0,TREND_REVERSAL_UNCONFIRMED,1,0.45,LONG,1,0,0,0
BTCUSDT,1778612400000,2026-05-12T19:00:00.000Z,NEUTRAL,NONE,0,7.875,IGNORE,0,WATCH,,0,0,0,NA,NA,NA,NA,NA,CLEAR,1,0,0,0,0,TREND_REVERSAL_UNCONFIRMED,0,0.45,NONE,1,0,0,0
BTCUSDT,1778616000000,2026-05-12T20:00:00.000Z,BEAR,LONG,0,7.875,IGNORE,0,WATCH,,0,0,0,NA,NA,NA,NA,NA,WARNING_SOFT,1,0,0,0,0,TREND_REVERSAL_UNCONFIRMED,0,0.45,LONG,1,0,0,0
BTCUSDT,1778619600000,2026-05-12T21:00:00.000Z,BEAR,LONG,0,7.875,IGNORE,0,WATCH,,0,0,0,NA,NA,NA,NA,NA,WARNING_SOFT,1,0,0,0,0,TREND_REVERSAL_UNCONFIRMED,0,0.45,LONG,1,0,0,0
BTCUSDT,1778623200000,2026-05-12T22:00:00.000Z,BEAR,LONG,0,7.875,IGNORE,0,WATCH,,0,0,0,NA,NA,NA,NA,NA,WARNING_SOFT,1,0,0,0,0,TREND_REVERSAL_UNCONFIRMED,0,0.45,LONG,1,0,0,0
BTCUSDT,1778626800000,2026-05-12T23:00:00.000Z,BEAR,LONG,0,7.875,IGNORE,0,WATCH,,0,0,0,NA,NA,NA,NA,NA,WARNING_SOFT,1,0,0,0,0,TREND_REVERSAL_UNCONFIRMED,0,0.45,LONG,1,0,0,0
BTCUSDT,1778630400000,2026-05-13T00:00:00.000Z,BEAR,LONG,18.69911249999999,13.003805109375,IGNORE,0,WATCH,,0,0,0,NA,NA,NA,NA,NA,WARNING_SOFT,1,0,0,0,0,TREND_REVERSAL_UNCONFIRMED,1,0.45,LONG,1,0,0,0
BTCUSDT,1778634000000,2026-05-13T01:00:00.000Z,NEUTRAL,NONE,0,7.875,IGNORE,0,WATCH,,0,0,0,NA,NA,NA,NA,NA,CLEAR,1,0,0,0,0,TREND_REVERSAL_UNCONFIRMED,0,0.45,NONE,1,0,0,0
BTCUSDT,1778637600000,2026-05-13T02:00:00.000Z,NEUTRAL,NONE,0,7.875,IGNORE,0,WATCH,,0,0,0,NA,NA,NA,NA,NA,CLEAR,1,0,0,0,0,TREND_REVERSAL_UNCONFIRMED,0,0.45,NONE,1,0,0,0
BTCUSDT,1778641200000,2026-05-13T03:00:00.000Z,NEUTRAL,NONE,0,7.875,IGNORE,0,WATCH,,0,0,0,NA,NA,NA,NA,NA,CLEAR,1,0,0,0,0,TREND_REVERSAL_UNCONFIRMED,0,0.45,NONE,1,0,0,0
BTCUSDT,1778644800000,2026-05-13T04:00:00.000Z,NEUTRAL,NONE,0,7.875,IGNORE,0,WATCH,,0,0,0,NA,NA,NA,NA,NA,CLEAR,1,0,0,0,0,TREND_REVERSAL_UNCONFIRMED,0,0.45,NONE,1,0,0,0
BTCUSDT,1778648400000,2026-05-13T05:00:00.000Z,NEUTRAL,NONE,0,7.875,IGNORE,0,WATCH,,0,0,0,NA,NA,NA,NA,NA,CLEAR,1,0,0,0,0,TREND_REVERSAL_UNCONFIRMED,0,0.45,NONE,1,0,0,0
BTCUSDT,1778652000000,2026-05-13T06:00:00.000Z,NEUTRAL,NONE,0,7.875,IGNORE,0,WATCH,,0,0,0,NA,NA,NA,NA,NA,CLEAR,1,0,0,0,0,TREND_REVERSAL_UNCONFIRMED,0,0.45,NONE,1,0,0,0
BTCUSDT,1778655600000,2026-05-13T07:00:00.000Z,NEUTRAL,NONE,0,7.875,IGNORE,0,WATCH,,0,0,0,NA,NA,NA,NA,NA,WARNING_SOFT,1,0,0,0,0,TREND_REVERSAL_UNCONFIRMED,0,0.45,NONE,1,0,0,0
BTCUSDT,1778659200000,2026-05-13T08:00:00.000Z,NEUTRAL,NONE,0,7.875,IGNORE,0,WATCH,,0,0,0,NA,NA,NA,NA,NA,CLEAR,1,0,0,0,0,TREND_REVERSAL_UNCONFIRMED,0,0.45,NONE,1,0,0,0
BTCUSDT,1778662800000,2026-05-13T09:00:00.000Z,BULL,SHORT,0,7.875,IGNORE,0,WATCH,,0,0,0,NA,NA,NA,NA,NA,CLEAR,1,0,0,0,0,TREND_REVERSAL_UNCONFIRMED,0,0.45,SHORT,1,0,0,0
BTCUSDT,1778666400000,2026-05-13T10:00:00.000Z,BEAR,LONG,17.5,12.909375,IGNORE,0,WATCH,,0,0,0,NA,NA,NA,NA,NA,WARNING_SOFT,1,0,0,0,0,TREND_REVERSAL_UNCONFIRMED,1,0.45,LONG,1,0,0,0
BTCUSDT,1778670000000,2026-05-13T11:00:00.000Z,BEAR,LONG,36.28542272333161,18.044977039462363,IGNORE,0,WATCH,,0,0,0,NA,NA,NA,NA,NA,CLEAR,1,0,0,0,0,TREND_REVERSAL_UNCONFIRMED,2,0.45,LONG,1,0,0,0
BTCUSDT,1778673600000,2026-05-13T12:00:00.000Z,BEAR,LONG,67.5,62.317499999999995,WATCH,1,ACTIVE,ACTIVE,1,1,1,PASS,PASS,SKIP,SKIP,PASS,CLEAR,1,0,0,0,1,,3,0.84,LONG,0,1,0,0
BTCUSDT,1778677200000,2026-05-13T13:00:00.000Z,BEAR,LONG,42.5,18.534375,IGNORE,0,WATCH,,0,0,0,NA,NA,NA,NA,NA,CLEAR,1,0,0,0,0,TREND_REVERSAL_UNCONFIRMED,2,0.45,LONG,1,0,0,0
BTCUSDT,1778680800000,2026-05-13T14:00:00.000Z,BEAR,LONG,42.5,18.534375,IGNORE,0,WATCH,,0,0,0,NA,NA,NA,NA,NA,CLEAR,1,0,0,0,0,TREND_REVERSAL_UNCONFIRMED,2,0.45,LONG,1,0,0,0
BTCUSDT,1778684400000,2026-05-13T15:00:00.000Z,BEAR,LONG,55.34722222222222,60.53104166666666,WATCH,1,ACTIVE,ACTIVE,1,1,1,PASS,PASS,SKIP,SKIP,PASS,CLEAR,1,0,0,0,1,,3,0.84,LONG,0,1,0,0
BTCUSDT,1778688000000,2026-05-13T16:00:00.000Z,BEAR,LONG,42.5,18.534375,IGNORE,0,WATCH,,0,0,0,NA,NA,NA,NA,NA,CLEAR,1,0,0,0,0,TREND_REVERSAL_UNCONFIRMED,2,0.45,LONG,1,0,0,0
BTCUSDT,1778691600000,2026-05-13T17:00:00.000Z,BEAR,LONG,17.5,12.909375,IGNORE,0,WATCH,,0,0,0,NA,NA,NA,NA,NA,CLEAR,1,0,0,0,0,TREND_REVERSAL_UNCONFIRMED,1,0.45,LONG,1,0,0,0
BTCUSDT,1778695200000,2026-05-13T18:00:00.000Z,BEAR,LONG,17.5,12.909375,IGNORE,0,WATCH,,0,0,0,NA,NA,NA,NA,NA,CLEAR,1,0,0,0,0,TREND_REVERSAL_UNCONFIRMED,1,0.45,LONG,1,0,0,0
BTCUSDT,1778698800000,2026-05-13T19:00:00.000Z,BEAR,LONG,0,7.875,IGNORE,0,WATCH,,0,0,0,NA,NA,NA,NA,NA,CLEAR,1,0,0,0,0,TREND_REVERSAL_UNCONFIRMED,0,0.45,LONG,1,0,0,0
BTCUSDT,1778702400000,2026-05-13T20:00:00.000Z,BEAR,LONG,25,13.5,IGNORE,0,WATCH,,0,0,0,NA,NA,NA,NA,NA,CLEAR,1,0,0,0,0,TREND_REVERSAL_UNCONFIRMED,1,0.45,LONG,1,0,0,0
BTCUSDT,1778706000000,2026-05-13T21:00:00.000Z,BEAR,LONG,0,7.875,IGNORE,0,WATCH,,0,0,0,NA,NA,NA,NA,NA,CLEAR,1,0,0,0,0,TREND_REVERSAL_UNCONFIRMED,0,0.45,LONG,1,0,0,0
BTCUSDT,1778709600000,2026-05-13T22:00:00.000Z,BEAR,LONG,0,7.875,IGNORE,0,WATCH,,0,0,0,NA,NA,NA,NA,NA,CLEAR,1,0,0,0,0,TREND_REVERSAL_UNCONFIRMED,0,0.45,LONG,1,0,0,0
BTCUSDT,1778713200000,2026-05-13T23:00:00.000Z,BEAR,LONG,21.2962375,13.208328703125,IGNORE,0,WATCH,,0,0,0,NA,NA,NA,NA,NA,CLEAR,1,0,0,0,0,TREND_REVERSAL_UNCONFIRMED,1,0.45,LONG,1,0,0,0
BTCUSDT,1778716800000,2026-05-14T00:00:00.000Z,BEAR,LONG,0,7.875,IGNORE,0,WATCH,,0,0,0,NA,NA,NA,NA,NA,CLEAR,1,0,0,0,0,TREND_REVERSAL_UNCONFIRMED,0,0.45,LONG,1,0,0,0
BTCUSDT,1778720400000,2026-05-14T01:00:00.000Z,BEAR,LONG,17.5,12.909375,IGNORE,0,WATCH,,0,0,0,NA,NA,NA,NA,NA,CLEAR,1,0,0,0,0,TREND_REVERSAL_UNCONFIRMED,1,0.45,LONG,1,0,0,0
BTCUSDT,1778724000000,2026-05-14T02:00:00.000Z,BEAR,LONG,17.5,12.909375,IGNORE,0,WATCH,,0,0,0,NA,NA,NA,NA,NA,WARNING_SOFT,1,0,0,0,0,TREND_REVERSAL_UNCONFIRMED,1,0.45,LONG,1,0,0,0
BTCUSDT,1778727600000,2026-05-14T03:00:00.000Z,BEAR,LONG,17.5,12.909375,IGNORE,0,WATCH,,0,0,0,NA,NA,NA,NA,NA,CLEAR,1,0,0,0,0,TREND_REVERSAL_UNCONFIRMED,1,0.45,LONG,1,0,0,0
BTCUSDT,1778731200000,2026-05-14T04:00:00.000Z,BEAR,LONG,42.5,18.534375,IGNORE,0,WATCH,,0,0,0,NA,NA,NA,NA,NA,CLEAR,1,0,0,0,0,TREND_REVERSAL_UNCONFIRMED,2,0.45,LONG,1,0,0,0
BTCUSDT,1778734800000,2026-05-14T05:00:00.000Z,NEUTRAL,NONE,0,7.875,IGNORE,0,WATCH,,0,0,0,NA,NA,NA,NA,NA,WARNING_SOFT,1,0,0,0,0,TREND_REVERSAL_UNCONFIRMED,0,0.45,NONE,1,0,0,0
BTCUSDT,1778738400000,2026-05-14T06:00:00.000Z,NEUTRAL,NONE,0,7.875,IGNORE,0,WATCH,,0,0,0,NA,NA,NA,NA,NA,CLEAR,1,0,0,0,0,TREND_REVERSAL_UNCONFIRMED,0,0.45,NONE,1,0,0,0
BTCUSDT,1778742000000,2026-05-14T07:00:00.000Z,NEUTRAL,NONE,0,7.875,IGNORE,0,WATCH,,0,0,0,NA,NA,NA,NA,NA,CLEAR,1,0,0,0,0,TREND_REVERSAL_UNCONFIRMED,0,0.45,NONE,1,0,0,0
BTCUSDT,1778745600000,2026-05-14T08:00:00.000Z,NEUTRAL,NONE,0,7.875,IGNORE,0,WATCH,,0,0,0,NA,NA,NA,NA,NA,CLEAR,1,0,0,0,0,TREND_REVERSAL_UNCONFIRMED,0,0.45,NONE,1,0,0,0
BTCUSDT,1778749200000,2026-05-14T09:00:00.000Z,BEAR,LONG,0,7.875,IGNORE,0,WATCH,,0,0,0,NA,NA,NA,NA,NA,WARNING_SOFT,1,0,0,0,0,TREND_REVERSAL_UNCONFIRMED,0,0.45,LONG,1,0,0,0
BTCUSDT,1778752800000,2026-05-14T10:00:00.000Z,BEAR,LONG,0,7.875,IGNORE,0,WATCH,,0,0,0,NA,NA,NA,NA,NA,WARNING_SOFT,1,0,0,0,0,TREND_REVERSAL_UNCONFIRMED,0,0.45,LONG,1,0,0,0
BTCUSDT,1778756400000,2026-05-14T11:00:00.000Z,BEAR,LONG,25,13.5,IGNORE,0,WATCH,,0,0,0,NA,NA,NA,NA,NA,CLEAR,1,0,0,0,0,TREND_REVERSAL_UNCONFIRMED,1,0.45,LONG,1,0,0,0
BTCUSDT,1778760000000,2026-05-14T12:00:00.000Z,NEUTRAL,NONE,0,7.875,IGNORE,0,WATCH,,0,0,0,NA,NA,NA,NA,NA,WARNING_SOFT,1,0,0,0,0,TREND_REVERSAL_UNCONFIRMED,0,0.45,NONE,1,0,0,0
BTCUSDT,1778763600000,2026-05-14T13:00:00.000Z,NEUTRAL,NONE,0,7.875,IGNORE,0,WATCH,,0,0,0,NA,NA,NA,NA,NA,CLEAR,1,0,0,0,0,TREND_REVERSAL_UNCONFIRMED,0,0.45,NONE,1,0,0,0
BTCUSDT,1778767200000,2026-05-14T14:00:00.000Z,NEUTRAL,NONE,0,7.875,IGNORE,0,WATCH,,0,0,0,NA,NA,NA,NA,NA,CLEAR,1,1,0,0,0,TREND_REVERSAL_UNCONFIRMED,0,0.45,NONE,1,0,0,0
BTCUSDT,1778770800000,2026-05-14T15:00:00.000Z,NEUTRAL,NONE,0,7.875,IGNORE,0,WATCH,,0,0,0,NA,NA,NA,NA,NA,CLEAR,1,1,0,0,0,TREND_REVERSAL_UNCONFIRMED,0,0.45,NONE,1,0,0,0
BTCUSDT,1778774400000,2026-05-14T16:00:00.000Z,NEUTRAL,NONE,0,7.875,IGNORE,0,WATCH,,0,0,0,NA,NA,NA,NA,NA,CLEAR,1,1,0,0,0,TREND_REVERSAL_UNCONFIRMED,0,0.45,NONE,1,0,0,0
BTCUSDT,1778778000000,2026-05-14T17:00:00.000Z,BULL,SHORT,50,19.125,IGNORE,0,WATCH,,0,0,0,NA,NA,NA,NA,NA,CLEAR,1,0,0,0,0,TREND_REVERSAL_UNCONFIRMED,2,0.45,SHORT,1,0,0,0
BTCUSDT,1778781600000,2026-05-14T18:00:00.000Z,BULL,SHORT,0,7.875,IGNORE,0,WATCH,,0,0,0,NA,NA,NA,NA,NA,CLEAR,1,0,0,0,0,TREND_REVERSAL_UNCONFIRMED,0,0.45,SHORT,1,0,0,0
BTCUSDT,1778785200000,2026-05-14T19:00:00.000Z,BULL,SHORT,0,7.875,IGNORE,0,WATCH,,0,0,0,NA,NA,NA,NA,NA,CLEAR,1,0,0,0,0,TREND_REVERSAL_UNCONFIRMED,0,0.45,SHORT,1,0,0,0
BTCUSDT,1778788800000,2026-05-14T20:00:00.000Z,BULL,SHORT,0,7.875,IGNORE,0,WATCH,,0,0,0,NA,NA,NA,NA,NA,CLEAR,1,0,0,0,0,TREND_REVERSAL_UNCONFIRMED,0,0.45,SHORT,1,0,0,0
BTCUSDT,1778792400000,2026-05-14T21:00:00.000Z,BULL,SHORT,0,7.875,IGNORE,0,WATCH,,0,0,0,NA,NA,NA,NA,NA,CLEAR,1,0,0,0,0,TREND_REVERSAL_UNCONFIRMED,0,0.45,SHORT,1,0,0,0
BTCUSDT,1778796000000,2026-05-14T22:00:00.000Z,BULL,SHORT,0,7.875,IGNORE,0,WATCH,,0,0,0,NA,NA,NA,NA,NA,CLEAR,1,0,0,0,0,TREND_REVERSAL_UNCONFIRMED,0,0.45,SHORT,1,0,0,0
BTCUSDT,1778799600000,2026-05-14T23:00:00.000Z,BULL,SHORT,25,13.5,IGNORE,0,WATCH,,0,0,0,NA,NA,NA,NA,NA,CLEAR,1,0,0,0,0,TREND_REVERSAL_UNCONFIRMED,1,0.45,SHORT,1,0,0,0
BTCUSDT,1778803200000,2026-05-15T00:00:00.000Z,BULL,SHORT,0,7.875,IGNORE,0,WATCH,,0,0,0,NA,NA,NA,NA,NA,CLEAR,1,0,0,0,0,TREND_REVERSAL_UNCONFIRMED,0,0.45,SHORT,1,0,0,0
BTCUSDT,1778806800000,2026-05-15T01:00:00.000Z,BULL,SHORT,0,7.875,IGNORE,0,WATCH,,0,0,0,NA,NA,NA,NA,NA,CLEAR,1,0,0,0,0,TREND_REVERSAL_UNCONFIRMED,0,0.45,SHORT,1,0,0,0
BTCUSDT,1778810400000,2026-05-15T02:00:00.000Z,BULL,SHORT,25,13.5,IGNORE,0,WATCH,,0,0,0,NA,NA,NA,NA,NA,BLOCK,0,0,0,0,0,TREND_REVERSAL_UNCONFIRMED,1,0.45,SHORT,1,0,0,0
BTCUSDT,1778814000000,2026-05-15T03:00:00.000Z,BULL,SHORT,17.5,12.909375,IGNORE,0,WATCH,,0,0,0,NA,NA,NA,NA,NA,WARNING_SOFT,1,0,0,0,0,TREND_REVERSAL_UNCONFIRMED,1,0.45,SHORT,1,0,0,0
BTCUSDT,1778817600000,2026-05-15T04:00:00.000Z,NEUTRAL,NONE,0,7.875,IGNORE,0,WATCH,,0,0,0,NA,NA,NA,NA,NA,WARNING_SOFT,1,0,0,0,0,TREND_REVERSAL_UNCONFIRMED,0,0.45,NONE,1,0,0,0
BTCUSDT,1778821200000,2026-05-15T05:00:00.000Z,NEUTRAL,NONE,0,7.875,IGNORE,0,WATCH,,0,0,0,NA,NA,NA,NA,NA,BLOCK,0,0,0,0,0,TREND_REVERSAL_UNCONFIRMED,0,0.45,NONE,1,0,0,0
BTCUSDT,1778824800000,2026-05-15T06:00:00.000Z,NEUTRAL,NONE,0,7.875,IGNORE,0,WATCH,,0,0,0,NA,NA,NA,NA,NA,BLOCK,0,0,0,0,0,TREND_REVERSAL_UNCONFIRMED,0,0.45,NONE,1,0,0,0
BTCUSDT,1778828400000,2026-05-15T07:00:00.000Z,NEUTRAL,NONE,0,7.875,IGNORE,0,WATCH,,0,0,0,NA,NA,NA,NA,NA,BLOCK,0,0,0,0,0,TREND_REVERSAL_UNCONFIRMED,0,0.45,NONE,1,0,0,0
BTCUSDT,1778832000000,2026-05-15T08:00:00.000Z,NEUTRAL,NONE,0,7.875,IGNORE,0,WATCH,,0,0,0,NA,NA,NA,NA,NA,WARNING_SOFT,1,0,0,0,0,TREND_REVERSAL_UNCONFIRMED,0,0.45,NONE,1,0,0,0
BTCUSDT,1778835600000,2026-05-15T09:00:00.000Z,NEUTRAL,NONE,0,7.875,IGNORE,0,WATCH,,0,0,0,NA,NA,NA,NA,NA,WARNING_SOFT,1,0,0,0,0,TREND_REVERSAL_UNCONFIRMED,0,0.45,NONE,1,0,0,0
BTCUSDT,1778839200000,2026-05-15T10:00:00.000Z,NEUTRAL,NONE,0,7.875,IGNORE,0,WATCH,,0,0,0,NA,NA,NA,NA,NA,WARNING_SOFT,1,0,0,0,0,TREND_REVERSAL_UNCONFIRMED,0,0.45,NONE,1,0,0,0
BTCUSDT,1778842800000,2026-05-15T11:00:00.000Z,NEUTRAL,NONE,0,7.875,IGNORE,0,WATCH,,0,0,0,NA,NA,NA,NA,NA,WARNING_SOFT,1,0,0,0,0,TREND_REVERSAL_UNCONFIRMED,0,0.45,NONE,1,0,0,0
BTCUSDT,1778846400000,2026-05-15T12:00:00.000Z,NEUTRAL,NONE,0,7.875,IGNORE,0,WATCH,,0,0,0,NA,NA,NA,NA,NA,BLOCK,0,0,0,0,0,TREND_REVERSAL_UNCONFIRMED,0,0.45,NONE,1,0,0,0
BTCUSDT,1778850000000,2026-05-15T13:00:00.000Z,NEUTRAL,NONE,0,7.875,IGNORE,0,WATCH,,0,0,0,NA,NA,NA,NA,NA,BLOCK,0,0,1,0,0,TREND_REVERSAL_UNCONFIRMED,0,0.45,NONE,1,0,0,0
BTCUSDT,1778853600000,2026-05-15T14:00:00.000Z,BEAR,LONG,67.5,62.317499999999995,WATCH,1,ACTIVE,ACTIVE,1,1,1,PASS,PASS,SKIP,SKIP,PASS,CLEAR,1,0,0,0,1,,3,0.84,LONG,0,1,0,0
BTCUSDT,1778857200000,2026-05-15T15:00:00.000Z,BEAR,LONG,17.5,12.909375,IGNORE,0,WATCH,,0,0,0,NA,NA,NA,NA,NA,CLEAR,1,0,0,0,0,TREND_REVERSAL_UNCONFIRMED,1,0.45,LONG,1,0,0,0
BTCUSDT,1778860800000,2026-05-15T16:00:00.000Z,BEAR,LONG,17.5,12.909375,IGNORE,0,WATCH,,0,0,0,NA,NA,NA,NA,NA,CLEAR,1,0,0,0,0,TREND_REVERSAL_UNCONFIRMED,1,0.45,LONG,1,0,0,0
BTCUSDT,1778864400000,2026-05-15T17:00:00.000Z,BEAR,LONG,0,7.875,IGNORE,0,WATCH,,0,0,0,NA,NA,NA,NA,NA,CLEAR,1,0,0,0,0,TREND_REVERSAL_UNCONFIRMED,0,0.45,LONG,1,0,0,0
BTCUSDT,1778868000000,2026-05-15T18:00:00.000Z,BEAR,LONG,0,7.875,IGNORE,0,WATCH,,0,0,0,NA,NA,NA,NA,NA,CLEAR,1,0,0,0,0,TREND_REVERSAL_UNCONFIRMED,0,0.45,LONG,1,0,0,0
BTCUSDT,1778871600000,2026-05-15T19:00:00.000Z,BEAR,LONG,0,7.875,IGNORE,0,WATCH,,0,0,0,NA,NA,NA,NA,NA,CLEAR,1,0,0,0,0,TREND_REVERSAL_UNCONFIRMED,0,0.45,LONG,1,0,0,0
BTCUSDT,1778875200000,2026-05-15T20:00:00.000Z,BEAR,LONG,0,7.875,IGNORE,0,WATCH,,0,0,0,NA,NA,NA,NA,NA,CLEAR,1,0,0,0,0,TREND_REVERSAL_UNCONFIRMED,0,0.45,LONG,1,0,0,0
BTCUSDT,1778878800000,2026-05-15T21:00:00.000Z,BEAR,LONG,0,7.875,IGNORE,0,WATCH,,0,0,0,NA,NA,NA,NA,NA,CLEAR,1,0,0,0,0,TREND_REVERSAL_UNCONFIRMED,0,0.45,LONG,1,0,0,0
BTCUSDT,1778882400000,2026-05-15T22:00:00.000Z,BEAR,LONG,25,13.5,IGNORE,0,WATCH,,0,0,0,NA,NA,NA,NA,NA,CLEAR,1,0,0,0,0,TREND_REVERSAL_UNCONFIRMED,1,0.45,LONG,1,0,0,0
BTCUSDT,1778886000000,2026-05-15T23:00:00.000Z,BEAR,LONG,0,7.875,IGNORE,0,WATCH,,0,0,0,NA,NA,NA,NA,NA,CLEAR,1,0,0,0,0,TREND_REVERSAL_UNCONFIRMED,0,0.45,LONG,1,0,0,0
BTCUSDT,1778889600000,2026-05-16T00:00:00.000Z,BEAR,LONG,17.5,12.909375,IGNORE,0,WATCH,,0,0,0,NA,NA,NA,NA,NA,CLEAR,1,0,0,0,0,TREND_REVERSAL_UNCONFIRMED,1,0.45,LONG,1,0,0,0
BTCUSDT,1778893200000,2026-05-16T01:00:00.000Z,BEAR,LONG,17.5,12.909375,IGNORE,0,WATCH,,0,0,0,NA,NA,NA,NA,NA,CLEAR,1,0,0,0,0,TREND_REVERSAL_UNCONFIRMED,1,0.45,LONG,1,0,0,0
BTCUSDT,1778896800000,2026-05-16T02:00:00.000Z,BEAR,LONG,17.5,12.909375,IGNORE,0,WATCH,,0,0,0,NA,NA,NA,NA,NA,CLEAR,1,0,0,0,0,TREND_REVERSAL_UNCONFIRMED,1,0.45,LONG,1,0,0,0
BTCUSDT,1778900400000,2026-05-16T03:00:00.000Z,BEAR,LONG,17.5,12.909375,IGNORE,0,WATCH,,0,0,0,NA,NA,NA,NA,NA,CLEAR,1,0,0,0,0,TREND_REVERSAL_UNCONFIRMED,1,0.45,LONG,1,0,0,0
BTCUSDT,1778904000000,2026-05-16T04:00:00.000Z,BEAR,LONG,17.5,12.909375,IGNORE,0,WATCH,,0,0,0,NA,NA,NA,NA,NA,CLEAR,1,0,0,0,0,TREND_REVERSAL_UNCONFIRMED,1,0.45,LONG,1,0,0,0
BTCUSDT,1778907600000,2026-05-16T05:00:00.000Z,BEAR,LONG,39.6490125,18.309859734375003,IGNORE,0,WATCH,,0,0,0,NA,NA,NA,NA,NA,CLEAR,1,0,0,0,0,TREND_REVERSAL_UNCONFIRMED,2,0.45,LONG,1,0,0,0
BTCUSDT,1778911200000,2026-05-16T06:00:00.000Z,BEAR,LONG,37.79038417834993,18.16349275404506,IGNORE,0,WATCH,,0,0,0,NA,NA,NA,NA,NA,CLEAR,1,0,0,0,0,TREND_REVERSAL_UNCONFIRMED,2,0.45,LONG,1,0,0,0
BTCUSDT,1778914800000,2026-05-16T07:00:00.000Z,BEAR,LONG,55.69444444444444,60.58208333333332,WATCH,1,ACTIVE,ACTIVE,1,1,1,PASS,PASS,SKIP,SKIP,PASS,CLEAR,1,0,0,0,1,,3,0.84,LONG,0,1,0,0
BTCUSDT,1778918400000,2026-05-16T08:00:00.000Z,BEAR,LONG,42.5,18.534375,IGNORE,0,WATCH,,0,0,0,NA,NA,NA,NA,NA,CLEAR,1,0,0,0,0,TREND_REVERSAL_UNCONFIRMED,2,0.45,LONG,1,0,0,0
BTCUSDT,1778922000000,2026-05-16T09:00:00.000Z,BEAR,LONG,38.518674115371255,18.220845586585487,IGNORE,0,WATCH,,0,0,0,NA,NA,NA,NA,NA,CLEAR,1,0,0,0,0,TREND_REVERSAL_UNCONFIRMED,2,0.45,LONG,1,0,0,0
BTCUSDT,1778925600000,2026-05-16T10:00:00.000Z,BEAR,LONG,55.34722222222222,51.291041666666665,WATCH,1,WATCH,ACTIVE,1,1,0,FAIL,PASS,SKIP,SKIP,PASS,CLEAR,1,0,0,0,0,MARKET_CONTEXT_DENIED,3,0.84,LONG,0,1,0,0
BTCUSDT,1778929200000,2026-05-16T11:00:00.000Z,BEAR,LONG,42.5,18.534375,IGNORE,0,WATCH,,0,0,0,NA,NA,NA,NA,NA,CLEAR,1,0,0,0,0,TREND_REVERSAL_UNCONFIRMED,2,0.45,LONG,1,0,0,0
BTCUSDT,1778932800000,2026-05-16T12:00:00.000Z,BEAR,LONG,17.5,12.909375,IGNORE,0,WATCH,,0,0,0,NA,NA,NA,NA,NA,CLEAR,1,0,0,0,0,TREND_REVERSAL_UNCONFIRMED,1,0.45,LONG,1,0,0,0
BTCUSDT,1778936400000,2026-05-16T13:00:00.000Z,BEAR,LONG,0,7.875,IGNORE,0,WATCH,,0,0,0,NA,NA,NA,NA,NA,CLEAR,1,0,0,0,0,TREND_REVERSAL_UNCONFIRMED,0,0.45,LONG,1,0,0,0
BTCUSDT,1778940000000,2026-05-16T14:00:00.000Z,BEAR,LONG,0,7.875,IGNORE,0,WATCH,,0,0,0,NA,NA,NA,NA,NA,CLEAR,1,0,0,0,0,TREND_REVERSAL_UNCONFIRMED,0,0.45,LONG,1,0,0,0
BTCUSDT,1778943600000,2026-05-16T15:00:00.000Z,BEAR,LONG,0,7.875,IGNORE,0,WATCH,,0,0,0,NA,NA,NA,NA,NA,CLEAR,1,0,0,0,0,TREND_REVERSAL_UNCONFIRMED,0,0.45,LONG,1,0,0,0
BTCUSDT,1778947200000,2026-05-16T16:00:00.000Z,BEAR,LONG,0,7.875,IGNORE,0,WATCH,,0,0,0,NA,NA,NA,NA,NA,WARNING_SOFT,1,0,0,0,0,TREND_REVERSAL_UNCONFIRMED,0,0.45,LONG,1,0,0,0
BTCUSDT,1778950800000,2026-05-16T17:00:00.000Z,BEAR,LONG,0,7.875,IGNORE,0,WATCH,,0,0,0,NA,NA,NA,NA,NA,WARNING_SOFT,1,0,0,0,0,TREND_REVERSAL_UNCONFIRMED,0,0.45,LONG,1,0,0,0
BTCUSDT,1778954400000,2026-05-16T18:00:00.000Z,BEAR,LONG,0,7.875,IGNORE,0,WATCH,,0,0,0,NA,NA,NA,NA,NA,CLEAR,1,0,0,0,0,TREND_REVERSAL_UNCONFIRMED,0,0.45,LONG,1,0,0,0
BTCUSDT,1778958000000,2026-05-16T19:00:00.000Z,BEAR,LONG,0,7.875,IGNORE,0,WATCH,,0,0,0,NA,NA,NA,NA,NA,WARNING_SOFT,1,0,0,0,0,TREND_REVERSAL_UNCONFIRMED,0,0.45,LONG,1,0,0,0
BTCUSDT,1778961600000,2026-05-16T20:00:00.000Z,BEAR,LONG,0,7.875,IGNORE,0,WATCH,,0,0,0,NA,NA,NA,NA,NA,WARNING_SOFT,1,0,0,0,0,TREND_REVERSAL_UNCONFIRMED,0,0.45,LONG,1,0,0,0
BTCUSDT,1778965200000,2026-05-16T21:00:00.000Z,BEAR,LONG,0,7.875,IGNORE,0,WATCH,,0,0,0,NA,NA,NA,NA,NA,WARNING_SOFT,1,0,0,0,0,TREND_REVERSAL_UNCONFIRMED,0,0.45,LONG,1,0,0,0
BTCUSDT,1778968800000,2026-05-16T22:00:00.000Z,BEAR,LONG,0,7.875,IGNORE,0,WATCH,,0,0,0,NA,NA,NA,NA,NA,WARNING_SOFT,1,0,0,0,0,TREND_REVERSAL_UNCONFIRMED,0,0.45,LONG,1,0,0,0
BTCUSDT,1778972400000,2026-05-16T23:00:00.000Z,BEAR,LONG,0,7.875,IGNORE,0,WATCH,,0,0,0,NA,NA,NA,NA,NA,CLEAR,1,0,0,0,0,TREND_REVERSAL_UNCONFIRMED,0,0.45,LONG,1,0,0,0
BTCUSDT,1778976000000,2026-05-17T00:00:00.000Z,BEAR,LONG,0,7.875,IGNORE,0,WATCH,,0,0,0,NA,NA,NA,NA,NA,CLEAR,1,0,0,0,0,TREND_REVERSAL_UNCONFIRMED,0,0.45,LONG,1,0,0,0
BTCUSDT,1778979600000,2026-05-17T01:00:00.000Z,BEAR,LONG,27.66001256206954,17.36572598926298,IGNORE,0,WATCH,,0,0,0,NA,NA,NA,NA,NA,CLEAR,1,0,0,0,0,TREND_REVERSAL_UNCONFIRMED,2,0.45,LONG,1,0,0,0
BTCUSDT,1778983200000,2026-05-17T02:00:00.000Z,BEAR,LONG,25,13.5,IGNORE,0,WATCH,,0,0,0,NA,NA,NA,NA,NA,CLEAR,1,0,0,0,0,TREND_REVERSAL_UNCONFIRMED,1,0.45,LONG,1,0,0,0
BTCUSDT,1778986800000,2026-05-17T03:00:00.000Z,BEAR,LONG,0,7.875,IGNORE,0,WATCH,,0,0,0,NA,NA,NA,NA,NA,CLEAR,1,0,0,0,0,TREND_REVERSAL_UNCONFIRMED,0,0.45,LONG,1,0,0,0
BTCUSDT,1778990400000,2026-05-17T04:00:00.000Z,BEAR,LONG,17.5,12.909375,IGNORE,0,WATCH,,0,0,0,NA,NA,NA,NA,NA,WARNING_SOFT,1,0,0,0,0,TREND_REVERSAL_UNCONFIRMED,1,0.45,LONG,1,0,0,0
BTCUSDT,1778994000000,2026-05-17T05:00:00.000Z,BEAR,LONG,17.5,12.909375,IGNORE,0,WATCH,,0,0,0,NA,NA,NA,NA,NA,BLOCK,0,0,0,0,0,TREND_REVERSAL_UNCONFIRMED,1,0.45,LONG,1,0,0,0
BTCUSDT,1778997600000,2026-05-17T06:00:00.000Z,BEAR,LONG,17.5,12.909375,IGNORE,0,WATCH,,0,0,0,NA,NA,NA,NA,NA,WARNING_SOFT,1,0,0,0,0,TREND_REVERSAL_UNCONFIRMED,1,0.45,LONG,1,0,0,0
BTCUSDT,1779001200000,2026-05-17T07:00:00.000Z,BEAR,LONG,17.5,12.909375,IGNORE,0,WATCH,,0,0,0,NA,NA,NA,NA,NA,WARNING_SOFT,1,0,0,0,0,TREND_REVERSAL_UNCONFIRMED,1,0.45,LONG,1,0,0,0
BTCUSDT,1779004800000,2026-05-17T08:00:00.000Z,BEAR,LONG,17.5,12.909375,IGNORE,0,WATCH,,0,0,0,NA,NA,NA,NA,NA,WARNING_SOFT,1,0,0,0,0,TREND_REVERSAL_UNCONFIRMED,1,0.45,LONG,1,0,0,0
BTCUSDT,1779008400000,2026-05-17T09:00:00.000Z,NEUTRAL,NONE,0,7.875,IGNORE,0,WATCH,,0,0,0,NA,NA,NA,NA,NA,WARNING_SOFT,1,0,0,0,0,TREND_REVERSAL_UNCONFIRMED,0,0.45,NONE,1,0,0,0
BTCUSDT,1779012000000,2026-05-17T10:00:00.000Z,NEUTRAL,NONE,0,7.875,IGNORE,0,WATCH,,0,0,0,NA,NA,NA,NA,NA,CLEAR,1,0,0,0,0,TREND_REVERSAL_UNCONFIRMED,0,0.45,NONE,1,0,0,0
BTCUSDT,1779015600000,2026-05-17T11:00:00.000Z,NEUTRAL,NONE,0,7.875,IGNORE,0,WATCH,,0,0,0,NA,NA,NA,NA,NA,CLEAR,1,0,0,0,0,TREND_REVERSAL_UNCONFIRMED,0,0.45,NONE,1,0,0,0
BTCUSDT,1779019200000,2026-05-17T12:00:00.000Z,NEUTRAL,NONE,0,7.875,IGNORE,0,WATCH,,0,0,0,NA,NA,NA,NA,NA,CLEAR,1,0,0,0,0,TREND_REVERSAL_UNCONFIRMED,0,0.45,NONE,1,0,0,0
BTCUSDT,1779022800000,2026-05-17T13:00:00.000Z,BEAR,LONG,17.5,12.909375,IGNORE,0,WATCH,,0,0,0,NA,NA,NA,NA,NA,BLOCK,0,0,0,0,0,TREND_REVERSAL_UNCONFIRMED,1,0.45,LONG,1,0,0,0
BTCUSDT,1779026400000,2026-05-17T14:00:00.000Z,BEAR,LONG,42.5,18.534375,IGNORE,0,WATCH,,0,0,0,NA,NA,NA,NA,NA,CLEAR,1,0,0,0,0,TREND_REVERSAL_UNCONFIRMED,2,0.45,LONG,1,0,0,0
BTCUSDT,1779030000000,2026-05-17T15:00:00.000Z,BEAR,LONG,17.5,12.909375,IGNORE,0,WATCH,,0,0,0,NA,NA,NA,NA,NA,CLEAR,1,0,0,0,0,TREND_REVERSAL_UNCONFIRMED,1,0.45,LONG,1,0,0,0
BTCUSDT,1779033600000,2026-05-17T16:00:00.000Z,BEAR,LONG,42.5,18.534375,IGNORE,0,WATCH,,0,0,0,NA,NA,NA,NA,NA,CLEAR,1,0,0,0,0,TREND_REVERSAL_UNCONFIRMED,2,0.45,LONG,1,0,0,0
BTCUSDT,1779037200000,2026-05-17T17:00:00.000Z,BEAR,LONG,30.000479083579453,17.55003772783188,IGNORE,0,WATCH,,0,0,0,NA,NA,NA,NA,NA,CLEAR,1,0,0,0,0,TREND_REVERSAL_UNCONFIRMED,2,0.45,LONG,1,0,0,0
BTCUSDT,1779040800000,2026-05-17T18:00:00.000Z,NEUTRAL,NONE,0,7.875,IGNORE,0,WATCH,,0,0,0,NA,NA,NA,NA,NA,WARNING_SOFT,1,0,0,0,0,TREND_REVERSAL_UNCONFIRMED,0,0.45,NONE,1,0,0,0
BTCUSDT,1779044400000,2026-05-17T19:00:00.000Z,NEUTRAL,NONE,0,7.875,IGNORE,0,WATCH,,0,0,0,NA,NA,NA,NA,NA,CLEAR,1,0,0,0,0,TREND_REVERSAL_UNCONFIRMED,0,0.45,NONE,1,0,0,0
BTCUSDT,1779048000000,2026-05-17T20:00:00.000Z,NEUTRAL,NONE,0,7.875,IGNORE,0,WATCH,,0,0,0,NA,NA,NA,NA,NA,CLEAR,1,0,0,0,0,TREND_REVERSAL_UNCONFIRMED,0,0.45,NONE,1,0,0,0
BTCUSDT,1779051600000,2026-05-17T21:00:00.000Z,NEUTRAL,NONE,0,7.875,IGNORE,0,WATCH,,0,0,0,NA,NA,NA,NA,NA,CLEAR,1,0,0,0,0,TREND_REVERSAL_UNCONFIRMED,0,0.45,NONE,1,0,0,0
BTCUSDT,1779055200000,2026-05-17T22:00:00.000Z,BEAR,LONG,42.5,18.534375,IGNORE,0,WATCH,,0,0,0,NA,NA,NA,NA,NA,WARNING_SOFT,1,0,0,0,0,TREND_REVERSAL_UNCONFIRMED,2,0.45,LONG,1,0,0,0
BTCUSDT,1779058800000,2026-05-17T23:00:00.000Z,BEAR,LONG,42.5,18.534375,IGNORE,0,WATCH,,0,0,0,NA,NA,NA,NA,NA,CLEAR,1,0,0,0,0,TREND_REVERSAL_UNCONFIRMED,2,0.45,LONG,1,0,0,0
BTCUSDT,1779062400000,2026-05-18T00:00:00.000Z,BEAR,LONG,67.5,44.677499999999995,WATCH,1,WATCH,ACTIVE,1,1,0,FAIL,PASS,SKIP,SKIP,FAIL,CLEAR,1,0,0,0,0,MARKET_CONTEXT_DENIED,3,0.84,LONG,1,0,0,0
BTCUSDT,1779066000000,2026-05-18T01:00:00.000Z,BEAR,LONG,42.5,18.534375,IGNORE,0,WATCH,,0,0,0,NA,NA,NA,NA,NA,CLEAR,1,0,0,0,0,TREND_REVERSAL_UNCONFIRMED,2,0.45,LONG,1,0,0,0
BTCUSDT,1779069600000,2026-05-18T02:00:00.000Z,BEAR,LONG,29.543437989874086,17.514045741702585,IGNORE,0,WATCH,,0,0,0,NA,NA,NA,NA,NA,CLEAR,1,0,0,0,0,TREND_REVERSAL_UNCONFIRMED,2,0.45,LONG,1,0,0,0
BTCUSDT,1779073200000,2026-05-18T03:00:00.000Z,BEAR,LONG,0,7.875,IGNORE,0,WATCH,,0,0,0,NA,NA,NA,NA,NA,CLEAR,1,0,0,0,0,TREND_REVERSAL_UNCONFIRMED,0,0.45,LONG,1,0,0,0
BTCUSDT,1779076800000,2026-05-18T04:00:00.000Z,BEAR,LONG,0,7.875,IGNORE,0,WATCH,,0,0,0,NA,NA,NA,NA,NA,CLEAR,1,0,0,0,0,TREND_REVERSAL_UNCONFIRMED,0,0.45,LONG,1,0,0,0
BTCUSDT,1779080400000,2026-05-18T05:00:00.000Z,BEAR,LONG,0,7.875,IGNORE,0,WATCH,,0,0,0,NA,NA,NA,NA,NA,CLEAR,1,0,0,0,0,TREND_REVERSAL_UNCONFIRMED,0,0.45,LONG,1,0,0,0
BTCUSDT,1779084000000,2026-05-18T06:00:00.000Z,BEAR,LONG,16.409543699210094,12.823501566312794,IGNORE,0,WATCH,,0,0,0,NA,NA,NA,NA,NA,CLEAR,1,0,0,0,0,TREND_REVERSAL_UNCONFIRMED,1,0.45,LONG,1,0,0,0
BTCUSDT,1779087600000,2026-05-18T07:00:00.000Z,BEAR,LONG,25,13.5,IGNORE,0,WATCH,,0,0,0,NA,NA,NA,NA,NA,CLEAR,1,0,0,0,0,TREND_REVERSAL_UNCONFIRMED,1,0.45,LONG,1,0,0,0
BTCUSDT,1779091200000,2026-05-18T08:00:00.000Z,BEAR,LONG,0,7.875,IGNORE,0,WATCH,,0,0,0,NA,NA,NA,NA,NA,CLEAR,1,0,0,0,0,TREND_REVERSAL_UNCONFIRMED,0,0.45,LONG,1,0,0,0
BTCUSDT,1779094800000,2026-05-18T09:00:00.000Z,BEAR,LONG,0,7.875,IGNORE,0,WATCH,,0,0,0,NA,NA,NA,NA,NA,CLEAR,1,0,0,0,0,TREND_REVERSAL_UNCONFIRMED,0,0.45,LONG,1,0,0,0
BTCUSDT,1779098400000,2026-05-18T10:00:00.000Z,BEAR,LONG,0,7.875,IGNORE,0,WATCH,,0,0,0,NA,NA,NA,NA,NA,CLEAR,1,0,0,0,0,TREND_REVERSAL_UNCONFIRMED,0,0.45,LONG,1,0,0,0
BTCUSDT,1779102000000,2026-05-18T11:00:00.000Z,BEAR,LONG,17.28311833703723,12.892295569041682,IGNORE,0,WATCH,,0,0,0,NA,NA,NA,NA,NA,CLEAR,1,0,0,0,0,TREND_REVERSAL_UNCONFIRMED,1,0.45,LONG,1,0,0,0
BTCUSDT,1779105600000,2026-05-18T12:00:00.000Z,NEUTRAL,NONE,0,7.875,IGNORE,0,WATCH,,0,0,0,NA,NA,NA,NA,NA,CLEAR,1,1,0,0,0,TREND_REVERSAL_UNCONFIRMED,0,0.45,NONE,1,0,0,0
BTCUSDT,1779109200000,2026-05-18T13:00:00.000Z,BEAR,LONG,25,13.5,IGNORE,0,WATCH,,0,0,0,NA,NA,NA,NA,NA,BLOCK,0,0,0,0,0,TREND_REVERSAL_UNCONFIRMED,1,0.45,LONG,1,0,0,0
BTCUSDT,1779112800000,2026-05-18T14:00:00.000Z,BEAR,LONG,25,13.5,IGNORE,0,WATCH,,0,0,0,NA,NA,NA,NA,NA,CLEAR,1,0,0,0,0,TREND_REVERSAL_UNCONFIRMED,1,0.45,LONG,1,0,0,0
BTCUSDT,1779116400000,2026-05-18T15:00:00.000Z,BEAR,LONG,25,13.5,IGNORE,0,WATCH,,0,0,0,NA,NA,NA,NA,NA,CLEAR,1,0,0,0,0,TREND_REVERSAL_UNCONFIRMED,1,0.45,LONG,1,0,0,0
BTCUSDT,1779120000000,2026-05-18T16:00:00.000Z,BEAR,LONG,15.78551305622016,12.774359153177338,IGNORE,0,WATCH,,0,0,0,NA,NA,NA,NA,NA,CLEAR,1,0,0,0,0,TREND_REVERSAL_UNCONFIRMED,1,0.45,LONG,1,0,0,0
BTCUSDT,1779123600000,2026-05-18T17:00:00.000Z,BEAR,LONG,25,13.5,IGNORE,0,WATCH,,0,0,0,NA,NA,NA,NA,NA,CLEAR,1,0,0,0,0,TREND_REVERSAL_UNCONFIRMED,1,0.45,LONG,1,0,0,0
BTCUSDT,1779127200000,2026-05-18T18:00:00.000Z,BEAR,LONG,12.847222222222221,12.54296875,IGNORE,0,WATCH,,0,0,0,NA,NA,NA,NA,NA,CLEAR,1,0,0,0,0,TREND_REVERSAL_UNCONFIRMED,1,0.45,LONG,1,0,0,0
BTCUSDT,1779130800000,2026-05-18T19:00:00.000Z,BEAR,LONG,14.021922220209891,12.635476374841529,IGNORE,0,WATCH,,0,0,0,NA,NA,NA,NA,NA,CLEAR,1,0,0,0,0,TREND_REVERSAL_UNCONFIRMED,1,0.45,LONG,1,0,0,0
BTCUSDT,1779134400000,2026-05-18T20:00:00.000Z,BEAR,LONG,0,7.875,IGNORE,0,WATCH,,0,0,0,NA,NA,NA,NA,NA,WARNING_SOFT,1,0,0,0,0,TREND_REVERSAL_UNCONFIRMED,0,0.45,LONG,1,0,0,0
BTCUSDT,1779138000000,2026-05-18T21:00:00.000Z,NEUTRAL,NONE,0,7.875,IGNORE,0,WATCH,,0,0,0,NA,NA,NA,NA,NA,CLEAR,1,0,0,0,0,TREND_REVERSAL_UNCONFIRMED,0,0.45,NONE,1,0,0,0
BTCUSDT,1779141600000,2026-05-18T22:00:00.000Z,NEUTRAL,NONE,0,7.875,IGNORE,0,WATCH,,0,0,0,NA,NA,NA,NA,NA,CLEAR,1,0,0,0,0,TREND_REVERSAL_UNCONFIRMED,0,0.45,NONE,1,0,0,0
BTCUSDT,1779145200000,2026-05-18T23:00:00.000Z,NEUTRAL,NONE,0,7.875,IGNORE,0,WATCH,,0,0,0,NA,NA,NA,NA,NA,CLEAR,1,0,0,0,0,TREND_REVERSAL_UNCONFIRMED,0,0.45,NONE,1,0,0,0
BTCUSDT,1779148800000,2026-05-19T00:00:00.000Z,NEUTRAL,NONE,0,7.875,IGNORE,0,WATCH,,0,0,0,NA,NA,NA,NA,NA,CLEAR,1,0,0,0,0,TREND_REVERSAL_UNCONFIRMED,0,0.45,NONE,1,0,0,0
BTCUSDT,1779152400000,2026-05-19T01:00:00.000Z,BEAR,LONG,0,7.875,IGNORE,0,WATCH,,0,0,0,NA,NA,NA,NA,NA,WARNING_SOFT,1,0,0,0,0,TREND_REVERSAL_UNCONFIRMED,0,0.45,LONG,1,0,0,0
BTCUSDT,1779156000000,2026-05-19T02:00:00.000Z,BEAR,LONG,0,7.875,IGNORE,0,WATCH,,0,0,0,NA,NA,NA,NA,NA,CLEAR,1,0,0,0,0,TREND_REVERSAL_UNCONFIRMED,0,0.45,LONG,1,0,0,0
BTCUSDT,1779159600000,2026-05-19T03:00:00.000Z,BEAR,LONG,0,7.875,IGNORE,0,WATCH,,0,0,0,NA,NA,NA,NA,NA,CLEAR,1,0,0,0,0,TREND_REVERSAL_UNCONFIRMED,0,0.45,LONG,1,0,0,0
BTCUSDT,1779163200000,2026-05-19T04:00:00.000Z,BEAR,LONG,0,7.875,IGNORE,0,WATCH,,0,0,0,NA,NA,NA,NA,NA,CLEAR,1,0,0,0,0,TREND_REVERSAL_UNCONFIRMED,0,0.45,LONG,1,0,0,0
BTCUSDT,1779166800000,2026-05-19T05:00:00.000Z,BEAR,LONG,17.5,12.909375,IGNORE,0,WATCH,,0,0,0,NA,NA,NA,NA,NA,CLEAR,1,0,0,0,0,TREND_REVERSAL_UNCONFIRMED,1,0.45,LONG,1,0,0,0
BTCUSDT,1779170400000,2026-05-19T06:00:00.000Z,NEUTRAL,NONE,0,7.875,IGNORE,0,WATCH,,0,0,0,NA,NA,NA,NA,NA,CLEAR,1,0,0,0,0,TREND_REVERSAL_UNCONFIRMED,0,0.45,NONE,1,0,0,0
BTCUSDT,1779174000000,2026-05-19T07:00:00.000Z,NEUTRAL,NONE,0,7.875,IGNORE,0,WATCH,,0,0,0,NA,NA,NA,NA,NA,CLEAR,1,0,0,0,0,TREND_REVERSAL_UNCONFIRMED,0,0.45,NONE,1,0,0,0
BTCUSDT,1779177600000,2026-05-19T08:00:00.000Z,NEUTRAL,NONE,0,7.875,IGNORE,0,WATCH,,0,0,0,NA,NA,NA,NA,NA,CLEAR,1,0,0,0,0,TREND_REVERSAL_UNCONFIRMED,0,0.45,NONE,1,0,0,0
BTCUSDT,1779181200000,2026-05-19T09:00:00.000Z,BEAR,LONG,17.5,12.909375,IGNORE,0,WATCH,,0,0,0,NA,NA,NA,NA,NA,WARNING_SOFT,1,0,0,0,0,TREND_REVERSAL_UNCONFIRMED,1,0.45,LONG,1,0,0,0
BTCUSDT,1779184800000,2026-05-19T10:00:00.000Z,NEUTRAL,NONE,0,7.875,IGNORE,0,WATCH,,0,0,0,NA,NA,NA,NA,NA,WARNING_SOFT,1,0,0,0,0,TREND_REVERSAL_UNCONFIRMED,0,0.45,NONE,1,0,0,0
BTCUSDT,1779188400000,2026-05-19T11:00:00.000Z,BEAR,LONG,17.5,12.909375,IGNORE,0,WATCH,,0,0,0,NA,NA,NA,NA,NA,CLEAR,1,0,0,0,0,TREND_REVERSAL_UNCONFIRMED,1,0.45,LONG,1,0,0,0
BTCUSDT,1779192000000,2026-05-19T12:00:00.000Z,BEAR,LONG,36.56469999999999,18.066970124999997,IGNORE,0,WATCH,,0,0,0,NA,NA,NA,NA,NA,CLEAR,1,0,0,0,0,TREND_REVERSAL_UNCONFIRMED,2,0.45,LONG,1,0,0,0
BTCUSDT,1779195600000,2026-05-19T13:00:00.000Z,BEAR,LONG,38.52793080283432,18.221574550723204,IGNORE,0,WATCH,,0,0,0,NA,NA,NA,NA,NA,CLEAR,1,0,0,0,0,TREND_REVERSAL_UNCONFIRMED,2,0.45,LONG,1,0,0,0
BTCUSDT,1779199200000,2026-05-19T14:00:00.000Z,BEAR,LONG,42.5,18.534375,IGNORE,0,WATCH,,0,0,0,NA,NA,NA,NA,NA,CLEAR,1,0,0,0,0,TREND_REVERSAL_UNCONFIRMED,2,0.45,LONG,1,0,0,0
BTCUSDT,1779202800000,2026-05-19T15:00:00.000Z,BEAR,LONG,33.614910926713364,17.834674235478676,IGNORE,0,WATCH,,0,0,0,NA,NA,NA,NA,NA,CLEAR,1,0,0,0,0,TREND_REVERSAL_UNCONFIRMED,2,0.45,LONG,1,0,0,0
BTCUSDT,1779206400000,2026-05-19T16:00:00.000Z,NEUTRAL,NONE,0,7.875,IGNORE,0,WATCH,,0,0,0,NA,NA,NA,NA,NA,WARNING_SOFT,1,0,0,0,0,TREND_REVERSAL_UNCONFIRMED,0,0.45,NONE,1,0,0,0
BTCUSDT,1779210000000,2026-05-19T17:00:00.000Z,NEUTRAL,NONE,0,7.875,IGNORE,0,WATCH,,0,0,0,NA,NA,NA,NA,NA,CLEAR,1,0,0,0,0,TREND_REVERSAL_UNCONFIRMED,0,0.45,NONE,1,0,0,0
BTCUSDT,1779213600000,2026-05-19T18:00:00.000Z,BEAR,LONG,0,7.875,IGNORE,0,WATCH,,0,0,0,NA,NA,NA,NA,NA,WARNING_SOFT,1,0,0,0,0,TREND_REVERSAL_UNCONFIRMED,0,0.45,LONG,1,0,0,0
BTCUSDT,1779217200000,2026-05-19T19:00:00.000Z,BEAR,LONG,25,13.5,IGNORE,0,WATCH,,0,0,0,NA,NA,NA,NA,NA,WARNING_SOFT,1,0,0,0,0,TREND_REVERSAL_UNCONFIRMED,1,0.45,LONG,1,0,0,0
BTCUSDT,1779220800000,2026-05-19T20:00:00.000Z,NEUTRAL,NONE,0,7.875,IGNORE,0,WATCH,,0,0,0,NA,NA,NA,NA,NA,CLEAR,1,0,0,0,0,TREND_REVERSAL_UNCONFIRMED,0,0.45,NONE,1,0,0,0
BTCUSDT,1779224400000,2026-05-19T21:00:00.000Z,NEUTRAL,NONE,0,7.875,IGNORE,0,WATCH,,0,0,0,NA,NA,NA,NA,NA,CLEAR,1,0,0,0,0,TREND_REVERSAL_UNCONFIRMED,0,0.45,NONE,1,0,0,0
BTCUSDT,1779228000000,2026-05-19T22:00:00.000Z,BEAR,LONG,0,7.875,IGNORE,0,WATCH,,0,0,0,NA,NA,NA,NA,NA,WARNING_SOFT,1,0,0,0,0,TREND_REVERSAL_UNCONFIRMED,0,0.45,LONG,1,0,0,0
BTCUSDT,1779231600000,2026-05-19T23:00:00.000Z,BEAR,LONG,21.8657875,13.253180765625,IGNORE,0,WATCH,,0,0,0,NA,NA,NA,NA,NA,WARNING_SOFT,1,0,0,0,0,TREND_REVERSAL_UNCONFIRMED,1,0.45,LONG,1,0,0,0
BTCUSDT,1779235200000,2026-05-20T00:00:00.000Z,BEAR,LONG,0,7.875,IGNORE,0,WATCH,,0,0,0,NA,NA,NA,NA,NA,CLEAR,1,0,0,0,0,TREND_REVERSAL_UNCONFIRMED,0,0.45,LONG,1,0,0,0
BTCUSDT,1779238800000,2026-05-20T01:00:00.000Z,BEAR,LONG,13.359203912352411,12.583287308097752,IGNORE,0,WATCH,,0,0,0,NA,NA,NA,NA,NA,CLEAR,1,0,0,0,0,TREND_REVERSAL_UNCONFIRMED,1,0.45,LONG,1,0,0,0
BTCUSDT,1779242400000,2026-05-20T02:00:00.000Z,BEAR,LONG,0,7.875,IGNORE,0,WATCH,,0,0,0,NA,NA,NA,NA,NA,CLEAR,1,0,0,0,0,TREND_REVERSAL_UNCONFIRMED,0,0.45,LONG,1,0,0,0
BTCUSDT,1779246000000,2026-05-20T03:00:00.000Z,BEAR,LONG,17.5,12.909375,IGNORE,0,WATCH,,0,0,0,NA,NA,NA,NA,NA,WARNING_SOFT,1,0,0,0,0,TREND_REVERSAL_UNCONFIRMED,1,0.45,LONG,1,0,0,0
BTCUSDT,1779249600000,2026-05-20T04:00:00.000Z,BEAR,LONG,17.5,12.909375,IGNORE,0,WATCH,,0,0,0,NA,NA,NA,NA,NA,CLEAR,1,0,0,0,0,TREND_REVERSAL_UNCONFIRMED,1,0.45,LONG,1,0,0,0
BTCUSDT,1779253200000,2026-05-20T05:00:00.000Z,NEUTRAL,NONE,0,7.875,IGNORE,0,WATCH,,0,0,0,NA,NA,NA,NA,NA,CLEAR,1,0,0,0,0,TREND_REVERSAL_UNCONFIRMED,0,0.45,NONE,1,0,0,0
BTCUSDT,1779256800000,2026-05-20T06:00:00.000Z,NEUTRAL,NONE,0,7.875,IGNORE,0,WATCH,,0,0,0,NA,NA,NA,NA,NA,CLEAR,1,0,0,0,0,TREND_REVERSAL_UNCONFIRMED,0,0.45,NONE,1,0,0,0
BTCUSDT,1779260400000,2026-05-20T07:00:00.000Z,NEUTRAL,NONE,0,7.875,IGNORE,0,WATCH,,0,0,0,NA,NA,NA,NA,NA,CLEAR,1,0,0,0,0,TREND_REVERSAL_UNCONFIRMED,0,0.45,NONE,1,0,0,0
BTCUSDT,1779264000000,2026-05-20T08:00:00.000Z,NEUTRAL,NONE,0,7.875,IGNORE,0,WATCH,,0,0,0,NA,NA,NA,NA,NA,CLEAR,1,0,0,0,0,TREND_REVERSAL_UNCONFIRMED,0,0.45,NONE,1,0,0,0
BTCUSDT,1779267600000,2026-05-20T09:00:00.000Z,NEUTRAL,NONE,0,7.875,IGNORE,0,WATCH,,0,0,0,NA,NA,NA,NA,NA,CLEAR,1,0,0,0,0,TREND_REVERSAL_UNCONFIRMED,0,0.45,NONE,1,0,0,0
BTCUSDT,1779271200000,2026-05-20T10:00:00.000Z,NEUTRAL,NONE,0,7.875,IGNORE,0,WATCH,,0,0,0,NA,NA,NA,NA,NA,CLEAR,1,0,0,0,0,TREND_REVERSAL_UNCONFIRMED,0,0.45,NONE,1,0,0,0
BTCUSDT,1779274800000,2026-05-20T11:00:00.000Z,NEUTRAL,NONE,0,7.875,IGNORE,0,WATCH,,0,0,0,NA,NA,NA,NA,NA,CLEAR,1,0,0,0,0,TREND_REVERSAL_UNCONFIRMED,0,0.45,NONE,1,0,0,0
BTCUSDT,1779278400000,2026-05-20T12:00:00.000Z,BULL,SHORT,17.5,12.909375,IGNORE,0,WATCH,,0,0,0,NA,NA,NA,NA,NA,CLEAR,1,0,0,0,0,TREND_REVERSAL_UNCONFIRMED,1,0.45,SHORT,1,0,0,0
BTCUSDT,1779282000000,2026-05-20T13:00:00.000Z,BULL,SHORT,42.5,18.534375,IGNORE,0,WATCH,,0,0,0,NA,NA,NA,NA,NA,WARNING_SOFT,1,0,0,0,0,TREND_REVERSAL_UNCONFIRMED,2,0.45,SHORT,1,0,0,0
BTCUSDT,1779285600000,2026-05-20T14:00:00.000Z,BULL,SHORT,42.5,18.534375,IGNORE,0,WATCH,,0,0,0,NA,NA,NA,NA,NA,WARNING_SOFT,1,0,0,0,0,TREND_REVERSAL_UNCONFIRMED,2,0.45,SHORT,1,0,0,0
BTCUSDT,1779289200000,2026-05-20T15:00:00.000Z,BULL,SHORT,42.5,18.534375,IGNORE,0,WATCH,,0,0,0,NA,NA,NA,NA,NA,CLEAR,1,0,0,0,0,TREND_REVERSAL_UNCONFIRMED,2,0.45,SHORT,1,0,0,0
BTCUSDT,1779292800000,2026-05-20T16:00:00.000Z,BULL,SHORT,30.360469482134434,17.578386971718086,IGNORE,0,WATCH,,0,0,0,NA,NA,NA,NA,NA,WARNING_SOFT,1,0,0,0,0,TREND_REVERSAL_UNCONFIRMED,2,0.45,SHORT,1,0,0,0
BTCUSDT,1779296400000,2026-05-20T17:00:00.000Z,BULL,SHORT,17.5,12.909375,IGNORE,0,WATCH,,0,0,0,NA,NA,NA,NA,NA,WARNING_SOFT,1,0,0,0,0,TREND_REVERSAL_UNCONFIRMED,1,0.45,SHORT,1,0,0,0
BTCUSDT,1779300000000,2026-05-20T18:00:00.000Z,BULL,SHORT,0,7.875,IGNORE,0,WATCH,,0,0,0,NA,NA,NA,NA,NA,CLEAR,1,0,0,0,0,TREND_REVERSAL_UNCONFIRMED,0,0.45,SHORT,1,0,0,0
BTCUSDT,1779303600000,2026-05-20T19:00:00.000Z,BULL,SHORT,0,7.875,IGNORE,0,WATCH,,0,0,0,NA,NA,NA,NA,NA,CLEAR,1,0,0,0,0,TREND_REVERSAL_UNCONFIRMED,0,0.45,SHORT,1,0,0,0
BTCUSDT,1779307200000,2026-05-20T20:00:00.000Z,BULL,SHORT,12.847222222222221,12.54296875,IGNORE,0,WATCH,,0,0,0,NA,NA,NA,NA,NA,CLEAR,1,0,0,0,0,TREND_REVERSAL_UNCONFIRMED,1,0.45,SHORT,1,0,0,0
BTCUSDT,1779310800000,2026-05-20T21:00:00.000Z,BULL,SHORT,0,7.875,IGNORE,0,WATCH,,0,0,0,NA,NA,NA,NA,NA,CLEAR,1,0,0,0,0,TREND_REVERSAL_UNCONFIRMED,0,0.45,SHORT,1,0,0,0
BTCUSDT,1779314400000,2026-05-20T22:00:00.000Z,BULL,SHORT,0,7.875,IGNORE,0,WATCH,,0,0,0,NA,NA,NA,NA,NA,WARNING_SOFT,1,0,0,0,0,TREND_REVERSAL_UNCONFIRMED,0,0.45,SHORT,1,0,0,0
BTCUSDT,1779318000000,2026-05-20T23:00:00.000Z,BULL,SHORT,0,7.875,IGNORE,0,WATCH,,0,0,0,NA,NA,NA,NA,NA,WARNING_SOFT,1,0,0,0,0,TREND_REVERSAL_UNCONFIRMED,0,0.45,SHORT,1,0,0,0
BTCUSDT,1779321600000,2026-05-21T00:00:00.000Z,BULL,SHORT,15.923492532777807,12.785225036956252,IGNORE,0,WATCH,,0,0,0,NA,NA,NA,NA,NA,CLEAR,1,0,0,0,0,TREND_REVERSAL_UNCONFIRMED,1,0.45,SHORT,1,0,0,0
BTCUSDT,1779325200000,2026-05-21T01:00:00.000Z,BULL,SHORT,0,7.875,IGNORE,0,WATCH,,0,0,0,NA,NA,NA,NA,NA,CLEAR,1,0,0,0,0,TREND_REVERSAL_UNCONFIRMED,0,0.45,SHORT,1,0,0,0
BTCUSDT,1779328800000,2026-05-21T02:00:00.000Z,BULL,SHORT,0,7.875,IGNORE,0,WATCH,,0,0,0,NA,NA,NA,NA,NA,CLEAR,1,0,0,0,0,TREND_REVERSAL_UNCONFIRMED,0,0.45,SHORT,1,0,0,0
BTCUSDT,1779332400000,2026-05-21T03:00:00.000Z,BULL,SHORT,12.847222222222221,12.54296875,IGNORE,0,WATCH,,0,0,0,NA,NA,NA,NA,NA,CLEAR,1,0,0,0,0,TREND_REVERSAL_UNCONFIRMED,1,0.45,SHORT,1,0,0,0
BTCUSDT,1779336000000,2026-05-21T04:00:00.000Z,BULL,SHORT,25,13.5,IGNORE,0,WATCH,,0,0,0,NA,NA,NA,NA,NA,CLEAR,1,0,0,0,0,TREND_REVERSAL_UNCONFIRMED,1,0.45,SHORT,1,0,0,0
BTCUSDT,1779339600000,2026-05-21T05:00:00.000Z,BULL,SHORT,0,7.875,IGNORE,0,WATCH,,0,0,0,NA,NA,NA,NA,NA,CLEAR,1,0,0,0,0,TREND_REVERSAL_UNCONFIRMED,0,0.45,SHORT,1,0,0,0
BTCUSDT,1779343200000,2026-05-21T06:00:00.000Z,NEUTRAL,NONE,0,7.875,IGNORE,0,WATCH,,0,0,0,NA,NA,NA,NA,NA,WARNING_SOFT,1,0,0,0,0,TREND_REVERSAL_UNCONFIRMED,0,0.45,NONE,1,0,0,0
BTCUSDT,1779346800000,2026-05-21T07:00:00.000Z,BULL,SHORT,0,7.875,IGNORE,0,WATCH,,0,0,0,NA,NA,NA,NA,NA,BLOCK,0,0,0,0,0,TREND_REVERSAL_UNCONFIRMED,0,0.45,SHORT,1,0,0,0
BTCUSDT,1779350400000,2026-05-21T08:00:00.000Z,BULL,SHORT,13.446146624210046,12.59013404665654,IGNORE,0,WATCH,,0,0,0,NA,NA,NA,NA,NA,CLEAR,1,0,0,0,0,TREND_REVERSAL_UNCONFIRMED,1,0.45,SHORT,1,0,0,0
BTCUSDT,1779354000000,2026-05-21T09:00:00.000Z,NEUTRAL,NONE,0,7.875,IGNORE,0,WATCH,,0,0,0,NA,NA,NA,NA,NA,WARNING_SOFT,1,0,0,0,0,TREND_REVERSAL_UNCONFIRMED,0,0.45,NONE,1,0,0,0
BTCUSDT,1779357600000,2026-05-21T10:00:00.000Z,NEUTRAL,NONE,0,7.875,IGNORE,0,WATCH,,0,0,0,NA,NA,NA,NA,NA,BLOCK,0,0,0,0,0,TREND_REVERSAL_UNCONFIRMED,0,0.45,NONE,1,0,0,0
BTCUSDT,1779361200000,2026-05-21T11:00:00.000Z,NEUTRAL,NONE,0,7.875,IGNORE,0,WATCH,,0,0,0,NA,NA,NA,NA,NA,BLOCK,0,0,0,0,0,TREND_REVERSAL_UNCONFIRMED,0,0.45,NONE,1,0,0,0
BTCUSDT,1779364800000,2026-05-21T12:00:00.000Z,NEUTRAL,NONE,0,7.875,IGNORE,0,WATCH,,0,0,0,NA,NA,NA,NA,NA,WARNING_SOFT,1,0,0,0,0,TREND_REVERSAL_UNCONFIRMED,0,0.45,NONE,1,0,0,0
BTCUSDT,1779368400000,2026-05-21T13:00:00.000Z,NEUTRAL,NONE,0,7.875,IGNORE,0,WATCH,,0,0,0,NA,NA,NA,NA,NA,WARNING_SOFT,1,0,1,0,0,TREND_REVERSAL_UNCONFIRMED,0,0.45,NONE,1,0,0,0
BTCUSDT,1779372000000,2026-05-21T14:00:00.000Z,NEUTRAL,NONE,0,7.875,IGNORE,0,WATCH,,0,0,0,NA,NA,NA,NA,NA,BLOCK,0,0,0,0,0,TREND_REVERSAL_UNCONFIRMED,0,0.45,NONE,1,0,0,0
BTCUSDT,1779375600000,2026-05-21T15:00:00.000Z,NEUTRAL,NONE,0,7.875,IGNORE,0,WATCH,,0,0,0,NA,NA,NA,NA,NA,WARNING_SOFT,1,0,0,0,0,TREND_REVERSAL_UNCONFIRMED,0,0.45,NONE,1,0,0,0
BTCUSDT,1779379200000,2026-05-21T16:00:00.000Z,NEUTRAL,NONE,0,7.875,IGNORE,0,WATCH,,0,0,0,NA,NA,NA,NA,NA,WARNING_SOFT,1,0,0,0,0,TREND_REVERSAL_UNCONFIRMED,0,0.45,NONE,1,0,0,0
BTCUSDT,1779382800000,2026-05-21T17:00:00.000Z,BULL,SHORT,25,13.5,IGNORE,0,WATCH,,0,0,0,NA,NA,NA,NA,NA,CLEAR,1,0,0,0,0,TREND_REVERSAL_UNCONFIRMED,1,0.45,SHORT,1,0,0,0
BTCUSDT,1779386400000,2026-05-21T18:00:00.000Z,NEUTRAL,NONE,0,7.875,IGNORE,0,WATCH,,0,0,0,NA,NA,NA,NA,NA,BLOCK,0,0,0,0,0,TREND_REVERSAL_UNCONFIRMED,0,0.45,NONE,1,0,0,0
BTCUSDT,1779390000000,2026-05-21T19:00:00.000Z,BULL,SHORT,0,7.875,IGNORE,0,WATCH,,0,0,0,NA,NA,NA,NA,NA,CLEAR,1,0,0,0,0,TREND_REVERSAL_UNCONFIRMED,0,0.45,SHORT,1,0,0,0
BTCUSDT,1779393600000,2026-05-21T20:00:00.000Z,BULL,SHORT,42.5,18.534375,IGNORE,0,WATCH,,0,0,0,NA,NA,NA,NA,NA,CLEAR,1,0,0,0,0,TREND_REVERSAL_UNCONFIRMED,2,0.45,SHORT,1,0,0,0
BTCUSDT,1779397200000,2026-05-21T21:00:00.000Z,BULL,SHORT,17.5,12.909375,IGNORE,0,WATCH,,0,0,0,NA,NA,NA,NA,NA,CLEAR,1,0,0,0,0,TREND_REVERSAL_UNCONFIRMED,1,0.45,SHORT,1,0,0,0
BTCUSDT,1779400800000,2026-05-21T22:00:00.000Z,BULL,SHORT,17.5,12.909375,IGNORE,0,WATCH,,0,0,0,NA,NA,NA,NA,NA,CLEAR,1,0,0,0,0,TREND_REVERSAL_UNCONFIRMED,1,0.45,SHORT,1,0,0,0
BTCUSDT,1779404400000,2026-05-21T23:00:00.000Z,BULL,SHORT,17.5,12.909375,IGNORE,0,WATCH,,0,0,0,NA,NA,NA,NA,NA,CLEAR,1,0,0,0,0,TREND_REVERSAL_UNCONFIRMED,1,0.45,SHORT,1,0,0,0
BTCUSDT,1779408000000,2026-05-22T00:00:00.000Z,NEUTRAL,NONE,0,7.875,IGNORE,0,WATCH,,0,0,0,NA,NA,NA,NA,NA,WARNING_SOFT,1,0,0,0,0,TREND_REVERSAL_UNCONFIRMED,0,0.45,NONE,1,0,0,0
BTCUSDT,1779411600000,2026-05-22T01:00:00.000Z,BULL,SHORT,17.5,12.909375,IGNORE,0,WATCH,,0,0,0,NA,NA,NA,NA,NA,WARNING_SOFT,1,0,0,0,0,TREND_REVERSAL_UNCONFIRMED,1,0.45,SHORT,1,0,0,0
BTCUSDT,1779415200000,2026-05-22T02:00:00.000Z,BULL,SHORT,17.5,12.909375,IGNORE,0,WATCH,,0,0,0,NA,NA,NA,NA,NA,CLEAR,1,0,0,0,0,TREND_REVERSAL_UNCONFIRMED,1,0.45,SHORT,1,0,0,0
BTCUSDT,1779418800000,2026-05-22T03:00:00.000Z,BULL,SHORT,17.5,12.909375,IGNORE,0,WATCH,,0,0,0,NA,NA,NA,NA,NA,CLEAR,1,0,0,0,0,TREND_REVERSAL_UNCONFIRMED,1,0.45,SHORT,1,0,0,0
BTCUSDT,1779422400000,2026-05-22T04:00:00.000Z,BULL,SHORT,39.15865,18.2712436875,IGNORE,0,WATCH,,0,0,0,NA,NA,NA,NA,NA,CLEAR,1,0,0,0,0,TREND_REVERSAL_UNCONFIRMED,2,0.45,SHORT,1,0,0,0
BTCUSDT,1779426000000,2026-05-22T05:00:00.000Z,NEUTRAL,NONE,0,7.875,IGNORE,0,WATCH,,0,0,0,NA,NA,NA,NA,NA,WARNING_SOFT,1,0,0,0,0,TREND_REVERSAL_UNCONFIRMED,0,0.45,NONE,1,0,0,0
BTCUSDT,1779429600000,2026-05-22T06:00:00.000Z,NEUTRAL,NONE,0,7.875,IGNORE,0,WATCH,,0,0,0,NA,NA,NA,NA,NA,BLOCK,0,0,0,0,0,TREND_REVERSAL_UNCONFIRMED,0,0.45,NONE,1,0,0,0
BTCUSDT,1779433200000,2026-05-22T07:00:00.000Z,NEUTRAL,NONE,0,7.875,IGNORE,0,WATCH,,0,0,0,NA,NA,NA,NA,NA,BLOCK,0,0,0,0,0,TREND_REVERSAL_UNCONFIRMED,0,0.45,NONE,1,0,0,0
BTCUSDT,1779436800000,2026-05-22T08:00:00.000Z,NEUTRAL,NONE,0,7.875,IGNORE,0,WATCH,,0,0,0,NA,NA,NA,NA,NA,WARNING_SOFT,1,0,0,0,0,TREND_REVERSAL_UNCONFIRMED,0,0.45,NONE,1,0,0,0
BTCUSDT,1779440400000,2026-05-22T09:00:00.000Z,NEUTRAL,NONE,0,7.875,IGNORE,0,WATCH,,0,0,0,NA,NA,NA,NA,NA,WARNING_SOFT,1,0,0,0,0,TREND_REVERSAL_UNCONFIRMED,0,0.45,NONE,1,0,0,0
BTCUSDT,1779444000000,2026-05-22T10:00:00.000Z,NEUTRAL,NONE,0,7.875,IGNORE,0,WATCH,,0,0,0,NA,NA,NA,NA,NA,WARNING_SOFT,1,0,0,0,0,TREND_REVERSAL_UNCONFIRMED,0,0.45,NONE,1,0,0,0
BTCUSDT,1779447600000,2026-05-22T11:00:00.000Z,NEUTRAL,NONE,0,7.875,IGNORE,0,WATCH,,0,0,0,NA,NA,NA,NA,NA,WARNING_SOFT,1,0,0,0,0,TREND_REVERSAL_UNCONFIRMED,0,0.45,NONE,1,0,0,0
BTCUSDT,1779451200000,2026-05-22T12:00:00.000Z,BULL,SHORT,17.5,12.909375,IGNORE,0,WATCH,,0,0,0,NA,NA,NA,NA,NA,BLOCK,0,0,0,0,0,TREND_REVERSAL_UNCONFIRMED,1,0.45,SHORT,1,0,0,0
BTCUSDT,1779454800000,2026-05-22T13:00:00.000Z,NEUTRAL,NONE,0,7.875,IGNORE,0,WATCH,,0,0,0,NA,NA,NA,NA,NA,BLOCK,0,0,0,0,0,TREND_REVERSAL_UNCONFIRMED,0,0.45,NONE,1,0,0,0
BTCUSDT,1779458400000,2026-05-22T14:00:00.000Z,BEAR,LONG,42.5,18.534375,IGNORE,0,WATCH,,0,0,0,NA,NA,NA,NA,NA,CLEAR,1,0,0,0,0,TREND_REVERSAL_UNCONFIRMED,2,0.45,LONG,1,0,0,0
BTCUSDT,1779462000000,2026-05-22T15:00:00.000Z,BEAR,LONG,42.5,18.534375,IGNORE,0,WATCH,,0,0,0,NA,NA,NA,NA,NA,CLEAR,1,0,0,0,0,TREND_REVERSAL_UNCONFIRMED,2,0.45,LONG,1,0,0,0
BTCUSDT,1779465600000,2026-05-22T16:00:00.000Z,BEAR,LONG,17.5,12.909375,IGNORE,0,WATCH,,0,0,0,NA,NA,NA,NA,NA,CLEAR,1,0,0,0,0,TREND_REVERSAL_UNCONFIRMED,1,0.45,LONG,1,0,0,0
BTCUSDT,1779469200000,2026-05-22T17:00:00.000Z,BEAR,LONG,17.5,12.909375,IGNORE,0,WATCH,,0,0,0,NA,NA,NA,NA,NA,CLEAR,1,0,0,0,0,TREND_REVERSAL_UNCONFIRMED,1,0.45,LONG,1,0,0,0
BTCUSDT,1779472800000,2026-05-22T18:00:00.000Z,BEAR,LONG,42.5,18.534375,IGNORE,0,WATCH,,0,0,0,NA,NA,NA,NA,NA,CLEAR,1,0,0,0,0,TREND_REVERSAL_UNCONFIRMED,2,0.45,LONG,1,0,0,0
BTCUSDT,1779476400000,2026-05-22T19:00:00.000Z,BEAR,LONG,55.34722222222222,42.89104166666666,WATCH,1,WATCH,ACTIVE,1,1,0,FAIL,PASS,SKIP,SKIP,FAIL,CLEAR,1,0,1,0,0,MARKET_CONTEXT_DENIED,3,0.84,LONG,1,0,0,0
BTCUSDT,1779480000000,2026-05-22T20:00:00.000Z,BEAR,LONG,17.5,12.909375,IGNORE,0,WATCH,,0,0,0,NA,NA,NA,NA,NA,CLEAR,1,0,0,0,0,TREND_REVERSAL_UNCONFIRMED,1,0.45,LONG,1,0,0,0
BTCUSDT,1779483600000,2026-05-22T21:00:00.000Z,BEAR,LONG,42.5,18.534375,IGNORE,0,WATCH,,0,0,0,NA,NA,NA,NA,NA,CLEAR,1,0,0,0,0,TREND_REVERSAL_UNCONFIRMED,2,0.45,LONG,1,0,0,0
BTCUSDT,1779487200000,2026-05-22T22:00:00.000Z,BEAR,LONG,17.5,12.909375,IGNORE,0,WATCH,,0,0,0,NA,NA,NA,NA,NA,CLEAR,1,0,0,0,0,TREND_REVERSAL_UNCONFIRMED,1,0.45,LONG,1,0,0,0
BTCUSDT,1779490800000,2026-05-22T23:00:00.000Z,BEAR,LONG,30.34722222222222,17.57734375,IGNORE,0,WATCH,,0,0,0,NA,NA,NA,NA,NA,CLEAR,1,0,0,0,0,TREND_REVERSAL_UNCONFIRMED,2,0.45,LONG,1,0,0,0
BTCUSDT,1779494400000,2026-05-23T00:00:00.000Z,BEAR,LONG,47.656988944352904,22.596737879367794,IGNORE,0,WATCH,,0,0,0,NA,NA,NA,NA,NA,CLEAR,1,0,1,0,0,TREND_REVERSAL_UNCONFIRMED,3,0.45,LONG,1,0,0,0
BTCUSDT,1779498000000,2026-05-23T01:00:00.000Z,BEAR,LONG,42.5,18.534375,IGNORE,0,WATCH,,0,0,0,NA,NA,NA,NA,NA,CLEAR,1,0,0,0,0,TREND_REVERSAL_UNCONFIRMED,2,0.45,LONG,1,0,0,0
BTCUSDT,1779501600000,2026-05-23T02:00:00.000Z,BEAR,LONG,17.5,12.909375,IGNORE,0,WATCH,,0,0,0,NA,NA,NA,NA,NA,CLEAR,1,0,0,0,0,TREND_REVERSAL_UNCONFIRMED,1,0.45,LONG,1,0,0,0
BTCUSDT,1779505200000,2026-05-23T03:00:00.000Z,BEAR,LONG,0,7.875,IGNORE,0,WATCH,,0,0,0,NA,NA,NA,NA,NA,CLEAR,1,0,0,0,0,TREND_REVERSAL_UNCONFIRMED,0,0.45,LONG,1,0,0,0
BTCUSDT,1779508800000,2026-05-23T04:00:00.000Z,BEAR,LONG,0,7.875,IGNORE,0,WATCH,,0,0,0,NA,NA,NA,NA,NA,CLEAR,1,0,0,0,0,TREND_REVERSAL_UNCONFIRMED,0,0.45,LONG,1,0,0,0
BTCUSDT,1779512400000,2026-05-23T05:00:00.000Z,BEAR,LONG,0,7.875,IGNORE,0,WATCH,,0,0,0,NA,NA,NA,NA,NA,CLEAR,1,0,0,0,0,TREND_REVERSAL_UNCONFIRMED,0,0.45,LONG,1,0,0,0
BTCUSDT,1779516000000,2026-05-23T06:00:00.000Z,BEAR,LONG,0,7.875,IGNORE,0,WATCH,,0,0,0,NA,NA,NA,NA,NA,CLEAR,1,0,0,0,0,TREND_REVERSAL_UNCONFIRMED,0,0.45,LONG,1,0,0,0
BTCUSDT,1779519600000,2026-05-23T07:00:00.000Z,BEAR,LONG,37.84722222222222,18.16796875,IGNORE,0,WATCH,,0,0,0,NA,NA,NA,NA,NA,CLEAR,1,0,1,0,0,TREND_REVERSAL_UNCONFIRMED,2,0.45,LONG,1,0,0,0
BTCUSDT,1779523200000,2026-05-23T08:00:00.000Z,BEAR,LONG,59.78130377326214,43.54285165466953,WATCH,1,WATCH,ACTIVE,1,1,0,FAIL,PASS,SKIP,SKIP,FAIL,CLEAR,1,0,0,0,0,MARKET_CONTEXT_DENIED,3,0.84,LONG,1,0,0,0
BTCUSDT,1779526800000,2026-05-23T09:00:00.000Z,BEAR,LONG,12.847222222222221,12.54296875,IGNORE,0,WATCH,,0,0,0,NA,NA,NA,NA,NA,CLEAR,1,0,0,0,0,TREND_REVERSAL_UNCONFIRMED,1,0.45,LONG,1,0,0,0
BTCUSDT,1779530400000,2026-05-23T10:00:00.000Z,BEAR,LONG,12.847222222222221,12.54296875,IGNORE,0,WATCH,,0,0,0,NA,NA,NA,NA,NA,CLEAR,1,0,0,0,0,TREND_REVERSAL_UNCONFIRMED,1,0.45,LONG,1,0,0,0
BTCUSDT,1779534000000,2026-05-23T11:00:00.000Z,BEAR,LONG,0,7.875,IGNORE,0,WATCH,,0,0,0,NA,NA,NA,NA,NA,CLEAR,1,0,0,0,0,TREND_REVERSAL_UNCONFIRMED,0,0.45,LONG,1,0,0,0
BTCUSDT,1779537600000,2026-05-23T12:00:00.000Z,BEAR,LONG,0,7.875,IGNORE,0,WATCH,,0,0,0,NA,NA,NA,NA,NA,CLEAR,1,0,0,0,0,TREND_REVERSAL_UNCONFIRMED,0,0.45,LONG,1,0,0,0
BTCUSDT,1779541200000,2026-05-23T13:00:00.000Z,BEAR,LONG,20.30663755615252,13.13039770754701,IGNORE,0,WATCH,,0,0,0,NA,NA,NA,NA,NA,CLEAR,1,0,0,0,0,TREND_REVERSAL_UNCONFIRMED,1,0.45,LONG,1,0,0,0
BTCUSDT,1779544800000,2026-05-23T14:00:00.000Z,NEUTRAL,NONE,0,7.875,IGNORE,0,WATCH,,0,0,0,NA,NA,NA,NA,NA,CLEAR,1,0,0,0,0,TREND_REVERSAL_UNCONFIRMED,0,0.45,NONE,1,0,0,0
BTCUSDT,1779548400000,2026-05-23T15:00:00.000Z,NEUTRAL,NONE,0,7.875,IGNORE,0,WATCH,,0,0,0,NA,NA,NA,NA,NA,CLEAR,1,0,0,0,0,TREND_REVERSAL_UNCONFIRMED,0,0.45,NONE,1,0,0,0
BTCUSDT,1779552000000,2026-05-23T16:00:00.000Z,BEAR,LONG,0,7.875,IGNORE,0,WATCH,,0,0,0,NA,NA,NA,NA,NA,WARNING_SOFT,1,0,0,0,0,TREND_REVERSAL_UNCONFIRMED,0,0.45,LONG,1,0,0,0
BTCUSDT,1779555600000,2026-05-23T17:00:00.000Z,NEUTRAL,NONE,0,7.875,IGNORE,0,WATCH,,0,0,0,NA,NA,NA,NA,NA,CLEAR,1,0,0,0,0,TREND_REVERSAL_UNCONFIRMED,0,0.45,NONE,1,0,0,0
BTCUSDT,1779559200000,2026-05-23T18:00:00.000Z,NEUTRAL,NONE,0,7.875,IGNORE,0,WATCH,,0,0,0,NA,NA,NA,NA,NA,CLEAR,1,0,0,0,0,TREND_REVERSAL_UNCONFIRMED,0,0.45,NONE,1,0,0,0
BTCUSDT,1779562800000,2026-05-23T19:00:00.000Z,NEUTRAL,NONE,0,7.875,IGNORE,0,WATCH,,0,0,0,NA,NA,NA,NA,NA,CLEAR,1,0,0,0,0,TREND_REVERSAL_UNCONFIRMED,0,0.45,NONE,1,0,0,0
BTCUSDT,1779566400000,2026-05-23T20:00:00.000Z,NEUTRAL,NONE,0,7.875,IGNORE,0,WATCH,,0,0,0,NA,NA,NA,NA,NA,CLEAR,1,1,0,0,0,TREND_REVERSAL_UNCONFIRMED,0,0.45,NONE,1,0,0,0
BTCUSDT,1779570000000,2026-05-23T21:00:00.000Z,NEUTRAL,NONE,0,7.875,IGNORE,0,WATCH,,0,0,0,NA,NA,NA,NA,NA,CLEAR,1,0,0,0,0,TREND_REVERSAL_UNCONFIRMED,0,0.45,NONE,1,0,0,0
BTCUSDT,1779573600000,2026-05-23T22:00:00.000Z,NEUTRAL,NONE,0,7.875,IGNORE,0,WATCH,,0,0,0,NA,NA,NA,NA,NA,CLEAR,1,0,0,0,0,TREND_REVERSAL_UNCONFIRMED,0,0.45,NONE,1,0,0,0
BTCUSDT,1779577200000,2026-05-23T23:00:00.000Z,NEUTRAL,NONE,0,7.875,IGNORE,0,WATCH,,0,0,0,NA,NA,NA,NA,NA,CLEAR,1,0,0,0,0,TREND_REVERSAL_UNCONFIRMED,0,0.45,NONE,1,0,0,0
BTCUSDT,1779580800000,2026-05-24T00:00:00.000Z,NEUTRAL,NONE,0,7.875,IGNORE,0,WATCH,,0,0,0,NA,NA,NA,NA,NA,CLEAR,1,0,0,0,0,TREND_REVERSAL_UNCONFIRMED,0,0.45,NONE,1,0,0,0
BTCUSDT,1779584400000,2026-05-24T01:00:00.000Z,NEUTRAL,NONE,0,7.875,IGNORE,0,WATCH,,0,0,0,NA,NA,NA,NA,NA,CLEAR,1,0,0,0,0,TREND_REVERSAL_UNCONFIRMED,0,0.45,NONE,1,0,0,0
BTCUSDT,1779588000000,2026-05-24T02:00:00.000Z,NEUTRAL,NONE,0,7.875,IGNORE,0,WATCH,,0,0,0,NA,NA,NA,NA,NA,CLEAR,1,0,0,0,0,TREND_REVERSAL_UNCONFIRMED,0,0.45,NONE,1,0,0,0
BTCUSDT,1779591600000,2026-05-24T03:00:00.000Z,NEUTRAL,NONE,0,7.875,IGNORE,0,WATCH,,0,0,0,NA,NA,NA,NA,NA,CLEAR,1,0,0,0,0,TREND_REVERSAL_UNCONFIRMED,0,0.45,NONE,1,0,0,0
BTCUSDT,1779595200000,2026-05-24T04:00:00.000Z,NEUTRAL,NONE,0,7.875,IGNORE,0,WATCH,,0,0,0,NA,NA,NA,NA,NA,CLEAR,1,0,0,0,0,TREND_REVERSAL_UNCONFIRMED,0,0.45,NONE,1,0,0,0
BTCUSDT,1779598800000,2026-05-24T05:00:00.000Z,BULL,SHORT,0,7.875,IGNORE,0,WATCH,,0,0,0,NA,NA,NA,NA,NA,CLEAR,1,0,0,0,0,TREND_REVERSAL_UNCONFIRMED,0,0.45,SHORT,1,0,0,0
BTCUSDT,1779602400000,2026-05-24T06:00:00.000Z,BULL,SHORT,0,7.875,IGNORE,0,WATCH,,0,0,0,NA,NA,NA,NA,NA,CLEAR,1,0,0,0,0,TREND_REVERSAL_UNCONFIRMED,0,0.45,SHORT,1,0,0,0
BTCUSDT,1779606000000,2026-05-24T07:00:00.000Z,BULL,SHORT,0,7.875,IGNORE,0,WATCH,,0,0,0,NA,NA,NA,NA,NA,CLEAR,1,0,0,0,0,TREND_REVERSAL_UNCONFIRMED,0,0.45,SHORT,1,0,0,0
BTCUSDT,1779609600000,2026-05-24T08:00:00.000Z,BULL,SHORT,0,7.875,IGNORE,0,WATCH,,0,0,0,NA,NA,NA,NA,NA,CLEAR,1,0,0,0,0,TREND_REVERSAL_UNCONFIRMED,0,0.45,SHORT,1,0,0,0
BTCUSDT,1779613200000,2026-05-24T09:00:00.000Z,BULL,SHORT,17.5,12.909375,IGNORE,0,WATCH,,0,0,0,NA,NA,NA,NA,NA,CLEAR,1,0,0,0,0,TREND_REVERSAL_UNCONFIRMED,1,0.45,SHORT,1,0,0,0
BTCUSDT,1779616800000,2026-05-24T10:00:00.000Z,BULL,SHORT,41.440206409397256,18.450916254740036,IGNORE,0,WATCH,,0,0,0,NA,NA,NA,NA,NA,CLEAR,1,1,0,0,0,TREND_REVERSAL_UNCONFIRMED,2,0.45,SHORT,1,0,0,0
BTCUSDT,1779620400000,2026-05-24T11:00:00.000Z,BULL,SHORT,55.34722222222222,60.53104166666666,WATCH,1,ACTIVE,ACTIVE,1,1,1,PASS,PASS,SKIP,SKIP,PASS,CLEAR,1,0,0,0,1,,3,0.84,SHORT,0,1,0,0
BTCUSDT,1779624000000,2026-05-24T12:00:00.000Z,BULL,SHORT,17.5,12.909375,IGNORE,0,WATCH,,0,0,0,NA,NA,NA,NA,NA,CLEAR,1,0,0,0,0,TREND_REVERSAL_UNCONFIRMED,1,0.45,SHORT,1,0,0,0
BTCUSDT,1779627600000,2026-05-24T13:00:00.000Z,BULL,SHORT,0,7.875,IGNORE,0,WATCH,,0,0,0,NA,NA,NA,NA,NA,CLEAR,1,0,0,0,0,TREND_REVERSAL_UNCONFIRMED,0,0.45,SHORT,1,0,0,0
BTCUSDT,1779631200000,2026-05-24T14:00:00.000Z,NEUTRAL,NONE,0,7.875,IGNORE,0,WATCH,,0,0,0,NA,NA,NA,NA,NA,BLOCK,0,0,1,0,0,TREND_REVERSAL_UNCONFIRMED,0,0.45,NONE,1,0,0,0
BTCUSDT,1779634800000,2026-05-24T15:00:00.000Z,NEUTRAL,NONE,0,7.875,IGNORE,0,WATCH,,0,0,0,NA,NA,NA,NA,NA,WARNING_SOFT,1,0,0,0,0,TREND_REVERSAL_UNCONFIRMED,0,0.45,NONE,1,0,0,0
BTCUSDT,1779638400000,2026-05-24T16:00:00.000Z,BULL,SHORT,0,7.875,IGNORE,0,WATCH,,0,0,0,NA,NA,NA,NA,NA,BLOCK,0,0,0,0,0,TREND_REVERSAL_UNCONFIRMED,0,0.45,SHORT,1,0,0,0
BTCUSDT,1779642000000,2026-05-24T17:00:00.000Z,BULL,SHORT,0,7.875,IGNORE,0,WATCH,,0,0,0,NA,NA,NA,NA,NA,WARNING_SOFT,1,0,0,0,0,TREND_REVERSAL_UNCONFIRMED,0,0.45,SHORT,1,0,0,0
BTCUSDT,1779645600000,2026-05-24T18:00:00.000Z,NEUTRAL,NONE,0,7.875,IGNORE,0,WATCH,,0,0,0,NA,NA,NA,NA,NA,WARNING_SOFT,1,0,0,0,0,TREND_REVERSAL_UNCONFIRMED,0,0.45,NONE,1,0,0,0
BTCUSDT,1779649200000,2026-05-24T19:00:00.000Z,BULL,SHORT,0,7.875,IGNORE,0,WATCH,,0,0,0,NA,NA,NA,NA,NA,WARNING_SOFT,1,0,0,0,0,TREND_REVERSAL_UNCONFIRMED,0,0.45,SHORT,1,0,0,0
BTCUSDT,1779652800000,2026-05-24T20:00:00.000Z,NEUTRAL,NONE,0,7.875,IGNORE,0,WATCH,,0,0,0,NA,NA,NA,NA,NA,WARNING_SOFT,1,0,0,0,0,TREND_REVERSAL_UNCONFIRMED,0,0.45,NONE,1,0,0,0
BTCUSDT,1779656400000,2026-05-24T21:00:00.000Z,NEUTRAL,NONE,0,7.875,IGNORE,0,WATCH,,0,0,0,NA,NA,NA,NA,NA,WARNING_SOFT,1,0,0,0,0,TREND_REVERSAL_UNCONFIRMED,0,0.45,NONE,1,0,0,0
BTCUSDT,1779660000000,2026-05-24T22:00:00.000Z,BULL,SHORT,25,13.5,IGNORE,0,WATCH,,0,0,0,NA,NA,NA,NA,NA,WARNING_SOFT,1,0,0,0,0,TREND_REVERSAL_UNCONFIRMED,1,0.45,SHORT,1,0,0,0
BTCUSDT,1779663600000,2026-05-24T23:00:00.000Z,BULL,SHORT,0,7.875,IGNORE,0,WATCH,,0,0,0,NA,NA,NA,NA,NA,CLEAR,1,0,0,0,0,TREND_REVERSAL_UNCONFIRMED,0,0.45,SHORT,1,0,0,0
BTCUSDT,1779667200000,2026-05-25T00:00:00.000Z,BULL,SHORT,25,13.5,IGNORE,0,WATCH,,0,0,0,NA,NA,NA,NA,NA,CLEAR,1,0,0,0,0,TREND_REVERSAL_UNCONFIRMED,1,0.45,SHORT,1,0,0,0
BTCUSDT,1779670800000,2026-05-25T01:00:00.000Z,BULL,SHORT,0,7.875,IGNORE,0,WATCH,,0,0,0,NA,NA,NA,NA,NA,CLEAR,1,0,0,0,0,TREND_REVERSAL_UNCONFIRMED,0,0.45,SHORT,1,0,0,0
BTCUSDT,1779674400000,2026-05-25T02:00:00.000Z,BULL,SHORT,15.032086650528235,12.715026823729099,IGNORE,0,WATCH,,0,0,0,NA,NA,NA,NA,NA,CLEAR,1,0,0,0,0,TREND_REVERSAL_UNCONFIRMED,1,0.45,SHORT,1,0,0,0
BTCUSDT,1779678000000,2026-05-25T03:00:00.000Z,BULL,SHORT,0,7.875,IGNORE,0,WATCH,,0,0,0,NA,NA,NA,NA,NA,CLEAR,1,0,0,0,0,TREND_REVERSAL_UNCONFIRMED,0,0.45,SHORT,1,0,0,0
BTCUSDT,1779681600000,2026-05-25T04:00:00.000Z,BULL,SHORT,12.847222222222221,12.54296875,IGNORE,0,WATCH,,0,0,0,NA,NA,NA,NA,NA,CLEAR,1,0,0,0,0,TREND_REVERSAL_UNCONFIRMED,1,0.45,SHORT,1,0,0,0
BTCUSDT,1779685200000,2026-05-25T05:00:00.000Z,BULL,SHORT,12.847222222222221,12.54296875,IGNORE,0,WATCH,,0,0,0,NA,NA,NA,NA,NA,CLEAR,1,0,0,0,0,TREND_REVERSAL_UNCONFIRMED,1,0.45,SHORT,1,0,0,0
BTCUSDT,1779688800000,2026-05-25T06:00:00.000Z,BULL,SHORT,12.882986915484155,12.545785219594377,IGNORE,0,WATCH,,0,0,0,NA,NA,NA,NA,NA,CLEAR,1,0,0,0,0,TREND_REVERSAL_UNCONFIRMED,1,0.45,SHORT,1,0,0,0
BTCUSDT,1779692400000,2026-05-25T07:00:00.000Z,BULL,SHORT,0,7.875,IGNORE,0,WATCH,,0,0,0,NA,NA,NA,NA,NA,CLEAR,1,0,0,0,0,TREND_REVERSAL_UNCONFIRMED,0,0.45,SHORT,1,0,0,0
BTCUSDT,1779696000000,2026-05-25T08:00:00.000Z,BULL,SHORT,12.847222222222221,12.54296875,IGNORE,0,WATCH,,0,0,0,NA,NA,NA,NA,NA,CLEAR,1,0,0,0,0,TREND_REVERSAL_UNCONFIRMED,1,0.45,SHORT,1,0,0,0
BTCUSDT,1779699600000,2026-05-25T09:00:00.000Z,BULL,SHORT,15.37952025644925,12.74238722019538,IGNORE,0,WATCH,,0,0,0,NA,NA,NA,NA,NA,CLEAR,1,0,0,0,0,TREND_REVERSAL_UNCONFIRMED,1,0.45,SHORT,1,0,0,0
BTCUSDT,1779703200000,2026-05-25T10:00:00.000Z,BULL,SHORT,0,7.875,IGNORE,0,WATCH,,0,0,0,NA,NA,NA,NA,NA,CLEAR,1,0,0,0,0,TREND_REVERSAL_UNCONFIRMED,0,0.45,SHORT,1,0,0,0
BTCUSDT,1779706800000,2026-05-25T11:00:00.000Z,BULL,SHORT,25,13.5,IGNORE,0,WATCH,,0,0,0,NA,NA,NA,NA,NA,CLEAR,1,0,0,0,0,TREND_REVERSAL_UNCONFIRMED,1,0.45,SHORT,1,0,0,0
BTCUSDT,1779710400000,2026-05-25T12:00:00.000Z,BULL,SHORT,0,7.875,IGNORE,0,WATCH,,0,0,0,NA,NA,NA,NA,NA,CLEAR,1,0,0,0,0,TREND_REVERSAL_UNCONFIRMED,0,0.45,SHORT,1,0,0,0
BTCUSDT,1779714000000,2026-05-25T13:00:00.000Z,BULL,SHORT,0,7.875,IGNORE,0,WATCH,,0,0,0,NA,NA,NA,NA,NA,WARNING_SOFT,1,0,0,0,0,TREND_REVERSAL_UNCONFIRMED,0,0.45,SHORT,1,0,0,0
BTCUSDT,1779717600000,2026-05-25T14:00:00.000Z,BULL,SHORT,16.919461404211688,12.86365758558167,IGNORE,0,WATCH,,0,0,0,NA,NA,NA,NA,NA,CLEAR,1,0,0,0,0,TREND_REVERSAL_UNCONFIRMED,1,0.45,SHORT,1,0,0,0
BTCUSDT,1779721200000,2026-05-25T15:00:00.000Z,BULL,SHORT,15.619305318930127,12.761270293865747,IGNORE,0,WATCH,,0,0,0,NA,NA,NA,NA,NA,CLEAR,1,0,0,0,0,TREND_REVERSAL_UNCONFIRMED,1,0.45,SHORT,1,0,0,0
BTCUSDT,1779724800000,2026-05-25T16:00:00.000Z,BULL,SHORT,12.847222222222221,12.54296875,IGNORE,0,WATCH,,0,0,0,NA,NA,NA,NA,NA,CLEAR,1,0,0,0,0,TREND_REVERSAL_UNCONFIRMED,1,0.45,SHORT,1,0,0,0
BTCUSDT,1779728400000,2026-05-25T17:00:00.000Z,BULL,SHORT,0,7.875,IGNORE,0,WATCH,,0,0,0,NA,NA,NA,NA,NA,CLEAR,1,0,0,0,0,TREND_REVERSAL_UNCONFIRMED,0,0.45,SHORT,1,0,0,0
BTCUSDT,1779732000000,2026-05-25T18:00:00.000Z,BULL,SHORT,0,7.875,IGNORE,0,WATCH,,0,0,0,NA,NA,NA,NA,NA,CLEAR,1,0,0,0,0,TREND_REVERSAL_UNCONFIRMED,0,0.45,SHORT,1,0,0,0
BTCUSDT,1779735600000,2026-05-25T19:00:00.000Z,BULL,SHORT,0,7.875,IGNORE,0,WATCH,,0,0,0,NA,NA,NA,NA,NA,CLEAR,1,0,0,0,0,TREND_REVERSAL_UNCONFIRMED,0,0.45,SHORT,1,0,0,0
BTCUSDT,1779739200000,2026-05-25T20:00:00.000Z,NEUTRAL,NONE,0,7.875,IGNORE,0,WATCH,,0,0,0,NA,NA,NA,NA,NA,WARNING_SOFT,1,0,0,0,0,TREND_REVERSAL_UNCONFIRMED,0,0.45,NONE,1,0,0,0
BTCUSDT,1779742800000,2026-05-25T21:00:00.000Z,BULL,SHORT,0,7.875,IGNORE,0,WATCH,,0,0,0,NA,NA,NA,NA,NA,WARNING_SOFT,1,0,0,0,0,TREND_REVERSAL_UNCONFIRMED,0,0.45,SHORT,1,0,0,0
BTCUSDT,1779746400000,2026-05-25T22:00:00.000Z,NEUTRAL,NONE,0,7.875,IGNORE,0,WATCH,,0,0,0,NA,NA,NA,NA,NA,WARNING_SOFT,1,0,0,0,0,TREND_REVERSAL_UNCONFIRMED,0,0.45,NONE,1,0,0,0
BTCUSDT,1779750000000,2026-05-25T23:00:00.000Z,NEUTRAL,NONE,0,7.875,IGNORE,0,WATCH,,0,0,0,NA,NA,NA,NA,NA,WARNING_SOFT,1,0,0,0,0,TREND_REVERSAL_UNCONFIRMED,0,0.45,NONE,1,0,0,0
BTCUSDT,1779753600000,2026-05-26T00:00:00.000Z,NEUTRAL,NONE,0,7.875,IGNORE,0,WATCH,,0,0,0,NA,NA,NA,NA,NA,BLOCK,0,0,0,0,0,TREND_REVERSAL_UNCONFIRMED,0,0.45,NONE,1,0,0,0
BTCUSDT,1779757200000,2026-05-26T01:00:00.000Z,NEUTRAL,NONE,0,7.875,IGNORE,0,WATCH,,0,0,0,NA,NA,NA,NA,NA,BLOCK,0,0,0,0,0,TREND_REVERSAL_UNCONFIRMED,0,0.45,NONE,1,0,0,0
BTCUSDT,1779760800000,2026-05-26T02:00:00.000Z,NEUTRAL,NONE,0,7.875,IGNORE,0,WATCH,,0,0,0,NA,NA,NA,NA,NA,WARNING_SOFT,1,0,0,0,0,TREND_REVERSAL_UNCONFIRMED,0,0.45,NONE,1,0,0,0
BTCUSDT,1779764400000,2026-05-26T03:00:00.000Z,NEUTRAL,NONE,0,7.875,IGNORE,0,WATCH,,0,0,0,NA,NA,NA,NA,NA,WARNING_SOFT,1,0,0,0,0,TREND_REVERSAL_UNCONFIRMED,0,0.45,NONE,1,0,0,0
BTCUSDT,1779768000000,2026-05-26T04:00:00.000Z,NEUTRAL,NONE,0,7.875,IGNORE,0,WATCH,,0,0,0,NA,NA,NA,NA,NA,WARNING_SOFT,1,0,0,0,0,TREND_REVERSAL_UNCONFIRMED,0,0.45,NONE,1,0,0,0
BTCUSDT,1779771600000,2026-05-26T05:00:00.000Z,NEUTRAL,NONE,0,7.875,IGNORE,0,WATCH,,0,0,0,NA,NA,NA,NA,NA,WARNING_SOFT,1,0,0,0,0,TREND_REVERSAL_UNCONFIRMED,0,0.45,NONE,1,0,0,0
BTCUSDT,1779775200000,2026-05-26T06:00:00.000Z,NEUTRAL,NONE,0,7.875,IGNORE,0,WATCH,,0,0,0,NA,NA,NA,NA,NA,WARNING_SOFT,1,0,0,0,0,TREND_REVERSAL_UNCONFIRMED,0,0.45,NONE,1,0,0,0
BTCUSDT,1779778800000,2026-05-26T07:00:00.000Z,NEUTRAL,NONE,0,7.875,IGNORE,0,WATCH,,0,0,0,NA,NA,NA,NA,NA,BLOCK,0,0,0,0,0,TREND_REVERSAL_UNCONFIRMED,0,0.45,NONE,1,0,0,0
BTCUSDT,1779782400000,2026-05-26T08:00:00.000Z,NEUTRAL,NONE,0,7.875,IGNORE,0,WATCH,,0,0,0,NA,NA,NA,NA,NA,WARNING_SOFT,1,0,0,0,0,TREND_REVERSAL_UNCONFIRMED,0,0.45,NONE,1,0,0,0
BTCUSDT,1779786000000,2026-05-26T09:00:00.000Z,BEAR,LONG,0,7.875,IGNORE,0,WATCH,,0,0,0,NA,NA,NA,NA,NA,CLEAR,1,0,0,0,0,TREND_REVERSAL_UNCONFIRMED,0,0.45,LONG,1,0,0,0
BTCUSDT,1779789600000,2026-05-26T10:00:00.000Z,BULL,SHORT,42.5,18.534375,IGNORE,0,WATCH,,0,0,0,NA,NA,NA,NA,NA,CLEAR,1,0,0,0,0,TREND_REVERSAL_UNCONFIRMED,2,0.45,SHORT,1,0,0,0
BTCUSDT,1779793200000,2026-05-26T11:00:00.000Z,BULL,SHORT,31.95420897522425,17.70389395679891,IGNORE,0,WATCH,,0,0,0,NA,NA,NA,NA,NA,CLEAR,1,0,0,0,0,TREND_REVERSAL_UNCONFIRMED,2,0.45,SHORT,1,0,0,0
BTCUSDT,1779796800000,2026-05-26T12:00:00.000Z,BULL,SHORT,37.298644499494436,18.12476825433519,IGNORE,0,WATCH,,0,0,0,NA,NA,NA,NA,NA,CLEAR,1,0,0,0,0,TREND_REVERSAL_UNCONFIRMED,2,0.45,SHORT,1,0,0,0
BTCUSDT,1779800400000,2026-05-26T13:00:00.000Z,BULL,SHORT,25,13.5,IGNORE,0,WATCH,,0,0,0,NA,NA,NA,NA,NA,BLOCK,0,0,0,0,0,TREND_REVERSAL_UNCONFIRMED,1,0.45,SHORT,1,0,0,0
BTCUSDT,1779804000000,2026-05-26T14:00:00.000Z,NEUTRAL,NONE,0,7.875,IGNORE,0,WATCH,,0,0,0,NA,NA,NA,NA,NA,BLOCK,0,0,0,0,0,TREND_REVERSAL_UNCONFIRMED,0,0.45,NONE,1,0,0,0
BTCUSDT,1779807600000,2026-05-26T15:00:00.000Z,NEUTRAL,NONE,0,7.875,IGNORE,0,WATCH,,0,0,0,NA,NA,NA,NA,NA,BLOCK,0,0,0,0,0,TREND_REVERSAL_UNCONFIRMED,0,0.45,NONE,1,0,0,0
BTCUSDT,1779811200000,2026-05-26T16:00:00.000Z,BEAR,LONG,33.09900937333161,17.794046988149866,IGNORE,0,WATCH,,0,0,0,NA,NA,NA,NA,NA,CLEAR,1,0,0,0,0,TREND_REVERSAL_UNCONFIRMED,2,0.45,LONG,1,0,0,0
BTCUSDT,1779814800000,2026-05-26T17:00:00.000Z,BEAR,LONG,42.5,18.534375,IGNORE,0,WATCH,,0,0,0,NA,NA,NA,NA,NA,CLEAR,1,0,0,0,0,TREND_REVERSAL_UNCONFIRMED,2,0.45,LONG,1,0,0,0
BTCUSDT,1779818400000,2026-05-26T18:00:00.000Z,BEAR,LONG,17.5,12.909375,IGNORE,0,WATCH,,0,0,0,NA,NA,NA,NA,NA,CLEAR,1,0,0,0,0,TREND_REVERSAL_UNCONFIRMED,1,0.45,LONG,1,0,0,0
BTCUSDT,1779822000000,2026-05-26T19:00:00.000Z,BEAR,LONG,17.5,12.909375,IGNORE,0,WATCH,,0,0,0,NA,NA,NA,NA,NA,CLEAR,1,0,0,0,0,TREND_REVERSAL_UNCONFIRMED,1,0.45,LONG,1,0,0,0
BTCUSDT,1779825600000,2026-05-26T20:00:00.000Z,BEAR,LONG,17.5,12.909375,IGNORE,0,WATCH,,0,0,0,NA,NA,NA,NA,NA,CLEAR,1,0,0,0,0,TREND_REVERSAL_UNCONFIRMED,1,0.45,LONG,1,0,0,0
BTCUSDT,1779829200000,2026-05-26T21:00:00.000Z,BEAR,LONG,0,7.875,IGNORE,0,WATCH,,0,0,0,NA,NA,NA,NA,NA,CLEAR,1,0,0,0,0,TREND_REVERSAL_UNCONFIRMED,0,0.45,LONG,1,0,0,0
BTCUSDT,1779832800000,2026-05-26T22:00:00.000Z,BEAR,LONG,34.492134722222204,17.903755609375,IGNORE,0,WATCH,,0,0,0,NA,NA,NA,NA,NA,CLEAR,1,0,0,0,0,TREND_REVERSAL_UNCONFIRMED,2,0.45,LONG,1,0,0,0
BTCUSDT,1779836400000,2026-05-26T23:00:00.000Z,BEAR,LONG,0,7.875,IGNORE,0,WATCH,,0,0,0,NA,NA,NA,NA,NA,CLEAR,1,0,0,0,0,TREND_REVERSAL_UNCONFIRMED,0,0.45,LONG,1,0,0,0
BTCUSDT,1779840000000,2026-05-27T00:00:00.000Z,BEAR,LONG,0,7.875,IGNORE,0,WATCH,,0,0,0,NA,NA,NA,NA,NA,CLEAR,1,0,0,0,0,TREND_REVERSAL_UNCONFIRMED,0,0.45,LONG,1,0,0,0
BTCUSDT,1779843600000,2026-05-27T01:00:00.000Z,BEAR,LONG,0,7.875,IGNORE,0,WATCH,,0,0,0,NA,NA,NA,NA,NA,CLEAR,1,0,0,0,0,TREND_REVERSAL_UNCONFIRMED,0,0.45,LONG,1,0,0,0
BTCUSDT,1779847200000,2026-05-27T02:00:00.000Z,BEAR,LONG,0,7.875,IGNORE,0,WATCH,,0,0,0,NA,NA,NA,NA,NA,CLEAR,1,0,0,0,0,TREND_REVERSAL_UNCONFIRMED,0,0.45,LONG,1,0,0,0
BTCUSDT,1779850800000,2026-05-27T03:00:00.000Z,BEAR,LONG,12.847222222222221,12.54296875,IGNORE,0,WATCH,,0,0,0,NA,NA,NA,NA,NA,CLEAR,1,0,0,0,0,TREND_REVERSAL_UNCONFIRMED,1,0.45,LONG,1,0,0,0
BTCUSDT,1779854400000,2026-05-27T04:00:00.000Z,BEAR,LONG,12.655462181164753,12.527867646766724,IGNORE,0,WATCH,,0,0,0,NA,NA,NA,NA,NA,CLEAR,1,0,0,0,0,TREND_REVERSAL_UNCONFIRMED,1,0.45,LONG,1,0,0,0
BTCUSDT,1779858000000,2026-05-27T05:00:00.000Z,BEAR,LONG,25,13.5,IGNORE,0,WATCH,,0,0,0,NA,NA,NA,NA,NA,CLEAR,1,0,0,0,0,TREND_REVERSAL_UNCONFIRMED,1,0.45,LONG,1,0,0,0
BTCUSDT,1779861600000,2026-05-27T06:00:00.000Z,BEAR,LONG,0,7.875,IGNORE,0,WATCH,,0,0,0,NA,NA,NA,NA,NA,CLEAR,1,0,0,0,0,TREND_REVERSAL_UNCONFIRMED,0,0.45,LONG,1,0,0,0
BTCUSDT,1779865200000,2026-05-27T07:00:00.000Z,BEAR,LONG,0,7.875,IGNORE,0,WATCH,,0,0,0,NA,NA,NA,NA,NA,WARNING_SOFT,1,0,0,0,0,TREND_REVERSAL_UNCONFIRMED,0,0.45,LONG,1,0,0,0
BTCUSDT,1779868800000,2026-05-27T08:00:00.000Z,BEAR,LONG,0,7.875,IGNORE,0,WATCH,,0,0,0,NA,NA,NA,NA,NA,BLOCK,0,0,0,0,0,TREND_REVERSAL_UNCONFIRMED,0,0.45,LONG,1,0,0,0
BTCUSDT,1779872400000,2026-05-27T09:00:00.000Z,BEAR,LONG,0,7.875,IGNORE,0,WATCH,,0,0,0,NA,NA,NA,NA,NA,WARNING_SOFT,1,0,0,0,0,TREND_REVERSAL_UNCONFIRMED,0,0.45,LONG,1,0,0,0
BTCUSDT,1779876000000,2026-05-27T10:00:00.000Z,BEAR,LONG,0,7.875,IGNORE,0,WATCH,,0,0,0,NA,NA,NA,NA,NA,WARNING_SOFT,1,0,0,0,0,TREND_REVERSAL_UNCONFIRMED,0,0.45,LONG,1,0,0,0
BTCUSDT,1779879600000,2026-05-27T11:00:00.000Z,BEAR,LONG,0,7.875,IGNORE,0,WATCH,,0,0,0,NA,NA,NA,NA,NA,WARNING_SOFT,1,0,0,0,0,TREND_REVERSAL_UNCONFIRMED,0,0.45,LONG,1,0,0,0
BTCUSDT,1779883200000,2026-05-27T12:00:00.000Z,BEAR,LONG,22.06158420305013,13.268599755990198,IGNORE,0,WATCH,,0,0,0,NA,NA,NA,NA,NA,WARNING_SOFT,1,0,1,0,0,TREND_REVERSAL_UNCONFIRMED,1,0.45,LONG,1,0,0,0
BTCUSDT,1779886800000,2026-05-27T13:00:00.000Z,BEAR,LONG,25,13.5,IGNORE,0,WATCH,,0,0,0,NA,NA,NA,NA,NA,CLEAR,1,0,1,0,0,TREND_REVERSAL_UNCONFIRMED,1,0.45,LONG,1,0,0,0
BTCUSDT,1779890400000,2026-05-27T14:00:00.000Z,BEAR,LONG,38.19444444444444,18.1953125,IGNORE,0,WATCH,,0,0,0,NA,NA,NA,NA,NA,CLEAR,1,0,1,0,0,TREND_REVERSAL_UNCONFIRMED,2,0.45,LONG,1,0,0,0
BTCUSDT,1779894000000,2026-05-27T15:00:00.000Z,BEAR,LONG,46.109025061346514,18.818585723581037,IGNORE,0,WATCH,,0,0,0,NA,NA,NA,NA,NA,CLEAR,1,0,0,0,0,TREND_REVERSAL_UNCONFIRMED,2,0.45,LONG,1,0,0,0
BTCUSDT,1779897600000,2026-05-27T16:00:00.000Z,BEAR,LONG,0,7.875,IGNORE,0,WATCH,,0,0,0,NA,NA,NA,NA,NA,CLEAR,1,0,0,0,0,TREND_REVERSAL_UNCONFIRMED,0,0.45,LONG,1,0,0,0
BTCUSDT,1779901200000,2026-05-27T17:00:00.000Z,BEAR,LONG,18.564511370433422,12.993205270421633,IGNORE,0,WATCH,,0,0,0,NA,NA,NA,NA,NA,CLEAR,1,0,0,0,0,TREND_REVERSAL_UNCONFIRMED,1,0.45,LONG,1,0,0,0
BTCUSDT,1779904800000,2026-05-27T18:00:00.000Z,BEAR,LONG,0,7.875,IGNORE,0,WATCH,,0,0,0,NA,NA,NA,NA,NA,CLEAR,1,0,0,0,0,TREND_REVERSAL_UNCONFIRMED,0,0.45,LONG,1,0,0,0
BTCUSDT,1779908400000,2026-05-27T19:00:00.000Z,BEAR,LONG,0,7.875,IGNORE,0,WATCH,,0,0,0,NA,NA,NA,NA,NA,CLEAR,1,0,0,0,0,TREND_REVERSAL_UNCONFIRMED,0,0.45,LONG,1,0,0,0
BTCUSDT,1779912000000,2026-05-27T20:00:00.000Z,BEAR,LONG,20.390387499999992,13.136993015625,IGNORE,0,WATCH,,0,0,0,NA,NA,NA,NA,NA,WARNING_SOFT,1,0,0,0,0,TREND_REVERSAL_UNCONFIRMED,1,0.45,LONG,1,0,0,0
BTCUSDT,1779915600000,2026-05-27T21:00:00.000Z,BEAR,LONG,20.923995769704977,13.179014666864267,IGNORE,0,WATCH,,0,0,0,NA,NA,NA,NA,NA,CLEAR,1,0,0,0,0,TREND_REVERSAL_UNCONFIRMED,1,0.45,LONG,1,0,0,0
BTCUSDT,1779919200000,2026-05-27T22:00:00.000Z,BEAR,LONG,16.334909205342466,12.81762409992072,IGNORE,0,WATCH,,0,0,0,NA,NA,NA,NA,NA,CLEAR,1,0,0,0,0,TREND_REVERSAL_UNCONFIRMED,1,0.45,LONG,1,0,0,0
BTCUSDT,1779922800000,2026-05-27T23:00:00.000Z,BEAR,LONG,25,13.5,IGNORE,0,WATCH,,0,0,0,NA,NA,NA,NA,NA,CLEAR,1,0,0,0,0,TREND_REVERSAL_UNCONFIRMED,1,0.45,LONG,1,0,0,0
BTCUSDT,1779926400000,2026-05-28T00:00:00.000Z,BEAR,LONG,0,7.875,IGNORE,0,WATCH,,0,0,0,NA,NA,NA,NA,NA,CLEAR,1,0,0,0,0,TREND_REVERSAL_UNCONFIRMED,0,0.45,LONG,1,0,0,0
BTCUSDT,1779930000000,2026-05-28T01:00:00.000Z,BEAR,LONG,0,7.875,IGNORE,0,WATCH,,0,0,0,NA,NA,NA,NA,NA,CLEAR,1,0,0,0,0,TREND_REVERSAL_UNCONFIRMED,0,0.45,LONG,1,0,0,0
BTCUSDT,1779933600000,2026-05-28T02:00:00.000Z,BEAR,LONG,12.847222222222221,12.54296875,IGNORE,0,WATCH,,0,0,0,NA,NA,NA,NA,NA,CLEAR,1,0,0,0,0,TREND_REVERSAL_UNCONFIRMED,1,0.45,LONG,1,0,0,0
BTCUSDT,1779937200000,2026-05-28T03:00:00.000Z,BEAR,LONG,37.84722222222222,18.16796875,IGNORE,0,WATCH,,0,0,0,NA,NA,NA,NA,NA,CLEAR,1,0,0,0,0,TREND_REVERSAL_UNCONFIRMED,2,0.45,LONG,1,0,0,0
BTCUSDT,1779940800000,2026-05-28T04:00:00.000Z,BEAR,LONG,37.07266509608553,18.106972376316737,IGNORE,0,WATCH,,0,0,0,NA,NA,NA,NA,NA,CLEAR,1,0,0,0,0,TREND_REVERSAL_UNCONFIRMED,2,0.45,LONG,1,0,0,0
BTCUSDT,1779944400000,2026-05-28T05:00:00.000Z,BEAR,LONG,43.40277777777778,18.605468750000004,IGNORE,0,WATCH,,0,0,0,NA,NA,NA,NA,NA,CLEAR,1,0,0,0,0,TREND_REVERSAL_UNCONFIRMED,2,0.45,LONG,1,0,0,0
BTCUSDT,1779948000000,2026-05-28T06:00:00.000Z,BEAR,LONG,12.847222222222221,12.54296875,IGNORE,0,WATCH,,0,0,0,NA,NA,NA,NA,NA,CLEAR,1,0,0,0,0,TREND_REVERSAL_UNCONFIRMED,1,0.45,LONG,1,0,0,0
BTCUSDT,1779951600000,2026-05-28T07:00:00.000Z,BEAR,LONG,0,7.875,IGNORE,0,WATCH,,0,0,0,NA,NA,NA,NA,NA,CLEAR,1,0,0,0,0,TREND_REVERSAL_UNCONFIRMED,0,0.45,LONG,1,0,0,0
BTCUSDT,1779955200000,2026-05-28T08:00:00.000Z,BEAR,LONG,0,7.875,IGNORE,0,WATCH,,0,0,0,NA,NA,NA,NA,NA,CLEAR,1,0,0,0,0,TREND_REVERSAL_UNCONFIRMED,0,0.45,LONG,1,0,0,0
BTCUSDT,1779958800000,2026-05-28T09:00:00.000Z,BEAR,LONG,0,7.875,IGNORE,0,WATCH,,0,0,0,NA,NA,NA,NA,NA,CLEAR,1,0,0,0,0,TREND_REVERSAL_UNCONFIRMED,0,0.45,LONG,1,0,0,0
BTCUSDT,1779962400000,2026-05-28T10:00:00.000Z,BEAR,LONG,0,7.875,IGNORE,0,WATCH,,0,0,0,NA,NA,NA,NA,NA,CLEAR,1,0,0,0,0,TREND_REVERSAL_UNCONFIRMED,0,0.45,LONG,1,0,0,0
BTCUSDT,1779966000000,2026-05-28T11:00:00.000Z,BEAR,LONG,0,7.875,IGNORE,0,WATCH,,0,0,0,NA,NA,NA,NA,NA,CLEAR,1,0,0,0,0,TREND_REVERSAL_UNCONFIRMED,0,0.45,LONG,1,0,0,0
BTCUSDT,1779969600000,2026-05-28T12:00:00.000Z,BEAR,LONG,0,7.875,IGNORE,0,WATCH,,0,0,0,NA,NA,NA,NA,NA,CLEAR,1,0,0,0,0,TREND_REVERSAL_UNCONFIRMED,0,0.45,LONG,1,0,0,0
BTCUSDT,1779973200000,2026-05-28T13:00:00.000Z,BEAR,LONG,23.622260328307426,13.39150300085421,IGNORE,0,WATCH,,0,0,0,NA,NA,NA,NA,NA,CLEAR,1,0,1,0,0,TREND_REVERSAL_UNCONFIRMED,1,0.45,LONG,1,0,0,0
BTCUSDT,1779976800000,2026-05-28T14:00:00.000Z,BEAR,LONG,50,19.125,IGNORE,0,WATCH,,0,0,0,NA,NA,NA,NA,NA,CLEAR,1,0,0,0,0,TREND_REVERSAL_UNCONFIRMED,2,0.45,LONG,1,0,0,0
BTCUSDT,1779980400000,2026-05-28T15:00:00.000Z,BEAR,LONG,14.583333333333332,12.6796875,IGNORE,0,WATCH,,0,0,0,NA,NA,NA,NA,NA,CLEAR,1,0,0,0,0,TREND_REVERSAL_UNCONFIRMED,1,0.45,LONG,1,0,0,0
BTCUSDT,1779984000000,2026-05-28T16:00:00.000Z,BEAR,LONG,0,7.875,IGNORE,0,WATCH,,0,0,0,NA,NA,NA,NA,NA,CLEAR,1,0,0,0,0,TREND_REVERSAL_UNCONFIRMED,0,0.45,LONG,1,0,0,0
BTCUSDT,1779987600000,2026-05-28T17:00:00.000Z,BEAR,LONG,0,7.875,IGNORE,0,WATCH,,0,0,0,NA,NA,NA,NA,NA,WARNING_SOFT,1,0,0,0,0,TREND_REVERSAL_UNCONFIRMED,0,0.45,LONG,1,0,0,0
BTCUSDT,1779991200000,2026-05-28T18:00:00.000Z,BEAR,LONG,0,7.875,IGNORE,0,WATCH,,0,0,0,NA,NA,NA,NA,NA,WARNING_SOFT,1,0,0,0,0,TREND_REVERSAL_UNCONFIRMED,0,0.45,LONG,1,0,0,0
BTCUSDT,1779994800000,2026-05-28T19:00:00.000Z,BEAR,LONG,0,7.875,IGNORE,0,WATCH,,0,0,0,NA,NA,NA,NA,NA,WARNING_SOFT,1,0,0,0,0,TREND_REVERSAL_UNCONFIRMED,0,0.45,LONG,1,0,0,0
BTCUSDT,1779998400000,2026-05-28T20:00:00.000Z,BEAR,LONG,0,7.875,IGNORE,0,WATCH,,0,0,0,NA,NA,NA,NA,NA,WARNING_SOFT,1,0,0,0,0,TREND_REVERSAL_UNCONFIRMED,0,0.45,LONG,1,0,0,0
BTCUSDT,1780002000000,2026-05-28T21:00:00.000Z,NEUTRAL,NONE,0,7.875,IGNORE,0,WATCH,,0,0,0,NA,NA,NA,NA,NA,CLEAR,1,0,0,0,0,TREND_REVERSAL_UNCONFIRMED,0,0.45,NONE,1,0,0,0
BTCUSDT,1780005600000,2026-05-28T22:00:00.000Z,BEAR,LONG,0,7.875,IGNORE,0,WATCH,,0,0,0,NA,NA,NA,NA,NA,WARNING_SOFT,1,0,0,0,0,TREND_REVERSAL_UNCONFIRMED,0,0.45,LONG,1,0,0,0
BTCUSDT,1780009200000,2026-05-28T23:00:00.000Z,BEAR,LONG,17.5,12.909375,IGNORE,0,WATCH,,0,0,0,NA,NA,NA,NA,NA,WARNING_SOFT,1,0,0,0,0,TREND_REVERSAL_UNCONFIRMED,1,0.45,LONG,1,0,0,0
BTCUSDT,1780012800000,2026-05-29T00:00:00.000Z,NEUTRAL,NONE,0,7.875,IGNORE,0,WATCH,,0,0,0,NA,NA,NA,NA,NA,CLEAR,1,0,0,0,0,TREND_REVERSAL_UNCONFIRMED,0,0.45,NONE,1,0,0,0
BTCUSDT,1780016400000,2026-05-29T01:00:00.000Z,BEAR,LONG,17.5,12.909375,IGNORE,0,WATCH,,0,0,0,NA,NA,NA,NA,NA,WARNING_SOFT,1,0,0,0,0,TREND_REVERSAL_UNCONFIRMED,1,0.45,LONG,1,0,0,0
BTCUSDT,1780020000000,2026-05-29T02:00:00.000Z,BEAR,LONG,17.5,12.909375,IGNORE,0,WATCH,,0,0,0,NA,NA,NA,NA,NA,CLEAR,1,0,0,0,0,TREND_REVERSAL_UNCONFIRMED,1,0.45,LONG,1,0,0,0
BTCUSDT,1780023600000,2026-05-29T03:00:00.000Z,BEAR,LONG,17.5,12.909375,IGNORE,0,WATCH,,0,0,0,NA,NA,NA,NA,NA,CLEAR,1,0,0,0,0,TREND_REVERSAL_UNCONFIRMED,1,0.45,LONG,1,0,0,0
BTCUSDT,1780027200000,2026-05-29T04:00:00.000Z,BEAR,LONG,17.5,12.909375,IGNORE,0,WATCH,,0,0,0,NA,NA,NA,NA,NA,CLEAR,1,0,0,0,0,TREND_REVERSAL_UNCONFIRMED,1,0.45,LONG,1,0,0,0
BTCUSDT,1780030800000,2026-05-29T05:00:00.000Z,NEUTRAL,NONE,0,7.875,IGNORE,0,WATCH,,0,0,0,NA,NA,NA,NA,NA,WARNING_SOFT,1,0,0,0,0,TREND_REVERSAL_UNCONFIRMED,0,0.45,NONE,1,0,0,0
BTCUSDT,1780034400000,2026-05-29T06:00:00.000Z,NEUTRAL,NONE,0,7.875,IGNORE,0,WATCH,,0,0,0,NA,NA,NA,NA,NA,CLEAR,1,0,0,0,0,TREND_REVERSAL_UNCONFIRMED,0,0.45,NONE,1,0,0,0
BTCUSDT,1780038000000,2026-05-29T07:00:00.000Z,BEAR,LONG,0,7.875,IGNORE,0,WATCH,,0,0,0,NA,NA,NA,NA,NA,WARNING_SOFT,1,0,0,0,0,TREND_REVERSAL_UNCONFIRMED,0,0.45,LONG,1,0,0,0
BTCUSDT,1780041600000,2026-05-29T08:00:00.000Z,NEUTRAL,NONE,0,7.875,IGNORE,0,WATCH,,0,0,0,NA,NA,NA,NA,NA,CLEAR,1,0,0,0,0,TREND_REVERSAL_UNCONFIRMED,0,0.45,NONE,1,0,0,0
BTCUSDT,1780045200000,2026-05-29T09:00:00.000Z,NEUTRAL,NONE,0,7.875,IGNORE,0,WATCH,,0,0,0,NA,NA,NA,NA,NA,CLEAR,1,0,0,0,0,TREND_REVERSAL_UNCONFIRMED,0,0.45,NONE,1,0,0,0
BTCUSDT,1780048800000,2026-05-29T10:00:00.000Z,NEUTRAL,NONE,0,7.875,IGNORE,0,WATCH,,0,0,0,NA,NA,NA,NA,NA,WARNING_SOFT,1,0,0,0,0,TREND_REVERSAL_UNCONFIRMED,0,0.45,NONE,1,0,0,0
BTCUSDT,1780052400000,2026-05-29T11:00:00.000Z,BEAR,LONG,0,7.875,IGNORE,0,WATCH,,0,0,0,NA,NA,NA,NA,NA,CLEAR,1,0,0,0,0,TREND_REVERSAL_UNCONFIRMED,0,0.45,LONG,1,0,0,0
BTCUSDT,1780056000000,2026-05-29T12:00:00.000Z,BEAR,LONG,13.076653289725213,12.56103644656586,IGNORE,0,WATCH,,0,0,0,NA,NA,NA,NA,NA,CLEAR,1,0,0,0,0,TREND_REVERSAL_UNCONFIRMED,1,0.45,LONG,1,0,0,0
BTCUSDT,1780059600000,2026-05-29T13:00:00.000Z,BEAR,LONG,25,13.5,IGNORE,0,WATCH,,0,0,0,NA,NA,NA,NA,NA,CLEAR,1,0,1,0,0,TREND_REVERSAL_UNCONFIRMED,1,0.45,LONG,1,0,0,0
BTCUSDT,1780063200000,2026-05-29T14:00:00.000Z,BEAR,LONG,25,13.5,IGNORE,0,WATCH,,0,0,0,NA,NA,NA,NA,NA,CLEAR,1,0,1,0,0,TREND_REVERSAL_UNCONFIRMED,1,0.45,LONG,1,0,0,0
BTCUSDT,1780066800000,2026-05-29T15:00:00.000Z,NEUTRAL,NONE,0,7.875,IGNORE,0,WATCH,,0,0,0,NA,NA,NA,NA,NA,WARNING_SOFT,1,0,0,0,0,TREND_REVERSAL_UNCONFIRMED,0,0.45,NONE,1,0,0,0
BTCUSDT,1780070400000,2026-05-29T16:00:00.000Z,NEUTRAL,NONE,0,7.875,IGNORE,0,WATCH,,0,0,0,NA,NA,NA,NA,NA,CLEAR,1,0,0,0,0,TREND_REVERSAL_UNCONFIRMED,0,0.45,NONE,1,0,0,0
BTCUSDT,1780074000000,2026-05-29T17:00:00.000Z,NEUTRAL,NONE,0,7.875,IGNORE,0,WATCH,,0,0,0,NA,NA,NA,NA,NA,CLEAR,1,0,0,0,0,TREND_REVERSAL_UNCONFIRMED,0,0.45,NONE,1,0,0,0
BTCUSDT,1780077600000,2026-05-29T18:00:00.000Z,BEAR,LONG,22.34228087236933,13.290704618699085,IGNORE,0,WATCH,,0,0,0,NA,NA,NA,NA,NA,WARNING_SOFT,1,0,0,0,0,TREND_REVERSAL_UNCONFIRMED,1,0.45,LONG,1,0,0,0
BTCUSDT,1780081200000,2026-05-29T19:00:00.000Z,BEAR,LONG,25,13.5,IGNORE,0,WATCH,,0,0,0,NA,NA,NA,NA,NA,CLEAR,1,0,0,0,0,TREND_REVERSAL_UNCONFIRMED,1,0.45,LONG,1,0,0,0
BTCUSDT,1780084800000,2026-05-29T20:00:00.000Z,NEUTRAL,NONE,0,7.875,IGNORE,0,WATCH,,0,0,0,NA,NA,NA,NA,NA,WARNING_SOFT,1,0,0,0,0,TREND_REVERSAL_UNCONFIRMED,0,0.45,NONE,1,0,0,0
BTCUSDT,1780088400000,2026-05-29T21:00:00.000Z,BEAR,LONG,0,7.875,IGNORE,0,WATCH,,0,0,0,NA,NA,NA,NA,NA,WARNING_SOFT,1,0,0,0,0,TREND_REVERSAL_UNCONFIRMED,0,0.45,LONG,1,0,0,0
BTCUSDT,1780092000000,2026-05-29T22:00:00.000Z,BEAR,LONG,0,7.875,IGNORE,0,WATCH,,0,0,0,NA,NA,NA,NA,NA,CLEAR,1,0,0,0,0,TREND_REVERSAL_UNCONFIRMED,0,0.45,LONG,1,0,0,0
BTCUSDT,1780095600000,2026-05-29T23:00:00.000Z,BEAR,LONG,0,7.875,IGNORE,0,WATCH,,0,0,0,NA,NA,NA,NA,NA,CLEAR,1,0,0,0,0,TREND_REVERSAL_UNCONFIRMED,0,0.45,LONG,1,0,0,0
BTCUSDT,1780099200000,2026-05-30T00:00:00.000Z,BEAR,LONG,0,7.875,IGNORE,0,WATCH,,0,0,0,NA,NA,NA,NA,NA,CLEAR,1,0,0,0,0,TREND_REVERSAL_UNCONFIRMED,0,0.45,LONG,1,0,0,0
BTCUSDT,1780102800000,2026-05-30T01:00:00.000Z,NEUTRAL,NONE,0,7.875,IGNORE,0,WATCH,,0,0,0,NA,NA,NA,NA,NA,WARNING_SOFT,1,0,0,0,0,TREND_REVERSAL_UNCONFIRMED,0,0.45,NONE,1,0,0,0
BTCUSDT,1780106400000,2026-05-30T02:00:00.000Z,NEUTRAL,NONE,0,7.875,IGNORE,0,WATCH,,0,0,0,NA,NA,NA,NA,NA,CLEAR,1,0,0,0,0,TREND_REVERSAL_UNCONFIRMED,0,0.45,NONE,1,0,0,0
BTCUSDT,1780110000000,2026-05-30T03:00:00.000Z,BEAR,LONG,17.5,12.909375,IGNORE,0,WATCH,,0,0,0,NA,NA,NA,NA,NA,WARNING_SOFT,1,0,0,0,0,TREND_REVERSAL_UNCONFIRMED,1,0.45,LONG,1,0,0,0
BTCUSDT,1780113600000,2026-05-30T04:00:00.000Z,BEAR,LONG,17.5,12.909375,IGNORE,0,WATCH,,0,0,0,NA,NA,NA,NA,NA,CLEAR,1,0,0,0,0,TREND_REVERSAL_UNCONFIRMED,1,0.45,LONG,1,0,0,0
BTCUSDT,1780117200000,2026-05-30T05:00:00.000Z,NEUTRAL,NONE,0,7.875,IGNORE,0,WATCH,,0,0,0,NA,NA,NA,NA,NA,BLOCK,0,0,0,0,0,TREND_REVERSAL_UNCONFIRMED,0,0.45,NONE,1,0,0,0
BTCUSDT,1780120800000,2026-05-30T06:00:00.000Z,NEUTRAL,NONE,0,7.875,IGNORE,0,WATCH,,0,0,0,NA,NA,NA,NA,NA,CLEAR,1,0,0,0,0,TREND_REVERSAL_UNCONFIRMED,0,0.45,NONE,1,0,0,0
BTCUSDT,1780124400000,2026-05-30T07:00:00.000Z,BEAR,LONG,0,7.875,IGNORE,0,WATCH,,0,0,0,NA,NA,NA,NA,NA,WARNING_SOFT,1,0,0,0,0,TREND_REVERSAL_UNCONFIRMED,0,0.45,LONG,1,0,0,0
BTCUSDT,1780128000000,2026-05-30T08:00:00.000Z,BEAR,LONG,17.839725,12.936128343750001,IGNORE,0,WATCH,,0,0,0,NA,NA,NA,NA,NA,CLEAR,1,0,0,0,0,TREND_REVERSAL_UNCONFIRMED,1,0.45,LONG,1,0,0,0
BTCUSDT,1780131600000,2026-05-30T09:00:00.000Z,NEUTRAL,NONE,0,7.875,IGNORE,0,WATCH,,0,0,0,NA,NA,NA,NA,NA,WARNING_SOFT,1,0,0,0,0,TREND_REVERSAL_UNCONFIRMED,0,0.45,NONE,1,0,0,0
BTCUSDT,1780135200000,2026-05-30T10:00:00.000Z,NEUTRAL,NONE,0,7.875,IGNORE,0,WATCH,,0,0,0,NA,NA,NA,NA,NA,CLEAR,1,0,0,0,0,TREND_REVERSAL_UNCONFIRMED,0,0.45,NONE,1,0,0,0
BTCUSDT,1780138800000,2026-05-30T11:00:00.000Z,NEUTRAL,NONE,0,7.875,IGNORE,0,WATCH,,0,0,0,NA,NA,NA,NA,NA,CLEAR,1,0,0,0,0,TREND_REVERSAL_UNCONFIRMED,0,0.45,NONE,1,0,0,0
BTCUSDT,1780142400000,2026-05-30T12:00:00.000Z,NEUTRAL,NONE,0,7.875,IGNORE,0,WATCH,,0,0,0,NA,NA,NA,NA,NA,CLEAR,1,0,0,0,0,TREND_REVERSAL_UNCONFIRMED,0,0.45,NONE,1,0,0,0
BTCUSDT,1780146000000,2026-05-30T13:00:00.000Z,NEUTRAL,NONE,0,7.875,IGNORE,0,WATCH,,0,0,0,NA,NA,NA,NA,NA,CLEAR,1,0,0,0,0,TREND_REVERSAL_UNCONFIRMED,0,0.45,NONE,1,0,0,0
BTCUSDT,1780149600000,2026-05-30T14:00:00.000Z,NEUTRAL,NONE,0,7.875,IGNORE,0,WATCH,,0,0,0,NA,NA,NA,NA,NA,CLEAR,1,1,0,0,0,TREND_REVERSAL_UNCONFIRMED,0,0.45,NONE,1,0,0,0
BTCUSDT,1780153200000,2026-05-30T15:00:00.000Z,NEUTRAL,NONE,0,7.875,IGNORE,0,WATCH,,0,0,0,NA,NA,NA,NA,NA,CLEAR,1,0,0,0,0,TREND_REVERSAL_UNCONFIRMED,0,0.45,NONE,1,0,0,0
BTCUSDT,1780156800000,2026-05-30T16:00:00.000Z,NEUTRAL,NONE,0,7.875,IGNORE,0,WATCH,,0,0,0,NA,NA,NA,NA,NA,CLEAR,1,0,0,0,0,TREND_REVERSAL_UNCONFIRMED,0,0.45,NONE,1,0,0,0
BTCUSDT,1780160400000,2026-05-30T17:00:00.000Z,NEUTRAL,NONE,0,7.875,IGNORE,0,WATCH,,0,0,0,NA,NA,NA,NA,NA,CLEAR,1,0,0,0,0,TREND_REVERSAL_UNCONFIRMED,0,0.45,NONE,1,0,0,0
BTCUSDT,1780164000000,2026-05-30T18:00:00.000Z,NEUTRAL,NONE,0,7.875,IGNORE,0,WATCH,,0,0,0,NA,NA,NA,NA,NA,CLEAR,1,0,0,0,0,TREND_REVERSAL_UNCONFIRMED,0,0.45,NONE,1,0,0,0
BTCUSDT,1780167600000,2026-05-30T19:00:00.000Z,NEUTRAL,NONE,0,7.875,IGNORE,0,WATCH,,0,0,0,NA,NA,NA,NA,NA,CLEAR,1,0,0,0,0,TREND_REVERSAL_UNCONFIRMED,0,0.45,NONE,1,0,0,0
BTCUSDT,1780171200000,2026-05-30T20:00:00.000Z,NEUTRAL,NONE,0,7.875,IGNORE,0,WATCH,,0,0,0,NA,NA,NA,NA,NA,CLEAR,1,0,0,0,0,TREND_REVERSAL_UNCONFIRMED,0,0.45,NONE,1,0,0,0
BTCUSDT,1780174800000,2026-05-30T21:00:00.000Z,NEUTRAL,NONE,0,7.875,IGNORE,0,WATCH,,0,0,0,NA,NA,NA,NA,NA,CLEAR,1,0,0,0,0,TREND_REVERSAL_UNCONFIRMED,0,0.45,NONE,1,0,0,0
BTCUSDT,1780178400000,2026-05-30T22:00:00.000Z,NEUTRAL,NONE,0,7.875,IGNORE,0,WATCH,,0,0,0,NA,NA,NA,NA,NA,WARNING_SOFT,1,0,0,0,0,TREND_REVERSAL_UNCONFIRMED,0,0.45,NONE,1,0,0,0
BTCUSDT,1780182000000,2026-05-30T23:00:00.000Z,BULL,SHORT,0,7.875,IGNORE,0,WATCH,,0,0,0,NA,NA,NA,NA,NA,WARNING_SOFT,1,0,0,0,0,TREND_REVERSAL_UNCONFIRMED,0,0.45,SHORT,1,0,0,0
BTCUSDT,1780185600000,2026-05-31T00:00:00.000Z,BULL,SHORT,0,7.875,IGNORE,0,WATCH,,0,0,0,NA,NA,NA,NA,NA,CLEAR,1,0,0,0,0,TREND_REVERSAL_UNCONFIRMED,0,0.45,SHORT,1,0,0,0
BTCUSDT,1780189200000,2026-05-31T01:00:00.000Z,BULL,SHORT,23.756209719941744,13.402051515445413,IGNORE,0,WATCH,,0,0,0,NA,NA,NA,NA,NA,CLEAR,1,1,0,0,0,TREND_REVERSAL_UNCONFIRMED,1,0.45,SHORT,1,0,0,0
BTCUSDT,1780192800000,2026-05-31T02:00:00.000Z,BULL,SHORT,44.5654267261931,18.697027354687705,IGNORE,0,WATCH,,0,0,0,NA,NA,NA,NA,NA,CLEAR,1,0,0,0,0,TREND_REVERSAL_UNCONFIRMED,2,0.45,SHORT,1,0,0,0
BTCUSDT,1780196400000,2026-05-31T03:00:00.000Z,BULL,SHORT,14.930555555555555,12.70703125,IGNORE,0,WATCH,,0,0,0,NA,NA,NA,NA,NA,CLEAR,1,0,0,0,0,TREND_REVERSAL_UNCONFIRMED,1,0.45,SHORT,1,0,0,0
BTCUSDT,1780200000000,2026-05-31T04:00:00.000Z,BULL,SHORT,14.930555555555555,12.70703125,IGNORE,0,WATCH,,0,0,0,NA,NA,NA,NA,NA,CLEAR,1,0,0,0,0,TREND_REVERSAL_UNCONFIRMED,1,0.45,SHORT,1,0,0,0
BTCUSDT,1780203600000,2026-05-31T05:00:00.000Z,BULL,SHORT,0,7.875,IGNORE,0,WATCH,,0,0,0,NA,NA,NA,NA,NA,CLEAR,1,0,0,0,0,TREND_REVERSAL_UNCONFIRMED,0,0.45,SHORT,1,0,0,0
BTCUSDT,1780207200000,2026-05-31T06:00:00.000Z,BULL,SHORT,0,7.875,IGNORE,0,WATCH,,0,0,0,NA,NA,NA,NA,NA,WARNING_SOFT,1,0,0,0,0,TREND_REVERSAL_UNCONFIRMED,0,0.45,SHORT,1,0,0,0
BTCUSDT,1780210800000,2026-05-31T07:00:00.000Z,NEUTRAL,NONE,0,7.875,IGNORE,0,WATCH,,0,0,0,NA,NA,NA,NA,NA,BLOCK,0,0,0,0,0,TREND_REVERSAL_UNCONFIRMED,0,0.45,NONE,1,0,0,0
BTCUSDT,1780214400000,2026-05-31T08:00:00.000Z,NEUTRAL,NONE,0,7.875,IGNORE,0,WATCH,,0,0,0,NA,NA,NA,NA,NA,BLOCK,0,0,0,0,0,TREND_REVERSAL_UNCONFIRMED,0,0.45,NONE,1,0,0,0
BTCUSDT,1780218000000,2026-05-31T09:00:00.000Z,NEUTRAL,NONE,0,7.875,IGNORE,0,WATCH,,0,0,0,NA,NA,NA,NA,NA,WARNING_SOFT,1,0,0,0,0,TREND_REVERSAL_UNCONFIRMED,0,0.45,NONE,1,0,0,0
BTCUSDT,1780221600000,2026-05-31T10:00:00.000Z,NEUTRAL,NONE,0,7.875,IGNORE,0,WATCH,,0,0,0,NA,NA,NA,NA,NA,BLOCK,0,0,0,0,0,TREND_REVERSAL_UNCONFIRMED,0,0.45,NONE,1,0,0,0
BTCUSDT,1780225200000,2026-05-31T11:00:00.000Z,BULL,SHORT,0,7.875,IGNORE,0,WATCH,,0,0,0,NA,NA,NA,NA,NA,WARNING_SOFT,1,0,0,0,0,TREND_REVERSAL_UNCONFIRMED,0,0.45,SHORT,1,0,0,0
BTCUSDT,1780228800000,2026-05-31T12:00:00.000Z,NEUTRAL,NONE,0,7.875,IGNORE,0,WATCH,,0,0,0,NA,NA,NA,NA,NA,WARNING_SOFT,1,0,0,0,0,TREND_REVERSAL_UNCONFIRMED,0,0.45,NONE,1,0,0,0
BTCUSDT,1780232400000,2026-05-31T13:00:00.000Z,NEUTRAL,NONE,0,7.875,IGNORE,0,WATCH,,0,0,0,NA,NA,NA,NA,NA,WARNING_SOFT,1,0,0,0,0,TREND_REVERSAL_UNCONFIRMED,0,0.45,NONE,1,0,0,0
BTCUSDT,1780236000000,2026-05-31T14:00:00.000Z,NEUTRAL,NONE,0,7.875,IGNORE,0,WATCH,,0,0,0,NA,NA,NA,NA,NA,BLOCK,0,0,0,0,0,TREND_REVERSAL_UNCONFIRMED,0,0.45,NONE,1,0,0,0
BTCUSDT,1780239600000,2026-05-31T15:00:00.000Z,NEUTRAL,NONE,0,7.875,IGNORE,0,WATCH,,0,0,0,NA,NA,NA,NA,NA,WARNING_SOFT,1,0,0,0,0,TREND_REVERSAL_UNCONFIRMED,0,0.45,NONE,1,0,0,0
BTCUSDT,1780243200000,2026-05-31T16:00:00.000Z,BEAR,LONG,21.315794903402114,13.209868848642916,IGNORE,0,WATCH,,0,0,0,NA,NA,NA,NA,NA,CLEAR,1,0,0,0,0,TREND_REVERSAL_UNCONFIRMED,1,0.45,LONG,1,0,0,0
BTCUSDT,1780246800000,2026-05-31T17:00:00.000Z,BEAR,LONG,0,7.875,IGNORE,0,WATCH,,0,0,0,NA,NA,NA,NA,NA,CLEAR,1,0,0,0,0,TREND_REVERSAL_UNCONFIRMED,0,0.45,LONG,1,0,0,0
BTCUSDT,1780250400000,2026-05-31T18:00:00.000Z,BEAR,LONG,0,7.875,IGNORE,0,WATCH,,0,0,0,NA,NA,NA,NA,NA,CLEAR,1,0,0,0,0,TREND_REVERSAL_UNCONFIRMED,0,0.45,LONG,1,0,0,0
BTCUSDT,1780254000000,2026-05-31T19:00:00.000Z,BEAR,LONG,0,7.875,IGNORE,0,WATCH,,0,0,0,NA,NA,NA,NA,NA,CLEAR,1,0,0,0,0,TREND_REVERSAL_UNCONFIRMED,0,0.45,LONG,1,0,0,0
BTCUSDT,1780257600000,2026-05-31T20:00:00.000Z,BEAR,LONG,0,7.875,IGNORE,0,WATCH,,0,0,0,NA,NA,NA,NA,NA,CLEAR,1,0,0,0,0,TREND_REVERSAL_UNCONFIRMED,0,0.45,LONG,1,0,0,0
BTCUSDT,1780261200000,2026-05-31T21:00:00.000Z,NEUTRAL,NONE,0,7.875,IGNORE,0,WATCH,,0,0,0,NA,NA,NA,NA,NA,WARNING_SOFT,1,0,0,0,0,TREND_REVERSAL_UNCONFIRMED,0,0.45,NONE,1,0,0,0
BTCUSDT,1780264800000,2026-05-31T22:00:00.000Z,NEUTRAL,NONE,0,7.875,IGNORE,0,WATCH,,0,0,0,NA,NA,NA,NA,NA,CLEAR,1,0,0,0,0,TREND_REVERSAL_UNCONFIRMED,0,0.45,NONE,1,0,0,0
BTCUSDT,1780268400000,2026-05-31T23:00:00.000Z,BEAR,LONG,25,13.5,IGNORE,0,WATCH,,0,0,0,NA,NA,NA,NA,NA,BLOCK,0,0,0,0,0,TREND_REVERSAL_UNCONFIRMED,1,0.45,LONG,1,0,0,0
BTCUSDT,1780272000000,2026-06-01T00:00:00.000Z,NEUTRAL,NONE,0,7.875,IGNORE,0,WATCH,,0,0,0,NA,NA,NA,NA,NA,CLEAR,1,0,0,0,0,TREND_REVERSAL_UNCONFIRMED,0,0.45,NONE,1,0,0,0
BTCUSDT,1780275600000,2026-06-01T01:00:00.000Z,BEAR,LONG,25,13.5,IGNORE,0,WATCH,,0,0,0,NA,NA,NA,NA,NA,WARNING_SOFT,1,0,0,0,0,TREND_REVERSAL_UNCONFIRMED,1,0.45,LONG,1,0,0,0
BTCUSDT,1780279200000,2026-06-01T02:00:00.000Z,NEUTRAL,NONE,0,7.875,IGNORE,0,WATCH,,0,0,0,NA,NA,NA,NA,NA,BLOCK,0,0,0,0,0,TREND_REVERSAL_UNCONFIRMED,0,0.45,NONE,1,0,0,0
BTCUSDT,1780282800000,2026-06-01T03:00:00.000Z,NEUTRAL,NONE,0,7.875,IGNORE,0,WATCH,,0,0,0,NA,NA,NA,NA,NA,CLEAR,1,0,0,0,0,TREND_REVERSAL_UNCONFIRMED,0,0.45,NONE,1,0,0,0
BTCUSDT,1780286400000,2026-06-01T04:00:00.000Z,BEAR,LONG,19.893541413757553,13.097866386333406,IGNORE,0,WATCH,,0,0,0,NA,NA,NA,NA,NA,CLEAR,1,0,0,0,0,TREND_REVERSAL_UNCONFIRMED,1,0.45,LONG,1,0,0,0
BTCUSDT,1780290000000,2026-06-01T05:00:00.000Z,BEAR,LONG,0,7.875,IGNORE,0,WATCH,,0,0,0,NA,NA,NA,NA,NA,CLEAR,1,0,0,0,0,TREND_REVERSAL_UNCONFIRMED,0,0.45,LONG,1,0,0,0
BTCUSDT,1780293600000,2026-06-01T06:00:00.000Z,BEAR,LONG,25,13.5,IGNORE,0,WATCH,,0,0,0,NA,NA,NA,NA,NA,CLEAR,1,0,0,0,0,TREND_REVERSAL_UNCONFIRMED,1,0.45,LONG,1,0,0,0
BTCUSDT,1780297200000,2026-06-01T07:00:00.000Z,BEAR,LONG,24.484614529360783,13.459413394187163,IGNORE,0,WATCH,,0,0,0,NA,NA,NA,NA,NA,CLEAR,1,0,1,0,0,TREND_REVERSAL_UNCONFIRMED,1,0.45,LONG,1,0,0,0
BTCUSDT,1780300800000,2026-06-01T08:00:00.000Z,BEAR,LONG,22.861082509526693,13.331560247625227,IGNORE,0,WATCH,,0,0,0,NA,NA,NA,NA,NA,CLEAR,1,0,0,0,0,TREND_REVERSAL_UNCONFIRMED,1,0.45,LONG,1,0,0,0
BTCUSDT,1780304400000,2026-06-01T09:00:00.000Z,BEAR,LONG,41.41787926963349,18.449157992483638,IGNORE,0,WATCH,,0,0,0,NA,NA,NA,NA,NA,CLEAR,1,0,0,0,0,TREND_REVERSAL_UNCONFIRMED,2,0.45,LONG,1,0,0,0
BTCUSDT,1780308000000,2026-06-01T10:00:00.000Z,BEAR,LONG,0,7.875,IGNORE,0,WATCH,,0,0,0,NA,NA,NA,NA,NA,CLEAR,1,0,0,0,0,TREND_REVERSAL_UNCONFIRMED,0,0.45,LONG,1,0,0,0
BTCUSDT,1780311600000,2026-06-01T11:00:00.000Z,BEAR,LONG,25,13.5,IGNORE,0,WATCH,,0,0,0,NA,NA,NA,NA,NA,CLEAR,1,0,0,0,0,TREND_REVERSAL_UNCONFIRMED,1,0.45,LONG,1,0,0,0
BTCUSDT,1780315200000,2026-06-01T12:00:00.000Z,BEAR,LONG,50,19.125,IGNORE,0,WATCH,,0,0,0,NA,NA,NA,NA,NA,CLEAR,1,0,0,0,0,TREND_REVERSAL_UNCONFIRMED,2,0.45,LONG,1,0,0,0
BTCUSDT,1780318800000,2026-06-01T13:00:00.000Z,BEAR,LONG,39.93055555555556,18.33203125,IGNORE,0,WATCH,,0,0,0,NA,NA,NA,NA,NA,CLEAR,1,0,0,0,0,TREND_REVERSAL_UNCONFIRMED,2,0.45,LONG,1,0,0,0
BTCUSDT,1780322400000,2026-06-01T14:00:00.000Z,BEAR,LONG,39.93055555555556,18.33203125,IGNORE,0,WATCH,,0,0,0,NA,NA,NA,NA,NA,CLEAR,1,0,0,0,0,TREND_REVERSAL_UNCONFIRMED,2,0.45,LONG,1,0,0,0
BTCUSDT,1780326000000,2026-06-01T15:00:00.000Z,BEAR,LONG,41.31944444444444,18.44140625,IGNORE,0,WATCH,,0,0,0,NA,NA,NA,NA,NA,CLEAR,1,0,0,0,0,TREND_REVERSAL_UNCONFIRMED,2,0.45,LONG,1,0,0,0
BTCUSDT,1780329600000,2026-06-01T16:00:00.000Z,BEAR,LONG,50,19.125,IGNORE,0,WATCH,,0,0,0,NA,NA,NA,NA,NA,CLEAR,1,0,0,0,0,TREND_REVERSAL_UNCONFIRMED,2,0.45,LONG,1,0,0,0
BTCUSDT,1780333200000,2026-06-01T17:00:00.000Z,BEAR,LONG,0,7.875,IGNORE,0,WATCH,,0,0,0,NA,NA,NA,NA,NA,CLEAR,1,0,0,0,0,TREND_REVERSAL_UNCONFIRMED,0,0.45,LONG,1,0,0,0
BTCUSDT,1780336800000,2026-06-01T18:00:00.000Z,BEAR,LONG,0,7.875,IGNORE,0,WATCH,,0,0,0,NA,NA,NA,NA,NA,CLEAR,1,0,0,0,0,TREND_REVERSAL_UNCONFIRMED,0,0.45,LONG,1,0,0,0
BTCUSDT,1780340400000,2026-06-01T19:00:00.000Z,BEAR,LONG,25,13.5,IGNORE,0,WATCH,,0,0,0,NA,NA,NA,NA,NA,CLEAR,1,0,0,0,0,TREND_REVERSAL_UNCONFIRMED,1,0.45,LONG,1,0,0,0
BTCUSDT,1780344000000,2026-06-01T20:00:00.000Z,BEAR,LONG,0,7.875,IGNORE,0,WATCH,,0,0,0,NA,NA,NA,NA,NA,CLEAR,1,0,0,0,0,TREND_REVERSAL_UNCONFIRMED,0,0.45,LONG,1,0,0,0
BTCUSDT,1780347600000,2026-06-01T21:00:00.000Z,BEAR,LONG,14.583333333333332,12.6796875,IGNORE,0,WATCH,,0,0,0,NA,NA,NA,NA,NA,CLEAR,1,0,0,0,0,TREND_REVERSAL_UNCONFIRMED,1,0.45,LONG,1,0,0,0
BTCUSDT,1780351200000,2026-06-01T22:00:00.000Z,BEAR,LONG,25,13.5,IGNORE,0,WATCH,,0,0,0,NA,NA,NA,NA,NA,CLEAR,1,0,0,0,0,TREND_REVERSAL_UNCONFIRMED,1,0.45,LONG,1,0,0,0
BTCUSDT,1780354800000,2026-06-01T23:00:00.000Z,BEAR,LONG,0,7.875,IGNORE,0,WATCH,,0,0,0,NA,NA,NA,NA,NA,CLEAR,1,0,0,0,0,TREND_REVERSAL_UNCONFIRMED,0,0.45,LONG,1,0,0,0
BTCUSDT,1780358400000,2026-06-02T00:00:00.000Z,BEAR,LONG,0,7.875,IGNORE,0,WATCH,,0,0,0,NA,NA,NA,NA,NA,CLEAR,1,0,0,0,0,TREND_REVERSAL_UNCONFIRMED,0,0.45,LONG,1,0,0,0
BTCUSDT,1780362000000,2026-06-02T01:00:00.000Z,BEAR,LONG,0,7.875,IGNORE,0,WATCH,,0,0,0,NA,NA,NA,NA,NA,CLEAR,1,0,0,0,0,TREND_REVERSAL_UNCONFIRMED,0,0.45,LONG,1,0,0,0
BTCUSDT,1780365600000,2026-06-02T02:00:00.000Z,BEAR,LONG,22.098240247050246,13.271486419455208,IGNORE,0,WATCH,,0,0,0,NA,NA,NA,NA,NA,CLEAR,1,0,0,0,0,TREND_REVERSAL_UNCONFIRMED,1,0.45,LONG,1,0,0,0
BTCUSDT,1780369200000,2026-06-02T03:00:00.000Z,BEAR,LONG,25,13.5,IGNORE,0,WATCH,,0,0,0,NA,NA,NA,NA,NA,CLEAR,1,0,0,0,0,TREND_REVERSAL_UNCONFIRMED,1,0.45,LONG,1,0,0,0
BTCUSDT,1780372800000,2026-06-02T04:00:00.000Z,BEAR,LONG,0,7.875,IGNORE,0,WATCH,,0,0,0,NA,NA,NA,NA,NA,CLEAR,1,0,0,0,0,TREND_REVERSAL_UNCONFIRMED,0,0.45,LONG,1,0,0,0
BTCUSDT,1780376400000,2026-06-02T05:00:00.000Z,BEAR,LONG,0,7.875,IGNORE,0,WATCH,,0,0,0,NA,NA,NA,NA,NA,CLEAR,1,0,0,0,0,TREND_REVERSAL_UNCONFIRMED,0,0.45,LONG,1,0,0,0
BTCUSDT,1780380000000,2026-06-02T06:00:00.000Z,BEAR,LONG,12.718904465768967,12.532863726679306,IGNORE,0,WATCH,,0,0,0,NA,NA,NA,NA,NA,CLEAR,1,0,0,0,0,TREND_REVERSAL_UNCONFIRMED,1,0.45,LONG,1,0,0,0
BTCUSDT,1780383600000,2026-06-02T07:00:00.000Z,BEAR,LONG,0,7.875,IGNORE,0,WATCH,,0,0,0,NA,NA,NA,NA,NA,CLEAR,1,0,0,0,0,TREND_REVERSAL_UNCONFIRMED,0,0.45,LONG,1,0,0,0
BTCUSDT,1780387200000,2026-06-02T08:00:00.000Z,BEAR,LONG,16.319444444444443,12.81640625,IGNORE,0,WATCH,,0,0,0,NA,NA,NA,NA,NA,CLEAR,1,0,0,0,0,TREND_REVERSAL_UNCONFIRMED,1,0.45,LONG,1,0,0,0
BTCUSDT,1780390800000,2026-06-02T09:00:00.000Z,BEAR,LONG,27.853764211300863,17.380983931639943,IGNORE,0,WATCH,,0,0,0,NA,NA,NA,NA,NA,CLEAR,1,0,0,0,0,TREND_REVERSAL_UNCONFIRMED,2,0.45,LONG,1,0,0,0
BTCUSDT,1780394400000,2026-06-02T10:00:00.000Z,BEAR,LONG,25,13.5,IGNORE,0,WATCH,,0,0,0,NA,NA,NA,NA,NA,CLEAR,1,0,0,0,0,TREND_REVERSAL_UNCONFIRMED,1,0.45,LONG,1,0,0,0
BTCUSDT,1780398000000,2026-06-02T11:00:00.000Z,BEAR,LONG,12.847222222222221,12.54296875,IGNORE,0,WATCH,,0,0,0,NA,NA,NA,NA,NA,CLEAR,1,0,0,0,0,TREND_REVERSAL_UNCONFIRMED,1,0.45,LONG,1,0,0,0
BTCUSDT,1780401600000,2026-06-02T12:00:00.000Z,BEAR,LONG,29.907578571662015,17.542721812518383,IGNORE,0,WATCH,,0,0,0,NA,NA,NA,NA,NA,CLEAR,1,0,0,0,0,TREND_REVERSAL_UNCONFIRMED,2,0.45,LONG,1,0,0,0
BTCUSDT,1780405200000,2026-06-02T13:00:00.000Z,BEAR,LONG,37.84722222222222,18.16796875,IGNORE,0,WATCH,,0,0,0,NA,NA,NA,NA,NA,CLEAR,1,0,0,0,0,TREND_REVERSAL_UNCONFIRMED,2,0.45,LONG,1,0,0,0
BTCUSDT,1780408800000,2026-06-02T14:00:00.000Z,BEAR,LONG,39.58333333333333,18.3046875,IGNORE,0,WATCH,,0,0,0,NA,NA,NA,NA,NA,CLEAR,1,0,0,0,0,TREND_REVERSAL_UNCONFIRMED,2,0.45,LONG,1,0,0,0
BTCUSDT,1780412400000,2026-06-02T15:00:00.000Z,BEAR,LONG,41.666666666666664,18.46875,IGNORE,0,WATCH,,0,0,0,NA,NA,NA,NA,NA,CLEAR,1,0,0,0,0,TREND_REVERSAL_UNCONFIRMED,2,0.45,LONG,1,0,0,0
BTCUSDT,1780416000000,2026-06-02T16:00:00.000Z,BEAR,LONG,39.58333333333333,18.3046875,IGNORE,0,WATCH,,0,0,0,NA,NA,NA,NA,NA,CLEAR,1,0,0,0,0,TREND_REVERSAL_UNCONFIRMED,2,0.45,LONG,1,0,0,0
BTCUSDT,1780419600000,2026-06-02T17:00:00.000Z,BEAR,LONG,37.84722222222222,18.16796875,IGNORE,0,WATCH,,0,0,0,NA,NA,NA,NA,NA,CLEAR,1,0,0,0,0,TREND_REVERSAL_UNCONFIRMED,2,0.45,LONG,1,0,0,0
BTCUSDT,1780423200000,2026-06-02T18:00:00.000Z,BEAR,LONG,12.847222222222221,12.54296875,IGNORE,0,WATCH,,0,0,0,NA,NA,NA,NA,NA,CLEAR,1,0,0,0,0,TREND_REVERSAL_UNCONFIRMED,1,0.45,LONG,1,0,0,0
BTCUSDT,1780426800000,2026-06-02T19:00:00.000Z,BEAR,LONG,37.84722222222222,18.16796875,IGNORE,0,WATCH,,0,0,0,NA,NA,NA,NA,NA,CLEAR,1,0,0,0,0,TREND_REVERSAL_UNCONFIRMED,2,0.45,LONG,1,0,0,0
BTCUSDT,1780430400000,2026-06-02T20:00:00.000Z,BEAR,LONG,37.84722222222222,18.16796875,IGNORE,0,WATCH,,0,0,0,NA,NA,NA,NA,NA,CLEAR,1,0,0,0,0,TREND_REVERSAL_UNCONFIRMED,2,0.45,LONG,1,0,0,0
BTCUSDT,1780434000000,2026-06-02T21:00:00.000Z,BEAR,LONG,12.847222222222221,12.54296875,IGNORE,0,WATCH,,0,0,0,NA,NA,NA,NA,NA,CLEAR,1,0,0,0,0,TREND_REVERSAL_UNCONFIRMED,1,0.45,LONG,1,0,0,0
BTCUSDT,1780437600000,2026-06-02T22:00:00.000Z,BEAR,LONG,31.10858148907086,17.63730079226433,IGNORE,0,WATCH,,0,0,0,NA,NA,NA,NA,NA,CLEAR,1,0,0,0,0,TREND_REVERSAL_UNCONFIRMED,2,0.45,LONG,1,0,0,0
BTCUSDT,1780441200000,2026-06-02T23:00:00.000Z,BEAR,LONG,28.44769401925813,17.42775590401658,IGNORE,0,WATCH,,0,0,0,NA,NA,NA,NA,NA,CLEAR,1,0,0,0,0,TREND_REVERSAL_UNCONFIRMED,2,0.45,LONG,1,0,0,0
BTCUSDT,1780444800000,2026-06-03T00:00:00.000Z,BEAR,LONG,0,7.875,IGNORE,0,WATCH,,0,0,0,NA,NA,NA,NA,NA,CLEAR,1,0,0,0,0,TREND_REVERSAL_UNCONFIRMED,0,0.45,LONG,1,0,0,0
BTCUSDT,1780448400000,2026-06-03T01:00:00.000Z,BEAR,LONG,0,7.875,IGNORE,0,WATCH,,0,0,0,NA,NA,NA,NA,NA,CLEAR,1,0,0,0,0,TREND_REVERSAL_UNCONFIRMED,0,0.45,LONG,1,0,0,0
BTCUSDT,1780452000000,2026-06-03T02:00:00.000Z,BEAR,LONG,37.84722222222222,18.16796875,IGNORE,0,WATCH,,0,0,0,NA,NA,NA,NA,NA,CLEAR,1,0,0,0,0,TREND_REVERSAL_UNCONFIRMED,2,0.45,LONG,1,0,0,0
BTCUSDT,1780455600000,2026-06-03T03:00:00.000Z,BEAR,LONG,35.52640415574375,17.98520432726482,IGNORE,0,WATCH,,0,0,0,NA,NA,NA,NA,NA,CLEAR,1,0,0,0,0,TREND_REVERSAL_UNCONFIRMED,2,0.45,LONG,1,0,0,0
BTCUSDT,1780459200000,2026-06-03T04:00:00.000Z,BEAR,LONG,0,7.875,IGNORE,0,WATCH,,0,0,0,NA,NA,NA,NA,NA,CLEAR,1,0,0,0,0,TREND_REVERSAL_UNCONFIRMED,0,0.45,LONG,1,0,0,0
BTCUSDT,1780462800000,2026-06-03T05:00:00.000Z,BEAR,LONG,39.59456617760807,18.305572086486638,IGNORE,0,WATCH,,0,0,0,NA,NA,NA,NA,NA,WARNING_SOFT,1,0,0,0,0,TREND_REVERSAL_UNCONFIRMED,2,0.45,LONG,1,0,0,0
BTCUSDT,1780466400000,2026-06-03T06:00:00.000Z,BEAR,LONG,0,7.875,IGNORE,0,WATCH,,0,0,0,NA,NA,NA,NA,NA,WARNING_SOFT,1,0,0,0,0,TREND_REVERSAL_UNCONFIRMED,0,0.45,LONG,1,0,0,0
BTCUSDT,1780470000000,2026-06-03T07:00:00.000Z,BEAR,LONG,0,7.875,IGNORE,0,WATCH,,0,0,0,NA,NA,NA,NA,NA,WARNING_SOFT,1,0,0,0,0,TREND_REVERSAL_UNCONFIRMED,0,0.45,LONG,1,0,0,0
BTCUSDT,1780473600000,2026-06-03T08:00:00.000Z,BEAR,LONG,0,7.875,IGNORE,0,WATCH,,0,0,0,NA,NA,NA,NA,NA,WARNING_SOFT,1,0,0,0,0,TREND_REVERSAL_UNCONFIRMED,0,0.45,LONG,1,0,0,0
BTCUSDT,1780477200000,2026-06-03T09:00:00.000Z,BEAR,LONG,0,7.875,IGNORE,0,WATCH,,0,0,0,NA,NA,NA,NA,NA,CLEAR,1,0,0,0,0,TREND_REVERSAL_UNCONFIRMED,0,0.45,LONG,1,0,0,0
BTCUSDT,1780480800000,2026-06-03T10:00:00.000Z,BEAR,LONG,0,7.875,IGNORE,0,WATCH,,0,0,0,NA,NA,NA,NA,NA,WARNING_SOFT,1,0,0,0,0,TREND_REVERSAL_UNCONFIRMED,0,0.45,LONG,1,0,0,0
BTCUSDT,1780484400000,2026-06-03T11:00:00.000Z,BEAR,LONG,0,7.875,IGNORE,0,WATCH,,0,0,0,NA,NA,NA,NA,NA,WARNING_SOFT,1,0,0,0,0,TREND_REVERSAL_UNCONFIRMED,0,0.45,LONG,1,0,0,0
BTCUSDT,1780488000000,2026-06-03T12:00:00.000Z,BEAR,LONG,17.5,12.909375,IGNORE,0,WATCH,,0,0,0,NA,NA,NA,NA,NA,WARNING_SOFT,1,0,0,0,0,TREND_REVERSAL_UNCONFIRMED,1,0.45,LONG,1,0,0,0
BTCUSDT,1780491600000,2026-06-03T13:00:00.000Z,BEAR,LONG,17.5,12.909375,IGNORE,0,WATCH,,0,0,0,NA,NA,NA,NA,NA,CLEAR,1,0,0,0,0,TREND_REVERSAL_UNCONFIRMED,1,0.45,LONG,1,0,0,0
BTCUSDT,1780495200000,2026-06-03T14:00:00.000Z,BEAR,LONG,17.5,12.909375,IGNORE,0,WATCH,,0,0,0,NA,NA,NA,NA,NA,CLEAR,1,0,0,0,0,TREND_REVERSAL_UNCONFIRMED,1,0.45,LONG,1,0,0,0
BTCUSDT,1780498800000,2026-06-03T15:00:00.000Z,BEAR,LONG,33.577434678744766,17.831722980951152,IGNORE,0,WATCH,,0,0,0,NA,NA,NA,NA,NA,CLEAR,1,0,0,0,0,TREND_REVERSAL_UNCONFIRMED,2,0.45,LONG,1,0,0,0
BTCUSDT,1780502400000,2026-06-03T16:00:00.000Z,BEAR,LONG,41.25667017240758,18.4364627760771,IGNORE,0,WATCH,,0,0,0,NA,NA,NA,NA,NA,CLEAR,1,0,1,0,0,TREND_REVERSAL_UNCONFIRMED,2,0.45,LONG,1,0,0,0
BTCUSDT,1780506000000,2026-06-03T17:00:00.000Z,BEAR,LONG,42.5,18.534375,IGNORE,0,WATCH,,0,0,0,NA,NA,NA,NA,NA,CLEAR,1,0,0,0,0,TREND_REVERSAL_UNCONFIRMED,2,0.45,LONG,1,0,0,0
BTCUSDT,1780509600000,2026-06-03T18:00:00.000Z,BEAR,LONG,17.5,12.909375,IGNORE,0,WATCH,,0,0,0,NA,NA,NA,NA,NA,CLEAR,1,0,0,0,0,TREND_REVERSAL_UNCONFIRMED,1,0.45,LONG,1,0,0,0
BTCUSDT,1780513200000,2026-06-03T19:00:00.000Z,BEAR,LONG,17.5,12.909375,IGNORE,0,WATCH,,0,0,0,NA,NA,NA,NA,NA,CLEAR,1,0,0,0,0,TREND_REVERSAL_UNCONFIRMED,1,0.45,LONG,1,0,0,0
BTCUSDT,1780516800000,2026-06-03T20:00:00.000Z,BEAR,LONG,47.0182239629586,22.54643513708299,IGNORE,0,WATCH,,0,0,0,NA,NA,NA,NA,NA,CLEAR,1,0,0,0,0,TREND_REVERSAL_UNCONFIRMED,3,0.45,LONG,1,0,0,0
BTCUSDT,1780520400000,2026-06-03T21:00:00.000Z,BEAR,LONG,42.5,18.534375,IGNORE,0,WATCH,,0,0,0,NA,NA,NA,NA,NA,CLEAR,1,0,0,0,0,TREND_REVERSAL_UNCONFIRMED,2,0.45,LONG,1,0,0,0
BTCUSDT,1780524000000,2026-06-03T22:00:00.000Z,BEAR,LONG,17.5,12.909375,IGNORE,0,WATCH,,0,0,0,NA,NA,NA,NA,NA,CLEAR,1,0,0,0,0,TREND_REVERSAL_UNCONFIRMED,1,0.45,LONG,1,0,0,0
BTCUSDT,1780527600000,2026-06-03T23:00:00.000Z,BEAR,LONG,46.922376998308856,22.538887188616826,IGNORE,0,WATCH,,0,0,0,NA,NA,NA,NA,NA,CLEAR,1,0,0,0,0,TREND_REVERSAL_UNCONFIRMED,3,0.45,LONG,1,0,0,0
BTCUSDT,1780531200000,2026-06-04T00:00:00.000Z,BEAR,LONG,57.08333333333333,43.146249999999995,WATCH,1,WATCH,ACTIVE,1,1,0,FAIL,PASS,SKIP,SKIP,FAIL,CLEAR,1,0,1,0,0,MARKET_CONTEXT_DENIED,3,0.84,LONG,1,0,0,0
BTCUSDT,1780534800000,2026-06-04T01:00:00.000Z,BEAR,LONG,58.81944444444444,43.40145833333333,WATCH,1,WATCH,ACTIVE,1,1,0,FAIL,PASS,SKIP,SKIP,FAIL,CLEAR,1,0,1,0,0,MARKET_CONTEXT_DENIED,3,0.84,LONG,1,0,0,0
BTCUSDT,1780538400000,2026-06-04T02:00:00.000Z,BEAR,LONG,42.5,18.534375,IGNORE,0,WATCH,,0,0,0,NA,NA,NA,NA,NA,CLEAR,1,0,0,0,0,TREND_REVERSAL_UNCONFIRMED,2,0.45,LONG,1,0,0,0
BTCUSDT,1780542000000,2026-06-04T03:00:00.000Z,BEAR,LONG,60.83788950013783,43.69816975652026,WATCH,1,WATCH,ACTIVE,1,1,0,FAIL,PASS,SKIP,SKIP,FAIL,CLEAR,1,0,0,0,0,MARKET_CONTEXT_DENIED,3,0.84,LONG,1,0,0,0
BTCUSDT,1780545600000,2026-06-04T04:00:00.000Z,BEAR,LONG,17.5,12.909375,IGNORE,0,WATCH,,0,0,0,NA,NA,NA,NA,NA,WARNING_SOFT,1,0,0,0,0,TREND_REVERSAL_UNCONFIRMED,1,0.45,LONG,1,0,0,0
BTCUSDT,1780549200000,2026-06-04T05:00:00.000Z,BEAR,LONG,0,7.875,IGNORE,0,WATCH,,0,0,0,NA,NA,NA,NA,NA,CLEAR,1,0,0,0,0,TREND_REVERSAL_UNCONFIRMED,0,0.45,LONG,1,0,0,0
BTCUSDT,1780552800000,2026-06-04T06:00:00.000Z,BEAR,LONG,0,7.875,IGNORE,0,WATCH,,0,0,0,NA,NA,NA,NA,NA,CLEAR,1,0,0,0,0,TREND_REVERSAL_UNCONFIRMED,0,0.45,LONG,1,0,0,0
BTCUSDT,1780556400000,2026-06-04T07:00:00.000Z,BEAR,LONG,0,7.875,IGNORE,0,WATCH,,0,0,0,NA,NA,NA,NA,NA,CLEAR,1,0,0,0,0,TREND_REVERSAL_UNCONFIRMED,0,0.45,LONG,1,0,0,0
BTCUSDT,1780560000000,2026-06-04T08:00:00.000Z,BEAR,LONG,0,7.875,IGNORE,0,WATCH,,0,0,0,NA,NA,NA,NA,NA,CLEAR,1,0,0,0,0,TREND_REVERSAL_UNCONFIRMED,0,0.45,LONG,1,0,0,0
BTCUSDT,1780563600000,2026-06-04T09:00:00.000Z,BEAR,LONG,0,7.875,IGNORE,0,WATCH,,0,0,0,NA,NA,NA,NA,NA,CLEAR,1,0,0,0,0,TREND_REVERSAL_UNCONFIRMED,0,0.45,LONG,1,0,0,0
BTCUSDT,1780567200000,2026-06-04T10:00:00.000Z,BEAR,LONG,19.59175378736718,13.074100610755165,IGNORE,0,WATCH,,0,0,0,NA,NA,NA,NA,NA,CLEAR,1,0,0,0,0,TREND_REVERSAL_UNCONFIRMED,1,0.45,LONG,1,0,0,0
BTCUSDT,1780570800000,2026-06-04T11:00:00.000Z,BEAR,LONG,25,13.5,IGNORE,0,WATCH,,0,0,0,NA,NA,NA,NA,NA,CLEAR,1,0,0,0,0,TREND_REVERSAL_UNCONFIRMED,1,0.45,LONG,1,0,0,0
BTCUSDT,1780574400000,2026-06-04T12:00:00.000Z,BEAR,LONG,14.006309255898183,12.634246853901981,IGNORE,0,WATCH,,0,0,0,NA,NA,NA,NA,NA,CLEAR,1,0,0,0,0,TREND_REVERSAL_UNCONFIRMED,1,0.45,LONG,1,0,0,0
BTCUSDT,1780578000000,2026-06-04T13:00:00.000Z,NEUTRAL,NONE,0,7.875,IGNORE,0,WATCH,,0,0,0,NA,NA,NA,NA,NA,WARNING_SOFT,1,0,0,0,0,TREND_REVERSAL_UNCONFIRMED,0,0.45,NONE,1,0,0,0
BTCUSDT,1780581600000,2026-06-04T14:00:00.000Z,BEAR,LONG,17.5,12.909375,IGNORE,0,WATCH,,0,0,0,NA,NA,NA,NA,NA,WARNING_SOFT,1,0,0,0,0,TREND_REVERSAL_UNCONFIRMED,1,0.45,LONG,1,0,0,0
BTCUSDT,1780585200000,2026-06-04T15:00:00.000Z,BEAR,LONG,17.5,12.909375,IGNORE,0,WATCH,,0,0,0,NA,NA,NA,NA,NA,WARNING_SOFT,1,0,0,0,0,TREND_REVERSAL_UNCONFIRMED,1,0.45,LONG,1,0,0,0
BTCUSDT,1780588800000,2026-06-04T16:00:00.000Z,BEAR,LONG,17.5,12.909375,IGNORE,0,WATCH,,0,0,0,NA,NA,NA,NA,NA,WARNING_SOFT,1,0,0,0,0,TREND_REVERSAL_UNCONFIRMED,1,0.45,LONG,1,0,0,0
BTCUSDT,1780592400000,2026-06-04T17:00:00.000Z,BEAR,LONG,17.5,12.909375,IGNORE,0,WATCH,,0,0,0,NA,NA,NA,NA,NA,CLEAR,1,0,0,0,0,TREND_REVERSAL_UNCONFIRMED,1,0.45,LONG,1,0,0,0
BTCUSDT,1780596000000,2026-06-04T18:00:00.000Z,BEAR,LONG,17.5,12.909375,IGNORE,0,WATCH,,0,0,0,NA,NA,NA,NA,NA,WARNING_SOFT,1,0,0,0,0,TREND_REVERSAL_UNCONFIRMED,1,0.45,LONG,1,0,0,0
BTCUSDT,1780599600000,2026-06-04T19:00:00.000Z,BEAR,LONG,17.5,12.909375,IGNORE,0,WATCH,,0,0,0,NA,NA,NA,NA,NA,WARNING_SOFT,1,0,0,0,0,TREND_REVERSAL_UNCONFIRMED,1,0.45,LONG,1,0,0,0
BTCUSDT,1780603200000,2026-06-04T20:00:00.000Z,BEAR,LONG,17.5,12.909375,IGNORE,0,WATCH,,0,0,0,NA,NA,NA,NA,NA,WARNING_SOFT,1,0,0,0,0,TREND_REVERSAL_UNCONFIRMED,1,0.45,LONG,1,0,0,0
BTCUSDT,1780606800000,2026-06-04T21:00:00.000Z,BEAR,LONG,17.5,12.909375,IGNORE,0,WATCH,,0,0,0,NA,NA,NA,NA,NA,CLEAR,1,0,0,0,0,TREND_REVERSAL_UNCONFIRMED,1,0.45,LONG,1,0,0,0
BTCUSDT,1780610400000,2026-06-04T22:00:00.000Z,BEAR,LONG,42.5,18.534375,IGNORE,0,WATCH,,0,0,0,NA,NA,NA,NA,NA,CLEAR,1,0,0,0,0,TREND_REVERSAL_UNCONFIRMED,2,0.45,LONG,1,0,0,0
BTCUSDT,1780614000000,2026-06-04T23:00:00.000Z,NEUTRAL,NONE,0,7.875,IGNORE,0,WATCH,,0,0,0,NA,NA,NA,NA,NA,WARNING_SOFT,1,0,0,0,0,TREND_REVERSAL_UNCONFIRMED,0,0.45,NONE,1,0,0,0
BTCUSDT,1780617600000,2026-06-05T00:00:00.000Z,BEAR,LONG,17.5,12.909375,IGNORE,0,WATCH,,0,0,0,NA,NA,NA,NA,NA,WARNING_SOFT,1,0,0,0,0,TREND_REVERSAL_UNCONFIRMED,1,0.45,LONG,1,0,0,0
BTCUSDT,1780621200000,2026-06-05T01:00:00.000Z,BEAR,LONG,17.5,12.909375,IGNORE,0,WATCH,,0,0,0,NA,NA,NA,NA,NA,CLEAR,1,0,0,0,0,TREND_REVERSAL_UNCONFIRMED,1,0.45,LONG,1,0,0,0
BTCUSDT,1780624800000,2026-06-05T02:00:00.000Z,BEAR,LONG,17.5,12.909375,IGNORE,0,WATCH,,0,0,0,NA,NA,NA,NA,NA,CLEAR,1,0,0,0,0,TREND_REVERSAL_UNCONFIRMED,1,0.45,LONG,1,0,0,0
BTCUSDT,1780628400000,2026-06-05T03:00:00.000Z,BEAR,LONG,42.5,18.534375,IGNORE,0,WATCH,,0,0,0,NA,NA,NA,NA,NA,CLEAR,1,0,0,0,0,TREND_REVERSAL_UNCONFIRMED,2,0.45,LONG,1,0,0,0
BTCUSDT,1780632000000,2026-06-05T04:00:00.000Z,NEUTRAL,NONE,0,7.875,IGNORE,0,WATCH,,0,0,0,NA,NA,NA,NA,NA,BLOCK,0,0,0,0,0,TREND_REVERSAL_UNCONFIRMED,0,0.45,NONE,1,0,0,0
BTCUSDT,1780635600000,2026-06-05T05:00:00.000Z,BEAR,LONG,30.244139908878026,17.569226017824143,IGNORE,0,WATCH,,0,0,0,NA,NA,NA,NA,NA,WARNING_SOFT,1,0,0,0,0,TREND_REVERSAL_UNCONFIRMED,2,0.45,LONG,1,0,0,0
BTCUSDT,1780639200000,2026-06-05T06:00:00.000Z,BEAR,LONG,42.5,18.534375,IGNORE,0,WATCH,,0,0,0,NA,NA,NA,NA,NA,CLEAR,1,0,0,0,0,TREND_REVERSAL_UNCONFIRMED,2,0.45,LONG,1,0,0,0
BTCUSDT,1780642800000,2026-06-05T07:00:00.000Z,BEAR,LONG,60.54672376139676,43.65536839292532,WATCH,1,WATCH,ACTIVE,1,1,0,FAIL,PASS,SKIP,SKIP,FAIL,CLEAR,1,0,0,0,0,MARKET_CONTEXT_DENIED,3,0.84,LONG,1,0,0,0
BTCUSDT,1780646400000,2026-06-05T08:00:00.000Z,BEAR,LONG,17.5,12.909375,IGNORE,0,WATCH,,0,0,0,NA,NA,NA,NA,NA,CLEAR,1,0,0,0,0,TREND_REVERSAL_UNCONFIRMED,1,0.45,LONG,1,0,0,0
BTCUSDT,1780650000000,2026-06-05T09:00:00.000Z,BEAR,LONG,0,7.875,IGNORE,0,WATCH,,0,0,0,NA,NA,NA,NA,NA,WARNING_SOFT,1,0,0,0,0,TREND_REVERSAL_UNCONFIRMED,0,0.45,LONG,1,0,0,0
BTCUSDT,1780653600000,2026-06-05T10:00:00.000Z,BEAR,LONG,0,7.875,IGNORE,0,WATCH,,0,0,0,NA,NA,NA,NA,NA,CLEAR,1,0,0,0,0,TREND_REVERSAL_UNCONFIRMED,0,0.45,LONG,1,0,0,0
BTCUSDT,1780657200000,2026-06-05T11:00:00.000Z,BEAR,LONG,0,7.875,IGNORE,0,WATCH,,0,0,0,NA,NA,NA,NA,NA,CLEAR,1,0,0,0,0,TREND_REVERSAL_UNCONFIRMED,0,0.45,LONG,1,0,0,0
BTCUSDT,1780660800000,2026-06-05T12:00:00.000Z,BEAR,LONG,16.254690484208204,12.811306875631397,IGNORE,0,WATCH,,0,0,0,NA,NA,NA,NA,NA,CLEAR,1,0,0,0,0,TREND_REVERSAL_UNCONFIRMED,1,0.45,LONG,1,0,0,0
BTCUSDT,1780664400000,2026-06-05T13:00:00.000Z,BEAR,LONG,25,13.5,IGNORE,0,WATCH,,0,0,0,NA,NA,NA,NA,NA,CLEAR,1,0,1,0,0,TREND_REVERSAL_UNCONFIRMED,1,0.45,LONG,1,0,0,0
BTCUSDT,1780668000000,2026-06-05T14:00:00.000Z,BEAR,LONG,25,13.5,IGNORE,0,WATCH,,0,0,0,NA,NA,NA,NA,NA,CLEAR,1,0,0,0,0,TREND_REVERSAL_UNCONFIRMED,1,0.45,LONG,1,0,0,0
BTCUSDT,1780671600000,2026-06-05T15:00:00.000Z,BEAR,LONG,25,13.5,IGNORE,0,WATCH,,0,0,0,NA,NA,NA,NA,NA,CLEAR,1,0,1,0,0,TREND_REVERSAL_UNCONFIRMED,1,0.45,LONG,1,0,0,0
BTCUSDT,1780675200000,2026-06-05T16:00:00.000Z,BEAR,LONG,25,13.5,IGNORE,0,WATCH,,0,0,0,NA,NA,NA,NA,NA,CLEAR,1,0,0,0,0,TREND_REVERSAL_UNCONFIRMED,1,0.45,LONG,1,0,0,0
BTCUSDT,1780678800000,2026-06-05T17:00:00.000Z,BEAR,LONG,0,7.875,IGNORE,0,WATCH,,0,0,0,NA,NA,NA,NA,NA,CLEAR,1,0,0,0,0,TREND_REVERSAL_UNCONFIRMED,0,0.45,LONG,1,0,0,0
BTCUSDT,1780682400000,2026-06-05T18:00:00.000Z,BEAR,LONG,20.54587005210044,13.14923726660291,IGNORE,0,WATCH,,0,0,0,NA,NA,NA,NA,NA,CLEAR,1,0,1,0,0,TREND_REVERSAL_UNCONFIRMED,1,0.45,LONG,1,0,0,0
BTCUSDT,1780686000000,2026-06-05T19:00:00.000Z,BEAR,LONG,0,7.875,IGNORE,0,WATCH,,0,0,0,NA,NA,NA,NA,NA,CLEAR,1,0,0,0,0,TREND_REVERSAL_UNCONFIRMED,0,0.45,LONG,1,0,0,0
BTCUSDT,1780689600000,2026-06-05T20:00:00.000Z,BEAR,LONG,25,13.5,IGNORE,0,WATCH,,0,0,0,NA,NA,NA,NA,NA,CLEAR,1,0,0,0,0,TREND_REVERSAL_UNCONFIRMED,1,0.45,LONG,1,0,0,0
BTCUSDT,1780693200000,2026-06-05T21:00:00.000Z,BEAR,LONG,0,7.875,IGNORE,0,WATCH,,0,0,0,NA,NA,NA,NA,NA,WARNING_SOFT,1,0,0,0,0,TREND_REVERSAL_UNCONFIRMED,0,0.45,LONG,1,0,0,0
BTCUSDT,1780696800000,2026-06-05T22:00:00.000Z,BEAR,LONG,0,7.875,IGNORE,0,WATCH,,0,0,0,NA,NA,NA,NA,NA,WARNING_SOFT,1,0,0,0,0,TREND_REVERSAL_UNCONFIRMED,0,0.45,LONG,1,0,0,0
BTCUSDT,1780700400000,2026-06-05T23:00:00.000Z,BEAR,LONG,0,7.875,IGNORE,0,WATCH,,0,0,0,NA,NA,NA,NA,NA,WARNING_SOFT,1,0,0,0,0,TREND_REVERSAL_UNCONFIRMED,0,0.45,LONG,1,0,0,0
BTCUSDT,1780704000000,2026-06-06T00:00:00.000Z,BEAR,LONG,0,7.875,IGNORE,0,WATCH,,0,0,0,NA,NA,NA,NA,NA,WARNING_SOFT,1,0,0,0,0,TREND_REVERSAL_UNCONFIRMED,0,0.45,LONG,1,0,0,0
BTCUSDT,1780707600000,2026-06-06T01:00:00.000Z,BEAR,LONG,0,7.875,IGNORE,0,WATCH,,0,0,0,NA,NA,NA,NA,NA,WARNING_SOFT,1,0,0,0,0,TREND_REVERSAL_UNCONFIRMED,0,0.45,LONG,1,0,0,0
BTCUSDT,1780711200000,2026-06-06T02:00:00.000Z,BEAR,LONG,0,7.875,IGNORE,0,WATCH,,0,0,0,NA,NA,NA,NA,NA,CLEAR,1,0,0,0,0,TREND_REVERSAL_UNCONFIRMED,0,0.45,LONG,1,0,0,0
BTCUSDT,1780714800000,2026-06-06T03:00:00.000Z,BEAR,LONG,0,7.875,IGNORE,0,WATCH,,0,0,0,NA,NA,NA,NA,NA,CLEAR,1,0,0,0,0,TREND_REVERSAL_UNCONFIRMED,0,0.45,LONG,1,0,0,0
BTCUSDT,1780718400000,2026-06-06T04:00:00.000Z,BEAR,LONG,12.533682876127594,12.51827752649505,IGNORE,0,WATCH,,0,0,0,NA,NA,NA,NA,NA,CLEAR,1,0,0,0,0,TREND_REVERSAL_UNCONFIRMED,1,0.45,LONG,1,0,0,0
BTCUSDT,1780722000000,2026-06-06T05:00:00.000Z,BEAR,LONG,25,13.5,IGNORE,0,WATCH,,0,0,0,NA,NA,NA,NA,NA,CLEAR,1,0,0,0,0,TREND_REVERSAL_UNCONFIRMED,1,0.45,LONG,1,0,0,0
BTCUSDT,1780725600000,2026-06-06T06:00:00.000Z,BEAR,LONG,0,7.875,IGNORE,0,WATCH,,0,0,0,NA,NA,NA,NA,NA,WARNING_SOFT,1,0,0,0,0,TREND_REVERSAL_UNCONFIRMED,0,0.45,LONG,1,0,0,0
BTCUSDT,1780729200000,2026-06-06T07:00:00.000Z,BEAR,LONG,17.5,12.909375,IGNORE,0,WATCH,,0,0,0,NA,NA,NA,NA,NA,WARNING_SOFT,1,0,0,0,0,TREND_REVERSAL_UNCONFIRMED,1,0.45,LONG,1,0,0,0
BTCUSDT,1780732800000,2026-06-06T08:00:00.000Z,NEUTRAL,NONE,0,7.875,IGNORE,0,WATCH,,0,0,0,NA,NA,NA,NA,NA,CLEAR,1,0,0,0,0,TREND_REVERSAL_UNCONFIRMED,0,0.45,NONE,1,0,0,0
BTCUSDT,1780736400000,2026-06-06T09:00:00.000Z,BEAR,LONG,17.5,12.909375,IGNORE,0,WATCH,,0,0,0,NA,NA,NA,NA,NA,WARNING_SOFT,1,0,0,0,0,TREND_REVERSAL_UNCONFIRMED,1,0.45,LONG,1,0,0,0
BTCUSDT,1780740000000,2026-06-06T10:00:00.000Z,BEAR,LONG,17.5,12.909375,IGNORE,0,WATCH,,0,0,0,NA,NA,NA,NA,NA,CLEAR,1,0,0,0,0,TREND_REVERSAL_UNCONFIRMED,1,0.45,LONG,1,0,0,0
BTCUSDT,1780743600000,2026-06-06T11:00:00.000Z,BEAR,LONG,42.5,18.534375,IGNORE,0,WATCH,,0,0,0,NA,NA,NA,NA,NA,CLEAR,1,0,0,0,0,TREND_REVERSAL_UNCONFIRMED,2,0.45,LONG,1,0,0,0
BTCUSDT,1780747200000,2026-06-06T12:00:00.000Z,BEAR,LONG,17.5,12.909375,IGNORE,0,WATCH,,0,0,0,NA,NA,NA,NA,NA,CLEAR,1,0,0,0,0,TREND_REVERSAL_UNCONFIRMED,1,0.45,LONG,1,0,0,0
BTCUSDT,1780750800000,2026-06-06T13:00:00.000Z,BEAR,LONG,17.5,12.909375,IGNORE,0,WATCH,,0,0,0,NA,NA,NA,NA,NA,CLEAR,1,0,0,0,0,TREND_REVERSAL_UNCONFIRMED,1,0.45,LONG,1,0,0,0
BTCUSDT,1780754400000,2026-06-06T14:00:00.000Z,BEAR,LONG,17.5,12.909375,IGNORE,0,WATCH,,0,0,0,NA,NA,NA,NA,NA,CLEAR,1,0,0,0,0,TREND_REVERSAL_UNCONFIRMED,1,0.45,LONG,1,0,0,0
BTCUSDT,1780758000000,2026-06-06T15:00:00.000Z,BEAR,LONG,41.1306,18.426534750000002,IGNORE,0,WATCH,,0,0,0,NA,NA,NA,NA,NA,CLEAR,1,0,0,0,0,TREND_REVERSAL_UNCONFIRMED,2,0.45,LONG,1,0,0,0
BTCUSDT,1780761600000,2026-06-06T16:00:00.000Z,BEAR,LONG,17.5,12.909375,IGNORE,0,WATCH,,0,0,0,NA,NA,NA,NA,NA,CLEAR,1,0,0,0,0,TREND_REVERSAL_UNCONFIRMED,1,0.45,LONG,1,0,0,0
BTCUSDT,1780765200000,2026-06-06T17:00:00.000Z,BEAR,LONG,17.5,12.909375,IGNORE,0,WATCH,,0,0,0,NA,NA,NA,NA,NA,CLEAR,1,0,0,0,0,TREND_REVERSAL_UNCONFIRMED,1,0.45,LONG,1,0,0,0
BTCUSDT,1780768800000,2026-06-06T18:00:00.000Z,BEAR,LONG,17.5,12.909375,IGNORE,0,WATCH,,0,0,0,NA,NA,NA,NA,NA,CLEAR,1,0,0,0,0,TREND_REVERSAL_UNCONFIRMED,1,0.45,LONG,1,0,0,0
BTCUSDT,1780772400000,2026-06-06T19:00:00.000Z,BEAR,LONG,37.64387500000001,18.15195515625,IGNORE,0,WATCH,,0,0,0,NA,NA,NA,NA,NA,CLEAR,1,0,0,0,0,TREND_REVERSAL_UNCONFIRMED,2,0.45,LONG,1,0,0,0
BTCUSDT,1780776000000,2026-06-06T20:00:00.000Z,BEAR,LONG,17.5,12.909375,IGNORE,0,WATCH,,0,0,0,NA,NA,NA,NA,NA,CLEAR,1,0,0,0,0,TREND_REVERSAL_UNCONFIRMED,1,0.45,LONG,1,0,0,0
BTCUSDT,1780779600000,2026-06-06T21:00:00.000Z,BEAR,LONG,17.5,12.909375,IGNORE,0,WATCH,,0,0,0,NA,NA,NA,NA,NA,WARNING_SOFT,1,0,0,0,0,TREND_REVERSAL_UNCONFIRMED,1,0.45,LONG,1,0,0,0
BTCUSDT,1780783200000,2026-06-06T22:00:00.000Z,BEAR,LONG,17.5,12.909375,IGNORE,0,WATCH,,0,0,0,NA,NA,NA,NA,NA,CLEAR,1,0,0,0,0,TREND_REVERSAL_UNCONFIRMED,1,0.45,LONG,1,0,0,0
BTCUSDT,1780786800000,2026-06-06T23:00:00.000Z,NEUTRAL,NONE,0,7.875,IGNORE,0,WATCH,,0,0,0,NA,NA,NA,NA,NA,WARNING_SOFT,1,0,0,0,0,TREND_REVERSAL_UNCONFIRMED,0,0.45,NONE,1,0,0,0
BTCUSDT,1780790400000,2026-06-07T00:00:00.000Z,BEAR,LONG,17.5,12.909375,IGNORE,0,WATCH,,0,0,0,NA,NA,NA,NA,NA,WARNING_SOFT,1,0,0,0,0,TREND_REVERSAL_UNCONFIRMED,1,0.45,LONG,1,0,0,0
BTCUSDT,1780794000000,2026-06-07T01:00:00.000Z,NEUTRAL,NONE,0,7.875,IGNORE,0,WATCH,,0,0,0,NA,NA,NA,NA,NA,CLEAR,1,0,0,0,0,TREND_REVERSAL_UNCONFIRMED,0,0.45,NONE,1,0,0,0
BTCUSDT,1780797600000,2026-06-07T02:00:00.000Z,NEUTRAL,NONE,0,7.875,IGNORE,0,WATCH,,0,0,0,NA,NA,NA,NA,NA,CLEAR,1,0,0,0,0,TREND_REVERSAL_UNCONFIRMED,0,0.45,NONE,1,0,0,0
BTCUSDT,1780801200000,2026-06-07T03:00:00.000Z,NEUTRAL,NONE,0,7.875,IGNORE,0,WATCH,,0,0,0,NA,NA,NA,NA,NA,CLEAR,1,0,0,0,0,TREND_REVERSAL_UNCONFIRMED,0,0.45,NONE,1,0,0,0
BTCUSDT,1780804800000,2026-06-07T04:00:00.000Z,NEUTRAL,NONE,0,7.875,IGNORE,0,WATCH,,0,0,0,NA,NA,NA,NA,NA,CLEAR,1,0,0,0,0,TREND_REVERSAL_UNCONFIRMED,0,0.45,NONE,1,0,0,0
BTCUSDT,1780808400000,2026-06-07T05:00:00.000Z,NEUTRAL,NONE,0,7.875,IGNORE,0,WATCH,,0,0,0,NA,NA,NA,NA,NA,CLEAR,1,0,0,0,0,TREND_REVERSAL_UNCONFIRMED,0,0.45,NONE,1,0,0,0
BTCUSDT,1780812000000,2026-06-07T06:00:00.000Z,NEUTRAL,NONE,0,7.875,IGNORE,0,WATCH,,0,0,0,NA,NA,NA,NA,NA,CLEAR,1,1,0,0,0,TREND_REVERSAL_UNCONFIRMED,0,0.45,NONE,1,0,0,0
BTCUSDT,1780815600000,2026-06-07T07:00:00.000Z,NEUTRAL,NONE,0,7.875,IGNORE,0,WATCH,,0,0,0,NA,NA,NA,NA,NA,CLEAR,1,1,0,0,0,TREND_REVERSAL_UNCONFIRMED,0,0.45,NONE,1,0,0,0
BTCUSDT,1780819200000,2026-06-07T08:00:00.000Z,NEUTRAL,NONE,0,7.875,IGNORE,0,WATCH,,0,0,0,NA,NA,NA,NA,NA,CLEAR,1,1,0,0,0,TREND_REVERSAL_UNCONFIRMED,0,0.45,NONE,1,0,0,0
BTCUSDT,1780822800000,2026-06-07T09:00:00.000Z,NEUTRAL,NONE,0,7.875,IGNORE,0,WATCH,,0,0,0,NA,NA,NA,NA,NA,CLEAR,1,0,0,0,0,TREND_REVERSAL_UNCONFIRMED,0,0.45,NONE,1,0,0,0
BTCUSDT,1780826400000,2026-06-07T10:00:00.000Z,NEUTRAL,NONE,0,7.875,IGNORE,0,WATCH,,0,0,0,NA,NA,NA,NA,NA,CLEAR,1,0,0,0,0,TREND_REVERSAL_UNCONFIRMED,0,0.45,NONE,1,0,0,0
BTCUSDT,1780830000000,2026-06-07T11:00:00.000Z,NEUTRAL,NONE,0,7.875,IGNORE,0,WATCH,,0,0,0,NA,NA,NA,NA,NA,CLEAR,1,0,0,0,0,TREND_REVERSAL_UNCONFIRMED,0,0.45,NONE,1,0,0,0
BTCUSDT,1780833600000,2026-06-07T12:00:00.000Z,NEUTRAL,NONE,0,7.875,IGNORE,0,WATCH,,0,0,0,NA,NA,NA,NA,NA,WARNING_SOFT,1,0,0,0,0,TREND_REVERSAL_UNCONFIRMED,0,0.45,NONE,1,0,0,0
BTCUSDT,1780837200000,2026-06-07T13:00:00.000Z,BEAR,LONG,17.5,12.909375,IGNORE,0,WATCH,,0,0,0,NA,NA,NA,NA,NA,CLEAR,1,0,0,0,0,TREND_REVERSAL_UNCONFIRMED,1,0.45,LONG,1,0,0,0
BTCUSDT,1780840800000,2026-06-07T14:00:00.000Z,NEUTRAL,NONE,0,7.875,IGNORE,0,WATCH,,0,0,0,NA,NA,NA,NA,NA,WARNING_SOFT,1,0,0,0,0,TREND_REVERSAL_UNCONFIRMED,0,0.45,NONE,1,0,0,0
BTCUSDT,1780844400000,2026-06-07T15:00:00.000Z,BULL,SHORT,0,7.875,IGNORE,0,WATCH,,0,0,0,NA,NA,NA,NA,NA,WARNING_SOFT,1,0,0,0,0,TREND_REVERSAL_UNCONFIRMED,0,0.45,SHORT,1,0,0,0
BTCUSDT,1780848000000,2026-06-07T16:00:00.000Z,BULL,SHORT,25,13.5,IGNORE,0,WATCH,,0,0,0,NA,NA,NA,NA,NA,CLEAR,1,0,0,0,0,TREND_REVERSAL_UNCONFIRMED,1,0.45,SHORT,1,0,0,0
BTCUSDT,1780851600000,2026-06-07T17:00:00.000Z,BULL,SHORT,0,7.875,IGNORE,0,WATCH,,0,0,0,NA,NA,NA,NA,NA,CLEAR,1,0,0,0,0,TREND_REVERSAL_UNCONFIRMED,0,0.45,SHORT,1,0,0,0
BTCUSDT,1780855200000,2026-06-07T18:00:00.000Z,BULL,SHORT,0,7.875,IGNORE,0,WATCH,,0,0,0,NA,NA,NA,NA,NA,CLEAR,1,0,0,0,0,TREND_REVERSAL_UNCONFIRMED,0,0.45,SHORT,1,0,0,0
BTCUSDT,1780858800000,2026-06-07T19:00:00.000Z,NEUTRAL,NONE,0,7.875,IGNORE,0,WATCH,,0,0,0,NA,NA,NA,NA,NA,BLOCK,0,0,0,0,0,TREND_REVERSAL_UNCONFIRMED,0,0.45,NONE,1,0,0,0
BTCUSDT,1780862400000,2026-06-07T20:00:00.000Z,BULL,SHORT,17.5,12.909375,IGNORE,0,WATCH,,0,0,0,NA,NA,NA,NA,NA,BLOCK,0,0,0,0,0,TREND_REVERSAL_UNCONFIRMED,1,0.45,SHORT,1,0,0,0
BTCUSDT,1780866000000,2026-06-07T21:00:00.000Z,NEUTRAL,NONE,0,7.875,IGNORE,0,WATCH,,0,0,0,NA,NA,NA,NA,NA,WARNING_SOFT,1,0,0,0,0,TREND_REVERSAL_UNCONFIRMED,0,0.45,NONE,1,0,0,0
BTCUSDT,1780869600000,2026-06-07T22:00:00.000Z,BULL,SHORT,42.5,18.534375,IGNORE,0,WATCH,,0,0,0,NA,NA,NA,NA,NA,CLEAR,1,0,0,0,0,TREND_REVERSAL_UNCONFIRMED,2,0.45,SHORT,1,0,0,0
BTCUSDT,1780873200000,2026-06-07T23:00:00.000Z,BULL,SHORT,17.5,12.909375,IGNORE,0,WATCH,,0,0,0,NA,NA,NA,NA,NA,CLEAR,1,0,0,0,0,TREND_REVERSAL_UNCONFIRMED,1,0.45,SHORT,1,0,0,0
BTCUSDT,1780876800000,2026-06-08T00:00:00.000Z,BULL,SHORT,17.5,12.909375,IGNORE,0,WATCH,,0,0,0,NA,NA,NA,NA,NA,CLEAR,1,0,0,0,0,TREND_REVERSAL_UNCONFIRMED,1,0.45,SHORT,1,0,0,0
BTCUSDT,1780880400000,2026-06-08T01:00:00.000Z,BULL,SHORT,13.054018769680471,12.559253978112336,IGNORE,0,WATCH,,0,0,0,NA,NA,NA,NA,NA,CLEAR,1,0,0,0,0,TREND_REVERSAL_UNCONFIRMED,1,0.45,SHORT,1,0,0,0
BTCUSDT,1780884000000,2026-06-08T02:00:00.000Z,BULL,SHORT,0,7.875,IGNORE,0,WATCH,,0,0,0,NA,NA,NA,NA,NA,CLEAR,1,0,0,0,0,TREND_REVERSAL_UNCONFIRMED,0,0.45,SHORT,1,0,0,0
BTCUSDT,1780887600000,2026-06-08T03:00:00.000Z,BULL,SHORT,0,7.875,IGNORE,0,WATCH,,0,0,0,NA,NA,NA,NA,NA,CLEAR,1,0,0,0,0,TREND_REVERSAL_UNCONFIRMED,0,0.45,SHORT,1,0,0,0
BTCUSDT,1780891200000,2026-06-08T04:00:00.000Z,BULL,SHORT,25,13.5,IGNORE,0,WATCH,,0,0,0,NA,NA,NA,NA,NA,CLEAR,1,0,0,0,0,TREND_REVERSAL_UNCONFIRMED,1,0.45,SHORT,1,0,0,0
BTCUSDT,1780894800000,2026-06-08T05:00:00.000Z,BULL,SHORT,0,7.875,IGNORE,0,WATCH,,0,0,0,NA,NA,NA,NA,NA,WARNING_SOFT,1,0,0,0,0,TREND_REVERSAL_UNCONFIRMED,0,0.45,SHORT,1,0,0,0
BTCUSDT,1780898400000,2026-06-08T06:00:00.000Z,BULL,SHORT,0,7.875,IGNORE,0,WATCH,,0,0,0,NA,NA,NA,NA,NA,CLEAR,1,0,0,0,0,TREND_REVERSAL_UNCONFIRMED,0,0.45,SHORT,1,0,0,0
BTCUSDT,1780902000000,2026-06-08T07:00:00.000Z,BULL,SHORT,0,7.875,IGNORE,0,WATCH,,0,0,0,NA,NA,NA,NA,NA,CLEAR,1,0,0,0,0,TREND_REVERSAL_UNCONFIRMED,0,0.45,SHORT,1,0,0,0
BTCUSDT,1780905600000,2026-06-08T08:00:00.000Z,BULL,SHORT,25,13.5,IGNORE,0,WATCH,,0,0,0,NA,NA,NA,NA,NA,CLEAR,1,0,0,0,0,TREND_REVERSAL_UNCONFIRMED,1,0.45,SHORT,1,0,0,0
BTCUSDT,1780909200000,2026-06-08T09:00:00.000Z,BULL,SHORT,0,7.875,IGNORE,0,WATCH,,0,0,0,NA,NA,NA,NA,NA,CLEAR,1,0,0,0,0,TREND_REVERSAL_UNCONFIRMED,0,0.45,SHORT,1,0,0,0
BTCUSDT,1780912800000,2026-06-08T10:00:00.000Z,BULL,SHORT,0,7.875,IGNORE,0,WATCH,,0,0,0,NA,NA,NA,NA,NA,CLEAR,1,0,0,0,0,TREND_REVERSAL_UNCONFIRMED,0,0.45,SHORT,1,0,0,0
BTCUSDT,1780916400000,2026-06-08T11:00:00.000Z,BULL,SHORT,15.723524071382222,12.76947752062135,IGNORE,0,WATCH,,0,0,0,NA,NA,NA,NA,NA,CLEAR,1,0,0,0,0,TREND_REVERSAL_UNCONFIRMED,1,0.45,SHORT,1,0,0,0
BTCUSDT,1780920000000,2026-06-08T12:00:00.000Z,BULL,SHORT,25,13.5,IGNORE,0,WATCH,,0,0,0,NA,NA,NA,NA,NA,WARNING_SOFT,1,0,0,0,0,TREND_REVERSAL_UNCONFIRMED,1,0.45,SHORT,1,0,0,0
BTCUSDT,1780923600000,2026-06-08T13:00:00.000Z,BULL,SHORT,17.81566533027307,12.934233644759004,IGNORE,0,WATCH,,0,0,0,NA,NA,NA,NA,NA,CLEAR,1,0,0,0,0,TREND_REVERSAL_UNCONFIRMED,1,0.45,SHORT,1,0,0,0
BTCUSDT,1780927200000,2026-06-08T14:00:00.000Z,BULL,SHORT,0,7.875,IGNORE,0,WATCH,,0,0,0,NA,NA,NA,NA,NA,CLEAR,1,0,0,0,0,TREND_REVERSAL_UNCONFIRMED,0,0.45,SHORT,1,0,0,0
BTCUSDT,1780930800000,2026-06-08T15:00:00.000Z,BULL,SHORT,0,7.875,IGNORE,0,WATCH,,0,0,0,NA,NA,NA,NA,NA,CLEAR,1,0,0,0,0,TREND_REVERSAL_UNCONFIRMED,0,0.45,SHORT,1,0,0,0
BTCUSDT,1780934400000,2026-06-08T16:00:00.000Z,BULL,SHORT,25,13.5,IGNORE,0,WATCH,,0,0,0,NA,NA,NA,NA,NA,CLEAR,1,0,0,0,0,TREND_REVERSAL_UNCONFIRMED,1,0.45,SHORT,1,0,0,0
BTCUSDT,1780938000000,2026-06-08T17:00:00.000Z,BULL,SHORT,0,7.875,IGNORE,0,WATCH,,0,0,0,NA,NA,NA,NA,NA,CLEAR,1,0,0,0,0,TREND_REVERSAL_UNCONFIRMED,0,0.45,SHORT,1,0,0,0
BTCUSDT,1780941600000,2026-06-08T18:00:00.000Z,BULL,SHORT,17.5,12.909375,IGNORE,0,WATCH,,0,0,0,NA,NA,NA,NA,NA,CLEAR,1,0,0,0,0,TREND_REVERSAL_UNCONFIRMED,1,0.45,SHORT,1,0,0,0
BTCUSDT,1780945200000,2026-06-08T19:00:00.000Z,BULL,SHORT,17.5,12.909375,IGNORE,0,WATCH,,0,0,0,NA,NA,NA,NA,NA,WARNING_SOFT,1,0,0,0,0,TREND_REVERSAL_UNCONFIRMED,1,0.45,SHORT,1,0,0,0
BTCUSDT,1780948800000,2026-06-08T20:00:00.000Z,BULL,SHORT,17.5,12.909375,IGNORE,0,WATCH,,0,0,0,NA,NA,NA,NA,NA,WARNING_SOFT,1,0,0,0,0,TREND_REVERSAL_UNCONFIRMED,1,0.45,SHORT,1,0,0,0
BTCUSDT,1780952400000,2026-06-08T21:00:00.000Z,BULL,SHORT,17.5,12.909375,IGNORE,0,WATCH,,0,0,0,NA,NA,NA,NA,NA,WARNING_SOFT,1,0,0,0,0,TREND_REVERSAL_UNCONFIRMED,1,0.45,SHORT,1,0,0,0
BTCUSDT,1780956000000,2026-06-08T22:00:00.000Z,BULL,SHORT,17.5,12.909375,IGNORE,0,WATCH,,0,0,0,NA,NA,NA,NA,NA,WARNING_SOFT,1,0,0,0,0,TREND_REVERSAL_UNCONFIRMED,1,0.45,SHORT,1,0,0,0
BTCUSDT,1780959600000,2026-06-08T23:00:00.000Z,NEUTRAL,NONE,0,7.875,IGNORE,0,WATCH,,0,0,0,NA,NA,NA,NA,NA,WARNING_SOFT,1,0,0,0,0,TREND_REVERSAL_UNCONFIRMED,0,0.45,NONE,1,0,0,0
BTCUSDT,1780963200000,2026-06-09T00:00:00.000Z,NEUTRAL,NONE,0,7.875,IGNORE,0,WATCH,,0,0,0,NA,NA,NA,NA,NA,BLOCK,0,0,0,0,0,TREND_REVERSAL_UNCONFIRMED,0,0.45,NONE,1,0,0,0
BTCUSDT,1780966800000,2026-06-09T01:00:00.000Z,NEUTRAL,NONE,0,7.875,IGNORE,0,WATCH,,0,0,0,NA,NA,NA,NA,NA,BLOCK,0,0,0,0,0,TREND_REVERSAL_UNCONFIRMED,0,0.45,NONE,1,0,0,0
BTCUSDT,1780970400000,2026-06-09T02:00:00.000Z,NEUTRAL,NONE,0,7.875,IGNORE,0,WATCH,,0,0,0,NA,NA,NA,NA,NA,WARNING_SOFT,1,0,0,0,0,TREND_REVERSAL_UNCONFIRMED,0,0.45,NONE,1,0,0,0
BTCUSDT,1780974000000,2026-06-09T03:00:00.000Z,NEUTRAL,NONE,0,7.875,IGNORE,0,WATCH,,0,0,0,NA,NA,NA,NA,NA,WARNING_SOFT,1,0,0,0,0,TREND_REVERSAL_UNCONFIRMED,0,0.45,NONE,1,0,0,0
BTCUSDT,1780977600000,2026-06-09T04:00:00.000Z,BULL,SHORT,17.5,12.909375,IGNORE,0,WATCH,,0,0,0,NA,NA,NA,NA,NA,WARNING_SOFT,1,0,0,0,0,TREND_REVERSAL_UNCONFIRMED,1,0.45,SHORT,1,0,0,0
BTCUSDT,1780981200000,2026-06-09T05:00:00.000Z,BULL,SHORT,17.5,12.909375,IGNORE,0,WATCH,,0,0,0,NA,NA,NA,NA,NA,CLEAR,1,0,0,0,0,TREND_REVERSAL_UNCONFIRMED,1,0.45,SHORT,1,0,0,0
BTCUSDT,1780984800000,2026-06-09T06:00:00.000Z,BULL,SHORT,42.5,18.534375,IGNORE,0,WATCH,,0,0,0,NA,NA,NA,NA,NA,CLEAR,1,0,0,0,0,TREND_REVERSAL_UNCONFIRMED,2,0.45,SHORT,1,0,0,0
BTCUSDT,1780988400000,2026-06-09T07:00:00.000Z,BULL,SHORT,17.5,12.909375,IGNORE,0,WATCH,,0,0,0,NA,NA,NA,NA,NA,WARNING_SOFT,1,0,0,0,0,TREND_REVERSAL_UNCONFIRMED,1,0.45,SHORT,1,0,0,0
BTCUSDT,1780992000000,2026-06-09T08:00:00.000Z,NEUTRAL,NONE,0,7.875,IGNORE,0,WATCH,,0,0,0,NA,NA,NA,NA,NA,BLOCK,0,0,0,0,0,TREND_REVERSAL_UNCONFIRMED,0,0.45,NONE,1,0,0,0
BTCUSDT,1780995600000,2026-06-09T09:00:00.000Z,NEUTRAL,NONE,0,7.875,IGNORE,0,WATCH,,0,0,0,NA,NA,NA,NA,NA,WARNING_SOFT,1,0,0,0,0,TREND_REVERSAL_UNCONFIRMED,0,0.45,NONE,1,0,0,0
BTCUSDT,1780999200000,2026-06-09T10:00:00.000Z,NEUTRAL,NONE,0,7.875,IGNORE,0,WATCH,,0,0,0,NA,NA,NA,NA,NA,WARNING_SOFT,1,0,0,0,0,TREND_REVERSAL_UNCONFIRMED,0,0.45,NONE,1,0,0,0
BTCUSDT,1781002800000,2026-06-09T11:00:00.000Z,NEUTRAL,NONE,0,7.875,IGNORE,0,WATCH,,0,0,0,NA,NA,NA,NA,NA,BLOCK,0,0,0,0,0,TREND_REVERSAL_UNCONFIRMED,0,0.45,NONE,1,0,0,0
BTCUSDT,1781006400000,2026-06-09T12:00:00.000Z,NEUTRAL,NONE,0,7.875,IGNORE,0,WATCH,,0,0,0,NA,NA,NA,NA,NA,WARNING_SOFT,1,0,0,0,0,TREND_REVERSAL_UNCONFIRMED,0,0.45,NONE,1,0,0,0
BTCUSDT,1781010000000,2026-06-09T13:00:00.000Z,NEUTRAL,NONE,0,7.875,IGNORE,0,WATCH,,0,0,0,NA,NA,NA,NA,NA,BLOCK,0,0,0,0,0,TREND_REVERSAL_UNCONFIRMED,0,0.45,NONE,1,0,0,0
BTCUSDT,1781013600000,2026-06-09T14:00:00.000Z,NEUTRAL,NONE,0,7.875,IGNORE,0,WATCH,,0,0,0,NA,NA,NA,NA,NA,BLOCK,0,0,0,0,0,TREND_REVERSAL_UNCONFIRMED,0,0.45,NONE,1,0,0,0
BTCUSDT,1781017200000,2026-06-09T15:00:00.000Z,BEAR,LONG,38.19444444444444,18.1953125,IGNORE,0,WATCH,,0,0,0,NA,NA,NA,NA,NA,CLEAR,1,0,1,0,0,TREND_REVERSAL_UNCONFIRMED,2,0.45,LONG,1,0,0,0
BTCUSDT,1781020800000,2026-06-09T16:00:00.000Z,BEAR,LONG,25,13.5,IGNORE,0,WATCH,,0,0,0,NA,NA,NA,NA,NA,CLEAR,1,0,0,0,0,TREND_REVERSAL_UNCONFIRMED,1,0.45,LONG,1,0,0,0
BTCUSDT,1781024400000,2026-06-09T17:00:00.000Z,BEAR,LONG,38.99272667971934,18.258177226027897,IGNORE,0,WATCH,,0,0,0,NA,NA,NA,NA,NA,CLEAR,1,0,0,0,0,TREND_REVERSAL_UNCONFIRMED,2,0.45,LONG,1,0,0,0
BTCUSDT,1781028000000,2026-06-09T18:00:00.000Z,BEAR,LONG,0,7.875,IGNORE,0,WATCH,,0,0,0,NA,NA,NA,NA,NA,CLEAR,1,0,0,0,0,TREND_REVERSAL_UNCONFIRMED,0,0.45,LONG,1,0,0,0
BTCUSDT,1781031600000,2026-06-09T19:00:00.000Z,BEAR,LONG,0,7.875,IGNORE,0,WATCH,,0,0,0,NA,NA,NA,NA,NA,CLEAR,1,0,0,0,0,TREND_REVERSAL_UNCONFIRMED,0,0.45,LONG,1,0,0,0
BTCUSDT,1781035200000,2026-06-09T20:00:00.000Z,BEAR,LONG,0,7.875,IGNORE,0,WATCH,,0,0,0,NA,NA,NA,NA,NA,WARNING_SOFT,1,0,0,0,0,TREND_REVERSAL_UNCONFIRMED,0,0.45,LONG,1,0,0,0
BTCUSDT,1781038800000,2026-06-09T21:00:00.000Z,BEAR,LONG,0,7.875,IGNORE,0,WATCH,,0,0,0,NA,NA,NA,NA,NA,WARNING_SOFT,1,0,0,0,0,TREND_REVERSAL_UNCONFIRMED,0,0.45,LONG,1,0,0,0
BTCUSDT,1781042400000,2026-06-09T22:00:00.000Z,BEAR,LONG,0,7.875,IGNORE,0,WATCH,,0,0,0,NA,NA,NA,NA,NA,CLEAR,1,0,0,0,0,TREND_REVERSAL_UNCONFIRMED,0,0.45,LONG,1,0,0,0
BTCUSDT,1781046000000,2026-06-09T23:00:00.000Z,BEAR,LONG,0,7.875,IGNORE,0,WATCH,,0,0,0,NA,NA,NA,NA,NA,CLEAR,1,0,0,0,0,TREND_REVERSAL_UNCONFIRMED,0,0.45,LONG,1,0,0,0
BTCUSDT,1781049600000,2026-06-10T00:00:00.000Z,BEAR,LONG,0,7.875,IGNORE,0,WATCH,,0,0,0,NA,NA,NA,NA,NA,CLEAR,1,0,0,0,0,TREND_REVERSAL_UNCONFIRMED,0,0.45,LONG,1,0,0,0
BTCUSDT,1781053200000,2026-06-10T01:00:00.000Z,BEAR,LONG,21.887925000000006,13.25492409375,IGNORE,0,WATCH,,0,0,0,NA,NA,NA,NA,NA,CLEAR,1,0,0,0,0,TREND_REVERSAL_UNCONFIRMED,1,0.45,LONG,1,0,0,0
BTCUSDT,1781056800000,2026-06-10T02:00:00.000Z,BEAR,LONG,0,7.875,IGNORE,0,WATCH,,0,0,0,NA,NA,NA,NA,NA,CLEAR,1,0,0,0,0,TREND_REVERSAL_UNCONFIRMED,0,0.45,LONG,1,0,0,0
BTCUSDT,1781060400000,2026-06-10T03:00:00.000Z,BEAR,LONG,0,7.875,IGNORE,0,WATCH,,0,0,0,NA,NA,NA,NA,NA,CLEAR,1,0,0,0,0,TREND_REVERSAL_UNCONFIRMED,0,0.45,LONG,1,0,0,0
BTCUSDT,1781064000000,2026-06-10T04:00:00.000Z,BEAR,LONG,0,7.875,IGNORE,0,WATCH,,0,0,0,NA,NA,NA,NA,NA,CLEAR,1,0,0,0,0,TREND_REVERSAL_UNCONFIRMED,0,0.45,LONG,1,0,0,0
BTCUSDT,1781067600000,2026-06-10T05:00:00.000Z,BEAR,LONG,0,7.875,IGNORE,0,WATCH,,0,0,0,NA,NA,NA,NA,NA,CLEAR,1,0,0,0,0,TREND_REVERSAL_UNCONFIRMED,0,0.45,LONG,1,0,0,0
BTCUSDT,1781071200000,2026-06-10T06:00:00.000Z,BEAR,LONG,0,7.875,IGNORE,0,WATCH,,0,0,0,NA,NA,NA,NA,NA,CLEAR,1,0,0,0,0,TREND_REVERSAL_UNCONFIRMED,0,0.45,LONG,1,0,0,0
BTCUSDT,1781074800000,2026-06-10T07:00:00.000Z,BEAR,LONG,0,7.875,IGNORE,0,WATCH,,0,0,0,NA,NA,NA,NA,NA,WARNING_SOFT,1,0,0,0,0,TREND_REVERSAL_UNCONFIRMED,0,0.45,LONG,1,0,0,0
BTCUSDT,1781078400000,2026-06-10T08:00:00.000Z,BEAR,LONG,17.5,12.909375,IGNORE,0,WATCH,,0,0,0,NA,NA,NA,NA,NA,WARNING_SOFT,1,0,0,0,0,TREND_REVERSAL_UNCONFIRMED,1,0.45,LONG,1,0,0,0
BTCUSDT,1781082000000,2026-06-10T09:00:00.000Z,BEAR,LONG,32.01126582343648,17.708387183595622,IGNORE,0,WATCH,,0,0,0,NA,NA,NA,NA,NA,CLEAR,1,0,0,0,0,TREND_REVERSAL_UNCONFIRMED,2,0.45,LONG,1,0,0,0
BTCUSDT,1781085600000,2026-06-10T10:00:00.000Z,BEAR,LONG,42.5,18.534375,IGNORE,0,WATCH,,0,0,0,NA,NA,NA,NA,NA,CLEAR,1,0,0,0,0,TREND_REVERSAL_UNCONFIRMED,2,0.45,LONG,1,0,0,0
BTCUSDT,1781089200000,2026-06-10T11:00:00.000Z,BEAR,LONG,31.51998376332503,17.669698721361847,IGNORE,0,WATCH,,0,0,0,NA,NA,NA,NA,NA,CLEAR,1,0,0,0,0,TREND_REVERSAL_UNCONFIRMED,2,0.45,LONG,1,0,0,0
BTCUSDT,1781092800000,2026-06-10T12:00:00.000Z,BEAR,LONG,25,13.5,IGNORE,0,WATCH,,0,0,0,NA,NA,NA,NA,NA,CLEAR,1,0,0,0,0,TREND_REVERSAL_UNCONFIRMED,1,0.45,LONG,1,0,0,0
BTCUSDT,1781096400000,2026-06-10T13:00:00.000Z,NEUTRAL,NONE,0,7.875,IGNORE,0,WATCH,,0,0,0,NA,NA,NA,NA,NA,CLEAR,1,0,0,0,0,TREND_REVERSAL_UNCONFIRMED,0,0.45,NONE,1,0,0,0
BTCUSDT,1781100000000,2026-06-10T14:00:00.000Z,NEUTRAL,NONE,0,7.875,IGNORE,0,WATCH,,0,0,0,NA,NA,NA,NA,NA,CLEAR,1,1,0,0,0,TREND_REVERSAL_UNCONFIRMED,0,0.45,NONE,1,0,0,0
BTCUSDT,1781103600000,2026-06-10T15:00:00.000Z,NEUTRAL,NONE,0,7.875,IGNORE,0,WATCH,,0,0,0,NA,NA,NA,NA,NA,CLEAR,1,1,0,0,0,TREND_REVERSAL_UNCONFIRMED,0,0.45,NONE,1,0,0,0
BTCUSDT,1781107200000,2026-06-10T16:00:00.000Z,NEUTRAL,NONE,0,7.875,IGNORE,0,WATCH,,0,0,0,NA,NA,NA,NA,NA,CLEAR,1,0,0,0,0,TREND_REVERSAL_UNCONFIRMED,0,0.45,NONE,1,0,0,0
BTCUSDT,1781110800000,2026-06-10T17:00:00.000Z,NEUTRAL,NONE,0,7.875,IGNORE,0,WATCH,,0,0,0,NA,NA,NA,NA,NA,CLEAR,1,0,0,0,0,TREND_REVERSAL_UNCONFIRMED,0,0.45,NONE,1,0,0,0
BTCUSDT,1781114400000,2026-06-10T18:00:00.000Z,NEUTRAL,NONE,0,7.875,IGNORE,0,WATCH,,0,0,0,NA,NA,NA,NA,NA,CLEAR,1,0,0,0,0,TREND_REVERSAL_UNCONFIRMED,0,0.45,NONE,1,0,0,0
BTCUSDT,1781118000000,2026-06-10T19:00:00.000Z,NEUTRAL,NONE,0,7.875,IGNORE,0,WATCH,,0,0,0,NA,NA,NA,NA,NA,WARNING_SOFT,1,0,0,0,0,TREND_REVERSAL_UNCONFIRMED,0,0.45,NONE,1,0,0,0
BTCUSDT,1781121600000,2026-06-10T20:00:00.000Z,BEAR,LONG,0,7.875,IGNORE,0,WATCH,,0,0,0,NA,NA,NA,NA,NA,WARNING_SOFT,1,0,0,0,0,TREND_REVERSAL_UNCONFIRMED,0,0.45,LONG,1,0,0,0
BTCUSDT,1781125200000,2026-06-10T21:00:00.000Z,BEAR,LONG,0,7.875,IGNORE,0,WATCH,,0,0,0,NA,NA,NA,NA,NA,CLEAR,1,0,0,0,0,TREND_REVERSAL_UNCONFIRMED,0,0.45,LONG,1,0,0,0
BTCUSDT,1781128800000,2026-06-10T22:00:00.000Z,BEAR,LONG,25,13.5,IGNORE,0,WATCH,,0,0,0,NA,NA,NA,NA,NA,CLEAR,1,0,0,0,0,TREND_REVERSAL_UNCONFIRMED,1,0.45,LONG,1,0,0,0
BTCUSDT,1781132400000,2026-06-10T23:00:00.000Z,BEAR,LONG,0,7.875,IGNORE,0,WATCH,,0,0,0,NA,NA,NA,NA,NA,CLEAR,1,0,0,0,0,TREND_REVERSAL_UNCONFIRMED,0,0.45,LONG,1,0,0,0
BTCUSDT,1781136000000,2026-06-11T00:00:00.000Z,NEUTRAL,NONE,0,7.875,IGNORE,0,WATCH,,0,0,0,NA,NA,NA,NA,NA,WARNING_SOFT,1,0,0,0,0,TREND_REVERSAL_UNCONFIRMED,0,0.45,NONE,1,0,0,0
BTCUSDT,1781139600000,2026-06-11T01:00:00.000Z,NEUTRAL,NONE,0,7.875,IGNORE,0,WATCH,,0,0,0,NA,NA,NA,NA,NA,CLEAR,1,0,0,0,0,TREND_REVERSAL_UNCONFIRMED,0,0.45,NONE,1,0,0,0
BTCUSDT,1781143200000,2026-06-11T02:00:00.000Z,NEUTRAL,NONE,0,7.875,IGNORE,0,WATCH,,0,0,0,NA,NA,NA,NA,NA,CLEAR,1,0,0,0,0,TREND_REVERSAL_UNCONFIRMED,0,0.45,NONE,1,0,0,0
BTCUSDT,1781146800000,2026-06-11T03:00:00.000Z,NEUTRAL,NONE,0,7.875,IGNORE,0,WATCH,,0,0,0,NA,NA,NA,NA,NA,CLEAR,1,0,0,0,0,TREND_REVERSAL_UNCONFIRMED,0,0.45,NONE,1,0,0,0
BTCUSDT,1781150400000,2026-06-11T04:00:00.000Z,NEUTRAL,NONE,0,7.875,IGNORE,0,WATCH,,0,0,0,NA,NA,NA,NA,NA,CLEAR,1,0,0,0,0,TREND_REVERSAL_UNCONFIRMED,0,0.45,NONE,1,0,0,0
BTCUSDT,1781154000000,2026-06-11T05:00:00.000Z,NEUTRAL,NONE,0,7.875,IGNORE,0,WATCH,,0,0,0,NA,NA,NA,NA,NA,CLEAR,1,0,0,0,0,TREND_REVERSAL_UNCONFIRMED,0,0.45,NONE,1,0,0,0
BTCUSDT,1781157600000,2026-06-11T06:00:00.000Z,BULL,SHORT,0,7.875,IGNORE,0,WATCH,,0,0,0,NA,NA,NA,NA,NA,CLEAR,1,0,0,0,0,TREND_REVERSAL_UNCONFIRMED,0,0.45,SHORT,1,0,0,0
BTCUSDT,1781161200000,2026-06-11T07:00:00.000Z,BULL,SHORT,0,7.875,IGNORE,0,WATCH,,0,0,0,NA,NA,NA,NA,NA,CLEAR,1,0,0,0,0,TREND_REVERSAL_UNCONFIRMED,0,0.45,SHORT,1,0,0,0
BTCUSDT,1781164800000,2026-06-11T08:00:00.000Z,BULL,SHORT,12.847222222222221,12.54296875,IGNORE,0,WATCH,,0,0,0,NA,NA,NA,NA,NA,CLEAR,1,0,0,0,0,TREND_REVERSAL_UNCONFIRMED,1,0.45,SHORT,1,0,0,0
BTCUSDT,1781168400000,2026-06-11T09:00:00.000Z,BULL,SHORT,0,7.875,IGNORE,0,WATCH,,0,0,0,NA,NA,NA,NA,NA,CLEAR,1,0,0,0,0,TREND_REVERSAL_UNCONFIRMED,0,0.45,SHORT,1,0,0,0
BTCUSDT,1781172000000,2026-06-11T10:00:00.000Z,BULL,SHORT,0,7.875,IGNORE,0,WATCH,,0,0,0,NA,NA,NA,NA,NA,CLEAR,1,0,0,0,0,TREND_REVERSAL_UNCONFIRMED,0,0.45,SHORT,1,0,0,0
BTCUSDT,1781175600000,2026-06-11T11:00:00.000Z,BULL,SHORT,0,7.875,IGNORE,0,WATCH,,0,0,0,NA,NA,NA,NA,NA,CLEAR,1,0,0,0,0,TREND_REVERSAL_UNCONFIRMED,0,0.45,SHORT,1,0,0,0
BTCUSDT,1781179200000,2026-06-11T12:00:00.000Z,BULL,SHORT,50,19.125,IGNORE,0,WATCH,,0,0,0,NA,NA,NA,NA,NA,WARNING_SOFT,1,0,0,0,0,TREND_REVERSAL_UNCONFIRMED,2,0.45,SHORT,1,0,0,0
BTCUSDT,1781182800000,2026-06-11T13:00:00.000Z,BULL,SHORT,22.125300715317678,13.273617431331267,IGNORE,0,WATCH,,0,0,0,NA,NA,NA,NA,NA,CLEAR,1,0,0,0,0,TREND_REVERSAL_UNCONFIRMED,1,0.45,SHORT,1,0,0,0
BTCUSDT,1781186400000,2026-06-11T14:00:00.000Z,BULL,SHORT,0,7.875,IGNORE,0,WATCH,,0,0,0,NA,NA,NA,NA,NA,CLEAR,1,0,0,0,0,TREND_REVERSAL_UNCONFIRMED,0,0.45,SHORT,1,0,0,0
BTCUSDT,1781190000000,2026-06-11T15:00:00.000Z,BULL,SHORT,0,7.875,IGNORE,0,WATCH,,0,0,0,NA,NA,NA,NA,NA,WARNING_SOFT,1,0,0,0,0,TREND_REVERSAL_UNCONFIRMED,0,0.45,SHORT,1,0,0,0
BTCUSDT,1781193600000,2026-06-11T16:00:00.000Z,NEUTRAL,NONE,0,7.875,IGNORE,0,WATCH,,0,0,0,NA,NA,NA,NA,NA,WARNING_SOFT,1,0,0,0,0,TREND_REVERSAL_UNCONFIRMED,0,0.45,NONE,1,0,0,0
BTCUSDT,1781197200000,2026-06-11T17:00:00.000Z,BULL,SHORT,25,13.5,IGNORE,0,WATCH,,0,0,0,NA,NA,NA,NA,NA,WARNING_SOFT,1,0,0,0,0,TREND_REVERSAL_UNCONFIRMED,1,0.45,SHORT,1,0,0,0
BTCUSDT,1781200800000,2026-06-11T18:00:00.000Z,BULL,SHORT,25,13.5,IGNORE,0,WATCH,,0,0,0,NA,NA,NA,NA,NA,CLEAR,1,0,0,0,0,TREND_REVERSAL_UNCONFIRMED,1,0.45,SHORT,1,0,0,0
BTCUSDT,1781204400000,2026-06-11T19:00:00.000Z,BULL,SHORT,0,7.875,IGNORE,0,WATCH,,0,0,0,NA,NA,NA,NA,NA,CLEAR,1,0,0,0,0,TREND_REVERSAL_UNCONFIRMED,0,0.45,SHORT,1,0,0,0
BTCUSDT,1781208000000,2026-06-11T20:00:00.000Z,BULL,SHORT,0,7.875,IGNORE,0,WATCH,,0,0,0,NA,NA,NA,NA,NA,CLEAR,1,0,0,0,0,TREND_REVERSAL_UNCONFIRMED,0,0.45,SHORT,1,0,0,0
BTCUSDT,1781211600000,2026-06-11T21:00:00.000Z,BULL,SHORT,0,7.875,IGNORE,0,WATCH,,0,0,0,NA,NA,NA,NA,NA,CLEAR,1,0,0,0,0,TREND_REVERSAL_UNCONFIRMED,0,0.45,SHORT,1,0,0,0
BTCUSDT,1781215200000,2026-06-11T22:00:00.000Z,BULL,SHORT,0,7.875,IGNORE,0,WATCH,,0,0,0,NA,NA,NA,NA,NA,CLEAR,1,0,0,0,0,TREND_REVERSAL_UNCONFIRMED,0,0.45,SHORT,1,0,0,0
BTCUSDT,1781218800000,2026-06-11T23:00:00.000Z,BULL,SHORT,0,7.875,IGNORE,0,WATCH,,0,0,0,NA,NA,NA,NA,NA,CLEAR,1,0,0,0,0,TREND_REVERSAL_UNCONFIRMED,0,0.45,SHORT,1,0,0,0
BTCUSDT,1781222400000,2026-06-12T00:00:00.000Z,BULL,SHORT,12.847222222222221,12.54296875,IGNORE,0,WATCH,,0,0,0,NA,NA,NA,NA,NA,CLEAR,1,0,0,0,0,TREND_REVERSAL_UNCONFIRMED,1,0.45,SHORT,1,0,0,0
BTCUSDT,1781226000000,2026-06-12T01:00:00.000Z,BULL,SHORT,25,13.5,IGNORE,0,WATCH,,0,0,0,NA,NA,NA,NA,NA,WARNING_SOFT,1,0,0,0,0,TREND_REVERSAL_UNCONFIRMED,1,0.45,SHORT,1,0,0,0
BTCUSDT,1781229600000,2026-06-12T02:00:00.000Z,BULL,SHORT,0,7.875,IGNORE,0,WATCH,,0,0,0,NA,NA,NA,NA,NA,CLEAR,1,0,0,0,0,TREND_REVERSAL_UNCONFIRMED,0,0.45,SHORT,1,0,0,0
BTCUSDT,1781233200000,2026-06-12T03:00:00.000Z,BULL,SHORT,17.5,12.909375,IGNORE,0,WATCH,,0,0,0,NA,NA,NA,NA,NA,CLEAR,1,0,0,0,0,TREND_REVERSAL_UNCONFIRMED,1,0.45,SHORT,1,0,0,0
BTCUSDT,1781236800000,2026-06-12T04:00:00.000Z,BULL,SHORT,30.34722222222222,17.57734375,IGNORE,0,WATCH,,0,0,0,NA,NA,NA,NA,NA,CLEAR,1,0,0,0,0,TREND_REVERSAL_UNCONFIRMED,2,0.45,SHORT,1,0,0,0
BTCUSDT,1781240400000,2026-06-12T05:00:00.000Z,BULL,SHORT,17.5,12.909375,IGNORE,0,WATCH,,0,0,0,NA,NA,NA,NA,NA,CLEAR,1,0,0,0,0,TREND_REVERSAL_UNCONFIRMED,1,0.45,SHORT,1,0,0,0
BTCUSDT,1781244000000,2026-06-12T06:00:00.000Z,NEUTRAL,NONE,0,7.875,IGNORE,0,WATCH,,0,0,0,NA,NA,NA,NA,NA,BLOCK,0,0,0,0,0,TREND_REVERSAL_UNCONFIRMED,0,0.45,NONE,1,0,0,0
BTCUSDT,1781247600000,2026-06-12T07:00:00.000Z,NEUTRAL,NONE,0,7.875,IGNORE,0,WATCH,,0,0,0,NA,NA,NA,NA,NA,WARNING_SOFT,1,0,0,0,0,TREND_REVERSAL_UNCONFIRMED,0,0.45,NONE,1,0,0,0
BTCUSDT,1781251200000,2026-06-12T08:00:00.000Z,BULL,SHORT,0,7.875,IGNORE,0,WATCH,,0,0,0,NA,NA,NA,NA,NA,WARNING_SOFT,1,0,0,0,0,TREND_REVERSAL_UNCONFIRMED,0,0.45,SHORT,1,0,0,0
BTCUSDT,1781254800000,2026-06-12T09:00:00.000Z,BULL,SHORT,0,7.875,IGNORE,0,WATCH,,0,0,0,NA,NA,NA,NA,NA,CLEAR,1,0,0,0,0,TREND_REVERSAL_UNCONFIRMED,0,0.45,SHORT,1,0,0,0
BTCUSDT,1781258400000,2026-06-12T10:00:00.000Z,BULL,SHORT,22.964187500000016,13.339679765625,IGNORE,0,WATCH,,0,0,0,NA,NA,NA,NA,NA,CLEAR,1,0,0,0,0,TREND_REVERSAL_UNCONFIRMED,1,0.45,SHORT,1,0,0,0
BTCUSDT,1781262000000,2026-06-12T11:00:00.000Z,BULL,SHORT,0,7.875,IGNORE,0,WATCH,,0,0,0,NA,NA,NA,NA,NA,CLEAR,1,0,0,0,0,TREND_REVERSAL_UNCONFIRMED,0,0.45,SHORT,1,0,0,0
BTCUSDT,1781265600000,2026-06-12T12:00:00.000Z,BULL,SHORT,0,7.875,IGNORE,0,WATCH,,0,0,0,NA,NA,NA,NA,NA,WARNING_SOFT,1,0,0,0,0,TREND_REVERSAL_UNCONFIRMED,0,0.45,SHORT,1,0,0,0
BTCUSDT,1781269200000,2026-06-12T13:00:00.000Z,NEUTRAL,NONE,0,7.875,IGNORE,0,WATCH,,0,0,0,NA,NA,NA,NA,NA,WARNING_SOFT,1,0,0,0,0,TREND_REVERSAL_UNCONFIRMED,0,0.45,NONE,1,0,0,0
BTCUSDT,1781272800000,2026-06-12T14:00:00.000Z,BULL,SHORT,25,13.5,IGNORE,0,WATCH,,0,0,0,NA,NA,NA,NA,NA,WARNING_SOFT,1,0,0,0,0,TREND_REVERSAL_UNCONFIRMED,1,0.45,SHORT,1,0,0,0
BTCUSDT,1781276400000,2026-06-12T15:00:00.000Z,BULL,SHORT,25,13.5,IGNORE,0,WATCH,,0,0,0,NA,NA,NA,NA,NA,CLEAR,1,0,0,0,0,TREND_REVERSAL_UNCONFIRMED,1,0.45,SHORT,1,0,0,0
BTCUSDT,1781280000000,2026-06-12T16:00:00.000Z,BULL,SHORT,14.229517106023092,12.65182447209932,IGNORE,0,WATCH,,0,0,0,NA,NA,NA,NA,NA,CLEAR,1,0,0,0,0,TREND_REVERSAL_UNCONFIRMED,1,0.45,SHORT,1,0,0,0
BTCUSDT,1781283600000,2026-06-12T17:00:00.000Z,BULL,SHORT,0,7.875,IGNORE,0,WATCH,,0,0,0,NA,NA,NA,NA,NA,CLEAR,1,0,0,0,0,TREND_REVERSAL_UNCONFIRMED,0,0.45,SHORT,1,0,0,0
BTCUSDT,1781287200000,2026-06-12T18:00:00.000Z,BULL,SHORT,25,13.5,IGNORE,0,WATCH,,0,0,0,NA,NA,NA,NA,NA,CLEAR,1,0,0,0,0,TREND_REVERSAL_UNCONFIRMED,1,0.45,SHORT,1,0,0,0
BTCUSDT,1781290800000,2026-06-12T19:00:00.000Z,BULL,SHORT,0,7.875,IGNORE,0,WATCH,,0,0,0,NA,NA,NA,NA,NA,CLEAR,1,0,0,0,0,TREND_REVERSAL_UNCONFIRMED,0,0.45,SHORT,1,0,0,0
BTCUSDT,1781294400000,2026-06-12T20:00:00.000Z,NEUTRAL,NONE,0,7.875,IGNORE,0,WATCH,,0,0,0,NA,NA,NA,NA,NA,WARNING_SOFT,1,0,0,0,0,TREND_REVERSAL_UNCONFIRMED,0,0.45,NONE,1,0,0,0
BTCUSDT,1781298000000,2026-06-12T21:00:00.000Z,NEUTRAL,NONE,0,7.875,IGNORE,0,WATCH,,0,0,0,NA,NA,NA,NA,NA,WARNING_SOFT,1,0,0,0,0,TREND_REVERSAL_UNCONFIRMED,0,0.45,NONE,1,0,0,0
BTCUSDT,1781301600000,2026-06-12T22:00:00.000Z,NEUTRAL,NONE,0,7.875,IGNORE,0,WATCH,,0,0,0,NA,NA,NA,NA,NA,WARNING_SOFT,1,0,0,0,0,TREND_REVERSAL_UNCONFIRMED,0,0.45,NONE,1,0,0,0
BTCUSDT,1781305200000,2026-06-12T23:00:00.000Z,BULL,SHORT,0,7.875,IGNORE,0,WATCH,,0,0,0,NA,NA,NA,NA,NA,WARNING_SOFT,1,0,0,0,0,TREND_REVERSAL_UNCONFIRMED,0,0.45,SHORT,1,0,0,0
BTCUSDT,1781308800000,2026-06-13T00:00:00.000Z,BULL,SHORT,0,7.875,IGNORE,0,WATCH,,0,0,0,NA,NA,NA,NA,NA,WARNING_SOFT,1,0,0,0,0,TREND_REVERSAL_UNCONFIRMED,0,0.45,SHORT,1,0,0,0
BTCUSDT,1781312400000,2026-06-13T01:00:00.000Z,BULL,SHORT,0,7.875,IGNORE,0,WATCH,,0,0,0,NA,NA,NA,NA,NA,CLEAR,1,0,0,0,0,TREND_REVERSAL_UNCONFIRMED,0,0.45,SHORT,1,0,0,0
BTCUSDT,1781316000000,2026-06-13T02:00:00.000Z,BULL,SHORT,25,13.5,IGNORE,0,WATCH,,0,0,0,NA,NA,NA,NA,NA,CLEAR,1,0,0,0,0,TREND_REVERSAL_UNCONFIRMED,1,0.45,SHORT,1,0,0,0
BTCUSDT,1781319600000,2026-06-13T03:00:00.000Z,NEUTRAL,NONE,0,7.875,IGNORE,0,WATCH,,0,0,0,NA,NA,NA,NA,NA,BLOCK,0,0,0,0,0,TREND_REVERSAL_UNCONFIRMED,0,0.45,NONE,1,0,0,0
BTCUSDT,1781323200000,2026-06-13T04:00:00.000Z,NEUTRAL,NONE,0,7.875,IGNORE,0,WATCH,,0,0,0,NA,NA,NA,NA,NA,WARNING_SOFT,1,0,0,0,0,TREND_REVERSAL_UNCONFIRMED,0,0.45,NONE,1,0,0,0
BTCUSDT,1781326800000,2026-06-13T05:00:00.000Z,BULL,SHORT,17.5,12.909375,IGNORE,0,WATCH,,0,0,0,NA,NA,NA,NA,NA,WARNING_SOFT,1,0,0,0,0,TREND_REVERSAL_UNCONFIRMED,1,0.45,SHORT,1,0,0,0
BTCUSDT,1781330400000,2026-06-13T06:00:00.000Z,BULL,SHORT,17.5,12.909375,IGNORE,0,WATCH,,0,0,0,NA,NA,NA,NA,NA,CLEAR,1,0,0,0,0,TREND_REVERSAL_UNCONFIRMED,1,0.45,SHORT,1,0,0,0
BTCUSDT,1781334000000,2026-06-13T07:00:00.000Z,BULL,SHORT,42.5,18.534375,IGNORE,0,WATCH,,0,0,0,NA,NA,NA,NA,NA,CLEAR,1,0,0,0,0,TREND_REVERSAL_UNCONFIRMED,2,0.45,SHORT,1,0,0,0
BTCUSDT,1781337600000,2026-06-13T08:00:00.000Z,BULL,SHORT,17.5,12.909375,IGNORE,0,WATCH,,0,0,0,NA,NA,NA,NA,NA,CLEAR,1,0,0,0,0,TREND_REVERSAL_UNCONFIRMED,1,0.45,SHORT,1,0,0,0
BTCUSDT,1781341200000,2026-06-13T09:00:00.000Z,BULL,SHORT,17.5,12.909375,IGNORE,0,WATCH,,0,0,0,NA,NA,NA,NA,NA,CLEAR,1,0,0,0,0,TREND_REVERSAL_UNCONFIRMED,1,0.45,SHORT,1,0,0,0
BTCUSDT,1781344800000,2026-06-13T10:00:00.000Z,BULL,SHORT,17.5,12.909375,IGNORE,0,WATCH,,0,0,0,NA,NA,NA,NA,NA,CLEAR,1,0,0,0,0,TREND_REVERSAL_UNCONFIRMED,1,0.45,SHORT,1,0,0,0
BTCUSDT,1781348400000,2026-06-13T11:00:00.000Z,BULL,SHORT,17.5,12.909375,IGNORE,0,WATCH,,0,0,0,NA,NA,NA,NA,NA,CLEAR,1,0,0,0,0,TREND_REVERSAL_UNCONFIRMED,1,0.45,SHORT,1,0,0,0
BTCUSDT,1781352000000,2026-06-13T12:00:00.000Z,BULL,SHORT,36.78350888608353,18.08420132477908,IGNORE,0,WATCH,,0,0,0,NA,NA,NA,NA,NA,CLEAR,1,1,0,0,0,TREND_REVERSAL_UNCONFIRMED,2,0.45,SHORT,1,0,0,0
BTCUSDT,1781355600000,2026-06-13T13:00:00.000Z,BULL,SHORT,38.419109259443,18.213004854181136,IGNORE,0,WATCH,,0,0,0,NA,NA,NA,NA,NA,CLEAR,1,0,0,0,0,TREND_REVERSAL_UNCONFIRMED,2,0.45,SHORT,1,0,0,0
BTCUSDT,1781359200000,2026-06-13T14:00:00.000Z,BULL,SHORT,52.99868472222222,51.78580665416666,WATCH,1,WATCH,ACTIVE,1,1,0,PASS,PASS,SKIP,SKIP,FAIL,CLEAR,1,0,0,0,0,MARKET_CONTEXT_DENIED,3,0.84,SHORT,0,1,0,0
BTCUSDT,1781362800000,2026-06-13T15:00:00.000Z,BULL,SHORT,37.61259078475912,18.14949152429978,IGNORE,0,WATCH,,0,0,0,NA,NA,NA,NA,NA,CLEAR,1,0,0,0,0,TREND_REVERSAL_UNCONFIRMED,2,0.45,SHORT,1,0,0,0
BTCUSDT,1781366400000,2026-06-13T16:00:00.000Z,BULL,SHORT,42.5,18.534375,IGNORE,0,WATCH,,0,0,0,NA,NA,NA,NA,NA,WARNING_SOFT,1,0,0,0,0,TREND_REVERSAL_UNCONFIRMED,2,0.45,SHORT,1,0,0,0
BTCUSDT,1781370000000,2026-06-13T17:00:00.000Z,BULL,SHORT,17.5,12.909375,IGNORE,0,WATCH,,0,0,0,NA,NA,NA,NA,NA,CLEAR,1,0,0,0,0,TREND_REVERSAL_UNCONFIRMED,1,0.45,SHORT,1,0,0,0
BTCUSDT,1781373600000,2026-06-13T18:00:00.000Z,BULL,SHORT,0,7.875,IGNORE,0,WATCH,,0,0,0,NA,NA,NA,NA,NA,CLEAR,1,0,0,0,0,TREND_REVERSAL_UNCONFIRMED,0,0.45,SHORT,1,0,0,0
BTCUSDT,1781377200000,2026-06-13T19:00:00.000Z,BULL,SHORT,25,13.5,IGNORE,0,WATCH,,0,0,0,NA,NA,NA,NA,NA,CLEAR,1,0,0,0,0,TREND_REVERSAL_UNCONFIRMED,1,0.45,SHORT,1,0,0,0
BTCUSDT,1781380800000,2026-06-13T20:00:00.000Z,BULL,SHORT,0,7.875,IGNORE,0,WATCH,,0,0,0,NA,NA,NA,NA,NA,CLEAR,1,0,0,0,0,TREND_REVERSAL_UNCONFIRMED,0,0.45,SHORT,1,0,0,0
BTCUSDT,1781384400000,2026-06-13T21:00:00.000Z,BULL,SHORT,25,13.5,IGNORE,0,WATCH,,0,0,0,NA,NA,NA,NA,NA,CLEAR,1,0,0,0,0,TREND_REVERSAL_UNCONFIRMED,1,0.45,SHORT,1,0,0,0
BTCUSDT,1781388000000,2026-06-13T22:00:00.000Z,BULL,SHORT,0,7.875,IGNORE,0,WATCH,,0,0,0,NA,NA,NA,NA,NA,CLEAR,1,0,0,0,0,TREND_REVERSAL_UNCONFIRMED,0,0.45,SHORT,1,0,0,0
BTCUSDT,1781391600000,2026-06-13T23:00:00.000Z,BULL,SHORT,0,7.875,IGNORE,0,WATCH,,0,0,0,NA,NA,NA,NA,NA,CLEAR,1,0,0,0,0,TREND_REVERSAL_UNCONFIRMED,0,0.45,SHORT,1,0,0,0
BTCUSDT,1781395200000,2026-06-14T00:00:00.000Z,BULL,SHORT,12.847222222222221,12.54296875,IGNORE,0,WATCH,,0,0,0,NA,NA,NA,NA,NA,CLEAR,1,0,0,0,0,TREND_REVERSAL_UNCONFIRMED,1,0.45,SHORT,1,0,0,0
BTCUSDT,1781398800000,2026-06-14T01:00:00.000Z,BULL,SHORT,12.847222222222221,12.54296875,IGNORE,0,WATCH,,0,0,0,NA,NA,NA,NA,NA,CLEAR,1,0,0,0,0,TREND_REVERSAL_UNCONFIRMED,1,0.45,SHORT,1,0,0,0
BTCUSDT,1781402400000,2026-06-14T02:00:00.000Z,BULL,SHORT,19.81355,13.0915670625,IGNORE,0,WATCH,,0,0,0,NA,NA,NA,NA,NA,CLEAR,1,0,0,0,0,TREND_REVERSAL_UNCONFIRMED,1,0.45,SHORT,1,0,0,0
BTCUSDT,1781406000000,2026-06-14T03:00:00.000Z,BULL,SHORT,0,7.875,IGNORE,0,WATCH,,0,0,0,NA,NA,NA,NA,NA,CLEAR,1,0,0,0,0,TREND_REVERSAL_UNCONFIRMED,0,0.45,SHORT,1,0,0,0
BTCUSDT,1781409600000,2026-06-14T04:00:00.000Z,BULL,SHORT,17.5,12.909375,IGNORE,0,WATCH,,0,0,0,NA,NA,NA,NA,NA,CLEAR,1,0,0,0,0,TREND_REVERSAL_UNCONFIRMED,1,0.45,SHORT,1,0,0,0
BTCUSDT,1781413200000,2026-06-14T05:00:00.000Z,BULL,SHORT,17.5,12.909375,IGNORE,0,WATCH,,0,0,0,NA,NA,NA,NA,NA,WARNING_SOFT,1,0,0,0,0,TREND_REVERSAL_UNCONFIRMED,1,0.45,SHORT,1,0,0,0
BTCUSDT,1781416800000,2026-06-14T06:00:00.000Z,BULL,SHORT,17.5,12.909375,IGNORE,0,WATCH,,0,0,0,NA,NA,NA,NA,NA,WARNING_SOFT,1,0,0,0,0,TREND_REVERSAL_UNCONFIRMED,1,0.45,SHORT,1,0,0,0
BTCUSDT,1781420400000,2026-06-14T07:00:00.000Z,BULL,SHORT,33.46824999999999,17.823124687500002,IGNORE,0,WATCH,,0,0,0,NA,NA,NA,NA,NA,WARNING_SOFT,1,0,0,0,0,TREND_REVERSAL_UNCONFIRMED,2,0.45,SHORT,1,0,0,0
BTCUSDT,1781424000000,2026-06-14T08:00:00.000Z,BULL,SHORT,17.5,12.909375,IGNORE,0,WATCH,,0,0,0,NA,NA,NA,NA,NA,CLEAR,1,0,0,0,0,TREND_REVERSAL_UNCONFIRMED,1,0.45,SHORT,1,0,0,0
BTCUSDT,1781427600000,2026-06-14T09:00:00.000Z,BULL,SHORT,17.5,12.909375,IGNORE,0,WATCH,,0,0,0,NA,NA,NA,NA,NA,WARNING_SOFT,1,0,0,0,0,TREND_REVERSAL_UNCONFIRMED,1,0.45,SHORT,1,0,0,0
BTCUSDT,1781431200000,2026-06-14T10:00:00.000Z,BULL,SHORT,17.5,12.909375,IGNORE,0,WATCH,,0,0,0,NA,NA,NA,NA,NA,CLEAR,1,0,0,0,0,TREND_REVERSAL_UNCONFIRMED,1,0.45,SHORT,1,0,0,0
BTCUSDT,1781434800000,2026-06-14T11:00:00.000Z,BULL,SHORT,17.5,12.909375,IGNORE,0,WATCH,,0,0,0,NA,NA,NA,NA,NA,CLEAR,1,0,0,0,0,TREND_REVERSAL_UNCONFIRMED,1,0.45,SHORT,1,0,0,0
BTCUSDT,1781438400000,2026-06-14T12:00:00.000Z,NEUTRAL,NONE,0,7.875,IGNORE,0,WATCH,,0,0,0,NA,NA,NA,NA,NA,WARNING_SOFT,1,0,0,0,0,TREND_REVERSAL_UNCONFIRMED,0,0.45,NONE,1,0,0,0
BTCUSDT,1781442000000,2026-06-14T13:00:00.000Z,NEUTRAL,NONE,0,7.875,IGNORE,0,WATCH,,0,0,0,NA,NA,NA,NA,NA,WARNING_SOFT,1,0,0,0,0,TREND_REVERSAL_UNCONFIRMED,0,0.45,NONE,1,0,0,0
BTCUSDT,1781445600000,2026-06-14T14:00:00.000Z,NEUTRAL,NONE,0,7.875,IGNORE,0,WATCH,,0,0,0,NA,NA,NA,NA,NA,BLOCK,0,0,0,0,0,TREND_REVERSAL_UNCONFIRMED,0,0.45,NONE,1,0,0,0
BTCUSDT,1781449200000,2026-06-14T15:00:00.000Z,NEUTRAL,NONE,0,7.875,IGNORE,0,WATCH,,0,0,0,NA,NA,NA,NA,NA,BLOCK,0,0,0,0,0,TREND_REVERSAL_UNCONFIRMED,0,0.45,NONE,1,0,0,0
BTCUSDT,1781452800000,2026-06-14T16:00:00.000Z,NEUTRAL,NONE,0,7.875,IGNORE,0,WATCH,,0,0,0,NA,NA,NA,NA,NA,WARNING_SOFT,1,0,0,0,0,TREND_REVERSAL_UNCONFIRMED,0,0.45,NONE,1,0,0,0
BTCUSDT,1781456400000,2026-06-14T17:00:00.000Z,NEUTRAL,NONE,0,7.875,IGNORE,0,WATCH,,0,0,0,NA,NA,NA,NA,NA,WARNING_SOFT,1,0,0,0,0,TREND_REVERSAL_UNCONFIRMED,0,0.45,NONE,1,0,0,0
BTCUSDT,1781460000000,2026-06-14T18:00:00.000Z,NEUTRAL,NONE,0,7.875,IGNORE,0,WATCH,,0,0,0,NA,NA,NA,NA,NA,WARNING_SOFT,1,0,0,0,0,TREND_REVERSAL_UNCONFIRMED,0,0.45,NONE,1,0,0,0
BTCUSDT,1781463600000,2026-06-14T19:00:00.000Z,NEUTRAL,NONE,0,7.875,IGNORE,0,WATCH,,0,0,0,NA,NA,NA,NA,NA,WARNING_SOFT,1,0,0,0,0,TREND_REVERSAL_UNCONFIRMED,0,0.45,NONE,1,0,0,0
BTCUSDT,1781467200000,2026-06-14T20:00:00.000Z,NEUTRAL,NONE,0,7.875,IGNORE,0,WATCH,,0,0,0,NA,NA,NA,NA,NA,WARNING_SOFT,1,0,0,0,0,TREND_REVERSAL_UNCONFIRMED,0,0.45,NONE,1,0,0,0
BTCUSDT,1781470800000,2026-06-14T21:00:00.000Z,BULL,SHORT,42.5,18.534375,IGNORE,0,WATCH,,0,0,0,NA,NA,NA,NA,NA,CLEAR,1,1,0,0,0,TREND_REVERSAL_UNCONFIRMED,2,0.45,SHORT,1,0,0,0
BTCUSDT,1781474400000,2026-06-14T22:00:00.000Z,BULL,SHORT,67.5,53.9175,WATCH,1,WATCH,ACTIVE,1,1,0,PASS,PASS,SKIP,SKIP,FAIL,CLEAR,1,0,0,0,0,MARKET_CONTEXT_DENIED,3,0.84,SHORT,0,1,0,0
BTCUSDT,1781478000000,2026-06-14T23:00:00.000Z,BULL,SHORT,54.57410328255779,52.017393182536,WATCH,1,WATCH,ACTIVE,1,1,0,PASS,PASS,SKIP,SKIP,FAIL,CLEAR,1,0,0,0,0,MARKET_CONTEXT_DENIED,3,0.84,SHORT,0,1,0,0
BTCUSDT,1781481600000,2026-06-15T00:00:00.000Z,BULL,SHORT,37.72947102365123,18.158695843112536,IGNORE,0,WATCH,,0,0,0,NA,NA,NA,NA,NA,CLEAR,1,0,0,0,0,TREND_REVERSAL_UNCONFIRMED,2,0.45,SHORT,1,0,0,0
BTCUSDT,1781485200000,2026-06-15T01:00:00.000Z,BULL,SHORT,17.5,12.909375,IGNORE,0,WATCH,,0,0,0,NA,NA,NA,NA,NA,CLEAR,1,0,0,0,0,TREND_REVERSAL_UNCONFIRMED,1,0.45,SHORT,1,0,0,0
BTCUSDT,1781488800000,2026-06-15T02:00:00.000Z,BULL,SHORT,17.5,12.909375,IGNORE,0,WATCH,,0,0,0,NA,NA,NA,NA,NA,CLEAR,1,0,0,0,0,TREND_REVERSAL_UNCONFIRMED,1,0.45,SHORT,1,0,0,0
BTCUSDT,1781492400000,2026-06-15T03:00:00.000Z,BULL,SHORT,35.84131049190108,18.01000320123721,IGNORE,0,WATCH,,0,0,0,NA,NA,NA,NA,NA,CLEAR,1,0,0,0,0,TREND_REVERSAL_UNCONFIRMED,2,0.45,SHORT,1,0,0,0
BTCUSDT,1781496000000,2026-06-15T04:00:00.000Z,BULL,SHORT,17.5,12.909375,IGNORE,0,WATCH,,0,0,0,NA,NA,NA,NA,NA,CLEAR,1,0,0,0,0,TREND_REVERSAL_UNCONFIRMED,1,0.45,SHORT,1,0,0,0
BTCUSDT,1781499600000,2026-06-15T05:00:00.000Z,BULL,SHORT,17.5,12.909375,IGNORE,0,WATCH,,0,0,0,NA,NA,NA,NA,NA,CLEAR,1,0,0,0,0,TREND_REVERSAL_UNCONFIRMED,1,0.45,SHORT,1,0,0,0
BTCUSDT,1781503200000,2026-06-15T06:00:00.000Z,BULL,SHORT,0,7.875,IGNORE,0,WATCH,,0,0,0,NA,NA,NA,NA,NA,CLEAR,1,0,0,0,0,TREND_REVERSAL_UNCONFIRMED,0,0.45,SHORT,1,0,0,0
BTCUSDT,1781506800000,2026-06-15T07:00:00.000Z,BULL,SHORT,0,7.875,IGNORE,0,WATCH,,0,0,0,NA,NA,NA,NA,NA,CLEAR,1,0,0,0,0,TREND_REVERSAL_UNCONFIRMED,0,0.45,SHORT,1,0,0,0
BTCUSDT,1781510400000,2026-06-15T08:00:00.000Z,BULL,SHORT,0,7.875,IGNORE,0,WATCH,,0,0,0,NA,NA,NA,NA,NA,CLEAR,1,0,0,0,0,TREND_REVERSAL_UNCONFIRMED,0,0.45,SHORT,1,0,0,0
BTCUSDT,1781514000000,2026-06-15T09:00:00.000Z,BULL,SHORT,0,7.875,IGNORE,0,WATCH,,0,0,0,NA,NA,NA,NA,NA,CLEAR,1,0,0,0,0,TREND_REVERSAL_UNCONFIRMED,0,0.45,SHORT,1,0,0,0
BTCUSDT,1781517600000,2026-06-15T10:00:00.000Z,BULL,SHORT,17.5,12.909375,IGNORE,0,WATCH,,0,0,0,NA,NA,NA,NA,NA,CLEAR,1,0,0,0,0,TREND_REVERSAL_UNCONFIRMED,1,0.45,SHORT,1,0,0,0
BTCUSDT,1781521200000,2026-06-15T11:00:00.000Z,BULL,SHORT,42.5,18.534375,IGNORE,0,WATCH,,0,0,0,NA,NA,NA,NA,NA,CLEAR,1,0,0,0,0,TREND_REVERSAL_UNCONFIRMED,2,0.45,SHORT,1,0,0,0
BTCUSDT,1781524800000,2026-06-15T12:00:00.000Z,BULL,SHORT,62.90736775145713,44.002383059464194,WATCH,1,WATCH,ACTIVE,1,1,0,FAIL,PASS,SKIP,SKIP,FAIL,CLEAR,1,0,0,0,0,MARKET_CONTEXT_DENIED,3,0.84,SHORT,1,0,0,0
BTCUSDT,1781528400000,2026-06-15T13:00:00.000Z,BULL,SHORT,42.5,18.534375,IGNORE,0,WATCH,,0,0,0,NA,NA,NA,NA,NA,CLEAR,1,0,0,0,0,TREND_REVERSAL_UNCONFIRMED,2,0.45,SHORT,1,0,0,0
BTCUSDT,1781532000000,2026-06-15T14:00:00.000Z,BULL,SHORT,17.5,12.909375,IGNORE,0,WATCH,,0,0,0,NA,NA,NA,NA,NA,CLEAR,1,0,0,0,0,TREND_REVERSAL_UNCONFIRMED,1,0.45,SHORT,1,0,0,0
BTCUSDT,1781535600000,2026-06-15T15:00:00.000Z,BULL,SHORT,48.41321087410489,22.656290356335763,IGNORE,0,WATCH,,0,0,0,NA,NA,NA,NA,NA,CLEAR,1,1,0,0,0,TREND_REVERSAL_UNCONFIRMED,3,0.45,SHORT,1,0,0,0
BTCUSDT,1781539200000,2026-06-15T16:00:00.000Z,BULL,SHORT,55.34722222222222,42.89104166666666,WATCH,1,WATCH,ACTIVE,1,1,0,FAIL,PASS,SKIP,SKIP,FAIL,CLEAR,1,0,0,0,0,MARKET_CONTEXT_DENIED,3,0.84,SHORT,1,0,0,0
BTCUSDT,1781542800000,2026-06-15T17:00:00.000Z,BULL,SHORT,17.5,12.909375,IGNORE,0,WATCH,,0,0,0,NA,NA,NA,NA,NA,CLEAR,1,0,0,0,0,TREND_REVERSAL_UNCONFIRMED,1,0.45,SHORT,1,0,0,0
BTCUSDT,1781546400000,2026-06-15T18:00:00.000Z,BULL,SHORT,0,7.875,IGNORE,0,WATCH,,0,0,0,NA,NA,NA,NA,NA,CLEAR,1,0,0,0,0,TREND_REVERSAL_UNCONFIRMED,0,0.45,SHORT,1,0,0,0
BTCUSDT,1781550000000,2026-06-15T19:00:00.000Z,BULL,SHORT,0,7.875,IGNORE,0,WATCH,,0,0,0,NA,NA,NA,NA,NA,WARNING_SOFT,1,0,0,0,0,TREND_REVERSAL_UNCONFIRMED,0,0.45,SHORT,1,0,0,0
BTCUSDT,1781553600000,2026-06-15T20:00:00.000Z,BULL,SHORT,0,7.875,IGNORE,0,WATCH,,0,0,0,NA,NA,NA,NA,NA,CLEAR,1,0,0,0,0,TREND_REVERSAL_UNCONFIRMED,0,0.45,SHORT,1,0,0,0
BTCUSDT,1781557200000,2026-06-15T21:00:00.000Z,BULL,SHORT,0,7.875,IGNORE,0,WATCH,,0,0,0,NA,NA,NA,NA,NA,WARNING_SOFT,1,0,0,0,0,TREND_REVERSAL_UNCONFIRMED,0,0.45,SHORT,1,0,0,0
BTCUSDT,1781560800000,2026-06-15T22:00:00.000Z,NEUTRAL,NONE,0,7.875,IGNORE,0,WATCH,,0,0,0,NA,NA,NA,NA,NA,WARNING_SOFT,1,0,0,0,0,TREND_REVERSAL_UNCONFIRMED,0,0.45,NONE,1,0,0,0
BTCUSDT,1781564400000,2026-06-15T23:00:00.000Z,BULL,SHORT,0,7.875,IGNORE,0,WATCH,,0,0,0,NA,NA,NA,NA,NA,WARNING_SOFT,1,0,0,0,0,TREND_REVERSAL_UNCONFIRMED,0,0.45,SHORT,1,0,0,0
BTCUSDT,1781568000000,2026-06-16T00:00:00.000Z,BULL,SHORT,0,7.875,IGNORE,0,WATCH,,0,0,0,NA,NA,NA,NA,NA,WARNING_SOFT,1,0,0,0,0,TREND_REVERSAL_UNCONFIRMED,0,0.45,SHORT,1,0,0,0
BTCUSDT,1781571600000,2026-06-16T01:00:00.000Z,BULL,SHORT,0,7.875,IGNORE,0,WATCH,,0,0,0,NA,NA,NA,NA,NA,WARNING_SOFT,1,0,0,0,0,TREND_REVERSAL_UNCONFIRMED,0,0.45,SHORT,1,0,0,0
BTCUSDT,1781575200000,2026-06-16T02:00:00.000Z,NEUTRAL,NONE,0,7.875,IGNORE,0,WATCH,,0,0,0,NA,NA,NA,NA,NA,BLOCK,0,0,0,0,0,TREND_REVERSAL_UNCONFIRMED,0,0.45,NONE,1,0,0,0
BTCUSDT,1781578800000,2026-06-16T03:00:00.000Z,NEUTRAL,NONE,0,7.875,IGNORE,0,WATCH,,0,0,0,NA,NA,NA,NA,NA,BLOCK,0,0,0,0,0,TREND_REVERSAL_UNCONFIRMED,0,0.45,NONE,1,0,0,0
BTCUSDT,1781582400000,2026-06-16T04:00:00.000Z,NEUTRAL,NONE,0,7.875,IGNORE,0,WATCH,,0,0,0,NA,NA,NA,NA,NA,BLOCK,0,0,0,0,0,TREND_REVERSAL_UNCONFIRMED,0,0.45,NONE,1,0,0,0
BTCUSDT,1781586000000,2026-06-16T05:00:00.000Z,NEUTRAL,NONE,0,7.875,IGNORE,0,WATCH,,0,0,0,NA,NA,NA,NA,NA,WARNING_SOFT,1,0,0,0,0,TREND_REVERSAL_UNCONFIRMED,0,0.45,NONE,1,0,0,0
BTCUSDT,1781589600000,2026-06-16T06:00:00.000Z,BULL,SHORT,0,7.875,IGNORE,0,WATCH,,0,0,0,NA,NA,NA,NA,NA,WARNING_SOFT,1,0,0,0,0,TREND_REVERSAL_UNCONFIRMED,0,0.45,SHORT,1,0,0,0
BTCUSDT,1781593200000,2026-06-16T07:00:00.000Z,BULL,SHORT,0,7.875,IGNORE,0,WATCH,,0,0,0,NA,NA,NA,NA,NA,CLEAR,1,0,0,0,0,TREND_REVERSAL_UNCONFIRMED,0,0.45,SHORT,1,0,0,0
BTCUSDT,1781596800000,2026-06-16T08:00:00.000Z,BULL,SHORT,15.050204492154831,12.716453603757193,IGNORE,0,WATCH,,0,0,0,NA,NA,NA,NA,NA,CLEAR,1,0,0,0,0,TREND_REVERSAL_UNCONFIRMED,1,0.45,SHORT,1,0,0,0
BTCUSDT,1781600400000,2026-06-16T09:00:00.000Z,BULL,SHORT,25,13.5,IGNORE,0,WATCH,,0,0,0,NA,NA,NA,NA,NA,CLEAR,1,0,0,0,0,TREND_REVERSAL_UNCONFIRMED,1,0.45,SHORT,1,0,0,0
BTCUSDT,1781604000000,2026-06-16T10:00:00.000Z,BULL,SHORT,0,7.875,IGNORE,0,WATCH,,0,0,0,NA,NA,NA,NA,NA,CLEAR,1,0,0,0,0,TREND_REVERSAL_UNCONFIRMED,0,0.45,SHORT,1,0,0,0
BTCUSDT,1781607600000,2026-06-16T11:00:00.000Z,BULL,SHORT,17.5,12.909375,IGNORE,0,WATCH,,0,0,0,NA,NA,NA,NA,NA,CLEAR,1,0,0,0,0,TREND_REVERSAL_UNCONFIRMED,1,0.45,SHORT,1,0,0,0
BTCUSDT,1781611200000,2026-06-16T12:00:00.000Z,BULL,SHORT,31.76435919977734,17.688943286982468,IGNORE,0,WATCH,,0,0,0,NA,NA,NA,NA,NA,CLEAR,1,0,0,0,0,TREND_REVERSAL_UNCONFIRMED,2,0.45,SHORT,1,0,0,0
BTCUSDT,1781614800000,2026-06-16T13:00:00.000Z,NEUTRAL,NONE,0,7.875,IGNORE,0,WATCH,,0,0,0,NA,NA,NA,NA,NA,BLOCK,0,0,0,0,0,TREND_REVERSAL_UNCONFIRMED,0,0.45,NONE,1,0,0,0
BTCUSDT,1781618400000,2026-06-16T14:00:00.000Z,NEUTRAL,NONE,0,7.875,IGNORE,0,WATCH,,0,0,0,NA,NA,NA,NA,NA,BLOCK,0,0,0,0,0,TREND_REVERSAL_UNCONFIRMED,0,0.45,NONE,1,0,0,0
BTCUSDT,1781622000000,2026-06-16T15:00:00.000Z,NEUTRAL,NONE,0,7.875,IGNORE,0,WATCH,,0,0,0,NA,NA,NA,NA,NA,BLOCK,0,0,0,0,0,TREND_REVERSAL_UNCONFIRMED,0,0.45,NONE,1,0,0,0
BTCUSDT,1781625600000,2026-06-16T16:00:00.000Z,NEUTRAL,NONE,0,7.875,IGNORE,0,WATCH,,0,0,0,NA,NA,NA,NA,NA,WARNING_SOFT,1,0,0,0,0,TREND_REVERSAL_UNCONFIRMED,0,0.45,NONE,1,0,0,0
BTCUSDT,1781629200000,2026-06-16T17:00:00.000Z,NEUTRAL,NONE,0,7.875,IGNORE,0,WATCH,,0,0,0,NA,NA,NA,NA,NA,WARNING_SOFT,1,0,0,0,0,TREND_REVERSAL_UNCONFIRMED,0,0.45,NONE,1,0,0,0
BTCUSDT,1781632800000,2026-06-16T18:00:00.000Z,NEUTRAL,NONE,0,7.875,IGNORE,0,WATCH,,0,0,0,NA,NA,NA,NA,NA,WARNING_SOFT,1,0,0,0,0,TREND_REVERSAL_UNCONFIRMED,0,0.45,NONE,1,0,0,0
BTCUSDT,1781636400000,2026-06-16T19:00:00.000Z,NEUTRAL,NONE,0,7.875,IGNORE,0,WATCH,,0,0,0,NA,NA,NA,NA,NA,WARNING_SOFT,1,0,0,0,0,TREND_REVERSAL_UNCONFIRMED,0,0.45,NONE,1,0,0,0
BTCUSDT,1781640000000,2026-06-16T20:00:00.000Z,NEUTRAL,NONE,0,7.875,IGNORE,0,WATCH,,0,0,0,NA,NA,NA,NA,NA,WARNING_SOFT,1,0,0,0,0,TREND_REVERSAL_UNCONFIRMED,0,0.45,NONE,1,0,0,0
BTCUSDT,1781643600000,2026-06-16T21:00:00.000Z,NEUTRAL,NONE,0,7.875,IGNORE,0,WATCH,,0,0,0,NA,NA,NA,NA,NA,WARNING_SOFT,1,0,0,0,0,TREND_REVERSAL_UNCONFIRMED,0,0.45,NONE,1,0,0,0
BTCUSDT,1781647200000,2026-06-16T22:00:00.000Z,NEUTRAL,NONE,0,7.875,IGNORE,0,WATCH,,0,0,0,NA,NA,NA,NA,NA,WARNING_SOFT,1,0,0,0,0,TREND_REVERSAL_UNCONFIRMED,0,0.45,NONE,1,0,0,0
BTCUSDT,1781650800000,2026-06-16T23:00:00.000Z,NEUTRAL,NONE,0,7.875,IGNORE,0,WATCH,,0,0,0,NA,NA,NA,NA,NA,WARNING_SOFT,1,0,0,0,0,TREND_REVERSAL_UNCONFIRMED,0,0.45,NONE,1,0,0,0
BTCUSDT,1781654400000,2026-06-17T00:00:00.000Z,NEUTRAL,NONE,0,7.875,IGNORE,0,WATCH,,0,0,0,NA,NA,NA,NA,NA,WARNING_SOFT,1,0,0,0,0,TREND_REVERSAL_UNCONFIRMED,0,0.45,NONE,1,0,0,0
BTCUSDT,1781658000000,2026-06-17T01:00:00.000Z,NEUTRAL,NONE,0,7.875,IGNORE,0,WATCH,,0,0,0,NA,NA,NA,NA,NA,BLOCK,0,0,0,0,0,TREND_REVERSAL_UNCONFIRMED,0,0.45,NONE,1,0,0,0
BTCUSDT,1781661600000,2026-06-17T02:00:00.000Z,NEUTRAL,NONE,0,7.875,IGNORE,0,WATCH,,0,0,0,NA,NA,NA,NA,NA,BLOCK,0,0,0,0,0,TREND_REVERSAL_UNCONFIRMED,0,0.45,NONE,1,0,0,0
BTCUSDT,1781665200000,2026-06-17T03:00:00.000Z,NEUTRAL,NONE,0,7.875,IGNORE,0,WATCH,,0,0,0,NA,NA,NA,NA,NA,WARNING_SOFT,1,0,0,0,0,TREND_REVERSAL_UNCONFIRMED,0,0.45,NONE,1,0,0,0
BTCUSDT,1781668800000,2026-06-17T04:00:00.000Z,NEUTRAL,NONE,0,7.875,IGNORE,0,WATCH,,0,0,0,NA,NA,NA,NA,NA,WARNING_SOFT,1,0,0,0,0,TREND_REVERSAL_UNCONFIRMED,0,0.45,NONE,1,0,0,0
BTCUSDT,1781672400000,2026-06-17T05:00:00.000Z,NEUTRAL,NONE,0,7.875,IGNORE,0,WATCH,,0,0,0,NA,NA,NA,NA,NA,WARNING_SOFT,1,0,0,0,0,TREND_REVERSAL_UNCONFIRMED,0,0.45,NONE,1,0,0,0
BTCUSDT,1781676000000,2026-06-17T06:00:00.000Z,NEUTRAL,NONE,0,7.875,IGNORE,0,WATCH,,0,0,0,NA,NA,NA,NA,NA,WARNING_SOFT,1,0,0,0,0,TREND_REVERSAL_UNCONFIRMED,0,0.45,NONE,1,0,0,0
BTCUSDT,1781679600000,2026-06-17T07:00:00.000Z,NEUTRAL,NONE,0,7.875,IGNORE,0,WATCH,,0,0,0,NA,NA,NA,NA,NA,BLOCK,0,0,1,0,0,TREND_REVERSAL_UNCONFIRMED,0,0.45,NONE,1,0,0,0
BTCUSDT,1781683200000,2026-06-17T08:00:00.000Z,BEAR,LONG,25,13.5,IGNORE,0,WATCH,,0,0,0,NA,NA,NA,NA,NA,CLEAR,1,0,1,0,0,TREND_REVERSAL_UNCONFIRMED,1,0.45,LONG,1,0,0,0
BTCUSDT,1781686800000,2026-06-17T09:00:00.000Z,BEAR,LONG,25,13.5,IGNORE,0,WATCH,,0,0,0,NA,NA,NA,NA,NA,CLEAR,1,0,0,0,0,TREND_REVERSAL_UNCONFIRMED,1,0.45,LONG,1,0,0,0
BTCUSDT,1781690400000,2026-06-17T10:00:00.000Z,BEAR,LONG,16.666666666666664,12.84375,IGNORE,0,WATCH,,0,0,0,NA,NA,NA,NA,NA,CLEAR,1,0,0,0,0,TREND_REVERSAL_UNCONFIRMED,1,0.45,LONG,1,0,0,0
BTCUSDT,1781694000000,2026-06-17T11:00:00.000Z,BEAR,LONG,23.11247807839913,13.351357648673932,IGNORE,0,WATCH,,0,0,0,NA,NA,NA,NA,NA,CLEAR,1,0,0,0,0,TREND_REVERSAL_UNCONFIRMED,1,0.45,LONG,1,0,0,0
BTCUSDT,1781697600000,2026-06-17T12:00:00.000Z,BEAR,LONG,47.2639411088647,18.909535362323094,IGNORE,0,WATCH,,0,0,0,NA,NA,NA,NA,NA,CLEAR,1,0,0,0,0,TREND_REVERSAL_UNCONFIRMED,2,0.45,LONG,1,0,0,0
BTCUSDT,1781701200000,2026-06-17T13:00:00.000Z,BEAR,LONG,25,13.5,IGNORE,0,WATCH,,0,0,0,NA,NA,NA,NA,NA,CLEAR,1,0,0,0,0,TREND_REVERSAL_UNCONFIRMED,1,0.45,LONG,1,0,0,0
BTCUSDT,1781704800000,2026-06-17T14:00:00.000Z,BEAR,LONG,25,13.5,IGNORE,0,WATCH,,0,0,0,NA,NA,NA,NA,NA,WARNING_SOFT,1,0,0,0,0,TREND_REVERSAL_UNCONFIRMED,1,0.45,LONG,1,0,0,0
BTCUSDT,1781708400000,2026-06-17T15:00:00.000Z,NEUTRAL,NONE,0,7.875,IGNORE,0,WATCH,,0,0,0,NA,NA,NA,NA,NA,CLEAR,1,0,0,0,0,TREND_REVERSAL_UNCONFIRMED,0,0.45,NONE,1,0,0,0
BTCUSDT,1781712000000,2026-06-17T16:00:00.000Z,NEUTRAL,NONE,0,7.875,IGNORE,0,WATCH,,0,0,0,NA,NA,NA,NA,NA,CLEAR,1,0,0,0,0,TREND_REVERSAL_UNCONFIRMED,0,0.45,NONE,1,0,0,0
BTCUSDT,1781715600000,2026-06-17T17:00:00.000Z,NEUTRAL,NONE,0,7.875,IGNORE,0,WATCH,,0,0,0,NA,NA,NA,NA,NA,CLEAR,1,0,0,0,0,TREND_REVERSAL_UNCONFIRMED,0,0.45,NONE,1,0,0,0
BTCUSDT,1781719200000,2026-06-17T18:00:00.000Z,BEAR,LONG,25,13.5,IGNORE,0,WATCH,,0,0,0,NA,NA,NA,NA,NA,WARNING_SOFT,1,0,0,0,0,TREND_REVERSAL_UNCONFIRMED,1,0.45,LONG,1,0,0,0
BTCUSDT,1781722800000,2026-06-17T19:00:00.000Z,BEAR,LONG,25,13.5,IGNORE,0,WATCH,,0,0,0,NA,NA,NA,NA,NA,CLEAR,1,0,0,0,0,TREND_REVERSAL_UNCONFIRMED,1,0.45,LONG,1,0,0,0
BTCUSDT,1781726400000,2026-06-17T20:00:00.000Z,BEAR,LONG,25,13.5,IGNORE,0,WATCH,,0,0,0,NA,NA,NA,NA,NA,CLEAR,1,0,0,0,0,TREND_REVERSAL_UNCONFIRMED,1,0.45,LONG,1,0,0,0
BTCUSDT,1781730000000,2026-06-17T21:00:00.000Z,BEAR,LONG,12.847222222222221,12.54296875,IGNORE,0,WATCH,,0,0,0,NA,NA,NA,NA,NA,CLEAR,1,0,0,0,0,TREND_REVERSAL_UNCONFIRMED,1,0.45,LONG,1,0,0,0
BTCUSDT,1781733600000,2026-06-17T22:00:00.000Z,BEAR,LONG,0,7.875,IGNORE,0,WATCH,,0,0,0,NA,NA,NA,NA,NA,CLEAR,1,0,0,0,0,TREND_REVERSAL_UNCONFIRMED,0,0.45,LONG,1,0,0,0
BTCUSDT,1781737200000,2026-06-17T23:00:00.000Z,BEAR,LONG,0,7.875,IGNORE,0,WATCH,,0,0,0,NA,NA,NA,NA,NA,CLEAR,1,0,0,0,0,TREND_REVERSAL_UNCONFIRMED,0,0.45,LONG,1,0,0,0
BTCUSDT,1781740800000,2026-06-18T00:00:00.000Z,BEAR,LONG,0,7.875,IGNORE,0,WATCH,,0,0,0,NA,NA,NA,NA,NA,CLEAR,1,0,0,0,0,TREND_REVERSAL_UNCONFIRMED,0,0.45,LONG,1,0,0,0
BTCUSDT,1781744400000,2026-06-18T01:00:00.000Z,BEAR,LONG,0,7.875,IGNORE,0,WATCH,,0,0,0,NA,NA,NA,NA,NA,CLEAR,1,0,0,0,0,TREND_REVERSAL_UNCONFIRMED,0,0.45,LONG,1,0,0,0
BTCUSDT,1781748000000,2026-06-18T02:00:00.000Z,BEAR,LONG,0,7.875,IGNORE,0,WATCH,,0,0,0,NA,NA,NA,NA,NA,CLEAR,1,0,0,0,0,TREND_REVERSAL_UNCONFIRMED,0,0.45,LONG,1,0,0,0
BTCUSDT,1781751600000,2026-06-18T03:00:00.000Z,BEAR,LONG,0,7.875,IGNORE,0,WATCH,,0,0,0,NA,NA,NA,NA,NA,CLEAR,1,0,0,0,0,TREND_REVERSAL_UNCONFIRMED,0,0.45,LONG,1,0,0,0
BTCUSDT,1781755200000,2026-06-18T04:00:00.000Z,BEAR,LONG,0,7.875,IGNORE,0,WATCH,,0,0,0,NA,NA,NA,NA,NA,CLEAR,1,0,0,0,0,TREND_REVERSAL_UNCONFIRMED,0,0.45,LONG,1,0,0,0
BTCUSDT,1781758800000,2026-06-18T05:00:00.000Z,BEAR,LONG,0,7.875,IGNORE,0,WATCH,,0,0,0,NA,NA,NA,NA,NA,CLEAR,1,0,0,0,0,TREND_REVERSAL_UNCONFIRMED,0,0.45,LONG,1,0,0,0
BTCUSDT,1781762400000,2026-06-18T06:00:00.000Z,BEAR,LONG,25,13.5,IGNORE,0,WATCH,,0,0,0,NA,NA,NA,NA,NA,CLEAR,1,0,0,0,0,TREND_REVERSAL_UNCONFIRMED,1,0.45,LONG,1,0,0,0
BTCUSDT,1781766000000,2026-06-18T07:00:00.000Z,BEAR,LONG,0,7.875,IGNORE,0,WATCH,,0,0,0,NA,NA,NA,NA,NA,CLEAR,1,0,0,0,0,TREND_REVERSAL_UNCONFIRMED,0,0.45,LONG,1,0,0,0
BTCUSDT,1781769600000,2026-06-18T08:00:00.000Z,BEAR,LONG,0,7.875,IGNORE,0,WATCH,,0,0,0,NA,NA,NA,NA,NA,BLOCK,0,0,0,0,0,TREND_REVERSAL_UNCONFIRMED,0,0.45,LONG,1,0,0,0
BTCUSDT,1781773200000,2026-06-18T09:00:00.000Z,BEAR,LONG,0,7.875,IGNORE,0,WATCH,,0,0,0,NA,NA,NA,NA,NA,WARNING_SOFT,1,0,0,0,0,TREND_REVERSAL_UNCONFIRMED,0,0.45,LONG,1,0,0,0
BTCUSDT,1781776800000,2026-06-18T10:00:00.000Z,BEAR,LONG,0,7.875,IGNORE,0,WATCH,,0,0,0,NA,NA,NA,NA,NA,CLEAR,1,0,0,0,0,TREND_REVERSAL_UNCONFIRMED,0,0.45,LONG,1,0,0,0
BTCUSDT,1781780400000,2026-06-18T11:00:00.000Z,BEAR,LONG,25,13.5,IGNORE,0,WATCH,,0,0,0,NA,NA,NA,NA,NA,CLEAR,1,0,0,0,0,TREND_REVERSAL_UNCONFIRMED,1,0.45,LONG,1,0,0,0
BTCUSDT,1781784000000,2026-06-18T12:00:00.000Z,BEAR,LONG,0,7.875,IGNORE,0,WATCH,,0,0,0,NA,NA,NA,NA,NA,CLEAR,1,0,0,0,0,TREND_REVERSAL_UNCONFIRMED,0,0.45,LONG,1,0,0,0
BTCUSDT,1781787600000,2026-06-18T13:00:00.000Z,BEAR,LONG,18.283257599973524,12.971056535997915,IGNORE,0,WATCH,,0,0,0,NA,NA,NA,NA,NA,WARNING_SOFT,1,0,0,0,0,TREND_REVERSAL_UNCONFIRMED,1,0.45,LONG,1,0,0,0
BTCUSDT,1781791200000,2026-06-18T14:00:00.000Z,BEAR,LONG,19.35825337874336,13.05571245357604,IGNORE,0,WATCH,,0,0,0,NA,NA,NA,NA,NA,CLEAR,1,0,0,0,0,TREND_REVERSAL_UNCONFIRMED,1,0.45,LONG,1,0,0,0
BTCUSDT,1781794800000,2026-06-18T15:00:00.000Z,BEAR,LONG,25,13.5,IGNORE,0,WATCH,,0,0,0,NA,NA,NA,NA,NA,CLEAR,1,0,0,0,0,TREND_REVERSAL_UNCONFIRMED,1,0.45,LONG,1,0,0,0
BTCUSDT,1781798400000,2026-06-18T16:00:00.000Z,BEAR,LONG,22.489235649286442,13.302277307381306,IGNORE,0,WATCH,,0,0,0,NA,NA,NA,NA,NA,CLEAR,1,0,0,0,0,TREND_REVERSAL_UNCONFIRMED,1,0.45,LONG,1,0,0,0
BTCUSDT,1781802000000,2026-06-18T17:00:00.000Z,BEAR,LONG,16.441065569977418,12.82598391363572,IGNORE,0,WATCH,,0,0,0,NA,NA,NA,NA,NA,CLEAR,1,0,0,0,0,TREND_REVERSAL_UNCONFIRMED,1,0.45,LONG,1,0,0,0
BTCUSDT,1781805600000,2026-06-18T18:00:00.000Z,BEAR,LONG,0,7.875,IGNORE,0,WATCH,,0,0,0,NA,NA,NA,NA,NA,CLEAR,1,0,0,0,0,TREND_REVERSAL_UNCONFIRMED,0,0.45,LONG,1,0,0,0
BTCUSDT,1781809200000,2026-06-18T19:00:00.000Z,BEAR,LONG,0,7.875,IGNORE,0,WATCH,,0,0,0,NA,NA,NA,NA,NA,CLEAR,1,0,0,0,0,TREND_REVERSAL_UNCONFIRMED,0,0.45,LONG,1,0,0,0
BTCUSDT,1781812800000,2026-06-18T20:00:00.000Z,BEAR,LONG,0,7.875,IGNORE,0,WATCH,,0,0,0,NA,NA,NA,NA,NA,CLEAR,1,0,0,0,0,TREND_REVERSAL_UNCONFIRMED,0,0.45,LONG,1,0,0,0
BTCUSDT,1781816400000,2026-06-18T21:00:00.000Z,BEAR,LONG,0,7.875,IGNORE,0,WATCH,,0,0,0,NA,NA,NA,NA,NA,CLEAR,1,0,0,0,0,TREND_REVERSAL_UNCONFIRMED,0,0.45,LONG,1,0,0,0
BTCUSDT,1781820000000,2026-06-18T22:00:00.000Z,BEAR,LONG,0,7.875,IGNORE,0,WATCH,,0,0,0,NA,NA,NA,NA,NA,CLEAR,1,0,0,0,0,TREND_REVERSAL_UNCONFIRMED,0,0.45,LONG,1,0,0,0
BTCUSDT,1781823600000,2026-06-18T23:00:00.000Z,BEAR,LONG,25,13.5,IGNORE,0,WATCH,,0,0,0,NA,NA,NA,NA,NA,CLEAR,1,0,0,0,0,TREND_REVERSAL_UNCONFIRMED,1,0.45,LONG,1,0,0,0
BTCUSDT,1781827200000,2026-06-19T00:00:00.000Z,BEAR,LONG,0,7.875,IGNORE,0,WATCH,,0,0,0,NA,NA,NA,NA,NA,CLEAR,1,0,0,0,0,TREND_REVERSAL_UNCONFIRMED,0,0.45,LONG,1,0,0,0
BTCUSDT,1781830800000,2026-06-19T01:00:00.000Z,BEAR,LONG,0,7.875,IGNORE,0,WATCH,,0,0,0,NA,NA,NA,NA,NA,CLEAR,1,0,0,0,0,TREND_REVERSAL_UNCONFIRMED,0,0.45,LONG,1,0,0,0
BTCUSDT,1781834400000,2026-06-19T02:00:00.000Z,BEAR,LONG,0,7.875,IGNORE,0,WATCH,,0,0,0,NA,NA,NA,NA,NA,CLEAR,1,0,0,0,0,TREND_REVERSAL_UNCONFIRMED,0,0.45,LONG,1,0,0,0
BTCUSDT,1781838000000,2026-06-19T03:00:00.000Z,BEAR,LONG,16.54288891416202,12.834002501990259,IGNORE,0,WATCH,,0,0,0,NA,NA,NA,NA,NA,CLEAR,1,0,0,0,0,TREND_REVERSAL_UNCONFIRMED,1,0.45,LONG,1,0,0,0
BTCUSDT,1781841600000,2026-06-19T04:00:00.000Z,BEAR,LONG,0,7.875,IGNORE,0,WATCH,,0,0,0,NA,NA,NA,NA,NA,CLEAR,1,0,0,0,0,TREND_REVERSAL_UNCONFIRMED,0,0.45,LONG,1,0,0,0
BTCUSDT,1781845200000,2026-06-19T05:00:00.000Z,BEAR,LONG,25,13.5,IGNORE,0,WATCH,,0,0,0,NA,NA,NA,NA,NA,CLEAR,1,0,0,0,0,TREND_REVERSAL_UNCONFIRMED,1,0.45,LONG,1,0,0,0
BTCUSDT,1781848800000,2026-06-19T06:00:00.000Z,BEAR,LONG,17.5,12.909375,IGNORE,0,WATCH,,0,0,0,NA,NA,NA,NA,NA,CLEAR,1,0,0,0,0,TREND_REVERSAL_UNCONFIRMED,1,0.45,LONG,1,0,0,0
BTCUSDT,1781852400000,2026-06-19T07:00:00.000Z,BEAR,LONG,17.5,12.909375,IGNORE,0,WATCH,,0,0,0,NA,NA,NA,NA,NA,CLEAR,1,0,0,0,0,TREND_REVERSAL_UNCONFIRMED,1,0.45,LONG,1,0,0,0
BTCUSDT,1781856000000,2026-06-19T08:00:00.000Z,BEAR,LONG,17.5,12.909375,IGNORE,0,WATCH,,0,0,0,NA,NA,NA,NA,NA,CLEAR,1,0,0,0,0,TREND_REVERSAL_UNCONFIRMED,1,0.45,LONG,1,0,0,0
BTCUSDT,1781859600000,2026-06-19T09:00:00.000Z,BEAR,LONG,17.5,12.909375,IGNORE,0,WATCH,,0,0,0,NA,NA,NA,NA,NA,CLEAR,1,0,0,0,0,TREND_REVERSAL_UNCONFIRMED,1,0.45,LONG,1,0,0,0
BTCUSDT,1781863200000,2026-06-19T10:00:00.000Z,BEAR,LONG,42.5,18.534375,IGNORE,0,WATCH,,0,0,0,NA,NA,NA,NA,NA,CLEAR,1,0,0,0,0,TREND_REVERSAL_UNCONFIRMED,2,0.45,LONG,1,0,0,0
BTCUSDT,1781866800000,2026-06-19T11:00:00.000Z,BEAR,LONG,17.5,12.909375,IGNORE,0,WATCH,,0,0,0,NA,NA,NA,NA,NA,CLEAR,1,0,0,0,0,TREND_REVERSAL_UNCONFIRMED,1,0.45,LONG,1,0,0,0
BTCUSDT,1781870400000,2026-06-19T12:00:00.000Z,BEAR,LONG,30.87734952993651,17.619091275482504,IGNORE,0,WATCH,,0,0,0,NA,NA,NA,NA,NA,CLEAR,1,0,0,0,0,TREND_REVERSAL_UNCONFIRMED,2,0.45,LONG,1,0,0,0
BTCUSDT,1781874000000,2026-06-19T13:00:00.000Z,NEUTRAL,NONE,0,7.875,IGNORE,0,WATCH,,0,0,0,NA,NA,NA,NA,NA,CLEAR,1,1,0,0,0,TREND_REVERSAL_UNCONFIRMED,0,0.45,NONE,1,0,0,0
BTCUSDT,1781877600000,2026-06-19T14:00:00.000Z,NEUTRAL,NONE,0,7.875,IGNORE,0,WATCH,,0,0,0,NA,NA,NA,NA,NA,CLEAR,1,0,0,0,0,TREND_REVERSAL_UNCONFIRMED,0,0.45,NONE,1,0,0,0
BTCUSDT,1781881200000,2026-06-19T15:00:00.000Z,NEUTRAL,NONE,0,7.875,IGNORE,0,WATCH,,0,0,0,NA,NA,NA,NA,NA,CLEAR,1,0,0,0,0,TREND_REVERSAL_UNCONFIRMED,0,0.45,NONE,1,0,0,0
BTCUSDT,1781884800000,2026-06-19T16:00:00.000Z,BEAR,LONG,31.09095651439062,17.63591282550826,IGNORE,0,WATCH,,0,0,0,NA,NA,NA,NA,NA,BLOCK,0,0,0,0,0,TREND_REVERSAL_UNCONFIRMED,2,0.45,LONG,1,0,0,0
BTCUSDT,1781888400000,2026-06-19T17:00:00.000Z,NEUTRAL,NONE,0,7.875,IGNORE,0,WATCH,,0,0,0,NA,NA,NA,NA,NA,WARNING_SOFT,1,0,0,0,0,TREND_REVERSAL_UNCONFIRMED,0,0.45,NONE,1,0,0,0
BTCUSDT,1781892000000,2026-06-19T18:00:00.000Z,NEUTRAL,NONE,0,7.875,IGNORE,0,WATCH,,0,0,0,NA,NA,NA,NA,NA,CLEAR,1,0,0,0,0,TREND_REVERSAL_UNCONFIRMED,0,0.45,NONE,1,0,0,0
BTCUSDT,1781895600000,2026-06-19T19:00:00.000Z,NEUTRAL,NONE,0,7.875,IGNORE,0,WATCH,,0,0,0,NA,NA,NA,NA,NA,CLEAR,1,0,0,0,0,TREND_REVERSAL_UNCONFIRMED,0,0.45,NONE,1,0,0,0
BTCUSDT,1781899200000,2026-06-19T20:00:00.000Z,NEUTRAL,NONE,0,7.875,IGNORE,0,WATCH,,0,0,0,NA,NA,NA,NA,NA,CLEAR,1,0,0,0,0,TREND_REVERSAL_UNCONFIRMED,0,0.45,NONE,1,0,0,0
BTCUSDT,1781902800000,2026-06-19T21:00:00.000Z,NEUTRAL,NONE,0,7.875,IGNORE,0,WATCH,,0,0,0,NA,NA,NA,NA,NA,CLEAR,1,0,0,0,0,TREND_REVERSAL_UNCONFIRMED,0,0.45,NONE,1,0,0,0
BTCUSDT,1781906400000,2026-06-19T22:00:00.000Z,NEUTRAL,NONE,0,7.875,IGNORE,0,WATCH,,0,0,0,NA,NA,NA,NA,NA,CLEAR,1,0,0,0,0,TREND_REVERSAL_UNCONFIRMED,0,0.45,NONE,1,0,0,0
BTCUSDT,1781910000000,2026-06-19T23:00:00.000Z,NEUTRAL,NONE,0,7.875,IGNORE,0,WATCH,,0,0,0,NA,NA,NA,NA,NA,CLEAR,1,0,0,0,0,TREND_REVERSAL_UNCONFIRMED,0,0.45,NONE,1,0,0,0
BTCUSDT,1781913600000,2026-06-20T00:00:00.000Z,NEUTRAL,NONE,0,7.875,IGNORE,0,WATCH,,0,0,0,NA,NA,NA,NA,NA,CLEAR,1,0,0,0,0,TREND_REVERSAL_UNCONFIRMED,0,0.45,NONE,1,0,0,0
BTCUSDT,1781917200000,2026-06-20T01:00:00.000Z,NEUTRAL,NONE,0,7.875,IGNORE,0,WATCH,,0,0,0,NA,NA,NA,NA,NA,CLEAR,1,0,0,0,0,TREND_REVERSAL_UNCONFIRMED,0,0.45,NONE,1,0,0,0
BTCUSDT,1781920800000,2026-06-20T02:00:00.000Z,NEUTRAL,NONE,0,7.875,IGNORE,0,WATCH,,0,0,0,NA,NA,NA,NA,NA,CLEAR,1,0,0,0,0,TREND_REVERSAL_UNCONFIRMED,0,0.45,NONE,1,0,0,0
BTCUSDT,1781924400000,2026-06-20T03:00:00.000Z,NEUTRAL,NONE,0,7.875,IGNORE,0,WATCH,,0,0,0,NA,NA,NA,NA,NA,CLEAR,1,0,0,0,0,TREND_REVERSAL_UNCONFIRMED,0,0.45,NONE,1,0,0,0
BTCUSDT,1781928000000,2026-06-20T04:00:00.000Z,NEUTRAL,NONE,0,7.875,IGNORE,0,WATCH,,0,0,0,NA,NA,NA,NA,NA,CLEAR,1,0,0,0,0,TREND_REVERSAL_UNCONFIRMED,0,0.45,NONE,1,0,0,0
BTCUSDT,1781931600000,2026-06-20T05:00:00.000Z,NEUTRAL,NONE,0,7.875,IGNORE,0,WATCH,,0,0,0,NA,NA,NA,NA,NA,CLEAR,1,0,0,0,0,TREND_REVERSAL_UNCONFIRMED,0,0.45,NONE,1,0,0,0
BTCUSDT,1781935200000,2026-06-20T06:00:00.000Z,NEUTRAL,NONE,0,7.875,IGNORE,0,WATCH,,0,0,0,NA,NA,NA,NA,NA,CLEAR,1,0,0,0,0,TREND_REVERSAL_UNCONFIRMED,0,0.45,NONE,1,0,0,0
BTCUSDT,1781938800000,2026-06-20T07:00:00.000Z,NEUTRAL,NONE,0,7.875,IGNORE,0,WATCH,,0,0,0,NA,NA,NA,NA,NA,CLEAR,1,0,0,0,0,TREND_REVERSAL_UNCONFIRMED,0,0.45,NONE,1,0,0,0
BTCUSDT,1781942400000,2026-06-20T08:00:00.000Z,NEUTRAL,NONE,0,7.875,IGNORE,0,WATCH,,0,0,0,NA,NA,NA,NA,NA,WARNING_SOFT,1,0,0,0,0,TREND_REVERSAL_UNCONFIRMED,0,0.45,NONE,1,0,0,0
BTCUSDT,1781946000000,2026-06-20T09:00:00.000Z,NEUTRAL,NONE,0,7.875,IGNORE,0,WATCH,,0,0,0,NA,NA,NA,NA,NA,WARNING_SOFT,1,0,0,0,0,TREND_REVERSAL_UNCONFIRMED,0,0.45,NONE,1,0,0,0
BTCUSDT,1781949600000,2026-06-20T10:00:00.000Z,NEUTRAL,NONE,0,7.875,IGNORE,0,WATCH,,0,0,0,NA,NA,NA,NA,NA,CLEAR,1,0,0,0,0,TREND_REVERSAL_UNCONFIRMED,0,0.45,NONE,1,0,0,0
BTCUSDT,1781953200000,2026-06-20T11:00:00.000Z,NEUTRAL,NONE,0,7.875,IGNORE,0,WATCH,,0,0,0,NA,NA,NA,NA,NA,CLEAR,1,0,0,0,0,TREND_REVERSAL_UNCONFIRMED,0,0.45,NONE,1,0,0,0
BTCUSDT,1781956800000,2026-06-20T12:00:00.000Z,NEUTRAL,NONE,0,7.875,IGNORE,0,WATCH,,0,0,0,NA,NA,NA,NA,NA,CLEAR,1,0,0,0,0,TREND_REVERSAL_UNCONFIRMED,0,0.45,NONE,1,0,0,0
BTCUSDT,1781960400000,2026-06-20T13:00:00.000Z,BEAR,LONG,41.72444078483619,18.47329971180585,IGNORE,0,WATCH,,0,0,0,NA,NA,NA,NA,NA,CLEAR,1,0,0,0,0,TREND_REVERSAL_UNCONFIRMED,2,0.45,LONG,1,0,0,0
BTCUSDT,1781964000000,2026-06-20T14:00:00.000Z,NEUTRAL,NONE,0,7.875,IGNORE,0,WATCH,,0,0,0,NA,NA,NA,NA,NA,BLOCK,0,0,0,0,0,TREND_REVERSAL_UNCONFIRMED,0,0.45,NONE,1,0,0,0
BTCUSDT,1781967600000,2026-06-20T15:00:00.000Z,BULL,SHORT,25,13.5,IGNORE,0,WATCH,,0,0,0,NA,NA,NA,NA,NA,CLEAR,1,0,0,0,0,TREND_REVERSAL_UNCONFIRMED,1,0.45,SHORT,1,0,0,0
BTCUSDT,1781971200000,2026-06-20T16:00:00.000Z,BULL,SHORT,0,7.875,IGNORE,0,WATCH,,0,0,0,NA,NA,NA,NA,NA,CLEAR,1,0,0,0,0,TREND_REVERSAL_UNCONFIRMED,0,0.45,SHORT,1,0,0,0
BTCUSDT,1781974800000,2026-06-20T17:00:00.000Z,BULL,SHORT,25,13.5,IGNORE,0,WATCH,,0,0,0,NA,NA,NA,NA,NA,CLEAR,1,0,0,0,0,TREND_REVERSAL_UNCONFIRMED,1,0.45,SHORT,1,0,0,0
BTCUSDT,1781978400000,2026-06-20T18:00:00.000Z,BULL,SHORT,0,7.875,IGNORE,0,WATCH,,0,0,0,NA,NA,NA,NA,NA,CLEAR,1,0,0,0,0,TREND_REVERSAL_UNCONFIRMED,0,0.45,SHORT,1,0,0,0
BTCUSDT,1781982000000,2026-06-20T19:00:00.000Z,BULL,SHORT,0,7.875,IGNORE,0,WATCH,,0,0,0,NA,NA,NA,NA,NA,CLEAR,1,0,0,0,0,TREND_REVERSAL_UNCONFIRMED,0,0.45,SHORT,1,0,0,0
BTCUSDT,1781985600000,2026-06-20T20:00:00.000Z,BULL,SHORT,17.4305875,12.903908765625001,IGNORE,0,WATCH,,0,0,0,NA,NA,NA,NA,NA,CLEAR,1,0,0,0,0,TREND_REVERSAL_UNCONFIRMED,1,0.45,SHORT,1,0,0,0
BTCUSDT,1781989200000,2026-06-20T21:00:00.000Z,BULL,SHORT,0,7.875,IGNORE,0,WATCH,,0,0,0,NA,NA,NA,NA,NA,CLEAR,1,0,0,0,0,TREND_REVERSAL_UNCONFIRMED,0,0.45,SHORT,1,0,0,0
BTCUSDT,1781992800000,2026-06-20T22:00:00.000Z,BULL,SHORT,12.847222222222221,12.54296875,IGNORE,0,WATCH,,0,0,0,NA,NA,NA,NA,NA,CLEAR,1,0,0,0,0,TREND_REVERSAL_UNCONFIRMED,1,0.45,SHORT,1,0,0,0
BTCUSDT,1781996400000,2026-06-20T23:00:00.000Z,BULL,SHORT,37.84722222222222,18.16796875,IGNORE,0,WATCH,,0,0,0,NA,NA,NA,NA,NA,CLEAR,1,0,0,0,0,TREND_REVERSAL_UNCONFIRMED,2,0.45,SHORT,1,0,0,0
BTCUSDT,1782000000000,2026-06-21T00:00:00.000Z,BULL,SHORT,0,7.875,IGNORE,0,WATCH,,0,0,0,NA,NA,NA,NA,NA,CLEAR,1,0,0,0,0,TREND_REVERSAL_UNCONFIRMED,0,0.45,SHORT,1,0,0,0
BTCUSDT,1782003600000,2026-06-21T01:00:00.000Z,BULL,SHORT,17.5,12.909375,IGNORE,0,WATCH,,0,0,0,NA,NA,NA,NA,NA,CLEAR,1,0,0,0,0,TREND_REVERSAL_UNCONFIRMED,1,0.45,SHORT,1,0,0,0
BTCUSDT,1782007200000,2026-06-21T02:00:00.000Z,BULL,SHORT,17.5,12.909375,IGNORE,0,WATCH,,0,0,0,NA,NA,NA,NA,NA,CLEAR,1,0,0,0,0,TREND_REVERSAL_UNCONFIRMED,1,0.45,SHORT,1,0,0,0
BTCUSDT,1782010800000,2026-06-21T03:00:00.000Z,BULL,SHORT,17.5,12.909375,IGNORE,0,WATCH,,0,0,0,NA,NA,NA,NA,NA,CLEAR,1,0,0,0,0,TREND_REVERSAL_UNCONFIRMED,1,0.45,SHORT,1,0,0,0
BTCUSDT,1782014400000,2026-06-21T04:00:00.000Z,BULL,SHORT,17.5,12.909375,IGNORE,0,WATCH,,0,0,0,NA,NA,NA,NA,NA,CLEAR,1,0,0,0,0,TREND_REVERSAL_UNCONFIRMED,1,0.45,SHORT,1,0,0,0
BTCUSDT,1782018000000,2026-06-21T05:00:00.000Z,BULL,SHORT,17.5,12.909375,IGNORE,0,WATCH,,0,0,0,NA,NA,NA,NA,NA,CLEAR,1,0,0,0,0,TREND_REVERSAL_UNCONFIRMED,1,0.45,SHORT,1,0,0,0
BTCUSDT,1782021600000,2026-06-21T06:00:00.000Z,BULL,SHORT,17.5,12.909375,IGNORE,0,WATCH,,0,0,0,NA,NA,NA,NA,NA,CLEAR,1,0,0,0,0,TREND_REVERSAL_UNCONFIRMED,1,0.45,SHORT,1,0,0,0
BTCUSDT,1782025200000,2026-06-21T07:00:00.000Z,BULL,SHORT,0,7.875,IGNORE,0,WATCH,,0,0,0,NA,NA,NA,NA,NA,WARNING_SOFT,1,0,0,0,0,TREND_REVERSAL_UNCONFIRMED,0,0.45,SHORT,1,0,0,0
BTCUSDT,1782028800000,2026-06-21T08:00:00.000Z,NEUTRAL,NONE,0,7.875,IGNORE,0,WATCH,,0,0,0,NA,NA,NA,NA,NA,BLOCK,0,0,0,0,0,TREND_REVERSAL_UNCONFIRMED,0,0.45,NONE,1,0,0,0
BTCUSDT,1782032400000,2026-06-21T09:00:00.000Z,BULL,SHORT,0,7.875,IGNORE,0,WATCH,,0,0,0,NA,NA,NA,NA,NA,WARNING_SOFT,1,0,0,0,0,TREND_REVERSAL_UNCONFIRMED,0,0.45,SHORT,1,0,0,0
BTCUSDT,1782036000000,2026-06-21T10:00:00.000Z,BULL,SHORT,0,7.875,IGNORE,0,WATCH,,0,0,0,NA,NA,NA,NA,NA,CLEAR,1,0,0,0,0,TREND_REVERSAL_UNCONFIRMED,0,0.45,SHORT,1,0,0,0
BTCUSDT,1782039600000,2026-06-21T11:00:00.000Z,BULL,SHORT,40.47377082018054,18.374809452089217,IGNORE,0,WATCH,,0,0,0,NA,NA,NA,NA,NA,CLEAR,1,0,0,0,0,TREND_REVERSAL_UNCONFIRMED,2,0.45,SHORT,1,0,0,0
BTCUSDT,1782043200000,2026-06-21T12:00:00.000Z,BULL,SHORT,17.59947232176323,12.917208445338854,IGNORE,0,WATCH,,0,0,0,NA,NA,NA,NA,NA,BLOCK,0,0,0,0,0,TREND_REVERSAL_UNCONFIRMED,1,0.45,SHORT,1,0,0,0
BTCUSDT,1782046800000,2026-06-21T13:00:00.000Z,BULL,SHORT,0,7.875,IGNORE,0,WATCH,,0,0,0,NA,NA,NA,NA,NA,WARNING_SOFT,1,0,0,0,0,TREND_REVERSAL_UNCONFIRMED,0,0.45,SHORT,1,0,0,0
BTCUSDT,1782050400000,2026-06-21T14:00:00.000Z,BULL,SHORT,17.5,12.909375,IGNORE,0,WATCH,,0,0,0,NA,NA,NA,NA,NA,WARNING_SOFT,1,0,0,0,0,TREND_REVERSAL_UNCONFIRMED,1,0.45,SHORT,1,0,0,0
BTCUSDT,1782054000000,2026-06-21T15:00:00.000Z,BULL,SHORT,17.5,12.909375,IGNORE,0,WATCH,,0,0,0,NA,NA,NA,NA,NA,WARNING_SOFT,1,0,0,0,0,TREND_REVERSAL_UNCONFIRMED,1,0.45,SHORT,1,0,0,0
BTCUSDT,1782057600000,2026-06-21T16:00:00.000Z,BULL,SHORT,42.5,18.534375,IGNORE,0,WATCH,,0,0,0,NA,NA,NA,NA,NA,CLEAR,1,0,0,0,0,TREND_REVERSAL_UNCONFIRMED,2,0.45,SHORT,1,0,0,0
BTCUSDT,1782061200000,2026-06-21T17:00:00.000Z,BULL,SHORT,17.5,12.909375,IGNORE,0,WATCH,,0,0,0,NA,NA,NA,NA,NA,WARNING_SOFT,1,0,0,0,0,TREND_REVERSAL_UNCONFIRMED,1,0.45,SHORT,1,0,0,0
BTCUSDT,1782064800000,2026-06-21T18:00:00.000Z,BULL,SHORT,17.5,12.909375,IGNORE,0,WATCH,,0,0,0,NA,NA,NA,NA,NA,WARNING_SOFT,1,0,0,0,0,TREND_REVERSAL_UNCONFIRMED,1,0.45,SHORT,1,0,0,0
BTCUSDT,1782068400000,2026-06-21T19:00:00.000Z,BULL,SHORT,17.5,12.909375,IGNORE,0,WATCH,,0,0,0,NA,NA,NA,NA,NA,WARNING_SOFT,1,0,0,0,0,TREND_REVERSAL_UNCONFIRMED,1,0.45,SHORT,1,0,0,0
BTCUSDT,1782072000000,2026-06-21T20:00:00.000Z,NEUTRAL,NONE,0,7.875,IGNORE,0,WATCH,,0,0,0,NA,NA,NA,NA,NA,WARNING_SOFT,1,0,0,0,0,TREND_REVERSAL_UNCONFIRMED,0,0.45,NONE,1,0,0,0
BTCUSDT,1782075600000,2026-06-21T21:00:00.000Z,NEUTRAL,NONE,0,7.875,IGNORE,0,WATCH,,0,0,0,NA,NA,NA,NA,NA,BLOCK,0,0,0,0,0,TREND_REVERSAL_UNCONFIRMED,0,0.45,NONE,1,0,0,0
BTCUSDT,1782079200000,2026-06-21T22:00:00.000Z,NEUTRAL,NONE,0,7.875,IGNORE,0,WATCH,,0,0,0,NA,NA,NA,NA,NA,BLOCK,0,0,0,0,0,TREND_REVERSAL_UNCONFIRMED,0,0.45,NONE,1,0,0,0
BTCUSDT,1782082800000,2026-06-21T23:00:00.000Z,NEUTRAL,NONE,0,7.875,IGNORE,0,WATCH,,0,0,0,NA,NA,NA,NA,NA,BLOCK,0,0,0,0,0,TREND_REVERSAL_UNCONFIRMED,0,0.45,NONE,1,0,0,0
BTCUSDT,1782086400000,2026-06-22T00:00:00.000Z,NEUTRAL,NONE,0,7.875,IGNORE,0,WATCH,,0,0,0,NA,NA,NA,NA,NA,BLOCK,0,0,0,0,0,TREND_REVERSAL_UNCONFIRMED,0,0.45,NONE,1,0,0,0
BTCUSDT,1782090000000,2026-06-22T01:00:00.000Z,BULL,SHORT,42.5,18.534375,IGNORE,0,WATCH,,0,0,0,NA,NA,NA,NA,NA,CLEAR,1,0,0,0,0,TREND_REVERSAL_UNCONFIRMED,2,0.45,SHORT,1,0,0,0
BTCUSDT,1782093600000,2026-06-22T02:00:00.000Z,BULL,SHORT,42.5,18.534375,IGNORE,0,WATCH,,0,0,0,NA,NA,NA,NA,NA,CLEAR,1,0,0,0,0,TREND_REVERSAL_UNCONFIRMED,2,0.45,SHORT,1,0,0,0
BTCUSDT,1782097200000,2026-06-22T03:00:00.000Z,NEUTRAL,NONE,0,7.875,IGNORE,0,WATCH,,0,0,0,NA,NA,NA,NA,NA,BLOCK,0,0,0,0,0,TREND_REVERSAL_UNCONFIRMED,0,0.45,NONE,1,0,0,0
BTCUSDT,1782100800000,2026-06-22T04:00:00.000Z,BULL,SHORT,0,7.875,IGNORE,0,WATCH,,0,0,0,NA,NA,NA,NA,NA,WARNING_SOFT,1,0,0,0,0,TREND_REVERSAL_UNCONFIRMED,0,0.45,SHORT,1,0,0,0
BTCUSDT,1782104400000,2026-06-22T05:00:00.000Z,BULL,SHORT,0,7.875,IGNORE,0,WATCH,,0,0,0,NA,NA,NA,NA,NA,CLEAR,1,0,0,0,0,TREND_REVERSAL_UNCONFIRMED,0,0.45,SHORT,1,0,0,0
BTCUSDT,1782108000000,2026-06-22T06:00:00.000Z,NEUTRAL,NONE,0,7.875,IGNORE,0,WATCH,,0,0,0,NA,NA,NA,NA,NA,WARNING_SOFT,1,0,0,0,0,TREND_REVERSAL_UNCONFIRMED,0,0.45,NONE,1,0,0,0
BTCUSDT,1782111600000,2026-06-22T07:00:00.000Z,BULL,SHORT,0,7.875,IGNORE,0,WATCH,,0,0,0,NA,NA,NA,NA,NA,CLEAR,1,0,0,0,0,TREND_REVERSAL_UNCONFIRMED,0,0.45,SHORT,1,0,0,0
BTCUSDT,1782115200000,2026-06-22T08:00:00.000Z,BULL,SHORT,0,7.875,IGNORE,0,WATCH,,0,0,0,NA,NA,NA,NA,NA,CLEAR,1,0,0,0,0,TREND_REVERSAL_UNCONFIRMED,0,0.45,SHORT,1,0,0,0
BTCUSDT,1782118800000,2026-06-22T09:00:00.000Z,BULL,SHORT,21.522587499999997,13.226153765625,IGNORE,0,WATCH,,0,0,0,NA,NA,NA,NA,NA,WARNING_SOFT,1,0,0,0,0,TREND_REVERSAL_UNCONFIRMED,1,0.45,SHORT,1,0,0,0
BTCUSDT,1782122400000,2026-06-22T10:00:00.000Z,BULL,SHORT,17.5,12.909375,IGNORE,0,WATCH,,0,0,0,NA,NA,NA,NA,NA,CLEAR,1,0,0,0,0,TREND_REVERSAL_UNCONFIRMED,1,0.45,SHORT,1,0,0,0
BTCUSDT,1782126000000,2026-06-22T11:00:00.000Z,BULL,SHORT,42.5,18.534375,IGNORE,0,WATCH,,0,0,0,NA,NA,NA,NA,NA,CLEAR,1,0,0,0,0,TREND_REVERSAL_UNCONFIRMED,2,0.45,SHORT,1,0,0,0
BTCUSDT,1782129600000,2026-06-22T12:00:00.000Z,BULL,SHORT,42.5,18.534375,IGNORE,0,WATCH,,0,0,0,NA,NA,NA,NA,NA,CLEAR,1,0,0,0,0,TREND_REVERSAL_UNCONFIRMED,2,0.45,SHORT,1,0,0,0
BTCUSDT,1782133200000,2026-06-22T13:00:00.000Z,BULL,SHORT,42.5,18.534375,IGNORE,0,WATCH,,0,0,0,NA,NA,NA,NA,NA,CLEAR,1,1,0,0,0,TREND_REVERSAL_UNCONFIRMED,2,0.45,SHORT,1,0,0,0
BTCUSDT,1782136800000,2026-06-22T14:00:00.000Z,BULL,SHORT,67.5,53.9175,WATCH,1,WATCH,ACTIVE,1,1,0,PASS,PASS,SKIP,SKIP,FAIL,CLEAR,1,0,0,0,0,MARKET_CONTEXT_DENIED,3,0.84,SHORT,0,1,0,0
BTCUSDT,1782140400000,2026-06-22T15:00:00.000Z,BULL,SHORT,17.5,12.909375,IGNORE,0,WATCH,,0,0,0,NA,NA,NA,NA,NA,CLEAR,1,0,0,0,0,TREND_REVERSAL_UNCONFIRMED,1,0.45,SHORT,1,0,0,0
BTCUSDT,1782144000000,2026-06-22T16:00:00.000Z,BULL,SHORT,30.022966130753918,17.55180858279687,IGNORE,0,WATCH,,0,0,0,NA,NA,NA,NA,NA,CLEAR,1,0,0,0,0,TREND_REVERSAL_UNCONFIRMED,2,0.45,SHORT,1,0,0,0
BTCUSDT,1782147600000,2026-06-22T17:00:00.000Z,BULL,SHORT,0,7.875,IGNORE,0,WATCH,,0,0,0,NA,NA,NA,NA,NA,WARNING_SOFT,1,0,0,0,0,TREND_REVERSAL_UNCONFIRMED,0,0.45,SHORT,1,0,0,0
BTCUSDT,1782151200000,2026-06-22T18:00:00.000Z,NEUTRAL,NONE,0,7.875,IGNORE,0,WATCH,,0,0,0,NA,NA,NA,NA,NA,WARNING_SOFT,1,0,0,0,0,TREND_REVERSAL_UNCONFIRMED,0,0.45,NONE,1,0,0,0
BTCUSDT,1782154800000,2026-06-22T19:00:00.000Z,NEUTRAL,NONE,0,7.875,IGNORE,0,WATCH,,0,0,0,NA,NA,NA,NA,NA,WARNING_SOFT,1,0,0,0,0,TREND_REVERSAL_UNCONFIRMED,0,0.45,NONE,1,0,0,0
BTCUSDT,1782158400000,2026-06-22T20:00:00.000Z,NEUTRAL,NONE,0,7.875,IGNORE,0,WATCH,,0,0,0,NA,NA,NA,NA,NA,WARNING_SOFT,1,0,0,0,0,TREND_REVERSAL_UNCONFIRMED,0,0.45,NONE,1,0,0,0
BTCUSDT,1782162000000,2026-06-22T21:00:00.000Z,NEUTRAL,NONE,0,7.875,IGNORE,0,WATCH,,0,0,0,NA,NA,NA,NA,NA,WARNING_SOFT,1,0,0,0,0,TREND_REVERSAL_UNCONFIRMED,0,0.45,NONE,1,0,0,0
BTCUSDT,1782165600000,2026-06-22T22:00:00.000Z,NEUTRAL,NONE,0,7.875,IGNORE,0,WATCH,,0,0,0,NA,NA,NA,NA,NA,WARNING_SOFT,1,0,0,0,0,TREND_REVERSAL_UNCONFIRMED,0,0.45,NONE,1,0,0,0
BTCUSDT,1782169200000,2026-06-22T23:00:00.000Z,NEUTRAL,NONE,0,7.875,IGNORE,0,WATCH,,0,0,0,NA,NA,NA,NA,NA,WARNING_SOFT,1,0,0,0,0,TREND_REVERSAL_UNCONFIRMED,0,0.45,NONE,1,0,0,0
BTCUSDT,1782172800000,2026-06-23T00:00:00.000Z,NEUTRAL,NONE,0,7.875,IGNORE,0,WATCH,,0,0,0,NA,NA,NA,NA,NA,WARNING_SOFT,1,0,0,0,0,TREND_REVERSAL_UNCONFIRMED,0,0.45,NONE,1,0,0,0
BTCUSDT,1782176400000,2026-06-23T01:00:00.000Z,NEUTRAL,NONE,0,7.875,IGNORE,0,WATCH,,0,0,0,NA,NA,NA,NA,NA,WARNING_SOFT,1,0,0,0,0,TREND_REVERSAL_UNCONFIRMED,0,0.45,NONE,1,0,0,0
BTCUSDT,1782180000000,2026-06-23T02:00:00.000Z,NEUTRAL,NONE,0,7.875,IGNORE,0,WATCH,,0,0,0,NA,NA,NA,NA,NA,WARNING_SOFT,1,0,0,0,0,TREND_REVERSAL_UNCONFIRMED,0,0.45,NONE,1,0,0,0
BTCUSDT,1782183600000,2026-06-23T03:00:00.000Z,NEUTRAL,NONE,0,7.875,IGNORE,0,WATCH,,0,0,0,NA,NA,NA,NA,NA,WARNING_SOFT,1,0,0,0,0,TREND_REVERSAL_UNCONFIRMED,0,0.45,NONE,1,0,0,0
BTCUSDT,1782187200000,2026-06-23T04:00:00.000Z,NEUTRAL,NONE,0,7.875,IGNORE,0,WATCH,,0,0,0,NA,NA,NA,NA,NA,WARNING_SOFT,1,0,0,0,0,TREND_REVERSAL_UNCONFIRMED,0,0.45,NONE,1,0,0,0
BTCUSDT,1782190800000,2026-06-23T05:00:00.000Z,BEAR,LONG,32.70580248139853,17.763081945410136,IGNORE,0,WATCH,,0,0,0,NA,NA,NA,NA,NA,CLEAR,1,0,0,0,0,TREND_REVERSAL_UNCONFIRMED,2,0.45,LONG,1,0,0,0
BTCUSDT,1782194400000,2026-06-23T06:00:00.000Z,BEAR,LONG,67.5,53.9175,WATCH,1,WATCH,ACTIVE,1,1,0,PASS,PASS,SKIP,SKIP,FAIL,CLEAR,1,0,0,0,0,MARKET_CONTEXT_DENIED,3,0.84,LONG,0,1,0,0
BTCUSDT,1782198000000,2026-06-23T07:00:00.000Z,BEAR,LONG,34.166666666666664,17.878125,IGNORE,0,WATCH,,0,0,0,NA,NA,NA,NA,NA,CLEAR,1,0,0,0,0,TREND_REVERSAL_UNCONFIRMED,2,0.45,LONG,1,0,0,0
BTCUSDT,1782201600000,2026-06-23T08:00:00.000Z,BEAR,LONG,57.43055555555556,60.83729166666667,WATCH,1,ACTIVE,ACTIVE,1,1,1,PASS,PASS,SKIP,SKIP,PASS,CLEAR,1,0,0,0,1,,3,0.84,LONG,0,1,0,0
BTCUSDT,1782205200000,2026-06-23T09:00:00.000Z,BEAR,LONG,37.29166666666667,18.124218750000004,IGNORE,0,WATCH,,0,0,0,NA,NA,NA,NA,NA,CLEAR,1,0,0,0,0,TREND_REVERSAL_UNCONFIRMED,2,0.45,LONG,1,0,0,0
BTCUSDT,1782208800000,2026-06-23T10:00:00.000Z,BEAR,LONG,37.29166666666667,18.124218750000004,IGNORE,0,WATCH,,0,0,0,NA,NA,NA,NA,NA,CLEAR,1,0,0,0,0,TREND_REVERSAL_UNCONFIRMED,2,0.45,LONG,1,0,0,0
BTCUSDT,1782212400000,2026-06-23T11:00:00.000Z,BEAR,LONG,25,13.5,IGNORE,0,WATCH,,0,0,0,NA,NA,NA,NA,NA,CLEAR,1,0,0,0,0,TREND_REVERSAL_UNCONFIRMED,1,0.45,LONG,1,0,0,0
BTCUSDT,1782216000000,2026-06-23T12:00:00.000Z,BEAR,LONG,0,7.875,IGNORE,0,WATCH,,0,0,0,NA,NA,NA,NA,NA,CLEAR,1,0,0,0,0,TREND_REVERSAL_UNCONFIRMED,0,0.45,LONG,1,0,0,0
BTCUSDT,1782219600000,2026-06-23T13:00:00.000Z,BEAR,LONG,25,13.5,IGNORE,0,WATCH,,0,0,0,NA,NA,NA,NA,NA,CLEAR,1,0,0,0,0,TREND_REVERSAL_UNCONFIRMED,1,0.45,LONG,1,0,0,0
BTCUSDT,1782223200000,2026-06-23T14:00:00.000Z,BEAR,LONG,48.10346322490179,18.975647728961018,IGNORE,0,WATCH,,0,0,0,NA,NA,NA,NA,NA,CLEAR,1,0,0,0,0,TREND_REVERSAL_UNCONFIRMED,2,0.45,LONG,1,0,0,0
BTCUSDT,1782226800000,2026-06-23T15:00:00.000Z,BEAR,LONG,0,7.875,IGNORE,0,WATCH,,0,0,0,NA,NA,NA,NA,NA,CLEAR,1,0,0,0,0,TREND_REVERSAL_UNCONFIRMED,0,0.45,LONG,1,0,0,0
BTCUSDT,1782230400000,2026-06-23T16:00:00.000Z,BEAR,LONG,17.5,12.909375,IGNORE,0,WATCH,,0,0,0,NA,NA,NA,NA,NA,CLEAR,1,0,0,0,0,TREND_REVERSAL_UNCONFIRMED,1,0.45,LONG,1,0,0,0
BTCUSDT,1782234000000,2026-06-23T17:00:00.000Z,BEAR,LONG,17.5,12.909375,IGNORE,0,WATCH,,0,0,0,NA,NA,NA,NA,NA,WARNING_SOFT,1,0,0,0,0,TREND_REVERSAL_UNCONFIRMED,1,0.45,LONG,1,0,0,0
BTCUSDT,1782237600000,2026-06-23T18:00:00.000Z,BEAR,LONG,32.08333333333333,17.714062499999997,IGNORE,0,WATCH,,0,0,0,NA,NA,NA,NA,NA,CLEAR,1,0,0,0,0,TREND_REVERSAL_UNCONFIRMED,2,0.45,LONG,1,0,0,0
BTCUSDT,1782241200000,2026-06-23T19:00:00.000Z,BEAR,LONG,41.526737499999996,18.457730578125,IGNORE,0,WATCH,,0,0,0,NA,NA,NA,NA,NA,CLEAR,1,0,0,0,0,TREND_REVERSAL_UNCONFIRMED,2,0.45,LONG,1,0,0,0
BTCUSDT,1782244800000,2026-06-23T20:00:00.000Z,BEAR,LONG,17.5,12.909375,IGNORE,0,WATCH,,0,0,0,NA,NA,NA,NA,NA,CLEAR,1,0,0,0,0,TREND_REVERSAL_UNCONFIRMED,1,0.45,LONG,1,0,0,0
BTCUSDT,1782248400000,2026-06-23T21:00:00.000Z,BEAR,LONG,17.5,12.909375,IGNORE,0,WATCH,,0,0,0,NA,NA,NA,NA,NA,WARNING_SOFT,1,0,0,0,0,TREND_REVERSAL_UNCONFIRMED,1,0.45,LONG,1,0,0,0
BTCUSDT,1782252000000,2026-06-23T22:00:00.000Z,BEAR,LONG,17.5,12.909375,IGNORE,0,WATCH,,0,0,0,NA,NA,NA,NA,NA,WARNING_SOFT,1,0,0,0,0,TREND_REVERSAL_UNCONFIRMED,1,0.45,LONG,1,0,0,0
BTCUSDT,1782255600000,2026-06-23T23:00:00.000Z,BEAR,LONG,17.5,12.909375,IGNORE,0,WATCH,,0,0,0,NA,NA,NA,NA,NA,WARNING_SOFT,1,0,0,0,0,TREND_REVERSAL_UNCONFIRMED,1,0.45,LONG,1,0,0,0
BTCUSDT,1782259200000,2026-06-24T00:00:00.000Z,NEUTRAL,NONE,0,7.875,IGNORE,0,WATCH,,0,0,0,NA,NA,NA,NA,NA,CLEAR,1,0,0,0,0,TREND_REVERSAL_UNCONFIRMED,0,0.45,NONE,1,0,0,0
BTCUSDT,1782262800000,2026-06-24T01:00:00.000Z,NEUTRAL,NONE,0,7.875,IGNORE,0,WATCH,,0,0,0,NA,NA,NA,NA,NA,CLEAR,1,0,0,0,0,TREND_REVERSAL_UNCONFIRMED,0,0.45,NONE,1,0,0,0
BTCUSDT,1782266400000,2026-06-24T02:00:00.000Z,BEAR,LONG,17.5,12.909375,IGNORE,0,WATCH,,0,0,0,NA,NA,NA,NA,NA,BLOCK,0,0,0,0,0,TREND_REVERSAL_UNCONFIRMED,1,0.45,LONG,1,0,0,0
BTCUSDT,1782270000000,2026-06-24T03:00:00.000Z,BEAR,LONG,17.5,12.909375,IGNORE,0,WATCH,,0,0,0,NA,NA,NA,NA,NA,CLEAR,1,0,0,0,0,TREND_REVERSAL_UNCONFIRMED,1,0.45,LONG,1,0,0,0
BTCUSDT,1782273600000,2026-06-24T04:00:00.000Z,BEAR,LONG,17.5,12.909375,IGNORE,0,WATCH,,0,0,0,NA,NA,NA,NA,NA,CLEAR,1,0,0,0,0,TREND_REVERSAL_UNCONFIRMED,1,0.45,LONG,1,0,0,0
BTCUSDT,1782277200000,2026-06-24T05:00:00.000Z,NEUTRAL,NONE,0,7.875,IGNORE,0,WATCH,,0,0,0,NA,NA,NA,NA,NA,CLEAR,1,0,0,0,0,TREND_REVERSAL_UNCONFIRMED,0,0.45,NONE,1,0,0,0
BTCUSDT,1782280800000,2026-06-24T06:00:00.000Z,BEAR,LONG,17.5,12.909375,IGNORE,0,WATCH,,0,0,0,NA,NA,NA,NA,NA,WARNING_SOFT,1,0,0,0,0,TREND_REVERSAL_UNCONFIRMED,1,0.45,LONG,1,0,0,0
BTCUSDT,1782284400000,2026-06-24T07:00:00.000Z,BEAR,LONG,17.5,12.909375,IGNORE,0,WATCH,,0,0,0,NA,NA,NA,NA,NA,WARNING_SOFT,1,0,0,0,0,TREND_REVERSAL_UNCONFIRMED,1,0.45,LONG,1,0,0,0
BTCUSDT,1782288000000,2026-06-24T08:00:00.000Z,NEUTRAL,NONE,0,7.875,IGNORE,0,WATCH,,0,0,0,NA,NA,NA,NA,NA,WARNING_SOFT,1,0,0,0,0,TREND_REVERSAL_UNCONFIRMED,0,0.45,NONE,1,0,0,0
BTCUSDT,1782291600000,2026-06-24T09:00:00.000Z,BEAR,LONG,17.5,12.909375,IGNORE,0,WATCH,,0,0,0,NA,NA,NA,NA,NA,WARNING_SOFT,1,0,0,0,0,TREND_REVERSAL_UNCONFIRMED,1,0.45,LONG,1,0,0,0
BTCUSDT,1782295200000,2026-06-24T10:00:00.000Z,BEAR,LONG,17.5,12.909375,IGNORE,0,WATCH,,0,0,0,NA,NA,NA,NA,NA,CLEAR,1,0,0,0,0,TREND_REVERSAL_UNCONFIRMED,1,0.45,LONG,1,0,0,0
BTCUSDT,1782298800000,2026-06-24T11:00:00.000Z,NEUTRAL,NONE,0,7.875,IGNORE,0,WATCH,,0,0,0,NA,NA,NA,NA,NA,BLOCK,0,0,0,0,0,TREND_REVERSAL_UNCONFIRMED,0,0.45,NONE,1,0,0,0
BTCUSDT,1782302400000,2026-06-24T12:00:00.000Z,BEAR,LONG,32.90562807857,17.778818211187385,IGNORE,0,WATCH,,0,0,0,NA,NA,NA,NA,NA,BLOCK,0,0,0,0,0,TREND_REVERSAL_UNCONFIRMED,2,0.45,LONG,1,0,0,0
BTCUSDT,1782306000000,2026-06-24T13:00:00.000Z,BEAR,LONG,42.5,18.534375,IGNORE,0,WATCH,,0,0,0,NA,NA,NA,NA,NA,CLEAR,1,0,0,0,0,TREND_REVERSAL_UNCONFIRMED,2,0.45,LONG,1,0,0,0
BTCUSDT,1782309600000,2026-06-24T14:00:00.000Z,BEAR,LONG,42.5,18.534375,IGNORE,0,WATCH,,0,0,0,NA,NA,NA,NA,NA,CLEAR,1,0,1,0,0,TREND_REVERSAL_UNCONFIRMED,2,0.45,LONG,1,0,0,0
BTCUSDT,1782313200000,2026-06-24T15:00:00.000Z,BEAR,LONG,57.08333333333333,51.54624999999999,WATCH,1,WATCH,ACTIVE,1,1,0,FAIL,PASS,SKIP,SKIP,PASS,CLEAR,1,0,1,0,0,MARKET_CONTEXT_DENIED,3,0.84,LONG,0,1,0,0
BTCUSDT,1782316800000,2026-06-24T16:00:00.000Z,BEAR,LONG,59.166666666666664,51.8525,WATCH,1,WATCH,ACTIVE,1,1,0,FAIL,PASS,SKIP,SKIP,PASS,CLEAR,1,0,1,0,0,MARKET_CONTEXT_DENIED,3,0.84,LONG,0,1,0,0
BTCUSDT,1782320400000,2026-06-24T17:00:00.000Z,BEAR,LONG,59.166666666666664,51.8525,WATCH,1,WATCH,ACTIVE,1,1,0,FAIL,PASS,SKIP,SKIP,PASS,CLEAR,1,0,1,0,0,MARKET_CONTEXT_DENIED,3,0.84,LONG,0,1,0,0
BTCUSDT,1782324000000,2026-06-24T18:00:00.000Z,BEAR,LONG,69,60.123,WATCH,1,WATCH,ACTIVE,1,1,0,FAIL,PASS,SKIP,SKIP,PASS,CLEAR,1,0,0,0,0,MARKET_CONTEXT_DENIED,4,0.84,LONG,0,1,0,0
BTCUSDT,1782327600000,2026-06-24T19:00:00.000Z,BEAR,LONG,17.5,12.909375,IGNORE,0,WATCH,,0,0,0,NA,NA,NA,NA,NA,CLEAR,1,0,0,0,0,TREND_REVERSAL_UNCONFIRMED,1,0.45,LONG,1,0,0,0
BTCUSDT,1782331200000,2026-06-24T20:00:00.000Z,BEAR,LONG,25,13.5,IGNORE,0,WATCH,,0,0,0,NA,NA,NA,NA,NA,WARNING_SOFT,1,1,0,1,0,TREND_REVERSAL_UNCONFIRMED,1,0.45,LONG,1,0,0,0
BTCUSDT,1782334800000,2026-06-24T21:00:00.000Z,BEAR,LONG,0,7.875,IGNORE,0,WATCH,,0,0,0,NA,NA,NA,NA,NA,WARNING_SOFT,1,0,0,0,0,TREND_REVERSAL_UNCONFIRMED,0,0.45,LONG,1,0,0,0
BTCUSDT,1782338400000,2026-06-24T22:00:00.000Z,BEAR,LONG,0,7.875,IGNORE,0,WATCH,,0,0,0,NA,NA,NA,NA,NA,WARNING_SOFT,1,0,0,0,0,TREND_REVERSAL_UNCONFIRMED,0,0.45,LONG,1,0,0,0
BTCUSDT,1782342000000,2026-06-24T23:00:00.000Z,BEAR,LONG,25,13.5,IGNORE,0,WATCH,,0,0,0,NA,NA,NA,NA,NA,WARNING_SOFT,1,0,0,0,0,TREND_REVERSAL_UNCONFIRMED,1,0.45,LONG,1,0,0,0
BTCUSDT,1782345600000,2026-06-25T00:00:00.000Z,BEAR,LONG,0,7.875,IGNORE,0,WATCH,,0,0,0,NA,NA,NA,NA,NA,WARNING_SOFT,1,0,0,0,0,TREND_REVERSAL_UNCONFIRMED,0,0.45,LONG,1,0,0,0
BTCUSDT,1782349200000,2026-06-25T01:00:00.000Z,BEAR,LONG,0,7.875,IGNORE,0,WATCH,,0,0,0,NA,NA,NA,NA,NA,CLEAR,1,0,0,0,0,TREND_REVERSAL_UNCONFIRMED,0,0.45,LONG,1,0,0,0
BTCUSDT,1782352800000,2026-06-25T02:00:00.000Z,BEAR,LONG,0,7.875,IGNORE,0,WATCH,,0,0,0,NA,NA,NA,NA,NA,WARNING_SOFT,1,0,0,0,0,TREND_REVERSAL_UNCONFIRMED,0,0.45,LONG,1,0,0,0
BTCUSDT,1782356400000,2026-06-25T03:00:00.000Z,BEAR,LONG,0,7.875,IGNORE,0,WATCH,,0,0,0,NA,NA,NA,NA,NA,CLEAR,1,0,0,0,0,TREND_REVERSAL_UNCONFIRMED,0,0.45,LONG,1,0,0,0
BTCUSDT,1782360000000,2026-06-25T04:00:00.000Z,NEUTRAL,NONE,0,7.875,IGNORE,0,WATCH,,0,0,0,NA,NA,NA,NA,NA,WARNING_SOFT,1,0,0,0,0,TREND_REVERSAL_UNCONFIRMED,0,0.45,NONE,1,0,0,0
BTCUSDT,1782363600000,2026-06-25T05:00:00.000Z,NEUTRAL,NONE,0,7.875,IGNORE,0,WATCH,,0,0,0,NA,NA,NA,NA,NA,CLEAR,1,0,0,0,0,TREND_REVERSAL_UNCONFIRMED,0,0.45,NONE,1,0,0,0
BTCUSDT,1782367200000,2026-06-25T06:00:00.000Z,NEUTRAL,NONE,0,7.875,IGNORE,0,WATCH,,0,0,0,NA,NA,NA,NA,NA,CLEAR,1,0,0,0,0,TREND_REVERSAL_UNCONFIRMED,0,0.45,NONE,1,0,0,0
BTCUSDT,1782370800000,2026-06-25T07:00:00.000Z,NEUTRAL,NONE,0,7.875,IGNORE,0,WATCH,,0,0,0,NA,NA,NA,NA,NA,CLEAR,1,0,0,0,0,TREND_REVERSAL_UNCONFIRMED,0,0.45,NONE,1,0,0,0
BTCUSDT,1782374400000,2026-06-25T08:00:00.000Z,NEUTRAL,NONE,0,7.875,IGNORE,0,WATCH,,0,0,0,NA,NA,NA,NA,NA,CLEAR,1,0,0,0,0,TREND_REVERSAL_UNCONFIRMED,0,0.45,NONE,1,0,0,0
BTCUSDT,1782378000000,2026-06-25T09:00:00.000Z,NEUTRAL,NONE,0,7.875,IGNORE,0,WATCH,,0,0,0,NA,NA,NA,NA,NA,CLEAR,1,0,0,0,0,TREND_REVERSAL_UNCONFIRMED,0,0.45,NONE,1,0,0,0
BTCUSDT,1782381600000,2026-06-25T10:00:00.000Z,BEAR,LONG,17.5,12.909375,IGNORE,0,WATCH,,0,0,0,NA,NA,NA,NA,NA,WARNING_SOFT,1,0,0,0,0,TREND_REVERSAL_UNCONFIRMED,1,0.45,LONG,1,0,0,0
BTCUSDT,1782385200000,2026-06-25T11:00:00.000Z,BEAR,LONG,17.5,12.909375,IGNORE,0,WATCH,,0,0,0,NA,NA,NA,NA,NA,CLEAR,1,0,0,0,0,TREND_REVERSAL_UNCONFIRMED,1,0.45,LONG,1,0,0,0
BTCUSDT,1782388800000,2026-06-25T12:00:00.000Z,BEAR,LONG,42.5,18.534375,IGNORE,0,WATCH,,0,0,0,NA,NA,NA,NA,NA,CLEAR,1,0,0,0,0,TREND_REVERSAL_UNCONFIRMED,2,0.45,LONG,1,0,0,0
BTCUSDT,1782392400000,2026-06-25T13:00:00.000Z,BEAR,LONG,57.08333333333333,51.54624999999999,WATCH,1,WATCH,ACTIVE,1,1,0,FAIL,PASS,SKIP,SKIP,PASS,CLEAR,1,0,0,0,0,MARKET_CONTEXT_DENIED,3,0.84,LONG,0,1,0,0
BTCUSDT,1782396000000,2026-06-25T14:00:00.000Z,BEAR,LONG,42.5,18.534375,IGNORE,0,WATCH,,0,0,0,NA,NA,NA,NA,NA,CLEAR,1,0,0,0,0,TREND_REVERSAL_UNCONFIRMED,2,0.45,LONG,1,0,0,0
BTCUSDT,1782399600000,2026-06-25T15:00:00.000Z,BEAR,LONG,35.24335538631436,17.962914236672255,IGNORE,0,WATCH,,0,0,0,NA,NA,NA,NA,NA,CLEAR,1,0,0,0,0,TREND_REVERSAL_UNCONFIRMED,2,0.45,LONG,1,0,0,0
BTCUSDT,1782403200000,2026-06-25T16:00:00.000Z,BEAR,LONG,0,7.875,IGNORE,0,WATCH,,0,0,0,NA,NA,NA,NA,NA,CLEAR,1,0,0,0,0,TREND_REVERSAL_UNCONFIRMED,0,0.45,LONG,1,0,0,0
BTCUSDT,1782406800000,2026-06-25T17:00:00.000Z,BEAR,LONG,0,7.875,IGNORE,0,WATCH,,0,0,0,NA,NA,NA,NA,NA,CLEAR,1,0,0,0,0,TREND_REVERSAL_UNCONFIRMED,0,0.45,LONG,1,0,0,0
BTCUSDT,1782410400000,2026-06-25T18:00:00.000Z,BEAR,LONG,0,7.875,IGNORE,0,WATCH,,0,0,0,NA,NA,NA,NA,NA,CLEAR,1,0,0,0,0,TREND_REVERSAL_UNCONFIRMED,0,0.45,LONG,1,0,0,0
BTCUSDT,1782414000000,2026-06-25T19:00:00.000Z,BEAR,LONG,0,7.875,IGNORE,0,WATCH,,0,0,0,NA,NA,NA,NA,NA,CLEAR,1,0,0,0,0,TREND_REVERSAL_UNCONFIRMED,0,0.45,LONG,1,0,0,0
BTCUSDT,1782417600000,2026-06-25T20:00:00.000Z,BEAR,LONG,0,7.875,IGNORE,0,WATCH,,0,0,0,NA,NA,NA,NA,NA,CLEAR,1,0,0,0,0,TREND_REVERSAL_UNCONFIRMED,0,0.45,LONG,1,0,0,0
BTCUSDT,1782421200000,2026-06-25T21:00:00.000Z,BEAR,LONG,0,7.875,IGNORE,0,WATCH,,0,0,0,NA,NA,NA,NA,NA,CLEAR,1,0,0,0,0,TREND_REVERSAL_UNCONFIRMED,0,0.45,LONG,1,0,0,0
BTCUSDT,1782424800000,2026-06-25T22:00:00.000Z,BEAR,LONG,0,7.875,IGNORE,0,WATCH,,0,0,0,NA,NA,NA,NA,NA,WARNING_SOFT,1,0,0,0,0,TREND_REVERSAL_UNCONFIRMED,0,0.45,LONG,1,0,0,0
BTCUSDT,1782428400000,2026-06-25T23:00:00.000Z,BEAR,LONG,0,7.875,IGNORE,0,WATCH,,0,0,0,NA,NA,NA,NA,NA,WARNING_SOFT,1,0,0,0,0,TREND_REVERSAL_UNCONFIRMED,0,0.45,LONG,1,0,0,0
BTCUSDT,1782432000000,2026-06-26T00:00:00.000Z,BEAR,LONG,25,13.5,IGNORE,0,WATCH,,0,0,0,NA,NA,NA,NA,NA,CLEAR,1,0,0,0,0,TREND_REVERSAL_UNCONFIRMED,1,0.45,LONG,1,0,0,0
BTCUSDT,1782435600000,2026-06-26T01:00:00.000Z,BEAR,LONG,0,7.875,IGNORE,0,WATCH,,0,0,0,NA,NA,NA,NA,NA,CLEAR,1,0,0,0,0,TREND_REVERSAL_UNCONFIRMED,0,0.45,LONG,1,0,0,0
BTCUSDT,1782439200000,2026-06-26T02:00:00.000Z,BEAR,LONG,22.044882309012042,13.2672844818347,IGNORE,0,WATCH,,0,0,0,NA,NA,NA,NA,NA,CLEAR,1,0,0,0,0,TREND_REVERSAL_UNCONFIRMED,1,0.45,LONG,1,0,0,0
BTCUSDT,1782442800000,2026-06-26T03:00:00.000Z,NEUTRAL,NONE,0,7.875,IGNORE,0,WATCH,,0,0,0,NA,NA,NA,NA,NA,BLOCK,0,0,0,0,0,TREND_REVERSAL_UNCONFIRMED,0,0.45,NONE,1,0,0,0
BTCUSDT,1782446400000,2026-06-26T04:00:00.000Z,BEAR,LONG,25,13.5,IGNORE,0,WATCH,,0,0,0,NA,NA,NA,NA,NA,BLOCK,0,0,0,0,0,TREND_REVERSAL_UNCONFIRMED,1,0.45,LONG,1,0,0,0
BTCUSDT,1782450000000,2026-06-26T05:00:00.000Z,NEUTRAL,NONE,0,7.875,IGNORE,0,WATCH,,0,0,0,NA,NA,NA,NA,NA,CLEAR,1,0,0,0,0,TREND_REVERSAL_UNCONFIRMED,0,0.45,NONE,1,0,0,0
BTCUSDT,1782453600000,2026-06-26T06:00:00.000Z,NEUTRAL,NONE,0,7.875,IGNORE,0,WATCH,,0,0,0,NA,NA,NA,NA,NA,CLEAR,1,0,0,0,0,TREND_REVERSAL_UNCONFIRMED,0,0.45,NONE,1,0,0,0
BTCUSDT,1782457200000,2026-06-26T07:00:00.000Z,NEUTRAL,NONE,0,7.875,IGNORE,0,WATCH,,0,0,0,NA,NA,NA,NA,NA,CLEAR,1,0,0,0,0,TREND_REVERSAL_UNCONFIRMED,0,0.45,NONE,1,0,0,0
BTCUSDT,1782460800000,2026-06-26T08:00:00.000Z,NEUTRAL,NONE,0,7.875,IGNORE,0,WATCH,,0,0,0,NA,NA,NA,NA,NA,CLEAR,1,0,0,0,0,TREND_REVERSAL_UNCONFIRMED,0,0.45,NONE,1,0,0,0
BTCUSDT,1782464400000,2026-06-26T09:00:00.000Z,BEAR,LONG,17.5,12.909375,IGNORE,0,WATCH,,0,0,0,NA,NA,NA,NA,NA,WARNING_SOFT,1,0,0,0,0,TREND_REVERSAL_UNCONFIRMED,1,0.45,LONG,1,0,0,0
BTCUSDT,1782468000000,2026-06-26T10:00:00.000Z,BEAR,LONG,17.5,12.909375,IGNORE,0,WATCH,,0,0,0,NA,NA,NA,NA,NA,CLEAR,1,0,0,0,0,TREND_REVERSAL_UNCONFIRMED,1,0.45,LONG,1,0,0,0
BTCUSDT,1782471600000,2026-06-26T11:00:00.000Z,BEAR,LONG,42.5,18.534375,IGNORE,0,WATCH,,0,0,0,NA,NA,NA,NA,NA,CLEAR,1,0,0,0,0,TREND_REVERSAL_UNCONFIRMED,2,0.45,LONG,1,0,0,0
BTCUSDT,1782475200000,2026-06-26T12:00:00.000Z,BEAR,LONG,42.5,18.534375,IGNORE,0,WATCH,,0,0,0,NA,NA,NA,NA,NA,CLEAR,1,0,0,0,0,TREND_REVERSAL_UNCONFIRMED,2,0.45,LONG,1,0,0,0
BTCUSDT,1782478800000,2026-06-26T13:00:00.000Z,NEUTRAL,NONE,0,7.875,IGNORE,0,WATCH,,0,0,0,NA,NA,NA,NA,NA,BLOCK,0,0,0,0,0,TREND_REVERSAL_UNCONFIRMED,0,0.45,NONE,1,0,0,0
BTCUSDT,1782482400000,2026-06-26T14:00:00.000Z,BEAR,LONG,39.25385665988696,18.278741211966096,IGNORE,0,WATCH,,0,0,0,NA,NA,NA,NA,NA,BLOCK,0,0,1,0,0,TREND_REVERSAL_UNCONFIRMED,2,0.45,LONG,1,0,0,0
BTCUSDT,1782486000000,2026-06-26T15:00:00.000Z,NEUTRAL,NONE,0,7.875,IGNORE,0,WATCH,,0,0,0,NA,NA,NA,NA,NA,CLEAR,1,0,0,0,0,TREND_REVERSAL_UNCONFIRMED,0,0.45,NONE,1,0,0,0
BTCUSDT,1782489600000,2026-06-26T16:00:00.000Z,NEUTRAL,NONE,0,7.875,IGNORE,0,WATCH,,0,0,0,NA,NA,NA,NA,NA,CLEAR,1,0,0,0,0,TREND_REVERSAL_UNCONFIRMED,0,0.45,NONE,1,0,0,0
BTCUSDT,1782493200000,2026-06-26T17:00:00.000Z,NEUTRAL,NONE,0,7.875,IGNORE,0,WATCH,,0,0,0,NA,NA,NA,NA,NA,CLEAR,1,0,0,0,0,TREND_REVERSAL_UNCONFIRMED,0,0.45,NONE,1,0,0,0
BTCUSDT,1782496800000,2026-06-26T18:00:00.000Z,BEAR,LONG,17.5,12.909375,IGNORE,0,WATCH,,0,0,0,NA,NA,NA,NA,NA,WARNING_SOFT,1,0,0,0,0,TREND_REVERSAL_UNCONFIRMED,1,0.45,LONG,1,0,0,0
BTCUSDT,1782500400000,2026-06-26T19:00:00.000Z,BEAR,LONG,17.5,12.909375,IGNORE,0,WATCH,,0,0,0,NA,NA,NA,NA,NA,WARNING_SOFT,1,0,0,0,0,TREND_REVERSAL_UNCONFIRMED,1,0.45,LONG,1,0,0,0
BTCUSDT,1782504000000,2026-06-26T20:00:00.000Z,BEAR,LONG,42.5,18.534375,IGNORE,0,WATCH,,0,0,0,NA,NA,NA,NA,NA,CLEAR,1,0,0,0,0,TREND_REVERSAL_UNCONFIRMED,2,0.45,LONG,1,0,0,0
BTCUSDT,1782507600000,2026-06-26T21:00:00.000Z,NEUTRAL,NONE,0,7.875,IGNORE,0,WATCH,,0,0,0,NA,NA,NA,NA,NA,WARNING_SOFT,1,0,0,0,0,TREND_REVERSAL_UNCONFIRMED,0,0.45,NONE,1,0,0,0
BTCUSDT,1782511200000,2026-06-26T22:00:00.000Z,NEUTRAL,NONE,0,7.875,IGNORE,0,WATCH,,0,0,0,NA,NA,NA,NA,NA,CLEAR,1,0,0,0,0,TREND_REVERSAL_UNCONFIRMED,0,0.45,NONE,1,0,0,0
BTCUSDT,1782514800000,2026-06-26T23:00:00.000Z,NEUTRAL,NONE,0,7.875,IGNORE,0,WATCH,,0,0,0,NA,NA,NA,NA,NA,CLEAR,1,0,0,0,0,TREND_REVERSAL_UNCONFIRMED,0,0.45,NONE,1,0,0,0
BTCUSDT,1782518400000,2026-06-27T00:00:00.000Z,NEUTRAL,NONE,0,7.875,IGNORE,0,WATCH,,0,0,0,NA,NA,NA,NA,NA,CLEAR,1,0,0,0,0,TREND_REVERSAL_UNCONFIRMED,0,0.45,NONE,1,0,0,0
BTCUSDT,1782522000000,2026-06-27T01:00:00.000Z,NEUTRAL,NONE,0,7.875,IGNORE,0,WATCH,,0,0,0,NA,NA,NA,NA,NA,CLEAR,1,0,0,0,0,TREND_REVERSAL_UNCONFIRMED,0,0.45,NONE,1,0,0,0
BTCUSDT,1782525600000,2026-06-27T02:00:00.000Z,NEUTRAL,NONE,0,7.875,IGNORE,0,WATCH,,0,0,0,NA,NA,NA,NA,NA,CLEAR,1,0,0,0,0,TREND_REVERSAL_UNCONFIRMED,0,0.45,NONE,1,0,0,0
BTCUSDT,1782529200000,2026-06-27T03:00:00.000Z,NEUTRAL,NONE,0,7.875,IGNORE,0,WATCH,,0,0,0,NA,NA,NA,NA,NA,CLEAR,1,0,0,0,0,TREND_REVERSAL_UNCONFIRMED,0,0.45,NONE,1,0,0,0
BTCUSDT,1782532800000,2026-06-27T04:00:00.000Z,NEUTRAL,NONE,0,7.875,IGNORE,0,WATCH,,0,0,0,NA,NA,NA,NA,NA,CLEAR,1,0,0,0,0,TREND_REVERSAL_UNCONFIRMED,0,0.45,NONE,1,0,0,0
BTCUSDT,1782536400000,2026-06-27T05:00:00.000Z,NEUTRAL,NONE,0,7.875,IGNORE,0,WATCH,,0,0,0,NA,NA,NA,NA,NA,CLEAR,1,0,0,0,0,TREND_REVERSAL_UNCONFIRMED,0,0.45,NONE,1,0,0,0
BTCUSDT,1782540000000,2026-06-27T06:00:00.000Z,NEUTRAL,NONE,0,7.875,IGNORE,0,WATCH,,0,0,0,NA,NA,NA,NA,NA,CLEAR,1,0,0,0,0,TREND_REVERSAL_UNCONFIRMED,0,0.45,NONE,1,0,0,0
BTCUSDT,1782543600000,2026-06-27T07:00:00.000Z,NEUTRAL,NONE,0,7.875,IGNORE,0,WATCH,,0,0,0,NA,NA,NA,NA,NA,CLEAR,1,0,0,0,0,TREND_REVERSAL_UNCONFIRMED,0,0.45,NONE,1,0,0,0
BTCUSDT,1782547200000,2026-06-27T08:00:00.000Z,NEUTRAL,NONE,0,7.875,IGNORE,0,WATCH,,0,0,0,NA,NA,NA,NA,NA,CLEAR,1,0,0,0,0,TREND_REVERSAL_UNCONFIRMED,0,0.45,NONE,1,0,0,0
BTCUSDT,1782550800000,2026-06-27T09:00:00.000Z,NEUTRAL,NONE,0,7.875,IGNORE,0,WATCH,,0,0,0,NA,NA,NA,NA,NA,CLEAR,1,0,0,0,0,TREND_REVERSAL_UNCONFIRMED,0,0.45,NONE,1,0,0,0
BTCUSDT,1782554400000,2026-06-27T10:00:00.000Z,NEUTRAL,NONE,0,7.875,IGNORE,0,WATCH,,0,0,0,NA,NA,NA,NA,NA,CLEAR,1,0,0,0,0,TREND_REVERSAL_UNCONFIRMED,0,0.45,NONE,1,0,0,0
BTCUSDT,1782558000000,2026-06-27T11:00:00.000Z,NEUTRAL,NONE,0,7.875,IGNORE,0,WATCH,,0,0,0,NA,NA,NA,NA,NA,WARNING_SOFT,1,0,0,0,0,TREND_REVERSAL_UNCONFIRMED,0,0.45,NONE,1,0,0,0
BTCUSDT,1782561600000,2026-06-27T12:00:00.000Z,NEUTRAL,NONE,0,7.875,IGNORE,0,WATCH,,0,0,0,NA,NA,NA,NA,NA,CLEAR,1,0,0,0,0,TREND_REVERSAL_UNCONFIRMED,0,0.45,NONE,1,0,0,0
BTCUSDT,1782565200000,2026-06-27T13:00:00.000Z,NEUTRAL,NONE,0,7.875,IGNORE,0,WATCH,,0,0,0,NA,NA,NA,NA,NA,CLEAR,1,0,0,0,0,TREND_REVERSAL_UNCONFIRMED,0,0.45,NONE,1,0,0,0
BTCUSDT,1782568800000,2026-06-27T14:00:00.000Z,NEUTRAL,NONE,0,7.875,IGNORE,0,WATCH,,0,0,0,NA,NA,NA,NA,NA,CLEAR,1,0,0,0,0,TREND_REVERSAL_UNCONFIRMED,0,0.45,NONE,1,0,0,0
BTCUSDT,1782572400000,2026-06-27T15:00:00.000Z,NEUTRAL,NONE,0,7.875,IGNORE,0,WATCH,,0,0,0,NA,NA,NA,NA,NA,CLEAR,1,1,0,0,0,TREND_REVERSAL_UNCONFIRMED,0,0.45,NONE,1,0,0,0
BTCUSDT,1782576000000,2026-06-27T16:00:00.000Z,BULL,SHORT,17.5,12.909375,IGNORE,0,WATCH,,0,0,0,NA,NA,NA,NA,NA,CLEAR,1,0,0,0,0,TREND_REVERSAL_UNCONFIRMED,1,0.45,SHORT,1,0,0,0
BTCUSDT,1782579600000,2026-06-27T17:00:00.000Z,BULL,SHORT,67.5,62.317499999999995,WATCH,1,ACTIVE,ACTIVE,1,1,1,PASS,PASS,SKIP,SKIP,PASS,CLEAR,1,0,0,0,1,,3,0.84,SHORT,0,1,0,0
BTCUSDT,1782583200000,2026-06-27T18:00:00.000Z,BULL,SHORT,0,7.875,IGNORE,0,WATCH,,0,0,0,NA,NA,NA,NA,NA,WARNING_SOFT,1,0,0,0,0,TREND_REVERSAL_UNCONFIRMED,0,0.45,SHORT,1,0,0,0
BTCUSDT,1782586800000,2026-06-27T19:00:00.000Z,NEUTRAL,NONE,0,7.875,IGNORE,0,WATCH,,0,0,0,NA,NA,NA,NA,NA,BLOCK,0,0,0,0,0,TREND_REVERSAL_UNCONFIRMED,0,0.45,NONE,1,0,0,0
BTCUSDT,1782590400000,2026-06-27T20:00:00.000Z,NEUTRAL,NONE,0,7.875,IGNORE,0,WATCH,,0,0,0,NA,NA,NA,NA,NA,WARNING_SOFT,1,0,0,0,0,TREND_REVERSAL_UNCONFIRMED,0,0.45,NONE,1,0,0,0
BTCUSDT,1782594000000,2026-06-27T21:00:00.000Z,NEUTRAL,NONE,0,7.875,IGNORE,0,WATCH,,0,0,0,NA,NA,NA,NA,NA,WARNING_SOFT,1,0,0,0,0,TREND_REVERSAL_UNCONFIRMED,0,0.45,NONE,1,0,0,0
BTCUSDT,1782597600000,2026-06-27T22:00:00.000Z,BEAR,LONG,32.71029783121878,17.76343595420848,IGNORE,0,WATCH,,0,0,0,NA,NA,NA,NA,NA,CLEAR,1,0,0,0,0,TREND_REVERSAL_UNCONFIRMED,2,0.45,LONG,1,0,0,0
BTCUSDT,1782601200000,2026-06-27T23:00:00.000Z,BEAR,LONG,17.5,12.909375,IGNORE,0,WATCH,,0,0,0,NA,NA,NA,NA,NA,CLEAR,1,0,0,0,0,TREND_REVERSAL_UNCONFIRMED,1,0.45,LONG,1,0,0,0
BTCUSDT,1782604800000,2026-06-28T00:00:00.000Z,BEAR,LONG,17.5,12.909375,IGNORE,0,WATCH,,0,0,0,NA,NA,NA,NA,NA,CLEAR,1,0,0,0,0,TREND_REVERSAL_UNCONFIRMED,1,0.45,LONG,1,0,0,0
BTCUSDT,1782608400000,2026-06-28T01:00:00.000Z,BEAR,LONG,0,7.875,IGNORE,0,WATCH,,0,0,0,NA,NA,NA,NA,NA,CLEAR,1,0,0,0,0,TREND_REVERSAL_UNCONFIRMED,0,0.45,LONG,1,0,0,0
BTCUSDT,1782612000000,2026-06-28T02:00:00.000Z,BEAR,LONG,0,7.875,IGNORE,0,WATCH,,0,0,0,NA,NA,NA,NA,NA,CLEAR,1,0,0,0,0,TREND_REVERSAL_UNCONFIRMED,0,0.45,LONG,1,0,0,0
BTCUSDT,1782615600000,2026-06-28T03:00:00.000Z,BEAR,LONG,0,7.875,IGNORE,0,WATCH,,0,0,0,NA,NA,NA,NA,NA,WARNING_SOFT,1,0,0,0,0,TREND_REVERSAL_UNCONFIRMED,0,0.45,LONG,1,0,0,0
BTCUSDT,1782619200000,2026-06-28T04:00:00.000Z,BEAR,LONG,0,7.875,IGNORE,0,WATCH,,0,0,0,NA,NA,NA,NA,NA,CLEAR,1,0,0,0,0,TREND_REVERSAL_UNCONFIRMED,0,0.45,LONG,1,0,0,0
BTCUSDT,1782622800000,2026-06-28T05:00:00.000Z,BEAR,LONG,21.139829124051847,13.196011543519083,IGNORE,0,WATCH,,0,0,0,NA,NA,NA,NA,NA,CLEAR,1,0,1,0,0,TREND_REVERSAL_UNCONFIRMED,1,0.45,LONG,1,0,0,0
BTCUSDT,1782626400000,2026-06-28T06:00:00.000Z,BEAR,LONG,20.243224999999995,13.12540396875,IGNORE,0,WATCH,,0,0,0,NA,NA,NA,NA,NA,CLEAR,1,0,0,0,0,TREND_REVERSAL_UNCONFIRMED,1,0.45,LONG,1,0,0,0
BTCUSDT,1782630000000,2026-06-28T07:00:00.000Z,NEUTRAL,NONE,0,7.875,IGNORE,0,WATCH,,0,0,0,NA,NA,NA,NA,NA,WARNING_SOFT,1,0,0,0,0,TREND_REVERSAL_UNCONFIRMED,0,0.45,NONE,1,0,0,0
BTCUSDT,1782633600000,2026-06-28T08:00:00.000Z,NEUTRAL,NONE,0,7.875,IGNORE,0,WATCH,,0,0,0,NA,NA,NA,NA,NA,CLEAR,1,0,0,0,0,TREND_REVERSAL_UNCONFIRMED,0,0.45,NONE,1,0,0,0
BTCUSDT,1782637200000,2026-06-28T09:00:00.000Z,NEUTRAL,NONE,0,7.875,IGNORE,0,WATCH,,0,0,0,NA,NA,NA,NA,NA,CLEAR,1,0,0,0,0,TREND_REVERSAL_UNCONFIRMED,0,0.45,NONE,1,0,0,0
BTCUSDT,1782640800000,2026-06-28T10:00:00.000Z,BEAR,LONG,0,7.875,IGNORE,0,WATCH,,0,0,0,NA,NA,NA,NA,NA,WARNING_SOFT,1,0,0,0,0,TREND_REVERSAL_UNCONFIRMED,0,0.45,LONG,1,0,0,0
BTCUSDT,1782644400000,2026-06-28T11:00:00.000Z,NEUTRAL,NONE,0,7.875,IGNORE,0,WATCH,,0,0,0,NA,NA,NA,NA,NA,CLEAR,1,0,0,0,0,TREND_REVERSAL_UNCONFIRMED,0,0.45,NONE,1,0,0,0
BTCUSDT,1782648000000,2026-06-28T12:00:00.000Z,NEUTRAL,NONE,0,7.875,IGNORE,0,WATCH,,0,0,0,NA,NA,NA,NA,NA,CLEAR,1,0,0,0,0,TREND_REVERSAL_UNCONFIRMED,0,0.45,NONE,1,0,0,0
BTCUSDT,1782651600000,2026-06-28T13:00:00.000Z,BEAR,LONG,15.249316418514727,12.732133667958035,IGNORE,0,WATCH,,0,0,0,NA,NA,NA,NA,NA,WARNING_SOFT,1,0,0,0,0,TREND_REVERSAL_UNCONFIRMED,1,0.45,LONG,1,0,0,0
BTCUSDT,1782655200000,2026-06-28T14:00:00.000Z,BEAR,LONG,0,7.875,IGNORE,0,WATCH,,0,0,0,NA,NA,NA,NA,NA,CLEAR,1,0,0,0,0,TREND_REVERSAL_UNCONFIRMED,0,0.45,LONG,1,0,0,0
BTCUSDT,1782658800000,2026-06-28T15:00:00.000Z,BEAR,LONG,23.079034954589943,13.34872400267396,IGNORE,0,WATCH,,0,0,0,NA,NA,NA,NA,NA,CLEAR,1,0,1,0,0,TREND_REVERSAL_UNCONFIRMED,1,0.45,LONG,1,0,0,0
BTCUSDT,1782662400000,2026-06-28T16:00:00.000Z,BEAR,LONG,25,13.5,IGNORE,0,WATCH,,0,0,0,NA,NA,NA,NA,NA,CLEAR,1,0,1,0,0,TREND_REVERSAL_UNCONFIRMED,1,0.45,LONG,1,0,0,0
BTCUSDT,1782666000000,2026-06-28T17:00:00.000Z,BEAR,LONG,25,13.5,IGNORE,0,WATCH,,0,0,0,NA,NA,NA,NA,NA,CLEAR,1,0,1,0,0,TREND_REVERSAL_UNCONFIRMED,1,0.45,LONG,1,0,0,0
BTCUSDT,1782669600000,2026-06-28T18:00:00.000Z,BEAR,LONG,0,7.875,IGNORE,0,WATCH,,0,0,0,NA,NA,NA,NA,NA,CLEAR,1,0,0,0,0,TREND_REVERSAL_UNCONFIRMED,0,0.45,LONG,1,0,0,0
BTCUSDT,1782673200000,2026-06-28T19:00:00.000Z,BEAR,LONG,18.447940948907114,12.984025349726435,IGNORE,0,WATCH,,0,0,0,NA,NA,NA,NA,NA,CLEAR,1,0,1,0,0,TREND_REVERSAL_UNCONFIRMED,1,0.45,LONG,1,0,0,0
BTCUSDT,1782676800000,2026-06-28T20:00:00.000Z,BEAR,LONG,25,13.5,IGNORE,0,WATCH,,0,0,0,NA,NA,NA,NA,NA,CLEAR,1,0,0,0,0,TREND_REVERSAL_UNCONFIRMED,1,0.45,LONG,1,0,0,0
BTCUSDT,1782680400000,2026-06-28T21:00:00.000Z,BEAR,LONG,12.95203144219125,12.551222476072562,IGNORE,0,WATCH,,0,0,0,NA,NA,NA,NA,NA,CLEAR,1,0,0,0,0,TREND_REVERSAL_UNCONFIRMED,1,0.45,LONG,1,0,0,0
BTCUSDT,1782684000000,2026-06-28T22:00:00.000Z,BEAR,LONG,25,13.5,IGNORE,0,WATCH,,0,0,0,NA,NA,NA,NA,NA,CLEAR,1,0,0,0,0,TREND_REVERSAL_UNCONFIRMED,1,0.45,LONG,1,0,0,0
BTCUSDT,1782687600000,2026-06-28T23:00:00.000Z,BEAR,LONG,45.67818083872166,18.78465674104933,IGNORE,0,WATCH,,0,0,0,NA,NA,NA,NA,NA,CLEAR,1,0,0,0,0,TREND_REVERSAL_UNCONFIRMED,2,0.45,LONG,1,0,0,0
BTCUSDT,1782691200000,2026-06-29T00:00:00.000Z,BEAR,LONG,23.902874242875797,13.41360134662647,IGNORE,0,WATCH,,0,0,0,NA,NA,NA,NA,NA,CLEAR,1,0,0,0,0,TREND_REVERSAL_UNCONFIRMED,1,0.45,LONG,1,0,0,0
BTCUSDT,1782694800000,2026-06-29T01:00:00.000Z,BEAR,LONG,0,7.875,IGNORE,0,WATCH,,0,0,0,NA,NA,NA,NA,NA,CLEAR,1,0,0,0,0,TREND_REVERSAL_UNCONFIRMED,0,0.45,LONG,1,0,0,0
BTCUSDT,1782698400000,2026-06-29T02:00:00.000Z,NEUTRAL,NONE,0,7.875,IGNORE,0,WATCH,,0,0,0,NA,NA,NA,NA,NA,BLOCK,0,0,0,0,0,TREND_REVERSAL_UNCONFIRMED,0,0.45,NONE,1,0,0,0
BTCUSDT,1782702000000,2026-06-29T03:00:00.000Z,NEUTRAL,NONE,0,7.875,IGNORE,0,WATCH,,0,0,0,NA,NA,NA,NA,NA,CLEAR,1,0,0,0,0,TREND_REVERSAL_UNCONFIRMED,0,0.45,NONE,1,0,0,0
BTCUSDT,1782705600000,2026-06-29T04:00:00.000Z,NEUTRAL,NONE,0,7.875,IGNORE,0,WATCH,,0,0,0,NA,NA,NA,NA,NA,CLEAR,1,0,0,0,0,TREND_REVERSAL_UNCONFIRMED,0,0.45,NONE,1,0,0,0
BTCUSDT,1782709200000,2026-06-29T05:00:00.000Z,NEUTRAL,NONE,0,7.875,IGNORE,0,WATCH,,0,0,0,NA,NA,NA,NA,NA,WARNING_SOFT,1,0,0,0,0,TREND_REVERSAL_UNCONFIRMED,0,0.45,NONE,1,0,0,0
BTCUSDT,1782712800000,2026-06-29T06:00:00.000Z,NEUTRAL,NONE,0,7.875,IGNORE,0,WATCH,,0,0,0,NA,NA,NA,NA,NA,CLEAR,1,0,0,0,0,TREND_REVERSAL_UNCONFIRMED,0,0.45,NONE,1,0,0,0
BTCUSDT,1782716400000,2026-06-29T07:00:00.000Z,NEUTRAL,NONE,0,7.875,IGNORE,0,WATCH,,0,0,0,NA,NA,NA,NA,NA,CLEAR,1,0,0,0,0,TREND_REVERSAL_UNCONFIRMED,0,0.45,NONE,1,0,0,0
BTCUSDT,1782720000000,2026-06-29T08:00:00.000Z,BEAR,LONG,0,7.875,IGNORE,0,WATCH,,0,0,0,NA,NA,NA,NA,NA,WARNING_SOFT,1,0,0,0,0,TREND_REVERSAL_UNCONFIRMED,0,0.45,LONG,1,0,0,0
BTCUSDT,1782723600000,2026-06-29T09:00:00.000Z,NEUTRAL,NONE,0,7.875,IGNORE,0,WATCH,,0,0,0,NA,NA,NA,NA,NA,CLEAR,1,0,0,0,0,TREND_REVERSAL_UNCONFIRMED,0,0.45,NONE,1,0,0,0
BTCUSDT,1782727200000,2026-06-29T10:00:00.000Z,NEUTRAL,NONE,0,7.875,IGNORE,0,WATCH,,0,0,0,NA,NA,NA,NA,NA,CLEAR,1,0,0,0,0,TREND_REVERSAL_UNCONFIRMED,0,0.45,NONE,1,0,0,0
BTCUSDT,1782730800000,2026-06-29T11:00:00.000Z,NEUTRAL,NONE,0,7.875,IGNORE,0,WATCH,,0,0,0,NA,NA,NA,NA,NA,CLEAR,1,0,0,0,0,TREND_REVERSAL_UNCONFIRMED,0,0.45,NONE,1,0,0,0
BTCUSDT,1782734400000,2026-06-29T12:00:00.000Z,NEUTRAL,NONE,0,7.875,IGNORE,0,WATCH,,0,0,0,NA,NA,NA,NA,NA,CLEAR,1,0,0,0,0,TREND_REVERSAL_UNCONFIRMED,0,0.45,NONE,1,0,0,0
BTCUSDT,1782738000000,2026-06-29T13:00:00.000Z,BEAR,LONG,25,13.5,IGNORE,0,WATCH,,0,0,0,NA,NA,NA,NA,NA,WARNING_SOFT,1,0,0,0,0,TREND_REVERSAL_UNCONFIRMED,1,0.45,LONG,1,0,0,0
BTCUSDT,1782741600000,2026-06-29T14:00:00.000Z,BEAR,LONG,25,13.5,IGNORE,0,WATCH,,0,0,0,NA,NA,NA,NA,NA,CLEAR,1,0,0,0,0,TREND_REVERSAL_UNCONFIRMED,1,0.45,LONG,1,0,0,0
BTCUSDT,1782745200000,2026-06-29T15:00:00.000Z,BEAR,LONG,23.23979366185588,13.361383750871152,IGNORE,0,WATCH,,0,0,0,NA,NA,NA,NA,NA,CLEAR,1,0,0,0,0,TREND_REVERSAL_UNCONFIRMED,1,0.45,LONG,1,0,0,0
BTCUSDT,1782748800000,2026-06-29T16:00:00.000Z,NEUTRAL,NONE,0,7.875,IGNORE,0,WATCH,,0,0,0,NA,NA,NA,NA,NA,WARNING_SOFT,1,0,0,0,0,TREND_REVERSAL_UNCONFIRMED,0,0.45,NONE,1,0,0,0
BTCUSDT,1782752400000,2026-06-29T17:00:00.000Z,NEUTRAL,NONE,0,7.875,IGNORE,0,WATCH,,0,0,0,NA,NA,NA,NA,NA,CLEAR,1,1,0,0,0,TREND_REVERSAL_UNCONFIRMED,0,0.45,NONE,1,0,0,0
BTCUSDT,1782756000000,2026-06-29T18:00:00.000Z,NEUTRAL,NONE,0,7.875,IGNORE,0,WATCH,,0,0,0,NA,NA,NA,NA,NA,CLEAR,1,0,0,0,0,TREND_REVERSAL_UNCONFIRMED,0,0.45,NONE,1,0,0,0
BTCUSDT,1782759600000,2026-06-29T19:00:00.000Z,NEUTRAL,NONE,0,7.875,IGNORE,0,WATCH,,0,0,0,NA,NA,NA,NA,NA,CLEAR,1,0,0,0,0,TREND_REVERSAL_UNCONFIRMED,0,0.45,NONE,1,0,0,0
BTCUSDT,1782763200000,2026-06-29T20:00:00.000Z,NEUTRAL,NONE,0,7.875,IGNORE,0,WATCH,,0,0,0,NA,NA,NA,NA,NA,CLEAR,1,0,0,0,0,TREND_REVERSAL_UNCONFIRMED,0,0.45,NONE,1,0,0,0
BTCUSDT,1782766800000,2026-06-29T21:00:00.000Z,BULL,SHORT,17.5,12.909375,IGNORE,0,WATCH,,0,0,0,NA,NA,NA,NA,NA,CLEAR,1,0,0,0,0,TREND_REVERSAL_UNCONFIRMED,1,0.45,SHORT,1,0,0,0
BTCUSDT,1782770400000,2026-06-29T22:00:00.000Z,BULL,SHORT,17.5,12.909375,IGNORE,0,WATCH,,0,0,0,NA,NA,NA,NA,NA,CLEAR,1,0,0,0,0,TREND_REVERSAL_UNCONFIRMED,1,0.45,SHORT,1,0,0,0
BTCUSDT,1782774000000,2026-06-29T23:00:00.000Z,BULL,SHORT,17.5,12.909375,IGNORE,0,WATCH,,0,0,0,NA,NA,NA,NA,NA,CLEAR,1,0,0,0,0,TREND_REVERSAL_UNCONFIRMED,1,0.45,SHORT,1,0,0,0
BTCUSDT,1782777600000,2026-06-30T00:00:00.000Z,NEUTRAL,NONE,0,7.875,IGNORE,0,WATCH,,0,0,0,NA,NA,NA,NA,NA,WARNING_SOFT,1,0,0,0,0,TREND_REVERSAL_UNCONFIRMED,0,0.45,NONE,1,0,0,0
BTCUSDT,1782781200000,2026-06-30T01:00:00.000Z,NEUTRAL,NONE,0,7.875,IGNORE,0,WATCH,,0,0,0,NA,NA,NA,NA,NA,WARNING_SOFT,1,0,0,0,0,TREND_REVERSAL_UNCONFIRMED,0,0.45,NONE,1,0,0,0
BTCUSDT,1782784800000,2026-06-30T02:00:00.000Z,NEUTRAL,NONE,0,7.875,IGNORE,0,WATCH,,0,0,0,NA,NA,NA,NA,NA,WARNING_SOFT,1,0,0,0,0,TREND_REVERSAL_UNCONFIRMED,0,0.45,NONE,1,0,0,0
BTCUSDT,1782788400000,2026-06-30T03:00:00.000Z,BEAR,LONG,17.5,12.909375,IGNORE,0,WATCH,,0,0,0,NA,NA,NA,NA,NA,CLEAR,1,0,0,0,0,TREND_REVERSAL_UNCONFIRMED,1,0.45,LONG,1,0,0,0
BTCUSDT,1782792000000,2026-06-30T04:00:00.000Z,BEAR,LONG,17.5,12.909375,IGNORE,0,WATCH,,0,0,0,NA,NA,NA,NA,NA,CLEAR,1,0,0,0,0,TREND_REVERSAL_UNCONFIRMED,1,0.45,LONG,1,0,0,0
BTCUSDT,1782795600000,2026-06-30T05:00:00.000Z,BEAR,LONG,17.5,12.909375,IGNORE,0,WATCH,,0,0,0,NA,NA,NA,NA,NA,CLEAR,1,0,0,0,0,TREND_REVERSAL_UNCONFIRMED,1,0.45,LONG,1,0,0,0
BTCUSDT,1782799200000,2026-06-30T06:00:00.000Z,BEAR,LONG,17.5,12.909375,IGNORE,0,WATCH,,0,0,0,NA,NA,NA,NA,NA,CLEAR,1,0,0,0,0,TREND_REVERSAL_UNCONFIRMED,1,0.45,LONG,1,0,0,0
BTCUSDT,1782802800000,2026-06-30T07:00:00.000Z,BEAR,LONG,17.5,12.909375,IGNORE,0,WATCH,,0,0,0,NA,NA,NA,NA,NA,CLEAR,1,0,0,0,0,TREND_REVERSAL_UNCONFIRMED,1,0.45,LONG,1,0,0,0
BTCUSDT,1782806400000,2026-06-30T08:00:00.000Z,BEAR,LONG,17.5,12.909375,IGNORE,0,WATCH,,0,0,0,NA,NA,NA,NA,NA,CLEAR,1,0,0,0,0,TREND_REVERSAL_UNCONFIRMED,1,0.45,LONG,1,0,0,0
BTCUSDT,1782810000000,2026-06-30T09:00:00.000Z,BEAR,LONG,17.5,12.909375,IGNORE,0,WATCH,,0,0,0,NA,NA,NA,NA,NA,CLEAR,1,0,0,0,0,TREND_REVERSAL_UNCONFIRMED,1,0.45,LONG,1,0,0,0
BTCUSDT,1782813600000,2026-06-30T10:00:00.000Z,BEAR,LONG,42.5,18.534375,IGNORE,0,WATCH,,0,0,0,NA,NA,NA,NA,NA,CLEAR,1,0,0,0,0,TREND_REVERSAL_UNCONFIRMED,2,0.45,LONG,1,0,0,0
BTCUSDT,1782817200000,2026-06-30T11:00:00.000Z,BEAR,LONG,17.5,12.909375,IGNORE,0,WATCH,,0,0,0,NA,NA,NA,NA,NA,CLEAR,1,0,0,0,0,TREND_REVERSAL_UNCONFIRMED,1,0.45,LONG,1,0,0,0
BTCUSDT,1782820800000,2026-06-30T12:00:00.000Z,BEAR,LONG,42.5,18.534375,IGNORE,0,WATCH,,0,0,0,NA,NA,NA,NA,NA,CLEAR,1,0,0,0,0,TREND_REVERSAL_UNCONFIRMED,2,0.45,LONG,1,0,0,0
BTCUSDT,1782824400000,2026-06-30T13:00:00.000Z,BEAR,LONG,42.5,18.534375,IGNORE,0,WATCH,,0,0,0,NA,NA,NA,NA,NA,CLEAR,1,0,0,0,0,TREND_REVERSAL_UNCONFIRMED,2,0.45,LONG,1,0,0,0
BTCUSDT,1782828000000,2026-06-30T14:00:00.000Z,BEAR,LONG,42.5,18.534375,IGNORE,0,WATCH,,0,0,0,NA,NA,NA,NA,NA,CLEAR,1,0,1,0,0,TREND_REVERSAL_UNCONFIRMED,2,0.45,LONG,1,0,0,0
BTCUSDT,1782831600000,2026-06-30T15:00:00.000Z,BEAR,LONG,42.5,18.534375,IGNORE,0,WATCH,,0,0,0,NA,NA,NA,NA,NA,CLEAR,1,0,1,0,0,TREND_REVERSAL_UNCONFIRMED,2,0.45,LONG,1,0,0,0
BTCUSDT,1782835200000,2026-06-30T16:00:00.000Z,BEAR,LONG,42.5,18.534375,IGNORE,0,WATCH,,0,0,0,NA,NA,NA,NA,NA,CLEAR,1,0,0,0,0,TREND_REVERSAL_UNCONFIRMED,2,0.45,LONG,1,0,0,0
BTCUSDT,1782838800000,2026-06-30T17:00:00.000Z,BEAR,LONG,17.5,12.909375,IGNORE,0,WATCH,,0,0,0,NA,NA,NA,NA,NA,CLEAR,1,0,0,0,0,TREND_REVERSAL_UNCONFIRMED,1,0.45,LONG,1,0,0,0
BTCUSDT,1782842400000,2026-06-30T18:00:00.000Z,BEAR,LONG,0,7.875,IGNORE,0,WATCH,,0,0,0,NA,NA,NA,NA,NA,CLEAR,1,0,0,0,0,TREND_REVERSAL_UNCONFIRMED,0,0.45,LONG,1,0,0,0
BTCUSDT,1782846000000,2026-06-30T19:00:00.000Z,BEAR,LONG,0,7.875,IGNORE,0,WATCH,,0,0,0,NA,NA,NA,NA,NA,CLEAR,1,0,0,0,0,TREND_REVERSAL_UNCONFIRMED,0,0.45,LONG,1,0,0,0
BTCUSDT,1782849600000,2026-06-30T20:00:00.000Z,BEAR,LONG,0,7.875,IGNORE,0,WATCH,,0,0,0,NA,NA,NA,NA,NA,CLEAR,1,0,0,0,0,TREND_REVERSAL_UNCONFIRMED,0,0.45,LONG,1,0,0,0
BTCUSDT,1782853200000,2026-06-30T21:00:00.000Z,BEAR,LONG,0,7.875,IGNORE,0,WATCH,,0,0,0,NA,NA,NA,NA,NA,CLEAR,1,0,0,0,0,TREND_REVERSAL_UNCONFIRMED,0,0.45,LONG,1,0,0,0
BTCUSDT,1782856800000,2026-06-30T22:00:00.000Z,BEAR,LONG,25,13.5,IGNORE,0,WATCH,,0,0,0,NA,NA,NA,NA,NA,CLEAR,1,0,0,0,0,TREND_REVERSAL_UNCONFIRMED,1,0.45,LONG,1,0,0,0
BTCUSDT,1782860400000,2026-06-30T23:00:00.000Z,BEAR,LONG,0,7.875,IGNORE,0,WATCH,,0,0,0,NA,NA,NA,NA,NA,CLEAR,1,0,0,0,0,TREND_REVERSAL_UNCONFIRMED,0,0.45,LONG,1,0,0,0
BTCUSDT,1782864000000,2026-07-01T00:00:00.000Z,BEAR,LONG,0,7.875,IGNORE,0,WATCH,,0,0,0,NA,NA,NA,NA,NA,CLEAR,1,0,0,0,0,TREND_REVERSAL_UNCONFIRMED,0,0.45,LONG,1,0,0,0
BTCUSDT,1782867600000,2026-07-01T01:00:00.000Z,BEAR,LONG,25,13.5,IGNORE,0,WATCH,,0,0,0,NA,NA,NA,NA,NA,CLEAR,1,0,0,0,0,TREND_REVERSAL_UNCONFIRMED,1,0.45,LONG,1,0,0,0
BTCUSDT,1782871200000,2026-07-01T02:00:00.000Z,NEUTRAL,NONE,0,7.875,IGNORE,0,WATCH,,0,0,0,NA,NA,NA,NA,NA,CLEAR,1,0,0,0,0,TREND_REVERSAL_UNCONFIRMED,0,0.45,NONE,1,0,0,0
BTCUSDT,1782874800000,2026-07-01T03:00:00.000Z,NEUTRAL,NONE,0,7.875,IGNORE,0,WATCH,,0,0,0,NA,NA,NA,NA,NA,CLEAR,1,0,0,0,0,TREND_REVERSAL_UNCONFIRMED,0,0.45,NONE,1,0,0,0
BTCUSDT,1782878400000,2026-07-01T04:00:00.000Z,NEUTRAL,NONE,0,7.875,IGNORE,0,WATCH,,0,0,0,NA,NA,NA,NA,NA,CLEAR,1,0,0,0,0,TREND_REVERSAL_UNCONFIRMED,0,0.45,NONE,1,0,0,0
BTCUSDT,1782882000000,2026-07-01T05:00:00.000Z,NEUTRAL,NONE,0,7.875,IGNORE,0,WATCH,,0,0,0,NA,NA,NA,NA,NA,CLEAR,1,0,0,0,0,TREND_REVERSAL_UNCONFIRMED,0,0.45,NONE,1,0,0,0
BTCUSDT,1782885600000,2026-07-01T06:00:00.000Z,BEAR,LONG,15.345199322076747,12.739684446613543,IGNORE,0,WATCH,,0,0,0,NA,NA,NA,NA,NA,WARNING_SOFT,1,0,0,0,0,TREND_REVERSAL_UNCONFIRMED,1,0.45,LONG,1,0,0,0
BTCUSDT,1782889200000,2026-07-01T07:00:00.000Z,BEAR,LONG,0,7.875,IGNORE,0,WATCH,,0,0,0,NA,NA,NA,NA,NA,CLEAR,1,0,0,0,0,TREND_REVERSAL_UNCONFIRMED,0,0.45,LONG,1,0,0,0
BTCUSDT,1782892800000,2026-07-01T08:00:00.000Z,NEUTRAL,NONE,0,7.875,IGNORE,0,WATCH,,0,0,0,NA,NA,NA,NA,NA,WARNING_SOFT,1,0,0,0,0,TREND_REVERSAL_UNCONFIRMED,0,0.45,NONE,1,0,0,0
BTCUSDT,1782896400000,2026-07-01T09:00:00.000Z,BEAR,LONG,0,7.875,IGNORE,0,WATCH,,0,0,0,NA,NA,NA,NA,NA,WARNING_SOFT,1,0,0,0,0,TREND_REVERSAL_UNCONFIRMED,0,0.45,LONG,1,0,0,0
BTCUSDT,1782900000000,2026-07-01T10:00:00.000Z,BEAR,LONG,0,7.875,IGNORE,0,WATCH,,0,0,0,NA,NA,NA,NA,NA,CLEAR,1,0,0,0,0,TREND_REVERSAL_UNCONFIRMED,0,0.45,LONG,1,0,0,0
BTCUSDT,1782903600000,2026-07-01T11:00:00.000Z,BEAR,LONG,17.5,12.909375,IGNORE,0,WATCH,,0,0,0,NA,NA,NA,NA,NA,CLEAR,1,0,0,0,0,TREND_REVERSAL_UNCONFIRMED,1,0.45,LONG,1,0,0,0
BTCUSDT,1782907200000,2026-07-01T12:00:00.000Z,BEAR,LONG,31.204631644211478,17.644864741981653,IGNORE,0,WATCH,,0,0,0,NA,NA,NA,NA,NA,CLEAR,1,0,0,0,0,TREND_REVERSAL_UNCONFIRMED,2,0.45,LONG,1,0,0,0
BTCUSDT,1782910800000,2026-07-01T13:00:00.000Z,NEUTRAL,NONE,0,7.875,IGNORE,0,WATCH,,0,0,0,NA,NA,NA,NA,NA,WARNING_SOFT,1,1,0,0,0,TREND_REVERSAL_UNCONFIRMED,0,0.45,NONE,1,0,0,0
BTCUSDT,1782914400000,2026-07-01T14:00:00.000Z,NEUTRAL,NONE,0,7.875,IGNORE,0,WATCH,,0,0,0,NA,NA,NA,NA,NA,CLEAR,1,1,0,0,0,TREND_REVERSAL_UNCONFIRMED,0,0.45,NONE,1,0,0,0
BTCUSDT,1782918000000,2026-07-01T15:00:00.000Z,NEUTRAL,NONE,0,7.875,IGNORE,0,WATCH,,0,0,0,NA,NA,NA,NA,NA,CLEAR,1,1,0,0,0,TREND_REVERSAL_UNCONFIRMED,0,0.45,NONE,1,0,0,0
BTCUSDT,1782921600000,2026-07-01T16:00:00.000Z,NEUTRAL,NONE,0,7.875,IGNORE,0,WATCH,,0,0,0,NA,NA,NA,NA,NA,CLEAR,1,0,0,0,0,TREND_REVERSAL_UNCONFIRMED,0,0.45,NONE,1,0,0,0
BTCUSDT,1782925200000,2026-07-01T17:00:00.000Z,NEUTRAL,NONE,0,7.875,IGNORE,0,WATCH,,0,0,0,NA,NA,NA,NA,NA,CLEAR,1,0,0,0,0,TREND_REVERSAL_UNCONFIRMED,0,0.45,NONE,1,0,0,0
BTCUSDT,1782928800000,2026-07-01T18:00:00.000Z,BULL,SHORT,0,7.875,IGNORE,0,WATCH,,0,0,0,NA,NA,NA,NA,NA,CLEAR,1,0,0,0,0,TREND_REVERSAL_UNCONFIRMED,0,0.45,SHORT,1,0,0,0
BTCUSDT,1782932400000,2026-07-01T19:00:00.000Z,BULL,SHORT,25,13.5,IGNORE,0,WATCH,,0,0,0,NA,NA,NA,NA,NA,CLEAR,1,0,0,0,0,TREND_REVERSAL_UNCONFIRMED,1,0.45,SHORT,1,0,0,0
BTCUSDT,1782936000000,2026-07-01T20:00:00.000Z,BULL,SHORT,0,7.875,IGNORE,0,WATCH,,0,0,0,NA,NA,NA,NA,NA,CLEAR,1,0,0,0,0,TREND_REVERSAL_UNCONFIRMED,0,0.45,SHORT,1,0,0,0
BTCUSDT,1782939600000,2026-07-01T21:00:00.000Z,BULL,SHORT,17.681236907812924,12.923647406490268,IGNORE,0,WATCH,,0,0,0,NA,NA,NA,NA,NA,CLEAR,1,0,0,0,0,TREND_REVERSAL_UNCONFIRMED,1,0.45,SHORT,1,0,0,0
BTCUSDT,1782943200000,2026-07-01T22:00:00.000Z,BULL,SHORT,25,13.5,IGNORE,0,WATCH,,0,0,0,NA,NA,NA,NA,NA,CLEAR,1,0,0,0,0,TREND_REVERSAL_UNCONFIRMED,1,0.45,SHORT,1,0,0,0
BTCUSDT,1782946800000,2026-07-01T23:00:00.000Z,BULL,SHORT,25,13.5,IGNORE,0,WATCH,,0,0,0,NA,NA,NA,NA,NA,CLEAR,1,0,0,0,0,TREND_REVERSAL_UNCONFIRMED,1,0.45,SHORT,1,0,0,0
BTCUSDT,1782950400000,2026-07-02T00:00:00.000Z,BULL,SHORT,0,7.875,IGNORE,0,WATCH,,0,0,0,NA,NA,NA,NA,NA,WARNING_SOFT,1,0,0,0,0,TREND_REVERSAL_UNCONFIRMED,0,0.45,SHORT,1,0,0,0
BTCUSDT,1782954000000,2026-07-02T01:00:00.000Z,BULL,SHORT,0,7.875,IGNORE,0,WATCH,,0,0,0,NA,NA,NA,NA,NA,WARNING_SOFT,1,0,0,0,0,TREND_REVERSAL_UNCONFIRMED,0,0.45,SHORT,1,0,0,0
BTCUSDT,1782957600000,2026-07-02T02:00:00.000Z,BULL,SHORT,25,13.5,IGNORE,0,WATCH,,0,0,0,NA,NA,NA,NA,NA,CLEAR,1,0,0,0,0,TREND_REVERSAL_UNCONFIRMED,1,0.45,SHORT,1,0,0,0
BTCUSDT,1782961200000,2026-07-02T03:00:00.000Z,BULL,SHORT,12.503495453634047,12.515900266973683,IGNORE,0,WATCH,,0,0,0,NA,NA,NA,NA,NA,CLEAR,1,0,0,0,0,TREND_REVERSAL_UNCONFIRMED,1,0.45,SHORT,1,0,0,0
BTCUSDT,1782964800000,2026-07-02T04:00:00.000Z,BULL,SHORT,0,7.875,IGNORE,0,WATCH,,0,0,0,NA,NA,NA,NA,NA,CLEAR,1,0,0,0,0,TREND_REVERSAL_UNCONFIRMED,0,0.45,SHORT,1,0,0,0
BTCUSDT,1782968400000,2026-07-02T05:00:00.000Z,BULL,SHORT,0,7.875,IGNORE,0,WATCH,,0,0,0,NA,NA,NA,NA,NA,CLEAR,1,0,0,0,0,TREND_REVERSAL_UNCONFIRMED,0,0.45,SHORT,1,0,0,0
BTCUSDT,1782972000000,2026-07-02T06:00:00.000Z,BULL,SHORT,17.5,12.909375,IGNORE,0,WATCH,,0,0,0,NA,NA,NA,NA,NA,CLEAR,1,0,0,0,0,TREND_REVERSAL_UNCONFIRMED,1,0.45,SHORT,1,0,0,0
BTCUSDT,1782975600000,2026-07-02T07:00:00.000Z,BULL,SHORT,17.5,12.909375,IGNORE,0,WATCH,,0,0,0,NA,NA,NA,NA,NA,WARNING_SOFT,1,0,0,0,0,TREND_REVERSAL_UNCONFIRMED,1,0.45,SHORT,1,0,0,0
BTCUSDT,1782979200000,2026-07-02T08:00:00.000Z,BULL,SHORT,17.5,12.909375,IGNORE,0,WATCH,,0,0,0,NA,NA,NA,NA,NA,WARNING_SOFT,1,0,0,0,0,TREND_REVERSAL_UNCONFIRMED,1,0.45,SHORT,1,0,0,0
BTCUSDT,1782982800000,2026-07-02T09:00:00.000Z,BULL,SHORT,42.5,18.534375,IGNORE,0,WATCH,,0,0,0,NA,NA,NA,NA,NA,CLEAR,1,0,0,0,0,TREND_REVERSAL_UNCONFIRMED,2,0.45,SHORT,1,0,0,0
BTCUSDT,1782986400000,2026-07-02T10:00:00.000Z,BULL,SHORT,55.34722222222222,60.53104166666666,WATCH,1,ACTIVE,ACTIVE,1,1,1,PASS,PASS,SKIP,SKIP,PASS,CLEAR,1,0,0,0,1,,3,0.84,SHORT,0,1,0,0
BTCUSDT,1782990000000,2026-07-02T11:00:00.000Z,BULL,SHORT,17.5,12.909375,IGNORE,0,WATCH,,0,0,0,NA,NA,NA,NA,NA,CLEAR,1,0,0,0,0,TREND_REVERSAL_UNCONFIRMED,1,0.45,SHORT,1,0,0,0
BTCUSDT,1782993600000,2026-07-02T12:00:00.000Z,BULL,SHORT,39.086941829866134,18.26559666910196,IGNORE,0,WATCH,,0,0,0,NA,NA,NA,NA,NA,CLEAR,1,0,0,0,0,TREND_REVERSAL_UNCONFIRMED,2,0.45,SHORT,1,0,0,0
BTCUSDT,1782997200000,2026-07-02T13:00:00.000Z,BULL,SHORT,55.69444444444444,60.58208333333332,WATCH,1,ACTIVE,ACTIVE,1,1,1,PASS,PASS,SKIP,SKIP,PASS,CLEAR,1,0,0,0,1,,3,0.84,SHORT,0,1,0,0
BTCUSDT,1783000800000,2026-07-02T14:00:00.000Z,BULL,SHORT,60.965694150429904,61.356957040113194,WATCH,1,ACTIVE,ACTIVE,1,1,1,PASS,PASS,SKIP,SKIP,PASS,CLEAR,1,0,0,0,1,,3,0.84,SHORT,0,1,0,0
BTCUSDT,1783004400000,2026-07-02T15:00:00.000Z,BULL,SHORT,17.5,12.909375,IGNORE,0,WATCH,,0,0,0,NA,NA,NA,NA,NA,CLEAR,1,0,0,0,0,TREND_REVERSAL_UNCONFIRMED,1,0.45,SHORT,1,0,0,0
BTCUSDT,1783008000000,2026-07-02T16:00:00.000Z,BULL,SHORT,17.5,12.909375,IGNORE,0,WATCH,,0,0,0,NA,NA,NA,NA,NA,WARNING_SOFT,1,0,0,0,0,TREND_REVERSAL_UNCONFIRMED,1,0.45,SHORT,1,0,0,0
BTCUSDT,1783011600000,2026-07-02T17:00:00.000Z,BULL,SHORT,0,7.875,IGNORE,0,WATCH,,0,0,0,NA,NA,NA,NA,NA,CLEAR,1,0,0,0,0,TREND_REVERSAL_UNCONFIRMED,0,0.45,SHORT,1,0,0,0
BTCUSDT,1783015200000,2026-07-02T18:00:00.000Z,BULL,SHORT,0,7.875,IGNORE,0,WATCH,,0,0,0,NA,NA,NA,NA,NA,CLEAR,1,0,0,0,0,TREND_REVERSAL_UNCONFIRMED,0,0.45,SHORT,1,0,0,0
BTCUSDT,1783018800000,2026-07-02T19:00:00.000Z,BULL,SHORT,25,13.5,IGNORE,0,WATCH,,0,0,0,NA,NA,NA,NA,NA,CLEAR,1,0,0,0,0,TREND_REVERSAL_UNCONFIRMED,1,0.45,SHORT,1,0,0,0
BTCUSDT,1783022400000,2026-07-02T20:00:00.000Z,BULL,SHORT,0,7.875,IGNORE,0,WATCH,,0,0,0,NA,NA,NA,NA,NA,WARNING_SOFT,1,0,0,0,0,TREND_REVERSAL_UNCONFIRMED,0,0.45,SHORT,1,0,0,0
BTCUSDT,1783026000000,2026-07-02T21:00:00.000Z,BULL,SHORT,0,7.875,IGNORE,0,WATCH,,0,0,0,NA,NA,NA,NA,NA,CLEAR,1,0,0,0,0,TREND_REVERSAL_UNCONFIRMED,0,0.45,SHORT,1,0,0,0
BTCUSDT,1783029600000,2026-07-02T22:00:00.000Z,BULL,SHORT,0,7.875,IGNORE,0,WATCH,,0,0,0,NA,NA,NA,NA,NA,CLEAR,1,0,0,0,0,TREND_REVERSAL_UNCONFIRMED,0,0.45,SHORT,1,0,0,0
BTCUSDT,1783033200000,2026-07-02T23:00:00.000Z,BULL,SHORT,0,7.875,IGNORE,0,WATCH,,0,0,0,NA,NA,NA,NA,NA,CLEAR,1,0,0,0,0,TREND_REVERSAL_UNCONFIRMED,0,0.45,SHORT,1,0,0,0
BTCUSDT,1783036800000,2026-07-03T00:00:00.000Z,BULL,SHORT,0,7.875,IGNORE,0,WATCH,,0,0,0,NA,NA,NA,NA,NA,WARNING_SOFT,1,0,0,0,0,TREND_REVERSAL_UNCONFIRMED,0,0.45,SHORT,1,0,0,0
BTCUSDT,1783040400000,2026-07-03T01:00:00.000Z,BULL,SHORT,0,7.875,IGNORE,0,WATCH,,0,0,0,NA,NA,NA,NA,NA,WARNING_SOFT,1,0,0,0,0,TREND_REVERSAL_UNCONFIRMED,0,0.45,SHORT,1,0,0,0
BTCUSDT,1783044000000,2026-07-03T02:00:00.000Z,BULL,SHORT,0,7.875,IGNORE,0,WATCH,,0,0,0,NA,NA,NA,NA,NA,WARNING_SOFT,1,0,0,0,0,TREND_REVERSAL_UNCONFIRMED,0,0.45,SHORT,1,0,0,0
BTCUSDT,1783047600000,2026-07-03T03:00:00.000Z,BULL,SHORT,0,7.875,IGNORE,0,WATCH,,0,0,0,NA,NA,NA,NA,NA,WARNING_SOFT,1,0,0,0,0,TREND_REVERSAL_UNCONFIRMED,0,0.45,SHORT,1,0,0,0
BTCUSDT,1783051200000,2026-07-03T04:00:00.000Z,BULL,SHORT,17.5,12.909375,IGNORE,0,WATCH,,0,0,0,NA,NA,NA,NA,NA,WARNING_SOFT,1,0,0,0,0,TREND_REVERSAL_UNCONFIRMED,1,0.45,SHORT,1,0,0,0
BTCUSDT,1783054800000,2026-07-03T05:00:00.000Z,BULL,SHORT,17.5,12.909375,IGNORE,0,WATCH,,0,0,0,NA,NA,NA,NA,NA,CLEAR,1,0,0,0,0,TREND_REVERSAL_UNCONFIRMED,1,0.45,SHORT,1,0,0,0
BTCUSDT,1783058400000,2026-07-03T06:00:00.000Z,BULL,SHORT,17.5,12.909375,IGNORE,0,WATCH,,0,0,0,NA,NA,NA,NA,NA,CLEAR,1,0,0,0,0,TREND_REVERSAL_UNCONFIRMED,1,0.45,SHORT,1,0,0,0
BTCUSDT,1783062000000,2026-07-03T07:00:00.000Z,BULL,SHORT,40.845675,18.40409690625,IGNORE,0,WATCH,,0,0,0,NA,NA,NA,NA,NA,CLEAR,1,0,0,0,0,TREND_REVERSAL_UNCONFIRMED,2,0.45,SHORT,1,0,0,0
BTCUSDT,1783065600000,2026-07-03T08:00:00.000Z,BULL,SHORT,17.5,12.909375,IGNORE,0,WATCH,,0,0,0,NA,NA,NA,NA,NA,CLEAR,1,0,0,0,0,TREND_REVERSAL_UNCONFIRMED,1,0.45,SHORT,1,0,0,0
BTCUSDT,1783069200000,2026-07-03T09:00:00.000Z,BULL,SHORT,17.5,12.909375,IGNORE,0,WATCH,,0,0,0,NA,NA,NA,NA,NA,CLEAR,1,0,0,0,0,TREND_REVERSAL_UNCONFIRMED,1,0.45,SHORT,1,0,0,0
BTCUSDT,1783072800000,2026-07-03T10:00:00.000Z,BULL,SHORT,17.5,12.909375,IGNORE,0,WATCH,,0,0,0,NA,NA,NA,NA,NA,CLEAR,1,0,0,0,0,TREND_REVERSAL_UNCONFIRMED,1,0.45,SHORT,1,0,0,0
BTCUSDT,1783076400000,2026-07-03T11:00:00.000Z,BULL,SHORT,31.54885212944966,17.67197210519416,IGNORE,0,WATCH,,0,0,0,NA,NA,NA,NA,NA,CLEAR,1,0,0,0,0,TREND_REVERSAL_UNCONFIRMED,2,0.45,SHORT,1,0,0,0
BTCUSDT,1783080000000,2026-07-03T12:00:00.000Z,BULL,SHORT,40.238054142347295,18.356246763709848,IGNORE,0,WATCH,,0,0,0,NA,NA,NA,NA,NA,CLEAR,1,0,0,0,0,TREND_REVERSAL_UNCONFIRMED,2,0.45,SHORT,1,0,0,0
BTCUSDT,1783083600000,2026-07-03T13:00:00.000Z,BULL,SHORT,33.542220837783745,17.82894989097547,IGNORE,0,WATCH,,0,0,0,NA,NA,NA,NA,NA,CLEAR,1,0,0,0,0,TREND_REVERSAL_UNCONFIRMED,2,0.45,SHORT,1,0,0,0
BTCUSDT,1783087200000,2026-07-03T14:00:00.000Z,BULL,SHORT,67.5,44.677499999999995,WATCH,1,WATCH,ACTIVE,1,1,0,FAIL,PASS,SKIP,SKIP,FAIL,CLEAR,1,0,0,0,0,MARKET_CONTEXT_DENIED,3,0.84,SHORT,1,0,0,0
BTCUSDT,1783090800000,2026-07-03T15:00:00.000Z,BULL,SHORT,42.5,18.534375,IGNORE,0,WATCH,,0,0,0,NA,NA,NA,NA,NA,CLEAR,1,0,0,0,0,TREND_REVERSAL_UNCONFIRMED,2,0.45,SHORT,1,0,0,0
BTCUSDT,1783094400000,2026-07-03T16:00:00.000Z,BULL,SHORT,17.5,12.909375,IGNORE,0,WATCH,,0,0,0,NA,NA,NA,NA,NA,CLEAR,1,0,0,0,0,TREND_REVERSAL_UNCONFIRMED,1,0.45,SHORT,1,0,0,0
BTCUSDT,1783098000000,2026-07-03T17:00:00.000Z,BULL,SHORT,17.5,12.909375,IGNORE,0,WATCH,,0,0,0,NA,NA,NA,NA,NA,CLEAR,1,0,0,0,0,TREND_REVERSAL_UNCONFIRMED,1,0.45,SHORT,1,0,0,0
BTCUSDT,1783101600000,2026-07-03T18:00:00.000Z,BULL,SHORT,12.847222222222221,12.54296875,IGNORE,0,WATCH,,0,0,0,NA,NA,NA,NA,NA,CLEAR,1,0,0,0,0,TREND_REVERSAL_UNCONFIRMED,1,0.45,SHORT,1,0,0,0
BTCUSDT,1783105200000,2026-07-03T19:00:00.000Z,BULL,SHORT,0,7.875,IGNORE,0,WATCH,,0,0,0,NA,NA,NA,NA,NA,CLEAR,1,0,0,0,0,TREND_REVERSAL_UNCONFIRMED,0,0.45,SHORT,1,0,0,0
BTCUSDT,1783108800000,2026-07-03T20:00:00.000Z,BULL,SHORT,25,13.5,IGNORE,0,WATCH,,0,0,0,NA,NA,NA,NA,NA,CLEAR,1,0,0,0,0,TREND_REVERSAL_UNCONFIRMED,1,0.45,SHORT,1,0,0,0
BTCUSDT,1783112400000,2026-07-03T21:00:00.000Z,BULL,SHORT,12.549090133603075,12.519490848021244,IGNORE,0,WATCH,,0,0,0,NA,NA,NA,NA,NA,CLEAR,1,0,0,0,0,TREND_REVERSAL_UNCONFIRMED,1,0.45,SHORT,1,0,0,0
BTCUSDT,1783116000000,2026-07-03T22:00:00.000Z,BULL,SHORT,25,13.5,IGNORE,0,WATCH,,0,0,0,NA,NA,NA,NA,NA,CLEAR,1,0,0,0,0,TREND_REVERSAL_UNCONFIRMED,1,0.45,SHORT,1,0,0,0
BTCUSDT,1783119600000,2026-07-03T23:00:00.000Z,BULL,SHORT,0,7.875,IGNORE,0,WATCH,,0,0,0,NA,NA,NA,NA,NA,CLEAR,1,0,0,0,0,TREND_REVERSAL_UNCONFIRMED,0,0.45,SHORT,1,0,0,0
BTCUSDT,1783123200000,2026-07-04T00:00:00.000Z,BULL,SHORT,0,7.875,IGNORE,0,WATCH,,0,0,0,NA,NA,NA,NA,NA,CLEAR,1,0,0,0,0,TREND_REVERSAL_UNCONFIRMED,0,0.45,SHORT,1,0,0,0
BTCUSDT,1783126800000,2026-07-04T01:00:00.000Z,BULL,SHORT,25,13.5,IGNORE,0,WATCH,,0,0,0,NA,NA,NA,NA,NA,CLEAR,1,0,0,0,0,TREND_REVERSAL_UNCONFIRMED,1,0.45,SHORT,1,0,0,0
BTCUSDT,1783130400000,2026-07-04T02:00:00.000Z,BULL,SHORT,0,7.875,IGNORE,0,WATCH,,0,0,0,NA,NA,NA,NA,NA,CLEAR,1,0,0,0,0,TREND_REVERSAL_UNCONFIRMED,0,0.45,SHORT,1,0,0,0
BTCUSDT,1783134000000,2026-07-04T03:00:00.000Z,BULL,SHORT,0,7.875,IGNORE,0,WATCH,,0,0,0,NA,NA,NA,NA,NA,CLEAR,1,0,0,0,0,TREND_REVERSAL_UNCONFIRMED,0,0.45,SHORT,1,0,0,0
BTCUSDT,1783137600000,2026-07-04T04:00:00.000Z,BULL,SHORT,0,7.875,IGNORE,0,WATCH,,0,0,0,NA,NA,NA,NA,NA,CLEAR,1,0,0,0,0,TREND_REVERSAL_UNCONFIRMED,0,0.45,SHORT,1,0,0,0
BTCUSDT,1783141200000,2026-07-04T05:00:00.000Z,BULL,SHORT,25,13.5,IGNORE,0,WATCH,,0,0,0,NA,NA,NA,NA,NA,WARNING_SOFT,1,0,0,0,0,TREND_REVERSAL_UNCONFIRMED,1,0.45,SHORT,1,0,0,0
BTCUSDT,1783144800000,2026-07-04T06:00:00.000Z,BULL,SHORT,0,7.875,IGNORE,0,WATCH,,0,0,0,NA,NA,NA,NA,NA,WARNING_SOFT,1,0,0,0,0,TREND_REVERSAL_UNCONFIRMED,0,0.45,SHORT,1,0,0,0
BTCUSDT,1783148400000,2026-07-04T07:00:00.000Z,BULL,SHORT,17.5,12.909375,IGNORE,0,WATCH,,0,0,0,NA,NA,NA,NA,NA,WARNING_SOFT,1,0,0,0,0,TREND_REVERSAL_UNCONFIRMED,1,0.45,SHORT,1,0,0,0
BTCUSDT,1783152000000,2026-07-04T08:00:00.000Z,BULL,SHORT,17.5,12.909375,IGNORE,0,WATCH,,0,0,0,NA,NA,NA,NA,NA,CLEAR,1,0,0,0,0,TREND_REVERSAL_UNCONFIRMED,1,0.45,SHORT,1,0,0,0
BTCUSDT,1783155600000,2026-07-04T09:00:00.000Z,BULL,SHORT,38.751,18.23914125,IGNORE,0,WATCH,,0,0,0,NA,NA,NA,NA,NA,WARNING_SOFT,1,0,0,0,0,TREND_REVERSAL_UNCONFIRMED,2,0.45,SHORT,1,0,0,0
BTCUSDT,1783159200000,2026-07-04T10:00:00.000Z,BULL,SHORT,17.5,12.909375,IGNORE,0,WATCH,,0,0,0,NA,NA,NA,NA,NA,WARNING_SOFT,1,0,0,0,0,TREND_REVERSAL_UNCONFIRMED,1,0.45,SHORT,1,0,0,0
BTCUSDT,1783162800000,2026-07-04T11:00:00.000Z,BULL,SHORT,17.5,12.909375,IGNORE,0,WATCH,,0,0,0,NA,NA,NA,NA,NA,WARNING_SOFT,1,0,0,0,0,TREND_REVERSAL_UNCONFIRMED,1,0.45,SHORT,1,0,0,0
BTCUSDT,1783166400000,2026-07-04T12:00:00.000Z,BULL,SHORT,17.5,12.909375,IGNORE,0,WATCH,,0,0,0,NA,NA,NA,NA,NA,CLEAR,1,0,0,0,0,TREND_REVERSAL_UNCONFIRMED,1,0.45,SHORT,1,0,0,0
BTCUSDT,1783170000000,2026-07-04T13:00:00.000Z,BULL,SHORT,37.542887500000006,18.144002390625,IGNORE,0,WATCH,,0,0,0,NA,NA,NA,NA,NA,CLEAR,1,0,0,0,0,TREND_REVERSAL_UNCONFIRMED,2,0.45,SHORT,1,0,0,0
BTCUSDT,1783173600000,2026-07-04T14:00:00.000Z,BULL,SHORT,17.5,12.909375,IGNORE,0,WATCH,,0,0,0,NA,NA,NA,NA,NA,CLEAR,1,0,0,0,0,TREND_REVERSAL_UNCONFIRMED,1,0.45,SHORT,1,0,0,0
BTCUSDT,1783177200000,2026-07-04T15:00:00.000Z,BULL,SHORT,42.5,18.534375,IGNORE,0,WATCH,,0,0,0,NA,NA,NA,NA,NA,CLEAR,1,0,0,0,0,TREND_REVERSAL_UNCONFIRMED,2,0.45,SHORT,1,0,0,0
BTCUSDT,1783180800000,2026-07-04T16:00:00.000Z,BULL,SHORT,17.5,12.909375,IGNORE,0,WATCH,,0,0,0,NA,NA,NA,NA,NA,CLEAR,1,0,0,0,0,TREND_REVERSAL_UNCONFIRMED,1,0.45,SHORT,1,0,0,0
BTCUSDT,1783184400000,2026-07-04T17:00:00.000Z,BULL,SHORT,42.5,18.534375,IGNORE,0,WATCH,,0,0,0,NA,NA,NA,NA,NA,CLEAR,1,1,0,0,0,TREND_REVERSAL_UNCONFIRMED,2,0.45,SHORT,1,0,0,0
BTCUSDT,1783188000000,2026-07-04T18:00:00.000Z,BULL,SHORT,55.07881983581666,42.85158651586505,WATCH,1,WATCH,ACTIVE,1,1,0,FAIL,PASS,SKIP,SKIP,FAIL,CLEAR,1,0,0,0,0,MARKET_CONTEXT_DENIED,3,0.84,SHORT,1,0,0,0
BTCUSDT,1783191600000,2026-07-04T19:00:00.000Z,BULL,SHORT,30.8625477907042,17.617925638517956,IGNORE,0,WATCH,,0,0,0,NA,NA,NA,NA,NA,CLEAR,1,0,0,0,0,TREND_REVERSAL_UNCONFIRMED,2,0.45,SHORT,1,0,0,0
BTCUSDT,1783195200000,2026-07-04T20:00:00.000Z,BULL,SHORT,17.5,12.909375,IGNORE,0,WATCH,,0,0,0,NA,NA,NA,NA,NA,CLEAR,1,0,0,0,0,TREND_REVERSAL_UNCONFIRMED,1,0.45,SHORT,1,0,0,0
BTCUSDT,1783198800000,2026-07-04T21:00:00.000Z,BULL,SHORT,30.34722222222222,17.57734375,IGNORE,0,WATCH,,0,0,0,NA,NA,NA,NA,NA,CLEAR,1,0,0,0,0,TREND_REVERSAL_UNCONFIRMED,2,0.45,SHORT,1,0,0,0
BTCUSDT,1783202400000,2026-07-04T22:00:00.000Z,BULL,SHORT,0,7.875,IGNORE,0,WATCH,,0,0,0,NA,NA,NA,NA,NA,CLEAR,1,0,0,0,0,TREND_REVERSAL_UNCONFIRMED,0,0.45,SHORT,1,0,0,0
BTCUSDT,1783206000000,2026-07-04T23:00:00.000Z,BULL,SHORT,37.53143904412802,18.14310082472508,IGNORE,0,WATCH,,0,0,0,NA,NA,NA,NA,NA,CLEAR,1,0,0,0,0,TREND_REVERSAL_UNCONFIRMED,2,0.45,SHORT,1,0,0,0
BTCUSDT,1783209600000,2026-07-05T00:00:00.000Z,BULL,SHORT,0,7.875,IGNORE,0,WATCH,,0,0,0,NA,NA,NA,NA,NA,WARNING_SOFT,1,0,0,0,0,TREND_REVERSAL_UNCONFIRMED,0,0.45,SHORT,1,0,0,0
BTCUSDT,1783213200000,2026-07-05T01:00:00.000Z,NEUTRAL,NONE,0,7.875,IGNORE,0,WATCH,,0,0,0,NA,NA,NA,NA,NA,WARNING_SOFT,1,0,0,0,0,TREND_REVERSAL_UNCONFIRMED,0,0.45,NONE,1,0,0,0
BTCUSDT,1783216800000,2026-07-05T02:00:00.000Z,NEUTRAL,NONE,0,7.875,IGNORE,0,WATCH,,0,0,0,NA,NA,NA,NA,NA,BLOCK,0,0,0,0,0,TREND_REVERSAL_UNCONFIRMED,0,0.45,NONE,1,0,0,0
BTCUSDT,1783220400000,2026-07-05T03:00:00.000Z,NEUTRAL,NONE,0,7.875,IGNORE,0,WATCH,,0,0,0,NA,NA,NA,NA,NA,WARNING_SOFT,1,0,0,0,0,TREND_REVERSAL_UNCONFIRMED,0,0.45,NONE,1,0,0,0
BTCUSDT,1783224000000,2026-07-05T04:00:00.000Z,NEUTRAL,NONE,0,7.875,IGNORE,0,WATCH,,0,0,0,NA,NA,NA,NA,NA,WARNING_SOFT,1,0,0,0,0,TREND_REVERSAL_UNCONFIRMED,0,0.45,NONE,1,0,0,0
BTCUSDT,1783227600000,2026-07-05T05:00:00.000Z,NEUTRAL,NONE,0,7.875,IGNORE,0,WATCH,,0,0,0,NA,NA,NA,NA,NA,WARNING_SOFT,1,0,0,0,0,TREND_REVERSAL_UNCONFIRMED,0,0.45,NONE,1,0,0,0
BTCUSDT,1783231200000,2026-07-05T06:00:00.000Z,NEUTRAL,NONE,0,7.875,IGNORE,0,WATCH,,0,0,0,NA,NA,NA,NA,NA,WARNING_SOFT,1,0,0,0,0,TREND_REVERSAL_UNCONFIRMED,0,0.45,NONE,1,0,0,0
BTCUSDT,1783234800000,2026-07-05T07:00:00.000Z,BULL,SHORT,0,7.875,IGNORE,0,WATCH,,0,0,0,NA,NA,NA,NA,NA,WARNING_SOFT,1,0,0,0,0,TREND_REVERSAL_UNCONFIRMED,0,0.45,SHORT,1,0,0,0
BTCUSDT,1783238400000,2026-07-05T08:00:00.000Z,BULL,SHORT,25,13.5,IGNORE,0,WATCH,,0,0,0,NA,NA,NA,NA,NA,CLEAR,1,0,0,0,0,TREND_REVERSAL_UNCONFIRMED,1,0.45,SHORT,1,0,0,0
BTCUSDT,1783242000000,2026-07-05T09:00:00.000Z,NEUTRAL,NONE,0,7.875,IGNORE,0,WATCH,,0,0,0,NA,NA,NA,NA,NA,WARNING_SOFT,1,0,0,0,0,TREND_REVERSAL_UNCONFIRMED,0,0.45,NONE,1,0,0,0
BTCUSDT,1783245600000,2026-07-05T10:00:00.000Z,NEUTRAL,NONE,0,7.875,IGNORE,0,WATCH,,0,0,0,NA,NA,NA,NA,NA,WARNING_SOFT,1,0,0,0,0,TREND_REVERSAL_UNCONFIRMED,0,0.45,NONE,1,0,0,0
BTCUSDT,1783249200000,2026-07-05T11:00:00.000Z,NEUTRAL,NONE,0,7.875,IGNORE,0,WATCH,,0,0,0,NA,NA,NA,NA,NA,WARNING_SOFT,1,0,0,0,0,TREND_REVERSAL_UNCONFIRMED,0,0.45,NONE,1,0,0,0
BTCUSDT,1783252800000,2026-07-05T12:00:00.000Z,NEUTRAL,NONE,0,7.875,IGNORE,0,WATCH,,0,0,0,NA,NA,NA,NA,NA,WARNING_SOFT,1,0,0,0,0,TREND_REVERSAL_UNCONFIRMED,0,0.45,NONE,1,0,0,0
BTCUSDT,1783256400000,2026-07-05T13:00:00.000Z,NEUTRAL,NONE,0,7.875,IGNORE,0,WATCH,,0,0,0,NA,NA,NA,NA,NA,WARNING_SOFT,1,0,0,0,0,TREND_REVERSAL_UNCONFIRMED,0,0.45,NONE,1,0,0,0
BTCUSDT,1783260000000,2026-07-05T14:00:00.000Z,NEUTRAL,NONE,0,7.875,IGNORE,0,WATCH,,0,0,0,NA,NA,NA,NA,NA,WARNING_SOFT,1,0,0,0,0,TREND_REVERSAL_UNCONFIRMED,0,0.45,NONE,1,0,0,0
BTCUSDT,1783263600000,2026-07-05T15:00:00.000Z,NEUTRAL,NONE,0,7.875,IGNORE,0,WATCH,,0,0,0,NA,NA,NA,NA,NA,BLOCK,0,0,0,0,0,TREND_REVERSAL_UNCONFIRMED,0,0.45,NONE,1,0,0,0
BTCUSDT,1783267200000,2026-07-05T16:00:00.000Z,NEUTRAL,NONE,0,7.875,IGNORE,0,WATCH,,0,0,0,NA,NA,NA,NA,NA,WARNING_SOFT,1,0,0,0,0,TREND_REVERSAL_UNCONFIRMED,0,0.45,NONE,1,0,0,0
BTCUSDT,1783270800000,2026-07-05T17:00:00.000Z,NEUTRAL,NONE,0,7.875,IGNORE,0,WATCH,,0,0,0,NA,NA,NA,NA,NA,WARNING_SOFT,1,0,0,0,0,TREND_REVERSAL_UNCONFIRMED,0,0.45,NONE,1,0,0,0
BTCUSDT,1783274400000,2026-07-05T18:00:00.000Z,BULL,SHORT,17.5,12.909375,IGNORE,0,WATCH,,0,0,0,NA,NA,NA,NA,NA,WARNING_SOFT,1,0,0,0,0,TREND_REVERSAL_UNCONFIRMED,1,0.45,SHORT,1,0,0,0
BTCUSDT,1783278000000,2026-07-05T19:00:00.000Z,NEUTRAL,NONE,0,7.875,IGNORE,0,WATCH,,0,0,0,NA,NA,NA,NA,NA,WARNING_SOFT,1,0,0,0,0,TREND_REVERSAL_UNCONFIRMED,0,0.45,NONE,1,0,0,0
BTCUSDT,1783281600000,2026-07-05T20:00:00.000Z,NEUTRAL,NONE,0,7.875,IGNORE,0,WATCH,,0,0,0,NA,NA,NA,NA,NA,WARNING_SOFT,1,0,0,0,0,TREND_REVERSAL_UNCONFIRMED,0,0.45,NONE,1,0,0,0
BTCUSDT,1783285200000,2026-07-05T21:00:00.000Z,BULL,SHORT,42.5,18.534375,IGNORE,0,WATCH,,0,0,0,NA,NA,NA,NA,NA,CLEAR,1,0,0,0,0,TREND_REVERSAL_UNCONFIRMED,2,0.45,SHORT,1,0,0,0
BTCUSDT,1783288800000,2026-07-05T22:00:00.000Z,BULL,SHORT,42.5,18.534375,IGNORE,0,WATCH,,0,0,0,NA,NA,NA,NA,NA,CLEAR,1,0,0,0,0,TREND_REVERSAL_UNCONFIRMED,2,0.45,SHORT,1,0,0,0
BTCUSDT,1783292400000,2026-07-05T23:00:00.000Z,BULL,SHORT,42.5,18.534375,IGNORE,0,WATCH,,0,0,0,NA,NA,NA,NA,NA,CLEAR,1,0,0,0,0,TREND_REVERSAL_UNCONFIRMED,2,0.45,SHORT,1,0,0,0
BTCUSDT,1783296000000,2026-07-06T00:00:00.000Z,BULL,SHORT,42.14891293643902,18.50672689374457,IGNORE,0,WATCH,,0,0,0,NA,NA,NA,NA,NA,CLEAR,1,1,0,0,0,TREND_REVERSAL_UNCONFIRMED,2,0.45,SHORT,1,0,0,0
BTCUSDT,1783299600000,2026-07-06T01:00:00.000Z,BULL,SHORT,42.5,18.534375,IGNORE,0,WATCH,,0,0,0,NA,NA,NA,NA,NA,CLEAR,1,0,0,0,0,TREND_REVERSAL_UNCONFIRMED,2,0.45,SHORT,1,0,0,0
BTCUSDT,1783303200000,2026-07-06T02:00:00.000Z,BULL,SHORT,0,7.875,IGNORE,0,WATCH,,0,0,0,NA,NA,NA,NA,NA,CLEAR,1,0,0,0,0,TREND_REVERSAL_UNCONFIRMED,0,0.45,SHORT,1,0,0,0
BTCUSDT,1783306800000,2026-07-06T03:00:00.000Z,BULL,SHORT,15.120163277824272,12.721962858128661,IGNORE,0,WATCH,,0,0,0,NA,NA,NA,NA,NA,WARNING_SOFT,1,0,0,0,0,TREND_REVERSAL_UNCONFIRMED,1,0.45,SHORT,1,0,0,0
BTCUSDT,1783310400000,2026-07-06T04:00:00.000Z,BULL,SHORT,0,7.875,IGNORE,0,WATCH,,0,0,0,NA,NA,NA,NA,NA,WARNING_SOFT,1,0,0,0,0,TREND_REVERSAL_UNCONFIRMED,0,0.45,SHORT,1,0,0,0
BTCUSDT,1783314000000,2026-07-06T05:00:00.000Z,NEUTRAL,NONE,0,7.875,IGNORE,0,WATCH,,0,0,0,NA,NA,NA,NA,NA,WARNING_SOFT,1,0,0,0,0,TREND_REVERSAL_UNCONFIRMED,0,0.45,NONE,1,0,0,0
BTCUSDT,1783317600000,2026-07-06T06:00:00.000Z,NEUTRAL,NONE,0,7.875,IGNORE,0,WATCH,,0,0,0,NA,NA,NA,NA,NA,WARNING_SOFT,1,0,0,0,0,TREND_REVERSAL_UNCONFIRMED,0,0.45,NONE,1,0,0,0
BTCUSDT,1783321200000,2026-07-06T07:00:00.000Z,NEUTRAL,NONE,0,7.875,IGNORE,0,WATCH,,0,0,0,NA,NA,NA,NA,NA,WARNING_SOFT,1,0,0,0,0,TREND_REVERSAL_UNCONFIRMED,0,0.45,NONE,1,0,0,0
BTCUSDT,1783324800000,2026-07-06T08:00:00.000Z,NEUTRAL,NONE,0,7.875,IGNORE,0,WATCH,,0,0,0,NA,NA,NA,NA,NA,WARNING_SOFT,1,0,0,0,0,TREND_REVERSAL_UNCONFIRMED,0,0.45,NONE,1,0,0,0
BTCUSDT,1783328400000,2026-07-06T09:00:00.000Z,NEUTRAL,NONE,0,7.875,IGNORE,0,WATCH,,0,0,0,NA,NA,NA,NA,NA,WARNING_SOFT,1,0,0,0,0,TREND_REVERSAL_UNCONFIRMED,0,0.45,NONE,1,0,0,0
BTCUSDT,1783332000000,2026-07-06T10:00:00.000Z,NEUTRAL,NONE,0,7.875,IGNORE,0,WATCH,,0,0,0,NA,NA,NA,NA,NA,WARNING_SOFT,1,0,0,0,0,TREND_REVERSAL_UNCONFIRMED,0,0.45,NONE,1,0,0,0
BTCUSDT,1783335600000,2026-07-06T11:00:00.000Z,NEUTRAL,NONE,0,7.875,IGNORE,0,WATCH,,0,0,0,NA,NA,NA,NA,NA,WARNING_SOFT,1,0,0,0,0,TREND_REVERSAL_UNCONFIRMED,0,0.45,NONE,1,0,0,0
BTCUSDT,1783339200000,2026-07-06T12:00:00.000Z,NEUTRAL,NONE,0,7.875,IGNORE,0,WATCH,,0,0,0,NA,NA,NA,NA,NA,BLOCK,0,0,0,0,0,TREND_REVERSAL_UNCONFIRMED,0,0.45,NONE,1,0,0,0
BTCUSDT,1783342800000,2026-07-06T13:00:00.000Z,NEUTRAL,NONE,0,7.875,IGNORE,0,WATCH,,0,0,0,NA,NA,NA,NA,NA,BLOCK,0,0,0,0,0,TREND_REVERSAL_UNCONFIRMED,0,0.45,NONE,1,0,0,0
BTCUSDT,1783346400000,2026-07-06T14:00:00.000Z,BEAR,LONG,41.54346957582177,18.459048229095963,IGNORE,0,WATCH,,0,0,0,NA,NA,NA,NA,NA,CLEAR,1,0,0,0,0,TREND_REVERSAL_UNCONFIRMED,2,0.45,LONG,1,0,0,0
BTCUSDT,1783350000000,2026-07-06T15:00:00.000Z,BULL,SHORT,25,13.5,IGNORE,0,WATCH,,0,0,0,NA,NA,NA,NA,NA,BLOCK,0,1,0,0,0,TREND_REVERSAL_UNCONFIRMED,1,0.45,SHORT,1,0,0,0
BTCUSDT,1783353600000,2026-07-06T16:00:00.000Z,BULL,SHORT,50,19.125,IGNORE,0,WATCH,,0,0,0,NA,NA,NA,NA,NA,CLEAR,1,0,0,0,0,TREND_REVERSAL_UNCONFIRMED,2,0.45,SHORT,1,0,0,0
BTCUSDT,1783357200000,2026-07-06T17:00:00.000Z,BULL,SHORT,0,7.875,IGNORE,0,WATCH,,0,0,0,NA,NA,NA,NA,NA,CLEAR,1,0,0,0,0,TREND_REVERSAL_UNCONFIRMED,0,0.45,SHORT,1,0,0,0
BTCUSDT,1783360800000,2026-07-06T18:00:00.000Z,BULL,SHORT,0,7.875,IGNORE,0,WATCH,,0,0,0,NA,NA,NA,NA,NA,CLEAR,1,0,0,0,0,TREND_REVERSAL_UNCONFIRMED,0,0.45,SHORT,1,0,0,0
BTCUSDT,1783364400000,2026-07-06T19:00:00.000Z,BULL,SHORT,0,7.875,IGNORE,0,WATCH,,0,0,0,NA,NA,NA,NA,NA,CLEAR,1,0,0,0,0,TREND_REVERSAL_UNCONFIRMED,0,0.45,SHORT,1,0,0,0
BTCUSDT,1783368000000,2026-07-06T20:00:00.000Z,BULL,SHORT,55.34722222222222,42.89104166666666,WATCH,1,WATCH,ACTIVE,1,1,0,FAIL,PASS,SKIP,SKIP,FAIL,CLEAR,1,0,0,0,0,MARKET_CONTEXT_DENIED,3,0.84,SHORT,1,0,0,0
BTCUSDT,1783371600000,2026-07-06T21:00:00.000Z,BULL,SHORT,37.82681288179925,18.166361514441693,IGNORE,0,WATCH,,0,0,0,NA,NA,NA,NA,NA,CLEAR,1,0,0,0,0,TREND_REVERSAL_UNCONFIRMED,2,0.45,SHORT,1,0,0,0
BTCUSDT,1783375200000,2026-07-06T22:00:00.000Z,BULL,SHORT,17.5,12.909375,IGNORE,0,WATCH,,0,0,0,NA,NA,NA,NA,NA,CLEAR,1,0,0,0,0,TREND_REVERSAL_UNCONFIRMED,1,0.45,SHORT,1,0,0,0
BTCUSDT,1783378800000,2026-07-06T23:00:00.000Z,BULL,SHORT,17.5,12.909375,IGNORE,0,WATCH,,0,0,0,NA,NA,NA,NA,NA,CLEAR,1,0,0,0,0,TREND_REVERSAL_UNCONFIRMED,1,0.45,SHORT,1,0,0,0
BTCUSDT,1783382400000,2026-07-07T00:00:00.000Z,BULL,SHORT,0,7.875,IGNORE,0,WATCH,,0,0,0,NA,NA,NA,NA,NA,CLEAR,1,0,0,0,0,TREND_REVERSAL_UNCONFIRMED,0,0.45,SHORT,1,0,0,0
BTCUSDT,1783386000000,2026-07-07T01:00:00.000Z,BULL,SHORT,0,7.875,IGNORE,0,WATCH,,0,0,0,NA,NA,NA,NA,NA,CLEAR,1,0,0,0,0,TREND_REVERSAL_UNCONFIRMED,0,0.45,SHORT,1,0,0,0
BTCUSDT,1783389600000,2026-07-07T02:00:00.000Z,NEUTRAL,NONE,0,7.875,IGNORE,0,WATCH,,0,0,0,NA,NA,NA,NA,NA,BLOCK,0,0,0,0,0,TREND_REVERSAL_UNCONFIRMED,0,0.45,NONE,1,0,0,0
BTCUSDT,1783393200000,2026-07-07T03:00:00.000Z,NEUTRAL,NONE,0,7.875,IGNORE,0,WATCH,,0,0,0,NA,NA,NA,NA,NA,WARNING_SOFT,1,0,0,0,0,TREND_REVERSAL_UNCONFIRMED,0,0.45,NONE,1,0,0,0
BTCUSDT,1783396800000,2026-07-07T04:00:00.000Z,NEUTRAL,NONE,0,7.875,IGNORE,0,WATCH,,0,0,0,NA,NA,NA,NA,NA,WARNING_SOFT,1,0,0,0,0,TREND_REVERSAL_UNCONFIRMED,0,0.45,NONE,1,0,0,0
BTCUSDT,1783400400000,2026-07-07T05:00:00.000Z,NEUTRAL,NONE,0,7.875,IGNORE,0,WATCH,,0,0,0,NA,NA,NA,NA,NA,BLOCK,0,0,0,0,0,TREND_REVERSAL_UNCONFIRMED,0,0.45,NONE,1,0,0,0
BTCUSDT,1783404000000,2026-07-07T06:00:00.000Z,NEUTRAL,NONE,0,7.875,IGNORE,0,WATCH,,0,0,0,NA,NA,NA,NA,NA,WARNING_SOFT,1,0,0,0,0,TREND_REVERSAL_UNCONFIRMED,0,0.45,NONE,1,0,0,0
BTCUSDT,1783407600000,2026-07-07T07:00:00.000Z,NEUTRAL,NONE,0,7.875,IGNORE,0,WATCH,,0,0,0,NA,NA,NA,NA,NA,WARNING_SOFT,1,0,0,0,0,TREND_REVERSAL_UNCONFIRMED,0,0.45,NONE,1,0,0,0
BTCUSDT,1783411200000,2026-07-07T08:00:00.000Z,NEUTRAL,NONE,0,7.875,IGNORE,0,WATCH,,0,0,0,NA,NA,NA,NA,NA,WARNING_SOFT,1,0,0,0,0,TREND_REVERSAL_UNCONFIRMED,0,0.45,NONE,1,0,0,0
BTCUSDT,1783414800000,2026-07-07T09:00:00.000Z,NEUTRAL,NONE,0,7.875,IGNORE,0,WATCH,,0,0,0,NA,NA,NA,NA,NA,WARNING_SOFT,1,0,0,0,0,TREND_REVERSAL_UNCONFIRMED,0,0.45,NONE,1,0,0,0
BTCUSDT,1783418400000,2026-07-07T10:00:00.000Z,NEUTRAL,NONE,0,7.875,IGNORE,0,WATCH,,0,0,0,NA,NA,NA,NA,NA,WARNING_SOFT,1,0,0,0,0,TREND_REVERSAL_UNCONFIRMED,0,0.45,NONE,1,0,0,0
BTCUSDT,1783422000000,2026-07-07T11:00:00.000Z,BULL,SHORT,0,7.875,IGNORE,0,WATCH,,0,0,0,NA,NA,NA,NA,NA,WARNING_SOFT,1,0,0,0,0,TREND_REVERSAL_UNCONFIRMED,0,0.45,SHORT,1,0,0,0
BTCUSDT,1783425600000,2026-07-07T12:00:00.000Z,BULL,SHORT,18.538307225710298,12.991141694024687,IGNORE,0,WATCH,,0,0,0,NA,NA,NA,NA,NA,CLEAR,1,0,0,0,0,TREND_REVERSAL_UNCONFIRMED,1,0.45,SHORT,1,0,0,0
BTCUSDT,1783429200000,2026-07-07T13:00:00.000Z,NEUTRAL,NONE,0,7.875,IGNORE,0,WATCH,,0,0,0,NA,NA,NA,NA,NA,BLOCK,0,0,0,0,0,TREND_REVERSAL_UNCONFIRMED,0,0.45,NONE,1,0,0,0
BTCUSDT,1783432800000,2026-07-07T14:00:00.000Z,BULL,SHORT,25,13.5,IGNORE,0,WATCH,,0,0,0,NA,NA,NA,NA,NA,BLOCK,0,0,0,0,0,TREND_REVERSAL_UNCONFIRMED,1,0.45,SHORT,1,0,0,0
BTCUSDT,1783436400000,2026-07-07T15:00:00.000Z,BULL,SHORT,25,13.5,IGNORE,0,WATCH,,0,0,0,NA,NA,NA,NA,NA,CLEAR,1,0,0,0,0,TREND_REVERSAL_UNCONFIRMED,1,0.45,SHORT,1,0,0,0
BTCUSDT,1783440000000,2026-07-07T16:00:00.000Z,BULL,SHORT,0,7.875,IGNORE,0,WATCH,,0,0,0,NA,NA,NA,NA,NA,CLEAR,1,0,0,0,0,TREND_REVERSAL_UNCONFIRMED,0,0.45,SHORT,1,0,0,0
BTCUSDT,1783443600000,2026-07-07T17:00:00.000Z,BULL,SHORT,23.821562500000006,13.407198046875001,IGNORE,0,WATCH,,0,0,0,NA,NA,NA,NA,NA,CLEAR,1,0,0,0,0,TREND_REVERSAL_UNCONFIRMED,1,0.45,SHORT,1,0,0,0
BTCUSDT,1783447200000,2026-07-07T18:00:00.000Z,BULL,SHORT,0,7.875,IGNORE,0,WATCH,,0,0,0,NA,NA,NA,NA,NA,CLEAR,1,0,0,0,0,TREND_REVERSAL_UNCONFIRMED,0,0.45,SHORT,1,0,0,0
BTCUSDT,1783450800000,2026-07-07T19:00:00.000Z,BULL,SHORT,17.5,12.909375,IGNORE,0,WATCH,,0,0,0,NA,NA,NA,NA,NA,WARNING_SOFT,1,0,0,0,0,TREND_REVERSAL_UNCONFIRMED,1,0.45,SHORT,1,0,0,0
BTCUSDT,1783454400000,2026-07-07T20:00:00.000Z,BULL,SHORT,17.5,12.909375,IGNORE,0,WATCH,,0,0,0,NA,NA,NA,NA,NA,CLEAR,1,0,0,0,0,TREND_REVERSAL_UNCONFIRMED,1,0.45,SHORT,1,0,0,0
BTCUSDT,1783458000000,2026-07-07T21:00:00.000Z,NEUTRAL,NONE,0,7.875,IGNORE,0,WATCH,,0,0,0,NA,NA,NA,NA,NA,WARNING_SOFT,1,0,0,0,0,TREND_REVERSAL_UNCONFIRMED,0,0.45,NONE,1,0,0,0
BTCUSDT,1783461600000,2026-07-07T22:00:00.000Z,NEUTRAL,NONE,0,7.875,IGNORE,0,WATCH,,0,0,0,NA,NA,NA,NA,NA,WARNING_SOFT,1,0,0,0,0,TREND_REVERSAL_UNCONFIRMED,0,0.45,NONE,1,0,0,0
BTCUSDT,1783465200000,2026-07-07T23:00:00.000Z,NEUTRAL,NONE,0,7.875,IGNORE,0,WATCH,,0,0,0,NA,NA,NA,NA,NA,WARNING_SOFT,1,0,0,0,0,TREND_REVERSAL_UNCONFIRMED,0,0.45,NONE,1,0,0,0
BTCUSDT,1783468800000,2026-07-08T00:00:00.000Z,BULL,SHORT,17.5,12.909375,IGNORE,0,WATCH,,0,0,0,NA,NA,NA,NA,NA,WARNING_SOFT,1,0,0,0,0,TREND_REVERSAL_UNCONFIRMED,1,0.45,SHORT,1,0,0,0
BTCUSDT,1783472400000,2026-07-08T01:00:00.000Z,NEUTRAL,NONE,0,7.875,IGNORE,0,WATCH,,0,0,0,NA,NA,NA,NA,NA,WARNING_SOFT,1,0,0,0,0,TREND_REVERSAL_UNCONFIRMED,0,0.45,NONE,1,0,0,0
BTCUSDT,1783476000000,2026-07-08T02:00:00.000Z,NEUTRAL,NONE,0,7.875,IGNORE,0,WATCH,,0,0,0,NA,NA,NA,NA,NA,BLOCK,0,0,0,0,0,TREND_REVERSAL_UNCONFIRMED,0,0.45,NONE,1,0,0,0
BTCUSDT,1783479600000,2026-07-08T03:00:00.000Z,NEUTRAL,NONE,0,7.875,IGNORE,0,WATCH,,0,0,0,NA,NA,NA,NA,NA,WARNING_SOFT,1,0,0,0,0,TREND_REVERSAL_UNCONFIRMED,0,0.45,NONE,1,0,0,0
BTCUSDT,1783483200000,2026-07-08T04:00:00.000Z,NEUTRAL,NONE,0,7.875,IGNORE,0,WATCH,,0,0,0,NA,NA,NA,NA,NA,WARNING_SOFT,1,0,0,0,0,TREND_REVERSAL_UNCONFIRMED,0,0.45,NONE,1,0,0,0
BTCUSDT,1783486800000,2026-07-08T05:00:00.000Z,BEAR,LONG,12.847222222222221,12.54296875,IGNORE,0,WATCH,,0,0,0,NA,NA,NA,NA,NA,CLEAR,1,0,0,0,0,TREND_REVERSAL_UNCONFIRMED,1,0.45,LONG,1,0,0,0
BTCUSDT,1783490400000,2026-07-08T06:00:00.000Z,BEAR,LONG,0,7.875,IGNORE,0,WATCH,,0,0,0,NA,NA,NA,NA,NA,CLEAR,1,0,0,0,0,TREND_REVERSAL_UNCONFIRMED,0,0.45,LONG,1,0,0,0
BTCUSDT,1783494000000,2026-07-08T07:00:00.000Z,BEAR,LONG,25,13.5,IGNORE,0,WATCH,,0,0,0,NA,NA,NA,NA,NA,CLEAR,1,0,0,0,0,TREND_REVERSAL_UNCONFIRMED,1,0.45,LONG,1,0,0,0
BTCUSDT,1783497600000,2026-07-08T08:00:00.000Z,BEAR,LONG,25,13.5,IGNORE,0,WATCH,,0,0,0,NA,NA,NA,NA,NA,CLEAR,1,0,0,0,0,TREND_REVERSAL_UNCONFIRMED,1,0.45,LONG,1,0,0,0
BTCUSDT,1783501200000,2026-07-08T09:00:00.000Z,BEAR,LONG,15.52505042280785,12.753847720796118,IGNORE,0,WATCH,,0,0,0,NA,NA,NA,NA,NA,CLEAR,1,0,0,0,0,TREND_REVERSAL_UNCONFIRMED,1,0.45,LONG,1,0,0,0
BTCUSDT,1783504800000,2026-07-08T10:00:00.000Z,BEAR,LONG,25,13.5,IGNORE,0,WATCH,,0,0,0,NA,NA,NA,NA,NA,CLEAR,1,0,0,0,0,TREND_REVERSAL_UNCONFIRMED,1,0.45,LONG,1,0,0,0
BTCUSDT,1783508400000,2026-07-08T11:00:00.000Z,BEAR,LONG,0,7.875,IGNORE,0,WATCH,,0,0,0,NA,NA,NA,NA,NA,CLEAR,1,0,0,0,0,TREND_REVERSAL_UNCONFIRMED,0,0.45,LONG,1,0,0,0
BTCUSDT,1783512000000,2026-07-08T12:00:00.000Z,BEAR,LONG,0,7.875,IGNORE,0,WATCH,,0,0,0,NA,NA,NA,NA,NA,CLEAR,1,0,0,0,0,TREND_REVERSAL_UNCONFIRMED,0,0.45,LONG,1,0,0,0
BTCUSDT,1783515600000,2026-07-08T13:00:00.000Z,BEAR,LONG,23.029256469959332,13.344803947009297,IGNORE,0,WATCH,,0,0,0,NA,NA,NA,NA,NA,CLEAR,1,0,0,0,0,TREND_REVERSAL_UNCONFIRMED,1,0.45,LONG,1,0,0,0
BTCUSDT,1783519200000,2026-07-08T14:00:00.000Z,BEAR,LONG,42.64942445638674,18.546142175940457,IGNORE,0,WATCH,,0,0,0,NA,NA,NA,NA,NA,CLEAR,1,0,0,0,0,TREND_REVERSAL_UNCONFIRMED,2,0.45,LONG,1,0,0,0
BTCUSDT,1783522800000,2026-07-08T15:00:00.000Z,BEAR,LONG,14.526456233990764,12.675208428426773,IGNORE,0,WATCH,,0,0,0,NA,NA,NA,NA,NA,CLEAR,1,0,0,0,0,TREND_REVERSAL_UNCONFIRMED,1,0.45,LONG,1,0,0,0
BTCUSDT,1783526400000,2026-07-08T16:00:00.000Z,BEAR,LONG,0,7.875,IGNORE,0,WATCH,,0,0,0,NA,NA,NA,NA,NA,CLEAR,1,0,0,0,0,TREND_REVERSAL_UNCONFIRMED,0,0.45,LONG,1,0,0,0
BTCUSDT,1783530000000,2026-07-08T17:00:00.000Z,BEAR,LONG,0,7.875,IGNORE,0,WATCH,,0,0,0,NA,NA,NA,NA,NA,WARNING_SOFT,1,0,0,0,0,TREND_REVERSAL_UNCONFIRMED,0,0.45,LONG,1,0,0,0
BTCUSDT,1783533600000,2026-07-08T18:00:00.000Z,BEAR,LONG,0,7.875,IGNORE,0,WATCH,,0,0,0,NA,NA,NA,NA,NA,WARNING_SOFT,1,0,0,0,0,TREND_REVERSAL_UNCONFIRMED,0,0.45,LONG,1,0,0,0
BTCUSDT,1783537200000,2026-07-08T19:00:00.000Z,BEAR,LONG,0,7.875,IGNORE,0,WATCH,,0,0,0,NA,NA,NA,NA,NA,WARNING_SOFT,1,0,0,0,0,TREND_REVERSAL_UNCONFIRMED,0,0.45,LONG,1,0,0,0
BTCUSDT,1783540800000,2026-07-08T20:00:00.000Z,BEAR,LONG,0,7.875,IGNORE,0,WATCH,,0,0,0,NA,NA,NA,NA,NA,WARNING_SOFT,1,0,0,0,0,TREND_REVERSAL_UNCONFIRMED,0,0.45,LONG,1,0,0,0
BTCUSDT,1783544400000,2026-07-08T21:00:00.000Z,BEAR,LONG,0,7.875,IGNORE,0,WATCH,,0,0,0,NA,NA,NA,NA,NA,CLEAR,1,0,0,0,0,TREND_REVERSAL_UNCONFIRMED,0,0.45,LONG,1,0,0,0
BTCUSDT,1783548000000,2026-07-08T22:00:00.000Z,BEAR,LONG,25,13.5,IGNORE,0,WATCH,,0,0,0,NA,NA,NA,NA,NA,WARNING_SOFT,1,0,0,0,0,TREND_REVERSAL_UNCONFIRMED,1,0.45,LONG,1,0,0,0
BTCUSDT,1783551600000,2026-07-08T23:00:00.000Z,BEAR,LONG,0,7.875,IGNORE,0,WATCH,,0,0,0,NA,NA,NA,NA,NA,WARNING_SOFT,1,0,0,0,0,TREND_REVERSAL_UNCONFIRMED,0,0.45,LONG,1,0,0,0
BTCUSDT,1783555200000,2026-07-09T00:00:00.000Z,BEAR,LONG,17.5,12.909375,IGNORE,0,WATCH,,0,0,0,NA,NA,NA,NA,NA,WARNING_SOFT,1,0,0,0,0,TREND_REVERSAL_UNCONFIRMED,1,0.45,LONG,1,0,0,0
BTCUSDT,1783558800000,2026-07-09T01:00:00.000Z,BEAR,LONG,35.40641496064356,17.97575517815068,IGNORE,0,WATCH,,0,0,0,NA,NA,NA,NA,NA,BLOCK,0,0,1,0,0,TREND_REVERSAL_UNCONFIRMED,2,0.45,LONG,1,0,0,0
BTCUSDT,1783562400000,2026-07-09T02:00:00.000Z,BEAR,LONG,17.5,12.909375,IGNORE,0,WATCH,,0,0,0,NA,NA,NA,NA,NA,CLEAR,1,0,0,0,0,TREND_REVERSAL_UNCONFIRMED,1,0.45,LONG,1,0,0,0
BTCUSDT,1783566000000,2026-07-09T03:00:00.000Z,BEAR,LONG,42.5,18.534375,IGNORE,0,WATCH,,0,0,0,NA,NA,NA,NA,NA,CLEAR,1,0,0,0,0,TREND_REVERSAL_UNCONFIRMED,2,0.45,LONG,1,0,0,0
BTCUSDT,1783569600000,2026-07-09T04:00:00.000Z,NEUTRAL,NONE,0,7.875,IGNORE,0,WATCH,,0,0,0,NA,NA,NA,NA,NA,WARNING_SOFT,1,0,0,0,0,TREND_REVERSAL_UNCONFIRMED,0,0.45,NONE,1,0,0,0
BTCUSDT,1783573200000,2026-07-09T05:00:00.000Z,NEUTRAL,NONE,0,7.875,IGNORE,0,WATCH,,0,0,0,NA,NA,NA,NA,NA,CLEAR,1,0,0,0,0,TREND_REVERSAL_UNCONFIRMED,0,0.45,NONE,1,0,0,0
BTCUSDT,1783576800000,2026-07-09T06:00:00.000Z,NEUTRAL,NONE,0,7.875,IGNORE,0,WATCH,,0,0,0,NA,NA,NA,NA,NA,CLEAR,1,0,0,0,0,TREND_REVERSAL_UNCONFIRMED,0,0.45,NONE,1,0,0,0
BTCUSDT,1783580400000,2026-07-09T07:00:00.000Z,NEUTRAL,NONE,0,7.875,IGNORE,0,WATCH,,0,0,0,NA,NA,NA,NA,NA,CLEAR,1,0,0,0,0,TREND_REVERSAL_UNCONFIRMED,0,0.45,NONE,1,0,0,0
BTCUSDT,1783584000000,2026-07-09T08:00:00.000Z,NEUTRAL,NONE,0,7.875,IGNORE,0,WATCH,,0,0,0,NA,NA,NA,NA,NA,CLEAR,1,0,0,0,0,TREND_REVERSAL_UNCONFIRMED,0,0.45,NONE,1,0,0,0
BTCUSDT,1783587600000,2026-07-09T09:00:00.000Z,NEUTRAL,NONE,0,7.875,IGNORE,0,WATCH,,0,0,0,NA,NA,NA,NA,NA,CLEAR,1,0,0,0,0,TREND_REVERSAL_UNCONFIRMED,0,0.45,NONE,1,0,0,0
BTCUSDT,1783591200000,2026-07-09T10:00:00.000Z,NEUTRAL,NONE,0,7.875,IGNORE,0,WATCH,,0,0,0,NA,NA,NA,NA,NA,CLEAR,1,0,0,0,0,TREND_REVERSAL_UNCONFIRMED,0,0.45,NONE,1,0,0,0
BTCUSDT,1783594800000,2026-07-09T11:00:00.000Z,NEUTRAL,NONE,0,7.875,IGNORE,0,WATCH,,0,0,0,NA,NA,NA,NA,NA,CLEAR,1,0,0,0,0,TREND_REVERSAL_UNCONFIRMED,0,0.45,NONE,1,0,0,0
BTCUSDT,1783598400000,2026-07-09T12:00:00.000Z,NEUTRAL,NONE,0,7.875,IGNORE,0,WATCH,,0,0,0,NA,NA,NA,NA,NA,CLEAR,1,0,0,0,0,TREND_REVERSAL_UNCONFIRMED,0,0.45,NONE,1,0,0,0
BTCUSDT,1783602000000,2026-07-09T13:00:00.000Z,NEUTRAL,NONE,0,7.875,IGNORE,0,WATCH,,0,0,0,NA,NA,NA,NA,NA,CLEAR,1,0,0,0,0,TREND_REVERSAL_UNCONFIRMED,0,0.45,NONE,1,0,0,0
BTCUSDT,1783605600000,2026-07-09T14:00:00.000Z,NEUTRAL,NONE,0,7.875,IGNORE,0,WATCH,,0,0,0,NA,NA,NA,NA,NA,CLEAR,1,0,0,0,0,TREND_REVERSAL_UNCONFIRMED,0,0.45,NONE,1,0,0,0
BTCUSDT,1783609200000,2026-07-09T15:00:00.000Z,NEUTRAL,NONE,0,7.875,IGNORE,0,WATCH,,0,0,0,NA,NA,NA,NA,NA,CLEAR,1,0,0,0,0,TREND_REVERSAL_UNCONFIRMED,0,0.45,NONE,1,0,0,0
BTCUSDT,1783612800000,2026-07-09T16:00:00.000Z,NEUTRAL,NONE,0,7.875,IGNORE,0,WATCH,,0,0,0,NA,NA,NA,NA,NA,WARNING_SOFT,1,0,0,0,0,TREND_REVERSAL_UNCONFIRMED,0,0.45,NONE,1,0,0,0
BTCUSDT,1783616400000,2026-07-09T17:00:00.000Z,BULL,SHORT,0,7.875,IGNORE,0,WATCH,,0,0,0,NA,NA,NA,NA,NA,WARNING_SOFT,1,0,0,0,0,TREND_REVERSAL_UNCONFIRMED,0,0.45,SHORT,1,0,0,0
BTCUSDT,1783620000000,2026-07-09T18:00:00.000Z,BULL,SHORT,17.454698969362596,12.905807543837303,IGNORE,0,WATCH,,0,0,0,NA,NA,NA,NA,NA,CLEAR,1,1,0,0,0,TREND_REVERSAL_UNCONFIRMED,1,0.45,SHORT,1,0,0,0
BTCUSDT,1783623600000,2026-07-09T19:00:00.000Z,BULL,SHORT,12.847222222222221,12.54296875,IGNORE,0,WATCH,,0,0,0,NA,NA,NA,NA,NA,CLEAR,1,0,0,0,0,TREND_REVERSAL_UNCONFIRMED,1,0.45,SHORT,1,0,0,0
BTCUSDT,1783627200000,2026-07-09T20:00:00.000Z,BULL,SHORT,37.84722222222222,18.16796875,IGNORE,0,WATCH,,0,0,0,NA,NA,NA,NA,NA,CLEAR,1,0,0,0,0,TREND_REVERSAL_UNCONFIRMED,2,0.45,SHORT,1,0,0,0
BTCUSDT,1783630800000,2026-07-09T21:00:00.000Z,BULL,SHORT,0,7.875,IGNORE,0,WATCH,,0,0,0,NA,NA,NA,NA,NA,CLEAR,1,0,0,0,0,TREND_REVERSAL_UNCONFIRMED,0,0.45,SHORT,1,0,0,0
BTCUSDT,1783634400000,2026-07-09T22:00:00.000Z,BULL,SHORT,0,7.875,IGNORE,0,WATCH,,0,0,0,NA,NA,NA,NA,NA,CLEAR,1,0,0,0,0,TREND_REVERSAL_UNCONFIRMED,0,0.45,SHORT,1,0,0,0
BTCUSDT,1783638000000,2026-07-09T23:00:00.000Z,BULL,SHORT,0,7.875,IGNORE,0,WATCH,,0,0,0,NA,NA,NA,NA,NA,CLEAR,1,0,0,0,0,TREND_REVERSAL_UNCONFIRMED,0,0.45,SHORT,1,0,0,0
BTCUSDT,1783641600000,2026-07-10T00:00:00.000Z,BULL,SHORT,0,7.875,IGNORE,0,WATCH,,0,0,0,NA,NA,NA,NA,NA,WARNING_SOFT,1,0,0,0,0,TREND_REVERSAL_UNCONFIRMED,0,0.45,SHORT,1,0,0,0
BTCUSDT,1783645200000,2026-07-10T01:00:00.000Z,BULL,SHORT,22.75874879226547,13.323501467390907,IGNORE,0,WATCH,,0,0,0,NA,NA,NA,NA,NA,CLEAR,1,0,0,0,0,TREND_REVERSAL_UNCONFIRMED,1,0.45,SHORT,1,0,0,0
BTCUSDT,1783648800000,2026-07-10T02:00:00.000Z,BULL,SHORT,0,7.875,IGNORE,0,WATCH,,0,0,0,NA,NA,NA,NA,NA,CLEAR,1,0,0,0,0,TREND_REVERSAL_UNCONFIRMED,0,0.45,SHORT,1,0,0,0
BTCUSDT,1783652400000,2026-07-10T03:00:00.000Z,BULL,SHORT,25,13.5,IGNORE,0,WATCH,,0,0,0,NA,NA,NA,NA,NA,CLEAR,1,0,0,0,0,TREND_REVERSAL_UNCONFIRMED,1,0.45,SHORT,1,0,0,0
BTCUSDT,1783656000000,2026-07-10T04:00:00.000Z,BULL,SHORT,0,7.875,IGNORE,0,WATCH,,0,0,0,NA,NA,NA,NA,NA,CLEAR,1,0,0,0,0,TREND_REVERSAL_UNCONFIRMED,0,0.45,SHORT,1,0,0,0
BTCUSDT,1783659600000,2026-07-10T05:00:00.000Z,BULL,SHORT,14.583333333333332,12.6796875,IGNORE,0,WATCH,,0,0,0,NA,NA,NA,NA,NA,CLEAR,1,0,0,0,0,TREND_REVERSAL_UNCONFIRMED,1,0.45,SHORT,1,0,0,0
BTCUSDT,1783663200000,2026-07-10T06:00:00.000Z,BULL,SHORT,25,13.5,IGNORE,0,WATCH,,0,0,0,NA,NA,NA,NA,NA,CLEAR,1,0,0,0,0,TREND_REVERSAL_UNCONFIRMED,1,0.45,SHORT,1,0,0,0
BTCUSDT,1783666800000,2026-07-10T07:00:00.000Z,BULL,SHORT,0,7.875,IGNORE,0,WATCH,,0,0,0,NA,NA,NA,NA,NA,CLEAR,1,0,0,0,0,TREND_REVERSAL_UNCONFIRMED,0,0.45,SHORT,1,0,0,0
BTCUSDT,1783670400000,2026-07-10T08:00:00.000Z,BULL,SHORT,23.875334333357394,13.411432578751894,IGNORE,0,WATCH,,0,0,0,NA,NA,NA,NA,NA,CLEAR,1,0,0,0,0,TREND_REVERSAL_UNCONFIRMED,1,0.45,SHORT,1,0,0,0
BTCUSDT,1783674000000,2026-07-10T09:00:00.000Z,BULL,SHORT,16.075481639050288,12.79719417907521,IGNORE,0,WATCH,,0,0,0,NA,NA,NA,NA,NA,CLEAR,1,0,0,0,0,TREND_REVERSAL_UNCONFIRMED,1,0.45,SHORT,1,0,0,0
BTCUSDT,1783677600000,2026-07-10T10:00:00.000Z,BULL,SHORT,14.583333333333332,12.6796875,IGNORE,0,WATCH,,0,0,0,NA,NA,NA,NA,NA,CLEAR,1,0,0,0,0,TREND_REVERSAL_UNCONFIRMED,1,0.45,SHORT,1,0,0,0
BTCUSDT,1783681200000,2026-07-10T11:00:00.000Z,BULL,SHORT,41.666666666666664,18.46875,IGNORE,0,WATCH,,0,0,0,NA,NA,NA,NA,NA,CLEAR,1,0,0,0,0,TREND_REVERSAL_UNCONFIRMED,2,0.45,SHORT,1,0,0,0
BTCUSDT,1783684800000,2026-07-10T12:00:00.000Z,BULL,SHORT,0,7.875,IGNORE,0,WATCH,,0,0,0,NA,NA,NA,NA,NA,CLEAR,1,0,0,0,0,TREND_REVERSAL_UNCONFIRMED,0,0.45,SHORT,1,0,0,0
BTCUSDT,1783688400000,2026-07-10T13:00:00.000Z,BULL,SHORT,21.14713240003769,13.19658667650297,IGNORE,0,WATCH,,0,0,0,NA,NA,NA,NA,NA,CLEAR,1,0,0,0,0,TREND_REVERSAL_UNCONFIRMED,1,0.45,SHORT,1,0,0,0
BTCUSDT,1783692000000,2026-07-10T14:00:00.000Z,BULL,SHORT,25,13.5,IGNORE,0,WATCH,,0,0,0,NA,NA,NA,NA,NA,WARNING_SOFT,1,0,0,0,0,TREND_REVERSAL_UNCONFIRMED,1,0.45,SHORT,1,0,0,0
BTCUSDT,1783695600000,2026-07-10T15:00:00.000Z,BULL,SHORT,0,7.875,IGNORE,0,WATCH,,0,0,0,NA,NA,NA,NA,NA,WARNING_SOFT,1,0,0,0,0,TREND_REVERSAL_UNCONFIRMED,0,0.45,SHORT,1,0,0,0
BTCUSDT,1783699200000,2026-07-10T16:00:00.000Z,BULL,SHORT,21.471837499999992,13.222157203124999,IGNORE,0,WATCH,,0,0,0,NA,NA,NA,NA,NA,WARNING_SOFT,1,0,0,0,0,TREND_REVERSAL_UNCONFIRMED,1,0.45,SHORT,1,0,0,0
BTCUSDT,1783702800000,2026-07-10T17:00:00.000Z,NEUTRAL,NONE,0,7.875,IGNORE,0,WATCH,,0,0,0,NA,NA,NA,NA,NA,WARNING_SOFT,1,0,0,0,0,TREND_REVERSAL_UNCONFIRMED,0,0.45,NONE,1,0,0,0
BTCUSDT,1783706400000,2026-07-10T18:00:00.000Z,NEUTRAL,NONE,0,7.875,IGNORE,0,WATCH,,0,0,0,NA,NA,NA,NA,NA,WARNING_SOFT,1,0,0,0,0,TREND_REVERSAL_UNCONFIRMED,0,0.45,NONE,1,0,0,0
BTCUSDT,1783710000000,2026-07-10T19:00:00.000Z,BULL,SHORT,0,7.875,IGNORE,0,WATCH,,0,0,0,NA,NA,NA,NA,NA,WARNING_SOFT,1,0,0,0,0,TREND_REVERSAL_UNCONFIRMED,0,0.45,SHORT,1,0,0,0
BTCUSDT,1783713600000,2026-07-10T20:00:00.000Z,NEUTRAL,NONE,0,7.875,IGNORE,0,WATCH,,0,0,0,NA,NA,NA,NA,NA,BLOCK,0,0,0,0,0,TREND_REVERSAL_UNCONFIRMED,0,0.45,NONE,1,0,0,0
BTCUSDT,1783717200000,2026-07-10T21:00:00.000Z,BULL,SHORT,0,7.875,IGNORE,0,WATCH,,0,0,0,NA,NA,NA,NA,NA,WARNING_SOFT,1,0,0,0,0,TREND_REVERSAL_UNCONFIRMED,0,0.45,SHORT,1,0,0,0
BTCUSDT,1783720800000,2026-07-10T22:00:00.000Z,BULL,SHORT,0,7.875,IGNORE,0,WATCH,,0,0,0,NA,NA,NA,NA,NA,CLEAR,1,0,0,0,0,TREND_REVERSAL_UNCONFIRMED,0,0.45,SHORT,1,0,0,0
BTCUSDT,1783724400000,2026-07-10T23:00:00.000Z,BULL,SHORT,0,7.875,IGNORE,0,WATCH,,0,0,0,NA,NA,NA,NA,NA,CLEAR,1,0,0,0,0,TREND_REVERSAL_UNCONFIRMED,0,0.45,SHORT,1,0,0,0
BTCUSDT,1783728000000,2026-07-11T00:00:00.000Z,BULL,SHORT,0,7.875,IGNORE,0,WATCH,,0,0,0,NA,NA,NA,NA,NA,CLEAR,1,0,0,0,0,TREND_REVERSAL_UNCONFIRMED,0,0.45,SHORT,1,0,0,0
BTCUSDT,1783731600000,2026-07-11T01:00:00.000Z,BULL,SHORT,0,7.875,IGNORE,0,WATCH,,0,0,0,NA,NA,NA,NA,NA,CLEAR,1,0,0,0,0,TREND_REVERSAL_UNCONFIRMED,0,0.45,SHORT,1,0,0,0
BTCUSDT,1783735200000,2026-07-11T02:00:00.000Z,BULL,SHORT,0,7.875,IGNORE,0,WATCH,,0,0,0,NA,NA,NA,NA,NA,WARNING_SOFT,1,0,0,0,0,TREND_REVERSAL_UNCONFIRMED,0,0.45,SHORT,1,0,0,0
BTCUSDT,1783738800000,2026-07-11T03:00:00.000Z,BULL,SHORT,0,7.875,IGNORE,0,WATCH,,0,0,0,NA,NA,NA,NA,NA,CLEAR,1,0,0,0,0,TREND_REVERSAL_UNCONFIRMED,0,0.45,SHORT,1,0,0,0
BTCUSDT,1783742400000,2026-07-11T04:00:00.000Z,BULL,SHORT,17.5,12.909375,IGNORE,0,WATCH,,0,0,0,NA,NA,NA,NA,NA,CLEAR,1,0,0,0,0,TREND_REVERSAL_UNCONFIRMED,1,0.45,SHORT,1,0,0,0
BTCUSDT,1783746000000,2026-07-11T05:00:00.000Z,BULL,SHORT,17.5,12.909375,IGNORE,0,WATCH,,0,0,0,NA,NA,NA,NA,NA,CLEAR,1,0,0,0,0,TREND_REVERSAL_UNCONFIRMED,1,0.45,SHORT,1,0,0,0
BTCUSDT,1783749600000,2026-07-11T06:00:00.000Z,BULL,SHORT,17.5,12.909375,IGNORE,0,WATCH,,0,0,0,NA,NA,NA,NA,NA,CLEAR,1,0,0,0,0,TREND_REVERSAL_UNCONFIRMED,1,0.45,SHORT,1,0,0,0
BTCUSDT,1783753200000,2026-07-11T07:00:00.000Z,BULL,SHORT,38.6347875,18.229989515625,IGNORE,0,WATCH,,0,0,0,NA,NA,NA,NA,NA,CLEAR,1,0,0,0,0,TREND_REVERSAL_UNCONFIRMED,2,0.45,SHORT,1,0,0,0
BTCUSDT,1783756800000,2026-07-11T08:00:00.000Z,BULL,SHORT,17.5,12.909375,IGNORE,0,WATCH,,0,0,0,NA,NA,NA,NA,NA,CLEAR,1,0,0,0,0,TREND_REVERSAL_UNCONFIRMED,1,0.45,SHORT,1,0,0,0
BTCUSDT,1783760400000,2026-07-11T09:00:00.000Z,BULL,SHORT,17.5,12.909375,IGNORE,0,WATCH,,0,0,0,NA,NA,NA,NA,NA,CLEAR,1,0,0,0,0,TREND_REVERSAL_UNCONFIRMED,1,0.45,SHORT,1,0,0,0
BTCUSDT,1783764000000,2026-07-11T10:00:00.000Z,BULL,SHORT,17.5,12.909375,IGNORE,0,WATCH,,0,0,0,NA,NA,NA,NA,NA,CLEAR,1,0,0,0,0,TREND_REVERSAL_UNCONFIRMED,1,0.45,SHORT,1,0,0,0
BTCUSDT,1783767600000,2026-07-11T11:00:00.000Z,BULL,SHORT,17.5,12.909375,IGNORE,0,WATCH,,0,0,0,NA,NA,NA,NA,NA,CLEAR,1,0,0,0,0,TREND_REVERSAL_UNCONFIRMED,1,0.45,SHORT,1,0,0,0
BTCUSDT,1783771200000,2026-07-11T12:00:00.000Z,BULL,SHORT,17.5,12.909375,IGNORE,0,WATCH,,0,0,0,NA,NA,NA,NA,NA,CLEAR,1,0,0,0,0,TREND_REVERSAL_UNCONFIRMED,1,0.45,SHORT,1,0,0,0
BTCUSDT,1783774800000,2026-07-11T13:00:00.000Z,BULL,SHORT,17.5,12.909375,IGNORE,0,WATCH,,0,0,0,NA,NA,NA,NA,NA,CLEAR,1,0,0,0,0,TREND_REVERSAL_UNCONFIRMED,1,0.45,SHORT,1,0,0,0
BTCUSDT,1783778400000,2026-07-11T14:00:00.000Z,BULL,SHORT,42.5,18.534375,IGNORE,0,WATCH,,0,0,0,NA,NA,NA,NA,NA,CLEAR,1,0,0,0,0,TREND_REVERSAL_UNCONFIRMED,2,0.45,SHORT,1,0,0,0
BTCUSDT,1783782000000,2026-07-11T15:00:00.000Z,BULL,SHORT,67.5,44.677499999999995,WATCH,1,WATCH,ACTIVE,1,1,0,FAIL,PASS,SKIP,SKIP,FAIL,CLEAR,1,0,0,0,0,MARKET_CONTEXT_DENIED,3,0.84,SHORT,1,0,0,0
BTCUSDT,1783785600000,2026-07-11T16:00:00.000Z,BULL,SHORT,17.5,12.909375,IGNORE,0,WATCH,,0,0,0,NA,NA,NA,NA,NA,WARNING_SOFT,1,0,0,0,0,TREND_REVERSAL_UNCONFIRMED,1,0.45,SHORT,1,0,0,0
BTCUSDT,1783789200000,2026-07-11T17:00:00.000Z,BULL,SHORT,0,7.875,IGNORE,0,WATCH,,0,0,0,NA,NA,NA,NA,NA,CLEAR,1,0,0,0,0,TREND_REVERSAL_UNCONFIRMED,0,0.45,SHORT,1,0,0,0
BTCUSDT,1783792800000,2026-07-11T18:00:00.000Z,BULL,SHORT,18.179462500000007,12.962882671875002,IGNORE,0,WATCH,,0,0,0,NA,NA,NA,NA,NA,CLEAR,1,0,0,0,0,TREND_REVERSAL_UNCONFIRMED,1,0.45,SHORT,1,0,0,0
BTCUSDT,1783796400000,2026-07-11T19:00:00.000Z,BULL,SHORT,0,7.875,IGNORE,0,WATCH,,0,0,0,NA,NA,NA,NA,NA,WARNING_SOFT,1,0,0,0,0,TREND_REVERSAL_UNCONFIRMED,0,0.45,SHORT,1,0,0,0
BTCUSDT,1783800000000,2026-07-11T20:00:00.000Z,BULL,SHORT,12.847222222222221,12.54296875,IGNORE,0,WATCH,,0,0,0,NA,NA,NA,NA,NA,CLEAR,1,0,0,0,0,TREND_REVERSAL_UNCONFIRMED,1,0.45,SHORT,1,0,0,0
BTCUSDT,1783803600000,2026-07-11T21:00:00.000Z,BULL,SHORT,0,7.875,IGNORE,0,WATCH,,0,0,0,NA,NA,NA,NA,NA,CLEAR,1,0,0,0,0,TREND_REVERSAL_UNCONFIRMED,0,0.45,SHORT,1,0,0,0
BTCUSDT,1783807200000,2026-07-11T22:00:00.000Z,NEUTRAL,NONE,0,7.875,IGNORE,0,WATCH,,0,0,0,NA,NA,NA,NA,NA,WARNING_SOFT,1,0,0,0,0,TREND_REVERSAL_UNCONFIRMED,0,0.45,NONE,1,0,0,0
BTCUSDT,1783810800000,2026-07-11T23:00:00.000Z,NEUTRAL,NONE,0,7.875,IGNORE,0,WATCH,,0,0,0,NA,NA,NA,NA,NA,BLOCK,0,0,1,0,0,TREND_REVERSAL_UNCONFIRMED,0,0.45,NONE,1,0,0,0
BTCUSDT,1783814400000,2026-07-12T00:00:00.000Z,NEUTRAL,NONE,0,7.875,IGNORE,0,WATCH,,0,0,0,NA,NA,NA,NA,NA,BLOCK,0,0,0,0,0,TREND_REVERSAL_UNCONFIRMED,0,0.45,NONE,1,0,0,0
BTCUSDT,1783818000000,2026-07-12T01:00:00.000Z,NEUTRAL,NONE,0,7.875,IGNORE,0,WATCH,,0,0,0,NA,NA,NA,NA,NA,WARNING_SOFT,1,0,0,0,0,TREND_REVERSAL_UNCONFIRMED,0,0.45,NONE,1,0,0,0
BTCUSDT,1783821600000,2026-07-12T02:00:00.000Z,NEUTRAL,NONE,0,7.875,IGNORE,0,WATCH,,0,0,0,NA,NA,NA,NA,NA,WARNING_SOFT,1,0,0,0,0,TREND_REVERSAL_UNCONFIRMED,0,0.45,NONE,1,0,0,0
BTCUSDT,1783825200000,2026-07-12T03:00:00.000Z,BULL,SHORT,17.5,12.909375,IGNORE,0,WATCH,,0,0,0,NA,NA,NA,NA,NA,WARNING_SOFT,1,0,0,0,0,TREND_REVERSAL_UNCONFIRMED,1,0.45,SHORT,1,0,0,0
BTCUSDT,1783828800000,2026-07-12T04:00:00.000Z,NEUTRAL,NONE,0,7.875,IGNORE,0,WATCH,,0,0,0,NA,NA,NA,NA,NA,WARNING_SOFT,1,0,0,0,0,TREND_REVERSAL_UNCONFIRMED,0,0.45,NONE,1,0,0,0
BTCUSDT,1783832400000,2026-07-12T05:00:00.000Z,NEUTRAL,NONE,0,7.875,IGNORE,0,WATCH,,0,0,0,NA,NA,NA,NA,NA,WARNING_SOFT,1,0,0,0,0,TREND_REVERSAL_UNCONFIRMED,0,0.45,NONE,1,0,0,0
BTCUSDT,1783836000000,2026-07-12T06:00:00.000Z,NEUTRAL,NONE,0,7.875,IGNORE,0,WATCH,,0,0,0,NA,NA,NA,NA,NA,BLOCK,0,0,1,0,0,TREND_REVERSAL_UNCONFIRMED,0,0.45,NONE,1,0,0,0
BTCUSDT,1783839600000,2026-07-12T07:00:00.000Z,NEUTRAL,NONE,0,7.875,IGNORE,0,WATCH,,0,0,0,NA,NA,NA,NA,NA,WARNING_SOFT,1,0,0,0,0,TREND_REVERSAL_UNCONFIRMED,0,0.45,NONE,1,0,0,0
BTCUSDT,1783843200000,2026-07-12T08:00:00.000Z,NEUTRAL,NONE,0,7.875,IGNORE,0,WATCH,,0,0,0,NA,NA,NA,NA,NA,BLOCK,0,0,0,0,0,TREND_REVERSAL_UNCONFIRMED,0,0.45,NONE,1,0,0,0
BTCUSDT,1783846800000,2026-07-12T09:00:00.000Z,NEUTRAL,NONE,0,7.875,IGNORE,0,WATCH,,0,0,0,NA,NA,NA,NA,NA,WARNING_SOFT,1,0,0,0,0,TREND_REVERSAL_UNCONFIRMED,0,0.45,NONE,1,0,0,0
BTCUSDT,1783850400000,2026-07-12T10:00:00.000Z,NEUTRAL,NONE,0,7.875,IGNORE,0,WATCH,,0,0,0,NA,NA,NA,NA,NA,WARNING_SOFT,1,0,0,0,0,TREND_REVERSAL_UNCONFIRMED,0,0.45,NONE,1,0,0,0
BTCUSDT,1783854000000,2026-07-12T11:00:00.000Z,NEUTRAL,NONE,0,7.875,IGNORE,0,WATCH,,0,0,0,NA,NA,NA,NA,NA,WARNING_SOFT,1,0,0,0,0,TREND_REVERSAL_UNCONFIRMED,0,0.45,NONE,1,0,0,0
BTCUSDT,1783857600000,2026-07-12T12:00:00.000Z,NEUTRAL,NONE,0,7.875,IGNORE,0,WATCH,,0,0,0,NA,NA,NA,NA,NA,BLOCK,0,0,0,0,0,TREND_REVERSAL_UNCONFIRMED,0,0.45,NONE,1,0,0,0
BTCUSDT,1783861200000,2026-07-12T13:00:00.000Z,NEUTRAL,NONE,0,7.875,IGNORE,0,WATCH,,0,0,0,NA,NA,NA,NA,NA,WARNING_SOFT,1,0,0,0,0,TREND_REVERSAL_UNCONFIRMED,0,0.45,NONE,1,0,0,0
BTCUSDT,1783864800000,2026-07-12T14:00:00.000Z,BULL,SHORT,17.5,12.909375,IGNORE,0,WATCH,,0,0,0,NA,NA,NA,NA,NA,CLEAR,1,0,0,0,0,TREND_REVERSAL_UNCONFIRMED,1,0.45,SHORT,1,0,0,0
BTCUSDT,1783868400000,2026-07-12T15:00:00.000Z,BULL,SHORT,17.5,12.909375,IGNORE,0,WATCH,,0,0,0,NA,NA,NA,NA,NA,CLEAR,1,0,0,0,0,TREND_REVERSAL_UNCONFIRMED,1,0.45,SHORT,1,0,0,0
BTCUSDT,1783872000000,2026-07-12T16:00:00.000Z,BULL,SHORT,17.5,12.909375,IGNORE,0,WATCH,,0,0,0,NA,NA,NA,NA,NA,CLEAR,1,0,0,0,0,TREND_REVERSAL_UNCONFIRMED,1,0.45,SHORT,1,0,0,0
BTCUSDT,1783875600000,2026-07-12T17:00:00.000Z,BULL,SHORT,0,7.875,IGNORE,0,WATCH,,0,0,0,NA,NA,NA,NA,NA,CLEAR,1,0,0,0,0,TREND_REVERSAL_UNCONFIRMED,0,0.45,SHORT,1,0,0,0
BTCUSDT,1783879200000,2026-07-12T18:00:00.000Z,BULL,SHORT,0,7.875,IGNORE,0,WATCH,,0,0,0,NA,NA,NA,NA,NA,WARNING_SOFT,1,0,0,0,0,TREND_REVERSAL_UNCONFIRMED,0,0.45,SHORT,1,0,0,0
BTCUSDT,1783882800000,2026-07-12T19:00:00.000Z,BULL,SHORT,0,7.875,IGNORE,0,WATCH,,0,0,0,NA,NA,NA,NA,NA,CLEAR,1,0,0,0,0,TREND_REVERSAL_UNCONFIRMED,0,0.45,SHORT,1,0,0,0
BTCUSDT,1783886400000,2026-07-12T20:00:00.000Z,BULL,SHORT,0,7.875,IGNORE,0,WATCH,,0,0,0,NA,NA,NA,NA,NA,CLEAR,1,0,0,0,0,TREND_REVERSAL_UNCONFIRMED,0,0.45,SHORT,1,0,0,0
BTCUSDT,1783890000000,2026-07-12T21:00:00.000Z,NEUTRAL,NONE,0,7.875,IGNORE,0,WATCH,,0,0,0,NA,NA,NA,NA,NA,WARNING_SOFT,1,0,0,0,0,TREND_REVERSAL_UNCONFIRMED,0,0.45,NONE,1,0,0,0
BTCUSDT,1783893600000,2026-07-12T22:00:00.000Z,NEUTRAL,NONE,0,7.875,IGNORE,0,WATCH,,0,0,0,NA,NA,NA,NA,NA,BLOCK,0,0,1,0,0,TREND_REVERSAL_UNCONFIRMED,0,0.45,NONE,1,0,0,0
BTCUSDT,1783897200000,2026-07-12T23:00:00.000Z,NEUTRAL,NONE,0,7.875,IGNORE,0,WATCH,,0,0,0,NA,NA,NA,NA,NA,WARNING_SOFT,1,0,0,0,0,TREND_REVERSAL_UNCONFIRMED,0,0.45,NONE,1,0,0,0
BTCUSDT,1783900800000,2026-07-13T00:00:00.000Z,BULL,SHORT,42.5,18.534375,IGNORE,0,WATCH,,0,0,0,NA,NA,NA,NA,NA,WARNING_SOFT,1,0,0,0,0,TREND_REVERSAL_UNCONFIRMED,2,0.45,SHORT,1,0,0,0
BTCUSDT,1783904400000,2026-07-13T01:00:00.000Z,BEAR,LONG,25,13.5,IGNORE,0,WATCH,,0,0,0,NA,NA,NA,NA,NA,CLEAR,1,0,0,0,0,TREND_REVERSAL_UNCONFIRMED,1,0.45,LONG,1,0,0,0
BTCUSDT,1783908000000,2026-07-13T02:00:00.000Z,BEAR,LONG,50,19.125,IGNORE,0,WATCH,,0,0,0,NA,NA,NA,NA,NA,CLEAR,1,0,0,0,0,TREND_REVERSAL_UNCONFIRMED,2,0.45,LONG,1,0,0,0
BTCUSDT,1783911600000,2026-07-13T03:00:00.000Z,BEAR,LONG,25,13.5,IGNORE,0,WATCH,,0,0,0,NA,NA,NA,NA,NA,CLEAR,1,0,0,0,0,TREND_REVERSAL_UNCONFIRMED,1,0.45,LONG,1,0,0,0
BTCUSDT,1783915200000,2026-07-13T04:00:00.000Z,BEAR,LONG,30.317376472807645,17.574993397233605,IGNORE,0,WATCH,,0,0,0,NA,NA,NA,NA,NA,CLEAR,1,0,0,0,0,TREND_REVERSAL_UNCONFIRMED,2,0.45,LONG,1,0,0,0
BTCUSDT,1783918800000,2026-07-13T05:00:00.000Z,BEAR,LONG,21.824019727992496,13.249891553579408,IGNORE,0,WATCH,,0,0,0,NA,NA,NA,NA,NA,CLEAR,1,0,0,0,0,TREND_REVERSAL_UNCONFIRMED,1,0.45,LONG,1,0,0,0
BTCUSDT,1783922400000,2026-07-13T06:00:00.000Z,BEAR,LONG,0,7.875,IGNORE,0,WATCH,,0,0,0,NA,NA,NA,NA,NA,CLEAR,1,0,0,0,0,TREND_REVERSAL_UNCONFIRMED,0,0.45,LONG,1,0,0,0
BTCUSDT,1783926000000,2026-07-13T07:00:00.000Z,BEAR,LONG,13.784736841505454,12.616798026268555,IGNORE,0,WATCH,,0,0,0,NA,NA,NA,NA,NA,CLEAR,1,0,0,0,0,TREND_REVERSAL_UNCONFIRMED,1,0.45,LONG,1,0,0,0
BTCUSDT,1783929600000,2026-07-13T08:00:00.000Z,BEAR,LONG,0,7.875,IGNORE,0,WATCH,,0,0,0,NA,NA,NA,NA,NA,CLEAR,1,0,0,0,0,TREND_REVERSAL_UNCONFIRMED,0,0.45,LONG,1,0,0,0
BTCUSDT,1783933200000,2026-07-13T09:00:00.000Z,BEAR,LONG,0,7.875,IGNORE,0,WATCH,,0,0,0,NA,NA,NA,NA,NA,CLEAR,1,0,0,0,0,TREND_REVERSAL_UNCONFIRMED,0,0.45,LONG,1,0,0,0
BTCUSDT,1783936800000,2026-07-13T10:00:00.000Z,BEAR,LONG,20.348351041546625,13.133682644521796,IGNORE,0,WATCH,,0,0,0,NA,NA,NA,NA,NA,CLEAR,1,0,0,0,0,TREND_REVERSAL_UNCONFIRMED,1,0.45,LONG,1,0,0,0
BTCUSDT,1783940400000,2026-07-13T11:00:00.000Z,BEAR,LONG,25,13.5,IGNORE,0,WATCH,,0,0,0,NA,NA,NA,NA,NA,CLEAR,1,0,0,0,0,TREND_REVERSAL_UNCONFIRMED,1,0.45,LONG,1,0,0,0
BTCUSDT,1783944000000,2026-07-13T12:00:00.000Z,BEAR,LONG,17.02536742453662,12.87199768468226,IGNORE,0,WATCH,,0,0,0,NA,NA,NA,NA,NA,CLEAR,1,0,0,0,0,TREND_REVERSAL_UNCONFIRMED,1,0.45,LONG,1,0,0,0
BTCUSDT,1783947600000,2026-07-13T13:00:00.000Z,BEAR,LONG,25,13.5,IGNORE,0,WATCH,,0,0,0,NA,NA,NA,NA,NA,CLEAR,1,0,0,0,0,TREND_REVERSAL_UNCONFIRMED,1,0.45,LONG,1,0,0,0
BTCUSDT,1783951200000,2026-07-13T14:00:00.000Z,BEAR,LONG,25,13.5,IGNORE,0,WATCH,,0,0,0,NA,NA,NA,NA,NA,CLEAR,1,0,0,0,0,TREND_REVERSAL_UNCONFIRMED,1,0.45,LONG,1,0,0,0
BTCUSDT,1783954800000,2026-07-13T15:00:00.000Z,BEAR,LONG,12.527183561563962,12.517765705473161,IGNORE,0,WATCH,,0,0,0,NA,NA,NA,NA,NA,CLEAR,1,0,0,0,0,TREND_REVERSAL_UNCONFIRMED,1,0.45,LONG,1,0,0,0
BTCUSDT,1783958400000,2026-07-13T16:00:00.000Z,BEAR,LONG,0,7.875,IGNORE,0,WATCH,,0,0,0,NA,NA,NA,NA,NA,CLEAR,1,0,0,0,0,TREND_REVERSAL_UNCONFIRMED,0,0.45,LONG,1,0,0,0
BTCUSDT,1783962000000,2026-07-13T17:00:00.000Z,BEAR,LONG,0,7.875,IGNORE,0,WATCH,,0,0,0,NA,NA,NA,NA,NA,CLEAR,1,0,0,0,0,TREND_REVERSAL_UNCONFIRMED,0,0.45,LONG,1,0,0,0
BTCUSDT,1783965600000,2026-07-13T18:00:00.000Z,BEAR,LONG,25,13.5,IGNORE,0,WATCH,,0,0,0,NA,NA,NA,NA,NA,CLEAR,1,0,0,0,0,TREND_REVERSAL_UNCONFIRMED,1,0.45,LONG,1,0,0,0
BTCUSDT,1783969200000,2026-07-13T19:00:00.000Z,BEAR,LONG,0,7.875,IGNORE,0,WATCH,,0,0,0,NA,NA,NA,NA,NA,CLEAR,1,0,0,0,0,TREND_REVERSAL_UNCONFIRMED,0,0.45,LONG,1,0,0,0
BTCUSDT,1783972800000,2026-07-13T20:00:00.000Z,BEAR,LONG,0,7.875,IGNORE,0,WATCH,,0,0,0,NA,NA,NA,NA,NA,CLEAR,1,0,0,0,0,TREND_REVERSAL_UNCONFIRMED,0,0.45,LONG,1,0,0,0
BTCUSDT,1783976400000,2026-07-13T21:00:00.000Z,BEAR,LONG,0,7.875,IGNORE,0,WATCH,,0,0,0,NA,NA,NA,NA,NA,CLEAR,1,0,0,0,0,TREND_REVERSAL_UNCONFIRMED,0,0.45,LONG,1,0,0,0
BTCUSDT,1783980000000,2026-07-13T22:00:00.000Z,BEAR,LONG,0,7.875,IGNORE,0,WATCH,,0,0,0,NA,NA,NA,NA,NA,CLEAR,1,0,0,0,0,TREND_REVERSAL_UNCONFIRMED,0,0.45,LONG,1,0,0,0
BTCUSDT,1783983600000,2026-07-13T23:00:00.000Z,BEAR,LONG,25,13.5,IGNORE,0,WATCH,,0,0,0,NA,NA,NA,NA,NA,CLEAR,1,0,0,0,0,TREND_REVERSAL_UNCONFIRMED,1,0.45,LONG,1,0,0,0
BTCUSDT,1783987200000,2026-07-14T00:00:00.000Z,BEAR,LONG,0,7.875,IGNORE,0,WATCH,,0,0,0,NA,NA,NA,NA,NA,WARNING_SOFT,1,0,0,0,0,TREND_REVERSAL_UNCONFIRMED,0,0.45,LONG,1,0,0,0
BTCUSDT,1783990800000,2026-07-14T01:00:00.000Z,BEAR,LONG,0,7.875,IGNORE,0,WATCH,,0,0,0,NA,NA,NA,NA,NA,WARNING_SOFT,1,0,0,0,0,TREND_REVERSAL_UNCONFIRMED,0,0.45,LONG,1,0,0,0
BTCUSDT,1783994400000,2026-07-14T02:00:00.000Z,BEAR,LONG,17.5,12.909375,IGNORE,0,WATCH,,0,0,0,NA,NA,NA,NA,NA,WARNING_SOFT,1,0,0,0,0,TREND_REVERSAL_UNCONFIRMED,1,0.45,LONG,1,0,0,0
BTCUSDT,1783998000000,2026-07-14T03:00:00.000Z,NEUTRAL,NONE,0,7.875,IGNORE,0,WATCH,,0,0,0,NA,NA,NA,NA,NA,CLEAR,1,0,0,0,0,TREND_REVERSAL_UNCONFIRMED,0,0.45,NONE,1,0,0,0
BTCUSDT,1784001600000,2026-07-14T04:00:00.000Z,NEUTRAL,NONE,0,7.875,IGNORE,0,WATCH,,0,0,0,NA,NA,NA,NA,NA,CLEAR,1,0,0,0,0,TREND_REVERSAL_UNCONFIRMED,0,0.45,NONE,1,0,0,0
BTCUSDT,1784005200000,2026-07-14T05:00:00.000Z,NEUTRAL,NONE,0,7.875,IGNORE,0,WATCH,,0,0,0,NA,NA,NA,NA,NA,CLEAR,1,0,0,0,0,TREND_REVERSAL_UNCONFIRMED,0,0.45,NONE,1,0,0,0
BTCUSDT,1784008800000,2026-07-14T06:00:00.000Z,NEUTRAL,NONE,0,7.875,IGNORE,0,WATCH,,0,0,0,NA,NA,NA,NA,NA,CLEAR,1,0,0,0,0,TREND_REVERSAL_UNCONFIRMED,0,0.45,NONE,1,0,0,0
BTCUSDT,1784012400000,2026-07-14T07:00:00.000Z,BEAR,LONG,17.5,12.909375,IGNORE,0,WATCH,,0,0,0,NA,NA,NA,NA,NA,WARNING_SOFT,1,0,0,0,0,TREND_REVERSAL_UNCONFIRMED,1,0.45,LONG,1,0,0,0
BTCUSDT,1784016000000,2026-07-14T08:00:00.000Z,NEUTRAL,NONE,0,7.875,IGNORE,0,WATCH,,0,0,0,NA,NA,NA,NA,NA,CLEAR,1,0,0,0,0,TREND_REVERSAL_UNCONFIRMED,0,0.45,NONE,1,0,0,0
BTCUSDT,1784019600000,2026-07-14T09:00:00.000Z,NEUTRAL,NONE,0,7.875,IGNORE,0,WATCH,,0,0,0,NA,NA,NA,NA,NA,CLEAR,1,0,0,0,0,TREND_REVERSAL_UNCONFIRMED,0,0.45,NONE,1,0,0,0
BTCUSDT,1784023200000,2026-07-14T10:00:00.000Z,NEUTRAL,NONE,0,7.875,IGNORE,0,WATCH,,0,0,0,NA,NA,NA,NA,NA,CLEAR,1,0,0,0,0,TREND_REVERSAL_UNCONFIRMED,0,0.45,NONE,1,0,0,0
BTCUSDT,1784026800000,2026-07-14T11:00:00.000Z,NEUTRAL,NONE,0,7.875,IGNORE,0,WATCH,,0,0,0,NA,NA,NA,NA,NA,CLEAR,1,0,0,0,0,TREND_REVERSAL_UNCONFIRMED,0,0.45,NONE,1,0,0,0
BTCUSDT,1784030400000,2026-07-14T12:00:00.000Z,NEUTRAL,NONE,0,7.875,IGNORE,0,WATCH,,0,0,0,NA,NA,NA,NA,NA,CLEAR,1,0,0,0,0,TREND_REVERSAL_UNCONFIRMED,0,0.45,NONE,1,0,0,0
BTCUSDT,1784034000000,2026-07-14T13:00:00.000Z,NEUTRAL,NONE,0,7.875,IGNORE,0,WATCH,,0,0,0,NA,NA,NA,NA,NA,CLEAR,1,0,0,0,0,TREND_REVERSAL_UNCONFIRMED,0,0.45,NONE,1,0,0,0
BTCUSDT,1784037600000,2026-07-14T14:00:00.000Z,NEUTRAL,NONE,0,7.875,IGNORE,0,WATCH,,0,0,0,NA,NA,NA,NA,NA,CLEAR,1,0,0,0,0,TREND_REVERSAL_UNCONFIRMED,0,0.45,NONE,1,0,0,0
BTCUSDT,1784041200000,2026-07-14T15:00:00.000Z,BULL,SHORT,37.84722222222222,18.16796875,IGNORE,0,WATCH,,0,0,0,NA,NA,NA,NA,NA,CLEAR,1,0,0,0,0,TREND_REVERSAL_UNCONFIRMED,2,0.45,SHORT,1,0,0,0
BTCUSDT,1784044800000,2026-07-14T16:00:00.000Z,BULL,SHORT,37.84722222222222,18.16796875,IGNORE,0,WATCH,,0,0,0,NA,NA,NA,NA,NA,CLEAR,1,0,0,0,0,TREND_REVERSAL_UNCONFIRMED,2,0.45,SHORT,1,0,0,0
BTCUSDT,1784048400000,2026-07-14T17:00:00.000Z,BULL,SHORT,21.438169377373463,13.21950583846816,IGNORE,0,WATCH,,0,0,0,NA,NA,NA,NA,NA,CLEAR,1,0,0,0,0,TREND_REVERSAL_UNCONFIRMED,1,0.45,SHORT,1,0,0,0
BTCUSDT,1784052000000,2026-07-14T18:00:00.000Z,BULL,SHORT,0,7.875,IGNORE,0,WATCH,,0,0,0,NA,NA,NA,NA,NA,CLEAR,1,0,0,0,0,TREND_REVERSAL_UNCONFIRMED,0,0.45,SHORT,1,0,0,0
BTCUSDT,1784055600000,2026-07-14T19:00:00.000Z,BULL,SHORT,0,7.875,IGNORE,0,WATCH,,0,0,0,NA,NA,NA,NA,NA,CLEAR,1,0,0,0,0,TREND_REVERSAL_UNCONFIRMED,0,0.45,SHORT,1,0,0,0
BTCUSDT,1784059200000,2026-07-14T20:00:00.000Z,BULL,SHORT,13.194444444444445,12.5703125,IGNORE,0,WATCH,,0,0,0,NA,NA,NA,NA,NA,CLEAR,1,0,0,0,0,TREND_REVERSAL_UNCONFIRMED,1,0.45,SHORT,1,0,0,0
BTCUSDT,1784062800000,2026-07-14T21:00:00.000Z,BULL,SHORT,0,7.875,IGNORE,0,WATCH,,0,0,0,NA,NA,NA,NA,NA,CLEAR,1,0,0,0,0,TREND_REVERSAL_UNCONFIRMED,0,0.45,SHORT,1,0,0,0
BTCUSDT,1784066400000,2026-07-14T22:00:00.000Z,BULL,SHORT,30.082682332569092,17.556511233689815,IGNORE,0,WATCH,,0,0,0,NA,NA,NA,NA,NA,CLEAR,1,1,0,0,0,TREND_REVERSAL_UNCONFIRMED,2,0.45,SHORT,1,0,0,0
BTCUSDT,1784070000000,2026-07-14T23:00:00.000Z,BULL,SHORT,16.319444444444443,12.81640625,IGNORE,0,WATCH,,0,0,0,NA,NA,NA,NA,NA,CLEAR,1,0,0,0,0,TREND_REVERSAL_UNCONFIRMED,1,0.45,SHORT,1,0,0,0
BTCUSDT,1784073600000,2026-07-15T00:00:00.000Z,BULL,SHORT,25,13.5,IGNORE,0,WATCH,,0,0,0,NA,NA,NA,NA,NA,CLEAR,1,0,0,0,0,TREND_REVERSAL_UNCONFIRMED,1,0.45,SHORT,1,0,0,0
BTCUSDT,1784077200000,2026-07-15T01:00:00.000Z,BULL,SHORT,0,7.875,IGNORE,0,WATCH,,0,0,0,NA,NA,NA,NA,NA,CLEAR,1,0,0,0,0,TREND_REVERSAL_UNCONFIRMED,0,0.45,SHORT,1,0,0,0
BTCUSDT,1784080800000,2026-07-15T02:00:00.000Z,BULL,SHORT,0,7.875,IGNORE,0,WATCH,,0,0,0,NA,NA,NA,NA,NA,WARNING_SOFT,1,0,0,0,0,TREND_REVERSAL_UNCONFIRMED,0,0.45,SHORT,1,0,0,0
BTCUSDT,1784084400000,2026-07-15T03:00:00.000Z,BULL,SHORT,0,7.875,IGNORE,0,WATCH,,0,0,0,NA,NA,NA,NA,NA,WARNING_SOFT,1,0,0,0,0,TREND_REVERSAL_UNCONFIRMED,0,0.45,SHORT,1,0,0,0
BTCUSDT,1784088000000,2026-07-15T04:00:00.000Z,BULL,SHORT,0,7.875,IGNORE,0,WATCH,,0,0,0,NA,NA,NA,NA,NA,CLEAR,1,0,0,0,0,TREND_REVERSAL_UNCONFIRMED,0,0.45,SHORT,1,0,0,0
BTCUSDT,1784091600000,2026-07-15T05:00:00.000Z,BULL,SHORT,0,7.875,IGNORE,0,WATCH,,0,0,0,NA,NA,NA,NA,NA,CLEAR,1,0,0,0,0,TREND_REVERSAL_UNCONFIRMED,0,0.45,SHORT,1,0,0,0
BTCUSDT,1784095200000,2026-07-15T06:00:00.000Z,BULL,SHORT,0,7.875,IGNORE,0,WATCH,,0,0,0,NA,NA,NA,NA,NA,CLEAR,1,0,0,0,0,TREND_REVERSAL_UNCONFIRMED,0,0.45,SHORT,1,0,0,0
BTCUSDT,1784098800000,2026-07-15T07:00:00.000Z,BULL,SHORT,25,13.5,IGNORE,0,WATCH,,0,0,0,NA,NA,NA,NA,NA,WARNING_SOFT,1,0,0,0,0,TREND_REVERSAL_UNCONFIRMED,1,0.45,SHORT,1,0,0,0
BTCUSDT,1784102400000,2026-07-15T08:00:00.000Z,BULL,SHORT,0,7.875,IGNORE,0,WATCH,,0,0,0,NA,NA,NA,NA,NA,WARNING_SOFT,1,0,0,0,0,TREND_REVERSAL_UNCONFIRMED,0,0.45,SHORT,1,0,0,0
BTCUSDT,1784106000000,2026-07-15T09:00:00.000Z,BULL,SHORT,0,7.875,IGNORE,0,WATCH,,0,0,0,NA,NA,NA,NA,NA,CLEAR,1,0,0,0,0,TREND_REVERSAL_UNCONFIRMED,0,0.45,SHORT,1,0,0,0
BTCUSDT,1784109600000,2026-07-15T10:00:00.000Z,BULL,SHORT,0,7.875,IGNORE,0,WATCH,,0,0,0,NA,NA,NA,NA,NA,WARNING_SOFT,1,0,0,0,0,TREND_REVERSAL_UNCONFIRMED,0,0.45,SHORT,1,0,0,0
BTCUSDT,1784113200000,2026-07-15T11:00:00.000Z,BULL,SHORT,0,7.875,IGNORE,0,WATCH,,0,0,0,NA,NA,NA,NA,NA,WARNING_SOFT,1,0,0,0,0,TREND_REVERSAL_UNCONFIRMED,0,0.45,SHORT,1,0,0,0
BTCUSDT,1784116800000,2026-07-15T12:00:00.000Z,BULL,SHORT,25,13.5,IGNORE,0,WATCH,,0,0,0,NA,NA,NA,NA,NA,CLEAR,1,1,0,0,0,TREND_REVERSAL_UNCONFIRMED,1,0.45,SHORT,1,0,0,0
BTCUSDT,1784120400000,2026-07-15T13:00:00.000Z,BULL,SHORT,25,13.5,IGNORE,0,WATCH,,0,0,0,NA,NA,NA,NA,NA,CLEAR,1,0,0,0,0,TREND_REVERSAL_UNCONFIRMED,1,0.45,SHORT,1,0,0,0
BTCUSDT,1784124000000,2026-07-15T14:00:00.000Z,BULL,SHORT,25,13.5,IGNORE,0,WATCH,,0,0,0,NA,NA,NA,NA,NA,CLEAR,1,1,0,0,0,TREND_REVERSAL_UNCONFIRMED,1,0.45,SHORT,1,0,0,0
BTCUSDT,1784127600000,2026-07-15T15:00:00.000Z,BULL,SHORT,15.161681270873215,12.725232400081266,IGNORE,0,WATCH,,0,0,0,NA,NA,NA,NA,NA,CLEAR,1,0,0,0,0,TREND_REVERSAL_UNCONFIRMED,1,0.45,SHORT,1,0,0,0
BTCUSDT,1784131200000,2026-07-15T16:00:00.000Z,BULL,SHORT,25,13.5,IGNORE,0,WATCH,,0,0,0,NA,NA,NA,NA,NA,CLEAR,1,0,0,0,0,TREND_REVERSAL_UNCONFIRMED,1,0.45,SHORT,1,0,0,0
BTCUSDT,1784134800000,2026-07-15T17:00:00.000Z,BULL,SHORT,15.328390181139444,12.738360726764732,IGNORE,0,WATCH,,0,0,0,NA,NA,NA,NA,NA,CLEAR,1,0,0,0,0,TREND_REVERSAL_UNCONFIRMED,1,0.45,SHORT,1,0,0,0
BTCUSDT,1784138400000,2026-07-15T18:00:00.000Z,BULL,SHORT,25,13.5,IGNORE,0,WATCH,,0,0,0,NA,NA,NA,NA,NA,CLEAR,1,0,0,0,0,TREND_REVERSAL_UNCONFIRMED,1,0.45,SHORT,1,0,0,0
BTCUSDT,1784142000000,2026-07-15T19:00:00.000Z,BULL,SHORT,0,7.875,IGNORE,0,WATCH,,0,0,0,NA,NA,NA,NA,NA,WARNING_SOFT,1,0,0,0,0,TREND_REVERSAL_UNCONFIRMED,0,0.45,SHORT,1,0,0,0
BTCUSDT,1784145600000,2026-07-15T20:00:00.000Z,BULL,SHORT,0,7.875,IGNORE,0,WATCH,,0,0,0,NA,NA,NA,NA,NA,WARNING_SOFT,1,0,0,0,0,TREND_REVERSAL_UNCONFIRMED,0,0.45,SHORT,1,0,0,0
BTCUSDT,1784149200000,2026-07-15T21:00:00.000Z,NEUTRAL,NONE,0,7.875,IGNORE,0,WATCH,,0,0,0,NA,NA,NA,NA,NA,WARNING_SOFT,1,0,0,0,0,TREND_REVERSAL_UNCONFIRMED,0,0.45,NONE,1,0,0,0
BTCUSDT,1784152800000,2026-07-15T22:00:00.000Z,BULL,SHORT,0,7.875,IGNORE,0,WATCH,,0,0,0,NA,NA,NA,NA,NA,WARNING_SOFT,1,0,0,0,0,TREND_REVERSAL_UNCONFIRMED,0,0.45,SHORT,1,0,0,0
BTCUSDT,1784156400000,2026-07-15T23:00:00.000Z,NEUTRAL,NONE,0,7.875,IGNORE,0,WATCH,,0,0,0,NA,NA,NA,NA,NA,WARNING_SOFT,1,0,0,0,0,TREND_REVERSAL_UNCONFIRMED,0,0.45,NONE,1,0,0,0
BTCUSDT,1784160000000,2026-07-16T00:00:00.000Z,NEUTRAL,NONE,0,7.875,IGNORE,0,WATCH,,0,0,0,NA,NA,NA,NA,NA,WARNING_SOFT,1,0,0,0,0,TREND_REVERSAL_UNCONFIRMED,0,0.45,NONE,1,0,0,0
BTCUSDT,1784163600000,2026-07-16T01:00:00.000Z,NEUTRAL,NONE,0,7.875,IGNORE,0,WATCH,,0,0,0,NA,NA,NA,NA,NA,WARNING_SOFT,1,0,0,0,0,TREND_REVERSAL_UNCONFIRMED,0,0.45,NONE,1,0,0,0
BTCUSDT,1784167200000,2026-07-16T02:00:00.000Z,NEUTRAL,NONE,0,7.875,IGNORE,0,WATCH,,0,0,0,NA,NA,NA,NA,NA,WARNING_SOFT,1,0,0,0,0,TREND_REVERSAL_UNCONFIRMED,0,0.45,NONE,1,0,0,0
BTCUSDT,1784170800000,2026-07-16T03:00:00.000Z,NEUTRAL,NONE,0,7.875,IGNORE,0,WATCH,,0,0,0,NA,NA,NA,NA,NA,WARNING_SOFT,1,0,0,0,0,TREND_REVERSAL_UNCONFIRMED,0,0.45,NONE,1,0,0,0
BTCUSDT,1784174400000,2026-07-16T04:00:00.000Z,NEUTRAL,NONE,0,7.875,IGNORE,0,WATCH,,0,0,0,NA,NA,NA,NA,NA,WARNING_SOFT,1,0,0,0,0,TREND_REVERSAL_UNCONFIRMED,0,0.45,NONE,1,0,0,0
BTCUSDT,1784178000000,2026-07-16T05:00:00.000Z,BULL,SHORT,0,7.875,IGNORE,0,WATCH,,0,0,0,NA,NA,NA,NA,NA,WARNING_SOFT,1,0,0,0,0,TREND_REVERSAL_UNCONFIRMED,0,0.45,SHORT,1,0,0,0
BTCUSDT,1784181600000,2026-07-16T06:00:00.000Z,NEUTRAL,NONE,0,7.875,IGNORE,0,WATCH,,0,0,0,NA,NA,NA,NA,NA,WARNING_SOFT,1,0,0,0,0,TREND_REVERSAL_UNCONFIRMED,0,0.45,NONE,1,0,0,0
BTCUSDT,1784185200000,2026-07-16T07:00:00.000Z,NEUTRAL,NONE,0,7.875,IGNORE,0,WATCH,,0,0,0,NA,NA,NA,NA,NA,BLOCK,0,0,0,0,0,TREND_REVERSAL_UNCONFIRMED,0,0.45,NONE,1,0,0,0
BTCUSDT,1784188800000,2026-07-16T08:00:00.000Z,NEUTRAL,NONE,0,7.875,IGNORE,0,WATCH,,0,0,0,NA,NA,NA,NA,NA,BLOCK,0,0,1,0,0,TREND_REVERSAL_UNCONFIRMED,0,0.45,NONE,1,0,0,0
BTCUSDT,1784192400000,2026-07-16T09:00:00.000Z,NEUTRAL,NONE,0,7.875,IGNORE,0,WATCH,,0,0,0,NA,NA,NA,NA,NA,WARNING_SOFT,1,0,0,0,0,TREND_REVERSAL_UNCONFIRMED,0,0.45,NONE,1,0,0,0
BTCUSDT,1784196000000,2026-07-16T10:00:00.000Z,NEUTRAL,NONE,0,7.875,IGNORE,0,WATCH,,0,0,0,NA,NA,NA,NA,NA,WARNING_SOFT,1,0,0,0,0,TREND_REVERSAL_UNCONFIRMED,0,0.45,NONE,1,0,0,0
BTCUSDT,1784199600000,2026-07-16T11:00:00.000Z,NEUTRAL,NONE,0,7.875,IGNORE,0,WATCH,,0,0,0,NA,NA,NA,NA,NA,WARNING_SOFT,1,0,0,0,0,TREND_REVERSAL_UNCONFIRMED,0,0.45,NONE,1,0,0,0
BTCUSDT,1784203200000,2026-07-16T12:00:00.000Z,NEUTRAL,NONE,0,7.875,IGNORE,0,WATCH,,0,0,0,NA,NA,NA,NA,NA,WARNING_SOFT,1,0,0,0,0,TREND_REVERSAL_UNCONFIRMED,0,0.45,NONE,1,0,0,0
BTCUSDT,1784206800000,2026-07-16T13:00:00.000Z,NEUTRAL,NONE,0,7.875,IGNORE,0,WATCH,,0,0,0,NA,NA,NA,NA,NA,BLOCK,0,0,0,0,0,TREND_REVERSAL_UNCONFIRMED,0,0.45,NONE,1,0,0,0
BTCUSDT,1784210400000,2026-07-16T14:00:00.000Z,BULL,SHORT,42.5,18.534375,IGNORE,0,WATCH,,0,0,0,NA,NA,NA,NA,NA,CLEAR,1,0,0,0,0,TREND_REVERSAL_UNCONFIRMED,2,0.45,SHORT,1,0,0,0
BTCUSDT,1784214000000,2026-07-16T15:00:00.000Z,BULL,SHORT,36.22752227688492,18.040417379304685,IGNORE,0,WATCH,,0,0,0,NA,NA,NA,NA,NA,CLEAR,1,1,0,0,0,TREND_REVERSAL_UNCONFIRMED,2,0.45,SHORT,1,0,0,0
BTCUSDT,1784217600000,2026-07-16T16:00:00.000Z,NEUTRAL,NONE,0,7.875,IGNORE,0,WATCH,,0,0,0,NA,NA,NA,NA,NA,WARNING_SOFT,1,0,0,0,0,TREND_REVERSAL_UNCONFIRMED,0,0.45,NONE,1,0,0,0
BTCUSDT,1784221200000,2026-07-16T17:00:00.000Z,NEUTRAL,NONE,0,7.875,IGNORE,0,WATCH,,0,0,0,NA,NA,NA,NA,NA,WARNING_SOFT,1,0,0,0,0,TREND_REVERSAL_UNCONFIRMED,0,0.45,NONE,1,0,0,0
BTCUSDT,1784224800000,2026-07-16T18:00:00.000Z,NEUTRAL,NONE,0,7.875,IGNORE,0,WATCH,,0,0,0,NA,NA,NA,NA,NA,WARNING_SOFT,1,0,0,0,0,TREND_REVERSAL_UNCONFIRMED,0,0.45,NONE,1,0,0,0
BTCUSDT,1784228400000,2026-07-16T19:00:00.000Z,NEUTRAL,NONE,0,7.875,IGNORE,0,WATCH,,0,0,0,NA,NA,NA,NA,NA,WARNING_SOFT,1,0,0,0,0,TREND_REVERSAL_UNCONFIRMED,0,0.45,NONE,1,0,0,0
BTCUSDT,1784232000000,2026-07-16T20:00:00.000Z,NEUTRAL,NONE,0,7.875,IGNORE,0,WATCH,,0,0,0,NA,NA,NA,NA,NA,WARNING_SOFT,1,0,0,0,0,TREND_REVERSAL_UNCONFIRMED,0,0.45,NONE,1,0,0,0
BTCUSDT,1784235600000,2026-07-16T21:00:00.000Z,BEAR,LONG,17.5,12.909375,IGNORE,0,WATCH,,0,0,0,NA,NA,NA,NA,NA,CLEAR,1,0,0,0,0,TREND_REVERSAL_UNCONFIRMED,1,0.45,LONG,1,0,0,0
BTCUSDT,1784239200000,2026-07-16T22:00:00.000Z,BEAR,LONG,17.5,12.909375,IGNORE,0,WATCH,,0,0,0,NA,NA,NA,NA,NA,CLEAR,1,0,0,0,0,TREND_REVERSAL_UNCONFIRMED,1,0.45,LONG,1,0,0,0
BTCUSDT,1784242800000,2026-07-16T23:00:00.000Z,BEAR,LONG,17.5,12.909375,IGNORE,0,WATCH,,0,0,0,NA,NA,NA,NA,NA,CLEAR,1,0,0,0,0,TREND_REVERSAL_UNCONFIRMED,1,0.45,LONG,1,0,0,0
BTCUSDT,1784246400000,2026-07-17T00:00:00.000Z,BEAR,LONG,17.5,12.909375,IGNORE,0,WATCH,,0,0,0,NA,NA,NA,NA,NA,CLEAR,1,0,0,0,0,TREND_REVERSAL_UNCONFIRMED,1,0.45,LONG,1,0,0,0
BTCUSDT,1784250000000,2026-07-17T01:00:00.000Z,BEAR,LONG,33.10997749027495,17.794910727359152,IGNORE,0,WATCH,,0,0,0,NA,NA,NA,NA,NA,CLEAR,1,0,0,0,0,TREND_REVERSAL_UNCONFIRMED,2,0.45,LONG,1,0,0,0
BTCUSDT,1784253600000,2026-07-17T02:00:00.000Z,BEAR,LONG,17.5,12.909375,IGNORE,0,WATCH,,0,0,0,NA,NA,NA,NA,NA,CLEAR,1,0,0,0,0,TREND_REVERSAL_UNCONFIRMED,1,0.45,LONG,1,0,0,0
BTCUSDT,1784257200000,2026-07-17T03:00:00.000Z,BEAR,LONG,42.5,18.534375,IGNORE,0,WATCH,,0,0,0,NA,NA,NA,NA,NA,CLEAR,1,0,0,0,0,TREND_REVERSAL_UNCONFIRMED,2,0.45,LONG,1,0,0,0
BTCUSDT,1784260800000,2026-07-17T04:00:00.000Z,BEAR,LONG,17.5,12.909375,IGNORE,0,WATCH,,0,0,0,NA,NA,NA,NA,NA,CLEAR,1,0,0,0,0,TREND_REVERSAL_UNCONFIRMED,1,0.45,LONG,1,0,0,0
BTCUSDT,1784264400000,2026-07-17T05:00:00.000Z,BEAR,LONG,42.5,18.534375,IGNORE,0,WATCH,,0,0,0,NA,NA,NA,NA,NA,CLEAR,1,0,0,0,0,TREND_REVERSAL_UNCONFIRMED,2,0.45,LONG,1,0,0,0
BTCUSDT,1784268000000,2026-07-17T06:00:00.000Z,BEAR,LONG,39.23122661852841,18.276959096209115,IGNORE,0,WATCH,,0,0,0,NA,NA,NA,NA,NA,CLEAR,1,0,0,0,0,TREND_REVERSAL_UNCONFIRMED,2,0.45,LONG,1,0,0,0
BTCUSDT,1784271600000,2026-07-17T07:00:00.000Z,BEAR,LONG,32.08333333333333,17.714062499999997,IGNORE,0,WATCH,,0,0,0,NA,NA,NA,NA,NA,CLEAR,1,0,0,0,0,TREND_REVERSAL_UNCONFIRMED,2,0.45,LONG,1,0,0,0
BTCUSDT,1784275200000,2026-07-17T08:00:00.000Z,BEAR,LONG,17.5,12.909375,IGNORE,0,WATCH,,0,0,0,NA,NA,NA,NA,NA,CLEAR,1,0,0,0,0,TREND_REVERSAL_UNCONFIRMED,1,0.45,LONG,1,0,0,0
BTCUSDT,1784278800000,2026-07-17T09:00:00.000Z,BEAR,LONG,17.5,12.909375,IGNORE,0,WATCH,,0,0,0,NA,NA,NA,NA,NA,CLEAR,1,0,0,0,0,TREND_REVERSAL_UNCONFIRMED,1,0.45,LONG,1,0,0,0
BTCUSDT,1784282400000,2026-07-17T10:00:00.000Z,BEAR,LONG,17.5,12.909375,IGNORE,0,WATCH,,0,0,0,NA,NA,NA,NA,NA,CLEAR,1,0,0,0,0,TREND_REVERSAL_UNCONFIRMED,1,0.45,LONG,1,0,0,0
BTCUSDT,1784286000000,2026-07-17T11:00:00.000Z,BEAR,LONG,0,7.875,IGNORE,0,WATCH,,0,0,0,NA,NA,NA,NA,NA,CLEAR,1,0,0,0,0,TREND_REVERSAL_UNCONFIRMED,0,0.45,LONG,1,0,0,0
BTCUSDT,1784289600000,2026-07-17T12:00:00.000Z,BEAR,LONG,0,7.875,IGNORE,0,WATCH,,0,0,0,NA,NA,NA,NA,NA,CLEAR,1,0,0,0,0,TREND_REVERSAL_UNCONFIRMED,0,0.45,LONG,1,0,0,0
BTCUSDT,1784293200000,2026-07-17T13:00:00.000Z,BEAR,LONG,25,13.5,IGNORE,0,WATCH,,0,0,0,NA,NA,NA,NA,NA,CLEAR,1,0,0,0,0,TREND_REVERSAL_UNCONFIRMED,1,0.45,LONG,1,0,0,0
BTCUSDT,1784296800000,2026-07-17T14:00:00.000Z,BEAR,LONG,23.04927739330813,13.346380594723016,IGNORE,0,WATCH,,0,0,0,NA,NA,NA,NA,NA,WARNING_SOFT,1,0,0,0,0,TREND_REVERSAL_UNCONFIRMED,1,0.45,LONG,1,0,0,0
BTCUSDT,1784300400000,2026-07-17T15:00:00.000Z,NEUTRAL,NONE,0,7.875,IGNORE,0,WATCH,,0,0,0,NA,NA,NA,NA,NA,CLEAR,1,0,0,0,0,TREND_REVERSAL_UNCONFIRMED,0,0.45,NONE,1,0,0,0
BTCUSDT,1784304000000,2026-07-17T16:00:00.000Z,NEUTRAL,NONE,0,7.875,IGNORE,0,WATCH,,0,0,0,NA,NA,NA,NA,NA,CLEAR,1,0,0,0,0,TREND_REVERSAL_UNCONFIRMED,0,0.45,NONE,1,0,0,0
BTCUSDT,1784307600000,2026-07-17T17:00:00.000Z,NEUTRAL,NONE,0,7.875,IGNORE,0,WATCH,,0,0,0,NA,NA,NA,NA,NA,CLEAR,1,0,0,0,0,TREND_REVERSAL_UNCONFIRMED,0,0.45,NONE,1,0,0,0
BTCUSDT,1784311200000,2026-07-17T18:00:00.000Z,NEUTRAL,NONE,0,7.875,IGNORE,0,WATCH,,0,0,0,NA,NA,NA,NA,NA,CLEAR,1,0,0,0,0,TREND_REVERSAL_UNCONFIRMED,0,0.45,NONE,1,0,0,0
BTCUSDT,1784314800000,2026-07-17T19:00:00.000Z,NEUTRAL,NONE,0,7.875,IGNORE,0,WATCH,,0,0,0,NA,NA,NA,NA,NA,CLEAR,1,0,0,0,0,TREND_REVERSAL_UNCONFIRMED,0,0.45,NONE,1,0,0,0
BTCUSDT,1784318400000,2026-07-17T20:00:00.000Z,NEUTRAL,NONE,0,7.875,IGNORE,0,WATCH,,0,0,0,NA,NA,NA,NA,NA,CLEAR,1,0,0,0,0,TREND_REVERSAL_UNCONFIRMED,0,0.45,NONE,1,0,0,0
BTCUSDT,1784322000000,2026-07-17T21:00:00.000Z,NEUTRAL,NONE,0,7.875,IGNORE,0,WATCH,,0,0,0,NA,NA,NA,NA,NA,CLEAR,1,0,0,0,0,TREND_REVERSAL_UNCONFIRMED,0,0.45,NONE,1,0,0,0
BTCUSDT,1784325600000,2026-07-17T22:00:00.000Z,NEUTRAL,NONE,0,7.875,IGNORE,0,WATCH,,0,0,0,NA,NA,NA,NA,NA,CLEAR,1,0,0,0,0,TREND_REVERSAL_UNCONFIRMED,0,0.45,NONE,1,0,0,0
BTCUSDT,1784329200000,2026-07-17T23:00:00.000Z,NEUTRAL,NONE,0,7.875,IGNORE,0,WATCH,,0,0,0,NA,NA,NA,NA,NA,CLEAR,1,0,0,0,0,TREND_REVERSAL_UNCONFIRMED,0,0.45,NONE,1,0,0,0
BTCUSDT,1784332800000,2026-07-18T00:00:00.000Z,NEUTRAL,NONE,0,7.875,IGNORE,0,WATCH,,0,0,0,NA,NA,NA,NA,NA,CLEAR,1,0,0,0,0,TREND_REVERSAL_UNCONFIRMED,0,0.45,NONE,1,0,0,0
BTCUSDT,1784336400000,2026-07-18T01:00:00.000Z,NEUTRAL,NONE,0,7.875,IGNORE,0,WATCH,,0,0,0,NA,NA,NA,NA,NA,CLEAR,1,0,0,0,0,TREND_REVERSAL_UNCONFIRMED,0,0.45,NONE,1,0,0,0
BTCUSDT,1784340000000,2026-07-18T02:00:00.000Z,NEUTRAL,NONE,0,7.875,IGNORE,0,WATCH,,0,0,0,NA,NA,NA,NA,NA,CLEAR,1,0,0,0,0,TREND_REVERSAL_UNCONFIRMED,0,0.45,NONE,1,0,0,0
BTCUSDT,1784343600000,2026-07-18T03:00:00.000Z,NEUTRAL,NONE,0,7.875,IGNORE,0,WATCH,,0,0,0,NA,NA,NA,NA,NA,CLEAR,1,0,0,0,0,TREND_REVERSAL_UNCONFIRMED,0,0.45,NONE,1,0,0,0
BTCUSDT,1784347200000,2026-07-18T04:00:00.000Z,NEUTRAL,NONE,0,7.875,IGNORE,0,WATCH,,0,0,0,NA,NA,NA,NA,NA,CLEAR,1,0,0,0,0,TREND_REVERSAL_UNCONFIRMED,0,0.45,NONE,1,0,0,0
BTCUSDT,1784350800000,2026-07-18T05:00:00.000Z,NEUTRAL,NONE,0,7.875,IGNORE,0,WATCH,,0,0,0,NA,NA,NA,NA,NA,CLEAR,1,0,0,0,0,TREND_REVERSAL_UNCONFIRMED,0,0.45,NONE,1,0,0,0
BTCUSDT,1784354400000,2026-07-18T06:00:00.000Z,NEUTRAL,NONE,0,7.875,IGNORE,0,WATCH,,0,0,0,NA,NA,NA,NA,NA,CLEAR,1,0,0,0,0,TREND_REVERSAL_UNCONFIRMED,0,0.45,NONE,1,0,0,0
BTCUSDT,1784358000000,2026-07-18T07:00:00.000Z,NEUTRAL,NONE,0,7.875,IGNORE,0,WATCH,,0,0,0,NA,NA,NA,NA,NA,CLEAR,1,0,0,0,0,TREND_REVERSAL_UNCONFIRMED,0,0.45,NONE,1,0,0,0
BTCUSDT,1784361600000,2026-07-18T08:00:00.000Z,NEUTRAL,NONE,0,7.875,IGNORE,0,WATCH,,0,0,0,NA,NA,NA,NA,NA,CLEAR,1,0,0,0,0,TREND_REVERSAL_UNCONFIRMED,0,0.45,NONE,1,0,0,0
BTCUSDT,1784365200000,2026-07-18T09:00:00.000Z,NEUTRAL,NONE,0,7.875,IGNORE,0,WATCH,,0,0,0,NA,NA,NA,NA,NA,WARNING_SOFT,1,0,0,0,0,TREND_REVERSAL_UNCONFIRMED,0,0.45,NONE,1,0,0,0
BTCUSDT,1784368800000,2026-07-18T10:00:00.000Z,BULL,SHORT,17.5,12.909375,IGNORE,0,WATCH,,0,0,0,NA,NA,NA,NA,NA,CLEAR,1,0,0,0,0,TREND_REVERSAL_UNCONFIRMED,1,0.45,SHORT,1,0,0,0
BTCUSDT,1784372400000,2026-07-18T11:00:00.000Z,BULL,SHORT,17.5,12.909375,IGNORE,0,WATCH,,0,0,0,NA,NA,NA,NA,NA,CLEAR,1,0,0,0,0,TREND_REVERSAL_UNCONFIRMED,1,0.45,SHORT,1,0,0,0
BTCUSDT,1784376000000,2026-07-18T12:00:00.000Z,BULL,SHORT,31.43757247598991,17.663208832484205,IGNORE,0,WATCH,,0,0,0,NA,NA,NA,NA,NA,CLEAR,1,0,0,0,0,TREND_REVERSAL_UNCONFIRMED,2,0.45,SHORT,1,0,0,0
BTCUSDT,1784379600000,2026-07-18T13:00:00.000Z,BULL,SHORT,55.63012151785432,52.17262786312458,WATCH,1,WATCH,ACTIVE,1,1,0,PASS,PASS,SKIP,SKIP,FAIL,CLEAR,1,0,0,0,0,MARKET_CONTEXT_DENIED,3,0.84,SHORT,0,1,0,0
BTCUSDT,1784383200000,2026-07-18T14:00:00.000Z,BULL,SHORT,17.5,12.909375,IGNORE,0,WATCH,,0,0,0,NA,NA,NA,NA,NA,CLEAR,1,0,0,0,0,TREND_REVERSAL_UNCONFIRMED,1,0.45,SHORT,1,0,0,0
BTCUSDT,1784386800000,2026-07-18T15:00:00.000Z,BULL,SHORT,0,7.875,IGNORE,0,WATCH,,0,0,0,NA,NA,NA,NA,NA,CLEAR,1,0,0,0,0,TREND_REVERSAL_UNCONFIRMED,0,0.45,SHORT,1,0,0,0
BTCUSDT,1784390400000,2026-07-18T16:00:00.000Z,BULL,SHORT,25,13.5,IGNORE,0,WATCH,,0,0,0,NA,NA,NA,NA,NA,CLEAR,1,0,0,0,0,TREND_REVERSAL_UNCONFIRMED,1,0.45,SHORT,1,0,0,0
BTCUSDT,1784394000000,2026-07-18T17:00:00.000Z,BULL,SHORT,25,13.5,IGNORE,0,WATCH,,0,0,0,NA,NA,NA,NA,NA,CLEAR,1,1,0,0,0,TREND_REVERSAL_UNCONFIRMED,1,0.45,SHORT,1,0,0,0
BTCUSDT,1784397600000,2026-07-18T18:00:00.000Z,BULL,SHORT,25,13.5,IGNORE,0,WATCH,,0,0,0,NA,NA,NA,NA,NA,CLEAR,1,1,0,0,0,TREND_REVERSAL_UNCONFIRMED,1,0.45,SHORT,1,0,0,0
BTCUSDT,1784401200000,2026-07-18T19:00:00.000Z,BULL,SHORT,25,13.5,IGNORE,0,WATCH,,0,0,0,NA,NA,NA,NA,NA,CLEAR,1,0,0,0,0,TREND_REVERSAL_UNCONFIRMED,1,0.45,SHORT,1,0,0,0
BTCUSDT,1784404800000,2026-07-18T20:00:00.000Z,BULL,SHORT,34.51464775716234,17.905528510876533,IGNORE,0,WATCH,,0,0,0,NA,NA,NA,NA,NA,CLEAR,1,0,0,0,0,TREND_REVERSAL_UNCONFIRMED,2,0.45,SHORT,1,0,0,0
BTCUSDT,1784408400000,2026-07-18T21:00:00.000Z,BULL,SHORT,32.541248986495994,17.75012335768656,IGNORE,0,WATCH,,0,0,0,NA,NA,NA,NA,NA,CLEAR,1,0,0,0,0,TREND_REVERSAL_UNCONFIRMED,2,0.45,SHORT,1,0,0,0
BTCUSDT,1784412000000,2026-07-18T22:00:00.000Z,BULL,SHORT,16.319444444444443,12.81640625,IGNORE,0,WATCH,,0,0,0,NA,NA,NA,NA,NA,CLEAR,1,0,0,0,0,TREND_REVERSAL_UNCONFIRMED,1,0.45,SHORT,1,0,0,0
BTCUSDT,1784415600000,2026-07-18T23:00:00.000Z,BULL,SHORT,16.319444444444443,12.81640625,IGNORE,0,WATCH,,0,0,0,NA,NA,NA,NA,NA,CLEAR,1,0,0,0,0,TREND_REVERSAL_UNCONFIRMED,1,0.45,SHORT,1,0,0,0
BTCUSDT,1784419200000,2026-07-19T00:00:00.000Z,BULL,SHORT,13.987388472687146,12.632756842224113,IGNORE,0,WATCH,,0,0,0,NA,NA,NA,NA,NA,CLEAR,1,0,0,0,0,TREND_REVERSAL_UNCONFIRMED,1,0.45,SHORT,1,0,0,0
BTCUSDT,1784422800000,2026-07-19T01:00:00.000Z,BULL,SHORT,12.728762403218292,12.533640039253442,IGNORE,0,WATCH,,0,0,0,NA,NA,NA,NA,NA,CLEAR,1,0,0,0,0,TREND_REVERSAL_UNCONFIRMED,1,0.45,SHORT,1,0,0,0
BTCUSDT,1784426400000,2026-07-19T02:00:00.000Z,BULL,SHORT,37.84722222222222,18.16796875,IGNORE,0,WATCH,,0,0,0,NA,NA,NA,NA,NA,CLEAR,1,0,0,0,0,TREND_REVERSAL_UNCONFIRMED,2,0.45,SHORT,1,0,0,0
BTCUSDT,1784430000000,2026-07-19T03:00:00.000Z,BULL,SHORT,0,7.875,IGNORE,0,WATCH,,0,0,0,NA,NA,NA,NA,NA,CLEAR,1,0,0,0,0,TREND_REVERSAL_UNCONFIRMED,0,0.45,SHORT,1,0,0,0
BTCUSDT,1784433600000,2026-07-19T04:00:00.000Z,BULL,SHORT,0,7.875,IGNORE,0,WATCH,,0,0,0,NA,NA,NA,NA,NA,CLEAR,1,0,0,0,0,TREND_REVERSAL_UNCONFIRMED,0,0.45,SHORT,1,0,0,0
BTCUSDT,1784437200000,2026-07-19T05:00:00.000Z,BULL,SHORT,0,7.875,IGNORE,0,WATCH,,0,0,0,NA,NA,NA,NA,NA,CLEAR,1,0,0,0,0,TREND_REVERSAL_UNCONFIRMED,0,0.45,SHORT,1,0,0,0
BTCUSDT,1784440800000,2026-07-19T06:00:00.000Z,BULL,SHORT,0,7.875,IGNORE,0,WATCH,,0,0,0,NA,NA,NA,NA,NA,CLEAR,1,0,0,0,0,TREND_REVERSAL_UNCONFIRMED,0,0.45,SHORT,1,0,0,0
BTCUSDT,1784444400000,2026-07-19T07:00:00.000Z,BULL,SHORT,0,7.875,IGNORE,0,WATCH,,0,0,0,NA,NA,NA,NA,NA,CLEAR,1,0,0,0,0,TREND_REVERSAL_UNCONFIRMED,0,0.45,SHORT,1,0,0,0
BTCUSDT,1784448000000,2026-07-19T08:00:00.000Z,BULL,SHORT,0,7.875,IGNORE,0,WATCH,,0,0,0,NA,NA,NA,NA,NA,WARNING_SOFT,1,0,0,0,0,TREND_REVERSAL_UNCONFIRMED,0,0.45,SHORT,1,0,0,0
BTCUSDT,1784451600000,2026-07-19T09:00:00.000Z,NEUTRAL,NONE,0,7.875,IGNORE,0,WATCH,,0,0,0,NA,NA,NA,NA,NA,WARNING_SOFT,1,0,0,0,0,TREND_REVERSAL_UNCONFIRMED,0,0.45,NONE,1,0,0,0
BTCUSDT,1784455200000,2026-07-19T10:00:00.000Z,BULL,SHORT,0,7.875,IGNORE,0,WATCH,,0,0,0,NA,NA,NA,NA,NA,WARNING_SOFT,1,0,0,0,0,TREND_REVERSAL_UNCONFIRMED,0,0.45,SHORT,1,0,0,0
BTCUSDT,1784458800000,2026-07-19T11:00:00.000Z,NEUTRAL,NONE,0,7.875,IGNORE,0,WATCH,,0,0,0,NA,NA,NA,NA,NA,BLOCK,0,0,0,0,0,TREND_REVERSAL_UNCONFIRMED,0,0.45,NONE,1,0,0,0
BTCUSDT,1784462400000,2026-07-19T12:00:00.000Z,NEUTRAL,NONE,0,7.875,IGNORE,0,WATCH,,0,0,0,NA,NA,NA,NA,NA,BLOCK,0,0,0,0,0,TREND_REVERSAL_UNCONFIRMED,0,0.45,NONE,1,0,0,0
BTCUSDT,1784466000000,2026-07-19T13:00:00.000Z,NEUTRAL,NONE,0,7.875,IGNORE,0,WATCH,,0,0,0,NA,NA,NA,NA,NA,WARNING_SOFT,1,0,0,0,0,TREND_REVERSAL_UNCONFIRMED,0,0.45,NONE,1,0,0,0
BTCUSDT,1784469600000,2026-07-19T14:00:00.000Z,BULL,SHORT,0,7.875,IGNORE,0,WATCH,,0,0,0,NA,NA,NA,NA,NA,WARNING_SOFT,1,0,0,0,0,TREND_REVERSAL_UNCONFIRMED,0,0.45,SHORT,1,0,0,0
BTCUSDT,1784473200000,2026-07-19T15:00:00.000Z,BULL,SHORT,23.824712499999997,13.407446109375002,IGNORE,0,WATCH,,0,0,0,NA,NA,NA,NA,NA,WARNING_SOFT,1,0,0,0,0,TREND_REVERSAL_UNCONFIRMED,1,0.45,SHORT,1,0,0,0
BTCUSDT,1784476800000,2026-07-19T16:00:00.000Z,NEUTRAL,NONE,0,7.875,IGNORE,0,WATCH,,0,0,0,NA,NA,NA,NA,NA,WARNING_SOFT,1,0,0,0,0,TREND_REVERSAL_UNCONFIRMED,0,0.45,NONE,1,0,0,0
BTCUSDT,1784480400000,2026-07-19T17:00:00.000Z,NEUTRAL,NONE,0,7.875,IGNORE,0,WATCH,,0,0,0,NA,NA,NA,NA,NA,BLOCK,0,0,0,0,0,TREND_REVERSAL_UNCONFIRMED,0,0.45,NONE,1,0,0,0
BTCUSDT,1784484000000,2026-07-19T18:00:00.000Z,NEUTRAL,NONE,0,7.875,IGNORE,0,WATCH,,0,0,0,NA,NA,NA,NA,NA,BLOCK,0,0,0,0,0,TREND_REVERSAL_UNCONFIRMED,0,0.45,NONE,1,0,0,0
BTCUSDT,1784487600000,2026-07-19T19:00:00.000Z,NEUTRAL,NONE,0,7.875,IGNORE,0,WATCH,,0,0,0,NA,NA,NA,NA,NA,WARNING_SOFT,1,0,0,0,0,TREND_REVERSAL_UNCONFIRMED,0,0.45,NONE,1,0,0,0
BTCUSDT,1784491200000,2026-07-19T20:00:00.000Z,BULL,SHORT,17.5,12.909375,IGNORE,0,WATCH,,0,0,0,NA,NA,NA,NA,NA,WARNING_SOFT,1,0,0,0,0,TREND_REVERSAL_UNCONFIRMED,1,0.45,SHORT,1,0,0,0
BTCUSDT,1784494800000,2026-07-19T21:00:00.000Z,NEUTRAL,NONE,0,7.875,IGNORE,0,WATCH,,0,0,0,NA,NA,NA,NA,NA,WARNING_SOFT,1,0,0,0,0,TREND_REVERSAL_UNCONFIRMED,0,0.45,NONE,1,0,0,0
BTCUSDT,1784498400000,2026-07-19T22:00:00.000Z,BULL,SHORT,42.5,18.534375,IGNORE,0,WATCH,,0,0,0,NA,NA,NA,NA,NA,CLEAR,1,0,0,0,0,TREND_REVERSAL_UNCONFIRMED,2,0.45,SHORT,1,0,0,0
BTCUSDT,1784502000000,2026-07-19T23:00:00.000Z,BULL,SHORT,17.5,12.909375,IGNORE,0,WATCH,,0,0,0,NA,NA,NA,NA,NA,CLEAR,1,0,0,0,0,TREND_REVERSAL_UNCONFIRMED,1,0.45,SHORT,1,0,0,0
BTCUSDT,1784505600000,2026-07-20T00:00:00.000Z,NEUTRAL,NONE,0,7.875,IGNORE,0,WATCH,,0,0,0,NA,NA,NA,NA,NA,BLOCK,0,0,0,0,0,TREND_REVERSAL_UNCONFIRMED,0,0.45,NONE,1,0,0,0
BTCUSDT,1784509200000,2026-07-20T01:00:00.000Z,BULL,SHORT,41.021103386358035,18.417911891675693,IGNORE,0,WATCH,,0,0,0,NA,NA,NA,NA,NA,CLEAR,1,0,0,0,0,TREND_REVERSAL_UNCONFIRMED,2,0.45,SHORT,1,0,0,0
BTCUSDT,1784512800000,2026-07-20T02:00:00.000Z,BULL,SHORT,60.38524126842644,43.63163046645868,WATCH,1,WATCH,ACTIVE,1,1,0,FAIL,PASS,SKIP,SKIP,FAIL,CLEAR,1,0,0,0,0,MARKET_CONTEXT_DENIED,3,0.84,SHORT,1,0,0,0
BTCUSDT,1784516400000,2026-07-20T03:00:00.000Z,BULL,SHORT,12.847222222222221,12.54296875,IGNORE,0,WATCH,,0,0,0,NA,NA,NA,NA,NA,CLEAR,1,0,0,0,0,TREND_REVERSAL_UNCONFIRMED,1,0.45,SHORT,1,0,0,0
BTCUSDT,1784520000000,2026-07-20T04:00:00.000Z,NEUTRAL,NONE,0,7.875,IGNORE,0,WATCH,,0,0,0,NA,NA,NA,NA,NA,WARNING_SOFT,1,0,0,0,0,TREND_REVERSAL_UNCONFIRMED,0,0.45,NONE,1,0,0,0
BTCUSDT,1784523600000,2026-07-20T05:00:00.000Z,NEUTRAL,NONE,0,7.875,IGNORE,0,WATCH,,0,0,0,NA,NA,NA,NA,NA,BLOCK,0,0,0,0,0,TREND_REVERSAL_UNCONFIRMED,0,0.45,NONE,1,0,0,0
BTCUSDT,1784527200000,2026-07-20T06:00:00.000Z,NEUTRAL,NONE,0,7.875,IGNORE,0,WATCH,,0,0,0,NA,NA,NA,NA,NA,WARNING_SOFT,1,0,0,0,0,TREND_REVERSAL_UNCONFIRMED,0,0.45,NONE,1,0,0,0
BTCUSDT,1784530800000,2026-07-20T07:00:00.000Z,NEUTRAL,NONE,0,7.875,IGNORE,0,WATCH,,0,0,0,NA,NA,NA,NA,NA,WARNING_SOFT,1,0,0,0,0,TREND_REVERSAL_UNCONFIRMED,0,0.45,NONE,1,0,0,0
BTCUSDT,1784534400000,2026-07-20T08:00:00.000Z,NEUTRAL,NONE,0,7.875,IGNORE,0,WATCH,,0,0,0,NA,NA,NA,NA,NA,WARNING_SOFT,1,0,0,0,0,TREND_REVERSAL_UNCONFIRMED,0,0.45,NONE,1,0,0,0
BTCUSDT,1784538000000,2026-07-20T09:00:00.000Z,NEUTRAL,NONE,0,7.875,IGNORE,0,WATCH,,0,0,0,NA,NA,NA,NA,NA,WARNING_SOFT,1,0,0,0,0,TREND_REVERSAL_UNCONFIRMED,0,0.45,NONE,1,0,0,0
BTCUSDT,1784541600000,2026-07-20T10:00:00.000Z,NEUTRAL,NONE,0,7.875,IGNORE,0,WATCH,,0,0,0,NA,NA,NA,NA,NA,WARNING_SOFT,1,0,0,0,0,TREND_REVERSAL_UNCONFIRMED,0,0.45,NONE,1,0,0,0
BTCUSDT,1784545200000,2026-07-20T11:00:00.000Z,BULL,SHORT,25,13.5,IGNORE,0,WATCH,,0,0,0,NA,NA,NA,NA,NA,WARNING_SOFT,1,0,0,0,0,TREND_REVERSAL_UNCONFIRMED,1,0.45,SHORT,1,0,0,0
BTCUSDT,1784548800000,2026-07-20T12:00:00.000Z,BULL,SHORT,25,13.5,IGNORE,0,WATCH,,0,0,0,NA,NA,NA,NA,NA,CLEAR,1,0,0,0,0,TREND_REVERSAL_UNCONFIRMED,1,0.45,SHORT,1,0,0,0
BTCUSDT,1784552400000,2026-07-20T13:00:00.000Z,NEUTRAL,NONE,0,7.875,IGNORE,0,WATCH,,0,0,0,NA,NA,NA,NA,NA,WARNING_SOFT,1,0,0,0,0,TREND_REVERSAL_UNCONFIRMED,0,0.45,NONE,1,0,0,0
BTCUSDT,1784556000000,2026-07-20T14:00:00.000Z,NEUTRAL,NONE,0,7.875,IGNORE,0,WATCH,,0,0,0,NA,NA,NA,NA,NA,BLOCK,0,0,0,0,0,TREND_REVERSAL_UNCONFIRMED,0,0.45,NONE,1,0,0,0
BTCUSDT,1784559600000,2026-07-20T15:00:00.000Z,BULL,SHORT,42.5,18.534375,IGNORE,0,WATCH,,0,0,0,NA,NA,NA,NA,NA,CLEAR,1,1,0,0,0,TREND_REVERSAL_UNCONFIRMED,2,0.45,SHORT,1,0,0,0
BTCUSDT,1784563200000,2026-07-20T16:00:00.000Z,BULL,SHORT,59.33451203484934,51.877173269122856,WATCH,1,WATCH,ACTIVE,1,1,0,FAIL,PASS,SKIP,SKIP,PASS,CLEAR,1,0,0,0,0,MARKET_CONTEXT_DENIED,3,0.84,SHORT,0,1,0,0
BTCUSDT,1784566800000,2026-07-20T17:00:00.000Z,BULL,SHORT,17.5,12.909375,IGNORE,0,WATCH,,0,0,0,NA,NA,NA,NA,NA,CLEAR,1,0,0,0,0,TREND_REVERSAL_UNCONFIRMED,1,0.45,SHORT,1,0,0,0
BTCUSDT,1784570400000,2026-07-20T18:00:00.000Z,BULL,SHORT,33.08948984204261,17.793297325060855,IGNORE,0,WATCH,,0,0,0,NA,NA,NA,NA,NA,CLEAR,1,0,0,0,0,TREND_REVERSAL_UNCONFIRMED,2,0.45,SHORT,1,0,0,0
BTCUSDT,1784574000000,2026-07-20T19:00:00.000Z,BULL,SHORT,17.5,12.909375,IGNORE,0,WATCH,,0,0,0,NA,NA,NA,NA,NA,CLEAR,1,0,0,0,0,TREND_REVERSAL_UNCONFIRMED,1,0.45,SHORT,1,0,0,0
BTCUSDT,1784577600000,2026-07-20T20:00:00.000Z,BULL,SHORT,17.5,12.909375,IGNORE,0,WATCH,,0,0,0,NA,NA,NA,NA,NA,CLEAR,1,0,0,0,0,TREND_REVERSAL_UNCONFIRMED,1,0.45,SHORT,1,0,0,0
BTCUSDT,1784581200000,2026-07-20T21:00:00.000Z,BULL,SHORT,25,13.5,IGNORE,0,WATCH,,0,0,0,NA,NA,NA,NA,NA,CLEAR,1,0,0,0,0,TREND_REVERSAL_UNCONFIRMED,1,0.45,SHORT,1,0,0,0
BTCUSDT,1784584800000,2026-07-20T22:00:00.000Z,BULL,SHORT,0,7.875,IGNORE,0,WATCH,,0,0,0,NA,NA,NA,NA,NA,CLEAR,1,0,0,0,0,TREND_REVERSAL_UNCONFIRMED,0,0.45,SHORT,1,0,0,0
BTCUSDT,1784588400000,2026-07-20T23:00:00.000Z,BULL,SHORT,0,7.875,IGNORE,0,WATCH,,0,0,0,NA,NA,NA,NA,NA,CLEAR,1,0,0,0,0,TREND_REVERSAL_UNCONFIRMED,0,0.45,SHORT,1,0,0,0
BTCUSDT,1784592000000,2026-07-21T00:00:00.000Z,BULL,SHORT,0,7.875,IGNORE,0,WATCH,,0,0,0,NA,NA,NA,NA,NA,CLEAR,1,0,0,0,0,TREND_REVERSAL_UNCONFIRMED,0,0.45,SHORT,1,0,0,0
BTCUSDT,1784595600000,2026-07-21T01:00:00.000Z,BULL,SHORT,25,13.5,IGNORE,0,WATCH,,0,0,0,NA,NA,NA,NA,NA,CLEAR,1,0,0,0,0,TREND_REVERSAL_UNCONFIRMED,1,0.45,SHORT,1,0,0,0
BTCUSDT,1784599200000,2026-07-21T02:00:00.000Z,BULL,SHORT,0,7.875,IGNORE,0,WATCH,,0,0,0,NA,NA,NA,NA,NA,CLEAR,1,0,0,0,0,TREND_REVERSAL_UNCONFIRMED,0,0.45,SHORT,1,0,0,0
BTCUSDT,1784602800000,2026-07-21T03:00:00.000Z,BULL,SHORT,0,7.875,IGNORE,0,WATCH,,0,0,0,NA,NA,NA,NA,NA,CLEAR,1,0,0,0,0,TREND_REVERSAL_UNCONFIRMED,0,0.45,SHORT,1,0,0,0
BTCUSDT,1784606400000,2026-07-21T04:00:00.000Z,BULL,SHORT,0,7.875,IGNORE,0,WATCH,,0,0,0,NA,NA,NA,NA,NA,CLEAR,1,0,0,0,0,TREND_REVERSAL_UNCONFIRMED,0,0.45,SHORT,1,0,0,0
BTCUSDT,1784610000000,2026-07-21T05:00:00.000Z,BULL,SHORT,0,7.875,IGNORE,0,WATCH,,0,0,0,NA,NA,NA,NA,NA,CLEAR,1,0,0,0,0,TREND_REVERSAL_UNCONFIRMED,0,0.45,SHORT,1,0,0,0
BTCUSDT,1784613600000,2026-07-21T06:00:00.000Z,BULL,SHORT,0,7.875,IGNORE,0,WATCH,,0,0,0,NA,NA,NA,NA,NA,CLEAR,1,0,0,0,0,TREND_REVERSAL_UNCONFIRMED,0,0.45,SHORT,1,0,0,0
BTCUSDT,1784617200000,2026-07-21T07:00:00.000Z,BULL,SHORT,15.771398975377576,12.773247669310985,IGNORE,0,WATCH,,0,0,0,NA,NA,NA,NA,NA,CLEAR,1,0,0,0,0,TREND_REVERSAL_UNCONFIRMED,1,0.45,SHORT,1,0,0,0
BTCUSDT,1784620800000,2026-07-21T08:00:00.000Z,BULL,SHORT,38.57217924201245,18.225059115308483,IGNORE,0,WATCH,,0,0,0,NA,NA,NA,NA,NA,CLEAR,1,0,0,0,0,TREND_REVERSAL_UNCONFIRMED,2,0.45,SHORT,1,0,0,0
BTCUSDT,1784624400000,2026-07-21T09:00:00.000Z,BULL,SHORT,14.930555555555555,12.70703125,IGNORE,0,WATCH,,0,0,0,NA,NA,NA,NA,NA,CLEAR,1,0,0,0,0,TREND_REVERSAL_UNCONFIRMED,1,0.45,SHORT,1,0,0,0
BTCUSDT,1784628000000,2026-07-21T10:00:00.000Z,BULL,SHORT,0,7.875,IGNORE,0,WATCH,,0,0,0,NA,NA,NA,NA,NA,CLEAR,1,0,0,0,0,TREND_REVERSAL_UNCONFIRMED,0,0.45,SHORT,1,0,0,0
BTCUSDT,1784631600000,2026-07-21T11:00:00.000Z,BULL,SHORT,12.847222222222221,12.54296875,IGNORE,0,WATCH,,0,0,0,NA,NA,NA,NA,NA,CLEAR,1,0,0,0,0,TREND_REVERSAL_UNCONFIRMED,1,0.45,SHORT,1,0,0,0
BTCUSDT,1784635200000,2026-07-21T12:00:00.000Z,BULL,SHORT,15.929056519576545,12.785663200916654,IGNORE,0,WATCH,,0,0,0,NA,NA,NA,NA,NA,CLEAR,1,0,0,0,0,TREND_REVERSAL_UNCONFIRMED,1,0.45,SHORT,1,0,0,0
BTCUSDT,1784638800000,2026-07-21T13:00:00.000Z,BULL,SHORT,25,13.5,IGNORE,0,WATCH,,0,0,0,NA,NA,NA,NA,NA,CLEAR,1,0,0,0,0,TREND_REVERSAL_UNCONFIRMED,1,0.45,SHORT,1,0,0,0
BTCUSDT,1784642400000,2026-07-21T14:00:00.000Z,BULL,SHORT,25,13.5,IGNORE,0,WATCH,,0,0,0,NA,NA,NA,NA,NA,CLEAR,1,1,0,0,0,TREND_REVERSAL_UNCONFIRMED,1,0.45,SHORT,1,0,0,0
BTCUSDT,1784646000000,2026-07-21T15:00:00.000Z,BULL,SHORT,25,13.5,IGNORE,0,WATCH,,0,0,0,NA,NA,NA,NA,NA,CLEAR,1,0,0,0,0,TREND_REVERSAL_UNCONFIRMED,1,0.45,SHORT,1,0,0,0
BTCUSDT,1784649600000,2026-07-21T16:00:00.000Z,BULL,SHORT,0,7.875,IGNORE,0,WATCH,,0,0,0,NA,NA,NA,NA,NA,CLEAR,1,0,0,0,0,TREND_REVERSAL_UNCONFIRMED,0,0.45,SHORT,1,0,0,0
BTCUSDT,1784653200000,2026-07-21T17:00:00.000Z,BULL,SHORT,25,13.5,IGNORE,0,WATCH,,0,0,0,NA,NA,NA,NA,NA,CLEAR,1,0,1,1,0,TREND_REVERSAL_UNCONFIRMED,1,0.45,SHORT,1,0,0,0
BTCUSDT,1784656800000,2026-07-21T18:00:00.000Z,BULL,SHORT,0,7.875,IGNORE,0,WATCH,,0,0,0,NA,NA,NA,NA,NA,WARNING_SOFT,1,0,0,0,0,TREND_REVERSAL_UNCONFIRMED,0,0.45,SHORT,1,0,0,0
BTCUSDT,1784660400000,2026-07-21T19:00:00.000Z,BULL,SHORT,0,7.875,IGNORE,0,WATCH,,0,0,0,NA,NA,NA,NA,NA,WARNING_SOFT,1,0,0,0,0,TREND_REVERSAL_UNCONFIRMED,0,0.45,SHORT,1,0,0,0
BTCUSDT,1784664000000,2026-07-21T20:00:00.000Z,BULL,SHORT,19.0958125,13.035045234375,IGNORE,0,WATCH,,0,0,0,NA,NA,NA,NA,NA,CLEAR,1,0,0,0,0,TREND_REVERSAL_UNCONFIRMED,1,0.45,SHORT,1,0,0,0
BTCUSDT,1784667600000,2026-07-21T21:00:00.000Z,BULL,SHORT,0,7.875,IGNORE,0,WATCH,,0,0,0,NA,NA,NA,NA,NA,WARNING_SOFT,1,0,0,0,0,TREND_REVERSAL_UNCONFIRMED,0,0.45,SHORT,1,0,0,0
BTCUSDT,1784671200000,2026-07-21T22:00:00.000Z,BULL,SHORT,0,7.875,IGNORE,0,WATCH,,0,0,0,NA,NA,NA,NA,NA,WARNING_SOFT,1,0,0,0,0,TREND_REVERSAL_UNCONFIRMED,0,0.45,SHORT,1,0,0,0
BTCUSDT,1784674800000,2026-07-21T23:00:00.000Z,BULL,SHORT,0,7.875,IGNORE,0,WATCH,,0,0,0,NA,NA,NA,NA,NA,WARNING_SOFT,1,0,0,0,0,TREND_REVERSAL_UNCONFIRMED,0,0.45,SHORT,1,0,0,0
BTCUSDT,1784678400000,2026-07-22T00:00:00.000Z,BULL,SHORT,0,7.875,IGNORE,0,WATCH,,0,0,0,NA,NA,NA,NA,NA,CLEAR,1,0,0,0,0,TREND_REVERSAL_UNCONFIRMED,0,0.45,SHORT,1,0,0,0
BTCUSDT,1784682000000,2026-07-22T01:00:00.000Z,BULL,SHORT,25,13.5,IGNORE,0,WATCH,,0,0,0,NA,NA,NA,NA,NA,WARNING_SOFT,1,0,0,0,0,TREND_REVERSAL_UNCONFIRMED,1,0.45,SHORT,1,0,0,0
BTCUSDT,1784685600000,2026-07-22T02:00:00.000Z,BULL,SHORT,0,7.875,IGNORE,0,WATCH,,0,0,0,NA,NA,NA,NA,NA,WARNING_SOFT,1,0,0,0,0,TREND_REVERSAL_UNCONFIRMED,0,0.45,SHORT,1,0,0,0
BTCUSDT,1784689200000,2026-07-22T03:00:00.000Z,NEUTRAL,NONE,0,7.875,IGNORE,0,WATCH,,0,0,0,NA,NA,NA,NA,NA,WARNING_SOFT,1,0,0,0,0,TREND_REVERSAL_UNCONFIRMED,0,0.45,NONE,1,0,0,0
BTCUSDT,1784692800000,2026-07-22T04:00:00.000Z,BULL,SHORT,17.5,12.909375,IGNORE,0,WATCH,,0,0,0,NA,NA,NA,NA,NA,WARNING_SOFT,1,0,0,0,0,TREND_REVERSAL_UNCONFIRMED,1,0.45,SHORT,1,0,0,0
BTCUSDT,1784696400000,2026-07-22T05:00:00.000Z,NEUTRAL,NONE,0,7.875,IGNORE,0,WATCH,,0,0,0,NA,NA,NA,NA,NA,BLOCK,0,0,0,0,0,TREND_REVERSAL_UNCONFIRMED,0,0.45,NONE,1,0,0,0
BTCUSDT,1784700000000,2026-07-22T06:00:00.000Z,NEUTRAL,NONE,0,7.875,IGNORE,0,WATCH,,0,0,0,NA,NA,NA,NA,NA,BLOCK,0,0,0,0,0,TREND_REVERSAL_UNCONFIRMED,0,0.45,NONE,1,0,0,0
BTCUSDT,1784703600000,2026-07-22T07:00:00.000Z,NEUTRAL,NONE,0,7.875,IGNORE,0,WATCH,,0,0,0,NA,NA,NA,NA,NA,WARNING_SOFT,1,0,0,0,0,TREND_REVERSAL_UNCONFIRMED,0,0.45,NONE,1,0,0,0
BTCUSDT,1784707200000,2026-07-22T08:00:00.000Z,NEUTRAL,NONE,0,7.875,IGNORE,0,WATCH,,0,0,0,NA,NA,NA,NA,NA,BLOCK,0,0,0,0,0,TREND_REVERSAL_UNCONFIRMED,0,0.45,NONE,1,0,0,0
BTCUSDT,1784710800000,2026-07-22T09:00:00.000Z,NEUTRAL,NONE,0,7.875,IGNORE,0,WATCH,,0,0,0,NA,NA,NA,NA,NA,WARNING_SOFT,1,0,0,0,0,TREND_REVERSAL_UNCONFIRMED,0,0.45,NONE,1,0,0,0
BTCUSDT,1784714400000,2026-07-22T10:00:00.000Z,NEUTRAL,NONE,0,7.875,IGNORE,0,WATCH,,0,0,0,NA,NA,NA,NA,NA,WARNING_SOFT,1,0,0,0,0,TREND_REVERSAL_UNCONFIRMED,0,0.45,NONE,1,0,0,0
BTCUSDT,1784718000000,2026-07-22T11:00:00.000Z,NEUTRAL,NONE,0,7.875,IGNORE,0,WATCH,,0,0,0,NA,NA,NA,NA,NA,WARNING_SOFT,1,0,0,0,0,TREND_REVERSAL_UNCONFIRMED,0,0.45,NONE,1,0,0,0
BTCUSDT,1784721600000,2026-07-22T12:00:00.000Z,NEUTRAL,NONE,0,7.875,IGNORE,0,WATCH,,0,0,0,NA,NA,NA,NA,NA,WARNING_SOFT,1,0,0,0,0,TREND_REVERSAL_UNCONFIRMED,0,0.45,NONE,1,0,0,0
BTCUSDT,1784725200000,2026-07-22T13:00:00.000Z,NEUTRAL,NONE,0,7.875,IGNORE,0,WATCH,,0,0,0,NA,NA,NA,NA,NA,WARNING_SOFT,1,0,0,0,0,TREND_REVERSAL_UNCONFIRMED,0,0.45,NONE,1,0,0,0
BTCUSDT,1784728800000,2026-07-22T14:00:00.000Z,NEUTRAL,NONE,0,7.875,IGNORE,0,WATCH,,0,0,0,NA,NA,NA,NA,NA,BLOCK,0,0,0,0,0,TREND_REVERSAL_UNCONFIRMED,0,0.45,NONE,1,0,0,0
BTCUSDT,1784732400000,2026-07-22T15:00:00.000Z,BULL,SHORT,33.7702914636706,17.846910452764064,IGNORE,0,WATCH,,0,0,0,NA,NA,NA,NA,NA,WARNING_SOFT,1,0,0,0,0,TREND_REVERSAL_UNCONFIRMED,2,0.45,SHORT,1,0,0,0
BTCUSDT,1784736000000,2026-07-22T16:00:00.000Z,BULL,SHORT,35.860810246759755,18.011538806932332,IGNORE,0,WATCH,,0,0,0,NA,NA,NA,NA,NA,CLEAR,1,0,0,0,0,TREND_REVERSAL_UNCONFIRMED,2,0.45,SHORT,1,0,0,0
BTCUSDT,1784739600000,2026-07-22T17:00:00.000Z,NEUTRAL,NONE,0,7.875,IGNORE,0,WATCH,,0,0,0,NA,NA,NA,NA,NA,WARNING_SOFT,1,0,0,0,0,TREND_REVERSAL_UNCONFIRMED,0,0.45,NONE,1,0,0,0
BTCUSDT,1784743200000,2026-07-22T18:00:00.000Z,NEUTRAL,NONE,0,7.875,IGNORE,0,WATCH,,0,0,0,NA,NA,NA,NA,NA,WARNING_SOFT,1,0,0,0,0,TREND_REVERSAL_UNCONFIRMED,0,0.45,NONE,1,0,0,0
BTCUSDT,1784746800000,2026-07-22T19:00:00.000Z,NEUTRAL,NONE,0,7.875,IGNORE,0,WATCH,,0,0,0,NA,NA,NA,NA,NA,WARNING_SOFT,1,0,0,0,0,TREND_REVERSAL_UNCONFIRMED,0,0.45,NONE,1,0,0,0
BTCUSDT,1784750400000,2026-07-22T20:00:00.000Z,NEUTRAL,NONE,0,7.875,IGNORE,0,WATCH,,0,0,0,NA,NA,NA,NA,NA,WARNING_SOFT,1,0,0,0,0,TREND_REVERSAL_UNCONFIRMED,0,0.45,NONE,1,0,0,0
BTCUSDT,1784754000000,2026-07-22T21:00:00.000Z,BULL,SHORT,17.5,12.909375,IGNORE,0,WATCH,,0,0,0,NA,NA,NA,NA,NA,WARNING_SOFT,1,0,0,0,0,TREND_REVERSAL_UNCONFIRMED,1,0.45,SHORT,1,0,0,0
BTCUSDT,1784757600000,2026-07-22T22:00:00.000Z,BULL,SHORT,17.5,12.909375,IGNORE,0,WATCH,,0,0,0,NA,NA,NA,NA,NA,CLEAR,1,0,0,0,0,TREND_REVERSAL_UNCONFIRMED,1,0.45,SHORT,1,0,0,0
BTCUSDT,1784761200000,2026-07-22T23:00:00.000Z,BULL,SHORT,17.5,12.909375,IGNORE,0,WATCH,,0,0,0,NA,NA,NA,NA,NA,WARNING_SOFT,1,0,0,0,0,TREND_REVERSAL_UNCONFIRMED,1,0.45,SHORT,1,0,0,0
BTCUSDT,1784764800000,2026-07-23T00:00:00.000Z,BULL,SHORT,17.5,12.909375,IGNORE,0,WATCH,,0,0,0,NA,NA,NA,NA,NA,CLEAR,1,0,0,0,0,TREND_REVERSAL_UNCONFIRMED,1,0.45,SHORT,1,0,0,0
BTCUSDT,1784768400000,2026-07-23T01:00:00.000Z,NEUTRAL,NONE,0,7.875,IGNORE,0,WATCH,,0,0,0,NA,NA,NA,NA,NA,BLOCK,0,0,0,0,0,TREND_REVERSAL_UNCONFIRMED,0,0.45,NONE,1,0,0,0
BTCUSDT,1784772000000,2026-07-23T02:00:00.000Z,NEUTRAL,NONE,0,7.875,IGNORE,0,WATCH,,0,0,0,NA,NA,NA,NA,NA,WARNING_SOFT,1,0,0,0,0,TREND_REVERSAL_UNCONFIRMED,0,0.45,NONE,1,0,0,0
BTCUSDT,1784775600000,2026-07-23T03:00:00.000Z,NEUTRAL,NONE,0,7.875,IGNORE,0,WATCH,,0,0,0,NA,NA,NA,NA,NA,BLOCK,0,0,0,0,0,TREND_REVERSAL_UNCONFIRMED,0,0.45,NONE,1,0,0,0
BTCUSDT,1784779200000,2026-07-23T04:00:00.000Z,NEUTRAL,NONE,0,7.875,IGNORE,0,WATCH,,0,0,0,NA,NA,NA,NA,NA,WARNING_SOFT,1,0,0,0,0,TREND_REVERSAL_UNCONFIRMED,0,0.45,NONE,1,0,0,0
BTCUSDT,1784782800000,2026-07-23T05:00:00.000Z,NEUTRAL,NONE,0,7.875,IGNORE,0,WATCH,,0,0,0,NA,NA,NA,NA,NA,WARNING_SOFT,1,0,0,0,0,TREND_REVERSAL_UNCONFIRMED,0,0.45,NONE,1,0,0,0
BTCUSDT,1784786400000,2026-07-23T06:00:00.000Z,NEUTRAL,NONE,0,7.875,IGNORE,0,WATCH,,0,0,0,NA,NA,NA,NA,NA,WARNING_SOFT,1,0,0,0,0,TREND_REVERSAL_UNCONFIRMED,0,0.45,NONE,1,0,0,0
BTCUSDT,1784790000000,2026-07-23T07:00:00.000Z,NEUTRAL,NONE,0,7.875,IGNORE,0,WATCH,,0,0,0,NA,NA,NA,NA,NA,BLOCK,0,0,0,0,0,TREND_REVERSAL_UNCONFIRMED,0,0.45,NONE,1,0,0,0
BTCUSDT,1784793600000,2026-07-23T08:00:00.000Z,BEAR,LONG,17.5,12.909375,IGNORE,0,WATCH,,0,0,0,NA,NA,NA,NA,NA,CLEAR,1,0,0,0,0,TREND_REVERSAL_UNCONFIRMED,1,0.45,LONG,1,0,0,0
BTCUSDT,1784797200000,2026-07-23T09:00:00.000Z,BEAR,LONG,17.5,12.909375,IGNORE,0,WATCH,,0,0,0,NA,NA,NA,NA,NA,CLEAR,1,0,0,0,0,TREND_REVERSAL_UNCONFIRMED,1,0.45,LONG,1,0,0,0
BTCUSDT,1784800800000,2026-07-23T10:00:00.000Z,BEAR,LONG,0,7.875,IGNORE,0,WATCH,,0,0,0,NA,NA,NA,NA,NA,WARNING_SOFT,1,0,0,0,0,TREND_REVERSAL_UNCONFIRMED,0,0.45,LONG,1,0,0,0
BTCUSDT,1784804400000,2026-07-23T11:00:00.000Z,BEAR,LONG,0,7.875,IGNORE,0,WATCH,,0,0,0,NA,NA,NA,NA,NA,CLEAR,1,0,0,0,0,TREND_REVERSAL_UNCONFIRMED,0,0.45,LONG,1,0,0,0
BTCUSDT,1784808000000,2026-07-23T12:00:00.000Z,BEAR,LONG,25,13.5,IGNORE,0,WATCH,,0,0,0,NA,NA,NA,NA,NA,CLEAR,1,0,1,0,0,TREND_REVERSAL_UNCONFIRMED,1,0.45,LONG,1,0,0,0
BTCUSDT,1784811600000,2026-07-23T13:00:00.000Z,BEAR,LONG,50,19.125,IGNORE,0,WATCH,,0,0,0,NA,NA,NA,NA,NA,CLEAR,1,0,0,0,0,TREND_REVERSAL_UNCONFIRMED,2,0.45,LONG,1,0,0,0
BTCUSDT,1784815200000,2026-07-23T14:00:00.000Z,BEAR,LONG,25,13.5,IGNORE,0,WATCH,,0,0,0,NA,NA,NA,NA,NA,CLEAR,1,0,0,0,0,TREND_REVERSAL_UNCONFIRMED,1,0.45,LONG,1,0,0,0
BTCUSDT,1784818800000,2026-07-23T15:00:00.000Z,BEAR,LONG,25,13.5,IGNORE,0,WATCH,,0,0,0,NA,NA,NA,NA,NA,CLEAR,1,0,0,0,0,TREND_REVERSAL_UNCONFIRMED,1,0.45,LONG,1,0,0,0
BTCUSDT,1784822400000,2026-07-23T16:00:00.000Z,BEAR,LONG,0,7.875,IGNORE,0,WATCH,,0,0,0,NA,NA,NA,NA,NA,CLEAR,1,0,0,0,0,TREND_REVERSAL_UNCONFIRMED,0,0.45,LONG,1,0,0,0
BTCUSDT,1784826000000,2026-07-23T17:00:00.000Z,BEAR,LONG,0,7.875,IGNORE,0,WATCH,,0,0,0,NA,NA,NA,NA,NA,CLEAR,1,0,0,0,0,TREND_REVERSAL_UNCONFIRMED,0,0.45,LONG,1,0,0,0
BTCUSDT,1784829600000,2026-07-23T18:00:00.000Z,BEAR,LONG,25,13.5,IGNORE,0,WATCH,,0,0,0,NA,NA,NA,NA,NA,CLEAR,1,0,0,0,0,TREND_REVERSAL_UNCONFIRMED,1,0.45,LONG,1,0,0,0
BTCUSDT,1784833200000,2026-07-23T19:00:00.000Z,BEAR,LONG,0,7.875,IGNORE,0,WATCH,,0,0,0,NA,NA,NA,NA,NA,CLEAR,1,0,0,0,0,TREND_REVERSAL_UNCONFIRMED,0,0.45,LONG,1,0,0,0
BTCUSDT,1784836800000,2026-07-23T20:00:00.000Z,BEAR,LONG,0,7.875,IGNORE,0,WATCH,,0,0,0,NA,NA,NA,NA,NA,WARNING_SOFT,1,0,0,0,0,TREND_REVERSAL_UNCONFIRMED,0,0.45,LONG,1,0,0,0
BTCUSDT,1784840400000,2026-07-23T21:00:00.000Z,BEAR,LONG,0,7.875,IGNORE,0,WATCH,,0,0,0,NA,NA,NA,NA,NA,WARNING_SOFT,1,0,0,0,0,TREND_REVERSAL_UNCONFIRMED,0,0.45,LONG,1,0,0,0
BTCUSDT,1784844000000,2026-07-23T22:00:00.000Z,BEAR,LONG,0,7.875,IGNORE,0,WATCH,,0,0,0,NA,NA,NA,NA,NA,WARNING_SOFT,1,0,0,0,0,TREND_REVERSAL_UNCONFIRMED,0,0.45,LONG,1,0,0,0
BTCUSDT,1784847600000,2026-07-23T23:00:00.000Z,BEAR,LONG,0,7.875,IGNORE,0,WATCH,,0,0,0,NA,NA,NA,NA,NA,WARNING_SOFT,1,0,0,0,0,TREND_REVERSAL_UNCONFIRMED,0,0.45,LONG,1,0,0,0
BTCUSDT,1784851200000,2026-07-24T00:00:00.000Z,BEAR,LONG,0,7.875,IGNORE,0,WATCH,,0,0,0,NA,NA,NA,NA,NA,CLEAR,1,0,0,0,0,TREND_REVERSAL_UNCONFIRMED,0,0.45,LONG,1,0,0,0
BTCUSDT,1784854800000,2026-07-24T01:00:00.000Z,BEAR,LONG,25,13.5,IGNORE,0,WATCH,,0,0,0,NA,NA,NA,NA,NA,CLEAR,1,0,0,0,0,TREND_REVERSAL_UNCONFIRMED,1,0.45,LONG,1,0,0,0
BTCUSDT,1784858400000,2026-07-24T02:00:00.000Z,BEAR,LONG,0,7.875,IGNORE,0,WATCH,,0,0,0,NA,NA,NA,NA,NA,WARNING_SOFT,1,0,0,0,0,TREND_REVERSAL_UNCONFIRMED,0,0.45,LONG,1,0,0,0
BTCUSDT,1784862000000,2026-07-24T03:00:00.000Z,NEUTRAL,NONE,0,7.875,IGNORE,0,WATCH,,0,0,0,NA,NA,NA,NA,NA,CLEAR,1,0,0,0,0,TREND_REVERSAL_UNCONFIRMED,0,0.45,NONE,1,0,0,0
BTCUSDT,1784865600000,2026-07-24T04:00:00.000Z,NEUTRAL,NONE,0,7.875,IGNORE,0,WATCH,,0,0,0,NA,NA,NA,NA,NA,CLEAR,1,0,0,0,0,TREND_REVERSAL_UNCONFIRMED,0,0.45,NONE,1,0,0,0
BTCUSDT,1784869200000,2026-07-24T05:00:00.000Z,NEUTRAL,NONE,0,7.875,IGNORE,0,WATCH,,0,0,0,NA,NA,NA,NA,NA,CLEAR,1,0,0,0,0,TREND_REVERSAL_UNCONFIRMED,0,0.45,NONE,1,0,0,0
BTCUSDT,1784872800000,2026-07-24T06:00:00.000Z,NEUTRAL,NONE,0,7.875,IGNORE,0,WATCH,,0,0,0,NA,NA,NA,NA,NA,CLEAR,1,0,0,0,0,TREND_REVERSAL_UNCONFIRMED,0,0.45,NONE,1,0,0,0
BTCUSDT,1784876400000,2026-07-24T07:00:00.000Z,NEUTRAL,NONE,0,7.875,IGNORE,0,WATCH,,0,0,0,NA,NA,NA,NA,NA,CLEAR,1,0,0,0,0,TREND_REVERSAL_UNCONFIRMED,0,0.45,NONE,1,0,0,0
BTCUSDT,1784880000000,2026-07-24T08:00:00.000Z,NEUTRAL,NONE,0,7.875,IGNORE,0,WATCH,,0,0,0,NA,NA,NA,NA,NA,CLEAR,1,0,0,0,0,TREND_REVERSAL_UNCONFIRMED,0,0.45,NONE,1,0,0,0
BTCUSDT,1784883600000,2026-07-24T09:00:00.000Z,BEAR,LONG,33.19409218338955,17.801534759441928,IGNORE,0,WATCH,,0,0,0,NA,NA,NA,NA,NA,CLEAR,1,0,0,0,0,TREND_REVERSAL_UNCONFIRMED,2,0.45,LONG,1,0,0,0
BTCUSDT,1784887200000,2026-07-24T10:00:00.000Z,BEAR,LONG,41.1766,18.43015725,IGNORE,0,WATCH,,0,0,0,NA,NA,NA,NA,NA,CLEAR,1,0,0,0,0,TREND_REVERSAL_UNCONFIRMED,2,0.45,LONG,1,0,0,0
BTCUSDT,1784890800000,2026-07-24T11:00:00.000Z,BEAR,LONG,17.5,12.909375,IGNORE,0,WATCH,,0,0,0,NA,NA,NA,NA,NA,CLEAR,1,0,0,0,0,TREND_REVERSAL_UNCONFIRMED,1,0.45,LONG,1,0,0,0
BTCUSDT,1784894400000,2026-07-24T12:00:00.000Z,BEAR,LONG,17.5,12.909375,IGNORE,0,WATCH,,0,0,0,NA,NA,NA,NA,NA,CLEAR,1,0,0,0,0,TREND_REVERSAL_UNCONFIRMED,1,0.45,LONG,1,0,0,0
BTCUSDT,1784898000000,2026-07-24T13:00:00.000Z,BEAR,LONG,42.5,18.534375,IGNORE,0,WATCH,,0,0,0,NA,NA,NA,NA,NA,CLEAR,1,0,1,0,0,TREND_REVERSAL_UNCONFIRMED,2,0.45,LONG,1,0,0,0
BTCUSDT,1784901600000,2026-07-24T14:00:00.000Z,BEAR,LONG,42.5,18.534375,IGNORE,0,WATCH,,0,0,0,NA,NA,NA,NA,NA,CLEAR,1,0,1,0,0,TREND_REVERSAL_UNCONFIRMED,2,0.45,LONG,1,0,0,0
BTCUSDT,1784905200000,2026-07-24T15:00:00.000Z,BEAR,LONG,67.5,62.317499999999995,WATCH,1,ACTIVE,ACTIVE,1,1,1,PASS,PASS,SKIP,SKIP,PASS,CLEAR,1,0,0,0,1,,3,0.84,LONG,0,1,0,0
BTCUSDT,1784908800000,2026-07-24T16:00:00.000Z,BEAR,LONG,32.08333333333333,17.714062499999997,IGNORE,0,WATCH,,0,0,0,NA,NA,NA,NA,NA,CLEAR,1,0,0,0,0,TREND_REVERSAL_UNCONFIRMED,2,0.45,LONG,1,0,0,0
BTCUSDT,1784912400000,2026-07-24T17:00:00.000Z,BEAR,LONG,0,7.875,IGNORE,0,WATCH,,0,0,0,NA,NA,NA,NA,NA,CLEAR,1,0,0,0,0,TREND_REVERSAL_UNCONFIRMED,0,0.45,LONG,1,0,0,0
BTCUSDT,1784916000000,2026-07-24T18:00:00.000Z,BEAR,LONG,0,7.875,IGNORE,0,WATCH,,0,0,0,NA,NA,NA,NA,NA,CLEAR,1,0,0,0,0,TREND_REVERSAL_UNCONFIRMED,0,0.45,LONG,1,0,0,0
BTCUSDT,1784919600000,2026-07-24T19:00:00.000Z,BEAR,LONG,0,7.875,IGNORE,0,WATCH,,0,0,0,NA,NA,NA,NA,NA,CLEAR,1,0,0,0,0,TREND_REVERSAL_UNCONFIRMED,0,0.45,LONG,1,0,0,0
BTCUSDT,1784923200000,2026-07-24T20:00:00.000Z,BEAR,LONG,0,7.875,IGNORE,0,WATCH,,0,0,0,NA,NA,NA,NA,NA,CLEAR,1,0,0,0,0,TREND_REVERSAL_UNCONFIRMED,0,0.45,LONG,1,0,0,0
BTCUSDT,1784926800000,2026-07-24T21:00:00.000Z,BEAR,LONG,0,7.875,IGNORE,0,WATCH,,0,0,0,NA,NA,NA,NA,NA,CLEAR,1,0,0,0,0,TREND_REVERSAL_UNCONFIRMED,0,0.45,LONG,1,0,0,0
BTCUSDT,1784930400000,2026-07-24T22:00:00.000Z,BEAR,LONG,0,7.875,IGNORE,0,WATCH,,0,0,0,NA,NA,NA,NA,NA,CLEAR,1,0,0,0,0,TREND_REVERSAL_UNCONFIRMED,0,0.45,LONG,1,0,0,0
BTCUSDT,1784934000000,2026-07-24T23:00:00.000Z,BEAR,LONG,0,7.875,IGNORE,0,WATCH,,0,0,0,NA,NA,NA,NA,NA,CLEAR,1,0,0,0,0,TREND_REVERSAL_UNCONFIRMED,0,0.45,LONG,1,0,0,0
BTCUSDT,1784937600000,2026-07-25T00:00:00.000Z,BEAR,LONG,0,7.875,IGNORE,0,WATCH,,0,0,0,NA,NA,NA,NA,NA,CLEAR,1,0,0,0,0,TREND_REVERSAL_UNCONFIRMED,0,0.45,LONG,1,0,0,0
BTCUSDT,1784941200000,2026-07-25T01:00:00.000Z,BEAR,LONG,25,13.5,IGNORE,0,WATCH,,0,0,0,NA,NA,NA,NA,NA,CLEAR,1,0,0,0,0,TREND_REVERSAL_UNCONFIRMED,1,0.45,LONG,1,0,0,0
BTCUSDT,1784944800000,2026-07-25T02:00:00.000Z,BEAR,LONG,0,7.875,IGNORE,0,WATCH,,0,0,0,NA,NA,NA,NA,NA,CLEAR,1,0,0,0,0,TREND_REVERSAL_UNCONFIRMED,0,0.45,LONG,1,0,0,0
BTCUSDT,1784948400000,2026-07-25T03:00:00.000Z,BEAR,LONG,0,7.875,IGNORE,0,WATCH,,0,0,0,NA,NA,NA,NA,NA,CLEAR,1,0,0,0,0,TREND_REVERSAL_UNCONFIRMED,0,0.45,LONG,1,0,0,0
BTCUSDT,1784952000000,2026-07-25T04:00:00.000Z,BEAR,LONG,17.5,12.909375,IGNORE,0,WATCH,,0,0,0,NA,NA,NA,NA,NA,CLEAR,1,0,0,0,0,TREND_REVERSAL_UNCONFIRMED,1,0.45,LONG,1,0,0,0
BTCUSDT,1784955600000,2026-07-25T05:00:00.000Z,BEAR,LONG,17.5,12.909375,IGNORE,0,WATCH,,0,0,0,NA,NA,NA,NA,NA,CLEAR,1,0,0,0,0,TREND_REVERSAL_UNCONFIRMED,1,0.45,LONG,1,0,0,0
BTCUSDT,1784959200000,2026-07-25T06:00:00.000Z,BEAR,LONG,17.5,12.909375,IGNORE,0,WATCH,,0,0,0,NA,NA,NA,NA,NA,CLEAR,1,0,0,0,0,TREND_REVERSAL_UNCONFIRMED,1,0.45,LONG,1,0,0,0
BTCUSDT,1784962800000,2026-07-25T07:00:00.000Z,BEAR,LONG,17.5,12.909375,IGNORE,0,WATCH,,0,0,0,NA,NA,NA,NA,NA,CLEAR,1,0,0,0,0,TREND_REVERSAL_UNCONFIRMED,1,0.45,LONG,1,0,0,0
BTCUSDT,1784966400000,2026-07-25T08:00:00.000Z,BEAR,LONG,30.34722222222222,17.57734375,IGNORE,0,WATCH,,0,0,0,NA,NA,NA,NA,NA,CLEAR,1,0,0,0,0,TREND_REVERSAL_UNCONFIRMED,2,0.45,LONG,1,0,0,0
BTCUSDT,1784970000000,2026-07-25T09:00:00.000Z,BEAR,LONG,42.5,18.534375,IGNORE,0,WATCH,,0,0,0,NA,NA,NA,NA,NA,CLEAR,1,0,0,0,0,TREND_REVERSAL_UNCONFIRMED,2,0.45,LONG,1,0,0,0
BTCUSDT,1784973600000,2026-07-25T10:00:00.000Z,BEAR,LONG,17.5,12.909375,IGNORE,0,WATCH,,0,0,0,NA,NA,NA,NA,NA,CLEAR,1,0,0,0,0,TREND_REVERSAL_UNCONFIRMED,1,0.45,LONG,1,0,0,0
BTCUSDT,1784977200000,2026-07-25T11:00:00.000Z,BEAR,LONG,0,7.875,IGNORE,0,WATCH,,0,0,0,NA,NA,NA,NA,NA,WARNING_SOFT,1,0,0,0,0,TREND_REVERSAL_UNCONFIRMED,0,0.45,LONG,1,0,0,0
BTCUSDT,1784980800000,2026-07-25T12:00:00.000Z,BEAR,LONG,0,7.875,IGNORE,0,WATCH,,0,0,0,NA,NA,NA,NA,NA,WARNING_SOFT,1,0,0,0,0,TREND_REVERSAL_UNCONFIRMED,0,0.45,LONG,1,0,0,0
BTCUSDT,1784984400000,2026-07-25T13:00:00.000Z,BEAR,LONG,39.18921810982602,18.273650926148797,IGNORE,0,WATCH,,0,0,0,NA,NA,NA,NA,NA,WARNING_SOFT,1,0,0,0,0,TREND_REVERSAL_UNCONFIRMED,2,0.45,LONG,1,0,0,0
BTCUSDT,1784988000000,2026-07-25T14:00:00.000Z,NEUTRAL,NONE,0,7.875,IGNORE,0,WATCH,,0,0,0,NA,NA,NA,NA,NA,CLEAR,1,0,0,0,0,TREND_REVERSAL_UNCONFIRMED,0,0.45,NONE,1,0,0,0
BTCUSDT,1784991600000,2026-07-25T15:00:00.000Z,NEUTRAL,NONE,0,7.875,IGNORE,0,WATCH,,0,0,0,NA,NA,NA,NA,NA,CLEAR,1,0,0,0,0,TREND_REVERSAL_UNCONFIRMED,0,0.45,NONE,1,0,0,0
BTCUSDT,1784995200000,2026-07-25T16:00:00.000Z,NEUTRAL,NONE,0,7.875,IGNORE,0,WATCH,,0,0,0,NA,NA,NA,NA,NA,CLEAR,1,0,0,0,0,TREND_REVERSAL_UNCONFIRMED,0,0.45,NONE,1,0,0,0
BTCUSDT,1784998800000,2026-07-25T17:00:00.000Z,NEUTRAL,NONE,0,7.875,IGNORE,0,WATCH,,0,0,0,NA,NA,NA,NA,NA,CLEAR,1,0,0,0,0,TREND_REVERSAL_UNCONFIRMED,0,0.45,NONE,1,0,0,0
BTCUSDT,1785002400000,2026-07-25T18:00:00.000Z,NEUTRAL,NONE,0,7.875,IGNORE,0,WATCH,,0,0,0,NA,NA,NA,NA,NA,CLEAR,1,0,0,0,0,TREND_REVERSAL_UNCONFIRMED,0,0.45,NONE,1,0,0,0
BTCUSDT,1785006000000,2026-07-25T19:00:00.000Z,NEUTRAL,NONE,0,7.875,IGNORE,0,WATCH,,0,0,0,NA,NA,NA,NA,NA,CLEAR,1,0,0,0,0,TREND_REVERSAL_UNCONFIRMED,0,0.45,NONE,1,0,0,0
BTCUSDT,1785009600000,2026-07-25T20:00:00.000Z,NEUTRAL,NONE,0,7.875,IGNORE,0,WATCH,,0,0,0,NA,NA,NA,NA,NA,CLEAR,1,0,0,0,0,TREND_REVERSAL_UNCONFIRMED,0,0.45,NONE,1,0,0,0
BTCUSDT,1785013200000,2026-07-25T21:00:00.000Z,NEUTRAL,NONE,0,7.875,IGNORE,0,WATCH,,0,0,0,NA,NA,NA,NA,NA,CLEAR,1,0,0,0,0,TREND_REVERSAL_UNCONFIRMED,0,0.45,NONE,1,0,0,0
BTCUSDT,1785016800000,2026-07-25T22:00:00.000Z,NEUTRAL,NONE,0,7.875,IGNORE,0,WATCH,,0,0,0,NA,NA,NA,NA,NA,CLEAR,1,0,0,0,0,TREND_REVERSAL_UNCONFIRMED,0,0.45,NONE,1,0,0,0
BTCUSDT,1785020400000,2026-07-25T23:00:00.000Z,NEUTRAL,NONE,0,7.875,IGNORE,0,WATCH,,0,0,0,NA,NA,NA,NA,NA,CLEAR,1,0,0,0,0,TREND_REVERSAL_UNCONFIRMED,0,0.45,NONE,1,0,0,0
BTCUSDT,1785024000000,2026-07-26T00:00:00.000Z,NEUTRAL,NONE,0,7.875,IGNORE,0,WATCH,,0,0,0,NA,NA,NA,NA,NA,CLEAR,1,0,0,0,0,TREND_REVERSAL_UNCONFIRMED,0,0.45,NONE,1,0,0,0
BTCUSDT,1785027600000,2026-07-26T01:00:00.000Z,NEUTRAL,NONE,0,7.875,IGNORE,0,WATCH,,0,0,0,NA,NA,NA,NA,NA,CLEAR,1,0,0,0,0,TREND_REVERSAL_UNCONFIRMED,0,0.45,NONE,1,0,0,0
BTCUSDT,1785031200000,2026-07-26T02:00:00.000Z,NEUTRAL,NONE,0,7.875,IGNORE,0,WATCH,,0,0,0,NA,NA,NA,NA,NA,CLEAR,1,0,0,0,0,TREND_REVERSAL_UNCONFIRMED,0,0.45,NONE,1,0,0,0
BTCUSDT,1785034800000,2026-07-26T03:00:00.000Z,NEUTRAL,NONE,0,7.875,IGNORE,0,WATCH,,0,0,0,NA,NA,NA,NA,NA,CLEAR,1,0,0,0,0,TREND_REVERSAL_UNCONFIRMED,0,0.45,NONE,1,0,0,0
BTCUSDT,1785038400000,2026-07-26T04:00:00.000Z,NEUTRAL,NONE,0,7.875,IGNORE,0,WATCH,,0,0,0,NA,NA,NA,NA,NA,CLEAR,1,0,0,0,0,TREND_REVERSAL_UNCONFIRMED,0,0.45,NONE,1,0,0,0
BTCUSDT,1785042000000,2026-07-26T05:00:00.000Z,NEUTRAL,NONE,0,7.875,IGNORE,0,WATCH,,0,0,0,NA,NA,NA,NA,NA,CLEAR,1,0,0,0,0,TREND_REVERSAL_UNCONFIRMED,0,0.45,NONE,1,0,0,0
BTCUSDT,1785045600000,2026-07-26T06:00:00.000Z,NEUTRAL,NONE,0,7.875,IGNORE,0,WATCH,,0,0,0,NA,NA,NA,NA,NA,BLOCK,0,0,0,0,0,TREND_REVERSAL_UNCONFIRMED,0,0.45,NONE,1,0,0,0
BTCUSDT,1785049200000,2026-07-26T07:00:00.000Z,BEAR,LONG,17.5,12.909375,IGNORE,0,WATCH,,0,0,0,NA,NA,NA,NA,NA,CLEAR,1,0,0,0,0,TREND_REVERSAL_UNCONFIRMED,1,0.45,LONG,1,0,0,0
BTCUSDT,1785052800000,2026-07-26T08:00:00.000Z,NEUTRAL,NONE,0,7.875,IGNORE,0,WATCH,,0,0,0,NA,NA,NA,NA,NA,WARNING_SOFT,1,0,0,0,0,TREND_REVERSAL_UNCONFIRMED,0,0.45,NONE,1,0,0,0
BTCUSDT,1785056400000,2026-07-26T09:00:00.000Z,NEUTRAL,NONE,0,7.875,IGNORE,0,WATCH,,0,0,0,NA,NA,NA,NA,NA,CLEAR,1,0,0,0,0,TREND_REVERSAL_UNCONFIRMED,0,0.45,NONE,1,0,0,0
BTCUSDT,1785060000000,2026-07-26T10:00:00.000Z,NEUTRAL,NONE,0,7.875,IGNORE,0,WATCH,,0,0,0,NA,NA,NA,NA,NA,CLEAR,1,0,0,0,0,TREND_REVERSAL_UNCONFIRMED,0,0.45,NONE,1,0,0,0
BTCUSDT,1785063600000,2026-07-26T11:00:00.000Z,NEUTRAL,NONE,0,7.875,IGNORE,0,WATCH,,0,0,0,NA,NA,NA,NA,NA,CLEAR,1,0,0,0,0,TREND_REVERSAL_UNCONFIRMED,0,0.45,NONE,1,0,0,0
BTCUSDT,1785067200000,2026-07-26T12:00:00.000Z,NEUTRAL,NONE,0,7.875,IGNORE,0,WATCH,,0,0,0,NA,NA,NA,NA,NA,CLEAR,1,0,1,0,0,TREND_REVERSAL_UNCONFIRMED,0,0.45,NONE,1,0,0,0
BTCUSDT,1785070800000,2026-07-26T13:00:00.000Z,NEUTRAL,NONE,0,7.875,IGNORE,0,WATCH,,0,0,0,NA,NA,NA,NA,NA,WARNING_SOFT,1,0,0,0,0,TREND_REVERSAL_UNCONFIRMED,0,0.45,NONE,1,0,0,0
BTCUSDT,1785074400000,2026-07-26T14:00:00.000Z,NEUTRAL,NONE,0,7.875,IGNORE,0,WATCH,,0,0,0,NA,NA,NA,NA,NA,CLEAR,1,0,0,0,0,TREND_REVERSAL_UNCONFIRMED,0,0.45,NONE,1,0,0,0
BTCUSDT,1785078000000,2026-07-26T15:00:00.000Z,NEUTRAL,NONE,0,7.875,IGNORE,0,WATCH,,0,0,0,NA,NA,NA,NA,NA,CLEAR,1,1,0,0,0,TREND_REVERSAL_UNCONFIRMED,0,0.45,NONE,1,0,0,0
BTCUSDT,1785081600000,2026-07-26T16:00:00.000Z,BULL,SHORT,50,19.125,IGNORE,0,WATCH,,0,0,0,NA,NA,NA,NA,NA,CLEAR,1,0,0,0,0,TREND_REVERSAL_UNCONFIRMED,2,0.45,SHORT,1,0,0,0
BTCUSDT,1785085200000,2026-07-26T17:00:00.000Z,BULL,SHORT,0,7.875,IGNORE,0,WATCH,,0,0,0,NA,NA,NA,NA,NA,CLEAR,1,0,0,0,0,TREND_REVERSAL_UNCONFIRMED,0,0.45,SHORT,1,0,0,0
BTCUSDT,1785088800000,2026-07-26T18:00:00.000Z,BULL,SHORT,0,7.875,IGNORE,0,WATCH,,0,0,0,NA,NA,NA,NA,NA,CLEAR,1,0,0,0,0,TREND_REVERSAL_UNCONFIRMED,0,0.45,SHORT,1,0,0,0
BTCUSDT,1785092400000,2026-07-26T19:00:00.000Z,BULL,SHORT,0,7.875,IGNORE,0,WATCH,,0,0,0,NA,NA,NA,NA,NA,CLEAR,1,0,0,0,0,TREND_REVERSAL_UNCONFIRMED,0,0.45,SHORT,1,0,0,0
BTCUSDT,1785096000000,2026-07-26T20:00:00.000Z,BULL,SHORT,0,7.875,IGNORE,0,WATCH,,0,0,0,NA,NA,NA,NA,NA,CLEAR,1,0,0,0,0,TREND_REVERSAL_UNCONFIRMED,0,0.45,SHORT,1,0,0,0
BTCUSDT,1785099600000,2026-07-26T21:00:00.000Z,BULL,SHORT,0,7.875,IGNORE,0,WATCH,,0,0,0,NA,NA,NA,NA,NA,CLEAR,1,0,0,0,0,TREND_REVERSAL_UNCONFIRMED,0,0.45,SHORT,1,0,0,0
BTCUSDT,1785103200000,2026-07-26T22:00:00.000Z,BULL,SHORT,37.84722222222222,18.16796875,IGNORE,0,WATCH,,0,0,0,NA,NA,NA,NA,NA,CLEAR,1,0,0,0,0,TREND_REVERSAL_UNCONFIRMED,2,0.45,SHORT,1,0,0,0
BTCUSDT,1785106800000,2026-07-26T23:00:00.000Z,BULL,SHORT,62.84722222222222,53.23354166666666,WATCH,1,WATCH,ACTIVE,1,1,0,PASS,PASS,SKIP,SKIP,FAIL,CLEAR,1,0,0,0,0,MARKET_CONTEXT_DENIED,3,0.84,SHORT,0,1,0,0
BTCUSDT,1785110400000,2026-07-27T00:00:00.000Z,BULL,SHORT,23.237650844639305,13.361215004015346,IGNORE,0,WATCH,,0,0,0,NA,NA,NA,NA,NA,CLEAR,1,0,0,0,0,TREND_REVERSAL_UNCONFIRMED,1,0.45,SHORT,1,0,0,0
BTCUSDT,1785114000000,2026-07-27T01:00:00.000Z,BULL,SHORT,20.620134738521813,13.155085610658594,IGNORE,0,WATCH,,0,0,0,NA,NA,NA,NA,NA,CLEAR,1,0,0,0,0,TREND_REVERSAL_UNCONFIRMED,1,0.45,SHORT,1,0,0,0
BTCUSDT,1785117600000,2026-07-27T02:00:00.000Z,BULL,SHORT,0,7.875,IGNORE,0,WATCH,,0,0,0,NA,NA,NA,NA,NA,CLEAR,1,0,0,0,0,TREND_REVERSAL_UNCONFIRMED,0,0.45,SHORT,1,0,0,0
BTCUSDT,1785121200000,2026-07-27T03:00:00.000Z,BULL,SHORT,0,7.875,IGNORE,0,WATCH,,0,0,0,NA,NA,NA,NA,NA,CLEAR,1,0,0,0,0,TREND_REVERSAL_UNCONFIRMED,0,0.45,SHORT,1,0,0,0
BTCUSDT,1785124800000,2026-07-27T04:00:00.000Z,BULL,SHORT,19.775524999999995,13.08857259375,IGNORE,0,WATCH,,0,0,0,NA,NA,NA,NA,NA,CLEAR,1,0,0,0,0,TREND_REVERSAL_UNCONFIRMED,1,0.45,SHORT,1,0,0,0
BTCUSDT,1785128400000,2026-07-27T05:00:00.000Z,BULL,SHORT,14.583333333333332,12.6796875,IGNORE,0,WATCH,,0,0,0,NA,NA,NA,NA,NA,CLEAR,1,0,0,0,0,TREND_REVERSAL_UNCONFIRMED,1,0.45,SHORT,1,0,0,0
BTCUSDT,1785132000000,2026-07-27T06:00:00.000Z,BULL,SHORT,24.156414113313943,13.433567611423472,IGNORE,0,WATCH,,0,0,0,NA,NA,NA,NA,NA,CLEAR,1,0,0,0,0,TREND_REVERSAL_UNCONFIRMED,1,0.45,SHORT,1,0,0,0
BTCUSDT,1785135600000,2026-07-27T07:00:00.000Z,BULL,SHORT,25,13.5,IGNORE,0,WATCH,,0,0,0,NA,NA,NA,NA,NA,CLEAR,1,0,0,0,0,TREND_REVERSAL_UNCONFIRMED,1,0.45,SHORT,1,0,0,0
BTCUSDT,1785139200000,2026-07-27T08:00:00.000Z,BULL,SHORT,0,7.875,IGNORE,0,WATCH,,0,0,0,NA,NA,NA,NA,NA,WARNING_SOFT,1,0,0,0,0,TREND_REVERSAL_UNCONFIRMED,0,0.45,SHORT,1,0,0,0
BTCUSDT,1785142800000,2026-07-27T09:00:00.000Z,BULL,SHORT,0,7.875,IGNORE,0,WATCH,,0,0,0,NA,NA,NA,NA,NA,WARNING_SOFT,1,0,0,0,0,TREND_REVERSAL_UNCONFIRMED,0,0.45,SHORT,1,0,0,0
BTCUSDT,1785146400000,2026-07-27T10:00:00.000Z,BULL,SHORT,0,7.875,IGNORE,0,WATCH,,0,0,0,NA,NA,NA,NA,NA,CLEAR,1,0,0,0,0,TREND_REVERSAL_UNCONFIRMED,0,0.45,SHORT,1,0,0,0
BTCUSDT,1785150000000,2026-07-27T11:00:00.000Z,BULL,SHORT,25,13.5,IGNORE,0,WATCH,,0,0,0,NA,NA,NA,NA,NA,WARNING_SOFT,1,0,0,0,0,TREND_REVERSAL_UNCONFIRMED,1,0.45,SHORT,1,0,0,0
BTCUSDT,1785153600000,2026-07-27T12:00:00.000Z,NEUTRAL,NONE,0,7.875,IGNORE,0,WATCH,,0,0,0,NA,NA,NA,NA,NA,BLOCK,0,0,0,0,0,TREND_REVERSAL_UNCONFIRMED,0,0.45,NONE,1,0,0,0
BTCUSDT,1785157200000,2026-07-27T13:00:00.000Z,BULL,SHORT,25,13.5,IGNORE,0,WATCH,,0,0,0,NA,NA,NA,NA,NA,WARNING_SOFT,1,0,0,0,0,TREND_REVERSAL_UNCONFIRMED,1,0.45,SHORT,1,0,0,0
BTCUSDT,1785160800000,2026-07-27T14:00:00.000Z,NEUTRAL,NONE,0,7.875,IGNORE,0,WATCH,,0,0,0,NA,NA,NA,NA,NA,BLOCK,0,0,0,0,0,TREND_REVERSAL_UNCONFIRMED,0,0.45,NONE,1,0,0,0
BTCUSDT,1785164400000,2026-07-27T15:00:00.000Z,NEUTRAL,NONE,0,7.875,IGNORE,0,WATCH,,0,0,0,NA,NA,NA,NA,NA,BLOCK,0,0,1,0,0,TREND_REVERSAL_UNCONFIRMED,0,0.45,NONE,1,0,0,0
BTCUSDT,1785168000000,2026-07-27T16:00:00.000Z,NEUTRAL,NONE,0,7.875,IGNORE,0,WATCH,,0,0,0,NA,NA,NA,NA,NA,WARNING_SOFT,1,0,0,0,0,TREND_REVERSAL_UNCONFIRMED,0,0.45,NONE,1,0,0,0
BTCUSDT,1785171600000,2026-07-27T17:00:00.000Z,BULL,SHORT,17.5,12.909375,IGNORE,0,WATCH,,0,0,0,NA,NA,NA,NA,NA,WARNING_SOFT,1,0,0,0,0,TREND_REVERSAL_UNCONFIRMED,1,0.45,SHORT,1,0,0,0
BTCUSDT,1785175200000,2026-07-27T18:00:00.000Z,NEUTRAL,NONE,0,7.875,IGNORE,0,WATCH,,0,0,0,NA,NA,NA,NA,NA,WARNING_SOFT,1,0,0,0,0,TREND_REVERSAL_UNCONFIRMED,0,0.45,NONE,1,0,0,0
BTCUSDT,1785178800000,2026-07-27T19:00:00.000Z,NEUTRAL,NONE,0,7.875,IGNORE,0,WATCH,,0,0,0,NA,NA,NA,NA,NA,WARNING_SOFT,1,0,0,0,0,TREND_REVERSAL_UNCONFIRMED,0,0.45,NONE,1,0,0,0
BTCUSDT,1785182400000,2026-07-27T20:00:00.000Z,NEUTRAL,NONE,0,7.875,IGNORE,0,WATCH,,0,0,0,NA,NA,NA,NA,NA,WARNING_SOFT,1,0,0,0,0,TREND_REVERSAL_UNCONFIRMED,0,0.45,NONE,1,0,0,0
BTCUSDT,1785186000000,2026-07-27T21:00:00.000Z,NEUTRAL,NONE,0,7.875,IGNORE,0,WATCH,,0,0,0,NA,NA,NA,NA,NA,WARNING_SOFT,1,0,0,0,0,TREND_REVERSAL_UNCONFIRMED,0,0.45,NONE,1,0,0,0
BTCUSDT,1785189600000,2026-07-27T22:00:00.000Z,NEUTRAL,NONE,0,7.875,IGNORE,0,WATCH,,0,0,0,NA,NA,NA,NA,NA,WARNING_SOFT,1,0,0,0,0,TREND_REVERSAL_UNCONFIRMED,0,0.45,NONE,1,0,0,0
BTCUSDT,1785193200000,2026-07-27T23:00:00.000Z,BEAR,LONG,25,13.5,IGNORE,0,WATCH,,0,0,0,NA,NA,NA,NA,NA,CLEAR,1,0,1,0,0,TREND_REVERSAL_UNCONFIRMED,1,0.45,LONG,1,0,0,0
BTCUSDT,1785196800000,2026-07-28T00:00:00.000Z,BEAR,LONG,13.194444444444445,12.5703125,IGNORE,0,WATCH,,0,0,0,NA,NA,NA,NA,NA,CLEAR,1,0,0,0,0,TREND_REVERSAL_UNCONFIRMED,1,0.45,LONG,1,0,0,0
BTCUSDT,1785200400000,2026-07-28T01:00:00.000Z,BEAR,LONG,39.299707303734564,18.282351950169097,IGNORE,0,WATCH,,0,0,0,NA,NA,NA,NA,NA,CLEAR,1,0,1,0,0,TREND_REVERSAL_UNCONFIRMED,2,0.45,LONG,1,0,0,0
BTCUSDT,1785204000000,2026-07-28T02:00:00.000Z,BEAR,LONG,19.791666666666668,13.08984375,IGNORE,0,WATCH,,0,0,0,NA,NA,NA,NA,NA,CLEAR,1,0,0,0,0,TREND_REVERSAL_UNCONFIRMED,1,0.45,LONG,1,0,0,0
BTCUSDT,1785207600000,2026-07-28T03:00:00.000Z,BEAR,LONG,25,13.5,IGNORE,0,WATCH,,0,0,0,NA,NA,NA,NA,NA,CLEAR,1,0,0,0,0,TREND_REVERSAL_UNCONFIRMED,1,0.45,LONG,1,0,0,0
BTCUSDT,1785211200000,2026-07-28T04:00:00.000Z,BEAR,LONG,0,7.875,IGNORE,0,WATCH,,0,0,0,NA,NA,NA,NA,NA,CLEAR,1,0,0,0,0,TREND_REVERSAL_UNCONFIRMED,0,0.45,LONG,1,0,0,0
BTCUSDT,1785214800000,2026-07-28T05:00:00.000Z,BEAR,LONG,0,7.875,IGNORE,0,WATCH,,0,0,0,NA,NA,NA,NA,NA,CLEAR,1,0,0,0,0,TREND_REVERSAL_UNCONFIRMED,0,0.45,LONG,1,0,0,0
BTCUSDT,1785218400000,2026-07-28T06:00:00.000Z,BEAR,LONG,0,7.875,IGNORE,0,WATCH,,0,0,0,NA,NA,NA,NA,NA,CLEAR,1,0,0,0,0,TREND_REVERSAL_UNCONFIRMED,0,0.45,LONG,1,0,0,0
BTCUSDT,1785222000000,2026-07-28T07:00:00.000Z,BEAR,LONG,0,7.875,IGNORE,0,WATCH,,0,0,0,NA,NA,NA,NA,NA,CLEAR,1,0,0,0,0,TREND_REVERSAL_UNCONFIRMED,0,0.45,LONG,1,0,0,0
BTCUSDT,1785225600000,2026-07-28T08:00:00.000Z,BEAR,LONG,0,7.875,IGNORE,0,WATCH,,0,0,0,NA,NA,NA,NA,NA,CLEAR,1,0,0,0,0,TREND_REVERSAL_UNCONFIRMED,0,0.45,LONG,1,0,0,0
BTCUSDT,1785229200000,2026-07-28T09:00:00.000Z,BEAR,LONG,0,7.875,IGNORE,0,WATCH,,0,0,0,NA,NA,NA,NA,NA,CLEAR,1,0,0,0,0,TREND_REVERSAL_UNCONFIRMED,0,0.45,LONG,1,0,0,0
BTCUSDT,1785232800000,2026-07-28T10:00:00.000Z,BEAR,LONG,0,7.875,IGNORE,0,WATCH,,0,0,0,NA,NA,NA,NA,NA,CLEAR,1,0,0,0,0,TREND_REVERSAL_UNCONFIRMED,0,0.45,LONG,1,0,0,0
BTCUSDT,1785236400000,2026-07-28T11:00:00.000Z,BEAR,LONG,0,7.875,IGNORE,0,WATCH,,0,0,0,NA,NA,NA,NA,NA,CLEAR,1,0,0,0,0,TREND_REVERSAL_UNCONFIRMED,0,0.45,LONG,1,0,0,0
BTCUSDT,1785240000000,2026-07-28T12:00:00.000Z,BEAR,LONG,0,7.875,IGNORE,0,WATCH,,0,0,0,NA,NA,NA,NA,NA,CLEAR,1,0,0,0,0,TREND_REVERSAL_UNCONFIRMED,0,0.45,LONG,1,0,0,0
BTCUSDT,1785243600000,2026-07-28T13:00:00.000Z,BEAR,LONG,25,13.5,IGNORE,0,WATCH,,0,0,0,NA,NA,NA,NA,NA,CLEAR,1,0,1,0,0,TREND_REVERSAL_UNCONFIRMED,1,0.45,LONG,1,0,0,0
BTCUSDT,1785247200000,2026-07-28T14:00:00.000Z,BEAR,LONG,45.53391599550282,18.773295884645847,IGNORE,0,WATCH,,0,0,0,NA,NA,NA,NA,NA,CLEAR,1,0,0,0,0,TREND_REVERSAL_UNCONFIRMED,2,0.45,LONG,1,0,0,0
BTCUSDT,1785250800000,2026-07-28T15:00:00.000Z,NEUTRAL,NONE,0,7.875,IGNORE,0,WATCH,,0,0,0,NA,NA,NA,NA,NA,WARNING_SOFT,1,0,0,0,0,TREND_REVERSAL_UNCONFIRMED,0,0.45,NONE,1,0,0,0
BTCUSDT,1785254400000,2026-07-28T16:00:00.000Z,NEUTRAL,NONE,0,7.875,IGNORE,0,WATCH,,0,0,0,NA,NA,NA,NA,NA,CLEAR,1,0,0,0,0,TREND_REVERSAL_UNCONFIRMED,0,0.45,NONE,1,0,0,0
BTCUSDT,1785258000000,2026-07-28T17:00:00.000Z,BEAR,LONG,0,7.875,IGNORE,0,WATCH,,0,0,0,NA,NA,NA,NA,NA,WARNING_SOFT,1,0,0,0,0,TREND_REVERSAL_UNCONFIRMED,0,0.45,LONG,1,0,0,0
BTCUSDT,1785261600000,2026-07-28T18:00:00.000Z,BEAR,LONG,0,7.875,IGNORE,0,WATCH,,0,0,0,NA,NA,NA,NA,NA,WARNING_SOFT,1,0,0,0,0,TREND_REVERSAL_UNCONFIRMED,0,0.45,LONG,1,0,0,0
BTCUSDT,1785265200000,2026-07-28T19:00:00.000Z,NEUTRAL,NONE,0,7.875,IGNORE,0,WATCH,,0,0,0,NA,NA,NA,NA,NA,CLEAR,1,0,0,0,0,TREND_REVERSAL_UNCONFIRMED,0,0.45,NONE,1,0,0,0
BTCUSDT,1785268800000,2026-07-28T20:00:00.000Z,NEUTRAL,NONE,0,7.875,IGNORE,0,WATCH,,0,0,0,NA,NA,NA,NA,NA,CLEAR,1,0,0,0,0,TREND_REVERSAL_UNCONFIRMED,0,0.45,NONE,1,0,0,0
BTCUSDT,1785272400000,2026-07-28T21:00:00.000Z,NEUTRAL,NONE,0,7.875,IGNORE,0,WATCH,,0,0,0,NA,NA,NA,NA,NA,CLEAR,1,0,0,0,0,TREND_REVERSAL_UNCONFIRMED,0,0.45,NONE,1,0,0,0
BTCUSDT,1785276000000,2026-07-28T22:00:00.000Z,BEAR,LONG,0,7.875,IGNORE,0,WATCH,,0,0,0,NA,NA,NA,NA,NA,WARNING_SOFT,1,0,0,0,0,TREND_REVERSAL_UNCONFIRMED,0,0.45,LONG,1,0,0,0
BTCUSDT,1785279600000,2026-07-28T23:00:00.000Z,NEUTRAL,NONE,0,7.875,IGNORE,0,WATCH,,0,0,0,NA,NA,NA,NA,NA,WARNING_SOFT,1,0,0,0,0,TREND_REVERSAL_UNCONFIRMED,0,0.45,NONE,1,0,0,0
BTCUSDT,1785283200000,2026-07-29T00:00:00.000Z,NEUTRAL,NONE,0,7.875,IGNORE,0,WATCH,,0,0,0,NA,NA,NA,NA,NA,CLEAR,1,0,0,0,0,TREND_REVERSAL_UNCONFIRMED,0,0.45,NONE,1,0,0,0
BTCUSDT,1785286800000,2026-07-29T01:00:00.000Z,BEAR,LONG,0,7.875,IGNORE,0,WATCH,,0,0,0,NA,NA,NA,NA,NA,WARNING_SOFT,1,0,0,0,0,TREND_REVERSAL_UNCONFIRMED,0,0.45,LONG,1,0,0,0
BTCUSDT,1785290400000,2026-07-29T02:00:00.000Z,NEUTRAL,NONE,0,7.875,IGNORE,0,WATCH,,0,0,0,NA,NA,NA,NA,NA,CLEAR,1,0,0,0,0,TREND_REVERSAL_UNCONFIRMED,0,0.45,NONE,1,0,0,0
BTCUSDT,1785294000000,2026-07-29T03:00:00.000Z,BEAR,LONG,17.5,12.909375,IGNORE,0,WATCH,,0,0,0,NA,NA,NA,NA,NA,WARNING_SOFT,1,0,0,0,0,TREND_REVERSAL_UNCONFIRMED,1,0.45,LONG,1,0,0,0
BTCUSDT,1785297600000,2026-07-29T04:00:00.000Z,NEUTRAL,NONE,0,7.875,IGNORE,0,WATCH,,0,0,0,NA,NA,NA,NA,NA,BLOCK,0,0,0,0,0,TREND_REVERSAL_UNCONFIRMED,0,0.45,NONE,1,0,0,0
BTCUSDT,1785301200000,2026-07-29T05:00:00.000Z,NEUTRAL,NONE,0,7.875,IGNORE,0,WATCH,,0,0,0,NA,NA,NA,NA,NA,CLEAR,1,0,0,0,0,TREND_REVERSAL_UNCONFIRMED,0,0.45,NONE,1,0,0,0
BTCUSDT,1785304800000,2026-07-29T06:00:00.000Z,NEUTRAL,NONE,0,7.875,IGNORE,0,WATCH,,0,0,0,NA,NA,NA,NA,NA,CLEAR,1,1,0,0,0,TREND_REVERSAL_UNCONFIRMED,0,0.45,NONE,1,0,0,0
BTCUSDT,1785308400000,2026-07-29T07:00:00.000Z,NEUTRAL,NONE,0,7.875,IGNORE,0,WATCH,,0,0,0,NA,NA,NA,NA,NA,CLEAR,1,0,0,0,0,TREND_REVERSAL_UNCONFIRMED,0,0.45,NONE,1,0,0,0
BTCUSDT,1785312000000,2026-07-29T08:00:00.000Z,NEUTRAL,NONE,0,7.875,IGNORE,0,WATCH,,0,0,0,NA,NA,NA,NA,NA,CLEAR,1,0,0,0,0,TREND_REVERSAL_UNCONFIRMED,0,0.45,NONE,1,0,0,0
BTCUSDT,1785315600000,2026-07-29T09:00:00.000Z,NEUTRAL,NONE,0,7.875,IGNORE,0,WATCH,,0,0,0,NA,NA,NA,NA,NA,CLEAR,1,0,0,0,0,TREND_REVERSAL_UNCONFIRMED,0,0.45,NONE,1,0,0,0
BTCUSDT,1785319200000,2026-07-29T10:00:00.000Z,NEUTRAL,NONE,0,7.875,IGNORE,0,WATCH,,0,0,0,NA,NA,NA,NA,NA,CLEAR,1,0,0,0,0,TREND_REVERSAL_UNCONFIRMED,0,0.45,NONE,1,0,0,0
BTCUSDT,1785322800000,2026-07-29T11:00:00.000Z,BULL,SHORT,0,7.875,IGNORE,0,WATCH,,0,0,0,NA,NA,NA,NA,NA,CLEAR,1,0,0,0,0,TREND_REVERSAL_UNCONFIRMED,0,0.45,SHORT,1,0,0,0
BTCUSDT,1785326400000,2026-07-29T12:00:00.000Z,BULL,SHORT,0,7.875,IGNORE,0,WATCH,,0,0,0,NA,NA,NA,NA,NA,CLEAR,1,0,0,0,0,TREND_REVERSAL_UNCONFIRMED,0,0.45,SHORT,1,0,0,0
BTCUSDT,1785330000000,2026-07-29T13:00:00.000Z,BULL,SHORT,25,13.5,IGNORE,0,WATCH,,0,0,0,NA,NA,NA,NA,NA,BLOCK,0,0,0,0,0,TREND_REVERSAL_UNCONFIRMED,1,0.45,SHORT,1,0,0,0
BTCUSDT,1785333600000,2026-07-29T14:00:00.000Z,NEUTRAL,NONE,0,7.875,IGNORE,0,WATCH,,0,0,0,NA,NA,NA,NA,NA,BLOCK,0,0,0,0,0,TREND_REVERSAL_UNCONFIRMED,0,0.45,NONE,1,0,0,0
BTCUSDT,1785337200000,2026-07-29T15:00:00.000Z,NEUTRAL,NONE,0,7.875,IGNORE,0,WATCH,,0,0,0,NA,NA,NA,NA,NA,WARNING_SOFT,1,0,0,0,0,TREND_REVERSAL_UNCONFIRMED,0,0.45,NONE,1,0,0,0
BTCUSDT,1785340800000,2026-07-29T16:00:00.000Z,NEUTRAL,NONE,0,7.875,IGNORE,0,WATCH,,0,0,0,NA,NA,NA,NA,NA,WARNING_SOFT,1,0,0,0,0,TREND_REVERSAL_UNCONFIRMED,0,0.45,NONE,1,0,0,0
BTCUSDT,1785344400000,2026-07-29T17:00:00.000Z,BULL,SHORT,30.405162538445463,17.58190654990258,IGNORE,0,WATCH,,0,0,0,NA,NA,NA,NA,NA,WARNING_SOFT,1,0,0,0,0,TREND_REVERSAL_UNCONFIRMED,2,0.45,SHORT,1,0,0,0
BTCUSDT,1785348000000,2026-07-29T18:00:00.000Z,BULL,SHORT,42.5,18.534375,IGNORE,0,WATCH,,0,0,0,NA,NA,NA,NA,NA,BLOCK,0,0,0,0,0,TREND_REVERSAL_UNCONFIRMED,2,0.45,SHORT,1,0,0,0
BTCUSDT,1785351600000,2026-07-29T19:00:00.000Z,BEAR,LONG,42.5,18.534375,IGNORE,0,WATCH,,0,0,0,NA,NA,NA,NA,NA,WARNING_SOFT,1,0,0,0,0,TREND_REVERSAL_UNCONFIRMED,2,0.45,LONG,1,0,0,0
BTCUSDT,1785355200000,2026-07-29T20:00:00.000Z,BEAR,LONG,31.710659768507057,17.68471445676993,IGNORE,0,WATCH,,0,0,0,NA,NA,NA,NA,NA,CLEAR,1,0,0,0,0,TREND_REVERSAL_UNCONFIRMED,2,0.45,LONG,1,0,0,0
BTCUSDT,1785358800000,2026-07-29T21:00:00.000Z,BEAR,LONG,55.27498735843538,51.28042314169,WATCH,1,WATCH,ACTIVE,1,1,0,FAIL,PASS,SKIP,SKIP,PASS,CLEAR,1,0,0,0,0,MARKET_CONTEXT_DENIED,3,0.84,LONG,0,1,0,0
BTCUSDT,1785362400000,2026-07-29T22:00:00.000Z,BEAR,LONG,17.5,12.909375,IGNORE,0,WATCH,,0,0,0,NA,NA,NA,NA,NA,WARNING_SOFT,1,0,0,0,0,TREND_REVERSAL_UNCONFIRMED,1,0.45,LONG,1,0,0,0
BTCUSDT,1785366000000,2026-07-29T23:00:00.000Z,BEAR,LONG,17.5,12.909375,IGNORE,0,WATCH,,0,0,0,NA,NA,NA,NA,NA,WARNING_SOFT,1,0,0,0,0,TREND_REVERSAL_UNCONFIRMED,1,0.45,LONG,1,0,0,0
BTCUSDT,1785369600000,2026-07-30T00:00:00.000Z,BEAR,LONG,0,7.875,IGNORE,0,WATCH,,0,0,0,NA,NA,NA,NA,NA,WARNING_SOFT,1,0,0,0,0,TREND_REVERSAL_UNCONFIRMED,0,0.45,LONG,1,0,0,0
BTCUSDT,1785373200000,2026-07-30T01:00:00.000Z,NEUTRAL,NONE,0,7.875,IGNORE,0,WATCH,,0,0,0,NA,NA,NA,NA,NA,WARNING_SOFT,1,0,0,0,0,TREND_REVERSAL_UNCONFIRMED,0,0.45,NONE,1,0,0,0
BTCUSDT,1785376800000,2026-07-30T02:00:00.000Z,NEUTRAL,NONE,0,7.875,IGNORE,0,WATCH,,0,0,0,NA,NA,NA,NA,NA,CLEAR,1,0,0,0,0,TREND_REVERSAL_UNCONFIRMED,0,0.45,NONE,1,0,0,0
BTCUSDT,1785380400000,2026-07-30T03:00:00.000Z,NEUTRAL,NONE,0,7.875,IGNORE,0,WATCH,,0,0,0,NA,NA,NA,NA,NA,CLEAR,1,0,0,0,0,TREND_REVERSAL_UNCONFIRMED,0,0.45,NONE,1,0,0,0
BTCUSDT,1785384000000,2026-07-30T04:00:00.000Z,BEAR,LONG,0,7.875,IGNORE,0,WATCH,,0,0,0,NA,NA,NA,NA,NA,WARNING_SOFT,1,0,0,0,0,TREND_REVERSAL_UNCONFIRMED,0,0.45,LONG,1,0,0,0
BTCUSDT,1785387600000,2026-07-30T05:00:00.000Z,BEAR,LONG,0,7.875,IGNORE,0,WATCH,,0,0,0,NA,NA,NA,NA,NA,CLEAR,1,0,0,0,0,TREND_REVERSAL_UNCONFIRMED,0,0.45,LONG,1,0,0,0
BTCUSDT,1785391200000,2026-07-30T06:00:00.000Z,BEAR,LONG,0,7.875,IGNORE,0,WATCH,,0,0,0,NA,NA,NA,NA,NA,WARNING_SOFT,1,0,0,0,0,TREND_REVERSAL_UNCONFIRMED,0,0.45,LONG,1,0,0,0
BTCUSDT,1785394800000,2026-07-30T07:00:00.000Z,BEAR,LONG,0,7.875,IGNORE,0,WATCH,,0,0,0,NA,NA,NA,NA,NA,WARNING_SOFT,1,0,0,0,0,TREND_REVERSAL_UNCONFIRMED,0,0.45,LONG,1,0,0,0
BTCUSDT,1785398400000,2026-07-30T08:00:00.000Z,NEUTRAL,NONE,0,7.875,IGNORE,0,WATCH,,0,0,0,NA,NA,NA,NA,NA,CLEAR,1,0,0,0,0,TREND_REVERSAL_UNCONFIRMED,0,0.45,NONE,1,0,0,0
BTCUSDT,1785402000000,2026-07-30T09:00:00.000Z,BULL,SHORT,17.5,12.909375,IGNORE,0,WATCH,,0,0,0,NA,NA,NA,NA,NA,CLEAR,1,0,0,0,0,TREND_REVERSAL_UNCONFIRMED,1,0.45,SHORT,1,0,0,0
BTCUSDT,1785405600000,2026-07-30T10:00:00.000Z,BULL,SHORT,42.5,18.534375,IGNORE,0,WATCH,,0,0,0,NA,NA,NA,NA,NA,CLEAR,1,0,0,0,0,TREND_REVERSAL_UNCONFIRMED,2,0.45,SHORT,1,0,0,0
BTCUSDT,1785409200000,2026-07-30T11:00:00.000Z,BULL,SHORT,17.5,12.909375,IGNORE,0,WATCH,,0,0,0,NA,NA,NA,NA,NA,CLEAR,1,0,0,0,0,TREND_REVERSAL_UNCONFIRMED,1,0.45,SHORT,1,0,0,0
BTCUSDT,1785412800000,2026-07-30T12:00:00.000Z,BULL,SHORT,31.826402954560525,17.693829232671643,IGNORE,0,WATCH,,0,0,0,NA,NA,NA,NA,NA,CLEAR,1,0,0,0,0,TREND_REVERSAL_UNCONFIRMED,2,0.45,SHORT,1,0,0,0
BTCUSDT,1785416400000,2026-07-30T13:00:00.000Z,BULL,SHORT,67.5,62.317499999999995,WATCH,1,ACTIVE,ACTIVE,1,1,1,PASS,PASS,SKIP,SKIP,PASS,CLEAR,1,0,0,0,1,,3,0.84,SHORT,0,1,0,0
BTCUSDT,1785420000000,2026-07-30T14:00:00.000Z,BULL,SHORT,32.171501040936306,17.721005706973735,IGNORE,0,WATCH,,0,0,0,NA,NA,NA,NA,NA,CLEAR,1,0,0,0,0,TREND_REVERSAL_UNCONFIRMED,2,0.45,SHORT,1,0,0,0
BTCUSDT,1785423600000,2026-07-30T15:00:00.000Z,BULL,SHORT,17.5,12.909375,IGNORE,0,WATCH,,0,0,0,NA,NA,NA,NA,NA,CLEAR,1,0,0,0,0,TREND_REVERSAL_UNCONFIRMED,1,0.45,SHORT,1,0,0,0
BTCUSDT,1785427200000,2026-07-30T16:00:00.000Z,BULL,SHORT,0,7.875,IGNORE,0,WATCH,,0,0,0,NA,NA,NA,NA,NA,CLEAR,1,0,0,0,0,TREND_REVERSAL_UNCONFIRMED,0,0.45,SHORT,1,0,0,0
BTCUSDT,1785430800000,2026-07-30T17:00:00.000Z,BULL,SHORT,24.878037499999998,13.490395453125,IGNORE,0,WATCH,,0,0,0,NA,NA,NA,NA,NA,CLEAR,1,0,0,0,0,TREND_REVERSAL_UNCONFIRMED,1,0.45,SHORT,1,0,0,0
BTCUSDT,1785434400000,2026-07-30T18:00:00.000Z,BULL,SHORT,0,7.875,IGNORE,0,WATCH,,0,0,0,NA,NA,NA,NA,NA,CLEAR,1,0,0,0,0,TREND_REVERSAL_UNCONFIRMED,0,0.45,SHORT,1,0,0,0
BTCUSDT,1785438000000,2026-07-30T19:00:00.000Z,BULL,SHORT,0,7.875,IGNORE,0,WATCH,,0,0,0,NA,NA,NA,NA,NA,CLEAR,1,0,0,0,0,TREND_REVERSAL_UNCONFIRMED,0,0.45,SHORT,1,0,0,0
BTCUSDT,1785441600000,2026-07-30T20:00:00.000Z,BULL,SHORT,0,7.875,IGNORE,0,WATCH,,0,0,0,NA,NA,NA,NA,NA,CLEAR,1,0,0,0,0,TREND_REVERSAL_UNCONFIRMED,0,0.45,SHORT,1,0,0,0
BTCUSDT,1785445200000,2026-07-30T21:00:00.000Z,BULL,SHORT,0,7.875,IGNORE,0,WATCH,,0,0,0,NA,NA,NA,NA,NA,CLEAR,1,0,0,0,0,TREND_REVERSAL_UNCONFIRMED,0,0.45,SHORT,1,0,0,0
BTCUSDT,1785448800000,2026-07-30T22:00:00.000Z,BULL,SHORT,0,7.875,IGNORE,0,WATCH,,0,0,0,NA,NA,NA,NA,NA,CLEAR,1,0,0,0,0,TREND_REVERSAL_UNCONFIRMED,0,0.45,SHORT,1,0,0,0
BTCUSDT,1785452400000,2026-07-30T23:00:00.000Z,BULL,SHORT,33.71232477175063,17.842345575775365,IGNORE,0,WATCH,,0,0,0,NA,NA,NA,NA,NA,CLEAR,1,0,0,0,0,TREND_REVERSAL_UNCONFIRMED,2,0.45,SHORT,1,0,0,0
BTCUSDT,1785456000000,2026-07-31T00:00:00.000Z,BULL,SHORT,0,7.875,IGNORE,0,WATCH,,0,0,0,NA,NA,NA,NA,NA,WARNING_SOFT,1,0,0,0,0,TREND_REVERSAL_UNCONFIRMED,0,0.45,SHORT,1,0,0,0
BTCUSDT,1785459600000,2026-07-31T01:00:00.000Z,NEUTRAL,NONE,0,7.875,IGNORE,0,WATCH,,0,0,0,NA,NA,NA,NA,NA,BLOCK,0,0,0,0,0,TREND_REVERSAL_UNCONFIRMED,0,0.45,NONE,1,0,0,0
BTCUSDT,1785463200000,2026-07-31T02:00:00.000Z,NEUTRAL,NONE,0,7.875,IGNORE,0,WATCH,,0,0,0,NA,NA,NA,NA,NA,BLOCK,0,0,0,0,0,TREND_REVERSAL_UNCONFIRMED,0,0.45,NONE,1,0,0,0
BTCUSDT,1785466800000,2026-07-31T03:00:00.000Z,NEUTRAL,NONE,0,7.875,IGNORE,0,WATCH,,0,0,0,NA,NA,NA,NA,NA,BLOCK,0,0,0,0,0,TREND_REVERSAL_UNCONFIRMED,0,0.45,NONE,1,0,0,0
BTCUSDT,1785470400000,2026-07-31T04:00:00.000Z,NEUTRAL,NONE,0,7.875,IGNORE,0,WATCH,,0,0,0,NA,NA,NA,NA,NA,WARNING_SOFT,1,0,0,0,0,TREND_REVERSAL_UNCONFIRMED,0,0.45,NONE,1,0,0,0
BTCUSDT,1785474000000,2026-07-31T05:00:00.000Z,NEUTRAL,NONE,0,7.875,IGNORE,0,WATCH,,0,0,0,NA,NA,NA,NA,NA,WARNING_SOFT,1,0,0,0,0,TREND_REVERSAL_UNCONFIRMED,0,0.45,NONE,1,0,0,0
BTCUSDT,1785477600000,2026-07-31T06:00:00.000Z,NEUTRAL,NONE,0,7.875,IGNORE,0,WATCH,,0,0,0,NA,NA,NA,NA,NA,WARNING_SOFT,1,0,0,0,0,TREND_REVERSAL_UNCONFIRMED,0,0.45,NONE,1,0,0,0
BTCUSDT,1785481200000,2026-07-31T07:00:00.000Z,NEUTRAL,NONE,0,7.875,IGNORE,0,WATCH,,0,0,0,NA,NA,NA,NA,NA,BLOCK,0,0,0,0,0,TREND_REVERSAL_UNCONFIRMED,0,0.45,NONE,1,0,0,0
BTCUSDT,1785484800000,2026-07-31T08:00:00.000Z,NEUTRAL,NONE,0,7.875,IGNORE,0,WATCH,,0,0,0,NA,NA,NA,NA,NA,WARNING_SOFT,1,0,0,0,0,TREND_REVERSAL_UNCONFIRMED,0,0.45,NONE,1,0,0,0
BTCUSDT,1785488400000,2026-07-31T09:00:00.000Z,BEAR,LONG,0,7.875,IGNORE,0,WATCH,,0,0,0,NA,NA,NA,NA,NA,CLEAR,1,0,0,0,0,TREND_REVERSAL_UNCONFIRMED,0,0.45,LONG,1,0,0,0
BTCUSDT,1785492000000,2026-07-31T10:00:00.000Z,BEAR,LONG,0,7.875,IGNORE,0,WATCH,,0,0,0,NA,NA,NA,NA,NA,CLEAR,1,0,0,0,0,TREND_REVERSAL_UNCONFIRMED,0,0.45,LONG,1,0,0,0
BTCUSDT,1785495600000,2026-07-31T11:00:00.000Z,BEAR,LONG,0,7.875,IGNORE,0,WATCH,,0,0,0,NA,NA,NA,NA,NA,CLEAR,1,0,0,0,0,TREND_REVERSAL_UNCONFIRMED,0,0.45,LONG,1,0,0,0
BTCUSDT,1785499200000,2026-07-31T12:00:00.000Z,BEAR,LONG,0,7.875,IGNORE,0,WATCH,,0,0,0,NA,NA,NA,NA,NA,CLEAR,1,0,0,0,0,TREND_REVERSAL_UNCONFIRMED,0,0.45,LONG,1,0,0,0
BTCUSDT,1785502800000,2026-07-31T13:00:00.000Z,BEAR,LONG,25,13.5,IGNORE,0,WATCH,,0,0,0,NA,NA,NA,NA,NA,CLEAR,1,0,0,0,0,TREND_REVERSAL_UNCONFIRMED,1,0.45,LONG,1,0,0,0
BTCUSDT,1785506400000,2026-07-31T14:00:00.000Z,BEAR,LONG,37.84722222222222,18.16796875,IGNORE,0,WATCH,,0,0,0,NA,NA,NA,NA,NA,CLEAR,1,0,0,0,0,TREND_REVERSAL_UNCONFIRMED,2,0.45,LONG,1,0,0,0
BTCUSDT,1785510000000,2026-07-31T15:00:00.000Z,BEAR,LONG,50.62087940364143,59.83626927233529,WATCH,1,ACTIVE,ACTIVE,1,1,1,PASS,PASS,SKIP,SKIP,PASS,CLEAR,1,0,0,0,1,,3,0.84,LONG,0,1,0,0
BTCUSDT,1785513600000,2026-07-31T16:00:00.000Z,BEAR,LONG,0,7.875,IGNORE,0,WATCH,,0,0,0,NA,NA,NA,NA,NA,CLEAR,1,0,0,0,0,TREND_REVERSAL_UNCONFIRMED,0,0.45,LONG,1,0,0,0
BTCUSDT,1785517200000,2026-07-31T17:00:00.000Z,BEAR,LONG,0,7.875,IGNORE,0,WATCH,,0,0,0,NA,NA,NA,NA,NA,CLEAR,1,0,0,0,0,TREND_REVERSAL_UNCONFIRMED,0,0.45,LONG,1,0,0,0
BTCUSDT,1785520800000,2026-07-31T18:00:00.000Z,BEAR,LONG,0,7.875,IGNORE,0,WATCH,,0,0,0,NA,NA,NA,NA,NA,CLEAR,1,0,0,0,0,TREND_REVERSAL_UNCONFIRMED,0,0.45,LONG,1,0,0,0
BTCUSDT,1785524400000,2026-07-31T19:00:00.000Z,BEAR,LONG,0,7.875,IGNORE,0,WATCH,,0,0,0,NA,NA,NA,NA,NA,CLEAR,1,0,0,0,0,TREND_REVERSAL_UNCONFIRMED,0,0.45,LONG,1,0,0,0
BTCUSDT,1785528000000,2026-07-31T20:00:00.000Z,BEAR,LONG,25,13.5,IGNORE,0,WATCH,,0,0,0,NA,NA,NA,NA,NA,CLEAR,1,0,0,0,0,TREND_REVERSAL_UNCONFIRMED,1,0.45,LONG,1,0,0,0
BTCUSDT,1785531600000,2026-07-31T21:00:00.000Z,BEAR,LONG,0,7.875,IGNORE,0,WATCH,,0,0,0,NA,NA,NA,NA,NA,CLEAR,1,0,0,0,0,TREND_REVERSAL_UNCONFIRMED,0,0.45,LONG,1,0,0,0
BTCUSDT,1785535200000,2026-07-31T22:00:00.000Z,BEAR,LONG,0,7.875,IGNORE,0,WATCH,,0,0,0,NA,NA,NA,NA,NA,CLEAR,1,0,0,0,0,TREND_REVERSAL_UNCONFIRMED,0,0.45,LONG,1,0,0,0
BTCUSDT,1785538800000,2026-07-31T23:00:00.000Z,BEAR,LONG,0,7.875,IGNORE,0,WATCH,,0,0,0,NA,NA,NA,NA,NA,CLEAR,1,0,0,0,0,TREND_REVERSAL_UNCONFIRMED,0,0.45,LONG,1,0,0,0
BTCUSDT,1785542400000,2026-08-01T00:00:00.000Z,BEAR,LONG,41.0594,18.42092775,IGNORE,0,WATCH,,0,0,0,NA,NA,NA,NA,NA,CLEAR,1,0,0,0,0,TREND_REVERSAL_UNCONFIRMED,2,0.45,LONG,1,0,0,0
BTCUSDT,1785546000000,2026-08-01T01:00:00.000Z,BEAR,LONG,17.5,12.909375,IGNORE,0,WATCH,,0,0,0,NA,NA,NA,NA,NA,CLEAR,1,0,0,0,0,TREND_REVERSAL_UNCONFIRMED,1,0.45,LONG,1,0,0,0
BTCUSDT,1785549600000,2026-08-01T02:00:00.000Z,BEAR,LONG,17.5,12.909375,IGNORE,0,WATCH,,0,0,0,NA,NA,NA,NA,NA,WARNING_SOFT,1,0,0,0,0,TREND_REVERSAL_UNCONFIRMED,1,0.45,LONG,1,0,0,0
BTCUSDT,1785553200000,2026-08-01T03:00:00.000Z,BEAR,LONG,17.5,12.909375,IGNORE,0,WATCH,,0,0,0,NA,NA,NA,NA,NA,WARNING_SOFT,1,0,0,0,0,TREND_REVERSAL_UNCONFIRMED,1,0.45,LONG,1,0,0,0
BTCUSDT,1785556800000,2026-08-01T04:00:00.000Z,BEAR,LONG,17.5,12.909375,IGNORE,0,WATCH,,0,0,0,NA,NA,NA,NA,NA,WARNING_SOFT,1,0,0,0,0,TREND_REVERSAL_UNCONFIRMED,1,0.45,LONG,1,0,0,0
BTCUSDT,1785560400000,2026-08-01T05:00:00.000Z,BEAR,LONG,17.5,12.909375,IGNORE,0,WATCH,,0,0,0,NA,NA,NA,NA,NA,WARNING_SOFT,1,0,0,0,0,TREND_REVERSAL_UNCONFIRMED,1,0.45,LONG,1,0,0,0
BTCUSDT,1785564000000,2026-08-01T06:00:00.000Z,BEAR,LONG,17.5,12.909375,IGNORE,0,WATCH,,0,0,0,NA,NA,NA,NA,NA,WARNING_SOFT,1,0,0,0,0,TREND_REVERSAL_UNCONFIRMED,1,0.45,LONG,1,0,0,0
BTCUSDT,1785567600000,2026-08-01T07:00:00.000Z,BEAR,LONG,17.5,12.909375,IGNORE,0,WATCH,,0,0,0,NA,NA,NA,NA,NA,WARNING_SOFT,1,0,0,0,0,TREND_REVERSAL_UNCONFIRMED,1,0.45,LONG,1,0,0,0
BTCUSDT,1785571200000,2026-08-01T08:00:00.000Z,BEAR,LONG,37.6875875,18.155397515625,IGNORE,0,WATCH,,0,0,0,NA,NA,NA,NA,NA,WARNING_SOFT,1,0,0,0,0,TREND_REVERSAL_UNCONFIRMED,2,0.45,LONG,1,0,0,0
BTCUSDT,1785574800000,2026-08-01T09:00:00.000Z,BEAR,LONG,17.5,12.909375,IGNORE,0,WATCH,,0,0,0,NA,NA,NA,NA,NA,WARNING_SOFT,1,0,0,0,0,TREND_REVERSAL_UNCONFIRMED,1,0.45,LONG,1,0,0,0
BTCUSDT,1785578400000,2026-08-01T10:00:00.000Z,BEAR,LONG,17.5,12.909375,IGNORE,0,WATCH,,0,0,0,NA,NA,NA,NA,NA,CLEAR,1,0,0,0,0,TREND_REVERSAL_UNCONFIRMED,1,0.45,LONG,1,0,0,0
BTCUSDT,1785582000000,2026-08-01T11:00:00.000Z,BEAR,LONG,17.5,12.909375,IGNORE,0,WATCH,,0,0,0,NA,NA,NA,NA,NA,WARNING_SOFT,1,0,0,0,0,TREND_REVERSAL_UNCONFIRMED,1,0.45,LONG,1,0,0,0
BTCUSDT,1785585600000,2026-08-01T12:00:00.000Z,BEAR,LONG,35.601575,17.99112403125,IGNORE,0,WATCH,,0,0,0,NA,NA,NA,NA,NA,WARNING_SOFT,1,0,0,0,0,TREND_REVERSAL_UNCONFIRMED,2,0.45,LONG,1,0,0,0
BTCUSDT,1785589200000,2026-08-01T13:00:00.000Z,BEAR,LONG,17.5,12.909375,IGNORE,0,WATCH,,0,0,0,NA,NA,NA,NA,NA,WARNING_SOFT,1,0,0,0,0,TREND_REVERSAL_UNCONFIRMED,1,0.45,LONG,1,0,0,0
BTCUSDT,1785592800000,2026-08-01T14:00:00.000Z,BEAR,LONG,17.5,12.909375,IGNORE,0,WATCH,,0,0,0,NA,NA,NA,NA,NA,WARNING_SOFT,1,0,0,0,0,TREND_REVERSAL_UNCONFIRMED,1,0.45,LONG,1,0,0,0
BTCUSDT,1785596400000,2026-08-01T15:00:00.000Z,BEAR,LONG,17.5,12.909375,IGNORE,0,WATCH,,0,0,0,NA,NA,NA,NA,NA,WARNING_SOFT,1,0,0,0,0,TREND_REVERSAL_UNCONFIRMED,1,0.45,LONG,1,0,0,0
BTCUSDT,1785600000000,2026-08-01T16:00:00.000Z,BEAR,LONG,42.5,18.534375,IGNORE,0,WATCH,,0,0,0,NA,NA,NA,NA,NA,CLEAR,1,0,0,0,0,TREND_REVERSAL_UNCONFIRMED,2,0.45,LONG,1,0,0,0
BTCUSDT,1785603600000,2026-08-01T17:00:00.000Z,BEAR,LONG,42.5,18.534375,IGNORE,0,WATCH,,0,0,0,NA,NA,NA,NA,NA,CLEAR,1,0,1,0,0,TREND_REVERSAL_UNCONFIRMED,2,0.45,LONG,1,0,0,0
BTCUSDT,1785607200000,2026-08-01T18:00:00.000Z,BEAR,LONG,42.5,18.534375,IGNORE,0,WATCH,,0,0,0,NA,NA,NA,NA,NA,CLEAR,1,0,1,0,0,TREND_REVERSAL_UNCONFIRMED,2,0.45,LONG,1,0,0,0
BTCUSDT,1785610800000,2026-08-01T19:00:00.000Z,BEAR,LONG,49.05844960954994,22.70710290675206,IGNORE,0,WATCH,,0,0,0,NA,NA,NA,NA,NA,CLEAR,1,0,1,0,0,TREND_REVERSAL_UNCONFIRMED,3,0.45,LONG,1,0,0,0
BTCUSDT,1785614400000,2026-08-01T20:00:00.000Z,BEAR,LONG,42.5,18.534375,IGNORE,0,WATCH,,0,0,0,NA,NA,NA,NA,NA,CLEAR,1,0,0,0,0,TREND_REVERSAL_UNCONFIRMED,2,0.45,LONG,1,0,0,0
BTCUSDT,1785618000000,2026-08-01T21:00:00.000Z,BEAR,LONG,13.38316850360778,12.585174519659112,IGNORE,0,WATCH,,0,0,0,NA,NA,NA,NA,NA,CLEAR,1,0,0,0,0,TREND_REVERSAL_UNCONFIRMED,1,0.45,LONG,1,0,0,0
BTCUSDT,1785621600000,2026-08-01T22:00:00.000Z,BEAR,LONG,0,7.875,IGNORE,0,WATCH,,0,0,0,NA,NA,NA,NA,NA,WARNING_SOFT,1,0,0,0,0,TREND_REVERSAL_UNCONFIRMED,0,0.45,LONG,1,0,0,0
BTCUSDT,1785625200000,2026-08-01T23:00:00.000Z,BEAR,LONG,0,7.875,IGNORE,0,WATCH,,0,0,0,NA,NA,NA,NA,NA,WARNING_SOFT,1,0,0,0,0,TREND_REVERSAL_UNCONFIRMED,0,0.45,LONG,1,0,0,0
BTCUSDT,1785628800000,2026-08-02T00:00:00.000Z,BEAR,LONG,0,7.875,IGNORE,0,WATCH,,0,0,0,NA,NA,NA,NA,NA,WARNING_SOFT,1,0,0,0,0,TREND_REVERSAL_UNCONFIRMED,0,0.45,LONG,1,0,0,0
BTCUSDT,1785632400000,2026-08-02T01:00:00.000Z,NEUTRAL,NONE,0,7.875,IGNORE,0,WATCH,,0,0,0,NA,NA,NA,NA,NA,CLEAR,1,0,0,0,0,TREND_REVERSAL_UNCONFIRMED,0,0.45,NONE,1,0,0,0
BTCUSDT,1785636000000,2026-08-02T02:00:00.000Z,NEUTRAL,NONE,0,7.875,IGNORE,0,WATCH,,0,0,0,NA,NA,NA,NA,NA,CLEAR,1,1,0,0,0,TREND_REVERSAL_UNCONFIRMED,0,0.45,NONE,1,0,0,0
BTCUSDT,1785639600000,2026-08-02T03:00:00.000Z,NEUTRAL,NONE,0,7.875,IGNORE,0,WATCH,,0,0,0,NA,NA,NA,NA,NA,CLEAR,1,0,0,0,0,TREND_REVERSAL_UNCONFIRMED,0,0.45,NONE,1,0,0,0
BTCUSDT,1785643200000,2026-08-02T04:00:00.000Z,NEUTRAL,NONE,0,7.875,IGNORE,0,WATCH,,0,0,0,NA,NA,NA,NA,NA,CLEAR,1,0,0,0,0,TREND_REVERSAL_UNCONFIRMED,0,0.45,NONE,1,0,0,0
BTCUSDT,1785646800000,2026-08-02T05:00:00.000Z,NEUTRAL,NONE,0,7.875,IGNORE,0,WATCH,,0,0,0,NA,NA,NA,NA,NA,CLEAR,1,0,0,0,0,TREND_REVERSAL_UNCONFIRMED,0,0.45,NONE,1,0,0,0
BTCUSDT,1785650400000,2026-08-02T06:00:00.000Z,NEUTRAL,NONE,0,7.875,IGNORE,0,WATCH,,0,0,0,NA,NA,NA,NA,NA,CLEAR,1,0,0,0,0,TREND_REVERSAL_UNCONFIRMED,0,0.45,NONE,1,0,0,0
BTCUSDT,1785654000000,2026-08-02T07:00:00.000Z,NEUTRAL,NONE,0,7.875,IGNORE,0,WATCH,,0,0,0,NA,NA,NA,NA,NA,CLEAR,1,0,0,0,0,TREND_REVERSAL_UNCONFIRMED,0,0.45,NONE,1,0,0,0
BTCUSDT,1785657600000,2026-08-02T08:00:00.000Z,NEUTRAL,NONE,0,7.875,IGNORE,0,WATCH,,0,0,0,NA,NA,NA,NA,NA,CLEAR,1,0,1,0,0,TREND_REVERSAL_UNCONFIRMED,0,0.45,NONE,1,0,0,0
BTCUSDT,1785661200000,2026-08-02T09:00:00.000Z,NEUTRAL,NONE,0,7.875,IGNORE,0,WATCH,,0,0,0,NA,NA,NA,NA,NA,BLOCK,0,0,0,0,0,TREND_REVERSAL_UNCONFIRMED,0,0.45,NONE,1,0,0,0
BTCUSDT,1785664800000,2026-08-02T10:00:00.000Z,NEUTRAL,NONE,0,7.875,IGNORE,0,WATCH,,0,0,0,NA,NA,NA,NA,NA,WARNING_SOFT,1,0,0,0,0,TREND_REVERSAL_UNCONFIRMED,0,0.45,NONE,1,0,0,0
BTCUSDT,1785668400000,2026-08-02T11:00:00.000Z,BEAR,LONG,0,7.875,IGNORE,0,WATCH,,0,0,0,NA,NA,NA,NA,NA,CLEAR,1,0,0,0,0,TREND_REVERSAL_UNCONFIRMED,0,0.45,LONG,1,0,0,0
BTCUSDT,1785672000000,2026-08-02T12:00:00.000Z,BEAR,LONG,22.621212500000002,13.312670484375,IGNORE,0,WATCH,,0,0,0,NA,NA,NA,NA,NA,CLEAR,1,0,0,0,0,TREND_REVERSAL_UNCONFIRMED,1,0.45,LONG,1,0,0,0
BTCUSDT,1785675600000,2026-08-02T13:00:00.000Z,BEAR,LONG,0,7.875,IGNORE,0,WATCH,,0,0,0,NA,NA,NA,NA,NA,CLEAR,1,0,0,0,0,TREND_REVERSAL_UNCONFIRMED,0,0.45,LONG,1,0,0,0
BTCUSDT,1785679200000,2026-08-02T14:00:00.000Z,BEAR,LONG,17.5,12.909375,IGNORE,0,WATCH,,0,0,0,NA,NA,NA,NA,NA,CLEAR,1,0,0,0,0,TREND_REVERSAL_UNCONFIRMED,1,0.45,LONG,1,0,0,0
BTCUSDT,1785682800000,2026-08-02T15:00:00.000Z,BEAR,LONG,17.5,12.909375,IGNORE,0,WATCH,,0,0,0,NA,NA,NA,NA,NA,CLEAR,1,0,0,0,0,TREND_REVERSAL_UNCONFIRMED,1,0.45,LONG,1,0,0,0
BTCUSDT,1785686400000,2026-08-02T16:00:00.000Z,NEUTRAL,NONE,0,7.875,IGNORE,0,WATCH,,0,0,0,NA,NA,NA,NA,NA,WARNING_SOFT,1,0,0,0,0,TREND_REVERSAL_UNCONFIRMED,0,0.45,NONE,1,0,0,0
BTCUSDT,1785690000000,2026-08-02T17:00:00.000Z,NEUTRAL,NONE,0,7.875,IGNORE,0,WATCH,,0,0,0,NA,NA,NA,NA,NA,CLEAR,1,0,0,0,0,TREND_REVERSAL_UNCONFIRMED,0,0.45,NONE,1,0,0,0
BTCUSDT,1785693600000,2026-08-02T18:00:00.000Z,NEUTRAL,NONE,0,7.875,IGNORE,0,WATCH,,0,0,0,NA,NA,NA,NA,NA,CLEAR,1,0,0,0,0,TREND_REVERSAL_UNCONFIRMED,0,0.45,NONE,1,0,0,0
BTCUSDT,1785697200000,2026-08-02T19:00:00.000Z,NEUTRAL,NONE,0,7.875,IGNORE,0,WATCH,,0,0,0,NA,NA,NA,NA,NA,CLEAR,1,0,0,0,0,TREND_REVERSAL_UNCONFIRMED,0,0.45,NONE,1,0,0,0
BTCUSDT,1785700800000,2026-08-02T20:00:00.000Z,NEUTRAL,NONE,0,7.875,IGNORE,0,WATCH,,0,0,0,NA,NA,NA,NA,NA,CLEAR,1,0,0,0,0,TREND_REVERSAL_UNCONFIRMED,0,0.45,NONE,1,0,0,0
BTCUSDT,1785704400000,2026-08-02T21:00:00.000Z,NEUTRAL,NONE,0,7.875,IGNORE,0,WATCH,,0,0,0,NA,NA,NA,NA,NA,CLEAR,1,1,0,0,0,TREND_REVERSAL_UNCONFIRMED,0,0.45,NONE,1,0,0,0
BTCUSDT,1785708000000,2026-08-02T22:00:00.000Z,BULL,SHORT,45.29273341737024,18.754302756617907,IGNORE,0,WATCH,,0,0,0,NA,NA,NA,NA,NA,CLEAR,1,0,0,0,0,TREND_REVERSAL_UNCONFIRMED,2,0.45,SHORT,1,0,0,0
BTCUSDT,1785711600000,2026-08-02T23:00:00.000Z,BULL,SHORT,0,7.875,IGNORE,0,WATCH,,0,0,0,NA,NA,NA,NA,NA,CLEAR,1,0,0,0,0,TREND_REVERSAL_UNCONFIRMED,0,0.45,SHORT,1,0,0,0
BTCUSDT,1785715200000,2026-08-03T00:00:00.000Z,BULL,SHORT,14.199649746091978,12.649472417504743,IGNORE,0,WATCH,,0,0,0,NA,NA,NA,NA,NA,WARNING_SOFT,1,0,0,0,0,TREND_REVERSAL_UNCONFIRMED,1,0.45,SHORT,1,0,0,0
BTCUSDT,1785718800000,2026-08-03T01:00:00.000Z,NEUTRAL,NONE,0,7.875,IGNORE,0,WATCH,,0,0,0,NA,NA,NA,NA,NA,BLOCK,0,0,0,0,0,TREND_REVERSAL_UNCONFIRMED,0,0.45,NONE,1,0,0,0
BTCUSDT,1785722400000,2026-08-03T02:00:00.000Z,NEUTRAL,NONE,0,7.875,IGNORE,0,WATCH,,0,0,0,NA,NA,NA,NA,NA,WARNING_SOFT,1,0,0,0,0,TREND_REVERSAL_UNCONFIRMED,0,0.45,NONE,1,0,0,0
BTCUSDT,1785726000000,2026-08-03T03:00:00.000Z,BEAR,LONG,36.04377385045939,18.025947190723677,IGNORE,0,WATCH,,0,0,0,NA,NA,NA,NA,NA,CLEAR,1,0,0,0,0,TREND_REVERSAL_UNCONFIRMED,2,0.45,LONG,1,0,0,0
BTCUSDT,1785729600000,2026-08-03T04:00:00.000Z,BEAR,LONG,30.939307583089857,17.623970472168324,IGNORE,0,WATCH,,0,0,0,NA,NA,NA,NA,NA,CLEAR,1,0,0,0,0,TREND_REVERSAL_UNCONFIRMED,2,0.45,LONG,1,0,0,0
BTCUSDT,1785733200000,2026-08-03T05:00:00.000Z,BEAR,LONG,17.5,12.909375,IGNORE,0,WATCH,,0,0,0,NA,NA,NA,NA,NA,CLEAR,1,0,0,0,0,TREND_REVERSAL_UNCONFIRMED,1,0.45,LONG,1,0,0,0
BTCUSDT,1785736800000,2026-08-03T06:00:00.000Z,BEAR,LONG,38.20877843017712,18.19644130137645,IGNORE,0,WATCH,,0,0,0,NA,NA,NA,NA,NA,CLEAR,1,0,0,0,0,TREND_REVERSAL_UNCONFIRMED,2,0.45,LONG,1,0,0,0
BTCUSDT,1785740400000,2026-08-03T07:00:00.000Z,BEAR,LONG,32.82265945615722,17.77228443217238,IGNORE,0,WATCH,,0,0,0,NA,NA,NA,NA,NA,CLEAR,1,0,0,0,0,TREND_REVERSAL_UNCONFIRMED,2,0.45,LONG,1,0,0,0
BTCUSDT,1785744000000,2026-08-03T08:00:00.000Z,BEAR,LONG,42.5,18.534375,IGNORE,0,WATCH,,0,0,0,NA,NA,NA,NA,NA,CLEAR,1,0,0,0,0,TREND_REVERSAL_UNCONFIRMED,2,0.45,LONG,1,0,0,0
BTCUSDT,1785747600000,2026-08-03T09:00:00.000Z,BEAR,LONG,35.98752727239079,18.021517772700776,IGNORE,0,WATCH,,0,0,0,NA,NA,NA,NA,NA,CLEAR,1,0,0,0,0,TREND_REVERSAL_UNCONFIRMED,2,0.45,LONG,1,0,0,0
BTCUSDT,1785751200000,2026-08-03T10:00:00.000Z,BEAR,LONG,17.5,12.909375,IGNORE,0,WATCH,,0,0,0,NA,NA,NA,NA,NA,CLEAR,1,0,0,0,0,TREND_REVERSAL_UNCONFIRMED,1,0.45,LONG,1,0,0,0
BTCUSDT,1785754800000,2026-08-03T11:00:00.000Z,BEAR,LONG,0,7.875,IGNORE,0,WATCH,,0,0,0,NA,NA,NA,NA,NA,CLEAR,1,0,0,0,0,TREND_REVERSAL_UNCONFIRMED,0,0.45,LONG,1,0,0,0
BTCUSDT,1785758400000,2026-08-03T12:00:00.000Z,BEAR,LONG,41.45695301522949,18.452235049949323,IGNORE,0,WATCH,,0,0,0,NA,NA,NA,NA,NA,CLEAR,1,0,0,0,0,TREND_REVERSAL_UNCONFIRMED,2,0.45,LONG,1,0,0,0
BTCUSDT,1785762000000,2026-08-03T13:00:00.000Z,NEUTRAL,NONE,0,7.875,IGNORE,0,WATCH,,0,0,0,NA,NA,NA,NA,NA,BLOCK,0,0,0,0,0,TREND_REVERSAL_UNCONFIRMED,0,0.45,NONE,1,0,0,0
BTCUSDT,1785765600000,2026-08-03T14:00:00.000Z,NEUTRAL,NONE,0,7.875,IGNORE,0,WATCH,,0,0,0,NA,NA,NA,NA,NA,CLEAR,1,1,0,0,0,TREND_REVERSAL_UNCONFIRMED,0,0.45,NONE,1,0,0,0
BTCUSDT,1785769200000,2026-08-03T15:00:00.000Z,NEUTRAL,NONE,0,7.875,IGNORE,0,WATCH,,0,0,0,NA,NA,NA,NA,NA,CLEAR,1,0,0,0,0,TREND_REVERSAL_UNCONFIRMED,0,0.45,NONE,1,0,0,0
BTCUSDT,1785772800000,2026-08-03T16:00:00.000Z,NEUTRAL,NONE,0,7.875,IGNORE,0,WATCH,,0,0,0,NA,NA,NA,NA,NA,CLEAR,1,0,0,0,0,TREND_REVERSAL_UNCONFIRMED,0,0.45,NONE,1,0,0,0
BTCUSDT,1785776400000,2026-08-03T17:00:00.000Z,BULL,SHORT,0,7.875,IGNORE,0,WATCH,,0,0,0,NA,NA,NA,NA,NA,CLEAR,1,0,0,0,0,TREND_REVERSAL_UNCONFIRMED,0,0.45,SHORT,1,0,0,0
BTCUSDT,1785780000000,2026-08-03T18:00:00.000Z,BULL,SHORT,0,7.875,IGNORE,0,WATCH,,0,0,0,NA,NA,NA,NA,NA,CLEAR,1,0,0,0,0,TREND_REVERSAL_UNCONFIRMED,0,0.45,SHORT,1,0,0,0
BTCUSDT,1785783600000,2026-08-03T19:00:00.000Z,BULL,SHORT,0,7.875,IGNORE,0,WATCH,,0,0,0,NA,NA,NA,NA,NA,CLEAR,1,0,0,0,0,TREND_REVERSAL_UNCONFIRMED,0,0.45,SHORT,1,0,0,0
BTCUSDT,1785787200000,2026-08-03T20:00:00.000Z,BULL,SHORT,0,7.875,IGNORE,0,WATCH,,0,0,0,NA,NA,NA,NA,NA,CLEAR,1,0,0,0,0,TREND_REVERSAL_UNCONFIRMED,0,0.45,SHORT,1,0,0,0
BTCUSDT,1785790800000,2026-08-03T21:00:00.000Z,BULL,SHORT,0,7.875,IGNORE,0,WATCH,,0,0,0,NA,NA,NA,NA,NA,CLEAR,1,0,0,0,0,TREND_REVERSAL_UNCONFIRMED,0,0.45,SHORT,1,0,0,0
BTCUSDT,1785794400000,2026-08-03T22:00:00.000Z,BULL,SHORT,0,7.875,IGNORE,0,WATCH,,0,0,0,NA,NA,NA,NA,NA,WARNING_SOFT,1,0,0,0,0,TREND_REVERSAL_UNCONFIRMED,0,0.45,SHORT,1,0,0,0

# summary
stage,n,note
0_bars_dumped,4319,1H bars in 180d after warmup
0b_non_neutral_trend,2925,BULL|BEAR count during loop
band_lt45,4254,finalConfidence < 45 | 98.50%
band_45_to_75,65,45 ≤ finalConfidence < 75 | 1.50%
band_ge75,0,finalConfidence ≥ 75 | 0.00%
decision_LONG_or_SHORT,0,engine decision LONG|SHORT | 0.00%
ge75_and_LONG_SHORT,0,≥75 AND decision LONG|SHORT | 0.00% of bars; of ≥75: n/a%
trActive,88,preContext or state ACTIVE
trendReversalConfirmed,88,decisionContext.trendReversalConfirmed
eligible,23,isEligibleForDirection
