phase,lookback_n,max_width_pct,atr_mult,retest_max_bars,retest_band_pct,tp1_rr,require_strong_breakout,max_hold_1h,is_n,is_wr,is_e_r_before,is_e_r_after,is_conc_pct,is_top_q,is_q1_n,is_q2_n,is_q3_n,is_q4_n,is_q1_er,is_q2_er,is_q3_er,is_q4_er,is_cluster_n,is_small_n_flag,oos_n,oos_wr,oos_e_r_before,oos_e_r_after,oos_conc_pct,oos_top_q,oos_q1_n,oos_q2_n,oos_q3_n,oos_q4_n,oos_q1_er,oos_q2_er,oos_q3_er,oos_q4_er,oos_cluster_n,oos_small_n_flag,pass_is_er,pass_oos_er,pass_wr,pass_conc_is,pass_conc_oos,pass_small_n_is,pass_small_n_oos,pass_all,reject_reason,cluster_note
combo,20,3,1,10,0.005,2.5,true,80,11,54.5455,0.909091,0.776974,56.6300,1,2,3,2,4,2.420002,0.004338,0.656186,0.595331,0,true,10,55.5556,0.944444,0.806403,70.9684,4,4,1,0,5,-0.261444,2.410613,,1.473198,0,false,true,true,true,false,false,false,true,false,"is_concentration>50%|oos_concentration>50%|is_small_n_pos>30%:Q1_n=2_share=56.6%",""
combo,20,3,1,5,0.005,2.5,true,80,11,54.5455,0.909091,0.776974,56.6300,1,2,3,2,4,2.420002,0.004338,0.656186,0.595331,0,true,10,55.5556,0.944444,0.806403,70.9684,4,4,1,0,5,-0.261444,2.410613,,1.473198,0,false,true,true,true,false,false,false,true,false,"is_concentration>50%|oos_concentration>50%|is_small_n_pos>30%:Q1_n=2_share=56.6%",""
combo,20,3,1,10,0.005,2.5,true,40,11,50.0000,0.750000,0.611515,49.6863,1,2,3,2,4,2.430710,0.004338,0.656186,0.568011,0,true,10,50.0000,0.750000,0.607529,70.9684,4,4,1,0,5,-1.147723,2.410613,,1.473198,0,false,true,true,false,true,false,false,true,false,"is_wr_not_above_baseline|oos_concentration>50%|is_small_n_pos>30%:Q1_n=2_share=49.7%",""
combo,20,3,1,5,0.005,2.5,true,40,11,50.0000,0.750000,0.611515,49.6863,1,2,3,2,4,2.430710,0.004338,0.656186,0.568011,0,true,10,50.0000,0.750000,0.607529,70.9684,4,4,1,0,5,-1.147723,2.410613,,1.473198,0,false,true,true,false,true,false,false,true,false,"is_wr_not_above_baseline|oos_concentration>50%|is_small_n_pos>30%:Q1_n=2_share=49.7%",""
combo,15,5,1.5,10,0.003,2.5,true,40,18,42.8571,0.500000,0.402806,64.2193,4,4,6,4,4,0.100379,0.290004,0.088873,1.207170,0,true,16,42.8571,0.500000,0.405095,65.4392,2,6,4,0,6,-1.100278,2.437114,,0.643564,0,true,true,true,false,false,false,false,false,false,"is_wr_not_above_baseline|is_concentration>50%|oos_concentration>50%|is_small_n_pos>30%:Q4_n=4_share=64.2%|oos_small_n_pos>30%:Q2_n=4_share=65.4%",""
combo,15,5,1.5,5,0.003,2.5,true,40,18,42.8571,0.500000,0.402806,64.2193,4,4,6,4,4,0.100379,0.290004,0.088873,1.207170,0,true,16,42.8571,0.500000,0.405095,65.4392,2,6,4,0,6,-1.100278,2.437114,,0.643564,0,true,true,true,false,false,false,false,false,false,"is_wr_not_above_baseline|is_concentration>50%|oos_concentration>50%|is_small_n_pos>30%:Q4_n=4_share=64.2%|oos_small_n_pos>30%:Q2_n=4_share=65.4%",""
combo,20,3,1.5,10,0.005,1.5,true,80,11,60.0000,0.500000,0.392519,59.3961,1,2,3,2,4,1.428715,-0.295204,0.171664,0.536682,0,true,10,60.0000,0.500000,0.394926,75.7964,4,4,1,0,5,-0.484712,1.425134,,0.892595,0,false,true,true,true,false,false,false,true,false,"is_concentration>50%|oos_concentration>50%|is_small_n_pos>30%:Q1_n=2_share=59.4%;Q4_n=4_share=33.5%",""
combo,20,3,1.5,10,0.005,1.5,true,40,11,60.0000,0.500000,0.392519,59.3961,1,2,3,2,4,1.428715,-0.295204,0.171664,0.536682,0,true,10,60.0000,0.500000,0.394926,75.7964,4,4,1,0,5,-0.484712,1.425134,,0.892595,0,false,true,true,true,false,false,false,true,false,"is_concentration>50%|oos_concentration>50%|is_small_n_pos>30%:Q1_n=2_share=59.4%;Q4_n=4_share=33.5%",""
combo,20,3,1.5,5,0.005,1.5,true,80,11,60.0000,0.500000,0.392519,59.3961,1,2,3,2,4,1.428715,-0.295204,0.171664,0.536682,0,true,10,60.0000,0.500000,0.394926,75.7964,4,4,1,0,5,-0.484712,1.425134,,0.892595,0,false,true,true,true,false,false,false,true,false,"is_concentration>50%|oos_concentration>50%|is_small_n_pos>30%:Q1_n=2_share=59.4%;Q4_n=4_share=33.5%",""
combo,20,3,1.5,5,0.005,1.5,true,40,11,60.0000,0.500000,0.392519,59.3961,1,2,3,2,4,1.428715,-0.295204,0.171664,0.536682,0,true,10,60.0000,0.500000,0.394926,75.7964,4,4,1,0,5,-0.484712,1.425134,,0.892595,0,false,true,true,true,false,false,false,true,false,"is_concentration>50%|oos_concentration>50%|is_small_n_pos>30%:Q1_n=2_share=59.4%;Q4_n=4_share=33.5%",""
combo,20,3,1,10,0.005,2.5,false,80,27,44.0000,0.540000,0.386216,48.1086,2,5,5,8,9,0.661325,0.942191,0.348011,-0.015213,1,false,20,58.8235,1.058824,0.934993,74.8171,4,6,1,2,11,0.040832,2.410613,0.673597,1.486510,0,false,true,true,false,true,false,true,true,false,"is_wr_not_above_baseline|oos_concentration>50%","IS_clusters=1(2);OOS_clusters=0(0);likely_reentry_after_exit_same_side_le6h"
combo,20,3,1,5,0.005,2.5,false,80,27,44.0000,0.540000,0.386216,48.1086,2,5,5,8,9,0.661325,0.942191,0.348011,-0.015213,1,false,20,58.8235,1.058824,0.934993,74.8171,4,6,1,2,11,0.040832,2.410613,0.673597,1.486510,0,false,true,true,false,true,false,true,true,false,"is_wr_not_above_baseline|oos_concentration>50%","IS_clusters=1(2);OOS_clusters=0(0);likely_reentry_after_exit_same_side_le6h"
combo,20,3,1.5,10,0.005,2.5,true,40,11,50.0000,0.750000,0.639380,47.7292,1,2,3,2,4,2.441369,0.038130,0.671664,0.607978,0,true,10,42.8571,0.500000,0.381071,100.0000,4,4,1,0,5,-1.118424,,,1.505692,0,false,true,true,false,true,false,false,true,false,"is_wr_not_above_baseline|oos_concentration>50%|is_small_n_pos>30%:Q1_n=2_share=47.7%",""
combo,20,3,1.5,5,0.005,2.5,true,40,11,50.0000,0.750000,0.639380,47.7292,1,2,3,2,4,2.441369,0.038130,0.671664,0.607978,0,true,10,42.8571,0.500000,0.381071,100.0000,4,4,1,0,5,-1.118424,,,1.505692,0,false,true,true,false,true,false,false,true,false,"is_wr_not_above_baseline|oos_concentration>50%|is_small_n_pos>30%:Q1_n=2_share=47.7%",""
combo,20,3,1.5,10,0.003,2.5,true,40,7,42.8571,0.500000,0.381953,50.2428,3,0,3,2,2,,0.038130,0.671664,0.607978,0,true,9,42.8571,0.500000,0.381071,100.0000,4,3,1,1,4,-1.118424,,,1.505692,0,true,true,true,false,false,false,false,false,false,"is_wr_not_above_baseline|is_concentration>50%|oos_concentration>50%|is_small_n_pos>30%:Q3_n=2_share=50.2%;Q4_n=2_share=45.5%|oos_small_n_pos>30%:Q4_n=4_share=100.0%",""
combo,20,3,1.5,5,0.003,2.5,true,40,7,42.8571,0.500000,0.381953,50.2428,3,0,3,2,2,,0.038130,0.671664,0.607978,0,true,9,42.8571,0.500000,0.381071,100.0000,4,3,1,1,4,-1.118424,,,1.505692,0,true,true,true,false,false,false,false,false,false,"is_wr_not_above_baseline|is_concentration>50%|oos_concentration>50%|is_small_n_pos>30%:Q3_n=2_share=50.2%;Q4_n=2_share=45.5%|oos_small_n_pos>30%:Q4_n=4_share=100.0%",""
combo,20,5,1,10,0.003,2.5,true,80,15,42.8571,0.500000,0.378603,50.5502,1,3,5,3,4,1.260704,-0.436292,0.060406,1.172856,0,true,16,43.7500,0.531250,0.412593,54.1677,2,6,3,1,6,-1.118646,2.403845,2.419749,0.613678,1,true,true,true,false,false,false,false,false,false,"is_wr_not_above_baseline|is_concentration>50%|oos_concentration>50%|is_small_n_pos>30%:Q1_n=3_share=50.6%;Q4_n=4_share=47.0%|oos_small_n_pos>30%:Q2_n=3_share=54.2%","IS_clusters=0(0);OOS_clusters=1(2);likely_reentry_after_exit_same_side_le6h"
combo,20,5,1,5,0.003,2.5,true,80,15,42.8571,0.500000,0.378603,50.5502,1,3,5,3,4,1.260704,-0.436292,0.060406,1.172856,0,true,16,43.7500,0.531250,0.412593,54.1677,2,6,3,1,6,-1.118646,2.403845,2.419749,0.613678,1,true,true,true,false,false,false,false,false,false,"is_wr_not_above_baseline|is_concentration>50%|oos_concentration>50%|is_small_n_pos>30%:Q1_n=3_share=50.6%;Q4_n=4_share=47.0%|oos_small_n_pos>30%:Q2_n=3_share=54.2%","IS_clusters=0(0);OOS_clusters=1(2);likely_reentry_after_exit_same_side_le6h"
combo,20,5,1.5,10,0.003,2.5,false,80,43,43.5897,0.525641,0.420303,33.1403,1,10,8,13,12,0.679037,0.641133,0.062912,0.461411,1,false,33,41.9355,0.467742,0.375410,71.5711,4,10,3,5,15,-0.746270,1.255950,0.332438,1.051567,3,false,true,true,false,true,false,true,true,false,"is_wr_not_above_baseline|oos_concentration>50%","IS_clusters=1(2);OOS_clusters=3(6);likely_reentry_after_exit_same_side_le6h"
combo,20,5,1.5,5,0.003,2.5,false,80,43,43.5897,0.525641,0.420303,33.1403,1,10,8,13,12,0.679037,0.641133,0.062912,0.461411,1,false,33,41.9355,0.467742,0.375410,71.5711,4,10,3,5,15,-0.746270,1.255950,0.332438,1.051567,3,false,true,true,false,true,false,true,true,false,"is_wr_not_above_baseline|oos_concentration>50%","IS_clusters=1(2);OOS_clusters=3(6);likely_reentry_after_exit_same_side_le6h"
combo,20,3,1,10,0.005,1.5,true,80,11,63.6364,0.590909,0.458792,47.7539,4,2,3,2,4,1.420002,-0.328996,0.156186,0.720331,0,true,10,60.0000,0.500000,0.368802,75.3983,4,4,1,0,5,-0.511444,1.410613,,0.864636,0,false,true,true,true,true,false,false,true,false,"oos_concentration>50%|is_small_n_pos>30%:Q1_n=2_share=47.1%;Q4_n=4_share=47.8%",""
combo,20,3,1,10,0.005,1.5,true,40,11,63.6364,0.590909,0.458792,47.7539,4,2,3,2,4,1.420002,-0.328996,0.156186,0.720331,0,true,10,60.0000,0.500000,0.368802,75.3983,4,4,1,0,5,-0.511444,1.410613,,0.864636,0,false,true,true,true,true,false,false,true,false,"oos_concentration>50%|is_small_n_pos>30%:Q1_n=2_share=47.1%;Q4_n=4_share=47.8%",""
combo,20,3,1,5,0.005,1.5,true,80,11,63.6364,0.590909,0.458792,47.7539,4,2,3,2,4,1.420002,-0.328996,0.156186,0.720331,0,true,10,60.0000,0.500000,0.368802,75.3983,4,4,1,0,5,-0.511444,1.410613,,0.864636,0,false,true,true,true,true,false,false,true,false,"oos_concentration>50%|is_small_n_pos>30%:Q1_n=2_share=47.1%;Q4_n=4_share=47.8%",""
combo,20,3,1,5,0.005,1.5,true,40,11,63.6364,0.590909,0.458792,47.7539,4,2,3,2,4,1.420002,-0.328996,0.156186,0.720331,0,true,10,60.0000,0.500000,0.368802,75.3983,4,4,1,0,5,-0.511444,1.410613,,0.864636,0,false,true,true,true,true,false,false,true,false,"oos_concentration>50%|is_small_n_pos>30%:Q1_n=2_share=47.1%;Q4_n=4_share=47.8%",""
combo,20,3,1,10,0.003,2.5,true,80,7,42.8571,0.500000,0.351630,53.3179,3,0,3,2,2,,0.004338,0.656186,0.568011,0,true,9,55.5556,0.944444,0.808887,54.9539,4,3,1,1,4,-1.147723,2.410613,2.419749,1.473198,0,true,true,true,false,false,false,false,false,false,"is_wr_not_above_baseline|is_concentration>50%|oos_concentration>50%|is_small_n_pos>30%:Q3_n=2_share=53.3%;Q4_n=2_share=46.2%|oos_small_n_pos>30%:Q4_n=4_share=55.0%",""
combo,20,3,1,10,0.003,2.5,true,40,7,42.8571,0.500000,0.351630,53.3179,3,0,3,2,2,,0.004338,0.656186,0.568011,0,true,9,55.5556,0.944444,0.808887,54.9539,4,3,1,1,4,-1.147723,2.410613,2.419749,1.473198,0,true,true,true,false,false,false,false,false,false,"is_wr_not_above_baseline|is_concentration>50%|oos_concentration>50%|is_small_n_pos>30%:Q3_n=2_share=53.3%;Q4_n=2_share=46.2%|oos_small_n_pos>30%:Q4_n=4_share=55.0%",""
combo,20,3,1,5,0.003,2.5,true,80,7,42.8571,0.500000,0.351630,53.3179,3,0,3,2,2,,0.004338,0.656186,0.568011,0,true,9,55.5556,0.944444,0.808887,54.9539,4,3,1,1,4,-1.147723,2.410613,2.419749,1.473198,0,true,true,true,false,false,false,false,false,false,"is_wr_not_above_baseline|is_concentration>50%|oos_concentration>50%|is_small_n_pos>30%:Q3_n=2_share=53.3%;Q4_n=2_share=46.2%|oos_small_n_pos>30%:Q4_n=4_share=55.0%",""
combo,20,3,1,5,0.003,2.5,true,40,7,42.8571,0.500000,0.351630,53.3179,3,0,3,2,2,,0.004338,0.656186,0.568011,0,true,9,55.5556,0.944444,0.808887,54.9539,4,3,1,1,4,-1.147723,2.410613,2.419749,1.473198,0,true,true,true,false,false,false,false,false,false,"is_wr_not_above_baseline|is_concentration>50%|oos_concentration>50%|is_small_n_pos>30%:Q3_n=2_share=53.3%;Q4_n=2_share=46.2%|oos_small_n_pos>30%:Q4_n=4_share=55.0%",""
combo,20,5,1,10,0.005,2.5,true,80,25,41.6667,0.458333,0.347425,83.9827,1,5,8,3,9,1.724423,-0.241044,0.060406,0.182901,1,false,18,47.0588,0.647059,0.530345,54.0986,2,7,3,1,7,-0.616354,2.403845,2.436739,0.613678,1,true,true,true,false,false,false,true,false,false,"is_wr_not_above_baseline|is_concentration>50%|oos_concentration>50%|oos_small_n_pos>30%:Q2_n=3_share=54.1%","IS_clusters=1(2);OOS_clusters=1(2);likely_reentry_after_exit_same_side_le6h"
combo,20,5,1,5,0.005,2.5,true,80,25,41.6667,0.458333,0.347425,83.9827,1,5,8,3,9,1.724423,-0.241044,0.060406,0.182901,1,false,18,47.0588,0.647059,0.530345,54.0986,2,7,3,1,7,-0.616354,2.403845,2.436739,0.613678,1,true,true,true,false,false,false,true,false,false,"is_wr_not_above_baseline|is_concentration>50%|oos_concentration>50%|oos_small_n_pos>30%:Q2_n=3_share=54.1%","IS_clusters=1(2);OOS_clusters=1(2);likely_reentry_after_exit_same_side_le6h"
combo,20,5,1,10,0.003,2.5,true,40,15,41.6667,0.458333,0.330839,69.5231,4,3,5,3,4,0.680611,-0.272734,0.060406,1.172856,0,true,16,43.7500,0.531250,0.412593,54.1677,2,6,3,1,6,-1.118646,2.403845,2.419749,0.613678,1,true,true,true,false,false,false,false,false,false,"is_wr_not_above_baseline|is_concentration>50%|oos_concentration>50%|is_small_n_pos>30%:Q4_n=4_share=69.5%|oos_small_n_pos>30%:Q2_n=3_share=54.2%","IS_clusters=0(0);OOS_clusters=1(2);likely_reentry_after_exit_same_side_le6h"
combo,20,5,1,5,0.003,2.5,true,40,15,41.6667,0.458333,0.330839,69.5231,4,3,5,3,4,0.680611,-0.272734,0.060406,1.172856,0,true,16,43.7500,0.531250,0.412593,54.1677,2,6,3,1,6,-1.118646,2.403845,2.419749,0.613678,1,true,true,true,false,false,false,false,false,false,"is_wr_not_above_baseline|is_concentration>50%|oos_concentration>50%|is_small_n_pos>30%:Q4_n=4_share=69.5%|oos_small_n_pos>30%:Q2_n=3_share=54.2%","IS_clusters=0(0);OOS_clusters=1(2);likely_reentry_after_exit_same_side_le6h"
combo,15,5,1,10,0.003,2.5,true,80,18,41.1765,0.441176,0.323902,54.8639,4,4,6,4,4,0.669176,0.036332,-0.226733,1.172856,0,true,16,43.7500,0.531250,0.418039,72.2907,2,6,4,0,6,-1.115764,2.418705,,0.618064,0,true,true,true,false,false,false,false,false,false,"is_wr_not_above_baseline|is_concentration>50%|oos_concentration>50%|is_small_n_pos>30%:Q1_n=4_share=41.7%;Q4_n=4_share=54.9%|oos_small_n_pos>30%:Q2_n=4_share=72.3%",""
combo,15,5,1,5,0.003,2.5,true,80,18,41.1765,0.441176,0.323902,54.8639,4,4,6,4,4,0.669176,0.036332,-0.226733,1.172856,0,true,16,43.7500,0.531250,0.418039,72.2907,2,6,4,0,6,-1.115764,2.418705,,0.618064,0,true,true,true,false,false,false,false,false,false,"is_wr_not_above_baseline|is_concentration>50%|oos_concentration>50%|is_small_n_pos>30%:Q1_n=4_share=41.7%;Q4_n=4_share=54.9%|oos_small_n_pos>30%:Q2_n=4_share=72.3%",""
combo,20,5,1.5,10,0.005,2.5,true,40,25,40.0000,0.400000,0.306330,49.8113,1,5,8,3,9,1.276447,-0.515458,0.671664,0.628757,1,false,18,42.8571,0.500000,0.401858,43.4767,2,7,3,1,7,-1.102528,2.421358,2.448014,0.641321,1,true,true,true,false,true,true,true,false,false,"is_wr_not_above_baseline|oos_small_n_pos>30%:Q2_n=3_share=43.5%","IS_clusters=1(2);OOS_clusters=1(2);likely_reentry_after_exit_same_side_le6h"
combo,20,5,1.5,5,0.005,2.5,true,40,25,40.0000,0.400000,0.306330,49.8113,1,5,8,3,9,1.276447,-0.515458,0.671664,0.628757,1,false,18,42.8571,0.500000,0.401858,43.4767,2,7,3,1,7,-1.102528,2.421358,2.448014,0.641321,1,true,true,true,false,true,true,true,false,false,"is_wr_not_above_baseline|oos_small_n_pos>30%:Q2_n=3_share=43.5%","IS_clusters=1(2);OOS_clusters=1(2);likely_reentry_after_exit_same_side_le6h"
combo,20,5,1,10,0.003,2.5,false,80,43,41.0256,0.435897,0.302798,39.6622,4,10,8,13,12,0.226906,0.176417,0.324897,0.425795,1,false,33,45.1613,0.580645,0.464892,44.3868,4,10,3,5,15,-0.769622,2.403845,1.016675,0.754844,3,true,true,true,false,true,true,true,false,false,"is_wr_not_above_baseline|oos_small_n_pos>30%:Q2_n=3_share=32.6%","IS_clusters=1(2);OOS_clusters=3(6);likely_reentry_after_exit_same_side_le6h"
combo,20,5,1,5,0.003,2.5,false,80,43,41.0256,0.435897,0.302798,39.6622,4,10,8,13,12,0.226906,0.176417,0.324897,0.425795,1,false,33,45.1613,0.580645,0.464892,44.3868,4,10,3,5,15,-0.769622,2.403845,1.016675,0.754844,3,true,true,true,false,true,true,true,false,false,"is_wr_not_above_baseline|oos_small_n_pos>30%:Q2_n=3_share=32.6%","IS_clusters=1(2);OOS_clusters=3(6);likely_reentry_after_exit_same_side_le6h"
combo,15,5,1,10,0.003,2.5,true,40,18,40.0000,0.400000,0.278398,69.2236,4,4,6,4,4,0.085271,0.261704,-0.226733,1.172856,0,true,16,43.7500,0.531250,0.418039,72.2907,2,6,4,0,6,-1.115764,2.418705,,0.618064,0,true,true,true,false,false,false,false,false,false,"is_wr_not_above_baseline|is_concentration>50%|oos_concentration>50%|is_small_n_pos>30%:Q4_n=4_share=69.2%|oos_small_n_pos>30%:Q2_n=4_share=72.3%",""
combo,15,5,1,5,0.003,2.5,true,40,18,40.0000,0.400000,0.278398,69.2236,4,4,6,4,4,0.085271,0.261704,-0.226733,1.172856,0,true,16,43.7500,0.531250,0.418039,72.2907,2,6,4,0,6,-1.115764,2.418705,,0.618064,0,true,true,true,false,false,false,false,false,false,"is_wr_not_above_baseline|is_concentration>50%|oos_concentration>50%|is_small_n_pos>30%:Q4_n=4_share=69.2%|oos_small_n_pos>30%:Q2_n=4_share=72.3%",""
ofat,20,5,1,10,0.005,2.5,false,80,55,40.0000,0.400000,0.276149,48.2004,1,12,11,15,17,0.665525,0.151313,0.219952,0.164274,3,false,35,46.8750,0.640625,0.526595,47.0777,4,12,3,5,15,-0.534424,2.403845,1.020073,0.912685,2,true,true,true,false,true,true,true,false,false,"is_wr_not_above_baseline|oos_small_n_pos>30%:Q2_n=3_share=31.0%","IS_clusters=3(6);OOS_clusters=2(4);likely_reentry_after_exit_same_side_le6h"
combo,20,5,1,5,0.005,2.5,false,80,55,40.0000,0.400000,0.276149,48.2004,1,12,11,15,17,0.665525,0.151313,0.219952,0.164274,3,false,35,46.8750,0.640625,0.526595,47.0777,4,12,3,5,15,-0.534424,2.403845,1.020073,0.912685,2,true,true,true,false,true,true,true,false,false,"is_wr_not_above_baseline|oos_small_n_pos>30%:Q2_n=3_share=31.0%","IS_clusters=3(6);OOS_clusters=2(4);likely_reentry_after_exit_same_side_le6h"
combo,15,3,1,10,0.003,2.5,true,80,11,40.0000,0.400000,0.270117,48.7005,1,2,3,3,3,0.657741,0.008480,0.074741,0.568011,0,true,10,40.0000,0.400000,0.271455,66.7362,4,4,1,0,5,-1.133103,2.410613,,0.967269,0,true,true,true,false,true,false,false,false,false,"is_wr_not_above_baseline|oos_concentration>50%|is_small_n_pos>30%:Q1_n=2_share=48.7%;Q4_n=3_share=42.1%|oos_small_n_pos>30%:Q2_n=1_share=33.3%",""
combo,15,3,1,5,0.003,2.5,true,80,11,40.0000,0.400000,0.270117,48.7005,1,2,3,3,3,0.657741,0.008480,0.074741,0.568011,0,true,10,40.0000,0.400000,0.271455,66.7362,4,4,1,0,5,-1.133103,2.410613,,0.967269,0,true,true,true,false,true,false,false,false,false,"is_wr_not_above_baseline|oos_concentration>50%|is_small_n_pos>30%:Q1_n=2_share=48.7%;Q4_n=3_share=42.1%|oos_small_n_pos>30%:Q2_n=1_share=33.3%",""
combo,20,5,1.5,10,0.003,2.5,true,40,15,45.4545,0.590909,0.489234,57.0064,4,3,5,3,4,0.693986,-0.242810,0.671664,1.207170,0,true,16,38.4615,0.346154,0.244462,55.7234,2,6,3,1,6,-1.102528,2.421358,,0.641321,1,true,true,true,false,false,false,false,false,false,"is_wr_not_above_baseline|is_concentration>50%|oos_concentration>50%|is_small_n_pos>30%:Q4_n=4_share=57.0%|oos_small_n_pos>30%:Q2_n=3_share=55.7%","IS_clusters=0(0);OOS_clusters=1(2);likely_reentry_after_exit_same_side_le6h"
combo,20,5,1.5,5,0.003,2.5,true,40,15,45.4545,0.590909,0.489234,57.0064,4,3,5,3,4,0.693986,-0.242810,0.671664,1.207170,0,true,16,38.4615,0.346154,0.244462,55.7234,2,6,3,1,6,-1.102528,2.421358,,0.641321,1,true,true,true,false,false,false,false,false,false,"is_wr_not_above_baseline|is_concentration>50%|oos_concentration>50%|is_small_n_pos>30%:Q4_n=4_share=57.0%|oos_small_n_pos>30%:Q2_n=3_share=55.7%","IS_clusters=0(0);OOS_clusters=1(2);likely_reentry_after_exit_same_side_le6h"
combo,20,5,1.5,10,0.003,1.5,false,40,43,55.5556,0.388889,0.278893,36.1455,2,10,8,13,12,0.349092,0.453633,0.031704,0.361871,1,false,33,53.3333,0.333333,0.240031,46.8610,4,10,3,5,15,-0.544387,1.422617,0.432438,0.436183,3,true,true,true,true,true,true,true,false,false,"oos_small_n_pos>30%:Q2_n=3_share=35.3%","IS_clusters=1(2);OOS_clusters=3(6);likely_reentry_after_exit_same_side_le6h"
combo,20,5,1.5,5,0.003,1.5,false,40,43,55.5556,0.388889,0.278893,36.1455,2,10,8,13,12,0.349092,0.453633,0.031704,0.361871,1,false,33,53.3333,0.333333,0.240031,46.8610,4,10,3,5,15,-0.544387,1.422617,0.432438,0.436183,3,true,true,true,true,true,true,true,false,false,"oos_small_n_pos>30%:Q2_n=3_share=35.3%","IS_clusters=1(2);OOS_clusters=3(6);likely_reentry_after_exit_same_side_le6h"
ofat,20,3,1,10,0.005,1.5,false,80,27,55.5556,0.388889,0.239258,47.3268,3,5,5,8,9,0.405442,0.342191,0.419842,-0.070769,1,false,20,66.6667,0.666667,0.545848,74.5269,4,6,1,2,11,0.124165,1.410613,0.173597,0.813608,0,false,true,true,true,true,false,true,true,false,"oos_concentration>50%","IS_clusters=1(2);OOS_clusters=0(0);likely_reentry_after_exit_same_side_le6h"
combo,20,3,1,5,0.005,1.5,false,80,27,55.5556,0.388889,0.239258,47.3268,3,5,5,8,9,0.405442,0.342191,0.419842,-0.070769,1,false,20,66.6667,0.666667,0.545848,74.5269,4,6,1,2,11,0.124165,1.410613,0.173597,0.813608,0,false,true,true,true,true,false,true,true,false,"oos_concentration>50%","IS_clusters=1(2);OOS_clusters=0(0);likely_reentry_after_exit_same_side_le6h"
combo,20,5,1.5,10,0.005,1.5,false,40,54,54.5455,0.363636,0.263371,43.1517,1,12,11,15,16,0.589008,0.266445,-0.058036,0.337731,2,false,35,53.1250,0.328125,0.237119,47.0209,4,12,3,5,15,-0.416140,1.422617,0.435449,0.440019,2,true,true,true,true,true,true,true,false,false,"oos_small_n_pos>30%:Q2_n=3_share=35.1%","IS_clusters=2(4);OOS_clusters=2(4);likely_reentry_after_exit_same_side_le6h"
combo,20,5,1.5,5,0.005,1.5,false,40,54,54.5455,0.363636,0.263371,43.1517,1,12,11,15,16,0.589008,0.266445,-0.058036,0.337731,2,false,35,53.1250,0.328125,0.237119,47.0209,4,12,3,5,15,-0.416140,1.422617,0.435449,0.440019,2,true,true,true,true,true,true,true,false,false,"oos_small_n_pos>30%:Q2_n=3_share=35.1%","IS_clusters=2(4);OOS_clusters=2(4);likely_reentry_after_exit_same_side_le6h"
combo,20,5,1,10,0.003,2.5,false,40,43,39.3939,0.378788,0.236002,58.6264,4,10,8,13,12,-0.398758,0.357409,0.140477,0.573475,1,false,33,45.1613,0.580645,0.464892,44.3868,4,10,3,5,15,-0.769622,2.403845,1.016675,0.754844,3,true,true,true,false,false,true,true,false,false,"is_wr_not_above_baseline|is_concentration>50%|oos_small_n_pos>30%:Q2_n=3_share=32.6%","IS_clusters=1(2);OOS_clusters=3(6);likely_reentry_after_exit_same_side_le6h"
combo,20,5,1,5,0.003,2.5,false,40,43,39.3939,0.378788,0.236002,58.6264,4,10,8,13,12,-0.398758,0.357409,0.140477,0.573475,1,false,33,45.1613,0.580645,0.464892,44.3868,4,10,3,5,15,-0.769622,2.403845,1.016675,0.754844,3,true,true,true,false,false,true,true,false,false,"is_wr_not_above_baseline|is_concentration>50%|oos_small_n_pos>30%:Q2_n=3_share=32.6%","IS_clusters=1(2);OOS_clusters=3(6);likely_reentry_after_exit_same_side_le6h"
combo,20,5,1.5,10,0.005,1.5,true,40,25,55.0000,0.375000,0.285105,48.3357,4,5,8,3,9,0.811350,-0.155519,0.171664,0.559586,1,false,18,52.9412,0.323529,0.229870,53.3215,2,7,3,1,7,-0.682702,1.422617,1.448014,0.326876,1,true,true,true,true,true,false,true,false,false,"oos_concentration>50%|oos_small_n_pos>30%:Q2_n=3_share=53.3%","IS_clusters=1(2);OOS_clusters=1(2);likely_reentry_after_exit_same_side_le6h"
combo,20,5,1.5,5,0.005,1.5,true,40,25,55.0000,0.375000,0.285105,48.3357,4,5,8,3,9,0.811350,-0.155519,0.171664,0.559586,1,false,18,52.9412,0.323529,0.229870,53.3215,2,7,3,1,7,-0.682702,1.422617,1.448014,0.326876,1,true,true,true,true,true,false,true,false,false,"oos_concentration>50%|oos_small_n_pos>30%:Q2_n=3_share=53.3%","IS_clusters=1(2);OOS_clusters=1(2);likely_reentry_after_exit_same_side_le6h"
combo,15,5,1.5,10,0.003,2.5,true,80,18,41.1765,0.441176,0.347214,53.8129,4,4,6,4,4,0.683257,0.062546,-0.206795,1.207170,0,true,16,37.5000,0.312500,0.220828,61.7604,2,6,4,0,6,-1.094102,1.559119,,0.643564,0,true,true,true,false,false,false,false,false,false,"is_wr_not_above_baseline|is_concentration>50%|oos_concentration>50%|is_small_n_pos>30%:Q1_n=4_share=40.6%;Q4_n=4_share=53.8%|oos_small_n_pos>30%:Q2_n=4_share=61.8%",""
combo,15,5,1.5,5,0.003,2.5,true,80,18,41.1765,0.441176,0.347214,53.8129,4,4,6,4,4,0.683257,0.062546,-0.206795,1.207170,0,true,16,37.5000,0.312500,0.220828,61.7604,2,6,4,0,6,-1.094102,1.559119,,0.643564,0,true,true,true,false,false,false,false,false,false,"is_wr_not_above_baseline|is_concentration>50%|oos_concentration>50%|is_small_n_pos>30%:Q1_n=4_share=40.6%;Q4_n=4_share=53.8%|oos_small_n_pos>30%:Q2_n=4_share=61.8%",""
combo,15,5,1.5,10,0.003,2.5,false,80,54,38.2979,0.340426,0.238069,69.2362,2,13,14,14,13,-0.121757,0.810044,-0.026240,0.329934,1,false,38,37.1429,0.300000,0.212109,46.8071,4,10,4,5,19,-0.745145,1.559119,0.335220,0.435168,2,true,true,true,false,false,true,true,false,false,"is_wr_not_above_baseline|is_concentration>50%|oos_small_n_pos>30%:Q2_n=4_share=41.9%","IS_clusters=1(2);OOS_clusters=2(4);likely_reentry_after_exit_same_side_le6h"
combo,15,5,1.5,5,0.003,2.5,false,80,54,38.2979,0.340426,0.238069,69.2362,2,13,14,14,13,-0.121757,0.810044,-0.026240,0.329934,1,false,38,37.1429,0.300000,0.212109,46.8071,4,10,4,5,19,-0.745145,1.559119,0.335220,0.435168,2,true,true,true,false,false,true,true,false,false,"is_wr_not_above_baseline|is_concentration>50%|oos_small_n_pos>30%:Q2_n=4_share=41.9%","IS_clusters=1(2);OOS_clusters=2(4);likely_reentry_after_exit_same_side_le6h"
combo,20,5,1.5,10,0.003,2.5,false,40,43,37.9310,0.327586,0.211616,41.7137,2,10,8,13,12,0.318619,0.631284,-0.327043,0.411049,1,false,33,46.4286,0.625000,0.530101,64.3544,4,10,3,5,15,-0.711054,2.421358,0.682308,1.051567,3,false,true,true,false,true,false,true,true,false,"is_wr_not_above_baseline|oos_concentration>50%","IS_clusters=1(2);OOS_clusters=3(6);likely_reentry_after_exit_same_side_le6h"
combo,20,5,1.5,5,0.003,2.5,false,40,43,37.9310,0.327586,0.211616,41.7137,2,10,8,13,12,0.318619,0.631284,-0.327043,0.411049,1,false,33,46.4286,0.625000,0.530101,64.3544,4,10,3,5,15,-0.711054,2.421358,0.682308,1.051567,3,false,true,true,false,true,false,true,true,false,"is_wr_not_above_baseline|oos_concentration>50%","IS_clusters=1(2);OOS_clusters=3(6);likely_reentry_after_exit_same_side_le6h"
combo,20,3,1.5,10,0.003,2.5,false,80,23,38.0952,0.333333,0.204241,64.6625,2,3,5,8,7,-1.081860,0.974667,0.380462,-0.154825,1,false,20,50.0000,0.750000,0.651583,97.9253,4,5,1,3,11,-0.405511,-1.074866,0.102565,1.613692,1,false,true,true,false,false,false,true,true,false,"is_wr_not_above_baseline|is_concentration>50%|oos_concentration>50%","IS_clusters=1(2);OOS_clusters=1(2);likely_reentry_after_exit_same_side_le6h"
combo,20,3,1.5,5,0.003,2.5,false,80,23,38.0952,0.333333,0.204241,64.6625,2,3,5,8,7,-1.081860,0.974667,0.380462,-0.154825,1,false,20,50.0000,0.750000,0.651583,97.9253,4,5,1,3,11,-0.405511,-1.074866,0.102565,1.613692,1,false,true,true,false,false,false,true,true,false,"is_wr_not_above_baseline|is_concentration>50%|oos_concentration>50%","IS_clusters=1(2);OOS_clusters=1(2);likely_reentry_after_exit_same_side_le6h"
ofat,20,5,1,10,0.005,2,false,80,55,44.2308,0.326923,0.203721,72.6622,1,12,11,15,17,0.661773,-0.030505,0.027644,0.164274,3,false,35,50.0000,0.500000,0.385970,44.4534,4,12,3,5,15,-0.367757,1.903845,0.720073,0.621019,2,true,true,true,false,false,true,true,false,false,"is_wr_not_above_baseline|is_concentration>50%|oos_small_n_pos>30%:Q2_n=3_share=34.1%","IS_clusters=3(6);OOS_clusters=2(4);likely_reentry_after_exit_same_side_le6h"
combo,20,3,1.5,10,0.005,2.5,true,80,11,44.4444,0.555556,0.445459,60.8952,1,2,3,2,4,2.441369,0.038130,0.671664,0.036682,0,true,10,37.5000,0.312500,0.199079,100.0000,4,4,1,0,5,-1.118424,-1.074866,,1.505692,0,false,true,true,false,false,false,false,true,false,"is_wr_not_above_baseline|is_concentration>50%|oos_concentration>50%|is_small_n_pos>30%:Q1_n=2_share=60.9%;Q3_n=2_share=33.5%",""
combo,20,3,1.5,5,0.005,2.5,true,80,11,44.4444,0.555556,0.445459,60.8952,1,2,3,2,4,2.441369,0.038130,0.671664,0.036682,0,true,10,37.5000,0.312500,0.199079,100.0000,4,4,1,0,5,-1.118424,-1.074866,,1.505692,0,false,true,true,false,false,false,false,true,false,"is_wr_not_above_baseline|is_concentration>50%|oos_concentration>50%|is_small_n_pos>30%:Q1_n=2_share=60.9%;Q3_n=2_share=33.5%",""
combo,20,5,1.5,10,0.003,1.5,false,80,43,53.6585,0.341463,0.237030,40.7013,1,10,8,13,12,0.425869,0.453633,-0.062088,0.234139,1,false,33,51.6129,0.290323,0.197991,46.8610,4,10,3,5,15,-0.596270,1.422617,0.432438,0.436183,3,true,true,true,true,true,true,true,false,false,"oos_small_n_pos>30%:Q2_n=3_share=35.3%","IS_clusters=1(2);OOS_clusters=3(6);likely_reentry_after_exit_same_side_le6h"
combo,20,5,1.5,5,0.003,1.5,false,80,43,53.6585,0.341463,0.237030,40.7013,1,10,8,13,12,0.425869,0.453633,-0.062088,0.234139,1,false,33,51.6129,0.290323,0.197991,46.8610,4,10,3,5,15,-0.596270,1.422617,0.432438,0.436183,3,true,true,true,true,true,true,true,false,false,"oos_small_n_pos>30%:Q2_n=3_share=35.3%","IS_clusters=1(2);OOS_clusters=3(6);likely_reentry_after_exit_same_side_le6h"
ofat,20,5,1.5,10,0.005,1.5,false,80,54,52.0000,0.300000,0.203645,59.4372,1,12,11,15,16,0.593010,0.266445,-0.137710,0.137534,2,false,35,51.5152,0.287879,0.197715,47.0209,4,12,3,5,15,-0.470064,1.422617,0.435449,0.440019,2,true,true,true,false,false,true,true,false,false,"is_wr_not_above_baseline|is_concentration>50%|oos_small_n_pos>30%:Q2_n=3_share=35.1%","IS_clusters=2(4);OOS_clusters=2(4);likely_reentry_after_exit_same_side_le6h"
combo,20,5,1.5,5,0.005,1.5,false,80,54,52.0000,0.300000,0.203645,59.4372,1,12,11,15,16,0.593010,0.266445,-0.137710,0.137534,2,false,35,51.5152,0.287879,0.197715,47.0209,4,12,3,5,15,-0.470064,1.422617,0.435449,0.440019,2,true,true,true,false,false,true,true,false,false,"is_wr_not_above_baseline|is_concentration>50%|oos_small_n_pos>30%:Q2_n=3_share=35.1%","IS_clusters=2(4);OOS_clusters=2(4);likely_reentry_after_exit_same_side_le6h"
ofat,20,4,1,10,0.005,1.5,false,80,41,53.6585,0.341463,0.207676,57.9259,3,7,9,11,14,0.335588,-0.014848,0.455420,0.092114,1,false,29,51.8519,0.296296,0.183829,52.5743,4,11,1,4,13,-0.432685,1.410613,0.800137,0.464705,2,true,true,true,true,false,false,true,false,false,"is_concentration>50%|oos_concentration>50%|oos_small_n_pos>30%:Q3_n=4_share=32.9%","IS_clusters=1(2);OOS_clusters=2(4);likely_reentry_after_exit_same_side_le6h"
ofat,20,5,1,10,0.005,1.5,false,40,55,54.0000,0.350000,0.223013,46.2493,4,12,11,15,17,0.406373,0.014950,0.126099,0.343807,3,false,35,51.5152,0.287879,0.175195,46.0268,4,12,3,5,15,-0.492757,1.403845,0.420073,0.414047,2,true,true,true,true,true,true,true,false,false,"oos_small_n_pos>30%:Q2_n=3_share=36.0%","IS_clusters=3(6);OOS_clusters=2(4);likely_reentry_after_exit_same_side_le6h"
combo,20,5,1,5,0.005,1.5,false,40,55,54.0000,0.350000,0.223013,46.2493,4,12,11,15,17,0.406373,0.014950,0.126099,0.343807,3,false,35,51.5152,0.287879,0.175195,46.0268,4,12,3,5,15,-0.492757,1.403845,0.420073,0.414047,2,true,true,true,true,true,true,true,false,false,"oos_small_n_pos>30%:Q2_n=3_share=36.0%","IS_clusters=3(6);OOS_clusters=2(4);likely_reentry_after_exit_same_side_le6h"
ofat,20,5,1,10,0.005,1.5,false,60,55,53.7037,0.342593,0.219447,37.4788,1,12,11,15,17,0.370106,0.014950,0.212536,0.253522,3,false,35,51.5152,0.287879,0.175195,46.0268,4,12,3,5,15,-0.492757,1.403845,0.420073,0.414047,2,true,true,true,true,true,true,true,false,false,"oos_small_n_pos>30%:Q2_n=3_share=36.0%","IS_clusters=3(6);OOS_clusters=2(4);likely_reentry_after_exit_same_side_le6h"
baseline,20,5,1,10,0.005,1.5,false,80,55,52.7273,0.318182,0.196348,41.1263,1,12,11,15,17,0.370106,0.014950,0.212536,0.176785,3,false,35,51.5152,0.287879,0.175195,46.0268,4,12,3,5,15,-0.492757,1.403845,0.420073,0.414047,2,true,true,true,false,true,true,true,false,false,"is_wr_not_above_baseline|oos_small_n_pos>30%:Q2_n=3_share=36.0%","IS_clusters=3(6);OOS_clusters=2(4);likely_reentry_after_exit_same_side_le6h"
ofat,20,5,1,5,0.005,1.5,false,80,55,52.7273,0.318182,0.196348,41.1263,1,12,11,15,17,0.370106,0.014950,0.212536,0.176785,3,false,35,51.5152,0.287879,0.175195,46.0268,4,12,3,5,15,-0.492757,1.403845,0.420073,0.414047,2,true,true,true,false,true,true,true,false,false,"is_wr_not_above_baseline|oos_small_n_pos>30%:Q2_n=3_share=36.0%","IS_clusters=3(6);OOS_clusters=2(4);likely_reentry_after_exit_same_side_le6h"
ofat,20,5,1,8,0.005,1.5,false,80,55,52.7273,0.318182,0.196348,41.1263,1,12,11,15,17,0.370106,0.014950,0.212536,0.176785,3,false,35,51.5152,0.287879,0.175195,46.0268,4,12,3,5,15,-0.492757,1.403845,0.420073,0.414047,2,true,true,true,false,true,true,true,false,false,"is_wr_not_above_baseline|oos_small_n_pos>30%:Q2_n=3_share=36.0%","IS_clusters=3(6);OOS_clusters=2(4);likely_reentry_after_exit_same_side_le6h"
ofat,20,5,1,15,0.005,1.5,false,80,55,52.7273,0.318182,0.196348,41.1263,1,12,11,15,17,0.370106,0.014950,0.212536,0.176785,3,false,35,51.5152,0.287879,0.175195,46.0268,4,12,3,5,15,-0.492757,1.403845,0.420073,0.414047,2,true,true,true,false,true,true,true,false,false,"is_wr_not_above_baseline|oos_small_n_pos>30%:Q2_n=3_share=36.0%","IS_clusters=3(6);OOS_clusters=2(4);likely_reentry_after_exit_same_side_le6h"
ofat,20,5,1,20,0.005,1.5,false,80,55,52.7273,0.318182,0.196348,41.1263,1,12,11,15,17,0.370106,0.014950,0.212536,0.176785,3,false,35,51.5152,0.287879,0.175195,46.0268,4,12,3,5,15,-0.492757,1.403845,0.420073,0.414047,2,true,true,true,false,true,true,true,false,false,"is_wr_not_above_baseline|oos_small_n_pos>30%:Q2_n=3_share=36.0%","IS_clusters=3(6);OOS_clusters=2(4);likely_reentry_after_exit_same_side_le6h"
combo,20,5,1.5,10,0.005,2.5,false,80,54,36.9565,0.293478,0.196010,72.3601,1,12,11,15,16,0.874851,0.300756,-0.022325,-0.112466,2,false,35,41.9355,0.467742,0.376386,55.7724,4,12,3,5,15,-0.777927,1.255950,1.035449,0.940004,2,false,false,true,false,false,false,true,true,false,"is_er_below_baseline|is_wr_not_above_baseline|is_concentration>50%|oos_concentration>50%","IS_clusters=2(4);OOS_clusters=2(4);likely_reentry_after_exit_same_side_le6h"
combo,20,5,1.5,5,0.005,2.5,false,80,54,36.9565,0.293478,0.196010,72.3601,1,12,11,15,16,0.874851,0.300756,-0.022325,-0.112466,2,false,35,41.9355,0.467742,0.376386,55.7724,4,12,3,5,15,-0.777927,1.255950,1.035449,0.940004,2,false,false,true,false,false,false,true,true,false,"is_er_below_baseline|is_wr_not_above_baseline|is_concentration>50%|oos_concentration>50%","IS_clusters=2(4);OOS_clusters=2(4);likely_reentry_after_exit_same_side_le6h"
combo,20,5,1,10,0.005,2.5,true,40,25,37.5000,0.312500,0.194963,59.6285,1,5,8,3,9,1.263977,-0.539976,0.060406,0.596529,1,false,18,43.7500,0.531250,0.413654,54.0986,2,7,3,1,7,-1.118646,2.403845,2.436739,0.613678,1,true,false,true,false,false,false,true,false,false,"is_er_below_baseline|is_wr_not_above_baseline|is_concentration>50%|oos_concentration>50%|oos_small_n_pos>30%:Q2_n=3_share=54.1%","IS_clusters=1(2);OOS_clusters=1(2);likely_reentry_after_exit_same_side_le6h"
combo,20,5,1,5,0.005,2.5,true,40,25,37.5000,0.312500,0.194963,59.6285,1,5,8,3,9,1.263977,-0.539976,0.060406,0.596529,1,false,18,43.7500,0.531250,0.413654,54.0986,2,7,3,1,7,-1.118646,2.403845,2.436739,0.613678,1,true,false,true,false,false,false,true,false,false,"is_er_below_baseline|is_wr_not_above_baseline|is_concentration>50%|oos_concentration>50%|oos_small_n_pos>30%:Q2_n=3_share=54.1%","IS_clusters=1(2);OOS_clusters=1(2);likely_reentry_after_exit_same_side_le6h"
combo,20,3,1,10,0.005,1.5,false,40,27,53.8462,0.346154,0.193743,35.7265,1,5,5,8,9,0.405442,0.342191,0.276582,-0.070769,1,false,20,66.6667,0.666667,0.545848,74.5269,4,6,1,2,11,0.124165,1.410613,0.173597,0.813608,0,false,false,true,true,true,false,true,true,false,"is_er_below_baseline|oos_concentration>50%","IS_clusters=1(2);OOS_clusters=0(0);likely_reentry_after_exit_same_side_le6h"
combo,20,3,1,5,0.005,1.5,false,40,27,53.8462,0.346154,0.193743,35.7265,1,5,5,8,9,0.405442,0.342191,0.276582,-0.070769,1,false,20,66.6667,0.666667,0.545848,74.5269,4,6,1,2,11,0.124165,1.410613,0.173597,0.813608,0,false,false,true,true,true,false,true,true,false,"is_er_below_baseline|oos_concentration>50%","IS_clusters=1(2);OOS_clusters=0(0);likely_reentry_after_exit_same_side_le6h"
combo,20,3,1,10,0.005,2.5,false,40,27,38.0952,0.333333,0.173680,93.6662,2,5,5,8,9,0.078669,0.942191,0.013759,-0.197460,1,false,20,56.2500,0.968750,0.843593,75.9883,4,6,1,2,11,-0.430481,2.410613,0.673597,1.486510,0,false,false,true,false,false,false,true,true,false,"is_er_below_baseline|is_wr_not_above_baseline|is_concentration>50%|oos_concentration>50%","IS_clusters=1(2);OOS_clusters=0(0);likely_reentry_after_exit_same_side_le6h"
combo,20,3,1,5,0.005,2.5,false,40,27,38.0952,0.333333,0.173680,93.6662,2,5,5,8,9,0.078669,0.942191,0.013759,-0.197460,1,false,20,56.2500,0.968750,0.843593,75.9883,4,6,1,2,11,-0.430481,2.410613,0.673597,1.486510,0,false,false,true,false,false,false,true,true,false,"is_er_below_baseline|is_wr_not_above_baseline|is_concentration>50%|oos_concentration>50%","IS_clusters=1(2);OOS_clusters=0(0);likely_reentry_after_exit_same_side_le6h"
combo,20,3,1,10,0.003,2.5,false,80,23,38.0952,0.333333,0.170005,65.9149,2,3,5,8,7,-1.097352,0.942191,0.348011,-0.197460,1,false,20,55.5556,0.944444,0.820999,63.5120,4,5,1,3,11,-0.430481,2.410613,1.255648,1.194759,1,false,false,true,false,false,false,true,true,false,"is_er_below_baseline|is_wr_not_above_baseline|is_concentration>50%|oos_concentration>50%","IS_clusters=1(2);OOS_clusters=1(2);likely_reentry_after_exit_same_side_le6h"
combo,20,3,1,5,0.003,2.5,false,80,23,38.0952,0.333333,0.170005,65.9149,2,3,5,8,7,-1.097352,0.942191,0.348011,-0.197460,1,false,20,55.5556,0.944444,0.820999,63.5120,4,5,1,3,11,-0.430481,2.410613,1.255648,1.194759,1,false,false,true,false,false,false,true,true,false,"is_er_below_baseline|is_wr_not_above_baseline|is_concentration>50%|oos_concentration>50%","IS_clusters=1(2);OOS_clusters=1(2);likely_reentry_after_exit_same_side_le6h"
ofat,20,5,1.25,10,0.005,1.5,false,80,55,50.9804,0.274510,0.168459,66.7990,1,12,11,15,17,0.586423,0.255721,-0.149484,0.045646,2,false,35,51.5152,0.287879,0.187761,46.5976,4,12,3,5,15,-0.480151,1.414273,0.428599,0.428623,2,true,false,true,false,false,true,true,false,false,"is_er_below_baseline|is_wr_not_above_baseline|is_concentration>50%|oos_small_n_pos>30%:Q2_n=3_share=35.5%","IS_clusters=2(4);OOS_clusters=2(4);likely_reentry_after_exit_same_side_le6h"
combo,20,5,1.5,10,0.005,1.5,true,80,25,52.1739,0.304348,0.215482,67.2923,1,5,8,3,9,0.935458,-0.155519,-0.250157,0.324773,1,false,18,50.0000,0.250000,0.158031,53.3215,2,7,3,1,7,-0.737062,1.422617,1.448014,0.326876,1,true,true,false,false,false,false,true,false,false,"oos_er_below_baseline|is_wr_not_above_baseline|is_concentration>50%|oos_concentration>50%|oos_small_n_pos>30%:Q2_n=3_share=53.3%","IS_clusters=1(2);OOS_clusters=1(2);likely_reentry_after_exit_same_side_le6h"
combo,20,5,1.5,5,0.005,1.5,true,80,25,52.1739,0.304348,0.215482,67.2923,1,5,8,3,9,0.935458,-0.155519,-0.250157,0.324773,1,false,18,50.0000,0.250000,0.158031,53.3215,2,7,3,1,7,-0.737062,1.422617,1.448014,0.326876,1,true,true,false,false,false,false,true,false,false,"oos_er_below_baseline|is_wr_not_above_baseline|is_concentration>50%|oos_concentration>50%|oos_small_n_pos>30%:Q2_n=3_share=53.3%","IS_clusters=1(2);OOS_clusters=1(2);likely_reentry_after_exit_same_side_le6h"
combo,20,5,1,10,0.005,2.5,false,40,55,36.8421,0.289474,0.155211,78.0314,4,12,11,15,17,0.072820,0.039216,0.042154,0.418391,3,false,35,45.1613,0.580645,0.466246,47.0777,4,12,3,5,15,-0.800953,2.403845,1.020073,0.912685,2,true,false,true,false,false,true,true,false,false,"is_er_below_baseline|is_wr_not_above_baseline|is_concentration>50%|oos_small_n_pos>30%:Q2_n=3_share=31.0%","IS_clusters=3(6);OOS_clusters=2(4);likely_reentry_after_exit_same_side_le6h"
combo,20,5,1,5,0.005,2.5,false,40,55,36.8421,0.289474,0.155211,78.0314,4,12,11,15,17,0.072820,0.039216,0.042154,0.418391,3,false,35,45.1613,0.580645,0.466246,47.0777,4,12,3,5,15,-0.800953,2.403845,1.020073,0.912685,2,true,false,true,false,false,true,true,false,false,"is_er_below_baseline|is_wr_not_above_baseline|is_concentration>50%|oos_small_n_pos>30%:Q2_n=3_share=31.0%","IS_clusters=3(6);OOS_clusters=2(4);likely_reentry_after_exit_same_side_le6h"
combo,20,3,1.5,10,0.005,2.5,false,80,26,36.3636,0.272727,0.151026,62.3650,2,5,5,8,8,0.092549,0.974667,0.380462,-0.641662,0,false,20,50.0000,0.750000,0.650326,89.8225,4,6,1,2,11,-0.405511,-1.074866,0.687370,1.516612,0,false,false,true,false,false,false,true,true,false,"is_er_below_baseline|is_wr_not_above_baseline|is_concentration>50%|oos_concentration>50%",""
combo,20,3,1.5,5,0.005,2.5,false,80,26,36.3636,0.272727,0.151026,62.3650,2,5,5,8,8,0.092549,0.974667,0.380462,-0.641662,0,false,20,50.0000,0.750000,0.650326,89.8225,4,6,1,2,11,-0.405511,-1.074866,0.687370,1.516612,0,false,false,true,false,false,false,true,true,false,"is_er_below_baseline|is_wr_not_above_baseline|is_concentration>50%|oos_concentration>50%",""
ofat,20,5,1,10,0.005,1.5,false,120,55,52.7273,0.318182,0.196348,41.1263,1,12,11,15,17,0.370106,0.014950,0.212536,0.176785,3,false,35,50.0000,0.250000,0.139649,40.7953,4,12,3,5,15,-0.492757,1.403845,0.420073,0.310661,2,true,true,false,false,true,true,true,false,false,"oos_er_below_baseline|is_wr_not_above_baseline|oos_small_n_pos>30%:Q2_n=3_share=39.5%","IS_clusters=3(6);OOS_clusters=2(4);likely_reentry_after_exit_same_side_le6h"
combo,15,3,1,10,0.003,2.5,false,80,34,36.6667,0.283333,0.139242,62.4799,2,9,7,10,8,-0.588861,0.863445,0.403287,-0.196345,1,false,25,39.1304,0.369565,0.250222,66.6621,4,8,1,2,14,-0.689594,2.410613,0.673597,0.626172,1,false,false,true,false,false,false,true,true,false,"is_er_below_baseline|is_wr_not_above_baseline|is_concentration>50%|oos_concentration>50%","IS_clusters=1(2);OOS_clusters=1(2);likely_reentry_after_exit_same_side_le6h"
combo,15,3,1,5,0.003,2.5,false,80,34,36.6667,0.283333,0.139242,62.4799,2,9,7,10,8,-0.588861,0.863445,0.403287,-0.196345,1,false,25,39.1304,0.369565,0.250222,66.6621,4,8,1,2,14,-0.689594,2.410613,0.673597,0.626172,1,false,false,true,false,false,false,true,true,false,"is_er_below_baseline|is_wr_not_above_baseline|is_concentration>50%|oos_concentration>50%","IS_clusters=1(2);OOS_clusters=1(2);likely_reentry_after_exit_same_side_le6h"
combo,15,5,1,10,0.005,1.5,true,80,24,50.0000,0.250000,0.137775,62.4164,4,5,7,4,8,0.417199,-0.048108,-0.476733,0.433035,0,false,21,52.3810,0.309524,0.204514,59.1622,2,7,4,2,8,-0.756741,1.418705,1.444887,0.128423,0,true,false,true,false,false,false,true,false,false,"is_er_below_baseline|is_wr_not_above_baseline|is_concentration>50%|oos_concentration>50%|oos_small_n_pos>30%:Q2_n=4_share=59.2%;Q3_n=2_share=30.1%",""
combo,15,5,1,5,0.005,1.5,true,80,24,50.0000,0.250000,0.137775,62.4164,4,5,7,4,8,0.417199,-0.048108,-0.476733,0.433035,0,false,21,52.3810,0.309524,0.204514,59.1622,2,7,4,2,8,-0.756741,1.418705,1.444887,0.128423,0,true,false,true,false,false,false,true,false,false,"is_er_below_baseline|is_wr_not_above_baseline|is_concentration>50%|oos_concentration>50%|oos_small_n_pos>30%:Q2_n=4_share=59.2%;Q3_n=2_share=30.1%",""
combo,15,5,1,10,0.003,2.5,false,80,54,36.1702,0.265957,0.136572,44.8414,2,13,14,14,13,-0.456803,0.466503,0.213993,0.294191,1,false,38,40.0000,0.400000,0.290011,54.2635,2,10,4,5,19,-0.767892,2.418705,0.319414,0.409839,2,true,false,true,false,true,false,true,false,false,"is_er_below_baseline|is_wr_not_above_baseline|oos_concentration>50%|oos_small_n_pos>30%:Q2_n=4_share=54.3%","IS_clusters=1(2);OOS_clusters=2(4);likely_reentry_after_exit_same_side_le6h"
combo,15,5,1,5,0.003,2.5,false,80,54,36.1702,0.265957,0.136572,44.8414,2,13,14,14,13,-0.456803,0.466503,0.213993,0.294191,1,false,38,40.0000,0.400000,0.290011,54.2635,2,10,4,5,19,-0.767892,2.418705,0.319414,0.409839,2,true,false,true,false,true,false,true,false,false,"is_er_below_baseline|is_wr_not_above_baseline|oos_concentration>50%|oos_small_n_pos>30%:Q2_n=4_share=54.3%","IS_clusters=1(2);OOS_clusters=2(4);likely_reentry_after_exit_same_side_le6h"
combo,20,5,1,10,0.005,1.5,true,40,25,56.5217,0.413043,0.299783,64.9839,4,5,8,3,9,0.800306,-0.178544,-0.272927,0.742615,1,false,18,50.0000,0.250000,0.135903,54.2672,2,7,3,1,7,-0.759211,1.403845,1.436739,0.301780,1,true,true,false,true,false,false,true,false,false,"oos_er_below_baseline|is_concentration>50%|oos_concentration>50%|oos_small_n_pos>30%:Q2_n=3_share=54.3%","IS_clusters=1(2);OOS_clusters=1(2);likely_reentry_after_exit_same_side_le6h"
combo,20,5,1,5,0.005,1.5,true,40,25,56.5217,0.413043,0.299783,64.9839,4,5,8,3,9,0.800306,-0.178544,-0.272927,0.742615,1,false,18,50.0000,0.250000,0.135903,54.2672,2,7,3,1,7,-0.759211,1.403845,1.436739,0.301780,1,true,true,false,true,false,false,true,false,false,"oos_er_below_baseline|is_concentration>50%|oos_concentration>50%|oos_small_n_pos>30%:Q2_n=3_share=54.3%","IS_clusters=1(2);OOS_clusters=1(2);likely_reentry_after_exit_same_side_le6h"
ofat,20,5,1,10,0.005,1.5,true,80,25,56.0000,0.400000,0.288606,51.1522,4,5,8,3,9,0.924423,-0.178544,-0.272927,0.537796,1,false,18,50.0000,0.250000,0.135903,54.2672,2,7,3,1,7,-0.759211,1.403845,1.436739,0.301780,1,true,true,false,true,false,false,true,false,false,"oos_er_below_baseline|is_concentration>50%|oos_concentration>50%|oos_small_n_pos>30%:Q2_n=3_share=54.3%","IS_clusters=1(2);OOS_clusters=1(2);likely_reentry_after_exit_same_side_le6h"
combo,20,5,1,5,0.005,1.5,true,80,25,56.0000,0.400000,0.288606,51.1522,4,5,8,3,9,0.924423,-0.178544,-0.272927,0.537796,1,false,18,50.0000,0.250000,0.135903,54.2672,2,7,3,1,7,-0.759211,1.403845,1.436739,0.301780,1,true,true,false,true,false,false,true,false,false,"oos_er_below_baseline|is_concentration>50%|oos_concentration>50%|oos_small_n_pos>30%:Q2_n=3_share=54.3%","IS_clusters=1(2);OOS_clusters=1(2);likely_reentry_after_exit_same_side_le6h"
combo,15,5,1,10,0.005,1.5,true,40,24,50.0000,0.250000,0.135748,87.2832,4,5,7,4,8,0.166277,-0.048108,-0.476733,0.652148,0,false,21,55.0000,0.375000,0.270309,53.0190,2,7,4,2,8,-0.756741,1.418705,1.444887,0.305540,0,true,false,true,false,false,false,true,false,false,"is_er_below_baseline|is_wr_not_above_baseline|is_concentration>50%|oos_concentration>50%|oos_small_n_pos>30%:Q2_n=4_share=53.0%",""
combo,15,5,1,5,0.005,1.5,true,40,24,50.0000,0.250000,0.135748,87.2832,4,5,7,4,8,0.166277,-0.048108,-0.476733,0.652148,0,false,21,55.0000,0.375000,0.270309,53.0190,2,7,4,2,8,-0.756741,1.418705,1.444887,0.305540,0,true,false,true,false,false,false,true,false,false,"is_er_below_baseline|is_wr_not_above_baseline|is_concentration>50%|oos_concentration>50%|oos_small_n_pos>30%:Q2_n=4_share=53.0%",""
ofat,20,5,0.75,10,0.005,1.5,false,80,55,50.9091,0.272727,0.132965,58.8727,1,12,11,15,17,0.360201,-0.002626,0.193332,0.007033,3,false,35,54.5455,0.363636,0.234506,85.8388,4,12,3,5,15,-0.300694,0.557069,-0.090857,0.779241,2,false,false,true,false,false,false,true,true,false,"is_er_below_baseline|is_wr_not_above_baseline|is_concentration>50%|oos_concentration>50%","IS_clusters=3(6);OOS_clusters=2(4);likely_reentry_after_exit_same_side_le6h"
combo,20,3,1.5,10,0.005,1.5,false,80,26,50.0000,0.250000,0.130960,52.8300,1,5,5,8,8,0.419623,0.374667,-0.048110,-0.070233,0,false,20,66.6667,0.666667,0.570103,73.7986,4,6,1,2,11,0.148145,1.425134,0.187370,0.841456,0,false,false,true,false,false,false,true,true,false,"is_er_below_baseline|is_wr_not_above_baseline|is_concentration>50%|oos_concentration>50%",""
combo,20,3,1.5,10,0.005,1.5,false,40,26,50.0000,0.250000,0.130960,52.8300,1,5,5,8,8,0.419623,0.374667,-0.048110,-0.070233,0,false,20,66.6667,0.666667,0.570103,73.7986,4,6,1,2,11,0.148145,1.425134,0.187370,0.841456,0,false,false,true,false,false,false,true,true,false,"is_er_below_baseline|is_wr_not_above_baseline|is_concentration>50%|oos_concentration>50%",""
combo,20,3,1.5,5,0.005,1.5,false,80,26,50.0000,0.250000,0.130960,52.8300,1,5,5,8,8,0.419623,0.374667,-0.048110,-0.070233,0,false,20,66.6667,0.666667,0.570103,73.7986,4,6,1,2,11,0.148145,1.425134,0.187370,0.841456,0,false,false,true,false,false,false,true,true,false,"is_er_below_baseline|is_wr_not_above_baseline|is_concentration>50%|oos_concentration>50%",""
combo,20,3,1.5,5,0.005,1.5,false,40,26,50.0000,0.250000,0.130960,52.8300,1,5,5,8,8,0.419623,0.374667,-0.048110,-0.070233,0,false,20,66.6667,0.666667,0.570103,73.7986,4,6,1,2,11,0.148145,1.425134,0.187370,0.841456,0,false,false,true,false,false,false,true,true,false,"is_er_below_baseline|is_wr_not_above_baseline|is_concentration>50%|oos_concentration>50%",""
combo,15,5,1.5,10,0.005,1.5,false,40,62,48.9796,0.224490,0.127155,73.1834,2,15,15,16,16,-0.173811,0.519342,-0.137884,0.242203,2,false,44,48.7179,0.217949,0.133617,58.6710,2,12,4,8,20,-0.415118,1.434119,0.191040,0.157035,1,true,false,false,false,false,false,true,false,false,"is_er_below_baseline|oos_er_below_baseline|is_wr_not_above_baseline|is_concentration>50%|oos_concentration>50%|oos_small_n_pos>30%:Q2_n=4_share=58.7%","IS_clusters=2(4);OOS_clusters=1(3);likely_reentry_after_exit_same_side_le6h"
combo,15,5,1.5,5,0.005,1.5,false,40,62,48.9796,0.224490,0.127155,73.1834,2,15,15,16,16,-0.173811,0.519342,-0.137884,0.242203,2,false,44,48.7179,0.217949,0.133617,58.6710,2,12,4,8,20,-0.415118,1.434119,0.191040,0.157035,1,true,false,false,false,false,false,true,false,false,"is_er_below_baseline|oos_er_below_baseline|is_wr_not_above_baseline|is_concentration>50%|oos_concentration>50%|oos_small_n_pos>30%:Q2_n=4_share=58.7%","IS_clusters=2(4);OOS_clusters=1(3);likely_reentry_after_exit_same_side_le6h"
combo,15,3,1,10,0.005,2.5,true,80,15,35.7143,0.250000,0.126977,94.3220,1,3,4,3,5,1.241592,-0.261079,0.074741,-0.281753,0,true,14,46.1538,0.615385,0.495377,43.4401,4,5,1,1,7,-0.427004,2.410613,2.439354,0.620825,0,false,false,true,false,false,true,false,true,false,"is_er_below_baseline|is_wr_not_above_baseline|is_concentration>50%|is_small_n_pos>30%:Q1_n=3_share=94.3%",""
combo,15,3,1,5,0.005,2.5,true,80,15,35.7143,0.250000,0.126977,94.3220,1,3,4,3,5,1.241592,-0.261079,0.074741,-0.281753,0,true,14,46.1538,0.615385,0.495377,43.4401,4,5,1,1,7,-0.427004,2.410613,2.439354,0.620825,0,false,false,true,false,false,true,false,true,false,"is_er_below_baseline|is_wr_not_above_baseline|is_concentration>50%|is_small_n_pos>30%:Q1_n=3_share=94.3%",""
combo,15,5,1.5,10,0.003,2.5,false,40,54,35.1351,0.229730,0.121683,67.1372,2,13,14,14,13,-0.303599,0.841013,-0.403945,0.411666,1,false,38,40.6250,0.421875,0.333353,47.3048,4,10,4,5,19,-0.709804,2.437114,0.335220,0.537873,2,true,false,true,false,false,true,true,false,false,"is_er_below_baseline|is_wr_not_above_baseline|is_concentration>50%|oos_small_n_pos>30%:Q2_n=4_share=42.9%","IS_clusters=1(2);OOS_clusters=2(4);likely_reentry_after_exit_same_side_le6h"
combo,15,5,1.5,5,0.003,2.5,false,40,54,35.1351,0.229730,0.121683,67.1372,2,13,14,14,13,-0.303599,0.841013,-0.403945,0.411666,1,false,38,40.6250,0.421875,0.333353,47.3048,4,10,4,5,19,-0.709804,2.437114,0.335220,0.537873,2,true,false,true,false,false,true,true,false,false,"is_er_below_baseline|is_wr_not_above_baseline|is_concentration>50%|oos_small_n_pos>30%:Q2_n=4_share=42.9%","IS_clusters=1(2);OOS_clusters=2(4);likely_reentry_after_exit_same_side_le6h"
combo,15,3,1.5,10,0.003,2.5,false,80,34,36.6667,0.283333,0.169236,61.3947,2,9,7,10,8,-0.573086,0.891706,0.436107,-0.154032,1,false,25,34.7826,0.217391,0.121625,85.0453,4,8,1,2,14,-0.665059,-1.074866,0.687370,0.651498,1,false,false,false,false,false,false,true,true,false,"is_er_below_baseline|oos_er_below_baseline|is_wr_not_above_baseline|is_concentration>50%|oos_concentration>50%","IS_clusters=1(2);OOS_clusters=1(2);likely_reentry_after_exit_same_side_le6h"
combo,15,3,1.5,5,0.003,2.5,false,80,34,36.6667,0.283333,0.169236,61.3947,2,9,7,10,8,-0.573086,0.891706,0.436107,-0.154032,1,false,25,34.7826,0.217391,0.121625,85.0453,4,8,1,2,14,-0.665059,-1.074866,0.687370,0.651498,1,false,false,false,false,false,false,true,true,false,"is_er_below_baseline|oos_er_below_baseline|is_wr_not_above_baseline|is_concentration>50%|oos_concentration>50%","IS_clusters=1(2);OOS_clusters=1(2);likely_reentry_after_exit_same_side_le6h"
combo,15,5,1,10,0.003,2.5,false,40,54,35.7143,0.250000,0.114985,55.3971,2,13,14,14,13,-0.711376,0.622205,0.035699,0.416482,1,false,38,40.0000,0.400000,0.290011,54.2635,2,10,4,5,19,-0.767892,2.418705,0.319414,0.409839,2,true,false,true,false,false,false,true,false,false,"is_er_below_baseline|is_wr_not_above_baseline|is_concentration>50%|oos_concentration>50%|oos_small_n_pos>30%:Q2_n=4_share=54.3%","IS_clusters=1(2);OOS_clusters=2(4);likely_reentry_after_exit_same_side_le6h"
combo,15,5,1,5,0.003,2.5,false,40,54,35.7143,0.250000,0.114985,55.3971,2,13,14,14,13,-0.711376,0.622205,0.035699,0.416482,1,false,38,40.0000,0.400000,0.290011,54.2635,2,10,4,5,19,-0.767892,2.418705,0.319414,0.409839,2,true,false,true,false,false,false,true,false,false,"is_er_below_baseline|is_wr_not_above_baseline|is_concentration>50%|oos_concentration>50%|oos_small_n_pos>30%:Q2_n=4_share=54.3%","IS_clusters=1(2);OOS_clusters=2(4);likely_reentry_after_exit_same_side_le6h"
combo,15,5,1,10,0.005,2.5,true,80,24,34.7826,0.217391,0.105636,100.0000,1,5,7,4,8,1.017199,-0.119537,-0.226733,-0.130382,0,false,21,50.0000,0.750000,0.643220,56.3749,2,7,4,2,8,-0.613884,2.418705,2.444887,0.370999,0,true,false,true,false,false,false,true,false,false,"is_er_below_baseline|is_wr_not_above_baseline|is_concentration>50%|oos_concentration>50%|oos_small_n_pos>30%:Q2_n=4_share=56.4%",""
combo,15,5,1,5,0.005,2.5,true,80,24,34.7826,0.217391,0.105636,100.0000,1,5,7,4,8,1.017199,-0.119537,-0.226733,-0.130382,0,false,21,50.0000,0.750000,0.643220,56.3749,2,7,4,2,8,-0.613884,2.418705,2.444887,0.370999,0,true,false,true,false,false,false,true,false,false,"is_er_below_baseline|is_wr_not_above_baseline|is_concentration>50%|oos_concentration>50%|oos_small_n_pos>30%:Q2_n=4_share=56.4%",""
combo,15,3,1,10,0.005,2.5,false,80,38,35.2941,0.235294,0.097378,57.4339,2,10,8,10,10,-0.214092,0.621795,0.409628,-0.404161,1,false,28,44.0000,0.540000,0.424789,54.8939,4,9,1,3,15,-0.346596,2.410613,1.262183,0.628493,0,false,false,true,false,false,false,true,true,false,"is_er_below_baseline|is_wr_not_above_baseline|is_concentration>50%|oos_concentration>50%","IS_clusters=1(2);OOS_clusters=0(0);likely_reentry_after_exit_same_side_le6h"
combo,15,3,1,5,0.005,2.5,false,80,38,35.2941,0.235294,0.097378,57.4339,2,10,8,10,10,-0.214092,0.621795,0.409628,-0.404161,1,false,28,44.0000,0.540000,0.424789,54.8939,4,9,1,3,15,-0.346596,2.410613,1.262183,0.628493,0,false,false,true,false,false,false,true,true,false,"is_er_below_baseline|is_wr_not_above_baseline|is_concentration>50%|oos_concentration>50%","IS_clusters=1(2);OOS_clusters=0(0);likely_reentry_after_exit_same_side_le6h"
ofat,20,7,1,10,0.005,1.5,false,80,62,50.8197,0.270492,0.152451,39.7753,1,15,13,15,19,0.246595,0.134577,0.212536,0.041982,4,false,49,47.8261,0.195652,0.095894,38.2187,2,12,8,9,20,-0.492757,0.493224,0.317181,0.207283,4,false,false,false,false,true,true,true,true,false,"is_er_below_baseline|oos_er_below_baseline|is_wr_not_above_baseline","IS_clusters=4(8);OOS_clusters=4(9);likely_reentry_after_exit_same_side_le6h"
combo,20,5,1,10,0.003,1.5,false,40,43,51.2821,0.282051,0.144757,37.4049,4,10,8,13,12,0.152965,0.113917,0.116564,0.191974,1,false,33,48.3871,0.209677,0.093925,46.2406,2,10,3,5,15,-0.619622,1.403845,0.416675,0.216382,3,true,false,false,false,true,true,true,false,false,"is_er_below_baseline|oos_er_below_baseline|is_wr_not_above_baseline|oos_small_n_pos>30%:Q2_n=3_share=46.2%","IS_clusters=1(2);OOS_clusters=3(6);likely_reentry_after_exit_same_side_le6h"
combo,20,5,1,5,0.003,1.5,false,40,43,51.2821,0.282051,0.144757,37.4049,4,10,8,13,12,0.152965,0.113917,0.116564,0.191974,1,false,33,48.3871,0.209677,0.093925,46.2406,2,10,3,5,15,-0.619622,1.403845,0.416675,0.216382,3,true,false,false,false,true,true,true,false,false,"is_er_below_baseline|oos_er_below_baseline|is_wr_not_above_baseline|oos_small_n_pos>30%:Q2_n=3_share=46.2%","IS_clusters=1(2);OOS_clusters=3(6);likely_reentry_after_exit_same_side_le6h"
ofat,20,5,1,10,0.003,1.5,false,80,43,51.1628,0.279070,0.148715,44.1210,3,10,8,13,12,0.160127,0.113917,0.217033,0.088392,1,false,33,48.3871,0.209677,0.093925,46.2406,2,10,3,5,15,-0.619622,1.403845,0.416675,0.216382,3,true,false,false,false,true,true,true,false,false,"is_er_below_baseline|oos_er_below_baseline|is_wr_not_above_baseline|oos_small_n_pos>30%:Q2_n=3_share=46.2%","IS_clusters=1(2);OOS_clusters=3(6);likely_reentry_after_exit_same_side_le6h"
combo,20,5,1,5,0.003,1.5,false,80,43,51.1628,0.279070,0.148715,44.1210,3,10,8,13,12,0.160127,0.113917,0.217033,0.088392,1,false,33,48.3871,0.209677,0.093925,46.2406,2,10,3,5,15,-0.619622,1.403845,0.416675,0.216382,3,true,false,false,false,true,true,true,false,false,"is_er_below_baseline|oos_er_below_baseline|is_wr_not_above_baseline|oos_small_n_pos>30%:Q2_n=3_share=46.2%","IS_clusters=1(2);OOS_clusters=3(6);likely_reentry_after_exit_same_side_le6h"
combo,15,5,1.5,10,0.005,1.5,true,40,24,47.3684,0.184211,0.093392,73.2451,4,5,7,4,8,0.179300,-0.024686,-0.244460,0.392686,0,false,21,57.8947,0.447368,0.361048,52.4125,2,7,4,2,8,-0.680827,1.434119,1.453403,0.328798,0,true,false,true,false,false,false,true,false,false,"is_er_below_baseline|is_wr_not_above_baseline|is_concentration>50%|oos_concentration>50%|oos_small_n_pos>30%:Q2_n=4_share=52.4%",""
combo,15,5,1.5,5,0.005,1.5,true,40,24,47.3684,0.184211,0.093392,73.2451,4,5,7,4,8,0.179300,-0.024686,-0.244460,0.392686,0,false,21,57.8947,0.447368,0.361048,52.4125,2,7,4,2,8,-0.680827,1.434119,1.453403,0.328798,0,true,false,true,false,false,false,true,false,false,"is_er_below_baseline|is_wr_not_above_baseline|is_concentration>50%|oos_concentration>50%|oos_small_n_pos>30%:Q2_n=4_share=52.4%",""
ofat,20,5,2,10,0.005,1.5,false,80,54,46.8085,0.170213,0.088368,76.6645,1,12,11,15,16,0.438537,0.055187,-0.120531,0.055983,2,false,35,60.0000,0.500000,0.424070,55.5428,4,12,3,5,15,-0.396788,1.435165,0.822700,0.790874,2,false,false,true,false,false,false,true,true,false,"is_er_below_baseline|is_wr_not_above_baseline|is_concentration>50%|oos_concentration>50%","IS_clusters=2(4);OOS_clusters=2(4);likely_reentry_after_exit_same_side_le6h"
combo,15,5,1.5,10,0.003,1.5,false,40,54,51.1111,0.277778,0.174840,69.6540,2,13,14,14,13,-0.332798,0.639912,-0.062277,0.362426,1,false,38,47.0588,0.176471,0.087854,69.9642,2,10,4,5,19,-0.543137,1.434119,-0.064780,0.153918,2,true,false,false,false,false,false,true,false,false,"is_er_below_baseline|oos_er_below_baseline|is_wr_not_above_baseline|is_concentration>50%|oos_concentration>50%|oos_small_n_pos>30%:Q2_n=4_share=70.0%","IS_clusters=1(2);OOS_clusters=2(4);likely_reentry_after_exit_same_side_le6h"
combo,15,5,1.5,5,0.003,1.5,false,40,54,51.1111,0.277778,0.174840,69.6540,2,13,14,14,13,-0.332798,0.639912,-0.062277,0.362426,1,false,38,47.0588,0.176471,0.087854,69.9642,2,10,4,5,19,-0.543137,1.434119,-0.064780,0.153918,2,true,false,false,false,false,false,true,false,false,"is_er_below_baseline|oos_er_below_baseline|is_wr_not_above_baseline|is_concentration>50%|oos_concentration>50%|oos_small_n_pos>30%:Q2_n=4_share=70.0%","IS_clusters=1(2);OOS_clusters=2(4);likely_reentry_after_exit_same_side_le6h"
combo,15,5,1,10,0.005,2.5,false,80,63,34.5455,0.209091,0.086284,70.0562,2,15,15,16,17,-0.013288,0.339731,0.124465,-0.056309,3,false,44,42.5000,0.487500,0.382099,44.6261,2,12,4,8,20,-0.532983,2.418705,0.677455,0.411581,1,true,false,true,false,false,true,true,false,false,"is_er_below_baseline|is_wr_not_above_baseline|is_concentration>50%|oos_small_n_pos>30%:Q2_n=4_share=44.6%","IS_clusters=3(6);OOS_clusters=1(3);likely_reentry_after_exit_same_side_le6h"
combo,15,5,1,5,0.005,2.5,false,80,63,34.5455,0.209091,0.086284,70.0562,2,15,15,16,17,-0.013288,0.339731,0.124465,-0.056309,3,false,44,42.5000,0.487500,0.382099,44.6261,2,12,4,8,20,-0.532983,2.418705,0.677455,0.411581,1,true,false,true,false,false,true,true,false,false,"is_er_below_baseline|is_wr_not_above_baseline|is_concentration>50%|oos_small_n_pos>30%:Q2_n=4_share=44.6%","IS_clusters=3(6);OOS_clusters=1(3);likely_reentry_after_exit_same_side_le6h"
combo,15,5,1,10,0.005,1.5,false,40,63,49.1228,0.228070,0.104899,57.6897,2,15,15,16,17,-0.135713,0.319086,0.043235,0.175184,3,false,44,47.5000,0.187500,0.083143,61.5388,2,12,4,8,20,-0.491316,1.418705,0.177455,0.132942,1,true,false,false,false,false,false,true,false,false,"is_er_below_baseline|oos_er_below_baseline|is_wr_not_above_baseline|is_concentration>50%|oos_concentration>50%|oos_small_n_pos>30%:Q2_n=4_share=61.5%","IS_clusters=3(6);OOS_clusters=1(3);likely_reentry_after_exit_same_side_le6h"
combo,15,5,1,5,0.005,1.5,false,40,63,49.1228,0.228070,0.104899,57.6897,2,15,15,16,17,-0.135713,0.319086,0.043235,0.175184,3,false,44,47.5000,0.187500,0.083143,61.5388,2,12,4,8,20,-0.491316,1.418705,0.177455,0.132942,1,true,false,false,false,false,false,true,false,false,"is_er_below_baseline|oos_er_below_baseline|is_wr_not_above_baseline|is_concentration>50%|oos_concentration>50%|oos_small_n_pos>30%:Q2_n=4_share=61.5%","IS_clusters=3(6);OOS_clusters=1(3);likely_reentry_after_exit_same_side_le6h"
ofat,20,5,1,10,0.005,1.2,false,80,55,54.5455,0.200000,0.078166,44.4631,4,12,11,15,17,0.195106,-0.121414,0.052536,0.147373,3,false,35,60.6061,0.333333,0.220649,62.0674,4,12,3,5,15,-0.384424,1.103845,0.240073,0.567893,2,false,false,true,true,true,false,true,true,false,"is_er_below_baseline|oos_concentration>50%","IS_clusters=3(6);OOS_clusters=2(4);likely_reentry_after_exit_same_side_le6h"
combo,20,5,1.5,10,0.005,2.5,true,80,25,33.3333,0.166667,0.076985,96.1674,1,5,8,3,9,1.565307,-0.595356,0.083177,-0.103798,1,false,18,37.5000,0.312500,0.217996,38.2353,4,7,3,1,7,-1.095977,1.255950,2.448014,0.641321,1,true,false,true,false,false,true,true,false,false,"is_er_below_baseline|is_wr_not_above_baseline|is_concentration>50%|oos_small_n_pos>30%:Q2_n=3_share=37.4%","IS_clusters=1(2);OOS_clusters=1(2);likely_reentry_after_exit_same_side_le6h"
combo,20,5,1.5,5,0.005,2.5,true,80,25,33.3333,0.166667,0.076985,96.1674,1,5,8,3,9,1.565307,-0.595356,0.083177,-0.103798,1,false,18,37.5000,0.312500,0.217996,38.2353,4,7,3,1,7,-1.095977,1.255950,2.448014,0.641321,1,true,false,true,false,false,true,true,false,false,"is_er_below_baseline|is_wr_not_above_baseline|is_concentration>50%|oos_small_n_pos>30%:Q2_n=3_share=37.4%","IS_clusters=1(2);OOS_clusters=1(2);likely_reentry_after_exit_same_side_le6h"
combo,15,5,1.5,10,0.005,1.5,false,80,62,47.3684,0.184211,0.090457,84.2765,2,15,15,16,16,0.090434,0.519342,-0.206164,-0.041780,2,false,44,46.3415,0.158537,0.074565,66.0377,2,12,4,8,20,-0.469126,1.434119,0.191040,0.083640,1,true,false,false,false,false,false,true,false,false,"is_er_below_baseline|oos_er_below_baseline|is_wr_not_above_baseline|is_concentration>50%|oos_concentration>50%|oos_small_n_pos>30%:Q2_n=4_share=66.0%","IS_clusters=2(4);OOS_clusters=1(3);likely_reentry_after_exit_same_side_le6h"
combo,15,5,1.5,5,0.005,1.5,false,80,62,47.3684,0.184211,0.090457,84.2765,2,15,15,16,16,0.090434,0.519342,-0.206164,-0.041780,2,false,44,46.3415,0.158537,0.074565,66.0377,2,12,4,8,20,-0.469126,1.434119,0.191040,0.083640,1,true,false,false,false,false,false,true,false,false,"is_er_below_baseline|oos_er_below_baseline|is_wr_not_above_baseline|is_concentration>50%|oos_concentration>50%|oos_small_n_pos>30%:Q2_n=4_share=66.0%","IS_clusters=2(4);OOS_clusters=1(3);likely_reentry_after_exit_same_side_le6h"
combo,15,5,1.5,10,0.003,1.5,true,40,18,46.6667,0.166667,0.070970,64.9439,4,4,6,4,4,-0.232954,0.145879,-0.244460,0.540503,0,true,16,46.6667,0.166667,0.073098,86.9445,2,6,4,0,6,-1.100278,1.434119,,0.143564,0,true,false,false,false,false,false,false,false,false,"is_er_below_baseline|oos_er_below_baseline|is_wr_not_above_baseline|is_concentration>50%|oos_concentration>50%|is_small_n_pos>30%:Q4_n=4_share=64.9%|oos_small_n_pos>30%:Q2_n=4_share=86.9%",""
combo,15,5,1.5,5,0.003,1.5,true,40,18,46.6667,0.166667,0.070970,64.9439,4,4,6,4,4,-0.232954,0.145879,-0.244460,0.540503,0,true,16,46.6667,0.166667,0.073098,86.9445,2,6,4,0,6,-1.100278,1.434119,,0.143564,0,true,false,false,false,false,false,false,false,false,"is_er_below_baseline|oos_er_below_baseline|is_wr_not_above_baseline|is_concentration>50%|oos_concentration>50%|is_small_n_pos>30%:Q4_n=4_share=64.9%|oos_small_n_pos>30%:Q2_n=4_share=86.9%",""
combo,15,5,1.5,10,0.005,2.5,true,40,24,33.3333,0.166667,0.070759,81.5830,4,5,7,4,8,0.100379,-0.404279,0.088873,0.628757,0,false,21,50.0000,0.750000,0.661134,45.4699,2,7,4,2,8,-1.100278,2.437114,2.453403,0.643564,0,true,false,true,false,false,true,true,false,false,"is_er_below_baseline|is_wr_not_above_baseline|is_concentration>50%|oos_small_n_pos>30%:Q2_n=4_share=45.5%;Q3_n=2_share=30.5%",""
combo,15,5,1.5,5,0.005,2.5,true,40,24,33.3333,0.166667,0.070759,81.5830,4,5,7,4,8,0.100379,-0.404279,0.088873,0.628757,0,false,21,50.0000,0.750000,0.661134,45.4699,2,7,4,2,8,-1.100278,2.437114,2.453403,0.643564,0,true,false,true,false,false,true,true,false,false,"is_er_below_baseline|is_wr_not_above_baseline|is_concentration>50%|oos_small_n_pos>30%:Q2_n=4_share=45.5%;Q3_n=2_share=30.5%",""
combo,15,5,1.5,10,0.005,2.5,false,80,62,33.3333,0.166667,0.070233,82.9997,2,15,15,16,16,0.092838,0.494460,-0.099021,-0.113209,2,false,44,35.8974,0.256410,0.171808,40.9044,2,12,4,8,20,-0.776904,1.559119,0.691040,0.217604,1,true,false,false,false,false,true,true,false,false,"is_er_below_baseline|oos_er_below_baseline|is_wr_not_above_baseline|is_concentration>50%|oos_small_n_pos>30%:Q2_n=4_share=40.9%","IS_clusters=2(4);OOS_clusters=1(3);likely_reentry_after_exit_same_side_le6h"
combo,15,5,1.5,5,0.005,2.5,false,80,62,33.3333,0.166667,0.070233,82.9997,2,15,15,16,16,0.092838,0.494460,-0.099021,-0.113209,2,false,44,35.8974,0.256410,0.171808,40.9044,2,12,4,8,20,-0.776904,1.559119,0.691040,0.217604,1,true,false,false,false,false,true,true,false,false,"is_er_below_baseline|oos_er_below_baseline|is_wr_not_above_baseline|is_concentration>50%|oos_small_n_pos>30%:Q2_n=4_share=40.9%","IS_clusters=2(4);OOS_clusters=1(3);likely_reentry_after_exit_same_side_le6h"
combo,20,5,1.5,10,0.003,1.5,true,40,15,50.0000,0.250000,0.150569,68.9180,4,3,5,3,4,0.193986,-0.109197,0.171664,0.540503,0,true,16,46.6667,0.166667,0.069073,65.1707,2,6,3,1,6,-1.102528,1.422617,1.432955,0.141321,1,true,false,false,false,false,false,false,false,false,"is_er_below_baseline|oos_er_below_baseline|is_wr_not_above_baseline|is_concentration>50%|oos_concentration>50%|is_small_n_pos>30%:Q4_n=4_share=68.9%|oos_small_n_pos>30%:Q2_n=3_share=65.2%","IS_clusters=0(0);OOS_clusters=1(2);likely_reentry_after_exit_same_side_le6h"
combo,20,5,1.5,5,0.003,1.5,true,40,15,50.0000,0.250000,0.150569,68.9180,4,3,5,3,4,0.193986,-0.109197,0.171664,0.540503,0,true,16,46.6667,0.166667,0.069073,65.1707,2,6,3,1,6,-1.102528,1.422617,1.432955,0.141321,1,true,false,false,false,false,false,false,false,false,"is_er_below_baseline|oos_er_below_baseline|is_wr_not_above_baseline|is_concentration>50%|oos_concentration>50%|is_small_n_pos>30%:Q4_n=4_share=68.9%|oos_small_n_pos>30%:Q2_n=3_share=65.2%","IS_clusters=0(0);OOS_clusters=1(2);likely_reentry_after_exit_same_side_le6h"
combo,15,3,1.5,10,0.005,2.5,true,80,15,33.3333,0.166667,0.065448,78.1487,1,3,4,3,5,0.672528,-0.233942,0.088873,0.036492,0,true,14,33.3333,0.166667,0.068023,61.2667,4,5,1,1,7,-1.108407,-1.074866,2.449794,0.645829,0,true,false,false,false,false,false,false,false,false,"is_er_below_baseline|oos_er_below_baseline|is_wr_not_above_baseline|is_concentration>50%|oos_concentration>50%|is_small_n_pos>30%:Q1_n=3_share=78.1%|oos_small_n_pos>30%:Q3_n=1_share=38.7%",""
combo,15,3,1.5,5,0.005,2.5,true,80,15,33.3333,0.166667,0.065448,78.1487,1,3,4,3,5,0.672528,-0.233942,0.088873,0.036492,0,true,14,33.3333,0.166667,0.068023,61.2667,4,5,1,1,7,-1.108407,-1.074866,2.449794,0.645829,0,true,false,false,false,false,false,false,false,false,"is_er_below_baseline|oos_er_below_baseline|is_wr_not_above_baseline|is_concentration>50%|oos_concentration>50%|is_small_n_pos>30%:Q1_n=3_share=78.1%|oos_small_n_pos>30%:Q3_n=1_share=38.7%",""
combo,20,3,1,10,0.003,2.5,false,40,23,35.0000,0.225000,0.060829,98.2778,2,3,5,8,7,-1.097352,0.942191,0.013759,-0.197460,1,false,20,55.5556,0.944444,0.820999,63.5120,4,5,1,3,11,-0.430481,2.410613,1.255648,1.194759,1,false,false,true,false,false,false,true,true,false,"is_er_below_baseline|is_wr_not_above_baseline|is_concentration>50%|oos_concentration>50%","IS_clusters=1(2);OOS_clusters=1(2);likely_reentry_after_exit_same_side_le6h"
combo,20,3,1,5,0.003,2.5,false,40,23,35.0000,0.225000,0.060829,98.2778,2,3,5,8,7,-1.097352,0.942191,0.013759,-0.197460,1,false,20,55.5556,0.944444,0.820999,63.5120,4,5,1,3,11,-0.430481,2.410613,1.255648,1.194759,1,false,false,true,false,false,false,true,true,false,"is_er_below_baseline|is_wr_not_above_baseline|is_concentration>50%|oos_concentration>50%","IS_clusters=1(2);OOS_clusters=1(2);likely_reentry_after_exit_same_side_le6h"
combo,20,5,1.5,10,0.005,2.5,false,40,54,33.3333,0.166667,0.060700,67.3345,1,12,11,15,16,0.672411,0.208274,-0.398856,0.032335,2,false,35,44.8276,0.568966,0.476070,52.9579,4,12,3,5,15,-0.749397,2.421358,1.035449,0.940004,2,false,false,true,false,false,false,true,true,false,"is_er_below_baseline|is_wr_not_above_baseline|is_concentration>50%|oos_concentration>50%","IS_clusters=2(4);OOS_clusters=2(4);likely_reentry_after_exit_same_side_le6h"
combo,20,5,1.5,5,0.005,2.5,false,40,54,33.3333,0.166667,0.060700,67.3345,1,12,11,15,16,0.672411,0.208274,-0.398856,0.032335,2,false,35,44.8276,0.568966,0.476070,52.9579,4,12,3,5,15,-0.749397,2.421358,1.035449,0.940004,2,false,false,true,false,false,false,true,true,false,"is_er_below_baseline|is_wr_not_above_baseline|is_concentration>50%|oos_concentration>50%","IS_clusters=2(4);OOS_clusters=2(4);likely_reentry_after_exit_same_side_le6h"
combo,20,3,1.5,10,0.003,2.5,true,80,7,42.8571,0.500000,0.381953,50.2428,3,0,3,2,2,,0.038130,0.671664,0.607978,0,true,9,33.3333,0.166667,0.058398,100.0000,4,3,1,1,4,-1.118424,-1.074866,-1.067045,1.505692,0,true,true,false,false,false,false,false,false,false,"oos_er_below_baseline|is_wr_not_above_baseline|is_concentration>50%|oos_concentration>50%|is_small_n_pos>30%:Q3_n=2_share=50.2%;Q4_n=2_share=45.5%|oos_small_n_pos>30%:Q4_n=4_share=100.0%",""
combo,20,3,1.5,5,0.003,2.5,true,80,7,42.8571,0.500000,0.381953,50.2428,3,0,3,2,2,,0.038130,0.671664,0.607978,0,true,9,33.3333,0.166667,0.058398,100.0000,4,3,1,1,4,-1.118424,-1.074866,-1.067045,1.505692,0,true,true,false,false,false,false,false,false,false,"oos_er_below_baseline|is_wr_not_above_baseline|is_concentration>50%|oos_concentration>50%|is_small_n_pos>30%:Q3_n=2_share=50.2%;Q4_n=2_share=45.5%|oos_small_n_pos>30%:Q4_n=4_share=100.0%",""
combo,15,3,1.5,10,0.003,2.5,true,40,11,33.3333,0.166667,0.057621,75.7407,4,2,3,3,3,-1.086834,0.040948,0.088873,0.607978,0,true,10,33.3333,0.166667,0.059114,100.0000,4,4,1,0,5,-1.108407,,,0.993132,0,false,false,false,false,false,false,false,true,false,"is_er_below_baseline|oos_er_below_baseline|is_wr_not_above_baseline|is_concentration>50%|oos_concentration>50%|is_small_n_pos>30%:Q4_n=3_share=75.7%",""
combo,15,3,1.5,5,0.003,2.5,true,40,11,33.3333,0.166667,0.057621,75.7407,4,2,3,3,3,-1.086834,0.040948,0.088873,0.607978,0,true,10,33.3333,0.166667,0.059114,100.0000,4,4,1,0,5,-1.108407,,,0.993132,0,false,false,false,false,false,false,false,true,false,"is_er_below_baseline|oos_er_below_baseline|is_wr_not_above_baseline|is_concentration>50%|oos_concentration>50%|is_small_n_pos>30%:Q4_n=3_share=75.7%",""
ofat,20,10,1,10,0.005,1.5,false,80,67,51.5152,0.287879,0.173974,39.9849,3,15,17,16,19,0.246595,0.149658,0.286949,0.041982,5,false,53,46.0000,0.150000,0.055410,50.4819,2,12,10,11,20,-0.492757,0.438364,0.070558,0.207283,5,false,false,false,false,true,false,true,true,false,"is_er_below_baseline|oos_er_below_baseline|is_wr_not_above_baseline|oos_concentration>50%","IS_clusters=5(10);OOS_clusters=5(11);likely_reentry_after_exit_same_side_le6h"
combo,15,5,1.5,10,0.003,1.5,false,80,54,49.0196,0.225490,0.125961,85.0767,2,13,14,14,13,-0.116379,0.639912,-0.141625,0.121600,1,false,38,45.7143,0.142857,0.054966,69.9642,2,10,4,5,19,-0.595145,1.434119,-0.064780,0.153918,2,true,false,false,false,false,false,true,false,false,"is_er_below_baseline|oos_er_below_baseline|is_wr_not_above_baseline|is_concentration>50%|oos_concentration>50%|oos_small_n_pos>30%:Q2_n=4_share=70.0%","IS_clusters=1(2);OOS_clusters=2(4);likely_reentry_after_exit_same_side_le6h"
combo,15,5,1.5,5,0.003,1.5,false,80,54,49.0196,0.225490,0.125961,85.0767,2,13,14,14,13,-0.116379,0.639912,-0.141625,0.121600,1,false,38,45.7143,0.142857,0.054966,69.9642,2,10,4,5,19,-0.595145,1.434119,-0.064780,0.153918,2,true,false,false,false,false,false,true,false,false,"is_er_below_baseline|oos_er_below_baseline|is_wr_not_above_baseline|is_concentration>50%|oos_concentration>50%|oos_small_n_pos>30%:Q2_n=4_share=70.0%","IS_clusters=1(2);OOS_clusters=2(4);likely_reentry_after_exit_same_side_le6h"
ofat,15,5,1,10,0.005,1.5,false,80,63,48.3871,0.209677,0.090769,63.6861,2,15,15,16,17,-0.092448,0.319086,0.129449,0.028000,3,false,44,46.3415,0.158537,0.054008,69.9719,2,12,4,8,20,-0.491316,1.418705,0.177455,0.059746,1,true,false,false,false,false,false,true,false,false,"is_er_below_baseline|oos_er_below_baseline|is_wr_not_above_baseline|is_concentration>50%|oos_concentration>50%|oos_small_n_pos>30%:Q2_n=4_share=70.0%","IS_clusters=3(6);OOS_clusters=1(3);likely_reentry_after_exit_same_side_le6h"
combo,15,5,1,5,0.005,1.5,false,80,63,48.3871,0.209677,0.090769,63.6861,2,15,15,16,17,-0.092448,0.319086,0.129449,0.028000,3,false,44,46.3415,0.158537,0.054008,69.9719,2,12,4,8,20,-0.491316,1.418705,0.177455,0.059746,1,true,false,false,false,false,false,true,false,false,"is_er_below_baseline|oos_er_below_baseline|is_wr_not_above_baseline|is_concentration>50%|oos_concentration>50%|oos_small_n_pos>30%:Q2_n=4_share=70.0%","IS_clusters=3(6);OOS_clusters=1(3);likely_reentry_after_exit_same_side_le6h"
ofat,20,5,1,10,0.008,1.5,false,80,63,46.7742,0.169355,0.053565,43.0228,1,14,13,18,18,0.161600,-0.149044,0.062563,0.107369,3,false,39,48.6486,0.216216,0.110228,50.4010,4,11,4,7,17,-0.664589,0.790594,0.355201,0.382674,2,false,false,false,false,true,false,true,true,false,"is_er_below_baseline|oos_er_below_baseline|is_wr_not_above_baseline|oos_concentration>50%","IS_clusters=3(6);OOS_clusters=2(4);likely_reentry_after_exit_same_side_le6h"
combo,15,3,1,10,0.005,1.5,false,80,38,47.3684,0.184211,0.049907,78.7428,3,10,8,10,10,-0.092671,0.121795,0.360931,-0.176049,1,false,28,50.0000,0.250000,0.136543,48.1777,4,9,1,3,15,-0.291040,1.410613,0.595516,0.228639,0,false,false,false,false,false,true,true,true,false,"is_er_below_baseline|oos_er_below_baseline|is_wr_not_above_baseline|is_concentration>50%","IS_clusters=1(2);OOS_clusters=0(0);likely_reentry_after_exit_same_side_le6h"
combo,15,3,1,5,0.005,1.5,false,80,38,47.3684,0.184211,0.049907,78.7428,3,10,8,10,10,-0.092671,0.121795,0.360931,-0.176049,1,false,28,50.0000,0.250000,0.136543,48.1777,4,9,1,3,15,-0.291040,1.410613,0.595516,0.228639,0,false,false,false,false,false,true,true,true,false,"is_er_below_baseline|oos_er_below_baseline|is_wr_not_above_baseline|is_concentration>50%","IS_clusters=1(2);OOS_clusters=0(0);likely_reentry_after_exit_same_side_le6h"
combo,15,5,1.5,10,0.005,1.5,true,80,24,45.4545,0.136364,0.046747,70.9641,1,5,7,4,8,0.429818,-0.024686,-0.456795,0.146554,0,false,21,52.3810,0.309524,0.224095,58.2136,2,7,4,2,8,-0.735455,1.434119,1.453403,0.151363,0,true,false,true,false,false,false,true,false,false,"is_er_below_baseline|is_wr_not_above_baseline|is_concentration>50%|oos_concentration>50%|oos_small_n_pos>30%:Q2_n=4_share=58.2%",""
combo,15,5,1.5,5,0.005,1.5,true,80,24,45.4545,0.136364,0.046747,70.9641,1,5,7,4,8,0.429818,-0.024686,-0.456795,0.146554,0,false,21,52.3810,0.309524,0.224095,58.2136,2,7,4,2,8,-0.735455,1.434119,1.453403,0.151363,0,true,false,true,false,false,false,true,false,false,"is_er_below_baseline|is_wr_not_above_baseline|is_concentration>50%|oos_concentration>50%|oos_small_n_pos>30%:Q2_n=4_share=58.2%",""
combo,15,3,1,10,0.005,1.5,true,80,15,46.6667,0.166667,0.043642,50.3622,4,3,4,3,5,0.574925,-0.511079,-0.258592,0.349989,0,true,14,50.0000,0.250000,0.133592,43.0611,4,5,1,1,7,-0.627004,1.410613,1.439354,0.307906,0,false,false,false,false,false,true,false,true,false,"is_er_below_baseline|oos_er_below_baseline|is_wr_not_above_baseline|is_concentration>50%|is_small_n_pos>30%:Q1_n=3_share=49.6%",""
combo,15,3,1,5,0.005,1.5,true,80,15,46.6667,0.166667,0.043642,50.3622,4,3,4,3,5,0.574925,-0.511079,-0.258592,0.349989,0,true,14,50.0000,0.250000,0.133592,43.0611,4,5,1,1,7,-0.627004,1.410613,1.439354,0.307906,0,false,false,false,false,false,true,false,true,false,"is_er_below_baseline|oos_er_below_baseline|is_wr_not_above_baseline|is_concentration>50%|is_small_n_pos>30%:Q1_n=3_share=49.6%",""
combo,20,3,1,10,0.003,1.5,false,80,23,47.8261,0.195652,0.038029,66.2513,3,3,5,8,7,-0.270932,0.342191,0.419842,-0.483174,1,false,20,61.1111,0.527778,0.404332,59.9319,4,5,1,3,11,-0.130481,1.410613,0.588981,0.528092,1,false,false,true,false,false,false,true,true,false,"is_er_below_baseline|is_wr_not_above_baseline|is_concentration>50%|oos_concentration>50%","IS_clusters=1(2);OOS_clusters=1(2);likely_reentry_after_exit_same_side_le6h"
combo,20,3,1,5,0.003,1.5,false,80,23,47.8261,0.195652,0.038029,66.2513,3,3,5,8,7,-0.270932,0.342191,0.419842,-0.483174,1,false,20,61.1111,0.527778,0.404332,59.9319,4,5,1,3,11,-0.130481,1.410613,0.588981,0.528092,1,false,false,true,false,false,false,true,true,false,"is_er_below_baseline|is_wr_not_above_baseline|is_concentration>50%|oos_concentration>50%","IS_clusters=1(2);OOS_clusters=1(2);likely_reentry_after_exit_same_side_le6h"
combo,15,3,1,10,0.003,2.5,true,40,11,33.3333,0.166667,0.031142,81.9827,4,2,3,3,3,-1.105409,0.008480,0.074741,0.568011,0,true,10,40.0000,0.400000,0.271455,66.7362,4,4,1,0,5,-1.133103,2.410613,,0.967269,0,true,false,true,false,false,false,false,false,false,"is_er_below_baseline|is_wr_not_above_baseline|is_concentration>50%|oos_concentration>50%|is_small_n_pos>30%:Q4_n=3_share=82.0%|oos_small_n_pos>30%:Q2_n=1_share=33.3%",""
combo,15,3,1,5,0.003,2.5,true,40,11,33.3333,0.166667,0.031142,81.9827,4,2,3,3,3,-1.105409,0.008480,0.074741,0.568011,0,true,10,40.0000,0.400000,0.271455,66.7362,4,4,1,0,5,-1.133103,2.410613,,0.967269,0,true,false,true,false,false,false,false,false,false,"is_er_below_baseline|is_wr_not_above_baseline|is_concentration>50%|oos_concentration>50%|is_small_n_pos>30%:Q4_n=3_share=82.0%|oos_small_n_pos>30%:Q2_n=1_share=33.3%",""
ofat,20,5,1,10,0.01,1.5,false,80,67,45.4545,0.136364,0.024664,57.5531,1,16,14,19,18,0.165627,-0.212622,0.001213,0.107369,3,false,40,52.6316,0.315789,0.212390,53.8785,4,11,4,8,17,-0.664589,0.790594,0.491465,0.552481,2,false,false,true,false,false,false,true,true,false,"is_er_below_baseline|is_wr_not_above_baseline|is_concentration>50%|oos_concentration>50%","IS_clusters=3(6);OOS_clusters=2(4);likely_reentry_after_exit_same_side_le6h"
combo,15,3,1.5,10,0.005,2.5,false,80,37,32.2581,0.129032,0.020799,56.6916,2,10,8,10,9,-0.573086,0.647917,0.439967,-0.640950,0,false,28,33.3333,0.166667,0.073590,53.1393,4,9,1,3,15,-0.665059,-1.074866,1.274844,0.361413,0,true,false,false,false,false,false,true,false,false,"is_er_below_baseline|oos_er_below_baseline|is_wr_not_above_baseline|is_concentration>50%|oos_concentration>50%|oos_small_n_pos>30%:Q3_n=3_share=46.9%",""
combo,15,3,1.5,5,0.005,2.5,false,80,37,32.2581,0.129032,0.020799,56.6916,2,10,8,10,9,-0.573086,0.647917,0.439967,-0.640950,0,false,28,33.3333,0.166667,0.073590,53.1393,4,9,1,3,15,-0.665059,-1.074866,1.274844,0.361413,0,true,false,false,false,false,false,true,false,false,"is_er_below_baseline|oos_er_below_baseline|is_wr_not_above_baseline|is_concentration>50%|oos_concentration>50%|oos_small_n_pos>30%:Q3_n=3_share=46.9%",""
ofat,10,5,1,10,0.005,1.5,false,80,74,49.3151,0.232877,0.117983,52.0819,3,19,17,19,19,-0.167677,0.304050,0.323418,0.041520,3,false,61,44.8276,0.120690,0.017089,67.7175,2,15,9,13,24,-0.455583,0.588760,0.073331,0.074894,2,false,false,false,false,false,false,true,true,false,"is_er_below_baseline|oos_er_below_baseline|is_wr_not_above_baseline|is_concentration>50%|oos_concentration>50%","IS_clusters=3(6);OOS_clusters=2(5);likely_reentry_after_exit_same_side_le6h"
combo,15,3,1,10,0.003,2.5,false,40,34,33.3333,0.166667,0.016525,82.5679,2,9,7,10,8,-1.099916,0.863445,0.159508,-0.196345,1,false,25,39.1304,0.369565,0.250222,66.6621,4,8,1,2,14,-0.689594,2.410613,0.673597,0.626172,1,false,false,true,false,false,false,true,true,false,"is_er_below_baseline|is_wr_not_above_baseline|is_concentration>50%|oos_concentration>50%","IS_clusters=1(2);OOS_clusters=1(2);likely_reentry_after_exit_same_side_le6h"
combo,15,3,1,5,0.003,2.5,false,40,34,33.3333,0.166667,0.016525,82.5679,2,9,7,10,8,-1.099916,0.863445,0.159508,-0.196345,1,false,25,39.1304,0.369565,0.250222,66.6621,4,8,1,2,14,-0.689594,2.410613,0.673597,0.626172,1,false,false,true,false,false,false,true,true,false,"is_er_below_baseline|is_wr_not_above_baseline|is_concentration>50%|oos_concentration>50%","IS_clusters=1(2);OOS_clusters=1(2);likely_reentry_after_exit_same_side_le6h"
combo,20,3,1.5,10,0.003,1.5,false,80,23,45.4545,0.136364,0.008794,100.0000,2,3,5,8,7,-0.253105,0.374667,-0.048110,-0.083396,1,false,20,66.6667,0.666667,0.568250,69.9441,4,5,1,3,11,-0.105511,1.425134,0.602565,0.835914,1,false,false,true,false,false,false,true,true,false,"is_er_below_baseline|is_wr_not_above_baseline|is_concentration>50%|oos_concentration>50%","IS_clusters=1(2);OOS_clusters=1(2);likely_reentry_after_exit_same_side_le6h"
combo,20,3,1.5,10,0.003,1.5,false,40,23,45.4545,0.136364,0.008794,100.0000,2,3,5,8,7,-0.253105,0.374667,-0.048110,-0.083396,1,false,20,66.6667,0.666667,0.568250,69.9441,4,5,1,3,11,-0.105511,1.425134,0.602565,0.835914,1,false,false,true,false,false,false,true,true,false,"is_er_below_baseline|is_wr_not_above_baseline|is_concentration>50%|oos_concentration>50%","IS_clusters=1(2);OOS_clusters=1(2);likely_reentry_after_exit_same_side_le6h"
combo,20,3,1.5,5,0.003,1.5,false,80,23,45.4545,0.136364,0.008794,100.0000,2,3,5,8,7,-0.253105,0.374667,-0.048110,-0.083396,1,false,20,66.6667,0.666667,0.568250,69.9441,4,5,1,3,11,-0.105511,1.425134,0.602565,0.835914,1,false,false,true,false,false,false,true,true,false,"is_er_below_baseline|is_wr_not_above_baseline|is_concentration>50%|oos_concentration>50%","IS_clusters=1(2);OOS_clusters=1(2);likely_reentry_after_exit_same_side_le6h"
combo,20,3,1.5,5,0.003,1.5,false,40,23,45.4545,0.136364,0.008794,100.0000,2,3,5,8,7,-0.253105,0.374667,-0.048110,-0.083396,1,false,20,66.6667,0.666667,0.568250,69.9441,4,5,1,3,11,-0.105511,1.425134,0.602565,0.835914,1,false,false,true,false,false,false,true,true,false,"is_er_below_baseline|is_wr_not_above_baseline|is_concentration>50%|oos_concentration>50%","IS_clusters=1(2);OOS_clusters=1(2);likely_reentry_after_exit_same_side_le6h"
combo,15,3,1,10,0.005,1.5,false,40,38,45.7143,0.142857,0.002750,69.1757,3,10,8,10,10,-0.163033,0.121795,0.242962,-0.176049,1,false,28,52.0000,0.300000,0.186460,56.0882,4,9,1,3,15,-0.291040,1.410613,0.595516,0.340309,0,false,false,true,false,false,false,true,true,false,"is_er_below_baseline|is_wr_not_above_baseline|is_concentration>50%|oos_concentration>50%","IS_clusters=1(2);OOS_clusters=0(0);likely_reentry_after_exit_same_side_le6h"
combo,15,3,1,5,0.005,1.5,false,40,38,45.7143,0.142857,0.002750,69.1757,3,10,8,10,10,-0.163033,0.121795,0.242962,-0.176049,1,false,28,52.0000,0.300000,0.186460,56.0882,4,9,1,3,15,-0.291040,1.410613,0.595516,0.340309,0,false,false,true,false,false,false,true,true,false,"is_er_below_baseline|is_wr_not_above_baseline|is_concentration>50%|oos_concentration>50%","IS_clusters=1(2);OOS_clusters=0(0);likely_reentry_after_exit_same_side_le6h"
combo,15,5,1.5,10,0.003,1.5,true,80,18,47.0588,0.176471,0.082508,50.2044,4,4,6,4,4,0.183257,0.145879,-0.456795,0.540503,0,true,16,43.7500,0.093750,0.002078,86.9445,2,6,4,0,6,-1.094102,1.434119,,0.143564,0,true,false,false,false,false,false,false,false,false,"is_er_below_baseline|oos_er_below_baseline|is_wr_not_above_baseline|is_concentration>50%|oos_concentration>50%|is_small_n_pos>30%:Q4_n=4_share=50.2%|oos_small_n_pos>30%:Q2_n=4_share=86.9%",""
combo,15,5,1.5,5,0.003,1.5,true,80,18,47.0588,0.176471,0.082508,50.2044,4,4,6,4,4,0.183257,0.145879,-0.456795,0.540503,0,true,16,43.7500,0.093750,0.002078,86.9445,2,6,4,0,6,-1.094102,1.434119,,0.143564,0,true,false,false,false,false,false,false,false,false,"is_er_below_baseline|oos_er_below_baseline|is_wr_not_above_baseline|is_concentration>50%|oos_concentration>50%|is_small_n_pos>30%:Q4_n=4_share=50.2%|oos_small_n_pos>30%:Q2_n=4_share=86.9%",""
combo,20,5,1.5,10,0.003,2.5,true,80,15,42.8571,0.500000,0.403208,49.6673,1,3,5,3,4,1.273287,-0.409197,0.083177,1.207170,0,true,16,31.2500,0.093750,-0.001696,50.5257,4,6,3,1,6,-1.095977,1.255950,-1.067045,0.641321,1,true,true,false,false,true,false,false,false,false,"oos_er_below_baseline|is_wr_not_above_baseline|oos_concentration>50%|is_small_n_pos>30%:Q1_n=3_share=49.7%;Q4_n=4_share=47.1%|oos_small_n_pos>30%:Q2_n=3_share=49.5%","IS_clusters=0(0);OOS_clusters=1(2);likely_reentry_after_exit_same_side_le6h"
combo,20,5,1.5,5,0.003,2.5,true,80,15,42.8571,0.500000,0.403208,49.6673,1,3,5,3,4,1.273287,-0.409197,0.083177,1.207170,0,true,16,31.2500,0.093750,-0.001696,50.5257,4,6,3,1,6,-1.095977,1.255950,-1.067045,0.641321,1,true,true,false,false,true,false,false,false,false,"oos_er_below_baseline|is_wr_not_above_baseline|oos_concentration>50%|is_small_n_pos>30%:Q1_n=3_share=49.7%;Q4_n=4_share=47.1%|oos_small_n_pos>30%:Q2_n=3_share=49.5%","IS_clusters=0(0);OOS_clusters=1(2);likely_reentry_after_exit_same_side_le6h"
combo,20,5,1.5,10,0.003,1.5,true,80,15,50.0000,0.250000,0.153208,52.8819,1,3,5,3,4,0.606620,-0.109197,-0.250157,0.540503,0,true,16,43.7500,0.093750,-0.001696,65.1707,2,6,3,1,6,-1.095977,1.422617,1.432955,0.141321,1,true,false,false,false,false,false,false,false,false,"is_er_below_baseline|oos_er_below_baseline|is_wr_not_above_baseline|is_concentration>50%|oos_concentration>50%|is_small_n_pos>30%:Q1_n=3_share=52.9%;Q4_n=4_share=47.1%|oos_small_n_pos>30%:Q2_n=3_share=65.2%","IS_clusters=0(0);OOS_clusters=1(2);likely_reentry_after_exit_same_side_le6h"
combo,20,5,1.5,5,0.003,1.5,true,80,15,50.0000,0.250000,0.153208,52.8819,1,3,5,3,4,0.606620,-0.109197,-0.250157,0.540503,0,true,16,43.7500,0.093750,-0.001696,65.1707,2,6,3,1,6,-1.095977,1.422617,1.432955,0.141321,1,true,false,false,false,false,false,false,false,false,"is_er_below_baseline|oos_er_below_baseline|is_wr_not_above_baseline|is_concentration>50%|oos_concentration>50%|is_small_n_pos>30%:Q1_n=3_share=52.9%;Q4_n=4_share=47.1%|oos_small_n_pos>30%:Q2_n=3_share=65.2%","IS_clusters=0(0);OOS_clusters=1(2);likely_reentry_after_exit_same_side_le6h"
combo,15,5,1,10,0.005,2.5,false,40,63,31.8182,0.113636,-0.018165,55.5002,4,15,15,16,17,-0.711376,0.276527,-0.047000,0.287404,3,false,44,42.1053,0.473684,0.368367,42.4499,2,12,4,8,20,-0.799381,2.418705,0.677455,0.513112,1,true,false,true,false,false,true,true,false,false,"is_er_below_baseline|is_wr_not_above_baseline|is_concentration>50%|oos_small_n_pos>30%:Q2_n=4_share=42.4%","IS_clusters=3(6);OOS_clusters=1(3);likely_reentry_after_exit_same_side_le6h"
combo,15,5,1,5,0.005,2.5,false,40,63,31.8182,0.113636,-0.018165,55.5002,4,15,15,16,17,-0.711376,0.276527,-0.047000,0.287404,3,false,44,42.1053,0.473684,0.368367,42.4499,2,12,4,8,20,-0.799381,2.418705,0.677455,0.513112,1,true,false,true,false,false,true,true,false,false,"is_er_below_baseline|is_wr_not_above_baseline|is_concentration>50%|oos_small_n_pos>30%:Q2_n=4_share=42.4%","IS_clusters=3(6);OOS_clusters=1(3);likely_reentry_after_exit_same_side_le6h"
combo,15,3,1.5,10,0.003,1.5,false,80,34,43.7500,0.093750,-0.018641,100.0000,2,9,7,10,8,-0.242800,0.320278,-0.008338,-0.082603,1,false,25,47.8261,0.195652,0.099886,70.5799,4,8,1,2,14,-0.477559,1.425134,0.187370,0.359831,1,false,false,false,false,false,false,true,true,false,"is_er_below_baseline|oos_er_below_baseline|is_wr_not_above_baseline|is_concentration>50%|oos_concentration>50%","IS_clusters=1(2);OOS_clusters=1(2);likely_reentry_after_exit_same_side_le6h"
combo,15,3,1.5,5,0.003,1.5,false,80,34,43.7500,0.093750,-0.018641,100.0000,2,9,7,10,8,-0.242800,0.320278,-0.008338,-0.082603,1,false,25,47.8261,0.195652,0.099886,70.5799,4,8,1,2,14,-0.477559,1.425134,0.187370,0.359831,1,false,false,false,false,false,false,true,true,false,"is_er_below_baseline|oos_er_below_baseline|is_wr_not_above_baseline|is_concentration>50%|oos_concentration>50%","IS_clusters=1(2);OOS_clusters=1(2);likely_reentry_after_exit_same_side_le6h"
combo,20,3,1.5,10,0.005,2.5,false,40,26,31.5789,0.105263,-0.019139,94.6098,2,5,5,8,8,0.092549,0.974667,-0.425780,-0.564287,0,false,20,53.3333,0.866667,0.765339,89.8225,4,6,1,2,11,-0.405511,,0.687370,1.516612,0,false,false,true,false,false,false,true,true,false,"is_er_below_baseline|is_wr_not_above_baseline|is_concentration>50%|oos_concentration>50%",""
combo,20,3,1.5,5,0.005,2.5,false,40,26,31.5789,0.105263,-0.019139,94.6098,2,5,5,8,8,0.092549,0.974667,-0.425780,-0.564287,0,false,20,53.3333,0.866667,0.765339,89.8225,4,6,1,2,11,-0.405511,,0.687370,1.516612,0,false,false,true,false,false,false,true,true,false,"is_er_below_baseline|is_wr_not_above_baseline|is_concentration>50%|oos_concentration>50%",""
combo,15,5,1,10,0.003,1.5,true,80,18,50.0000,0.250000,0.132405,67.4913,4,4,6,4,4,0.169176,0.119666,-0.476733,0.723881,0,true,16,43.7500,0.093750,-0.019461,88.9023,2,6,4,0,6,-1.115764,1.418705,,0.118064,0,true,false,false,false,false,false,false,false,false,"is_er_below_baseline|oos_er_below_baseline|is_wr_not_above_baseline|is_concentration>50%|oos_concentration>50%|is_small_n_pos>30%:Q4_n=4_share=67.5%|oos_small_n_pos>30%:Q2_n=4_share=88.9%",""
combo,15,5,1,5,0.003,1.5,true,80,18,50.0000,0.250000,0.132405,67.4913,4,4,6,4,4,0.169176,0.119666,-0.476733,0.723881,0,true,16,43.7500,0.093750,-0.019461,88.9023,2,6,4,0,6,-1.115764,1.418705,,0.118064,0,true,false,false,false,false,false,false,false,false,"is_er_below_baseline|oos_er_below_baseline|is_wr_not_above_baseline|is_concentration>50%|oos_concentration>50%|is_small_n_pos>30%:Q4_n=4_share=67.5%|oos_small_n_pos>30%:Q2_n=4_share=88.9%",""
combo,15,5,1,10,0.003,1.5,true,40,18,47.0588,0.176471,0.056612,80.1304,4,4,6,4,4,-0.248062,0.119666,-0.476733,0.723881,0,true,16,43.7500,0.093750,-0.019461,88.9023,2,6,4,0,6,-1.115764,1.418705,,0.118064,0,true,false,false,false,false,false,false,false,false,"is_er_below_baseline|oos_er_below_baseline|is_wr_not_above_baseline|is_concentration>50%|oos_concentration>50%|is_small_n_pos>30%:Q4_n=4_share=80.1%|oos_small_n_pos>30%:Q2_n=4_share=88.9%",""
combo,15,5,1,5,0.003,1.5,true,40,18,47.0588,0.176471,0.056612,80.1304,4,4,6,4,4,-0.248062,0.119666,-0.476733,0.723881,0,true,16,43.7500,0.093750,-0.019461,88.9023,2,6,4,0,6,-1.115764,1.418705,,0.118064,0,true,false,false,false,false,false,false,false,false,"is_er_below_baseline|oos_er_below_baseline|is_wr_not_above_baseline|is_concentration>50%|oos_concentration>50%|is_small_n_pos>30%:Q4_n=4_share=80.1%|oos_small_n_pos>30%:Q2_n=4_share=88.9%",""
combo,20,5,1,10,0.003,1.5,true,80,15,53.3333,0.333333,0.211826,61.9014,4,3,5,3,4,0.594038,-0.136292,-0.272927,0.723881,0,true,16,43.7500,0.093750,-0.024907,66.7084,2,6,3,1,6,-1.118646,1.403845,1.419749,0.113678,1,true,true,false,true,false,false,false,false,false,"oos_er_below_baseline|is_concentration>50%|oos_concentration>50%|is_small_n_pos>30%:Q1_n=3_share=38.1%;Q4_n=4_share=61.9%|oos_small_n_pos>30%:Q2_n=3_share=66.7%","IS_clusters=0(0);OOS_clusters=1(2);likely_reentry_after_exit_same_side_le6h"
combo,20,5,1,5,0.003,1.5,true,80,15,53.3333,0.333333,0.211826,61.9014,4,3,5,3,4,0.594038,-0.136292,-0.272927,0.723881,0,true,16,43.7500,0.093750,-0.024907,66.7084,2,6,3,1,6,-1.118646,1.403845,1.419749,0.113678,1,true,true,false,true,false,false,false,false,false,"oos_er_below_baseline|is_concentration>50%|oos_concentration>50%|is_small_n_pos>30%:Q1_n=3_share=38.1%;Q4_n=4_share=61.9%|oos_small_n_pos>30%:Q2_n=3_share=66.7%","IS_clusters=0(0);OOS_clusters=1(2);likely_reentry_after_exit_same_side_le6h"
combo,20,5,1,10,0.003,1.5,true,40,15,50.0000,0.250000,0.125465,88.9085,4,3,5,3,4,0.180611,-0.136292,-0.272927,0.723881,0,true,16,43.7500,0.093750,-0.024907,66.7084,2,6,3,1,6,-1.118646,1.403845,1.419749,0.113678,1,true,false,false,false,false,false,false,false,false,"is_er_below_baseline|oos_er_below_baseline|is_wr_not_above_baseline|is_concentration>50%|oos_concentration>50%|is_small_n_pos>30%:Q4_n=4_share=88.9%|oos_small_n_pos>30%:Q2_n=3_share=66.7%","IS_clusters=0(0);OOS_clusters=1(2);likely_reentry_after_exit_same_side_le6h"
combo,20,5,1,5,0.003,1.5,true,40,15,50.0000,0.250000,0.125465,88.9085,4,3,5,3,4,0.180611,-0.136292,-0.272927,0.723881,0,true,16,43.7500,0.093750,-0.024907,66.7084,2,6,3,1,6,-1.118646,1.403845,1.419749,0.113678,1,true,false,false,false,false,false,false,false,false,"is_er_below_baseline|oos_er_below_baseline|is_wr_not_above_baseline|is_concentration>50%|oos_concentration>50%|is_small_n_pos>30%:Q4_n=4_share=88.9%|oos_small_n_pos>30%:Q2_n=3_share=66.7%","IS_clusters=0(0);OOS_clusters=1(2);likely_reentry_after_exit_same_side_le6h"
combo,20,3,1,10,0.003,1.5,false,40,23,45.4545,0.136364,-0.024909,53.0864,3,3,5,8,7,-0.270932,0.342191,0.276582,-0.483174,1,false,20,61.1111,0.527778,0.404332,59.9319,4,5,1,3,11,-0.130481,1.410613,0.588981,0.528092,1,false,false,true,false,false,false,true,true,false,"is_er_below_baseline|is_wr_not_above_baseline|is_concentration>50%|oos_concentration>50%","IS_clusters=1(2);OOS_clusters=1(2);likely_reentry_after_exit_same_side_le6h"
combo,20,3,1,5,0.003,1.5,false,40,23,45.4545,0.136364,-0.024909,53.0864,3,3,5,8,7,-0.270932,0.342191,0.276582,-0.483174,1,false,20,61.1111,0.527778,0.404332,59.9319,4,5,1,3,11,-0.130481,1.410613,0.588981,0.528092,1,false,false,true,false,false,false,true,true,false,"is_er_below_baseline|is_wr_not_above_baseline|is_concentration>50%|oos_concentration>50%","IS_clusters=1(2);OOS_clusters=1(2);likely_reentry_after_exit_same_side_le6h"
combo,15,5,1,10,0.005,2.5,true,40,24,31.2500,0.093750,-0.025829,90.3172,4,5,7,4,8,0.085271,-0.429653,-0.226733,0.596529,0,false,21,50.0000,0.750000,0.643244,52.9460,2,7,4,2,8,-1.115764,2.418705,2.444887,0.618064,0,true,false,true,false,false,false,true,false,false,"is_er_below_baseline|is_wr_not_above_baseline|is_concentration>50%|oos_concentration>50%|oos_small_n_pos>30%:Q2_n=4_share=52.9%",""
combo,15,5,1,5,0.005,2.5,true,40,24,31.2500,0.093750,-0.025829,90.3172,4,5,7,4,8,0.085271,-0.429653,-0.226733,0.596529,0,false,21,50.0000,0.750000,0.643244,52.9460,2,7,4,2,8,-1.115764,2.418705,2.444887,0.618064,0,true,false,true,false,false,false,true,false,false,"is_er_below_baseline|is_wr_not_above_baseline|is_concentration>50%|oos_concentration>50%|oos_small_n_pos>30%:Q2_n=4_share=52.9%",""
combo,20,3,1.5,10,0.003,2.5,false,40,23,31.5789,0.105263,-0.026477,100.0000,2,3,5,8,7,-1.081860,0.974667,-0.425780,-0.154825,1,false,20,56.2500,0.968750,0.866901,91.3527,4,5,1,3,11,-0.405511,,0.687370,1.613692,1,false,false,true,false,false,false,true,true,false,"is_er_below_baseline|is_wr_not_above_baseline|is_concentration>50%|oos_concentration>50%","IS_clusters=1(2);OOS_clusters=1(2);likely_reentry_after_exit_same_side_le6h"
combo,20,3,1.5,5,0.003,2.5,false,40,23,31.5789,0.105263,-0.026477,100.0000,2,3,5,8,7,-1.081860,0.974667,-0.425780,-0.154825,1,false,20,56.2500,0.968750,0.866901,91.3527,4,5,1,3,11,-0.405511,,0.687370,1.613692,1,false,false,true,false,false,false,true,true,false,"is_er_below_baseline|is_wr_not_above_baseline|is_concentration>50%|oos_concentration>50%","IS_clusters=1(2);OOS_clusters=1(2);likely_reentry_after_exit_same_side_le6h"
combo,15,3,1,10,0.003,1.5,false,80,34,47.0588,0.176471,0.037144,63.4742,3,9,7,10,8,-0.259556,0.292017,0.355224,-0.249682,1,false,25,43.4783,0.086957,-0.032386,46.2751,4,8,1,2,14,-0.502094,1.410613,0.173597,0.126172,1,true,false,false,false,false,true,true,false,false,"is_er_below_baseline|oos_er_below_baseline|is_wr_not_above_baseline|is_concentration>50%|oos_small_n_pos>30%:Q2_n=1_share=43.1%","IS_clusters=1(2);OOS_clusters=1(2);likely_reentry_after_exit_same_side_le6h"
combo,15,3,1,5,0.003,1.5,false,80,34,47.0588,0.176471,0.037144,63.4742,3,9,7,10,8,-0.259556,0.292017,0.355224,-0.249682,1,false,25,43.4783,0.086957,-0.032386,46.2751,4,8,1,2,14,-0.502094,1.410613,0.173597,0.126172,1,true,false,false,false,false,true,true,false,false,"is_er_below_baseline|oos_er_below_baseline|is_wr_not_above_baseline|is_concentration>50%|oos_small_n_pos>30%:Q2_n=1_share=43.1%","IS_clusters=1(2);OOS_clusters=1(2);likely_reentry_after_exit_same_side_le6h"
combo,15,3,1,10,0.003,1.5,false,40,34,45.1613,0.129032,-0.017333,51.0239,3,9,7,10,8,-0.387651,0.292017,0.236621,-0.249682,1,false,25,43.4783,0.086957,-0.032386,46.2751,4,8,1,2,14,-0.502094,1.410613,0.173597,0.126172,1,true,false,false,false,false,true,true,false,false,"is_er_below_baseline|oos_er_below_baseline|is_wr_not_above_baseline|is_concentration>50%|oos_small_n_pos>30%:Q2_n=1_share=43.1%","IS_clusters=1(2);OOS_clusters=1(2);likely_reentry_after_exit_same_side_le6h"
combo,15,3,1,5,0.003,1.5,false,40,34,45.1613,0.129032,-0.017333,51.0239,3,9,7,10,8,-0.387651,0.292017,0.236621,-0.249682,1,false,25,43.4783,0.086957,-0.032386,46.2751,4,8,1,2,14,-0.502094,1.410613,0.173597,0.126172,1,true,false,false,false,false,true,true,false,false,"is_er_below_baseline|oos_er_below_baseline|is_wr_not_above_baseline|is_concentration>50%|oos_small_n_pos>30%:Q2_n=1_share=43.1%","IS_clusters=1(2);OOS_clusters=1(2);likely_reentry_after_exit_same_side_le6h"
combo,15,5,1,10,0.003,1.5,false,80,54,47.1698,0.179245,0.054622,76.4123,2,13,14,14,13,-0.326062,0.424765,0.121755,-0.007135,1,false,38,42.8571,0.071429,-0.038560,100.0000,2,10,4,5,19,-0.617892,1.418705,-0.080586,-0.027661,2,true,false,false,false,false,false,true,false,false,"is_er_below_baseline|oos_er_below_baseline|is_wr_not_above_baseline|is_concentration>50%|oos_concentration>50%|oos_small_n_pos>30%:Q2_n=4_share=100.0%","IS_clusters=1(2);OOS_clusters=2(4);likely_reentry_after_exit_same_side_le6h"
combo,15,5,1,5,0.003,1.5,false,80,54,47.1698,0.179245,0.054622,76.4123,2,13,14,14,13,-0.326062,0.424765,0.121755,-0.007135,1,false,38,42.8571,0.071429,-0.038560,100.0000,2,10,4,5,19,-0.617892,1.418705,-0.080586,-0.027661,2,true,false,false,false,false,false,true,false,false,"is_er_below_baseline|oos_er_below_baseline|is_wr_not_above_baseline|is_concentration>50%|oos_concentration>50%|oos_small_n_pos>30%:Q2_n=4_share=100.0%","IS_clusters=1(2);OOS_clusters=2(4);likely_reentry_after_exit_same_side_le6h"
combo,15,5,1,10,0.003,1.5,false,40,54,46.9388,0.173469,0.043791,81.6601,2,13,14,14,13,-0.419669,0.424765,0.021686,0.079855,1,false,38,42.8571,0.071429,-0.038560,100.0000,2,10,4,5,19,-0.617892,1.418705,-0.080586,-0.027661,2,true,false,false,false,false,false,true,false,false,"is_er_below_baseline|oos_er_below_baseline|is_wr_not_above_baseline|is_concentration>50%|oos_concentration>50%|oos_small_n_pos>30%:Q2_n=4_share=100.0%","IS_clusters=1(2);OOS_clusters=2(4);likely_reentry_after_exit_same_side_le6h"
combo,15,5,1,5,0.003,1.5,false,40,54,46.9388,0.173469,0.043791,81.6601,2,13,14,14,13,-0.419669,0.424765,0.021686,0.079855,1,false,38,42.8571,0.071429,-0.038560,100.0000,2,10,4,5,19,-0.617892,1.418705,-0.080586,-0.027661,2,true,false,false,false,false,false,true,false,false,"is_er_below_baseline|oos_er_below_baseline|is_wr_not_above_baseline|is_concentration>50%|oos_concentration>50%|oos_small_n_pos>30%:Q2_n=4_share=100.0%","IS_clusters=1(2);OOS_clusters=2(4);likely_reentry_after_exit_same_side_le6h"
combo,15,5,1.5,10,0.005,2.5,true,80,24,30.0000,0.050000,-0.040548,87.8122,1,5,7,4,8,0.683257,-0.516023,-0.206795,0.063221,0,false,21,42.1053,0.473684,0.386809,44.8217,2,7,4,2,8,-1.094102,1.559119,2.453403,0.395814,0,true,false,true,false,false,true,true,false,false,"is_er_below_baseline|is_wr_not_above_baseline|is_concentration>50%|oos_small_n_pos>30%:Q2_n=4_share=44.8%;Q3_n=2_share=35.3%",""
combo,15,5,1.5,5,0.005,2.5,true,80,24,30.0000,0.050000,-0.040548,87.8122,1,5,7,4,8,0.683257,-0.516023,-0.206795,0.063221,0,false,21,42.1053,0.473684,0.386809,44.8217,2,7,4,2,8,-1.094102,1.559119,2.453403,0.395814,0,true,false,true,false,false,true,true,false,false,"is_er_below_baseline|is_wr_not_above_baseline|is_concentration>50%|oos_small_n_pos>30%:Q2_n=4_share=44.8%;Q3_n=2_share=35.3%",""
combo,15,3,1.5,10,0.003,2.5,false,40,34,30.7692,0.076923,-0.042619,100.0000,2,9,7,10,8,-1.080931,0.891706,-0.123881,-0.154032,1,false,25,38.0952,0.333333,0.237031,86.6506,4,8,1,2,14,-0.665059,,0.687370,0.811216,1,false,false,true,false,false,false,true,true,false,"is_er_below_baseline|is_wr_not_above_baseline|is_concentration>50%|oos_concentration>50%","IS_clusters=1(2);OOS_clusters=1(2);likely_reentry_after_exit_same_side_le6h"
combo,15,3,1.5,5,0.003,2.5,false,40,34,30.7692,0.076923,-0.042619,100.0000,2,9,7,10,8,-1.080931,0.891706,-0.123881,-0.154032,1,false,25,38.0952,0.333333,0.237031,86.6506,4,8,1,2,14,-0.665059,,0.687370,0.811216,1,false,false,true,false,false,false,true,true,false,"is_er_below_baseline|is_wr_not_above_baseline|is_concentration>50%|oos_concentration>50%","IS_clusters=1(2);OOS_clusters=1(2);likely_reentry_after_exit_same_side_le6h"
combo,20,3,1.5,10,0.003,1.5,true,80,7,42.8571,0.071429,-0.046618,61.3870,3,0,3,2,2,,-0.295204,0.171664,0.107978,0,true,9,55.5556,0.388889,0.280621,51.4001,4,3,1,1,4,-1.118424,1.425134,1.432955,0.755692,0,true,false,true,false,false,false,false,false,false,"is_er_below_baseline|is_wr_not_above_baseline|is_concentration>50%|oos_concentration>50%|is_small_n_pos>30%:Q3_n=2_share=61.4%;Q4_n=2_share=38.6%|oos_small_n_pos>30%:Q4_n=4_share=51.4%",""
combo,20,3,1.5,10,0.003,1.5,true,40,7,42.8571,0.071429,-0.046618,61.3870,3,0,3,2,2,,-0.295204,0.171664,0.107978,0,true,9,55.5556,0.388889,0.280621,51.4001,4,3,1,1,4,-1.118424,1.425134,1.432955,0.755692,0,true,false,true,false,false,false,false,false,false,"is_er_below_baseline|is_wr_not_above_baseline|is_concentration>50%|oos_concentration>50%|is_small_n_pos>30%:Q3_n=2_share=61.4%;Q4_n=2_share=38.6%|oos_small_n_pos>30%:Q4_n=4_share=51.4%",""
combo,20,3,1.5,5,0.003,1.5,true,80,7,42.8571,0.071429,-0.046618,61.3870,3,0,3,2,2,,-0.295204,0.171664,0.107978,0,true,9,55.5556,0.388889,0.280621,51.4001,4,3,1,1,4,-1.118424,1.425134,1.432955,0.755692,0,true,false,true,false,false,false,false,false,false,"is_er_below_baseline|is_wr_not_above_baseline|is_concentration>50%|oos_concentration>50%|is_small_n_pos>30%:Q3_n=2_share=61.4%;Q4_n=2_share=38.6%|oos_small_n_pos>30%:Q4_n=4_share=51.4%",""
combo,20,3,1.5,5,0.003,1.5,true,40,7,42.8571,0.071429,-0.046618,61.3870,3,0,3,2,2,,-0.295204,0.171664,0.107978,0,true,9,55.5556,0.388889,0.280621,51.4001,4,3,1,1,4,-1.118424,1.425134,1.432955,0.755692,0,true,false,true,false,false,false,false,false,false,"is_er_below_baseline|is_wr_not_above_baseline|is_concentration>50%|oos_concentration>50%|is_small_n_pos>30%:Q3_n=2_share=61.4%;Q4_n=2_share=38.6%|oos_small_n_pos>30%:Q4_n=4_share=51.4%",""
combo,15,3,1.5,10,0.003,2.5,true,80,11,40.0000,0.400000,0.295048,45.5878,1,2,3,3,3,0.672528,0.040948,0.088873,0.607978,0,true,10,30.0000,0.050000,-0.054284,100.0000,4,4,1,0,5,-1.108407,-1.074866,,0.993132,0,false,true,false,false,true,false,false,true,false,"oos_er_below_baseline|is_wr_not_above_baseline|oos_concentration>50%|is_small_n_pos>30%:Q1_n=2_share=45.6%;Q4_n=3_share=41.2%",""
combo,15,3,1.5,5,0.003,2.5,true,80,11,40.0000,0.400000,0.295048,45.5878,1,2,3,3,3,0.672528,0.040948,0.088873,0.607978,0,true,10,30.0000,0.050000,-0.054284,100.0000,4,4,1,0,5,-1.108407,-1.074866,,0.993132,0,false,true,false,false,true,false,false,true,false,"oos_er_below_baseline|is_wr_not_above_baseline|oos_concentration>50%|is_small_n_pos>30%:Q1_n=2_share=45.6%;Q4_n=3_share=41.2%",""
combo,15,3,1,10,0.005,1.5,true,40,15,42.8571,0.071429,-0.054733,85.2040,4,3,4,3,5,0.151942,-0.511079,-0.258592,0.349989,0,false,14,53.8462,0.346154,0.229360,53.4068,4,5,1,1,7,-0.627004,1.410613,1.439354,0.544456,0,false,false,true,false,false,false,true,true,false,"is_er_below_baseline|is_wr_not_above_baseline|is_concentration>50%|oos_concentration>50%",""
combo,15,3,1,5,0.005,1.5,true,40,15,42.8571,0.071429,-0.054733,85.2040,4,3,4,3,5,0.151942,-0.511079,-0.258592,0.349989,0,false,14,53.8462,0.346154,0.229360,53.4068,4,5,1,1,7,-0.627004,1.410613,1.439354,0.544456,0,false,false,true,false,false,false,true,true,false,"is_er_below_baseline|is_wr_not_above_baseline|is_concentration>50%|oos_concentration>50%",""
combo,15,3,1,10,0.005,2.5,false,40,38,31.0345,0.086207,-0.058585,78.8643,2,10,8,10,10,-1.099916,0.621795,0.166642,-0.313359,1,false,28,43.4783,0.521739,0.405814,58.2696,4,9,1,3,15,-0.689594,2.410613,1.262183,0.786665,0,false,false,true,false,false,false,true,true,false,"is_er_below_baseline|is_wr_not_above_baseline|is_concentration>50%|oos_concentration>50%","IS_clusters=1(2);OOS_clusters=0(0);likely_reentry_after_exit_same_side_le6h"
combo,15,3,1,5,0.005,2.5,false,40,38,31.0345,0.086207,-0.058585,78.8643,2,10,8,10,10,-1.099916,0.621795,0.166642,-0.313359,1,false,28,43.4783,0.521739,0.405814,58.2696,4,9,1,3,15,-0.689594,2.410613,1.262183,0.786665,0,false,false,true,false,false,false,true,true,false,"is_er_below_baseline|is_wr_not_above_baseline|is_concentration>50%|oos_concentration>50%","IS_clusters=1(2);OOS_clusters=0(0);likely_reentry_after_exit_same_side_le6h"
combo,15,3,1.5,10,0.005,1.5,false,80,37,41.1765,0.029412,-0.076846,100.0000,2,10,8,10,9,-0.076914,0.147917,-0.004477,-0.426664,0,false,28,50.0000,0.250000,0.158569,50.2106,4,9,1,3,15,-0.267116,1.425134,0.608178,0.252089,0,false,false,false,false,false,false,true,true,false,"is_er_below_baseline|oos_er_below_baseline|is_wr_not_above_baseline|is_concentration>50%|oos_concentration>50%",""
combo,15,3,1.5,5,0.005,1.5,false,80,37,41.1765,0.029412,-0.076846,100.0000,2,10,8,10,9,-0.076914,0.147917,-0.004477,-0.426664,0,false,28,50.0000,0.250000,0.158569,50.2106,4,9,1,3,15,-0.267116,1.425134,0.608178,0.252089,0,false,false,false,false,false,false,true,true,false,"is_er_below_baseline|oos_er_below_baseline|is_wr_not_above_baseline|is_concentration>50%|oos_concentration>50%",""
combo,20,3,1,10,0.003,1.5,true,80,7,42.8571,0.071429,-0.076942,69.6646,3,0,3,2,2,,-0.328996,0.156186,0.068011,0,true,9,55.5556,0.388889,0.253331,50.5454,4,3,1,1,4,-1.147723,1.410613,1.419749,0.723198,0,true,false,true,false,false,false,false,false,false,"is_er_below_baseline|is_wr_not_above_baseline|is_concentration>50%|oos_concentration>50%|is_small_n_pos>30%:Q3_n=2_share=69.7%;Q4_n=2_share=30.3%|oos_small_n_pos>30%:Q4_n=4_share=50.5%",""
combo,20,3,1,10,0.003,1.5,true,40,7,42.8571,0.071429,-0.076942,69.6646,3,0,3,2,2,,-0.328996,0.156186,0.068011,0,true,9,55.5556,0.388889,0.253331,50.5454,4,3,1,1,4,-1.147723,1.410613,1.419749,0.723198,0,true,false,true,false,false,false,false,false,false,"is_er_below_baseline|is_wr_not_above_baseline|is_concentration>50%|oos_concentration>50%|is_small_n_pos>30%:Q3_n=2_share=69.7%;Q4_n=2_share=30.3%|oos_small_n_pos>30%:Q4_n=4_share=50.5%",""
combo,20,3,1,5,0.003,1.5,true,80,7,42.8571,0.071429,-0.076942,69.6646,3,0,3,2,2,,-0.328996,0.156186,0.068011,0,true,9,55.5556,0.388889,0.253331,50.5454,4,3,1,1,4,-1.147723,1.410613,1.419749,0.723198,0,true,false,true,false,false,false,false,false,false,"is_er_below_baseline|is_wr_not_above_baseline|is_concentration>50%|oos_concentration>50%|is_small_n_pos>30%:Q3_n=2_share=69.7%;Q4_n=2_share=30.3%|oos_small_n_pos>30%:Q4_n=4_share=50.5%",""
combo,20,3,1,5,0.003,1.5,true,40,7,42.8571,0.071429,-0.076942,69.6646,3,0,3,2,2,,-0.328996,0.156186,0.068011,0,true,9,55.5556,0.388889,0.253331,50.5454,4,3,1,1,4,-1.147723,1.410613,1.419749,0.723198,0,true,false,true,false,false,false,false,false,false,"is_er_below_baseline|is_wr_not_above_baseline|is_concentration>50%|oos_concentration>50%|is_small_n_pos>30%:Q3_n=2_share=69.7%;Q4_n=2_share=30.3%|oos_small_n_pos>30%:Q4_n=4_share=50.5%",""
combo,15,3,1.5,10,0.003,1.5,false,40,34,41.3793,0.034483,-0.083157,100.0000,2,9,7,10,8,-0.666709,0.320278,-0.008338,-0.082603,1,false,25,47.8261,0.195652,0.099886,70.5799,4,8,1,2,14,-0.477559,1.425134,0.187370,0.359831,1,false,false,false,false,false,false,true,true,false,"is_er_below_baseline|oos_er_below_baseline|is_wr_not_above_baseline|is_concentration>50%|oos_concentration>50%","IS_clusters=1(2);OOS_clusters=1(2);likely_reentry_after_exit_same_side_le6h"
combo,15,3,1.5,5,0.003,1.5,false,40,34,41.3793,0.034483,-0.083157,100.0000,2,9,7,10,8,-0.666709,0.320278,-0.008338,-0.082603,1,false,25,47.8261,0.195652,0.099886,70.5799,4,8,1,2,14,-0.477559,1.425134,0.187370,0.359831,1,false,false,false,false,false,false,true,true,false,"is_er_below_baseline|oos_er_below_baseline|is_wr_not_above_baseline|is_concentration>50%|oos_concentration>50%","IS_clusters=1(2);OOS_clusters=1(2);likely_reentry_after_exit_same_side_le6h"
ofat,40,5,1,10,0.005,1.5,false,80,27,51.8519,0.296296,0.173196,43.9702,1,7,6,5,9,0.328709,0.109325,-0.111343,0.252900,1,false,17,41.1765,0.029412,-0.088114,89.8907,2,6,2,2,7,-0.712053,1.406842,0.158216,-0.050819,1,true,false,false,false,true,false,true,false,false,"is_er_below_baseline|oos_er_below_baseline|is_wr_not_above_baseline|oos_concentration>50%|oos_small_n_pos>30%:Q2_n=2_share=89.9%","IS_clusters=1(2);OOS_clusters=1(2);likely_reentry_after_exit_same_side_le6h"
combo,15,5,1.5,10,0.005,2.5,false,40,62,28.9474,0.013158,-0.090072,93.2511,2,15,15,16,16,-0.303599,0.455300,-0.462239,0.032952,2,false,44,40.0000,0.400000,0.315277,39.4836,2,12,4,8,20,-0.748272,2.437114,0.691040,0.405554,1,true,false,true,false,false,true,true,false,false,"is_er_below_baseline|is_wr_not_above_baseline|is_concentration>50%|oos_small_n_pos>30%:Q2_n=4_share=39.5%","IS_clusters=2(4);OOS_clusters=1(3);likely_reentry_after_exit_same_side_le6h"
combo,15,5,1.5,5,0.005,2.5,false,40,62,28.9474,0.013158,-0.090072,93.2511,2,15,15,16,16,-0.303599,0.455300,-0.462239,0.032952,2,false,44,40.0000,0.400000,0.315277,39.4836,2,12,4,8,20,-0.748272,2.437114,0.691040,0.405554,1,true,false,true,false,false,true,true,false,false,"is_er_below_baseline|is_wr_not_above_baseline|is_concentration>50%|oos_small_n_pos>30%:Q2_n=4_share=39.5%","IS_clusters=2(4);OOS_clusters=1(3);likely_reentry_after_exit_same_side_le6h"
ofat,30,5,1,10,0.005,1.5,false,80,39,55.2632,0.381579,0.257254,40.3484,1,10,9,8,12,0.405132,0.253852,-0.037887,0.308738,2,false,22,40.9091,0.022727,-0.093071,62.0587,2,8,2,3,9,-0.498416,1.406842,0.573408,-0.288239,2,true,true,false,true,true,false,true,false,false,"oos_er_below_baseline|oos_concentration>50%|oos_small_n_pos>30%:Q2_n=2_share=62.1%;Q3_n=3_share=37.9%","IS_clusters=2(4);OOS_clusters=2(4);likely_reentry_after_exit_same_side_le6h"
combo,15,3,1.5,10,0.003,1.5,true,80,11,40.0000,0.000000,-0.104952,61.5060,1,2,3,3,3,0.172528,-0.292386,-0.244460,0.107978,0,true,10,40.0000,0.000000,-0.104284,57.9705,4,4,1,0,5,-1.108407,1.425134,,0.393132,0,true,false,false,false,false,false,false,false,false,"is_er_below_baseline|oos_er_below_baseline|is_wr_not_above_baseline|is_concentration>50%|oos_concentration>50%|is_small_n_pos>30%:Q1_n=2_share=61.5%;Q4_n=3_share=38.5%|oos_small_n_pos>30%:Q2_n=1_share=42.0%",""
combo,15,3,1.5,5,0.003,1.5,true,80,11,40.0000,0.000000,-0.104952,61.5060,1,2,3,3,3,0.172528,-0.292386,-0.244460,0.107978,0,true,10,40.0000,0.000000,-0.104284,57.9705,4,4,1,0,5,-1.108407,1.425134,,0.393132,0,true,false,false,false,false,false,false,false,false,"is_er_below_baseline|oos_er_below_baseline|is_wr_not_above_baseline|is_concentration>50%|oos_concentration>50%|is_small_n_pos>30%:Q1_n=2_share=61.5%;Q4_n=3_share=38.5%|oos_small_n_pos>30%:Q2_n=1_share=42.0%",""
combo,15,3,1,10,0.003,1.5,true,80,11,45.4545,0.136364,0.007102,82.7461,4,2,3,3,3,0.157741,-0.324853,-0.258592,0.504326,0,true,10,40.0000,0.000000,-0.128545,56.5559,4,4,1,0,5,-1.133103,1.410613,,0.367269,0,true,false,false,false,false,false,false,false,false,"is_er_below_baseline|oos_er_below_baseline|is_wr_not_above_baseline|is_concentration>50%|oos_concentration>50%|is_small_n_pos>30%:Q4_n=3_share=82.7%|oos_small_n_pos>30%:Q2_n=1_share=43.4%",""
combo,15,3,1,5,0.003,1.5,true,80,11,45.4545,0.136364,0.007102,82.7461,4,2,3,3,3,0.157741,-0.324853,-0.258592,0.504326,0,true,10,40.0000,0.000000,-0.128545,56.5559,4,4,1,0,5,-1.133103,1.410613,,0.367269,0,true,false,false,false,false,false,false,false,false,"is_er_below_baseline|oos_er_below_baseline|is_wr_not_above_baseline|is_concentration>50%|oos_concentration>50%|is_small_n_pos>30%:Q4_n=3_share=82.7%|oos_small_n_pos>30%:Q2_n=1_share=43.4%",""
combo,15,3,1,10,0.003,1.5,true,40,11,40.0000,0.000000,-0.134277,100.0000,4,2,3,3,3,-1.105409,-0.324853,-0.258592,0.504326,0,true,10,40.0000,0.000000,-0.128545,56.5559,4,4,1,0,5,-1.133103,1.410613,,0.367269,0,true,false,false,false,false,false,false,false,false,"is_er_below_baseline|oos_er_below_baseline|is_wr_not_above_baseline|is_concentration>50%|oos_concentration>50%|is_small_n_pos>30%:Q4_n=3_share=100.0%|oos_small_n_pos>30%:Q2_n=1_share=43.4%",""
combo,15,3,1,5,0.003,1.5,true,40,11,40.0000,0.000000,-0.134277,100.0000,4,2,3,3,3,-1.105409,-0.324853,-0.258592,0.504326,0,true,10,40.0000,0.000000,-0.128545,56.5559,4,4,1,0,5,-1.133103,1.410613,,0.367269,0,true,false,false,false,false,false,false,false,false,"is_er_below_baseline|oos_er_below_baseline|is_wr_not_above_baseline|is_concentration>50%|oos_concentration>50%|is_small_n_pos>30%:Q4_n=3_share=100.0%|oos_small_n_pos>30%:Q2_n=1_share=43.4%",""
combo,15,3,1.5,10,0.005,1.5,true,80,15,38.4615,-0.038462,-0.138351,100.0000,1,3,4,3,5,0.587039,-0.483942,-0.244460,-0.296842,0,true,14,50.0000,0.250000,0.155207,44.6075,4,5,1,1,7,-0.603441,1.425134,1.449794,0.330740,0,false,false,false,false,false,true,false,true,false,"is_er_below_baseline|oos_er_below_baseline|is_wr_not_above_baseline|is_concentration>50%|is_small_n_pos>30%:Q1_n=3_share=100.0%",""
combo,15,3,1.5,5,0.005,1.5,true,80,15,38.4615,-0.038462,-0.138351,100.0000,1,3,4,3,5,0.587039,-0.483942,-0.244460,-0.296842,0,true,14,50.0000,0.250000,0.155207,44.6075,4,5,1,1,7,-0.603441,1.425134,1.449794,0.330740,0,false,false,false,false,false,true,false,true,false,"is_er_below_baseline|oos_er_below_baseline|is_wr_not_above_baseline|is_concentration>50%|is_small_n_pos>30%:Q1_n=3_share=100.0%",""
combo,15,3,1.5,10,0.005,1.5,false,40,37,38.7097,-0.032258,-0.142832,100.0000,2,10,8,10,9,-0.369170,0.147917,-0.004477,-0.426664,0,false,28,52.0000,0.300000,0.208539,57.3396,4,9,1,3,15,-0.267116,1.425134,0.608178,0.363988,0,false,false,true,false,false,false,true,true,false,"is_er_below_baseline|is_wr_not_above_baseline|is_concentration>50%|oos_concentration>50%",""
combo,15,3,1.5,5,0.005,1.5,false,40,37,38.7097,-0.032258,-0.142832,100.0000,2,10,8,10,9,-0.369170,0.147917,-0.004477,-0.426664,0,false,28,52.0000,0.300000,0.208539,57.3396,4,9,1,3,15,-0.267116,1.425134,0.608178,0.363988,0,false,false,true,false,false,false,true,true,false,"is_er_below_baseline|is_wr_not_above_baseline|is_concentration>50%|oos_concentration>50%",""
combo,15,3,1.5,10,0.005,2.5,true,40,15,27.2727,-0.045455,-0.149683,70.8917,3,3,4,3,5,-1.086834,-0.233942,0.088873,0.036492,0,true,14,40.0000,0.400000,0.298182,66.9637,4,5,1,1,7,-1.108407,,2.449794,0.993132,0,true,false,true,false,false,false,false,false,false,"is_er_below_baseline|is_wr_not_above_baseline|is_concentration>50%|oos_concentration>50%|is_small_n_pos>30%:Q3_n=3_share=70.9%|oos_small_n_pos>30%:Q3_n=1_share=33.0%",""
combo,15,3,1.5,5,0.005,2.5,true,40,15,27.2727,-0.045455,-0.149683,70.8917,3,3,4,3,5,-1.086834,-0.233942,0.088873,0.036492,0,true,14,40.0000,0.400000,0.298182,66.9637,4,5,1,1,7,-1.108407,,2.449794,0.993132,0,true,false,true,false,false,false,false,false,false,"is_er_below_baseline|is_wr_not_above_baseline|is_concentration>50%|oos_concentration>50%|is_small_n_pos>30%:Q3_n=3_share=70.9%|oos_small_n_pos>30%:Q3_n=1_share=33.0%",""
combo,15,3,1,10,0.005,2.5,true,40,15,27.2727,-0.045455,-0.174721,98.4330,3,3,4,3,5,-1.105409,-0.261079,0.074741,0.001190,0,true,14,45.4545,0.590909,0.468536,49.9297,4,5,1,1,7,-1.133103,2.410613,2.439354,0.967269,0,false,false,true,false,false,true,false,true,false,"is_er_below_baseline|is_wr_not_above_baseline|is_concentration>50%|is_small_n_pos>30%:Q3_n=3_share=98.4%",""
combo,15,3,1,5,0.005,2.5,true,40,15,27.2727,-0.045455,-0.174721,98.4330,3,3,4,3,5,-1.105409,-0.261079,0.074741,0.001190,0,true,14,45.4545,0.590909,0.468536,49.9297,4,5,1,1,7,-1.133103,2.410613,2.439354,0.967269,0,false,false,true,false,false,true,false,true,false,"is_er_below_baseline|is_wr_not_above_baseline|is_concentration>50%|is_small_n_pos>30%:Q3_n=3_share=98.4%",""
combo,15,3,1.5,10,0.005,2.5,false,40,37,25.9259,-0.092593,-0.205200,100.0000,2,10,8,10,9,-1.080931,0.647917,-0.118918,-0.640950,0,false,28,38.0952,0.333333,0.239862,63.0751,4,9,1,3,15,-0.665059,,1.274844,0.653305,0,true,false,true,false,false,false,true,false,false,"is_er_below_baseline|is_wr_not_above_baseline|is_concentration>50%|oos_concentration>50%|oos_small_n_pos>30%:Q3_n=3_share=36.9%",""
combo,15,3,1.5,5,0.005,2.5,false,40,37,25.9259,-0.092593,-0.205200,100.0000,2,10,8,10,9,-1.080931,0.647917,-0.118918,-0.640950,0,false,28,38.0952,0.333333,0.239862,63.0751,4,9,1,3,15,-0.665059,,1.274844,0.653305,0,true,false,true,false,false,false,true,false,false,"is_er_below_baseline|is_wr_not_above_baseline|is_concentration>50%|oos_concentration>50%|oos_small_n_pos>30%:Q3_n=3_share=36.9%",""
combo,15,3,1.5,10,0.005,1.5,true,40,15,33.3333,-0.166667,-0.269204,100.0000,1,3,4,3,5,0.164614,-0.483942,-0.244460,-0.296842,0,true,14,53.8462,0.346154,0.251045,54.2267,4,5,1,1,7,-0.603441,1.425134,1.449794,0.567644,0,false,false,true,false,false,false,false,true,false,"is_er_below_baseline|is_wr_not_above_baseline|is_concentration>50%|oos_concentration>50%|is_small_n_pos>30%:Q1_n=3_share=100.0%",""
combo,15,3,1.5,5,0.005,1.5,true,40,15,33.3333,-0.166667,-0.269204,100.0000,1,3,4,3,5,0.164614,-0.483942,-0.244460,-0.296842,0,true,14,53.8462,0.346154,0.251045,54.2267,4,5,1,1,7,-0.603441,1.425134,1.449794,0.567644,0,false,false,true,false,false,false,false,true,false,"is_er_below_baseline|is_wr_not_above_baseline|is_concentration>50%|oos_concentration>50%|is_small_n_pos>30%:Q1_n=3_share=100.0%",""
combo,15,3,1.5,10,0.003,1.5,true,40,11,33.3333,-0.166667,-0.275713,100.0000,4,2,3,3,3,-1.086834,-0.292386,-0.244460,0.107978,0,true,10,40.0000,0.000000,-0.104284,57.9705,4,4,1,0,5,-1.108407,1.425134,,0.393132,0,true,false,false,false,false,false,false,false,false,"is_er_below_baseline|oos_er_below_baseline|is_wr_not_above_baseline|is_concentration>50%|oos_concentration>50%|is_small_n_pos>30%:Q4_n=3_share=100.0%|oos_small_n_pos>30%:Q2_n=1_share=42.0%",""
combo,15,3,1.5,5,0.003,1.5,true,40,11,33.3333,-0.166667,-0.275713,100.0000,4,2,3,3,3,-1.086834,-0.292386,-0.244460,0.107978,0,true,10,40.0000,0.000000,-0.104284,57.9705,4,4,1,0,5,-1.108407,1.425134,,0.393132,0,true,false,false,false,false,false,false,false,false,"is_er_below_baseline|oos_er_below_baseline|is_wr_not_above_baseline|is_concentration>50%|oos_concentration>50%|is_small_n_pos>30%:Q4_n=3_share=100.0%|oos_small_n_pos>30%:Q2_n=1_share=42.0%",""
